# https://github.com/mikedh/trimesh
v 0.00000000 -0.06049096 0.11010800
v -0.00001300 -0.09127998 0.09198701
v 0.01029294 -0.09070098 0.09140801
v 0.00730997 -0.06016695 0.10989200
v 0.05605399 -0.05662095 0.08232498
v 0.04718995 -0.07824695 0.07895398
v 0.05471700 -0.07322996 0.07393699
v 0.05633699 -0.05646896 0.08205598
v 0.06148999 -0.06769996 0.06840801
v 0.05580097 -0.05670595 0.08259397
v 0.03891700 -0.08263695 0.08334398
v 0.05562096 -0.05672895 0.08280700
v 0.02993994 -0.08626699 0.08697396
v 0.05661696 -0.05626797 0.08181798
v 0.05662298 -0.05626296 0.08181297
v 0.05545794 -0.05671095 0.08302396
v 0.05533695 -0.05666095 0.08320701
v 0.02034795 -0.08899796 0.08970499
v 0.05524498 -0.05658698 0.08336699
v 0.05517399 -0.05648297 0.08351999
v 0.01094096 -0.05977094 0.10962300
v 0.01453995 -0.05920892 0.10925000
v 0.05512797 -0.05636596 0.08364999
v 0.05510395 -0.05622595 0.08376801
v 0.06264597 -0.05093193 0.07649099
v 0.06936800 -0.05969697 0.06040400
v 0.06808000 -0.04512494 0.07068097
v 0.07671898 -0.05003494 0.05074197
v 0.02160596 -0.05761295 0.10819700
v 0.05499500 -0.05496197 0.08469301
v 0.05493998 -0.05433195 0.08515596
v 0.05504900 -0.05559396 0.08423000
v 0.07289499 -0.03890794 0.06443595
v 0.07299095 -0.03876996 0.06429797
v 0.07313197 -0.03854197 0.06410801
v 0.08254998 -0.03986698 0.04057401
v 0.07324796 -0.03830593 0.06397300
v 0.07334095 -0.03807294 0.06388700
v 0.07341897 -0.03782594 0.06383699
v 0.08808898 -0.02577495 0.02648198
v 0.07347500 -0.03759592 0.06382799
v 0.07351195 -0.03738594 0.06384998
v 0.07353496 -0.03717893 0.06390196
v 0.07354199 -0.03698098 0.06398296
v 0.07353597 -0.03681397 0.06407999
v 0.02842700 -0.05538296 0.10676190
v 0.07351696 -0.03666096 0.06419801
v 0.09141796 -0.00949097 0.01019799
v 0.03491699 -0.05251693 0.10499300
v 0.04102796 -0.04907095 0.10294500
v 0.07218098 -0.02875596 0.07111901
v 0.09177500 0.00696099 -0.00625396
v 0.05387395 -0.04231196 0.09441798
v 0.04666399 -0.04499894 0.10072300
v 0.05176097 -0.04029095 0.09848296
v 0.05351197 -0.03835594 0.09768700
v 0.07061100 -0.01883196 0.07977497
v 0.07190597 0.05762898 -0.04593896
v 0.07194697 0.05756801 -0.04574596
v 0.07464796 0.05447697 -0.05376994
v 0.07184797 0.05770897 -0.04612100
v 0.07196897 0.05753099 -0.04554498
v 0.07177495 0.05780798 -0.04628998
v 0.07197099 0.05751800 -0.04534000
v 0.07168996 0.05792099 -0.04644298
v 0.07194995 0.05753201 -0.04511100
v 0.08351999 0.03927201 -0.03856498
v 0.07159298 0.05804598 -0.04657697
v 0.07190197 0.05757898 -0.04486399
v 0.07182896 0.05765801 -0.04463195
v 0.07172596 0.05777400 -0.04440498
v 0.07157200 0.05795097 -0.04415595
v 0.06981396 -0.00215793 0.08919501
v 0.06875097 -0.00690693 0.09012997
v 0.06928396 0.06089401 -0.04932099
v 0.06369495 0.06709200 -0.06638497
v 0.06835997 0.06151896 -0.03991198
v 0.06330597 0.06731599 -0.05563795
v 0.07137495 0.01204401 0.08643096
v 0.05652099 0.07329601 -0.06169396
v 0.05262398 0.07617497 -0.07546699
v 0.05628496 0.07348299 -0.06188499
v 0.05604797 0.07366997 -0.06207698
v 0.05580997 0.07385599 -0.06226694
v 0.05552196 0.07407999 -0.06245797
v 0.05527198 0.07427197 -0.06256496
v 0.05509495 0.07440698 -0.06260198
v 0.05492800 0.07453399 -0.06260299
v 0.05476796 0.07465398 -0.06256997
v 0.05462098 0.07476401 -0.06250494
v 0.05453598 0.07482796 -0.06244695
v 0.05442196 0.07491302 -0.06233596
v 0.05431997 0.07498902 -0.06219196
v 0.05422699 0.07505697 -0.06200599
v 0.05414700 0.07511502 -0.06176096
v 0.05410099 0.07514798 -0.06152498
v 0.07122498 0.01923799 0.08503800
v 0.04093098 0.08310699 -0.08239996
v 0.05407696 0.07516402 -0.06128299
v 0.07043498 0.02630001 0.08367097
v 0.08916997 0.02331197 -0.02260500
v 0.05265998 0.07579100 -0.03807699
v 0.02906996 0.08800196 -0.08729499
v 0.05266797 0.07572299 -0.03606295
v 0.06897199 0.03332298 0.08231496
v 0.01748198 0.09104198 -0.09033399
v 0.05288100 0.07551097 -0.03446096
v 0.06684798 0.04014497 0.08099997
v 0.00881398 0.09229600 -0.09158897
v 0.06404298 0.04678601 0.07971996
v 0.06239795 0.06739300 -0.03297698
v 0.06062299 0.05305796 0.07850897
v 0.06105500 0.06860297 -0.03171598
v 0.06046098 0.06913000 -0.03126299
v 0.05655896 0.05899000 0.07737100
v 0.05894994 0.07044601 -0.03040695
v 0.05811995 0.07115399 -0.03013098
v 0.05984300 0.06967198 -0.03085994
v 0.05190199 0.06449800 0.07631295
v 0.05747896 0.07169598 -0.03001695
v 0.05682998 0.07223898 -0.02999997
v 0.04669296 0.06951701 0.07534998
v 0.05618095 0.07277697 -0.03009694
v 0.05554997 0.07329702 -0.03032296
v 0.04100400 0.07397198 0.07449799
v 0.05495697 0.07378298 -0.03067898
v 0.05441695 0.07422399 -0.03115600
v 0.03089696 0.07989799 0.07336801
v 0.05394899 0.07460796 -0.03174299
v 0.05355000 0.07493799 -0.03243899
v 0.01991295 0.08409297 0.07257300
v 0.05322998 0.07520699 -0.03319799
v 0.01004594 0.08621102 0.07217699
v 0.00000500 0.08691900 0.07204699
v -0.00001300 0.09271997 -0.09201300
v -0.05389696 -0.04213297 0.09377396
v -0.04084497 -0.04864495 0.10273300
v -0.04643398 -0.04453694 0.10051600
v -0.05149996 -0.03980797 0.09830701
v -0.05348598 -0.03758692 0.09742301
v -0.00503695 -0.09114193 0.09184896
v -0.00001300 -0.09127998 0.09198701
v 0.00000000 -0.06049096 0.11010800
v -0.00727797 -0.06000697 0.10979500
v -0.01003199 -0.09073299 0.09143996
v -0.05495399 -0.05424195 0.08479100
v -0.01444095 -0.05882495 0.10902400
v -0.02826899 -0.05492293 0.10650100
v -0.03478795 -0.05213797 0.10478500
v -0.03681999 -0.05107694 0.10414600
v -0.01758897 -0.08958494 0.09029197
v -0.05510395 -0.05599993 0.08355200
v -0.05511695 -0.05609697 0.08347696
v -0.05514097 -0.05618596 0.08339500
v -0.05517399 -0.05626595 0.08330696
v -0.05521595 -0.05633497 0.08321398
v -0.02453500 -0.08795195 0.08865898
v -0.05529898 -0.05642098 0.08305996
v -0.05541199 -0.05648297 0.08288300
v -0.03120899 -0.08582895 0.08653599
v -0.05555295 -0.05651497 0.08268898
v -0.05574095 -0.05650895 0.08245795
v -0.04286295 -0.08069097 0.08139896
v -0.05595397 -0.05645292 0.08222299
v -0.07074397 0.00410599 0.08797496
v -0.07036000 -0.01844793 0.08012998
v -0.06859600 -0.00691897 0.09013998
v -0.05430597 -0.07355093 0.07425796
v -0.05625599 -0.05630797 0.08192801
v -0.05655497 -0.05610495 0.08166599
v -0.07138299 0.01532900 0.08579599
v -0.06617498 -0.06320595 0.06391298
v -0.05662298 -0.05605196 0.08161097
v -0.06258296 -0.05077296 0.07633900
v -0.06802499 -0.04497796 0.07053899
v -0.07751697 -0.04884994 0.04955697
v -0.07285499 -0.03877997 0.06431198
v -0.07285898 -0.03877496 0.06430697
v -0.07303297 -0.03848898 0.06407797
v -0.07311201 -0.03832697 0.06398797
v -0.07294797 -0.03863894 0.06418496
v -0.08613997 -0.03162294 0.03232997
v -0.07340598 -0.03718698 0.06390899
v -0.07341200 -0.03699994 0.06398499
v -0.07338500 -0.03738093 0.06385999
v -0.07335096 -0.03757894 0.06383699
v -0.07330596 -0.03777593 0.06383997
v -0.07324999 -0.03796797 0.06386697
v -0.07318496 -0.03815197 0.06391698
v -0.09088397 -0.01365494 0.01436197
v -0.07340496 -0.03682494 0.06408399
v -0.07338500 -0.03666597 0.06420600
v -0.07194799 -0.02843195 0.07142001
v -0.09193098 0.00461000 -0.00390297
v -0.07041198 0.02654099 0.08362400
v -0.08979696 0.02079099 -0.02008396
v -0.06893396 0.03353399 0.08227497
v -0.08626699 0.03272497 -0.03201699
v -0.06678897 0.04034399 0.08096301
v -0.06270599 0.06711196 -0.03297495
v -0.06396996 0.04695498 0.07968896
v -0.06053400 0.05320698 0.07848501
v -0.06079995 0.06883198 -0.03124499
v -0.05645799 0.05911999 0.07734799
v -0.06834197 0.06154900 -0.03964298
v -0.05924397 0.07019501 -0.03032195
v -0.05811697 0.07116097 -0.02993595
v -0.05180197 0.06459701 0.07629501
v -0.07160699 0.05792897 -0.04403495
v -0.08101695 0.04433602 -0.04362899
v -0.07169395 0.05782902 -0.04416596
v -0.07177400 0.05773800 -0.04430896
v -0.07185697 0.05764400 -0.04448997
v -0.07192701 0.05756700 -0.04468196
v -0.07198196 0.05751001 -0.04488396
v -0.07201999 0.05747401 -0.04509395
v -0.05713999 0.07198399 -0.02982097
v -0.07203799 0.05746197 -0.04530996
v -0.05631899 0.07266801 -0.02990198
v -0.04659599 0.06959301 0.07533699
v -0.05565094 0.07321798 -0.03011095
v -0.04091095 0.07402998 0.07448798
v -0.05507898 0.07368701 -0.03041797
v -0.05454796 0.07411998 -0.03083395
v -0.05422198 0.07438600 -0.03116899
v -0.03235399 0.07917100 0.07350701
v -0.05392599 0.07462900 -0.03154397
v -0.05345898 0.07501298 -0.03231400
v -0.02309197 0.08308798 0.07276296
v -0.05309200 0.07531899 -0.03316098
v -0.07395797 0.05545699 -0.05474996
v -0.07162696 0.05803698 -0.04665797
v -0.06930595 0.06089699 -0.04936599
v -0.07178097 0.05783700 -0.04643797
v -0.07189399 0.05768597 -0.04620498
v -0.07197099 0.05757898 -0.04597097
v -0.07201600 0.05751198 -0.04574197
v -0.07203698 0.05747497 -0.04552799
v -0.05281895 0.07555401 -0.03406298
v -0.01168996 0.08595800 0.07222396
v -0.05262899 0.07572597 -0.03500097
v -0.06607598 0.06474900 -0.06404197
v -0.05654394 0.07329702 -0.06174099
v -0.05912095 0.07121998 -0.07051295
v -0.05586194 0.07383400 -0.06229799
v -0.05566799 0.07398498 -0.06243795
v -0.05546200 0.07414400 -0.06255197
v -0.05124199 0.07713800 -0.07642996
v -0.05407398 0.07518500 -0.06163197
v -0.05402499 0.07521998 -0.06124597
v -0.05415499 0.07512700 -0.06193196
v -0.05424499 0.07506102 -0.06214195
v -0.05434197 0.07498997 -0.06229996
v -0.05445200 0.07490801 -0.06243097
v -0.05458199 0.07481199 -0.06253498
v -0.05472397 0.07470500 -0.06260800
v -0.05486696 0.07459700 -0.06264895
v -0.05502694 0.07447600 -0.06266099
v -0.05522495 0.07432597 -0.06263494
v -0.04243600 0.08235597 -0.08164894
v -0.05249696 0.07592797 -0.03828299
v -0.03384995 0.08627200 -0.08556497
v -0.02698498 0.08867800 -0.08797097
v -0.05246394 0.07592099 -0.03727996
v -0.05249094 0.07586997 -0.03627794
v -0.02013200 0.09049499 -0.08978796
v -0.01019299 0.09215497 -0.09144794
v 0.00000000 0.08691900 0.07204699
v -0.00001300 0.09271997 -0.09201300
v 0.00000500 0.08691900 0.07204699
v 0.00881398 0.09229600 -0.09158897
v -0.01019299 0.09215497 -0.09144794
v -0.00001300 0.09271997 -0.09201300
v 0.01748198 0.09104198 -0.09033399
v -0.02013200 0.09049499 -0.08978796
v -0.02698498 0.08867800 -0.08797097
v 0.02906996 0.08800196 -0.08729499
v -0.03384995 0.08627200 -0.08556497
v 0.04093098 0.08310699 -0.08239996
v -0.04243600 0.08235597 -0.08164894
v -0.05124199 0.07713800 -0.07642996
v 0.05262398 0.07617497 -0.07546699
v -0.05912095 0.07121998 -0.07051295
v 0.06369495 0.06709200 -0.06638497
v -0.06607598 0.06474900 -0.06404197
v 0.07464796 0.05447697 -0.05376994
v -0.07395797 0.05545699 -0.05474996
v -0.08101695 0.04433602 -0.04362899
v 0.08351999 0.03927201 -0.03856498
v -0.08626699 0.03272497 -0.03201699
v 0.08916997 0.02331197 -0.02260500
v -0.08979696 0.02079099 -0.02008396
v 0.09177500 0.00696099 -0.00625396
v -0.09193098 0.00461000 -0.00390297
v 0.09141796 -0.00949097 0.01019799
v -0.09088397 -0.01365494 0.01436197
v 0.08808898 -0.02577495 0.02648198
v -0.08613997 -0.03162294 0.03232997
v 0.01029294 -0.09070098 0.09140801
v -0.01003199 -0.09073299 0.09143996
v -0.01758897 -0.08958494 0.09029197
v -0.00503695 -0.09114193 0.09184896
v -0.00001300 -0.09127998 0.09198701
v 0.08254998 -0.03986698 0.04057401
v -0.07751697 -0.04884994 0.04955697
v 0.02034795 -0.08899796 0.08970499
v -0.02453500 -0.08795195 0.08865898
v 0.07671898 -0.05003494 0.05074197
v 0.02993994 -0.08626699 0.08697396
v -0.03120899 -0.08582895 0.08653599
v 0.06936800 -0.05969697 0.06040400
v -0.06617498 -0.06320595 0.06391298
v 0.03891700 -0.08263695 0.08334398
v -0.04286295 -0.08069097 0.08139896
v 0.06148999 -0.06769996 0.06840801
v -0.05430597 -0.07355093 0.07425796
v 0.04718995 -0.07824695 0.07895398
v 0.05471700 -0.07322996 0.07393699
v 0.05415797 0.07509499 -0.06127494
v 0.05265998 0.07579100 -0.03807699
v 0.05281597 0.07565802 -0.03806698
v 0.05407696 0.07516402 -0.06128299
v 0.05422794 0.07501500 -0.06126797
v 0.05295300 0.07550001 -0.03805798
v 0.05428898 0.07492399 -0.06126195
v 0.05306696 0.07532197 -0.03805094
v 0.05433499 0.07482701 -0.06125694
v 0.05315196 0.07512897 -0.03804600
v 0.05436599 0.07472997 -0.06125199
v 0.05320799 0.07492899 -0.03804296
v 0.05322396 0.07482498 -0.03804296
v 0.05438798 0.07458198 -0.06124794
v 0.05323398 0.07472199 -0.03804194
v 0.05523997 0.07397997 -0.06194698
v 0.05538499 0.07379901 -0.06178098
v 0.05549299 0.07385802 -0.06186199
v 0.05556398 0.07388401 -0.06192898
v 0.05552196 0.07407999 -0.06245797
v 0.05570298 0.07389801 -0.06209194
v 0.05576097 0.07388401 -0.06217896
v 0.05580997 0.07385599 -0.06226694
v 0.05492800 0.07453399 -0.06260299
v 0.05477499 0.07447797 -0.06216698
v 0.05487996 0.07437998 -0.06216800
v 0.05476796 0.07465398 -0.06256997
v 0.05436599 0.07472997 -0.06125199
v 0.05438798 0.07458198 -0.06124794
v 0.05441498 0.07464700 -0.06155896
v 0.05415797 0.07509499 -0.06127494
v 0.05422794 0.07501500 -0.06126797
v 0.05410099 0.07514798 -0.06152498
v 0.05407696 0.07516402 -0.06128299
v 0.05531495 0.07416498 -0.06224399
v 0.05563598 0.07389801 -0.06200695
v 0.05527198 0.07427197 -0.06256496
v 0.05508595 0.07416200 -0.06207895
v 0.05511498 0.07433301 -0.06234097
v 0.05509495 0.07440698 -0.06260198
v 0.05496895 0.07428902 -0.06214296
v 0.05458998 0.07474499 -0.06224697
v 0.05462098 0.07476401 -0.06250494
v 0.05453598 0.07482796 -0.06244695
v 0.05442196 0.07491302 -0.06233596
v 0.05454498 0.07464498 -0.06197899
v 0.05465996 0.07457500 -0.06211596
v 0.05441397 0.07486701 -0.06197994
v 0.05431997 0.07498902 -0.06219196
v 0.05422699 0.07505697 -0.06200599
v 0.05445498 0.07466500 -0.06175094
v 0.05449599 0.07466197 -0.06187695
v 0.05432397 0.07491499 -0.06164896
v 0.05414700 0.07511502 -0.06176096
v 0.05433499 0.07482701 -0.06125694
v 0.05428898 0.07492399 -0.06126195
v 0.05580997 0.07385599 -0.06226694
v 0.05576097 0.07388401 -0.06217896
v 0.05604797 0.07366997 -0.06207698
v 0.06315696 0.06736499 -0.05543696
v 0.06330597 0.06731599 -0.05563795
v 0.05652099 0.07329601 -0.06169396
v 0.05634099 0.07333701 -0.06142997
v 0.05628496 0.07348299 -0.06188499
v 0.05538499 0.07379901 -0.06178098
v 0.06307500 0.06719398 -0.05517596
v 0.07024395 0.05957198 -0.04768699
v 0.07102698 0.05810099 -0.04608297
v 0.07117795 0.05814301 -0.04615396
v 0.07127696 0.05815398 -0.04621797
v 0.07140600 0.05814599 -0.04632699
v 0.06728297 0.06274896 -0.05073100
v 0.07030200 0.05956298 -0.04774296
v 0.07151401 0.05810797 -0.04644995
v 0.07159298 0.05804598 -0.04657697
v 0.06928396 0.06089401 -0.04932099
v 0.06831395 0.06189101 -0.04998499
v 0.06539195 0.06510996 -0.05318599
v 0.06321597 0.06730699 -0.05537998
v 0.05591195 0.07371401 -0.06186395
v 0.05549299 0.07385802 -0.06186199
v 0.05579197 0.07380700 -0.06195795
v 0.05556398 0.07388401 -0.06192898
v 0.05563598 0.07389801 -0.06200695
v 0.05570298 0.07389801 -0.06209194
v 0.07151401 0.05810797 -0.04644995
v 0.07168996 0.05792099 -0.04644298
v 0.07159298 0.05804598 -0.04657697
v 0.07177495 0.05780798 -0.04628998
v 0.07140600 0.05814599 -0.04632699
v 0.07116097 0.05799597 -0.04595798
v 0.07117795 0.05814301 -0.04615396
v 0.07102698 0.05810099 -0.04608297
v 0.07127696 0.05815398 -0.04621797
v 0.07148998 0.05803000 -0.04428195
v 0.07157200 0.05795097 -0.04415595
v 0.07172596 0.05777400 -0.04440498
v 0.07138198 0.05808401 -0.04440695
v 0.07109797 0.05809801 -0.04463398
v 0.07125300 0.05810797 -0.04452496
v 0.07108497 0.05796301 -0.04483896
v 0.07093697 0.05805301 -0.04471898
v 0.07158899 0.05788701 -0.04595398
v 0.07190597 0.05762898 -0.04593896
v 0.07184797 0.05770897 -0.04612100
v 0.07123500 0.05793601 -0.04586297
v 0.07129096 0.05788999 -0.04576897
v 0.07133001 0.05785602 -0.04567897
v 0.07169997 0.05774301 -0.04553496
v 0.07194995 0.05753201 -0.04511100
v 0.07197099 0.05751800 -0.04534000
v 0.07196897 0.05753099 -0.04554498
v 0.07194697 0.05756801 -0.04574596
v 0.07136899 0.05781596 -0.04550498
v 0.07136595 0.05780798 -0.04535597
v 0.07133895 0.05781799 -0.04523199
v 0.07161295 0.05780398 -0.04494297
v 0.07182896 0.05765801 -0.04463195
v 0.07190197 0.05757898 -0.04486399
v 0.07130098 0.05783700 -0.04513198
v 0.07120800 0.05788999 -0.04497694
v 0.06835997 0.06151896 -0.03991198
v 0.06227797 0.06748700 -0.03316897
v 0.06234198 0.06744396 -0.03307199
v 0.06239795 0.06739300 -0.03297698
v 0.07157200 0.05795097 -0.04415595
v 0.07148998 0.05803000 -0.04428195
v 0.06809097 0.06168001 -0.04025995
v 0.06197500 0.06756800 -0.03352397
v 0.06213098 0.06754601 -0.03335696
v 0.06145298 0.06744098 -0.03391897
v 0.06163495 0.06751501 -0.03380495
v 0.06181800 0.06755900 -0.03366595
v 0.07109797 0.05809801 -0.04463398
v 0.07093697 0.05805301 -0.04471898
v 0.07125300 0.05810797 -0.04452496
v 0.07138198 0.05808401 -0.04440695
v 0.06105500 0.06860297 -0.03171598
v 0.06227797 0.06748700 -0.03316897
v 0.06213098 0.06754601 -0.03335696
v 0.06234198 0.06744396 -0.03307199
v 0.06239795 0.06739300 -0.03297698
v 0.05785095 0.07099699 -0.03106600
v 0.05747896 0.07169598 -0.03001695
v 0.05811995 0.07115399 -0.03013098
v 0.05894994 0.07044601 -0.03040695
v 0.05701196 0.07176601 -0.03086698
v 0.05585700 0.07278501 -0.03098195
v 0.05554997 0.07329702 -0.03032296
v 0.05618095 0.07277697 -0.03009694
v 0.05637699 0.07233297 -0.03086596
v 0.05496698 0.07353001 -0.03150099
v 0.05441695 0.07422399 -0.03115600
v 0.05495697 0.07378298 -0.03067898
v 0.05457895 0.07384401 -0.03189694
v 0.05372399 0.07449001 -0.03350496
v 0.05322998 0.07520699 -0.03319799
v 0.05355000 0.07493799 -0.03243899
v 0.05395698 0.07432198 -0.03291594
v 0.05306696 0.07532197 -0.03805094
v 0.05295300 0.07550001 -0.03805798
v 0.05320799 0.07477802 -0.03702199
v 0.05315196 0.07512897 -0.03804600
v 0.05320799 0.07492899 -0.03804296
v 0.05322396 0.07482498 -0.03804296
v 0.05323398 0.07472199 -0.03804194
v 0.06067895 0.06873100 -0.03231799
v 0.06163495 0.06751501 -0.03380495
v 0.06145298 0.06744098 -0.03391897
v 0.06181800 0.06755900 -0.03366595
v 0.06197500 0.06756800 -0.03352397
v 0.05975097 0.06916797 -0.03220295
v 0.05668497 0.07227098 -0.03050798
v 0.05682998 0.07223898 -0.02999997
v 0.05531197 0.07341897 -0.03093796
v 0.05539596 0.07317501 -0.03119295
v 0.05419498 0.07433199 -0.03205698
v 0.05394899 0.07460796 -0.03174299
v 0.05424195 0.07410699 -0.03237497
v 0.05332499 0.07503801 -0.03426599
v 0.05288100 0.07551097 -0.03446096
v 0.05353999 0.07461601 -0.03412896
v 0.05336296 0.07472699 -0.03499799
v 0.06016397 0.06925398 -0.03177398
v 0.06046098 0.06913000 -0.03126299
v 0.05987799 0.06951099 -0.03156298
v 0.05984300 0.06967198 -0.03085994
v 0.05881994 0.07007998 -0.03153496
v 0.05936795 0.06996798 -0.03122794
v 0.05895197 0.07033699 -0.03099697
v 0.05319195 0.07517701 -0.03473997
v 0.05309098 0.07526600 -0.03550100
v 0.05266797 0.07572299 -0.03606295
v 0.05324697 0.07478398 -0.03600800
v 0.05304896 0.07530599 -0.03603196
v 0.05302798 0.07532900 -0.03655797
v 0.05281597 0.07565802 -0.03806698
v 0.05265998 0.07579100 -0.03807699
v 0.07343900 -0.03674697 0.06427997
v 0.07351696 -0.03666096 0.06419801
v 0.07218098 -0.02875596 0.07111901
v 0.07193797 -0.02895194 0.07129597
v 0.06803399 -0.00731498 0.09045696
v 0.07306599 -0.03690594 0.06438499
v 0.07333195 -0.03681993 0.06434196
v 0.07320600 -0.03687393 0.06437700
v 0.07061100 -0.01883196 0.07977497
v 0.06954497 -0.01303195 0.08511000
v 0.06875097 -0.00690693 0.09012997
v 0.06866395 -0.00702095 0.09024298
v 0.06858497 -0.00709194 0.09030997
v 0.06950896 -0.01305794 0.08513396
v 0.06947195 -0.01308298 0.08515501
v 0.06844097 -0.00718695 0.09038996
v 0.06943196 -0.01310694 0.08517497
v 0.06834596 -0.00723195 0.09042298
v 0.06824296 -0.00726896 0.09044498
v 0.06813895 -0.00729698 0.09045600
v 0.07343900 -0.03674697 0.06427997
v 0.07353597 -0.03681397 0.06407999
v 0.07351696 -0.03666096 0.06419801
v 0.07308900 -0.03704595 0.06428200
v 0.07320600 -0.03687393 0.06437700
v 0.07306599 -0.03690594 0.06438499
v 0.07252401 -0.03828895 0.06445300
v 0.07262700 -0.03833395 0.06448000
v 0.07267397 -0.03813093 0.06432300
v 0.07344895 -0.03714394 0.06405198
v 0.07351195 -0.03738594 0.06384998
v 0.07353496 -0.03717893 0.06390196
v 0.07354199 -0.03698098 0.06398296
v 0.07333195 -0.03681993 0.06434196
v 0.07331895 -0.03717494 0.06414699
v 0.07309097 -0.03714895 0.06422799
v 0.07308298 -0.03724896 0.06418901
v 0.07304495 -0.03743994 0.06414800
v 0.07338595 -0.03758794 0.06396597
v 0.07341897 -0.03782594 0.06383699
v 0.07347500 -0.03759592 0.06382799
v 0.07325500 -0.03756493 0.06407296
v 0.07299095 -0.03759998 0.06414300
v 0.07319498 -0.03815495 0.06408500
v 0.07324796 -0.03830593 0.06397300
v 0.07334095 -0.03807294 0.06388700
v 0.07326996 -0.03797596 0.06401896
v 0.07306200 -0.03805893 0.06418496
v 0.07312995 -0.03828895 0.06415498
v 0.07313197 -0.03854197 0.06410801
v 0.07300400 -0.03852897 0.06431198
v 0.07294797 -0.03864693 0.06439101
v 0.07299095 -0.03876996 0.06429797
v 0.07289499 -0.03855997 0.06444001
v 0.07281899 -0.03847295 0.06447398
v 0.07310700 -0.03786796 0.06413698
v 0.07291096 -0.03777593 0.06416797
v 0.07280999 -0.03794795 0.06422400
v 0.07292395 -0.03819698 0.06429296
v 0.07286196 -0.03829693 0.06436401
v 0.07272398 -0.03839397 0.06448698
v 0.07299095 -0.03876996 0.06429797
v 0.07294797 -0.03864693 0.06439101
v 0.07289499 -0.03890794 0.06443595
v 0.07260996 -0.03851896 0.06462496
v 0.07281899 -0.03847295 0.06447398
v 0.07272398 -0.03839397 0.06448698
v 0.07262700 -0.03833395 0.06448000
v 0.07252401 -0.03828895 0.06445300
v 0.07277297 -0.03866398 0.06459301
v 0.07289499 -0.03855997 0.06444001
v 0.05906695 -0.05362695 0.07972401
v 0.06142997 -0.05120295 0.07736700
v 0.05624198 -0.05571895 0.08188301
v 0.07035797 -0.04159593 0.06770396
v 0.06610399 -0.04641395 0.07257801
v 0.06705200 -0.04562896 0.07173901
v 0.05792999 -0.05501192 0.08079797
v 0.05915796 -0.05373197 0.07972198
v 0.05910497 -0.05366694 0.07972699
v 0.06031596 -0.05245393 0.07857596
v 0.06095296 -0.05235493 0.07814300
v 0.05662298 -0.05626296 0.08181297
v 0.06264597 -0.05093193 0.07649099
v 0.06298398 -0.04992294 0.07604497
v 0.06531399 -0.04751795 0.07364100
v 0.06448900 -0.04865598 0.07464796
v 0.06634598 -0.04691195 0.07270199
v 0.06808000 -0.04512494 0.07068097
v 0.06360298 -0.04980295 0.07559299
v 0.06664097 -0.04605698 0.07217997
v 0.06716597 -0.04573893 0.07173001
v 0.06764996 -0.04543596 0.07122498
v 0.06796896 -0.04488593 0.07082396
v 0.06929397 -0.04336392 0.06924301
v 0.07169497 -0.04025197 0.06612396
v 0.05711299 -0.05533796 0.08140498
v 0.05715095 -0.05538493 0.08140397
v 0.06065195 -0.05239695 0.07838797
v 0.06121897 -0.05174595 0.07781398
v 0.06138294 -0.05171996 0.07771098
v 0.06286400 -0.05042296 0.07632100
v 0.06271195 -0.05044794 0.07643997
v 0.06331199 -0.04985493 0.07584697
v 0.06584995 -0.04720693 0.07319897
v 0.06651300 -0.04647493 0.07246696
v 0.06625097 -0.04662895 0.07269698
v 0.07213395 -0.03924095 0.06533199
v 0.05691498 -0.05583095 0.08163601
v 0.05658698 -0.05613595 0.08189600
v 0.06141197 -0.05144095 0.07756298
v 0.06204098 -0.05133396 0.07712298
v 0.06239897 -0.05098998 0.07677996
v 0.06210297 -0.05103796 0.07702898
v 0.06207799 -0.05080795 0.07692998
v 0.06177097 -0.05110096 0.07722300
v 0.06270295 -0.05069494 0.07648497
v 0.06598299 -0.04678994 0.07291299
v 0.06631296 -0.04642397 0.07254695
v 0.07256197 -0.03906995 0.06492298
v 0.05659896 -0.05574494 0.08181697
v 0.05640399 -0.05585396 0.08195000
v 0.05648100 -0.05594694 0.08195400
v 0.05632597 -0.05577993 0.08192598
v 0.05663800 -0.05579197 0.08181798
v 0.05654299 -0.05604398 0.08193397
v 0.06174397 -0.05137997 0.07737100
v 0.06192398 -0.05120897 0.07719999
v 0.06225597 -0.05089098 0.07688200
v 0.06240797 -0.05074298 0.07673496
v 0.06618297 -0.04684197 0.07283401
v 0.06159198 -0.05127096 0.07739299
v 0.06255096 -0.05084294 0.07663297
v 0.05520695 -0.05612397 0.08364200
v 0.05527299 -0.05614793 0.08337599
v 0.05524396 -0.05601197 0.08349096
v 0.05512797 -0.05636596 0.08364999
v 0.05510395 -0.05622595 0.08376801
v 0.05662298 -0.05626296 0.08181297
v 0.05658698 -0.05613595 0.08189600
v 0.05661696 -0.05626797 0.08181798
v 0.05533295 -0.05633598 0.08328497
v 0.05541598 -0.05628496 0.08306497
v 0.05533200 -0.05623996 0.08323097
v 0.05531096 -0.05643695 0.08333200
v 0.05517399 -0.05648297 0.08351999
v 0.05524498 -0.05658698 0.08336699
v 0.05533695 -0.05666095 0.08320701
v 0.05555295 -0.05640393 0.08292299
v 0.05557298 -0.05627197 0.08279901
v 0.05547595 -0.05628997 0.08296000
v 0.05556094 -0.05653393 0.08294200
v 0.05545794 -0.05671095 0.08302396
v 0.05562096 -0.05672895 0.08280700
v 0.05603694 -0.05617296 0.08231598
v 0.05594497 -0.05603396 0.08226096
v 0.05572897 -0.05619895 0.08256298
v 0.05611497 -0.05633395 0.08231300
v 0.05605399 -0.05662095 0.08232498
v 0.05633699 -0.05646896 0.08205598
v 0.05581599 -0.05644494 0.08262199
v 0.05580097 -0.05670595 0.08259397
v 0.05644500 -0.05622094 0.08201599
v 0.05654299 -0.05604398 0.08193397
v 0.05619996 -0.05610793 0.08217799
v 0.05632597 -0.05577993 0.08192598
v 0.05624198 -0.05571895 0.08188301
v 0.05641198 -0.05598896 0.08200597
v 0.05648100 -0.05594694 0.08195400
v 0.05640399 -0.05585396 0.08195000
v 0.05629700 -0.05629295 0.08214700
v 0.05503296 -0.05424493 0.08504897
v 0.05493998 -0.05433195 0.08515596
v 0.05499500 -0.05496197 0.08469301
v 0.05387395 -0.04231196 0.09441798
v 0.05380898 -0.04020494 0.09590899
v 0.05524396 -0.05601197 0.08349096
v 0.05367100 -0.03809195 0.09738999
v 0.05357897 -0.03829693 0.09762400
v 0.05351197 -0.03835594 0.09768700
v 0.05362898 -0.03823196 0.09755200
v 0.05365997 -0.03816193 0.09747296
v 0.05515295 -0.05549198 0.08410298
v 0.05504900 -0.05559396 0.08423000
v 0.05517995 -0.05580794 0.08387196
v 0.05510395 -0.05622595 0.08376801
v 0.05520695 -0.05612397 0.08364200
v 0.00730997 -0.06016695 0.10989200
v 0.00000100 -0.05957198 0.11034800
v 0.00000000 -0.05988997 0.11031690
v 0.00000000 -0.06019896 0.11023590
v 0.00000000 -0.06049096 0.11010800
v 0.00741500 -0.05923193 0.11013100
v 0.01094096 -0.05977094 0.10962300
v 0.01437395 -0.05829495 0.10953000
v 0.01453995 -0.05920892 0.10925000
v 0.02137196 -0.05670893 0.10852000
v 0.02160596 -0.05761295 0.10819700
v 0.02811396 -0.05451196 0.10714390
v 0.02842700 -0.05538296 0.10676190
v 0.03455197 -0.05169093 0.10543400
v 0.03491699 -0.05251693 0.10499300
v 0.03764295 -0.05008393 0.10446500
v 0.04102796 -0.04907095 0.10294500
v 0.04062497 -0.04831194 0.10344000
v 0.04207199 -0.04736095 0.10291090
v 0.04349195 -0.04637897 0.10237100
v 0.04666399 -0.04499894 0.10072300
v 0.04624295 -0.04430693 0.10126600
v 0.05133295 -0.03966695 0.09906196
v 0.05176097 -0.04029095 0.09848296
v 0.05348598 -0.03822094 0.09780400
v 0.05351197 -0.03835594 0.09768700
v 0.05345797 -0.03807795 0.09790599
v 0.05339795 -0.03777396 0.09806299
v 0.05333298 -0.03745895 0.09816598
v 0.06981396 -0.00215793 0.08919501
v 0.06865298 -0.00670093 0.09039896
v 0.06875097 -0.00690693 0.09012997
v 0.06851196 -0.00651896 0.09063196
v 0.06839996 -0.00641292 0.09076601
v 0.06826698 -0.00631195 0.09089201
v 0.06927597 -0.00173998 0.09001201
v 0.07137495 0.01204401 0.08643096
v 0.07078295 0.01237601 0.08732300
v 0.07122498 0.01923799 0.08503800
v 0.07060199 0.01951098 0.08597397
v 0.07043498 0.02630001 0.08367097
v 0.06977897 0.02652502 0.08464998
v 0.06897199 0.03332298 0.08231496
v 0.06828695 0.03347802 0.08333998
v 0.06684798 0.04014497 0.08099997
v 0.06613796 0.04022800 0.08206999
v 0.06404298 0.04678601 0.07971996
v 0.06331998 0.04677999 0.08083498
v 0.06062299 0.05305796 0.07850897
v 0.06034296 0.05307501 0.07914596
v 0.05989497 0.05296599 0.07966595
v 0.05838698 0.05607700 0.07857698
v 0.05584299 0.05880099 0.07856798
v 0.05655896 0.05899000 0.07737100
v 0.05628395 0.05897098 0.07802999
v 0.05402797 0.06176596 0.07750201
v 0.05120897 0.06421601 0.07754600
v 0.05190199 0.06449800 0.07631295
v 0.05163395 0.06444400 0.07699400
v 0.04910099 0.06700199 0.07650798
v 0.04604297 0.06914097 0.07661396
v 0.04669296 0.06951701 0.07534998
v 0.04644095 0.06942701 0.07604801
v 0.04366397 0.07170999 0.07561600
v 0.04040998 0.07350897 0.07578796
v 0.04100400 0.07397198 0.07449799
v 0.04077297 0.07384800 0.07521200
v 0.03776699 0.07584297 0.07483500
v 0.03433698 0.07729798 0.07507097
v 0.03089696 0.07989799 0.07336801
v 0.03269898 0.07873702 0.07428699
v 0.02792298 0.08044797 0.07447499
v 0.02945697 0.08031296 0.07398897
v 0.02404099 0.08251100 0.07357400
v 0.02120196 0.08293998 0.07400298
v 0.01991295 0.08409297 0.07257300
v 0.02059894 0.08364701 0.07335996
v 0.01711398 0.08460497 0.07317996
v 0.01426297 0.08474099 0.07366299
v 0.01004594 0.08621102 0.07217699
v 0.01219600 0.08563899 0.07298499
v 0.00715697 0.08583396 0.07345598
v 0.00860697 0.08616900 0.07288599
v 0.00360996 0.08660000 0.07280498
v 0.00000500 0.08619999 0.07338696
v 0.00000500 0.08638799 0.07321196
v 0.00000500 0.08655297 0.07300996
v 0.00000500 0.08669102 0.07278800
v 0.00000500 0.08679997 0.07254999
v 0.00000500 0.08687698 0.07230097
v 0.00000500 0.08691900 0.07204699
v -0.07036000 -0.01844793 0.08012998
v -0.06851297 -0.00702697 0.09024798
v -0.06859600 -0.00691897 0.09013998
v -0.07338500 -0.03666597 0.06420600
v -0.07330596 -0.03675293 0.06428796
v -0.07194799 -0.02843195 0.07142001
v -0.07016497 -0.01862996 0.08030200
v -0.07293599 -0.03691095 0.06439000
v -0.06788200 -0.00731993 0.09046298
v -0.06806999 -0.00727993 0.09045398
v -0.06824898 -0.00721192 0.09040999
v -0.06839495 -0.00712693 0.09034198
v -0.07178097 -0.02858597 0.07156395
v -0.07307296 -0.03687894 0.06438297
v -0.07320100 -0.03682494 0.06434798
v -0.05980896 0.05311101 0.07964199
v -0.05645799 0.05911999 0.07734799
v -0.06053400 0.05320698 0.07848501
v -0.06678897 0.04034399 0.08096301
v -0.06360995 0.04620498 0.08094298
v -0.06396996 0.04695498 0.07968896
v -0.06662797 0.03891998 0.08231496
v -0.06893396 0.03353399 0.08227497
v -0.06882596 0.03139299 0.08373099
v -0.07041198 0.02654099 0.08362400
v -0.07059395 0.01973599 0.08593297
v -0.07138299 0.01532900 0.08579599
v -0.07054001 0.00793499 0.08816301
v -0.07074397 0.00410599 0.08797496
v -0.06853598 -0.00677693 0.09032398
v -0.06859600 -0.00691897 0.09013998
v -0.06844800 -0.00663793 0.09050399
v -0.06830596 -0.00647795 0.09070599
v -0.06812298 -0.00632793 0.09089201
v -0.00583500 0.08644998 0.07283198
v -0.01188397 0.08518898 0.07357800
v 0.00000000 0.08619999 0.07338696
v 0.00000000 0.08691900 0.07204699
v -0.01168996 0.08595800 0.07222396
v 0.00000000 0.08644098 0.07315099
v 0.00000000 0.08664101 0.07287299
v 0.00000000 0.08679300 0.07256495
v 0.00000000 0.08687400 0.07230901
v -0.01180797 0.08570396 0.07297199
v -0.01752299 0.08449900 0.07319897
v -0.02341896 0.08220100 0.07414299
v -0.02309197 0.08308798 0.07276296
v -0.02329599 0.08276998 0.07352501
v -0.02636694 0.08162599 0.07374095
v -0.02944195 0.07976996 0.07460397
v -0.03235399 0.07917100 0.07350701
v -0.03094798 0.07960700 0.07412201
v -0.03385496 0.07811701 0.07440400
v -0.03519797 0.07680600 0.07516497
v -0.03814297 0.07559698 0.07488101
v -0.04468399 0.07027500 0.07640099
v -0.04091095 0.07402998 0.07448798
v -0.04290896 0.07228296 0.07550799
v -0.04659599 0.06959301 0.07533699
v -0.04571199 0.07004100 0.07593297
v -0.04839998 0.06765699 0.07638400
v -0.05295097 0.06230497 0.07790696
v -0.05180197 0.06459701 0.07629501
v -0.05246698 0.06353497 0.07716500
v -0.05480897 0.06082499 0.07767897
v -0.06205099 0.05015498 0.07970196
v 0.00000500 0.08687698 0.07230097
v 0.00000500 0.08691900 0.07204699
v 0.00000000 0.08691900 0.07204699
v 0.00000000 0.08687400 0.07230901
v 0.00000500 0.08679997 0.07254999
v 0.00000000 0.08679300 0.07256495
v 0.00000500 0.08669102 0.07278800
v 0.00000500 0.08655297 0.07300996
v 0.00000000 0.08664101 0.07287299
v 0.00000500 0.08638799 0.07321196
v 0.00000000 0.08644098 0.07315099
v 0.00000000 0.08619999 0.07338696
v 0.00000500 0.08619999 0.07338696
v -0.00727797 -0.06000697 0.10979500
v 0.00000000 -0.05988997 0.11031690
v 0.00000100 -0.05957198 0.11034800
v 0.00000000 -0.06019896 0.11023590
v 0.00000000 -0.06049096 0.11010800
v -0.00934798 -0.05882793 0.10984990
v -0.01444095 -0.05882495 0.10902400
v -0.01842600 -0.05702495 0.10868600
v -0.02826899 -0.05492293 0.10650100
v -0.02721297 -0.05437296 0.10703200
v -0.03195399 -0.05250698 0.10589500
v -0.03478795 -0.05213797 0.10478500
v -0.03651899 -0.05027997 0.10456400
v -0.03663998 -0.05055695 0.10446900
v -0.03674197 -0.05082595 0.10432800
v -0.03681999 -0.05107694 0.10414600
v -0.05149996 -0.03980797 0.09830701
v -0.05343896 -0.03734993 0.09761196
v -0.05348598 -0.03758692 0.09742301
v -0.05338799 -0.03709393 0.09775501
v -0.05335199 -0.03691798 0.09782797
v -0.05331397 -0.03673797 0.09788501
v -0.05030399 -0.04002892 0.09920299
v -0.04643398 -0.04453694 0.10051600
v -0.04604899 -0.04387295 0.10102400
v -0.04143697 -0.04727596 0.10284500
v -0.04084497 -0.04864495 0.10273300
v -0.03674197 -0.05082595 0.10432800
v -0.03681999 -0.05107694 0.10414600
v -0.03663998 -0.05055695 0.10446900
v -0.03651899 -0.05027997 0.10456400
v -0.05389696 -0.04213297 0.09377396
v -0.05348598 -0.03758692 0.09742301
v -0.05355298 -0.03752797 0.09735900
v -0.05520695 -0.05590194 0.08342397
v -0.05510395 -0.05599993 0.08355200
v -0.05495399 -0.05424195 0.08479100
v -0.05402195 -0.04199898 0.09361696
v -0.05363500 -0.03739494 0.09720599
v -0.05364596 -0.03732496 0.09712100
v -0.05360394 -0.03746294 0.09728598
v -0.05524396 -0.05579197 0.08327096
v -0.05506795 -0.05412596 0.08464097
v -0.05610096 -0.05567497 0.08185297
v -0.05624198 -0.05551397 0.08167695
v -0.05635595 -0.05560094 0.08173197
v -0.05643099 -0.05567795 0.08174800
v -0.05655497 -0.05610495 0.08166599
v -0.05655997 -0.05586898 0.08171701
v -0.05659997 -0.05596297 0.08167201
v -0.05662298 -0.05605196 0.08161097
v -0.05520695 -0.05590194 0.08342397
v -0.05524396 -0.05579197 0.08327096
v -0.05525898 -0.05588793 0.08320301
v -0.05528795 -0.05596596 0.08311998
v -0.05511695 -0.05609697 0.08347696
v -0.05514097 -0.05618596 0.08339500
v -0.05510395 -0.05599993 0.08355200
v -0.05595594 -0.05602693 0.08220100
v -0.05573898 -0.05598896 0.08234101
v -0.05595695 -0.05581897 0.08203899
v -0.05602097 -0.05618196 0.08219897
v -0.05625599 -0.05630797 0.08192801
v -0.05595397 -0.05645292 0.08222299
v -0.05553495 -0.05619597 0.08273899
v -0.05538898 -0.05606597 0.08290499
v -0.05548596 -0.05608093 0.08273297
v -0.05559998 -0.05605697 0.08254897
v -0.05553996 -0.05632197 0.08276098
v -0.05555295 -0.05651497 0.08268898
v -0.05541199 -0.05648297 0.08288300
v -0.05529898 -0.05642098 0.08305996
v -0.05532598 -0.05611693 0.08308500
v -0.05533397 -0.05603092 0.08301299
v -0.05530196 -0.05621492 0.08313399
v -0.05521595 -0.05633497 0.08321398
v -0.05517399 -0.05626595 0.08330696
v -0.05624794 -0.05597293 0.08196496
v -0.05650299 -0.05577194 0.08174401
v -0.05615597 -0.05604398 0.08205395
v -0.05600994 -0.05598795 0.08213996
v -0.05579495 -0.05624598 0.08243697
v -0.05574095 -0.05650895 0.08245795
v -0.05570495 -0.05627298 0.08254498
v -0.07283198 -0.03868693 0.06437599
v -0.07285898 -0.03877496 0.06430697
v -0.07285499 -0.03877997 0.06431198
v -0.07279300 -0.03862094 0.06442701
v -0.07278597 -0.03859895 0.06443101
v -0.07265800 -0.03845995 0.06449198
v -0.07262700 -0.03842598 0.06449198
v -0.07271397 -0.03850698 0.06447196
v -0.06614196 -0.04651594 0.07259398
v -0.06420797 -0.04823493 0.07439899
v -0.06854498 -0.04336595 0.06953001
v -0.06784397 -0.04466193 0.07069998
v -0.06828296 -0.04406195 0.07013899
v -0.05792099 -0.05433696 0.08045798
v -0.05955296 -0.05316793 0.07916098
v -0.05959796 -0.05323493 0.07914596
v -0.06111198 -0.05198895 0.07778197
v -0.06258296 -0.05077296 0.07633900
v -0.05662298 -0.05605196 0.08161097
v -0.06195199 -0.05071192 0.07683300
v -0.05624198 -0.05551397 0.08167695
v -0.06384897 -0.04883593 0.07495796
v -0.06347298 -0.04947495 0.07546800
v -0.06446599 -0.04870498 0.07449901
v -0.06802499 -0.04497796 0.07053899
v -0.06305497 -0.05012995 0.07592397
v -0.06522399 -0.04739993 0.07352101
v -0.06621497 -0.04659098 0.07258498
v -0.06715399 -0.04579293 0.07158499
v -0.06796699 -0.04482197 0.07064497
v -0.06821799 -0.04456096 0.07035201
v -0.06835800 -0.04413592 0.07012796
v -0.06845796 -0.04373097 0.06985199
v -0.06948298 -0.04303294 0.06882101
v -0.06970095 -0.04219794 0.06831896
v -0.07239300 -0.03829497 0.06445896
v -0.07074296 -0.04098397 0.06705796
v -0.07082098 -0.04105597 0.06704497
v -0.07187896 -0.03992593 0.06570398
v -0.05732196 -0.05519396 0.08109200
v -0.05729097 -0.05514395 0.08110499
v -0.06155198 -0.05134195 0.07733601
v -0.06252199 -0.05041295 0.07640701
v -0.06231397 -0.05073893 0.07663899
v -0.06417500 -0.04876196 0.07475596
v -0.06486600 -0.04804295 0.07403701
v -0.06899100 -0.04337292 0.06936401
v -0.06904095 -0.04316496 0.06923300
v -0.06961196 -0.04260498 0.06859499
v -0.07217097 -0.03907495 0.06513899
v -0.07223296 -0.03913193 0.06512701
v -0.05677396 -0.05530893 0.08142197
v -0.05635595 -0.05560094 0.08173197
v -0.06209295 -0.05106395 0.07685798
v -0.06257700 -0.05059796 0.07639199
v -0.06419700 -0.04847896 0.07460099
v -0.06436198 -0.04843693 0.07450598
v -0.06454199 -0.04812097 0.07424199
v -0.06877297 -0.04334998 0.06947100
v -0.07257395 -0.03895795 0.06473898
v -0.05674099 -0.05567997 0.08156901
v -0.05655997 -0.05586898 0.08171701
v -0.05650299 -0.05577194 0.08174401
v -0.05659997 -0.05596297 0.08167201
v -0.05671095 -0.05562996 0.08158200
v -0.05643099 -0.05567795 0.08174800
v -0.06203895 -0.05087894 0.07687300
v -0.06434899 -0.04858297 0.07457596
v -0.06452196 -0.04840296 0.07439696
v -0.07257598 -0.03864598 0.06464296
v -0.07251298 -0.03858995 0.06465500
v -0.07253497 -0.03836196 0.06449097
v -0.06436997 -0.04829996 0.07442200
v -0.07296097 -0.03705197 0.06428599
v -0.07293599 -0.03691095 0.06439000
v -0.07307296 -0.03687894 0.06438297
v -0.07320100 -0.03682494 0.06434798
v -0.07340496 -0.03682494 0.06408399
v -0.07330596 -0.03675293 0.06428796
v -0.07338500 -0.03666597 0.06420600
v -0.07341200 -0.03699994 0.06398499
v -0.07253497 -0.03836196 0.06449097
v -0.07239300 -0.03829497 0.06445896
v -0.07255399 -0.03812593 0.06432098
v -0.07283198 -0.03868693 0.06437599
v -0.07278597 -0.03859895 0.06443101
v -0.07294797 -0.03863894 0.06418496
v -0.07285898 -0.03877496 0.06430697
v -0.07324695 -0.03730297 0.06406700
v -0.07340598 -0.03718698 0.06390899
v -0.07338500 -0.03738093 0.06385999
v -0.07335096 -0.03757894 0.06383699
v -0.07290595 -0.03748494 0.06414997
v -0.07293397 -0.03738093 0.06416201
v -0.07295995 -0.03721094 0.06420898
v -0.07311296 -0.03785896 0.06406098
v -0.07330596 -0.03777593 0.06383997
v -0.07324999 -0.03796797 0.06386697
v -0.07318496 -0.03815197 0.06391698
v -0.07278698 -0.03777593 0.06417196
v -0.07286196 -0.03761094 0.06414896
v -0.07291096 -0.03791296 0.06417399
v -0.07268500 -0.03794997 0.06422698
v -0.07295399 -0.03811997 0.06418597
v -0.07311201 -0.03832697 0.06398797
v -0.07289499 -0.03822493 0.06424599
v -0.07303297 -0.03848898 0.06407797
v -0.07285600 -0.03828698 0.06428796
v -0.07262700 -0.03842598 0.06449198
v -0.07271397 -0.03850698 0.06447196
v -0.06531798 0.06454098 -0.03666800
v -0.06270599 0.06711196 -0.03297495
v -0.06255900 0.06722998 -0.03320795
v -0.06237697 0.06730997 -0.03344500
v -0.06834197 0.06154900 -0.03964298
v -0.06524395 0.06456297 -0.03675097
v -0.06216597 0.06734699 -0.03367400
v -0.06518197 0.06457597 -0.03681600
v -0.06511795 0.06458497 -0.03687995
v -0.06195896 0.06733900 -0.03386497
v -0.06176400 0.06729900 -0.03401798
v -0.06160700 0.06724697 -0.03412699
v -0.06145298 0.06717997 -0.03421998
v -0.07083600 0.05805301 -0.04471898
v -0.06976395 0.05991798 -0.04214698
v -0.07135695 0.05809700 -0.04435598
v -0.07143199 0.05806899 -0.04427599
v -0.07150000 0.05803000 -0.04419499
v -0.07155895 0.05798298 -0.04411399
v -0.07160699 0.05792897 -0.04403495
v -0.06971198 0.05993497 -0.04220098
v -0.06962996 0.05995297 -0.04227995
v -0.07099997 0.05810296 -0.04463297
v -0.07111001 0.05812001 -0.04456198
v -0.07121396 0.05812197 -0.04448497
v -0.07113701 0.05814701 -0.04616099
v -0.07104998 0.05804002 -0.04601597
v -0.07096898 0.05810099 -0.04608297
v -0.07112395 0.05798399 -0.04594296
v -0.07129997 0.05816197 -0.04626798
v -0.07178097 0.05783700 -0.04643797
v -0.07143396 0.05814701 -0.04638797
v -0.07154500 0.05810296 -0.04652094
v -0.07162696 0.05803698 -0.04665797
v -0.07099997 0.05810296 -0.04463297
v -0.07083600 0.05805301 -0.04471898
v -0.07103300 0.05794697 -0.04486799
v -0.07111001 0.05812001 -0.04456198
v -0.07150000 0.05803000 -0.04419499
v -0.07143199 0.05806899 -0.04427599
v -0.07177400 0.05773800 -0.04430896
v -0.07169395 0.05782902 -0.04416596
v -0.07155895 0.05798298 -0.04411399
v -0.07160699 0.05792897 -0.04403495
v -0.07170999 0.05778700 -0.04585796
v -0.07189399 0.05768597 -0.04620498
v -0.07197099 0.05757898 -0.04597097
v -0.07201600 0.05751198 -0.04574197
v -0.07203698 0.05747497 -0.04552799
v -0.07131898 0.05782198 -0.04554396
v -0.07129698 0.05784499 -0.04564797
v -0.07122397 0.05790698 -0.04581099
v -0.07175695 0.05769699 -0.04520499
v -0.07203799 0.05746197 -0.04530996
v -0.07201999 0.05747401 -0.04509395
v -0.07198196 0.05751001 -0.04488396
v -0.07122296 0.05784702 -0.04509598
v -0.07129895 0.05781298 -0.04526698
v -0.07132500 0.05780899 -0.04541796
v -0.07159096 0.05782097 -0.04485297
v -0.07192701 0.05756700 -0.04468196
v -0.07116299 0.05787801 -0.04500800
v -0.07155698 0.05785298 -0.04478394
v -0.07185697 0.05764400 -0.04448997
v -0.07121396 0.05812197 -0.04448497
v -0.07135695 0.05809700 -0.04435598
v -0.05654394 0.07329702 -0.06174099
v -0.05578595 0.07387197 -0.06216698
v -0.05586194 0.07383400 -0.06229799
v -0.07162696 0.05803698 -0.04665797
v -0.07154500 0.05810296 -0.04652094
v -0.06930595 0.06089699 -0.04936599
v -0.05634194 0.07334297 -0.06144797
v -0.05538499 0.07376897 -0.06175094
v -0.05550599 0.07383596 -0.06184297
v -0.05558496 0.07386600 -0.06191796
v -0.05569195 0.07388299 -0.06203699
v -0.06909799 0.06098401 -0.04909700
v -0.07113701 0.05814701 -0.04616099
v -0.07096898 0.05810099 -0.04608297
v -0.07129997 0.05816197 -0.04626798
v -0.07143396 0.05814701 -0.04638797
v -0.06482499 0.06545001 -0.05343198
v -0.05848497 0.07160198 -0.05969297
v -0.06033796 0.06974297 -0.05772495
v -0.06502997 0.06550902 -0.05358594
v -0.06711697 0.06326997 -0.05135899
v -0.05566799 0.07398498 -0.06243795
v -0.05586194 0.07383400 -0.06229799
v -0.05578595 0.07387197 -0.06216698
v -0.05569195 0.07388299 -0.06203699
v -0.05516999 0.07404500 -0.06199395
v -0.05550599 0.07383596 -0.06184297
v -0.05538499 0.07376897 -0.06175094
v -0.05414700 0.07511001 -0.06123399
v -0.05402499 0.07521998 -0.06124597
v -0.05407398 0.07518500 -0.06163197
v -0.05438798 0.07454001 -0.06120598
v -0.05436199 0.07471197 -0.06120997
v -0.05440700 0.07460701 -0.06146395
v -0.05539995 0.07410299 -0.06221300
v -0.05546200 0.07414400 -0.06255197
v -0.05558496 0.07386600 -0.06191796
v -0.05483698 0.07456898 -0.06238996
v -0.05458199 0.07481199 -0.06253498
v -0.05472397 0.07470500 -0.06260800
v -0.05486696 0.07459700 -0.06264895
v -0.05502694 0.07447600 -0.06266099
v -0.05489796 0.07435399 -0.06215697
v -0.05475097 0.07449501 -0.06215494
v -0.05457794 0.07476496 -0.06225699
v -0.05434197 0.07498997 -0.06229996
v -0.05445200 0.07490801 -0.06243097
v -0.05463898 0.07458299 -0.06209194
v -0.05456095 0.07462799 -0.06199598
v -0.05439895 0.07488697 -0.06197500
v -0.05415499 0.07512700 -0.06193196
v -0.05424499 0.07506102 -0.06214195
v -0.05450797 0.07464599 -0.06189197
v -0.05444896 0.07464396 -0.06170696
v -0.05514395 0.07431900 -0.06235295
v -0.05522495 0.07432597 -0.06263494
v -0.05501598 0.07422697 -0.06210899
v -0.05429697 0.07493501 -0.06153696
v -0.05432599 0.07482600 -0.06121498
v -0.05425000 0.07497698 -0.06122297
v -0.05438798 0.07454001 -0.06120598
v -0.05325299 0.07452702 -0.03823697
v -0.05321896 0.07479399 -0.03823697
v -0.05436199 0.07471197 -0.06120997
v -0.05314600 0.07505899 -0.03824096
v -0.05432599 0.07482600 -0.06121498
v -0.05303299 0.07531297 -0.03824698
v -0.05425000 0.07497698 -0.06122297
v -0.05288296 0.07554697 -0.03825700
v -0.05414700 0.07511001 -0.06123399
v -0.05270195 0.07575398 -0.03826898
v -0.05402499 0.07521998 -0.06124597
v -0.05249696 0.07592797 -0.03828299
v -0.05246394 0.07592099 -0.03727996
v -0.05288296 0.07554697 -0.03825700
v -0.05303299 0.07531297 -0.03824698
v -0.05270195 0.07575398 -0.03826898
v -0.05249696 0.07592797 -0.03828299
v -0.05348396 0.07453399 -0.03455299
v -0.05309200 0.07531899 -0.03316098
v -0.05281895 0.07555401 -0.03406298
v -0.05262899 0.07572597 -0.03500097
v -0.05378299 0.07434701 -0.03348499
v -0.05441498 0.07388800 -0.03222197
v -0.05422198 0.07438600 -0.03116899
v -0.05392599 0.07462900 -0.03154397
v -0.05476599 0.07361400 -0.03179097
v -0.05454796 0.07411998 -0.03083395
v -0.05516099 0.07329297 -0.03144198
v -0.05507898 0.07368701 -0.03041797
v -0.05667495 0.07197499 -0.03096199
v -0.05631899 0.07266801 -0.02990198
v -0.05631899 0.07229501 -0.03097999
v -0.05713999 0.07198399 -0.02982097
v -0.05393600 0.07451802 -0.03248995
v -0.05345898 0.07501298 -0.03231400
v -0.05408996 0.07413101 -0.03276699
v -0.05568498 0.07309001 -0.03073596
v -0.05559295 0.07292997 -0.03118598
v -0.05596899 0.07260501 -0.03104799
v -0.05565094 0.07321798 -0.03011095
v -0.05742096 0.07161396 -0.03054696
v -0.05715095 0.07153600 -0.03100895
v -0.05767196 0.07104498 -0.03114396
v -0.05811697 0.07116097 -0.02993595
v -0.06066799 0.06868201 -0.03231596
v -0.05997896 0.06874001 -0.03262895
v -0.06073397 0.06794697 -0.03338599
v -0.05298596 0.07533299 -0.03663796
v -0.05249094 0.07586997 -0.03627794
v -0.05321896 0.07479399 -0.03823697
v -0.05325299 0.07452702 -0.03823697
v -0.05314600 0.07505899 -0.03824096
v -0.05326998 0.07462501 -0.03607696
v -0.05300295 0.07531398 -0.03616595
v -0.05304896 0.07527297 -0.03556394
v -0.05833399 0.07085502 -0.03069698
v -0.05833798 0.07039898 -0.03143495
v -0.05924397 0.07019501 -0.03032195
v -0.05884295 0.07040500 -0.03091800
v -0.05925297 0.07003998 -0.03113597
v -0.05906200 0.06967902 -0.03188198
v -0.05996698 0.06939500 -0.03159999
v -0.06079995 0.06883198 -0.03124499
v -0.06047499 0.06892997 -0.03199297
v -0.06166899 0.06771701 -0.03334397
v -0.06145298 0.06717997 -0.03421998
v -0.06255900 0.06722998 -0.03320795
v -0.06270599 0.06711196 -0.03297495
v -0.06237697 0.06730997 -0.03344500
v -0.06216597 0.06734699 -0.03367400
v -0.06195896 0.06733900 -0.03386497
v -0.06176400 0.06729900 -0.03401798
v -0.06160700 0.06724697 -0.03412699
v 0.05438798 0.06304901 -0.04971498
v 0.05438798 0.07458198 -0.06124794
v 0.05323398 0.07472199 -0.03804194
v 0.05441296 0.06293201 -0.04983198
v 0.05438798 0.07458198 -0.06124794
v 0.05438798 0.06304901 -0.04971498
v 0.05441498 0.07464700 -0.06155896
v 0.05445498 0.07466500 -0.06175094
v 0.05446594 0.06282097 -0.04994297
v 0.05449599 0.07466197 -0.06187695
v 0.05454397 0.06271702 -0.05004799
v 0.05454498 0.07464498 -0.06197899
v 0.05464500 0.06262302 -0.05014097
v 0.05465996 0.07457500 -0.06211596
v 0.05476695 0.06254297 -0.05022096
v 0.05477499 0.07447797 -0.06216698
v 0.05487996 0.07437998 -0.06216800
v 0.05490595 0.06247800 -0.05028599
v 0.05496895 0.07428902 -0.06214296
v 0.05505800 0.06243002 -0.05033397
v 0.05508595 0.07416200 -0.06207895
v 0.05521899 0.06240099 -0.05036294
v 0.05523997 0.07397997 -0.06194698
v 0.05538499 0.06239098 -0.05037295
v 0.05538499 0.07379901 -0.06178098
v 0.06413400 0.06398200 -0.05196398
v 0.06728297 0.06274896 -0.05073100
v 0.06307500 0.06719398 -0.05517596
v 0.06370300 0.06428700 -0.05226898
v 0.06320297 0.06453400 -0.05251598
v 0.06448400 0.06362897 -0.05160999
v 0.06264996 0.06471699 -0.05269896
v 0.06474196 0.06323802 -0.05121898
v 0.06206095 0.06482797 -0.05280995
v 0.06489998 0.06282097 -0.05080294
v 0.06145298 0.06486600 -0.05284798
v 0.06495296 0.06239098 -0.05037295
v 0.06084495 0.06482797 -0.05280995
v 0.06489998 0.06196099 -0.04994297
v 0.06025600 0.06471699 -0.05269896
v 0.06474196 0.06154501 -0.04952698
v 0.05970299 0.06453400 -0.05251598
v 0.05538499 0.07379901 -0.06178098
v 0.06448400 0.06115400 -0.04913598
v 0.07102698 0.05810099 -0.04608297
v 0.05920296 0.06428700 -0.05226898
v 0.06413400 0.06080001 -0.04878199
v 0.05877196 0.06398200 -0.05196398
v 0.06370300 0.06049501 -0.04847699
v 0.05538499 0.06239098 -0.05037295
v 0.05842196 0.06362897 -0.05160999
v 0.05816400 0.06323802 -0.05121898
v 0.05800598 0.06282097 -0.05080294
v 0.05795300 0.06239098 -0.05037295
v 0.06145298 0.05810099 -0.04608297
v 0.06206095 0.05995398 -0.04793596
v 0.06145298 0.05991601 -0.04789799
v 0.06264996 0.06006497 -0.04804694
v 0.06320297 0.06024801 -0.04822999
v 0.05545997 0.06172001 -0.04970198
v 0.05800598 0.06196099 -0.04994297
v 0.06050395 0.05815398 -0.04613494
v 0.06084495 0.05995398 -0.04793596
v 0.05568200 0.06106501 -0.04904699
v 0.05816400 0.06154501 -0.04952698
v 0.05957800 0.05831098 -0.04629296
v 0.06025600 0.06006497 -0.04804694
v 0.05604696 0.06044298 -0.04842495
v 0.05842196 0.06115400 -0.04913598
v 0.05869799 0.05856800 -0.04654997
v 0.05970299 0.06024801 -0.04822999
v 0.05654394 0.05986899 -0.04785096
v 0.05877196 0.06080001 -0.04878199
v 0.05788695 0.05891996 -0.04690200
v 0.05920296 0.06049501 -0.04847699
v 0.05716300 0.05935698 -0.04733896
v 0.07108497 0.05796301 -0.04483896
v 0.06145298 0.05805301 -0.04471898
v 0.07093697 0.05805301 -0.04471898
v 0.06145298 0.05795496 -0.04485398
v 0.07120800 0.05788999 -0.04497694
v 0.06145298 0.05787998 -0.04500299
v 0.07130098 0.05783700 -0.04513198
v 0.06145298 0.05783098 -0.04516196
v 0.07133895 0.05781799 -0.04523199
v 0.06145298 0.05780899 -0.04532694
v 0.07136595 0.05780798 -0.04535597
v 0.06145298 0.05781501 -0.04549396
v 0.07136899 0.05781596 -0.04550498
v 0.06145298 0.05784797 -0.04565697
v 0.07133001 0.05785602 -0.04567897
v 0.07129096 0.05788999 -0.04576897
v 0.06145298 0.05790799 -0.04581195
v 0.07123500 0.05793601 -0.04586297
v 0.06145298 0.05799299 -0.04595500
v 0.07116097 0.05799597 -0.04595798
v 0.07102698 0.05810099 -0.04608297
v 0.06145298 0.05810099 -0.04608297
v 0.06145298 0.05805301 -0.04471898
v 0.06145298 0.06744098 -0.03391897
v 0.05454099 0.06351000 -0.04607695
v 0.05449497 0.06218099 -0.04884797
v 0.05438798 0.06304901 -0.04971498
v 0.05481398 0.06133997 -0.04800695
v 0.05533397 0.06055098 -0.04721695
v 0.05557298 0.06207799 -0.04464495
v 0.05604100 0.05983799 -0.04650396
v 0.05691200 0.05922198 -0.04588794
v 0.05434799 0.06551599 -0.04398298
v 0.05718100 0.06094098 -0.04350799
v 0.05791997 0.05872201 -0.04538899
v 0.05540895 0.06404298 -0.04251098
v 0.05415499 0.06752097 -0.04188895
v 0.05920696 0.06021100 -0.04277795
v 0.05903697 0.05835402 -0.04502099
v 0.06022596 0.05812901 -0.04479497
v 0.06145298 0.05805301 -0.04471898
v 0.05706197 0.06287497 -0.04134196
v 0.05524498 0.06600898 -0.04037696
v 0.05396300 0.06952697 -0.03979599
v 0.05914396 0.06212401 -0.04059195
v 0.06145298 0.06744098 -0.03391897
v 0.05694299 0.06480801 -0.03917700
v 0.05508095 0.06797397 -0.03824299
v 0.05376994 0.07153201 -0.03770196
v 0.05320799 0.07477802 -0.03702199
v 0.05908197 0.06403797 -0.03840595
v 0.05682396 0.06674200 -0.03701096
v 0.05491697 0.06993997 -0.03610897
v 0.05357694 0.07353699 -0.03560799
v 0.05336296 0.07472699 -0.03499799
v 0.05353999 0.07461601 -0.03412896
v 0.05324697 0.07478398 -0.03600800
v 0.05901896 0.06595098 -0.03621995
v 0.05670398 0.06867599 -0.03484499
v 0.05475300 0.07190501 -0.03397494
v 0.05539596 0.07317501 -0.03119295
v 0.05585700 0.07278501 -0.03098195
v 0.05496698 0.07353001 -0.03150099
v 0.05457895 0.07384401 -0.03189694
v 0.05424195 0.07410699 -0.03237497
v 0.05395698 0.07432198 -0.03291594
v 0.05372399 0.07449001 -0.03350496
v 0.05895698 0.06786501 -0.03403395
v 0.05975097 0.06916797 -0.03220295
v 0.05658495 0.07060998 -0.03267997
v 0.05881994 0.07007998 -0.03153496
v 0.05785095 0.07099699 -0.03106600
v 0.05701196 0.07176601 -0.03086698
v 0.05637699 0.07233297 -0.03086596
v 0.06818497 -0.00644594 0.09093797
v 0.06839996 -0.00641292 0.09076601
v 0.06826698 -0.00631195 0.09089201
v 0.06866395 -0.00702095 0.09024298
v 0.06875097 -0.00690693 0.09012997
v 0.06865298 -0.00670093 0.09039896
v 0.06788599 -0.00696695 0.09076899
v 0.06789600 -0.00675994 0.09092897
v 0.06777697 -0.00684798 0.09088099
v 0.06813895 -0.00729698 0.09045600
v 0.06824296 -0.00726896 0.09044498
v 0.06800800 -0.00720698 0.09055197
v 0.06803399 -0.00731498 0.09045696
v 0.06820595 -0.00674397 0.09081798
v 0.06811797 -0.00653493 0.09095400
v 0.06801199 -0.00665498 0.09095400
v 0.06851196 -0.00651896 0.09063196
v 0.06830495 -0.00686193 0.09069699
v 0.06796896 -0.00710595 0.09064298
v 0.06838595 -0.00698698 0.09056895
v 0.06858497 -0.00709194 0.09030997
v 0.06834596 -0.00723195 0.09042298
v 0.06844699 -0.00711697 0.09043598
v 0.06844097 -0.00718695 0.09038996
v 0.06803399 -0.00731498 0.09045696
v 0.06230896 -0.03730493 0.06478399
v 0.07306599 -0.03690594 0.06438499
v 0.06777697 -0.00684798 0.09088099
v 0.06796896 -0.00710595 0.09064298
v 0.06788599 -0.00696695 0.09076899
v 0.06800800 -0.00720698 0.09055197
v 0.06230896 -0.00198597 0.09548598
v 0.06230896 -0.03743892 0.06468498
v 0.07306599 -0.03690594 0.06438499
v 0.06230896 -0.03730493 0.06478399
v 0.07308900 -0.03704595 0.06428200
v 0.07309097 -0.03714895 0.06422799
v 0.06230896 -0.03758794 0.06461101
v 0.07308298 -0.03724896 0.06418901
v 0.06230896 -0.03774696 0.06456196
v 0.07304495 -0.03743994 0.06414800
v 0.06230896 -0.03791195 0.06453996
v 0.07299095 -0.03759998 0.06414300
v 0.06230896 -0.03807896 0.06454598
v 0.07291096 -0.03777593 0.06416797
v 0.06230896 -0.03824198 0.06457901
v 0.07280999 -0.03794795 0.06422400
v 0.06230896 -0.03839695 0.06463897
v 0.07267397 -0.03813093 0.06432300
v 0.06230896 -0.03854095 0.06472396
v 0.07252401 -0.03828895 0.06445300
v 0.06230896 -0.03866797 0.06483095
v 0.06455898 -0.04106193 0.06722599
v 0.07252401 -0.03828895 0.06445300
v 0.06230896 -0.03866797 0.06483095
v 0.06499099 -0.04136693 0.06753098
v 0.06534099 -0.04172098 0.06788396
v 0.06405895 -0.04081493 0.06697899
v 0.06559801 -0.04211193 0.06827497
v 0.06350600 -0.04063194 0.06679600
v 0.06575596 -0.04252797 0.06869196
v 0.06291699 -0.04052096 0.06668496
v 0.06580895 -0.04295796 0.06912201
v 0.06230896 -0.04048293 0.06664699
v 0.06191098 -0.03867697 0.06484097
v 0.06575596 -0.04338794 0.06955200
v 0.06170195 -0.04052096 0.06668496
v 0.06141698 -0.03871697 0.06488096
v 0.06073898 -0.03881394 0.06497800
v 0.06111198 -0.04063194 0.06679600
v 0.05980497 -0.03904998 0.06521397
v 0.06055897 -0.04081493 0.06697899
v 0.05893898 -0.03939098 0.06555497
v 0.06005996 -0.04106193 0.06722599
v 0.05816197 -0.03982692 0.06598997
v 0.05962795 -0.04136693 0.06753098
v 0.06610399 -0.04641395 0.07257801
v 0.06559801 -0.04380494 0.06996798
v 0.06534099 -0.04419493 0.07035899
v 0.06499099 -0.04454892 0.07071298
v 0.06455898 -0.04485398 0.07101798
v 0.05749595 -0.04034596 0.06650996
v 0.06405895 -0.04510098 0.07126498
v 0.05927795 -0.04172098 0.06788396
v 0.06350600 -0.04528397 0.07144701
v 0.05695796 -0.04093593 0.06709897
v 0.05901998 -0.04211193 0.06827497
v 0.06291699 -0.04539495 0.07155901
v 0.06230896 -0.04543298 0.07159698
v 0.05656397 -0.04157894 0.06774300
v 0.05886298 -0.04252797 0.06869196
v 0.05632299 -0.04225897 0.06842297
v 0.05880898 -0.04295796 0.06912201
v 0.05624198 -0.04295796 0.06912201
v 0.05962795 -0.04454892 0.07071298
v 0.05927795 -0.04419493 0.07035899
v 0.05901998 -0.04380494 0.06996798
v 0.05886298 -0.04338794 0.06955200
v 0.06142997 -0.05120295 0.07736700
v 0.06170195 -0.04539495 0.07155901
v 0.06111198 -0.04528397 0.07144701
v 0.06055897 -0.04510098 0.07126498
v 0.06005996 -0.04485398 0.07101798
v 0.05624198 -0.05571895 0.08188301
v 0.05524396 -0.05601197 0.08349096
v 0.05526995 -0.04241693 0.06966298
v 0.05524396 -0.04229998 0.06977999
v 0.05527299 -0.05614793 0.08337599
v 0.05532199 -0.04252898 0.06955099
v 0.05533200 -0.05623996 0.08323097
v 0.05539995 -0.04263293 0.06944698
v 0.05541598 -0.05628496 0.08306497
v 0.05547595 -0.05628997 0.08296000
v 0.05550098 -0.04272598 0.06935399
v 0.05557298 -0.05627197 0.08279901
v 0.05562299 -0.04280596 0.06927299
v 0.05572897 -0.05619895 0.08256298
v 0.05576199 -0.04287093 0.06920796
v 0.05594497 -0.05603396 0.08226096
v 0.05607599 -0.04294794 0.06913197
v 0.05591499 -0.04291898 0.06916099
v 0.05624198 -0.05571895 0.08188301
v 0.05624198 -0.04295796 0.06912201
v 0.05361998 -0.03736793 0.09769397
v 0.05201900 -0.00968593 0.10239400
v 0.05203098 -0.01026898 0.10273090
v 0.05367100 -0.03809195 0.09738999
v 0.05364400 -0.03774094 0.09759497
v 0.05365699 -0.03792995 0.09750396
v 0.05363196 -0.03756195 0.09765297
v 0.05524396 -0.04229998 0.06977999
v 0.05524396 -0.05601197 0.08349096
v 0.05348598 -0.03822094 0.09780400
v 0.05351197 -0.03835594 0.09768700
v 0.05357897 -0.03829693 0.09762400
v 0.05365699 -0.03792995 0.09750396
v 0.05365997 -0.03816193 0.09747296
v 0.05367100 -0.03809195 0.09738999
v 0.05344796 -0.03743797 0.09807896
v 0.05333298 -0.03745895 0.09816598
v 0.05339795 -0.03777396 0.09806299
v 0.05361998 -0.03736793 0.09769397
v 0.05359596 -0.03739094 0.09783601
v 0.05363196 -0.03756195 0.09765297
v 0.05359399 -0.03793096 0.09776896
v 0.05362898 -0.03823196 0.09755200
v 0.05364400 -0.03774094 0.09759497
v 0.05345797 -0.03807795 0.09790599
v 0.05357497 -0.03776293 0.09785199
v 0.05355596 -0.03758794 0.09791797
v 0.05354595 -0.03749793 0.09794497
v 0.05353796 -0.03741496 0.09796696
v 0.05208897 -0.01671695 0.10203400
v 0.05054897 -0.01245695 0.10369900
v 0.04993098 -0.01336097 0.10392900
v 0.05114895 -0.01154297 0.10346500
v 0.05173099 -0.01061797 0.10322990
v 0.04640597 -0.01792293 0.10509690
v 0.05283498 -0.02915596 0.09960699
v 0.04243797 -0.02212893 0.10616990
v 0.03811299 -0.02599996 0.10711000
v 0.05333298 -0.03745895 0.09816598
v 0.04624295 -0.04430693 0.10126600
v 0.04349195 -0.04637897 0.10237100
v 0.03580796 -0.02776896 0.10756700
v 0.03460097 -0.02857893 0.10780300
v 0.04207199 -0.04736095 0.10291090
v 0.03334796 -0.02931594 0.10803100
v 0.04062497 -0.04831194 0.10344000
v 0.03764295 -0.05008393 0.10446500
v 0.03081995 -0.03076094 0.10842900
v 0.03455197 -0.05169093 0.10543400
v 0.02826696 -0.03217297 0.10879800
v 0.02294898 -0.03459495 0.10944800
v 0.02811396 -0.05451196 0.10714390
v 0.02137196 -0.05670893 0.10852000
v 0.01741796 -0.03648394 0.10996900
v 0.01169997 -0.03785496 0.11035500
v 0.01437395 -0.05829495 0.10953000
v 0.00741500 -0.05923193 0.11013100
v 0.00588596 -0.03867596 0.11059700
v 0.00000100 -0.05957198 0.11034800
v 0.00001000 -0.03895294 0.11068090
v 0.00000500 0.08619999 0.07338696
v 0.00000000 0.08619999 0.07338696
v -0.00008400 0.07702296 0.08092999
v 0.00715697 0.08583396 0.07345598
v 0.00622696 0.07666301 0.08099597
v 0.01426297 0.08474099 0.07366299
v 0.01247996 0.07565099 0.08119899
v 0.02120196 0.08293998 0.07400298
v 0.01774799 0.07428497 0.08149999
v 0.02792298 0.08044797 0.07447499
v 0.02289199 0.07247102 0.08191698
v 0.02823197 0.07003301 0.08249896
v 0.03433698 0.07729798 0.07507097
v 0.03330194 0.06711697 0.08321201
v 0.04040998 0.07350897 0.07578796
v 0.03805196 0.06374198 0.08405196
v 0.04604297 0.06914097 0.07661396
v 0.04245400 0.05992400 0.08501297
v 0.05120897 0.06421601 0.07754600
v 0.04646497 0.05570000 0.08608698
v 0.05584299 0.05880099 0.07856798
v 0.05000096 0.05115699 0.08725196
v 0.05989497 0.05296599 0.07966595
v 0.05305898 0.04628497 0.08851099
v 0.06331998 0.04677999 0.08083498
v 0.05561399 0.04112696 0.08985197
v 0.06613796 0.04022800 0.08206999
v 0.05762398 0.03575396 0.09125798
v 0.06828695 0.03347802 0.08333998
v 0.05906397 0.03022998 0.09271401
v 0.06977897 0.02652502 0.08464998
v 0.05992895 0.02457600 0.09421098
v 0.07060199 0.01951098 0.08597397
v 0.06020694 0.01889002 0.09569698
v 0.07078295 0.01237601 0.08732300
v 0.05989998 0.01318001 0.09715896
v 0.05819898 0.00167501 0.09945696
v 0.05901294 0.00754201 0.09859597
v 0.05749797 0.00184500 0.10005000
v 0.05888599 0.00142497 0.09887397
v 0.05994898 0.00089102 0.09796899
v 0.06119298 0.00002602 0.09690898
v 0.06285297 -0.00138897 0.09549498
v 0.06927597 -0.00173998 0.09001201
v 0.06826698 -0.00631195 0.09089201
v -0.06853598 -0.00677693 0.09032398
v -0.06859600 -0.00691897 0.09013998
v -0.06851297 -0.00702697 0.09024798
v -0.06804496 -0.00645393 0.09093499
v -0.06812298 -0.00632793 0.09089201
v -0.06830596 -0.00647795 0.09070599
v -0.06783300 -0.00714594 0.09061801
v -0.06806999 -0.00727993 0.09045398
v -0.06788200 -0.00731993 0.09046298
v -0.06763100 -0.00685793 0.09088200
v -0.06775701 -0.00676596 0.09093099
v -0.06769895 -0.00692797 0.09081596
v -0.06823199 -0.00699598 0.09057301
v -0.06844800 -0.00663793 0.09050399
v -0.06824898 -0.00721192 0.09040999
v -0.06839495 -0.00712693 0.09034198
v -0.06815397 -0.00687295 0.09069997
v -0.06775796 -0.00700498 0.09074497
v -0.06805700 -0.00675696 0.09081900
v -0.06783896 -0.00669295 0.09095001
v -0.06794899 -0.00657797 0.09095597
v -0.06788200 -0.00731993 0.09046298
v -0.07293599 -0.03691095 0.06439000
v -0.06230896 -0.03730493 0.06478399
v -0.06763100 -0.00685793 0.09088200
v -0.06783300 -0.00714594 0.09061801
v -0.06775796 -0.00700498 0.09074497
v -0.06769895 -0.00692797 0.09081596
v -0.06230896 -0.00205493 0.09542596
v -0.05852395 0.00543702 0.09913301
v -0.05833595 0.00161499 0.09932798
v -0.05749195 0.00183797 0.10005000
v -0.05915695 0.00127900 0.09862196
v -0.05995297 0.00085402 0.09793597
v -0.06143999 -0.00022498 0.09665399
v -0.05931597 0.00910997 0.09819698
v -0.06285500 -0.00146395 0.09543299
v -0.07054001 0.00793499 0.08816301
v -0.06812298 -0.00632793 0.09089201
v -0.06006395 0.01508098 0.09667497
v -0.07059395 0.01973599 0.08593297
v -0.05992597 0.02456998 0.09421497
v -0.06882596 0.03139299 0.08373099
v -0.05817097 0.03389900 0.09174901
v -0.06662797 0.03891998 0.08231496
v -0.05611300 0.03992998 0.09016698
v -0.06360995 0.04620498 0.08094298
v -0.05338996 0.04567801 0.08867096
v -0.05980896 0.05311101 0.07964199
v -0.05003398 0.05109900 0.08726900
v -0.04606199 0.05615901 0.08597099
v -0.05295097 0.06230497 0.07790696
v -0.04155397 0.06076198 0.08480298
v -0.04468399 0.07027500 0.07640099
v -0.03658795 0.06484997 0.08377701
v -0.03117799 0.06841397 0.08289498
v -0.03519797 0.07680600 0.07516497
v -0.02540600 0.07139599 0.08217298
v -0.02944195 0.07976996 0.07460397
v -0.01933795 0.07377499 0.08161598
v -0.02341896 0.08220100 0.07414299
v -0.01188397 0.08518898 0.07357800
v -0.00984394 0.07615500 0.08109498
v -0.00008400 0.07702296 0.08092999
v 0.00000000 0.08619999 0.07338696
v -0.03651899 -0.05027997 0.10456400
v -0.02986395 -0.03130495 0.10856500
v -0.03000599 -0.03122693 0.10854390
v -0.02829796 -0.03216093 0.10879500
v -0.03195399 -0.05250698 0.10589500
v -0.02297198 -0.03459197 0.10944700
v -0.02655297 -0.03303194 0.10902700
v -0.02721297 -0.05437296 0.10703200
v -0.01552796 -0.03700792 0.11011090
v -0.01842600 -0.05702495 0.10868600
v -0.00869000 -0.03835397 0.11049900
v -0.00934798 -0.05882793 0.10984990
v -0.00435096 -0.03880393 0.11063500
v 0.00000100 -0.05957198 0.11034800
v 0.00001000 -0.03895294 0.11068090
v -0.05335199 -0.03691798 0.09782797
v -0.05331397 -0.03673797 0.09788501
v -0.05342799 -0.03671598 0.09779798
v -0.05361396 -0.03689897 0.09735000
v -0.05357396 -0.03666394 0.09755599
v -0.05359798 -0.03663796 0.09741497
v -0.05355298 -0.03752797 0.09735900
v -0.05348598 -0.03758692 0.09742301
v -0.05343896 -0.03734993 0.09761196
v -0.05364596 -0.03732496 0.09712100
v -0.05363500 -0.03739494 0.09720599
v -0.05363798 -0.03723198 0.09718996
v -0.05354195 -0.03692495 0.09761101
v -0.05338799 -0.03709393 0.09775501
v -0.05351698 -0.03669095 0.09768599
v -0.05355995 -0.03708893 0.09753900
v -0.05362999 -0.03712993 0.09725099
v -0.05357795 -0.03724396 0.09745198
v -0.05360394 -0.03746294 0.09728598
v -0.03651899 -0.05027997 0.10456400
v -0.03000599 -0.03122693 0.10854390
v -0.03409600 -0.02862697 0.10787090
v -0.04143697 -0.04727596 0.10284500
v -0.03798496 -0.02575093 0.10714200
v -0.04604899 -0.04387295 0.10102400
v -0.04169899 -0.02266496 0.10635390
v -0.05187696 -0.01300698 0.10273300
v -0.04824894 -0.01564693 0.10450700
v -0.05102396 -0.01173794 0.10351100
v -0.05150198 -0.01098996 0.10332000
v -0.05173599 -0.01061397 0.10322400
v -0.05126398 -0.01136493 0.10341600
v -0.05245095 -0.02256894 0.10070400
v -0.04516500 -0.01932793 0.10545700
v -0.05030399 -0.04002892 0.09920299
v -0.05314099 -0.03387796 0.09841299
v -0.05331397 -0.03673797 0.09788501
v -0.05359798 -0.03663796 0.09741497
v -0.05203098 -0.01026695 0.10273090
v -0.05201900 -0.00968593 0.10239400
v -0.05364596 -0.03732496 0.09712100
v -0.05361396 -0.03689897 0.09735000
v -0.05362999 -0.03712993 0.09725099
v -0.05363798 -0.03723198 0.09718996
v -0.05524396 -0.04229998 0.06977999
v -0.05524396 -0.05579197 0.08327096
v -0.05524396 -0.04229998 0.06977999
v -0.05525898 -0.05588793 0.08320301
v -0.05524396 -0.05579197 0.08327096
v -0.05526995 -0.04241693 0.06966298
v -0.05528795 -0.05596596 0.08311998
v -0.05532199 -0.04252898 0.06955099
v -0.05533397 -0.05603092 0.08301299
v -0.05539995 -0.04263293 0.06944698
v -0.05538898 -0.05606597 0.08290499
v -0.05548596 -0.05608093 0.08273297
v -0.05550098 -0.04272598 0.06935399
v -0.05559998 -0.05605697 0.08254897
v -0.05562299 -0.04280596 0.06927299
v -0.05573898 -0.05598896 0.08234101
v -0.05576199 -0.04287093 0.06920796
v -0.05591499 -0.04291898 0.06916099
v -0.05595695 -0.05581897 0.08203899
v -0.05607599 -0.04294794 0.06913197
v -0.05610096 -0.05567497 0.08185297
v -0.05624198 -0.04295796 0.06912201
v -0.05624198 -0.05551397 0.08167695
v -0.05962795 -0.04136693 0.06753098
v -0.05749595 -0.04034596 0.06650996
v -0.05816197 -0.03982692 0.06598997
v -0.06005996 -0.04106193 0.06722599
v -0.05893898 -0.03939098 0.06555497
v -0.05927795 -0.04172098 0.06788396
v -0.05695796 -0.04093593 0.06709897
v -0.06055897 -0.04081493 0.06697899
v -0.05980497 -0.03904998 0.06521397
v -0.05902099 -0.04211193 0.06827497
v -0.05656397 -0.04157894 0.06774300
v -0.06111198 -0.04063194 0.06679600
v -0.06073898 -0.03881394 0.06497800
v -0.05886298 -0.04252797 0.06869196
v -0.05632299 -0.04225897 0.06842297
v -0.06170195 -0.04052096 0.06668496
v -0.06150597 -0.03871697 0.06488096
v -0.05880898 -0.04295796 0.06912201
v -0.05624198 -0.04295796 0.06912201
v -0.06230896 -0.04048293 0.06664699
v -0.06236195 -0.03866696 0.06483095
v -0.05886298 -0.04338794 0.06955200
v -0.06291699 -0.04052096 0.06668496
v -0.05902099 -0.04380494 0.06996798
v -0.06350696 -0.04063194 0.06679600
v -0.05927795 -0.04419493 0.07035899
v -0.06405895 -0.04081493 0.06697899
v -0.05962795 -0.04454892 0.07071298
v -0.06455898 -0.04106193 0.06722599
v -0.07239300 -0.03829497 0.06445896
v -0.06499099 -0.04136693 0.06753098
v -0.06534099 -0.04172098 0.06788396
v -0.06854498 -0.04336595 0.06953001
v -0.06559801 -0.04211193 0.06827497
v -0.06575596 -0.04252797 0.06869196
v -0.06580895 -0.04295796 0.06912201
v -0.06575596 -0.04338794 0.06955200
v -0.06559801 -0.04380494 0.06996798
v -0.06534099 -0.04419493 0.07035899
v -0.06499099 -0.04454892 0.07071298
v -0.06420797 -0.04823493 0.07439899
v -0.06455898 -0.04485398 0.07101798
v -0.06405895 -0.04510098 0.07126498
v -0.06350696 -0.04528397 0.07144701
v -0.06291699 -0.04539495 0.07155901
v -0.06230896 -0.04543298 0.07159698
v -0.06170195 -0.04539495 0.07155901
v -0.06111198 -0.04528397 0.07144701
v -0.06055897 -0.04510098 0.07126498
v -0.05624198 -0.05551397 0.08167695
v -0.06005996 -0.04485398 0.07101798
v -0.07296097 -0.03705197 0.06428599
v -0.06231296 -0.03745198 0.06467700
v -0.06230896 -0.03730493 0.06478399
v -0.07293599 -0.03691095 0.06439000
v -0.07295995 -0.03721094 0.06420898
v -0.06231796 -0.03763097 0.06459397
v -0.07293397 -0.03738093 0.06416201
v -0.06232398 -0.03781193 0.06454896
v -0.07290595 -0.03748494 0.06414997
v -0.06232994 -0.03800094 0.06453901
v -0.07286196 -0.03761094 0.06414896
v -0.07278698 -0.03777593 0.06417196
v -0.06233698 -0.03817993 0.06456196
v -0.07268500 -0.03794997 0.06422698
v -0.06234496 -0.03835797 0.06462097
v -0.07255399 -0.03812593 0.06432098
v -0.06235295 -0.03852194 0.06471097
v -0.07239300 -0.03829497 0.06445896
v -0.06236195 -0.03866696 0.06483095
v -0.07083600 0.05805301 -0.04471898
v -0.06145298 0.06717997 -0.03421998
v -0.06145298 0.05805301 -0.04471898
v -0.06145298 0.05795496 -0.04485398
v -0.07083600 0.05805301 -0.04471898
v -0.07103300 0.05794697 -0.04486799
v -0.06145298 0.05787998 -0.04500299
v -0.07116299 0.05787801 -0.04500800
v -0.07122296 0.05784702 -0.04509598
v -0.06145298 0.05783098 -0.04516196
v -0.07129895 0.05781298 -0.04526698
v -0.06145298 0.05780899 -0.04532694
v -0.07132500 0.05780899 -0.04541796
v -0.06145298 0.05781501 -0.04549396
v -0.07131898 0.05782198 -0.04554396
v -0.06145298 0.05784797 -0.04565697
v -0.07129698 0.05784499 -0.04564797
v -0.07122397 0.05790698 -0.04581099
v -0.06145298 0.05790799 -0.04581195
v -0.07112395 0.05798399 -0.04594296
v -0.06145298 0.05799299 -0.04595500
v -0.07104998 0.05804002 -0.04601597
v -0.06145298 0.05810099 -0.04608297
v -0.07096898 0.05810099 -0.04608297
v -0.05538499 0.06239098 -0.05037295
v -0.05538499 0.07376897 -0.06175094
v -0.06033796 0.06974297 -0.05772495
v -0.05877196 0.06398200 -0.05196398
v -0.05920296 0.06428700 -0.05226898
v -0.05970299 0.06453400 -0.05251598
v -0.05842196 0.06362897 -0.05160999
v -0.06025600 0.06471699 -0.05269896
v -0.05816400 0.06323802 -0.05121898
v -0.06084495 0.06482797 -0.05280995
v -0.05800598 0.06282097 -0.05080294
v -0.06145298 0.06486600 -0.05284798
v -0.05795300 0.06239098 -0.05037295
v -0.06206095 0.06482797 -0.05280995
v -0.05800598 0.06196099 -0.04994297
v -0.05547797 0.06164598 -0.04962795
v -0.05816400 0.06154501 -0.04952698
v -0.05575096 0.06092399 -0.04890596
v -0.05842196 0.06115400 -0.04913598
v -0.05619800 0.06024599 -0.04822796
v -0.06482499 0.06545001 -0.05343198
v -0.06264996 0.06471699 -0.05269896
v -0.06320297 0.06453400 -0.05251598
v -0.06370300 0.06428700 -0.05226898
v -0.05877196 0.06080001 -0.04878199
v -0.05680495 0.05963301 -0.04761499
v -0.06413400 0.06398200 -0.05196398
v -0.05920296 0.06049501 -0.04847699
v -0.05755299 0.05910396 -0.04708600
v -0.06448400 0.06362897 -0.05160999
v -0.05970299 0.06024801 -0.04822999
v -0.06474196 0.06323802 -0.05121898
v -0.05841898 0.05867600 -0.04665696
v -0.06025600 0.06006497 -0.04804694
v -0.06489998 0.06282097 -0.05080294
v -0.05937796 0.05835896 -0.04634100
v -0.06084495 0.05995398 -0.04793596
v -0.06039899 0.05816596 -0.04614800
v -0.06145298 0.05991601 -0.04789799
v -0.06145298 0.05810099 -0.04608297
v -0.06320297 0.06024801 -0.04822999
v -0.06370300 0.06049501 -0.04847699
v -0.06264996 0.06006497 -0.04804694
v -0.06206095 0.05995398 -0.04793596
v -0.07096898 0.05810099 -0.04608297
v -0.06495296 0.06239098 -0.05037295
v -0.06489998 0.06196099 -0.04994297
v -0.06474196 0.06154501 -0.04952698
v -0.06448400 0.06115400 -0.04913598
v -0.06413400 0.06080001 -0.04878199
v -0.05440700 0.07460701 -0.06146395
v -0.05438798 0.06304901 -0.04971498
v -0.05438798 0.07454001 -0.06120598
v -0.05441296 0.06293201 -0.04983198
v -0.05444896 0.07464396 -0.06170696
v -0.05446594 0.06282097 -0.04994297
v -0.05450797 0.07464599 -0.06189197
v -0.05454397 0.06271702 -0.05004799
v -0.05456095 0.07462799 -0.06199598
v -0.05464500 0.06262302 -0.05014097
v -0.05463898 0.07458299 -0.06209194
v -0.05475097 0.07449501 -0.06215494
v -0.05476695 0.06254297 -0.05022096
v -0.05489796 0.07435399 -0.06215697
v -0.05490595 0.06247800 -0.05028599
v -0.05501598 0.07422697 -0.06210899
v -0.05505800 0.06243002 -0.05033397
v -0.05516999 0.07404500 -0.06199395
v -0.05521899 0.06240099 -0.05036294
v -0.05538499 0.07376897 -0.06175094
v -0.05538499 0.06239098 -0.05037295
v -0.05438798 0.06304901 -0.04971498
v -0.05325299 0.07452702 -0.03823697
v -0.05920696 0.06019902 -0.04279196
v -0.05791997 0.05872201 -0.04538899
v -0.05903697 0.05835402 -0.04502099
v -0.06022596 0.05812901 -0.04479497
v -0.06145298 0.05805301 -0.04471898
v -0.05718195 0.06092900 -0.04352098
v -0.05604100 0.05983799 -0.04650396
v -0.05691200 0.05922198 -0.04588794
v -0.05914497 0.06210100 -0.04061895
v -0.06145298 0.06717997 -0.03421998
v -0.05557399 0.06206601 -0.04465794
v -0.05533397 0.06055098 -0.04721695
v -0.05706298 0.06285101 -0.04136896
v -0.05908298 0.06400197 -0.03844696
v -0.05454200 0.06349802 -0.04609096
v -0.05438798 0.06304901 -0.04971498
v -0.05449497 0.06218099 -0.04884797
v -0.05481398 0.06133997 -0.04800695
v -0.05541098 0.06401902 -0.04253798
v -0.05694496 0.06477200 -0.03921699
v -0.05902099 0.06590300 -0.03627395
v -0.05435097 0.06549102 -0.04400998
v -0.05524796 0.06597197 -0.04041695
v -0.05682694 0.06669402 -0.03706496
v -0.05895894 0.06780499 -0.03410196
v -0.06073397 0.06794697 -0.03338599
v -0.05997896 0.06874001 -0.03262895
v -0.05415898 0.06748402 -0.04192894
v -0.05325299 0.07452702 -0.03823697
v -0.05508500 0.06792497 -0.03829598
v -0.05670797 0.06861597 -0.03491300
v -0.05889600 0.06970602 -0.03192996
v -0.05906200 0.06967902 -0.03188198
v -0.05833798 0.07039898 -0.03143495
v -0.05396699 0.06947702 -0.03984797
v -0.05492198 0.06987798 -0.03617596
v -0.05658996 0.07053697 -0.03276097
v -0.05631899 0.07229501 -0.03097999
v -0.05596899 0.07260501 -0.03104799
v -0.05667495 0.07197499 -0.03096199
v -0.05715095 0.07153600 -0.03100895
v -0.05767196 0.07104498 -0.03114396
v -0.05377596 0.07147002 -0.03776699
v -0.05475896 0.07183200 -0.03405499
v -0.05378299 0.07434701 -0.03348499
v -0.05348396 0.07453399 -0.03455299
v -0.05408996 0.07413101 -0.03276699
v -0.05441498 0.07388800 -0.03222197
v -0.05476599 0.07361400 -0.03179097
v -0.05516099 0.07329297 -0.03144198
v -0.05559295 0.07292997 -0.03118598
v -0.05358397 0.07346200 -0.03568595
v -0.05326998 0.07462501 -0.03607696
v 0.05521899 0.06240099 -0.05036294
v 0.05505800 0.06243002 -0.05033397
v 0.05545997 0.06172001 -0.04970198
v 0.05538499 0.06239098 -0.05037295
v 0.06035196 0.05801600 -0.04491496
v 0.06145298 0.05805301 -0.04471898
v 0.06145298 0.05795496 -0.04485398
v 0.06145298 0.05787998 -0.04500299
v 0.06022596 0.05812901 -0.04479497
v 0.06035995 0.05794101 -0.04506397
v 0.06145298 0.05783098 -0.04516196
v 0.06037199 0.05789101 -0.04522198
v 0.06145298 0.05780899 -0.04532694
v 0.06038796 0.05786800 -0.04538595
v 0.06145298 0.05781501 -0.04549396
v 0.06040698 0.05787301 -0.04555195
v 0.06145298 0.05784797 -0.04565697
v 0.06042897 0.05790501 -0.04571396
v 0.06145298 0.05790799 -0.04581195
v 0.06045299 0.05796396 -0.04586797
v 0.06145298 0.05799299 -0.04595500
v 0.05927795 0.05819797 -0.04509699
v 0.05903697 0.05835402 -0.04502099
v 0.06047797 0.05804699 -0.04600995
v 0.06145298 0.05810099 -0.04608297
v 0.06050395 0.05815398 -0.04613494
v 0.05929398 0.05812197 -0.04524499
v 0.05931794 0.05807000 -0.04540097
v 0.05934900 0.05804497 -0.04556298
v 0.05938696 0.05804598 -0.04572498
v 0.05943000 0.05807501 -0.04588299
v 0.05947697 0.05812996 -0.04603296
v 0.05825698 0.05849701 -0.04539597
v 0.05791997 0.05872201 -0.04538899
v 0.05952697 0.05820900 -0.04617094
v 0.05957800 0.05831098 -0.04629296
v 0.05828100 0.05841797 -0.04554098
v 0.05831599 0.05836302 -0.04569399
v 0.05836194 0.05833399 -0.04585194
v 0.05841696 0.05832999 -0.04600894
v 0.05848097 0.05835300 -0.04616099
v 0.05855000 0.05840098 -0.04630500
v 0.05862295 0.05847400 -0.04643595
v 0.05869799 0.05856800 -0.04654997
v 0.05734598 0.05882400 -0.04594600
v 0.05691200 0.05922198 -0.04588794
v 0.05739200 0.05876398 -0.04609495
v 0.05692797 0.05911898 -0.04601794
v 0.05745095 0.05872797 -0.04624599
v 0.05696195 0.05903601 -0.04615896
v 0.05752295 0.05871796 -0.04639595
v 0.05701196 0.05897396 -0.04630500
v 0.05760496 0.05873197 -0.04654097
v 0.05707699 0.05893498 -0.04645299
v 0.05769395 0.05877196 -0.04667598
v 0.05647498 0.05941301 -0.04631197
v 0.05604100 0.05983799 -0.04650396
v 0.05715495 0.05892097 -0.04659998
v 0.05778896 0.05883496 -0.04679697
v 0.05788695 0.05891996 -0.04690200
v 0.05651199 0.05932700 -0.04644995
v 0.05724400 0.05893099 -0.04673999
v 0.05656695 0.05926197 -0.04659295
v 0.05734199 0.05896598 -0.04686999
v 0.05663895 0.05921900 -0.04673695
v 0.05605995 0.05973297 -0.04663199
v 0.05744600 0.05902397 -0.04698699
v 0.05716300 0.05935698 -0.04733896
v 0.05672496 0.05919998 -0.04687798
v 0.05609995 0.05964499 -0.04676795
v 0.05682295 0.05920398 -0.04701298
v 0.05615997 0.05957597 -0.04690694
v 0.05693095 0.05923300 -0.04713696
v 0.05575799 0.06000697 -0.04690599
v 0.05533397 0.06055098 -0.04721695
v 0.05623799 0.05952900 -0.04704695
v 0.05704498 0.05928397 -0.04724597
v 0.05579996 0.05991697 -0.04703897
v 0.05633097 0.05950397 -0.04718196
v 0.05586296 0.05984497 -0.04717600
v 0.05643695 0.05950200 -0.04730999
v 0.05594497 0.05979299 -0.04731094
v 0.05655395 0.05952298 -0.04742699
v 0.05604398 0.05976396 -0.04744195
v 0.05535596 0.06044399 -0.04734295
v 0.05481398 0.06133997 -0.04800695
v 0.05667799 0.05956798 -0.04752999
v 0.05654394 0.05986899 -0.04785096
v 0.05615597 0.05975699 -0.04756498
v 0.05540198 0.06035000 -0.04747295
v 0.05627900 0.05977201 -0.04767596
v 0.05546897 0.06027400 -0.04760497
v 0.05640995 0.05980998 -0.04777199
v 0.05555695 0.06021600 -0.04773396
v 0.05566298 0.06017899 -0.04785698
v 0.05578297 0.06016302 -0.04797196
v 0.05591499 0.06016898 -0.04807299
v 0.05604696 0.06044298 -0.04842495
v 0.05483800 0.06123000 -0.04812896
v 0.05605494 0.06019699 -0.04815900
v 0.05488699 0.06113100 -0.04825395
v 0.05495995 0.06104600 -0.04837697
v 0.05505496 0.06097698 -0.04849499
v 0.05516999 0.06092602 -0.04860395
v 0.05530095 0.06089401 -0.04870295
v 0.05544400 0.06088298 -0.04878699
v 0.05568200 0.06106501 -0.04904699
v 0.05451995 0.06206798 -0.04896700
v 0.05441296 0.06293201 -0.04983198
v 0.05438798 0.06304901 -0.04971498
v 0.05559498 0.06089299 -0.04885596
v 0.05457198 0.06196302 -0.04908496
v 0.05446594 0.06282097 -0.04994297
v 0.05464899 0.06186801 -0.04919898
v 0.05454397 0.06271702 -0.05004799
v 0.05474799 0.06178700 -0.04930496
v 0.05464500 0.06262302 -0.05014097
v 0.05486798 0.06172198 -0.04939997
v 0.05476695 0.06254297 -0.05022096
v 0.05500495 0.06167399 -0.04948198
v 0.05490595 0.06247800 -0.05028599
v 0.05515497 0.06164497 -0.04954898
v 0.05531400 0.06163597 -0.04959797
v 0.06489998 0.06282097 -0.05080294
v 0.06495296 0.06182497 -0.05093896
v 0.06495296 0.06239098 -0.05037295
v 0.06489998 0.06225496 -0.05136799
v 0.06474196 0.06323802 -0.05121898
v 0.06474196 0.06267201 -0.05178499
v 0.06448400 0.06362897 -0.05160999
v 0.06448400 0.06306302 -0.05217599
v 0.06413400 0.06398200 -0.05196398
v 0.06413400 0.06341600 -0.05252897
v 0.06370300 0.06428700 -0.05226898
v 0.06370300 0.06372100 -0.05283498
v 0.06320297 0.06453400 -0.05251598
v 0.06320297 0.06396901 -0.05308198
v 0.06264996 0.06471699 -0.05269896
v 0.06264996 0.06415098 -0.05326396
v 0.06206095 0.06482797 -0.05280995
v 0.06206095 0.06426298 -0.05337595
v 0.06145298 0.06486600 -0.05284798
v 0.06145298 0.06430000 -0.05341398
v 0.06084495 0.06482797 -0.05280995
v 0.06084495 0.06426298 -0.05337595
v 0.06025600 0.06471699 -0.05269896
v 0.06025600 0.06415098 -0.05326396
v 0.05970299 0.06453400 -0.05251598
v 0.05970299 0.06396901 -0.05308198
v 0.05920296 0.06428700 -0.05226898
v 0.05920296 0.06372100 -0.05283498
v 0.05877196 0.06398200 -0.05196398
v 0.05877196 0.06341600 -0.05252897
v 0.05842196 0.06362897 -0.05160999
v 0.05842196 0.06306302 -0.05217599
v 0.05816400 0.06323802 -0.05121898
v 0.05816400 0.06267201 -0.05178499
v 0.05800598 0.06282097 -0.05080294
v 0.05800598 0.06225496 -0.05136799
v 0.05795300 0.06239098 -0.05037295
v 0.05795300 0.06182497 -0.05093896
v 0.05800598 0.06196099 -0.04994297
v 0.05800598 0.06139600 -0.05050897
v 0.05816400 0.06154501 -0.04952698
v 0.05816400 0.06097900 -0.05009198
v 0.05842196 0.06115400 -0.04913598
v 0.05842196 0.06058800 -0.04970097
v 0.05877196 0.06080001 -0.04878199
v 0.05877196 0.06023502 -0.04934799
v 0.05920296 0.06049501 -0.04847699
v 0.05920296 0.05992996 -0.04904299
v 0.05970299 0.06024801 -0.04822999
v 0.05970299 0.05968201 -0.04879498
v 0.06025600 0.06006497 -0.04804694
v 0.06025600 0.05949997 -0.04861295
v 0.06084495 0.05995398 -0.04793596
v 0.06084495 0.05938798 -0.04850095
v 0.06145298 0.05991601 -0.04789799
v 0.06145298 0.05935096 -0.04846400
v 0.06206095 0.05995398 -0.04793596
v 0.06206095 0.05938798 -0.04850095
v 0.06264996 0.06006497 -0.04804694
v 0.06264996 0.05949997 -0.04861295
v 0.06320297 0.06024801 -0.04822999
v 0.06320297 0.05968201 -0.04879498
v 0.06370300 0.06049501 -0.04847699
v 0.06370300 0.05992996 -0.04904299
v 0.06413400 0.06080001 -0.04878199
v 0.06413400 0.06023502 -0.04934799
v 0.06448400 0.06115400 -0.04913598
v 0.06448400 0.06058800 -0.04970097
v 0.06474196 0.06154501 -0.04952698
v 0.06474196 0.06097900 -0.05009198
v 0.06489998 0.06196099 -0.04994297
v 0.06489998 0.06139600 -0.05050897
v 0.06495296 0.06239098 -0.05037295
v 0.06495296 0.06182497 -0.05093896
v 0.06770795 -0.00646496 0.09116697
v 0.06789600 -0.00675994 0.09092897
v 0.06801199 -0.00665498 0.09095400
v 0.06777697 -0.00684798 0.09088099
v 0.06787896 -0.00627798 0.09117001
v 0.06818497 -0.00644594 0.09093797
v 0.06826698 -0.00631195 0.09089201
v 0.06811797 -0.00653493 0.09095400
v 0.06744897 -0.00623298 0.09138596
v 0.06761997 -0.00604492 0.09138900
v 0.06718897 -0.00600094 0.09160596
v 0.06736099 -0.00581193 0.09160900
v 0.06692999 -0.00576794 0.09182596
v 0.06710296 -0.00557894 0.09182900
v 0.06667000 -0.00553596 0.09204500
v 0.06684398 -0.00534493 0.09204798
v 0.06641095 -0.00530398 0.09226500
v 0.06658500 -0.00511193 0.09226799
v 0.06615197 -0.00507092 0.09248501
v 0.06632697 -0.00487894 0.09248697
v 0.06589198 -0.00483894 0.09270399
v 0.06606799 -0.00464594 0.09270697
v 0.06563299 -0.00460696 0.09292399
v 0.06580996 -0.00441295 0.09292697
v 0.06537300 -0.00437498 0.09314399
v 0.06555098 -0.00417894 0.09314596
v 0.06285297 -0.00138897 0.09549498
v 0.06511396 -0.00414193 0.09336298
v 0.06230896 -0.00198597 0.09548598
v 0.06529200 -0.00394595 0.09336596
v 0.06485396 -0.00390995 0.09358298
v 0.06503397 -0.00371295 0.09358596
v 0.06459498 -0.00367796 0.09380197
v 0.06477499 -0.00347996 0.09380501
v 0.06433498 -0.00344592 0.09402197
v 0.06451696 -0.00324696 0.09402501
v 0.06407600 -0.00321293 0.09424197
v 0.06425797 -0.00301397 0.09424501
v 0.06381696 -0.00298095 0.09446096
v 0.06399899 -0.00277996 0.09446400
v 0.06355696 -0.00274897 0.09468096
v 0.06374096 -0.00254697 0.09468400
v 0.06329798 -0.00251597 0.09490096
v 0.06348198 -0.00231397 0.09490400
v 0.06303799 -0.00228393 0.09512001
v 0.06322300 -0.00208098 0.09512299
v 0.06277900 -0.00205195 0.09534001
v 0.06261700 -0.00172096 0.09556996
v 0.06251895 -0.00181997 0.09555900
v 0.06241595 -0.00190896 0.09553098
v 0.06296497 -0.00184792 0.09534299
v 0.06278598 -0.00150293 0.09553700
v 0.06270599 -0.00161493 0.09556198
v 0.06230896 -0.00198597 0.09548598
v 0.06138700 -0.03735893 0.06483799
v 0.06230896 -0.03730493 0.06478399
v 0.06048095 -0.03747493 0.06495398
v 0.05957496 0.00028802 0.09793800
v 0.06230896 -0.03854095 0.06472396
v 0.06191098 -0.03867697 0.06484097
v 0.06230896 -0.03866797 0.06483095
v 0.06230896 -0.03839695 0.06463897
v 0.06138700 -0.03735893 0.06483799
v 0.06048095 -0.03747493 0.06495398
v 0.06048697 -0.03760898 0.06485497
v 0.06096094 -0.03843694 0.06471401
v 0.06073898 -0.03881394 0.06497800
v 0.06141698 -0.03871697 0.06488096
v 0.06054699 -0.03807598 0.06470400
v 0.06057900 -0.03823995 0.06470698
v 0.06061500 -0.03839993 0.06473696
v 0.06065398 -0.03855097 0.06479299
v 0.06069594 -0.03869098 0.06487399
v 0.06137299 -0.03804695 0.06459397
v 0.06052094 -0.03791296 0.06472796
v 0.06190198 -0.03766596 0.06460499
v 0.06230896 -0.03791195 0.06453996
v 0.06230896 -0.03774696 0.06456196
v 0.06230896 -0.03758794 0.06461101
v 0.06230896 -0.03743892 0.06468498
v 0.06230896 -0.03730493 0.06478399
v 0.06139194 -0.03842192 0.06467896
v 0.06165897 -0.03839796 0.06465595
v 0.06230896 -0.03824198 0.06457901
v 0.06136995 -0.03766697 0.06465595
v 0.06050097 -0.03775596 0.06477898
v 0.06177395 -0.03803497 0.06456297
v 0.06230896 -0.03807896 0.06454598
v 0.05607599 -0.04294794 0.06913197
v 0.05624198 -0.04295796 0.06912201
v 0.05632299 -0.04225897 0.06842297
v 0.05973696 -0.03893297 0.06511700
v 0.06073898 -0.03881394 0.06497800
v 0.06069594 -0.03869098 0.06487399
v 0.05980497 -0.03904998 0.06521397
v 0.05966997 -0.03879994 0.06504195
v 0.06065398 -0.03855097 0.06479299
v 0.05960696 -0.03865396 0.06499201
v 0.06061500 -0.03839993 0.06473696
v 0.05954998 -0.03849995 0.06496697
v 0.06057900 -0.03823995 0.06470698
v 0.05949997 -0.03834098 0.06496900
v 0.06054699 -0.03807598 0.06470400
v 0.05945795 -0.03818196 0.06499701
v 0.06052094 -0.03791296 0.06472796
v 0.05942595 -0.03802794 0.06505095
v 0.06050097 -0.03775596 0.06477898
v 0.05884599 -0.03928297 0.06546700
v 0.05893898 -0.03939098 0.06555497
v 0.05940395 -0.03788298 0.06512898
v 0.06048697 -0.03760898 0.06485497
v 0.06048095 -0.03747493 0.06495398
v 0.05939400 -0.03774994 0.06522899
v 0.05875694 -0.03915894 0.06540101
v 0.05867195 -0.03902196 0.06535899
v 0.05859500 -0.03887498 0.06534200
v 0.05852699 -0.03872293 0.06535100
v 0.05847096 -0.03856998 0.06538498
v 0.05842798 -0.03841996 0.06544297
v 0.05804795 -0.03973096 0.06591498
v 0.05816197 -0.03982692 0.06598997
v 0.05839794 -0.03827798 0.06552398
v 0.05838400 -0.03814595 0.06562596
v 0.05793797 -0.03961896 0.06585997
v 0.05783396 -0.03949195 0.06582999
v 0.05773895 -0.03935593 0.06582295
v 0.05765599 -0.03921294 0.06584000
v 0.05758595 -0.03906697 0.06588101
v 0.05753296 -0.03892195 0.06594496
v 0.05736398 -0.04026496 0.06644797
v 0.05749595 -0.04034596 0.06650996
v 0.05749696 -0.03878396 0.06602996
v 0.05747997 -0.03865396 0.06613296
v 0.05723595 -0.04016596 0.06640797
v 0.05711495 -0.04005295 0.06638997
v 0.05700498 -0.03992795 0.06639498
v 0.05690795 -0.03979593 0.06642299
v 0.05682796 -0.03965795 0.06647300
v 0.05676597 -0.03952097 0.06654399
v 0.05681198 -0.04086995 0.06705397
v 0.05695796 -0.04093593 0.06709897
v 0.05672496 -0.03938597 0.06663298
v 0.05670398 -0.03925895 0.06673800
v 0.05607897 -0.03994494 0.06742501
v 0.05666995 -0.04078698 0.06702899
v 0.05653500 -0.04068893 0.06702595
v 0.05641299 -0.04057794 0.06704497
v 0.05630499 -0.04045695 0.06708401
v 0.05621600 -0.04032993 0.06714397
v 0.05614697 -0.04019898 0.06722199
v 0.05640697 -0.04153096 0.06771498
v 0.05656397 -0.04157894 0.06774300
v 0.05610096 -0.04006993 0.06731700
v 0.05625396 -0.04146593 0.06770700
v 0.05610996 -0.04138296 0.06771999
v 0.05597800 -0.04128694 0.06775397
v 0.05586296 -0.04117894 0.06780600
v 0.05576699 -0.04106193 0.06787699
v 0.05569297 -0.04093998 0.06796300
v 0.05615895 -0.04222995 0.06841397
v 0.05591499 -0.04291898 0.06916099
v 0.05564296 -0.04081696 0.06806296
v 0.05561900 -0.04069393 0.06817400
v 0.05533897 -0.04148596 0.06896597
v 0.05599999 -0.04218196 0.06842398
v 0.05584996 -0.04211694 0.06845396
v 0.05562299 -0.04280596 0.06927299
v 0.05571299 -0.04203593 0.06850296
v 0.05550098 -0.04272598 0.06935399
v 0.05559200 -0.04194194 0.06857001
v 0.05539995 -0.04263293 0.06944698
v 0.05549198 -0.04183697 0.06865096
v 0.05532199 -0.04252898 0.06955099
v 0.05541598 -0.04172396 0.06874698
v 0.05526995 -0.04241693 0.06966298
v 0.05536395 -0.04160594 0.06885200
v 0.05524396 -0.04229998 0.06977999
v 0.05880898 -0.04352396 0.06855601
v 0.05886298 -0.04252797 0.06869196
v 0.05880898 -0.04295796 0.06912201
v 0.05886298 -0.04309397 0.06812596
v 0.05901998 -0.04211193 0.06827497
v 0.05901998 -0.04267698 0.06770998
v 0.05927795 -0.04172098 0.06788396
v 0.05927795 -0.04228597 0.06731897
v 0.05962795 -0.04136693 0.06753098
v 0.05962795 -0.04193294 0.06696498
v 0.06005996 -0.04106193 0.06722599
v 0.06005996 -0.04162794 0.06665998
v 0.06055897 -0.04081493 0.06697899
v 0.06055897 -0.04137992 0.06641298
v 0.06111198 -0.04063194 0.06679600
v 0.06111198 -0.04119795 0.06623101
v 0.06170195 -0.04052096 0.06668496
v 0.06170195 -0.04108595 0.06611901
v 0.06230896 -0.04048293 0.06664699
v 0.06230896 -0.04104894 0.06608098
v 0.06291699 -0.04052096 0.06668496
v 0.06291699 -0.04108595 0.06611901
v 0.06350600 -0.04063194 0.06679600
v 0.06350600 -0.04119795 0.06623101
v 0.06405895 -0.04081493 0.06697899
v 0.06405895 -0.04137992 0.06641298
v 0.06455898 -0.04106193 0.06722599
v 0.06455898 -0.04162794 0.06665998
v 0.06499099 -0.04136693 0.06753098
v 0.06499099 -0.04193294 0.06696498
v 0.06534099 -0.04172098 0.06788396
v 0.06534099 -0.04228597 0.06731897
v 0.06559801 -0.04211193 0.06827497
v 0.06559801 -0.04267698 0.06770998
v 0.06575596 -0.04252797 0.06869196
v 0.06575596 -0.04309397 0.06812596
v 0.06580895 -0.04295796 0.06912201
v 0.06580895 -0.04352396 0.06855601
v 0.06575596 -0.04338794 0.06955200
v 0.06575596 -0.04395395 0.06898599
v 0.06559801 -0.04380494 0.06996798
v 0.06559801 -0.04436993 0.06940299
v 0.06534099 -0.04419493 0.07035899
v 0.06534099 -0.04476094 0.06979399
v 0.06499099 -0.04454892 0.07071298
v 0.06499099 -0.04511493 0.07014697
v 0.06455898 -0.04485398 0.07101798
v 0.06455898 -0.04541993 0.07045197
v 0.06405895 -0.04510098 0.07126498
v 0.06405895 -0.04566693 0.07069897
v 0.06350600 -0.04528397 0.07144701
v 0.06350600 -0.04584896 0.07088196
v 0.06291699 -0.04539495 0.07155901
v 0.06291699 -0.04596096 0.07099300
v 0.06230896 -0.04543298 0.07159698
v 0.06230896 -0.04599893 0.07103097
v 0.06170195 -0.04596096 0.07099300
v 0.06170195 -0.04539495 0.07155901
v 0.06111198 -0.04528397 0.07144701
v 0.06111198 -0.04584896 0.07088196
v 0.06055897 -0.04566693 0.07069897
v 0.06055897 -0.04510098 0.07126498
v 0.06005996 -0.04485398 0.07101798
v 0.06005996 -0.04541993 0.07045197
v 0.05962795 -0.04454892 0.07071298
v 0.05962795 -0.04511493 0.07014697
v 0.05927795 -0.04476094 0.06979399
v 0.05927795 -0.04419493 0.07035899
v 0.05901998 -0.04380494 0.06996798
v 0.05901998 -0.04436993 0.06940299
v 0.05886298 -0.04338794 0.06955200
v 0.05886298 -0.04395395 0.06898599
v 0.05880898 -0.04295796 0.06912201
v 0.05880898 -0.04352396 0.06855601
v 0.05151897 -0.01004397 0.10313900
v 0.05132198 -0.00987494 0.10299000
v 0.05132699 -0.01006895 0.10310200
v 0.05150496 -0.00946194 0.10280200
v 0.05131298 -0.00948697 0.10276600
v 0.05131798 -0.00968093 0.10287800
v 0.05169999 -0.00947493 0.10277190
v 0.05171298 -0.01005697 0.10310790
v 0.05186599 -0.00952494 0.10267900
v 0.05187898 -0.01010793 0.10301500
v 0.05194199 -0.00956994 0.10259800
v 0.05195295 -0.01015293 0.10293400
v 0.05199497 -0.00962496 0.10250000
v 0.05200695 -0.01020896 0.10283600
v 0.05201900 -0.00968593 0.10239400
v 0.05203098 -0.01026898 0.10273090
v 0.05333298 -0.03745895 0.09816598
v 0.05344796 -0.03743797 0.09807896
v 0.05283498 -0.02915596 0.09960699
v 0.05231398 -0.01665794 0.10180900
v 0.05173099 -0.01061797 0.10322990
v 0.05208897 -0.01671695 0.10203400
v 0.05184495 -0.01054394 0.10314600
v 0.05190598 -0.01049196 0.10308000
v 0.05195695 -0.01043695 0.10300300
v 0.05199599 -0.01038098 0.10291800
v 0.05202096 -0.01032394 0.10282700
v 0.05203098 -0.01026898 0.10273090
v 0.05305099 -0.02910393 0.09939700
v 0.05361998 -0.03736793 0.09769397
v 0.05353796 -0.03741496 0.09796696
v 0.05359596 -0.03739094 0.09783601
v 0.05640196 0.00040802 0.09992700
v 0.05804198 0.00106800 0.09931796
v 0.05724400 0.00130099 0.10002490
v 0.05881994 0.00072402 0.09861999
v 0.05561196 -0.00053598 0.09988999
v 0.05821496 -0.03489094 0.06852400
v 0.05747997 -0.03865396 0.06613296
v 0.05838400 -0.03814595 0.06562596
v 0.05939400 -0.03774994 0.06522899
v 0.06048095 -0.03747493 0.06495398
v 0.05646300 -0.03605097 0.06968396
v 0.05607897 -0.03994494 0.06742501
v 0.05670398 -0.03925895 0.06673800
v 0.05804598 -0.03163498 0.07142198
v 0.05533099 -0.03754794 0.07118201
v 0.05524396 -0.04229998 0.06977999
v 0.05533897 -0.04148596 0.06896597
v 0.05561900 -0.04069393 0.06817400
v 0.05622196 -0.03284293 0.07262998
v 0.05787700 -0.02837896 0.07431995
v 0.05504298 -0.03440195 0.07418900
v 0.05597996 -0.02963495 0.07557600
v 0.05770796 -0.02512294 0.07721799
v 0.05475497 -0.03125596 0.07719701
v 0.05573898 -0.02642697 0.07852196
v 0.05753898 -0.02186697 0.08011597
v 0.05446696 -0.02810996 0.08020496
v 0.05549699 -0.02321892 0.08146798
v 0.05736994 -0.01861095 0.08301401
v 0.05957496 0.00028802 0.09793800
v 0.05417895 -0.02496397 0.08321297
v 0.05201900 -0.00968593 0.10239400
v 0.05525594 -0.02001094 0.08441400
v 0.05720096 -0.01535493 0.08591198
v 0.05388998 -0.02181798 0.08622097
v 0.05501395 -0.01680296 0.08735996
v 0.05703198 -0.01209998 0.08880996
v 0.05360198 -0.01867192 0.08922797
v 0.05477297 -0.01359498 0.09030598
v 0.05686295 -0.00884396 0.09170800
v 0.05331397 -0.01552498 0.09223598
v 0.05453199 -0.01038694 0.09325200
v 0.05669397 -0.00558793 0.09460598
v 0.05302596 -0.01237893 0.09524399
v 0.05428999 -0.00717998 0.09619796
v 0.05298697 -0.00498998 0.10048200
v 0.05244499 -0.00656796 0.10097500
v 0.05652499 -0.00233197 0.09750497
v 0.05459296 -0.00195497 0.09994697
v 0.05273795 -0.00923294 0.09825199
v 0.05211395 -0.00814593 0.10161700
v 0.05404895 -0.00397193 0.09914398
v 0.05371195 -0.00344592 0.10014200
v 0.05127298 -0.01095795 0.10341790
v 0.05114895 -0.01154297 0.10346500
v 0.05173099 -0.01061797 0.10322990
v 0.05060696 -0.01185894 0.10365800
v 0.05064594 -0.01129496 0.10345600
v 0.05002099 -0.01224893 0.10369800
v 0.05054897 -0.01245695 0.10369900
v 0.05090397 -0.01140195 0.10354200
v 0.05029100 -0.01233696 0.10377900
v 0.04998499 -0.01278793 0.10389300
v 0.04937595 -0.01319193 0.10393600
v 0.04993098 -0.01336097 0.10392900
v 0.04965895 -0.01325994 0.10401300
v 0.04796099 -0.01557296 0.10459890
v 0.04587495 -0.01771998 0.10508200
v 0.04640597 -0.01792293 0.10509690
v 0.04614394 -0.01780593 0.10516600
v 0.04421699 -0.01994496 0.10571000
v 0.04194694 -0.02189695 0.10613100
v 0.04243797 -0.02212893 0.10616990
v 0.04219394 -0.02199792 0.10621890
v 0.04008299 -0.02397793 0.10668990
v 0.03767299 -0.02574497 0.10705000
v 0.03811299 -0.02599996 0.10711000
v 0.03789299 -0.02585798 0.10714000
v 0.03675895 -0.02675592 0.10736300
v 0.03537797 -0.02749598 0.10749390
v 0.03580796 -0.02776896 0.10756700
v 0.03559297 -0.02761697 0.10759000
v 0.03499799 -0.02802294 0.10770400
v 0.03416097 -0.02828997 0.10771500
v 0.03460097 -0.02857893 0.10780300
v 0.03437995 -0.02841693 0.10782000
v 0.03376096 -0.02878594 0.10793300
v 0.03291797 -0.02901995 0.10793390
v 0.03334796 -0.02931594 0.10803100
v 0.03313195 -0.02914893 0.10804200
v 0.03187197 -0.02987897 0.10824600
v 0.03044700 -0.03046995 0.10833500
v 0.03081995 -0.03076094 0.10842900
v 0.03063195 -0.03059995 0.10843400
v 0.02936798 -0.03132194 0.10861900
v 0.02792495 -0.03187292 0.10870000
v 0.02826696 -0.03217297 0.10879800
v 0.02809494 -0.03200793 0.10879700
v 0.02547895 -0.03328496 0.10913100
v 0.02266597 -0.03427994 0.10933500
v 0.02294898 -0.03459495 0.10944800
v 0.02280598 -0.03442293 0.10943400
v 0.02007800 -0.03543096 0.10970600
v 0.01741796 -0.03648394 0.10996900
v 0.01720994 -0.03614896 0.10984200
v 0.01731097 -0.03630393 0.10994490
v 0.01448196 -0.03705495 0.11015300
v 0.01169997 -0.03785496 0.11035500
v 0.01155197 -0.03751093 0.11022400
v 0.01162499 -0.03766894 0.11032590
v 0.00873697 -0.03814697 0.11046400
v 0.00588596 -0.03867596 0.11059700
v 0.00582898 -0.03832596 0.11046090
v 0.00585794 -0.03848594 0.11056390
v 0.00292694 -0.03869396 0.11062600
v 0.00001000 -0.03895294 0.11068090
v 0.00001000 -0.03876394 0.11064700
v 0.00001000 -0.03860098 0.11054400
v 0.05125999 -0.01063293 0.10334590
v 0.05136996 -0.01038396 0.10327800
v 0.05125194 -0.01032894 0.10321190
v 0.05095595 -0.01111698 0.10346900
v 0.05150496 -0.01062196 0.10332700
v 0.05162400 -0.01053696 0.10328700
v 0.05149894 -0.01045697 0.10330400
v 0.05106198 -0.01132595 0.10350600
v 0.04230797 0.05979698 0.08511501
v 0.03776496 0.06336498 0.08415001
v 0.04212695 0.05956798 0.08511298
v 0.00284696 0.07666999 0.08105498
v -0.00008400 0.07656997 0.08102500
v 0.00575894 0.07625800 0.08108097
v -0.00008400 0.07680702 0.08103299
v -0.00008400 0.07668799 0.08104300
v 0.00285000 0.07673001 0.08104699
v 0.00622696 0.07666301 0.08099597
v -0.00008400 0.07702296 0.08092999
v -0.00008500 0.07692098 0.08099496
v 0.00599199 0.07647198 0.08109396
v 0.00890499 0.07609099 0.08116698
v 0.01247996 0.07565099 0.08119899
v 0.01154398 0.07538300 0.08125597
v 0.01201099 0.07552999 0.08128196
v 0.01486396 0.07487100 0.08142501
v 0.01774799 0.07428497 0.08149999
v 0.01719999 0.07397699 0.08156400
v 0.01747298 0.07414400 0.08158701
v 0.02026498 0.07322996 0.08179599
v 0.02289199 0.07247102 0.08191698
v 0.02272498 0.07204699 0.08201098
v 0.02281600 0.07230401 0.08201098
v 0.02549499 0.07111901 0.08229398
v 0.02823197 0.07003301 0.08249896
v 0.02802497 0.06962198 0.08259296
v 0.02812796 0.06984096 0.08260297
v 0.03068900 0.06844598 0.08294498
v 0.03330194 0.06711697 0.08321201
v 0.03305494 0.06672102 0.08330798
v 0.03317797 0.06693297 0.08331900
v 0.03558796 0.06530600 0.08372497
v 0.03805196 0.06374198 0.08405196
v 0.03790897 0.06356900 0.08416098
v 0.04245400 0.05992400 0.08501297
v 0.04434096 0.05770498 0.08565098
v 0.04646497 0.05570000 0.08608698
v 0.04609799 0.05536997 0.08618998
v 0.04628396 0.05555301 0.08620399
v 0.04809695 0.05333501 0.08677500
v 0.05000096 0.05115699 0.08725196
v 0.04959595 0.05085498 0.08735799
v 0.04980099 0.05102497 0.08737295
v 0.05138295 0.04863798 0.08799296
v 0.05305898 0.04628497 0.08851099
v 0.05261796 0.04601502 0.08861798
v 0.05284297 0.04617100 0.08863598
v 0.05417799 0.04363197 0.08929896
v 0.05540996 0.04106801 0.08996599
v 0.05561399 0.04112696 0.08985197
v 0.05513900 0.04089200 0.08996099
v 0.05538296 0.04103100 0.08998095
v 0.05645096 0.03837698 0.09067898
v 0.05762398 0.03575396 0.09125798
v 0.05711895 0.03555697 0.09136700
v 0.05737996 0.03567898 0.09139096
v 0.05816495 0.03294700 0.09211397
v 0.05906397 0.03022998 0.09271401
v 0.05853199 0.03007298 0.09282201
v 0.05880796 0.03017497 0.09284996
v 0.05930799 0.02737098 0.09359598
v 0.05992895 0.02457600 0.09421098
v 0.05937600 0.02446097 0.09431397
v 0.05966395 0.02454197 0.09434700
v 0.05987197 0.02172100 0.09509098
v 0.05997794 0.01892197 0.09581196
v 0.06020694 0.01889002 0.09569698
v 0.05963796 0.01881998 0.09579300
v 0.05993497 0.01887696 0.09583199
v 0.05985200 0.01603400 0.09656298
v 0.05989998 0.01318001 0.09715896
v 0.05932098 0.01315200 0.09724599
v 0.05962300 0.01318699 0.09729099
v 0.05924999 0.01036900 0.09800899
v 0.05901294 0.00754201 0.09859597
v 0.05878698 0.00761700 0.09870201
v 0.05842798 0.00755697 0.09867095
v 0.05860400 0.00759500 0.09871596
v 0.05873298 0.00756902 0.09872198
v 0.05796295 0.00473297 0.09944897
v 0.05706799 0.00200301 0.10013100
v 0.05719196 0.00196898 0.10015300
v 0.05695295 0.00202697 0.10007890
v 0.05804795 0.00471002 0.09945100
v 0.05749797 0.00184500 0.10005000
v 0.05735498 0.00191098 0.10013000
v 0.05819898 0.00167501 0.09945696
v 0.05804198 0.00106800 0.09931796
v 0.05888599 0.00142497 0.09887397
v 0.05730295 0.00138301 0.10004690
v 0.05724400 0.00130099 0.10002490
v 0.05735599 0.00147098 0.10006090
v 0.05743795 0.00164401 0.10006900
v 0.05747097 0.00174302 0.10006300
v 0.05749797 0.00184500 0.10005000
v 0.05940300 0.00079402 0.09834700
v 0.05881994 0.00072402 0.09861999
v 0.05957496 0.00028802 0.09793800
v 0.05987596 0.00071402 0.09800398
v 0.05994898 0.00089102 0.09796899
v 0.05981397 0.00059802 0.09800899
v 0.05971395 0.00044802 0.09799301
v 0.05964595 0.00036402 0.09797000
v 0.05888795 0.00105697 0.09879201
v 0.06020897 0.00028802 0.09764701
v 0.06119298 0.00002602 0.09690898
v 0.05994898 0.00089102 0.09796899
v 0.05987596 0.00071402 0.09800398
v 0.05981397 0.00059802 0.09800899
v 0.05971395 0.00044802 0.09799301
v 0.05964595 0.00036402 0.09797000
v 0.05957496 0.00028802 0.09793800
v 0.06102198 -0.00033798 0.09694099
v 0.06230896 -0.00198597 0.09548598
v 0.06182700 -0.00101197 0.09624898
v 0.06285297 -0.00138897 0.09549498
v 0.06278598 -0.00150293 0.09553700
v 0.06270599 -0.00161493 0.09556198
v 0.06261700 -0.00172096 0.09556996
v 0.06251895 -0.00181997 0.09555900
v 0.06241595 -0.00190896 0.09553098
v -0.06774097 -0.00629395 0.09116595
v -0.06804496 -0.00645393 0.09093499
v -0.06794899 -0.00657797 0.09095597
v -0.06812298 -0.00632793 0.09089201
v -0.06756997 -0.00647998 0.09116399
v -0.06775701 -0.00676596 0.09093099
v -0.06763100 -0.00685793 0.09088200
v -0.06783896 -0.00669295 0.09095001
v -0.06748896 -0.00606394 0.09138298
v -0.06731700 -0.00624996 0.09138101
v -0.06723797 -0.00583392 0.09160000
v -0.06706500 -0.00602096 0.09159696
v -0.06698596 -0.00560295 0.09181600
v -0.06681197 -0.00579095 0.09181398
v -0.06673395 -0.00537294 0.09203296
v -0.06655997 -0.00556195 0.09203100
v -0.06648296 -0.00514293 0.09224998
v -0.06630700 -0.00533295 0.09224700
v -0.06623095 -0.00491196 0.09246599
v -0.06605499 -0.00510293 0.09246397
v -0.06597900 -0.00468194 0.09268301
v -0.06580197 -0.00487393 0.09268099
v -0.06572800 -0.00445193 0.09289997
v -0.06554996 -0.00464398 0.09289801
v -0.06547600 -0.00422096 0.09311699
v -0.06285500 -0.00146395 0.09543299
v -0.06529700 -0.00441498 0.09311395
v -0.06522399 -0.00399095 0.09333300
v -0.06504499 -0.00418496 0.09333097
v -0.06230896 -0.00205493 0.09542596
v -0.06497198 -0.00376093 0.09354996
v -0.06479197 -0.00395596 0.09354799
v -0.06472098 -0.00352996 0.09376698
v -0.06453996 -0.00372595 0.09376400
v -0.06446897 -0.00329995 0.09398299
v -0.06428700 -0.00349694 0.09398096
v -0.06421697 -0.00306994 0.09420001
v -0.06403499 -0.00326794 0.09419798
v -0.06396597 -0.00283897 0.09441697
v -0.06378197 -0.00303793 0.09441500
v -0.06371396 -0.00260895 0.09463399
v -0.06352996 -0.00280893 0.09463101
v -0.06346195 -0.00237894 0.09485000
v -0.06327700 -0.00257897 0.09484797
v -0.06321096 -0.00214797 0.09506696
v -0.06302499 -0.00234997 0.09506499
v -0.06295895 -0.00191796 0.09528398
v -0.06261795 -0.00179297 0.09550797
v -0.06270700 -0.00168794 0.09549999
v -0.06278699 -0.00157696 0.09547501
v -0.06277197 -0.00211996 0.09528100
v -0.06241595 -0.00197893 0.09547001
v -0.06251996 -0.00189096 0.09549796
v -0.06230896 -0.00205493 0.09542596
v -0.06138700 -0.03735893 0.06483900
v -0.06048095 -0.03747296 0.06495201
v -0.06230896 -0.03730493 0.06478399
v -0.05957597 0.00025402 0.09790796
v -0.06102597 -0.00038998 0.09689599
v -0.06230896 -0.00205493 0.09542596
v -0.05957597 0.00025402 0.09790796
v -0.06061899 -0.00006298 0.09725201
v -0.05970096 0.00039402 0.09795796
v -0.05977696 0.00050002 0.09797501
v -0.05986797 0.00065602 0.09797400
v -0.05991494 0.00075502 0.09795999
v -0.05995297 0.00085402 0.09793597
v -0.06143999 -0.00022498 0.09665399
v -0.06196898 -0.00110996 0.09610897
v -0.06270700 -0.00168794 0.09549999
v -0.06261795 -0.00179297 0.09550797
v -0.06278699 -0.00157696 0.09547501
v -0.06285500 -0.00146395 0.09543299
v -0.06192398 -0.00116295 0.09611099
v -0.06241595 -0.00197893 0.09547001
v -0.06251996 -0.00189096 0.09549796
v -0.05833595 0.00161499 0.09932798
v -0.05915695 0.00127900 0.09862196
v -0.05856096 0.00082902 0.09883499
v -0.05790597 0.00110400 0.09942698
v -0.05749195 0.00183797 0.10005000
v -0.05743497 0.00164699 0.10006900
v -0.05735498 0.00147599 0.10006300
v -0.05730295 0.00138801 0.10004900
v -0.05723798 0.00129801 0.10002700
v -0.05941694 0.00075702 0.09830999
v -0.05995297 0.00085402 0.09793597
v -0.05970096 0.00039402 0.09795796
v -0.05957597 0.00025402 0.09790796
v -0.05977696 0.00050002 0.09797501
v -0.05986797 0.00065602 0.09797400
v -0.05991494 0.00075502 0.09795999
v -0.02822095 0.06975299 0.08262401
v -0.02540600 0.07139599 0.08217298
v -0.03117799 0.06841397 0.08289498
v -0.05456697 0.04272997 0.08953899
v -0.05338996 0.04567801 0.08867096
v -0.05611300 0.03992998 0.09016698
v -0.00252897 0.07674401 0.08104395
v -0.00008500 0.07692098 0.08099496
v -0.00008400 0.07702296 0.08092999
v -0.00008400 0.07680702 0.08103299
v -0.00984394 0.07615500 0.08109498
v -0.00252700 0.07668501 0.08105295
v -0.00494897 0.07633697 0.08106696
v -0.00008400 0.07668799 0.08104300
v -0.00008400 0.07656997 0.08102500
v -0.00739396 0.07630497 0.08112496
v -0.01295495 0.07508200 0.08131998
v -0.01140999 0.07564997 0.08125698
v -0.01615595 0.07452398 0.08150196
v -0.02073299 0.07280701 0.08183300
v -0.01933795 0.07377499 0.08161598
v -0.02003997 0.07330697 0.08177900
v -0.02307999 0.07215899 0.08204799
v -0.02812796 0.06956702 0.08260798
v -0.02678197 0.07051098 0.08244198
v -0.02965700 0.06902498 0.08280301
v -0.03257900 0.06730800 0.08322697
v -0.03393900 0.06613701 0.08345496
v -0.03526794 0.06552499 0.08367198
v -0.03797799 0.06350797 0.08417797
v -0.03931498 0.06209397 0.08447301
v -0.04155397 0.06076198 0.08480298
v -0.04043895 0.06145799 0.08469700
v -0.04342198 0.05864799 0.08541101
v -0.04517495 0.05641800 0.08592098
v -0.04606199 0.05615901 0.08597099
v -0.04561895 0.05630797 0.08601099
v -0.04768496 0.05385297 0.08664298
v -0.05017900 0.04999399 0.08758300
v -0.05003398 0.05109900 0.08726900
v -0.05011296 0.05056601 0.08749401
v -0.05183595 0.04789400 0.08818900
v -0.05417698 0.04299801 0.08941000
v -0.05380797 0.04436200 0.08911001
v -0.05517095 0.04150599 0.08985900
v -0.05682998 0.03731799 0.09095996
v -0.05739396 0.03464096 0.09161096
v -0.05817097 0.03389900 0.09174901
v -0.05779194 0.03429502 0.09175896
v -0.05894899 0.02943998 0.09304797
v -0.05932396 0.02493000 0.09419196
v -0.05992597 0.02456998 0.09421497
v -0.05963599 0.02477401 0.09428799
v -0.05992597 0.01981902 0.09558898
v -0.05948799 0.01503401 0.09676796
v -0.06006395 0.01508098 0.09667497
v -0.05974894 0.01513499 0.09679901
v -0.05991798 0.01511400 0.09676396
v -0.05978798 0.01507902 0.09680896
v -0.05962395 0.01322799 0.09728097
v -0.05909496 0.01135700 0.09770500
v -0.05931597 0.00910997 0.09819698
v -0.05922895 0.01025700 0.09803801
v -0.05845695 0.00771701 0.09863197
v -0.05890297 0.00842899 0.09850400
v -0.05851399 0.00659901 0.09897100
v -0.05852395 0.00543702 0.09913301
v -0.05784499 0.00370699 0.09968996
v -0.05749195 0.00183797 0.10005000
v -0.05737096 0.00189596 0.10012300
v -0.05722999 0.00194901 0.10015400
v -0.05777299 0.00373000 0.09970098
v -0.05694496 0.00202197 0.10008000
v -0.05708396 0.00199300 0.10014000
v -0.02967494 -0.03099596 0.10850700
v -0.02963197 -0.03093296 0.10845200
v -0.02977597 -0.03085196 0.10843190
v -0.02983200 -0.03093194 0.10849890
v -0.02972197 -0.03106695 0.10854700
v -0.02989095 -0.03102397 0.10854100
v -0.02976995 -0.03114396 0.10857000
v -0.02994996 -0.03112494 0.10855600
v -0.02981799 -0.03122395 0.10857590
v -0.03000599 -0.03122693 0.10854390
v -0.02986395 -0.03130495 0.10856500
v -0.02899897 -0.03157693 0.10868290
v -0.02976995 -0.03114396 0.10857000
v -0.02981799 -0.03122395 0.10857590
v -0.02986395 -0.03130495 0.10856500
v -0.02829796 -0.03216093 0.10879500
v -0.02897596 -0.03153693 0.10867300
v -0.02963197 -0.03093296 0.10845200
v -0.02967494 -0.03099596 0.10850700
v -0.02972197 -0.03106695 0.10854700
v -0.02793896 -0.03186094 0.10869800
v -0.02811700 -0.03199595 0.10879600
v -0.02725195 -0.03243893 0.10891190
v -0.02621299 -0.03272497 0.10892500
v -0.02655297 -0.03303194 0.10902700
v -0.02638095 -0.03286397 0.10902400
v -0.02461194 -0.03367197 0.10923800
v -0.02267295 -0.03427094 0.10933500
v -0.02297198 -0.03459197 0.10944700
v -0.02282094 -0.03441697 0.10943600
v -0.01915198 -0.03573894 0.10979100
v -0.01532298 -0.03666496 0.10998400
v -0.01552796 -0.03700792 0.11011090
v -0.01542496 -0.03682196 0.11008790
v -0.01332795 -0.03732293 0.11022690
v -0.01112496 -0.03758996 0.11024490
v -0.00869000 -0.03835397 0.11049900
v -0.00991297 -0.03797197 0.11041200
v -0.00686795 -0.03821796 0.11042800
v -0.00777596 -0.03827798 0.11050090
v -0.00561500 -0.03851097 0.11057000
v -0.00435096 -0.03880393 0.11063500
v -0.00216395 -0.03872597 0.11063500
v 0.00001000 -0.03860098 0.11054400
v 0.00001000 -0.03895294 0.11068090
v 0.00001000 -0.03876394 0.11064700
v -0.05342799 -0.03671598 0.09779798
v -0.05331397 -0.03673797 0.09788501
v -0.05314099 -0.03387796 0.09841299
v -0.05209797 -0.01294595 0.10250400
v -0.05200999 -0.01035195 0.10287490
v -0.05203098 -0.01026695 0.10273090
v -0.05195397 -0.01043993 0.10300800
v -0.05186200 -0.01052898 0.10312700
v -0.05173599 -0.01061397 0.10322400
v -0.05187696 -0.01300698 0.10273300
v -0.05267095 -0.02250897 0.10048690
v -0.05359798 -0.03663796 0.09741497
v -0.05245095 -0.02256894 0.10070400
v -0.05334699 -0.03382694 0.09821099
v -0.05357396 -0.03666394 0.09755599
v -0.05351698 -0.03669095 0.09768599
v -0.05150198 -0.01098996 0.10332000
v -0.05162698 -0.01053094 0.10328400
v -0.05173599 -0.01061397 0.10322400
v -0.05099099 -0.01074296 0.10331600
v -0.05125397 -0.01032096 0.10320900
v -0.05137395 -0.01037794 0.10327600
v -0.05075699 -0.01154696 0.10358300
v -0.05045396 -0.01158094 0.10352800
v -0.05072396 -0.01116293 0.10342200
v -0.05125397 -0.01084995 0.10340300
v -0.05150300 -0.01044994 0.10330200
v -0.05113595 -0.01103693 0.10345100
v -0.05126398 -0.01136493 0.10341600
v -0.05100095 -0.01124793 0.10350400
v -0.05102396 -0.01173794 0.10351100
v -0.05074596 -0.01164293 0.10360400
v -0.04824894 -0.01564693 0.10450700
v -0.04797899 -0.01553696 0.10458900
v -0.04769796 -0.01545995 0.10450700
v -0.04648196 -0.01740294 0.10506000
v -0.04516500 -0.01932793 0.10545700
v -0.04463100 -0.01910895 0.10543700
v -0.04493498 -0.01910597 0.10550090
v -0.04490196 -0.01920193 0.10552600
v -0.04406595 -0.02006697 0.10575800
v -0.04169899 -0.02266496 0.10635390
v -0.04294097 -0.02080392 0.10588600
v -0.04233396 -0.02172297 0.10619690
v -0.04118597 -0.02242094 0.10630700
v -0.04144400 -0.02252596 0.10640400
v -0.03961896 -0.02409493 0.10680100
v -0.03798496 -0.02575093 0.10714200
v -0.03752499 -0.02548795 0.10708000
v -0.03780299 -0.02551895 0.10715400
v -0.03775495 -0.02560395 0.10717600
v -0.03583997 -0.02707093 0.10754100
v -0.03409600 -0.02862697 0.10787090
v -0.03369098 -0.02834898 0.10779700
v -0.03393697 -0.02840095 0.10787090
v -0.03389197 -0.02847295 0.10789100
v -0.03188598 -0.02981793 0.10822800
v -0.03000599 -0.03122693 0.10854390
v -0.02994996 -0.03112494 0.10855600
v -0.02989095 -0.03102397 0.10854100
v -0.02983200 -0.03093194 0.10849890
v -0.02977597 -0.03085196 0.10843190
v -0.05200296 -0.00963795 0.10247700
v -0.05201900 -0.00968593 0.10239400
v -0.05203098 -0.01026695 0.10273090
v -0.05200695 -0.01020693 0.10283600
v -0.05196899 -0.00959396 0.10255500
v -0.05195295 -0.01015096 0.10293400
v -0.05191898 -0.00955397 0.10262700
v -0.05187898 -0.01010596 0.10301500
v -0.05185395 -0.00951993 0.10268900
v -0.05177599 -0.00949198 0.10273900
v -0.05171298 -0.01005595 0.10310790
v -0.05168896 -0.00947297 0.10277590
v -0.05159598 -0.00946295 0.10279700
v -0.05151796 -0.01004195 0.10313800
v -0.05149996 -0.00946194 0.10280200
v -0.05132198 -0.00987297 0.10299000
v -0.05132699 -0.01006698 0.10310200
v -0.05140399 -0.00946993 0.10279200
v -0.05131798 -0.00967997 0.10287800
v -0.05131298 -0.00948697 0.10276600
v -0.05790597 0.00110400 0.09942698
v -0.05579596 -0.00030298 0.09989601
v -0.05723798 0.00129801 0.10002700
v -0.05856096 0.00082902 0.09883499
v -0.05533099 -0.03754794 0.07118099
v -0.05607897 -0.03994494 0.06742501
v -0.05561900 -0.04069393 0.06817400
v -0.05533897 -0.04148596 0.06896597
v -0.05524396 -0.04229998 0.06977999
v -0.05646300 -0.03605097 0.06968396
v -0.05747997 -0.03865396 0.06613296
v -0.05670398 -0.03925895 0.06673800
v -0.05504298 -0.03440195 0.07418900
v -0.05821496 -0.03489094 0.06852400
v -0.06048095 -0.03747296 0.06495201
v -0.05939400 -0.03774994 0.06522899
v -0.05838400 -0.03814595 0.06562596
v -0.05622196 -0.03284293 0.07262998
v -0.05475497 -0.03125596 0.07719701
v -0.05804598 -0.03163498 0.07142198
v -0.05597996 -0.02963495 0.07557600
v -0.05446696 -0.02810996 0.08020496
v -0.05787700 -0.02837896 0.07431995
v -0.05573898 -0.02642697 0.07852196
v -0.05417895 -0.02496397 0.08321201
v -0.05201900 -0.00968593 0.10239400
v -0.05770796 -0.02512294 0.07721799
v -0.05549699 -0.02321994 0.08146798
v -0.05389100 -0.02181798 0.08621996
v -0.05753898 -0.02186697 0.08011597
v -0.05525594 -0.02001196 0.08441400
v -0.05360198 -0.01867192 0.08922797
v -0.05736994 -0.01861196 0.08301401
v -0.05957597 0.00025402 0.09790796
v -0.05501496 -0.01680397 0.08735996
v -0.05331397 -0.01552593 0.09223598
v -0.05720096 -0.01535594 0.08591198
v -0.05477297 -0.01359593 0.09030598
v -0.05302596 -0.01237994 0.09524297
v -0.05703198 -0.01209998 0.08880996
v -0.05453199 -0.01038795 0.09325200
v -0.05273795 -0.00923395 0.09825098
v -0.05220597 -0.00758594 0.10137200
v -0.05267298 -0.00582796 0.10072700
v -0.05205595 -0.00864798 0.10185300
v -0.05686295 -0.00884396 0.09170800
v -0.05428999 -0.00717998 0.09619796
v -0.05669397 -0.00558793 0.09460598
v -0.05404895 -0.00397193 0.09914296
v -0.05347597 -0.00390494 0.10023090
v -0.05452996 -0.00205094 0.09995901
v -0.05652499 -0.00233197 0.09750396
v -0.05632299 -0.04225897 0.06842297
v -0.05624198 -0.04295796 0.06912201
v -0.05607599 -0.04294794 0.06913197
v -0.05533897 -0.04148596 0.06896597
v -0.05526995 -0.04241693 0.06966298
v -0.06048095 -0.03747296 0.06495201
v -0.06048697 -0.03761893 0.06484299
v -0.05939400 -0.03774994 0.06522899
v -0.05615895 -0.04222995 0.06841397
v -0.05656397 -0.04157894 0.06774300
v -0.05599999 -0.04218196 0.06842398
v -0.05591499 -0.04291898 0.06916099
v -0.05584996 -0.04211694 0.06845396
v -0.05576199 -0.04287093 0.06920796
v -0.05571299 -0.04203593 0.06850296
v -0.05562299 -0.04280596 0.06927299
v -0.05559200 -0.04194194 0.06857001
v -0.05550098 -0.04272598 0.06935399
v -0.05549198 -0.04183697 0.06865096
v -0.05539995 -0.04263293 0.06944698
v -0.05541598 -0.04172396 0.06874698
v -0.05532199 -0.04252898 0.06955099
v -0.05640697 -0.04153096 0.06771498
v -0.05695796 -0.04093593 0.06709897
v -0.05536794 -0.04161697 0.06884199
v -0.05625396 -0.04146593 0.06770700
v -0.05610996 -0.04138296 0.06771999
v -0.05597800 -0.04128694 0.06775397
v -0.05586296 -0.04117894 0.06780600
v -0.05576699 -0.04106193 0.06787699
v -0.05569297 -0.04093998 0.06796300
v -0.05681198 -0.04086995 0.06705397
v -0.05749595 -0.04034596 0.06650996
v -0.05564695 -0.04082792 0.06805300
v -0.05561900 -0.04069393 0.06817400
v -0.05666995 -0.04078698 0.06702899
v -0.05653500 -0.04068893 0.06702595
v -0.05641299 -0.04057794 0.06704497
v -0.05630499 -0.04045695 0.06708401
v -0.05621600 -0.04032993 0.06714397
v -0.05614697 -0.04019898 0.06722199
v -0.05736398 -0.04026496 0.06644797
v -0.05816197 -0.03982692 0.06598997
v -0.05610400 -0.04008197 0.06730699
v -0.05607897 -0.03994494 0.06742501
v -0.05723595 -0.04016596 0.06640797
v -0.05711495 -0.04005295 0.06638997
v -0.05700498 -0.03992795 0.06639498
v -0.05690795 -0.03979593 0.06642299
v -0.05682796 -0.03965795 0.06647300
v -0.05676597 -0.03952097 0.06654399
v -0.05804795 -0.03973096 0.06591498
v -0.05893898 -0.03939098 0.06555497
v -0.05672800 -0.03939896 0.06662398
v -0.05670398 -0.03925895 0.06673800
v -0.05793797 -0.03961896 0.06585997
v -0.05783396 -0.03949195 0.06582999
v -0.05773895 -0.03935593 0.06582295
v -0.05765599 -0.03921294 0.06584000
v -0.05758595 -0.03906697 0.06588101
v -0.05753296 -0.03892195 0.06594496
v -0.05884599 -0.03928297 0.06546700
v -0.05980497 -0.03904998 0.06521397
v -0.05750000 -0.03879594 0.06602096
v -0.05747997 -0.03865396 0.06613296
v -0.05875694 -0.03915894 0.06540101
v -0.05867195 -0.03902196 0.06535899
v -0.05859500 -0.03887498 0.06534200
v -0.05852699 -0.03872293 0.06535100
v -0.05847096 -0.03856998 0.06538498
v -0.05842798 -0.03841996 0.06544297
v -0.05973696 -0.03893297 0.06511700
v -0.06073898 -0.03881394 0.06497800
v -0.06069099 -0.03867393 0.06486201
v -0.05840098 -0.03829097 0.06551599
v -0.05838400 -0.03814595 0.06562596
v -0.05966997 -0.03879994 0.06504195
v -0.06064397 -0.03851395 0.06477499
v -0.05960696 -0.03865396 0.06499201
v -0.06060099 -0.03833895 0.06471997
v -0.05954998 -0.03849995 0.06496697
v -0.06056296 -0.03816294 0.06469899
v -0.05949997 -0.03834098 0.06496900
v -0.06052994 -0.03797698 0.06471198
v -0.05945795 -0.03818196 0.06499701
v -0.06050497 -0.03779697 0.06475800
v -0.05942595 -0.03802794 0.06505095
v -0.05940598 -0.03789597 0.06512099
v -0.05880898 -0.04295796 0.06912201
v -0.05886298 -0.04309397 0.06812596
v -0.05880898 -0.04352396 0.06855601
v -0.05886298 -0.04252797 0.06869196
v -0.05902099 -0.04211193 0.06827497
v -0.05902099 -0.04267698 0.06770998
v -0.05927795 -0.04172098 0.06788396
v -0.05927795 -0.04228597 0.06731897
v -0.05962795 -0.04136693 0.06753098
v -0.05962795 -0.04193294 0.06696498
v -0.06005996 -0.04106193 0.06722599
v -0.06005996 -0.04162794 0.06665998
v -0.06055897 -0.04081493 0.06697899
v -0.06055897 -0.04137992 0.06641298
v -0.06111198 -0.04063194 0.06679600
v -0.06111198 -0.04119795 0.06623101
v -0.06170195 -0.04052096 0.06668496
v -0.06170195 -0.04108595 0.06611901
v -0.06230896 -0.04048293 0.06664699
v -0.06230896 -0.04104894 0.06608098
v -0.06291699 -0.04052096 0.06668496
v -0.06291699 -0.04108595 0.06611901
v -0.06350696 -0.04063194 0.06679600
v -0.06350696 -0.04119795 0.06623101
v -0.06405895 -0.04081493 0.06697899
v -0.06405895 -0.04137992 0.06641298
v -0.06455898 -0.04106193 0.06722599
v -0.06455898 -0.04162794 0.06665998
v -0.06499099 -0.04136693 0.06753098
v -0.06499099 -0.04193294 0.06696498
v -0.06534099 -0.04172098 0.06788396
v -0.06534099 -0.04228597 0.06731897
v -0.06559801 -0.04211193 0.06827497
v -0.06559801 -0.04267698 0.06770998
v -0.06575596 -0.04252797 0.06869196
v -0.06575596 -0.04309397 0.06812596
v -0.06580895 -0.04295796 0.06912201
v -0.06580895 -0.04352396 0.06855601
v -0.06575596 -0.04338794 0.06955200
v -0.06575596 -0.04395395 0.06898599
v -0.06559801 -0.04380494 0.06996798
v -0.06559801 -0.04436993 0.06940299
v -0.06534099 -0.04419493 0.07035899
v -0.06534099 -0.04476094 0.06979399
v -0.06499099 -0.04454892 0.07071298
v -0.06499099 -0.04511493 0.07014697
v -0.06455898 -0.04485398 0.07101798
v -0.06455898 -0.04541993 0.07045197
v -0.06405895 -0.04510098 0.07126498
v -0.06405895 -0.04566693 0.07069897
v -0.06350696 -0.04528397 0.07144701
v -0.06350696 -0.04584896 0.07088196
v -0.06291699 -0.04539495 0.07155901
v -0.06291699 -0.04596096 0.07099300
v -0.06230896 -0.04543298 0.07159698
v -0.06230896 -0.04599893 0.07103097
v -0.06170195 -0.04539495 0.07155901
v -0.06170195 -0.04596096 0.07099300
v -0.06111198 -0.04528397 0.07144701
v -0.06111198 -0.04584896 0.07088196
v -0.06055897 -0.04566693 0.07069897
v -0.06055897 -0.04510098 0.07126498
v -0.06005996 -0.04485398 0.07101798
v -0.06005996 -0.04541993 0.07045197
v -0.05962795 -0.04454892 0.07071298
v -0.05962795 -0.04511493 0.07014697
v -0.05927795 -0.04419493 0.07035899
v -0.05927795 -0.04476094 0.06979399
v -0.05902099 -0.04436993 0.06940299
v -0.05902099 -0.04380494 0.06996798
v -0.05886298 -0.04338794 0.06955200
v -0.05886298 -0.04395395 0.06898599
v -0.05880898 -0.04295796 0.06912201
v -0.05880898 -0.04352396 0.06855601
v -0.06235295 -0.03852194 0.06471097
v -0.06236195 -0.03866696 0.06483095
v -0.06150597 -0.03871697 0.06488096
v -0.06230896 -0.03730493 0.06478399
v -0.06231296 -0.03745198 0.06467700
v -0.06138700 -0.03735893 0.06483900
v -0.06148296 -0.03857594 0.06476396
v -0.06073898 -0.03881394 0.06497800
v -0.06069099 -0.03867393 0.06486201
v -0.06234496 -0.03835797 0.06462097
v -0.06145900 -0.03841197 0.06467300
v -0.06064397 -0.03851395 0.06477499
v -0.06233698 -0.03817993 0.06456196
v -0.06143796 -0.03823393 0.06461501
v -0.06060099 -0.03833895 0.06471997
v -0.06232994 -0.03800094 0.06453901
v -0.06141996 -0.03805494 0.06459200
v -0.06056296 -0.03816294 0.06469899
v -0.06232398 -0.03781193 0.06454896
v -0.06140297 -0.03786695 0.06460297
v -0.06052994 -0.03797698 0.06471198
v -0.06231796 -0.03763097 0.06459397
v -0.06139099 -0.03768593 0.06464797
v -0.06050497 -0.03779697 0.06475800
v -0.06138199 -0.03750693 0.06473201
v -0.06048697 -0.03761893 0.06484299
v -0.06048095 -0.03747296 0.06495201
v -0.05521899 0.06240099 -0.05036294
v -0.05538499 0.06239098 -0.05037295
v -0.05547797 0.06164598 -0.04962795
v -0.06037098 0.05805999 -0.04602199
v -0.06145298 0.05799299 -0.04595500
v -0.06145298 0.05790799 -0.04581195
v -0.06039899 0.05816596 -0.04614800
v -0.06034195 0.05797702 -0.04588097
v -0.06145298 0.05784797 -0.04565697
v -0.06031596 0.05791896 -0.04572695
v -0.06145298 0.05781501 -0.04549396
v -0.06029200 0.05788701 -0.04556494
v -0.06145298 0.05780899 -0.04532694
v -0.06027096 0.05788201 -0.04539996
v -0.06145298 0.05783098 -0.04516196
v -0.06025296 0.05790501 -0.04523599
v -0.06145298 0.05787998 -0.04500299
v -0.06023997 0.05795496 -0.04507797
v -0.06145298 0.05795496 -0.04485398
v -0.05932098 0.05825901 -0.04622095
v -0.05937796 0.05835896 -0.04634100
v -0.06023097 0.05803000 -0.04492896
v -0.06145298 0.05805301 -0.04471898
v -0.06022596 0.05812901 -0.04479497
v -0.05926597 0.05818098 -0.04608500
v -0.05921399 0.05812698 -0.04593598
v -0.05916595 0.05809998 -0.04577898
v -0.05912399 0.05809897 -0.04561698
v -0.05908995 0.05812597 -0.04545694
v -0.05906295 0.05817800 -0.04530096
v -0.05833595 0.05858397 -0.04654598
v -0.05841898 0.05867600 -0.04665696
v -0.05904495 0.05825501 -0.04515397
v -0.05903697 0.05835402 -0.04502099
v -0.05825597 0.05851399 -0.04641795
v -0.05817896 0.05846798 -0.04627698
v -0.05810999 0.05844801 -0.04612696
v -0.05804896 0.05845397 -0.04597198
v -0.05799800 0.05848497 -0.04581594
v -0.05795896 0.05854201 -0.04566496
v -0.05744600 0.05902397 -0.04698699
v -0.05755299 0.05910396 -0.04708600
v -0.05793297 0.05862200 -0.04552096
v -0.05791997 0.05872201 -0.04538899
v -0.05734199 0.05896598 -0.04686999
v -0.05724400 0.05893099 -0.04673999
v -0.05715495 0.05892097 -0.04659998
v -0.05707699 0.05893498 -0.04645299
v -0.05701196 0.05897396 -0.04630500
v -0.05696195 0.05903601 -0.04615896
v -0.05667799 0.05956798 -0.04752999
v -0.05680495 0.05963301 -0.04761499
v -0.05692797 0.05911898 -0.04601794
v -0.05691200 0.05922198 -0.04588794
v -0.05655395 0.05952298 -0.04742699
v -0.05643796 0.05950200 -0.04730999
v -0.05633097 0.05950397 -0.04718196
v -0.05623799 0.05952900 -0.04704695
v -0.05615997 0.05957597 -0.04690694
v -0.05609995 0.05964499 -0.04676795
v -0.05605494 0.06019699 -0.04815900
v -0.05619800 0.06024599 -0.04822796
v -0.05605995 0.05973297 -0.04663199
v -0.05604100 0.05983799 -0.04650396
v -0.05591499 0.06016898 -0.04807299
v -0.05578297 0.06016302 -0.04797196
v -0.05566298 0.06017899 -0.04785698
v -0.05555695 0.06021600 -0.04773396
v -0.05546897 0.06027400 -0.04760497
v -0.05540198 0.06035000 -0.04747295
v -0.05559498 0.06089299 -0.04885596
v -0.05575096 0.06092399 -0.04890596
v -0.05535596 0.06044399 -0.04734295
v -0.05533397 0.06055098 -0.04721695
v -0.05544400 0.06088298 -0.04878699
v -0.05530095 0.06089401 -0.04870295
v -0.05516999 0.06092602 -0.04860395
v -0.05505496 0.06097698 -0.04849499
v -0.05495995 0.06104600 -0.04837697
v -0.05488699 0.06113100 -0.04825395
v -0.05531400 0.06163597 -0.04959797
v -0.05483800 0.06123000 -0.04812896
v -0.05481398 0.06133997 -0.04800695
v -0.05449497 0.06218099 -0.04884797
v -0.05515497 0.06164497 -0.04954898
v -0.05490595 0.06247800 -0.05028599
v -0.05505800 0.06243002 -0.05033397
v -0.05500495 0.06167399 -0.04948198
v -0.05486798 0.06172198 -0.04939997
v -0.05476695 0.06254297 -0.05022096
v -0.05474799 0.06178700 -0.04930496
v -0.05464500 0.06262302 -0.05014097
v -0.05464899 0.06186801 -0.04919898
v -0.05454397 0.06271702 -0.05004799
v -0.05457198 0.06196302 -0.04908496
v -0.05446594 0.06282097 -0.04994297
v -0.05451995 0.06206798 -0.04896700
v -0.05438798 0.06304901 -0.04971498
v -0.05441296 0.06293201 -0.04983198
v -0.05800598 0.06282097 -0.05080294
v -0.05795300 0.06182497 -0.05093896
v -0.05795300 0.06239098 -0.05037295
v -0.05800598 0.06225496 -0.05136799
v -0.05816400 0.06323802 -0.05121898
v -0.05816400 0.06267201 -0.05178499
v -0.05842196 0.06362897 -0.05160999
v -0.05842196 0.06306302 -0.05217599
v -0.05877196 0.06398200 -0.05196398
v -0.05877196 0.06341600 -0.05252897
v -0.05920296 0.06428700 -0.05226898
v -0.05920296 0.06372100 -0.05283498
v -0.05970299 0.06453400 -0.05251598
v -0.05970299 0.06396901 -0.05308198
v -0.06025600 0.06471699 -0.05269896
v -0.06025600 0.06415098 -0.05326396
v -0.06084495 0.06482797 -0.05280995
v -0.06084495 0.06426298 -0.05337595
v -0.06145298 0.06486600 -0.05284798
v -0.06145298 0.06430000 -0.05341398
v -0.06206095 0.06482797 -0.05280995
v -0.06206095 0.06426298 -0.05337595
v -0.06264996 0.06471699 -0.05269896
v -0.06264996 0.06415098 -0.05326396
v -0.06320297 0.06453400 -0.05251598
v -0.06320297 0.06396901 -0.05308198
v -0.06370300 0.06428700 -0.05226898
v -0.06370300 0.06372100 -0.05283498
v -0.06413400 0.06398200 -0.05196398
v -0.06413400 0.06341600 -0.05252897
v -0.06448400 0.06362897 -0.05160999
v -0.06448400 0.06306302 -0.05217599
v -0.06474196 0.06323802 -0.05121898
v -0.06474196 0.06267201 -0.05178499
v -0.06489998 0.06282097 -0.05080294
v -0.06489998 0.06225496 -0.05136799
v -0.06495296 0.06239098 -0.05037295
v -0.06495296 0.06182497 -0.05093896
v -0.06489998 0.06196099 -0.04994297
v -0.06489998 0.06139600 -0.05050897
v -0.06474196 0.06154501 -0.04952698
v -0.06474196 0.06097900 -0.05009198
v -0.06448400 0.06115400 -0.04913598
v -0.06448400 0.06058800 -0.04970097
v -0.06413400 0.06080001 -0.04878199
v -0.06413400 0.06023502 -0.04934799
v -0.06370300 0.06049501 -0.04847699
v -0.06370300 0.05992996 -0.04904299
v -0.06320297 0.06024801 -0.04822999
v -0.06320297 0.05968201 -0.04879498
v -0.06264996 0.06006497 -0.04804694
v -0.06264996 0.05949997 -0.04861295
v -0.06206095 0.05995398 -0.04793596
v -0.06206095 0.05938798 -0.04850095
v -0.06145298 0.05991601 -0.04789799
v -0.06145298 0.05935096 -0.04846400
v -0.06084495 0.05995398 -0.04793596
v -0.06084495 0.05938798 -0.04850095
v -0.06025600 0.06006497 -0.04804694
v -0.06025600 0.05949997 -0.04861295
v -0.05970299 0.06024801 -0.04822999
v -0.05970299 0.05968201 -0.04879498
v -0.05920296 0.06049501 -0.04847699
v -0.05920296 0.05992996 -0.04904299
v -0.05877196 0.06080001 -0.04878199
v -0.05877196 0.06023502 -0.04934799
v -0.05842196 0.06115400 -0.04913598
v -0.05842196 0.06058800 -0.04970097
v -0.05816400 0.06154501 -0.04952698
v -0.05816400 0.06097900 -0.05009198
v -0.05800598 0.06196099 -0.04994297
v -0.05800598 0.06139600 -0.05050897
v -0.05795300 0.06239098 -0.05037295
v -0.05795300 0.06182497 -0.05093896
v -0.06084495 0.06426298 -0.05337595
v -0.05920296 0.06372100 -0.05283498
v -0.05970299 0.06396901 -0.05308198
v -0.06025600 0.06415098 -0.05326396
v -0.06206095 0.06426298 -0.05337595
v -0.06145298 0.06430000 -0.05341398
v -0.05800598 0.06139600 -0.05050897
v -0.05795300 0.06182497 -0.05093896
v -0.05800598 0.06225496 -0.05136799
v -0.05816400 0.06267201 -0.05178499
v -0.05842196 0.06306302 -0.05217599
v -0.05877196 0.06341600 -0.05252897
v -0.06320297 0.06396901 -0.05308198
v -0.06264996 0.06415098 -0.05326396
v -0.06370300 0.06372100 -0.05283498
v -0.05920296 0.05992996 -0.04904299
v -0.05877196 0.06023502 -0.04934799
v -0.05842196 0.06058800 -0.04970097
v -0.05816400 0.06097900 -0.05009198
v -0.05970299 0.05968201 -0.04879498
v -0.06489998 0.06225496 -0.05136799
v -0.06413400 0.06341600 -0.05252897
v -0.06448400 0.06306302 -0.05217599
v -0.06474196 0.06267201 -0.05178499
v -0.06489998 0.06139600 -0.05050897
v -0.06495296 0.06182497 -0.05093896
v -0.06206095 0.05938798 -0.04850095
v -0.06145298 0.05935096 -0.04846400
v -0.06084495 0.05938798 -0.04850095
v -0.06264996 0.05949997 -0.04861295
v -0.06025600 0.05949997 -0.04861295
v -0.06448400 0.06058800 -0.04970097
v -0.06474196 0.06097900 -0.05009198
v -0.06413400 0.06023502 -0.04934799
v -0.06370300 0.05992996 -0.04904299
v -0.06320297 0.05968201 -0.04879498
v -0.06111198 -0.04119795 0.06623101
v -0.06005996 -0.04162794 0.06665998
v -0.06055897 -0.04137992 0.06641298
v -0.06291699 -0.04108595 0.06611901
v -0.06170195 -0.04108595 0.06611901
v -0.06230896 -0.04104894 0.06608098
v -0.06405895 -0.04137992 0.06641298
v -0.06350696 -0.04119795 0.06623101
v -0.05962795 -0.04511493 0.07014697
v -0.05927795 -0.04476094 0.06979399
v -0.05902099 -0.04436993 0.06940299
v -0.06455898 -0.04162794 0.06665998
v -0.05962795 -0.04193294 0.06696498
v -0.06055897 -0.04566693 0.07069897
v -0.06005996 -0.04541993 0.07045197
v -0.06534099 -0.04228597 0.06731897
v -0.06499099 -0.04193294 0.06696498
v -0.06559801 -0.04267698 0.06770998
v -0.06575596 -0.04309397 0.06812596
v -0.05927795 -0.04228597 0.06731897
v -0.06575596 -0.04395395 0.06898599
v -0.05886298 -0.04309397 0.06812596
v -0.05902099 -0.04267698 0.06770998
v -0.06580895 -0.04352396 0.06855601
v -0.06350696 -0.04584896 0.07088196
v -0.06291699 -0.04596096 0.07099300
v -0.06230896 -0.04599893 0.07103097
v -0.06559801 -0.04436993 0.06940299
v -0.05880898 -0.04352396 0.06855601
v -0.05886298 -0.04395395 0.06898599
v -0.06455898 -0.04541993 0.07045197
v -0.06405895 -0.04566693 0.07069897
v -0.06170195 -0.04596096 0.07099300
v -0.06111198 -0.04584896 0.07088196
v -0.06499099 -0.04511493 0.07014697
v -0.06534099 -0.04476094 0.06979399
v 0.06534099 -0.04228597 0.06731897
v 0.06499099 -0.04193294 0.06696498
v 0.06455898 -0.04162794 0.06665998
v 0.06350600 -0.04119795 0.06623101
v 0.06405895 -0.04137992 0.06641298
v 0.06575596 -0.04309397 0.06812596
v 0.06559801 -0.04267698 0.06770998
v 0.06580895 -0.04352396 0.06855601
v 0.06534099 -0.04476094 0.06979399
v 0.06559801 -0.04436993 0.06940299
v 0.06575596 -0.04395395 0.06898599
v 0.06055897 -0.04137992 0.06641298
v 0.06170195 -0.04108595 0.06611901
v 0.06111198 -0.04119795 0.06623101
v 0.06499099 -0.04511493 0.07014697
v 0.06455898 -0.04541993 0.07045197
v 0.06405895 -0.04566693 0.07069897
v 0.05927795 -0.04228597 0.06731897
v 0.06005996 -0.04162794 0.06665998
v 0.05962795 -0.04193294 0.06696498
v 0.06291699 -0.04596096 0.07099300
v 0.06291699 -0.04108595 0.06611901
v 0.06350600 -0.04584896 0.07088196
v 0.06230896 -0.04599893 0.07103097
v 0.06230896 -0.04104894 0.06608098
v 0.06111198 -0.04584896 0.07088196
v 0.06170195 -0.04596096 0.07099300
v 0.05901998 -0.04436993 0.06940299
v 0.05886298 -0.04309397 0.06812596
v 0.05880898 -0.04352396 0.06855601
v 0.05901998 -0.04267698 0.06770998
v 0.05886298 -0.04395395 0.06898599
v 0.06055897 -0.04566693 0.07069897
v 0.05962795 -0.04511493 0.07014697
v 0.06005996 -0.04541993 0.07045197
v 0.05927795 -0.04476094 0.06979399
v 0.06264996 0.06415098 -0.05326396
v 0.06370300 0.06372100 -0.05283498
v 0.06320297 0.06396901 -0.05308198
v 0.06206095 0.06426298 -0.05337595
v 0.06413400 0.06341600 -0.05252897
v 0.06489998 0.06225496 -0.05136799
v 0.06474196 0.06267201 -0.05178499
v 0.06448400 0.06306302 -0.05217599
v 0.06025600 0.06415098 -0.05326396
v 0.06145298 0.06430000 -0.05341398
v 0.06084495 0.06426298 -0.05337595
v 0.06474196 0.06097900 -0.05009198
v 0.06489998 0.06139600 -0.05050897
v 0.06495296 0.06182497 -0.05093896
v 0.05877196 0.06341600 -0.05252897
v 0.05970299 0.06396901 -0.05308198
v 0.05920296 0.06372100 -0.05283498
v 0.06370300 0.05992996 -0.04904299
v 0.06413400 0.06023502 -0.04934799
v 0.06448400 0.06058800 -0.04970097
v 0.05816400 0.06267201 -0.05178499
v 0.05842196 0.06306302 -0.05217599
v 0.06206095 0.05938798 -0.04850095
v 0.06264996 0.05949997 -0.04861295
v 0.06320297 0.05968201 -0.04879498
v 0.06145298 0.05935096 -0.04846400
v 0.05800598 0.06139600 -0.05050897
v 0.05800598 0.06225496 -0.05136799
v 0.05795300 0.06182497 -0.05093896
v 0.05842196 0.06058800 -0.04970097
v 0.05816400 0.06097900 -0.05009198
v 0.05970299 0.05968201 -0.04879498
v 0.06025600 0.05949997 -0.04861295
v 0.06084495 0.05938798 -0.04850095
v 0.05920296 0.05992996 -0.04904299
v 0.05877196 0.06023502 -0.04934799
v 0.05150794 -0.00889295 0.10248600
v 0.05135995 -0.00832093 0.10213890
v 0.05131298 -0.00948697 0.10276600
v 0.05233097 -0.00510693 0.10089300
v 0.05319994 -0.00285894 0.10027800
v 0.05185794 -0.00592798 0.10111300
v 0.05295699 -0.00466794 0.10061800
v 0.05304998 -0.00445294 0.10056200
v 0.05285096 -0.00433797 0.10065700
v 0.05298697 -0.00498998 0.10048200
v 0.05330795 -0.00389492 0.10043200
v 0.05371195 -0.00344592 0.10014200
v 0.05299896 -0.00359094 0.10048800
v 0.05668997 0.00097302 0.10009500
v 0.05724400 0.00130099 0.10002490
v 0.05715095 0.00138396 0.10012400
v 0.05708098 0.00145102 0.10016600
v 0.05640196 0.00040802 0.09992700
v 0.05663698 0.00102198 0.10012100
v 0.05192595 -0.00928396 0.10246100
v 0.05199497 -0.00962496 0.10250000
v 0.05201900 -0.00968593 0.10239400
v 0.05194199 -0.00956994 0.10259800
v 0.05188697 -0.00925994 0.10250300
v 0.05186599 -0.00952494 0.10267900
v 0.05172300 -0.00891793 0.10245500
v 0.05166399 -0.00890696 0.10247300
v 0.05196100 -0.00851995 0.10206500
v 0.05211395 -0.00814593 0.10161700
v 0.05153495 -0.00860494 0.10233500
v 0.05160695 -0.00889897 0.10248300
v 0.05150395 -0.00860393 0.10233300
v 0.05201900 -0.00814497 0.10185800
v 0.05183595 -0.00816095 0.10204200
v 0.05159997 -0.00821495 0.10213800
v 0.05205899 -0.00785798 0.10172590
v 0.05163496 -0.00792396 0.10199800
v 0.05154496 -0.00712895 0.10158600
v 0.05212497 -0.00746697 0.10155490
v 0.05244499 -0.00656796 0.10097500
v 0.05191695 -0.00758397 0.10177490
v 0.05172896 -0.00733793 0.10172990
v 0.05229997 -0.00667894 0.10123900
v 0.05207794 -0.00679493 0.10144200
v 0.05237799 -0.00638896 0.10113100
v 0.05195897 -0.00634795 0.10132400
v 0.05181097 -0.00693893 0.10155990
v 0.05249500 -0.00599396 0.10099300
v 0.05204296 -0.00605297 0.10121390
v 0.05223196 -0.00621092 0.10121890
v 0.05216997 -0.00565296 0.10107300
v 0.05248600 -0.00541997 0.10094800
v 0.05276799 -0.00520694 0.10074400
v 0.05265796 -0.00487792 0.10079600
v 0.05316400 -0.00373894 0.10050490
v 0.05350196 -0.00314796 0.10037400
v 0.05363398 -0.00330496 0.10029300
v 0.05384099 -0.00292694 0.10022900
v 0.05459296 -0.00195497 0.09994697
v 0.05334597 -0.00299394 0.10036900
v 0.05356198 -0.00261295 0.10030100
v 0.05428194 -0.00218296 0.10012600
v 0.05393195 -0.00239497 0.10025000
v 0.05453795 -0.00178397 0.10008500
v 0.05406498 -0.00179595 0.10018590
v 0.05423694 -0.00121194 0.10005500
v 0.05478197 -0.00142193 0.10005590
v 0.05561196 -0.00053598 0.09988999
v 0.05433297 -0.00139493 0.10014300
v 0.05458796 -0.00103193 0.10011400
v 0.05529499 -0.00071398 0.10002300
v 0.05494797 -0.00087298 0.10010200
v 0.05517297 -0.00025898 0.10007890
v 0.05544096 0.00033702 0.09999901
v 0.05578196 -0.00009698 0.10002100
v 0.05553698 -0.00011298 0.10008400
v 0.05558794 -0.00033698 0.10001900
v 0.05548000 0.00011702 0.10007600
v 0.05618095 0.00037402 0.10003790
v 0.05593597 0.00036202 0.10009190
v 0.05568295 0.00035602 0.10007890
v 0.05649995 0.00073002 0.10006200
v 0.05658298 0.00107300 0.10013600
v 0.05600500 0.00072002 0.10009300
v 0.05678498 0.00176501 0.10010090
v 0.05667197 0.00142401 0.10014800
v 0.05697697 0.00155598 0.10018800
v 0.05687499 0.00166398 0.10016600
v 0.05171298 -0.00933897 0.10268800
v 0.05169999 -0.00947493 0.10277190
v 0.05177199 -0.00853997 0.10224500
v 0.05180197 -0.00834996 0.10214200
v 0.05185300 -0.00801694 0.10197290
v 0.05187296 -0.00787294 0.10190600
v 0.05195200 -0.00738698 0.10168800
v 0.05198997 -0.00718993 0.10160400
v 0.05215096 -0.00650293 0.10132800
v 0.05219095 -0.00635695 0.10127300
v 0.05228996 -0.00601298 0.10114800
v 0.05235296 -0.00581497 0.10107900
v 0.05256897 -0.00514793 0.10087000
v 0.05271995 -0.00504196 0.10078400
v 0.05253297 -0.00506794 0.10086600
v 0.05285996 -0.00493693 0.10067900
v 0.05360597 -0.00295895 0.10034000
v 0.05371195 -0.00276995 0.10030800
v 0.05418199 -0.00198996 0.10019700
v 0.05431097 -0.00178993 0.10017400
v 0.05444300 -0.00159097 0.10015400
v 0.05456596 -0.00140995 0.10013800
v 0.05469095 -0.00122893 0.10012400
v 0.05523794 -0.00048998 0.10008800
v 0.05538594 -0.00030098 0.10008500
v 0.05563497 0.00000702 0.10008400
v 0.05573499 0.00012602 0.10008600
v 0.05609500 0.00054302 0.10010000
v 0.05625498 0.00072202 0.10010990
v 0.05151200 -0.00939095 0.10276200
v 0.05150496 -0.00946194 0.10280200
v 0.05176800 -0.00713795 0.10164400
v 0.05544096 -0.00052398 0.10001990
v 0.05633997 0.00055302 0.10004900
v 0.04880195 -0.01150894 0.10262900
v 0.05064594 -0.01129496 0.10345600
v 0.05125194 -0.01032894 0.10321190
v 0.05130797 -0.01020097 0.10316800
v 0.05132699 -0.01006895 0.10310200
v 0.05131798 -0.00968093 0.10287800
v 0.05131298 -0.00948697 0.10276600
v 0.05132198 -0.00987494 0.10299000
v 0.05154496 -0.00712895 0.10158600
v 0.05185794 -0.00592798 0.10111300
v 0.05135995 -0.00832093 0.10213890
v 0.05002099 -0.01224893 0.10369800
v 0.04937595 -0.01319193 0.10393600
v 0.04511195 -0.01672196 0.10404700
v 0.04587495 -0.01771998 0.10508200
v 0.04154199 -0.02077996 0.10514590
v 0.04194694 -0.02189695 0.10613100
v 0.03767299 -0.02574497 0.10705000
v 0.03463494 -0.02696198 0.10677900
v 0.03537797 -0.02749598 0.10749390
v 0.03416097 -0.02828997 0.10771500
v 0.03291797 -0.02901995 0.10793390
v 0.03044700 -0.03046995 0.10833500
v 0.02588999 -0.03211498 0.10829290
v 0.02792495 -0.03187292 0.10870000
v 0.02266597 -0.03427994 0.10933500
v 0.01793795 -0.03532195 0.10921800
v 0.01720994 -0.03614896 0.10984200
v 0.01155197 -0.03751093 0.11022400
v 0.00958395 -0.03732693 0.10982200
v 0.00582898 -0.03832596 0.11046090
v 0.00093600 -0.03809493 0.11006800
v 0.00001000 -0.03860098 0.11054400
v 0.00001000 -0.03810298 0.11007100
v 0.05130797 -0.01020097 0.10316800
v 0.05151897 -0.01004397 0.10313900
v 0.05132699 -0.01006895 0.10310200
v 0.05136996 -0.01038396 0.10327800
v 0.05125194 -0.01032894 0.10321190
v 0.05202096 -0.01032394 0.10282700
v 0.05203098 -0.01026898 0.10273090
v 0.05200695 -0.01020896 0.10283600
v 0.05184495 -0.01054394 0.10314600
v 0.05190598 -0.01049196 0.10308000
v 0.05162400 -0.01053696 0.10328700
v 0.05173099 -0.01061797 0.10322990
v 0.05153197 -0.01020693 0.10322090
v 0.05171298 -0.01005697 0.10310790
v 0.05149894 -0.01045697 0.10330400
v 0.05174696 -0.01027494 0.10318800
v 0.05187898 -0.01010793 0.10301500
v 0.05189597 -0.01032197 0.10308100
v 0.05195295 -0.01015293 0.10293400
v 0.05195695 -0.01043695 0.10300300
v 0.05199599 -0.01038098 0.10291800
v -0.00008400 0.07656997 0.08102500
v -0.00007800 0.07189297 0.07970499
v 0.00930095 0.07107597 0.07987797
v 0.01154398 0.07538300 0.08125597
v 0.01719999 0.07397699 0.08156400
v 0.01824796 0.06884199 0.08042198
v 0.02272498 0.07204699 0.08201098
v 0.02670896 0.06529498 0.08134996
v 0.02802497 0.06962198 0.08259296
v 0.03305494 0.06672102 0.08330798
v 0.03447198 0.06051397 0.08264797
v 0.03776496 0.06336498 0.08415001
v 0.04131096 0.05463796 0.08427298
v 0.04212695 0.05956798 0.08511298
v 0.04609799 0.05536997 0.08618998
v 0.04703998 0.04786401 0.08616298
v 0.04959595 0.05085498 0.08735799
v 0.05261796 0.04601502 0.08861798
v 0.05158299 0.04027897 0.08829498
v 0.05513900 0.04089200 0.08996099
v 0.05481398 0.03205901 0.09061497
v 0.05711895 0.03555697 0.09136700
v 0.05853199 0.03007298 0.09282201
v 0.05662494 0.02344900 0.09306198
v 0.05937600 0.02446097 0.09431397
v 0.05963796 0.01881998 0.09579300
v 0.05697697 0.01461499 0.09552496
v 0.05932098 0.01315200 0.09724599
v 0.05582296 0.00570399 0.09794998
v 0.05842798 0.00755697 0.09867095
v 0.05695295 0.00202697 0.10007890
v 0.05678498 0.00176501 0.10010090
v 0.05688095 0.00189000 0.10009900
v 0.05544096 0.00033702 0.09999901
v 0.05423694 -0.00121194 0.10005500
v 0.05319994 -0.00285894 0.10027800
v 0.05727297 0.00140798 0.10008100
v 0.05715095 0.00138396 0.10012400
v 0.05724400 0.00130099 0.10002490
v 0.05730295 0.00138301 0.10004690
v 0.05735599 0.00147098 0.10006090
v 0.05733698 0.00148600 0.10008200
v 0.05721795 0.00145400 0.10013000
v 0.05739098 0.00156397 0.10007800
v 0.05743795 0.00164401 0.10006900
v 0.05728000 0.00152999 0.10013000
v 0.05714398 0.00151700 0.10017100
v 0.05708098 0.00145102 0.10016600
v 0.05733197 0.00160497 0.10012600
v 0.05720299 0.00158900 0.10017200
v 0.05737698 0.00168300 0.10011800
v 0.05747097 0.00174302 0.10006300
v 0.05703300 0.00161499 0.10019300
v 0.05697697 0.00155598 0.10018800
v 0.05725198 0.00165999 0.10016790
v 0.05742096 0.00177199 0.10010300
v 0.05749797 0.00184500 0.10005000
v 0.05735498 0.00191098 0.10013000
v 0.05729395 0.00173301 0.10016000
v 0.05708396 0.00167799 0.10019400
v 0.05692195 0.00171298 0.10017000
v 0.05688095 0.00189000 0.10009900
v 0.05678498 0.00176501 0.10010090
v 0.05687499 0.00166398 0.10016600
v 0.05712795 0.00174099 0.10019000
v 0.05733495 0.00181699 0.10014500
v 0.05716496 0.00180501 0.10018300
v 0.05696594 0.00176597 0.10017000
v 0.05700194 0.00181901 0.10016790
v 0.05720096 0.00187999 0.10017000
v 0.05719196 0.00196898 0.10015300
v 0.05703395 0.00187302 0.10016100
v 0.05706399 0.00193500 0.10015100
v 0.05706799 0.00200301 0.10013100
v 0.05695295 0.00202697 0.10007890
v -0.05737400 0.00168598 0.10011800
v -0.05749195 0.00183797 0.10005000
v -0.05743497 0.00164699 0.10006900
v -0.05737096 0.00189596 0.10012300
v -0.05733698 0.00149000 0.10008290
v -0.05735498 0.00147599 0.10006300
v -0.05732500 0.00160098 0.10012790
v -0.05730098 0.00172996 0.10015700
v -0.05727398 0.00141197 0.10008290
v -0.05730295 0.00138801 0.10004900
v -0.05723798 0.00129801 0.10002700
v -0.05714499 0.00138098 0.10012500
v -0.05727899 0.00153399 0.10013190
v -0.05725395 0.00164997 0.10016600
v -0.05719399 0.00178999 0.10018190
v -0.05722999 0.00194901 0.10015400
v -0.05721896 0.00145799 0.10013190
v -0.05720996 0.00158596 0.10017000
v -0.05715197 0.00171697 0.10019000
v -0.05715298 0.00151402 0.10016900
v -0.05707496 0.00144798 0.10016700
v -0.05709499 0.00184196 0.10017800
v -0.05708396 0.00199300 0.10014000
v -0.05711197 0.00165898 0.10019400
v -0.05703300 0.00187200 0.10016390
v -0.05687397 0.00188601 0.10010000
v -0.05694496 0.00202197 0.10008000
v -0.05705696 0.00177699 0.10018590
v -0.05706000 0.00159299 0.10019300
v -0.05699598 0.00152600 0.10018800
v -0.05702197 0.00172502 0.10018900
v -0.05699795 0.00181299 0.10017000
v -0.05696594 0.00176597 0.10017290
v -0.05697494 0.00166696 0.10018900
v -0.05691796 0.00160700 0.10018400
v -0.05692398 0.00171196 0.10017290
v -0.05684399 0.00168699 0.10015490
v -0.05677896 0.00176197 0.10010200
v -0.05694496 0.00202197 0.10008000
v -0.05687397 0.00188601 0.10010000
v -0.05677896 0.00176197 0.10010200
v -0.05543500 0.00033302 0.10000190
v -0.05581796 0.00569701 0.09795397
v -0.05423098 -0.00121993 0.10005900
v -0.05319297 -0.00286895 0.10028200
v -0.05845695 0.00771701 0.09863197
v -0.05909496 0.01135700 0.09770500
v -0.05696898 0.01454502 0.09554600
v -0.05948799 0.01503401 0.09676796
v -0.05932396 0.02493000 0.09419196
v -0.05664396 0.02327197 0.09311395
v -0.05739396 0.03464096 0.09161096
v -0.05485099 0.03192299 0.09065598
v -0.05417698 0.04299801 0.08941000
v -0.05162799 0.04018098 0.08832401
v -0.05017900 0.04999399 0.08758300
v -0.04706996 0.04781800 0.08617699
v -0.04517495 0.05641800 0.08592098
v -0.04131394 0.05463200 0.08427596
v -0.03931498 0.06209397 0.08447301
v -0.03446495 0.06051701 0.08264797
v -0.03393900 0.06613701 0.08345496
v -0.02667099 0.06531196 0.08134698
v -0.02812796 0.06956702 0.08260798
v -0.02073299 0.07280701 0.08183300
v -0.01818597 0.06886202 0.08041799
v -0.01295495 0.07508200 0.08131998
v -0.00923097 0.07108700 0.07987600
v -0.00494897 0.07633697 0.08106696
v -0.00007800 0.07189297 0.07970499
v -0.00008400 0.07656997 0.08102500
v -0.02977597 -0.03085196 0.10843190
v -0.02963197 -0.03093296 0.10845200
v -0.02852499 -0.03070294 0.10789600
v -0.03369098 -0.02834898 0.10779700
v -0.03656095 -0.02508693 0.10635900
v -0.03752499 -0.02548795 0.10708000
v -0.04118597 -0.02242094 0.10630700
v -0.04293799 -0.01927793 0.10474690
v -0.04294097 -0.02080392 0.10588600
v -0.04463100 -0.01910895 0.10543700
v -0.04769796 -0.01545995 0.10450700
v -0.04779398 -0.01305896 0.10305100
v -0.05045396 -0.01158094 0.10352800
v -0.05072396 -0.01116293 0.10342200
v -0.05099099 -0.01074296 0.10331600
v -0.05132699 -0.01006698 0.10310200
v -0.05130898 -0.01019495 0.10316600
v -0.05125397 -0.01032096 0.10320900
v -0.05132198 -0.00987297 0.10299000
v -0.05131798 -0.00967997 0.10287800
v -0.05131298 -0.00948697 0.10276600
v -0.05135995 -0.00831997 0.10213890
v -0.05154597 -0.00712794 0.10158600
v -0.05185896 -0.00592595 0.10111300
v -0.00610799 -0.03778892 0.10996900
v 0.00001000 -0.03860098 0.11054400
v 0.00001000 -0.03810298 0.11007100
v -0.00686795 -0.03821796 0.11042800
v -0.01112496 -0.03758996 0.11024490
v -0.01187199 -0.03690493 0.10969290
v -0.01532298 -0.03666496 0.10998400
v -0.02046400 -0.03445297 0.10896400
v -0.02267295 -0.03427094 0.10933500
v -0.02621299 -0.03272497 0.10892500
v -0.02852499 -0.03070294 0.10789600
v -0.02793896 -0.03186094 0.10869800
v -0.02963197 -0.03093296 0.10845200
v -0.05151796 -0.01004195 0.10313800
v -0.05130898 -0.01019495 0.10316600
v -0.05132699 -0.01006698 0.10310200
v -0.05186200 -0.01052898 0.10312700
v -0.05173599 -0.01061397 0.10322400
v -0.05162698 -0.01053094 0.10328400
v -0.05203098 -0.01026695 0.10273090
v -0.05200999 -0.01035195 0.10287490
v -0.05200695 -0.01020693 0.10283600
v -0.05150300 -0.01025193 0.10324100
v -0.05171298 -0.01005595 0.10310790
v -0.05125397 -0.01032096 0.10320900
v -0.05150300 -0.01044994 0.10330200
v -0.05137395 -0.01037794 0.10327600
v -0.05170398 -0.01032495 0.10322300
v -0.05187898 -0.01010596 0.10301500
v -0.05184698 -0.01037895 0.10314100
v -0.05195295 -0.01015096 0.10293400
v -0.05195397 -0.01043993 0.10300800
v -0.05624496 0.00091502 0.10011800
v -0.05543500 0.00033302 0.10000190
v -0.05677896 0.00176197 0.10010200
v -0.05320197 -0.00411492 0.10048400
v -0.05347597 -0.00390494 0.10023090
v -0.05305898 -0.00443095 0.10055890
v -0.05285996 -0.00431597 0.10065400
v -0.05279296 -0.00507295 0.10073100
v -0.05267298 -0.00582796 0.10072700
v -0.05233496 -0.00509393 0.10089000
v -0.05185896 -0.00592595 0.10111300
v -0.05319297 -0.00286895 0.10028200
v -0.05300098 -0.00358498 0.10048900
v -0.05197095 -0.00908196 0.10227700
v -0.05205595 -0.00864798 0.10185300
v -0.05201900 -0.00968593 0.10239400
v -0.05677294 0.00107801 0.10011100
v -0.05714499 0.00138098 0.10012500
v -0.05723798 0.00129801 0.10002700
v -0.05628496 0.00087702 0.10012200
v -0.05604594 0.00027602 0.10005400
v -0.05579596 -0.00030298 0.09989601
v -0.05572599 -0.00016298 0.10002300
v -0.05562895 0.00000102 0.10008700
v -0.05542898 -0.00053798 0.10002300
v -0.05521595 -0.00020398 0.10008000
v -0.05423098 -0.00121993 0.10005900
v -0.05552500 0.00017202 0.10007890
v -0.05478996 -0.00140995 0.10005800
v -0.05452996 -0.00205094 0.09995901
v -0.05503398 -0.00075598 0.10010000
v -0.05462700 -0.00097598 0.10011300
v -0.05448895 -0.00185692 0.10009500
v -0.05423498 -0.00225794 0.10013800
v -0.05404394 -0.00182593 0.10019200
v -0.05431199 -0.00142395 0.10014900
v -0.05440700 -0.00164294 0.10016200
v -0.05369997 -0.00318193 0.10027400
v -0.05389797 -0.00244898 0.10026100
v -0.05354195 -0.00264496 0.10031000
v -0.05345398 -0.00365096 0.10036200
v -0.05337697 -0.00338197 0.10042200
v -0.05327796 -0.00311595 0.10039500
v -0.05328899 -0.00374895 0.10045800
v -0.05311095 -0.00384694 0.10053100
v -0.05257999 -0.00507498 0.10085600
v -0.05256700 -0.00545394 0.10091100
v -0.05254596 -0.00583494 0.10094100
v -0.05234396 -0.00583994 0.10108900
v -0.05241096 -0.00627297 0.10109100
v -0.05220597 -0.00758594 0.10137200
v -0.05210095 -0.00586396 0.10114800
v -0.05196899 -0.00630897 0.10131100
v -0.05154597 -0.00712794 0.10158600
v -0.05218899 -0.00714898 0.10142400
v -0.05209594 -0.00671893 0.10141300
v -0.05181998 -0.00689995 0.10154400
v -0.05213099 -0.00743896 0.10154400
v -0.05196797 -0.00730193 0.10165200
v -0.05175697 -0.00719494 0.10166900
v -0.05207997 -0.00772798 0.10166900
v -0.05170196 -0.00748897 0.10179790
v -0.05135995 -0.00831997 0.10213890
v -0.05200594 -0.00825596 0.10191100
v -0.05187100 -0.00788194 0.10190990
v -0.05197995 -0.00851893 0.10203700
v -0.05181097 -0.00840998 0.10216400
v -0.05161595 -0.00807393 0.10207000
v -0.05158698 -0.00834095 0.10220100
v -0.05165797 -0.00864094 0.10233900
v -0.05131298 -0.00948697 0.10276600
v -0.05177295 -0.00923598 0.10259600
v -0.05191999 -0.00904197 0.10234700
v -0.05194795 -0.00906098 0.10231300
v -0.05172997 -0.00922495 0.10261490
v -0.05177599 -0.00949198 0.10273900
v -0.05168896 -0.00947297 0.10277590
v -0.05168598 -0.00921595 0.10263100
v -0.05163997 -0.00920898 0.10264300
v -0.05159598 -0.00946295 0.10279700
v -0.05149996 -0.00946194 0.10280200
v -0.05140399 -0.00946993 0.10279200
v -0.05680298 0.00138098 0.10016900
v -0.05707496 0.00144798 0.10016700
v -0.05699598 0.00152600 0.10018800
v -0.05691796 0.00160700 0.10018400
v -0.05684399 0.00168699 0.10015490
v -0.05573695 0.00030902 0.10009400
v -0.05547696 -0.00018598 0.10008700
v -0.05532699 -0.00037398 0.10008900
v -0.05471396 -0.00119597 0.10012500
v -0.05455899 -0.00141793 0.10014200
v -0.05427598 -0.00184196 0.10018300
v -0.05414700 -0.00204295 0.10020600
v -0.05362999 -0.00291294 0.10033500
v -0.05350196 -0.00314695 0.10037700
v -0.05264496 -0.00564396 0.10083900
v -0.05245697 -0.00526893 0.10093000
v -0.05227595 -0.00605994 0.10116600
v -0.05221199 -0.00627893 0.10124590
v -0.05202800 -0.00701094 0.10153000
v -0.05191600 -0.00759298 0.10177900
v -0.05183798 -0.00814694 0.10203500
v -0.05183899 -0.00856697 0.10221400
v -0.05191695 -0.00942695 0.10255590
v -0.05200296 -0.00963795 0.10247700
v -0.05196899 -0.00959396 0.10255500
v -0.05191898 -0.00955397 0.10262700
v -0.05185395 -0.00951993 0.10268900
v -0.05446797 -0.00119895 0.10012900
v -0.05438995 -0.00131196 0.10013900
v -0.05340796 -0.00287998 0.10035000
v -0.05198597 -0.00859994 0.10205390
v 0.01213699 0.03562396 0.09809297
v 0.05481398 0.03205901 0.09061497
v 0.01236999 0.03570097 0.09804600
v 0.01189595 0.03557199 0.09812998
v 0.05662494 0.02344900 0.09306198
v 0.01268094 0.03585100 0.09796398
v 0.01296299 0.03604400 0.09786701
v 0.05158299 0.04027897 0.08829498
v 0.01320999 0.03627496 0.09775799
v 0.01341497 0.03653800 0.09763896
v 0.01357299 0.03682798 0.09751296
v -0.05664396 0.02327197 0.09311395
v -0.01156997 0.03552401 0.09817296
v -0.01205396 0.03556799 0.09811997
v -0.05485099 0.03192299 0.09065598
v -0.01243299 0.03565996 0.09805595
v -0.01278698 0.03581202 0.09797096
v -0.01300495 0.03594398 0.09790301
v 0.01375198 0.05658102 0.08828198
v 0.04131096 0.05463796 0.08427298
v 0.03447198 0.06051397 0.08264797
v 0.01375597 0.03950399 0.09642601
v 0.01375198 0.05796396 0.08752000
v 0.02670896 0.06529498 0.08134996
v 0.01374399 0.05836999 0.08729296
v 0.01367199 0.05881899 0.08704698
v -0.05162799 0.04018098 0.08832401
v -0.01320397 0.03609901 0.09782701
v -0.01343697 0.03634101 0.09771400
v -0.01362699 0.03661501 0.09759199
v -0.01374900 0.03686797 0.09748196
v 0.01357799 0.05909496 0.08689999
v 0.01343899 0.05935698 0.08676499
v 0.01321899 0.05964702 0.08662098
v 0.01294696 0.05990099 0.08650201
v 0.01263195 0.06011199 0.08641099
v 0.01228195 0.06027299 0.08635097
v 0.01824796 0.06884199 0.08042198
v 0.01190799 0.06037998 0.08632296
v 0.01142495 0.06044900 0.08632498
v 0.01093697 0.06047296 0.08635199
v -0.04131394 0.05463200 0.08427596
v -0.01391196 0.03949898 0.09641498
v -0.01390796 0.05657500 0.08827000
v -0.03446495 0.06051701 0.08264797
v -0.01390796 0.05795902 0.08750700
v -0.02667099 0.06531196 0.08134698
v -0.01389998 0.05836397 0.08727997
v -0.01382899 0.05881297 0.08703500
v -0.01372599 0.05911296 0.08687496
v -0.01356899 0.05939596 0.08673000
v -0.01336497 0.05965399 0.08660298
v -0.01311796 0.05988198 0.08649599
v -0.01283699 0.06007599 0.08641201
v -0.01252698 0.06023001 0.08635199
v -0.01818597 0.06886202 0.08041799
v -0.01229697 0.06031399 0.08632498
v -0.01205796 0.06037598 0.08631199
v -0.01155298 0.06044697 0.08631497
v -0.01110094 0.06046700 0.08634400
v 0.00251597 -0.03712695 0.11008000
v 0.00001000 -0.03810298 0.11007100
v 0.00093600 -0.03809493 0.11006800
v 0.00958395 -0.03732693 0.10982200
v 0.01793795 -0.03532195 0.10921800
v 0.00085500 -0.03610897 0.11012800
v 0.02588999 -0.03211498 0.10829290
v -0.00083500 -0.03610795 0.11012800
v -0.02046400 -0.03445297 0.10896400
v -0.01187199 -0.03690493 0.10969290
v -0.00083500 -0.03610795 0.11012800
v 0.00001000 -0.03810298 0.11007100
v 0.00001000 -0.03810298 0.11007100
v 0.02981197 -0.01804393 0.10725700
v 0.03463494 -0.02696198 0.10677900
v 0.04154199 -0.02077996 0.10514590
v 0.04511195 -0.01672196 0.10404700
v -0.00249594 -0.03712695 0.11008000
v -0.00610799 -0.03778892 0.10996900
v 0.00001000 -0.03810298 0.11007100
v 0.01004499 -0.01136195 0.10901200
v 0.04880195 -0.01150894 0.10262900
v 0.05185794 -0.00592798 0.10111300
v -0.01002496 -0.01135993 0.10901300
v -0.05185896 -0.00592595 0.10111300
v -0.04779398 -0.01305896 0.10305100
v -0.02852499 -0.03070294 0.10789600
v 0.04447394 0.01118397 0.10011600
v 0.05319994 -0.00285894 0.10027800
v 0.05582296 0.00570399 0.09794998
v 0.05697697 0.01461499 0.09552496
v -0.02980196 -0.01804196 0.10725900
v -0.03656095 -0.02508693 0.10635900
v -0.04293799 -0.01927793 0.10474690
v 0.01497298 0.01421296 0.10447400
v 0.01141297 0.03552800 0.09818196
v 0.01092594 0.03552997 0.09821599
v 0.00936097 0.03557097 0.09829896
v -0.01495200 0.01421701 0.10447500
v -0.05319297 -0.00286895 0.10028200
v -0.00951695 0.03556698 0.09829097
v -0.01108199 0.03552597 0.09820699
v -0.04446595 0.01119500 0.10011600
v -0.05581796 0.00569701 0.09795397
v -0.05696898 0.01454502 0.09554600
v 0.03956198 0.04425001 0.08996599
v 0.04703998 0.04786401 0.08616298
v 0.01375496 0.03803998 0.09701901
v 0.01374799 0.03760898 0.09719097
v 0.01367598 0.03713899 0.09738200
v -0.03954398 0.04426401 0.08996397
v -0.04706996 0.04781800 0.08617699
v -0.01383197 0.03713399 0.09737098
v -0.01390397 0.03760302 0.09718000
v -0.01391196 0.03803497 0.09700798
v 0.00531298 0.06567698 0.08359998
v 0.00930095 0.07107597 0.07987797
v -0.00007800 0.07189297 0.07970499
v -0.00007800 0.06064301 0.08671796
v 0.00936997 0.06051701 0.08644801
v -0.00527996 0.06567800 0.08360099
v -0.00923097 0.07108700 0.07987600
v -0.00952697 0.06051200 0.08643996
v -0.00007900 0.06006199 0.08753299
v 0.00940096 0.05993700 0.08726096
v 0.00939095 0.05999296 0.08706301
v -0.00007900 0.06011801 0.08733397
v -0.00007900 0.06020700 0.08714801
v 0.00938296 0.06008201 0.08687800
v -0.00007800 0.06032699 0.08697998
v 0.00937694 0.06020098 0.08670997
v -0.00007800 0.06047397 0.08683598
v 0.00937199 0.06034797 0.08656597
v -0.00007800 0.06064301 0.08671796
v 0.00936997 0.06051701 0.08644801
v 0.00940096 0.05993700 0.08726096
v 0.01097798 0.05989301 0.08716601
v 0.01096600 0.05994898 0.08696800
v 0.00939095 0.05999296 0.08706301
v 0.01095497 0.06003797 0.08678197
v 0.00938296 0.06008201 0.08687800
v 0.01094698 0.06015801 0.08661496
v 0.00937694 0.06020098 0.08670997
v 0.01094096 0.06030398 0.08647000
v 0.00937199 0.06034797 0.08656597
v 0.01093697 0.06047296 0.08635199
v 0.00936997 0.06051701 0.08644801
v 0.01153695 0.05986297 0.08711701
v 0.01176798 0.05982398 0.08712297
v 0.01178497 0.05987697 0.08693099
v 0.01180899 0.05996298 0.08674699
v 0.01129698 0.05988299 0.08713299
v 0.01096600 0.05994898 0.08696800
v 0.01097798 0.05989301 0.08716601
v 0.01095497 0.06003797 0.08678197
v 0.01183795 0.06007897 0.08657997
v 0.01142495 0.06044900 0.08632498
v 0.01187199 0.06022000 0.08643698
v 0.01190799 0.06037998 0.08632296
v 0.01094698 0.06015801 0.08661496
v 0.01094096 0.06030398 0.08647000
v 0.01093697 0.06047296 0.08635199
v 0.01357799 0.05909496 0.08689999
v 0.01347798 0.05879896 0.08709901
v 0.01367199 0.05881899 0.08704698
v 0.01178497 0.05987697 0.08693099
v 0.01176798 0.05982398 0.08712297
v 0.01197695 0.05976599 0.08713799
v 0.01190799 0.06037998 0.08632296
v 0.01187199 0.06022000 0.08643698
v 0.01228195 0.06027299 0.08635097
v 0.01290500 0.05901998 0.08731299
v 0.01278698 0.05905902 0.08744400
v 0.01284599 0.05888497 0.08754396
v 0.01297599 0.05883997 0.08740097
v 0.01305097 0.05901098 0.08717399
v 0.01312398 0.05881100 0.08727997
v 0.01281297 0.05919498 0.08722299
v 0.01269698 0.05922502 0.08735698
v 0.01321494 0.05901998 0.08705699
v 0.01329195 0.05879700 0.08717799
v 0.01294898 0.05920499 0.08707296
v 0.01267498 0.05937999 0.08713096
v 0.01258295 0.05937302 0.08728498
v 0.01339298 0.05904799 0.08696496
v 0.01310098 0.05923599 0.08694601
v 0.01258999 0.05946701 0.08708900
v 0.01250499 0.05945301 0.08724898
v 0.01279598 0.05940997 0.08697199
v 0.01249998 0.05954599 0.08705300
v 0.01242196 0.05952501 0.08721798
v 0.01326698 0.05928701 0.08684200
v 0.01343899 0.05935698 0.08676499
v 0.01270198 0.05950701 0.08692497
v 0.01293098 0.05946302 0.08683300
v 0.01260197 0.05959498 0.08688497
v 0.01282697 0.05957096 0.08678096
v 0.01230198 0.05968296 0.08699297
v 0.01223796 0.05964797 0.08717298
v 0.01307898 0.05953800 0.08671700
v 0.01321899 0.05964702 0.08662098
v 0.01271599 0.05966800 0.08673697
v 0.01296299 0.05965697 0.08665996
v 0.01294696 0.05990099 0.08650201
v 0.01216399 0.05975496 0.08696496
v 0.01211196 0.05971300 0.08715301
v 0.01238095 0.05974698 0.08681797
v 0.01284098 0.05976498 0.08660995
v 0.01203995 0.05980598 0.08694601
v 0.01180899 0.05996298 0.08674699
v 0.01222795 0.05982697 0.08678698
v 0.01247096 0.05983698 0.08666300
v 0.01208996 0.05988401 0.08676600
v 0.01183795 0.06007897 0.08657997
v 0.01230198 0.05992501 0.08662796
v 0.01256996 0.05995202 0.08652901
v 0.01263195 0.06011199 0.08641099
v 0.01214796 0.05998897 0.08660501
v 0.01238298 0.06004899 0.08648997
v 0.01221299 0.06011998 0.08646500
v 0.01367199 0.05881899 0.08704698
v 0.01354598 0.05837297 0.08733099
v 0.01374399 0.05836999 0.08729296
v 0.01347798 0.05879896 0.08709901
v 0.01335698 0.05839401 0.08739596
v 0.01329195 0.05879700 0.08717799
v 0.01318597 0.05842900 0.08748596
v 0.01312398 0.05881100 0.08727997
v 0.01303595 0.05847799 0.08759498
v 0.01297599 0.05883997 0.08740097
v 0.01288098 0.05871498 0.08762401
v 0.01290297 0.05854296 0.08772599
v 0.01284599 0.05888497 0.08754396
v 0.01354598 0.05837297 0.08733099
v 0.01375198 0.05796396 0.08752000
v 0.01374399 0.05836999 0.08729296
v 0.01355296 0.05798101 0.08754998
v 0.01335698 0.05839401 0.08739596
v 0.01336199 0.05801302 0.08761000
v 0.01318597 0.05842900 0.08748596
v 0.01318597 0.05806100 0.08769601
v 0.01303595 0.05847799 0.08759498
v 0.01302796 0.05812197 0.08780598
v 0.01289498 0.05839300 0.08782398
v 0.01289397 0.05819600 0.08793896
v 0.01290297 0.05854296 0.08772599
v 0.01313096 0.05773401 0.08792096
v 0.01302796 0.05812197 0.08780598
v 0.01289397 0.05819600 0.08793896
v 0.01318597 0.05806100 0.08769601
v 0.01336199 0.05801302 0.08761000
v 0.01342397 0.05765497 0.08777695
v 0.01355296 0.05798101 0.08754998
v 0.01375198 0.05796396 0.08752000
v 0.01313096 0.05738800 0.08811199
v 0.01289296 0.05681097 0.08870297
v 0.01342397 0.05730897 0.08796799
v 0.01375198 0.05658102 0.08828198
v 0.01312994 0.05704200 0.08830296
v 0.01318395 0.05667799 0.08845996
v 0.01336300 0.05663001 0.08837199
v 0.01302599 0.05673897 0.08857101
v 0.01342397 0.05696296 0.08815997
v 0.01355499 0.05659699 0.08831197
v 0.01355499 0.03951698 0.09645599
v 0.01375597 0.03950399 0.09642601
v 0.01375198 0.05658102 0.08828198
v 0.01355499 0.05659699 0.08831197
v 0.01336300 0.03954201 0.09651798
v 0.01336300 0.05663001 0.08837199
v 0.01318496 0.03957998 0.09660899
v 0.01318395 0.05667799 0.08845996
v 0.01302599 0.03962796 0.09672600
v 0.01302599 0.05673897 0.08857101
v 0.01289194 0.03968501 0.09686696
v 0.01289296 0.05681097 0.08870297
v 0.01375597 0.03950399 0.09642601
v 0.01355499 0.03805297 0.09705001
v 0.01375496 0.03803998 0.09701901
v 0.01355499 0.03951698 0.09645599
v 0.01336300 0.03807801 0.09711199
v 0.01336300 0.03954201 0.09651798
v 0.01318597 0.03811496 0.09720301
v 0.01318496 0.03957998 0.09660899
v 0.01302695 0.03816199 0.09731996
v 0.01302599 0.03962796 0.09672600
v 0.01289194 0.03821897 0.09746098
v 0.01289194 0.03968501 0.09686696
v 0.01375496 0.03803998 0.09701901
v 0.01354897 0.03763401 0.09721696
v 0.01374799 0.03760898 0.09719097
v 0.01355499 0.03805297 0.09705001
v 0.01335799 0.03767096 0.09727495
v 0.01336300 0.03807801 0.09711199
v 0.01318496 0.03771799 0.09735900
v 0.01318597 0.03811496 0.09720301
v 0.01303398 0.03777301 0.09746497
v 0.01302695 0.03816199 0.09731996
v 0.01289999 0.03783798 0.09759700
v 0.01289194 0.03821897 0.09746098
v 0.01374799 0.03760898 0.09719097
v 0.01348096 0.03718900 0.09739798
v 0.01367598 0.03713899 0.09738200
v 0.01354897 0.03763401 0.09721696
v 0.01329398 0.03725099 0.09744399
v 0.01335799 0.03767096 0.09727495
v 0.01318496 0.03771799 0.09735900
v 0.01312094 0.03732198 0.09751999
v 0.01303398 0.03777301 0.09746497
v 0.01296597 0.03740197 0.09762400
v 0.01287597 0.03765600 0.09766697
v 0.01283597 0.03748899 0.09775197
v 0.01289999 0.03783798 0.09759700
v 0.01213699 0.03562396 0.09809297
v 0.01187098 0.03569799 0.09809195
v 0.01189595 0.03557199 0.09812998
v 0.01192498 0.03644597 0.09811800
v 0.01174998 0.03658401 0.09822601
v 0.01176595 0.03641301 0.09814298
v 0.01178896 0.03621697 0.09808498
v 0.01196396 0.03662800 0.09818798
v 0.01207697 0.03649497 0.09808796
v 0.01217299 0.03670799 0.09813600
v 0.01196497 0.03625398 0.09805697
v 0.01181596 0.03601998 0.09806001
v 0.01222497 0.03656101 0.09805196
v 0.01236200 0.03681701 0.09807199
v 0.01213395 0.03630799 0.09802401
v 0.01201099 0.03606098 0.09802997
v 0.01184695 0.03582799 0.09806901
v 0.01206099 0.03587299 0.09803497
v 0.01236999 0.03570097 0.09804600
v 0.01219797 0.03612101 0.09799301
v 0.01229798 0.03638100 0.09798300
v 0.01242798 0.03668701 0.09798699
v 0.01252698 0.03695398 0.09799796
v 0.01226794 0.03593897 0.09799396
v 0.01238095 0.03620201 0.09794801
v 0.01252394 0.03652101 0.09791100
v 0.01260298 0.03684198 0.09791296
v 0.01265996 0.03710997 0.09792101
v 0.01246899 0.03602796 0.09794497
v 0.01268094 0.03585100 0.09796398
v 0.01262998 0.03635698 0.09786796
v 0.01271796 0.03669399 0.09782898
v 0.01274299 0.03701597 0.09783399
v 0.01276099 0.03728199 0.09784096
v 0.01274394 0.03619998 0.09785699
v 0.01296299 0.03604400 0.09786701
v 0.01284599 0.03654801 0.09777700
v 0.01287394 0.03688699 0.09774100
v 0.01284795 0.03720396 0.09775197
v 0.01280498 0.03738898 0.09779298
v 0.01298099 0.03640997 0.09775698
v 0.01320999 0.03627496 0.09775799
v 0.01301795 0.03676199 0.09767997
v 0.01289397 0.03732001 0.09770298
v 0.01296597 0.03740197 0.09762400
v 0.01283597 0.03748899 0.09775197
v 0.01299095 0.03709602 0.09764999
v 0.01317095 0.03664600 0.09764999
v 0.01341497 0.03653800 0.09763896
v 0.01304197 0.03722500 0.09759497
v 0.01312094 0.03732198 0.09751999
v 0.01314795 0.03699398 0.09757900
v 0.01320397 0.03713697 0.09751796
v 0.01329398 0.03725099 0.09744399
v 0.01331394 0.03690099 0.09753799
v 0.01357299 0.03682798 0.09751296
v 0.01337599 0.03705799 0.09747201
v 0.01348096 0.03718900 0.09739798
v 0.01367598 0.03713899 0.09738200
v 0.01138395 0.03654301 0.09826099
v 0.01096397 0.03656101 0.09829801
v 0.01095497 0.03640097 0.09822100
v 0.01094597 0.03623098 0.09816801
v 0.01093900 0.03605496 0.09814101
v 0.01176595 0.03641301 0.09814298
v 0.01174998 0.03658401 0.09822601
v 0.01158100 0.03655397 0.09824198
v 0.01178896 0.03621697 0.09808498
v 0.01181596 0.03601998 0.09806001
v 0.01141297 0.03552800 0.09818196
v 0.01093298 0.03587698 0.09814000
v 0.01092898 0.03570097 0.09816497
v 0.01092594 0.03552997 0.09821599
v 0.01184695 0.03582799 0.09806901
v 0.01187098 0.03569799 0.09809195
v 0.01189595 0.03557199 0.09812998
v 0.01092898 0.03570097 0.09816497
v 0.00936198 0.03574198 0.09824800
v 0.00936097 0.03557097 0.09829896
v 0.01092594 0.03552997 0.09821599
v 0.01093298 0.03587698 0.09814000
v 0.00936496 0.03591799 0.09822297
v 0.01093900 0.03605496 0.09814101
v 0.00936896 0.03609597 0.09822398
v 0.01094597 0.03623098 0.09816801
v 0.00937498 0.03627097 0.09825199
v 0.01095497 0.03640097 0.09822100
v 0.00938100 0.03644096 0.09830498
v 0.01096397 0.03656101 0.09829801
v 0.00938898 0.03660100 0.09838199
v -0.00480497 0.03627198 0.09840601
v -0.00007900 0.03670901 0.09861397
v -0.00954598 0.03659701 0.09837400
v -0.00953400 0.03635096 0.09826600
v -0.00952697 0.03615897 0.09822297
v -0.00953996 0.03647696 0.09831297
v -0.00480396 0.03617501 0.09839397
v -0.00951898 0.03575199 0.09823596
v -0.00951695 0.03556698 0.09829097
v -0.00952196 0.03595799 0.09821200
v 0.00464797 0.03626698 0.09840899
v 0.00936896 0.03609597 0.09822398
v 0.00937498 0.03627097 0.09825199
v 0.00938100 0.03644096 0.09830498
v 0.00938898 0.03660100 0.09838199
v 0.00464696 0.03617697 0.09839797
v 0.00936097 0.03557097 0.09829896
v 0.00936198 0.03574198 0.09824800
v 0.00936496 0.03591799 0.09822297
v -0.00951695 0.03556698 0.09829097
v -0.01108396 0.03565502 0.09816497
v -0.01108199 0.03552597 0.09820699
v -0.00951898 0.03575199 0.09823596
v -0.01108700 0.03578799 0.09813898
v -0.00952196 0.03595799 0.09821200
v -0.01109296 0.03598296 0.09812796
v -0.00952697 0.03615897 0.09822297
v -0.01110094 0.03618401 0.09815001
v -0.00953400 0.03635096 0.09826600
v -0.01111096 0.03638297 0.09820699
v -0.00953996 0.03647696 0.09831297
v -0.01112097 0.03655600 0.09828996
v -0.00954598 0.03659701 0.09837400
v -0.01168400 0.03654396 0.09823799
v -0.01190698 0.03657996 0.09821701
v -0.01192098 0.03642201 0.09813898
v -0.01194000 0.03625500 0.09808397
v -0.01141297 0.03653901 0.09826397
v -0.01111096 0.03638297 0.09820699
v -0.01112097 0.03655600 0.09828996
v -0.01110094 0.03618401 0.09815001
v -0.01196396 0.03608298 0.09805500
v -0.01109296 0.03598296 0.09812796
v -0.01156997 0.03552401 0.09817296
v -0.01199096 0.03590798 0.09805101
v -0.01202094 0.03573501 0.09807300
v -0.01205396 0.03556799 0.09811997
v -0.01108700 0.03578799 0.09813898
v -0.01108396 0.03565502 0.09816497
v -0.01108199 0.03552597 0.09820699
v -0.01192098 0.03642201 0.09813898
v -0.01190698 0.03657996 0.09821701
v -0.01202499 0.03660100 0.09819799
v -0.01300495 0.03594398 0.09790301
v -0.01306295 0.03624796 0.09780001
v -0.01320397 0.03609901 0.09782701
v -0.01256299 0.03662002 0.09797298
v -0.01241797 0.03674900 0.09809798
v -0.01260495 0.03687697 0.09802597
v -0.01269596 0.03672397 0.09792196
v -0.01265698 0.03644996 0.09790498
v -0.01280498 0.03656500 0.09784901
v -0.01241797 0.03653198 0.09801799
v -0.01221299 0.03665500 0.09815698
v -0.01226699 0.03646200 0.09805697
v -0.01276499 0.03627699 0.09786999
v -0.01292794 0.03640401 0.09780800
v -0.01249599 0.03635096 0.09795498
v -0.01232898 0.03627401 0.09799796
v -0.01288199 0.03610599 0.09786897
v -0.01278698 0.03581202 0.09797096
v -0.01258498 0.03616797 0.09792596
v -0.01205897 0.03639501 0.09809798
v -0.01194000 0.03625500 0.09808397
v -0.01239997 0.03608196 0.09797400
v -0.01268398 0.03598600 0.09793096
v -0.01209700 0.03619998 0.09804397
v -0.01196396 0.03608298 0.09805500
v -0.01247894 0.03589099 0.09798401
v -0.01243299 0.03565996 0.09805595
v -0.01214295 0.03599900 0.09802496
v -0.01199096 0.03590798 0.09805101
v -0.01219499 0.03579998 0.09803998
v -0.01202094 0.03573501 0.09807300
v -0.01205396 0.03556799 0.09811997
v -0.01269596 0.03672397 0.09792196
v -0.01260495 0.03687697 0.09802597
v -0.01273196 0.03699797 0.09796297
v -0.01374900 0.03686797 0.09748196
v -0.01363694 0.03718596 0.09738701
v -0.01383197 0.03713399 0.09737098
v -0.01320397 0.03609901 0.09782701
v -0.01306295 0.03624796 0.09780001
v -0.01343697 0.03634101 0.09771400
v -0.01305598 0.03723198 0.09769397
v -0.01292496 0.03729099 0.09782296
v -0.01299399 0.03748399 0.09774196
v -0.01312500 0.03740000 0.09761399
v -0.01320600 0.03713101 0.09759497
v -0.01327896 0.03732001 0.09750998
v -0.01297497 0.03706496 0.09776699
v -0.01282995 0.03712296 0.09790098
v -0.01337498 0.03703397 0.09752500
v -0.01345098 0.03724801 0.09743398
v -0.01311600 0.03694397 0.09767597
v -0.01284998 0.03688299 0.09784799
v -0.01355797 0.03694599 0.09748798
v -0.01362699 0.03661501 0.09759199
v -0.01327496 0.03682696 0.09761500
v -0.01297700 0.03674197 0.09776598
v -0.01280498 0.03656500 0.09784901
v -0.01344698 0.03671598 0.09758698
v -0.01311999 0.03660202 0.09771496
v -0.01292794 0.03640401 0.09780800
v -0.01327496 0.03646701 0.09769797
v -0.01312500 0.03740000 0.09761399
v -0.01299399 0.03748399 0.09774196
v -0.01303297 0.03764897 0.09765696
v -0.01319098 0.03777098 0.09745198
v -0.01305794 0.03783297 0.09758597
v -0.01327896 0.03732001 0.09750998
v -0.01334196 0.03771698 0.09734499
v -0.01345098 0.03724801 0.09743398
v -0.01351499 0.03766900 0.09726196
v -0.01370495 0.03763002 0.09720498
v -0.01363694 0.03718596 0.09738701
v -0.01390397 0.03760302 0.09718000
v -0.01383197 0.03713399 0.09737098
v -0.01319098 0.03777098 0.09745198
v -0.01305794 0.03783297 0.09758597
v -0.01304996 0.03798699 0.09753501
v -0.01318395 0.03815698 0.09730899
v -0.01304894 0.03821396 0.09745001
v -0.01334297 0.03811001 0.09719198
v -0.01334196 0.03771698 0.09734499
v -0.01352000 0.03807300 0.09710097
v -0.01351499 0.03766900 0.09726196
v -0.01371198 0.03804796 0.09703898
v -0.01370495 0.03763002 0.09720498
v -0.01391196 0.03803497 0.09700798
v -0.01390397 0.03760302 0.09718000
v -0.01318299 0.03962200 0.09671497
v -0.01304894 0.03821396 0.09745001
v -0.01304894 0.03968000 0.09685599
v -0.01318395 0.03815698 0.09730899
v -0.01334196 0.03957396 0.09659796
v -0.01334297 0.03811001 0.09719198
v -0.01352000 0.03953701 0.09650701
v -0.01352000 0.03807300 0.09710097
v -0.01371198 0.03951096 0.09644496
v -0.01371198 0.03804796 0.09703898
v -0.01391196 0.03949898 0.09641498
v -0.01391196 0.03803497 0.09700798
v -0.01304894 0.03968000 0.09685599
v -0.01304996 0.05680501 0.08869099
v -0.01318395 0.05673199 0.08855801
v -0.01318299 0.03962200 0.09671497
v -0.01334095 0.05667102 0.08844596
v -0.01334196 0.03957396 0.09659796
v -0.01351797 0.05662399 0.08836001
v -0.01352000 0.03953701 0.09650701
v -0.01370894 0.05659097 0.08829998
v -0.01371198 0.03951096 0.09644496
v -0.01390796 0.05657500 0.08827000
v -0.01391196 0.03949898 0.09641498
v -0.01358097 0.05764997 0.08776497
v -0.01351898 0.05800801 0.08759701
v -0.01370894 0.05797499 0.08753699
v -0.01390796 0.05795902 0.08750700
v -0.01328796 0.05772900 0.08790898
v -0.01305097 0.05819100 0.08792698
v -0.01318496 0.05811697 0.08779400
v -0.01334196 0.05805599 0.08768296
v -0.01358097 0.05730301 0.08795601
v -0.01390796 0.05657500 0.08827000
v -0.01328796 0.05738300 0.08810001
v -0.01304996 0.05680501 0.08869099
v -0.01358097 0.05695700 0.08814698
v -0.01370894 0.05659097 0.08829998
v -0.01351797 0.05662399 0.08836001
v -0.01328694 0.05703598 0.08829098
v -0.01334095 0.05667102 0.08844596
v -0.01318395 0.05673199 0.08855801
v -0.01306098 0.05853801 0.08771401
v -0.01318496 0.05811697 0.08779400
v -0.01305097 0.05819100 0.08792698
v -0.01319295 0.05847698 0.08758097
v -0.01334196 0.05805599 0.08768296
v -0.01334297 0.05842798 0.08747196
v -0.01351898 0.05800801 0.08759701
v -0.01351398 0.05839198 0.08738195
v -0.01370894 0.05797499 0.08753699
v -0.01370298 0.05836999 0.08731698
v -0.01390796 0.05795902 0.08750700
v -0.01389998 0.05836397 0.08727997
v -0.01319295 0.05847698 0.08758097
v -0.01306098 0.05853801 0.08771401
v -0.01303797 0.05870997 0.08761197
v -0.01313799 0.05883097 0.08738195
v -0.01334297 0.05842798 0.08747196
v -0.01300299 0.05887901 0.08753198
v -0.01329296 0.05880200 0.08725696
v -0.01351398 0.05839198 0.08738195
v -0.01345998 0.05878901 0.08715796
v -0.01370298 0.05836999 0.08731698
v -0.01363295 0.05879300 0.08708596
v -0.01389998 0.05836397 0.08727997
v -0.01382899 0.05881297 0.08703500
v -0.01229697 0.06031399 0.08632498
v -0.01202195 0.06021398 0.08642899
v -0.01205796 0.06037598 0.08631199
v -0.01210194 0.05983102 0.08692896
v -0.01213496 0.05976200 0.08712100
v -0.01192498 0.05982100 0.08711600
v -0.01194000 0.05987501 0.08692097
v -0.01196199 0.05996000 0.08673900
v -0.01225697 0.05977600 0.08694601
v -0.01233196 0.05967897 0.08714497
v -0.01214200 0.05991297 0.08674699
v -0.01198995 0.06007397 0.08657300
v -0.01238697 0.05971598 0.08696901
v -0.01251399 0.05956900 0.08718597
v -0.01231396 0.05985099 0.08676600
v -0.01218897 0.06002300 0.08658200
v -0.01245898 0.05978399 0.08679097
v -0.01238000 0.05995398 0.08660399
v -0.01224094 0.06015700 0.08644199
v -0.01252698 0.06023001 0.08635199
v -0.01258498 0.05959397 0.08701997
v -0.01268094 0.05942898 0.08724498
v -0.01254099 0.05988001 0.08663201
v -0.01245194 0.06008100 0.08646500
v -0.01267796 0.05964899 0.08684796
v -0.01276600 0.05944097 0.08709001
v -0.01281100 0.05927997 0.08731496
v -0.01262998 0.05999898 0.08649599
v -0.01283699 0.06007599 0.08641201
v -0.01278495 0.05972999 0.08669501
v -0.01287996 0.05947899 0.08692598
v -0.01290696 0.05927896 0.08716899
v -0.01289999 0.05983299 0.08656597
v -0.01311796 0.05988198 0.08649599
v -0.01300895 0.05953997 0.08678096
v -0.01303696 0.05929797 0.08701395
v -0.01301699 0.05910396 0.08725696
v -0.01291096 0.05912101 0.08739596
v -0.01314795 0.05962401 0.08666199
v -0.01336497 0.05965399 0.08660298
v -0.01318299 0.05934000 0.08687901
v -0.01307898 0.05896598 0.08732897
v -0.01296699 0.05899500 0.08746397
v -0.01300299 0.05887901 0.08753198
v -0.01313799 0.05883097 0.08738195
v -0.01315897 0.05910396 0.08711200
v -0.01333999 0.05940198 0.08676999
v -0.01356899 0.05939596 0.08673000
v -0.01322799 0.05895102 0.08719199
v -0.01329296 0.05880200 0.08725696
v -0.01331895 0.05912399 0.08698797
v -0.01339596 0.05895400 0.08707696
v -0.01345998 0.05878901 0.08715796
v -0.01348996 0.05916398 0.08688998
v -0.01372599 0.05911296 0.08687496
v -0.01357495 0.05897498 0.08698898
v -0.01363295 0.05879300 0.08708596
v -0.01382899 0.05881297 0.08703500
v -0.01173496 0.05985099 0.08710300
v -0.01153695 0.05987697 0.08711296
v -0.01153194 0.05993300 0.08691900
v -0.01192498 0.05982100 0.08711600
v -0.01194000 0.05987501 0.08692097
v -0.01176995 0.06015098 0.08652400
v -0.01198995 0.06007397 0.08657300
v -0.01196199 0.05996000 0.08673900
v -0.01202195 0.06021398 0.08642899
v -0.01205796 0.06037598 0.08631199
v -0.01155298 0.06044697 0.08631497
v -0.01153194 0.06002098 0.08673799
v -0.01153600 0.06013900 0.08657401
v -0.01154297 0.06028199 0.08643198
v -0.01174497 0.05995798 0.08679896
v -0.01112395 0.05994397 0.08695900
v -0.01153194 0.05993300 0.08691900
v -0.01153695 0.05987697 0.08711296
v -0.01113498 0.05988800 0.08715599
v -0.01111400 0.06003302 0.08677297
v -0.01153194 0.06002098 0.08673799
v -0.01110696 0.06015199 0.08660596
v -0.01153600 0.06013900 0.08657401
v -0.01110297 0.06029796 0.08646100
v -0.01154297 0.06028199 0.08643198
v -0.01110094 0.06046700 0.08634400
v -0.01155298 0.06044697 0.08631497
v -0.00955796 0.05993300 0.08725297
v -0.01112395 0.05994397 0.08695900
v -0.01113498 0.05988800 0.08715599
v -0.00954795 0.05998802 0.08705496
v -0.01111400 0.06003302 0.08677297
v -0.00953996 0.06007701 0.08686900
v -0.01110696 0.06015199 0.08660596
v -0.00953400 0.06019699 0.08670198
v -0.01110297 0.06029796 0.08646100
v -0.00952899 0.06034296 0.08655697
v -0.01110094 0.06046700 0.08634400
v -0.00952697 0.06051200 0.08643996
v -0.00954795 0.05998802 0.08705496
v -0.00955796 0.05993300 0.08725297
v -0.00007900 0.06006199 0.08753299
v -0.00007900 0.06011801 0.08733397
v -0.00953996 0.06007701 0.08686900
v -0.00007900 0.06020700 0.08714801
v -0.00953400 0.06019699 0.08670198
v -0.00007800 0.06032699 0.08697998
v -0.00952899 0.06034296 0.08655697
v -0.00007800 0.06047397 0.08683598
v -0.00952697 0.06051200 0.08643996
v -0.00007800 0.06064301 0.08671796
v 0.00889599 0.05980801 0.08803999
v -0.00007900 0.06006199 0.08753299
v -0.00007900 0.05991899 0.08827996
v 0.00940096 0.05993700 0.08726096
v 0.01097798 0.05989301 0.08716601
v 0.01144099 0.05973500 0.08788800
v 0.01129698 0.05988299 0.08713299
v 0.01153695 0.05986297 0.08711701
v 0.01176798 0.05982398 0.08712297
v 0.01161599 0.05971300 0.08788496
v 0.01197695 0.05976599 0.08713799
v 0.01180195 0.05965799 0.08789998
v 0.01211196 0.05971300 0.08715301
v 0.01223796 0.05964797 0.08717298
v 0.01193195 0.05959796 0.08792299
v 0.01203894 0.05953001 0.08795201
v 0.01242196 0.05952501 0.08721798
v 0.01211994 0.05946600 0.08798098
v 0.01250499 0.05945301 0.08724898
v 0.01219195 0.05939501 0.08801496
v 0.01258295 0.05937302 0.08728498
v 0.01225596 0.05931699 0.08805298
v 0.01230996 0.05923402 0.08809399
v 0.01269698 0.05922502 0.08735698
v 0.01235896 0.05913597 0.08814501
v 0.01278698 0.05905902 0.08744400
v 0.01239299 0.05903798 0.08819699
v 0.01242095 0.05886197 0.08829396
v 0.01284599 0.05888497 0.08754396
v 0.01288098 0.05871498 0.08762401
v 0.01290297 0.05854296 0.08772599
v 0.01289498 0.05839300 0.08782398
v 0.01289397 0.05819600 0.08793896
v 0.01289296 0.05681097 0.08870297
v 0.01242196 0.04240101 0.09640896
v 0.01239395 0.03785198 0.09828400
v 0.01289194 0.03821897 0.09746098
v 0.01289194 0.03968501 0.09686696
v 0.01289999 0.03783798 0.09759700
v 0.01287597 0.03765600 0.09766697
v 0.01283597 0.03748899 0.09775197
v 0.01280498 0.03738898 0.09779298
v 0.01276099 0.03728199 0.09784096
v 0.01232898 0.03767299 0.09835898
v 0.01265996 0.03710997 0.09792101
v 0.01222896 0.03751796 0.09842801
v 0.01252698 0.03695398 0.09799796
v 0.01211398 0.03739899 0.09848296
v 0.01236200 0.03681701 0.09807199
v 0.01197898 0.03730201 0.09853100
v 0.01217299 0.03670799 0.09813600
v 0.01182496 0.03722697 0.09857201
v 0.01196396 0.03662800 0.09818798
v 0.01165896 0.03717899 0.09860199
v 0.01155698 0.03716397 0.09861600
v 0.01174998 0.03658401 0.09822601
v 0.01145696 0.03715997 0.09862500
v 0.01158100 0.03655397 0.09824198
v 0.01138395 0.03654301 0.09826099
v 0.01055794 0.03718197 0.09867697
v 0.01096397 0.03656101 0.09829801
v 0.00938898 0.03660100 0.09838199
v -0.00007900 0.03731900 0.09896999
v -0.00954598 0.03659701 0.09837400
v -0.00007900 0.03731900 0.09896999
v -0.01117295 0.03716599 0.09864300
v -0.01112097 0.03655600 0.09828996
v -0.01141297 0.03653901 0.09826397
v -0.01168400 0.03654396 0.09823799
v -0.01162296 0.03715497 0.09861499
v -0.01190698 0.03657996 0.09821701
v -0.01202499 0.03660100 0.09819799
v -0.01178699 0.03716897 0.09859699
v -0.01221299 0.03665500 0.09815698
v -0.01197099 0.03721797 0.09856498
v -0.01241797 0.03674900 0.09809798
v -0.01214098 0.03729999 0.09851998
v -0.01222699 0.03735899 0.09849101
v -0.01260495 0.03687697 0.09802597
v -0.01230299 0.03742301 0.09845995
v -0.01273196 0.03699797 0.09796297
v -0.01242095 0.03755998 0.09839701
v -0.01282995 0.03712296 0.09790098
v -0.01292496 0.03729099 0.09782296
v -0.01299399 0.03748399 0.09774196
v -0.01303297 0.03764897 0.09765696
v -0.01305794 0.03783297 0.09758597
v -0.01304996 0.03798699 0.09753501
v -0.01304894 0.03821396 0.09745001
v -0.01304894 0.03968000 0.09685599
v -0.01257795 0.05089497 0.09247899
v -0.01304996 0.05680501 0.08869099
v -0.01257795 0.05742698 0.08907496
v -0.01305097 0.05819100 0.08792698
v -0.01256895 0.05893898 0.08823698
v -0.01306098 0.05853801 0.08771401
v -0.01303797 0.05870997 0.08761197
v -0.01300299 0.05887901 0.08753198
v -0.01296699 0.05899500 0.08746397
v -0.01252996 0.05909597 0.08815199
v -0.01291096 0.05912101 0.08739596
v -0.01247996 0.05920499 0.08809500
v -0.01281100 0.05927997 0.08731496
v -0.01238495 0.05934798 0.08802396
v -0.01268094 0.05942898 0.08724498
v -0.01225197 0.05948197 0.08796000
v -0.01251399 0.05956900 0.08718597
v -0.01217395 0.05954098 0.08793401
v -0.01208996 0.05959200 0.08791196
v -0.01233196 0.05967897 0.08714497
v -0.01199996 0.05963599 0.08789497
v -0.01190495 0.05967301 0.08788299
v -0.01213496 0.05976200 0.08712100
v -0.01180696 0.05970096 0.08787596
v -0.01170694 0.05971997 0.08787298
v -0.01192498 0.05982100 0.08711600
v -0.01173496 0.05985099 0.08710300
v -0.01153695 0.05987697 0.08711296
v -0.01113498 0.05988800 0.08715599
v -0.00919998 0.05979901 0.08802396
v -0.00955796 0.05993300 0.08725297
v -0.00007900 0.06006199 0.08753299
v 0.01145696 0.03715997 0.09862500
v 0.01232898 0.03767299 0.09835898
v 0.01239395 0.03785198 0.09828400
v 0.01222896 0.03751796 0.09842801
v 0.01211398 0.03739899 0.09848296
v 0.01197898 0.03730201 0.09853100
v 0.01182496 0.03722697 0.09857201
v 0.01165896 0.03717899 0.09860199
v 0.01155698 0.03716397 0.09861600
v 0.01055794 0.03718197 0.09867697
v 0.00757396 0.04240900 0.09671700
v 0.01242196 0.04240101 0.09640896
v 0.00793695 0.04269498 0.09657698
v 0.00824696 0.04301601 0.09642297
v 0.00852299 0.04340100 0.09624099
v 0.00708395 0.04213100 0.09685796
v 0.00874597 0.04385000 0.09603297
v 0.00659996 0.04194897 0.09695696
v 0.00611597 0.04184001 0.09702301
v 0.00889796 0.04437398 0.09579396
v 0.00579798 0.04180401 0.09705001
v 0.00547695 0.04179501 0.09706497
v 0.00894898 0.04491901 0.09554898
v 0.01219195 0.05939501 0.08801496
v 0.01230996 0.05923402 0.08809399
v 0.01225596 0.05931699 0.08805298
v 0.01203894 0.05953001 0.08795201
v 0.01211994 0.05946600 0.08798098
v 0.01235896 0.05913597 0.08814501
v 0.01193195 0.05959796 0.08792299
v 0.01239299 0.05903798 0.08819699
v 0.01180195 0.05965799 0.08789998
v 0.01242095 0.05886197 0.08829396
v 0.01161599 0.05971300 0.08788496
v -0.01197099 0.03721797 0.09856498
v -0.01178699 0.03716897 0.09859699
v -0.01162296 0.03715497 0.09861499
v 0.01144099 0.05973500 0.08788800
v -0.01214098 0.03729999 0.09851998
v -0.01222699 0.03735899 0.09849101
v -0.01230299 0.03742301 0.09845995
v -0.01242095 0.03755998 0.09839701
v -0.01117295 0.03716599 0.09864300
v -0.00632799 0.04178202 0.09703898
v -0.00007900 0.03731900 0.09896999
v -0.00016700 0.04253399 0.09684896
v -0.00050800 0.04282301 0.09672498
v -0.00078000 0.04311800 0.09659701
v -0.00101596 0.04344999 0.09645199
v -0.00121099 0.04381698 0.09629195
v -0.00135297 0.04420900 0.09611999
v -0.00143897 0.04461002 0.09594196
v -0.00146699 0.04501801 0.09576100
v -0.00910598 0.04172897 0.09692400
v 0.00889599 0.05980801 0.08803999
v 0.00547695 0.05251300 0.09211701
v 0.00603998 0.05246400 0.09211796
v 0.00659198 0.05233198 0.09215998
v 0.00710499 0.05212402 0.09223997
v 0.00752699 0.05188000 0.09234100
v 0.00130999 0.05563998 0.09060597
v 0.00130999 0.05255097 0.09219801
v -0.00633097 0.04938298 0.09361898
v -0.00146699 0.05005800 0.09342497
v -0.00563395 0.05001896 0.09334099
v -0.00630200 0.04954999 0.09354001
v -0.00622797 0.04970598 0.09346896
v -0.00611299 0.04983997 0.09340900
v -0.00602698 0.04990500 0.09338098
v -0.00577396 0.05000501 0.09334295
v -0.00590998 0.04996597 0.09335601
v -0.00563395 0.05251097 0.09211200
v -0.00146699 0.05255001 0.09219598
v -0.00146699 0.05563998 0.09060496
v -0.00614697 0.05246901 0.09211099
v -0.00007900 0.05991899 0.08827996
v 0.00038400 0.05564200 0.09061098
v -0.00054100 0.05564200 0.09061098
v -0.01257795 0.05089497 0.09247899
v -0.00910598 0.04932701 0.09350001
v -0.01257795 0.05742698 0.08907496
v -0.00754696 0.05196499 0.09229701
v -0.00713396 0.05218201 0.09220999
v -0.00919998 0.05979901 0.08802396
v -0.00665200 0.05235797 0.09214401
v -0.01170694 0.05971997 0.08787298
v -0.01256895 0.05893898 0.08823698
v -0.01180696 0.05970096 0.08787596
v -0.01190495 0.05967301 0.08788299
v -0.01199996 0.05963599 0.08789497
v -0.01252996 0.05909597 0.08815199
v -0.01217395 0.05954098 0.08793401
v -0.01247996 0.05920499 0.08809500
v -0.01238495 0.05934798 0.08802396
v -0.01225197 0.05948197 0.08796000
v -0.01208996 0.05959200 0.08791196
v 0.00001600 0.03759497 0.09886300
v 0.00200498 0.04182702 0.09713500
v 0.00141895 0.04187500 0.09712100
v 0.00084900 0.04201298 0.09706699
v 0.00030500 0.04224097 0.09697300
v 0.01098597 0.05098700 0.09256196
v 0.00785500 0.05162900 0.09244799
v 0.00810897 0.05138498 0.09255498
v 0.00836098 0.05108398 0.09268897
v 0.00856298 0.05077397 0.09283000
v 0.00870496 0.05049097 0.09296000
v 0.00882399 0.05016797 0.09311097
v 0.00891298 0.04978501 0.09329098
v 0.00893998 0.04955899 0.09339898
v 0.00894898 0.04933100 0.09350800
v -0.01095700 0.05098998 0.09256297
v -0.00907499 0.04974901 0.09329801
v -0.00898099 0.05016499 0.09310299
v -0.00882697 0.05056399 0.09291696
v -0.00861698 0.05093801 0.09274595
v -0.00837999 0.05125498 0.09260398
v -0.00813800 0.05151098 0.09249097
v -0.00787997 0.05173397 0.09239399
v 0.00894898 0.04857999 0.09275698
v 0.00894898 0.04416000 0.09478998
v 0.00894898 0.04491901 0.09554898
v 0.00894898 0.04933100 0.09350800
v 0.00547695 0.04102998 0.09630095
v 0.00547695 0.04179501 0.09706497
v 0.00579798 0.04180401 0.09705001
v 0.00603497 0.04106301 0.09626698
v 0.00611597 0.04184001 0.09702301
v 0.00658196 0.04118001 0.09619599
v 0.00659996 0.04194897 0.09695696
v 0.00709200 0.04137200 0.09609198
v 0.00708395 0.04213100 0.09685796
v 0.00751400 0.04160600 0.09597396
v 0.00757396 0.04240900 0.09671700
v 0.00784397 0.04184997 0.09585398
v 0.00793695 0.04269498 0.09657698
v 0.00808698 0.04207599 0.09574496
v 0.00834799 0.04238098 0.09560000
v 0.00824696 0.04301601 0.09642297
v 0.00858396 0.04274398 0.09543097
v 0.00852299 0.04340100 0.09624099
v 0.00875497 0.04311096 0.09526199
v 0.00874597 0.04385000 0.09603297
v 0.00886995 0.04348200 0.09509396
v 0.00892895 0.04381901 0.09494197
v 0.00889796 0.04437398 0.09579396
v 0.00894898 0.04416000 0.09478998
v 0.00894898 0.04491901 0.09554898
v 0.00200498 0.04182702 0.09713500
v 0.00547695 0.04179501 0.09706497
v 0.00200498 0.04106301 0.09637099
v 0.00547695 0.04102998 0.09630095
v -0.00146699 0.04425996 0.09500300
v -0.00146699 0.04501801 0.09576100
v -0.00143897 0.04461002 0.09594196
v -0.00145894 0.04403501 0.09510201
v -0.00135297 0.04420900 0.09611999
v -0.00143296 0.04381197 0.09520101
v -0.00134498 0.04342001 0.09537297
v -0.00121099 0.04381698 0.09629195
v -0.00120395 0.04304099 0.09553796
v -0.00101596 0.04344999 0.09645199
v -0.00100297 0.04266798 0.09570097
v -0.00078000 0.04311800 0.09659701
v -0.00074100 0.04230999 0.09585601
v -0.00050800 0.04282301 0.09672498
v -0.00043000 0.04198700 0.09599399
v -0.00016700 0.04253399 0.09684896
v -0.00008400 0.04171198 0.09611099
v 0.00030500 0.04224097 0.09697300
v 0.00040900 0.04142600 0.09623098
v 0.00084900 0.04201298 0.09706699
v 0.00092100 0.04122698 0.09631299
v 0.00141895 0.04187500 0.09712100
v 0.00145596 0.04110598 0.09635996
v 0.00200498 0.04182702 0.09713500
v 0.00200498 0.04106301 0.09637099
v -0.00146699 0.04501801 0.09576100
v -0.00146699 0.04930901 0.09267598
v -0.00146699 0.05005800 0.09342497
v -0.00563395 0.05001896 0.09334099
v -0.00146699 0.04930901 0.09267598
v -0.00563395 0.04926997 0.09259200
v -0.00146699 0.05005800 0.09342497
v -0.00577396 0.05000501 0.09334295
v -0.00563395 0.04926997 0.09259200
v -0.00581896 0.04924601 0.09259599
v -0.00563395 0.05001896 0.09334099
v -0.00590998 0.04996597 0.09335601
v -0.00599098 0.04917699 0.09262198
v -0.00602698 0.04990500 0.09338098
v -0.00611299 0.04983997 0.09340900
v -0.00613499 0.04906898 0.09266799
v -0.00622797 0.04970598 0.09346896
v -0.00620496 0.04898899 0.09270399
v -0.00626999 0.04888200 0.09275197
v -0.00630200 0.04954999 0.09354001
v -0.00631398 0.04875898 0.09280896
v -0.00633097 0.04938298 0.09361898
v -0.00633097 0.04863196 0.09286898
v -0.00633097 0.04863196 0.09286898
v -0.00632799 0.04101800 0.09627395
v -0.00632799 0.04178202 0.09703898
v -0.00633097 0.04938298 0.09361898
v -0.00632799 0.04101800 0.09627395
v -0.00910598 0.04172897 0.09692400
v -0.00632799 0.04178202 0.09703898
v -0.00910598 0.04096400 0.09615898
v -0.00910598 0.04172897 0.09692400
v -0.00910598 0.04857599 0.09274899
v -0.00910598 0.04932701 0.09350001
v -0.00910598 0.04096400 0.09615898
v -0.00563395 0.05176496 0.09136599
v -0.00563395 0.05251097 0.09211200
v -0.00614697 0.05246901 0.09211099
v -0.00608599 0.05173200 0.09136396
v -0.00665200 0.05235797 0.09214401
v -0.00653297 0.05164498 0.09138798
v -0.00696695 0.05150598 0.09143698
v -0.00713396 0.05218201 0.09220999
v -0.00735998 0.05132502 0.09150701
v -0.00754696 0.05196499 0.09229701
v -0.00787997 0.05173397 0.09239399
v -0.00769097 0.05112498 0.09158897
v -0.00813800 0.05151098 0.09249097
v -0.00795996 0.05092197 0.09167498
v -0.00837999 0.05125498 0.09260398
v -0.00826394 0.05063700 0.09179896
v -0.00861698 0.05093801 0.09274595
v -0.00858694 0.05023401 0.09197801
v -0.00882697 0.05056399 0.09291696
v -0.00879395 0.04988199 0.09213799
v -0.00898099 0.05016499 0.09310299
v -0.00895995 0.04948198 0.09232199
v -0.00907499 0.04974901 0.09329801
v -0.00906497 0.04906296 0.09251797
v -0.00910598 0.04932701 0.09350001
v -0.00909597 0.04882001 0.09263300
v -0.00146699 0.05180501 0.09145098
v -0.00146699 0.05255001 0.09219598
v -0.00563395 0.05251097 0.09211200
v -0.00563395 0.05176496 0.09136599
v -0.00146699 0.05255001 0.09219598
v -0.00146699 0.05489897 0.08986496
v -0.00146699 0.05563998 0.09060496
v -0.00146699 0.05180501 0.09145098
v -0.00146699 0.05563998 0.09060496
v 0.00038400 0.05490201 0.08987098
v 0.00130999 0.05489999 0.08986598
v -0.00054100 0.05490201 0.08986997
v -0.00146699 0.05489897 0.08986496
v -0.00054100 0.05564200 0.09061098
v 0.00038400 0.05564200 0.09061098
v 0.00130999 0.05563998 0.09060597
v 0.00130999 0.05489999 0.08986598
v 0.00130999 0.05180597 0.09145301
v 0.00130999 0.05255097 0.09219801
v 0.00130999 0.05563998 0.09060597
v 0.00130999 0.05255097 0.09219801
v 0.00130999 0.05180597 0.09145301
v 0.00547695 0.05251300 0.09211701
v 0.00547695 0.05176800 0.09137099
v 0.00890499 0.04908502 0.09251695
v 0.00894898 0.04857999 0.09275698
v 0.00893998 0.04955899 0.09339898
v 0.00891298 0.04978501 0.09329098
v 0.00877499 0.04956400 0.09229296
v 0.00882399 0.05016797 0.09311097
v 0.00855696 0.05003601 0.09207701
v 0.00870496 0.05049097 0.09296000
v 0.00856298 0.05077397 0.09283000
v 0.00838399 0.05030399 0.09195595
v 0.00836098 0.05108398 0.09268897
v 0.00816494 0.05057698 0.09183400
v 0.00810897 0.05138498 0.09255498
v 0.00790197 0.05084002 0.09171897
v 0.00785500 0.05162900 0.09244799
v 0.00757795 0.05109697 0.09160900
v 0.00752699 0.05188000 0.09234100
v 0.00715494 0.05135297 0.09150397
v 0.00710499 0.05212402 0.09223997
v 0.00668299 0.05155497 0.09142601
v 0.00659198 0.05233198 0.09215998
v 0.00621694 0.05168497 0.09138196
v 0.00603998 0.05246400 0.09211796
v 0.00584894 0.05174499 0.09136795
v 0.00547695 0.05251300 0.09211701
v 0.00547695 0.05176800 0.09137099
v 0.00597799 0.04377698 0.09510499
v 0.00808698 0.04207599 0.09574496
v 0.00834799 0.04238098 0.09560000
v 0.00604796 0.04385596 0.09506797
v 0.00858396 0.04274398 0.09543097
v 0.00583398 0.04367101 0.09515696
v 0.00751400 0.04160600 0.09597396
v 0.00784397 0.04184997 0.09585398
v 0.00611299 0.04396301 0.09501796
v 0.00875497 0.04311096 0.09526199
v 0.00886995 0.04348200 0.09509396
v 0.00566298 0.04360699 0.09519201
v 0.00603497 0.04106301 0.09626698
v 0.00658196 0.04118001 0.09619599
v 0.00709200 0.04137200 0.09609198
v 0.00615597 0.04408401 0.09496301
v 0.00892895 0.04381901 0.09494197
v 0.00617498 0.04421401 0.09490495
v 0.00894898 0.04416000 0.09478998
v 0.00547695 0.04358798 0.09520798
v 0.00547695 0.04102998 0.09630095
v 0.00200498 0.04362398 0.09527599
v 0.00145596 0.04110598 0.09635996
v 0.00200498 0.04106301 0.09637099
v 0.00186396 0.04363399 0.09527397
v 0.00092100 0.04122698 0.09631299
v 0.00040900 0.04142600 0.09623098
v 0.00172895 0.04367297 0.09525901
v -0.00008400 0.04171198 0.09611099
v 0.00617194 0.04863500 0.09287399
v 0.00894898 0.04857999 0.09275698
v 0.00614500 0.04880201 0.09279501
v 0.00890499 0.04908502 0.09251695
v 0.00877499 0.04956400 0.09229296
v 0.00607097 0.04895800 0.09272396
v 0.00855696 0.05003601 0.09207701
v 0.00838399 0.05030399 0.09195595
v 0.00816494 0.05057698 0.09183400
v 0.00595599 0.04909199 0.09266400
v 0.00790197 0.05084002 0.09171897
v 0.00757795 0.05109697 0.09160900
v 0.00586998 0.04915797 0.09263598
v 0.00715494 0.05135297 0.09150397
v 0.00668299 0.05155497 0.09142601
v 0.00575298 0.04921901 0.09261196
v 0.00621694 0.05168497 0.09138196
v 0.00561798 0.04925799 0.09259796
v 0.00584894 0.05174499 0.09136795
v 0.00547695 0.05176800 0.09137099
v 0.00547695 0.04926997 0.09259897
v 0.00130999 0.04930996 0.09267699
v -0.00146699 0.04425996 0.09500300
v 0.00130999 0.04425996 0.09500497
v 0.00130999 0.05180597 0.09145301
v -0.00146699 0.04930901 0.09267598
v -0.00146699 0.05180501 0.09145098
v -0.00633097 0.04863196 0.09286898
v -0.00910598 0.04096400 0.09615898
v -0.00632799 0.04101800 0.09627395
v -0.00563395 0.04926997 0.09259200
v 0.00038400 0.05490201 0.08987098
v 0.00130999 0.05489999 0.08986598
v -0.00054100 0.05490201 0.08986997
v -0.00910598 0.04857599 0.09274899
v -0.00631398 0.04875898 0.09280896
v -0.00146699 0.05489897 0.08986496
v -0.00909597 0.04882001 0.09263300
v -0.00906497 0.04906296 0.09251797
v -0.00626999 0.04888200 0.09275197
v -0.00563395 0.05176496 0.09136599
v -0.00581896 0.04924601 0.09259599
v -0.00895995 0.04948198 0.09232199
v -0.00608599 0.05173200 0.09136396
v -0.00879395 0.04988199 0.09213799
v -0.00620496 0.04898899 0.09270399
v -0.00653297 0.05164498 0.09138798
v -0.00599098 0.04917699 0.09262198
v -0.00858694 0.05023401 0.09197801
v -0.00696695 0.05150598 0.09143698
v -0.00826394 0.05063700 0.09179896
v -0.00613499 0.04906898 0.09266799
v -0.00735998 0.05132502 0.09150701
v -0.00795996 0.05092197 0.09167498
v -0.00769097 0.05112498 0.09158897
v 0.00001600 0.04364901 0.09527897
v -0.00043000 0.04198700 0.09599399
v -0.00074100 0.04230999 0.09585601
v -0.00100297 0.04266798 0.09570097
v -0.00120395 0.04304099 0.09553796
v -0.00134498 0.04342001 0.09537297
v -0.00143296 0.04381197 0.09520101
v -0.00145894 0.04403501 0.09510201
v 0.00161195 0.04373300 0.09523397
v 0.00152600 0.04379898 0.09520596
v 0.00141096 0.04393398 0.09514796
v 0.00133699 0.04409098 0.09507900
v 0.00617194 0.04792100 0.09431898
v 0.00617194 0.04863500 0.09287399
v 0.00617194 0.04938501 0.09362500
v 0.00617194 0.04644900 0.09499800
v 0.00617498 0.04421401 0.09490495
v 0.00617498 0.04497098 0.09566301
v 0.00561696 0.04435700 0.09595596
v 0.00547695 0.04434698 0.09596598
v 0.00547695 0.04358798 0.09520798
v 0.00566298 0.04360699 0.09519201
v 0.00575197 0.04439198 0.09593498
v 0.00583398 0.04367101 0.09515696
v 0.00587100 0.04445099 0.09590500
v 0.00597799 0.04377698 0.09510499
v 0.00595599 0.04451501 0.09587401
v 0.00604796 0.04385596 0.09506797
v 0.00606996 0.04464501 0.09581196
v 0.00611299 0.04396301 0.09501796
v 0.00614500 0.04480302 0.09573900
v 0.00615597 0.04408401 0.09496301
v 0.00617498 0.04497098 0.09566301
v 0.00617498 0.04421401 0.09490495
v 0.00547695 0.04358798 0.09520798
v 0.00547695 0.04434698 0.09596598
v 0.00200498 0.04362398 0.09527599
v 0.00200498 0.04438197 0.09603500
v 0.00132596 0.04488801 0.09582096
v 0.00130999 0.04501801 0.09576296
v 0.00130999 0.04425996 0.09500497
v 0.00133699 0.04409098 0.09507900
v 0.00136995 0.04476600 0.09587496
v 0.00141096 0.04393398 0.09514796
v 0.00143599 0.04465699 0.09592300
v 0.00150496 0.04457801 0.09595698
v 0.00152600 0.04379898 0.09520596
v 0.00164795 0.04447096 0.09600198
v 0.00161195 0.04373300 0.09523397
v 0.00172895 0.04367297 0.09525901
v 0.00182199 0.04440301 0.09602999
v 0.00186396 0.04363399 0.09527397
v 0.00200498 0.04438197 0.09603500
v 0.00200498 0.04362398 0.09527599
v 0.00130999 0.04670697 0.09500199
v 0.00130999 0.04425996 0.09500497
v 0.00130999 0.04501801 0.09576296
v 0.00130999 0.04930996 0.09267699
v 0.00130999 0.04838699 0.09422296
v 0.00130999 0.05005800 0.09342598
v 0.00130999 0.05005800 0.09342598
v 0.00547695 0.05001997 0.09334796
v 0.00130999 0.04930996 0.09267699
v 0.00547695 0.04926997 0.09259897
v 0.00615597 0.04951500 0.09356498
v 0.00617194 0.04938501 0.09362500
v 0.00617194 0.04863500 0.09287399
v 0.00614500 0.04880201 0.09279501
v 0.00611299 0.04963600 0.09350800
v 0.00607097 0.04895800 0.09272396
v 0.00604695 0.04974400 0.09345901
v 0.00595599 0.04909199 0.09266400
v 0.00597799 0.04982298 0.09342396
v 0.00586998 0.04915797 0.09263598
v 0.00583398 0.04992997 0.09337800
v 0.00575298 0.04921901 0.09261196
v 0.00566000 0.04999899 0.09335100
v 0.00561798 0.04925799 0.09259796
v 0.00547695 0.05001997 0.09334796
v 0.00547695 0.04926997 0.09259897
v 0.00547695 0.05001997 0.09334796
v 0.00130999 0.05005800 0.09342598
v 0.00130999 0.04838699 0.09422296
v 0.00597799 0.04982298 0.09342396
v 0.00583398 0.04992997 0.09337800
v 0.00566000 0.04999899 0.09335100
v 0.00604695 0.04974400 0.09345901
v 0.00611299 0.04963600 0.09350800
v 0.00615597 0.04951500 0.09356498
v 0.00617194 0.04938501 0.09362500
v 0.00200498 0.04438197 0.09603500
v 0.00130999 0.04670697 0.09500199
v 0.00130999 0.04501801 0.09576296
v 0.00132596 0.04488801 0.09582096
v 0.00136995 0.04476600 0.09587496
v 0.00143599 0.04465699 0.09592300
v 0.00150496 0.04457801 0.09595698
v 0.00164795 0.04447096 0.09600198
v 0.00182199 0.04440301 0.09602999
v 0.00617194 0.04792100 0.09431898
v 0.00617194 0.04644900 0.09499800
v 0.00547695 0.04434698 0.09596598
v 0.00617498 0.04497098 0.09566301
v 0.00614500 0.04480302 0.09573900
v 0.00606996 0.04464501 0.09581196
v 0.00587100 0.04445099 0.09590500
v 0.00561696 0.04435700 0.09595596
v 0.00575197 0.04439198 0.09593498
v 0.00595599 0.04451501 0.09587401
f 1 2 3
f 4 1 3
f 5 6 7
f 8 5 7
f 8 7 9
f 10 6 5
f 10 11 6
f 12 11 10
f 12 13 11
f 14 8 9
f 15 14 9
f 16 13 12
f 17 18 13
f 17 13 16
f 19 18 17
f 20 18 19
f 21 3 18
f 21 4 3
f 21 18 20
f 22 23 24
f 22 20 23
f 22 21 20
f 25 9 26
f 25 15 9
f 27 26 28
f 27 25 26
f 29 30 31
f 29 32 30
f 29 24 32
f 29 22 24
f 33 27 28
f 34 33 28
f 35 34 28
f 35 28 36
f 37 35 36
f 38 37 36
f 39 38 36
f 39 36 40
f 41 39 40
f 42 41 40
f 43 42 40
f 44 43 40
f 45 44 40
f 46 29 31
f 47 45 40
f 48 47 40
f 49 46 31
f 50 49 31
f 51 48 52
f 51 47 48
f 53 50 31
f 54 50 53
f 55 54 53
f 56 55 53
f 57 51 52
f 58 59 60
f 61 58 60
f 62 60 59
f 63 61 60
f 64 60 62
f 65 63 60
f 66 67 60
f 66 60 64
f 68 65 60
f 69 67 66
f 70 67 69
f 71 67 70
f 72 67 71
f 73 74 57
f 75 68 60
f 76 75 60
f 77 67 72
f 78 75 76
f 79 57 52
f 79 73 57
f 80 76 81
f 80 78 76
f 82 80 81
f 83 82 81
f 84 83 81
f 85 84 81
f 86 85 81
f 87 86 81
f 88 87 81
f 89 88 81
f 90 89 81
f 91 90 81
f 92 91 81
f 93 92 81
f 94 93 81
f 95 94 81
f 96 95 81
f 97 79 52
f 98 96 81
f 98 99 96
f 100 97 52
f 100 52 101
f 102 99 98
f 103 102 98
f 103 104 102
f 105 100 101
f 106 107 104
f 106 104 103
f 108 101 67
f 108 67 77
f 108 105 101
f 109 107 106
f 110 77 111
f 110 108 77
f 112 111 113
f 112 113 114
f 112 110 111
f 115 116 117
f 115 118 116
f 115 114 118
f 115 112 114
f 119 120 121
f 119 117 120
f 119 115 117
f 122 123 124
f 122 121 123
f 122 119 121
f 125 126 127
f 125 124 126
f 125 122 124
f 128 127 129
f 128 129 130
f 128 125 127
f 131 132 107
f 131 130 132
f 131 128 130
f 133 107 109
f 133 131 107
f 134 133 109
f 134 109 135
f 136 137 138
f 136 138 139
f 136 139 140
f 141 142 143
f 141 143 144
f 145 141 144
f 146 137 136
f 146 147 148
f 146 148 149
f 146 149 150
f 146 150 137
f 151 145 144
f 151 144 147
f 152 147 146
f 153 147 152
f 154 147 153
f 155 147 154
f 156 151 147
f 156 147 155
f 157 158 159
f 157 156 158
f 157 151 156
f 160 161 162
f 160 159 161
f 160 157 159
f 163 162 164
f 163 160 162
f 165 166 167
f 168 169 170
f 168 164 169
f 168 163 164
f 171 166 165
f 172 168 170
f 172 170 173
f 172 173 174
f 172 174 175
f 176 175 177
f 176 177 178
f 176 172 175
f 176 179 180
f 176 181 179
f 176 178 181
f 182 183 184
f 182 185 183
f 182 186 185
f 182 187 186
f 182 188 187
f 182 189 188
f 182 180 189
f 182 176 180
f 190 191 192
f 190 184 191
f 190 182 184
f 190 192 193
f 194 166 171
f 194 193 166
f 194 171 195
f 194 190 193
f 196 194 195
f 196 195 197
f 198 197 199
f 198 196 197
f 200 201 202
f 203 202 204
f 203 200 202
f 205 199 201
f 205 201 200
f 205 198 199
f 206 203 204
f 207 204 208
f 207 206 204
f 209 210 198
f 209 198 205
f 211 210 209
f 212 210 211
f 213 210 212
f 214 210 213
f 215 210 214
f 216 210 215
f 217 207 208
f 218 210 216
f 219 217 208
f 219 208 220
f 221 219 220
f 221 220 222
f 223 221 222
f 224 223 222
f 225 224 222
f 225 222 226
f 227 225 226
f 228 227 226
f 228 226 229
f 230 228 229
f 231 232 233
f 231 210 218
f 231 234 232
f 231 235 234
f 231 236 235
f 231 237 236
f 231 238 237
f 231 218 238
f 239 230 229
f 239 229 240
f 241 239 240
f 242 231 233
f 243 242 233
f 244 243 245
f 244 246 247
f 244 245 246
f 244 242 243
f 248 249 250
f 248 251 249
f 248 252 251
f 248 253 252
f 248 254 253
f 248 255 254
f 248 256 255
f 248 257 256
f 248 258 257
f 248 259 258
f 248 247 259
f 248 244 247
f 260 250 261
f 260 248 250
f 262 260 261
f 263 264 265
f 263 261 264
f 263 262 261
f 266 265 241
f 266 263 265
f 267 240 268
f 267 241 240
f 267 266 241
f 269 268 270
f 269 267 268
f 271 272 273
f 274 275 272
f 274 276 275
f 274 272 271
f 277 278 276
f 277 276 274
f 279 280 278
f 279 281 280
f 279 278 277
f 282 283 281
f 282 281 279
f 284 285 283
f 284 283 282
f 286 287 285
f 286 288 287
f 286 285 284
f 289 290 288
f 289 288 286
f 291 292 290
f 291 290 289
f 293 292 291
f 293 294 292
f 295 294 293
f 295 296 294
f 297 298 296
f 297 296 295
f 299 300 301
f 299 302 300
f 299 303 302
f 304 298 297
f 304 305 298
f 306 299 301
f 306 301 307
f 308 305 304
f 309 306 307
f 309 307 310
f 311 305 308
f 311 312 305
f 313 309 310
f 313 310 314
f 315 312 311
f 315 316 312
f 317 313 314
f 317 314 316
f 318 317 316
f 318 316 315
f 319 320 321
f 319 322 320
f 323 321 324
f 323 319 321
f 325 324 326
f 325 323 324
f 327 326 328
f 327 325 326
f 329 328 330
f 329 330 331
f 329 327 328
f 332 331 333
f 332 329 331
f 334 335 336
f 334 336 337
f 338 339 340
f 338 340 341
f 342 343 344
f 345 343 342
f 346 347 348
f 349 350 351
f 352 349 351
f 353 337 354
f 353 354 339
f 353 338 355
f 353 356 334
f 353 334 337
f 353 339 338
f 357 355 358
f 357 358 342
f 357 344 359
f 357 359 356
f 357 353 355
f 357 342 344
f 357 356 353
f 360 345 361
f 360 361 362
f 360 362 363
f 360 364 365
f 360 365 343
f 360 343 345
f 366 360 363
f 366 363 367
f 366 367 368
f 366 369 370
f 366 370 364
f 366 364 360
f 371 351 350
f 371 368 372
f 371 372 351
f 371 373 346
f 371 374 373
f 371 350 374
f 371 348 369
f 371 369 366
f 371 366 368
f 371 346 348
f 375 376 377
f 378 379 380
f 381 380 382
f 381 383 384
f 381 378 380
f 381 384 378
f 385 386 387
f 385 387 388
f 385 388 389
f 385 390 386
f 391 389 392
f 391 392 393
f 391 393 394
f 391 385 389
f 391 394 385
f 395 385 394
f 395 390 385
f 396 394 379
f 396 384 390
f 396 395 394
f 396 390 395
f 397 379 378
f 397 378 384
f 397 384 396
f 397 396 379
f 398 382 377
f 398 399 383
f 398 381 382
f 398 383 381
f 400 401 399
f 400 402 401
f 400 403 402
f 400 376 403
f 400 398 377
f 400 399 398
f 400 377 376
f 404 405 406
f 407 405 404
f 408 407 404
f 409 410 411
f 409 412 410
f 413 414 415
f 416 413 415
f 417 418 419
f 420 417 419
f 421 422 423
f 421 423 407
f 421 408 412
f 421 409 424
f 421 424 425
f 421 425 426
f 421 407 408
f 421 412 409
f 427 428 429
f 427 429 430
f 427 430 431
f 427 431 422
f 427 426 432
f 427 432 433
f 427 433 434
f 427 421 426
f 427 422 421
f 435 418 416
f 435 415 436
f 435 436 437
f 435 437 428
f 435 434 438
f 435 438 439
f 435 439 419
f 435 427 434
f 435 428 427
f 435 416 415
f 435 419 418
f 440 441 442
f 440 442 443
f 444 445 440
f 446 447 448
f 446 448 441
f 446 441 440
f 446 449 450
f 446 450 451
f 446 451 447
f 446 452 453
f 446 454 452
f 446 455 454
f 446 445 455
f 446 453 449
f 446 440 445
f 456 457 458
f 456 459 457
f 456 460 459
f 461 462 463
f 461 463 464
f 465 462 461
f 466 467 468
f 466 468 469
f 470 471 472
f 473 471 470
f 474 475 476
f 474 476 477
f 478 479 480
f 481 478 480
f 482 481 480
f 483 482 480
f 484 483 480
f 485 486 487
f 485 488 486
f 485 489 488
f 485 458 489
f 485 487 490
f 485 456 458
f 491 468 492
f 491 492 462
f 491 465 469
f 491 462 465
f 491 469 468
f 493 470 472
f 493 472 467
f 493 466 494
f 493 494 470
f 493 467 466
f 495 471 473
f 495 476 496
f 495 496 471
f 495 477 476
f 495 473 497
f 495 497 477
f 498 499 475
f 498 475 474
f 498 474 500
f 498 500 501
f 502 456 485
f 502 503 456
f 502 485 490
f 504 505 503
f 504 490 506
f 504 503 502
f 504 502 490
f 507 464 505
f 507 505 504
f 507 504 506
f 508 506 461
f 508 464 507
f 508 507 506
f 508 461 464
f 509 498 501
f 509 499 498
f 510 511 499
f 510 501 512
f 510 509 501
f 510 499 509
f 513 511 510
f 513 510 512
f 514 515 516
f 514 479 515
f 514 516 511
f 514 511 513
f 514 480 479
f 514 512 480
f 514 513 512
f 517 518 519
f 520 521 522
f 520 523 517
f 520 524 523
f 520 522 524
f 520 519 525
f 520 517 519
f 526 527 528
f 526 528 529
f 526 525 527
f 530 525 526
f 530 526 529
f 531 529 532
f 531 530 529
f 531 525 530
f 533 532 534
f 533 534 535
f 533 535 536
f 533 536 521
f 533 525 531
f 533 521 520
f 533 531 532
f 533 520 525
f 537 538 539
f 540 541 542
f 543 544 545
f 546 547 548
f 546 548 549
f 546 549 538
f 546 537 550
f 546 538 537
f 551 550 541
f 551 540 552
f 551 552 553
f 551 553 554
f 551 541 540
f 551 546 550
f 555 556 557
f 555 557 547
f 555 547 546
f 558 554 559
f 558 555 546
f 558 551 554
f 558 546 551
f 560 561 562
f 563 562 556
f 563 556 555
f 563 560 562
f 563 564 560
f 563 555 558
f 565 566 561
f 565 561 560
f 565 560 564
f 567 568 569
f 567 570 568
f 567 571 570
f 567 569 566
f 567 566 565
f 572 559 573
f 572 573 574
f 572 558 559
f 572 574 564
f 572 564 563
f 572 563 558
f 575 574 545
f 575 565 564
f 575 564 574
f 576 577 571
f 576 544 577
f 576 567 565
f 576 565 575
f 576 575 545
f 576 571 567
f 576 545 544
f 578 579 580
f 581 582 583
f 581 583 584
f 581 584 585
f 586 579 587
f 586 587 582
f 586 582 581
f 586 580 579
f 588 589 590
f 591 585 592
f 591 592 593
f 594 595 596
f 594 596 588
f 597 589 588
f 597 596 595
f 597 588 596
f 598 599 600
f 598 594 599
f 598 595 594
f 601 592 589
f 602 592 601
f 602 601 603
f 604 600 605
f 604 606 600
f 604 603 606
f 607 593 592
f 607 608 593
f 609 608 604
f 609 605 610
f 609 610 593
f 609 593 608
f 609 604 605
f 611 605 580
f 611 610 605
f 611 593 610
f 611 591 593
f 612 591 611
f 612 611 580
f 613 588 590
f 613 594 588
f 614 594 613
f 615 597 595
f 615 595 598
f 616 597 615
f 616 615 598
f 616 589 597
f 617 616 598
f 618 601 619
f 618 600 606
f 620 618 606
f 620 601 618
f 620 603 601
f 620 606 603
f 621 602 603
f 621 603 604
f 622 623 604
f 622 604 608
f 622 608 607
f 624 581 585
f 624 591 612
f 624 585 591
f 625 626 599
f 625 594 614
f 625 599 594
f 625 614 613
f 627 589 616
f 627 616 617
f 628 617 598
f 628 598 600
f 628 629 630
f 628 600 629
f 631 619 601
f 631 632 630
f 631 601 589
f 631 589 632
f 633 618 619
f 633 600 618
f 634 602 621
f 634 592 602
f 634 623 592
f 635 623 622
f 635 622 607
f 635 592 623
f 635 607 592
f 636 581 624
f 636 580 586
f 636 624 612
f 636 586 581
f 636 612 580
f 637 613 590
f 637 625 613
f 637 638 639
f 637 640 638
f 637 590 640
f 641 642 626
f 641 626 625
f 641 639 642
f 641 625 637
f 641 637 639
f 643 617 628
f 643 627 617
f 644 628 630
f 644 630 632
f 644 643 628
f 644 632 643
f 645 631 630
f 645 630 629
f 646 619 631
f 646 633 619
f 646 631 645
f 646 645 629
f 647 621 604
f 647 634 621
f 647 604 623
f 647 623 634
f 648 589 627
f 648 627 643
f 648 643 632
f 648 632 589
f 649 600 633
f 649 633 646
f 649 629 600
f 649 646 629
f 650 651 652
f 653 650 654
f 655 656 657
f 658 659 660
f 658 660 651
f 661 653 662
f 661 662 663
f 661 663 664
f 661 651 650
f 661 650 653
f 661 658 651
f 661 659 658
f 665 666 667
f 665 667 659
f 668 664 669
f 668 669 670
f 668 661 664
f 668 659 661
f 668 665 659
f 671 672 673
f 674 675 676
f 677 673 666
f 677 670 678
f 677 678 675
f 677 668 670
f 677 675 674
f 677 666 665
f 677 674 671
f 677 671 673
f 677 665 668
f 679 656 680
f 679 676 657
f 679 657 656
f 681 682 683
f 681 683 672
f 681 672 671
f 681 671 674
f 684 680 685
f 684 685 686
f 684 686 682
f 684 682 681
f 684 679 680
f 684 681 679
f 687 681 674
f 687 674 676
f 687 676 679
f 687 679 681
f 688 689 690
f 688 691 689
f 692 693 694
f 692 695 696
f 692 697 695
f 692 698 697
f 692 694 698
f 692 696 691
f 692 688 693
f 692 691 688
f 699 690 700
f 699 693 688
f 699 688 690
f 701 700 702
f 701 702 703
f 701 703 693
f 701 699 700
f 701 693 699
f 704 705 706
f 704 706 707
f 704 707 708
f 709 705 704
f 710 709 704
f 711 710 712
f 711 709 710
f 713 712 714
f 713 711 712
f 715 714 716
f 715 713 714
f 717 716 718
f 717 715 716
f 719 717 718
f 720 719 718
f 721 719 720
f 722 721 720
f 723 722 720
f 724 723 720
f 725 723 724
f 726 724 727
f 726 725 724
f 728 727 729
f 728 726 727
f 730 726 728
f 731 726 730
f 732 726 731
f 733 734 735
f 733 736 734
f 733 737 736
f 733 738 737
f 739 738 733
f 740 739 733
f 741 739 740
f 742 741 740
f 743 741 742
f 744 743 742
f 745 743 744
f 746 745 744
f 747 745 746
f 748 747 746
f 749 747 748
f 750 749 748
f 751 749 750
f 752 751 750
f 753 754 751
f 753 751 752
f 755 756 754
f 755 752 757
f 755 754 753
f 755 753 752
f 758 756 755
f 758 755 757
f 759 756 758
f 759 760 756
f 759 757 761
f 759 758 757
f 762 760 759
f 762 759 761
f 763 764 760
f 763 762 761
f 763 761 765
f 763 760 762
f 766 764 763
f 766 763 765
f 767 768 764
f 767 765 769
f 767 766 765
f 767 764 766
f 770 767 769
f 770 768 767
f 771 772 768
f 771 769 773
f 771 768 770
f 771 770 769
f 774 775 772
f 774 772 771
f 774 771 773
f 776 775 774
f 776 774 773
f 777 778 775
f 777 773 779
f 777 775 776
f 777 776 773
f 780 778 777
f 780 777 779
f 781 782 778
f 781 779 783
f 781 780 779
f 781 778 780
f 784 781 783
f 784 782 781
f 784 785 782
f 786 784 783
f 786 785 784
f 787 786 783
f 787 788 785
f 787 785 786
f 787 789 788
f 787 790 789
f 787 791 790
f 787 792 791
f 787 793 792
f 787 794 793
f 787 783 794
f 795 796 797
f 798 799 800
f 801 802 803
f 801 803 804
f 801 804 805
f 801 805 806
f 801 806 796
f 801 796 795
f 807 800 799
f 807 795 800
f 807 808 802
f 807 809 808
f 807 799 809
f 807 801 795
f 807 802 801
f 810 811 812
f 813 814 815
f 816 814 813
f 817 816 813
f 818 816 817
f 819 818 817
f 820 818 819
f 821 820 819
f 822 820 821
f 823 822 821
f 824 823 825
f 826 823 824
f 827 823 826
f 828 822 823
f 828 823 827
f 829 830 831
f 829 832 833
f 829 831 834
f 829 834 835
f 829 835 836
f 829 836 837
f 829 837 832
f 838 829 833
f 838 830 829
f 839 840 830
f 839 833 841
f 839 838 833
f 839 830 838
f 842 840 839
f 842 839 841
f 843 844 840
f 843 841 845
f 843 842 841
f 843 840 842
f 846 843 845
f 846 844 843
f 847 848 844
f 847 846 845
f 847 844 846
f 849 850 848
f 849 847 845
f 849 845 851
f 849 848 847
f 852 850 849
f 852 851 853
f 852 849 851
f 854 850 852
f 854 852 853
f 855 856 850
f 855 853 857
f 855 854 853
f 855 850 854
f 858 856 855
f 858 855 857
f 859 810 856
f 859 857 811
f 859 856 858
f 859 858 857
f 859 811 810
f 860 814 810
f 860 812 815
f 860 810 812
f 860 815 814
f 861 862 863
f 864 861 863
f 865 861 864
f 866 865 864
f 867 865 866
f 868 867 869
f 870 868 871
f 872 873 870
f 872 870 871
f 871 868 869
f 869 867 866
f 874 875 876
f 874 877 875
f 874 878 877
f 879 874 876
f 880 874 879
f 881 880 879
f 882 881 883
f 882 880 881
f 884 882 883
f 885 882 884
f 886 885 884
f 887 885 886
f 888 885 887
f 889 885 888
f 890 891 892
f 890 893 891
f 890 894 893
f 890 895 894
f 896 895 890
f 897 896 890
f 898 896 897
f 899 898 897
f 900 899 897
f 901 900 902
f 903 900 901
f 904 899 900
f 904 900 903
f 905 906 907
f 908 909 910
f 911 910 905
f 911 912 913
f 911 914 912
f 911 907 914
f 911 913 915
f 911 905 907
f 916 915 908
f 916 911 915
f 916 910 911
f 916 908 910
f 917 918 919
f 917 919 920
f 921 922 923
f 921 923 924
f 925 926 927
f 925 927 928
f 929 925 930
f 931 925 929
f 932 933 934
f 935 936 937
f 938 939 940
f 938 940 941
f 942 943 944
f 942 944 945
f 942 939 938
f 946 928 947
f 946 947 939
f 948 945 949
f 948 949 950
f 948 950 930
f 948 928 946
f 948 946 939
f 948 939 942
f 948 942 945
f 948 925 928
f 948 930 925
f 951 920 952
f 951 952 922
f 951 921 936
f 951 934 917
f 951 917 920
f 951 922 921
f 953 936 935
f 953 934 951
f 953 951 936
f 954 932 934
f 954 953 935
f 954 935 932
f 954 934 953
f 955 937 956
f 955 941 933
f 955 933 932
f 955 935 937
f 955 932 935
f 957 956 943
f 957 955 956
f 957 942 938
f 957 941 955
f 957 943 942
f 957 938 941
f 958 959 960
f 961 962 958
f 963 964 965
f 966 967 968
f 966 968 969
f 970 969 968
f 971 972 973
f 974 975 976
f 974 976 973
f 974 973 972
f 977 978 967
f 977 971 978
f 977 972 971
f 979 980 977
f 979 977 967
f 981 982 975
f 981 975 983
f 981 983 980
f 984 967 966
f 984 966 985
f 986 969 987
f 986 987 982
f 986 982 981
f 986 966 969
f 986 985 966
f 986 981 985
f 988 987 969
f 988 982 987
f 988 969 970
f 988 970 989
f 990 970 968
f 990 989 970
f 991 960 982
f 991 982 988
f 992 968 993
f 992 993 994
f 992 994 995
f 996 991 995
f 996 960 991
f 996 995 994
f 997 973 976
f 997 971 973
f 998 971 997
f 999 974 972
f 999 972 977
f 1000 1001 977
f 1000 977 980
f 1000 980 983
f 1002 980 979
f 1002 981 980
f 1003 985 981
f 1003 984 985
f 1004 988 989
f 1004 989 990
f 1004 991 988
f 1005 968 992
f 1005 991 1004
f 1006 995 991
f 1006 992 995
f 1006 1005 992
f 1006 991 1005
f 1007 996 994
f 1007 994 993
f 1007 1008 996
f 1009 1010 978
f 1009 971 998
f 1009 998 997
f 1009 978 971
f 1011 974 999
f 1011 1001 975
f 1011 975 974
f 1012 975 1001
f 1012 1000 983
f 1012 983 975
f 1012 1001 1000
f 1013 979 967
f 1013 967 1014
f 1013 1002 979
f 1015 984 1003
f 1015 967 984
f 1016 968 1005
f 1016 1004 990
f 1016 1005 1004
f 1016 990 968
f 1017 960 996
f 1017 958 960
f 1017 1008 1007
f 1017 996 1008
f 1018 1019 1020
f 1018 1021 1019
f 1018 976 1021
f 1018 997 976
f 1018 1009 997
f 1022 1023 1010
f 1022 1020 1023
f 1022 1018 1020
f 1022 1010 1009
f 1022 1009 1018
f 1024 999 977
f 1024 977 1001
f 1024 1001 1011
f 1024 1011 999
f 1025 981 1002
f 1025 1014 981
f 1025 1002 1013
f 1025 1013 1014
f 1026 1003 981
f 1026 981 1014
f 1026 1015 1003
f 1027 965 962
f 1027 958 1017
f 1027 963 965
f 1027 961 958
f 1027 962 961
f 1028 993 1029
f 1028 1029 964
f 1028 964 963
f 1028 1017 1007
f 1028 963 1027
f 1028 1007 993
f 1028 1027 1017
f 1030 1014 967
f 1030 967 1015
f 1030 1026 1014
f 1030 1015 1026
f 1031 1032 1033
f 1034 1031 1033
f 1035 1034 1036
f 1035 1036 1037
f 1038 1034 1035
f 1039 1040 1041
f 1042 1043 1044
f 1045 1042 1044
f 1046 1038 1047
f 1046 1047 1048
f 1046 1048 1049
f 1046 1050 1051
f 1046 1051 1052
f 1046 1052 1031
f 1046 1031 1034
f 1046 1034 1038
f 1053 1049 1054
f 1053 1054 1055
f 1053 1055 1056
f 1053 1057 1058
f 1053 1058 1050
f 1053 1046 1049
f 1053 1050 1046
f 1059 1060 1057
f 1059 1057 1053
f 1061 1056 1062
f 1061 1059 1053
f 1061 1060 1059
f 1061 1053 1056
f 1063 1062 1064
f 1063 1041 1060
f 1063 1061 1062
f 1063 1060 1061
f 1065 1064 1044
f 1065 1066 1039
f 1065 1067 1066
f 1065 1043 1067
f 1065 1041 1063
f 1065 1063 1064
f 1065 1039 1041
f 1065 1044 1043
f 1068 1069 1070
f 1068 1070 1071
f 1068 1072 1069
f 1073 1071 1074
f 1073 1068 1071
f 1073 1072 1068
f 1075 1072 1073
f 1075 1073 1074
f 1076 1074 1077
f 1076 1077 1078
f 1076 1078 1079
f 1076 1079 1080
f 1076 1080 1081
f 1076 1075 1074
f 1076 1072 1075
f 1082 1083 1084
f 1082 1084 1085
f 1082 1085 1086
f 1082 1086 1087
f 1082 1087 1072
f 1088 1083 1082
f 1088 1082 1072
f 1089 1081 1090
f 1089 1090 1091
f 1089 1091 1092
f 1089 1092 1083
f 1089 1076 1081
f 1089 1088 1072
f 1089 1072 1076
f 1089 1083 1088
f 1093 1094 1095
f 1096 1094 1093
f 1097 1096 1093
f 1098 1099 1100
f 1098 1100 1101
f 1102 1103 1104
f 1105 1102 1104
f 1106 1107 1108
f 1109 1106 1108
f 1110 1106 1109
f 1111 1110 1109
f 1112 1097 1099
f 1112 1098 1113
f 1112 1113 1114
f 1112 1114 1115
f 1112 1115 1116
f 1112 1117 1118
f 1112 1118 1119
f 1112 1119 1096
f 1112 1096 1097
f 1112 1099 1098
f 1120 1112 1116
f 1120 1116 1121
f 1120 1117 1112
f 1120 1121 1122
f 1120 1122 1123
f 1120 1124 1125
f 1120 1125 1126
f 1120 1126 1117
f 1127 1123 1128
f 1127 1129 1124
f 1127 1124 1120
f 1127 1120 1123
f 1130 1108 1107
f 1130 1128 1131
f 1130 1131 1108
f 1130 1132 1105
f 1130 1133 1132
f 1130 1107 1133
f 1130 1104 1129
f 1130 1127 1128
f 1130 1129 1127
f 1130 1105 1104
f 1134 1135 1136
f 1137 1138 1139
f 1140 1141 1142
f 1140 1142 1143
f 1140 1143 1144
f 1140 1144 1135
f 1140 1135 1134
f 1145 1146 1147
f 1145 1148 1146
f 1145 1149 1148
f 1145 1138 1149
f 1145 1147 1150
f 1145 1139 1138
f 1151 1152 1141
f 1151 1141 1140
f 1151 1140 1134
f 1153 1134 1139
f 1153 1150 1152
f 1153 1152 1151
f 1153 1151 1134
f 1154 1139 1145
f 1154 1145 1150
f 1154 1153 1139
f 1154 1150 1153
f 1155 1156 1157
f 1158 1155 1157
f 1159 1160 1161
f 1162 1163 1164
f 1165 1166 1167
f 1168 1169 1155
f 1168 1170 1160
f 1168 1158 1170
f 1168 1155 1158
f 1168 1160 1159
f 1171 1172 1173
f 1171 1173 1174
f 1171 1174 1175
f 1171 1176 1177
f 1178 1179 1180
f 1178 1180 1172
f 1178 1177 1181
f 1178 1181 1182
f 1178 1171 1177
f 1178 1172 1171
f 1183 1184 1185
f 1183 1185 1179
f 1183 1182 1186
f 1183 1186 1187
f 1183 1179 1178
f 1183 1178 1182
f 1188 1175 1189
f 1188 1189 1169
f 1188 1159 1190
f 1188 1190 1176
f 1188 1176 1171
f 1188 1171 1175
f 1188 1168 1159
f 1188 1169 1168
f 1191 1166 1192
f 1191 1192 1193
f 1191 1193 1162
f 1191 1164 1184
f 1191 1187 1167
f 1191 1183 1187
f 1191 1162 1164
f 1191 1184 1183
f 1191 1167 1166
f 1194 1195 1196
f 1197 1196 1198
f 1197 1194 1196
f 1199 1198 1200
f 1199 1197 1198
f 1201 1200 1202
f 1201 1199 1200
f 1203 1202 1204
f 1203 1201 1202
f 1205 1204 1206
f 1205 1203 1204
f 1207 1208 1209
f 1207 1210 1208
f 1207 1211 1210
f 1212 1213 1214
f 1212 1214 1215
f 1216 1213 1212
f 1217 1218 1219
f 1220 1221 1218
f 1220 1218 1217
f 1222 1223 1221
f 1222 1221 1220
f 1224 1225 1226
f 1224 1227 1225
f 1228 1219 1229
f 1228 1229 1213
f 1228 1216 1230
f 1228 1230 1217
f 1228 1213 1216
f 1228 1217 1219
f 1231 1226 1225
f 1231 1222 1232
f 1231 1232 1233
f 1231 1233 1226
f 1231 1225 1234
f 1231 1234 1223
f 1231 1223 1222
f 1235 1227 1224
f 1235 1224 1236
f 1235 1236 1237
f 1235 1238 1227
f 1239 1240 1241
f 1242 1243 1207
f 1242 1244 1245
f 1242 1246 1244
f 1242 1209 1246
f 1242 1245 1247
f 1242 1207 1209
f 1248 1243 1242
f 1248 1242 1247
f 1249 1215 1243
f 1249 1247 1212
f 1249 1248 1247
f 1249 1212 1215
f 1249 1243 1248
f 1250 1237 1251
f 1250 1252 1238
f 1250 1235 1237
f 1250 1238 1235
f 1253 1250 1251
f 1253 1252 1250
f 1254 1251 1255
f 1254 1253 1251
f 1254 1252 1253
f 1256 1255 1240
f 1256 1257 1252
f 1256 1254 1255
f 1256 1252 1254
f 1258 1257 1256
f 1258 1256 1240
f 1258 1240 1239
f 1258 1239 1257
f 1259 1241 1260
f 1259 1261 1262
f 1259 1263 1261
f 1259 1264 1263
f 1259 1265 1264
f 1259 1266 1265
f 1259 1267 1266
f 1259 1260 1267
f 1259 1262 1257
f 1259 1239 1241
f 1259 1257 1239
f 1268 1269 1270
f 1271 1272 1273
f 1271 1274 1272
f 1271 1275 1274
f 1276 1277 1275
f 1276 1275 1271
f 1278 1279 1277
f 1278 1277 1276
f 1280 1281 1279
f 1280 1279 1278
f 1282 1283 1281
f 1282 1284 1283
f 1282 1281 1280
f 1285 1286 1284
f 1285 1284 1282
f 1287 1288 1286
f 1287 1286 1285
f 1289 1290 1288
f 1289 1288 1287
f 1291 1292 1290
f 1291 1290 1289
f 1293 1294 1295
f 1293 1295 1296
f 1297 1296 1295
f 1298 1294 1293
f 1299 1297 1295
f 1300 1294 1298
f 1301 1299 1295
f 1302 1294 1300
f 1303 1301 1295
f 1304 1294 1302
f 1305 1303 1295
f 1306 1294 1304
f 1307 1305 1295
f 1308 1294 1306
f 1309 1295 1310
f 1309 1307 1295
f 1311 1312 1294
f 1311 1294 1308
f 1313 1309 1310
f 1314 1312 1311
f 1315 1313 1310
f 1316 1312 1314
f 1317 1318 1315
f 1317 1319 1318
f 1317 1320 1319
f 1317 1321 1320
f 1317 1315 1310
f 1322 1312 1316
f 1322 1323 1324
f 1322 1325 1323
f 1322 1326 1325
f 1322 1316 1326
f 1327 1321 1317
f 1327 1328 1321
f 1329 1322 1324
f 1329 1324 1330
f 1331 1328 1327
f 1331 1332 1328
f 1333 1330 1334
f 1333 1329 1330
f 1335 1336 1332
f 1335 1332 1331
f 1337 1334 1338
f 1337 1333 1334
f 1339 1340 1336
f 1339 1336 1335
f 1341 1337 1338
f 1341 1338 1342
f 1343 1342 1340
f 1343 1341 1342
f 1343 1340 1339
f 1344 1345 1346
f 1344 1347 1345
f 1348 1349 1347
f 1348 1347 1344
f 1350 1351 1349
f 1350 1349 1348
f 1352 1353 1351
f 1352 1351 1350
f 1354 1355 1353
f 1354 1353 1352
f 1356 1357 1355
f 1356 1355 1354
f 1358 1357 1356
f 1359 1360 1357
f 1359 1357 1358
f 1361 1362 1360
f 1361 1360 1359
f 1363 1362 1361
f 1364 1365 1362
f 1364 1362 1363
f 1366 1367 1346
f 1368 1369 1370
f 1368 1371 1369
f 1368 1372 1371
f 1373 1374 1372
f 1373 1375 1374
f 1373 1372 1368
f 1376 1368 1370
f 1377 1378 1375
f 1377 1375 1373
f 1379 1368 1376
f 1379 1373 1368
f 1380 1370 484
f 1380 1376 1370
f 1381 1382 1378
f 1381 1383 1382
f 1381 1384 1383
f 1381 1378 1377
f 1385 1373 1379
f 1385 1377 1373
f 1385 1381 1377
f 1386 1379 1376
f 1386 1376 1380
f 1387 1386 1380
f 1387 1380 484
f 1388 1389 1384
f 1388 1381 1385
f 1388 1384 1381
f 1390 1379 1386
f 1390 1385 1379
f 1390 1388 1385
f 1391 1386 1387
f 1392 484 1393
f 1392 1387 484
f 1394 1389 1388
f 1394 1388 1390
f 1395 1390 1386
f 1395 1386 1391
f 1396 1391 1387
f 1396 1387 1392
f 1397 1398 1399
f 1397 1400 1398
f 1397 1393 1400
f 1397 1392 1393
f 1401 1390 1395
f 1401 1389 1394
f 1401 1394 1390
f 1402 1395 1391
f 1402 1401 1395
f 1402 1391 1396
f 1403 1392 1397
f 1403 1396 1392
f 1403 1404 1405
f 1403 1406 1404
f 1403 1407 1406
f 1403 1408 1407
f 1403 1409 1408
f 1403 1410 1409
f 1403 1399 1410
f 1403 1397 1399
f 1411 1412 1389
f 1411 1401 1402
f 1411 1389 1401
f 1413 1402 1396
f 1413 1414 1412
f 1413 1415 1414
f 1413 1416 1415
f 1413 1417 1416
f 1413 1411 1402
f 1413 1405 1417
f 1413 1403 1405
f 1413 1396 1403
f 1413 1412 1411
f 1418 1419 1420
f 1421 1422 1423
f 1424 1425 1426
f 1427 1428 1429
f 1430 1427 1429
f 1431 1418 1432
f 1431 1432 1433
f 1431 1433 1425
f 1431 1434 1419
f 1431 1419 1418
f 1431 1425 1424
f 1435 1424 1436
f 1435 1423 1434
f 1435 1431 1424
f 1435 1434 1431
f 1437 1436 1429
f 1437 1438 1421
f 1437 1428 1439
f 1437 1423 1435
f 1437 1435 1436
f 1437 1429 1428
f 1437 1421 1423
f 1440 1441 1438
f 1440 1439 1441
f 1440 1438 1437
f 1440 1437 1439
f 1442 1443 1444
f 1445 1446 1447
f 1445 1448 1446
f 1445 1442 1448
f 1449 1442 1445
f 1449 1443 1442
f 1450 1451 1452
f 1450 1453 1451
f 1450 1454 1453
f 1455 1456 1454
f 1455 1454 1450
f 1457 1458 1456
f 1457 1456 1455
f 1459 1460 1458
f 1459 1458 1457
f 1461 1462 1460
f 1461 1460 1459
f 1463 1464 1462
f 1463 1462 1461
f 1465 1466 1464
f 1465 1464 1463
f 1467 1468 1466
f 1467 1466 1465
f 1469 1468 1467
f 1470 1471 1472
f 1470 1473 1471
f 1474 1471 1473
f 1475 1470 1472
f 1476 1471 1474
f 1477 1475 1472
f 1478 1471 1476
f 1479 1477 1472
f 1480 1471 1478
f 1481 1472 1482
f 1481 1479 1472
f 1483 1471 1480
f 1484 1485 1486
f 1484 1482 1485
f 1484 1481 1482
f 1487 1486 1488
f 1487 1484 1486
f 1489 1488 1490
f 1489 1487 1488
f 1491 1489 1490
f 1492 1491 1490
f 1493 1491 1492
f 1494 1483 1495
f 1494 1495 1496
f 1494 1496 1497
f 1494 1497 1498
f 1494 1471 1483
f 1499 1493 1492
f 1500 1494 1498
f 1501 1493 1499
f 1502 1494 1500
f 1503 1504 1501
f 1503 1501 1499
f 1505 1494 1502
f 1506 1494 1505
f 1507 1508 1504
f 1507 1504 1503
f 1509 1510 1508
f 1509 1508 1507
f 1511 1510 1509
f 1511 1512 1513
f 1511 1513 1514
f 1511 1514 1515
f 1511 1515 1510
f 1516 1494 1506
f 1516 1506 1517
f 1516 1517 1518
f 1516 1518 1519
f 1516 1519 1520
f 1516 1520 1512
f 1516 1512 1511
f 1521 1516 1511
f 1522 1523 1524
f 1525 1526 1523
f 1525 1523 1522
f 1527 1528 1526
f 1527 1526 1525
f 1529 1528 1527
f 1530 1531 1528
f 1530 1528 1529
f 1532 1533 1531
f 1532 1531 1530
f 1534 1535 1533
f 1534 1533 1532
f 1536 1537 1538
f 1536 1538 1535
f 1536 1535 1534
f 1539 1540 1537
f 1539 1537 1536
f 1541 1542 1543
f 1544 1545 1546
f 1544 1547 1545
f 1544 1541 1547
f 1548 1542 1541
f 1548 1541 1544
f 1549 1548 1544
f 1550 1551 1552
f 1553 1554 1555
f 1556 1557 1558
f 1559 1560 1561
f 1562 1552 1563
f 1562 1563 1554
f 1562 1553 1564
f 1562 1565 1550
f 1562 1550 1552
f 1562 1554 1553
f 1566 1564 1561
f 1566 1558 1565
f 1566 1562 1564
f 1566 1565 1562
f 1567 1558 1566
f 1567 1566 1561
f 1567 1556 1558
f 1567 1561 1560
f 1568 1569 1556
f 1568 1560 1569
f 1568 1556 1567
f 1568 1567 1560
f 1570 1571 1572
f 1570 1573 1571
f 1570 1574 1573
f 1575 1570 1572
f 1576 1575 1577
f 1576 1577 1578
f 1576 1570 1575
f 726 1579 1576
f 1580 1576 1578
f 1580 726 1576
f 1581 1578 1582
f 1581 1582 1583
f 1581 1580 1578
f 1584 1583 1585
f 1584 1581 1583
f 1586 1584 1585
f 1587 1585 1588
f 1587 1586 1585
f 1589 1588 1590
f 1589 1590 1591
f 1589 1587 1588
f 1592 1589 1591
f 1593 1594 1595
f 1593 1591 1594
f 1593 1592 1591
f 1596 1593 1595
f 1597 1595 1598
f 1597 1596 1595
f 1599 1598 1600
f 1599 1597 1598
f 1601 1602 1603
f 1604 1603 1605
f 1604 1601 1603
f 1606 1605 1607
f 1606 1604 1605
f 1608 1607 1609
f 1608 1606 1607
f 1610 1609 1611
f 1610 1611 1612
f 1610 1608 1609
f 1613 1612 1614
f 1613 1610 1612
f 1615 1614 1616
f 1615 1613 1614
f 1617 1616 1618
f 1617 1615 1616
f 1619 1618 1620
f 1619 1617 1618
f 1621 1620 1622
f 1621 1619 1620
f 1623 1622 1624
f 1623 1621 1622
f 1625 1624 1626
f 1625 1623 1624
f 1627 1626 1628
f 1627 1625 1626
f 1629 1627 1628
f 1629 1628 1630
f 1631 1629 1630
f 1631 1630 1632
f 1633 1631 1632
f 1633 1632 1634
f 1635 1633 1634
f 1635 1634 1636
f 1637 1638 1639
f 1640 1638 1637
f 1641 1638 1640
f 1642 1638 1641
f 1643 1638 1642
f 1644 1636 1638
f 1644 1635 1636
f 1644 1638 1643
f 1645 1644 1643
f 1646 1647 1648
f 1649 1650 1651
f 1652 1653 1654
f 1655 1656 1657
f 1658 1659 1646
f 1658 1660 1653
f 1658 1661 1660
f 1658 1648 1661
f 1658 1646 1648
f 1658 1653 1652
f 1662 1651 1659
f 1662 1652 1663
f 1662 1658 1652
f 1662 1659 1658
f 1664 1656 1665
f 1664 1665 1666
f 1664 1666 1649
f 1664 1663 1657
f 1664 1651 1662
f 1664 1662 1663
f 1664 1649 1651
f 1664 1657 1656
f 1667 1668 1669
f 1670 1671 1667
f 1670 1672 1671
f 1670 1673 1672
f 1674 1667 1669
f 1674 1670 1667
f 1675 1676 1677
f 1675 1678 1676
f 1675 1679 1678
f 1680 1679 1675
f 1681 1680 1675
f 1682 1680 1681
f 1683 1684 1682
f 1683 1681 1685
f 1683 1682 1681
f 1686 1685 1687
f 1686 1683 1685
f 1688 1687 1689
f 1688 1686 1687
f 1690 1689 1691
f 1690 1688 1689
f 1692 1691 1693
f 1692 1690 1691
f 1694 1693 1695
f 1694 1695 1696
f 1694 1692 1693
f 1697 1696 1698
f 1697 1694 1696
f 1699 1698 1700
f 1699 1700 1701
f 1699 1697 1698
f 1702 1701 1703
f 1702 1699 1701
f 1704 1703 1705
f 1704 1702 1703
f 1706 1704 1705
f 1707 1706 1705
f 1707 1705 1708
f 1707 1708 1709
f 1710 1707 1709
f 1711 1712 1713
f 1711 1714 1712
f 1715 1716 1717
f 1715 1717 1714
f 1715 1714 1711
f 1718 1719 1716
f 1718 1716 1715
f 1720 1721 1719
f 1720 1719 1718
f 1722 1723 1721
f 1722 1721 1720
f 1724 1725 1723
f 1724 1723 1722
f 1726 1727 1728
f 1729 1730 1731
f 1732 1733 1734
f 1735 1736 1737
f 1738 1739 1726
f 1738 1740 1730
f 1738 1728 1740
f 1738 1726 1728
f 1738 1730 1729
f 1741 1734 1739
f 1741 1729 1742
f 1741 1739 1738
f 1741 1738 1729
f 1743 1742 1737
f 1743 1736 1744
f 1743 1744 1732
f 1743 1734 1741
f 1743 1732 1734
f 1743 1741 1742
f 1743 1737 1736
f 1745 1746 1747
f 1748 1747 1749
f 1748 1745 1747
f 1750 1749 1751
f 1750 1748 1749
f 1752 1753 1754
f 1752 1755 1756
f 1752 1757 1755
f 1752 1754 1757
f 1758 1751 1759
f 1758 1759 1753
f 1758 1753 1752
f 1760 1750 1751
f 1761 1751 1758
f 1761 1760 1751
f 1762 1760 1761
f 1763 1764 1765
f 1766 1767 1763
f 1766 1768 1767
f 1766 1769 1768
f 1770 1771 1766
f 1770 1763 1765
f 1770 1766 1763
f 1772 1773 1774
f 1775 1776 1773
f 1775 1773 1772
f 1777 1778 1776
f 1777 1776 1775
f 1779 1780 1778
f 1779 1781 1780
f 1779 1778 1777
f 1782 1783 1781
f 1782 1781 1779
f 1784 1785 1783
f 1784 1783 1782
f 1786 1785 1784
f 1787 1788 1785
f 1787 1785 1786
f 1789 1790 1788
f 1789 1788 1787
f 1791 1792 1790
f 1791 1790 1789
f 1793 1794 1795
f 1796 1795 1797
f 1796 1793 1795
f 1798 1799 1794
f 1798 1794 1793
f 1800 1797 1801
f 1800 1796 1797
f 1802 1803 1799
f 1802 1799 1798
f 1804 1801 1805
f 1804 1800 1801
f 1806 1807 1803
f 1806 1803 1802
f 1808 1805 1809
f 1808 1804 1805
f 1810 1811 1807
f 1810 1807 1806
f 1812 1809 1813
f 1812 1808 1809
f 1814 1811 1810
f 1815 1812 1813
f 1816 1811 1814
f 1817 1815 1813
f 1818 1811 1816
f 1819 1817 1813
f 1820 1811 1818
f 1821 1819 1813
f 1822 1821 1813
f 1822 1823 1821
f 1822 1824 1823
f 1825 1824 1822
f 1825 1826 1824
f 1825 1827 1826
f 1825 1828 1827
f 1825 1829 1828
f 1825 1830 1829
f 1825 1831 1830
f 1825 1832 1831
f 1833 1832 1825
f 1833 1834 1832
f 1833 1835 1834
f 1833 1836 1835
f 1833 1837 1836
f 1833 1838 1837
f 1833 1839 1838
f 1833 1840 1839
f 1833 1841 1840
f 1842 1811 1820
f 1842 1843 1841
f 1842 1820 1843
f 1842 1841 1833
f 1844 1845 1846
f 1844 1846 1847
f 1848 1849 1845
f 1848 1845 1844
f 1850 1851 1849
f 1850 1849 1848
f 1852 1853 1851
f 1852 1851 1850
f 1854 1853 1852
f 1855 1856 1853
f 1855 1853 1854
f 1857 1858 1856
f 1857 1856 1855
f 1859 1860 1858
f 1859 1858 1857
f 1861 1862 1860
f 1861 1860 1859
f 1863 1864 1865
f 1866 1867 1865
f 1866 1868 1867
f 1869 1870 1868
f 1869 1871 1870
f 1869 1868 1866
f 1872 1873 1871
f 1872 1871 1869
f 1874 1875 1873
f 1874 1873 1872
f 1876 1877 1875
f 1876 1875 1874
f 1878 1879 1877
f 1878 1880 1879
f 1878 1877 1876
f 1881 1882 1880
f 1881 1880 1878
f 1883 1884 1882
f 1883 1882 1881
f 1885 1886 1884
f 1885 1884 1883
f 1887 1888 1889
f 1890 1887 1889
f 1890 1889 1891
f 1892 1891 1889
f 1893 1887 1890
f 1894 1892 1889
f 1895 1887 1893
f 1896 1894 1889
f 1897 1887 1895
f 1898 1896 1889
f 1899 1887 1897
f 1900 1898 1889
f 1901 1902 1887
f 1901 1887 1899
f 1903 1904 1902
f 1903 1902 1901
f 1905 1906 1904
f 1905 1904 1903
f 1907 1908 1900
f 1907 1909 1908
f 1907 1900 1889
f 1910 1909 1907
f 1911 1912 1906
f 1911 1906 1905
f 1913 1910 1907
f 1914 1912 1911
f 1915 1912 1914
f 1916 1913 1907
f 1917 1915 1914
f 1918 1916 1907
f 1919 1915 1917
f 1919 1917 1920
f 1921 1918 1907
f 1922 1919 1920
f 1922 1920 1923
f 1924 1922 1923
f 1924 1923 1925
f 1926 1927 1928
f 1926 1929 1927
f 1926 1930 1929
f 1926 1925 1930
f 1926 1924 1925
f 1931 1921 1907
f 1931 1932 1921
f 1931 1933 1932
f 1931 1934 1933
f 1931 1935 1934
f 1931 1936 1935
f 1931 1928 1936
f 1931 1926 1928
f 1937 1938 1939
f 1937 1940 1938
f 1941 1942 1940
f 1941 1940 1937
f 1943 1944 1942
f 1943 1942 1941
f 1945 1946 1944
f 1945 1944 1943
f 1947 1946 1945
f 1948 1949 1946
f 1948 1946 1947
f 1950 1951 1949
f 1950 1949 1948
f 1952 1953 1951
f 1952 1951 1950
f 1954 1955 1953
f 1954 1953 1952
f 1956 1957 1955
f 1956 1955 1954
f 1939 1958 1959
f 1960 1961 1962
f 1960 1962 1963
f 1960 1963 1964
f 1965 1966 1967
f 1965 1967 1961
f 1965 1961 1960
f 1968 1964 1969
f 1968 1960 1964
f 1968 1965 1960
f 1970 1971 1966
f 1970 1966 1965
f 1972 1965 1968
f 1973 1968 1969
f 1974 1975 1976
f 1974 1976 1977
f 1974 1977 1971
f 1974 1971 1970
f 1978 1965 1972
f 1978 1970 1965
f 1978 1974 1970
f 1979 1968 1973
f 1979 1972 1968
f 1980 1973 1969
f 1981 1974 1978
f 1981 1975 1974
f 1982 1972 1979
f 1982 1978 1972
f 1982 1981 1978
f 1983 1979 1973
f 1983 1973 1980
f 1984 1985 1986
f 1984 1969 1985
f 1984 1980 1969
f 1984 1983 1980
f 1987 1988 1975
f 1987 1975 1981
f 1987 1981 1982
f 1989 1982 1979
f 1989 1979 1983
f 1990 1983 1984
f 1991 1992 1993
f 1991 1986 1992
f 1991 1984 1986
f 1994 1988 1987
f 1994 1982 1989
f 1994 1987 1982
f 1995 1983 1990
f 1995 1989 1983
f 1995 1994 1989
f 1996 1990 1984
f 1996 1984 1991
f 1996 1997 1998
f 1996 1999 1997
f 1996 2000 1999
f 1996 2001 2000
f 1996 1993 2001
f 1996 1991 1993
f 2002 1988 1994
f 2002 1994 1995
f 2003 1990 1996
f 2003 2004 2005
f 2003 2006 2004
f 2003 2007 2006
f 2003 2008 2007
f 2003 2009 2008
f 2003 2010 2009
f 2003 1998 2010
f 2003 1996 1998
f 2003 1995 1990
f 2011 2012 1988
f 2011 2005 2012
f 2011 2002 1995
f 2011 1995 2003
f 2011 2003 2005
f 2011 1988 2002
f 2013 2014 2015
f 2016 2013 2015
f 2017 2018 2019
f 2017 2019 2020
f 2017 2021 2018
f 2022 2017 2020
f 2022 2020 2023
f 2022 2021 2017
f 2024 2023 2025
f 2024 2022 2023
f 2026 2025 2027
f 2026 2024 2025
f 2028 2027 2029
f 2028 2026 2027
f 2030 2029 2031
f 2030 2028 2029
f 2032 2031 2033
f 2032 2030 2031
f 2034 2035 2021
f 2036 2032 2033
f 2036 2037 2038
f 2036 2033 2037
f 2039 2034 2021
f 2039 2021 2022
f 2039 2035 2034
f 2040 2039 2022
f 2040 2035 2039
f 2040 2022 2024
f 2041 2024 2026
f 2041 2040 2024
f 2042 2026 2028
f 2042 2041 2026
f 2043 2028 2030
f 2043 2042 2028
f 2044 2030 2032
f 2044 2043 2030
f 2045 2046 2035
f 2047 2038 2048
f 2047 2044 2032
f 2047 2036 2038
f 2047 2032 2036
f 2049 2046 2045
f 2049 2045 2035
f 2050 2046 2049
f 2050 2049 2035
f 2050 2035 2040
f 2051 2050 2040
f 2051 2040 2041
f 2052 2051 2041
f 2052 2041 2042
f 2053 2052 2042
f 2053 2042 2043
f 2054 2043 2044
f 2054 2053 2043
f 2055 2054 2044
f 2055 2048 2056
f 2055 2044 2047
f 2055 2047 2048
f 2057 2058 2046
f 2059 2050 2051
f 2059 2057 2046
f 2059 2046 2050
f 2060 2058 2057
f 2061 2059 2051
f 2062 2060 2057
f 2063 2051 2052
f 2063 2052 2053
f 2063 2061 2051
f 2064 2057 2059
f 2064 2062 2057
f 2065 2063 2053
f 2066 2059 2061
f 2066 2064 2059
f 2067 2065 2053
f 2067 2053 2054
f 2068 2069 2058
f 2068 2058 2060
f 2070 2066 2061
f 2070 2061 2063
f 2071 2056 2072
f 2071 2054 2055
f 2071 2055 2056
f 2071 2067 2054
f 2073 2060 2062
f 2073 2062 2064
f 2073 2068 2060
f 2074 2063 2065
f 2074 2070 2063
f 2075 2073 2064
f 2076 2074 2065
f 2076 2065 2067
f 2077 2064 2066
f 2077 2075 2064
f 2078 2069 2068
f 2079 2072 2080
f 2079 2071 2072
f 2079 2067 2071
f 2079 2076 2067
f 2081 2066 2070
f 2081 2077 2066
f 2081 2070 2074
f 2082 2068 2073
f 2082 2078 2068
f 2083 2081 2074
f 2084 2082 2073
f 2084 2073 2075
f 2085 2083 2074
f 2085 2074 2076
f 2086 2087 2069
f 2086 2069 2078
f 2088 2084 2075
f 2088 2075 2077
f 2089 2076 2079
f 2089 2085 2076
f 2089 2079 2080
f 2090 2078 2082
f 2090 2086 2078
f 2090 2082 2084
f 2091 2088 2077
f 2091 2077 2081
f 2091 2081 2083
f 2092 2090 2084
f 2093 2091 2083
f 2094 2088 2091
f 2094 2084 2088
f 2094 2092 2084
f 2095 2093 2083
f 2095 2083 2085
f 2096 2094 2091
f 2097 2087 2086
f 2097 2098 2087
f 2099 2080 2100
f 2099 2085 2089
f 2099 2095 2085
f 2099 2089 2080
f 2101 2091 2093
f 2101 2093 2095
f 2101 2096 2091
f 2102 2097 2086
f 2102 2086 2090
f 2103 2101 2095
f 2104 2090 2092
f 2104 2102 2090
f 2105 2099 2100
f 2105 2095 2099
f 2105 2103 2095
f 2106 2104 2092
f 2106 2092 2094
f 2107 2094 2096
f 2107 2106 2094
f 2108 2096 2101
f 2108 2107 2096
f 2109 2101 2103
f 2109 2108 2101
f 2109 2110 2108
f 2111 2098 2097
f 2112 2100 2110
f 2112 2105 2100
f 2112 2103 2105
f 2112 2110 2109
f 2112 2109 2103
f 2113 2111 2097
f 2113 2097 2102
f 2113 2102 2104
f 2114 2113 2104
f 2115 2104 2106
f 2115 2114 2104
f 2115 2106 2107
f 2116 2115 2107
f 2117 2108 2110
f 2117 2107 2108
f 2117 2116 2107
f 2118 2117 2110
f 2118 2119 2117
f 2120 2121 2122
f 2120 2122 1369
f 2120 1369 2098
f 2120 2098 2111
f 2123 2119 2118
f 2123 2118 2110
f 2123 2110 2119
f 2124 2125 2121
f 2124 2111 2113
f 2124 2121 2120
f 2124 2120 2111
f 2126 2127 2125
f 2126 2125 2124
f 2126 2124 2113
f 2126 2113 2114
f 2126 2114 2115
f 2128 2129 2127
f 2128 2126 2115
f 2128 2127 2126
f 2130 2131 2129
f 2130 2129 2128
f 2130 2128 2115
f 2130 2115 2116
f 2132 2133 2131
f 2132 2131 2130
f 2132 2130 2116
f 2132 2117 2119
f 2132 2116 2117
f 2134 2014 2133
f 2134 2132 2119
f 2134 2015 2014
f 2134 2133 2132
f 2135 2119 2015
f 2135 2134 2119
f 2135 2015 2134
f 2136 2137 2138
f 2136 2139 2137
f 2140 2141 2139
f 2140 2139 2136
f 2142 2143 2141
f 2142 2141 2140
f 2144 2145 2143
f 2144 2143 2142
f 2146 2147 2145
f 2146 2145 2144
f 2148 2147 2146
f 2148 2149 2147
f 2150 2149 2148
f 2150 2151 2149
f 2152 2151 2150
f 2152 2153 2151
f 2154 2153 2152
f 2154 2155 2153
f 2156 2155 2154
f 2156 2157 2155
f 2158 2157 2156
f 2158 2159 2157
f 2160 2159 2158
f 2160 2161 2159
f 2162 2161 2160
f 2162 2163 2161
f 2164 2163 2162
f 2164 2165 2163
f 2166 2165 2164
f 2166 2167 2165
f 2168 2167 2166
f 2168 2169 2167
f 2170 2169 2168
f 2170 2171 2169
f 2172 2171 2170
f 2172 2173 2171
f 2174 2173 2172
f 2174 2175 2173
f 2176 2175 2174
f 2176 2177 2175
f 2178 2177 2176
f 2178 2179 2177
f 2180 2181 2179
f 2180 2179 2178
f 2182 2183 2181
f 2182 2181 2180
f 2184 2185 2183
f 2184 2183 2182
f 2186 2187 2185
f 2186 2185 2184
f 2188 2189 2187
f 2188 2187 2186
f 2190 2191 2189
f 2190 2189 2188
f 2192 2193 2191
f 2192 2191 2190
f 2194 2195 2193
f 2194 2193 2192
f 2196 2197 2195
f 2196 2195 2194
f 2198 2197 2196
f 2198 2199 2197
f 2200 2199 2198
f 2200 2201 2199
f 2202 2201 2200
f 2202 2203 2201
f 2204 2203 2202
f 2204 2205 2203
f 2206 2205 2204
f 2206 2207 2205
f 2208 2207 2206
f 2208 2209 2207
f 2210 2211 2212
f 2210 2213 2211
f 2214 2215 2216
f 2214 2217 2215
f 2214 2212 2217
f 2214 2210 2212
f 2218 2213 2210
f 2219 2218 2210
f 2219 2210 2214
f 2219 2214 2216
f 2220 2213 2218
f 2221 2219 2216
f 2221 2220 2218
f 2221 2218 2219
f 2222 2213 2220
f 2223 2220 2221
f 2223 2221 2216
f 2223 2222 2220
f 2224 2213 2222
f 2225 2223 2216
f 2225 2222 2223
f 2225 2224 2222
f 2226 2213 2224
f 2227 2225 2216
f 2227 2224 2225
f 2227 2226 2224
f 2228 2213 2226
f 2229 2227 2216
f 2229 2226 2227
f 2229 2228 2226
f 2230 2213 2228
f 2231 2229 2216
f 2231 2228 2229
f 2231 2230 2228
f 2232 2213 2230
f 2232 2230 2231
f 2233 2231 2216
f 2233 2232 2231
f 2234 2213 2232
f 2235 2216 2236
f 2235 2233 2216
f 2235 2232 2233
f 2235 2234 2232
f 2237 2238 2213
f 2237 2213 2234
f 2237 2234 2235
f 2239 2235 2236
f 2239 2237 2235
f 2240 2238 2237
f 2241 2239 2236
f 2241 2237 2239
f 2241 2240 2237
f 2242 2238 2240
f 2243 2241 2236
f 2243 2240 2241
f 2243 2242 2240
f 2244 2238 2242
f 2244 2242 2243
f 2245 2244 2243
f 2245 2243 2236
f 2246 2238 2244
f 2247 2246 2244
f 2247 2244 2245
f 2247 2245 2236
f 2248 2238 2246
f 2249 2247 2236
f 2249 2246 2247
f 2249 2248 2246
f 2250 2238 2248
f 2250 2248 2249
f 2251 2249 2236
f 2251 2250 2249
f 2252 2238 2250
f 2252 2250 2251
f 2253 2252 2251
f 2253 2251 2236
f 2254 2238 2252
f 2254 2252 2253
f 2255 2253 2236
f 2255 2254 2253
f 2256 2257 2258
f 2256 2258 2259
f 2256 2259 2238
f 2256 2238 2254
f 2256 2254 2255
f 2260 2236 2261
f 2260 2261 2262
f 2260 2262 2257
f 2260 2257 2256
f 2260 2256 2255
f 2260 2255 2236
f 2263 2264 2265
f 2263 2266 2264
f 2267 2266 2263
f 2268 2269 2270
f 2271 2269 2268
f 2272 2273 2274
f 2275 2276 2277
f 2275 2278 2279
f 2275 2279 2280
f 2275 2280 2281
f 2275 2281 2282
f 2275 2282 2276
f 2283 2284 2278
f 2283 2278 2275
f 2285 2286 2287
f 2285 2287 2288
f 2285 2288 2289
f 2285 2289 2290
f 2285 2290 2272
f 2291 2283 2275
f 2291 2275 2277
f 2292 2277 2269
f 2292 2271 2293
f 2292 2283 2291
f 2292 2269 2271
f 2292 2291 2277
f 2294 2274 2295
f 2294 2295 2284
f 2294 2284 2283
f 2294 2272 2274
f 2294 2285 2272
f 2296 2293 2297
f 2296 2297 2286
f 2296 2294 2283
f 2296 2286 2285
f 2296 2292 2293
f 2296 2283 2292
f 2296 2285 2294
f 2298 2299 2300
f 2301 2302 2303
f 2301 2304 2302
f 2305 2303 2306
f 2305 2301 2303
f 2307 2306 2308
f 2307 2305 2306
f 2309 2308 2310
f 2309 2307 2308
f 2311 2310 2312
f 2311 2309 2310
f 2313 2312 2314
f 2313 2311 2312
f 2315 2314 2316
f 2315 2313 2314
f 2317 2318 2304
f 2317 2304 2301
f 2319 2320 2321
f 2319 2316 2320
f 2319 2321 2322
f 2319 2315 2316
f 2323 2317 2301
f 2323 2301 2305
f 2324 2323 2305
f 2324 2305 2307
f 2325 2324 2307
f 2325 2307 2309
f 2326 2309 2311
f 2326 2325 2309
f 2327 2311 2313
f 2327 2326 2311
f 2328 2327 2313
f 2328 2313 2315
f 2329 2330 2318
f 2329 2318 2317
f 2331 2328 2315
f 2331 2322 2332
f 2331 2319 2322
f 2331 2315 2319
f 2333 2329 2317
f 2333 2317 2323
f 2334 2333 2323
f 2334 2323 2324
f 2335 2334 2324
f 2335 2324 2325
f 2336 2335 2325
f 2336 2325 2326
f 2337 2326 2327
f 2337 2336 2326
f 2338 2327 2328
f 2338 2337 2327
f 2339 2340 2330
f 2339 2330 2329
f 2341 2328 2331
f 2341 2331 2332
f 2341 2338 2328
f 2341 2332 2342
f 2343 2329 2333
f 2343 2339 2329
f 2344 2343 2333
f 2344 2333 2334
f 2345 2334 2335
f 2345 2344 2334
f 2346 2335 2336
f 2346 2345 2335
f 2347 2336 2337
f 2347 2346 2336
f 2348 2337 2338
f 2348 2347 2337
f 2349 2350 2340
f 2349 2340 2339
f 2351 2352 2353
f 2351 2342 2352
f 2351 2348 2338
f 2351 2338 2341
f 2351 2341 2342
f 2354 2339 2343
f 2354 2349 2339
f 2355 2354 2343
f 2355 2343 2344
f 2356 2344 2345
f 2356 2355 2344
f 2357 2356 2345
f 2357 2345 2346
f 2358 2346 2347
f 2358 2357 2346
f 2359 2358 2347
f 2359 2347 2348
f 2359 2348 2351
f 2360 2361 2350
f 2360 2350 2349
f 2362 2351 2353
f 2362 2359 2351
f 2363 2349 2354
f 2363 2360 2349
f 2364 2363 2354
f 2364 2354 2355
f 2365 2356 2357
f 2365 2355 2356
f 2365 2364 2355
f 2366 2365 2357
f 2367 2357 2358
f 2367 2366 2357
f 2368 2358 2359
f 2368 2359 2362
f 2368 2367 2358
f 2369 2300 2361
f 2369 2370 2298
f 2369 2361 2360
f 2369 2298 2300
f 2371 2368 2362
f 2371 2372 2373
f 2371 2353 2372
f 2371 2362 2353
f 2374 1535 2370
f 2374 2360 2363
f 2374 2370 2369
f 2374 2369 2360
f 2375 2376 1535
f 2375 2363 2364
f 2375 1535 2374
f 2375 2374 2363
f 2377 2378 2376
f 2377 2375 2364
f 2377 2364 2365
f 2377 2376 2375
f 2379 2378 2377
f 2379 2377 2365
f 2379 2380 2378
f 2379 2365 2366
f 2381 2380 2379
f 2381 2379 2366
f 2381 2382 2380
f 2381 2366 2367
f 2383 2367 2368
f 2383 2381 2367
f 2383 2382 2381
f 2383 2384 2382
f 2385 2383 2368
f 2385 2384 2383
f 2385 2386 2384
f 2385 2373 2386
f 2385 2368 2371
f 2385 2371 2373
f 2387 2388 2389
f 2390 2391 2388
f 2390 2388 2387
f 2392 2393 2391
f 2392 2391 2390
f 2394 2395 2393
f 2394 2393 2392
f 2396 2397 2395
f 2396 2395 2394
f 2398 2399 2397
f 2398 2397 2396
f 2400 2399 2398
f 2400 2401 2399
f 2402 2401 2400
f 2402 2403 2401
f 2404 2403 2402
f 2404 2405 2403
f 2406 2405 2404
f 2406 2407 2405
f 2408 2407 2406
f 2408 2409 2407
f 2410 2409 2408
f 2410 2411 2409
f 2412 2411 2410
f 2412 2413 2411
f 2414 2413 2412
f 2414 2415 2413
f 2416 2415 2414
f 2416 2417 2415
f 2418 2417 2416
f 2418 2419 2417
f 2420 2419 2418
f 2420 2421 2419
f 2422 2421 2420
f 2422 2423 2421
f 2424 2423 2422
f 2424 2425 2423
f 2426 2425 2424
f 2426 2427 2425
f 2428 2429 2427
f 2428 2427 2426
f 2430 2431 2429
f 2430 2429 2428
f 2432 2433 2431
f 2432 2431 2430
f 2434 2435 2433
f 2434 2433 2432
f 2436 2437 2435
f 2436 2435 2434
f 2438 2439 2437
f 2438 2437 2436
f 2440 2441 2439
f 2440 2439 2438
f 2442 2441 2440
f 2443 2444 2441
f 2443 2445 2444
f 2443 2441 2442
f 2446 2445 2443
f 2447 2448 2445
f 2447 2449 2448
f 2447 2445 2446
f 2450 2449 2447
f 2450 2451 2449
f 2452 2451 2450
f 2453 2451 2452
f 2453 2454 2451
f 2453 2455 2454
f 2456 2455 2453
f 2456 2457 2455
f 2458 2457 2456
f 2458 2459 2457
f 2460 2459 2458
f 2461 2462 2463
f 2464 2465 2466
f 2464 2466 2462
f 2464 2462 2461
f 2467 2461 2468
f 2467 2464 2461
f 2469 2468 2470
f 2469 2467 2468
f 2471 2470 2472
f 2471 2469 2470
f 2473 2472 2474
f 2473 2471 2472
f 2475 2474 2476
f 2475 2473 2474
f 2477 2478 2479
f 2480 2481 2482
f 2480 2483 2481
f 2480 2484 2483
f 2480 2485 2484
f 2480 2486 2485
f 2480 2487 2486
f 2480 2488 2487
f 2489 2490 2488
f 2489 2482 2479
f 2489 2478 2491
f 2489 2491 2492
f 2489 2492 2490
f 2489 2488 2480
f 2489 2480 2482
f 2489 2479 2478
f 2493 2494 2495
f 2493 2496 2494
f 2497 2496 2493
f 2498 2499 2500
f 2498 2500 2501
f 2498 2501 2502
f 2503 2504 2505
f 2503 2505 2499
f 2503 2499 2498
f 2506 2503 2498
f 2506 2498 2502
f 2507 2508 2509
f 2507 2509 2510
f 2507 2510 2504
f 2507 2504 2503
f 2511 2503 2506
f 2512 2506 2502
f 2513 2507 2503
f 2513 2508 2507
f 2513 2503 2511
f 2514 2506 2512
f 2514 2511 2506
f 2515 2512 2502
f 2516 2511 2514
f 2516 2508 2513
f 2516 2513 2511
f 2517 2512 2515
f 2517 2514 2512
f 2518 2515 2502
f 2518 2517 2515
f 2519 2516 2514
f 2519 2508 2516
f 2519 2514 2517
f 2520 2517 2518
f 2521 2502 2522
f 2521 2518 2502
f 2521 2520 2518
f 2523 2524 2508
f 2523 2508 2519
f 2523 2519 2517
f 2523 2517 2520
f 2525 2520 2521
f 2526 2521 2522
f 2527 2524 2523
f 2527 2523 2520
f 2527 2520 2525
f 2528 2525 2521
f 2528 2521 2526
f 2528 2527 2525
f 2529 2526 2522
f 2530 2524 2527
f 2530 2527 2528
f 2531 2526 2529
f 2531 2528 2526
f 2532 2529 2522
f 2533 2530 2528
f 2533 2524 2530
f 2533 2528 2531
f 2534 2529 2532
f 2534 2531 2529
f 2535 2532 2522
f 2536 2533 2531
f 2536 2524 2533
f 2536 2531 2534
f 2537 2532 2535
f 2537 2534 2532
f 2537 2538 2539
f 2540 2522 2496
f 2540 2535 2522
f 2540 2497 2541
f 2540 2496 2497
f 2542 2524 2536
f 2542 2543 2524
f 2542 2539 2543
f 2542 2534 2537
f 2542 2536 2534
f 2542 2537 2539
f 2544 2537 2535
f 2544 2545 2538
f 2544 2541 2545
f 2544 2538 2537
f 2544 2540 2541
f 2544 2535 2540
f 2546 2547 2548
f 2549 2550 2551
f 2549 2552 2547
f 2549 2553 2550
f 2549 2547 2553
f 2554 2549 2551
f 2554 2552 2549
f 2555 2551 2556
f 2555 2557 2552
f 2555 2552 2554
f 2555 2554 2551
f 2558 2555 2556
f 2558 2557 2555
f 2559 2558 2556
f 2559 2556 2560
f 2559 2561 2557
f 2559 2557 2558
f 2562 2559 2560
f 2562 2561 2559
f 2563 2561 2562
f 2563 2560 2564
f 2563 2565 2561
f 2563 2562 2560
f 2566 2563 2564
f 2566 2565 2563
f 2567 2564 2568
f 2567 2569 2565
f 2567 2566 2564
f 2567 2565 2566
f 2570 2567 2568
f 2570 2569 2567
f 2571 2568 2572
f 2571 2573 2569
f 2571 2569 2570
f 2571 2570 2568
f 2574 2573 2571
f 2574 2571 2572
f 2575 2572 2576
f 2575 2577 2573
f 2575 2573 2574
f 2575 2574 2572
f 2578 2575 2576
f 2578 2577 2575
f 2579 2576 2580
f 2579 2578 2576
f 2579 2581 2577
f 2579 2577 2578
f 2582 2579 2580
f 2582 2581 2579
f 2583 2580 2584
f 2583 2581 2582
f 2583 2585 2581
f 2583 2582 2580
f 2586 2583 2584
f 2586 2585 2583
f 2587 2584 2588
f 2587 2589 2585
f 2587 2585 2586
f 2587 2586 2584
f 2590 2587 2588
f 2590 2589 2587
f 2591 2588 2592
f 2591 2593 2589
f 2591 2590 2588
f 2591 2589 2590
f 2594 2591 2592
f 2594 2593 2591
f 2595 2596 2593
f 2595 2592 2597
f 2595 2594 2592
f 2595 2593 2594
f 2598 2595 2597
f 2598 2596 2595
f 2599 2598 2597
f 2599 2600 2596
f 2599 2597 2601
f 2599 2596 2598
f 2602 2600 2599
f 2602 2599 2601
f 2603 2604 2600
f 2603 2601 2605
f 2603 2602 2601
f 2603 2600 2602
f 2606 2604 2603
f 2606 2603 2605
f 2607 2604 2606
f 2607 2608 2604
f 2607 2609 2608
f 2607 2610 2609
f 2607 2605 2610
f 2607 2606 2605
f 2611 2612 2613
f 2614 2613 2550
f 2614 2550 2553
f 2614 2546 2611
f 2614 2611 2613
f 2615 2548 2616
f 2615 2616 2617
f 2615 2617 2612
f 2615 2612 2611
f 2615 2611 2546
f 2615 2546 2548
f 2618 2614 2553
f 2618 2553 2547
f 2618 2547 2546
f 2618 2546 2614
f 2619 2620 2621
f 2622 2623 2624
f 2622 2625 2626
f 2622 2626 2623
f 2627 2628 2629
f 2627 2625 2622
f 2627 2622 2624
f 2627 2629 2630
f 2627 2630 2625
f 2631 2628 2627
f 2631 2627 2624
f 2632 2633 2628
f 2632 2624 2634
f 2632 2631 2624
f 2632 2628 2631
f 2635 2632 2634
f 2635 2633 2632
f 2636 2637 2633
f 2636 2633 2635
f 2636 2634 2638
f 2636 2635 2634
f 2639 2637 2636
f 2639 2636 2638
f 2640 2641 2637
f 2640 2638 2642
f 2640 2637 2639
f 2640 2643 2641
f 2640 2642 2643
f 2640 2639 2638
f 2644 2645 2641
f 2644 2642 2646
f 2644 2641 2643
f 2644 2643 2642
f 2647 2644 2646
f 2647 2645 2644
f 2648 2649 2645
f 2648 2646 2650
f 2648 2645 2647
f 2648 2647 2646
f 2651 2648 2650
f 2651 2649 2648
f 2652 2653 2649
f 2652 2650 2620
f 2652 2649 2651
f 2652 2651 2650
f 2654 2655 2653
f 2654 2653 2652
f 2654 2619 2655
f 2654 2652 2620
f 2654 2620 2619
f 2656 2657 2655
f 2656 2621 2658
f 2656 2655 2619
f 2656 2619 2621
f 2659 2656 2658
f 2659 2657 2656
f 2660 2661 2657
f 2660 2658 2662
f 2660 2659 2658
f 2660 2657 2659
f 2663 2661 2660
f 2663 2660 2662
f 2664 2665 2661
f 2664 2662 2666
f 2664 2663 2662
f 2664 2661 2663
f 2667 2665 2664
f 2667 2664 2666
f 2668 2669 2670
f 2668 2665 2667
f 2668 2670 2665
f 2668 2666 2671
f 2668 2671 2669
f 2668 2667 2666
f 2672 2670 2669
f 2672 2669 2671
f 2673 2674 2670
f 2673 2671 2675
f 2673 2670 2672
f 2673 2672 2671
f 2676 2674 2673
f 2676 2673 2675
f 2677 2678 2674
f 2677 2675 2679
f 2677 2674 2676
f 2677 2676 2675
f 2680 2678 2677
f 2680 2677 2679
f 2681 2682 2678
f 2681 2679 2683
f 2681 2678 2680
f 2681 2680 2679
f 2684 2682 2681
f 2684 2681 2683
f 2685 2686 2687
f 2685 2688 2686
f 2685 2687 2682
f 2685 2683 2688
f 2685 2682 2684
f 2685 2684 2683
f 2689 2687 2686
f 2689 2686 2688
f 2690 2691 2687
f 2690 2688 2692
f 2690 2687 2689
f 2690 2689 2688
f 2693 2691 2690
f 2693 2690 2692
f 2694 2695 2691
f 2694 2696 2695
f 2694 2692 2697
f 2694 2691 2693
f 2694 2693 2692
f 2698 2696 2694
f 2698 2694 2697
f 2699 2696 2698
f 2699 2698 2697
f 2699 2695 2696
f 2700 2701 2702
f 2700 2703 2701
f 2700 2697 2703
f 2704 2699 2697
f 2704 2695 2699
f 2704 2700 2702
f 2704 2705 2695
f 2704 2706 2705
f 2704 2702 2706
f 2704 2697 2700
f 2707 2708 2709
f 2710 2711 2708
f 2712 2710 2708
f 2713 2708 2707
f 2713 2712 2708
f 2714 2713 2707
f 2715 2714 2707
f 2716 2717 2718
f 2716 2719 2720
f 2716 2721 2719
f 2716 2722 2721
f 2716 2723 2722
f 2716 2718 2723
f 2716 2720 2709
f 2724 2708 2717
f 2724 2716 2709
f 2724 2717 2716
f 2724 2709 2708
f 2725 2726 2727
f 2725 2727 2728
f 2725 2728 2729
f 2725 2729 2730
f 2725 2730 2731
f 2725 2731 2732
f 2733 2732 2734
f 2733 2726 2725
f 2733 2725 2732
f 2735 2736 2726
f 2735 2737 2736
f 2735 2738 2737
f 2735 2739 2738
f 2735 2740 2739
f 2735 2741 2740
f 2735 2734 2741
f 2735 2733 2734
f 2735 2726 2733
f 2742 2743 2744
f 2742 2745 2743
f 2746 2747 2748
f 2746 2749 2747
f 2746 2744 2749
f 2746 2742 2744
f 2750 2745 2742
f 2751 2750 2742
f 2751 2742 2746
f 2751 2746 2748
f 2752 2745 2750
f 2753 2750 2751
f 2753 2751 2748
f 2753 2752 2750
f 2754 2745 2752
f 2755 2752 2753
f 2755 2753 2748
f 2755 2754 2752
f 2756 2745 2754
f 2757 2755 2748
f 2757 2754 2755
f 2757 2756 2754
f 2758 2745 2756
f 2759 2757 2748
f 2759 2756 2757
f 2759 2758 2756
f 2760 2745 2758
f 2761 2759 2748
f 2761 2758 2759
f 2761 2760 2758
f 2762 2745 2760
f 2762 2760 2761
f 2763 2761 2748
f 2763 2762 2761
f 2764 2745 2762
f 2765 2763 2748
f 2765 2762 2763
f 2765 2764 2762
f 2766 2767 2745
f 2766 2745 2764
f 2768 2765 2748
f 2768 2764 2765
f 2768 2766 2764
f 2769 2767 2766
f 2769 2766 2768
f 2770 2748 2771
f 2770 2768 2748
f 2770 2769 2768
f 2772 2767 2769
f 2773 2770 2771
f 2773 2769 2770
f 2773 2772 2769
f 2774 2767 2772
f 2774 2772 2773
f 2775 2773 2771
f 2775 2774 2773
f 2776 2767 2774
f 2777 2776 2774
f 2777 2775 2771
f 2777 2774 2775
f 2778 2767 2776
f 2779 2777 2771
f 2779 2776 2777
f 2779 2778 2776
f 2780 2767 2778
f 2781 2778 2779
f 2781 2780 2778
f 2781 2779 2771
f 2782 2767 2780
f 2783 2781 2771
f 2783 2780 2781
f 2783 2782 2780
f 2784 2767 2782
f 2785 2783 2771
f 2785 2782 2783
f 2785 2784 2782
f 2786 2767 2784
f 2787 2785 2771
f 2787 2784 2785
f 2787 2786 2784
f 2788 2789 2790
f 2788 2790 2791
f 2788 2791 2767
f 2788 2767 2786
f 2792 2771 2793
f 2792 2793 2794
f 2792 2794 2789
f 2792 2787 2771
f 2792 2789 2788
f 2792 2786 2787
f 2792 2788 2786
f 2795 2796 2797
f 2795 2798 2796
f 2797 2799 2795
f 2800 2801 2802
f 2803 2802 2804
f 2803 2804 2805
f 2803 2805 2806
f 2803 2806 2807
f 2803 2807 2808
f 2803 2808 2809
f 2803 2800 2802
f 2803 2809 2800
f 2810 2811 2812
f 2810 2813 2811
f 2810 2814 2813
f 2810 2809 2814
f 2815 2816 2801
f 2815 2817 2816
f 2815 2812 2817
f 2815 2801 2800
f 2815 2810 2812
f 2815 2800 2809
f 2815 2809 2810
f 2818 2819 2820
f 2821 2818 2820
f 2822 2818 2821
f 2823 2822 2821
f 2824 2823 2821
f 2825 2824 2821
f 2826 2825 2821
f 2827 2819 2828
f 2827 2829 2830
f 2827 2831 2829
f 2827 2832 2831
f 2827 2833 2832
f 2827 2828 2833
f 2827 2830 2820
f 2827 2820 2819
f 2834 2835 2836
f 2837 2838 2839
f 2840 2841 2842
f 2840 2843 2841
f 2840 2842 2844
f 2845 2840 2846
f 2845 2847 2843
f 2845 2848 2847
f 2845 2846 2848
f 2845 2843 2840
f 2849 2846 2840
f 2849 2840 2844
f 2849 2850 2846
f 2851 2849 2844
f 2851 2850 2849
f 2852 2853 2850
f 2852 2844 2854
f 2852 2851 2844
f 2852 2850 2851
f 2855 2852 2854
f 2855 2853 2852
f 2856 2857 2853
f 2856 2855 2854
f 2856 2853 2855
f 2856 2854 2835
f 2858 2857 2856
f 2858 2856 2835
f 2858 2835 2834
f 2858 2834 2857
f 2859 2834 2836
f 2859 2857 2834
f 2860 2859 2836
f 2860 2861 2857
f 2860 2836 1700
f 2860 2857 2859
f 2862 2861 2860
f 2862 2860 1700
f 2863 2864 2861
f 2863 1700 2865
f 2863 2861 2862
f 2863 2862 1700
f 2866 2864 2863
f 2866 2863 2865
f 2867 2868 2864
f 2867 2866 2865
f 2867 2865 2869
f 2867 2864 2866
f 2870 2868 2867
f 2870 2867 2869
f 2871 2872 2868
f 2871 2868 2870
f 2871 2870 2869
f 2871 2869 2873
f 2874 2871 2873
f 2874 2872 2871
f 2875 2876 2872
f 2875 2873 2838
f 2875 2874 2873
f 2875 2872 2874
f 2877 2875 2838
f 2877 2838 2837
f 2877 2876 2875
f 2877 2837 2876
f 2878 2837 2839
f 2878 2876 2837
f 2879 2880 2876
f 2879 2839 2881
f 2879 2878 2839
f 2879 2876 2878
f 2882 2880 2879
f 2882 2879 2881
f 2883 2884 2880
f 2883 2881 2885
f 2883 2882 2881
f 2883 2880 2882
f 2886 2883 2885
f 2886 2884 2883
f 2887 2888 2884
f 2887 2885 2889
f 2887 2886 2885
f 2887 2884 2886
f 2887 2890 2888
f 2891 2890 2887
f 2891 2887 2889
f 2892 2890 2891
f 2892 2891 2889
f 2892 2888 2890
f 2893 2894 2888
f 2893 2889 2895
f 2893 2892 2889
f 2893 2888 2892
f 2896 2893 2895
f 2896 2897 2894
f 2896 2894 2893
f 2898 2896 2895
f 2898 2897 2896
f 2899 2895 2900
f 2899 2898 2895
f 2899 2897 2898
f 2901 2902 2903
f 2901 2903 2904
f 2901 2900 2902
f 2905 2899 2900
f 2905 2900 2901
f 2905 2906 2897
f 2905 2904 2907
f 2905 2907 2906
f 2905 2897 2899
f 2905 2901 2904
f 2908 2909 2910
f 2908 2910 2911
f 2912 2911 2913
f 2912 2908 2911
f 2914 2913 2915
f 2914 2912 2913
f 2916 2915 2917
f 2916 2914 2915
f 2918 2916 2917
f 2919 2920 2921
f 2919 2921 2922
f 2919 2922 2923
f 2924 2925 2926
f 2924 2926 2927
f 2924 2927 2920
f 2924 2928 2925
f 2924 2920 2919
f 2924 2919 2923
f 2929 2924 2923
f 2929 2928 2924
f 2930 2931 2928
f 2930 2923 2932
f 2930 2928 2929
f 2930 2929 2923
f 2933 2931 2930
f 2933 2930 2932
f 2934 2935 2931
f 2934 2932 2936
f 2934 2931 2933
f 2934 2933 2932
f 2937 2934 2936
f 2937 2935 2934
f 2938 2939 2935
f 2938 2936 2940
f 2938 2937 2936
f 2938 2935 2937
f 2941 2939 2938
f 2941 2938 2940
f 2942 2943 2939
f 2942 2940 2944
f 2942 2939 2941
f 2942 2941 2940
f 2945 2946 2943
f 2945 2943 2942
f 2945 2942 2944
f 2947 2946 2945
f 2947 2945 2944
f 2948 2944 2949
f 2948 2947 2944
f 2948 2946 2947
f 2950 2951 2946
f 2950 2952 2953
f 2950 2953 2951
f 2950 2949 2952
f 2950 2946 2948
f 2950 2948 2949
f 2954 2955 2956
f 2957 2958 2959
f 2957 2960 2958
f 2957 2961 2960
f 2957 2962 2961
f 2957 2963 2962
f 2964 2959 2965
f 2964 2966 2963
f 2964 2963 2957
f 2964 2957 2959
f 2967 2965 2968
f 2967 2968 2969
f 2967 2969 2954
f 2967 2956 2966
f 2967 2966 2964
f 2967 2964 2965
f 2967 2954 2956
f 2970 2971 2972
f 2973 2974 2975
f 2976 2977 2978
f 2979 2980 2971
f 2979 2975 2980
f 2979 2971 2970
f 2979 2973 2975
f 2981 2970 2982
f 2981 2978 2973
f 2981 2979 2970
f 2981 2973 2979
f 2983 2982 2984
f 2983 2981 2982
f 2983 2978 2981
f 2983 2984 2976
f 2983 2976 2978
f 2985 2984 2986
f 2985 2986 2977
f 2985 2977 2976
f 2985 2976 2984
f 2987 2988 2977
f 2987 2977 2986
f 2989 2986 2990
f 2989 2991 2988
f 2989 2988 2987
f 2989 2987 2986
f 2989 2990 2992
f 2989 2992 2991
f 2993 2992 2990
f 2993 2991 2992
f 2994 2990 2995
f 2994 2996 2991
f 2994 2991 2993
f 2994 2993 2990
f 2997 2998 2996
f 2997 2994 2995
f 2997 2996 2994
f 2999 2998 2997
f 2999 2997 2995
f 3000 2995 3001
f 3000 3002 2998
f 3000 3003 3002
f 3000 3001 3003
f 3000 2999 2995
f 3000 2998 2999
f 3004 3002 3003
f 3004 3003 3001
f 3005 3001 3006
f 3005 3007 3002
f 3005 3008 3007
f 3005 3006 3008
f 3005 3004 3001
f 3005 3002 3004
f 3009 3007 3008
f 3009 3008 3006
f 3010 3011 3012
f 3010 3012 3013
f 3010 3009 3006
f 3010 3013 3014
f 3010 3014 3015
f 3010 3007 3009
f 3010 3006 3011
f 3010 3015 3007
f 3016 3017 3018
f 3016 3018 3019
f 3020 3019 3021
f 3020 3016 3019
f 3022 3021 3023
f 3022 3020 3021
f 3024 3022 3023
f 3025 3023 3026
f 3025 3024 3023
f 3027 3025 3026
f 3028 3026 3029
f 3028 3027 3026
f 3030 3028 3029
f 3031 3029 3032
f 3033 3030 3029
f 3033 3029 3031
f 3034 3033 3031
f 3035 3033 3034
f 3036 3037 3038
f 3036 3039 3037
f 3040 3041 3042
f 3040 3042 3043
f 3040 3043 3044
f 3045 3046 3047
f 3045 3047 3041
f 3045 3041 3040
f 3048 3040 3044
f 3049 3050 3051
f 3049 3051 3052
f 3049 3052 3046
f 3049 3046 3045
f 3053 3040 3048
f 3053 3045 3040
f 3054 3048 3044
f 3055 3045 3053
f 3055 3049 3045
f 3055 3050 3049
f 3056 3053 3048
f 3056 3048 3054
f 3057 3054 3044
f 3057 3056 3054
f 3058 3055 3053
f 3058 3050 3055
f 3058 3053 3056
f 3059 3056 3057
f 3059 3058 3056
f 3060 3044 3061
f 3060 3057 3044
f 3062 3050 3058
f 3062 3058 3059
f 3063 3059 3057
f 3063 3057 3060
f 3064 3060 3061
f 3065 3059 3063
f 3065 3050 3062
f 3065 3062 3059
f 3066 3063 3060
f 3066 3060 3064
f 3067 3064 3061
f 3067 3066 3064
f 3068 3069 3050
f 3068 3063 3066
f 3068 3065 3063
f 3068 3050 3065
f 3070 3066 3067
f 3071 3067 3061
f 3072 3069 3068
f 3072 3068 3066
f 3072 3066 3070
f 3073 3072 3070
f 3073 3070 3067
f 3073 3067 3071
f 3074 3073 3071
f 3074 3071 3061
f 3075 3069 3072
f 3075 3072 3073
f 3076 3073 3074
f 3077 3074 3061
f 3077 3078 3079
f 3077 3080 3078
f 3077 3061 3080
f 3081 3075 3073
f 3081 3069 3075
f 3081 3073 3076
f 3082 3077 3079
f 3082 3076 3074
f 3082 3074 3077
f 3083 3069 3081
f 3083 3081 3076
f 3083 3076 3082
f 3084 3085 3086
f 3084 3079 3085
f 3084 3082 3079
f 3087 3039 3069
f 3087 3086 3037
f 3087 3083 3082
f 3087 3084 3086
f 3087 3069 3083
f 3087 3082 3084
f 3087 3037 3039
f 3088 3089 3090
f 3091 3092 1770
f 3093 3094 3095
f 3096 3097 3088
f 3096 3088 3090
f 3098 3090 3099
f 3098 3096 3090
f 3100 3099 3101
f 3100 3098 3099
f 3102 3101 3103
f 3102 3100 3101
f 3104 3103 3105
f 3104 3102 3103
f 3106 3105 3107
f 3106 3104 3105
f 3108 3107 3109
f 3108 3106 3107
f 3110 3111 3097
f 3110 3097 3096
f 3112 3109 3092
f 3112 3108 3109
f 3112 3092 3091
f 3113 3110 3096
f 3113 3096 3098
f 3114 3113 3098
f 3114 3098 3100
f 3115 3114 3100
f 3115 3100 3102
f 3116 3102 3104
f 3116 3115 3102
f 3117 3104 3106
f 3117 3116 3104
f 3118 3117 3106
f 3118 3106 3108
f 3118 3108 3112
f 3119 3120 3111
f 3119 3111 3110
f 3121 3091 3122
f 3121 3118 3112
f 3121 3112 3091
f 3123 3119 3110
f 3123 3110 3113
f 3124 3113 3114
f 3124 3123 3113
f 3125 3124 3114
f 3125 3114 3115
f 3126 3125 3115
f 3126 3115 3116
f 3127 3126 3116
f 3127 3116 3117
f 3128 3127 3117
f 3128 3117 3118
f 3129 3130 3120
f 3129 3120 3119
f 3131 3122 3132
f 3131 3118 3121
f 3131 3128 3118
f 3131 3121 3122
f 3133 3129 3119
f 3133 3119 3123
f 3134 3124 3125
f 3134 3123 3124
f 3134 3133 3123
f 3135 3134 3125
f 3136 3135 3125
f 3136 3125 3126
f 3137 3126 3127
f 3137 3136 3126
f 3138 3137 3127
f 3138 3127 3128
f 3139 3140 3130
f 3139 3130 3129
f 3139 3129 3133
f 3141 3132 3142
f 3141 3128 3131
f 3141 3138 3128
f 3141 3131 3132
f 3143 3139 3133
f 3144 3133 3134
f 3144 3143 3133
f 3145 3134 3135
f 3145 3144 3134
f 3146 3135 3136
f 3146 3145 3135
f 3147 3136 3137
f 3147 3137 3138
f 3147 3146 3136
f 3148 3147 3138
f 3149 3150 3140
f 3149 3140 3139
f 3149 3139 3143
f 3151 3142 3152
f 3151 3141 3142
f 3151 3138 3141
f 3151 3148 3138
f 3153 3149 3143
f 3154 3143 3144
f 3154 3153 3143
f 3155 3144 3145
f 3155 3154 3144
f 3156 3145 3146
f 3156 3155 3145
f 3157 3156 3146
f 3157 3146 3147
f 3158 3147 3148
f 3158 3148 3151
f 3158 3157 3147
f 3159 3160 3150
f 3159 3161 3160
f 3159 3150 3149
f 3162 3152 3163
f 3162 3151 3152
f 3162 3158 3151
f 3164 3165 3161
f 3164 3149 3153
f 3164 3153 3154
f 3164 3159 3149
f 3164 3161 3159
f 3166 3165 3164
f 3166 3164 3154
f 3166 3167 3165
f 3168 3167 3166
f 3168 3169 3167
f 3168 3154 3155
f 3168 3166 3154
f 3170 3168 3155
f 3170 3171 3169
f 3170 3156 3157
f 3170 3155 3156
f 3170 3169 3168
f 3172 3157 3158
f 3172 3171 3170
f 3172 3173 3171
f 3172 3170 3157
f 3174 3172 3158
f 3174 3173 3172
f 3174 3094 3173
f 3175 3095 3094
f 3175 3163 3095
f 3175 3158 3162
f 3175 3094 3174
f 3175 3174 3158
f 3175 3162 3163
f 3176 3177 3178
f 3179 3177 3176
f 3180 3181 3177
f 3180 3177 3179
f 3182 3183 3181
f 3182 3181 3180
f 3184 3185 3183
f 3184 3183 3182
f 3186 3187 3185
f 3186 3185 3184
f 3188 3187 3186
f 3188 3189 3187
f 3190 3189 3188
f 3190 3191 3189
f 3192 3191 3190
f 3192 3193 3191
f 3194 3193 3192
f 3194 3195 3193
f 3196 3195 3194
f 3196 3197 3195
f 3198 3197 3196
f 3198 3199 3197
f 3200 3199 3198
f 3200 3201 3199
f 3202 3201 3200
f 3202 3203 3201
f 3204 3203 3202
f 3204 3205 3203
f 3206 3205 3204
f 3206 3207 3205
f 3208 3207 3206
f 3208 3209 3207
f 3210 3209 3208
f 3210 3211 3209
f 3212 3211 3210
f 3212 3213 3211
f 3214 3213 3212
f 3214 3215 3213
f 3216 3215 3214
f 3216 3217 3215
f 3218 3217 3216
f 3218 3219 3217
f 3220 3221 3219
f 3220 3219 3218
f 3222 3223 3221
f 3222 3221 3220
f 3224 3225 3223
f 3224 3223 3222
f 3226 3227 3225
f 3226 3225 3224
f 3228 3229 3227
f 3228 3227 3226
f 3230 3231 3229
f 3230 3229 3228
f 3232 3233 3231
f 3232 3231 3230
f 3234 3235 3233
f 3234 3236 3235
f 3234 3233 3232
f 3237 3236 3234
f 3238 3236 3237
f 3238 3239 3236
f 3240 3239 3238
f 3240 3241 3239
f 3242 3241 3240
f 3242 3243 3241
f 3242 3244 3243
f 3245 3244 3242
f 3246 3244 3245
f 3246 3247 3244
f 3248 3247 3246
f 3248 3249 3247
f 3250 3251 3252
f 3253 3254 3255
f 3256 3257 3258
f 3256 3252 3257
f 3256 3259 3250
f 3256 3250 3252
f 3260 3258 3261
f 3260 3262 3259
f 3260 3256 3258
f 3260 3259 3256
f 3263 3261 3264
f 3263 3265 3262
f 3263 3262 3260
f 3263 3260 3261
f 3266 3264 3267
f 3266 3268 3265
f 3266 3265 3263
f 3266 3263 3264
f 3269 3267 3270
f 3269 3271 3268
f 3269 3268 3266
f 3269 3266 3267
f 3272 3270 3273
f 3272 3254 3271
f 3272 3269 3270
f 3272 3271 3269
f 3274 3275 3276
f 3274 3273 3275
f 3274 3276 3255
f 3274 3272 3273
f 3274 3254 3272
f 3274 3255 3254
f 3277 3278 3279
f 3280 1926 3281
f 3280 3281 3282
f 3280 3283 1926
f 3284 3282 3285
f 3284 3280 3282
f 3286 3285 3287
f 3286 3284 3285
f 3288 3287 3289
f 3288 3286 3287
f 3290 3289 3291
f 3290 3288 3289
f 3292 3291 3293
f 3292 3290 3291
f 3294 3293 3295
f 3294 3292 3293
f 3296 3297 3283
f 3296 3283 3280
f 3298 3299 3300
f 3298 3295 3299
f 3298 3294 3295
f 3301 3280 3284
f 3301 3296 3280
f 3302 3301 3284
f 3302 3284 3286
f 3303 3286 3288
f 3303 3302 3286
f 3304 3303 3288
f 3304 3288 3290
f 3305 3290 3292
f 3305 3304 3290
f 3306 3305 3292
f 3306 3292 3294
f 3307 3308 3297
f 3307 3297 3296
f 3309 3306 3294
f 3309 3300 3310
f 3309 3294 3298
f 3309 3298 3300
f 3311 3296 3301
f 3311 3307 3296
f 3312 3311 3301
f 3312 3301 3302
f 3313 3312 3302
f 3313 3302 3303
f 3314 3313 3303
f 3314 3303 3304
f 3315 3314 3304
f 3315 3304 3305
f 3316 3315 3305
f 3316 3305 3306
f 3317 3318 3308
f 3317 3308 3307
f 3319 3310 3320
f 3319 3309 3310
f 3319 3316 3306
f 3319 3306 3309
f 3321 3307 3311
f 3321 3317 3307
f 3322 3321 3311
f 3322 3311 3312
f 3323 3322 3312
f 3323 3312 3313
f 3324 3313 3314
f 3324 3323 3313
f 3325 3314 3315
f 3325 3324 3314
f 3326 3325 3315
f 3326 3315 3316
f 3327 3328 3318
f 3327 3318 3317
f 3329 3320 3330
f 3329 3319 3320
f 3329 3316 3319
f 3329 3326 3316
f 3331 3317 3321
f 3331 3327 3317
f 3332 3321 3322
f 3332 3331 3321
f 3332 3322 3323
f 3333 3332 3323
f 3334 3323 3324
f 3334 3333 3323
f 3335 3324 3325
f 3335 3334 3324
f 3336 3325 3326
f 3336 3335 3325
f 3337 3338 3328
f 3337 3328 3327
f 3337 3327 3331
f 3339 3330 3340
f 3339 3329 3330
f 3339 3336 3326
f 3339 3326 3329
f 3341 3337 3331
f 3342 3331 3332
f 3342 3341 3331
f 3343 3332 3333
f 3343 3342 3332
f 3344 3343 3333
f 3344 3333 3334
f 3345 3344 3334
f 3345 3334 3335
f 3346 3345 3335
f 3346 3335 3336
f 3347 3348 3338
f 3347 3338 3337
f 3347 3337 3341
f 3349 3346 3336
f 3349 3340 3350
f 3349 3339 3340
f 3349 3336 3339
f 3351 3347 3341
f 3352 3341 3342
f 3352 3351 3341
f 3353 3343 3344
f 3353 3352 3342
f 3353 3342 3343
f 3354 3353 3344
f 3355 3344 3345
f 3355 3345 3346
f 3355 3354 3344
f 3356 3355 3346
f 3357 3279 3348
f 3357 3348 3347
f 3357 3277 3279
f 3358 3346 3349
f 3358 3359 3360
f 3358 3349 3350
f 3358 3350 3359
f 3358 3356 3346
f 3361 3362 3363
f 3361 3363 3277
f 3361 3357 3347
f 3361 3277 3357
f 3361 3347 3351
f 3364 3362 3361
f 3364 3361 3351
f 3364 3351 3352
f 3365 3366 3362
f 3365 3352 3353
f 3365 3364 3352
f 3365 3362 3364
f 3367 3368 3366
f 3367 3366 3365
f 3367 3353 3354
f 3367 3365 3353
f 3369 3368 3367
f 3369 3370 3368
f 3369 3367 3354
f 3369 3354 3355
f 3371 3372 3370
f 3371 3355 3356
f 3371 3370 3369
f 3371 3369 3355
f 3373 3374 3375
f 3373 3375 3372
f 3373 3371 3356
f 3373 3360 3374
f 3373 3356 3358
f 3373 3372 3371
f 3373 3358 3360
f 3376 3377 3378
f 3376 3379 3377
f 3380 3381 3379
f 3380 3379 3376
f 3382 3383 3381
f 3382 3381 3380
f 3384 3385 3383
f 3384 3383 3382
f 3386 3387 3385
f 3386 3385 3384
f 3388 3387 3386
f 3388 3389 3387
f 3390 3389 3388
f 3390 3391 3389
f 3392 3391 3390
f 3392 3393 3391
f 3394 3393 3392
f 3394 3395 3393
f 3396 3395 3394
f 3396 3397 3395
f 3398 3397 3396
f 3398 3399 3397
f 3400 3399 3398
f 3400 3401 3399
f 3402 3401 3400
f 3402 3403 3401
f 3404 3403 3402
f 3404 3405 3403
f 3406 3405 3404
f 3406 3407 3405
f 3408 3407 3406
f 3408 3409 3407
f 3410 3409 3408
f 3410 3411 3409
f 3412 3411 3410
f 3412 3413 3411
f 3414 3413 3412
f 3414 3415 3413
f 3416 3415 3414
f 3416 3417 3415
f 3418 3417 3416
f 3418 3419 3417
f 3420 3421 3419
f 3420 3419 3418
f 3422 3423 3421
f 3422 3421 3420
f 3424 3425 3423
f 3424 3423 3422
f 3426 3427 3425
f 3426 3425 3424
f 3428 3429 3427
f 3428 3427 3426
f 3430 3431 3429
f 3430 3429 3428
f 3432 3433 3431
f 3432 3431 3430
f 3434 3435 3433
f 3434 3433 3432
f 3436 3437 3435
f 3436 3435 3434
f 3438 3437 3436
f 3438 3439 3437
f 3440 3439 3438
f 3440 3441 3439
f 3442 3441 3440
f 3442 3443 3441
f 3444 3443 3442
f 3444 3445 3443
f 3446 3445 3444
f 3446 3447 3445
f 3448 3447 3446
f 3448 3449 3447
f 3450 3451 3452
f 3450 3452 3453
f 3454 3450 3455
f 3456 3457 3458
f 3456 3458 3459
f 3456 3459 3460
f 3456 3460 3461
f 3456 3461 3451
f 3462 3454 3463
f 3464 3450 3454
f 3464 3454 3462
f 3465 3466 3467
f 3465 3467 3468
f 3465 3468 3456
f 3469 3465 3456
f 3470 3464 3471
f 3470 3471 3472
f 3470 3472 3473
f 3470 3451 3450
f 3470 3456 3451
f 3470 3450 3464
f 3474 3470 3475
f 3476 3477 3478
f 3479 3478 3480
f 3479 3480 3469
f 3479 3476 3478
f 3481 3474 3482
f 3481 3470 3474
f 3483 3470 3481
f 3484 3470 3483
f 3484 3485 3479
f 3484 3469 3456
f 3484 3456 3470
f 3484 3479 3469
f 3486 3487 3488
f 3489 3490 3491
f 3492 3486 3490
f 3492 3489 3493
f 3492 3487 3486
f 3492 3490 3489
f 3494 3495 3496
f 3497 3498 3487
f 3497 3487 3492
f 3499 3500 3494
f 3501 3497 3502
f 3503 3497 3501
f 3503 3498 3497
f 3504 3505 3498
f 3504 3498 3503
f 3506 3507 3508
f 3506 3508 3505
f 3506 3504 3509
f 3506 3505 3504
f 3510 3511 3512
f 3513 3514 3507
f 3513 3515 3514
f 3513 3507 3506
f 3516 3517 3510
f 3516 3512 3518
f 3516 3518 3519
f 3516 3519 3499
f 3516 3499 3494
f 3516 3510 3512
f 3520 3516 3494
f 3520 3513 3521
f 3520 3496 3515
f 3520 3494 3496
f 3520 3515 3513
f 3522 3523 3524
f 3525 3524 3526
f 3527 3528 3522
f 3529 3522 3524
f 3529 3527 3522
f 3530 3531 3532
f 3533 3534 3535
f 3536 3530 3532
f 3537 3532 3529
f 3537 3529 3524
f 3537 3536 3532
f 3538 3524 3525
f 3538 3537 3524
f 3539 3540 3541
f 3542 3525 3543
f 3542 3544 3538
f 3542 3538 3525
f 3545 3546 3534
f 3545 3543 3546
f 3545 3542 3543
f 3547 3548 3545
f 3547 3545 3534
f 3549 3550 3551
f 3549 3552 3550
f 3549 3551 3553
f 3554 3534 3533
f 3554 3547 3534
f 3555 3539 3552
f 3555 3554 3533
f 3555 3533 3540
f 3555 3556 3554
f 3555 3549 3557
f 3555 3540 3539
f 3555 3552 3549
f 3558 3559 3560
f 3561 3562 3559
f 3561 3559 3558
f 3563 3564 3565
f 3566 3561 3567
f 3566 3567 3568
f 3566 3562 3561
f 3569 3570 3571
f 3572 3566 3573
f 3572 3573 3574
f 3572 3562 3566
f 3575 3576 3577
f 3578 3565 3562
f 3578 3572 3579
f 3578 3563 3565
f 3578 3562 3572
f 3580 3581 3582
f 3583 3580 3582
f 3584 3571 3563
f 3584 3578 3585
f 3584 3585 3586
f 3584 3569 3571
f 3584 3563 3578
f 3587 3584 3588
f 3587 3577 3569
f 3587 3575 3577
f 3587 3569 3584
f 3589 3575 3587
f 3589 3590 3591
f 3589 3591 3583
f 3589 3582 3575
f 3589 3583 3582
f 3592 3589 3587
f 3592 3587 3593
f 3594 3595 3596
f 3597 3598 3599
f 3600 3601 3602
f 3600 3603 3601
f 3604 3603 3605
f 3604 3602 3601
f 3604 3601 3603
f 3606 3598 3597
f 3606 3597 3602
f 3607 3608 3609
f 3607 3609 3610
f 3607 3611 3608
f 3612 3607 3610
f 3613 3614 3615
f 3613 3616 3614
f 3617 3618 3616
f 3617 3613 3619
f 3617 3616 3613
f 3617 3619 3620
f 3621 3615 3622
f 3621 3619 3613
f 3621 3613 3615
f 3623 3624 3620
f 3623 3594 3624
f 3623 3620 3619
f 3625 3623 3595
f 3625 3594 3623
f 3625 3595 3594
f 3626 3627 3621
f 3626 3621 3622
f 3628 3595 3623
f 3629 3626 3622
f 3630 3631 3595
f 3630 3628 3627
f 3630 3595 3628
f 3632 3622 3633
f 3632 3629 3622
f 3632 3634 3629
f 3635 3631 3630
f 3635 3630 3634
f 3636 3632 3633
f 3636 3637 3632
f 3638 3636 3633
f 3639 3599 3631
f 3639 3631 3640
f 3639 3640 3637
f 3641 3633 3603
f 3641 3638 3633
f 3642 3639 3643
f 3642 3599 3639
f 3644 3599 3642
f 3644 3597 3599
f 3644 3645 3597
f 3646 3645 3641
f 3646 3641 3603
f 3647 3600 3602
f 3647 3602 3597
f 3648 3602 3604
f 3648 3606 3602
f 3648 3649 3606
f 3650 3604 3605
f 3650 3649 3648
f 3650 3648 3604
f 3651 3605 3652
f 3651 3650 3605
f 3653 3598 3606
f 3653 3606 3649
f 3654 3598 3653
f 3655 3651 3652
f 3655 3656 3651
f 3657 3655 3652
f 3658 3659 3598
f 3658 3654 3656
f 3658 3598 3654
f 3660 3657 3652
f 3660 3652 3661
f 3662 3659 3658
f 3663 3659 3662
f 3664 3665 3660
f 3664 3660 3661
f 3666 3663 3665
f 3666 3667 3659
f 3666 3659 3663
f 3668 3669 3670
f 3668 3661 3611
f 3668 3670 3661
f 3671 3666 3669
f 3671 3667 3666
f 3672 3673 3668
f 3672 3668 3611
f 3674 3667 3671
f 3675 3612 3676
f 3675 3607 3612
f 3675 3611 3607
f 3677 3678 3667
f 3677 3667 3674
f 3677 3674 3673
f 3679 3610 3680
f 3679 3680 3681
f 3679 3681 3678
f 3679 3678 3677
f 3679 3676 3612
f 3679 3677 3676
f 3679 3612 3610
f 3682 3618 3617
f 3682 3683 3618
f 3682 3617 3620
f 3682 3620 3624
f 3682 3624 3594
f 3684 3619 3621
f 3684 3623 3619
f 3684 3628 3623
f 3685 3684 3621
f 3685 3621 3627
f 3685 3627 3628
f 3685 3628 3684
f 3686 3627 3626
f 3686 3630 3627
f 3687 3629 3634
f 3687 3626 3629
f 3687 3634 3630
f 3687 3630 3686
f 3687 3686 3626
f 3688 3634 3632
f 3688 3635 3634
f 3689 3632 3637
f 3689 3688 3632
f 3689 3637 3640
f 3690 3637 3636
f 3690 3636 3638
f 3690 3639 3637
f 3691 3643 3639
f 3691 3638 3643
f 3691 3639 3690
f 3691 3690 3638
f 3692 3642 3643
f 3692 3643 3638
f 3692 3638 3641
f 3692 3644 3642
f 3693 3641 3645
f 3693 3645 3644
f 3693 3644 3692
f 3693 3692 3641
f 3694 3646 3695
f 3694 3645 3646
f 3694 3597 3645
f 3696 3694 3695
f 3696 3597 3694
f 3696 3695 3647
f 3696 3647 3597
f 3697 3646 3603
f 3697 3695 3646
f 3697 3647 3695
f 3697 3603 3600
f 3697 3600 3647
f 3698 3649 3650
f 3698 3650 3651
f 3698 3653 3649
f 3698 3654 3653
f 3699 3698 3651
f 3699 3654 3698
f 3699 3651 3656
f 3699 3656 3654
f 3700 3658 3656
f 3700 3656 3655
f 3701 3662 3658
f 3701 3657 3702
f 3701 3655 3657
f 3701 3702 3662
f 3701 3700 3655
f 3701 3658 3700
f 3703 3657 3660
f 3703 3702 3657
f 3703 3662 3702
f 3703 3663 3662
f 3704 3663 3703
f 3704 3665 3663
f 3704 3660 3665
f 3704 3703 3660
f 3705 3666 3665
f 3705 3665 3664
f 3706 3669 3666
f 3706 3666 3705
f 3706 3670 3669
f 3707 3669 3668
f 3707 3671 3669
f 3708 3671 3707
f 3708 3668 3673
f 3708 3707 3668
f 3708 3673 3674
f 3708 3674 3671
f 3709 3673 3672
f 3709 3677 3673
f 3710 3675 3676
f 3710 3677 3709
f 3710 3676 3677
f 3711 3712 3683
f 3711 3596 3712
f 3711 3682 3594
f 3711 3594 3596
f 3711 3683 3682
f 3713 3640 3631
f 3713 3689 3640
f 3713 3631 3635
f 3713 3635 3688
f 3713 3688 3689
f 3714 3705 3664
f 3714 3670 3706
f 3714 3706 3705
f 3714 3664 3661
f 3714 3661 3670
f 3715 3709 3672
f 3715 3710 3709
f 3715 3675 3710
f 3715 3672 3611
f 3715 3611 3675
f 3716 3717 3718
f 3716 3719 3720
f 3716 3718 3719
f 3716 3721 3722
f 3716 3723 3721
f 3716 3720 3723
f 3716 3724 3725
f 3716 3726 3724
f 3716 3722 3726
f 3727 3717 3716
f 3728 3727 3716
f 3729 3728 3716
f 3730 3728 3729
f 3731 3730 3729
f 3732 3730 3731
f 3733 3732 3731
f 3734 3735 3733
f 3734 3733 3731
f 3736 3735 3734
f 3737 3736 3734
f 3738 3737 3734
f 3739 3740 3738
f 3739 3738 3734
f 3741 3740 3739
f 3742 3741 3739
f 3743 3741 3742
f 3744 3743 3742
f 3745 3744 3742
f 3746 3744 3745
f 3747 3748 3746
f 3747 3746 3745
f 3749 3748 3747
f 3750 3751 3752
f 3753 3750 3754
f 3755 3756 3757
f 3758 3759 3760
f 3761 3758 3760
f 3762 3763 3751
f 3762 3753 3764
f 3762 3751 3750
f 3762 3750 3753
f 3765 3766 3763
f 3765 3764 3760
f 3765 3762 3764
f 3765 3763 3762
f 3767 3757 3768
f 3767 3768 3766
f 3767 3759 3769
f 3767 3769 3770
f 3767 3770 3755
f 3767 3766 3765
f 3767 3765 3760
f 3767 3755 3757
f 3767 3760 3759
f 2624 3771 3772
f 3773 3774 2624
f 3773 2624 3772
f 3775 3774 3773
f 3776 3777 3775
f 3776 3775 3773
f 3778 3779 3777
f 3778 3777 3776
f 3780 3779 3778
f 3781 3782 3780
f 3781 3780 3778
f 3783 3784 3782
f 3783 3782 3781
f 3785 3784 3783
f 3786 3787 3785
f 3786 3785 3783
f 3788 3787 3786
f 3789 3790 3788
f 3789 3788 3786
f 3791 3792 3790
f 3791 3790 3789
f 3793 3792 3791
f 3794 3795 3793
f 3794 3793 3791
f 3796 3795 3794
f 3797 3798 3796
f 3797 3796 3794
f 3799 3800 3798
f 3799 3798 3797
f 3801 3800 3799
f 3802 3803 3801
f 3804 3802 3801
f 3804 3801 3799
f 3805 3804 3799
f 3806 3805 3799
f 3807 3808 3809
f 3807 3809 3810
f 3807 3810 3811
f 3812 3807 3811
f 3813 3808 3807
f 3814 3811 3815
f 3814 3812 3811
f 3816 3813 3807
f 3816 3807 3812
f 3817 3818 3808
f 3817 3808 3813
f 3819 3816 3812
f 3819 3812 3814
f 3820 3813 3816
f 3820 3817 3813
f 3821 3815 3822
f 3821 3814 3815
f 3821 3819 3814
f 3823 3824 3818
f 3823 3818 3817
f 3825 3816 3819
f 3825 3820 3816
f 3826 3827 3828
f 3826 3822 3827
f 3826 3821 3822
f 3829 3825 3819
f 3829 3819 3821
f 3830 3817 3820
f 3830 3823 3817
f 3831 3832 3833
f 3831 3834 3824
f 3831 3833 3834
f 3831 3824 3823
f 3835 3820 3825
f 3835 3830 3820
f 3836 3826 3828
f 3836 3821 3826
f 3836 3829 3821
f 3837 3825 3829
f 3837 3835 3825
f 3838 3832 3831
f 3838 3823 3830
f 3838 3831 3823
f 3839 3830 3835
f 3839 3832 3838
f 3839 3838 3830
f 3840 3828 3841
f 3840 3837 3829
f 3840 3836 3828
f 3840 3829 3836
f 3842 3835 3837
f 3842 3832 3839
f 3842 3839 3835
f 3843 3841 3844
f 3843 3844 3845
f 3843 3845 3832
f 3843 3840 3841
f 3843 3832 3842
f 3843 3837 3840
f 3843 3842 3837
f 3846 3847 3848
f 3846 3849 3847
f 3850 3848 3851
f 3852 3846 3848
f 3852 3848 3850
f 3853 3849 3846
f 3854 3851 3855
f 3854 3855 3856
f 3854 3856 3857
f 3854 3850 3851
f 3858 3852 3850
f 3859 3846 3852
f 3859 3853 3846
f 3860 3861 3849
f 3860 3849 3853
f 3862 3858 3850
f 3862 3854 3857
f 3862 3850 3854
f 3863 3859 3852
f 3863 3852 3858
f 3864 3853 3859
f 3864 3860 3853
f 3865 3857 3866
f 3865 3862 3857
f 3865 3858 3862
f 3865 3863 3858
f 3867 3868 3861
f 3867 3861 3860
f 3869 3859 3863
f 3869 3864 3859
f 3870 3871 3872
f 3870 3872 3868
f 3870 3868 3867
f 3873 3860 3864
f 3873 3867 3860
f 3874 3866 3875
f 3874 3869 3863
f 3874 3865 3866
f 3874 3863 3865
f 3876 3864 3869
f 3876 3873 3864
f 3877 3871 3870
f 3877 3870 3867
f 3877 3867 3873
f 3878 3871 3877
f 3878 3873 3876
f 3878 3877 3873
f 3879 3875 3880
f 3879 3869 3874
f 3879 3874 3875
f 3879 3876 3869
f 3881 3880 3882
f 3881 3882 3883
f 3881 3883 3871
f 3881 3871 3878
f 3881 3879 3880
f 3881 3878 3876
f 3881 3876 3879
f 3884 3885 3886
f 3884 3886 3887
f 3888 3889 3890
f 3888 3887 3889
f 3888 3884 3887
f 3891 3884 3888
f 3892 3891 3888
f 3893 3892 3888
f 3894 3892 3893
f 3895 3893 3896
f 3895 3894 3893
f 3897 3896 3898
f 3897 3895 3896
f 3899 3898 3900
f 3899 3897 3898
f 3901 3900 3902
f 3901 3899 3900
f 3903 3902 3904
f 3903 3901 3902
f 3905 3903 3904
f 3906 3905 3904
f 3907 3905 3906
f 3908 3907 3906
f 3909 3907 3908
f 3910 3908 3911
f 3910 3909 3908
f 3912 3911 3913
f 3912 3910 3911
f 3914 3912 3913
f 3915 3914 3913
f 3916 3914 3915
f 3917 3918 3919
f 3920 3917 3919
f 3921 3920 3919
f 3922 3920 3921
f 3923 3922 3921
f 3924 3925 3923
f 3924 3923 3921
f 3926 3925 3924
f 3927 3926 3924
f 3928 3927 3924
f 3929 3927 3928
f 3930 3929 3928
f 3931 3930 3928
f 3932 3933 3934
f 3932 3934 3931
f 3935 3932 3931
f 3935 3931 3928
f 3936 3935 3928
f 3937 3936 3928
f 3938 3937 3928
f 3939 3938 3928
f 3940 3939 3928
f 3941 3942 3943
f 3944 3942 3941
f 3945 3944 3941
f 3946 3945 3941
f 3947 3945 3946
f 3948 3947 3946
f 3949 3947 3948
f 3950 3949 3948
f 3951 3952 3950
f 3951 3950 3948
f 3953 3952 3951
f 3954 3955 3956
f 3957 3958 3959
f 3960 3961 3962
f 3963 3954 3964
f 3963 3965 3955
f 3963 3966 3967
f 3963 3967 3965
f 3963 3955 3954
f 3968 3964 3969
f 3968 3959 3966
f 3968 3966 3963
f 3968 3963 3964
f 3970 3971 3962
f 3970 3969 3971
f 3970 3961 3972
f 3970 3972 3957
f 3970 3968 3969
f 3970 3959 3968
f 3970 3957 3959
f 3970 3962 3961
f 3973 3974 3975
f 3976 3977 3978
f 3976 3978 3979
f 3980 3977 3981
f 3980 3978 3977
f 3980 3979 3978
f 3982 3983 3984
f 3982 3984 3985
f 3982 3985 3979
f 3986 3987 3988
f 3989 3990 3991
f 3989 3992 3973
f 3993 3991 3994
f 3993 3992 3989
f 3993 3973 3992
f 3993 3989 3991
f 3995 3996 3993
f 3995 3993 3994
f 3997 3995 3994
f 3998 3999 3974
f 3998 3974 4000
f 4001 3994 4002
f 4001 4003 3997
f 4001 3997 3994
f 4004 3999 3998
f 4004 3998 4003
f 4005 4001 4002
f 4006 4005 4002
f 4007 3984 3999
f 4007 4008 4009
f 4007 3999 4008
f 4010 4002 3977
f 4010 4006 4002
f 4010 4011 4006
f 4012 3984 4007
f 4012 4007 4011
f 4013 4014 4010
f 4013 4010 3977
f 4015 3985 3984
f 4015 4014 3985
f 4016 3977 3976
f 4016 4014 4013
f 4016 4013 3977
f 4016 3985 4014
f 4017 3976 3979
f 4017 4016 3976
f 4017 3985 4016
f 4017 3979 3985
f 4018 3979 3980
f 4018 3982 3979
f 4019 4018 3980
f 4020 4021 4019
f 4022 3981 4023
f 4022 4020 3981
f 4024 3983 3982
f 4025 4026 3983
f 4025 3983 4024
f 4027 4028 4022
f 4027 4022 4023
f 4029 4026 4025
f 4029 4025 4028
f 4030 4031 4027
f 4030 4027 4023
f 4032 4026 4029
f 4033 4030 4023
f 4034 4026 4032
f 4034 4032 4031
f 4034 4035 4026
f 4036 4033 4023
f 4036 4037 4033
f 4036 4023 3987
f 4038 4036 3987
f 4038 4039 4036
f 4040 4034 4037
f 4040 4035 4034
f 4041 4035 4040
f 4042 4035 4041
f 4042 4043 4035
f 4044 4045 4046
f 4047 4048 4049
f 4047 4044 4048
f 4047 4045 4044
f 4050 4047 4049
f 4050 4045 4047
f 4051 4049 4052
f 4051 4052 4053
f 4051 4053 4054
f 4051 4054 4043
f 4051 4050 4049
f 4051 4045 4050
f 4051 4043 4042
f 4051 4042 4045
f 4055 4056 3990
f 4055 4057 4056
f 4055 4058 4057
f 4055 3989 3973
f 4055 4059 4058
f 4055 3975 4059
f 4055 3973 3975
f 4055 3990 3989
f 4060 3973 3993
f 4060 3993 3996
f 4060 4000 3974
f 4060 3996 4000
f 4060 3974 3973
f 4061 3996 3995
f 4061 4000 3996
f 4061 3995 3997
f 4061 3998 4000
f 4062 3997 4003
f 4062 4003 3998
f 4062 4061 3997
f 4062 3998 4061
f 4063 4003 4001
f 4063 4004 4003
f 4064 4063 4001
f 4064 4001 4005
f 4064 4005 4009
f 4064 4009 4008
f 4065 4009 4005
f 4065 4007 4009
f 4066 4005 4006
f 4066 4065 4005
f 4066 4006 4011
f 4066 4011 4007
f 4066 4007 4065
f 4067 4011 4010
f 4067 4012 4011
f 4068 4010 4014
f 4068 4014 4015
f 4068 4067 4010
f 4069 3980 3981
f 4069 3981 4020
f 4069 4020 4019
f 4069 4019 3980
f 4070 3982 4018
f 4070 4018 4019
f 4070 4019 4021
f 4070 4021 4024
f 4070 4024 3982
f 4071 4020 4022
f 4071 4024 4021
f 4071 4025 4024
f 4071 4021 4020
f 4072 4022 4028
f 4072 4025 4071
f 4072 4071 4022
f 4072 4028 4025
f 4073 4032 4029
f 4073 4031 4032
f 4073 4027 4031
f 4073 4028 4027
f 4073 4029 4028
f 4074 4034 4031
f 4074 4033 4037
f 4074 4030 4033
f 4074 4037 4034
f 4074 4031 4030
f 4075 4040 4037
f 4075 4037 4036
f 4075 4041 4040
f 4075 4036 4039
f 4075 4039 4041
f 4076 4039 4038
f 4076 4046 4045
f 4076 4041 4039
f 4076 4042 4041
f 4076 4045 4042
f 4077 3988 4078
f 4077 4078 4079
f 4077 4079 4080
f 4077 4080 4081
f 4077 4081 4048
f 4077 4048 4044
f 4077 4046 3986
f 4077 4044 4046
f 4077 3986 3988
f 4082 3999 4004
f 4082 4063 4064
f 4082 4004 4063
f 4083 4008 3999
f 4083 3999 4082
f 4083 4064 4008
f 4083 4082 4064
f 4084 3984 4012
f 4084 4012 4067
f 4084 4068 4015
f 4084 4067 4068
f 4084 4015 3984
f 4085 3987 3986
f 4085 4076 4038
f 4085 4046 4076
f 4085 3986 4046
f 4085 4038 3987
f 4086 4087 4088
f 4089 4090 4087
f 4089 4087 4086
f 4091 4088 4087
f 4092 4087 4093
f 4092 4091 4087
f 4094 4092 4093
f 4095 4094 4093
f 4096 4095 4093
f 4097 4098 4099
f 4100 4097 4099
f 4100 4099 4101
f 4100 4101 4102
f 4100 4102 4103
f 4104 4105 4106
f 4104 4107 4105
f 4108 4104 4106
f 4108 4106 4109
f 4110 4108 4109
f 4111 4110 4109
f 4112 4100 4103
f 4112 4103 4113
f 4112 4113 4114
f 4112 4114 4115
f 4112 4115 4116
f 4117 4111 4109
f 4118 4117 4109
f 4119 4118 4109
f 4120 4119 4109
f 4121 4120 4109
f 4122 4109 4123
f 4122 4121 4109
f 4124 4122 4123
f 4125 4124 4123
f 4126 4125 4123
f 4127 4128 4129
f 4130 4129 4131
f 4130 4127 4129
f 4132 4131 4133
f 4132 4133 4134
f 4132 4134 4135
f 4132 4135 4136
f 4132 4136 4137
f 4132 4137 4138
f 4132 4138 4139
f 4132 4139 4140
f 4132 4130 4131
f 4141 4140 4142
f 4141 4142 4143
f 4141 4143 4144
f 4141 4144 4145
f 4141 4132 4140
f 4146 4147 4148
f 4146 4148 4149
f 4146 4149 4150
f 4151 4146 4150
f 4151 4150 4152
f 4151 4147 4146
f 4153 4154 4155
f 4156 4157 4158
f 4153 4147 4151
f 4159 4152 4160
f 4159 4160 4161
f 4159 4161 4162
f 4163 4155 4164
f 4163 4164 4165
f 4163 4165 4153
f 4163 4153 4155
f 4166 4159 4162
f 4166 4152 4159
f 4166 4162 4167
f 4166 4167 4168
f 4166 4151 4152
f 4169 4154 4153
f 4169 4153 4151
f 4169 4170 4171
f 4169 4172 4154
f 4169 4151 4166
f 4173 4174 4175
f 4173 4175 4176
f 4173 4176 4090
f 4177 4178 4172
f 4177 4179 4178
f 4177 4171 4179
f 4177 4172 4169
f 4177 4169 4171
f 4180 4168 4174
f 4180 4089 4181
f 4180 4181 4182
f 4180 4182 4183
f 4180 4090 4089
f 4180 4174 4173
f 4180 4166 4168
f 4180 4173 4090
f 4184 4098 4097
f 4184 4180 4183
f 4184 4185 4170
f 4184 4170 4169
f 4184 4166 4180
f 4184 4183 4186
f 4184 4186 4187
f 4184 4187 4098
f 4184 4169 4166
f 4188 4189 4185
f 4188 4190 4189
f 4188 4097 4190
f 4188 4184 4097
f 4188 4185 4184
f 4191 4093 4192
f 4191 4192 4105
f 4191 4107 4193
f 4191 4193 4194
f 4191 4194 4195
f 4191 4195 4096
f 4191 4096 4093
f 4191 4105 4107
f 4196 4112 4116
f 4196 4197 4112
f 4196 4127 4197
f 4196 4116 4198
f 4196 4198 4199
f 4196 4199 4200
f 4196 4200 4128
f 4196 4128 4127
f 4201 4123 4202
f 4201 4202 4203
f 4201 4126 4123
f 4201 4204 4205
f 4201 4205 4126
f 4206 4141 4145
f 4206 4207 4141
f 4206 4203 4207
f 4206 4201 4203
f 4206 4204 4201
f 4206 4145 4208
f 4206 4208 4204
f 4209 4210 4211
f 4212 4209 4211
f 4213 4211 4214
f 4213 4212 4211
f 4215 4214 4216
f 4215 4213 4214
f 4217 4216 4218
f 4217 4215 4216
f 4219 4218 4220
f 4219 4217 4218
f 4221 4222 4223
f 4224 4223 4225
f 4224 4221 4223
f 4226 4225 4227
f 4226 4224 4225
f 4228 4227 4229
f 4228 4226 4227
f 4230 4229 4231
f 4230 4228 4229
f 4232 4230 4231
f 4233 4234 4235
f 4236 4233 4235
f 4237 4233 4236
f 4238 4239 4237
f 4240 4236 4241
f 4240 4237 4236
f 4240 4238 4237
f 4242 4241 4243
f 4242 4243 4244
f 4245 4240 4241
f 4245 4241 4242
f 4246 4245 4242
f 4247 4246 4242
f 4248 4249 4250
f 4251 4252 4253
f 4254 4255 4256
f 4257 4258 4259
f 4257 4259 4260
f 4261 4260 4262
f 4261 4257 4260
f 4263 4264 4258
f 4263 4258 4257
f 4265 4262 4266
f 4265 4261 4262
f 4267 4263 4257
f 4267 4257 4261
f 4268 4269 4264
f 4268 4264 4263
f 4270 4266 4249
f 4270 4249 4248
f 4270 4265 4266
f 4271 4267 4261
f 4271 4261 4265
f 4272 4273 4269
f 4272 4269 4268
f 4274 4272 4268
f 4274 4263 4267
f 4274 4268 4263
f 4275 4276 4273
f 4275 4273 4272
f 4277 4248 4278
f 4277 4265 4270
f 4277 4271 4265
f 4277 4270 4248
f 4279 4272 4274
f 4280 4267 4271
f 4280 4274 4267
f 4280 4279 4274
f 4281 4275 4272
f 4281 4272 4279
f 4282 4279 4280
f 4283 4284 4276
f 4283 4276 4275
f 4285 4278 4286
f 4285 4277 4278
f 4285 4271 4277
f 4285 4280 4271
f 4287 4281 4279
f 4287 4279 4282
f 4288 4280 4285
f 4288 4286 4289
f 4288 4285 4286
f 4288 4282 4280
f 4290 4291 4284
f 4290 4284 4283
f 4292 4275 4281
f 4292 4283 4275
f 4293 4282 4288
f 4293 4288 4289
f 4293 4287 4282
f 4294 4253 4291
f 4294 4295 4251
f 4294 4251 4253
f 4294 4291 4290
f 4296 4283 4292
f 4296 4290 4283
f 4297 4281 4287
f 4297 4292 4281
f 4298 4299 4295
f 4298 4295 4294
f 4298 4294 4290
f 4298 4290 4296
f 4300 4292 4297
f 4300 4296 4292
f 4301 4297 4287
f 4301 4293 4289
f 4301 4289 4302
f 4301 4287 4293
f 4301 4300 4297
f 4303 4299 4298
f 4303 4298 4296
f 4303 4296 4300
f 4304 4302 4256
f 4304 4300 4301
f 4304 4301 4302
f 4305 4299 4303
f 4305 4304 4256
f 4305 4255 4299
f 4305 4303 4300
f 4305 4300 4304
f 4305 4256 4255
f 4306 4307 4308
f 4309 4310 4307
f 4309 4307 4306
f 4311 4312 4310
f 4311 4310 4309
f 4313 4314 4312
f 4313 4312 4311
f 4315 4314 4313
f 4316 4317 4314
f 4316 4314 4315
f 4318 4316 4315
f 4319 4320 4321
f 4319 4322 4320
f 4323 4324 4322
f 4323 4322 4319
f 4325 4326 4324
f 4325 4324 4323
f 4327 4328 4326
f 4327 4326 4325
f 4329 4330 4328
f 4329 4328 4327
f 4331 4329 4327
f 4332 4333 4334
f 4332 4335 4333
f 4332 4336 4335
f 4337 4338 4336
f 4337 4339 4338
f 4337 4336 4332
f 4340 4334 4341
f 4340 4332 4334
f 4342 4343 4339
f 4342 4337 4332
f 4342 4332 4340
f 4342 4339 4337
f 4344 4345 4346
f 4344 4347 4345
f 4344 4341 4347
f 4344 4340 4341
f 4348 4349 4343
f 4348 4346 4349
f 4348 4343 4342
f 4348 4340 4344
f 4348 4344 4346
f 4348 4342 4340
f 4350 4351 4352
f 4350 4352 4353
f 4354 4353 4355
f 4354 4350 4353
f 4356 4355 4357
f 4356 4354 4355
f 4358 4357 4359
f 4358 4356 4357
f 4360 4359 4361
f 4360 4358 4359
f 4362 4363 4364
f 4365 4366 4363
f 4365 4363 4362
f 4367 4368 4366
f 4367 4366 4365
f 4369 4370 4368
f 4369 4368 4367
f 4371 4372 4370
f 4371 4370 4369
f 4373 4372 4371
f 4374 4375 4376
f 4377 4378 4375
f 4377 4375 4374
f 4379 4380 4378
f 4379 4378 4377
f 4381 4382 4380
f 4381 4380 4379
f 4383 4384 4382
f 4383 4382 4381
f 4385 4384 4383
f 4386 4387 4388
f 4389 4390 4387
f 4389 4387 4386
f 4391 4390 4389
f 4392 4393 4390
f 4392 4390 4391
f 4394 4395 4393
f 4394 4393 4392
f 4396 4397 4395
f 4396 4395 4394
f 4398 4396 4394
f 4399 4400 4401
f 4402 4403 4404
f 4402 4404 4405
f 4402 4406 4403
f 4407 4408 4406
f 4407 4406 4402
f 4409 4405 4410
f 4409 4402 4405
f 4411 4412 4408
f 4411 4408 4407
f 4413 4407 4402
f 4413 4402 4409
f 4414 4410 4415
f 4414 4409 4410
f 4416 4399 4417
f 4416 4415 4400
f 4416 4400 4399
f 4416 4414 4415
f 4418 4413 4409
f 4418 4409 4414
f 4419 4411 4407
f 4419 4407 4413
f 4420 4421 4412
f 4420 4412 4411
f 4422 4414 4416
f 4422 4418 4414
f 4422 4416 4417
f 4423 4413 4418
f 4423 4419 4413
f 4424 4411 4419
f 4424 4420 4411
f 4425 4426 4421
f 4425 4421 4420
f 4427 4417 4428
f 4427 4418 4422
f 4427 4422 4417
f 4427 4423 4418
f 4429 4424 4419
f 4429 4419 4423
f 4430 4420 4424
f 4430 4425 4420
f 4431 4432 4426
f 4431 4426 4425
f 4433 4428 4434
f 4433 4427 4428
f 4433 4423 4427
f 4433 4429 4423
f 4435 4430 4424
f 4435 4424 4429
f 4436 4431 4425
f 4436 4425 4430
f 4437 4438 4432
f 4437 4432 4431
f 4439 4435 4429
f 4439 4429 4433
f 4439 4434 4440
f 4439 4433 4434
f 4441 4436 4430
f 4441 4430 4435
f 4442 4443 4444
f 4442 4438 4437
f 4442 4444 4438
f 4445 4437 4431
f 4445 4431 4436
f 4446 4440 4447
f 4446 4435 4439
f 4446 4439 4440
f 4446 4441 4435
f 4448 4449 4443
f 4448 4442 4437
f 4448 4437 4445
f 4448 4443 4442
f 4450 4436 4441
f 4450 4445 4436
f 4451 4452 4449
f 4451 4449 4448
f 4451 4448 4445
f 4451 4445 4450
f 4453 4447 4454
f 4453 4441 4446
f 4453 4446 4447
f 4453 4450 4441
f 4455 4456 4452
f 4455 4457 4456
f 4455 4454 4457
f 4455 4452 4451
f 4455 4451 4450
f 4455 4450 4453
f 4455 4453 4454
f 4458 4459 4460
f 4458 4460 4461
f 4462 4458 4461
f 4463 4464 4465
f 4466 4465 4458
f 4466 4458 4462
f 4466 4463 4465
f 4467 4466 4462
f 4468 4462 4469
f 4468 4469 4470
f 4468 4470 4471
f 4468 4467 4462
f 4472 4467 4468
f 4473 4472 4468
f 4474 4473 4468
f 4475 4476 4477
f 4475 4477 4478
f 4479 4480 4476
f 4479 4476 4475
f 4481 4482 4480
f 4481 4480 4479
f 4483 4484 4482
f 4483 4482 4481
f 4485 4486 4484
f 4485 4484 4483
f 4487 4488 4486
f 4487 4486 4485
f 4489 4490 4491
f 4489 4492 4493
f 4489 4494 4492
f 4489 4491 4494
f 4495 4496 4497
f 4495 4498 4496
f 4495 4493 4498
f 4495 4489 4493
f 4495 4490 4489
f 4499 4500 4501
f 4499 4501 4502
f 4499 4502 4503
f 4499 4503 4490
f 4504 4497 4505
f 4504 4505 4506
f 4504 4506 4507
f 4504 4507 4500
f 4504 4490 4495
f 4504 4495 4497
f 4504 4499 4490
f 4504 4500 4499
f 4508 4509 4510
f 4511 4512 4509
f 4511 4509 4508
f 4513 4514 4512
f 4513 4512 4511
f 4515 4516 4514
f 4515 4514 4513
f 4517 4518 4516
f 4517 4516 4515
f 4519 4520 4518
f 4519 4518 4517
f 4521 4520 4519
f 4522 4523 4524
f 4525 4522 4524
f 4526 4522 4525
f 4527 4528 4526
f 4529 4525 4530
f 4529 4526 4525
f 4529 4527 4526
f 4531 4529 4530
f 4532 4530 4533
f 4532 4533 4534
f 4532 4534 4535
f 4532 4531 4530
f 4536 4531 4532
f 4537 4536 4532
f 4538 4537 4532
f 4539 4540 4541
f 4542 4543 4544
f 4545 4546 4547
f 4545 4547 4548
f 4549 4548 4550
f 4549 4545 4548
f 4551 4552 4546
f 4551 4546 4545
f 4553 4552 4551
f 4554 4550 4555
f 4554 4549 4550
f 4556 4545 4549
f 4556 4551 4545
f 4557 4551 4556
f 4557 4553 4551
f 4558 4542 4559
f 4558 4555 4543
f 4558 4543 4542
f 4558 4554 4555
f 4560 4556 4549
f 4560 4549 4554
f 4561 4541 4552
f 4561 4562 4539
f 4561 4552 4553
f 4561 4539 4541
f 4563 4557 4556
f 4563 4556 4560
f 4564 4554 4558
f 4564 4558 4559
f 4564 4560 4554
f 4565 4566 4562
f 4565 4562 4561
f 4565 4553 4557
f 4565 4561 4553
f 4567 4559 4568
f 4567 4564 4559
f 4567 4563 4560
f 4567 4560 4564
f 4569 4570 4566
f 4569 4566 4565
f 4569 4557 4563
f 4569 4565 4557
f 4571 4572 4570
f 4571 4573 4572
f 4571 4568 4573
f 4571 4567 4568
f 4571 4570 4569
f 4571 4563 4567
f 4571 4569 4563
f 4574 4575 4576
f 4577 4578 4579
f 4580 4581 4582
f 4583 4584 4585
f 4583 4585 4586
f 4587 4586 4588
f 4587 4583 4586
f 4589 4590 4584
f 4589 4584 4583
f 4591 4588 4592
f 4591 4587 4588
f 4593 4583 4587
f 4593 4589 4583
f 4594 4576 4590
f 4594 4590 4589
f 4594 4574 4576
f 4595 4577 4596
f 4595 4592 4578
f 4595 4591 4592
f 4595 4578 4577
f 4597 4587 4591
f 4597 4593 4587
f 4598 4599 4574
f 4598 4589 4593
f 4598 4574 4594
f 4598 4594 4589
f 4600 4596 4582
f 4600 4595 4596
f 4600 4597 4591
f 4600 4591 4595
f 4601 4602 4599
f 4601 4599 4598
f 4601 4593 4597
f 4601 4598 4593
f 4603 4581 4602
f 4603 4602 4601
f 4603 4600 4582
f 4603 4582 4581
f 4603 4597 4600
f 4603 4601 4597
f 4604 4605 4606
f 4607 4606 4608
f 4607 4609 4604
f 4607 4604 4606
f 4610 4611 4609
f 4610 4609 4607
f 4612 4611 4610
f 4613 4614 4611
f 4613 4611 4612
f 4615 4616 4614
f 4615 4614 4613
f 4617 4618 4619
f 4620 4619 4621
f 4620 4617 4619
f 4622 4623 4617
f 4622 4617 4620
f 4624 4625 4623
f 4624 4623 4622
f 4626 4627 4625
f 4626 4625 4624
f 4628 4629 4627
f 4628 4627 4626
f 4630 4631 4632
f 4630 4633 4631
f 4634 4635 4633
f 4634 4633 4630
f 4636 4637 4635
f 4636 4635 4634
f 4638 4639 4637
f 4638 4637 4636
f 4640 4641 4639
f 4640 4639 4638
f 4642 4643 4644
f 4645 4644 4646
f 4645 4642 4644
f 4647 4646 4648
f 4647 4645 4646
f 4649 4648 4650
f 4649 4647 4648
f 4651 4650 4652
f 4651 4649 4650
f 4653 4651 4652
f 4654 4655 4656
f 4654 4656 4657
f 4658 4659 4660
f 4658 4660 4661
f 4658 4661 4655
f 4658 4655 4654
f 4662 4657 4663
f 4662 4654 4657
f 4664 4665 4659
f 4664 4654 4662
f 4664 4658 4654
f 4664 4659 4658
f 4666 4663 4667
f 4666 4667 4668
f 4666 4662 4663
f 4669 4668 4670
f 4669 4670 4671
f 4669 4671 4665
f 4669 4665 4664
f 4669 4666 4668
f 4669 4662 4666
f 4669 4664 4662
f 4672 4673 4674
f 4675 4676 4673
f 4675 4673 4672
f 4677 4678 4676
f 4677 4676 4675
f 4679 4680 4678
f 4679 4678 4677
f 4681 4682 4680
f 4681 4680 4679
f 4683 4682 4681
f 4684 4685 4686
f 4687 4688 4684
f 4687 4686 4689
f 4687 4684 4686
f 4690 4691 4688
f 4690 4688 4687
f 4692 4693 4691
f 4692 4691 4690
f 4694 4695 4693
f 4694 4693 4692
f 4696 4695 4694
f 4697 4698 4699
f 4700 4701 4702
f 4700 4702 4703
f 4700 4703 4704
f 4705 4706 4701
f 4705 4701 4700
f 4707 4704 4708
f 4707 4700 4704
f 4709 4710 4706
f 4709 4706 4705
f 4711 4700 4707
f 4711 4705 4700
f 4712 4707 4708
f 4713 4709 4705
f 4713 4705 4711
f 4714 4711 4707
f 4714 4707 4712
f 4715 4697 4716
f 4715 4708 4698
f 4715 4698 4697
f 4715 4712 4708
f 4717 4718 4710
f 4717 4710 4709
f 4719 4711 4714
f 4719 4713 4711
f 4720 4712 4715
f 4720 4715 4716
f 4720 4714 4712
f 4721 4717 4709
f 4721 4709 4713
f 4722 4723 4718
f 4722 4718 4717
f 4724 4716 4725
f 4724 4720 4716
f 4724 4719 4714
f 4724 4714 4720
f 4726 4713 4719
f 4726 4721 4713
f 4727 4717 4721
f 4727 4722 4717
f 4728 4723 4722
f 4728 4722 4727
f 4729 4725 4730
f 4729 4724 4725
f 4729 4726 4719
f 4729 4719 4724
f 4731 4721 4726
f 4731 4727 4721
f 4732 4728 4727
f 4733 4734 4723
f 4733 4723 4728
f 4735 4726 4729
f 4735 4730 4736
f 4735 4729 4730
f 4735 4731 4726
f 4737 4732 4727
f 4737 4727 4731
f 4738 4739 4734
f 4738 4740 4739
f 4738 4741 4740
f 4738 4734 4733
f 4742 4728 4732
f 4742 4733 4728
f 4743 4731 4735
f 4743 4735 4736
f 4743 4736 4744
f 4743 4737 4731
f 4745 4746 4741
f 4745 4741 4738
f 4745 4738 4733
f 4745 4733 4742
f 4747 4742 4732
f 4747 4732 4737
f 4748 4749 4746
f 4748 4746 4745
f 4748 4742 4747
f 4748 4745 4742
f 4750 4744 4751
f 4750 4743 4744
f 4750 4737 4743
f 4750 4747 4737
f 4752 4753 4749
f 4752 4754 4753
f 4752 4750 4751
f 4752 4751 4754
f 4752 4749 4748
f 4752 4748 4747
f 4752 4747 4750
f 4755 4756 4757
f 4758 4755 4759
f 4760 4761 4762
f 4760 4763 4761
f 4760 4764 4763
f 4760 4765 4764
f 4760 4766 4767
f 4760 4767 4768
f 4760 4768 4765
f 4769 4762 4759
f 4769 4757 4766
f 4769 4766 4760
f 4769 4755 4757
f 4769 4759 4755
f 4769 4760 4762
f 4770 4771 4772
f 4770 4772 4773
f 4774 4775 4771
f 4774 4771 4770
f 4776 4777 4775
f 4776 4775 4774
f 4778 4779 4777
f 4778 4777 4776
f 4780 4781 4779
f 4780 4779 4778
f 4782 4783 4784
f 4785 4786 4783
f 4785 4783 4782
f 4787 4788 4786
f 4787 4786 4785
f 4789 4790 4788
f 4789 4788 4787
f 4791 4792 4790
f 4791 4790 4789
f 4793 4792 4791
f 4794 4795 4796
f 4794 4796 4797
f 4798 4797 4799
f 4798 4794 4797
f 4800 4799 4801
f 4800 4798 4799
f 4802 4801 4803
f 4802 4800 4801
f 4804 4803 4805
f 4804 4802 4803
f 4806 4807 4808
f 4809 4807 4806
f 4810 4809 4806
f 4811 4810 4806
f 4812 4810 4811
f 4813 4812 4811
f 4814 4811 4815
f 4814 4813 4811
f 4816 4815 4817
f 4816 4814 4815
f 4818 4816 4817
f 4819 4818 4817
f 4819 4817 4820
f 4819 4820 4821
f 4822 4821 4823
f 4822 4819 4821
f 4824 4822 4823
f 4824 4823 4825
f 4826 4824 4825
f 4826 4825 4827
f 4826 4827 4828
f 4829 4828 4830
f 4829 4826 4828
f 4831 4829 4830
f 4831 4830 4832
f 4831 4832 4833
f 4834 4831 4833
f 4835 4834 4833
f 4836 4835 4833
f 4837 4836 4833
f 4838 4837 4833
f 4839 4838 4833
f 4840 4839 4833
f 4841 4842 4843
f 4841 4843 4840
f 4844 4842 4841
f 4845 4844 4841
f 4846 4845 4841
f 4847 4846 4841
f 4848 4841 4849
f 4848 4847 4841
f 4850 4849 4851
f 4850 4848 4849
f 4852 4851 4853
f 4852 4850 4851
f 4854 4853 4855
f 4854 4852 4853
f 4856 4855 4857
f 4856 4854 4855
f 4858 4857 4859
f 4858 4856 4857
f 4858 4859 4860
f 4861 4860 4862
f 4861 4858 4860
f 4863 4861 4862
f 4864 4862 4865
f 4864 4863 4862
f 4866 4864 4865
f 4867 4866 4865
f 4868 4867 4865
f 4490 4867 4868
f 4843 4839 4840
f 4869 4490 4870
f 4871 4869 4870
f 4872 4869 4871
f 4873 4872 4871
f 4874 4871 4875
f 4874 4873 4871
f 4876 4874 4875
f 4877 4875 4878
f 4877 4876 4875
f 4879 4878 4880
f 4879 4877 4878
f 4881 4880 4882
f 4881 4882 4883
f 4881 4879 4880
f 4884 4883 4885
f 4884 4881 4883
f 4886 4885 4887
f 4886 4884 4885
f 4888 4886 4887
f 4889 4888 4887
f 4890 4889 4887
f 4891 4890 4887
f 4892 4891 4887
f 4893 4892 4887
f 4894 4893 4887
f 4895 4894 4887
f 4896 4895 4887
f 4897 4896 4898
f 4899 4897 4898
f 4900 4899 4898
f 4901 4899 4900
f 4902 4901 4900
f 4903 4902 4900
f 4904 4903 4900
f 4904 4900 4905
f 4906 4904 4905
f 4906 4905 4907
f 4908 4906 4907
f 4908 4907 4909
f 4910 4909 4911
f 4910 4908 4909
f 4912 4911 4913
f 4912 4913 4914
f 4912 4910 4911
f 4915 4914 4916
f 4915 4916 4917
f 4915 4912 4914
f 4918 4917 4919
f 4918 4915 4917
f 4918 4919 4920
f 4921 4918 4920
f 4922 4921 4920
f 4923 4922 4920
f 4924 4923 4920
f 4925 4924 4920
f 4926 4924 4925
f 4927 4925 4808
f 4927 4926 4925
f 4897 4895 4896
f 4928 4929 4930
f 4928 4931 4929
f 4928 4932 4931
f 4928 4933 4932
f 4928 4934 4933
f 4928 4935 4934
f 4928 4936 4935
f 4937 4928 4930
f 4938 4930 4939
f 4938 4939 4940
f 4941 4940 4939
f 4942 4941 4939
f 4943 4937 4930
f 4943 4930 4938
f 4944 4942 4939
f 4945 4937 4943
f 4946 4937 4945
f 4947 4944 4939
f 4948 4937 4946
f 4949 4937 4948
f 4950 4947 4939
f 4951 4952 4953
f 4954 4952 4951
f 4954 4951 4955
f 4954 4956 4952
f 4957 4956 4954
f 4957 4958 4956
f 4959 4958 4957
f 4959 4960 4958
f 4961 4960 4959
f 4962 4963 4964
f 4965 4960 4961
f 4966 4962 4964
f 4967 4966 4964
f 4968 4967 4964
f 4969 4964 4970
f 4969 4968 4964
f 4971 4970 4972
f 4971 4973 4974
f 4971 4974 4975
f 4971 4975 4976
f 4971 4976 4977
f 4971 4977 4978
f 4971 4978 4979
f 4971 4979 4980
f 4981 4969 4970
f 4981 4970 4971
f 4982 4983 4984
f 4982 4984 4985
f 4982 4985 4986
f 4982 4986 4987
f 4982 4960 4965
f 4988 4989 4983
f 4988 4983 4982
f 4990 4971 4980
f 4990 4980 4991
f 4992 4990 4991
f 4993 4990 4992
f 4994 4993 4992
f 4995 4994 4992
f 4996 4992 4997
f 4996 4997 4998
f 4996 4995 4992
f 4999 5000 5001
f 5002 4999 5001
f 5003 5004 4988
f 5003 4988 4982
f 5003 5001 5005
f 5003 5005 5004
f 5006 4969 4981
f 5006 4981 5007
f 5008 5009 5010
f 5011 5002 5001
f 5011 5008 5010
f 5011 5001 5003
f 5011 5010 5012
f 5011 5012 5002
f 5013 5014 5008
f 5013 5008 5011
f 5015 5014 5013
f 5016 5014 5015
f 5017 5018 5014
f 5017 5014 5016
f 5019 5020 5018
f 5019 5021 5020
f 5019 5022 5021
f 5023 5019 5018
f 5023 5018 5017
f 5024 4971 4972
f 5024 4973 4971
f 5024 4972 4937
f 5024 4937 4949
f 5024 4949 5025
f 5024 5025 5026
f 5024 5026 5027
f 5024 5027 5028
f 5024 5028 4973
f 5029 4987 5030
f 5029 5030 5031
f 5029 5031 5032
f 5029 5032 5033
f 5029 5033 5034
f 5029 5034 5035
f 5029 5035 5036
f 5029 5036 5037
f 5029 5037 5038
f 5029 4939 4960
f 5029 4982 4987
f 5029 5038 4950
f 5029 4960 4982
f 5029 4950 4939
f 5039 5009 5008
f 5039 5008 5006
f 5039 5007 5040
f 5039 5040 5041
f 5039 5041 5042
f 5039 5042 5043
f 5039 5043 5044
f 5039 5044 5045
f 5039 5045 5046
f 5039 5046 5009
f 5039 5006 5007
f 5047 5048 5049
f 5047 5049 5050
f 5051 5052 5053
f 5054 5053 5055
f 5054 5051 5053
f 5056 5055 5057
f 5056 5054 5055
f 5058 5057 5059
f 5058 5056 5057
f 5060 5059 5061
f 5060 5058 5059
f 5062 5061 5063
f 5062 5060 5061
f 5064 5062 5063
f 5065 5063 5066
f 5065 5064 5063
f 5067 5066 5068
f 5067 5065 5066
f 5069 5068 5070
f 5069 5067 5068
f 5071 5069 5070
f 5072 5070 5073
f 5072 5071 5070
f 5074 5073 5075
f 5074 5072 5073
f 5076 5077 5078
f 5079 5078 5077
f 5080 5081 5082
f 5083 5082 5084
f 5083 5080 5082
f 5085 5083 5084
f 5086 5084 5087
f 5086 5085 5084
f 5088 5087 5089
f 5088 5086 5087
f 5090 5089 5091
f 5090 5088 5089
f 5092 5091 5093
f 5092 5090 5091
f 5094 5093 5095
f 5094 5092 5093
f 5096 5095 5097
f 5096 5094 5095
f 5098 5097 5099
f 5098 5096 5097
f 5100 5099 5101
f 5100 5098 5099
f 5102 5101 5103
f 5102 5100 5101
f 5104 5102 5103
f 5105 5106 5107
f 5080 5106 5105
f 5108 5109 5110
f 5109 5108 5111
f 5112 5113 5114
f 5112 5115 5113
f 5116 5114 5117
f 5116 5112 5114
f 5118 5116 5117
f 5119 5117 5120
f 5119 5118 5117
f 5121 5122 5123
f 5121 5120 5122
f 5121 5119 5120
f 5124 5123 5125
f 5124 5121 5123
f 5126 5125 5127
f 5126 5124 5125
f 5128 5129 5130
f 5128 5130 5131
f 5132 5133 5134
f 5133 5132 5135
f 5136 5137 5138
f 5139 5137 5136
f 5140 5141 5142
f 5143 5142 5144
f 5143 5140 5142
f 5145 5143 5144
f 5146 5144 5147
f 5146 5145 5144
f 5148 5149 5150
f 5148 5147 5149
f 5148 5146 5147
f 5151 5150 5152
f 5151 5148 5150
f 5153 5152 5154
f 5153 5151 5152
f 5155 5154 5156
f 5155 5153 5154
f 5157 5156 5158
f 5157 5155 5156
f 5159 5158 5160
f 5159 5157 5158
f 5161 5160 5162
f 5161 5159 5160
f 5163 5162 5164
f 5163 5161 5162
f 5165 5163 5164
f 5137 5165 5164
f 5166 5167 5168
f 5168 5169 5166
f 5170 5171 5172
f 5173 5171 5170
f 5174 5175 5176
f 5174 5177 5175
f 5174 5178 5177
f 5179 5174 5176
f 5180 5179 5176
f 5181 5180 5176
f 5182 5183 5184
f 5182 5184 5185
f 5186 5187 5188
f 5189 5188 5187
f 5190 5191 5050
f 5190 5192 5193
f 5190 5050 5192
f 5194 5193 5195
f 5194 5190 5193
f 5196 5197 5198
f 5196 5195 5197
f 5196 5194 5195
f 5199 5198 5200
f 5199 5196 5198
f 5201 5200 5202
f 5201 5199 5200
f 5203 5202 5204
f 5203 5201 5202
f 5205 5204 5206
f 5205 5203 5204
f 5207 5206 5208
f 5207 5205 5206
f 5209 5208 5210
f 5209 5207 5208
f 5211 5210 5212
f 5211 5209 5210
f 5213 5212 5214
f 5213 5211 5212
f 5215 5213 5214
f 5216 5217 5218
f 5219 5216 5218
f 5219 5218 5220
f 5221 5217 5216
f 5221 5222 5223
f 5221 5223 5217
f 5224 5219 5220
f 5224 5220 5225
f 5224 5225 5226
f 5227 5222 5221
f 5227 5228 5229
f 5227 5229 5230
f 5227 5230 5222
f 5231 5224 5226
f 5231 5226 5232
f 5233 5231 5232
f 5233 5232 5234
f 5235 5228 5227
f 5235 5236 5228
f 5237 5236 5235
f 5237 5238 5239
f 5237 5239 5236
f 5240 5241 5238
f 5240 5242 5241
f 5240 5238 5237
f 5243 5242 5240
f 5243 5244 5242
f 5245 5234 5246
f 5245 5233 5234
f 5247 5246 5248
f 5247 5248 5249
f 5247 5245 5246
f 5250 5249 5251
f 5250 5251 5252
f 5250 5252 5253
f 5250 5247 5249
f 5254 5253 5255
f 5254 5250 5253
f 5256 5254 5255
f 5257 5254 5256
f 5258 5257 5256
f 5259 5257 5258
f 5259 5260 5257
f 5261 5260 5259
f 5261 5262 5260
f 5263 5262 5261
f 5264 5262 5263
f 5264 5265 5262
f 5266 5267 5268
f 5269 5265 5264
f 5269 5266 5265
f 5270 5266 5269
f 5270 5267 5266
f 5271 5270 5269
f 5272 5273 5274
f 5275 5270 5271
f 5276 5269 5277
f 5276 5271 5269
f 5278 5271 5276
f 5279 5273 5272
f 5279 5272 5280
f 5281 5271 5278
f 5282 5279 5280
f 5283 5280 5284
f 5283 5282 5280
f 5285 5275 5271
f 5285 5286 5275
f 5287 5283 5284
f 5288 5286 5285
f 5289 5284 5290
f 5289 5287 5284
f 5291 5292 5286
f 5291 5286 5288
f 5293 5289 5290
f 5294 5292 5291
f 5295 5290 5296
f 5295 5293 5290
f 5297 5292 5294
f 5298 5295 5296
f 5299 5296 5292
f 5299 5292 5297
f 5299 5298 5296
f 5300 5268 5267
f 5300 5244 5243
f 5300 5301 5244
f 5300 5302 5301
f 5300 5303 5302
f 5300 5304 5303
f 5300 5305 5304
f 5300 5306 5305
f 5300 5307 5306
f 5300 5267 5307
f 5300 5243 5308
f 5300 5308 5309
f 5300 5309 5310
f 5300 5310 5311
f 5300 5311 5268
f 5312 5313 5314
f 5315 5313 5312
f 5316 5315 5317
f 5316 5313 5315
f 5318 5319 5320
f 5318 5320 5321
f 5322 5321 5323
f 5322 5318 5321
f 5324 5323 5325
f 5324 5322 5323
f 5326 5325 5327
f 5326 5324 5325
f 5328 5327 5329
f 5328 5326 5327
f 5330 5329 5331
f 5330 5328 5329
f 5332 5331 5333
f 5332 5330 5331
f 5334 5335 5336
f 5337 5336 5335
f 5338 5339 5340
f 5338 5340 5341
f 5342 5341 5343
f 5342 5338 5341
f 5344 5342 5343
f 5345 5343 5346
f 5345 5344 5343
f 5347 5348 5349
f 5347 5346 5348
f 5347 5345 5346
f 5350 5349 5351
f 5350 5347 5349
f 5352 5351 5353
f 5352 5350 5351
f 5354 5355 5356
f 5357 5358 5359
f 5357 5354 5358
f 5357 5355 5354
f 5360 5361 5362
f 5363 5362 5361
f 5364 5365 5366
f 5364 5366 5367
f 5368 5367 5369
f 5368 5364 5367
f 5370 5369 5371
f 5370 5368 5369
f 5372 5371 5373
f 5372 5370 5371
f 5374 5373 5375
f 5374 5372 5373
f 5376 5375 5377
f 5376 5374 5375
f 5378 5377 5379
f 5378 5376 5377
f 5380 5381 5382
f 5383 5384 5385
f 5383 5385 5380
f 5386 5383 5380
f 5387 5386 5380
f 5388 5387 5380
f 5389 5388 5380
f 5390 5391 5392
f 5390 5392 5393
f 5390 5393 5394
f 5390 5394 5395
f 5390 5395 5396
f 5390 5396 5397
f 5390 5397 5398
f 5399 5382 5391
f 5399 5380 5382
f 5399 5389 5380
f 5400 5399 5391
f 5400 5391 5390
f 5401 5400 5390
f 5402 5400 5401
f 5403 5402 5401
f 5404 5403 5401
f 5405 5401 5406
f 5405 5406 5407
f 5408 5404 5401
f 5408 5401 5405

