# https://github.com/mikedh/trimesh
v 0.00000000 -0.11010790 0.06049096
v 0.00001300 -0.09198695 0.09127998
v -0.01029294 -0.09140795 0.09070098
v -0.00730997 -0.10989200 0.06016701
v -0.05605399 -0.08232498 0.05662101
v -0.04718995 -0.07895398 0.07824701
v -0.05471700 -0.07393693 0.07322996
v -0.05633699 -0.08205592 0.05646896
v -0.06148999 -0.06840795 0.06769996
v -0.05580097 -0.08259397 0.05670601
v -0.03891700 -0.08334398 0.08263701
v -0.05562096 -0.08280694 0.05672895
v -0.02993994 -0.08697396 0.08626699
v -0.05661696 -0.08181792 0.05626797
v -0.05662298 -0.08181297 0.05626296
v -0.05545794 -0.08302396 0.05671101
v -0.05533695 -0.08320695 0.05666100
v -0.02034795 -0.08970493 0.08899796
v -0.05524498 -0.08336693 0.05658698
v -0.05517399 -0.08352094 0.05648297
v -0.01094096 -0.10962290 0.05977100
v -0.01453995 -0.10925000 0.05920898
v -0.05512797 -0.08364993 0.05636596
v -0.05510395 -0.08376795 0.05622601
v -0.06264597 -0.07649093 0.05093199
v -0.06936800 -0.06040394 0.05969697
v -0.06808000 -0.07068097 0.04512500
v -0.07671898 -0.05074197 0.05003499
v -0.02160596 -0.10819690 0.05761301
v -0.05499500 -0.08469295 0.05496197
v -0.05493998 -0.08515596 0.05433201
v -0.05504900 -0.08422994 0.05559396
v -0.07289499 -0.06443595 0.03890800
v -0.07299095 -0.06429797 0.03876996
v -0.07313197 -0.06410795 0.03854197
v -0.08254998 -0.04057395 0.03986698
v -0.07324796 -0.06397294 0.03830599
v -0.07334095 -0.06388694 0.03807300
v -0.07341897 -0.06383693 0.03782701
v -0.08808898 -0.02648192 0.02577501
v -0.07347500 -0.06382793 0.03759598
v -0.07351195 -0.06384992 0.03738600
v -0.07353496 -0.06390196 0.03717899
v -0.07354199 -0.06398296 0.03698098
v -0.07353597 -0.06407994 0.03681397
v -0.02842700 -0.10676300 0.05538296
v -0.07351696 -0.06419795 0.03666096
v -0.09141796 -0.01019793 0.00949097
v -0.03491699 -0.10499290 0.05251699
v -0.04102796 -0.10294490 0.04907101
v -0.07218098 -0.07111895 0.02875596
v -0.09177500 0.00625402 -0.00696099
v -0.05387395 -0.09441792 0.04231196
v -0.04666399 -0.10072290 0.04499900
v -0.05176097 -0.09848296 0.04029101
v -0.05351197 -0.09768694 0.03835600
v -0.07061100 -0.07977497 0.01883196
v -0.07190597 0.04593902 -0.05762892
v -0.07194697 0.04574602 -0.05756795
v -0.07464796 0.05377000 -0.05447697
v -0.07184797 0.04612100 -0.05770897
v -0.07196897 0.04554498 -0.05753093
v -0.07177495 0.04628998 -0.05780798
v -0.07197099 0.04534000 -0.05751794
v -0.07168996 0.04644298 -0.05792093
v -0.07194995 0.04511100 -0.05753195
v -0.08351999 0.03856498 -0.03927195
v -0.07159298 0.04657703 -0.05804598
v -0.07190197 0.04486399 -0.05757898
v -0.07182896 0.04463201 -0.05765795
v -0.07172596 0.04440498 -0.05777394
v -0.07157200 0.04415601 -0.05795097
v -0.06981396 -0.08919495 0.00215799
v -0.06875097 -0.09012997 0.00690699
v -0.06928396 0.04932099 -0.06089395
v -0.06369495 0.06638503 -0.06709194
v -0.06835997 0.03991198 -0.06151896
v -0.06330597 0.05563801 -0.06731593
v -0.07137495 -0.08643096 -0.01204395
v -0.05652099 0.06169402 -0.07329595
v -0.05262398 0.07546699 -0.07617497
v -0.05628496 0.06188499 -0.07348293
v -0.05604797 0.06207698 -0.07366997
v -0.05580997 0.06226700 -0.07385593
v -0.05552196 0.06245803 -0.07407993
v -0.05527198 0.06256502 -0.07427197
v -0.05509495 0.06260198 -0.07440698
v -0.05492800 0.06260299 -0.07453393
v -0.05476796 0.06257003 -0.07465398
v -0.05462098 0.06250500 -0.07476395
v -0.05453598 0.06244701 -0.07482796
v -0.05442196 0.06233602 -0.07491296
v -0.05431997 0.06219202 -0.07498896
v -0.05422699 0.06200599 -0.07505697
v -0.05414700 0.06176102 -0.07511496
v -0.05410099 0.06152498 -0.07514798
v -0.07122498 -0.08503794 -0.01923793
v -0.04093098 0.08240002 -0.08310693
v -0.05407696 0.06128299 -0.07516396
v -0.07043498 -0.08367097 -0.02629995
v -0.08916997 0.02260500 -0.02331197
v -0.05265998 0.03807699 -0.07579094
v -0.02906996 0.08729499 -0.08800196
v -0.05266797 0.03606301 -0.07572293
v -0.06897199 -0.08231496 -0.03332293
v -0.01748198 0.09033399 -0.09104198
v -0.05288100 0.03446102 -0.07551097
v -0.06684798 -0.08099997 -0.04014497
v -0.00881398 0.09158903 -0.09229594
v -0.06404298 -0.07971996 -0.04678595
v -0.06239795 0.03297698 -0.06739294
v -0.06062299 -0.07850897 -0.05305796
v -0.06105500 0.03171598 -0.06860297
v -0.06046098 0.03126299 -0.06912994
v -0.05655896 -0.07737094 -0.05898994
v -0.05894994 0.03040701 -0.07044595
v -0.05811995 0.03013098 -0.07115393
v -0.05984300 0.03086000 -0.06967198
v -0.05190199 -0.07631295 -0.06449794
v -0.05747896 0.03001701 -0.07169598
v -0.05682998 0.03000003 -0.07223898
v -0.04669296 -0.07534992 -0.06951695
v -0.05618095 0.03009700 -0.07277697
v -0.05554997 0.03032302 -0.07329696
v -0.04100400 -0.07449793 -0.07397198
v -0.05495697 0.03067898 -0.07378298
v -0.05441695 0.03115600 -0.07422393
v -0.03089696 -0.07336795 -0.07989794
v -0.05394899 0.03174299 -0.07460796
v -0.05355000 0.03243899 -0.07493793
v -0.01991295 -0.07257294 -0.08409297
v -0.05322998 0.03319799 -0.07520693
v -0.01004594 -0.07217693 -0.08621096
v -0.00000500 -0.07204693 -0.08691895
v 0.00001300 0.09201300 -0.09271997
v 0.05389696 -0.09377396 0.04213297
v 0.04084497 -0.10273290 0.04864495
v 0.04643398 -0.10051590 0.04453700
v 0.05149996 -0.09830695 0.03980797
v 0.05348598 -0.09742295 0.03758698
v 0.00503695 -0.09184896 0.09114199
v 0.00001300 -0.09198695 0.09127998
v 0.00000000 -0.11010790 0.06049096
v 0.00727797 -0.10979490 0.06000697
v 0.01003199 -0.09143996 0.09073299
v 0.05495399 -0.08479094 0.05424201
v 0.01444095 -0.10902390 0.05882501
v 0.02826899 -0.10650090 0.05492299
v 0.03478795 -0.10478490 0.05213797
v 0.03681999 -0.10414600 0.05107700
v 0.01758897 -0.09029197 0.08958500
v 0.05510395 -0.08355194 0.05599999
v 0.05511695 -0.08347696 0.05609697
v 0.05514097 -0.08339494 0.05618596
v 0.05517399 -0.08330696 0.05626600
v 0.05521595 -0.08321392 0.05633497
v 0.02453500 -0.08865892 0.08795201
v 0.05529898 -0.08305895 0.05642098
v 0.05541199 -0.08288294 0.05648297
v 0.03120899 -0.08653593 0.08582895
v 0.05555295 -0.08268892 0.05651497
v 0.05574095 -0.08245795 0.05650901
v 0.04286295 -0.08139896 0.08069097
v 0.05595397 -0.08222293 0.05645298
v 0.07074397 -0.08797597 -0.00410599
v 0.07036000 -0.08012998 0.01844799
v 0.06859600 -0.09013992 0.00691897
v 0.05430597 -0.07425796 0.07355099
v 0.05625599 -0.08192795 0.05630797
v 0.05655497 -0.08166593 0.05610501
v 0.07138299 -0.08579593 -0.01532894
v 0.06617498 -0.06391292 0.06320601
v 0.05662298 -0.08161097 0.05605196
v 0.06258296 -0.07633894 0.05077296
v 0.06802499 -0.07053893 0.04497796
v 0.07751697 -0.04955697 0.04884999
v 0.07285499 -0.06431198 0.03877997
v 0.07285898 -0.06430697 0.03877496
v 0.07303297 -0.06407797 0.03848898
v 0.07311201 -0.06398797 0.03832697
v 0.07294797 -0.06418496 0.03863900
v 0.08613997 -0.03232997 0.03162300
v 0.07340598 -0.06390893 0.03718698
v 0.07341200 -0.06398493 0.03700000
v 0.07338500 -0.06385993 0.03738099
v 0.07335096 -0.06383693 0.03757899
v 0.07330596 -0.06383997 0.03777599
v 0.07324999 -0.06386697 0.03796797
v 0.07318496 -0.06391698 0.03815197
v 0.09088397 -0.01436197 0.01365500
v 0.07340496 -0.06408393 0.03682500
v 0.07338500 -0.06420594 0.03666597
v 0.07194799 -0.07141995 0.02843201
v 0.09193098 0.00390303 -0.00460994
v 0.07041198 -0.08362394 -0.02654093
v 0.08979696 0.02008402 -0.02079093
v 0.06893396 -0.08227497 -0.03353393
v 0.08626699 0.03201699 -0.03272497
v 0.06678897 -0.08096295 -0.04034394
v 0.06270599 0.03297501 -0.06711196
v 0.06396996 -0.07968896 -0.04695492
v 0.06053400 -0.07848495 -0.05320698
v 0.06079995 0.03124499 -0.06883198
v 0.05645799 -0.07734793 -0.05911993
v 0.06834197 0.03964298 -0.06154894
v 0.05924397 0.03032201 -0.07019495
v 0.05811697 0.02993601 -0.07116097
v 0.05180197 -0.07629495 -0.06459695
v 0.07160699 0.04403501 -0.05792897
v 0.08101695 0.04362899 -0.04433596
v 0.07169395 0.04416602 -0.05782896
v 0.07177400 0.04430902 -0.05773794
v 0.07185697 0.04448997 -0.05764394
v 0.07192701 0.04468202 -0.05756694
v 0.07198196 0.04488402 -0.05750995
v 0.07201999 0.04509401 -0.05747395
v 0.05713999 0.02982103 -0.07198393
v 0.07203799 0.04531002 -0.05746197
v 0.05631899 0.02990198 -0.07266795
v 0.04659599 -0.07533693 -0.06959295
v 0.05565094 0.03011101 -0.07321798
v 0.04091095 -0.07448792 -0.07402998
v 0.05507898 0.03041803 -0.07368695
v 0.05454796 0.03083401 -0.07411998
v 0.05422198 0.03116899 -0.07438594
v 0.03235399 -0.07350695 -0.07917094
v 0.05392599 0.03154402 -0.07462894
v 0.05345898 0.03231400 -0.07501298
v 0.02309197 -0.07276296 -0.08308798
v 0.05309200 0.03316098 -0.07531893
v 0.07395797 0.05475002 -0.05545693
v 0.07162696 0.04665797 -0.05803698
v 0.06930595 0.04936599 -0.06089693
v 0.07178097 0.04643803 -0.05783694
v 0.07189399 0.04620498 -0.05768597
v 0.07197099 0.04597103 -0.05757898
v 0.07201600 0.04574203 -0.05751198
v 0.07203698 0.04552799 -0.05747497
v 0.05281895 0.03406298 -0.07555395
v 0.01168996 -0.07222396 -0.08595794
v 0.05262899 0.03500097 -0.07572597
v 0.06607598 0.06404203 -0.06474894
v 0.05654394 0.06174099 -0.07329696
v 0.05912095 0.07051301 -0.07121998
v 0.05586194 0.06229799 -0.07383394
v 0.05566799 0.06243801 -0.07398498
v 0.05546200 0.06255203 -0.07414394
v 0.05124199 0.07643002 -0.07713794
v 0.05407398 0.06163203 -0.07518494
v 0.05402499 0.06124603 -0.07521998
v 0.05415499 0.06193202 -0.07512694
v 0.05424499 0.06214201 -0.07506096
v 0.05434197 0.06230002 -0.07498997
v 0.05445200 0.06243103 -0.07490795
v 0.05458199 0.06253498 -0.07481193
v 0.05472397 0.06260800 -0.07470494
v 0.05486696 0.06264901 -0.07459694
v 0.05502694 0.06266099 -0.07447594
v 0.05522495 0.06263399 -0.07432597
v 0.04243600 0.08164900 -0.08235597
v 0.05249696 0.03828299 -0.07592797
v 0.03384995 0.08556503 -0.08627194
v 0.02698498 0.08797103 -0.08867794
v 0.05246394 0.03728002 -0.07592093
v 0.05249094 0.03627800 -0.07586997
v 0.02013200 0.08978801 -0.09049493
v 0.01019299 0.09144800 -0.09215497
v 0.00000000 -0.07204693 -0.08691895
v 0.00001300 0.09201300 -0.09271997
v -0.00000500 -0.07204693 -0.08691895
v -0.00881398 0.09158903 -0.09229594
v 0.01019299 0.09144800 -0.09215497
v 0.00001300 0.09201300 -0.09271997
v -0.01748198 0.09033399 -0.09104198
v 0.02013200 0.08978801 -0.09049493
v 0.02698498 0.08797103 -0.08867794
v -0.02906996 0.08729499 -0.08800196
v 0.03384995 0.08556503 -0.08627194
v -0.04093098 0.08240002 -0.08310693
v 0.04243600 0.08164900 -0.08235597
v 0.05124199 0.07643002 -0.07713794
v -0.05262398 0.07546699 -0.07617497
v 0.05912095 0.07051301 -0.07121998
v -0.06369495 0.06638503 -0.06709194
v 0.06607598 0.06404203 -0.06474894
v -0.07464796 0.05377000 -0.05447697
v 0.07395797 0.05475002 -0.05545693
v 0.08101695 0.04362899 -0.04433596
v -0.08351999 0.03856498 -0.03927195
v 0.08626699 0.03201699 -0.03272497
v -0.08916997 0.02260500 -0.02331197
v 0.08979696 0.02008402 -0.02079093
v -0.09177500 0.00625402 -0.00696099
v 0.09193098 0.00390303 -0.00460994
v -0.09141796 -0.01019793 0.00949097
v 0.09088397 -0.01436197 0.01365500
v -0.08808898 -0.02648192 0.02577501
v 0.08613997 -0.03232997 0.03162300
v -0.01029294 -0.09140795 0.09070098
v 0.01003199 -0.09143996 0.09073299
v 0.01758897 -0.09029197 0.08958500
v 0.00503695 -0.09184896 0.09114199
v 0.00001300 -0.09198695 0.09127998
v -0.08254998 -0.04057395 0.03986698
v 0.07751697 -0.04955697 0.04884999
v -0.02034795 -0.08970493 0.08899796
v 0.02453500 -0.08865892 0.08795201
v -0.07671898 -0.05074197 0.05003499
v -0.02993994 -0.08697396 0.08626699
v 0.03120899 -0.08653593 0.08582895
v -0.06936800 -0.06040394 0.05969697
v 0.06617498 -0.06391292 0.06320601
v -0.03891700 -0.08334398 0.08263701
v 0.04286295 -0.08139896 0.08069097
v -0.06148999 -0.06840795 0.06769996
v 0.05430597 -0.07425796 0.07355099
v -0.04718995 -0.07895398 0.07824701
v -0.05471700 -0.07393693 0.07322996
v -0.05415797 0.06127500 -0.07509493
v -0.05265998 0.03807699 -0.07579094
v -0.05281597 0.03806698 -0.07565796
v -0.05407696 0.06128299 -0.07516396
v -0.05422794 0.06126803 -0.07501494
v -0.05295300 0.03805798 -0.07549995
v -0.05428898 0.06126201 -0.07492393
v -0.05306696 0.03805100 -0.07532197
v -0.05433499 0.06125700 -0.07482695
v -0.05315196 0.03804600 -0.07512897
v -0.05436599 0.06125199 -0.07472997
v -0.05320799 0.03804302 -0.07492893
v -0.05322396 0.03804302 -0.07482498
v -0.05438798 0.06124800 -0.07458198
v -0.05323398 0.03804200 -0.07472193
v -0.05523997 0.06194698 -0.07397997
v -0.05538499 0.06178098 -0.07379895
v -0.05549299 0.06186199 -0.07385796
v -0.05556398 0.06192898 -0.07388395
v -0.05552196 0.06245803 -0.07407993
v -0.05570298 0.06209200 -0.07389795
v -0.05576097 0.06217902 -0.07388395
v -0.05580997 0.06226700 -0.07385593
v -0.05492800 0.06260299 -0.07453393
v -0.05477499 0.06216698 -0.07447797
v -0.05487996 0.06216800 -0.07437998
v -0.05476796 0.06257003 -0.07465398
v -0.05436599 0.06125199 -0.07472997
v -0.05438798 0.06124800 -0.07458198
v -0.05441498 0.06155902 -0.07464694
v -0.05415797 0.06127500 -0.07509493
v -0.05422794 0.06126803 -0.07501494
v -0.05410099 0.06152498 -0.07514798
v -0.05407696 0.06128299 -0.07516396
v -0.05531495 0.06224399 -0.07416498
v -0.05563598 0.06200700 -0.07389795
v -0.05527198 0.06256502 -0.07427197
v -0.05508595 0.06207901 -0.07416194
v -0.05511498 0.06234103 -0.07433295
v -0.05509495 0.06260198 -0.07440698
v -0.05496895 0.06214302 -0.07428896
v -0.05458998 0.06224703 -0.07474493
v -0.05462098 0.06250500 -0.07476395
v -0.05453598 0.06244701 -0.07482796
v -0.05442196 0.06233602 -0.07491296
v -0.05454498 0.06197899 -0.07464498
v -0.05465996 0.06211602 -0.07457494
v -0.05441397 0.06198000 -0.07486695
v -0.05431997 0.06219202 -0.07498896
v -0.05422699 0.06200599 -0.07505697
v -0.05445498 0.06175100 -0.07466495
v -0.05449599 0.06187701 -0.07466197
v -0.05432397 0.06164902 -0.07491493
v -0.05414700 0.06176102 -0.07511496
v -0.05433499 0.06125700 -0.07482695
v -0.05428898 0.06126201 -0.07492393
v -0.05580997 0.06226700 -0.07385593
v -0.05576097 0.06217902 -0.07388395
v -0.05604797 0.06207698 -0.07366997
v -0.06315696 0.05543702 -0.06736493
v -0.06330597 0.05563801 -0.06731593
v -0.05652099 0.06169402 -0.07329595
v -0.05634099 0.06143003 -0.07333695
v -0.05628496 0.06188499 -0.07348293
v -0.05538499 0.06178098 -0.07379895
v -0.06307500 0.05517601 -0.06719398
v -0.07024395 0.04768699 -0.05957198
v -0.07102698 0.04608303 -0.05810093
v -0.07117795 0.04615402 -0.05814296
v -0.07127696 0.04621803 -0.05815398
v -0.07140600 0.04632699 -0.05814594
v -0.06728297 0.05073100 -0.06274896
v -0.07030200 0.04774302 -0.05956298
v -0.07151401 0.04645001 -0.05810797
v -0.07159298 0.04657703 -0.05804598
v -0.06928396 0.04932099 -0.06089395
v -0.06831395 0.04998499 -0.06189095
v -0.06539195 0.05318599 -0.06510996
v -0.06321597 0.05537998 -0.06730693
v -0.05591195 0.06186401 -0.07371395
v -0.05549299 0.06186199 -0.07385796
v -0.05579197 0.06195801 -0.07380694
v -0.05556398 0.06192898 -0.07388395
v -0.05563598 0.06200700 -0.07389795
v -0.05570298 0.06209200 -0.07389795
v -0.07151401 0.04645001 -0.05810797
v -0.07168996 0.04644298 -0.05792093
v -0.07159298 0.04657703 -0.05804598
v -0.07177495 0.04628998 -0.05780798
v -0.07140600 0.04632699 -0.05814594
v -0.07116097 0.04595798 -0.05799597
v -0.07117795 0.04615402 -0.05814296
v -0.07102698 0.04608303 -0.05810093
v -0.07127696 0.04621803 -0.05815398
v -0.07148998 0.04428201 -0.05802994
v -0.07157200 0.04415601 -0.05795097
v -0.07172596 0.04440498 -0.05777394
v -0.07138198 0.04440701 -0.05808395
v -0.07109797 0.04463398 -0.05809795
v -0.07125300 0.04452502 -0.05810797
v -0.07108497 0.04483902 -0.05796295
v -0.07093697 0.04471898 -0.05805295
v -0.07158899 0.04595398 -0.05788695
v -0.07190597 0.04593902 -0.05762892
v -0.07184797 0.04612100 -0.05770897
v -0.07123500 0.04586303 -0.05793595
v -0.07129096 0.04576903 -0.05788993
v -0.07133001 0.04567903 -0.05785596
v -0.07169997 0.04553502 -0.05774295
v -0.07194995 0.04511100 -0.05753195
v -0.07197099 0.04534000 -0.05751794
v -0.07196897 0.04554498 -0.05753093
v -0.07194697 0.04574602 -0.05756795
v -0.07136899 0.04550498 -0.05781596
v -0.07136595 0.04535603 -0.05780798
v -0.07133895 0.04523199 -0.05781793
v -0.07161295 0.04494303 -0.05780398
v -0.07182896 0.04463201 -0.05765795
v -0.07190197 0.04486399 -0.05757898
v -0.07130098 0.04513198 -0.05783694
v -0.07120800 0.04497700 -0.05788993
v -0.06835997 0.03991198 -0.06151896
v -0.06227797 0.03316903 -0.06748694
v -0.06234198 0.03307199 -0.06744396
v -0.06239795 0.03297698 -0.06739294
v -0.07157200 0.04415601 -0.05795097
v -0.07148998 0.04428201 -0.05802994
v -0.06809097 0.04026001 -0.06167995
v -0.06197500 0.03352403 -0.06756794
v -0.06213098 0.03335702 -0.06754595
v -0.06145298 0.03391903 -0.06744098
v -0.06163495 0.03380501 -0.06751495
v -0.06181800 0.03366601 -0.06755894
v -0.07109797 0.04463398 -0.05809795
v -0.07093697 0.04471898 -0.05805295
v -0.07125300 0.04452502 -0.05810797
v -0.07138198 0.04440701 -0.05808395
v -0.06105500 0.03171598 -0.06860297
v -0.06227797 0.03316903 -0.06748694
v -0.06213098 0.03335702 -0.06754595
v -0.06234198 0.03307199 -0.06744396
v -0.06239795 0.03297698 -0.06739294
v -0.05785095 0.03106600 -0.07099694
v -0.05747896 0.03001701 -0.07169598
v -0.05811995 0.03013098 -0.07115393
v -0.05894994 0.03040701 -0.07044595
v -0.05701196 0.03086698 -0.07176595
v -0.05585700 0.03098201 -0.07278496
v -0.05554997 0.03032302 -0.07329696
v -0.05618095 0.03009700 -0.07277697
v -0.05637699 0.03086602 -0.07233297
v -0.05496698 0.03150099 -0.07352995
v -0.05441695 0.03115600 -0.07422393
v -0.05495697 0.03067898 -0.07378298
v -0.05457895 0.03189700 -0.07384395
v -0.05372399 0.03350502 -0.07448995
v -0.05322998 0.03319799 -0.07520693
v -0.05355000 0.03243899 -0.07493793
v -0.05395698 0.03291600 -0.07432198
v -0.05306696 0.03805100 -0.07532197
v -0.05295300 0.03805798 -0.07549995
v -0.05320799 0.03702199 -0.07477796
v -0.05315196 0.03804600 -0.07512897
v -0.05320799 0.03804302 -0.07492893
v -0.05322396 0.03804302 -0.07482498
v -0.05323398 0.03804200 -0.07472193
v -0.06067895 0.03231799 -0.06873095
v -0.06163495 0.03380501 -0.06751495
v -0.06145298 0.03391903 -0.06744098
v -0.06181800 0.03366601 -0.06755894
v -0.06197500 0.03352403 -0.06756794
v -0.05975097 0.03220301 -0.06916797
v -0.05668497 0.03050798 -0.07227092
v -0.05682998 0.03000003 -0.07223898
v -0.05531197 0.03093802 -0.07341897
v -0.05539596 0.03119301 -0.07317495
v -0.05419498 0.03205698 -0.07433193
v -0.05394899 0.03174299 -0.07460796
v -0.05424195 0.03237503 -0.07410693
v -0.05332499 0.03426599 -0.07503795
v -0.05288100 0.03446102 -0.07551097
v -0.05353999 0.03412902 -0.07461595
v -0.05336296 0.03499799 -0.07472693
v -0.06016397 0.03177398 -0.06925398
v -0.06046098 0.03126299 -0.06912994
v -0.05987799 0.03156298 -0.06951093
v -0.05984300 0.03086000 -0.06967198
v -0.05881994 0.03153502 -0.07007998
v -0.05936795 0.03122800 -0.06996798
v -0.05895197 0.03099703 -0.07033693
v -0.05319195 0.03474003 -0.07517695
v -0.05309098 0.03550100 -0.07526594
v -0.05266797 0.03606301 -0.07572293
v -0.05324697 0.03600800 -0.07478398
v -0.05304896 0.03603202 -0.07530593
v -0.05302798 0.03655803 -0.07532894
v -0.05281597 0.03806698 -0.07565796
v -0.05265998 0.03807699 -0.07579094
v -0.07343900 -0.06427997 0.03674697
v -0.07351696 -0.06419795 0.03666096
v -0.07218098 -0.07111895 0.02875596
v -0.07193797 -0.07129597 0.02895200
v -0.06803399 -0.09045696 0.00731498
v -0.07306599 -0.06438493 0.03690600
v -0.07333195 -0.06434196 0.03681999
v -0.07320600 -0.06437695 0.03687399
v -0.07061100 -0.07977497 0.01883196
v -0.06954497 -0.08510994 0.01303195
v -0.06875097 -0.09012997 0.00690699
v -0.06866395 -0.09024298 0.00702101
v -0.06858497 -0.09030997 0.00709200
v -0.06950896 -0.08513396 0.01305800
v -0.06947195 -0.08515495 0.01308298
v -0.06844097 -0.09038996 0.00718701
v -0.06943196 -0.08517497 0.01310700
v -0.06834596 -0.09042292 0.00723201
v -0.06824296 -0.09044498 0.00726902
v -0.06813895 -0.09045594 0.00729698
v -0.07343900 -0.06427997 0.03674697
v -0.07353597 -0.06407994 0.03681397
v -0.07351696 -0.06419795 0.03666096
v -0.07308900 -0.06428194 0.03704601
v -0.07320600 -0.06437695 0.03687399
v -0.07306599 -0.06438493 0.03690600
v -0.07252401 -0.06445294 0.03828901
v -0.07262700 -0.06447994 0.03833401
v -0.07267397 -0.06432294 0.03813099
v -0.07344895 -0.06405192 0.03714400
v -0.07351195 -0.06384992 0.03738600
v -0.07353496 -0.06390196 0.03717899
v -0.07354199 -0.06398296 0.03698098
v -0.07333195 -0.06434196 0.03681999
v -0.07331895 -0.06414693 0.03717499
v -0.07309097 -0.06422793 0.03714901
v -0.07308298 -0.06418895 0.03724896
v -0.07304495 -0.06414794 0.03744000
v -0.07338595 -0.06396597 0.03758800
v -0.07341897 -0.06383693 0.03782701
v -0.07347500 -0.06382793 0.03759598
v -0.07325500 -0.06407296 0.03756499
v -0.07299095 -0.06414294 0.03759998
v -0.07319498 -0.06408494 0.03815495
v -0.07324796 -0.06397294 0.03830599
v -0.07334095 -0.06388694 0.03807300
v -0.07326996 -0.06401896 0.03797596
v -0.07306200 -0.06418496 0.03805899
v -0.07312995 -0.06415498 0.03828901
v -0.07313197 -0.06410795 0.03854197
v -0.07300400 -0.06431198 0.03852897
v -0.07294797 -0.06439095 0.03864699
v -0.07299095 -0.06429797 0.03876996
v -0.07289499 -0.06443995 0.03855997
v -0.07281899 -0.06447392 0.03847301
v -0.07310700 -0.06413698 0.03786796
v -0.07291096 -0.06416797 0.03777599
v -0.07280999 -0.06422394 0.03794801
v -0.07292395 -0.06429296 0.03819698
v -0.07286196 -0.06436395 0.03829699
v -0.07272398 -0.06448698 0.03839397
v -0.07299095 -0.06429797 0.03876996
v -0.07294797 -0.06439095 0.03864699
v -0.07289499 -0.06443595 0.03890800
v -0.07260996 -0.06462496 0.03851896
v -0.07281899 -0.06447392 0.03847301
v -0.07272398 -0.06448698 0.03839397
v -0.07262700 -0.06447994 0.03833401
v -0.07252401 -0.06445294 0.03828901
v -0.07277297 -0.06459295 0.03866398
v -0.07289499 -0.06443995 0.03855997
v -0.05906695 -0.07972395 0.05362701
v -0.06142997 -0.07736694 0.05120301
v -0.05624198 -0.08188295 0.05571901
v -0.07035797 -0.06770396 0.04159599
v -0.06610399 -0.07257795 0.04641401
v -0.06705200 -0.07173794 0.04562896
v -0.05792999 -0.08079797 0.05501198
v -0.05915796 -0.07972192 0.05373197
v -0.05910497 -0.07972693 0.05366700
v -0.06031596 -0.07857596 0.05245399
v -0.06095296 -0.07814294 0.05235499
v -0.05662298 -0.08181297 0.05626296
v -0.06264597 -0.07649093 0.05093199
v -0.06298398 -0.07604497 0.04992300
v -0.06531399 -0.07364094 0.04751801
v -0.06448900 -0.07464796 0.04865598
v -0.06634598 -0.07270193 0.04691201
v -0.06808000 -0.07068097 0.04512500
v -0.06360298 -0.07559293 0.04980295
v -0.06664097 -0.07217997 0.04605698
v -0.06716597 -0.07172995 0.04573899
v -0.06764996 -0.07122492 0.04543596
v -0.06796896 -0.07082396 0.04488599
v -0.06929397 -0.06924295 0.04336398
v -0.07169497 -0.06612396 0.04025197
v -0.05711299 -0.08140492 0.05533796
v -0.05715095 -0.08140397 0.05538499
v -0.06065195 -0.07838797 0.05239701
v -0.06121897 -0.07781398 0.05174601
v -0.06138294 -0.07771092 0.05171996
v -0.06286400 -0.07632094 0.05042296
v -0.06271195 -0.07643997 0.05044800
v -0.06331199 -0.07584697 0.04985499
v -0.06584995 -0.07319897 0.04720801
v -0.06651300 -0.07246696 0.04647499
v -0.06625097 -0.07269692 0.04662901
v -0.07213395 -0.06533193 0.03924101
v -0.05691498 -0.08163595 0.05583101
v -0.05658698 -0.08189594 0.05613601
v -0.06141197 -0.07756292 0.05144101
v -0.06204098 -0.07712292 0.05133396
v -0.06239897 -0.07677996 0.05098998
v -0.06210297 -0.07702893 0.05103796
v -0.06207799 -0.07692992 0.05080801
v -0.06177097 -0.07722294 0.05110096
v -0.06270295 -0.07648497 0.05069500
v -0.06598299 -0.07291293 0.04679000
v -0.06631296 -0.07254695 0.04642397
v -0.07256197 -0.06492292 0.03907001
v -0.05659896 -0.08181697 0.05574500
v -0.05640399 -0.08194994 0.05585396
v -0.05648100 -0.08195394 0.05594700
v -0.05632597 -0.08192592 0.05577999
v -0.05663800 -0.08181792 0.05579197
v -0.05654299 -0.08193397 0.05604398
v -0.06174397 -0.07737094 0.05137997
v -0.06192398 -0.07719993 0.05120897
v -0.06225597 -0.07688194 0.05089098
v -0.06240797 -0.07673496 0.05074298
v -0.06618297 -0.07283395 0.04684197
v -0.06159198 -0.07739293 0.05127096
v -0.06255096 -0.07663297 0.05084300
v -0.05520695 -0.08364194 0.05612397
v -0.05527299 -0.08337593 0.05614799
v -0.05524396 -0.08349096 0.05601197
v -0.05512797 -0.08364993 0.05636596
v -0.05510395 -0.08376795 0.05622601
v -0.05662298 -0.08181297 0.05626296
v -0.05658698 -0.08189594 0.05613601
v -0.05661696 -0.08181792 0.05626797
v -0.05533295 -0.08328497 0.05633598
v -0.05541598 -0.08306497 0.05628496
v -0.05533200 -0.08322995 0.05623996
v -0.05531096 -0.08333194 0.05643701
v -0.05517399 -0.08352094 0.05648297
v -0.05524498 -0.08336693 0.05658698
v -0.05533695 -0.08320695 0.05666100
v -0.05555295 -0.08292198 0.05640399
v -0.05557298 -0.08279895 0.05627197
v -0.05547595 -0.08295994 0.05628997
v -0.05556094 -0.08294194 0.05653399
v -0.05545794 -0.08302396 0.05671101
v -0.05562096 -0.08280694 0.05672895
v -0.05603694 -0.08231598 0.05617296
v -0.05594497 -0.08226096 0.05603396
v -0.05572897 -0.08256298 0.05619901
v -0.05611497 -0.08231294 0.05633395
v -0.05605399 -0.08232498 0.05662101
v -0.05633699 -0.08205592 0.05646896
v -0.05581599 -0.08262193 0.05644500
v -0.05580097 -0.08259397 0.05670601
v -0.05644500 -0.08201593 0.05622100
v -0.05654299 -0.08193397 0.05604398
v -0.05619996 -0.08217793 0.05610799
v -0.05632597 -0.08192592 0.05577999
v -0.05624198 -0.08188295 0.05571901
v -0.05641198 -0.08200597 0.05598896
v -0.05648100 -0.08195394 0.05594700
v -0.05640399 -0.08194994 0.05585396
v -0.05629700 -0.08214694 0.05629301
v -0.05503296 -0.08504897 0.05424499
v -0.05493998 -0.08515596 0.05433201
v -0.05499500 -0.08469295 0.05496197
v -0.05387395 -0.09441792 0.04231196
v -0.05380898 -0.09590893 0.04020500
v -0.05524396 -0.08349096 0.05601197
v -0.05367100 -0.09738993 0.03809201
v -0.05357897 -0.09762394 0.03829699
v -0.05351197 -0.09768694 0.03835600
v -0.05362898 -0.09755194 0.03823196
v -0.05365997 -0.09747296 0.03816199
v -0.05515295 -0.08410292 0.05549198
v -0.05504900 -0.08422994 0.05559396
v -0.05517995 -0.08387196 0.05580800
v -0.05510395 -0.08376795 0.05622601
v -0.05520695 -0.08364194 0.05612397
v -0.00730997 -0.10989200 0.06016701
v -0.00000100 -0.11034790 0.05957198
v 0.00000000 -0.11031690 0.05988997
v 0.00000000 -0.11023590 0.06019896
v -0.00741500 -0.11013090 0.05923199
v -0.01094096 -0.10962290 0.05977100
v -0.01437395 -0.10952990 0.05829501
v -0.01453995 -0.10925000 0.05920898
v -0.02137196 -0.10851990 0.05670899
v -0.02160596 -0.10819690 0.05761301
v -0.02811396 -0.10714390 0.05451196
v -0.02842700 -0.10676300 0.05538296
v -0.03455197 -0.10543400 0.05169099
v -0.03491699 -0.10499290 0.05251699
v -0.03764295 -0.10446500 0.05008399
v -0.04102796 -0.10294490 0.04907101
v -0.04062497 -0.10343990 0.04831200
v -0.04207199 -0.10291090 0.04736101
v -0.04349195 -0.10237090 0.04637897
v -0.04666399 -0.10072290 0.04499900
v -0.04624295 -0.10126590 0.04430699
v -0.05133295 -0.09906196 0.03966701
v -0.05176097 -0.09848296 0.04029101
v -0.05348598 -0.09780395 0.03822100
v -0.05351197 -0.09768694 0.03835600
v -0.05345797 -0.09790593 0.03807801
v -0.05339795 -0.09806293 0.03777396
v -0.05333298 -0.09816592 0.03745901
v -0.06981396 -0.08919495 0.00215799
v -0.06865298 -0.09039896 0.00670099
v -0.06875097 -0.09012997 0.00690699
v -0.06851196 -0.09063196 0.00651902
v -0.06839996 -0.09076595 0.00641298
v -0.06826698 -0.09089195 0.00631201
v -0.06927597 -0.09001195 0.00173998
v -0.07137495 -0.08643096 -0.01204395
v -0.07078295 -0.08732295 -0.01237595
v -0.07122498 -0.08503794 -0.01923793
v -0.07060199 -0.08597397 -0.01951098
v -0.07043498 -0.08367097 -0.02629995
v -0.06977897 -0.08464998 -0.02652496
v -0.06897199 -0.08231496 -0.03332293
v -0.06828695 -0.08333992 -0.03347796
v -0.06684798 -0.08099997 -0.04014497
v -0.06613796 -0.08206993 -0.04022794
v -0.06404298 -0.07971996 -0.04678595
v -0.06331998 -0.08083492 -0.04677993
v -0.06062299 -0.07850897 -0.05305796
v -0.06034296 -0.07914596 -0.05307495
v -0.05989497 -0.07966595 -0.05296593
v -0.05838698 -0.07857698 -0.05607694
v -0.05584299 -0.07856798 -0.05880194
v -0.05655896 -0.07737094 -0.05898994
v -0.05628395 -0.07802993 -0.05897098
v -0.05402797 -0.07750195 -0.06176596
v -0.05120897 -0.07754594 -0.06421595
v -0.05190199 -0.07631295 -0.06449794
v -0.05163395 -0.07699394 -0.06444394
v -0.04910099 -0.07650792 -0.06700193
v -0.04604297 -0.07661396 -0.06914097
v -0.04669296 -0.07534992 -0.06951695
v -0.04644095 -0.07604795 -0.06942695
v -0.04366397 -0.07561594 -0.07170993
v -0.04040998 -0.07578796 -0.07350897
v -0.04100400 -0.07449793 -0.07397198
v -0.04077297 -0.07521194 -0.07384794
v -0.03776699 -0.07483494 -0.07584297
v -0.03433698 -0.07507097 -0.07729798
v -0.03089696 -0.07336795 -0.07989794
v -0.03269898 -0.07428693 -0.07873696
v -0.02792298 -0.07447493 -0.08044797
v -0.02945697 -0.07398897 -0.08031296
v -0.02404099 -0.07357394 -0.08251094
v -0.02120196 -0.07400298 -0.08293998
v -0.01991295 -0.07257294 -0.08409297
v -0.02059894 -0.07335996 -0.08364695
v -0.01711398 -0.07317996 -0.08460497
v -0.01426297 -0.07366293 -0.08474093
v -0.01004594 -0.07217693 -0.08621096
v -0.01219600 -0.07298493 -0.08563894
v -0.00715697 -0.07345592 -0.08583396
v -0.00860697 -0.07288593 -0.08616894
v -0.00360996 -0.07280492 -0.08659994
v -0.00000500 -0.07338696 -0.08619993
v -0.00000500 -0.07321196 -0.08638793
v -0.00000500 -0.07300996 -0.08655297
v -0.00000500 -0.07278794 -0.08669096
v -0.00000500 -0.07254993 -0.08679997
v -0.00000500 -0.07230097 -0.08687698
v -0.00000500 -0.07204693 -0.08691895
v 0.07036000 -0.08012998 0.01844799
v 0.06851297 -0.09024792 0.00702697
v 0.06859600 -0.09013992 0.00691897
v 0.07338500 -0.06420594 0.03666597
v 0.07330596 -0.06428796 0.03675299
v 0.07194799 -0.07141995 0.02843201
v 0.07016497 -0.08030194 0.01862996
v 0.07293599 -0.06438994 0.03691101
v 0.06788200 -0.09046298 0.00731999
v 0.06806999 -0.09045398 0.00727999
v 0.06824898 -0.09041094 0.00721198
v 0.06839495 -0.09034192 0.00712699
v 0.07178097 -0.07156395 0.02858597
v 0.07307296 -0.06438297 0.03687900
v 0.07320100 -0.06434798 0.03682500
v 0.05980896 -0.07964193 -0.05311095
v 0.05645799 -0.07734793 -0.05911993
v 0.06053400 -0.07848495 -0.05320698
v 0.06678897 -0.08096295 -0.04034394
v 0.06360995 -0.08094292 -0.04620498
v 0.06396996 -0.07968896 -0.04695492
v 0.06662797 -0.08231496 -0.03891998
v 0.06893396 -0.08227497 -0.03353393
v 0.06882596 -0.08373093 -0.03139293
v 0.07041198 -0.08362394 -0.02654093
v 0.07059395 -0.08593297 -0.01973593
v 0.07138299 -0.08579593 -0.01532894
v 0.07054001 -0.08816295 -0.00793499
v 0.07074397 -0.08797597 -0.00410599
v 0.06853598 -0.09032392 0.00677699
v 0.06859600 -0.09013992 0.00691897
v 0.06844800 -0.09050393 0.00663799
v 0.06830596 -0.09070593 0.00647801
v 0.06812298 -0.09089195 0.00632799
v 0.00583500 -0.07283192 -0.08644998
v 0.01188397 -0.07357794 -0.08518898
v 0.00000000 -0.07338696 -0.08619993
v 0.00000000 -0.07204693 -0.08691895
v 0.01168996 -0.07222396 -0.08595794
v 0.00000000 -0.07315093 -0.08644098
v 0.00000000 -0.07287293 -0.08664095
v 0.00000000 -0.07256495 -0.08679294
v 0.00000000 -0.07230895 -0.08687394
v 0.01180797 -0.07297194 -0.08570396
v 0.01752299 -0.07319897 -0.08449894
v 0.02341896 -0.07414293 -0.08220094
v 0.02309197 -0.07276296 -0.08308798
v 0.02329599 -0.07352495 -0.08276993
v 0.02636694 -0.07374095 -0.08162593
v 0.02944195 -0.07460397 -0.07976996
v 0.03235399 -0.07350695 -0.07917094
v 0.03094798 -0.07412195 -0.07960695
v 0.03385496 -0.07440394 -0.07811695
v 0.03519797 -0.07516497 -0.07680594
v 0.03814297 -0.07488095 -0.07559698
v 0.04468399 -0.07640093 -0.07027494
v 0.04091095 -0.07448792 -0.07402998
v 0.04290896 -0.07550793 -0.07228296
v 0.04659599 -0.07533693 -0.06959295
v 0.04571199 -0.07593297 -0.07004094
v 0.04839998 -0.07638394 -0.06765693
v 0.05295097 -0.07790696 -0.06230497
v 0.05180197 -0.07629495 -0.06459695
v 0.05246698 -0.07716494 -0.06353497
v 0.05480897 -0.07767897 -0.06082493
v 0.06205099 -0.07970196 -0.05015498
v -0.00000500 -0.07230097 -0.08687698
v -0.00000500 -0.07204693 -0.08691895
v 0.00000000 -0.07204693 -0.08691895
v 0.00000000 -0.07230895 -0.08687394
v -0.00000500 -0.07254993 -0.08679997
v 0.00000000 -0.07256495 -0.08679294
v -0.00000500 -0.07278794 -0.08669096
v -0.00000500 -0.07300996 -0.08655297
v 0.00000000 -0.07287293 -0.08664095
v -0.00000500 -0.07321196 -0.08638793
v 0.00000000 -0.07315093 -0.08644098
v 0.00000000 -0.07338696 -0.08619993
v -0.00000500 -0.07338696 -0.08619993
v 0.00727797 -0.10979490 0.06000697
v 0.00000000 -0.11031690 0.05988997
v -0.00000100 -0.11034790 0.05957198
v 0.00000000 -0.11023590 0.06019896
v 0.00000000 -0.11010790 0.06049096
v 0.00934798 -0.10984990 0.05882799
v 0.01444095 -0.10902390 0.05882501
v 0.01842600 -0.10868590 0.05702501
v 0.02826899 -0.10650090 0.05492299
v 0.02721297 -0.10703200 0.05437296
v 0.03195399 -0.10589490 0.05250698
v 0.03478795 -0.10478490 0.05213797
v 0.03651899 -0.10456400 0.05027997
v 0.03663998 -0.10446900 0.05055701
v 0.03674197 -0.10432790 0.05082601
v 0.03681999 -0.10414600 0.05107700
v 0.05149996 -0.09830695 0.03980797
v 0.05343896 -0.09761196 0.03734999
v 0.05348598 -0.09742295 0.03758698
v 0.05338799 -0.09775495 0.03709399
v 0.05335199 -0.09782797 0.03691798
v 0.05331397 -0.09788495 0.03673797
v 0.05030399 -0.09920293 0.04002898
v 0.04643398 -0.10051590 0.04453700
v 0.04604899 -0.10102390 0.04387301
v 0.04143697 -0.10284500 0.04727596
v 0.04084497 -0.10273290 0.04864495
v 0.03674197 -0.10432790 0.05082601
v 0.03681999 -0.10414600 0.05107700
v 0.03663998 -0.10446900 0.05055701
v 0.03651899 -0.10456400 0.05027997
v 0.05389696 -0.09377396 0.04213297
v 0.05348598 -0.09742295 0.03758698
v 0.05355298 -0.09735894 0.03752797
v 0.05520695 -0.08342397 0.05590200
v 0.05510395 -0.08355194 0.05599999
v 0.05495399 -0.08479094 0.05424201
v 0.05402195 -0.09361696 0.04199898
v 0.05363500 -0.09720593 0.03739500
v 0.05364596 -0.09712094 0.03732496
v 0.05360394 -0.09728592 0.03746300
v 0.05524396 -0.08327096 0.05579197
v 0.05506795 -0.08464097 0.05412596
v 0.05610096 -0.08185297 0.05567497
v 0.05624198 -0.08167695 0.05551397
v 0.05635595 -0.08173197 0.05560100
v 0.05643099 -0.08174794 0.05567800
v 0.05655497 -0.08166593 0.05610501
v 0.05655997 -0.08171695 0.05586898
v 0.05659997 -0.08167195 0.05596297
v 0.05662298 -0.08161097 0.05605196
v 0.05520695 -0.08342397 0.05590200
v 0.05524396 -0.08327096 0.05579197
v 0.05525898 -0.08320295 0.05588799
v 0.05528795 -0.08311992 0.05596596
v 0.05511695 -0.08347696 0.05609697
v 0.05514097 -0.08339494 0.05618596
v 0.05510395 -0.08355194 0.05599999
v 0.05595594 -0.08220094 0.05602699
v 0.05573898 -0.08234095 0.05598896
v 0.05595695 -0.08203893 0.05581897
v 0.05602097 -0.08219897 0.05618196
v 0.05625599 -0.08192795 0.05630797
v 0.05595397 -0.08222293 0.05645298
v 0.05553495 -0.08273893 0.05619597
v 0.05538898 -0.08290493 0.05606597
v 0.05548596 -0.08273297 0.05608099
v 0.05559998 -0.08254897 0.05605697
v 0.05553996 -0.08276093 0.05632197
v 0.05555295 -0.08268892 0.05651497
v 0.05541199 -0.08288294 0.05648297
v 0.05529898 -0.08305895 0.05642098
v 0.05532598 -0.08308494 0.05611699
v 0.05533397 -0.08301293 0.05603098
v 0.05530196 -0.08313393 0.05621498
v 0.05521595 -0.08321392 0.05633497
v 0.05517399 -0.08330696 0.05626600
v 0.05624794 -0.08196496 0.05597299
v 0.05650299 -0.08174395 0.05577200
v 0.05615597 -0.08205395 0.05604398
v 0.05600994 -0.08213996 0.05598801
v 0.05579495 -0.08243697 0.05624598
v 0.05574095 -0.08245795 0.05650901
v 0.05570495 -0.08254498 0.05627298
v 0.07283198 -0.06437593 0.03868699
v 0.07285898 -0.06430697 0.03877496
v 0.07285499 -0.06431198 0.03877997
v 0.07279300 -0.06442695 0.03862100
v 0.07278597 -0.06443095 0.03859901
v 0.07265800 -0.06449192 0.03846001
v 0.07262700 -0.06449192 0.03842598
v 0.07271397 -0.06447196 0.03850698
v 0.06614196 -0.07259392 0.04651600
v 0.06420797 -0.07439893 0.04823499
v 0.06854498 -0.06952995 0.04336601
v 0.06784397 -0.07069993 0.04466199
v 0.06828296 -0.07013893 0.04406195
v 0.05792099 -0.08045792 0.05433696
v 0.05955296 -0.07916092 0.05316799
v 0.05959796 -0.07914596 0.05323499
v 0.06111198 -0.07778197 0.05198895
v 0.06258296 -0.07633894 0.05077296
v 0.05662298 -0.08161097 0.05605196
v 0.06195199 -0.07683295 0.05071198
v 0.05624198 -0.08167695 0.05551397
v 0.06384897 -0.07495796 0.04883599
v 0.06347298 -0.07546794 0.04947501
v 0.06446599 -0.07449895 0.04870498
v 0.06802499 -0.07053893 0.04497796
v 0.06305497 -0.07592397 0.05013000
v 0.06522399 -0.07352095 0.04739999
v 0.06621497 -0.07258492 0.04659098
v 0.06715399 -0.07158493 0.04579299
v 0.06796699 -0.07064497 0.04482197
v 0.06821799 -0.07035195 0.04456096
v 0.06835800 -0.07012796 0.04413598
v 0.06845796 -0.06985193 0.04373097
v 0.06948298 -0.06882095 0.04303300
v 0.06970095 -0.06831896 0.04219800
v 0.07239300 -0.06445896 0.03829497
v 0.07074296 -0.06705796 0.04098397
v 0.07082098 -0.06704497 0.04105597
v 0.07187896 -0.06570392 0.03992599
v 0.05732196 -0.08109194 0.05519396
v 0.05729097 -0.08110493 0.05514401
v 0.06155198 -0.07733595 0.05134201
v 0.06252199 -0.07640695 0.05041301
v 0.06231397 -0.07663893 0.05073899
v 0.06417500 -0.07475596 0.04876196
v 0.06486600 -0.07403695 0.04804301
v 0.06899100 -0.06936395 0.04337298
v 0.06904095 -0.06923294 0.04316598
v 0.06961196 -0.06859493 0.04260498
v 0.07217097 -0.06513893 0.03907501
v 0.07223296 -0.06512695 0.03913199
v 0.05677396 -0.08142197 0.05530899
v 0.05635595 -0.08173197 0.05560100
v 0.06209295 -0.07685792 0.05106401
v 0.06257700 -0.07639193 0.05059796
v 0.06419700 -0.07460093 0.04847896
v 0.06436198 -0.07450592 0.04843699
v 0.06454199 -0.07424193 0.04812097
v 0.06877297 -0.06947094 0.04334998
v 0.07257395 -0.06473892 0.03895801
v 0.05674099 -0.08156895 0.05567997
v 0.05655997 -0.08171695 0.05586898
v 0.05650299 -0.08174395 0.05577200
v 0.05659997 -0.08167195 0.05596297
v 0.05671095 -0.08158195 0.05562996
v 0.05643099 -0.08174794 0.05567800
v 0.06203895 -0.07687294 0.05087900
v 0.06434899 -0.07457596 0.04858297
v 0.06452196 -0.07439696 0.04840296
v 0.07257598 -0.06464296 0.03864598
v 0.07251298 -0.06465494 0.03859001
v 0.07253497 -0.06449097 0.03836196
v 0.06436997 -0.07442194 0.04829996
v 0.07296097 -0.06428593 0.03705197
v 0.07293599 -0.06438994 0.03691101
v 0.07307296 -0.06438297 0.03687900
v 0.07320100 -0.06434798 0.03682500
v 0.07340496 -0.06408393 0.03682500
v 0.07330596 -0.06428796 0.03675299
v 0.07338500 -0.06420594 0.03666597
v 0.07341200 -0.06398493 0.03700000
v 0.07253497 -0.06449097 0.03836196
v 0.07239300 -0.06445896 0.03829497
v 0.07255399 -0.06432098 0.03812599
v 0.07283198 -0.06437593 0.03868699
v 0.07278597 -0.06443095 0.03859901
v 0.07294797 -0.06418496 0.03863900
v 0.07285898 -0.06430697 0.03877496
v 0.07324695 -0.06406694 0.03730297
v 0.07340598 -0.06390893 0.03718698
v 0.07338500 -0.06385993 0.03738099
v 0.07335096 -0.06383693 0.03757899
v 0.07290595 -0.06414997 0.03748500
v 0.07293397 -0.06416195 0.03738099
v 0.07295995 -0.06420892 0.03721100
v 0.07311296 -0.06406092 0.03785896
v 0.07330596 -0.06383997 0.03777599
v 0.07324999 -0.06386697 0.03796797
v 0.07318496 -0.06391698 0.03815197
v 0.07278698 -0.06417196 0.03777599
v 0.07286196 -0.06414896 0.03761100
v 0.07291096 -0.06417393 0.03791296
v 0.07268500 -0.06422692 0.03794997
v 0.07295399 -0.06418597 0.03811997
v 0.07311201 -0.06398797 0.03832697
v 0.07289499 -0.06424593 0.03822499
v 0.07303297 -0.06407797 0.03848898
v 0.07285600 -0.06428796 0.03828698
v 0.07262700 -0.06449192 0.03842598
v 0.07271397 -0.06447196 0.03850698
v 0.06531798 0.03666800 -0.06454098
v 0.06270599 0.03297501 -0.06711196
v 0.06255900 0.03320801 -0.06722998
v 0.06237697 0.03344500 -0.06730997
v 0.06834197 0.03964298 -0.06154894
v 0.06524395 0.03675103 -0.06456297
v 0.06216597 0.03367400 -0.06734693
v 0.06518197 0.03681600 -0.06457597
v 0.06511795 0.03688001 -0.06458497
v 0.06195896 0.03386503 -0.06733894
v 0.06176400 0.03401798 -0.06729894
v 0.06160700 0.03412699 -0.06724697
v 0.06145298 0.03421998 -0.06717997
v 0.07083600 0.04471898 -0.05805295
v 0.06976395 0.04214698 -0.05991798
v 0.07135695 0.04435598 -0.05809694
v 0.07143199 0.04427701 -0.05806893
v 0.07150000 0.04419499 -0.05802994
v 0.07155895 0.04411399 -0.05798298
v 0.07160699 0.04403501 -0.05792897
v 0.06971198 0.04220098 -0.05993497
v 0.06962996 0.04228001 -0.05995297
v 0.07099997 0.04463303 -0.05810296
v 0.07111001 0.04456198 -0.05811995
v 0.07121396 0.04448503 -0.05812197
v 0.07113701 0.04616099 -0.05814695
v 0.07104998 0.04601603 -0.05803996
v 0.07096898 0.04608303 -0.05810093
v 0.07112395 0.04594302 -0.05798393
v 0.07129997 0.04626798 -0.05816197
v 0.07178097 0.04643803 -0.05783694
v 0.07143396 0.04638803 -0.05814695
v 0.07154500 0.04652100 -0.05810296
v 0.07162696 0.04665797 -0.05803698
v 0.07099997 0.04463303 -0.05810296
v 0.07083600 0.04471898 -0.05805295
v 0.07103300 0.04486799 -0.05794697
v 0.07111001 0.04456198 -0.05811995
v 0.07150000 0.04419499 -0.05802994
v 0.07143199 0.04427701 -0.05806893
v 0.07177400 0.04430902 -0.05773794
v 0.07169395 0.04416602 -0.05782896
v 0.07155895 0.04411399 -0.05798298
v 0.07160699 0.04403501 -0.05792897
v 0.07170999 0.04585802 -0.05778694
v 0.07189399 0.04620498 -0.05768597
v 0.07197099 0.04597103 -0.05757898
v 0.07201600 0.04574203 -0.05751198
v 0.07203698 0.04552799 -0.05747497
v 0.07131898 0.04554402 -0.05782198
v 0.07129698 0.04564803 -0.05784493
v 0.07122397 0.04581099 -0.05790698
v 0.07175695 0.04520499 -0.05769693
v 0.07203799 0.04531002 -0.05746197
v 0.07201999 0.04509401 -0.05747395
v 0.07198196 0.04488402 -0.05750995
v 0.07122296 0.04509598 -0.05784696
v 0.07129895 0.04526698 -0.05781298
v 0.07132500 0.04541802 -0.05780893
v 0.07159096 0.04485303 -0.05782097
v 0.07192701 0.04468202 -0.05756694
v 0.07116299 0.04500800 -0.05787795
v 0.07155698 0.04478400 -0.05785298
v 0.07185697 0.04448997 -0.05764394
v 0.07121396 0.04448503 -0.05812197
v 0.07135695 0.04435598 -0.05809694
v 0.05654394 0.06174099 -0.07329696
v 0.05578595 0.06216698 -0.07387197
v 0.05586194 0.06229799 -0.07383394
v 0.07162696 0.04665797 -0.05803698
v 0.07154500 0.04652100 -0.05810296
v 0.06930595 0.04936599 -0.06089693
v 0.05634194 0.06144803 -0.07334297
v 0.05538499 0.06175100 -0.07376897
v 0.05550599 0.06184303 -0.07383596
v 0.05558496 0.06191802 -0.07386595
v 0.05569195 0.06203699 -0.07388293
v 0.06909799 0.04909700 -0.06098395
v 0.07113701 0.04616099 -0.05814695
v 0.07096898 0.04608303 -0.05810093
v 0.07129997 0.04626798 -0.05816197
v 0.07143396 0.04638803 -0.05814695
v 0.06482499 0.05343198 -0.06544995
v 0.05848497 0.05969303 -0.07160198
v 0.06033796 0.05772501 -0.06974297
v 0.06502997 0.05358600 -0.06550896
v 0.06711697 0.05135899 -0.06326997
v 0.05566799 0.06243801 -0.07398498
v 0.05586194 0.06229799 -0.07383394
v 0.05578595 0.06216698 -0.07387197
v 0.05569195 0.06203699 -0.07388293
v 0.05516999 0.06199401 -0.07404494
v 0.05550599 0.06184303 -0.07383596
v 0.05538499 0.06175100 -0.07376897
v 0.05414700 0.06123399 -0.07510995
v 0.05402499 0.06124603 -0.07521998
v 0.05407398 0.06163203 -0.07518494
v 0.05438798 0.06120598 -0.07453995
v 0.05436199 0.06121003 -0.07471197
v 0.05440700 0.06146502 -0.07460695
v 0.05539995 0.06221300 -0.07410293
v 0.05546200 0.06255203 -0.07414394
v 0.05558496 0.06191802 -0.07386595
v 0.05483698 0.06239002 -0.07456898
v 0.05458199 0.06253498 -0.07481193
v 0.05472397 0.06260800 -0.07470494
v 0.05486696 0.06264901 -0.07459694
v 0.05502694 0.06266099 -0.07447594
v 0.05489796 0.06215703 -0.07435393
v 0.05475097 0.06215500 -0.07449495
v 0.05457794 0.06225699 -0.07476496
v 0.05434197 0.06230002 -0.07498997
v 0.05445200 0.06243103 -0.07490795
v 0.05463898 0.06209200 -0.07458293
v 0.05456095 0.06199598 -0.07462793
v 0.05439895 0.06197500 -0.07488697
v 0.05415499 0.06193202 -0.07512694
v 0.05424499 0.06214201 -0.07506096
v 0.05450797 0.06189203 -0.07464593
v 0.05444896 0.06170701 -0.07464396
v 0.05514395 0.06235301 -0.07431894
v 0.05522495 0.06263399 -0.07432597
v 0.05501598 0.06210899 -0.07422697
v 0.05429697 0.06153702 -0.07493495
v 0.05432599 0.06121498 -0.07482594
v 0.05425000 0.06122303 -0.07497698
v 0.05438798 0.06120598 -0.07453995
v 0.05325299 0.03823703 -0.07452696
v 0.05321896 0.03823703 -0.07479393
v 0.05436199 0.06121003 -0.07471197
v 0.05314600 0.03824102 -0.07505893
v 0.05432599 0.06121498 -0.07482594
v 0.05303299 0.03824698 -0.07531297
v 0.05425000 0.06122303 -0.07497698
v 0.05288296 0.03825700 -0.07554697
v 0.05414700 0.06123399 -0.07510995
v 0.05270195 0.03826898 -0.07575398
v 0.05402499 0.06124603 -0.07521998
v 0.05249696 0.03828299 -0.07592797
v 0.05246394 0.03728002 -0.07592093
v 0.05288296 0.03825700 -0.07554697
v 0.05303299 0.03824698 -0.07531297
v 0.05270195 0.03826898 -0.07575398
v 0.05249696 0.03828299 -0.07592797
v 0.05348396 0.03455299 -0.07453393
v 0.05309200 0.03316098 -0.07531893
v 0.05281895 0.03406298 -0.07555395
v 0.05262899 0.03500097 -0.07572597
v 0.05378299 0.03348499 -0.07434695
v 0.05441498 0.03222203 -0.07388794
v 0.05422198 0.03116899 -0.07438594
v 0.05392599 0.03154402 -0.07462894
v 0.05476599 0.03179103 -0.07361394
v 0.05454796 0.03083401 -0.07411998
v 0.05516099 0.03144198 -0.07329297
v 0.05507898 0.03041803 -0.07368695
v 0.05667495 0.03096199 -0.07197493
v 0.05631899 0.02990198 -0.07266795
v 0.05631899 0.03097999 -0.07229495
v 0.05713999 0.02982103 -0.07198393
v 0.05393600 0.03249001 -0.07451796
v 0.05345898 0.03231400 -0.07501298
v 0.05408996 0.03276699 -0.07413095
v 0.05568498 0.03073602 -0.07308995
v 0.05559295 0.03118598 -0.07292997
v 0.05596899 0.03104799 -0.07260495
v 0.05565094 0.03011101 -0.07321798
v 0.05742096 0.03054702 -0.07161396
v 0.05715095 0.03100901 -0.07153594
v 0.05767196 0.03114402 -0.07104498
v 0.05811697 0.02993601 -0.07116097
v 0.06066799 0.03231602 -0.06868195
v 0.05997896 0.03262901 -0.06873995
v 0.06073397 0.03338599 -0.06794697
v 0.05298596 0.03663802 -0.07533293
v 0.05249094 0.03627800 -0.07586997
v 0.05321896 0.03823703 -0.07479393
v 0.05314600 0.03824102 -0.07505893
v 0.05326998 0.03607702 -0.07462495
v 0.05300295 0.03616601 -0.07531398
v 0.05304896 0.03556400 -0.07527297
v 0.05833399 0.03069698 -0.07085496
v 0.05833798 0.03143501 -0.07039898
v 0.05924397 0.03032201 -0.07019495
v 0.05884295 0.03091800 -0.07040494
v 0.05925297 0.03113603 -0.07003998
v 0.05906200 0.03188198 -0.06967896
v 0.05996698 0.03159999 -0.06939494
v 0.06079995 0.03124499 -0.06883198
v 0.06047499 0.03199303 -0.06892997
v 0.06166899 0.03334403 -0.06771695
v 0.06145298 0.03421998 -0.06717997
v 0.06255900 0.03320801 -0.06722998
v 0.06270599 0.03297501 -0.06711196
v 0.06237697 0.03344500 -0.06730997
v 0.06216597 0.03367400 -0.06734693
v 0.06195896 0.03386503 -0.06733894
v 0.06176400 0.03401798 -0.06729894
v 0.06160700 0.03412699 -0.06724697
v -0.05438798 0.04971498 -0.06304895
v -0.05438798 0.06124800 -0.07458198
v -0.05323398 0.03804200 -0.07472193
v -0.05441296 0.04983198 -0.06293195
v -0.05438798 0.06124800 -0.07458198
v -0.05438798 0.04971498 -0.06304895
v -0.05441498 0.06155902 -0.07464694
v -0.05445498 0.06175100 -0.07466495
v -0.05446594 0.04994302 -0.06282097
v -0.05449599 0.06187701 -0.07466197
v -0.05454397 0.05004799 -0.06271696
v -0.05454498 0.06197899 -0.07464498
v -0.05464500 0.05014103 -0.06262296
v -0.05465996 0.06211602 -0.07457494
v -0.05476695 0.05022102 -0.06254297
v -0.05477499 0.06216698 -0.07447797
v -0.05487996 0.06216800 -0.07437998
v -0.05490595 0.05028599 -0.06247794
v -0.05496895 0.06214302 -0.07428896
v -0.05505800 0.05033403 -0.06242996
v -0.05508595 0.06207901 -0.07416194
v -0.05521899 0.05036300 -0.06240093
v -0.05523997 0.06194698 -0.07397997
v -0.05538499 0.05037301 -0.06239098
v -0.05538499 0.06178098 -0.07379895
v -0.06413400 0.05196398 -0.06398195
v -0.06728297 0.05073100 -0.06274896
v -0.06307500 0.05517601 -0.06719398
v -0.06370300 0.05226898 -0.06428694
v -0.06320297 0.05251598 -0.06453394
v -0.06448400 0.05160999 -0.06362897
v -0.06264996 0.05269902 -0.06471693
v -0.06474196 0.05121898 -0.06323796
v -0.06206095 0.05281001 -0.06482797
v -0.06489998 0.05080300 -0.06282097
v -0.06145298 0.05284798 -0.06486594
v -0.06495296 0.05037301 -0.06239098
v -0.06084495 0.05281001 -0.06482797
v -0.06489998 0.04994302 -0.06196093
v -0.06025600 0.05269902 -0.06471693
v -0.06474196 0.04952698 -0.06154495
v -0.05970299 0.05251598 -0.06453394
v -0.05538499 0.06178098 -0.07379895
v -0.06448400 0.04913598 -0.06115394
v -0.07102698 0.04608303 -0.05810093
v -0.05920296 0.05226898 -0.06428694
v -0.06413400 0.04878199 -0.06079995
v -0.05877196 0.05196398 -0.06398195
v -0.06370300 0.04847699 -0.06049495
v -0.05538499 0.05037301 -0.06239098
v -0.05842196 0.05160999 -0.06362897
v -0.05816400 0.05121898 -0.06323796
v -0.05800598 0.05080300 -0.06282097
v -0.05795300 0.05037301 -0.06239098
v -0.06145298 0.04608303 -0.05810093
v -0.06206095 0.04793602 -0.05995398
v -0.06145298 0.04789799 -0.05991595
v -0.06264996 0.04804700 -0.06006497
v -0.06320297 0.04822999 -0.06024795
v -0.05545997 0.04970198 -0.06171995
v -0.05800598 0.04994302 -0.06196093
v -0.06050395 0.04613500 -0.05815398
v -0.06084495 0.04793602 -0.05995398
v -0.05568200 0.04904699 -0.06106495
v -0.05816400 0.04952698 -0.06154495
v -0.05957800 0.04629302 -0.05831098
v -0.06025600 0.04804700 -0.06006497
v -0.05604696 0.04842501 -0.06044298
v -0.05842196 0.04913598 -0.06115394
v -0.05869799 0.04655003 -0.05856794
v -0.05970299 0.04822999 -0.06024795
v -0.05654394 0.04785102 -0.05986893
v -0.05877196 0.04878199 -0.06079995
v -0.05788695 0.04690200 -0.05891996
v -0.05920296 0.04847699 -0.06049495
v -0.05716300 0.04733902 -0.05935698
v -0.07108497 0.04483902 -0.05796295
v -0.06145298 0.04471898 -0.05805295
v -0.07093697 0.04471898 -0.05805295
v -0.06145298 0.04485398 -0.05795496
v -0.07120800 0.04497700 -0.05788993
v -0.06145298 0.04500299 -0.05787998
v -0.07130098 0.04513198 -0.05783694
v -0.06145298 0.04516202 -0.05783092
v -0.07133895 0.04523199 -0.05781793
v -0.06145298 0.04532700 -0.05780893
v -0.07136595 0.04535603 -0.05780798
v -0.06145298 0.04549401 -0.05781495
v -0.07136899 0.04550498 -0.05781596
v -0.06145298 0.04565703 -0.05784797
v -0.07133001 0.04567903 -0.05785596
v -0.07129096 0.04576903 -0.05788993
v -0.06145298 0.04581201 -0.05790793
v -0.07123500 0.04586303 -0.05793595
v -0.06145298 0.04595500 -0.05799293
v -0.07116097 0.04595798 -0.05799597
v -0.07102698 0.04608303 -0.05810093
v -0.06145298 0.04608303 -0.05810093
v -0.06145298 0.04471898 -0.05805295
v -0.06145298 0.03391903 -0.06744098
v -0.07093697 0.04471898 -0.05805295
v -0.05454099 0.04607701 -0.06350994
v -0.05449497 0.04884803 -0.06218093
v -0.05438798 0.04971498 -0.06304895
v -0.05481398 0.04800701 -0.06133997
v -0.05533397 0.04721701 -0.06055098
v -0.05557298 0.04464501 -0.06207793
v -0.05604100 0.04650402 -0.05983793
v -0.05691200 0.04588800 -0.05922198
v -0.05434799 0.04398298 -0.06551593
v -0.05718100 0.04350799 -0.06094098
v -0.05791997 0.04538899 -0.05872195
v -0.05540895 0.04251098 -0.06404298
v -0.05415499 0.04188901 -0.06752097
v -0.05920696 0.04277801 -0.06021094
v -0.05903697 0.04502099 -0.05835396
v -0.06022596 0.04479503 -0.05812895
v -0.06145298 0.04471898 -0.05805295
v -0.05706197 0.04134202 -0.06287497
v -0.05524498 0.04037702 -0.06600898
v -0.05396300 0.03979599 -0.06952697
v -0.05914396 0.04059201 -0.06212395
v -0.06145298 0.03391903 -0.06744098
v -0.05694299 0.03917700 -0.06480795
v -0.05508095 0.03824299 -0.06797397
v -0.05376994 0.03770202 -0.07153195
v -0.05320799 0.03702199 -0.07477796
v -0.05908197 0.03840601 -0.06403797
v -0.05682396 0.03701102 -0.06674194
v -0.05491697 0.03610903 -0.06993997
v -0.05357694 0.03560799 -0.07353794
v -0.05336296 0.03499799 -0.07472693
v -0.05353999 0.03412902 -0.07461595
v -0.05324697 0.03600800 -0.07478398
v -0.05901896 0.03622001 -0.06595093
v -0.05670398 0.03484499 -0.06867593
v -0.05475300 0.03397500 -0.07190495
v -0.05539596 0.03119301 -0.07317495
v -0.05585700 0.03098201 -0.07278496
v -0.05496698 0.03150099 -0.07352995
v -0.05457895 0.03189700 -0.07384395
v -0.05424195 0.03237503 -0.07410693
v -0.05395698 0.03291600 -0.07432198
v -0.05372399 0.03350502 -0.07448995
v -0.05895698 0.03403401 -0.06786495
v -0.05975097 0.03220301 -0.06916797
v -0.05658495 0.03268003 -0.07060998
v -0.05881994 0.03153502 -0.07007998
v -0.05785095 0.03106600 -0.07099694
v -0.05701196 0.03086698 -0.07176595
v -0.05637699 0.03086602 -0.07233297
v -0.06818497 -0.09093797 0.00644600
v -0.06839996 -0.09076595 0.00641298
v -0.06826698 -0.09089195 0.00631201
v -0.06866395 -0.09024298 0.00702101
v -0.06875097 -0.09012997 0.00690699
v -0.06865298 -0.09039896 0.00670099
v -0.06788599 -0.09076994 0.00696701
v -0.06789600 -0.09092897 0.00676000
v -0.06777697 -0.09088093 0.00684798
v -0.06813895 -0.09045594 0.00729698
v -0.06824296 -0.09044498 0.00726902
v -0.06800800 -0.09055197 0.00720698
v -0.06803399 -0.09045696 0.00731498
v -0.06820595 -0.09081792 0.00674397
v -0.06811797 -0.09095394 0.00653499
v -0.06801199 -0.09095394 0.00665498
v -0.06851196 -0.09063196 0.00651902
v -0.06830495 -0.09069693 0.00686198
v -0.06796896 -0.09064292 0.00710601
v -0.06838595 -0.09056895 0.00698698
v -0.06858497 -0.09030997 0.00709200
v -0.06834596 -0.09042292 0.00723201
v -0.06844699 -0.09043598 0.00711697
v -0.06844097 -0.09038996 0.00718701
v -0.06803399 -0.09045696 0.00731498
v -0.06230896 -0.06478393 0.03730499
v -0.07306599 -0.06438493 0.03690600
v -0.06777697 -0.09088093 0.00684798
v -0.06796896 -0.09064292 0.00710601
v -0.06788599 -0.09076994 0.00696701
v -0.06800800 -0.09055197 0.00720698
v -0.06230896 -0.09548592 0.00198597
v -0.06230896 -0.06468492 0.03743898
v -0.07306599 -0.06438493 0.03690600
v -0.06230896 -0.06478393 0.03730499
v -0.07308900 -0.06428194 0.03704601
v -0.07309097 -0.06422793 0.03714901
v -0.06230896 -0.06461095 0.03758800
v -0.07308298 -0.06418895 0.03724896
v -0.06230896 -0.06456196 0.03774696
v -0.07304495 -0.06414794 0.03744000
v -0.06230896 -0.06453996 0.03791201
v -0.07299095 -0.06414294 0.03759998
v -0.06230896 -0.06454592 0.03807896
v -0.07291096 -0.06416797 0.03777599
v -0.06230896 -0.06457895 0.03824198
v -0.07280999 -0.06422394 0.03794801
v -0.06230896 -0.06463897 0.03839701
v -0.07267397 -0.06432294 0.03813099
v -0.06230896 -0.06472396 0.03854095
v -0.07252401 -0.06445294 0.03828901
v -0.06230896 -0.06483095 0.03866797
v -0.06455898 -0.06722593 0.04106199
v -0.07252401 -0.06445294 0.03828901
v -0.06230896 -0.06483095 0.03866797
v -0.06499099 -0.06753093 0.04136699
v -0.06534099 -0.06788396 0.04172098
v -0.06405895 -0.06697893 0.04081499
v -0.06559801 -0.06827497 0.04211199
v -0.06350600 -0.06679594 0.04063200
v -0.06575596 -0.06869196 0.04252797
v -0.06291699 -0.06668496 0.04052096
v -0.06580895 -0.06912195 0.04295796
v -0.06230896 -0.06664693 0.04048299
v -0.06191098 -0.06484097 0.03867697
v -0.06575596 -0.06955194 0.04338800
v -0.06170195 -0.06668496 0.04052096
v -0.06141698 -0.06488096 0.03871697
v -0.06073898 -0.06497794 0.03881400
v -0.06111198 -0.06679594 0.04063200
v -0.05980497 -0.06521397 0.03904998
v -0.06055897 -0.06697893 0.04081499
v -0.05893898 -0.06555497 0.03939098
v -0.06005996 -0.06722593 0.04106199
v -0.05816197 -0.06598997 0.03982698
v -0.05962795 -0.06753093 0.04136699
v -0.06610399 -0.07257795 0.04641401
v -0.06559801 -0.06996792 0.04380500
v -0.06534099 -0.07035893 0.04419499
v -0.06499099 -0.07071292 0.04454898
v -0.06455898 -0.07101798 0.04485398
v -0.05749595 -0.06650996 0.04034596
v -0.06405895 -0.07126498 0.04510098
v -0.05927795 -0.06788396 0.04172098
v -0.06350600 -0.07144695 0.04528397
v -0.05695796 -0.06709897 0.04093599
v -0.05901998 -0.06827497 0.04211199
v -0.06291699 -0.07155895 0.04539501
v -0.06230896 -0.07159698 0.04543298
v -0.05656397 -0.06774294 0.04157900
v -0.05886298 -0.06869196 0.04252797
v -0.05632299 -0.06842297 0.04225897
v -0.05880898 -0.06912195 0.04295796
v -0.05624198 -0.06912195 0.04295796
v -0.05962795 -0.07071292 0.04454898
v -0.05927795 -0.07035893 0.04419499
v -0.05901998 -0.06996792 0.04380500
v -0.05886298 -0.06955194 0.04338800
v -0.06142997 -0.07736694 0.05120301
v -0.06170195 -0.07155895 0.04539501
v -0.06111198 -0.07144695 0.04528397
v -0.06055897 -0.07126498 0.04510098
v -0.06005996 -0.07101798 0.04485398
v -0.05624198 -0.08188295 0.05571901
v -0.05524396 -0.08349096 0.05601197
v -0.05526995 -0.06966292 0.04241698
v -0.05524396 -0.06977993 0.04229998
v -0.05527299 -0.08337593 0.05614799
v -0.05532199 -0.06955093 0.04252898
v -0.05533200 -0.08322995 0.05623996
v -0.05539995 -0.06944698 0.04263299
v -0.05541598 -0.08306497 0.05628496
v -0.05547595 -0.08295994 0.05628997
v -0.05550098 -0.06935393 0.04272598
v -0.05557298 -0.08279895 0.05627197
v -0.05562299 -0.06927293 0.04280596
v -0.05572897 -0.08256298 0.05619901
v -0.05576199 -0.06920897 0.04287099
v -0.05594497 -0.08226096 0.05603396
v -0.05607599 -0.06913197 0.04294800
v -0.05591499 -0.06916093 0.04291898
v -0.05624198 -0.08188295 0.05571901
v -0.05624198 -0.06912195 0.04295796
v -0.05361998 -0.09769397 0.03736799
v -0.05201900 -0.10239390 0.00968599
v -0.05203098 -0.10273090 0.01026898
v -0.05367100 -0.09738993 0.03809201
v -0.05364400 -0.09759497 0.03774100
v -0.05365699 -0.09750396 0.03793001
v -0.05363196 -0.09765297 0.03756201
v -0.05524396 -0.06977993 0.04229998
v -0.05348598 -0.09780395 0.03822100
v -0.05351197 -0.09768694 0.03835600
v -0.05357897 -0.09762394 0.03829699
v -0.05365699 -0.09750396 0.03793001
v -0.05365997 -0.09747296 0.03816199
v -0.05367100 -0.09738993 0.03809201
v -0.05344796 -0.09807896 0.03743797
v -0.05333298 -0.09816592 0.03745901
v -0.05339795 -0.09806293 0.03777396
v -0.05361998 -0.09769397 0.03736799
v -0.05359596 -0.09783595 0.03739100
v -0.05363196 -0.09765297 0.03756201
v -0.05359399 -0.09776896 0.03793096
v -0.05362898 -0.09755194 0.03823196
v -0.05364400 -0.09759497 0.03774100
v -0.05345797 -0.09790593 0.03807801
v -0.05357497 -0.09785193 0.03776299
v -0.05355596 -0.09791797 0.03758800
v -0.05354595 -0.09794497 0.03749799
v -0.05353796 -0.09796696 0.03741496
v -0.05208897 -0.10203390 0.01671701
v -0.05054897 -0.10369890 0.01245701
v -0.04993098 -0.10392890 0.01336097
v -0.05114895 -0.10346490 0.01154297
v -0.05173099 -0.10322990 0.01061797
v -0.04640597 -0.10509690 0.01792299
v -0.05283498 -0.09960693 0.02915596
v -0.04243797 -0.10616990 0.02212899
v -0.03811299 -0.10710990 0.02599996
v -0.05333298 -0.09816592 0.03745901
v -0.04624295 -0.10126590 0.04430699
v -0.04349195 -0.10237090 0.04637897
v -0.03580796 -0.10756700 0.02776896
v -0.03460097 -0.10780290 0.02857899
v -0.04207199 -0.10291090 0.04736101
v -0.03334796 -0.10803090 0.02931600
v -0.04062497 -0.10343990 0.04831200
v -0.03764295 -0.10446500 0.05008399
v -0.03081995 -0.10842890 0.03076100
v -0.02826696 -0.10879690 0.03217297
v -0.02294898 -0.10944790 0.03459501
v -0.02811396 -0.10714390 0.05451196
v -0.02137196 -0.10851990 0.05670899
v -0.01741796 -0.10996890 0.03648400
v -0.01169997 -0.11035490 0.03785496
v -0.01437395 -0.10952990 0.05829501
v -0.00741500 -0.11013090 0.05923199
v -0.00588596 -0.11059690 0.03867596
v -0.00000100 -0.11034790 0.05957198
v -0.00001000 -0.11068090 0.03895300
v -0.00000500 -0.07338696 -0.08619993
v 0.00000000 -0.07338696 -0.08619993
v 0.00008400 -0.08092993 -0.07702296
v -0.00715697 -0.07345592 -0.08583396
v -0.00622696 -0.08099597 -0.07666295
v -0.01426297 -0.07366293 -0.08474093
v -0.01247996 -0.08119893 -0.07565093
v -0.02120196 -0.07400298 -0.08293998
v -0.01774799 -0.08149993 -0.07428497
v -0.02792298 -0.07447493 -0.08044797
v -0.02289199 -0.08191692 -0.07247096
v -0.02823197 -0.08249896 -0.07003295
v -0.03433698 -0.07507097 -0.07729798
v -0.03330194 -0.08321195 -0.06711697
v -0.04040998 -0.07578796 -0.07350897
v -0.03805196 -0.08405196 -0.06374198
v -0.04604297 -0.07661396 -0.06914097
v -0.04245400 -0.08501297 -0.05992394
v -0.05120897 -0.07754594 -0.06421595
v -0.04646497 -0.08608692 -0.05569994
v -0.05584299 -0.07856798 -0.05880194
v -0.05000096 -0.08725196 -0.05115693
v -0.05989497 -0.07966595 -0.05296593
v -0.05305898 -0.08851093 -0.04628497
v -0.06331998 -0.08083492 -0.04677993
v -0.05561399 -0.08985197 -0.04112696
v -0.06613796 -0.08206993 -0.04022794
v -0.05762398 -0.09125792 -0.03575396
v -0.06828695 -0.08333992 -0.03347796
v -0.05906397 -0.09271395 -0.03022998
v -0.06977897 -0.08464998 -0.02652496
v -0.05992895 -0.09421098 -0.02457594
v -0.07060199 -0.08597397 -0.01951098
v -0.06020694 -0.09569692 -0.01888996
v -0.07078295 -0.08732295 -0.01237595
v -0.05989998 -0.09715896 -0.01317995
v -0.05819898 -0.09945696 -0.00167495
v -0.05901294 -0.09859597 -0.00754195
v -0.05749797 -0.10004990 -0.00184494
v -0.05888599 -0.09887397 -0.00142497
v -0.05994898 -0.09796893 -0.00089099
v -0.06119298 -0.09690892 -0.00002599
v -0.06285297 -0.09549492 0.00138897
v -0.06927597 -0.09001195 0.00173998
v -0.06826698 -0.09089195 0.00631201
v 0.06853598 -0.09032392 0.00677699
v 0.06859600 -0.09013992 0.00691897
v 0.06851297 -0.09024792 0.00702697
v 0.06804496 -0.09093493 0.00645399
v 0.06812298 -0.09089195 0.00632799
v 0.06830596 -0.09070593 0.00647801
v 0.06783300 -0.09061795 0.00714600
v 0.06806999 -0.09045398 0.00727999
v 0.06788200 -0.09046298 0.00731999
v 0.06763100 -0.09088194 0.00685799
v 0.06775701 -0.09093093 0.00676602
v 0.06769895 -0.09081596 0.00692797
v 0.06823199 -0.09057295 0.00699598
v 0.06844800 -0.09050393 0.00663799
v 0.06824898 -0.09041094 0.00721198
v 0.06839495 -0.09034192 0.00712699
v 0.06815397 -0.09069997 0.00687301
v 0.06775796 -0.09074497 0.00700498
v 0.06805700 -0.09081894 0.00675702
v 0.06783896 -0.09094995 0.00669301
v 0.06794899 -0.09095597 0.00657797
v 0.06788200 -0.09046298 0.00731999
v 0.07293599 -0.06438994 0.03691101
v 0.06230896 -0.06478393 0.03730499
v 0.06763100 -0.09088194 0.00685799
v 0.06783300 -0.09061795 0.00714600
v 0.06775796 -0.09074497 0.00700498
v 0.06769895 -0.09081596 0.00692797
v 0.06230896 -0.09542596 0.00205499
v 0.05852395 -0.09913295 -0.00543696
v 0.05833595 -0.09932798 -0.00161499
v 0.05749195 -0.10004990 -0.00183797
v 0.05915695 -0.09862196 -0.00127894
v 0.05995297 -0.09793597 -0.00085399
v 0.06143999 -0.09665393 0.00022502
v 0.05931597 -0.09819698 -0.00910997
v 0.06285500 -0.09543293 0.00146401
v 0.07054001 -0.08816295 -0.00793499
v 0.06006395 -0.09667497 -0.01508098
v 0.07059395 -0.08593297 -0.01973593
v 0.05992597 -0.09421497 -0.02456998
v 0.06882596 -0.08373093 -0.03139293
v 0.05817097 -0.09174895 -0.03389894
v 0.06662797 -0.08231496 -0.03891998
v 0.05611300 -0.09016692 -0.03992998
v 0.06360995 -0.08094292 -0.04620498
v 0.05338996 -0.08867096 -0.04567795
v 0.05980896 -0.07964193 -0.05311095
v 0.05003398 -0.08726894 -0.05109894
v 0.04606199 -0.08597093 -0.05615895
v 0.05295097 -0.07790696 -0.06230497
v 0.04155397 -0.08480292 -0.06076198
v 0.04468399 -0.07640093 -0.07027494
v 0.03658795 -0.08377695 -0.06484997
v 0.03117799 -0.08289498 -0.06841397
v 0.03519797 -0.07516497 -0.07680594
v 0.02540600 -0.08217293 -0.07139593
v 0.02944195 -0.07460397 -0.07976996
v 0.01933795 -0.08161592 -0.07377493
v 0.02341896 -0.07414293 -0.08220094
v 0.01188397 -0.07357794 -0.08518898
v 0.00984394 -0.08109498 -0.07615494
v 0.00008400 -0.08092993 -0.07702296
v 0.03651899 -0.10456400 0.05027997
v 0.02986395 -0.10856490 0.03130501
v 0.03000599 -0.10854390 0.03122699
v 0.02829796 -0.10879490 0.03216099
v 0.03195399 -0.10589490 0.05250698
v 0.02297198 -0.10944700 0.03459298
v 0.02655297 -0.10902690 0.03303200
v 0.02721297 -0.10703200 0.05437296
v 0.01552796 -0.11011090 0.03700798
v 0.01842600 -0.10868590 0.05702501
v 0.00869000 -0.11049890 0.03835397
v 0.00934798 -0.10984990 0.05882799
v 0.00435096 -0.11063490 0.03880399
v -0.00000100 -0.11034790 0.05957198
v -0.00001000 -0.11068090 0.03895300
v 0.05335199 -0.09782797 0.03691798
v 0.05331397 -0.09788495 0.03673797
v 0.05342799 -0.09779793 0.03671598
v 0.05361396 -0.09734994 0.03689897
v 0.05357396 -0.09755593 0.03666400
v 0.05359798 -0.09741497 0.03663796
v 0.05355298 -0.09735894 0.03752797
v 0.05348598 -0.09742295 0.03758698
v 0.05343896 -0.09761196 0.03734999
v 0.05364596 -0.09712094 0.03732496
v 0.05363500 -0.09720593 0.03739500
v 0.05363798 -0.09718996 0.03723198
v 0.05354195 -0.09761095 0.03692501
v 0.05338799 -0.09775495 0.03709399
v 0.05351698 -0.09768593 0.03669100
v 0.05355995 -0.09753894 0.03708899
v 0.05362999 -0.09725093 0.03712999
v 0.05357795 -0.09745192 0.03724396
v 0.05360394 -0.09728592 0.03746300
v 0.03651899 -0.10456400 0.05027997
v 0.03000599 -0.10854390 0.03122699
v 0.03409600 -0.10787090 0.02862697
v 0.04143697 -0.10284500 0.04727596
v 0.03798496 -0.10714190 0.02575099
v 0.04604899 -0.10102390 0.04387301
v 0.04169899 -0.10635390 0.02266496
v 0.05187696 -0.10273290 0.01300698
v 0.04824894 -0.10450690 0.01564699
v 0.05102396 -0.10351090 0.01173800
v 0.05150198 -0.10332000 0.01098996
v 0.05173599 -0.10322390 0.01061397
v 0.05126398 -0.10341590 0.01136499
v 0.05245095 -0.10070390 0.02256900
v 0.04516500 -0.10545700 0.01932799
v 0.05030399 -0.09920293 0.04002898
v 0.05314099 -0.09841293 0.03387796
v 0.05331397 -0.09788495 0.03673797
v 0.05359798 -0.09741497 0.03663796
v 0.05203098 -0.10273090 0.01026695
v 0.05201900 -0.10239390 0.00968599
v 0.05364596 -0.09712094 0.03732496
v 0.05361396 -0.09734994 0.03689897
v 0.05362999 -0.09725093 0.03712999
v 0.05363798 -0.09718996 0.03723198
v 0.05524396 -0.06977993 0.04229998
v 0.05524396 -0.08327096 0.05579197
v 0.05524396 -0.06977993 0.04229998
v 0.05525898 -0.08320295 0.05588799
v 0.05524396 -0.08327096 0.05579197
v 0.05526995 -0.06966292 0.04241698
v 0.05528795 -0.08311992 0.05596596
v 0.05532199 -0.06955093 0.04252898
v 0.05533397 -0.08301293 0.05603098
v 0.05539995 -0.06944698 0.04263299
v 0.05538898 -0.08290493 0.05606597
v 0.05548596 -0.08273297 0.05608099
v 0.05550098 -0.06935393 0.04272598
v 0.05559998 -0.08254897 0.05605697
v 0.05562299 -0.06927293 0.04280596
v 0.05573898 -0.08234095 0.05598896
v 0.05576199 -0.06920897 0.04287099
v 0.05591499 -0.06916093 0.04291898
v 0.05595695 -0.08203893 0.05581897
v 0.05607599 -0.06913197 0.04294800
v 0.05610096 -0.08185297 0.05567497
v 0.05624198 -0.06912195 0.04295796
v 0.05624198 -0.08167695 0.05551397
v 0.05962795 -0.06753093 0.04136699
v 0.05749595 -0.06650996 0.04034596
v 0.05816197 -0.06598997 0.03982698
v 0.06005996 -0.06722593 0.04106199
v 0.05893898 -0.06555497 0.03939098
v 0.05927795 -0.06788396 0.04172098
v 0.05695796 -0.06709897 0.04093599
v 0.06055897 -0.06697893 0.04081499
v 0.05980497 -0.06521397 0.03904998
v 0.05902099 -0.06827497 0.04211199
v 0.05656397 -0.06774294 0.04157900
v 0.06111198 -0.06679594 0.04063200
v 0.06073898 -0.06497794 0.03881400
v 0.05886298 -0.06869196 0.04252797
v 0.05632299 -0.06842297 0.04225897
v 0.06170195 -0.06668496 0.04052096
v 0.06150597 -0.06488096 0.03871697
v 0.05880898 -0.06912195 0.04295796
v 0.05624198 -0.06912195 0.04295796
v 0.06230896 -0.06664693 0.04048299
v 0.06236195 -0.06483095 0.03866696
v 0.05886298 -0.06955194 0.04338800
v 0.06291699 -0.06668496 0.04052096
v 0.05902099 -0.06996792 0.04380500
v 0.06350696 -0.06679594 0.04063200
v 0.05927795 -0.07035893 0.04419499
v 0.06405895 -0.06697893 0.04081499
v 0.05962795 -0.07071292 0.04454898
v 0.06455898 -0.06722593 0.04106199
v 0.07239300 -0.06445896 0.03829497
v 0.06499099 -0.06753093 0.04136699
v 0.06534099 -0.06788396 0.04172098
v 0.06854498 -0.06952995 0.04336601
v 0.06559801 -0.06827497 0.04211199
v 0.06575596 -0.06869196 0.04252797
v 0.06580895 -0.06912195 0.04295796
v 0.06575596 -0.06955194 0.04338800
v 0.06559801 -0.06996792 0.04380500
v 0.06534099 -0.07035893 0.04419499
v 0.06499099 -0.07071292 0.04454898
v 0.06420797 -0.07439893 0.04823499
v 0.06455898 -0.07101798 0.04485398
v 0.06405895 -0.07126498 0.04510098
v 0.06350696 -0.07144695 0.04528397
v 0.06291699 -0.07155895 0.04539501
v 0.06230896 -0.07159698 0.04543298
v 0.06170195 -0.07155895 0.04539501
v 0.06111198 -0.07144695 0.04528397
v 0.06055897 -0.07126498 0.04510098
v 0.05624198 -0.08167695 0.05551397
v 0.06005996 -0.07101798 0.04485398
v 0.07296097 -0.06428593 0.03705197
v 0.06231296 -0.06467694 0.03745198
v 0.06230896 -0.06478393 0.03730499
v 0.07293599 -0.06438994 0.03691101
v 0.07295995 -0.06420892 0.03721100
v 0.06231796 -0.06459397 0.03763097
v 0.07293397 -0.06416195 0.03738099
v 0.06232398 -0.06454896 0.03781199
v 0.07290595 -0.06414997 0.03748500
v 0.06232994 -0.06453895 0.03800100
v 0.07286196 -0.06414896 0.03761100
v 0.07278698 -0.06417196 0.03777599
v 0.06233698 -0.06456196 0.03817999
v 0.07268500 -0.06422692 0.03794997
v 0.06234496 -0.06462097 0.03835797
v 0.07255399 -0.06432098 0.03812599
v 0.06235295 -0.06471097 0.03852200
v 0.07239300 -0.06445896 0.03829497
v 0.06236195 -0.06483095 0.03866696
v 0.07083600 0.04471898 -0.05805295
v 0.06145298 0.03421998 -0.06717997
v 0.06145298 0.04471898 -0.05805295
v 0.06145298 0.04485398 -0.05795496
v 0.07083600 0.04471898 -0.05805295
v 0.06145298 0.04471898 -0.05805295
v 0.07103300 0.04486799 -0.05794697
v 0.06145298 0.04500299 -0.05787998
v 0.07116299 0.04500800 -0.05787795
v 0.07122296 0.04509598 -0.05784696
v 0.06145298 0.04516202 -0.05783092
v 0.07129895 0.04526698 -0.05781298
v 0.06145298 0.04532700 -0.05780893
v 0.07132500 0.04541802 -0.05780893
v 0.06145298 0.04549401 -0.05781495
v 0.07131898 0.04554402 -0.05782198
v 0.06145298 0.04565703 -0.05784797
v 0.07129698 0.04564803 -0.05784493
v 0.07122397 0.04581099 -0.05790698
v 0.06145298 0.04581201 -0.05790793
v 0.07112395 0.04594302 -0.05798393
v 0.06145298 0.04595500 -0.05799293
v 0.07104998 0.04601603 -0.05803996
v 0.06145298 0.04608303 -0.05810093
v 0.07096898 0.04608303 -0.05810093
v 0.05538499 0.05037301 -0.06239098
v 0.05538499 0.06175100 -0.07376897
v 0.06033796 0.05772501 -0.06974297
v 0.05877196 0.05196398 -0.06398195
v 0.05920296 0.05226898 -0.06428694
v 0.05970299 0.05251598 -0.06453394
v 0.05842196 0.05160999 -0.06362897
v 0.06025600 0.05269902 -0.06471693
v 0.05816400 0.05121898 -0.06323796
v 0.06084495 0.05281001 -0.06482797
v 0.05800598 0.05080300 -0.06282097
v 0.06145298 0.05284798 -0.06486594
v 0.05795300 0.05037301 -0.06239098
v 0.06206095 0.05281001 -0.06482797
v 0.05800598 0.04994302 -0.06196093
v 0.05547797 0.04962801 -0.06164598
v 0.05816400 0.04952698 -0.06154495
v 0.05575096 0.04890602 -0.06092393
v 0.05842196 0.04913598 -0.06115394
v 0.05619800 0.04822802 -0.06024593
v 0.06482499 0.05343198 -0.06544995
v 0.06264996 0.05269902 -0.06471693
v 0.06320297 0.05251598 -0.06453394
v 0.06370300 0.05226898 -0.06428694
v 0.05877196 0.04878199 -0.06079995
v 0.05680495 0.04761499 -0.05963295
v 0.06413400 0.05196398 -0.06398195
v 0.05920296 0.04847699 -0.06049495
v 0.05755299 0.04708600 -0.05910396
v 0.06448400 0.05160999 -0.06362897
v 0.05970299 0.04822999 -0.06024795
v 0.06474196 0.05121898 -0.06323796
v 0.05841898 0.04665702 -0.05867594
v 0.06025600 0.04804700 -0.06006497
v 0.06489998 0.05080300 -0.06282097
v 0.05937796 0.04634100 -0.05835896
v 0.06084495 0.04793602 -0.05995398
v 0.06039899 0.04614800 -0.05816596
v 0.06145298 0.04789799 -0.05991595
v 0.06145298 0.04608303 -0.05810093
v 0.06320297 0.04822999 -0.06024795
v 0.06370300 0.04847699 -0.06049495
v 0.06264996 0.04804700 -0.06006497
v 0.06206095 0.04793602 -0.05995398
v 0.07096898 0.04608303 -0.05810093
v 0.06495296 0.05037301 -0.06239098
v 0.06489998 0.04994302 -0.06196093
v 0.06474196 0.04952698 -0.06154495
v 0.06448400 0.04913598 -0.06115394
v 0.06413400 0.04878199 -0.06079995
v 0.05440700 0.06146502 -0.07460695
v 0.05438798 0.04971498 -0.06304895
v 0.05438798 0.06120598 -0.07453995
v 0.05441296 0.04983198 -0.06293195
v 0.05444896 0.06170701 -0.07464396
v 0.05446594 0.04994302 -0.06282097
v 0.05450797 0.06189203 -0.07464593
v 0.05454397 0.05004799 -0.06271696
v 0.05456095 0.06199598 -0.07462793
v 0.05464500 0.05014103 -0.06262296
v 0.05463898 0.06209200 -0.07458293
v 0.05475097 0.06215500 -0.07449495
v 0.05476695 0.05022102 -0.06254297
v 0.05489796 0.06215703 -0.07435393
v 0.05490595 0.05028599 -0.06247794
v 0.05501598 0.06210899 -0.07422697
v 0.05505800 0.05033403 -0.06242996
v 0.05516999 0.06199401 -0.07404494
v 0.05521899 0.05036300 -0.06240093
v 0.05538499 0.05037301 -0.06239098
v 0.05438798 0.06120598 -0.07453995
v 0.05438798 0.04971498 -0.06304895
v 0.05325299 0.03823703 -0.07452696
v 0.05920696 0.04279202 -0.06019896
v 0.05791997 0.04538899 -0.05872195
v 0.05903697 0.04502099 -0.05835396
v 0.06022596 0.04479503 -0.05812895
v 0.06145298 0.04471898 -0.05805295
v 0.05718195 0.04352098 -0.06092894
v 0.05604100 0.04650402 -0.05983793
v 0.05691200 0.04588800 -0.05922198
v 0.05914497 0.04061901 -0.06210094
v 0.06145298 0.03421998 -0.06717997
v 0.05557399 0.04465800 -0.06206595
v 0.05533397 0.04721701 -0.06055098
v 0.05706298 0.04136902 -0.06285095
v 0.05908298 0.03844702 -0.06400197
v 0.05454200 0.04609102 -0.06349796
v 0.05438798 0.04971498 -0.06304895
v 0.05449497 0.04884803 -0.06218093
v 0.05481398 0.04800701 -0.06133997
v 0.05541098 0.04253798 -0.06401896
v 0.05694496 0.03921699 -0.06477195
v 0.05902099 0.03627401 -0.06590294
v 0.05435097 0.04400998 -0.06549096
v 0.05524796 0.04041701 -0.06597197
v 0.05682694 0.03706502 -0.06669396
v 0.05895894 0.03410202 -0.06780493
v 0.06073397 0.03338599 -0.06794697
v 0.05997896 0.03262901 -0.06873995
v 0.05415898 0.04192900 -0.06748396
v 0.05325299 0.03823703 -0.07452696
v 0.05508500 0.03829598 -0.06792497
v 0.05670797 0.03491300 -0.06861597
v 0.05889600 0.03193002 -0.06970596
v 0.05906200 0.03188198 -0.06967896
v 0.05833798 0.03143501 -0.07039898
v 0.05396699 0.03984802 -0.06947696
v 0.05492198 0.03617602 -0.06987798
v 0.05658996 0.03276103 -0.07053697
v 0.05631899 0.03097999 -0.07229495
v 0.05596899 0.03104799 -0.07260495
v 0.05667495 0.03096199 -0.07197493
v 0.05715095 0.03100901 -0.07153594
v 0.05767196 0.03114402 -0.07104498
v 0.05377596 0.03776699 -0.07146996
v 0.05475896 0.03405499 -0.07183194
v 0.05378299 0.03348499 -0.07434695
v 0.05348396 0.03455299 -0.07453393
v 0.05408996 0.03276699 -0.07413095
v 0.05441498 0.03222203 -0.07388794
v 0.05476599 0.03179103 -0.07361394
v 0.05516099 0.03144198 -0.07329297
v 0.05559295 0.03118598 -0.07292997
v 0.05358397 0.03568601 -0.07346194
v 0.05326998 0.03607702 -0.07462495
v -0.05521899 0.05036300 -0.06240093
v -0.05505800 0.05033403 -0.06242996
v -0.05545997 0.04970198 -0.06171995
v -0.05538499 0.05037301 -0.06239098
v -0.06035196 0.04491502 -0.05801594
v -0.06145298 0.04471898 -0.05805295
v -0.06145298 0.04485398 -0.05795496
v -0.06022596 0.04479503 -0.05812895
v -0.06035995 0.04506403 -0.05794095
v -0.06145298 0.04516202 -0.05783092
v -0.06037199 0.04522198 -0.05789095
v -0.06145298 0.04532700 -0.05780893
v -0.06038796 0.04538601 -0.05786794
v -0.06145298 0.04549401 -0.05781495
v -0.06040698 0.04555201 -0.05787295
v -0.06145298 0.04565703 -0.05784797
v -0.06042897 0.04571402 -0.05790495
v -0.06145298 0.04581201 -0.05790793
v -0.06045299 0.04586797 -0.05796396
v -0.06145298 0.04595500 -0.05799293
v -0.05927795 0.04509699 -0.05819797
v -0.05903697 0.04502099 -0.05835396
v -0.06047797 0.04601001 -0.05804693
v -0.06145298 0.04608303 -0.05810093
v -0.06050395 0.04613500 -0.05815398
v -0.05929398 0.04524499 -0.05812197
v -0.05931794 0.04540103 -0.05806994
v -0.05934900 0.04556298 -0.05804497
v -0.05938696 0.04572498 -0.05804598
v -0.05943000 0.04588299 -0.05807495
v -0.05947697 0.04603302 -0.05812996
v -0.05825698 0.04539602 -0.05849695
v -0.05791997 0.04538899 -0.05872195
v -0.05952697 0.04617100 -0.05820894
v -0.05957800 0.04629302 -0.05831098
v -0.05828100 0.04554098 -0.05841797
v -0.05831599 0.04569399 -0.05836296
v -0.05836194 0.04585200 -0.05833393
v -0.05841696 0.04600900 -0.05832993
v -0.05848097 0.04616099 -0.05835294
v -0.05855000 0.04630500 -0.05840098
v -0.05862295 0.04643601 -0.05847394
v -0.05869799 0.04655003 -0.05856794
v -0.05734598 0.04594600 -0.05882394
v -0.05691200 0.04588800 -0.05922198
v -0.05739200 0.04609501 -0.05876398
v -0.05692797 0.04601800 -0.05911898
v -0.05745095 0.04624599 -0.05872797
v -0.05696195 0.04615902 -0.05903595
v -0.05752295 0.04639601 -0.05871796
v -0.05701196 0.04630500 -0.05897396
v -0.05760496 0.04654103 -0.05873197
v -0.05707699 0.04645299 -0.05893498
v -0.05769395 0.04667598 -0.05877196
v -0.05647498 0.04631203 -0.05941295
v -0.05604100 0.04650402 -0.05983793
v -0.05715495 0.04659998 -0.05892097
v -0.05778896 0.04679703 -0.05883496
v -0.05788695 0.04690200 -0.05891996
v -0.05651199 0.04645001 -0.05932694
v -0.05724400 0.04673999 -0.05893093
v -0.05656695 0.04659301 -0.05926197
v -0.05734199 0.04686999 -0.05896598
v -0.05663895 0.04673701 -0.05921894
v -0.05605995 0.04663199 -0.05973297
v -0.05744600 0.04698699 -0.05902397
v -0.05716300 0.04733902 -0.05935698
v -0.05672496 0.04687798 -0.05919998
v -0.05609995 0.04676800 -0.05964493
v -0.05682295 0.04701298 -0.05920398
v -0.05615997 0.04690700 -0.05957597
v -0.05693095 0.04713702 -0.05923295
v -0.05575799 0.04690599 -0.06000697
v -0.05533397 0.04721701 -0.06055098
v -0.05623799 0.04704701 -0.05952894
v -0.05704498 0.04724603 -0.05928397
v -0.05579996 0.04703903 -0.05991697
v -0.05633097 0.04718202 -0.05950397
v -0.05586296 0.04717600 -0.05984497
v -0.05643695 0.04730999 -0.05950194
v -0.05594497 0.04731100 -0.05979293
v -0.05655395 0.04742699 -0.05952298
v -0.05604398 0.04744201 -0.05976396
v -0.05535596 0.04734301 -0.06044393
v -0.05481398 0.04800701 -0.06133997
v -0.05667799 0.04752999 -0.05956798
v -0.05654394 0.04785102 -0.05986893
v -0.05615597 0.04756498 -0.05975693
v -0.05540198 0.04747301 -0.06034994
v -0.05627900 0.04767602 -0.05977195
v -0.05546897 0.04760503 -0.06027394
v -0.05640995 0.04777199 -0.05980998
v -0.05555695 0.04773402 -0.06021595
v -0.05566298 0.04785698 -0.06017893
v -0.05578297 0.04797202 -0.06016296
v -0.05591499 0.04807299 -0.06016898
v -0.05604696 0.04842501 -0.06044298
v -0.05483800 0.04812902 -0.06122994
v -0.05605494 0.04815900 -0.06019693
v -0.05488699 0.04825401 -0.06113094
v -0.05495995 0.04837703 -0.06104594
v -0.05505496 0.04849499 -0.06097698
v -0.05516999 0.04860401 -0.06092596
v -0.05530095 0.04870301 -0.06089395
v -0.05544400 0.04878699 -0.06088298
v -0.05568200 0.04904699 -0.06106495
v -0.05451995 0.04896700 -0.06206798
v -0.05441296 0.04983198 -0.06293195
v -0.05438798 0.04971498 -0.06304895
v -0.05449497 0.04884803 -0.06218093
v -0.05559498 0.04885601 -0.06089293
v -0.05457198 0.04908502 -0.06196296
v -0.05446594 0.04994302 -0.06282097
v -0.05464899 0.04919898 -0.06186795
v -0.05454397 0.05004799 -0.06271696
v -0.05474799 0.04930502 -0.06178694
v -0.05464500 0.05014103 -0.06262296
v -0.05486798 0.04940003 -0.06172198
v -0.05476695 0.05022102 -0.06254297
v -0.05500495 0.04948198 -0.06167393
v -0.05490595 0.05028599 -0.06247794
v -0.05515497 0.04954898 -0.06164497
v -0.05531400 0.04959803 -0.06163597
v -0.06489998 0.05080300 -0.06282097
v -0.06495296 0.05093902 -0.06182497
v -0.06495296 0.05037301 -0.06239098
v -0.06489998 0.05136799 -0.06225496
v -0.06474196 0.05121898 -0.06323796
v -0.06474196 0.05178499 -0.06267195
v -0.06448400 0.05160999 -0.06362897
v -0.06448400 0.05217599 -0.06306296
v -0.06413400 0.05196398 -0.06398195
v -0.06413400 0.05252903 -0.06341594
v -0.06370300 0.05226898 -0.06428694
v -0.06370300 0.05283498 -0.06372094
v -0.06320297 0.05251598 -0.06453394
v -0.06320297 0.05308198 -0.06396895
v -0.06264996 0.05269902 -0.06471693
v -0.06264996 0.05326402 -0.06415098
v -0.06206095 0.05281001 -0.06482797
v -0.06206095 0.05337601 -0.06426298
v -0.06145298 0.05284798 -0.06486594
v -0.06145298 0.05341398 -0.06429994
v -0.06084495 0.05281001 -0.06482797
v -0.06084495 0.05337601 -0.06426298
v -0.06025600 0.05269902 -0.06471693
v -0.06025600 0.05326402 -0.06415098
v -0.05970299 0.05251598 -0.06453394
v -0.05970299 0.05308198 -0.06396895
v -0.05920296 0.05226898 -0.06428694
v -0.05920296 0.05283498 -0.06372094
v -0.05877196 0.05196398 -0.06398195
v -0.05877196 0.05252903 -0.06341594
v -0.05842196 0.05160999 -0.06362897
v -0.05842196 0.05217599 -0.06306296
v -0.05816400 0.05121898 -0.06323796
v -0.05816400 0.05178499 -0.06267195
v -0.05800598 0.05080300 -0.06282097
v -0.05800598 0.05136799 -0.06225496
v -0.05795300 0.05037301 -0.06239098
v -0.05795300 0.05093902 -0.06182497
v -0.05800598 0.04994302 -0.06196093
v -0.05800598 0.05050903 -0.06139594
v -0.05816400 0.04952698 -0.06154495
v -0.05816400 0.05009198 -0.06097894
v -0.05842196 0.04913598 -0.06115394
v -0.05842196 0.04970103 -0.06058794
v -0.05877196 0.04878199 -0.06079995
v -0.05877196 0.04934799 -0.06023496
v -0.05920296 0.04847699 -0.06049495
v -0.05920296 0.04904299 -0.05992996
v -0.05970299 0.04822999 -0.06024795
v -0.05970299 0.04879498 -0.05968195
v -0.06025600 0.04804700 -0.06006497
v -0.06025600 0.04861301 -0.05949997
v -0.06084495 0.04793602 -0.05995398
v -0.06084495 0.04850101 -0.05938798
v -0.06145298 0.04789799 -0.05991595
v -0.06145298 0.04846400 -0.05935096
v -0.06206095 0.04793602 -0.05995398
v -0.06206095 0.04850101 -0.05938798
v -0.06264996 0.04804700 -0.06006497
v -0.06264996 0.04861301 -0.05949997
v -0.06320297 0.04822999 -0.06024795
v -0.06320297 0.04879498 -0.05968195
v -0.06370300 0.04847699 -0.06049495
v -0.06370300 0.04904299 -0.05992996
v -0.06413400 0.04878199 -0.06079995
v -0.06413400 0.04934799 -0.06023496
v -0.06448400 0.04913598 -0.06115394
v -0.06448400 0.04970103 -0.06058794
v -0.06474196 0.04952698 -0.06154495
v -0.06474196 0.05009198 -0.06097894
v -0.06489998 0.04994302 -0.06196093
v -0.06489998 0.05050903 -0.06139594
v -0.06495296 0.05037301 -0.06239098
v -0.06495296 0.05093902 -0.06182497
v -0.06770795 -0.09116697 0.00646502
v -0.06789600 -0.09092897 0.00676000
v -0.06801199 -0.09095394 0.00665498
v -0.06777697 -0.09088093 0.00684798
v -0.06787896 -0.09116995 0.00627798
v -0.06818497 -0.09093797 0.00644600
v -0.06826698 -0.09089195 0.00631201
v -0.06811797 -0.09095394 0.00653499
v -0.06744897 -0.09138596 0.00623298
v -0.06761997 -0.09138894 0.00604498
v -0.06718897 -0.09160596 0.00600100
v -0.06736099 -0.09160894 0.00581199
v -0.06692999 -0.09182596 0.00576800
v -0.06710296 -0.09182894 0.00557899
v -0.06667000 -0.09204494 0.00553602
v -0.06684398 -0.09204792 0.00534499
v -0.06641095 -0.09226495 0.00530398
v -0.06658500 -0.09226793 0.00511199
v -0.06615197 -0.09248495 0.00507098
v -0.06632697 -0.09248697 0.00487900
v -0.06589198 -0.09270393 0.00483900
v -0.06606799 -0.09270697 0.00464600
v -0.06563299 -0.09292393 0.00460702
v -0.06580996 -0.09292697 0.00441301
v -0.06537300 -0.09314393 0.00437498
v -0.06555098 -0.09314596 0.00417900
v -0.06285297 -0.09549492 0.00138897
v -0.06511396 -0.09336292 0.00414199
v -0.06230896 -0.09548592 0.00198597
v -0.06529200 -0.09336596 0.00394601
v -0.06485396 -0.09358292 0.00391001
v -0.06503397 -0.09358596 0.00371301
v -0.06459498 -0.09380197 0.00367802
v -0.06477499 -0.09380495 0.00348002
v -0.06433498 -0.09402197 0.00344598
v -0.06451696 -0.09402495 0.00324702
v -0.06407600 -0.09424197 0.00321299
v -0.06425797 -0.09424495 0.00301397
v -0.06381696 -0.09446096 0.00298101
v -0.06399899 -0.09446394 0.00278002
v -0.06355696 -0.09468096 0.00274897
v -0.06374096 -0.09468394 0.00254702
v -0.06329798 -0.09490096 0.00251597
v -0.06348198 -0.09490394 0.00231397
v -0.06303799 -0.09511995 0.00228399
v -0.06322300 -0.09512293 0.00208098
v -0.06277900 -0.09533995 0.00205201
v -0.06261700 -0.09556996 0.00172102
v -0.06251895 -0.09555894 0.00181997
v -0.06241595 -0.09553092 0.00190902
v -0.06296497 -0.09534293 0.00184798
v -0.06278598 -0.09553694 0.00150299
v -0.06270599 -0.09556198 0.00161499
v -0.06230896 -0.09548592 0.00198597
v -0.06138700 -0.06483793 0.03735899
v -0.06230896 -0.06478393 0.03730499
v -0.06048095 -0.06495398 0.03747498
v -0.05957496 -0.09793794 -0.00028798
v -0.06230896 -0.06472396 0.03854095
v -0.06191098 -0.06484097 0.03867697
v -0.06230896 -0.06483095 0.03866797
v -0.06230896 -0.06463897 0.03839701
v -0.06138700 -0.06483793 0.03735899
v -0.06048095 -0.06495398 0.03747498
v -0.06048697 -0.06485497 0.03760898
v -0.06096094 -0.06471395 0.03843700
v -0.06073898 -0.06497794 0.03881400
v -0.06141698 -0.06488096 0.03871697
v -0.06054699 -0.06470394 0.03807598
v -0.06057900 -0.06470698 0.03824001
v -0.06061500 -0.06473696 0.03839999
v -0.06065398 -0.06479293 0.03855097
v -0.06069594 -0.06487393 0.03869098
v -0.06137299 -0.06459397 0.03804701
v -0.06052094 -0.06472796 0.03791296
v -0.06190198 -0.06460493 0.03766596
v -0.06230896 -0.06453996 0.03791201
v -0.06230896 -0.06456196 0.03774696
v -0.06230896 -0.06461095 0.03758800
v -0.06230896 -0.06468492 0.03743898
v -0.06230896 -0.06478393 0.03730499
v -0.06139194 -0.06467896 0.03842198
v -0.06165897 -0.06465595 0.03839796
v -0.06230896 -0.06457895 0.03824198
v -0.06136995 -0.06465595 0.03766697
v -0.06050097 -0.06477892 0.03775596
v -0.06177395 -0.06456297 0.03803497
v -0.06230896 -0.06454592 0.03807896
v -0.05607599 -0.06913197 0.04294800
v -0.05624198 -0.06912195 0.04295796
v -0.05632299 -0.06842297 0.04225897
v -0.05973696 -0.06511694 0.03893297
v -0.06073898 -0.06497794 0.03881400
v -0.06069594 -0.06487393 0.03869098
v -0.05980497 -0.06521397 0.03904998
v -0.05966997 -0.06504195 0.03880000
v -0.06065398 -0.06479293 0.03855097
v -0.05960696 -0.06499195 0.03865396
v -0.06061500 -0.06473696 0.03839999
v -0.05954998 -0.06496697 0.03850001
v -0.06057900 -0.06470698 0.03824001
v -0.05949997 -0.06496894 0.03834098
v -0.06054699 -0.06470394 0.03807598
v -0.05945795 -0.06499695 0.03818196
v -0.06052094 -0.06472796 0.03791296
v -0.05942595 -0.06505095 0.03802800
v -0.06050097 -0.06477892 0.03775596
v -0.05884599 -0.06546694 0.03928297
v -0.05893898 -0.06555497 0.03939098
v -0.05940395 -0.06512898 0.03788298
v -0.06048697 -0.06485497 0.03760898
v -0.06048095 -0.06495398 0.03747498
v -0.05939400 -0.06522893 0.03775000
v -0.05875694 -0.06540095 0.03915899
v -0.05867195 -0.06535893 0.03902196
v -0.05859500 -0.06534194 0.03887498
v -0.05852699 -0.06535094 0.03872299
v -0.05847096 -0.06538492 0.03856998
v -0.05842798 -0.06544297 0.03841996
v -0.05804795 -0.06591492 0.03973096
v -0.05816197 -0.06598997 0.03982698
v -0.05839794 -0.06552398 0.03827798
v -0.05838400 -0.06562596 0.03814595
v -0.05793797 -0.06585997 0.03961896
v -0.05783396 -0.06582993 0.03949201
v -0.05773895 -0.06582295 0.03935599
v -0.05765599 -0.06583994 0.03921300
v -0.05758595 -0.06588095 0.03906697
v -0.05753296 -0.06594496 0.03892201
v -0.05736398 -0.06644797 0.04026496
v -0.05749595 -0.06650996 0.04034596
v -0.05749696 -0.06602996 0.03878396
v -0.05747997 -0.06613296 0.03865396
v -0.05723595 -0.06640797 0.04016596
v -0.05711495 -0.06638997 0.04005300
v -0.05700498 -0.06639492 0.03992795
v -0.05690795 -0.06642293 0.03979599
v -0.05682796 -0.06647294 0.03965801
v -0.05676597 -0.06654393 0.03952097
v -0.05681198 -0.06705397 0.04087001
v -0.05695796 -0.06709897 0.04093599
v -0.05672496 -0.06663292 0.03938597
v -0.05670398 -0.06673794 0.03925901
v -0.05607897 -0.06742495 0.03994500
v -0.05666995 -0.06702893 0.04078698
v -0.05653500 -0.06702595 0.04068899
v -0.05641299 -0.06704497 0.04057800
v -0.05630499 -0.06708395 0.04045701
v -0.05621600 -0.06714397 0.04032999
v -0.05614697 -0.06722193 0.04019898
v -0.05640697 -0.06771492 0.04153096
v -0.05656397 -0.06774294 0.04157900
v -0.05610096 -0.06731694 0.04006999
v -0.05625396 -0.06770694 0.04146599
v -0.05610996 -0.06771993 0.04138296
v -0.05597800 -0.06775397 0.04128700
v -0.05586296 -0.06780594 0.04117900
v -0.05576699 -0.06787693 0.04106199
v -0.05569297 -0.06796294 0.04093998
v -0.05615895 -0.06841397 0.04223001
v -0.05591499 -0.06916093 0.04291898
v -0.05564296 -0.06806296 0.04081696
v -0.05561900 -0.06817394 0.04069399
v -0.05533897 -0.06896597 0.04148596
v -0.05599999 -0.06842392 0.04218298
v -0.05576199 -0.06920897 0.04287099
v -0.05584996 -0.06845396 0.04211699
v -0.05562299 -0.06927293 0.04280596
v -0.05571299 -0.06850296 0.04203599
v -0.05550098 -0.06935393 0.04272598
v -0.05559200 -0.06856995 0.04194200
v -0.05539995 -0.06944698 0.04263299
v -0.05549198 -0.06865096 0.04183697
v -0.05532199 -0.06955093 0.04252898
v -0.05541598 -0.06874692 0.04172396
v -0.05526995 -0.06966292 0.04241698
v -0.05536395 -0.06885194 0.04160600
v -0.05524396 -0.06977993 0.04229998
v -0.05880898 -0.06855595 0.04352396
v -0.05886298 -0.06869196 0.04252797
v -0.05880898 -0.06912195 0.04295796
v -0.05886298 -0.06812596 0.04309397
v -0.05901998 -0.06827497 0.04211199
v -0.05901998 -0.06770998 0.04267698
v -0.05927795 -0.06788396 0.04172098
v -0.05927795 -0.06731897 0.04228597
v -0.05962795 -0.06753093 0.04136699
v -0.05962795 -0.06696492 0.04193300
v -0.06005996 -0.06722593 0.04106199
v -0.06005996 -0.06665992 0.04162800
v -0.06055897 -0.06697893 0.04081499
v -0.06055897 -0.06641292 0.04137998
v -0.06111198 -0.06679594 0.04063200
v -0.06111198 -0.06623095 0.04119801
v -0.06170195 -0.06668496 0.04052096
v -0.06170195 -0.06611895 0.04108601
v -0.06230896 -0.06664693 0.04048299
v -0.06230896 -0.06608092 0.04104900
v -0.06291699 -0.06668496 0.04052096
v -0.06291699 -0.06611895 0.04108601
v -0.06350600 -0.06679594 0.04063200
v -0.06350600 -0.06623095 0.04119801
v -0.06405895 -0.06697893 0.04081499
v -0.06405895 -0.06641292 0.04137998
v -0.06455898 -0.06722593 0.04106199
v -0.06455898 -0.06665992 0.04162800
v -0.06499099 -0.06753093 0.04136699
v -0.06499099 -0.06696492 0.04193300
v -0.06534099 -0.06788396 0.04172098
v -0.06534099 -0.06731897 0.04228597
v -0.06559801 -0.06827497 0.04211199
v -0.06559801 -0.06770998 0.04267698
v -0.06575596 -0.06869196 0.04252797
v -0.06575596 -0.06812596 0.04309397
v -0.06580895 -0.06912195 0.04295796
v -0.06580895 -0.06855595 0.04352396
v -0.06575596 -0.06955194 0.04338800
v -0.06575596 -0.06898593 0.04395401
v -0.06559801 -0.06996792 0.04380500
v -0.06559801 -0.06940293 0.04436999
v -0.06534099 -0.07035893 0.04419499
v -0.06534099 -0.06979393 0.04476100
v -0.06499099 -0.07071292 0.04454898
v -0.06499099 -0.07014697 0.04511499
v -0.06455898 -0.07101798 0.04485398
v -0.06455898 -0.07045197 0.04541999
v -0.06405895 -0.07126498 0.04510098
v -0.06405895 -0.07069897 0.04566699
v -0.06350600 -0.07144695 0.04528397
v -0.06350600 -0.07088196 0.04584896
v -0.06291699 -0.07155895 0.04539501
v -0.06291699 -0.07099294 0.04596096
v -0.06230896 -0.07159698 0.04543298
v -0.06230896 -0.07103097 0.04599899
v -0.06170195 -0.07099294 0.04596096
v -0.06170195 -0.07155895 0.04539501
v -0.06111198 -0.07144695 0.04528397
v -0.06111198 -0.07088196 0.04584896
v -0.06055897 -0.07069897 0.04566699
v -0.06055897 -0.07126498 0.04510098
v -0.06005996 -0.07101798 0.04485398
v -0.06005996 -0.07045197 0.04541999
v -0.05962795 -0.07071292 0.04454898
v -0.05962795 -0.07014697 0.04511499
v -0.05927795 -0.06979393 0.04476100
v -0.05927795 -0.07035893 0.04419499
v -0.05901998 -0.06996792 0.04380500
v -0.05901998 -0.06940293 0.04436999
v -0.05886298 -0.06955194 0.04338800
v -0.05886298 -0.06898593 0.04395401
v -0.05880898 -0.06912195 0.04295796
v -0.05880898 -0.06855595 0.04352396
v -0.05151897 -0.10313890 0.01004397
v -0.05132198 -0.10298990 0.00987500
v -0.05132699 -0.10310190 0.01006901
v -0.05150496 -0.10280190 0.00946200
v -0.05131298 -0.10276590 0.00948697
v -0.05131798 -0.10287790 0.00968099
v -0.05169999 -0.10277190 0.00947499
v -0.05171298 -0.10310790 0.01005697
v -0.05186599 -0.10267890 0.00952500
v -0.05187898 -0.10301500 0.01010799
v -0.05194199 -0.10259800 0.00957000
v -0.05195295 -0.10293400 0.01015299
v -0.05199497 -0.10249990 0.00962502
v -0.05200695 -0.10283600 0.01020896
v -0.05201900 -0.10239390 0.00968599
v -0.05203098 -0.10273090 0.01026898
v -0.05333298 -0.09816592 0.03745901
v -0.05344796 -0.09807896 0.03743797
v -0.05283498 -0.09960693 0.02915596
v -0.05231398 -0.10180890 0.01665800
v -0.05173099 -0.10322990 0.01061797
v -0.05208897 -0.10203390 0.01671701
v -0.05184495 -0.10314590 0.01054400
v -0.05190598 -0.10307990 0.01049196
v -0.05195695 -0.10300290 0.01043701
v -0.05199599 -0.10291790 0.01038098
v -0.05202096 -0.10282700 0.01032400
v -0.05203098 -0.10273090 0.01026898
v -0.05305099 -0.09939694 0.02910399
v -0.05361998 -0.09769397 0.03736799
v -0.05353796 -0.09796696 0.03741496
v -0.05359596 -0.09783595 0.03739100
v -0.05640196 -0.09992694 -0.00040798
v -0.05804198 -0.09931796 -0.00106794
v -0.05724400 -0.10002490 -0.00130093
v -0.05881994 -0.09861993 -0.00072399
v -0.05561196 -0.09988993 0.00053602
v -0.05821496 -0.06852394 0.03489100
v -0.05747997 -0.06613296 0.03865396
v -0.05838400 -0.06562596 0.03814595
v -0.05939400 -0.06522893 0.03775000
v -0.06048095 -0.06495398 0.03747498
v -0.05646300 -0.06968396 0.03605097
v -0.05607897 -0.06742495 0.03994500
v -0.05670398 -0.06673794 0.03925901
v -0.05804598 -0.07142198 0.03163498
v -0.05533099 -0.07118195 0.03754800
v -0.05524396 -0.06977993 0.04229998
v -0.05533897 -0.06896597 0.04148596
v -0.05561900 -0.06817394 0.04069399
v -0.05622196 -0.07262992 0.03284299
v -0.05787700 -0.07431995 0.02837896
v -0.05504298 -0.07418894 0.03440201
v -0.05597996 -0.07557594 0.02963501
v -0.05770796 -0.07721793 0.02512300
v -0.05475497 -0.07719695 0.03125596
v -0.05573898 -0.07852196 0.02642697
v -0.05753898 -0.08011597 0.02186697
v -0.05446696 -0.08020496 0.02810996
v -0.05549699 -0.08146792 0.02321898
v -0.05736994 -0.08301395 0.01861101
v -0.05957496 -0.09793794 -0.00028798
v -0.05417895 -0.08321297 0.02496397
v -0.05201900 -0.10239390 0.00968599
v -0.05525594 -0.08441394 0.02001100
v -0.05720096 -0.08591192 0.01535499
v -0.05388998 -0.08622097 0.02181798
v -0.05501395 -0.08735996 0.01680296
v -0.05703198 -0.08880996 0.01209998
v -0.05360198 -0.08922797 0.01867198
v -0.05477297 -0.09030592 0.01359498
v -0.05686295 -0.09170794 0.00884402
v -0.05331397 -0.09223598 0.01552498
v -0.05453199 -0.09325194 0.01038801
v -0.05669397 -0.09460598 0.00558800
v -0.05302596 -0.09524393 0.01237899
v -0.05428999 -0.09619796 0.00717998
v -0.05298697 -0.10048190 0.00498998
v -0.05244499 -0.10097490 0.00656801
v -0.05652499 -0.09750497 0.00233197
v -0.05459296 -0.09994697 0.00195497
v -0.05273795 -0.09825193 0.00923300
v -0.05211395 -0.10161690 0.00814599
v -0.05404895 -0.09914398 0.00397199
v -0.05371195 -0.10014200 0.00344598
v -0.05127298 -0.10341790 0.01095801
v -0.05114895 -0.10346490 0.01154297
v -0.05173099 -0.10322990 0.01061797
v -0.05060696 -0.10365790 0.01185899
v -0.05064594 -0.10345590 0.01129496
v -0.05002099 -0.10369790 0.01224899
v -0.05054897 -0.10369890 0.01245701
v -0.05090397 -0.10354190 0.01140201
v -0.05029100 -0.10377890 0.01233696
v -0.04998499 -0.10389290 0.01278799
v -0.04937595 -0.10393590 0.01319199
v -0.04993098 -0.10392890 0.01336097
v -0.04965895 -0.10401290 0.01326000
v -0.04796099 -0.10459890 0.01557296
v -0.04587495 -0.10508190 0.01771998
v -0.04640597 -0.10509690 0.01792299
v -0.04614394 -0.10516590 0.01780599
v -0.04421699 -0.10570990 0.01994496
v -0.04194694 -0.10613090 0.02189701
v -0.04243797 -0.10616990 0.02212899
v -0.04219394 -0.10621890 0.02199798
v -0.04008299 -0.10668990 0.02397799
v -0.03767299 -0.10705000 0.02574497
v -0.03811299 -0.10710990 0.02599996
v -0.03789299 -0.10714000 0.02585798
v -0.03675895 -0.10736290 0.02675598
v -0.03537797 -0.10749390 0.02749598
v -0.03580796 -0.10756700 0.02776896
v -0.03559297 -0.10758990 0.02761697
v -0.03499799 -0.10770390 0.02802300
v -0.03416097 -0.10771500 0.02828997
v -0.03460097 -0.10780290 0.02857899
v -0.03437995 -0.10781990 0.02841699
v -0.03376096 -0.10793290 0.02878600
v -0.03291797 -0.10793390 0.02902001
v -0.03334796 -0.10803090 0.02931600
v -0.03313195 -0.10804200 0.02914899
v -0.03187197 -0.10824590 0.02987998
v -0.03044700 -0.10833490 0.03047001
v -0.03081995 -0.10842890 0.03076100
v -0.03063195 -0.10843390 0.03060001
v -0.02936798 -0.10861890 0.03132200
v -0.02792495 -0.10869990 0.03187298
v -0.02826696 -0.10879690 0.03217297
v -0.02809494 -0.10879690 0.03200799
v -0.02547895 -0.10913090 0.03328496
v -0.02266597 -0.10933500 0.03428000
v -0.02294898 -0.10944790 0.03459501
v -0.02280598 -0.10943400 0.03442299
v -0.02007800 -0.10970590 0.03543096
v -0.01741796 -0.10996890 0.03648400
v -0.01720994 -0.10984200 0.03614896
v -0.01731097 -0.10994490 0.03630399
v -0.01448196 -0.11015290 0.03705501
v -0.01169997 -0.11035490 0.03785496
v -0.01155197 -0.11022400 0.03751099
v -0.01162499 -0.11032590 0.03766900
v -0.00873697 -0.11046390 0.03814697
v -0.00588596 -0.11059690 0.03867596
v -0.00582898 -0.11046090 0.03832596
v -0.00585794 -0.11056390 0.03848600
v -0.00292694 -0.11062590 0.03869396
v -0.00001000 -0.11068090 0.03895300
v -0.00001000 -0.11064690 0.03876399
v -0.00001000 -0.11054390 0.03860098
v -0.05125999 -0.10334590 0.01063299
v -0.05136996 -0.10327790 0.01038396
v -0.05125194 -0.10321190 0.01032900
v -0.05095595 -0.10346890 0.01111698
v -0.05150496 -0.10332690 0.01062196
v -0.05162400 -0.10328690 0.01053798
v -0.05149894 -0.10330390 0.01045697
v -0.05106198 -0.10350590 0.01132601
v -0.04230797 -0.08511495 -0.05979698
v -0.03776496 -0.08414995 -0.06336498
v -0.04212695 -0.08511292 -0.05956798
v -0.00284696 -0.08105492 -0.07666993
v 0.00008400 -0.08102494 -0.07656997
v -0.00575894 -0.08108097 -0.07625794
v 0.00008400 -0.08103293 -0.07680696
v 0.00008400 -0.08104294 -0.07668793
v -0.00285000 -0.08104693 -0.07672995
v -0.00622696 -0.08099597 -0.07666295
v 0.00008400 -0.08092993 -0.07702296
v 0.00008500 -0.08099496 -0.07692098
v -0.00599199 -0.08109396 -0.07647198
v -0.00890499 -0.08116698 -0.07609093
v -0.01247996 -0.08119893 -0.07565093
v -0.01154398 -0.08125495 -0.07538294
v -0.01201099 -0.08128196 -0.07552993
v -0.01486396 -0.08142495 -0.07487094
v -0.01774799 -0.08149993 -0.07428497
v -0.01719999 -0.08156394 -0.07397693
v -0.01747298 -0.08158695 -0.07414394
v -0.02026498 -0.08179593 -0.07322996
v -0.02289199 -0.08191692 -0.07247096
v -0.02272498 -0.08201092 -0.07204693
v -0.02281600 -0.08201092 -0.07230395
v -0.02549499 -0.08229392 -0.07111895
v -0.02823197 -0.08249896 -0.07003295
v -0.02802497 -0.08259296 -0.06962198
v -0.02812796 -0.08260297 -0.06984096
v -0.03068900 -0.08294492 -0.06844598
v -0.03330194 -0.08321195 -0.06711697
v -0.03305494 -0.08330798 -0.06672096
v -0.03317797 -0.08331894 -0.06693297
v -0.03558796 -0.08372497 -0.06530594
v -0.03805196 -0.08405196 -0.06374198
v -0.03790897 -0.08416092 -0.06356894
v -0.04245400 -0.08501297 -0.05992394
v -0.04434096 -0.08565098 -0.05770498
v -0.04646497 -0.08608692 -0.05569994
v -0.04609799 -0.08618992 -0.05536997
v -0.04628396 -0.08620393 -0.05555295
v -0.04809695 -0.08677494 -0.05333495
v -0.05000096 -0.08725196 -0.05115693
v -0.04959595 -0.08735793 -0.05085498
v -0.04980099 -0.08737295 -0.05102497
v -0.05138295 -0.08799296 -0.04863798
v -0.05305898 -0.08851093 -0.04628497
v -0.05261796 -0.08861798 -0.04601496
v -0.05284297 -0.08863598 -0.04617094
v -0.05417799 -0.08929896 -0.04363197
v -0.05540996 -0.08996593 -0.04106795
v -0.05561399 -0.08985197 -0.04112696
v -0.05513900 -0.08996093 -0.04089194
v -0.05538296 -0.08998095 -0.04103094
v -0.05645096 -0.09067893 -0.03837698
v -0.05762398 -0.09125792 -0.03575396
v -0.05711895 -0.09136694 -0.03555697
v -0.05737996 -0.09139096 -0.03567898
v -0.05816495 -0.09211397 -0.03294694
v -0.05906397 -0.09271395 -0.03022998
v -0.05853199 -0.09282195 -0.03007298
v -0.05880796 -0.09284996 -0.03017497
v -0.05930799 -0.09359598 -0.02737092
v -0.05992895 -0.09421098 -0.02457594
v -0.05937600 -0.09431397 -0.02446097
v -0.05966395 -0.09434694 -0.02454197
v -0.05987197 -0.09509092 -0.02172094
v -0.05997794 -0.09581196 -0.01892095
v -0.06020694 -0.09569692 -0.01888996
v -0.05963796 -0.09579294 -0.01881998
v -0.05993497 -0.09583097 -0.01887696
v -0.05985200 -0.09656298 -0.01603394
v -0.05989998 -0.09715896 -0.01317995
v -0.05932098 -0.09724593 -0.01315194
v -0.05962300 -0.09729093 -0.01318693
v -0.05924999 -0.09800893 -0.01036894
v -0.05901294 -0.09859597 -0.00754195
v -0.05878698 -0.09870195 -0.00761694
v -0.05842798 -0.09867095 -0.00755697
v -0.05860400 -0.09871596 -0.00759494
v -0.05873298 -0.09872198 -0.00756895
v -0.05796295 -0.09944897 -0.00473297
v -0.05706799 -0.10013090 -0.00200295
v -0.05719196 -0.10015290 -0.00196898
v -0.05695295 -0.10007890 -0.00202697
v -0.05804795 -0.09945094 -0.00470996
v -0.05749797 -0.10004990 -0.00184494
v -0.05735498 -0.10012990 -0.00191098
v -0.05819898 -0.09945696 -0.00167495
v -0.05804198 -0.09931796 -0.00106794
v -0.05888599 -0.09887397 -0.00142497
v -0.05730295 -0.10004690 -0.00138295
v -0.05724400 -0.10002490 -0.00130093
v -0.05735599 -0.10006090 -0.00147098
v -0.05743795 -0.10006890 -0.00164396
v -0.05747097 -0.10006290 -0.00174296
v -0.05749797 -0.10004990 -0.00184494
v -0.05940300 -0.09834694 -0.00079398
v -0.05881994 -0.09861993 -0.00072399
v -0.05957496 -0.09793794 -0.00028798
v -0.05987596 -0.09800392 -0.00071399
v -0.05994898 -0.09796893 -0.00089099
v -0.05981397 -0.09800893 -0.00059798
v -0.05971395 -0.09799295 -0.00044799
v -0.05964595 -0.09796994 -0.00036398
v -0.05888795 -0.09879195 -0.00105697
v -0.06020897 -0.09764695 -0.00028798
v -0.06119298 -0.09690892 -0.00002599
v -0.05987596 -0.09800392 -0.00071399
v -0.05981397 -0.09800893 -0.00059798
v -0.05971395 -0.09799295 -0.00044799
v -0.05964595 -0.09796994 -0.00036398
v -0.06102198 -0.09694093 0.00033802
v -0.06230896 -0.09548592 0.00198597
v -0.06182700 -0.09624892 0.00101197
v -0.06285297 -0.09549492 0.00138897
v -0.06278598 -0.09553694 0.00150299
v -0.06270599 -0.09556198 0.00161499
v -0.06261700 -0.09556996 0.00172102
v -0.06251895 -0.09555894 0.00181997
v -0.06241595 -0.09553092 0.00190902
v 0.06774097 -0.09116595 0.00629401
v 0.06804496 -0.09093493 0.00645399
v 0.06794899 -0.09095597 0.00657797
v 0.06812298 -0.09089195 0.00632799
v 0.06756997 -0.09116393 0.00647998
v 0.06775701 -0.09093093 0.00676602
v 0.06763100 -0.09088194 0.00685799
v 0.06783896 -0.09094995 0.00669301
v 0.06748896 -0.09138298 0.00606400
v 0.06731700 -0.09138095 0.00625002
v 0.06723797 -0.09159994 0.00583398
v 0.06706500 -0.09159696 0.00602102
v 0.06698596 -0.09181594 0.00560301
v 0.06681197 -0.09181398 0.00579101
v 0.06673395 -0.09203296 0.00537300
v 0.06655997 -0.09203094 0.00556201
v 0.06648296 -0.09224992 0.00514299
v 0.06630700 -0.09224694 0.00533301
v 0.06623095 -0.09246593 0.00491202
v 0.06605499 -0.09246397 0.00510299
v 0.06597900 -0.09268295 0.00468200
v 0.06580197 -0.09268093 0.00487399
v 0.06572800 -0.09289997 0.00445199
v 0.06554996 -0.09289795 0.00464398
v 0.06547600 -0.09311693 0.00422102
v 0.06285500 -0.09543293 0.00146401
v 0.06529700 -0.09311395 0.00441498
v 0.06522399 -0.09333294 0.00399101
v 0.06504499 -0.09333097 0.00418502
v 0.06230896 -0.09542596 0.00205499
v 0.06497198 -0.09354996 0.00376099
v 0.06479197 -0.09354794 0.00395602
v 0.06472098 -0.09376692 0.00353003
v 0.06453996 -0.09376394 0.00372601
v 0.06446897 -0.09398293 0.00330001
v 0.06428700 -0.09398096 0.00349700
v 0.06421697 -0.09419995 0.00307000
v 0.06403499 -0.09419792 0.00326800
v 0.06396597 -0.09441697 0.00283897
v 0.06378197 -0.09441494 0.00303799
v 0.06371396 -0.09463393 0.00260901
v 0.06352996 -0.09463095 0.00280899
v 0.06346195 -0.09484994 0.00237900
v 0.06327700 -0.09484797 0.00257897
v 0.06321096 -0.09506696 0.00214797
v 0.06302499 -0.09506493 0.00234997
v 0.06295895 -0.09528392 0.00191802
v 0.06261795 -0.09550797 0.00179297
v 0.06270700 -0.09549993 0.00168800
v 0.06278699 -0.09547495 0.00157702
v 0.06277197 -0.09528094 0.00212002
v 0.06241595 -0.09546995 0.00197899
v 0.06251996 -0.09549796 0.00189102
v 0.06230896 -0.09542596 0.00205499
v 0.06138700 -0.06483894 0.03735899
v 0.06048095 -0.06495195 0.03747296
v 0.06230896 -0.06478393 0.03730499
v 0.05957597 -0.09790796 -0.00025398
v 0.06102597 -0.09689593 0.00039002
v 0.06230896 -0.09542596 0.00205499
v 0.05957597 -0.09790796 -0.00025398
v 0.06061899 -0.09725195 0.00006302
v 0.05970096 -0.09795796 -0.00039399
v 0.05977696 -0.09797495 -0.00049998
v 0.05986797 -0.09797394 -0.00065598
v 0.05991494 -0.09795993 -0.00075498
v 0.05995297 -0.09793597 -0.00085399
v 0.06143999 -0.09665393 0.00022502
v 0.06196898 -0.09610897 0.00111002
v 0.06270700 -0.09549993 0.00168800
v 0.06261795 -0.09550797 0.00179297
v 0.06278699 -0.09547495 0.00157702
v 0.06285500 -0.09543293 0.00146401
v 0.06192398 -0.09611093 0.00116301
v 0.06241595 -0.09546995 0.00197899
v 0.06251996 -0.09549796 0.00189102
v 0.05833595 -0.09932798 -0.00161499
v 0.05915695 -0.09862196 -0.00127894
v 0.05856096 -0.09883493 -0.00082898
v 0.05790597 -0.09942692 -0.00110394
v 0.05749195 -0.10004990 -0.00183797
v 0.05743497 -0.10006890 -0.00164694
v 0.05735498 -0.10006290 -0.00147593
v 0.05730295 -0.10004890 -0.00138795
v 0.05723798 -0.10002690 -0.00129795
v 0.05941694 -0.09830993 -0.00075698
v 0.05995297 -0.09793597 -0.00085399
v 0.05970096 -0.09795796 -0.00039399
v 0.05957597 -0.09790796 -0.00025398
v 0.05977696 -0.09797495 -0.00049998
v 0.05986797 -0.09797394 -0.00065598
v 0.05991494 -0.09795993 -0.00075498
v 0.02822095 -0.08262395 -0.06975293
v 0.02540600 -0.08217293 -0.07139593
v 0.03117799 -0.08289498 -0.06841397
v 0.05456697 -0.08953893 -0.04272997
v 0.05338996 -0.08867096 -0.04567795
v 0.05611300 -0.09016692 -0.03992998
v 0.00252897 -0.08104395 -0.07674396
v 0.00008500 -0.08099496 -0.07692098
v 0.00008400 -0.08092993 -0.07702296
v 0.00008400 -0.08103293 -0.07680696
v 0.00984394 -0.08109498 -0.07615494
v 0.00252700 -0.08105295 -0.07668495
v 0.00494897 -0.08106696 -0.07633697
v 0.00008400 -0.08104294 -0.07668793
v 0.00008400 -0.08102494 -0.07656997
v 0.00739396 -0.08112496 -0.07630497
v 0.01295495 -0.08131992 -0.07508194
v 0.01140999 -0.08125692 -0.07564997
v 0.01615595 -0.08150196 -0.07452398
v 0.02073299 -0.08183294 -0.07280695
v 0.01933795 -0.08161592 -0.07377493
v 0.02003997 -0.08177894 -0.07330697
v 0.02307999 -0.08204793 -0.07215893
v 0.02812796 -0.08260792 -0.06956696
v 0.02678197 -0.08244192 -0.07051098
v 0.02965700 -0.08280295 -0.06902498
v 0.03257900 -0.08322697 -0.06730794
v 0.03393900 -0.08345496 -0.06613695
v 0.03658795 -0.08377695 -0.06484997
v 0.03526794 -0.08367192 -0.06552493
v 0.03797799 -0.08417797 -0.06350797
v 0.03931498 -0.08447295 -0.06209397
v 0.04155397 -0.08480292 -0.06076198
v 0.04043895 -0.08469694 -0.06145793
v 0.04342198 -0.08541095 -0.05864793
v 0.04517495 -0.08592092 -0.05641794
v 0.04606199 -0.08597093 -0.05615895
v 0.04561895 -0.08601093 -0.05630797
v 0.04768496 -0.08664298 -0.05385297
v 0.05017900 -0.08758294 -0.04999393
v 0.05003398 -0.08726894 -0.05109894
v 0.05011296 -0.08749395 -0.05056595
v 0.05183595 -0.08818894 -0.04789394
v 0.05417698 -0.08940994 -0.04299795
v 0.05380797 -0.08910995 -0.04436296
v 0.05517095 -0.08985894 -0.04150593
v 0.05682998 -0.09095996 -0.03731793
v 0.05739396 -0.09161096 -0.03464096
v 0.05817097 -0.09174895 -0.03389894
v 0.05779194 -0.09175896 -0.03429496
v 0.05894899 -0.09304797 -0.02943998
v 0.05932396 -0.09419196 -0.02492994
v 0.05992597 -0.09421497 -0.02456998
v 0.05963599 -0.09428793 -0.02477395
v 0.05992597 -0.09558898 -0.01981896
v 0.05948799 -0.09676796 -0.01503396
v 0.06006395 -0.09667497 -0.01508098
v 0.05974894 -0.09679895 -0.01513493
v 0.05991798 -0.09676396 -0.01511394
v 0.05978798 -0.09680896 -0.01507896
v 0.05962395 -0.09728097 -0.01322793
v 0.05909496 -0.09770494 -0.01135694
v 0.05931597 -0.09819698 -0.00910997
v 0.05922895 -0.09803795 -0.01025694
v 0.05845695 -0.09863197 -0.00771695
v 0.05890297 -0.09850394 -0.00842893
v 0.05851399 -0.09897094 -0.00659895
v 0.05852395 -0.09913295 -0.00543696
v 0.05784499 -0.09968996 -0.00370693
v 0.05749195 -0.10004990 -0.00183797
v 0.05737096 -0.10012290 -0.00189596
v 0.05722999 -0.10015390 -0.00194895
v 0.05777299 -0.09970092 -0.00372994
v 0.05694496 -0.10007990 -0.00202197
v 0.05708396 -0.10013990 -0.00199294
v 0.02967494 -0.10850690 0.03099596
v 0.02963197 -0.10845190 0.03093296
v 0.02977597 -0.10843190 0.03085196
v 0.02983200 -0.10849890 0.03093200
v 0.02972197 -0.10854690 0.03106701
v 0.02989095 -0.10854100 0.03102397
v 0.02976995 -0.10856990 0.03114396
v 0.02994996 -0.10855590 0.03112500
v 0.02981799 -0.10857590 0.03122401
v 0.03000599 -0.10854390 0.03122699
v 0.02986395 -0.10856490 0.03130501
v 0.02899897 -0.10868290 0.03157699
v 0.02976995 -0.10856990 0.03114396
v 0.02981799 -0.10857590 0.03122401
v 0.02986395 -0.10856490 0.03130501
v 0.02829796 -0.10879490 0.03216099
v 0.02897596 -0.10867290 0.03153699
v 0.02963197 -0.10845190 0.03093296
v 0.02967494 -0.10850690 0.03099596
v 0.02972197 -0.10854690 0.03106701
v 0.02793896 -0.10869800 0.03186100
v 0.02811700 -0.10879600 0.03199601
v 0.02725195 -0.10891190 0.03243899
v 0.02621299 -0.10892490 0.03272497
v 0.02655297 -0.10902690 0.03303200
v 0.02638095 -0.10902390 0.03286397
v 0.02461194 -0.10923790 0.03367197
v 0.02267295 -0.10933500 0.03427100
v 0.02297198 -0.10944700 0.03459298
v 0.02282094 -0.10943590 0.03441697
v 0.01915198 -0.10979090 0.03573900
v 0.01532298 -0.10998390 0.03666496
v 0.01552796 -0.11011090 0.03700798
v 0.01542496 -0.11008690 0.03682196
v 0.01332795 -0.11022690 0.03732299
v 0.01112496 -0.11024490 0.03758996
v 0.00869000 -0.11049890 0.03835397
v 0.00991297 -0.11041200 0.03797197
v 0.00686795 -0.11042790 0.03821796
v 0.00777596 -0.11050090 0.03827798
v 0.00561500 -0.11056990 0.03851097
v 0.00435096 -0.11063490 0.03880399
v 0.00216395 -0.11063490 0.03872597
v -0.00001000 -0.11054390 0.03860098
v -0.00001000 -0.11068090 0.03895300
v -0.00001000 -0.11064690 0.03876399
v 0.05342799 -0.09779793 0.03671598
v 0.05331397 -0.09788495 0.03673797
v 0.05314099 -0.09841293 0.03387796
v 0.05209797 -0.10250390 0.01294600
v 0.05200999 -0.10287490 0.01035201
v 0.05203098 -0.10273090 0.01026695
v 0.05195397 -0.10300790 0.01043999
v 0.05186200 -0.10312700 0.01052898
v 0.05173599 -0.10322390 0.01061397
v 0.05187696 -0.10273290 0.01300698
v 0.05267095 -0.10048690 0.02250897
v 0.05359798 -0.09741497 0.03663796
v 0.05245095 -0.10070390 0.02256900
v 0.05334699 -0.09821093 0.03382700
v 0.05357396 -0.09755593 0.03666400
v 0.05351698 -0.09768593 0.03669100
v 0.05150198 -0.10332000 0.01098996
v 0.05162698 -0.10328400 0.01053100
v 0.05173599 -0.10322390 0.01061397
v 0.05099099 -0.10331600 0.01074296
v 0.05125397 -0.10320890 0.01032096
v 0.05137395 -0.10327590 0.01037800
v 0.05075699 -0.10358290 0.01154696
v 0.05045396 -0.10352790 0.01158100
v 0.05072396 -0.10342190 0.01116299
v 0.05125397 -0.10340290 0.01085001
v 0.05150300 -0.10330200 0.01045000
v 0.05113595 -0.10345090 0.01103699
v 0.05126398 -0.10341590 0.01136499
v 0.05100095 -0.10350400 0.01124799
v 0.05102396 -0.10351090 0.01173800
v 0.05074596 -0.10360390 0.01164299
v 0.04824894 -0.10450690 0.01564699
v 0.04797899 -0.10458890 0.01553696
v 0.04769796 -0.10450690 0.01546001
v 0.04648196 -0.10505990 0.01740300
v 0.04516500 -0.10545700 0.01932799
v 0.04463100 -0.10543690 0.01910901
v 0.04493498 -0.10550090 0.01910597
v 0.04490196 -0.10552590 0.01920199
v 0.04406595 -0.10575800 0.02006697
v 0.04169899 -0.10635390 0.02266496
v 0.04294097 -0.10588590 0.02080398
v 0.04233396 -0.10619690 0.02172297
v 0.04118597 -0.10630690 0.02242100
v 0.04144400 -0.10640400 0.02252596
v 0.03961896 -0.10680090 0.02409499
v 0.03798496 -0.10714190 0.02575099
v 0.03752499 -0.10707990 0.02548795
v 0.03780299 -0.10715400 0.02551901
v 0.03775495 -0.10717600 0.02560400
v 0.03583997 -0.10754090 0.02707099
v 0.03409600 -0.10787090 0.02862697
v 0.03369098 -0.10779690 0.02834898
v 0.03393697 -0.10787090 0.02840101
v 0.03389197 -0.10789090 0.02847295
v 0.03188598 -0.10822790 0.02981799
v 0.03000599 -0.10854390 0.03122699
v 0.02994996 -0.10855590 0.03112500
v 0.02989095 -0.10854100 0.03102397
v 0.02983200 -0.10849890 0.03093200
v 0.02977597 -0.10843190 0.03085196
v 0.05200296 -0.10247690 0.00963801
v 0.05201900 -0.10239390 0.00968599
v 0.05203098 -0.10273090 0.01026695
v 0.05200695 -0.10283600 0.01020699
v 0.05196899 -0.10255490 0.00959396
v 0.05195295 -0.10293400 0.01015096
v 0.05191898 -0.10262690 0.00955397
v 0.05187898 -0.10301500 0.01010596
v 0.05185395 -0.10268890 0.00951999
v 0.05177599 -0.10273890 0.00949198
v 0.05171298 -0.10310790 0.01005595
v 0.05168896 -0.10277490 0.00947297
v 0.05159598 -0.10279690 0.00946301
v 0.05151796 -0.10313790 0.01004201
v 0.05149996 -0.10280190 0.00946200
v 0.05132198 -0.10298990 0.00987297
v 0.05132699 -0.10310190 0.01006698
v 0.05140399 -0.10279190 0.00946999
v 0.05131798 -0.10287790 0.00967997
v 0.05131298 -0.10276590 0.00948697
v 0.05790597 -0.09942692 -0.00110394
v 0.05579596 -0.09989595 0.00030301
v 0.05723798 -0.10002690 -0.00129795
v 0.05856096 -0.09883493 -0.00082898
v 0.05533099 -0.07118093 0.03754800
v 0.05607897 -0.06742495 0.03994500
v 0.05561900 -0.06817394 0.04069399
v 0.05533897 -0.06896597 0.04148596
v 0.05524396 -0.06977993 0.04229998
v 0.05646300 -0.06968396 0.03605097
v 0.05747997 -0.06613296 0.03865396
v 0.05670398 -0.06673794 0.03925901
v 0.05504298 -0.07418894 0.03440201
v 0.05821496 -0.06852394 0.03489100
v 0.06048095 -0.06495195 0.03747296
v 0.05939400 -0.06522893 0.03775000
v 0.05838400 -0.06562596 0.03814595
v 0.05622196 -0.07262992 0.03284299
v 0.05475497 -0.07719695 0.03125596
v 0.05804598 -0.07142198 0.03163498
v 0.05597996 -0.07557594 0.02963501
v 0.05446696 -0.08020496 0.02810996
v 0.05787700 -0.07431995 0.02837896
v 0.05573898 -0.07852196 0.02642697
v 0.05417895 -0.08321195 0.02496397
v 0.05201900 -0.10239390 0.00968599
v 0.05770796 -0.07721793 0.02512300
v 0.05549699 -0.08146792 0.02322000
v 0.05389100 -0.08621996 0.02181798
v 0.05753898 -0.08011597 0.02186697
v 0.05525594 -0.08441394 0.02001196
v 0.05360198 -0.08922797 0.01867198
v 0.05736994 -0.08301395 0.01861196
v 0.05957597 -0.09790796 -0.00025398
v 0.05501496 -0.08735996 0.01680397
v 0.05331397 -0.09223598 0.01552599
v 0.05720096 -0.08591192 0.01535600
v 0.05477297 -0.09030592 0.01359599
v 0.05302596 -0.09524297 0.01238000
v 0.05703198 -0.08880996 0.01209998
v 0.05453199 -0.09325194 0.01038801
v 0.05273795 -0.09825092 0.00923401
v 0.05220597 -0.10137200 0.00758600
v 0.05267298 -0.10072690 0.00582802
v 0.05205595 -0.10185300 0.00864798
v 0.05686295 -0.09170794 0.00884402
v 0.05428999 -0.09619796 0.00717998
v 0.05669397 -0.09460598 0.00558800
v 0.05404895 -0.09914296 0.00397199
v 0.05347597 -0.10023090 0.00390500
v 0.05452996 -0.09995895 0.00205099
v 0.05652499 -0.09750396 0.00233197
v 0.05632299 -0.06842297 0.04225897
v 0.05624198 -0.06912195 0.04295796
v 0.05607599 -0.06913197 0.04294800
v 0.05533897 -0.06896597 0.04148596
v 0.05526995 -0.06966292 0.04241698
v 0.05524396 -0.06977993 0.04229998
v 0.06048095 -0.06495195 0.03747296
v 0.06048697 -0.06484293 0.03761899
v 0.05939400 -0.06522893 0.03775000
v 0.05615895 -0.06841397 0.04223001
v 0.05656397 -0.06774294 0.04157900
v 0.05599999 -0.06842392 0.04218298
v 0.05591499 -0.06916093 0.04291898
v 0.05584996 -0.06845396 0.04211699
v 0.05576199 -0.06920897 0.04287099
v 0.05571299 -0.06850296 0.04203599
v 0.05562299 -0.06927293 0.04280596
v 0.05559200 -0.06856995 0.04194200
v 0.05550098 -0.06935393 0.04272598
v 0.05549198 -0.06865096 0.04183697
v 0.05539995 -0.06944698 0.04263299
v 0.05541598 -0.06874692 0.04172396
v 0.05532199 -0.06955093 0.04252898
v 0.05640697 -0.06771492 0.04153096
v 0.05695796 -0.06709897 0.04093599
v 0.05536794 -0.06884193 0.04161697
v 0.05625396 -0.06770694 0.04146599
v 0.05610996 -0.06771993 0.04138296
v 0.05597800 -0.06775397 0.04128700
v 0.05586296 -0.06780594 0.04117900
v 0.05576699 -0.06787693 0.04106199
v 0.05569297 -0.06796294 0.04093998
v 0.05681198 -0.06705397 0.04087001
v 0.05749595 -0.06650996 0.04034596
v 0.05564695 -0.06805294 0.04082798
v 0.05561900 -0.06817394 0.04069399
v 0.05666995 -0.06702893 0.04078698
v 0.05653500 -0.06702595 0.04068899
v 0.05641299 -0.06704497 0.04057800
v 0.05630499 -0.06708395 0.04045701
v 0.05621600 -0.06714397 0.04032999
v 0.05614697 -0.06722193 0.04019898
v 0.05736398 -0.06644797 0.04026496
v 0.05816197 -0.06598997 0.03982698
v 0.05610400 -0.06730693 0.04008197
v 0.05607897 -0.06742495 0.03994500
v 0.05723595 -0.06640797 0.04016596
v 0.05711495 -0.06638997 0.04005300
v 0.05700498 -0.06639492 0.03992795
v 0.05690795 -0.06642293 0.03979599
v 0.05682796 -0.06647294 0.03965801
v 0.05676597 -0.06654393 0.03952097
v 0.05804795 -0.06591492 0.03973096
v 0.05893898 -0.06555497 0.03939098
v 0.05672800 -0.06662392 0.03939896
v 0.05670398 -0.06673794 0.03925901
v 0.05793797 -0.06585997 0.03961896
v 0.05783396 -0.06582993 0.03949201
v 0.05773895 -0.06582295 0.03935599
v 0.05765599 -0.06583994 0.03921300
v 0.05758595 -0.06588095 0.03906697
v 0.05753296 -0.06594496 0.03892201
v 0.05884599 -0.06546694 0.03928297
v 0.05980497 -0.06521397 0.03904998
v 0.05750000 -0.06602096 0.03879600
v 0.05747997 -0.06613296 0.03865396
v 0.05875694 -0.06540095 0.03915899
v 0.05867195 -0.06535893 0.03902196
v 0.05859500 -0.06534194 0.03887498
v 0.05852699 -0.06535094 0.03872299
v 0.05847096 -0.06538492 0.03856998
v 0.05842798 -0.06544297 0.03841996
v 0.05973696 -0.06511694 0.03893297
v 0.06073898 -0.06497794 0.03881400
v 0.06069099 -0.06486195 0.03867399
v 0.05840098 -0.06551593 0.03829097
v 0.05838400 -0.06562596 0.03814595
v 0.05966997 -0.06504195 0.03880000
v 0.06064397 -0.06477493 0.03851401
v 0.05960696 -0.06499195 0.03865396
v 0.06060099 -0.06471997 0.03833895
v 0.05954998 -0.06496697 0.03850001
v 0.06056296 -0.06469893 0.03816300
v 0.05949997 -0.06496894 0.03834098
v 0.06052994 -0.06471192 0.03797698
v 0.05945795 -0.06499695 0.03818196
v 0.06050497 -0.06475794 0.03779697
v 0.05942595 -0.06505095 0.03802800
v 0.05940598 -0.06512093 0.03789597
v 0.05880898 -0.06912195 0.04295796
v 0.05886298 -0.06812596 0.04309397
v 0.05880898 -0.06855595 0.04352396
v 0.05886298 -0.06869196 0.04252797
v 0.05902099 -0.06827497 0.04211199
v 0.05902099 -0.06770998 0.04267698
v 0.05927795 -0.06788396 0.04172098
v 0.05927795 -0.06731897 0.04228597
v 0.05962795 -0.06753093 0.04136699
v 0.05962795 -0.06696492 0.04193300
v 0.06005996 -0.06722593 0.04106199
v 0.06005996 -0.06665992 0.04162800
v 0.06055897 -0.06697893 0.04081499
v 0.06055897 -0.06641292 0.04137998
v 0.06111198 -0.06679594 0.04063200
v 0.06111198 -0.06623095 0.04119801
v 0.06170195 -0.06668496 0.04052096
v 0.06170195 -0.06611895 0.04108601
v 0.06230896 -0.06664693 0.04048299
v 0.06230896 -0.06608092 0.04104900
v 0.06291699 -0.06668496 0.04052096
v 0.06291699 -0.06611895 0.04108601
v 0.06350696 -0.06679594 0.04063200
v 0.06350696 -0.06623095 0.04119801
v 0.06405895 -0.06697893 0.04081499
v 0.06405895 -0.06641292 0.04137998
v 0.06455898 -0.06722593 0.04106199
v 0.06455898 -0.06665992 0.04162800
v 0.06499099 -0.06753093 0.04136699
v 0.06499099 -0.06696492 0.04193300
v 0.06534099 -0.06788396 0.04172098
v 0.06534099 -0.06731897 0.04228597
v 0.06559801 -0.06827497 0.04211199
v 0.06559801 -0.06770998 0.04267698
v 0.06575596 -0.06869196 0.04252797
v 0.06575596 -0.06812596 0.04309397
v 0.06580895 -0.06912195 0.04295796
v 0.06580895 -0.06855595 0.04352396
v 0.06575596 -0.06955194 0.04338800
v 0.06575596 -0.06898593 0.04395401
v 0.06559801 -0.06996792 0.04380500
v 0.06559801 -0.06940293 0.04436999
v 0.06534099 -0.07035893 0.04419499
v 0.06534099 -0.06979393 0.04476100
v 0.06499099 -0.07071292 0.04454898
v 0.06499099 -0.07014697 0.04511499
v 0.06455898 -0.07101798 0.04485398
v 0.06455898 -0.07045197 0.04541999
v 0.06405895 -0.07126498 0.04510098
v 0.06405895 -0.07069897 0.04566699
v 0.06350696 -0.07144695 0.04528397
v 0.06350696 -0.07088196 0.04584896
v 0.06291699 -0.07155895 0.04539501
v 0.06291699 -0.07099294 0.04596096
v 0.06230896 -0.07159698 0.04543298
v 0.06230896 -0.07103097 0.04599899
v 0.06170195 -0.07155895 0.04539501
v 0.06170195 -0.07099294 0.04596096
v 0.06111198 -0.07144695 0.04528397
v 0.06111198 -0.07088196 0.04584896
v 0.06055897 -0.07069897 0.04566699
v 0.06055897 -0.07126498 0.04510098
v 0.06005996 -0.07101798 0.04485398
v 0.06005996 -0.07045197 0.04541999
v 0.05962795 -0.07071292 0.04454898
v 0.05962795 -0.07014697 0.04511499
v 0.05927795 -0.07035893 0.04419499
v 0.05927795 -0.06979393 0.04476100
v 0.05902099 -0.06940293 0.04436999
v 0.05902099 -0.06996792 0.04380500
v 0.05886298 -0.06955194 0.04338800
v 0.05886298 -0.06898593 0.04395401
v 0.05880898 -0.06912195 0.04295796
v 0.05880898 -0.06855595 0.04352396
v 0.06235295 -0.06471097 0.03852200
v 0.06236195 -0.06483095 0.03866696
v 0.06150597 -0.06488096 0.03871697
v 0.06230896 -0.06478393 0.03730499
v 0.06231296 -0.06467694 0.03745198
v 0.06138700 -0.06483894 0.03735899
v 0.06148296 -0.06476396 0.03857600
v 0.06073898 -0.06497794 0.03881400
v 0.06069099 -0.06486195 0.03867399
v 0.06234496 -0.06462097 0.03835797
v 0.06145900 -0.06467294 0.03841197
v 0.06064397 -0.06477493 0.03851401
v 0.06233698 -0.06456196 0.03817999
v 0.06143796 -0.06461495 0.03823399
v 0.06060099 -0.06471997 0.03833895
v 0.06232994 -0.06453895 0.03800100
v 0.06141996 -0.06459194 0.03805500
v 0.06056296 -0.06469893 0.03816300
v 0.06232398 -0.06454896 0.03781199
v 0.06140297 -0.06460297 0.03786700
v 0.06052994 -0.06471192 0.03797698
v 0.06231796 -0.06459397 0.03763097
v 0.06139099 -0.06464797 0.03768599
v 0.06050497 -0.06475794 0.03779697
v 0.06138199 -0.06473195 0.03750699
v 0.06048697 -0.06484293 0.03761899
v 0.06048095 -0.06495195 0.03747296
v 0.05521899 0.05036300 -0.06240093
v 0.05538499 0.05037301 -0.06239098
v 0.05547797 0.04962801 -0.06164598
v 0.06037098 0.04602199 -0.05805993
v 0.06145298 0.04595500 -0.05799293
v 0.06145298 0.04581201 -0.05790793
v 0.06039899 0.04614800 -0.05816596
v 0.06034195 0.04588103 -0.05797696
v 0.06145298 0.04565703 -0.05784797
v 0.06031596 0.04572701 -0.05791896
v 0.06145298 0.04549401 -0.05781495
v 0.06029200 0.04556500 -0.05788695
v 0.06145298 0.04532700 -0.05780893
v 0.06027096 0.04540002 -0.05788195
v 0.06145298 0.04516202 -0.05783092
v 0.06025296 0.04523599 -0.05790495
v 0.06145298 0.04500299 -0.05787998
v 0.06023997 0.04507797 -0.05795496
v 0.06145298 0.04485398 -0.05795496
v 0.05932098 0.04622101 -0.05825895
v 0.05937796 0.04634100 -0.05835896
v 0.06023097 0.04492902 -0.05802994
v 0.06145298 0.04471898 -0.05805295
v 0.06022596 0.04479503 -0.05812895
v 0.05926597 0.04608500 -0.05818098
v 0.05921399 0.04593598 -0.05812698
v 0.05916595 0.04577898 -0.05809998
v 0.05912399 0.04561698 -0.05809897
v 0.05908995 0.04545700 -0.05812597
v 0.05906295 0.04530102 -0.05817794
v 0.05833595 0.04654598 -0.05858397
v 0.05841898 0.04665702 -0.05867594
v 0.05904495 0.04515403 -0.05825495
v 0.05903697 0.04502099 -0.05835396
v 0.05825597 0.04641801 -0.05851393
v 0.05817896 0.04627698 -0.05846798
v 0.05810999 0.04612702 -0.05844795
v 0.05804896 0.04597198 -0.05845397
v 0.05799800 0.04581600 -0.05848497
v 0.05795896 0.04566502 -0.05854195
v 0.05744600 0.04698699 -0.05902397
v 0.05755299 0.04708600 -0.05910396
v 0.05793297 0.04552102 -0.05862194
v 0.05791997 0.04538899 -0.05872195
v 0.05734199 0.04686999 -0.05896598
v 0.05724400 0.04673999 -0.05893093
v 0.05715495 0.04659998 -0.05892097
v 0.05707699 0.04645299 -0.05893498
v 0.05701196 0.04630500 -0.05897396
v 0.05696195 0.04615902 -0.05903595
v 0.05667799 0.04752999 -0.05956798
v 0.05680495 0.04761499 -0.05963295
v 0.05692797 0.04601800 -0.05911898
v 0.05691200 0.04588800 -0.05922198
v 0.05655395 0.04742699 -0.05952298
v 0.05643796 0.04730999 -0.05950194
v 0.05633097 0.04718202 -0.05950397
v 0.05623799 0.04704701 -0.05952894
v 0.05615997 0.04690700 -0.05957597
v 0.05609995 0.04676800 -0.05964493
v 0.05605494 0.04815900 -0.06019693
v 0.05619800 0.04822802 -0.06024593
v 0.05605995 0.04663199 -0.05973297
v 0.05604100 0.04650402 -0.05983793
v 0.05591499 0.04807299 -0.06016898
v 0.05578297 0.04797202 -0.06016296
v 0.05566298 0.04785698 -0.06017893
v 0.05555695 0.04773402 -0.06021595
v 0.05546897 0.04760503 -0.06027394
v 0.05540198 0.04747301 -0.06034994
v 0.05559498 0.04885601 -0.06089293
v 0.05575096 0.04890602 -0.06092393
v 0.05535596 0.04734301 -0.06044393
v 0.05533397 0.04721701 -0.06055098
v 0.05544400 0.04878699 -0.06088298
v 0.05530095 0.04870301 -0.06089395
v 0.05516999 0.04860401 -0.06092596
v 0.05505496 0.04849499 -0.06097698
v 0.05495995 0.04837703 -0.06104594
v 0.05488699 0.04825401 -0.06113094
v 0.05531400 0.04959803 -0.06163597
v 0.05483800 0.04812902 -0.06122994
v 0.05481398 0.04800701 -0.06133997
v 0.05449497 0.04884803 -0.06218093
v 0.05515497 0.04954898 -0.06164497
v 0.05490595 0.05028599 -0.06247794
v 0.05505800 0.05033403 -0.06242996
v 0.05500495 0.04948198 -0.06167393
v 0.05486798 0.04940003 -0.06172198
v 0.05476695 0.05022102 -0.06254297
v 0.05474799 0.04930502 -0.06178694
v 0.05464500 0.05014103 -0.06262296
v 0.05464899 0.04919898 -0.06186795
v 0.05457198 0.04908502 -0.06196296
v 0.05446594 0.04994302 -0.06282097
v 0.05451995 0.04896700 -0.06206798
v 0.05438798 0.04971498 -0.06304895
v 0.05441296 0.04983198 -0.06293195
v 0.05800598 0.05080300 -0.06282097
v 0.05795300 0.05093902 -0.06182497
v 0.05795300 0.05037301 -0.06239098
v 0.05800598 0.05136799 -0.06225496
v 0.05816400 0.05121898 -0.06323796
v 0.05816400 0.05178499 -0.06267195
v 0.05842196 0.05160999 -0.06362897
v 0.05842196 0.05217599 -0.06306296
v 0.05877196 0.05196398 -0.06398195
v 0.05877196 0.05252903 -0.06341594
v 0.05920296 0.05226898 -0.06428694
v 0.05920296 0.05283498 -0.06372094
v 0.05970299 0.05251598 -0.06453394
v 0.05970299 0.05308198 -0.06396895
v 0.06025600 0.05269902 -0.06471693
v 0.06025600 0.05326402 -0.06415098
v 0.06084495 0.05281001 -0.06482797
v 0.06084495 0.05337601 -0.06426298
v 0.06145298 0.05284798 -0.06486594
v 0.06145298 0.05341398 -0.06429994
v 0.06206095 0.05281001 -0.06482797
v 0.06206095 0.05337601 -0.06426298
v 0.06264996 0.05269902 -0.06471693
v 0.06264996 0.05326402 -0.06415098
v 0.06320297 0.05251598 -0.06453394
v 0.06320297 0.05308198 -0.06396895
v 0.06370300 0.05226898 -0.06428694
v 0.06370300 0.05283498 -0.06372094
v 0.06413400 0.05196398 -0.06398195
v 0.06413400 0.05252903 -0.06341594
v 0.06448400 0.05160999 -0.06362897
v 0.06448400 0.05217599 -0.06306296
v 0.06474196 0.05121898 -0.06323796
v 0.06474196 0.05178499 -0.06267195
v 0.06489998 0.05080300 -0.06282097
v 0.06489998 0.05136799 -0.06225496
v 0.06495296 0.05037301 -0.06239098
v 0.06495296 0.05093902 -0.06182497
v 0.06489998 0.04994302 -0.06196093
v 0.06489998 0.05050903 -0.06139594
v 0.06474196 0.04952698 -0.06154495
v 0.06474196 0.05009198 -0.06097894
v 0.06448400 0.04913598 -0.06115394
v 0.06448400 0.04970103 -0.06058794
v 0.06413400 0.04878199 -0.06079995
v 0.06413400 0.04934799 -0.06023496
v 0.06370300 0.04847699 -0.06049495
v 0.06370300 0.04904299 -0.05992996
v 0.06320297 0.04822999 -0.06024795
v 0.06320297 0.04879498 -0.05968195
v 0.06264996 0.04804700 -0.06006497
v 0.06264996 0.04861301 -0.05949997
v 0.06206095 0.04793602 -0.05995398
v 0.06206095 0.04850101 -0.05938798
v 0.06145298 0.04789799 -0.05991595
v 0.06145298 0.04846400 -0.05935096
v 0.06084495 0.04793602 -0.05995398
v 0.06084495 0.04850101 -0.05938798
v 0.06025600 0.04804700 -0.06006497
v 0.06025600 0.04861301 -0.05949997
v 0.05970299 0.04822999 -0.06024795
v 0.05970299 0.04879498 -0.05968195
v 0.05920296 0.04847699 -0.06049495
v 0.05920296 0.04904299 -0.05992996
v 0.05877196 0.04878199 -0.06079995
v 0.05877196 0.04934799 -0.06023496
v 0.05842196 0.04913598 -0.06115394
v 0.05842196 0.04970103 -0.06058794
v 0.05816400 0.04952698 -0.06154495
v 0.05816400 0.05009198 -0.06097894
v 0.05800598 0.04994302 -0.06196093
v 0.05800598 0.05050903 -0.06139594
v 0.05795300 0.05037301 -0.06239098
v 0.05795300 0.05093902 -0.06182497
v 0.06084495 0.05337601 -0.06426298
v 0.05920296 0.05283498 -0.06372094
v 0.05970299 0.05308198 -0.06396895
v 0.06025600 0.05326402 -0.06415098
v 0.06206095 0.05337601 -0.06426298
v 0.06145298 0.05341398 -0.06429994
v 0.05800598 0.05050903 -0.06139594
v 0.05795300 0.05093902 -0.06182497
v 0.05800598 0.05136799 -0.06225496
v 0.05816400 0.05178499 -0.06267195
v 0.05842196 0.05217599 -0.06306296
v 0.05877196 0.05252903 -0.06341594
v 0.06320297 0.05308198 -0.06396895
v 0.06264996 0.05326402 -0.06415098
v 0.06370300 0.05283498 -0.06372094
v 0.05920296 0.04904299 -0.05992996
v 0.05877196 0.04934799 -0.06023496
v 0.05842196 0.04970103 -0.06058794
v 0.05816400 0.05009198 -0.06097894
v 0.05970299 0.04879498 -0.05968195
v 0.06489998 0.05136799 -0.06225496
v 0.06413400 0.05252903 -0.06341594
v 0.06448400 0.05217599 -0.06306296
v 0.06474196 0.05178499 -0.06267195
v 0.06489998 0.05050903 -0.06139594
v 0.06495296 0.05093902 -0.06182497
v 0.06206095 0.04850101 -0.05938798
v 0.06145298 0.04846400 -0.05935096
v 0.06084495 0.04850101 -0.05938798
v 0.06264996 0.04861301 -0.05949997
v 0.06025600 0.04861301 -0.05949997
v 0.06448400 0.04970103 -0.06058794
v 0.06474196 0.05009198 -0.06097894
v 0.06413400 0.04934799 -0.06023496
v 0.06370300 0.04904299 -0.05992996
v 0.06320297 0.04879498 -0.05968195
v 0.06111198 -0.06623095 0.04119801
v 0.06005996 -0.06665992 0.04162800
v 0.06055897 -0.06641292 0.04137998
v 0.06291699 -0.06611895 0.04108601
v 0.06170195 -0.06611895 0.04108601
v 0.06230896 -0.06608092 0.04104900
v 0.06405895 -0.06641292 0.04137998
v 0.06350696 -0.06623095 0.04119801
v 0.05962795 -0.07014697 0.04511499
v 0.05927795 -0.06979393 0.04476100
v 0.05902099 -0.06940293 0.04436999
v 0.06455898 -0.06665992 0.04162800
v 0.05962795 -0.06696492 0.04193300
v 0.06055897 -0.07069897 0.04566699
v 0.06005996 -0.07045197 0.04541999
v 0.06534099 -0.06731897 0.04228597
v 0.06499099 -0.06696492 0.04193300
v 0.06559801 -0.06770998 0.04267698
v 0.06575596 -0.06812596 0.04309397
v 0.05927795 -0.06731897 0.04228597
v 0.06575596 -0.06898593 0.04395401
v 0.05886298 -0.06812596 0.04309397
v 0.05902099 -0.06770998 0.04267698
v 0.06580895 -0.06855595 0.04352396
v 0.06350696 -0.07088196 0.04584896
v 0.06291699 -0.07099294 0.04596096
v 0.06230896 -0.07103097 0.04599899
v 0.06559801 -0.06940293 0.04436999
v 0.05880898 -0.06855595 0.04352396
v 0.05886298 -0.06898593 0.04395401
v 0.06455898 -0.07045197 0.04541999
v 0.06405895 -0.07069897 0.04566699
v 0.06170195 -0.07099294 0.04596096
v 0.06111198 -0.07088196 0.04584896
v 0.06499099 -0.07014697 0.04511499
v 0.06534099 -0.06979393 0.04476100
v -0.06534099 -0.06731897 0.04228597
v -0.06499099 -0.06696492 0.04193300
v -0.06455898 -0.06665992 0.04162800
v -0.06350600 -0.06623095 0.04119801
v -0.06405895 -0.06641292 0.04137998
v -0.06575596 -0.06812596 0.04309397
v -0.06559801 -0.06770998 0.04267698
v -0.06580895 -0.06855595 0.04352396
v -0.06534099 -0.06979393 0.04476100
v -0.06559801 -0.06940293 0.04436999
v -0.06575596 -0.06898593 0.04395401
v -0.06055897 -0.06641292 0.04137998
v -0.06170195 -0.06611895 0.04108601
v -0.06111198 -0.06623095 0.04119801
v -0.06499099 -0.07014697 0.04511499
v -0.06455898 -0.07045197 0.04541999
v -0.06405895 -0.07069897 0.04566699
v -0.05927795 -0.06731897 0.04228597
v -0.06005996 -0.06665992 0.04162800
v -0.05962795 -0.06696492 0.04193300
v -0.06291699 -0.07099294 0.04596096
v -0.06291699 -0.06611895 0.04108601
v -0.06350600 -0.07088196 0.04584896
v -0.06230896 -0.07103097 0.04599899
v -0.06230896 -0.06608092 0.04104900
v -0.06111198 -0.07088196 0.04584896
v -0.06170195 -0.07099294 0.04596096
v -0.05901998 -0.06940293 0.04436999
v -0.05886298 -0.06812596 0.04309397
v -0.05880898 -0.06855595 0.04352396
v -0.05901998 -0.06770998 0.04267698
v -0.05886298 -0.06898593 0.04395401
v -0.06055897 -0.07069897 0.04566699
v -0.05962795 -0.07014697 0.04511499
v -0.06005996 -0.07045197 0.04541999
v -0.05927795 -0.06979393 0.04476100
v -0.06264996 0.05326402 -0.06415098
v -0.06370300 0.05283498 -0.06372094
v -0.06320297 0.05308198 -0.06396895
v -0.06206095 0.05337601 -0.06426298
v -0.06413400 0.05252903 -0.06341594
v -0.06489998 0.05136799 -0.06225496
v -0.06474196 0.05178499 -0.06267195
v -0.06448400 0.05217599 -0.06306296
v -0.06025600 0.05326402 -0.06415098
v -0.06145298 0.05341398 -0.06429994
v -0.06084495 0.05337601 -0.06426298
v -0.06474196 0.05009198 -0.06097894
v -0.06489998 0.05050903 -0.06139594
v -0.06495296 0.05093902 -0.06182497
v -0.05877196 0.05252903 -0.06341594
v -0.05970299 0.05308198 -0.06396895
v -0.05920296 0.05283498 -0.06372094
v -0.06370300 0.04904299 -0.05992996
v -0.06413400 0.04934799 -0.06023496
v -0.06448400 0.04970103 -0.06058794
v -0.05816400 0.05178499 -0.06267195
v -0.05842196 0.05217599 -0.06306296
v -0.06206095 0.04850101 -0.05938798
v -0.06264996 0.04861301 -0.05949997
v -0.06320297 0.04879498 -0.05968195
v -0.06145298 0.04846400 -0.05935096
v -0.05800598 0.05050903 -0.06139594
v -0.05800598 0.05136799 -0.06225496
v -0.05795300 0.05093902 -0.06182497
v -0.05842196 0.04970103 -0.06058794
v -0.05816400 0.05009198 -0.06097894
v -0.05970299 0.04879498 -0.05968195
v -0.06025600 0.04861301 -0.05949997
v -0.06084495 0.04850101 -0.05938798
v -0.05920296 0.04904299 -0.05992996
v -0.05877196 0.04934799 -0.06023496
v -0.05150794 -0.10248590 0.00889301
v -0.05135995 -0.10213890 0.00832099
v -0.05131298 -0.10276590 0.00948697
v -0.05233097 -0.10089290 0.00510699
v -0.05319994 -0.10027790 0.00285900
v -0.05185794 -0.10111290 0.00592798
v -0.05295699 -0.10061800 0.00466800
v -0.05304998 -0.10056190 0.00445300
v -0.05285096 -0.10065690 0.00433797
v -0.05298697 -0.10048190 0.00498998
v -0.05330795 -0.10043190 0.00389498
v -0.05371195 -0.10014200 0.00344598
v -0.05299896 -0.10048800 0.00359100
v -0.05668997 -0.10009490 -0.00097299
v -0.05724400 -0.10002490 -0.00130093
v -0.05715095 -0.10012400 -0.00138396
v -0.05708098 -0.10016590 -0.00145096
v -0.05640196 -0.09992694 -0.00040798
v -0.05663698 -0.10012090 -0.00102198
v -0.05192595 -0.10246090 0.00928396
v -0.05199497 -0.10249990 0.00962502
v -0.05201900 -0.10239390 0.00968599
v -0.05194199 -0.10259800 0.00957000
v -0.05188697 -0.10250300 0.00926000
v -0.05186599 -0.10267890 0.00952500
v -0.05172300 -0.10245490 0.00891799
v -0.05166399 -0.10247290 0.00890702
v -0.05196100 -0.10206490 0.00852001
v -0.05211395 -0.10161690 0.00814599
v -0.05153495 -0.10233490 0.00860500
v -0.05160695 -0.10248290 0.00889897
v -0.05150395 -0.10233300 0.00860399
v -0.05201900 -0.10185790 0.00814497
v -0.05183595 -0.10204190 0.00816101
v -0.05159997 -0.10213790 0.00821501
v -0.05205899 -0.10172590 0.00785798
v -0.05163496 -0.10199790 0.00792402
v -0.05154496 -0.10158590 0.00712901
v -0.05212497 -0.10155490 0.00746697
v -0.05244499 -0.10097490 0.00656801
v -0.05191695 -0.10177490 0.00758397
v -0.05172896 -0.10172990 0.00733799
v -0.05229997 -0.10123890 0.00667900
v -0.05207794 -0.10144190 0.00679499
v -0.05237799 -0.10113090 0.00638902
v -0.05195897 -0.10132390 0.00634801
v -0.05181097 -0.10155990 0.00693798
v -0.05249500 -0.10099290 0.00599402
v -0.05204296 -0.10121390 0.00605297
v -0.05223196 -0.10121890 0.00621098
v -0.05216997 -0.10107290 0.00565302
v -0.05248600 -0.10094790 0.00541997
v -0.05276799 -0.10074400 0.00520700
v -0.05265796 -0.10079590 0.00487798
v -0.05316400 -0.10050490 0.00373900
v -0.05350196 -0.10037390 0.00314802
v -0.05363398 -0.10029290 0.00330502
v -0.05384099 -0.10022890 0.00292701
v -0.05459296 -0.09994697 0.00195497
v -0.05334597 -0.10036890 0.00299400
v -0.05356198 -0.10030090 0.00261301
v -0.05428194 -0.10012590 0.00218302
v -0.05393195 -0.10025000 0.00239497
v -0.05453795 -0.10008490 0.00178397
v -0.05406498 -0.10018590 0.00179601
v -0.05423694 -0.10005490 0.00121200
v -0.05478197 -0.10005590 0.00142199
v -0.05561196 -0.09988993 0.00053602
v -0.05433297 -0.10014290 0.00139499
v -0.05458796 -0.10011390 0.00103199
v -0.05529499 -0.10002290 0.00071402
v -0.05494797 -0.10010200 0.00087301
v -0.05517297 -0.10007890 0.00025901
v -0.05544096 -0.09999895 -0.00033698
v -0.05578196 -0.10002100 0.00009702
v -0.05553698 -0.10008400 0.00011302
v -0.05558794 -0.10001890 0.00033702
v -0.05548000 -0.10007590 -0.00011699
v -0.05618095 -0.10003790 -0.00037397
v -0.05593597 -0.10009190 -0.00036198
v -0.05568295 -0.10007890 -0.00035599
v -0.05649995 -0.10006200 -0.00072998
v -0.05658298 -0.10013590 -0.00107294
v -0.05600500 -0.10009300 -0.00071998
v -0.05678498 -0.10010090 -0.00176495
v -0.05667197 -0.10014790 -0.00142395
v -0.05697697 -0.10018790 -0.00155598
v -0.05687499 -0.10016590 -0.00166398
v -0.05171298 -0.10268790 0.00933897
v -0.05169999 -0.10277190 0.00947499
v -0.05177199 -0.10224490 0.00853997
v -0.05180197 -0.10214190 0.00835001
v -0.05185300 -0.10197290 0.00801700
v -0.05187296 -0.10190600 0.00787300
v -0.05195200 -0.10168790 0.00738698
v -0.05198997 -0.10160390 0.00718999
v -0.05215096 -0.10132790 0.00650299
v -0.05219095 -0.10127300 0.00635701
v -0.05228996 -0.10114800 0.00601298
v -0.05235296 -0.10107890 0.00581497
v -0.05256897 -0.10086990 0.00514799
v -0.05271995 -0.10078400 0.00504202
v -0.05253297 -0.10086590 0.00506800
v -0.05285996 -0.10067890 0.00493699
v -0.05360597 -0.10034000 0.00295901
v -0.05371195 -0.10030800 0.00277001
v -0.05418199 -0.10019690 0.00199002
v -0.05431097 -0.10017400 0.00178999
v -0.05444300 -0.10015390 0.00159097
v -0.05456596 -0.10013800 0.00141001
v -0.05469095 -0.10012400 0.00122899
v -0.05523794 -0.10008800 0.00049002
v -0.05538594 -0.10008490 0.00030102
v -0.05563497 -0.10008400 -0.00000699
v -0.05573499 -0.10008590 -0.00012597
v -0.05609500 -0.10009990 -0.00054298
v -0.05625498 -0.10010990 -0.00072198
v -0.05151200 -0.10276190 0.00939101
v -0.05150496 -0.10280190 0.00946200
v -0.05176800 -0.10164390 0.00713801
v -0.05544096 -0.10001990 0.00052401
v -0.05633997 -0.10004890 -0.00055298
v -0.04880195 -0.10262900 0.01150900
v -0.05064594 -0.10345590 0.01129496
v -0.05125194 -0.10321190 0.01032900
v -0.05130797 -0.10316800 0.01020097
v -0.05132699 -0.10310190 0.01006901
v -0.05131798 -0.10287790 0.00968099
v -0.05131298 -0.10276590 0.00948697
v -0.05132198 -0.10298990 0.00987500
v -0.05154496 -0.10158590 0.00712901
v -0.05185794 -0.10111290 0.00592798
v -0.05135995 -0.10213890 0.00832099
v -0.05002099 -0.10369790 0.01224899
v -0.04937595 -0.10393590 0.01319199
v -0.04511195 -0.10404700 0.01672196
v -0.04587495 -0.10508190 0.01771998
v -0.04154199 -0.10514590 0.02077996
v -0.04194694 -0.10613090 0.02189701
v -0.03767299 -0.10705000 0.02574497
v -0.03463494 -0.10677890 0.02696198
v -0.03537797 -0.10749390 0.02749598
v -0.03416097 -0.10771500 0.02828997
v -0.03291797 -0.10793390 0.02902001
v -0.03044700 -0.10833490 0.03047001
v -0.02588999 -0.10829290 0.03211498
v -0.02792495 -0.10869990 0.03187298
v -0.02266597 -0.10933500 0.03428000
v -0.01793795 -0.10921800 0.03532201
v -0.01720994 -0.10984200 0.03614896
v -0.01155197 -0.11022400 0.03751099
v -0.00958395 -0.10982190 0.03732699
v -0.00582898 -0.11046090 0.03832596
v -0.00093600 -0.11006790 0.03809499
v -0.00001000 -0.11054390 0.03860098
v -0.00001000 -0.11007100 0.03810298
v -0.05130797 -0.10316800 0.01020097
v -0.05151897 -0.10313890 0.01004397
v -0.05132699 -0.10310190 0.01006901
v -0.05136996 -0.10327790 0.01038396
v -0.05125194 -0.10321190 0.01032900
v -0.05202096 -0.10282700 0.01032400
v -0.05203098 -0.10273090 0.01026898
v -0.05200695 -0.10283600 0.01020896
v -0.05184495 -0.10314590 0.01054400
v -0.05190598 -0.10307990 0.01049196
v -0.05162400 -0.10328690 0.01053798
v -0.05173099 -0.10322990 0.01061797
v -0.05153197 -0.10322090 0.01020699
v -0.05171298 -0.10310790 0.01005697
v -0.05149894 -0.10330390 0.01045697
v -0.05174696 -0.10318790 0.01027500
v -0.05187898 -0.10301500 0.01010799
v -0.05189597 -0.10308090 0.01032197
v -0.05195295 -0.10293400 0.01015299
v -0.05195695 -0.10300290 0.01043701
v -0.05199599 -0.10291790 0.01038098
v -0.00575894 -0.08108097 -0.07625794
v 0.00008400 -0.08102494 -0.07656997
v 0.00007800 -0.07970494 -0.07189297
v -0.00930095 -0.07987797 -0.07107597
v -0.01154398 -0.08125495 -0.07538294
v -0.01719999 -0.08156394 -0.07397693
v -0.01824796 -0.08042192 -0.06884193
v -0.02272498 -0.08201092 -0.07204693
v -0.02670896 -0.08134996 -0.06529498
v -0.02802497 -0.08259296 -0.06962198
v -0.03305494 -0.08330798 -0.06672096
v -0.03447198 -0.08264797 -0.06051397
v -0.03776496 -0.08414995 -0.06336498
v -0.04131096 -0.08427298 -0.05463796
v -0.04212695 -0.08511292 -0.05956798
v -0.04609799 -0.08618992 -0.05536997
v -0.04703998 -0.08616292 -0.04786396
v -0.04959595 -0.08735793 -0.05085498
v -0.05261796 -0.08861798 -0.04601496
v -0.05158299 -0.08829498 -0.04027897
v -0.05513900 -0.08996093 -0.04089194
v -0.05481398 -0.09061497 -0.03205895
v -0.05711895 -0.09136694 -0.03555697
v -0.05853199 -0.09282195 -0.03007298
v -0.05662494 -0.09306192 -0.02344894
v -0.05937600 -0.09431397 -0.02446097
v -0.05963796 -0.09579294 -0.01881998
v -0.05697697 -0.09552496 -0.01461493
v -0.05932098 -0.09724593 -0.01315194
v -0.05582296 -0.09794998 -0.00570399
v -0.05842798 -0.09867095 -0.00755697
v -0.05695295 -0.10007890 -0.00202697
v -0.05678498 -0.10010090 -0.00176495
v -0.05688095 -0.10009890 -0.00188994
v -0.05544096 -0.09999895 -0.00033698
v -0.05423694 -0.10005490 0.00121200
v -0.05319994 -0.10027790 0.00285900
v -0.05727297 -0.10008090 -0.00140798
v -0.05715095 -0.10012400 -0.00138396
v -0.05724400 -0.10002490 -0.00130093
v -0.05730295 -0.10004690 -0.00138295
v -0.05735599 -0.10006090 -0.00147098
v -0.05733698 -0.10008190 -0.00148594
v -0.05721795 -0.10012990 -0.00145394
v -0.05739098 -0.10007790 -0.00156397
v -0.05743795 -0.10006890 -0.00164396
v -0.05728000 -0.10013090 -0.00152993
v -0.05714398 -0.10017090 -0.00151694
v -0.05708098 -0.10016590 -0.00145096
v -0.05733197 -0.10012590 -0.00160497
v -0.05720299 -0.10017190 -0.00158894
v -0.05737698 -0.10011790 -0.00168294
v -0.05747097 -0.10006290 -0.00174296
v -0.05703300 -0.10019290 -0.00161499
v -0.05697697 -0.10018790 -0.00155598
v -0.05725198 -0.10016790 -0.00165993
v -0.05742096 -0.10010290 -0.00177199
v -0.05749797 -0.10004990 -0.00184494
v -0.05735498 -0.10012990 -0.00191098
v -0.05729395 -0.10016000 -0.00173294
v -0.05708396 -0.10019390 -0.00167793
v -0.05692195 -0.10016990 -0.00171298
v -0.05688095 -0.10009890 -0.00188994
v -0.05678498 -0.10010090 -0.00176495
v -0.05687499 -0.10016590 -0.00166398
v -0.05712795 -0.10018990 -0.00174093
v -0.05733495 -0.10014490 -0.00181699
v -0.05716496 -0.10018300 -0.00180495
v -0.05696594 -0.10016990 -0.00176597
v -0.05700194 -0.10016790 -0.00181895
v -0.05720096 -0.10016990 -0.00187993
v -0.05719196 -0.10015290 -0.00196898
v -0.05703395 -0.10016090 -0.00187296
v -0.05706399 -0.10015100 -0.00193495
v -0.05706799 -0.10013090 -0.00200295
v -0.05695295 -0.10007890 -0.00202697
v 0.05737400 -0.10011790 -0.00168598
v 0.05749195 -0.10004990 -0.00183797
v 0.05743497 -0.10006890 -0.00164694
v 0.05737096 -0.10012290 -0.00189596
v 0.05733698 -0.10008290 -0.00148994
v 0.05735498 -0.10006290 -0.00147593
v 0.05732500 -0.10012790 -0.00160098
v 0.05730098 -0.10015690 -0.00172996
v 0.05727398 -0.10008290 -0.00141197
v 0.05730295 -0.10004890 -0.00138795
v 0.05723798 -0.10002690 -0.00129795
v 0.05714499 -0.10012490 -0.00138098
v 0.05727899 -0.10013190 -0.00153399
v 0.05725395 -0.10016590 -0.00164997
v 0.05719399 -0.10018190 -0.00178999
v 0.05722999 -0.10015390 -0.00194895
v 0.05721896 -0.10013190 -0.00145793
v 0.05720996 -0.10016990 -0.00158596
v 0.05715197 -0.10018990 -0.00171697
v 0.05715298 -0.10016900 -0.00151396
v 0.05707496 -0.10016690 -0.00144798
v 0.05709499 -0.10017800 -0.00184196
v 0.05708396 -0.10013990 -0.00199294
v 0.05711197 -0.10019390 -0.00165898
v 0.05703300 -0.10016290 -0.00187194
v 0.05687397 -0.10009990 -0.00188595
v 0.05694496 -0.10007990 -0.00202197
v 0.05705696 -0.10018590 -0.00177693
v 0.05706000 -0.10019290 -0.00159293
v 0.05699598 -0.10018790 -0.00152594
v 0.05702197 -0.10018890 -0.00172496
v 0.05699795 -0.10016990 -0.00181293
v 0.05696594 -0.10017290 -0.00176597
v 0.05697494 -0.10018890 -0.00166696
v 0.05691796 -0.10018390 -0.00160694
v 0.05692398 -0.10017290 -0.00171196
v 0.05684399 -0.10015490 -0.00168693
v 0.05677896 -0.10010200 -0.00176197
v 0.05694496 -0.10007990 -0.00202197
v 0.05687397 -0.10009990 -0.00188595
v 0.05677896 -0.10010200 -0.00176197
v 0.05543500 -0.10000190 -0.00033298
v 0.05581796 -0.09795397 -0.00569695
v 0.05423098 -0.10005890 0.00121999
v 0.05319297 -0.10028190 0.00286901
v 0.05845695 -0.09863197 -0.00771695
v 0.05909496 -0.09770494 -0.01135694
v 0.05696898 -0.09554594 -0.01454496
v 0.05948799 -0.09676796 -0.01503396
v 0.05932396 -0.09419196 -0.02492994
v 0.05664396 -0.09311395 -0.02327197
v 0.05739396 -0.09161096 -0.03464096
v 0.05485099 -0.09065598 -0.03192293
v 0.05417698 -0.08940994 -0.04299795
v 0.05162799 -0.08832395 -0.04018098
v 0.05017900 -0.08758294 -0.04999393
v 0.04706996 -0.08617693 -0.04781794
v 0.04517495 -0.08592092 -0.05641794
v 0.04131394 -0.08427596 -0.05463194
v 0.03931498 -0.08447295 -0.06209397
v 0.03446495 -0.08264797 -0.06051695
v 0.03393900 -0.08345496 -0.06613695
v 0.02667099 -0.08134692 -0.06531196
v 0.02812796 -0.08260792 -0.06956696
v 0.02073299 -0.08183294 -0.07280695
v 0.01818597 -0.08041793 -0.06886196
v 0.01295495 -0.08131992 -0.07508194
v 0.00923097 -0.07987594 -0.07108694
v 0.00494897 -0.08106696 -0.07633697
v 0.00007800 -0.07970494 -0.07189297
v 0.00008400 -0.08102494 -0.07656997
v 0.02977597 -0.10843190 0.03085196
v 0.02963197 -0.10845190 0.03093296
v 0.02852499 -0.10789590 0.03070300
v 0.03369098 -0.10779690 0.02834898
v 0.03656095 -0.10635900 0.02508699
v 0.03752499 -0.10707990 0.02548795
v 0.04118597 -0.10630690 0.02242100
v 0.04293799 -0.10474690 0.01927798
v 0.04294097 -0.10588590 0.02080398
v 0.04463100 -0.10543690 0.01910901
v 0.04769796 -0.10450690 0.01546001
v 0.04779398 -0.10305100 0.01305896
v 0.05045396 -0.10352790 0.01158100
v 0.05072396 -0.10342190 0.01116299
v 0.05099099 -0.10331600 0.01074296
v 0.05132699 -0.10310190 0.01006698
v 0.05130898 -0.10316590 0.01019501
v 0.05125397 -0.10320890 0.01032096
v 0.05132198 -0.10298990 0.00987297
v 0.05131798 -0.10287790 0.00967997
v 0.05131298 -0.10276590 0.00948697
v 0.05135995 -0.10213890 0.00831997
v 0.05154597 -0.10158590 0.00712800
v 0.05185896 -0.10111290 0.00592601
v 0.00610799 -0.10996890 0.03778898
v -0.00001000 -0.11054390 0.03860098
v -0.00001000 -0.11007100 0.03810298
v 0.00686795 -0.11042790 0.03821796
v 0.01112496 -0.11024490 0.03758996
v 0.01187199 -0.10969290 0.03690499
v 0.01532298 -0.10998390 0.03666496
v 0.02046400 -0.10896390 0.03445297
v 0.02267295 -0.10933500 0.03427100
v 0.02621299 -0.10892490 0.03272497
v 0.02852499 -0.10789590 0.03070300
v 0.02793896 -0.10869800 0.03186100
v 0.02963197 -0.10845190 0.03093296
v 0.05151796 -0.10313790 0.01004201
v 0.05130898 -0.10316590 0.01019501
v 0.05132699 -0.10310190 0.01006698
v 0.05186200 -0.10312700 0.01052898
v 0.05173599 -0.10322390 0.01061397
v 0.05162698 -0.10328400 0.01053100
v 0.05203098 -0.10273090 0.01026695
v 0.05200999 -0.10287490 0.01035201
v 0.05200695 -0.10283600 0.01020699
v 0.05150300 -0.10324090 0.01025199
v 0.05171298 -0.10310790 0.01005595
v 0.05125397 -0.10320890 0.01032096
v 0.05150300 -0.10330200 0.01045000
v 0.05137395 -0.10327590 0.01037800
v 0.05170398 -0.10322290 0.01032501
v 0.05187898 -0.10301500 0.01010596
v 0.05184698 -0.10314100 0.01037901
v 0.05195295 -0.10293400 0.01015096
v 0.05195397 -0.10300790 0.01043999
v 0.05624496 -0.10011790 -0.00091498
v 0.05543500 -0.10000190 -0.00033298
v 0.05677896 -0.10010200 -0.00176197
v 0.05320197 -0.10048390 0.00411499
v 0.05347597 -0.10023090 0.00390500
v 0.05305898 -0.10055890 0.00443101
v 0.05285996 -0.10065400 0.00431597
v 0.05279296 -0.10073090 0.00507301
v 0.05267298 -0.10072690 0.00582802
v 0.05233496 -0.10088990 0.00509399
v 0.05185896 -0.10111290 0.00592601
v 0.05319297 -0.10028190 0.00286901
v 0.05300098 -0.10048890 0.00358498
v 0.05197095 -0.10227690 0.00908196
v 0.05205595 -0.10185300 0.00864798
v 0.05201900 -0.10239390 0.00968599
v 0.05677294 -0.10011100 -0.00107795
v 0.05714499 -0.10012490 -0.00138098
v 0.05723798 -0.10002690 -0.00129795
v 0.05628496 -0.10012190 -0.00087698
v 0.05604594 -0.10005390 -0.00027598
v 0.05579596 -0.09989595 0.00030301
v 0.05572599 -0.10002290 0.00016302
v 0.05562895 -0.10008690 0.00000000
v 0.05542898 -0.10002290 0.00053802
v 0.05521595 -0.10007990 0.00020401
v 0.05423098 -0.10005890 0.00121999
v 0.05552500 -0.10007890 -0.00017199
v 0.05478996 -0.10005790 0.00141001
v 0.05452996 -0.09995895 0.00205099
v 0.05503398 -0.10009990 0.00075602
v 0.05462700 -0.10011290 0.00097601
v 0.05448895 -0.10009490 0.00185698
v 0.05423498 -0.10013800 0.00225800
v 0.05404394 -0.10019200 0.00182599
v 0.05431199 -0.10014890 0.00142401
v 0.05440700 -0.10016190 0.00164300
v 0.05369997 -0.10027390 0.00318199
v 0.05389797 -0.10026090 0.00244898
v 0.05354195 -0.10030990 0.00264502
v 0.05345398 -0.10036200 0.00365102
v 0.05337697 -0.10042190 0.00338197
v 0.05327796 -0.10039490 0.00311601
v 0.05328899 -0.10045790 0.00374901
v 0.05311095 -0.10053090 0.00384700
v 0.05257999 -0.10085600 0.00507498
v 0.05256700 -0.10091090 0.00545400
v 0.05254596 -0.10094100 0.00583500
v 0.05234396 -0.10108900 0.00584000
v 0.05241096 -0.10109090 0.00627297
v 0.05220597 -0.10137200 0.00758600
v 0.05210095 -0.10114800 0.00586402
v 0.05196899 -0.10131090 0.00630897
v 0.05154597 -0.10158590 0.00712800
v 0.05218899 -0.10142390 0.00714898
v 0.05209594 -0.10141300 0.00671899
v 0.05181998 -0.10154490 0.00690001
v 0.05213099 -0.10154390 0.00743902
v 0.05196797 -0.10165190 0.00730199
v 0.05175697 -0.10166890 0.00719499
v 0.05207997 -0.10166890 0.00772798
v 0.05170196 -0.10179790 0.00748903
v 0.05135995 -0.10213890 0.00831997
v 0.05200594 -0.10191100 0.00825697
v 0.05187100 -0.10190990 0.00788200
v 0.05197995 -0.10203700 0.00851899
v 0.05181097 -0.10216390 0.00840998
v 0.05161595 -0.10206990 0.00807398
v 0.05158698 -0.10220090 0.00834101
v 0.05165797 -0.10233890 0.00864100
v 0.05131298 -0.10276590 0.00948697
v 0.05177295 -0.10259590 0.00923598
v 0.05191999 -0.10234690 0.00904197
v 0.05194795 -0.10231290 0.00906098
v 0.05172997 -0.10261490 0.00922501
v 0.05177599 -0.10273890 0.00949198
v 0.05168896 -0.10277490 0.00947297
v 0.05168598 -0.10263090 0.00921601
v 0.05163997 -0.10264300 0.00920898
v 0.05159598 -0.10279690 0.00946301
v 0.05149996 -0.10280190 0.00946200
v 0.05140399 -0.10279190 0.00946999
v 0.05680298 -0.10016900 -0.00138098
v 0.05707496 -0.10016690 -0.00144798
v 0.05699598 -0.10018790 -0.00152594
v 0.05691796 -0.10018390 -0.00160694
v 0.05684399 -0.10015490 -0.00168693
v 0.05573695 -0.10009390 -0.00030898
v 0.05547696 -0.10008690 0.00018601
v 0.05532699 -0.10008890 0.00037402
v 0.05471396 -0.10012490 0.00119597
v 0.05455899 -0.10014200 0.00141799
v 0.05427598 -0.10018300 0.00184202
v 0.05414700 -0.10020590 0.00204301
v 0.05362999 -0.10033500 0.00291300
v 0.05350196 -0.10037690 0.00314701
v 0.05264496 -0.10083890 0.00564402
v 0.05245697 -0.10092990 0.00526899
v 0.05227595 -0.10116600 0.00606000
v 0.05221199 -0.10124590 0.00627899
v 0.05202800 -0.10152990 0.00701100
v 0.05191600 -0.10177890 0.00759298
v 0.05183798 -0.10203490 0.00814700
v 0.05183899 -0.10221390 0.00856697
v 0.05191695 -0.10255590 0.00942701
v 0.05200296 -0.10247690 0.00963801
v 0.05196899 -0.10255490 0.00959396
v 0.05191898 -0.10262690 0.00955397
v 0.05185395 -0.10268890 0.00951999
v 0.05446797 -0.10012900 0.00119901
v 0.05438995 -0.10013890 0.00131202
v 0.05340796 -0.10034990 0.00287998
v 0.05198597 -0.10205390 0.00860000
v -0.01213699 -0.09809297 -0.03562396
v -0.05481398 -0.09061497 -0.03205895
v -0.01236999 -0.09804594 -0.03570097
v -0.01189595 -0.09812992 -0.03557193
v -0.05662494 -0.09306192 -0.02344894
v -0.01268094 -0.09796392 -0.03585094
v -0.01296299 -0.09786695 -0.03604394
v -0.05158299 -0.08829498 -0.04027897
v -0.01320999 -0.09775793 -0.03627496
v -0.01341497 -0.09763896 -0.03653794
v -0.01357299 -0.09751296 -0.03682798
v 0.05664396 -0.09311395 -0.02327197
v 0.01156997 -0.09817296 -0.03552395
v 0.01205396 -0.09811997 -0.03556793
v 0.05485099 -0.09065598 -0.03192293
v 0.01243299 -0.09805595 -0.03565996
v 0.01278698 -0.09797096 -0.03581196
v 0.01300495 -0.09790295 -0.03594398
v -0.01375198 -0.08828192 -0.05658096
v -0.04131096 -0.08427298 -0.05463796
v -0.03447198 -0.08264797 -0.06051397
v -0.01375597 -0.09642595 -0.03950393
v -0.01375198 -0.08751994 -0.05796396
v -0.02670896 -0.08134996 -0.06529498
v -0.01374399 -0.08729296 -0.05836993
v -0.01367199 -0.08704698 -0.05881893
v 0.05162799 -0.08832395 -0.04018098
v 0.01320397 -0.09782695 -0.03609895
v 0.01343697 -0.09771394 -0.03634095
v 0.01362699 -0.09759193 -0.03661495
v 0.01374900 -0.09748297 -0.03686797
v -0.01357799 -0.08689993 -0.05909496
v -0.01343899 -0.08676493 -0.05935698
v -0.01321899 -0.08662092 -0.05964696
v -0.01294696 -0.08650195 -0.05990093
v -0.01263195 -0.08641093 -0.06011193
v -0.01228195 -0.08635097 -0.06027293
v -0.01824796 -0.08042192 -0.06884193
v -0.01190799 -0.08632296 -0.06037998
v -0.01142495 -0.08632493 -0.06044894
v -0.01093697 -0.08635193 -0.06047296
v 0.04131394 -0.08427596 -0.05463194
v 0.01391196 -0.09641498 -0.03949898
v 0.01390796 -0.08826994 -0.05657494
v 0.03446495 -0.08264797 -0.06051695
v 0.01390796 -0.08750694 -0.05795896
v 0.02667099 -0.08134692 -0.06531196
v 0.01389998 -0.08727997 -0.05836397
v 0.01382899 -0.08703494 -0.05881297
v 0.01372599 -0.08687496 -0.05911296
v 0.01356899 -0.08672994 -0.05939596
v 0.01336497 -0.08660292 -0.05965393
v 0.01311796 -0.08649593 -0.05988198
v 0.01283699 -0.08641195 -0.06007593
v 0.01252698 -0.08635193 -0.06022995
v 0.01818597 -0.08041793 -0.06886196
v 0.01229697 -0.08632493 -0.06031394
v 0.01205796 -0.08631193 -0.06037598
v 0.01155298 -0.08631497 -0.06044697
v 0.01110094 -0.08634394 -0.06046694
v -0.00251597 -0.11008000 0.03712701
v -0.00001000 -0.11007100 0.03810298
v -0.00093600 -0.11006790 0.03809499
v -0.00958395 -0.10982190 0.03732699
v -0.01793795 -0.10921800 0.03532201
v -0.00085500 -0.11012790 0.03610897
v -0.02588999 -0.10829290 0.03211498
v 0.00083500 -0.11012790 0.03610801
v 0.02046400 -0.10896390 0.03445297
v 0.01187199 -0.10969290 0.03690499
v 0.00083500 -0.11012790 0.03610801
v -0.00001000 -0.11007100 0.03810298
v -0.00001000 -0.11007100 0.03810298
v -0.02981197 -0.10725700 0.01804399
v -0.03463494 -0.10677890 0.02696198
v -0.04154199 -0.10514590 0.02077996
v -0.04511195 -0.10404700 0.01672196
v 0.00249594 -0.11008000 0.03712701
v 0.00610799 -0.10996890 0.03778898
v -0.00001000 -0.11007100 0.03810298
v -0.01004499 -0.10901200 0.01136201
v -0.04880195 -0.10262900 0.01150900
v -0.05185794 -0.10111290 0.00592798
v 0.01002496 -0.10901290 0.01135998
v 0.05185896 -0.10111290 0.00592601
v 0.04779398 -0.10305100 0.01305896
v 0.02852499 -0.10789590 0.03070300
v -0.04447394 -0.10011590 -0.01118397
v -0.05319994 -0.10027790 0.00285900
v -0.05582296 -0.09794998 -0.00570399
v -0.05697697 -0.09552496 -0.01461493
v 0.02980196 -0.10725890 0.01804196
v 0.03656095 -0.10635900 0.02508699
v 0.04293799 -0.10474690 0.01927798
v -0.01497298 -0.10447400 -0.01421296
v -0.01141297 -0.09818196 -0.03552794
v -0.01092594 -0.09821593 -0.03552997
v -0.00936097 -0.09829896 -0.03557097
v 0.01495200 -0.10447490 -0.01421695
v 0.05319297 -0.10028190 0.00286901
v 0.00951695 -0.09829097 -0.03556698
v 0.01108199 -0.09820693 -0.03552597
v 0.04446595 -0.10011590 -0.01119494
v 0.05581796 -0.09795397 -0.00569695
v 0.05696898 -0.09554594 -0.01454496
v -0.03956198 -0.08996593 -0.04424995
v -0.04703998 -0.08616292 -0.04786396
v -0.01375496 -0.09701895 -0.03803998
v -0.01374799 -0.09719097 -0.03760898
v -0.01367598 -0.09738194 -0.03713893
v 0.03954398 -0.08996397 -0.04426395
v 0.04706996 -0.08617693 -0.04781794
v 0.01383197 -0.09737098 -0.03713393
v 0.01390397 -0.09717994 -0.03760296
v 0.01391196 -0.09700793 -0.03803497
v -0.00531298 -0.08359992 -0.06567698
v -0.00930095 -0.07987797 -0.07107597
v 0.00007800 -0.07970494 -0.07189297
v 0.00007800 -0.08671796 -0.06064295
v -0.00936997 -0.08644795 -0.06051695
v 0.00527996 -0.08360093 -0.06567794
v 0.00923097 -0.07987594 -0.07108694
v 0.00952697 -0.08643996 -0.06051194
v 0.00007900 -0.08753293 -0.06006193
v -0.00940096 -0.08726096 -0.05993694
v -0.00939095 -0.08706295 -0.05999296
v 0.00007900 -0.08733397 -0.06011795
v 0.00007900 -0.08714795 -0.06020694
v -0.00938296 -0.08687794 -0.06008195
v 0.00007800 -0.08697992 -0.06032693
v -0.00937694 -0.08670997 -0.06020092
v 0.00007800 -0.08683598 -0.06047397
v -0.00937199 -0.08656597 -0.06034797
v 0.00007800 -0.08671796 -0.06064295
v -0.00936997 -0.08644795 -0.06051695
v -0.00940096 -0.08726096 -0.05993694
v -0.01097798 -0.08716595 -0.05989295
v -0.01096600 -0.08696794 -0.05994898
v -0.00939095 -0.08706295 -0.05999296
v -0.01095497 -0.08678197 -0.06003797
v -0.00938296 -0.08687794 -0.06008195
v -0.01094698 -0.08661496 -0.06015795
v -0.00937694 -0.08670997 -0.06020092
v -0.01094096 -0.08646994 -0.06030398
v -0.00937199 -0.08656597 -0.06034797
v -0.01093697 -0.08635193 -0.06047296
v -0.00936997 -0.08644795 -0.06051695
v -0.01153695 -0.08711695 -0.05986297
v -0.01176798 -0.08712297 -0.05982393
v -0.01178497 -0.08693093 -0.05987697
v -0.01180899 -0.08674693 -0.05996298
v -0.01129698 -0.08713293 -0.05988293
v -0.01096600 -0.08696794 -0.05994898
v -0.01097798 -0.08716595 -0.05989295
v -0.01095497 -0.08678197 -0.06003797
v -0.01183795 -0.08657997 -0.06007897
v -0.01142495 -0.08632493 -0.06044894
v -0.01187199 -0.08643692 -0.06021994
v -0.01190799 -0.08632296 -0.06037998
v -0.01094698 -0.08661496 -0.06015795
v -0.01094096 -0.08646994 -0.06030398
v -0.01093697 -0.08635193 -0.06047296
v -0.01357799 -0.08689993 -0.05909496
v -0.01347798 -0.08709895 -0.05879896
v -0.01367199 -0.08704698 -0.05881893
v -0.01178497 -0.08693093 -0.05987697
v -0.01176798 -0.08712297 -0.05982393
v -0.01197695 -0.08713793 -0.05976593
v -0.01190799 -0.08632296 -0.06037998
v -0.01187199 -0.08643692 -0.06021994
v -0.01228195 -0.08635097 -0.06027293
v -0.01290500 -0.08731293 -0.05901998
v -0.01278698 -0.08744394 -0.05905896
v -0.01284599 -0.08754396 -0.05888497
v -0.01297599 -0.08740097 -0.05883997
v -0.01305097 -0.08717393 -0.05901098
v -0.01312398 -0.08727997 -0.05881094
v -0.01281297 -0.08722293 -0.05919498
v -0.01269698 -0.08735692 -0.05922496
v -0.01321494 -0.08705693 -0.05901998
v -0.01329195 -0.08717793 -0.05879694
v -0.01294898 -0.08707296 -0.05920493
v -0.01267498 -0.08713096 -0.05937993
v -0.01258295 -0.08728498 -0.05937296
v -0.01339298 -0.08696496 -0.05904793
v -0.01310098 -0.08694595 -0.05923593
v -0.01258999 -0.08708894 -0.05946695
v -0.01250499 -0.08724898 -0.05945295
v -0.01279598 -0.08697193 -0.05940997
v -0.01249998 -0.08705294 -0.05954593
v -0.01242196 -0.08721792 -0.05952495
v -0.01326698 -0.08684194 -0.05928695
v -0.01343899 -0.08676493 -0.05935698
v -0.01270198 -0.08692497 -0.05950695
v -0.01293098 -0.08683294 -0.05946296
v -0.01260197 -0.08688497 -0.05959498
v -0.01282697 -0.08678197 -0.05957096
v -0.01230198 -0.08699297 -0.05968296
v -0.01223796 -0.08717292 -0.05964797
v -0.01307898 -0.08671694 -0.05953794
v -0.01321899 -0.08662092 -0.05964696
v -0.01271599 -0.08673697 -0.05966794
v -0.01296299 -0.08665996 -0.05965697
v -0.01294696 -0.08650195 -0.05990093
v -0.01216399 -0.08696496 -0.05975496
v -0.01211196 -0.08715295 -0.05971294
v -0.01238095 -0.08681797 -0.05974698
v -0.01284098 -0.08660995 -0.05976498
v -0.01203995 -0.08694595 -0.05980592
v -0.01180899 -0.08674693 -0.05996298
v -0.01222795 -0.08678692 -0.05982697
v -0.01247096 -0.08666294 -0.05983698
v -0.01208996 -0.08676594 -0.05988395
v -0.01183795 -0.08657997 -0.06007897
v -0.01230198 -0.08662796 -0.05992496
v -0.01256996 -0.08652895 -0.05995196
v -0.01263195 -0.08641093 -0.06011193
v -0.01214796 -0.08660495 -0.05998897
v -0.01238298 -0.08648997 -0.06004893
v -0.01221299 -0.08646494 -0.06011998
v -0.01367199 -0.08704698 -0.05881893
v -0.01354598 -0.08733093 -0.05837297
v -0.01374399 -0.08729296 -0.05836993
v -0.01347798 -0.08709895 -0.05879896
v -0.01335698 -0.08739596 -0.05839395
v -0.01329195 -0.08717793 -0.05879694
v -0.01318597 -0.08748596 -0.05842894
v -0.01312398 -0.08727997 -0.05881094
v -0.01303595 -0.08759492 -0.05847793
v -0.01297599 -0.08740097 -0.05883997
v -0.01288098 -0.08762395 -0.05871498
v -0.01290297 -0.08772593 -0.05854296
v -0.01284599 -0.08754396 -0.05888497
v -0.01354598 -0.08733093 -0.05837297
v -0.01375198 -0.08751994 -0.05796396
v -0.01374399 -0.08729296 -0.05836993
v -0.01355296 -0.08754992 -0.05798095
v -0.01335698 -0.08739596 -0.05839395
v -0.01336199 -0.08760994 -0.05801296
v -0.01318597 -0.08748596 -0.05842894
v -0.01318597 -0.08769595 -0.05806094
v -0.01303595 -0.08759492 -0.05847793
v -0.01302796 -0.08780592 -0.05812197
v -0.01289498 -0.08782392 -0.05839294
v -0.01289397 -0.08793896 -0.05819594
v -0.01290297 -0.08772593 -0.05854296
v -0.01313096 -0.08792096 -0.05773395
v -0.01302796 -0.08780592 -0.05812197
v -0.01289397 -0.08793896 -0.05819594
v -0.01318597 -0.08769595 -0.05806094
v -0.01336199 -0.08760994 -0.05801296
v -0.01342397 -0.08777695 -0.05765497
v -0.01355296 -0.08754992 -0.05798095
v -0.01375198 -0.08751994 -0.05796396
v -0.01313096 -0.08811193 -0.05738794
v -0.01289296 -0.08870297 -0.05681097
v -0.01342397 -0.08796793 -0.05730897
v -0.01375198 -0.08828192 -0.05658096
v -0.01312994 -0.08830296 -0.05704194
v -0.01318395 -0.08845996 -0.05667793
v -0.01336300 -0.08837193 -0.05662995
v -0.01302599 -0.08857095 -0.05673897
v -0.01342397 -0.08815997 -0.05696296
v -0.01355499 -0.08831197 -0.05659693
v -0.01355499 -0.09645593 -0.03951698
v -0.01375597 -0.09642595 -0.03950393
v -0.01375198 -0.08828192 -0.05658096
v -0.01355499 -0.08831197 -0.05659693
v -0.01336300 -0.09651798 -0.03954195
v -0.01336300 -0.08837193 -0.05662995
v -0.01318496 -0.09660893 -0.03957998
v -0.01318395 -0.08845996 -0.05667793
v -0.01302599 -0.09672594 -0.03962796
v -0.01302599 -0.08857095 -0.05673897
v -0.01289194 -0.09686696 -0.03968495
v -0.01289296 -0.08870297 -0.05681097
v -0.01375597 -0.09642595 -0.03950393
v -0.01355499 -0.09704995 -0.03805297
v -0.01375496 -0.09701895 -0.03803998
v -0.01355499 -0.09645593 -0.03951698
v -0.01336300 -0.09711194 -0.03807795
v -0.01336300 -0.09651798 -0.03954195
v -0.01318597 -0.09720295 -0.03811496
v -0.01318496 -0.09660893 -0.03957998
v -0.01302695 -0.09731996 -0.03816193
v -0.01302599 -0.09672594 -0.03962796
v -0.01289194 -0.09746092 -0.03821897
v -0.01289194 -0.09686696 -0.03968495
v -0.01375496 -0.09701895 -0.03803998
v -0.01354897 -0.09721696 -0.03763395
v -0.01374799 -0.09719097 -0.03760898
v -0.01355499 -0.09704995 -0.03805297
v -0.01335799 -0.09727495 -0.03767096
v -0.01336300 -0.09711194 -0.03807795
v -0.01318496 -0.09735894 -0.03771793
v -0.01318597 -0.09720295 -0.03811496
v -0.01303398 -0.09746497 -0.03777295
v -0.01302695 -0.09731996 -0.03816193
v -0.01289999 -0.09759694 -0.03783798
v -0.01289194 -0.09746092 -0.03821897
v -0.01374799 -0.09719097 -0.03760898
v -0.01348096 -0.09739798 -0.03718894
v -0.01367598 -0.09738194 -0.03713893
v -0.01354897 -0.09721696 -0.03763395
v -0.01329398 -0.09744393 -0.03725093
v -0.01335799 -0.09727495 -0.03767096
v -0.01318496 -0.09735894 -0.03771793
v -0.01312094 -0.09751993 -0.03732198
v -0.01303398 -0.09746497 -0.03777295
v -0.01296597 -0.09762394 -0.03740197
v -0.01287597 -0.09766697 -0.03765594
v -0.01283597 -0.09775197 -0.03748893
v -0.01289999 -0.09759694 -0.03783798
v -0.01213699 -0.09809297 -0.03562396
v -0.01187098 -0.09809195 -0.03569793
v -0.01189595 -0.09812992 -0.03557193
v -0.01192498 -0.09811794 -0.03644597
v -0.01174998 -0.09822595 -0.03658396
v -0.01176595 -0.09814298 -0.03641295
v -0.01178896 -0.09808492 -0.03621697
v -0.01196396 -0.09818798 -0.03662794
v -0.01207697 -0.09808796 -0.03649497
v -0.01217299 -0.09813594 -0.03670793
v -0.01196497 -0.09805697 -0.03625398
v -0.01181596 -0.09805995 -0.03601998
v -0.01222497 -0.09805196 -0.03656095
v -0.01236200 -0.09807193 -0.03681695
v -0.01213395 -0.09802395 -0.03630793
v -0.01201099 -0.09802997 -0.03606098
v -0.01184695 -0.09806895 -0.03582793
v -0.01206099 -0.09803497 -0.03587293
v -0.01236999 -0.09804594 -0.03570097
v -0.01219797 -0.09799295 -0.03612095
v -0.01229798 -0.09798294 -0.03638094
v -0.01242798 -0.09798693 -0.03668695
v -0.01252698 -0.09799796 -0.03695398
v -0.01226794 -0.09799396 -0.03593897
v -0.01238095 -0.09794795 -0.03620195
v -0.01252394 -0.09791094 -0.03652095
v -0.01260298 -0.09791296 -0.03684198
v -0.01265996 -0.09792095 -0.03710997
v -0.01246899 -0.09794497 -0.03602796
v -0.01268094 -0.09796392 -0.03585094
v -0.01262998 -0.09786796 -0.03635698
v -0.01271796 -0.09782892 -0.03669393
v -0.01274299 -0.09783393 -0.03701597
v -0.01276099 -0.09784096 -0.03728193
v -0.01274394 -0.09785693 -0.03619998
v -0.01296299 -0.09786695 -0.03604394
v -0.01284599 -0.09777694 -0.03654795
v -0.01287394 -0.09774094 -0.03688693
v -0.01284795 -0.09775197 -0.03720396
v -0.01280498 -0.09779298 -0.03738898
v -0.01298099 -0.09775698 -0.03640997
v -0.01320999 -0.09775793 -0.03627496
v -0.01301795 -0.09767997 -0.03676193
v -0.01289397 -0.09770298 -0.03731995
v -0.01296597 -0.09762394 -0.03740197
v -0.01283597 -0.09775197 -0.03748893
v -0.01299095 -0.09764993 -0.03709596
v -0.01317095 -0.09764993 -0.03664594
v -0.01341497 -0.09763896 -0.03653794
v -0.01304197 -0.09759497 -0.03722494
v -0.01312094 -0.09751993 -0.03732198
v -0.01314795 -0.09757894 -0.03699398
v -0.01320397 -0.09751796 -0.03713697
v -0.01329398 -0.09744393 -0.03725093
v -0.01331394 -0.09753793 -0.03690093
v -0.01357299 -0.09751296 -0.03682798
v -0.01337599 -0.09747195 -0.03705793
v -0.01348096 -0.09739798 -0.03718894
v -0.01367598 -0.09738194 -0.03713893
v -0.01138395 -0.09826093 -0.03654295
v -0.01096397 -0.09829795 -0.03656095
v -0.01095497 -0.09822094 -0.03640097
v -0.01094597 -0.09816795 -0.03623098
v -0.01093900 -0.09814095 -0.03605496
v -0.01176595 -0.09814298 -0.03641295
v -0.01174998 -0.09822595 -0.03658396
v -0.01158100 -0.09824192 -0.03655397
v -0.01178896 -0.09808492 -0.03621697
v -0.01181596 -0.09805995 -0.03601998
v -0.01093298 -0.09813994 -0.03587692
v -0.01092898 -0.09816497 -0.03570097
v -0.01092594 -0.09821593 -0.03552997
v -0.01184695 -0.09806895 -0.03582793
v -0.01187098 -0.09809195 -0.03569793
v -0.01189595 -0.09812992 -0.03557193
v -0.01092898 -0.09816497 -0.03570097
v -0.00936198 -0.09824794 -0.03574198
v -0.00936097 -0.09829896 -0.03557097
v -0.01092594 -0.09821593 -0.03552997
v -0.01093298 -0.09813994 -0.03587692
v -0.00936496 -0.09822297 -0.03591793
v -0.01093900 -0.09814095 -0.03605496
v -0.00936896 -0.09822392 -0.03609597
v -0.01094597 -0.09816795 -0.03623098
v -0.00937498 -0.09825193 -0.03627097
v -0.01095497 -0.09822094 -0.03640097
v -0.00938100 -0.09830492 -0.03644096
v -0.01096397 -0.09829795 -0.03656095
v -0.00938898 -0.09838193 -0.03660094
v 0.00480497 -0.09840595 -0.03627192
v 0.00007900 -0.09861397 -0.03670895
v 0.00954598 -0.09837394 -0.03659695
v 0.00953400 -0.09826594 -0.03635096
v 0.00952697 -0.09822297 -0.03615897
v 0.00953996 -0.09831297 -0.03647696
v 0.00480396 -0.09839397 -0.03617495
v 0.00951898 -0.09823596 -0.03575193
v 0.00951695 -0.09829097 -0.03556698
v 0.00952196 -0.09821194 -0.03595793
v -0.00464797 -0.09840893 -0.03626698
v -0.00936896 -0.09822392 -0.03609597
v -0.00937498 -0.09825193 -0.03627097
v -0.00938100 -0.09830492 -0.03644096
v -0.00938898 -0.09838193 -0.03660094
v -0.00464696 -0.09839797 -0.03617697
v -0.00936097 -0.09829896 -0.03557097
v -0.00936198 -0.09824794 -0.03574198
v -0.00936496 -0.09822297 -0.03591793
v 0.00951695 -0.09829097 -0.03556698
v 0.01108396 -0.09816497 -0.03565496
v 0.01108199 -0.09820693 -0.03552597
v 0.00951898 -0.09823596 -0.03575193
v 0.01108700 -0.09813892 -0.03578794
v 0.00952196 -0.09821194 -0.03595793
v 0.01109296 -0.09812796 -0.03598296
v 0.00952697 -0.09822297 -0.03615897
v 0.01110094 -0.09814995 -0.03618395
v 0.00953400 -0.09826594 -0.03635096
v 0.01111096 -0.09820693 -0.03638297
v 0.00953996 -0.09831297 -0.03647696
v 0.01112097 -0.09828996 -0.03655594
v 0.00954598 -0.09837394 -0.03659695
v 0.01168400 -0.09823793 -0.03654396
v 0.01190698 -0.09821695 -0.03657996
v 0.01192098 -0.09813892 -0.03642195
v 0.01194000 -0.09808397 -0.03625494
v 0.01141297 -0.09826397 -0.03653895
v 0.01111096 -0.09820693 -0.03638297
v 0.01112097 -0.09828996 -0.03655594
v 0.01110094 -0.09814995 -0.03618395
v 0.01196396 -0.09805494 -0.03608298
v 0.01109296 -0.09812796 -0.03598296
v 0.01156997 -0.09817296 -0.03552395
v 0.01199096 -0.09805095 -0.03590798
v 0.01202094 -0.09807294 -0.03573495
v 0.01205396 -0.09811997 -0.03556793
v 0.01108700 -0.09813892 -0.03578794
v 0.01108396 -0.09816497 -0.03565496
v 0.01108199 -0.09820693 -0.03552597
v 0.01192098 -0.09813892 -0.03642195
v 0.01190698 -0.09821695 -0.03657996
v 0.01202499 -0.09819793 -0.03660094
v 0.01300495 -0.09790295 -0.03594398
v 0.01306295 -0.09779995 -0.03624796
v 0.01320397 -0.09782695 -0.03609895
v 0.01256299 -0.09797292 -0.03661996
v 0.01241797 -0.09809798 -0.03674894
v 0.01260495 -0.09802597 -0.03687697
v 0.01269596 -0.09792196 -0.03672397
v 0.01265698 -0.09790498 -0.03644996
v 0.01280498 -0.09784895 -0.03656494
v 0.01241797 -0.09801793 -0.03653198
v 0.01221299 -0.09815692 -0.03665494
v 0.01226699 -0.09805697 -0.03646194
v 0.01276499 -0.09786993 -0.03627693
v 0.01292794 -0.09780794 -0.03640395
v 0.01249599 -0.09795492 -0.03635096
v 0.01232898 -0.09799796 -0.03627395
v 0.01288199 -0.09786897 -0.03610593
v 0.01278698 -0.09797096 -0.03581196
v 0.01258498 -0.09792596 -0.03616797
v 0.01205897 -0.09809798 -0.03639495
v 0.01194000 -0.09808397 -0.03625494
v 0.01239997 -0.09797394 -0.03608196
v 0.01268398 -0.09793096 -0.03598594
v 0.01209700 -0.09804397 -0.03619998
v 0.01196396 -0.09805494 -0.03608298
v 0.01247894 -0.09798395 -0.03589093
v 0.01243299 -0.09805595 -0.03565996
v 0.01214295 -0.09802496 -0.03599894
v 0.01199096 -0.09805095 -0.03590798
v 0.01219499 -0.09803992 -0.03579998
v 0.01202094 -0.09807294 -0.03573495
v 0.01205396 -0.09811997 -0.03556793
v 0.01269596 -0.09792196 -0.03672397
v 0.01260495 -0.09802597 -0.03687697
v 0.01273196 -0.09796297 -0.03699797
v 0.01374900 -0.09748297 -0.03686797
v 0.01363694 -0.09738695 -0.03718596
v 0.01383197 -0.09737098 -0.03713393
v 0.01320397 -0.09782695 -0.03609895
v 0.01306295 -0.09779995 -0.03624796
v 0.01343697 -0.09771394 -0.03634095
v 0.01305598 -0.09769397 -0.03723198
v 0.01292496 -0.09782296 -0.03729093
v 0.01299399 -0.09774196 -0.03748393
v 0.01312500 -0.09761393 -0.03739994
v 0.01320600 -0.09759497 -0.03713095
v 0.01327896 -0.09750998 -0.03731995
v 0.01297497 -0.09776693 -0.03706496
v 0.01282995 -0.09790092 -0.03712296
v 0.01337498 -0.09752494 -0.03703397
v 0.01345098 -0.09743392 -0.03724795
v 0.01311600 -0.09767597 -0.03694397
v 0.01284998 -0.09784793 -0.03688293
v 0.01355797 -0.09748792 -0.03694593
v 0.01362699 -0.09759193 -0.03661495
v 0.01327496 -0.09761494 -0.03682696
v 0.01297700 -0.09776598 -0.03674197
v 0.01280498 -0.09784895 -0.03656494
v 0.01344698 -0.09758692 -0.03671598
v 0.01311999 -0.09771496 -0.03660196
v 0.01292794 -0.09780794 -0.03640395
v 0.01327496 -0.09769797 -0.03646695
v 0.01312500 -0.09761393 -0.03739994
v 0.01299399 -0.09774196 -0.03748393
v 0.01303297 -0.09765696 -0.03764897
v 0.01319098 -0.09745192 -0.03777098
v 0.01305794 -0.09758597 -0.03783297
v 0.01327896 -0.09750998 -0.03731995
v 0.01334196 -0.09734493 -0.03771698
v 0.01345098 -0.09743392 -0.03724795
v 0.01351499 -0.09726196 -0.03766894
v 0.01370495 -0.09720498 -0.03762996
v 0.01363694 -0.09738695 -0.03718596
v 0.01390397 -0.09717994 -0.03760296
v 0.01383197 -0.09737098 -0.03713393
v 0.01319098 -0.09745192 -0.03777098
v 0.01305794 -0.09758597 -0.03783297
v 0.01304996 -0.09753495 -0.03798693
v 0.01318395 -0.09730893 -0.03815698
v 0.01304894 -0.09744995 -0.03821396
v 0.01334297 -0.09719192 -0.03810995
v 0.01334196 -0.09734493 -0.03771698
v 0.01352000 -0.09710097 -0.03807294
v 0.01351499 -0.09726196 -0.03766894
v 0.01371198 -0.09703892 -0.03804796
v 0.01370495 -0.09720498 -0.03762996
v 0.01391196 -0.09700793 -0.03803497
v 0.01390397 -0.09717994 -0.03760296
v 0.01318299 -0.09671497 -0.03962194
v 0.01304894 -0.09744995 -0.03821396
v 0.01304894 -0.09685593 -0.03967994
v 0.01318395 -0.09730893 -0.03815698
v 0.01334196 -0.09659796 -0.03957396
v 0.01334297 -0.09719192 -0.03810995
v 0.01352000 -0.09650695 -0.03953695
v 0.01352000 -0.09710097 -0.03807294
v 0.01371198 -0.09644496 -0.03951096
v 0.01371198 -0.09703892 -0.03804796
v 0.01391196 -0.09641498 -0.03949898
v 0.01391196 -0.09700793 -0.03803497
v 0.01304894 -0.09685593 -0.03967994
v 0.01304996 -0.08869093 -0.05680495
v 0.01318395 -0.08855795 -0.05673193
v 0.01318299 -0.09671497 -0.03962194
v 0.01334095 -0.08844596 -0.05667096
v 0.01334196 -0.09659796 -0.03957396
v 0.01351797 -0.08835995 -0.05662393
v 0.01352000 -0.09650695 -0.03953695
v 0.01370894 -0.08829993 -0.05659097
v 0.01371198 -0.09644496 -0.03951096
v 0.01390796 -0.08826994 -0.05657494
v 0.01391196 -0.09641498 -0.03949898
v 0.01358097 -0.08776497 -0.05764997
v 0.01351898 -0.08759695 -0.05800795
v 0.01370894 -0.08753693 -0.05797493
v 0.01390796 -0.08750694 -0.05795896
v 0.01328796 -0.08790898 -0.05772894
v 0.01305097 -0.08792692 -0.05819094
v 0.01318496 -0.08779394 -0.05811697
v 0.01334196 -0.08768296 -0.05805593
v 0.01358097 -0.08795595 -0.05730295
v 0.01390796 -0.08826994 -0.05657494
v 0.01328796 -0.08809995 -0.05738294
v 0.01304996 -0.08869093 -0.05680495
v 0.01358097 -0.08814692 -0.05695694
v 0.01370894 -0.08829993 -0.05659097
v 0.01351797 -0.08835995 -0.05662393
v 0.01328694 -0.08829092 -0.05703598
v 0.01334095 -0.08844596 -0.05667096
v 0.01318395 -0.08855795 -0.05673193
v 0.01306098 -0.08771395 -0.05853796
v 0.01318496 -0.08779394 -0.05811697
v 0.01305097 -0.08792692 -0.05819094
v 0.01319295 -0.08758097 -0.05847698
v 0.01334196 -0.08768296 -0.05805593
v 0.01334297 -0.08747196 -0.05842792
v 0.01351898 -0.08759695 -0.05800795
v 0.01351398 -0.08738195 -0.05839198
v 0.01370894 -0.08753693 -0.05797493
v 0.01370298 -0.08731693 -0.05836993
v 0.01390796 -0.08750694 -0.05795896
v 0.01389998 -0.08727997 -0.05836397
v 0.01319295 -0.08758097 -0.05847698
v 0.01306098 -0.08771395 -0.05853796
v 0.01303797 -0.08761197 -0.05870997
v 0.01313799 -0.08738195 -0.05883097
v 0.01334297 -0.08747196 -0.05842792
v 0.01300299 -0.08753192 -0.05887895
v 0.01329296 -0.08725696 -0.05880194
v 0.01351398 -0.08738195 -0.05839198
v 0.01345998 -0.08715796 -0.05878895
v 0.01370298 -0.08731693 -0.05836993
v 0.01363295 -0.08708596 -0.05879294
v 0.01389998 -0.08727997 -0.05836397
v 0.01382899 -0.08703494 -0.05881297
v 0.01229697 -0.08632493 -0.06031394
v 0.01202195 -0.08642894 -0.06021398
v 0.01205796 -0.08631193 -0.06037598
v 0.01210194 -0.08692896 -0.05983096
v 0.01213496 -0.08712095 -0.05976194
v 0.01192498 -0.08711594 -0.05982095
v 0.01194000 -0.08692097 -0.05987495
v 0.01196199 -0.08673894 -0.05995994
v 0.01225697 -0.08694595 -0.05977594
v 0.01233196 -0.08714497 -0.05967897
v 0.01214200 -0.08674693 -0.05991297
v 0.01198995 -0.08657294 -0.06007397
v 0.01238697 -0.08696895 -0.05971598
v 0.01251399 -0.08718597 -0.05956894
v 0.01231396 -0.08676594 -0.05985093
v 0.01218897 -0.08658194 -0.06002295
v 0.01245898 -0.08679097 -0.05978393
v 0.01238000 -0.08660393 -0.05995398
v 0.01224094 -0.08644193 -0.06015694
v 0.01252698 -0.08635193 -0.06022995
v 0.01258498 -0.08701997 -0.05959397
v 0.01268094 -0.08724492 -0.05942893
v 0.01254099 -0.08663195 -0.05987995
v 0.01245194 -0.08646494 -0.06008094
v 0.01267796 -0.08684796 -0.05964893
v 0.01276600 -0.08708995 -0.05944097
v 0.01281100 -0.08731496 -0.05927997
v 0.01262998 -0.08649593 -0.05999898
v 0.01283699 -0.08641195 -0.06007593
v 0.01278495 -0.08669495 -0.05972993
v 0.01287996 -0.08692598 -0.05947893
v 0.01290696 -0.08716893 -0.05927896
v 0.01289999 -0.08656597 -0.05983293
v 0.01311796 -0.08649593 -0.05988198
v 0.01300895 -0.08678096 -0.05953997
v 0.01303696 -0.08701395 -0.05929797
v 0.01301699 -0.08725696 -0.05910396
v 0.01291096 -0.08739596 -0.05912095
v 0.01314795 -0.08666193 -0.05962395
v 0.01336497 -0.08660292 -0.05965393
v 0.01318299 -0.08687895 -0.05933994
v 0.01307898 -0.08732897 -0.05896598
v 0.01296699 -0.08746397 -0.05899494
v 0.01300299 -0.08753192 -0.05887895
v 0.01313799 -0.08738195 -0.05883097
v 0.01315897 -0.08711194 -0.05910396
v 0.01333999 -0.08676993 -0.05940198
v 0.01356899 -0.08672994 -0.05939596
v 0.01322799 -0.08719193 -0.05895096
v 0.01329296 -0.08725696 -0.05880194
v 0.01331895 -0.08698797 -0.05912393
v 0.01339596 -0.08707696 -0.05895394
v 0.01345998 -0.08715796 -0.05878895
v 0.01348996 -0.08688998 -0.05916398
v 0.01372599 -0.08687496 -0.05911296
v 0.01357495 -0.08698892 -0.05897498
v 0.01363295 -0.08708596 -0.05879294
v 0.01382899 -0.08703494 -0.05881297
v 0.01173496 -0.08710294 -0.05985093
v 0.01153695 -0.08711296 -0.05987697
v 0.01153194 -0.08691895 -0.05993294
v 0.01192498 -0.08711594 -0.05982095
v 0.01194000 -0.08692097 -0.05987495
v 0.01176995 -0.08652395 -0.06015098
v 0.01198995 -0.08657294 -0.06007397
v 0.01196199 -0.08673894 -0.05995994
v 0.01202195 -0.08642894 -0.06021398
v 0.01205796 -0.08631193 -0.06037598
v 0.01155298 -0.08631497 -0.06044697
v 0.01153194 -0.08673793 -0.06002098
v 0.01153600 -0.08657395 -0.06013894
v 0.01154297 -0.08643198 -0.06028193
v 0.01174497 -0.08679896 -0.05995798
v 0.01112395 -0.08695894 -0.05994397
v 0.01153194 -0.08691895 -0.05993294
v 0.01153695 -0.08711296 -0.05987697
v 0.01113498 -0.08715593 -0.05988794
v 0.01111400 -0.08677297 -0.06003296
v 0.01153194 -0.08673793 -0.06002098
v 0.01110696 -0.08660596 -0.06015193
v 0.01153600 -0.08657395 -0.06013894
v 0.01110297 -0.08646094 -0.06029796
v 0.01154297 -0.08643198 -0.06028193
v 0.01110094 -0.08634394 -0.06046694
v 0.01155298 -0.08631497 -0.06044697
v 0.00955796 -0.08725297 -0.05993294
v 0.01112395 -0.08695894 -0.05994397
v 0.01113498 -0.08715593 -0.05988794
v 0.00954795 -0.08705496 -0.05998796
v 0.01111400 -0.08677297 -0.06003296
v 0.00953996 -0.08686894 -0.06007695
v 0.01110696 -0.08660596 -0.06015193
v 0.00953400 -0.08670192 -0.06019693
v 0.01110297 -0.08646094 -0.06029796
v 0.00952899 -0.08655697 -0.06034296
v 0.01110094 -0.08634394 -0.06046694
v 0.00952697 -0.08643996 -0.06051194
v 0.00954795 -0.08705496 -0.05998796
v 0.00955796 -0.08725297 -0.05993294
v 0.00007900 -0.08753293 -0.06006193
v 0.00007900 -0.08733397 -0.06011795
v 0.00953996 -0.08686894 -0.06007695
v 0.00007900 -0.08714795 -0.06020694
v 0.00953400 -0.08670192 -0.06019693
v 0.00007800 -0.08697992 -0.06032693
v 0.00952899 -0.08655697 -0.06034296
v 0.00007800 -0.08683598 -0.06047397
v 0.00952697 -0.08643996 -0.06051194
v 0.00007800 -0.08671796 -0.06064295
v -0.00889599 -0.08803993 -0.05980795
v 0.00007900 -0.08753293 -0.06006193
v 0.00007900 -0.08827996 -0.05991894
v -0.00940096 -0.08726096 -0.05993694
v -0.01097798 -0.08716595 -0.05989295
v -0.01144099 -0.08788794 -0.05973494
v -0.01129698 -0.08713293 -0.05988293
v -0.01153695 -0.08711695 -0.05986297
v -0.01176798 -0.08712297 -0.05982393
v -0.01161599 -0.08788496 -0.05971294
v -0.01197695 -0.08713793 -0.05976593
v -0.01180195 -0.08789998 -0.05965793
v -0.01211196 -0.08715295 -0.05971294
v -0.01223796 -0.08717292 -0.05964797
v -0.01193195 -0.08792293 -0.05959796
v -0.01203894 -0.08795195 -0.05952996
v -0.01242196 -0.08721792 -0.05952495
v -0.01211994 -0.08798092 -0.05946594
v -0.01250499 -0.08724898 -0.05945295
v -0.01219195 -0.08801394 -0.05939495
v -0.01258295 -0.08728498 -0.05937296
v -0.01225596 -0.08805292 -0.05931693
v -0.01230996 -0.08809494 -0.05923396
v -0.01269698 -0.08735692 -0.05922496
v -0.01235896 -0.08814495 -0.05913597
v -0.01278698 -0.08744394 -0.05905896
v -0.01239299 -0.08819693 -0.05903798
v -0.01242095 -0.08829396 -0.05886197
v -0.01284599 -0.08754396 -0.05888497
v -0.01288098 -0.08762395 -0.05871498
v -0.01290297 -0.08772593 -0.05854296
v -0.01289498 -0.08782392 -0.05839294
v -0.01289397 -0.08793896 -0.05819594
v -0.01289296 -0.08870297 -0.05681097
v -0.01242196 -0.09640896 -0.04240095
v -0.01239395 -0.09828394 -0.03785192
v -0.01289194 -0.09746092 -0.03821897
v -0.01289194 -0.09686696 -0.03968495
v -0.01289999 -0.09759694 -0.03783798
v -0.01287597 -0.09766697 -0.03765594
v -0.01283597 -0.09775197 -0.03748893
v -0.01280498 -0.09779298 -0.03738898
v -0.01276099 -0.09784096 -0.03728193
v -0.01232898 -0.09835892 -0.03767293
v -0.01265996 -0.09792095 -0.03710997
v -0.01222896 -0.09842795 -0.03751796
v -0.01252698 -0.09799796 -0.03695398
v -0.01211398 -0.09848296 -0.03739893
v -0.01236200 -0.09807193 -0.03681695
v -0.01197898 -0.09853094 -0.03730195
v -0.01217299 -0.09813594 -0.03670793
v -0.01182496 -0.09857195 -0.03722697
v -0.01196396 -0.09818798 -0.03662794
v -0.01165896 -0.09860193 -0.03717893
v -0.01155698 -0.09861594 -0.03716397
v -0.01174998 -0.09822595 -0.03658396
v -0.01145696 -0.09862494 -0.03715997
v -0.01158100 -0.09824192 -0.03655397
v -0.01138395 -0.09826093 -0.03654295
v -0.01055794 -0.09867697 -0.03718197
v -0.01096397 -0.09829795 -0.03656095
v -0.00938898 -0.09838193 -0.03660094
v 0.00007900 -0.09896993 -0.03731894
v 0.00007900 -0.09861397 -0.03670895
v 0.00954598 -0.09837394 -0.03659695
v 0.00007900 -0.09896993 -0.03731894
v 0.01117295 -0.09864294 -0.03716593
v 0.01112097 -0.09828996 -0.03655594
v 0.01141297 -0.09826397 -0.03653895
v 0.01168400 -0.09823793 -0.03654396
v 0.01162296 -0.09861493 -0.03715497
v 0.01190698 -0.09821695 -0.03657996
v 0.01202499 -0.09819793 -0.03660094
v 0.01178699 -0.09859693 -0.03716897
v 0.01221299 -0.09815692 -0.03665494
v 0.01197099 -0.09856498 -0.03721797
v 0.01241797 -0.09809798 -0.03674894
v 0.01214098 -0.09851998 -0.03729993
v 0.01222699 -0.09849095 -0.03735893
v 0.01260495 -0.09802597 -0.03687697
v 0.01230299 -0.09845894 -0.03742295
v 0.01273196 -0.09796297 -0.03699797
v 0.01242095 -0.09839695 -0.03755998
v 0.01282995 -0.09790092 -0.03712296
v 0.01292496 -0.09782296 -0.03729093
v 0.01299399 -0.09774196 -0.03748393
v 0.01303297 -0.09765696 -0.03764897
v 0.01305794 -0.09758597 -0.03783297
v 0.01304996 -0.09753495 -0.03798693
v 0.01304894 -0.09744995 -0.03821396
v 0.01304894 -0.09685593 -0.03967994
v 0.01257795 -0.09247893 -0.05089497
v 0.01304996 -0.08869093 -0.05680495
v 0.01257795 -0.08907496 -0.05742698
v 0.01305097 -0.08792692 -0.05819094
v 0.01256895 -0.08823692 -0.05893898
v 0.01306098 -0.08771395 -0.05853796
v 0.01303797 -0.08761197 -0.05870997
v 0.01300299 -0.08753192 -0.05887895
v 0.01296699 -0.08746397 -0.05899494
v 0.01252996 -0.08815193 -0.05909597
v 0.01291096 -0.08739596 -0.05912095
v 0.01247996 -0.08809494 -0.05920493
v 0.01281100 -0.08731496 -0.05927997
v 0.01238495 -0.08802396 -0.05934798
v 0.01268094 -0.08724492 -0.05942893
v 0.01225197 -0.08795994 -0.05948197
v 0.01251399 -0.08718597 -0.05956894
v 0.01217395 -0.08793395 -0.05954098
v 0.01208996 -0.08791196 -0.05959194
v 0.01233196 -0.08714497 -0.05967897
v 0.01199996 -0.08789497 -0.05963593
v 0.01190495 -0.08788293 -0.05967295
v 0.01213496 -0.08712095 -0.05976194
v 0.01180696 -0.08787596 -0.05970096
v 0.01170694 -0.08787298 -0.05971997
v 0.01192498 -0.08711594 -0.05982095
v 0.01173496 -0.08710294 -0.05985093
v 0.01153695 -0.08711296 -0.05987697
v 0.01113498 -0.08715593 -0.05988794
v 0.00919998 -0.08802396 -0.05979895
v 0.00955796 -0.08725297 -0.05993294
v 0.00007900 -0.08753293 -0.06006193
v 0.00007900 -0.08827996 -0.05991894
v -0.01145696 -0.09862494 -0.03715997
v -0.01232898 -0.09835892 -0.03767293
v -0.01239395 -0.09828394 -0.03785192
v -0.01222896 -0.09842795 -0.03751796
v -0.01211398 -0.09848296 -0.03739893
v -0.01197898 -0.09853094 -0.03730195
v -0.01182496 -0.09857195 -0.03722697
v -0.01165896 -0.09860193 -0.03717893
v -0.01155698 -0.09861594 -0.03716397
v -0.01055794 -0.09867697 -0.03718197
v -0.00757396 -0.09671694 -0.04240894
v -0.01242196 -0.09640896 -0.04240095
v -0.00793695 -0.09657692 -0.04269498
v -0.00824696 -0.09642297 -0.04301595
v -0.00852299 -0.09624093 -0.04340094
v -0.00708395 -0.09685796 -0.04213094
v -0.00874597 -0.09603297 -0.04384994
v -0.00659996 -0.09695696 -0.04194897
v -0.00611597 -0.09702295 -0.04183995
v -0.00889796 -0.09579396 -0.04437398
v -0.00579798 -0.09704995 -0.04180395
v -0.00547695 -0.09706497 -0.04179495
v -0.00894898 -0.09554892 -0.04491895
v -0.01219195 -0.08801394 -0.05939495
v -0.01230996 -0.08809494 -0.05923396
v -0.01225596 -0.08805292 -0.05931693
v -0.01203894 -0.08795195 -0.05952996
v -0.01211994 -0.08798092 -0.05946594
v -0.01235896 -0.08814495 -0.05913597
v -0.01193195 -0.08792293 -0.05959796
v -0.01239299 -0.08819693 -0.05903798
v -0.01180195 -0.08789998 -0.05965793
v -0.01242095 -0.08829396 -0.05886197
v -0.01161599 -0.08788496 -0.05971294
v 0.01197099 -0.09856498 -0.03721797
v 0.01178699 -0.09859693 -0.03716897
v 0.01162296 -0.09861493 -0.03715497
v -0.01144099 -0.08788794 -0.05973494
v 0.01214098 -0.09851998 -0.03729993
v 0.01222699 -0.09849095 -0.03735893
v 0.01230299 -0.09845894 -0.03742295
v 0.01242095 -0.09839695 -0.03755998
v 0.01117295 -0.09864294 -0.03716593
v 0.00632799 -0.09703797 -0.04178196
v 0.00007900 -0.09896993 -0.03731894
v 0.00016700 -0.09684896 -0.04253393
v 0.00050800 -0.09672492 -0.04282295
v 0.00078000 -0.09659695 -0.04311794
v 0.00101596 -0.09645193 -0.04344993
v 0.00121099 -0.09629195 -0.04381698
v 0.00135297 -0.09611994 -0.04420894
v 0.00143897 -0.09594196 -0.04460996
v 0.00146699 -0.09576094 -0.04501795
v 0.00910598 -0.09692394 -0.04172897
v -0.00889599 -0.08803993 -0.05980795
v -0.00547695 -0.09211695 -0.05251294
v -0.00603998 -0.09211796 -0.05246394
v -0.00659198 -0.09215992 -0.05233198
v -0.00710499 -0.09223997 -0.05212396
v -0.00752699 -0.09234094 -0.05187994
v -0.00130999 -0.09060597 -0.05563998
v -0.00130999 -0.09219795 -0.05255097
v 0.00633097 -0.09361892 -0.04938298
v 0.00146699 -0.09342497 -0.05005794
v 0.00563395 -0.09334093 -0.05001896
v 0.00630200 -0.09353995 -0.04954993
v 0.00622797 -0.09346795 -0.04970598
v 0.00611299 -0.09340894 -0.04983997
v 0.00602698 -0.09338092 -0.04990494
v 0.00577396 -0.09334295 -0.05000495
v 0.00590998 -0.09335595 -0.04996597
v 0.00563395 -0.09211194 -0.05251097
v 0.00146699 -0.09219592 -0.05254995
v 0.00146699 -0.09060496 -0.05563998
v 0.00614697 -0.09211093 -0.05246895
v 0.00007900 -0.08827996 -0.05991894
v -0.00038400 -0.09061098 -0.05564194
v 0.00054100 -0.09061098 -0.05564194
v 0.01257795 -0.09247893 -0.05089497
v 0.00910598 -0.09349995 -0.04932695
v 0.01257795 -0.08907496 -0.05742698
v 0.00754696 -0.09229695 -0.05196493
v 0.00713396 -0.09220993 -0.05218195
v 0.00919998 -0.08802396 -0.05979895
v 0.00665200 -0.09214395 -0.05235797
v 0.01170694 -0.08787298 -0.05971997
v 0.01256895 -0.08823692 -0.05893898
v 0.01180696 -0.08787596 -0.05970096
v 0.01190495 -0.08788293 -0.05967295
v 0.01199996 -0.08789497 -0.05963593
v 0.01252996 -0.08815193 -0.05909597
v 0.01217395 -0.08793395 -0.05954098
v 0.01247996 -0.08809494 -0.05920493
v 0.01238495 -0.08802396 -0.05934798
v 0.01225197 -0.08795994 -0.05948197
v 0.01208996 -0.08791196 -0.05959194
v -0.00001600 -0.09886294 -0.03759497
v -0.00200498 -0.09713494 -0.04182696
v -0.00141895 -0.09712094 -0.04187494
v -0.00084900 -0.09706693 -0.04201292
v -0.00030500 -0.09697294 -0.04224097
v -0.01098597 -0.09256196 -0.05098694
v -0.00785500 -0.09244793 -0.05162894
v -0.00810897 -0.09255492 -0.05138498
v -0.00836098 -0.09268897 -0.05108398
v -0.00856298 -0.09282994 -0.05077397
v -0.00870496 -0.09295994 -0.05049097
v -0.00882399 -0.09311097 -0.05016797
v -0.00891298 -0.09329092 -0.04978495
v -0.00893998 -0.09339892 -0.04955893
v -0.00894898 -0.09350794 -0.04933094
v 0.01095700 -0.09256297 -0.05098998
v 0.00907499 -0.09329795 -0.04974895
v 0.00898099 -0.09310293 -0.05016493
v 0.00882697 -0.09291696 -0.05056393
v 0.00861698 -0.09274595 -0.05093795
v 0.00837999 -0.09260398 -0.05125498
v 0.00813800 -0.09249097 -0.05151093
v 0.00787997 -0.09239393 -0.05173397
v -0.00894898 -0.09275692 -0.04857993
v -0.00894898 -0.09478998 -0.04415994
v -0.00894898 -0.09554892 -0.04491895
v -0.00894898 -0.09350794 -0.04933094
v -0.00547695 -0.09630095 -0.04102993
v -0.00547695 -0.09706497 -0.04179495
v -0.00579798 -0.09704995 -0.04180395
v -0.00603497 -0.09626692 -0.04106295
v -0.00611597 -0.09702295 -0.04183995
v -0.00658196 -0.09619593 -0.04117995
v -0.00659996 -0.09695696 -0.04194897
v -0.00709200 -0.09609192 -0.04137194
v -0.00708395 -0.09685796 -0.04213094
v -0.00751400 -0.09597396 -0.04160594
v -0.00757396 -0.09671694 -0.04240894
v -0.00784397 -0.09585392 -0.04184997
v -0.00793695 -0.09657692 -0.04269498
v -0.00808698 -0.09574496 -0.04207593
v -0.00834799 -0.09559994 -0.04238098
v -0.00824696 -0.09642297 -0.04301595
v -0.00858396 -0.09543097 -0.04274398
v -0.00852299 -0.09624093 -0.04340094
v -0.00875497 -0.09526193 -0.04311096
v -0.00874597 -0.09603297 -0.04384994
v -0.00886995 -0.09509396 -0.04348194
v -0.00892895 -0.09494197 -0.04381895
v -0.00889796 -0.09579396 -0.04437398
v -0.00894898 -0.09478998 -0.04415994
v -0.00894898 -0.09554892 -0.04491895
v -0.00200498 -0.09713494 -0.04182696
v -0.00547695 -0.09706497 -0.04179495
v -0.00200498 -0.09637093 -0.04106295
v -0.00547695 -0.09630095 -0.04102993
v 0.00146699 -0.09500294 -0.04425996
v 0.00146699 -0.09576094 -0.04501795
v 0.00143897 -0.09594196 -0.04460996
v 0.00145894 -0.09510195 -0.04403495
v 0.00135297 -0.09611994 -0.04420894
v 0.00143296 -0.09520095 -0.04381197
v 0.00134498 -0.09537297 -0.04341995
v 0.00121099 -0.09629195 -0.04381698
v 0.00120395 -0.09553796 -0.04304093
v 0.00101596 -0.09645193 -0.04344993
v 0.00100297 -0.09570097 -0.04266798
v 0.00078000 -0.09659695 -0.04311794
v 0.00074100 -0.09585595 -0.04230993
v 0.00050800 -0.09672492 -0.04282295
v 0.00043000 -0.09599393 -0.04198694
v 0.00016700 -0.09684896 -0.04253393
v 0.00008400 -0.09611093 -0.04171198
v -0.00030500 -0.09697294 -0.04224097
v -0.00040900 -0.09623092 -0.04142594
v -0.00084900 -0.09706693 -0.04201292
v -0.00092100 -0.09631294 -0.04122698
v -0.00141895 -0.09712094 -0.04187494
v -0.00145596 -0.09635895 -0.04110598
v -0.00200498 -0.09713494 -0.04182696
v -0.00200498 -0.09637093 -0.04106295
v 0.00146699 -0.09576094 -0.04501795
v 0.00146699 -0.09267592 -0.04930895
v 0.00146699 -0.09342497 -0.05005794
v 0.00563395 -0.09334093 -0.05001896
v 0.00146699 -0.09267592 -0.04930895
v 0.00563395 -0.09259194 -0.04926997
v 0.00146699 -0.09342497 -0.05005794
v 0.00577396 -0.09334295 -0.05000495
v 0.00563395 -0.09259194 -0.04926997
v 0.00581896 -0.09259593 -0.04924595
v 0.00563395 -0.09334093 -0.05001896
v 0.00590998 -0.09335595 -0.04996597
v 0.00599098 -0.09262198 -0.04917693
v 0.00602698 -0.09338092 -0.04990494
v 0.00611299 -0.09340894 -0.04983997
v 0.00613499 -0.09266793 -0.04906898
v 0.00622797 -0.09346795 -0.04970598
v 0.00620496 -0.09270393 -0.04898893
v 0.00626999 -0.09275197 -0.04888194
v 0.00630200 -0.09353995 -0.04954993
v 0.00631398 -0.09280896 -0.04875898
v 0.00633097 -0.09361892 -0.04938298
v 0.00633097 -0.09286892 -0.04863196
v 0.00633097 -0.09286892 -0.04863196
v 0.00632799 -0.09627395 -0.04101794
v 0.00632799 -0.09703797 -0.04178196
v 0.00633097 -0.09361892 -0.04938298
v 0.00632799 -0.09627395 -0.04101794
v 0.00910598 -0.09692394 -0.04172897
v 0.00632799 -0.09703797 -0.04178196
v 0.00910598 -0.09615898 -0.04096394
v 0.00910598 -0.09692394 -0.04172897
v 0.00910598 -0.09274893 -0.04857593
v 0.00910598 -0.09349995 -0.04932695
v 0.00910598 -0.09615898 -0.04096394
v 0.00563395 -0.09136593 -0.05176496
v 0.00563395 -0.09211194 -0.05251097
v 0.00614697 -0.09211093 -0.05246895
v 0.00608599 -0.09136396 -0.05173194
v 0.00665200 -0.09214395 -0.05235797
v 0.00653297 -0.09138792 -0.05164498
v 0.00696695 -0.09143698 -0.05150598
v 0.00713396 -0.09220993 -0.05218195
v 0.00735998 -0.09150695 -0.05132496
v 0.00754696 -0.09229695 -0.05196493
v 0.00787997 -0.09239393 -0.05173397
v 0.00769097 -0.09158897 -0.05112493
v 0.00813800 -0.09249097 -0.05151093
v 0.00795996 -0.09167492 -0.05092197
v 0.00837999 -0.09260398 -0.05125498
v 0.00826394 -0.09179896 -0.05063694
v 0.00861698 -0.09274595 -0.05093795
v 0.00858694 -0.09197795 -0.05023396
v 0.00882697 -0.09291696 -0.05056393
v 0.00879395 -0.09213793 -0.04988193
v 0.00898099 -0.09310293 -0.05016493
v 0.00895995 -0.09232193 -0.04948198
v 0.00907499 -0.09329795 -0.04974895
v 0.00906497 -0.09251797 -0.04906296
v 0.00910598 -0.09349995 -0.04932695
v 0.00909597 -0.09263294 -0.04881995
v 0.00146699 -0.09145092 -0.05180495
v 0.00146699 -0.09219592 -0.05254995
v 0.00563395 -0.09211194 -0.05251097
v 0.00563395 -0.09136593 -0.05176496
v 0.00146699 -0.09219592 -0.05254995
v 0.00146699 -0.08986496 -0.05489897
v 0.00146699 -0.09060496 -0.05563998
v 0.00146699 -0.09145092 -0.05180495
v 0.00146699 -0.09060496 -0.05563998
v -0.00038400 -0.08987092 -0.05490195
v -0.00130999 -0.08986598 -0.05489993
v 0.00054100 -0.08986997 -0.05490195
v 0.00146699 -0.08986496 -0.05489897
v 0.00054100 -0.09061098 -0.05564194
v -0.00038400 -0.09061098 -0.05564194
v -0.00130999 -0.09060597 -0.05563998
v -0.00130999 -0.08986598 -0.05489993
v -0.00130999 -0.09145295 -0.05180597
v -0.00130999 -0.09219795 -0.05255097
v -0.00130999 -0.09060597 -0.05563998
v -0.00130999 -0.09219795 -0.05255097
v -0.00130999 -0.09145295 -0.05180597
v -0.00547695 -0.09211695 -0.05251294
v -0.00547695 -0.09137094 -0.05176794
v -0.00890499 -0.09251695 -0.04908496
v -0.00894898 -0.09275692 -0.04857993
v -0.00893998 -0.09339892 -0.04955893
v -0.00891298 -0.09329092 -0.04978495
v -0.00877499 -0.09229296 -0.04956394
v -0.00882399 -0.09311097 -0.05016797
v -0.00855696 -0.09207695 -0.05003595
v -0.00870496 -0.09295994 -0.05049097
v -0.00856298 -0.09282994 -0.05077397
v -0.00838399 -0.09195595 -0.05030393
v -0.00836098 -0.09268897 -0.05108398
v -0.00816494 -0.09183394 -0.05057698
v -0.00810897 -0.09255492 -0.05138498
v -0.00790197 -0.09171897 -0.05083996
v -0.00785500 -0.09244793 -0.05162894
v -0.00757795 -0.09160894 -0.05109697
v -0.00752699 -0.09234094 -0.05187994
v -0.00715494 -0.09150397 -0.05135297
v -0.00710499 -0.09223997 -0.05212396
v -0.00668299 -0.09142595 -0.05155497
v -0.00659198 -0.09215992 -0.05233198
v -0.00621694 -0.09138196 -0.05168497
v -0.00603998 -0.09211796 -0.05246394
v -0.00584894 -0.09136795 -0.05174493
v -0.00547695 -0.09211695 -0.05251294
v -0.00547695 -0.09137094 -0.05176794
v -0.00597799 -0.09510493 -0.04377698
v -0.00808698 -0.09574496 -0.04207593
v -0.00834799 -0.09559994 -0.04238098
v -0.00604796 -0.09506797 -0.04385596
v -0.00858396 -0.09543097 -0.04274398
v -0.00583398 -0.09515696 -0.04367095
v -0.00751400 -0.09597396 -0.04160594
v -0.00784397 -0.09585392 -0.04184997
v -0.00611299 -0.09501796 -0.04396295
v -0.00875497 -0.09526193 -0.04311096
v -0.00886995 -0.09509396 -0.04348194
v -0.00566298 -0.09519195 -0.04360693
v -0.00603497 -0.09626692 -0.04106295
v -0.00658196 -0.09619593 -0.04117995
v -0.00709200 -0.09609192 -0.04137194
v -0.00615597 -0.09496295 -0.04408395
v -0.00892895 -0.09494197 -0.04381895
v -0.00617498 -0.09490495 -0.04421395
v -0.00894898 -0.09478998 -0.04415994
v -0.00547695 -0.09520792 -0.04358798
v -0.00547695 -0.09630095 -0.04102993
v -0.00200498 -0.09527593 -0.04362398
v -0.00145596 -0.09635895 -0.04110598
v -0.00200498 -0.09637093 -0.04106295
v -0.00186396 -0.09527397 -0.04363393
v -0.00092100 -0.09631294 -0.04122698
v -0.00040900 -0.09623092 -0.04142594
v -0.00172895 -0.09525895 -0.04367297
v 0.00008400 -0.09611093 -0.04171198
v -0.00617194 -0.09287393 -0.04863494
v -0.00894898 -0.09275692 -0.04857993
v -0.00614500 -0.09279495 -0.04880195
v -0.00890499 -0.09251695 -0.04908496
v -0.00877499 -0.09229296 -0.04956394
v -0.00607097 -0.09272396 -0.04895794
v -0.00855696 -0.09207695 -0.05003595
v -0.00838399 -0.09195595 -0.05030393
v -0.00816494 -0.09183394 -0.05057698
v -0.00595599 -0.09266394 -0.04909193
v -0.00790197 -0.09171897 -0.05083996
v -0.00757795 -0.09160894 -0.05109697
v -0.00586998 -0.09263592 -0.04915797
v -0.00715494 -0.09150397 -0.05135297
v -0.00668299 -0.09142595 -0.05155497
v -0.00575298 -0.09261196 -0.04921895
v -0.00621694 -0.09138196 -0.05168497
v -0.00561798 -0.09259796 -0.04925793
v -0.00584894 -0.09136795 -0.05174493
v -0.00547695 -0.09137094 -0.05176794
v -0.00547695 -0.09259897 -0.04926997
v -0.00130999 -0.09267693 -0.04930996
v 0.00146699 -0.09500294 -0.04425996
v -0.00130999 -0.09500497 -0.04425996
v -0.00130999 -0.09145295 -0.05180597
v 0.00146699 -0.09267592 -0.04930895
v 0.00146699 -0.09145092 -0.05180495
v 0.00633097 -0.09286892 -0.04863196
v 0.00910598 -0.09615898 -0.04096394
v 0.00632799 -0.09627395 -0.04101794
v 0.00563395 -0.09259194 -0.04926997
v -0.00038400 -0.08987092 -0.05490195
v -0.00130999 -0.08986598 -0.05489993
v 0.00054100 -0.08986997 -0.05490195
v 0.00910598 -0.09274893 -0.04857593
v 0.00631398 -0.09280896 -0.04875898
v 0.00146699 -0.08986496 -0.05489897
v 0.00909597 -0.09263294 -0.04881995
v 0.00906497 -0.09251797 -0.04906296
v 0.00626999 -0.09275197 -0.04888194
v 0.00563395 -0.09136593 -0.05176496
v 0.00581896 -0.09259593 -0.04924595
v 0.00895995 -0.09232193 -0.04948198
v 0.00608599 -0.09136396 -0.05173194
v 0.00879395 -0.09213793 -0.04988193
v 0.00620496 -0.09270393 -0.04898893
v 0.00653297 -0.09138792 -0.05164498
v 0.00599098 -0.09262198 -0.04917693
v 0.00858694 -0.09197795 -0.05023396
v 0.00696695 -0.09143698 -0.05150598
v 0.00826394 -0.09179896 -0.05063694
v 0.00613499 -0.09266793 -0.04906898
v 0.00735998 -0.09150695 -0.05132496
v 0.00795996 -0.09167492 -0.05092197
v 0.00769097 -0.09158897 -0.05112493
v -0.00001600 -0.09527897 -0.04364895
v 0.00043000 -0.09599393 -0.04198694
v 0.00074100 -0.09585595 -0.04230993
v 0.00100297 -0.09570097 -0.04266798
v 0.00120395 -0.09553796 -0.04304093
v 0.00134498 -0.09537297 -0.04341995
v 0.00143296 -0.09520095 -0.04381197
v 0.00145894 -0.09510195 -0.04403495
v -0.00161195 -0.09523397 -0.04373294
v -0.00152600 -0.09520596 -0.04379898
v -0.00141096 -0.09514796 -0.04393398
v -0.00133699 -0.09507894 -0.04409098
v -0.00617194 -0.09431892 -0.04792094
v -0.00617194 -0.09287393 -0.04863494
v -0.00617194 -0.09362494 -0.04938495
v -0.00617194 -0.09499794 -0.04644894
v -0.00617498 -0.09490495 -0.04421395
v -0.00617498 -0.09566295 -0.04497092
v -0.00561696 -0.09595596 -0.04435694
v -0.00547695 -0.09596598 -0.04434698
v -0.00547695 -0.09520792 -0.04358798
v -0.00566298 -0.09519195 -0.04360693
v -0.00575197 -0.09593492 -0.04439193
v -0.00583398 -0.09515696 -0.04367095
v -0.00587100 -0.09590494 -0.04445093
v -0.00597799 -0.09510493 -0.04377698
v -0.00595599 -0.09587395 -0.04451495
v -0.00604796 -0.09506797 -0.04385596
v -0.00606996 -0.09581196 -0.04464495
v -0.00611299 -0.09501796 -0.04396295
v -0.00614500 -0.09573894 -0.04480296
v -0.00615597 -0.09496295 -0.04408395
v -0.00617498 -0.09566295 -0.04497092
v -0.00617498 -0.09490495 -0.04421395
v -0.00547695 -0.09520792 -0.04358798
v -0.00547695 -0.09596598 -0.04434698
v -0.00200498 -0.09527593 -0.04362398
v -0.00200498 -0.09603494 -0.04438197
v -0.00132596 -0.09582096 -0.04488795
v -0.00130999 -0.09576296 -0.04501795
v -0.00130999 -0.09500497 -0.04425996
v -0.00133699 -0.09507894 -0.04409098
v -0.00136995 -0.09587496 -0.04476594
v -0.00141096 -0.09514796 -0.04393398
v -0.00143599 -0.09592294 -0.04465693
v -0.00150496 -0.09595698 -0.04457795
v -0.00152600 -0.09520596 -0.04379898
v -0.00164795 -0.09600198 -0.04447096
v -0.00161195 -0.09523397 -0.04373294
v -0.00172895 -0.09525895 -0.04367297
v -0.00182199 -0.09602993 -0.04440295
v -0.00186396 -0.09527397 -0.04363393
v -0.00200498 -0.09603494 -0.04438197
v -0.00200498 -0.09527593 -0.04362398
v -0.00130999 -0.09500193 -0.04670697
v -0.00130999 -0.09500497 -0.04425996
v -0.00130999 -0.09576296 -0.04501795
v -0.00130999 -0.09267693 -0.04930996
v -0.00130999 -0.09422296 -0.04838693
v -0.00130999 -0.09342497 -0.05005794
v -0.00130999 -0.09342497 -0.05005794
v -0.00547695 -0.09334796 -0.05001997
v -0.00130999 -0.09267693 -0.04930996
v -0.00547695 -0.09259897 -0.04926997
v -0.00615597 -0.09356492 -0.04951494
v -0.00617194 -0.09362494 -0.04938495
v -0.00617194 -0.09287393 -0.04863494
v -0.00614500 -0.09279495 -0.04880195
v -0.00611299 -0.09350794 -0.04963594
v -0.00607097 -0.09272396 -0.04895794
v -0.00604695 -0.09345895 -0.04974395
v -0.00595599 -0.09266394 -0.04909193
v -0.00597799 -0.09342396 -0.04982298
v -0.00586998 -0.09263592 -0.04915797
v -0.00583398 -0.09337794 -0.04992997
v -0.00575298 -0.09261196 -0.04921895
v -0.00566000 -0.09335094 -0.04999893
v -0.00561798 -0.09259796 -0.04925793
v -0.00547695 -0.09334796 -0.05001997
v -0.00547695 -0.09259897 -0.04926997
v -0.00547695 -0.09334796 -0.05001997
v -0.00130999 -0.09342497 -0.05005794
v -0.00130999 -0.09422296 -0.04838693
v -0.00597799 -0.09342396 -0.04982298
v -0.00583398 -0.09337794 -0.04992997
v -0.00566000 -0.09335094 -0.04999893
v -0.00604695 -0.09345895 -0.04974395
v -0.00611299 -0.09350794 -0.04963594
v -0.00615597 -0.09356492 -0.04951494
v -0.00617194 -0.09362494 -0.04938495
v -0.00200498 -0.09603494 -0.04438197
v -0.00130999 -0.09500193 -0.04670697
v -0.00130999 -0.09576296 -0.04501795
v -0.00132596 -0.09582096 -0.04488795
v -0.00136995 -0.09587496 -0.04476594
v -0.00143599 -0.09592294 -0.04465693
v -0.00150496 -0.09595698 -0.04457795
v -0.00164795 -0.09600198 -0.04447096
v -0.00182199 -0.09602993 -0.04440295
v -0.00617194 -0.09431892 -0.04792094
v -0.00617194 -0.09499794 -0.04644894
v -0.00547695 -0.09596598 -0.04434698
v -0.00617498 -0.09566295 -0.04497092
v -0.00614500 -0.09573894 -0.04480296
v -0.00606996 -0.09581196 -0.04464495
v -0.00587100 -0.09590494 -0.04445093
v -0.00561696 -0.09595596 -0.04435694
v -0.00575197 -0.09593492 -0.04439193
v -0.00595599 -0.09587395 -0.04451495
f 1 2 3
f 4 1 3
f 5 6 7
f 8 5 7
f 8 7 9
f 10 6 5
f 10 11 6
f 12 11 10
f 12 13 11
f 14 8 9
f 15 14 9
f 16 13 12
f 17 18 13
f 17 13 16
f 19 18 17
f 20 18 19
f 21 3 18
f 21 4 3
f 21 18 20
f 22 23 24
f 22 20 23
f 22 21 20
f 25 9 26
f 25 15 9
f 27 26 28
f 27 25 26
f 29 30 31
f 29 32 30
f 29 24 32
f 29 22 24
f 33 27 28
f 34 33 28
f 35 34 28
f 35 28 36
f 37 35 36
f 38 37 36
f 39 38 36
f 39 36 40
f 41 39 40
f 42 41 40
f 43 42 40
f 44 43 40
f 45 44 40
f 46 29 31
f 47 45 40
f 48 47 40
f 49 46 31
f 50 49 31
f 51 48 52
f 51 47 48
f 53 50 31
f 54 50 53
f 55 54 53
f 56 55 53
f 57 51 52
f 58 59 60
f 61 58 60
f 62 60 59
f 63 61 60
f 64 60 62
f 65 63 60
f 66 67 60
f 66 60 64
f 68 65 60
f 69 67 66
f 70 67 69
f 71 67 70
f 72 67 71
f 73 74 57
f 75 68 60
f 76 75 60
f 77 67 72
f 78 75 76
f 79 57 52
f 79 73 57
f 80 76 81
f 80 78 76
f 82 80 81
f 83 82 81
f 84 83 81
f 85 84 81
f 86 85 81
f 87 86 81
f 88 87 81
f 89 88 81
f 90 89 81
f 91 90 81
f 92 91 81
f 93 92 81
f 94 93 81
f 95 94 81
f 96 95 81
f 97 79 52
f 98 96 81
f 98 99 96
f 100 97 52
f 100 52 101
f 102 99 98
f 103 102 98
f 103 104 102
f 105 100 101
f 106 107 104
f 106 104 103
f 108 101 67
f 108 67 77
f 108 105 101
f 109 107 106
f 110 77 111
f 110 108 77
f 112 111 113
f 112 113 114
f 112 110 111
f 115 116 117
f 115 118 116
f 115 114 118
f 115 112 114
f 119 120 121
f 119 117 120
f 119 115 117
f 122 123 124
f 122 121 123
f 122 119 121
f 125 126 127
f 125 124 126
f 125 122 124
f 128 127 129
f 128 129 130
f 128 125 127
f 131 132 107
f 131 130 132
f 131 128 130
f 133 107 109
f 133 131 107
f 134 133 109
f 134 109 135
f 136 137 138
f 136 138 139
f 136 139 140
f 141 142 143
f 141 143 144
f 145 141 144
f 146 137 136
f 146 147 148
f 146 148 149
f 146 149 150
f 146 150 137
f 151 145 144
f 151 144 147
f 152 147 146
f 153 147 152
f 154 147 153
f 155 147 154
f 156 151 147
f 156 147 155
f 157 158 159
f 157 156 158
f 157 151 156
f 160 161 162
f 160 159 161
f 160 157 159
f 163 162 164
f 163 160 162
f 165 166 167
f 168 169 170
f 168 164 169
f 168 163 164
f 171 166 165
f 172 168 170
f 172 170 173
f 172 173 174
f 172 174 175
f 176 175 177
f 176 177 178
f 176 172 175
f 176 179 180
f 176 181 179
f 176 178 181
f 182 183 184
f 182 185 183
f 182 186 185
f 182 187 186
f 182 188 187
f 182 189 188
f 182 180 189
f 182 176 180
f 190 191 192
f 190 184 191
f 190 182 184
f 190 192 193
f 194 166 171
f 194 193 166
f 194 171 195
f 194 190 193
f 196 194 195
f 196 195 197
f 198 197 199
f 198 196 197
f 200 201 202
f 203 202 204
f 203 200 202
f 205 199 201
f 205 201 200
f 205 198 199
f 206 203 204
f 207 204 208
f 207 206 204
f 209 210 198
f 209 198 205
f 211 210 209
f 212 210 211
f 213 210 212
f 214 210 213
f 215 210 214
f 216 210 215
f 217 207 208
f 218 210 216
f 219 217 208
f 219 208 220
f 221 219 220
f 221 220 222
f 223 221 222
f 224 223 222
f 225 224 222
f 225 222 226
f 227 225 226
f 228 227 226
f 228 226 229
f 230 228 229
f 231 232 233
f 231 210 218
f 231 234 232
f 231 235 234
f 231 236 235
f 231 237 236
f 231 238 237
f 231 218 238
f 239 230 229
f 239 229 240
f 241 239 240
f 242 231 233
f 243 242 233
f 244 243 245
f 244 246 247
f 244 245 246
f 244 242 243
f 248 249 250
f 248 251 249
f 248 252 251
f 248 253 252
f 248 254 253
f 248 255 254
f 248 256 255
f 248 257 256
f 248 258 257
f 248 259 258
f 248 247 259
f 248 244 247
f 260 250 261
f 260 248 250
f 262 260 261
f 263 264 265
f 263 261 264
f 263 262 261
f 266 265 241
f 266 263 265
f 267 240 268
f 267 241 240
f 267 266 241
f 269 268 270
f 269 267 268
f 271 272 273
f 274 275 272
f 274 276 275
f 274 272 271
f 277 278 276
f 277 276 274
f 279 280 278
f 279 281 280
f 279 278 277
f 282 283 281
f 282 281 279
f 284 285 283
f 284 283 282
f 286 287 285
f 286 288 287
f 286 285 284
f 289 290 288
f 289 288 286
f 291 292 290
f 291 290 289
f 293 292 291
f 293 294 292
f 295 294 293
f 295 296 294
f 297 298 296
f 297 296 295
f 299 300 301
f 299 302 300
f 299 303 302
f 304 298 297
f 304 305 298
f 306 299 301
f 306 301 307
f 308 305 304
f 309 306 307
f 309 307 310
f 311 305 308
f 311 312 305
f 313 309 310
f 313 310 314
f 315 312 311
f 315 316 312
f 317 313 314
f 317 314 316
f 318 317 316
f 318 316 315
f 319 320 321
f 319 322 320
f 323 321 324
f 323 319 321
f 325 324 326
f 325 323 324
f 327 326 328
f 327 325 326
f 329 328 330
f 329 330 331
f 329 327 328
f 332 331 333
f 332 329 331
f 334 335 336
f 334 336 337
f 338 339 340
f 338 340 341
f 342 343 344
f 345 343 342
f 346 347 348
f 349 350 351
f 352 349 351
f 353 337 354
f 353 354 339
f 353 338 355
f 353 356 334
f 353 334 337
f 353 339 338
f 357 355 358
f 357 358 342
f 357 344 359
f 357 359 356
f 357 353 355
f 357 342 344
f 357 356 353
f 360 345 361
f 360 361 362
f 360 362 363
f 360 364 365
f 360 365 343
f 360 343 345
f 366 360 363
f 366 363 367
f 366 367 368
f 366 369 370
f 366 370 364
f 366 364 360
f 371 351 350
f 371 368 372
f 371 372 351
f 371 373 346
f 371 374 373
f 371 350 374
f 371 348 369
f 371 369 366
f 371 366 368
f 371 346 348
f 375 376 377
f 378 379 380
f 381 380 382
f 381 383 384
f 381 378 380
f 381 384 378
f 385 386 387
f 385 387 388
f 385 388 389
f 385 390 386
f 391 389 392
f 391 392 393
f 391 393 394
f 391 385 389
f 391 394 385
f 395 385 394
f 395 390 385
f 396 394 379
f 396 384 390
f 396 395 394
f 396 390 395
f 397 379 378
f 397 378 384
f 397 384 396
f 397 396 379
f 398 382 377
f 398 399 383
f 398 381 382
f 398 383 381
f 400 401 399
f 400 402 401
f 400 403 402
f 400 376 403
f 400 398 377
f 400 399 398
f 400 377 376
f 404 405 406
f 407 405 404
f 408 407 404
f 409 410 411
f 409 412 410
f 413 414 415
f 416 413 415
f 417 418 419
f 420 417 419
f 421 422 423
f 421 423 407
f 421 408 412
f 421 409 424
f 421 424 425
f 421 425 426
f 421 407 408
f 421 412 409
f 427 428 429
f 427 429 430
f 427 430 431
f 427 431 422
f 427 426 432
f 427 432 433
f 427 433 434
f 427 421 426
f 427 422 421
f 435 418 416
f 435 415 436
f 435 436 437
f 435 437 428
f 435 434 438
f 435 438 439
f 435 439 419
f 435 427 434
f 435 428 427
f 435 416 415
f 435 419 418
f 440 441 442
f 440 442 443
f 444 445 440
f 446 447 448
f 446 448 441
f 446 441 440
f 446 449 450
f 446 450 451
f 446 451 447
f 446 452 453
f 446 454 452
f 446 455 454
f 446 445 455
f 446 453 449
f 446 440 445
f 456 457 458
f 456 459 457
f 456 460 459
f 461 462 463
f 461 463 464
f 465 462 461
f 466 467 468
f 466 468 469
f 470 471 472
f 473 471 470
f 474 475 476
f 474 476 477
f 478 479 480
f 481 478 480
f 482 481 480
f 483 482 480
f 484 483 480
f 485 486 487
f 485 488 486
f 485 489 488
f 485 458 489
f 485 487 490
f 485 456 458
f 491 468 492
f 491 492 462
f 491 465 469
f 491 462 465
f 491 469 468
f 493 470 472
f 493 472 467
f 493 466 494
f 493 494 470
f 493 467 466
f 495 471 473
f 495 476 496
f 495 496 471
f 495 477 476
f 495 473 497
f 495 497 477
f 498 499 475
f 498 475 474
f 498 474 500
f 498 500 501
f 502 456 485
f 502 503 456
f 502 485 490
f 504 505 503
f 504 490 506
f 504 503 502
f 504 502 490
f 507 464 505
f 507 505 504
f 507 504 506
f 508 506 461
f 508 464 507
f 508 507 506
f 508 461 464
f 509 498 501
f 509 499 498
f 510 511 499
f 510 501 512
f 510 509 501
f 510 499 509
f 513 511 510
f 513 510 512
f 514 515 516
f 514 479 515
f 514 516 511
f 514 511 513
f 514 480 479
f 514 512 480
f 514 513 512
f 517 518 519
f 520 521 522
f 520 523 517
f 520 524 523
f 520 522 524
f 520 519 525
f 520 517 519
f 526 527 528
f 526 528 529
f 526 525 527
f 530 525 526
f 530 526 529
f 531 529 532
f 531 530 529
f 531 525 530
f 533 532 534
f 533 534 535
f 533 535 536
f 533 536 521
f 533 525 531
f 533 521 520
f 533 531 532
f 533 520 525
f 537 538 539
f 540 541 542
f 543 544 545
f 546 547 548
f 546 548 549
f 546 549 538
f 546 537 550
f 546 538 537
f 551 550 541
f 551 540 552
f 551 552 553
f 551 553 554
f 551 541 540
f 551 546 550
f 555 556 557
f 555 557 547
f 555 547 546
f 558 554 559
f 558 555 546
f 558 551 554
f 558 546 551
f 560 561 562
f 563 562 556
f 563 556 555
f 563 560 562
f 563 564 560
f 563 555 558
f 565 566 561
f 565 561 560
f 565 560 564
f 567 568 569
f 567 570 568
f 567 571 570
f 567 569 566
f 567 566 565
f 572 559 573
f 572 573 574
f 572 558 559
f 572 574 564
f 572 564 563
f 572 563 558
f 575 574 545
f 575 565 564
f 575 564 574
f 576 577 571
f 576 544 577
f 576 567 565
f 576 565 575
f 576 575 545
f 576 571 567
f 576 545 544
f 578 579 580
f 581 582 583
f 581 583 584
f 581 584 585
f 586 579 587
f 586 587 582
f 586 582 581
f 586 580 579
f 588 589 590
f 591 585 592
f 591 592 593
f 594 595 596
f 594 596 588
f 597 589 588
f 597 596 595
f 597 588 596
f 598 599 600
f 598 594 599
f 598 595 594
f 601 592 589
f 602 592 601
f 602 601 603
f 604 600 605
f 604 606 600
f 604 603 606
f 607 593 592
f 607 608 593
f 609 608 604
f 609 605 610
f 609 610 593
f 609 593 608
f 609 604 605
f 611 605 580
f 611 610 605
f 611 593 610
f 611 591 593
f 612 591 611
f 612 611 580
f 613 588 590
f 613 594 588
f 614 594 613
f 615 597 595
f 615 595 598
f 616 597 615
f 616 615 598
f 616 589 597
f 617 616 598
f 618 601 619
f 618 600 606
f 620 618 606
f 620 601 618
f 620 603 601
f 620 606 603
f 621 602 603
f 621 603 604
f 622 623 604
f 622 604 608
f 622 608 607
f 624 581 585
f 624 591 612
f 624 585 591
f 625 626 599
f 625 594 614
f 625 599 594
f 625 614 613
f 627 589 616
f 627 616 617
f 628 617 598
f 628 598 600
f 628 629 630
f 628 600 629
f 631 619 601
f 631 632 630
f 631 601 589
f 631 589 632
f 633 618 619
f 633 600 618
f 634 602 621
f 634 592 602
f 634 623 592
f 635 623 622
f 635 622 607
f 635 592 623
f 635 607 592
f 636 581 624
f 636 580 586
f 636 624 612
f 636 586 581
f 636 612 580
f 637 613 590
f 637 625 613
f 637 638 639
f 637 640 638
f 637 590 640
f 641 642 626
f 641 626 625
f 641 639 642
f 641 625 637
f 641 637 639
f 643 617 628
f 643 627 617
f 644 628 630
f 644 630 632
f 644 643 628
f 644 632 643
f 645 631 630
f 645 630 629
f 646 619 631
f 646 633 619
f 646 631 645
f 646 645 629
f 647 621 604
f 647 634 621
f 647 604 623
f 647 623 634
f 648 589 627
f 648 627 643
f 648 643 632
f 648 632 589
f 649 600 633
f 649 633 646
f 649 629 600
f 649 646 629
f 650 651 652
f 653 650 654
f 655 656 657
f 658 659 660
f 658 660 651
f 661 653 662
f 661 662 663
f 661 663 664
f 661 651 650
f 661 650 653
f 661 658 651
f 661 659 658
f 665 666 667
f 665 667 659
f 668 664 669
f 668 669 670
f 668 661 664
f 668 659 661
f 668 665 659
f 671 672 673
f 674 675 676
f 677 673 666
f 677 670 678
f 677 678 675
f 677 668 670
f 677 675 674
f 677 666 665
f 677 674 671
f 677 671 673
f 677 665 668
f 679 656 680
f 679 676 657
f 679 657 656
f 681 682 683
f 681 683 672
f 681 672 671
f 681 671 674
f 684 680 685
f 684 685 686
f 684 686 682
f 684 682 681
f 684 679 680
f 684 681 679
f 687 681 674
f 687 674 676
f 687 676 679
f 687 679 681
f 688 689 690
f 688 691 689
f 692 693 694
f 692 695 696
f 692 697 695
f 692 698 697
f 692 694 698
f 692 696 691
f 692 688 693
f 692 691 688
f 699 690 700
f 699 693 688
f 699 688 690
f 701 700 702
f 701 702 703
f 701 703 693
f 701 699 700
f 701 693 699
f 704 705 706
f 704 706 707
f 704 707 1
f 708 705 704
f 709 708 704
f 710 709 711
f 710 708 709
f 712 711 713
f 712 710 711
f 714 713 715
f 714 712 713
f 716 715 717
f 716 714 715
f 718 716 717
f 719 718 717
f 720 718 719
f 721 720 719
f 722 721 719
f 723 722 719
f 724 722 723
f 725 723 726
f 725 724 723
f 727 726 728
f 727 725 726
f 729 725 727
f 730 725 729
f 731 725 730
f 732 733 734
f 732 735 733
f 732 736 735
f 732 737 736
f 738 737 732
f 739 738 732
f 740 738 739
f 741 740 739
f 742 740 741
f 743 742 741
f 744 742 743
f 745 744 743
f 746 744 745
f 747 746 745
f 748 746 747
f 749 748 747
f 750 748 749
f 751 750 749
f 752 753 750
f 752 750 751
f 754 755 753
f 754 751 756
f 754 753 752
f 754 752 751
f 757 755 754
f 757 754 756
f 758 755 757
f 758 759 755
f 758 756 760
f 758 757 756
f 761 759 758
f 761 758 760
f 762 763 759
f 762 761 760
f 762 760 764
f 762 759 761
f 765 763 762
f 765 762 764
f 766 767 763
f 766 764 768
f 766 765 764
f 766 763 765
f 769 766 768
f 769 767 766
f 770 771 767
f 770 768 772
f 770 767 769
f 770 769 768
f 773 774 771
f 773 771 770
f 773 770 772
f 775 774 773
f 775 773 772
f 776 777 774
f 776 772 778
f 776 774 775
f 776 775 772
f 779 777 776
f 779 776 778
f 780 781 777
f 780 778 782
f 780 779 778
f 780 777 779
f 783 780 782
f 783 781 780
f 783 784 781
f 785 783 782
f 785 784 783
f 786 785 782
f 786 787 784
f 786 784 785
f 786 788 787
f 786 789 788
f 786 790 789
f 786 791 790
f 786 792 791
f 786 793 792
f 786 782 793
f 794 795 796
f 797 798 799
f 800 801 802
f 800 802 803
f 800 803 804
f 800 804 805
f 800 805 795
f 800 795 794
f 806 799 798
f 806 794 799
f 806 807 801
f 806 808 807
f 806 798 808
f 806 800 794
f 806 801 800
f 809 810 811
f 812 813 814
f 815 813 812
f 816 815 812
f 817 815 816
f 818 817 816
f 819 817 818
f 820 819 818
f 821 819 820
f 822 821 820
f 823 822 824
f 825 822 823
f 826 822 825
f 827 821 822
f 827 822 826
f 828 829 830
f 828 831 832
f 828 830 833
f 828 833 834
f 828 834 835
f 828 835 836
f 828 836 831
f 837 828 832
f 837 829 828
f 838 839 829
f 838 832 840
f 838 837 832
f 838 829 837
f 841 839 838
f 841 838 840
f 842 843 839
f 842 840 844
f 842 841 840
f 842 839 841
f 845 842 844
f 845 843 842
f 846 847 843
f 846 845 844
f 846 843 845
f 848 849 847
f 848 846 844
f 848 844 850
f 848 847 846
f 851 849 848
f 851 850 852
f 851 848 850
f 853 849 851
f 853 851 852
f 854 855 849
f 854 852 856
f 854 853 852
f 854 849 853
f 857 855 854
f 857 854 856
f 858 809 855
f 858 856 810
f 858 855 857
f 858 857 856
f 858 810 809
f 859 813 809
f 859 811 814
f 859 809 811
f 859 814 813
f 860 861 862
f 863 860 862
f 864 860 863
f 865 864 863
f 866 864 865
f 867 866 868
f 869 867 870
f 871 872 869
f 871 869 870
f 870 867 868
f 868 866 865
f 873 874 875
f 873 876 874
f 873 877 876
f 878 873 875
f 879 873 878
f 880 879 878
f 881 880 882
f 881 879 880
f 883 881 882
f 884 881 883
f 885 884 883
f 886 884 885
f 887 884 886
f 888 884 887
f 889 890 891
f 889 892 890
f 889 893 892
f 889 894 893
f 895 894 889
f 896 895 889
f 897 895 896
f 898 897 896
f 899 898 896
f 900 899 901
f 902 899 900
f 903 898 899
f 903 899 902
f 904 905 906
f 907 908 909
f 910 909 904
f 910 911 912
f 910 913 911
f 910 906 913
f 910 912 914
f 910 904 906
f 915 914 907
f 915 910 914
f 915 909 910
f 915 907 909
f 916 917 918
f 916 918 919
f 920 921 922
f 920 922 923
f 924 925 926
f 924 926 927
f 928 924 929
f 930 924 928
f 931 932 933
f 934 935 936
f 937 938 939
f 937 939 940
f 941 942 943
f 941 943 944
f 941 938 937
f 945 927 946
f 945 946 938
f 947 944 948
f 947 948 949
f 947 949 929
f 947 927 945
f 947 945 938
f 947 938 941
f 947 941 944
f 947 924 927
f 947 929 924
f 950 919 951
f 950 951 921
f 950 920 935
f 950 933 916
f 950 916 919
f 950 921 920
f 952 935 934
f 952 933 950
f 952 950 935
f 953 931 933
f 953 952 934
f 953 934 931
f 953 933 952
f 954 936 955
f 954 940 932
f 954 932 931
f 954 934 936
f 954 931 934
f 956 955 942
f 956 954 955
f 956 941 937
f 956 940 954
f 956 942 941
f 956 937 940
f 957 958 959
f 960 961 957
f 962 963 964
f 965 966 967
f 965 967 968
f 969 968 967
f 970 971 972
f 973 974 975
f 973 975 972
f 973 972 971
f 976 977 966
f 976 970 977
f 976 971 970
f 978 979 976
f 978 976 966
f 980 981 974
f 980 974 982
f 980 982 979
f 983 966 965
f 983 965 984
f 985 968 986
f 985 986 981
f 985 981 980
f 985 965 968
f 985 984 965
f 985 980 984
f 987 986 968
f 987 981 986
f 987 968 969
f 987 969 988
f 989 969 967
f 989 988 969
f 990 959 981
f 990 981 987
f 991 967 992
f 991 992 993
f 991 993 994
f 995 990 994
f 995 959 990
f 995 994 993
f 996 972 975
f 996 970 972
f 997 970 996
f 998 973 971
f 998 971 976
f 999 1000 976
f 999 976 979
f 999 979 982
f 1001 979 978
f 1001 980 979
f 1002 984 980
f 1002 983 984
f 1003 987 988
f 1003 988 989
f 1003 990 987
f 1004 967 991
f 1004 990 1003
f 1005 994 990
f 1005 991 994
f 1005 1004 991
f 1005 990 1004
f 1006 995 993
f 1006 993 992
f 1006 1007 995
f 1008 1009 977
f 1008 970 997
f 1008 997 996
f 1008 977 970
f 1010 973 998
f 1010 1000 974
f 1010 974 973
f 1011 974 1000
f 1011 999 982
f 1011 982 974
f 1011 1000 999
f 1012 978 966
f 1012 966 1013
f 1012 1001 978
f 1014 983 1002
f 1014 966 983
f 1015 967 1004
f 1015 1003 989
f 1015 1004 1003
f 1015 989 967
f 1016 959 995
f 1016 957 959
f 1016 1007 1006
f 1016 995 1007
f 1017 1018 1019
f 1017 1020 1018
f 1017 975 1020
f 1017 996 975
f 1017 1008 996
f 1021 1022 1009
f 1021 1019 1022
f 1021 1017 1019
f 1021 1009 1008
f 1021 1008 1017
f 1023 998 976
f 1023 976 1000
f 1023 1000 1010
f 1023 1010 998
f 1024 980 1001
f 1024 1013 980
f 1024 1001 1012
f 1024 1012 1013
f 1025 1002 980
f 1025 980 1013
f 1025 1014 1002
f 1026 964 961
f 1026 957 1016
f 1026 962 964
f 1026 960 957
f 1026 961 960
f 1027 992 1028
f 1027 1028 963
f 1027 963 962
f 1027 1016 1006
f 1027 962 1026
f 1027 1006 992
f 1027 1026 1016
f 1029 1013 966
f 1029 966 1014
f 1029 1025 1013
f 1029 1014 1025
f 1030 1031 1032
f 1033 1030 1032
f 1034 1033 1035
f 1034 1035 1036
f 1037 1033 1034
f 1038 1039 1040
f 1041 1042 1043
f 1044 1041 1043
f 1045 1037 1046
f 1045 1046 1047
f 1045 1047 1048
f 1045 1049 1050
f 1045 1050 1051
f 1045 1051 1030
f 1045 1030 1033
f 1045 1033 1037
f 1052 1048 1053
f 1052 1053 1054
f 1052 1054 1055
f 1052 1056 1057
f 1052 1057 1049
f 1052 1045 1048
f 1052 1049 1045
f 1058 1059 1056
f 1058 1056 1052
f 1060 1055 1061
f 1060 1058 1052
f 1060 1059 1058
f 1060 1052 1055
f 1062 1061 1063
f 1062 1040 1059
f 1062 1060 1061
f 1062 1059 1060
f 1064 1063 1043
f 1064 1065 1038
f 1064 1066 1065
f 1064 1042 1066
f 1064 1040 1062
f 1064 1062 1063
f 1064 1038 1040
f 1064 1043 1042
f 1067 1068 1069
f 1067 1069 1070
f 1067 1071 1068
f 1072 1070 1073
f 1072 1067 1070
f 1072 1071 1067
f 1074 1071 1072
f 1074 1072 1073
f 1075 1073 1076
f 1075 1076 1077
f 1075 1077 1078
f 1075 1078 1079
f 1075 1079 1080
f 1075 1074 1073
f 1075 1071 1074
f 1081 1082 1083
f 1081 1083 1084
f 1081 1084 1085
f 1081 1085 1086
f 1081 1086 1071
f 1087 1082 1081
f 1087 1081 1071
f 1088 1080 1089
f 1088 1089 1090
f 1088 1090 1091
f 1088 1091 1082
f 1088 1075 1080
f 1088 1087 1071
f 1088 1071 1075
f 1088 1082 1087
f 1092 1093 1094
f 1095 1093 1092
f 1096 1095 1092
f 1097 1098 1099
f 1097 1099 1100
f 1101 1102 1103
f 1104 1101 1103
f 1105 1106 1107
f 1108 1105 1107
f 1109 1105 1108
f 1110 1109 1108
f 1111 1096 1098
f 1111 1097 1112
f 1111 1112 1113
f 1111 1113 1114
f 1111 1114 1115
f 1111 1116 1117
f 1111 1117 1118
f 1111 1118 1095
f 1111 1095 1096
f 1111 1098 1097
f 1119 1111 1115
f 1119 1115 1120
f 1119 1116 1111
f 1119 1120 1121
f 1119 1121 1122
f 1119 1123 1124
f 1119 1124 1125
f 1119 1125 1116
f 1126 1122 1127
f 1126 1128 1123
f 1126 1123 1119
f 1126 1119 1122
f 1129 1107 1106
f 1129 1127 1130
f 1129 1130 1107
f 1129 1131 1104
f 1129 1132 1131
f 1129 1106 1132
f 1129 1103 1128
f 1129 1126 1127
f 1129 1128 1126
f 1129 1104 1103
f 1133 1134 1135
f 1136 1137 1138
f 1139 1140 1141
f 1139 1141 1142
f 1139 1142 1143
f 1139 1143 1134
f 1139 1134 1133
f 1144 1145 1146
f 1144 1147 1145
f 1144 1148 1147
f 1144 1137 1148
f 1144 1146 1149
f 1144 1138 1137
f 1150 1151 1140
f 1150 1140 1139
f 1150 1139 1133
f 1152 1133 1138
f 1152 1149 1151
f 1152 1151 1150
f 1152 1150 1133
f 1153 1138 1144
f 1153 1144 1149
f 1153 1152 1138
f 1153 1149 1152
f 1154 1155 1156
f 1157 1154 1156
f 1158 1159 1160
f 1161 1162 1163
f 1164 1165 1166
f 1167 1168 1154
f 1167 1169 1159
f 1167 1157 1169
f 1167 1154 1157
f 1167 1159 1158
f 1170 1171 1172
f 1170 1172 1173
f 1170 1173 1174
f 1170 1175 1176
f 1177 1178 1179
f 1177 1179 1171
f 1177 1176 1180
f 1177 1180 1181
f 1177 1170 1176
f 1177 1171 1170
f 1182 1183 1184
f 1182 1184 1178
f 1182 1181 1185
f 1182 1185 1186
f 1182 1178 1177
f 1182 1177 1181
f 1187 1174 1188
f 1187 1188 1168
f 1187 1158 1189
f 1187 1189 1175
f 1187 1175 1170
f 1187 1170 1174
f 1187 1167 1158
f 1187 1168 1167
f 1190 1165 1191
f 1190 1191 1192
f 1190 1192 1161
f 1190 1163 1183
f 1190 1186 1166
f 1190 1182 1186
f 1190 1161 1163
f 1190 1183 1182
f 1190 1166 1165
f 1193 1194 1195
f 1196 1195 1197
f 1196 1193 1195
f 1198 1197 1199
f 1198 1196 1197
f 1200 1199 1201
f 1200 1198 1199
f 1202 1201 1203
f 1202 1200 1201
f 1204 1203 1205
f 1204 1202 1203
f 1206 1207 1208
f 1206 1209 1207
f 1206 1210 1209
f 1211 1212 1213
f 1211 1213 1214
f 1215 1212 1211
f 1216 1217 1218
f 1219 1220 1217
f 1219 1217 1216
f 1221 1222 1220
f 1221 1220 1219
f 1223 1224 1225
f 1223 1226 1224
f 1227 1218 1228
f 1227 1228 1212
f 1227 1215 1229
f 1227 1229 1216
f 1227 1212 1215
f 1227 1216 1218
f 1230 1225 1224
f 1230 1221 1231
f 1230 1231 1232
f 1230 1232 1225
f 1230 1224 1233
f 1230 1233 1222
f 1230 1222 1221
f 1234 1226 1223
f 1234 1223 1235
f 1234 1235 1236
f 1234 1237 1226
f 1238 1239 1240
f 1241 1242 1206
f 1241 1243 1194
f 1241 1244 1243
f 1241 1208 1244
f 1241 1194 1245
f 1241 1206 1208
f 1246 1242 1241
f 1246 1241 1245
f 1247 1214 1242
f 1247 1245 1211
f 1247 1246 1245
f 1247 1211 1214
f 1247 1242 1246
f 1248 1236 1249
f 1248 1250 1237
f 1248 1234 1236
f 1248 1237 1234
f 1251 1248 1249
f 1251 1250 1248
f 1252 1249 1253
f 1252 1251 1249
f 1252 1250 1251
f 1254 1253 1239
f 1254 1255 1250
f 1254 1252 1253
f 1254 1250 1252
f 1256 1255 1254
f 1256 1254 1239
f 1256 1239 1238
f 1256 1238 1255
f 1257 1240 1258
f 1257 1259 1260
f 1257 1261 1259
f 1257 1262 1261
f 1257 1263 1262
f 1257 1264 1263
f 1257 1265 1264
f 1257 1258 1265
f 1257 1260 1255
f 1257 1238 1240
f 1257 1255 1238
f 1266 1267 1268
f 1269 1270 1271
f 1269 1272 1270
f 1269 1273 1272
f 1274 1275 1273
f 1274 1273 1269
f 1276 1277 1275
f 1276 1275 1274
f 1278 1279 1277
f 1278 1277 1276
f 1280 1281 1279
f 1280 1282 1281
f 1280 1279 1278
f 1283 1284 1282
f 1283 1282 1280
f 1285 1286 1284
f 1285 1284 1283
f 1287 1288 1286
f 1287 1286 1285
f 1289 1290 1288
f 1289 1288 1287
f 1291 1292 1293
f 1291 1293 1294
f 1295 1294 1293
f 1296 1292 1291
f 1297 1295 1293
f 1298 1292 1296
f 1299 1297 1293
f 1300 1292 1298
f 1301 1299 1293
f 1302 1292 1300
f 1303 1301 1293
f 1304 1292 1302
f 1305 1303 1293
f 1306 1292 1304
f 1307 1293 1308
f 1307 1305 1293
f 1309 1310 1292
f 1309 1292 1306
f 1311 1307 1308
f 1312 1310 1309
f 1313 1311 1308
f 1314 1310 1312
f 1315 1316 1313
f 1315 1317 1316
f 1315 1318 1317
f 1315 1319 1318
f 1315 1313 1308
f 1320 1310 1314
f 1320 1321 1322
f 1320 1323 1321
f 1320 1324 1323
f 1320 1314 1324
f 1325 1319 1315
f 1325 1326 1319
f 1327 1320 1322
f 1327 1322 1328
f 1329 1326 1325
f 1329 1330 1326
f 1331 1328 1332
f 1331 1327 1328
f 1333 1334 1330
f 1333 1330 1329
f 1335 1332 1336
f 1335 1331 1332
f 1337 1338 1334
f 1337 1334 1333
f 1339 1335 1336
f 1339 1336 1340
f 1341 1340 1338
f 1341 1339 1340
f 1341 1338 1337
f 1342 1343 1344
f 1342 1345 1343
f 1346 1347 1345
f 1346 1345 1342
f 1348 1349 1347
f 1348 1347 1346
f 1350 1351 1349
f 1350 1349 1348
f 1352 1353 1351
f 1352 1351 1350
f 1354 1355 1353
f 1354 1353 1352
f 1356 1355 1354
f 1357 1358 1355
f 1357 1355 1356
f 1359 1360 1358
f 1359 1358 1357
f 1361 1360 1359
f 1362 1363 1360
f 1362 1360 1361
f 1364 1365 1366
f 1367 1368 1369
f 1367 1370 1368
f 1367 1371 1370
f 1372 1373 1371
f 1372 1374 1373
f 1372 1371 1367
f 1375 1367 1369
f 1376 1377 1374
f 1376 1374 1372
f 1378 1367 1375
f 1378 1372 1367
f 1379 1369 333
f 1379 1375 1369
f 1380 1381 1377
f 1380 1382 1381
f 1380 1383 1382
f 1380 1377 1376
f 1384 1372 1378
f 1384 1376 1372
f 1384 1380 1376
f 1385 1378 1375
f 1385 1375 1379
f 1386 1385 1379
f 1386 1379 333
f 1387 1388 1383
f 1387 1380 1384
f 1387 1383 1380
f 1389 1378 1385
f 1389 1384 1378
f 1389 1387 1384
f 1390 1385 1386
f 1391 333 1392
f 1391 1386 333
f 1393 1388 1387
f 1393 1387 1389
f 1394 1389 1385
f 1394 1385 1390
f 1395 1390 1386
f 1395 1386 1391
f 1396 1397 1398
f 1396 1399 1397
f 1396 1392 1399
f 1396 1391 1392
f 1400 1389 1394
f 1400 1388 1393
f 1400 1393 1389
f 1401 1394 1390
f 1401 1400 1394
f 1401 1390 1395
f 1402 1391 1396
f 1402 1395 1391
f 1402 1403 1404
f 1402 1405 1403
f 1402 1406 1405
f 1402 1407 1406
f 1402 1408 1407
f 1402 1409 1408
f 1402 1398 1409
f 1402 1396 1398
f 1410 1411 1388
f 1410 1400 1401
f 1410 1388 1400
f 1412 1401 1395
f 1412 1413 1411
f 1412 1414 1413
f 1412 1415 1414
f 1412 1416 1415
f 1412 1410 1401
f 1412 1404 1416
f 1412 1402 1404
f 1412 1395 1402
f 1412 1411 1410
f 1417 1418 1419
f 1420 1421 1422
f 1423 1424 1425
f 1426 1427 1428
f 1429 1426 1428
f 1430 1417 1431
f 1430 1431 1432
f 1430 1432 1424
f 1430 1433 1418
f 1430 1418 1417
f 1430 1424 1423
f 1434 1423 1435
f 1434 1422 1433
f 1434 1430 1423
f 1434 1433 1430
f 1436 1435 1428
f 1436 1437 1420
f 1436 1427 1438
f 1436 1422 1434
f 1436 1434 1435
f 1436 1428 1427
f 1436 1420 1422
f 1439 1440 1437
f 1439 1438 1440
f 1439 1437 1436
f 1439 1436 1438
f 1441 1442 1443
f 1444 1445 1446
f 1444 1447 1445
f 1444 1441 1447
f 1448 1441 1444
f 1448 1442 1441
f 1449 1450 1451
f 1449 1452 1450
f 1449 1453 1452
f 1454 1455 1453
f 1454 1453 1449
f 1456 1457 1455
f 1456 1455 1454
f 1458 1459 1457
f 1458 1457 1456
f 1460 1461 1459
f 1460 1459 1458
f 1462 1463 1461
f 1462 1461 1460
f 1464 1465 1463
f 1464 1463 1462
f 1466 1467 1465
f 1466 1465 1464
f 1468 1467 1466
f 1469 1470 1471
f 1469 1472 1470
f 1473 1470 1472
f 1474 1469 1471
f 1475 1470 1473
f 1476 1474 1471
f 1477 1470 1475
f 1478 1476 1471
f 1479 1470 1477
f 1480 1471 1481
f 1480 1478 1471
f 1482 1470 1479
f 1483 1484 1485
f 1483 1481 1484
f 1483 1480 1481
f 1486 1485 1487
f 1486 1483 1485
f 1488 1487 1489
f 1488 1486 1487
f 1490 1488 1489
f 1491 1490 1489
f 1492 1490 1491
f 1493 1482 1494
f 1493 1494 1495
f 1493 1495 1496
f 1493 1496 1497
f 1493 1470 1482
f 1498 1492 1491
f 1499 1493 1497
f 1500 1492 1498
f 1501 1493 1499
f 1502 1503 1500
f 1502 1500 1498
f 1504 1493 1501
f 1505 1493 1504
f 1506 1507 1503
f 1506 1503 1502
f 1508 1509 1507
f 1508 1507 1506
f 1510 1509 1508
f 1510 1511 1512
f 1510 1512 1513
f 1510 1513 1514
f 1510 1514 1509
f 1515 1493 1505
f 1515 1505 1516
f 1515 1516 1517
f 1515 1517 1518
f 1515 1518 1519
f 1515 1519 1511
f 1515 1511 1510
f 1520 1515 1510
f 1521 1522 1523
f 1524 1525 1522
f 1524 1522 1521
f 1526 1527 1525
f 1526 1525 1524
f 1528 1527 1526
f 1529 1530 1527
f 1529 1527 1528
f 1531 1532 1530
f 1531 1530 1529
f 1533 1534 1532
f 1533 1532 1531
f 1535 1536 1537
f 1535 1537 1534
f 1535 1534 1533
f 1538 1539 1536
f 1538 1536 1535
f 1540 1541 1542
f 1543 1544 1545
f 1543 1546 1544
f 1543 1540 1546
f 1547 1541 1540
f 1547 1540 1543
f 1521 1547 1543
f 1548 1549 1550
f 1551 1552 1553
f 1554 1555 1556
f 1557 1558 1559
f 1560 1550 1561
f 1560 1561 1552
f 1560 1551 1562
f 1560 1563 1548
f 1560 1548 1550
f 1560 1552 1551
f 1564 1562 1559
f 1564 1556 1563
f 1564 1560 1562
f 1564 1563 1560
f 1565 1556 1564
f 1565 1564 1559
f 1565 1554 1556
f 1565 1559 1558
f 1566 1567 1554
f 1566 1558 1567
f 1566 1554 1565
f 1566 1565 1558
f 1568 1569 1570
f 1568 1571 1569
f 1568 1572 1571
f 1573 1568 1570
f 1574 1573 1575
f 1574 1575 1576
f 1574 1568 1573
f 725 1577 1574
f 1578 1574 1576
f 1578 725 1574
f 1579 1576 1580
f 1579 1580 1581
f 1579 1578 1576
f 1582 1581 1583
f 1582 1579 1581
f 1584 1582 1583
f 1585 1583 1586
f 1585 1584 1583
f 716 1586 1587
f 716 1587 1588
f 716 1585 1586
f 1589 716 1588
f 1590 1591 1592
f 1590 1588 1591
f 1590 1589 1588
f 1593 1590 1592
f 1594 1592 1595
f 1594 1593 1592
f 1596 1595 1597
f 1596 1594 1595
f 1598 1599 1600
f 1601 1600 1602
f 1601 1598 1600
f 1603 1602 1604
f 1603 1601 1602
f 1605 1604 1606
f 1605 1603 1604
f 1607 1606 1608
f 1607 1608 1609
f 1607 1605 1606
f 1610 1609 1611
f 1610 1607 1609
f 1612 1611 1613
f 1612 1610 1611
f 1614 1613 1615
f 1614 1612 1613
f 1616 1615 1617
f 1616 1614 1615
f 1618 1617 1619
f 1618 1616 1617
f 1620 1619 1621
f 1620 1618 1619
f 1622 1621 1623
f 1622 1620 1621
f 1624 1623 1625
f 1624 1622 1623
f 1626 1624 1625
f 1626 1625 1627
f 1628 1626 1627
f 1628 1627 1629
f 1630 1628 1629
f 1630 1629 1631
f 1632 1630 1631
f 1632 1631 1633
f 1634 1635 1636
f 1637 1635 1634
f 1638 1635 1637
f 1639 1635 1638
f 1640 1635 1639
f 1641 1633 1635
f 1641 1632 1633
f 1641 1635 1640
f 1642 1641 1640
f 1643 1644 1645
f 1646 1647 1648
f 1649 1650 1651
f 1652 1653 1654
f 1655 1656 1643
f 1655 1657 1650
f 1655 1658 1657
f 1655 1645 1658
f 1655 1643 1645
f 1655 1650 1649
f 1659 1648 1656
f 1659 1649 1660
f 1659 1655 1649
f 1659 1656 1655
f 1661 1653 1662
f 1661 1662 1663
f 1661 1663 1646
f 1661 1660 1654
f 1661 1648 1659
f 1661 1659 1660
f 1661 1646 1648
f 1661 1654 1653
f 1664 1665 1666
f 1667 1668 1664
f 1667 1669 1668
f 1667 1670 1669
f 1671 1664 1666
f 1671 1667 1664
f 1672 1673 1674
f 1672 1675 1673
f 1672 1676 1675
f 1677 1676 1672
f 1678 1677 1672
f 1679 1677 1678
f 1680 827 1679
f 1680 1678 1681
f 1680 1679 1678
f 1682 1681 1683
f 1682 1680 1681
f 1684 1683 1685
f 1684 1682 1683
f 1686 1685 1687
f 1686 1684 1685
f 1688 1687 1689
f 1688 1686 1687
f 1690 1689 1691
f 1690 1691 1692
f 1690 1688 1689
f 1693 1692 1694
f 1693 1690 1692
f 1695 1694 1696
f 1695 1696 1697
f 1695 1693 1694
f 1698 1697 1699
f 1698 1695 1697
f 1700 1699 1701
f 1700 1698 1699
f 1702 1700 1701
f 1703 1702 1701
f 1703 1701 1704
f 1703 1704 1705
f 1599 1703 1705
f 1706 1707 1708
f 1706 1709 1707
f 1710 1711 1712
f 1710 1712 1709
f 1710 1709 1706
f 1713 1714 1711
f 1713 1711 1710
f 1715 1716 1714
f 1715 1714 1713
f 1717 1718 1716
f 1717 1716 1715
f 1719 1720 1718
f 1719 1718 1717
f 1721 1722 1723
f 1724 1725 1726
f 1727 1728 1729
f 1730 1731 1732
f 1733 1734 1721
f 1733 1735 1725
f 1733 1723 1735
f 1733 1721 1723
f 1733 1725 1724
f 1736 1729 1734
f 1736 1724 1737
f 1736 1734 1733
f 1736 1733 1724
f 1738 1737 1732
f 1738 1731 1739
f 1738 1739 1727
f 1738 1729 1736
f 1738 1727 1729
f 1738 1736 1737
f 1738 1732 1731
f 1740 1741 1742
f 1743 1742 1744
f 1743 1740 1742
f 1745 1744 1746
f 1745 1743 1744
f 1747 1748 1749
f 1747 1750 1751
f 1747 1752 1750
f 1747 1749 1752
f 1753 1746 1754
f 1753 1754 1748
f 1753 1748 1747
f 1755 1745 1746
f 1756 1746 1753
f 1756 1755 1746
f 1757 1755 1756
f 1758 1759 1760
f 1761 1762 1758
f 1761 1763 1762
f 1761 1764 1763
f 1765 1766 1761
f 1765 1758 1760
f 1765 1761 1758
f 1767 1768 1769
f 1770 1771 1768
f 1770 1768 1767
f 1772 1773 1771
f 1772 1771 1770
f 1774 1775 1773
f 1774 1776 1775
f 1774 1773 1772
f 1777 1778 1776
f 1777 1776 1774
f 1779 1780 1778
f 1779 1778 1777
f 1781 1780 1779
f 1782 1783 1780
f 1782 1780 1781
f 1784 1785 1783
f 1784 1783 1782
f 1786 1787 1785
f 1786 1785 1784
f 1788 1789 1790
f 1791 1790 1792
f 1791 1788 1790
f 1793 1794 1789
f 1793 1789 1788
f 1795 1792 1796
f 1795 1791 1792
f 1797 1798 1794
f 1797 1794 1793
f 1799 1796 1800
f 1799 1795 1796
f 1801 1802 1798
f 1801 1798 1797
f 1803 1800 1804
f 1803 1799 1800
f 1805 1806 1802
f 1805 1802 1801
f 1807 1804 1808
f 1807 1803 1804
f 1809 1806 1805
f 1810 1807 1808
f 1811 1806 1809
f 1812 1810 1808
f 1813 1806 1811
f 1814 1812 1808
f 1815 1806 1813
f 1816 1814 1808
f 1817 1816 1808
f 1817 1818 1816
f 1817 1819 1818
f 1820 1819 1817
f 1820 1821 1819
f 1820 1822 1821
f 1820 1823 1822
f 1820 1824 1823
f 1820 1825 1824
f 1820 1826 1825
f 1820 1827 1826
f 1828 1827 1820
f 1828 1829 1827
f 1828 1830 1829
f 1828 1831 1830
f 1828 1832 1831
f 1828 1833 1832
f 1828 1834 1833
f 1828 1835 1834
f 1828 1836 1835
f 1837 1806 1815
f 1837 1838 1836
f 1837 1815 1838
f 1837 1836 1828
f 1839 1840 1841
f 1839 1841 1842
f 1843 1844 1840
f 1843 1840 1839
f 1845 1846 1844
f 1845 1844 1843
f 1847 1848 1846
f 1847 1846 1845
f 1849 1848 1847
f 1850 1851 1848
f 1850 1848 1849
f 1852 1853 1851
f 1852 1851 1850
f 1854 1855 1853
f 1854 1853 1852
f 1856 1857 1855
f 1856 1855 1854
f 1858 1859 1860
f 1861 1862 1863
f 1861 1864 1862
f 1865 1866 1864
f 1865 1867 1866
f 1865 1864 1861
f 1868 1869 1867
f 1868 1867 1865
f 1870 1871 1869
f 1870 1869 1868
f 1872 1873 1871
f 1872 1871 1870
f 1874 1875 1873
f 1874 1876 1875
f 1874 1873 1872
f 1877 1878 1876
f 1877 1876 1874
f 1879 1880 1878
f 1879 1878 1877
f 1881 1882 1880
f 1881 1880 1879
f 1883 1884 1885
f 1886 1883 1885
f 1886 1885 1887
f 1888 1887 1885
f 1889 1883 1886
f 1890 1888 1885
f 1891 1883 1889
f 1892 1890 1885
f 1893 1883 1891
f 1894 1892 1885
f 1895 1883 1893
f 1896 1894 1885
f 1897 1898 1883
f 1897 1883 1895
f 1899 1900 1898
f 1899 1898 1897
f 1901 1902 1900
f 1901 1900 1899
f 1903 1904 1896
f 1903 1905 1904
f 1903 1896 1885
f 1906 1905 1903
f 1907 1908 1902
f 1907 1902 1901
f 1909 1906 1903
f 1910 1908 1907
f 1911 1908 1910
f 1912 1909 1903
f 1913 1911 1910
f 1914 1912 1903
f 1915 1911 1913
f 1915 1913 1916
f 1917 1914 1903
f 1918 1915 1916
f 1918 1916 1919
f 1920 1918 1919
f 1920 1919 1921
f 1922 1923 1924
f 1922 1925 1923
f 1922 1926 1925
f 1922 1921 1926
f 1922 1920 1921
f 1927 1917 1903
f 1927 1928 1917
f 1927 1929 1928
f 1927 1930 1929
f 1927 1931 1930
f 1927 1932 1931
f 1927 1924 1932
f 1927 1922 1924
f 1933 1934 1935
f 1933 1936 1934
f 1937 1938 1936
f 1937 1936 1933
f 1939 1940 1938
f 1939 1938 1937
f 1941 1942 1940
f 1941 1940 1939
f 1943 1942 1941
f 1944 1945 1942
f 1944 1942 1943
f 1946 1947 1945
f 1946 1945 1944
f 1948 1949 1947
f 1948 1947 1946
f 1950 1951 1949
f 1950 1949 1948
f 1884 1952 1951
f 1884 1951 1950
f 1953 1954 1955
f 1956 1957 1958
f 1956 1958 1959
f 1956 1959 1960
f 1961 1962 1963
f 1961 1963 1957
f 1961 1957 1956
f 1964 1960 1965
f 1964 1956 1960
f 1964 1961 1956
f 1966 1967 1962
f 1966 1962 1961
f 1968 1961 1964
f 1969 1964 1965
f 1970 1971 1972
f 1970 1972 1973
f 1970 1973 1967
f 1970 1967 1966
f 1974 1961 1968
f 1974 1966 1961
f 1974 1970 1966
f 1975 1964 1969
f 1975 1968 1964
f 1976 1969 1965
f 1977 1970 1974
f 1977 1971 1970
f 1978 1968 1975
f 1978 1974 1968
f 1978 1977 1974
f 1979 1975 1969
f 1979 1969 1976
f 1980 1981 1982
f 1980 1965 1981
f 1980 1976 1965
f 1980 1979 1976
f 1983 1984 1971
f 1983 1971 1977
f 1983 1977 1978
f 1985 1978 1975
f 1985 1975 1979
f 1986 1979 1980
f 1987 1988 1989
f 1987 1982 1988
f 1987 1980 1982
f 1990 1984 1983
f 1990 1978 1985
f 1990 1983 1978
f 1991 1979 1986
f 1991 1985 1979
f 1991 1990 1985
f 1992 1986 1980
f 1992 1980 1987
f 1992 1993 1994
f 1992 1995 1993
f 1992 1996 1995
f 1992 1997 1996
f 1992 1989 1997
f 1992 1987 1989
f 1998 1984 1990
f 1998 1990 1991
f 1999 1986 1992
f 1999 2000 2001
f 1999 2002 2000
f 1999 2003 2002
f 1999 2004 2003
f 1999 2005 2004
f 1999 2006 2005
f 1999 1994 2006
f 1999 1992 1994
f 1999 1991 1986
f 2007 2008 1984
f 2007 2001 2008
f 2007 1998 1991
f 2007 1991 1999
f 2007 1999 2001
f 2007 1984 1998
f 2009 2010 2011
f 2012 2009 2011
f 2013 2014 2015
f 2013 2015 1347
f 2013 2016 2014
f 2017 2013 1347
f 2017 1347 2018
f 2017 2016 2013
f 2019 2018 2020
f 2019 2017 2018
f 2021 2020 2022
f 2021 2019 2020
f 2023 2022 2024
f 2023 2021 2022
f 2025 2024 2026
f 2025 2023 2024
f 2027 2026 2028
f 2027 2025 2026
f 2029 2030 2016
f 2031 2027 2028
f 2031 2032 2033
f 2031 2028 2032
f 2034 2029 2016
f 2034 2016 2017
f 2034 2030 2029
f 2035 2034 2017
f 2035 2030 2034
f 2035 2017 2019
f 2036 2019 2021
f 2036 2035 2019
f 2037 2021 2023
f 2037 2036 2021
f 2038 2023 2025
f 2038 2037 2023
f 2039 2025 2027
f 2039 2038 2025
f 2040 2041 2030
f 2042 2033 2043
f 2042 2039 2027
f 2042 2031 2033
f 2042 2027 2031
f 2044 2041 2040
f 2044 2040 2030
f 2045 2041 2044
f 2045 2044 2030
f 2045 2030 2035
f 2046 2045 2035
f 2046 2035 2036
f 2047 2046 2036
f 2047 2036 2037
f 2048 2047 2037
f 2048 2037 2038
f 2049 2038 2039
f 2049 2048 2038
f 2050 2049 2039
f 2050 2043 2051
f 2050 2039 2042
f 2050 2042 2043
f 2052 2053 2041
f 2054 2045 2046
f 2054 2052 2041
f 2054 2041 2045
f 2055 2053 2052
f 2056 2054 2046
f 2057 2055 2052
f 2058 2046 2047
f 2058 2047 2048
f 2058 2056 2046
f 2059 2052 2054
f 2059 2057 2052
f 2060 2058 2048
f 2061 2054 2056
f 2061 2059 2054
f 2062 2060 2048
f 2062 2048 2049
f 2063 2064 2053
f 2063 2053 2055
f 2065 2061 2056
f 2065 2056 2058
f 2066 2051 2067
f 2066 2049 2050
f 2066 2050 2051
f 2066 2062 2049
f 2068 2055 2057
f 2068 2057 2059
f 2068 2063 2055
f 2069 2058 2060
f 2069 2065 2058
f 2070 2068 2059
f 2071 2069 2060
f 2071 2060 2062
f 2072 2059 2061
f 2072 2070 2059
f 2073 2064 2063
f 2074 2067 2075
f 2074 2066 2067
f 2074 2062 2066
f 2074 2071 2062
f 2076 2061 2065
f 2076 2072 2061
f 2076 2065 2069
f 2077 2063 2068
f 2077 2073 2063
f 2078 2076 2069
f 2079 2077 2068
f 2079 2068 2070
f 2080 2078 2069
f 2080 2069 2071
f 2081 2082 2064
f 2081 2064 2073
f 2083 2079 2070
f 2083 2070 2072
f 2084 2071 2074
f 2084 2080 2071
f 2084 2074 2075
f 2085 2073 2077
f 2085 2081 2073
f 2085 2077 2079
f 2086 2083 2072
f 2086 2072 2076
f 2086 2076 2078
f 2087 2085 2079
f 2088 2086 2078
f 2089 2083 2086
f 2089 2079 2083
f 2089 2087 2079
f 2090 2088 2078
f 2090 2078 2080
f 2091 2089 2086
f 2092 2082 2081
f 2092 2093 2082
f 2094 2075 2095
f 2094 2080 2084
f 2094 2090 2080
f 2094 2084 2075
f 2096 2086 2088
f 2096 2088 2090
f 2096 2091 2086
f 2097 2092 2081
f 2097 2081 2085
f 2098 2096 2090
f 2099 2085 2087
f 2099 2097 2085
f 2100 2094 2095
f 2100 2090 2094
f 2100 2098 2090
f 2101 2099 2087
f 2101 2087 2089
f 2102 2089 2091
f 2102 2101 2089
f 2103 2091 2096
f 2103 2102 2091
f 2104 2096 2098
f 2104 2103 2096
f 2104 2105 2103
f 2106 2093 2092
f 2107 2095 2105
f 2107 2100 2095
f 2107 2098 2100
f 2107 2105 2104
f 2107 2104 2098
f 2108 2106 2092
f 2108 2092 2097
f 2108 2097 2099
f 2109 2108 2099
f 2110 2099 2101
f 2110 2109 2099
f 2110 2101 2102
f 2111 2110 2102
f 2112 2103 2105
f 2112 2102 2103
f 2112 2111 2102
f 2113 2112 2105
f 2113 2114 2112
f 2115 2116 2117
f 2115 2117 2118
f 2115 2118 2093
f 2115 2093 2106
f 2119 2114 2113
f 2119 2113 2105
f 2119 2105 2114
f 2120 2121 2116
f 2120 2106 2108
f 2120 2116 2115
f 2120 2115 2106
f 2122 2123 2121
f 2122 2121 2120
f 2122 2120 2108
f 2122 2108 2109
f 2122 2109 2110
f 2124 2125 2123
f 2124 2122 2110
f 2124 2123 2122
f 2126 2127 2125
f 2126 2125 2124
f 2126 2124 2110
f 2126 2110 2111
f 2128 2129 2127
f 2128 2127 2126
f 2128 2126 2111
f 2128 2112 2114
f 2128 2111 2112
f 2130 2010 2129
f 2130 2128 2114
f 2130 2011 2010
f 2130 2129 2128
f 2131 2114 2011
f 2131 2130 2114
f 2131 2011 2130
f 2132 2133 2134
f 2132 2135 2133
f 2136 2137 2135
f 2136 2135 2132
f 2138 2139 2137
f 2138 2137 2136
f 2140 2141 2139
f 2140 2139 2138
f 2142 2143 2141
f 2142 2141 2140
f 2144 2143 2142
f 2144 2145 2143
f 2146 2145 2144
f 2146 2147 2145
f 2148 2147 2146
f 2148 2149 2147
f 2150 2149 2148
f 2150 2151 2149
f 2152 2151 2150
f 2152 2153 2151
f 2154 2153 2152
f 2154 2155 2153
f 2156 2155 2154
f 2156 2157 2155
f 2158 2157 2156
f 2158 2159 2157
f 2160 2159 2158
f 2160 2161 2159
f 2162 2161 2160
f 2162 2163 2161
f 2164 2163 2162
f 2164 2165 2163
f 2166 2165 2164
f 2166 2167 2165
f 2168 2167 2166
f 2168 2169 2167
f 2170 2169 2168
f 2170 2171 2169
f 2172 2171 2170
f 2172 2173 2171
f 2174 2173 2172
f 2174 2175 2173
f 2176 2177 2175
f 2176 2175 2174
f 2178 2179 2177
f 2178 2177 2176
f 2180 2181 2179
f 2180 2179 2178
f 2182 2183 2181
f 2182 2181 2180
f 2184 2185 2183
f 2184 2183 2182
f 2186 2187 2185
f 2186 2185 2184
f 2188 2189 2187
f 2188 2187 2186
f 2190 2191 2189
f 2190 2189 2188
f 2192 2193 2191
f 2192 2191 2190
f 2194 2193 2192
f 2194 2195 2193
f 2196 2195 2194
f 2196 2197 2195
f 2198 2197 2196
f 2198 2199 2197
f 2200 2199 2198
f 2200 2201 2199
f 2202 2201 2200
f 2202 2203 2201
f 2204 2203 2202
f 2204 2205 2203
f 2206 2207 2208
f 2206 2209 2207
f 2210 2211 2212
f 2210 2213 2211
f 2210 2208 2213
f 2210 2206 2208
f 2214 2209 2206
f 2215 2214 2206
f 2215 2206 2210
f 2215 2210 2212
f 2216 2209 2214
f 2217 2215 2212
f 2217 2216 2214
f 2217 2214 2215
f 2218 2209 2216
f 2219 2216 2217
f 2219 2217 2212
f 2219 2218 2216
f 2220 2209 2218
f 2221 2219 2212
f 2221 2218 2219
f 2221 2220 2218
f 2222 2209 2220
f 2223 2221 2212
f 2223 2220 2221
f 2223 2222 2220
f 2224 2209 2222
f 2225 2223 2212
f 2225 2222 2223
f 2225 2224 2222
f 2226 2209 2224
f 2227 2225 2212
f 2227 2224 2225
f 2227 2226 2224
f 2228 2209 2226
f 2228 2226 2227
f 2229 2227 2212
f 2229 2228 2227
f 2230 2209 2228
f 2231 2212 2232
f 2231 2229 2212
f 2231 2228 2229
f 2231 2230 2228
f 2233 2234 2209
f 2233 2209 2230
f 2233 2230 2231
f 2235 2231 2232
f 2235 2233 2231
f 2236 2234 2233
f 2237 2235 2232
f 2237 2233 2235
f 2237 2236 2233
f 2238 2234 2236
f 2239 2237 2232
f 2239 2236 2237
f 2239 2238 2236
f 2240 2234 2238
f 2240 2238 2239
f 2241 2240 2239
f 2241 2239 2232
f 2242 2234 2240
f 2243 2242 2240
f 2243 2240 2241
f 2243 2241 2232
f 2244 2234 2242
f 2245 2243 2232
f 2245 2242 2243
f 2245 2244 2242
f 2246 2234 2244
f 2246 2244 2245
f 2247 2245 2232
f 2247 2246 2245
f 2248 2234 2246
f 2248 2246 2247
f 2249 2248 2247
f 2249 2247 2232
f 2250 2234 2248
f 2250 2248 2249
f 2251 2249 2232
f 2251 2250 2249
f 2252 2253 2254
f 2252 2254 2255
f 2252 2255 2234
f 2252 2234 2250
f 2252 2250 2251
f 2256 2232 2257
f 2256 2257 2258
f 2256 2258 2253
f 2256 2253 2252
f 2256 2252 2251
f 2256 2251 2232
f 2259 2260 2261
f 2259 2262 2260
f 2263 2262 2259
f 2264 2265 2266
f 2267 2265 2264
f 2268 2269 2270
f 2271 2272 2273
f 2271 2274 2275
f 2271 2275 2276
f 2271 2276 2277
f 2271 2277 2278
f 2271 2278 2272
f 2279 2280 2274
f 2279 2274 2271
f 2281 2282 2283
f 2281 2283 2284
f 2281 2284 2285
f 2281 2285 2286
f 2281 2286 2268
f 2287 2279 2271
f 2287 2271 2273
f 2288 2273 2265
f 2288 2267 2289
f 2288 2279 2287
f 2288 2265 2267
f 2288 2287 2273
f 2290 2270 2291
f 2290 2291 2280
f 2290 2280 2279
f 2290 2268 2270
f 2290 2281 2268
f 2292 2289 2293
f 2292 2293 2282
f 2292 2290 2279
f 2292 2282 2281
f 2292 2288 2289
f 2292 2279 2288
f 2292 2281 2290
f 2294 2295 2296
f 2297 2298 2299
f 2297 2300 2298
f 2301 2299 2302
f 2301 2297 2299
f 2303 2302 2304
f 2303 2301 2302
f 2305 2304 2306
f 2305 2303 2304
f 2307 2306 2308
f 2307 2305 2306
f 2309 2308 2310
f 2309 2307 2308
f 2311 2310 2312
f 2311 2309 2310
f 2313 2314 2300
f 2313 2300 2297
f 2315 2316 2317
f 2315 2312 2316
f 2315 2317 2318
f 2315 2311 2312
f 2319 2313 2297
f 2319 2297 2301
f 2320 2319 2301
f 2320 2301 2303
f 2321 2320 2303
f 2321 2303 2305
f 2322 2305 2307
f 2322 2321 2305
f 2323 2307 2309
f 2323 2322 2307
f 2324 2323 2309
f 2324 2309 2311
f 2325 2326 2314
f 2325 2314 2313
f 2327 2324 2311
f 2327 2318 2328
f 2327 2315 2318
f 2327 2311 2315
f 2329 2325 2313
f 2329 2313 2319
f 2330 2329 2319
f 2330 2319 2320
f 2331 2330 2320
f 2331 2320 2321
f 2332 2331 2321
f 2332 2321 2322
f 2333 2322 2323
f 2333 2332 2322
f 2334 2323 2324
f 2334 2333 2323
f 2335 2336 2326
f 2335 2326 2325
f 2337 2324 2327
f 2337 2327 2328
f 2337 2334 2324
f 2337 2328 2338
f 2339 2325 2329
f 2339 2335 2325
f 2340 2339 2329
f 2340 2329 2330
f 2341 2330 2331
f 2341 2340 2330
f 2342 2331 2332
f 2342 2341 2331
f 2343 2332 2333
f 2343 2342 2332
f 2344 2333 2334
f 2344 2343 2333
f 2345 2346 2336
f 2345 2336 2335
f 2347 2348 2349
f 2347 2338 2348
f 2347 2344 2334
f 2347 2334 2337
f 2347 2337 2338
f 2350 2335 2339
f 2350 2345 2335
f 2351 2350 2339
f 2351 2339 2340
f 2352 2340 2341
f 2352 2351 2340
f 2353 2352 2341
f 2353 2341 2342
f 2354 2342 2343
f 2354 2353 2342
f 2355 2354 2343
f 2355 2343 2344
f 2355 2344 2347
f 2356 2357 2346
f 2356 2346 2345
f 2358 2347 2349
f 2358 2355 2347
f 2359 2345 2350
f 2359 2356 2345
f 2360 2359 2350
f 2360 2350 2351
f 2361 2352 2353
f 2361 2351 2352
f 2361 2360 2351
f 2362 2361 2353
f 2363 2353 2354
f 2363 2362 2353
f 2364 2354 2355
f 2364 2355 2358
f 2364 2363 2354
f 2365 2296 2357
f 2365 2366 2294
f 2365 2357 2356
f 2365 2294 2296
f 2367 2364 2358
f 2367 2368 2369
f 2367 2349 2368
f 2367 2358 2349
f 2370 2371 2366
f 2370 2356 2359
f 2370 2366 2365
f 2370 2365 2356
f 2372 2373 2371
f 2372 2359 2360
f 2372 2371 2370
f 2372 2370 2359
f 2374 2375 2373
f 2374 2372 2360
f 2374 2360 2361
f 2374 2373 2372
f 2376 2375 2374
f 2376 2374 2361
f 2376 2377 2375
f 2376 2361 2362
f 2378 2377 2376
f 2378 2376 2362
f 2378 2379 2377
f 2378 2362 2363
f 2380 2363 2364
f 2380 2378 2363
f 2380 2379 2378
f 2380 2381 2379
f 2382 2380 2364
f 2382 2381 2380
f 2382 2383 2381
f 2382 2369 2383
f 2382 2364 2367
f 2382 2367 2369
f 2384 2385 2386
f 2387 2388 2385
f 2387 2385 2384
f 2389 2390 2388
f 2389 2388 2387
f 2391 2392 2390
f 2391 2390 2389
f 2393 2394 2392
f 2393 2392 2391
f 2395 2396 2394
f 2395 2394 2393
f 2397 2396 2395
f 2397 2398 2396
f 2399 2398 2397
f 2399 2400 2398
f 2401 2400 2399
f 2401 2402 2400
f 2403 2402 2401
f 2403 2404 2402
f 2405 2404 2403
f 2405 2406 2404
f 2407 2406 2405
f 2407 2408 2406
f 2409 2408 2407
f 2409 2410 2408
f 2411 2410 2409
f 2411 2412 2410
f 2413 2412 2411
f 2413 2414 2412
f 2415 2414 2413
f 2415 2416 2414
f 2417 2416 2415
f 2417 2418 2416
f 2419 2418 2417
f 2419 2420 2418
f 2421 2420 2419
f 2421 2422 2420
f 2423 2422 2421
f 2423 2424 2422
f 2425 2426 2424
f 2425 2424 2423
f 2427 2428 2426
f 2427 2426 2425
f 2429 2430 2428
f 2429 2428 2427
f 2431 2432 2430
f 2431 2430 2429
f 2433 2434 2432
f 2433 2432 2431
f 2435 2436 2434
f 2435 2434 2433
f 2437 2438 2436
f 2437 2436 2435
f 2439 2438 2437
f 2440 2441 2438
f 2440 2442 2441
f 2440 2438 2439
f 2443 2442 2440
f 2444 2445 2442
f 2444 2446 2445
f 2444 2442 2443
f 2447 2446 2444
f 2447 2448 2446
f 2449 2448 2447
f 2450 2448 2449
f 2450 2451 2448
f 2450 2452 2451
f 2453 2452 2450
f 2453 2454 2452
f 2455 2454 2453
f 2455 2456 2454
f 2457 2456 2455
f 2458 2459 2460
f 2461 2462 2463
f 2461 2463 2459
f 2461 2459 2458
f 2464 2458 2465
f 2464 2461 2458
f 2466 2465 2467
f 2466 2464 2465
f 2468 2467 2469
f 2468 2466 2467
f 2470 2469 2471
f 2470 2468 2469
f 2472 2471 2473
f 2472 2470 2471
f 2474 2475 2476
f 2477 2478 2479
f 2477 2480 2478
f 2477 2481 2480
f 2477 2482 2481
f 2477 2483 2482
f 2477 2484 2483
f 2477 2485 2484
f 2486 2487 2485
f 2486 2479 2476
f 2486 2475 2488
f 2486 2488 2489
f 2486 2489 2487
f 2486 2485 2477
f 2486 2477 2479
f 2486 2476 2475
f 2490 2491 2492
f 2490 2493 2491
f 2494 2493 2490
f 2495 2496 2497
f 2495 2497 2498
f 2495 2498 2499
f 2500 2501 2502
f 2500 2502 2496
f 2500 2496 2495
f 2503 2500 2495
f 2503 2495 2499
f 2504 2505 2506
f 2504 2506 2507
f 2504 2507 2501
f 2504 2501 2500
f 2508 2500 2503
f 2509 2503 2499
f 2510 2504 2500
f 2510 2505 2504
f 2510 2500 2508
f 2511 2503 2509
f 2511 2508 2503
f 2512 2509 2499
f 2513 2508 2511
f 2513 2505 2510
f 2513 2510 2508
f 2514 2509 2512
f 2514 2511 2509
f 2515 2512 2499
f 2515 2514 2512
f 2516 2513 2511
f 2516 2505 2513
f 2516 2511 2514
f 2517 2514 2515
f 2518 2499 2519
f 2518 2515 2499
f 2518 2517 2515
f 2520 2521 2505
f 2520 2505 2516
f 2520 2516 2514
f 2520 2514 2517
f 2522 2517 2518
f 2523 2518 2519
f 2524 2521 2520
f 2524 2520 2517
f 2524 2517 2522
f 2525 2522 2518
f 2525 2518 2523
f 2525 2524 2522
f 2526 2523 2519
f 2527 2521 2524
f 2527 2524 2525
f 2528 2523 2526
f 2528 2525 2523
f 2529 2526 2519
f 2530 2527 2525
f 2530 2521 2527
f 2530 2525 2528
f 2531 2526 2529
f 2531 2528 2526
f 2532 2529 2519
f 2533 2530 2528
f 2533 2521 2530
f 2533 2528 2531
f 2534 2529 2532
f 2534 2531 2529
f 2534 2535 2536
f 2537 2519 2493
f 2537 2532 2519
f 2537 2494 2538
f 2537 2493 2494
f 2539 2521 2533
f 2539 2540 2521
f 2539 2536 2540
f 2539 2531 2534
f 2539 2533 2531
f 2539 2534 2536
f 2541 2534 2532
f 2541 2542 2535
f 2541 2538 2542
f 2541 2535 2534
f 2541 2537 2538
f 2541 2532 2537
f 2543 2544 2545
f 2546 2547 2548
f 2546 2549 2544
f 2546 2550 2547
f 2546 2544 2550
f 2551 2546 2548
f 2551 2549 2546
f 2552 2548 2553
f 2552 2554 2549
f 2552 2549 2551
f 2552 2551 2548
f 2555 2552 2553
f 2555 2554 2552
f 2556 2555 2553
f 2556 2553 2557
f 2556 2558 2554
f 2556 2554 2555
f 2559 2556 2557
f 2559 2558 2556
f 2560 2558 2559
f 2560 2557 2561
f 2560 2562 2558
f 2560 2559 2557
f 2563 2560 2561
f 2563 2562 2560
f 2564 2561 2565
f 2564 2566 2562
f 2564 2563 2561
f 2564 2562 2563
f 2567 2564 2565
f 2567 2566 2564
f 2568 2565 2569
f 2568 2570 2566
f 2568 2566 2567
f 2568 2567 2565
f 2571 2570 2568
f 2571 2568 2569
f 2572 2569 2573
f 2572 2574 2570
f 2572 2570 2571
f 2572 2571 2569
f 2575 2572 2573
f 2575 2574 2572
f 2576 2573 2577
f 2576 2575 2573
f 2576 2578 2574
f 2576 2574 2575
f 2579 2576 2577
f 2579 2578 2576
f 2580 2577 2581
f 2580 2578 2579
f 2580 2582 2578
f 2580 2579 2577
f 2583 2580 2581
f 2583 2582 2580
f 2584 2581 2585
f 2584 2586 2582
f 2584 2582 2583
f 2584 2583 2581
f 2587 2584 2585
f 2587 2586 2584
f 2588 2585 2589
f 2588 2590 2586
f 2588 2587 2585
f 2588 2586 2587
f 2591 2588 2589
f 2591 2590 2588
f 2592 2593 2590
f 2592 2589 2594
f 2592 2591 2589
f 2592 2590 2591
f 2595 2592 2594
f 2595 2593 2592
f 2596 2595 2594
f 2596 2597 2593
f 2596 2594 2598
f 2596 2593 2595
f 2599 2597 2596
f 2599 2596 2598
f 2600 2601 2597
f 2600 2598 2602
f 2600 2599 2598
f 2600 2597 2599
f 2603 2601 2600
f 2603 2600 2602
f 2604 2601 2603
f 2604 2605 2601
f 2604 2606 2605
f 2604 2607 2606
f 2604 2602 2607
f 2604 2603 2602
f 2608 2609 2610
f 2611 2610 2547
f 2611 2547 2550
f 2611 2543 2608
f 2611 2608 2610
f 2612 2545 2613
f 2612 2613 2614
f 2612 2614 2609
f 2612 2609 2608
f 2612 2608 2543
f 2612 2543 2545
f 2615 2611 2550
f 2615 2550 2544
f 2615 2544 2543
f 2615 2543 2611
f 2616 2617 2618
f 2619 2620 2621
f 2619 2622 2623
f 2619 2623 2620
f 2624 2625 2626
f 2624 2622 2619
f 2624 2619 2621
f 2624 2626 2627
f 2624 2627 2622
f 2628 2625 2624
f 2628 2624 2621
f 2629 2630 2625
f 2629 2621 2631
f 2629 2628 2621
f 2629 2625 2628
f 2632 2629 2631
f 2632 2630 2629
f 2633 2634 2630
f 2633 2630 2632
f 2633 2631 2635
f 2633 2632 2631
f 2636 2634 2633
f 2636 2633 2635
f 2637 2638 2634
f 2637 2635 2639
f 2637 2634 2636
f 2637 2640 2638
f 2637 2639 2640
f 2637 2636 2635
f 2641 2642 2638
f 2641 2639 2643
f 2641 2638 2640
f 2641 2640 2639
f 2644 2641 2643
f 2644 2642 2641
f 2645 2646 2642
f 2645 2643 2647
f 2645 2642 2644
f 2645 2644 2643
f 2648 2645 2647
f 2648 2646 2645
f 2649 2650 2646
f 2649 2647 2617
f 2649 2646 2648
f 2649 2648 2647
f 2651 2652 2650
f 2651 2650 2649
f 2651 2616 2652
f 2651 2649 2617
f 2651 2617 2616
f 2653 2654 2652
f 2653 2618 2655
f 2653 2652 2616
f 2653 2616 2618
f 2656 2653 2655
f 2656 2654 2653
f 2657 2658 2654
f 2657 2655 2659
f 2657 2656 2655
f 2657 2654 2656
f 2660 2658 2657
f 2660 2657 2659
f 2661 2662 2658
f 2661 2659 2663
f 2661 2660 2659
f 2661 2658 2660
f 2664 2662 2661
f 2664 2661 2663
f 2665 2666 2667
f 2665 2662 2664
f 2665 2667 2662
f 2665 2663 2668
f 2665 2668 2666
f 2665 2664 2663
f 2669 2667 2666
f 2669 2666 2668
f 2670 2671 2667
f 2670 2668 2672
f 2670 2667 2669
f 2670 2669 2668
f 2673 2671 2670
f 2673 2670 2672
f 2674 2675 2671
f 2674 2672 2676
f 2674 2671 2673
f 2674 2673 2672
f 2677 2675 2674
f 2677 2674 2676
f 2678 2679 2675
f 2678 2676 2680
f 2678 2675 2677
f 2678 2677 2676
f 2681 2679 2678
f 2681 2678 2680
f 2682 2683 2684
f 2682 2685 2683
f 2682 2684 2679
f 2682 2680 2685
f 2682 2679 2681
f 2682 2681 2680
f 2686 2684 2683
f 2686 2683 2685
f 2687 2688 2684
f 2687 2685 2689
f 2687 2684 2686
f 2687 2686 2685
f 2690 2688 2687
f 2690 2687 2689
f 2691 2692 2688
f 2691 2693 2692
f 2691 2689 2694
f 2691 2688 2690
f 2691 2690 2689
f 2695 2693 2691
f 2695 2691 2694
f 2696 2693 2695
f 2696 2695 2694
f 2696 2692 2693
f 2697 2698 2699
f 2697 2700 2698
f 2697 2694 2700
f 2701 2696 2694
f 2701 2692 2696
f 2701 2697 2699
f 2701 2702 2692
f 2701 2703 2702
f 2701 2699 2703
f 2701 2694 2697
f 2704 2705 2706
f 2707 2708 2705
f 2709 2707 2705
f 2710 2705 2704
f 2710 2709 2705
f 2711 2710 2704
f 2712 2711 2704
f 2713 2714 2715
f 2713 2716 2717
f 2713 2718 2716
f 2713 2719 2718
f 2713 2720 2719
f 2713 2715 2720
f 2713 2717 2706
f 2721 2705 2714
f 2721 2713 2706
f 2721 2714 2713
f 2721 2706 2705
f 2722 2723 2717
f 2722 2717 2724
f 2722 2724 2725
f 2722 2725 2726
f 2722 2726 2727
f 2722 2727 2519
f 2728 2519 2729
f 2728 2723 2722
f 2728 2722 2519
f 2730 2731 2723
f 2730 2732 2731
f 2730 2733 2732
f 2730 2734 2733
f 2730 2735 2734
f 2730 2736 2735
f 2730 2729 2736
f 2730 2728 2729
f 2730 2723 2728
f 2737 2738 2739
f 2737 2740 2738
f 2741 2742 2743
f 2741 2744 2742
f 2741 2739 2744
f 2741 2737 2739
f 2745 2740 2737
f 2746 2745 2737
f 2746 2737 2741
f 2746 2741 2743
f 2747 2740 2745
f 2748 2745 2746
f 2748 2746 2743
f 2748 2747 2745
f 2749 2740 2747
f 2750 2747 2748
f 2750 2748 2743
f 2750 2749 2747
f 2751 2740 2749
f 2752 2750 2743
f 2752 2749 2750
f 2752 2751 2749
f 2753 2740 2751
f 2754 2752 2743
f 2754 2751 2752
f 2754 2753 2751
f 2755 2740 2753
f 2756 2754 2743
f 2756 2753 2754
f 2756 2755 2753
f 2757 2740 2755
f 2757 2755 2756
f 2758 2756 2743
f 2758 2757 2756
f 2759 2740 2757
f 2760 2758 2743
f 2760 2757 2758
f 2760 2759 2757
f 2761 2762 2740
f 2761 2740 2759
f 2763 2760 2743
f 2763 2759 2760
f 2763 2761 2759
f 2764 2762 2761
f 2764 2761 2763
f 2765 2743 2766
f 2765 2763 2743
f 2765 2764 2763
f 2767 2762 2764
f 2768 2765 2766
f 2768 2764 2765
f 2768 2767 2764
f 2769 2762 2767
f 2769 2767 2768
f 2770 2768 2766
f 2770 2769 2768
f 2771 2762 2769
f 2772 2771 2769
f 2772 2770 2766
f 2772 2769 2770
f 2773 2762 2771
f 2774 2772 2766
f 2774 2771 2772
f 2774 2773 2771
f 2775 2762 2773
f 2776 2773 2774
f 2776 2775 2773
f 2776 2774 2766
f 2777 2762 2775
f 2778 2776 2766
f 2778 2775 2776
f 2778 2777 2775
f 2779 2762 2777
f 2780 2778 2766
f 2780 2777 2778
f 2780 2779 2777
f 2781 2762 2779
f 2782 2780 2766
f 2782 2779 2780
f 2782 2781 2779
f 2783 2784 2785
f 2783 2785 2786
f 2783 2786 2762
f 2783 2762 2781
f 2787 2766 2788
f 2787 2788 2789
f 2787 2789 2784
f 2787 2782 2766
f 2787 2784 2783
f 2787 2781 2782
f 2787 2783 2781
f 2790 2791 2792
f 2790 2793 2791
f 2792 2794 2790
f 2795 2796 2797
f 2798 2797 2799
f 2798 2799 2800
f 2798 2800 2801
f 2798 2801 2802
f 2798 2802 2803
f 2798 2803 2804
f 2798 2795 2797
f 2798 2804 2795
f 2805 2806 2807
f 2805 2808 2806
f 2805 2809 2808
f 2805 2804 2809
f 2810 2811 2796
f 2810 2812 2811
f 2810 2807 2812
f 2810 2796 2795
f 2810 2805 2807
f 2810 2795 2804
f 2810 2804 2805
f 2813 2814 2815
f 2816 2813 2815
f 2817 2813 2816
f 2818 2817 2816
f 2819 2818 2816
f 2820 2819 2816
f 2821 2820 2816
f 2822 2814 2823
f 2822 2824 2825
f 2822 2826 2824
f 2822 2827 2826
f 2822 2828 2827
f 2822 2823 2828
f 2822 2825 2815
f 2822 2815 2814
f 2829 2830 2831
f 2832 2833 2834
f 2835 2836 2837
f 2835 2838 2836
f 2835 2837 2839
f 2840 2835 2841
f 2840 2842 2838
f 2840 2843 2842
f 2840 2841 2843
f 2840 2838 2835
f 2844 2841 2835
f 2844 2835 2839
f 2844 2845 2841
f 2846 2844 2839
f 2846 2845 2844
f 2847 2848 2845
f 2847 2839 2849
f 2847 2846 2839
f 2847 2845 2846
f 2850 2847 2849
f 2850 2848 2847
f 2851 2852 2848
f 2851 2850 2849
f 2851 2848 2850
f 2851 2849 2830
f 2853 2852 2851
f 2853 2851 2830
f 2853 2830 2829
f 2853 2829 2852
f 2854 2829 2831
f 2854 2852 2829
f 2855 2854 2831
f 2855 2856 2852
f 2855 2831 2857
f 2855 2852 2854
f 2858 2856 2855
f 2858 2855 2857
f 2859 2860 2856
f 2859 2857 2861
f 2859 2856 2858
f 2859 2858 2857
f 2862 2860 2859
f 2862 2859 2861
f 2863 2864 2860
f 2863 2862 2861
f 2863 2861 2865
f 2863 2860 2862
f 2866 2864 2863
f 2866 2863 2865
f 2867 2868 2864
f 2867 2864 2866
f 2867 2866 2865
f 2867 2865 2869
f 2870 2867 2869
f 2870 2868 2867
f 2871 2872 2868
f 2871 2869 2833
f 2871 2870 2869
f 2871 2868 2870
f 2873 2871 2833
f 2873 2833 2832
f 2873 2872 2871
f 2873 2832 2872
f 2874 2832 2834
f 2874 2872 2832
f 2875 2876 2872
f 2875 2834 2877
f 2875 2874 2834
f 2875 2872 2874
f 2878 2876 2875
f 2878 2875 2877
f 2879 2880 2876
f 2879 2877 2881
f 2879 2878 2877
f 2879 2876 2878
f 2882 2879 2881
f 2882 2880 2879
f 2883 2884 2880
f 2883 2881 2885
f 2883 2882 2881
f 2883 2880 2882
f 2883 2886 2884
f 2887 2886 2883
f 2887 2883 2885
f 2888 2886 2887
f 2888 2887 2885
f 2888 2884 2886
f 2889 2890 2884
f 2889 2885 2891
f 2889 2888 2885
f 2889 2884 2888
f 2892 2889 2891
f 2892 2893 2890
f 2892 2890 2889
f 2894 2892 2891
f 2894 2893 2892
f 2895 2891 2896
f 2895 2894 2891
f 2895 2893 2894
f 2897 2898 2899
f 2897 2899 2900
f 2897 2896 2898
f 2901 2895 2896
f 2901 2896 2897
f 2901 2902 2893
f 2901 2900 2903
f 2901 2903 2902
f 2901 2893 2895
f 2901 2897 2900
f 2904 2905 2906
f 2904 2906 2907
f 2908 2907 2909
f 2908 2904 2907
f 2910 2909 2911
f 2910 2908 2909
f 2912 2911 2913
f 2912 2910 2911
f 2914 2912 2913
f 2915 2916 2917
f 2915 2917 2918
f 2915 2918 2919
f 2920 2921 2922
f 2920 2922 2923
f 2920 2923 2916
f 2920 2924 2921
f 2920 2916 2915
f 2920 2915 2919
f 2925 2920 2919
f 2925 2924 2920
f 2926 2927 2924
f 2926 2919 2928
f 2926 2924 2925
f 2926 2925 2919
f 2929 2927 2926
f 2929 2926 2928
f 2930 2931 2927
f 2930 2928 2932
f 2930 2927 2929
f 2930 2929 2928
f 2933 2930 2932
f 2933 2931 2930
f 2934 2935 2931
f 2934 2932 2936
f 2934 2933 2932
f 2934 2931 2933
f 2937 2935 2934
f 2937 2934 2936
f 2938 2939 2935
f 2938 2936 2940
f 2938 2935 2937
f 2938 2937 2936
f 2941 2942 2939
f 2941 2939 2938
f 2941 2938 2940
f 2943 2942 2941
f 2943 2941 2940
f 2944 2940 2945
f 2944 2943 2940
f 2944 2942 2943
f 2946 2947 2942
f 2946 2948 2949
f 2946 2949 2947
f 2946 2945 2948
f 2946 2942 2944
f 2946 2944 2945
f 2950 2951 2952
f 2953 2954 2955
f 2953 2956 2954
f 2953 2957 2956
f 2953 2958 2957
f 2953 2959 2958
f 2960 2955 2961
f 2960 2962 2959
f 2960 2959 2953
f 2960 2953 2955
f 2963 2961 2964
f 2963 2964 2965
f 2963 2965 2950
f 2963 2952 2962
f 2963 2962 2960
f 2963 2960 2961
f 2963 2950 2952
f 2966 2967 2968
f 2969 2970 2971
f 2972 2973 2974
f 2975 2976 2967
f 2975 2971 2976
f 2975 2967 2966
f 2975 2969 2971
f 2977 2966 2978
f 2977 2974 2969
f 2977 2975 2966
f 2977 2969 2975
f 2979 2978 2980
f 2979 2977 2978
f 2979 2974 2977
f 2979 2980 2972
f 2979 2972 2974
f 2981 2980 2982
f 2981 2982 2973
f 2981 2973 2972
f 2981 2972 2980
f 2983 2984 2973
f 2983 2973 2982
f 2985 2982 2986
f 2985 2987 2984
f 2985 2984 2983
f 2985 2983 2982
f 2985 2986 2988
f 2985 2988 2987
f 2989 2988 2986
f 2989 2987 2988
f 2990 2986 2991
f 2990 2992 2987
f 2990 2987 2989
f 2990 2989 2986
f 2993 2994 2992
f 2993 2990 2991
f 2993 2992 2990
f 2995 2994 2993
f 2995 2993 2991
f 2996 2991 2997
f 2996 2998 2994
f 2996 2999 2998
f 2996 2997 2999
f 2996 2995 2991
f 2996 2994 2995
f 3000 2998 2999
f 3000 2999 2997
f 3001 2997 3002
f 3001 3003 2998
f 3001 3004 3003
f 3001 3002 3004
f 3001 3000 2997
f 3001 2998 3000
f 3005 3003 3004
f 3005 3004 3002
f 3006 3007 3008
f 3006 3008 3009
f 3006 3005 3002
f 3006 3009 3010
f 3006 3010 3011
f 3006 3003 3005
f 3006 3002 3007
f 3006 3011 3003
f 3012 3013 3014
f 3012 3014 3015
f 3016 3015 3017
f 3016 3012 3015
f 3018 3017 3019
f 3018 3016 3017
f 3020 3018 3019
f 3021 3019 3022
f 3021 3020 3019
f 3023 3021 3022
f 3024 3022 3025
f 3024 3023 3022
f 3026 3024 3025
f 3027 3025 3028
f 3029 3026 3025
f 3029 3025 3027
f 3030 3029 3027
f 3031 3029 3030
f 3032 3033 3034
f 3032 3035 3033
f 3036 3037 3038
f 3036 3038 3039
f 3036 3039 3040
f 3041 3042 3043
f 3041 3043 3037
f 3041 3037 3036
f 3044 3036 3040
f 3045 3046 3047
f 3045 3047 3048
f 3045 3048 3042
f 3045 3042 3041
f 3049 3036 3044
f 3049 3041 3036
f 3050 3044 3040
f 3051 3041 3049
f 3051 3045 3041
f 3051 3046 3045
f 3052 3049 3044
f 3052 3044 3050
f 3053 3050 3040
f 3053 3052 3050
f 3054 3051 3049
f 3054 3046 3051
f 3054 3049 3052
f 3055 3052 3053
f 3055 3054 3052
f 3056 3040 3057
f 3056 3053 3040
f 3058 3046 3054
f 3058 3054 3055
f 3059 3055 3053
f 3059 3053 3056
f 3060 3056 3057
f 3061 3055 3059
f 3061 3046 3058
f 3061 3058 3055
f 3062 3059 3056
f 3062 3056 3060
f 3063 3060 3057
f 3063 3062 3060
f 3064 3065 3046
f 3064 3059 3062
f 3064 3061 3059
f 3064 3046 3061
f 3066 3062 3063
f 3067 3063 3057
f 3068 3065 3064
f 3068 3064 3062
f 3068 3062 3066
f 3069 3068 3066
f 3069 3066 3063
f 3069 3063 3067
f 3070 3069 3067
f 3070 3067 3057
f 3071 3065 3068
f 3071 3068 3069
f 3072 3069 3070
f 3073 3070 3057
f 3073 3074 3075
f 3073 3076 3074
f 3073 3057 3076
f 3077 3071 3069
f 3077 3065 3071
f 3077 3069 3072
f 3078 3073 3075
f 3078 3072 3070
f 3078 3070 3073
f 3079 3065 3077
f 3079 3077 3072
f 3079 3072 3078
f 3080 3081 3082
f 3080 3075 3081
f 3080 3078 3075
f 3083 3035 3065
f 3083 3082 3033
f 3083 3079 3078
f 3083 3080 3082
f 3083 3065 3079
f 3083 3078 3080
f 3083 3033 3035
f 3084 3085 3086
f 3087 3088 3089
f 3090 3091 3092
f 3093 3094 3084
f 3093 3084 3086
f 3095 3086 3096
f 3095 3093 3086
f 3097 3096 3098
f 3097 3095 3096
f 3099 3098 3100
f 3099 3097 3098
f 3101 3100 3102
f 3101 3099 3100
f 3103 3102 3104
f 3103 3101 3102
f 3105 3104 3106
f 3105 3103 3104
f 3107 3108 3094
f 3107 3094 3093
f 3109 3106 3088
f 3109 3105 3106
f 3109 3088 3087
f 3110 3107 3093
f 3110 3093 3095
f 3111 3110 3095
f 3111 3095 3097
f 3112 3111 3097
f 3112 3097 3099
f 3113 3099 3101
f 3113 3112 3099
f 3114 3101 3103
f 3114 3113 3101
f 3115 3114 3103
f 3115 3103 3105
f 3115 3105 3109
f 3116 3117 3108
f 3116 3108 3107
f 3118 3087 3119
f 3118 3115 3109
f 3118 3109 3087
f 3120 3116 3107
f 3120 3107 3110
f 3121 3110 3111
f 3121 3120 3110
f 3122 3121 3111
f 3122 3111 3112
f 3123 3122 3112
f 3123 3112 3113
f 3124 3123 3113
f 3124 3113 3114
f 3125 3124 3114
f 3125 3114 3115
f 3126 3127 3117
f 3126 3117 3116
f 3128 3119 3129
f 3128 3115 3118
f 3128 3125 3115
f 3128 3118 3119
f 3130 3126 3116
f 3130 3116 3120
f 3131 3121 3122
f 3131 3120 3121
f 3131 3130 3120
f 3132 3131 3122
f 3133 3132 3122
f 3133 3122 3123
f 3134 3123 3124
f 3134 3133 3123
f 3135 3134 3124
f 3135 3124 3125
f 3136 3137 3127
f 3136 3127 3126
f 3136 3126 3130
f 3138 3129 3139
f 3138 3125 3128
f 3138 3135 3125
f 3138 3128 3129
f 3140 3136 3130
f 3141 3130 3131
f 3141 3140 3130
f 3142 3131 3132
f 3142 3141 3131
f 3143 3132 3133
f 3143 3142 3132
f 3144 3133 3134
f 3144 3134 3135
f 3144 3143 3133
f 3145 3144 3135
f 3146 3147 3137
f 3146 3137 3136
f 3146 3136 3140
f 3148 3139 3149
f 3148 3138 3139
f 3148 3135 3138
f 3148 3145 3135
f 3150 3146 3140
f 3151 3140 3141
f 3151 3150 3140
f 3152 3141 3142
f 3152 3151 3141
f 3153 3142 3143
f 3153 3152 3142
f 3154 3153 3143
f 3154 3143 3144
f 3155 3144 3145
f 3155 3145 3148
f 3155 3154 3144
f 3156 3157 3147
f 3156 3158 3157
f 3156 3147 3146
f 3159 3149 3160
f 3159 3148 3149
f 3159 3155 3148
f 3161 3162 3158
f 3161 3146 3150
f 3161 3150 3151
f 3161 3156 3146
f 3161 3158 3156
f 3163 3162 3161
f 3163 3161 3151
f 3163 3164 3162
f 3165 3164 3163
f 3165 3166 3164
f 3165 3151 3152
f 3165 3163 3151
f 3167 3165 3152
f 3167 3168 3166
f 3167 3153 3154
f 3167 3152 3153
f 3167 3166 3165
f 3169 3154 3155
f 3169 3168 3167
f 3169 3170 3168
f 3169 3167 3154
f 3171 3169 3155
f 3171 3170 3169
f 3171 3091 3170
f 3172 3092 3091
f 3172 3160 3092
f 3172 3155 3159
f 3172 3091 3171
f 3172 3171 3155
f 3172 3159 3160
f 3173 3174 3175
f 3176 3174 3173
f 3177 3178 3174
f 3177 3174 3176
f 3179 3180 3178
f 3179 3178 3177
f 3181 3182 3180
f 3181 3180 3179
f 3183 3184 3182
f 3183 3182 3181
f 3185 3184 3183
f 3185 3186 3184
f 3187 3186 3185
f 3187 3188 3186
f 3189 3188 3187
f 3189 3190 3188
f 3191 3190 3189
f 3191 3192 3190
f 3193 3192 3191
f 3193 3194 3192
f 3195 3194 3193
f 3195 3196 3194
f 3197 3196 3195
f 3197 3198 3196
f 3199 3198 3197
f 3199 3200 3198
f 3201 3200 3199
f 3201 3202 3200
f 3203 3202 3201
f 3203 3204 3202
f 3205 3204 3203
f 3205 3206 3204
f 3207 3206 3205
f 3207 3208 3206
f 3209 3208 3207
f 3209 3210 3208
f 3211 3210 3209
f 3211 3212 3210
f 3213 3212 3211
f 3213 3214 3212
f 3215 3214 3213
f 3215 3216 3214
f 3217 3218 3216
f 3217 3216 3215
f 3219 3220 3218
f 3219 3218 3217
f 3221 3222 3220
f 3221 3220 3219
f 3223 3224 3222
f 3223 3222 3221
f 3225 3226 3224
f 3225 3224 3223
f 3227 3228 3226
f 3227 3226 3225
f 3229 3230 3228
f 3229 3228 3227
f 3231 3232 3230
f 3231 3233 3232
f 3231 3230 3229
f 3234 3233 3231
f 3235 3233 3234
f 3235 3236 3233
f 3237 3236 3235
f 3237 3238 3236
f 3239 3238 3237
f 3239 3240 3238
f 3239 3241 3240
f 3242 3241 3239
f 3243 3241 3242
f 3243 3244 3241
f 3245 3244 3243
f 3245 3246 3244
f 3247 3248 3249
f 3250 3251 3252
f 3253 3254 3255
f 3253 3249 3254
f 3253 3256 3247
f 3253 3247 3249
f 3257 3255 3258
f 3257 3259 3256
f 3257 3253 3255
f 3257 3256 3253
f 3260 3258 3261
f 3260 3262 3259
f 3260 3259 3257
f 3260 3257 3258
f 3263 3261 3264
f 3263 3265 3262
f 3263 3262 3260
f 3263 3260 3261
f 3266 3264 3267
f 3266 3268 3265
f 3266 3265 3263
f 3266 3263 3264
f 3269 3267 3270
f 3269 3251 3268
f 3269 3266 3267
f 3269 3268 3266
f 3271 3272 3273
f 3271 3270 3272
f 3271 3273 3252
f 3271 3269 3270
f 3271 3251 3269
f 3271 3252 3251
f 3274 3275 3276
f 3277 1922 3278
f 3277 3278 3279
f 3277 3280 1922
f 3281 3279 3282
f 3281 3277 3279
f 3283 3282 3284
f 3283 3281 3282
f 3285 3284 3286
f 3285 3283 3284
f 3287 3286 3288
f 3287 3285 3286
f 3289 3288 3290
f 3289 3287 3288
f 3291 3290 3292
f 3291 3289 3290
f 3293 3294 3280
f 3293 3280 3277
f 3295 3296 3297
f 3295 3292 3296
f 3295 3291 3292
f 3298 3277 3281
f 3298 3293 3277
f 3299 3298 3281
f 3299 3281 3283
f 3300 3283 3285
f 3300 3299 3283
f 3301 3300 3285
f 3301 3285 3287
f 3302 3287 3289
f 3302 3301 3287
f 3303 3302 3289
f 3303 3289 3291
f 3304 3305 3294
f 3304 3294 3293
f 3306 3303 3291
f 3306 3297 3307
f 3306 3291 3295
f 3306 3295 3297
f 3308 3293 3298
f 3308 3304 3293
f 3309 3308 3298
f 3309 3298 3299
f 3310 3309 3299
f 3310 3299 3300
f 3311 3310 3300
f 3311 3300 3301
f 3312 3311 3301
f 3312 3301 3302
f 3313 3312 3302
f 3313 3302 3303
f 3314 3315 3305
f 3314 3305 3304
f 3316 3307 3317
f 3316 3306 3307
f 3316 3313 3303
f 3316 3303 3306
f 3318 3304 3308
f 3318 3314 3304
f 3319 3318 3308
f 3319 3308 3309
f 3320 3319 3309
f 3320 3309 3310
f 3321 3310 3311
f 3321 3320 3310
f 3322 3311 3312
f 3322 3321 3311
f 3323 3322 3312
f 3323 3312 3313
f 3324 3325 3315
f 3324 3315 3314
f 3326 3317 3327
f 3326 3316 3317
f 3326 3313 3316
f 3326 3323 3313
f 3328 3314 3318
f 3328 3324 3314
f 3329 3318 3319
f 3329 3328 3318
f 3329 3319 3320
f 3330 3329 3320
f 3331 3320 3321
f 3331 3330 3320
f 3332 3321 3322
f 3332 3331 3321
f 3333 3322 3323
f 3333 3332 3322
f 3334 3335 3325
f 3334 3325 3324
f 3334 3324 3328
f 3336 3327 3337
f 3336 3326 3327
f 3336 3333 3323
f 3336 3323 3326
f 3338 3334 3328
f 3339 3328 3329
f 3339 3338 3328
f 3340 3329 3330
f 3340 3339 3329
f 3341 3340 3330
f 3341 3330 3331
f 3342 3341 3331
f 3342 3331 3332
f 3343 3342 3332
f 3343 3332 3333
f 3344 3345 3335
f 3344 3335 3334
f 3344 3334 3338
f 3346 3343 3333
f 3346 3337 3347
f 3346 3336 3337
f 3346 3333 3336
f 3348 3344 3338
f 3349 3338 3339
f 3349 3348 3338
f 3350 3340 3341
f 3350 3349 3339
f 3350 3339 3340
f 3351 3350 3341
f 3352 3341 3342
f 3352 3342 3343
f 3352 3351 3341
f 3353 3352 3343
f 3354 3276 3345
f 3354 3345 3344
f 3354 3274 3276
f 3355 3343 3346
f 3355 3356 3357
f 3355 3346 3347
f 3355 3347 3356
f 3355 3353 3343
f 3358 3359 3360
f 3358 3360 3274
f 3358 3354 3344
f 3358 3274 3354
f 3358 3344 3348
f 3361 3359 3358
f 3361 3358 3348
f 3361 3348 3349
f 3362 3363 3359
f 3362 3349 3350
f 3362 3361 3349
f 3362 3359 3361
f 3364 3365 3363
f 3364 3363 3362
f 3364 3350 3351
f 3364 3362 3350
f 3366 3365 3364
f 3366 1940 3365
f 3366 3364 3351
f 3366 3351 3352
f 3367 3368 1940
f 3367 3352 3353
f 3367 1940 3366
f 3367 3366 3352
f 3369 3370 3371
f 3369 3371 3368
f 3369 3367 3353
f 3369 3357 3370
f 3369 3353 3355
f 3369 3368 3367
f 3369 3355 3357
f 3372 3373 3374
f 3372 3375 3373
f 3376 3377 3375
f 3376 3375 3372
f 3378 3379 3377
f 3378 3377 3376
f 3380 3381 3379
f 3380 3379 3378
f 3382 3383 3381
f 3382 3381 3380
f 3384 3383 3382
f 3384 3385 3383
f 3386 3385 3384
f 3386 3387 3385
f 3388 3387 3386
f 3388 3389 3387
f 3390 3389 3388
f 3390 3391 3389
f 3392 3391 3390
f 3392 3393 3391
f 3394 3393 3392
f 3394 3395 3393
f 3396 3395 3394
f 3396 3397 3395
f 3398 3397 3396
f 3398 3399 3397
f 3400 3399 3398
f 3400 3401 3399
f 3402 3401 3400
f 3402 3403 3401
f 3404 3403 3402
f 3404 3405 3403
f 3406 3405 3404
f 3406 3407 3405
f 3408 3407 3406
f 3408 3409 3407
f 3410 3409 3408
f 3410 3411 3409
f 3412 3411 3410
f 3412 3413 3411
f 3414 3413 3412
f 3414 3415 3413
f 3416 3417 3415
f 3416 3415 3414
f 3418 3419 3417
f 3418 3417 3416
f 3420 3421 3419
f 3420 3419 3418
f 3422 3423 3421
f 3422 3421 3420
f 3424 3425 3423
f 3424 3423 3422
f 3426 3427 3425
f 3426 3425 3424
f 3428 3429 3427
f 3428 3427 3426
f 3430 3431 3429
f 3430 3429 3428
f 3432 3433 3431
f 3432 3431 3430
f 3434 3433 3432
f 3434 3435 3433
f 3436 3435 3434
f 3436 3437 3435
f 3438 3437 3436
f 3438 3439 3437
f 3440 3439 3438
f 3440 3441 3439
f 3442 3441 3440
f 3442 3443 3441
f 3444 3443 3442
f 3444 3445 3443
f 3446 3447 3448
f 3446 3448 3449
f 3450 3446 3451
f 3452 3453 3454
f 3452 3454 3455
f 3452 3455 3456
f 3452 3456 3457
f 3452 3457 3447
f 3458 3450 3459
f 3460 3446 3450
f 3460 3450 3458
f 3461 3462 3463
f 3461 3463 3464
f 3461 3464 3452
f 3465 3461 3452
f 3466 3460 3467
f 3466 3467 3468
f 3466 3468 3469
f 3466 3447 3446
f 3466 3452 3447
f 3466 3446 3460
f 3470 3466 3471
f 3472 3473 3474
f 3475 3474 3476
f 3475 3476 3465
f 3475 3472 3474
f 3477 3470 3478
f 3477 3466 3470
f 3479 3466 3477
f 3480 3466 3479
f 3480 3481 3475
f 3480 3465 3452
f 3480 3452 3466
f 3480 3475 3465
f 3482 3483 3484
f 3485 3486 3487
f 3488 3482 3486
f 3488 3485 3489
f 3488 3483 3482
f 3488 3486 3485
f 3490 3491 3492
f 3493 3494 3483
f 3493 3483 3488
f 3495 3496 3490
f 3497 3493 3498
f 3499 3493 3497
f 3499 3494 3493
f 3500 3501 3494
f 3500 3494 3499
f 3502 3503 3504
f 3502 3504 3501
f 3502 3500 3505
f 3502 3501 3500
f 3506 3507 3508
f 3509 3510 3503
f 3509 3511 3510
f 3509 3503 3502
f 3512 3513 3506
f 3512 3508 3514
f 3512 3514 3515
f 3512 3515 3495
f 3512 3495 3490
f 3512 3506 3508
f 3516 3512 3490
f 3516 3509 3517
f 3516 3492 3511
f 3516 3490 3492
f 3516 3511 3509
f 3518 3519 3520
f 3521 3520 3522
f 3523 3524 3518
f 3525 3518 3520
f 3525 3523 3518
f 3526 3527 3528
f 3529 3530 3531
f 3532 3526 3528
f 3533 3528 3525
f 3533 3525 3520
f 3533 3532 3528
f 3534 3520 3521
f 3534 3533 3520
f 3535 3536 3537
f 3538 3521 3539
f 3538 3540 3534
f 3538 3534 3521
f 3541 3542 3530
f 3541 3539 3542
f 3541 3538 3539
f 3543 3544 3541
f 3543 3541 3530
f 3545 3546 3547
f 3545 3548 3546
f 3545 3547 3549
f 3550 3530 3529
f 3550 3543 3530
f 3551 3535 3548
f 3551 3550 3529
f 3551 3529 3536
f 3551 3552 3550
f 3551 3545 3553
f 3551 3536 3535
f 3551 3548 3545
f 3554 3555 3556
f 3557 3558 3555
f 3557 3555 3554
f 3559 3560 3561
f 3562 3557 3563
f 3562 3563 3564
f 3562 3558 3557
f 3565 3566 3567
f 3568 3562 3569
f 3568 3569 3570
f 3568 3558 3562
f 3571 3572 3573
f 3574 3561 3558
f 3574 3568 3575
f 3574 3559 3561
f 3574 3558 3568
f 3576 3577 3578
f 3579 3576 3578
f 3580 3567 3559
f 3580 3574 3581
f 3580 3581 3582
f 3580 3565 3567
f 3580 3559 3574
f 3583 3580 3584
f 3583 3573 3565
f 3583 3571 3573
f 3583 3565 3580
f 3585 3571 3583
f 3585 3586 3587
f 3585 3587 3579
f 3585 3578 3571
f 3585 3579 3578
f 3588 3585 3583
f 3588 3583 3589
f 3590 3591 3592
f 3593 3594 3595
f 3596 3597 3598
f 3596 3599 3597
f 3600 3599 3601
f 3600 3598 3597
f 3600 3597 3599
f 3602 3594 3593
f 3602 3593 3598
f 3603 3604 3605
f 3603 3605 3606
f 3603 3607 3604
f 3608 3603 3606
f 3609 3610 3611
f 3609 3612 3610
f 3613 3614 3612
f 3613 3609 3615
f 3613 3612 3609
f 3613 3615 3616
f 3617 3611 3618
f 3617 3615 3609
f 3617 3609 3611
f 3619 3620 3616
f 3619 3590 3620
f 3619 3616 3615
f 3621 3619 3591
f 3621 3590 3619
f 3621 3591 3590
f 3622 3623 3617
f 3622 3617 3618
f 3624 3591 3619
f 3625 3622 3618
f 3626 3627 3591
f 3626 3624 3623
f 3626 3591 3624
f 3628 3618 3629
f 3628 3625 3618
f 3628 3630 3625
f 3631 3627 3626
f 3631 3626 3630
f 3632 3628 3629
f 3632 3633 3628
f 3634 3632 3629
f 3635 3595 3627
f 3635 3627 3636
f 3635 3636 3633
f 3637 3629 3599
f 3637 3634 3629
f 3638 3635 3639
f 3638 3595 3635
f 3640 3595 3638
f 3640 3593 3595
f 3640 3641 3593
f 3642 3641 3637
f 3642 3637 3599
f 3643 3596 3598
f 3643 3598 3593
f 3644 3598 3600
f 3644 3602 3598
f 3644 3645 3602
f 3646 3600 3601
f 3646 3645 3644
f 3646 3644 3600
f 3647 3601 3648
f 3647 3646 3601
f 3649 3594 3602
f 3649 3602 3645
f 3650 3594 3649
f 3651 3647 3648
f 3651 3652 3647
f 3653 3651 3648
f 3654 3655 3594
f 3654 3650 3652
f 3654 3594 3650
f 3656 3653 3648
f 3656 3648 3657
f 3658 3655 3654
f 3659 3655 3658
f 3660 3661 3656
f 3660 3656 3657
f 3662 3659 3661
f 3662 3663 3655
f 3662 3655 3659
f 3664 3665 3666
f 3664 3657 3607
f 3664 3666 3657
f 3667 3662 3665
f 3667 3663 3662
f 3668 3669 3664
f 3668 3664 3607
f 3670 3663 3667
f 3671 3608 3672
f 3671 3603 3608
f 3671 3607 3603
f 3673 3674 3663
f 3673 3663 3670
f 3673 3670 3669
f 3675 3606 3676
f 3675 3676 3677
f 3675 3677 3674
f 3675 3674 3673
f 3675 3672 3608
f 3675 3673 3672
f 3675 3608 3606
f 3678 3614 3613
f 3678 3679 3614
f 3678 3613 3616
f 3678 3616 3620
f 3678 3620 3590
f 3680 3615 3617
f 3680 3619 3615
f 3680 3624 3619
f 3681 3680 3617
f 3681 3617 3623
f 3681 3623 3624
f 3681 3624 3680
f 3682 3623 3622
f 3682 3626 3623
f 3683 3625 3630
f 3683 3622 3625
f 3683 3630 3626
f 3683 3626 3682
f 3683 3682 3622
f 3684 3630 3628
f 3684 3631 3630
f 3685 3628 3633
f 3685 3684 3628
f 3685 3633 3636
f 3686 3633 3632
f 3686 3632 3634
f 3686 3635 3633
f 3687 3639 3635
f 3687 3634 3639
f 3687 3635 3686
f 3687 3686 3634
f 3688 3638 3639
f 3688 3639 3634
f 3688 3634 3637
f 3688 3640 3638
f 3689 3637 3641
f 3689 3641 3640
f 3689 3640 3688
f 3689 3688 3637
f 3690 3642 3691
f 3690 3641 3642
f 3690 3593 3641
f 3692 3690 3691
f 3692 3593 3690
f 3692 3691 3643
f 3692 3643 3593
f 3693 3642 3599
f 3693 3691 3642
f 3693 3643 3691
f 3693 3599 3596
f 3693 3596 3643
f 3694 3645 3646
f 3694 3646 3647
f 3694 3649 3645
f 3694 3650 3649
f 3695 3694 3647
f 3695 3650 3694
f 3695 3647 3652
f 3695 3652 3650
f 3696 3654 3652
f 3696 3652 3651
f 3697 3658 3654
f 3697 3653 3698
f 3697 3651 3653
f 3697 3698 3658
f 3697 3696 3651
f 3697 3654 3696
f 3699 3653 3656
f 3699 3698 3653
f 3699 3658 3698
f 3699 3659 3658
f 3700 3659 3699
f 3700 3661 3659
f 3700 3656 3661
f 3700 3699 3656
f 3701 3662 3661
f 3701 3661 3660
f 3702 3665 3662
f 3702 3662 3701
f 3702 3666 3665
f 3703 3665 3664
f 3703 3667 3665
f 3704 3667 3703
f 3704 3664 3669
f 3704 3703 3664
f 3704 3669 3670
f 3704 3670 3667
f 3705 3669 3668
f 3705 3673 3669
f 3706 3671 3672
f 3706 3673 3705
f 3706 3672 3673
f 3707 3708 3679
f 3707 3592 3708
f 3707 3678 3590
f 3707 3590 3592
f 3707 3679 3678
f 3709 3636 3627
f 3709 3685 3636
f 3709 3627 3631
f 3709 3631 3684
f 3709 3684 3685
f 3710 3701 3660
f 3710 3666 3702
f 3710 3702 3701
f 3710 3660 3657
f 3710 3657 3666
f 3711 3705 3668
f 3711 3706 3705
f 3711 3671 3706
f 3711 3668 3607
f 3711 3607 3671
f 3712 3713 3714
f 3712 3715 3716
f 3712 3714 3715
f 3712 3717 3718
f 3712 3719 3717
f 3712 3716 3719
f 3712 3720 3721
f 3712 3722 3720
f 3712 3718 3722
f 3723 3713 3712
f 3724 3723 3712
f 3725 3724 3712
f 3726 3724 3725
f 3727 3726 3725
f 3728 3726 3727
f 3729 3728 3727
f 3730 3731 3729
f 3730 3729 3727
f 3732 3731 3730
f 3733 3732 3730
f 3734 3733 3730
f 3735 3736 3734
f 3735 3734 3730
f 3737 3736 3735
f 3738 3737 3735
f 3739 3737 3738
f 3740 3739 3738
f 3741 3740 3738
f 3742 3740 3741
f 3743 3744 3742
f 3743 3742 3741
f 3745 3744 3743
f 3746 3747 3748
f 3749 3746 3750
f 3751 3752 3753
f 3754 3755 3756
f 3757 3754 3756
f 3758 3759 3747
f 3758 3749 3760
f 3758 3747 3746
f 3758 3746 3749
f 3761 3762 3759
f 3761 3760 3756
f 3761 3758 3760
f 3761 3759 3758
f 3763 3753 3764
f 3763 3764 3762
f 3763 3755 3765
f 3763 3765 3766
f 3763 3766 3751
f 3763 3762 3761
f 3763 3761 3756
f 3763 3751 3753
f 3763 3756 3755
f 3767 3768 3769
f 3770 3771 3767
f 3770 3767 3769
f 3772 3771 3770
f 3773 3774 3772
f 3773 3772 3770
f 3775 3776 3774
f 3775 3774 3773
f 3777 3776 3775
f 3778 3779 3777
f 3778 3777 3775
f 3780 3781 3779
f 3780 3779 3778
f 3782 3781 3780
f 3783 3784 3782
f 3783 3782 3780
f 3785 3784 3783
f 3786 3787 3785
f 3786 3785 3783
f 3788 3789 3787
f 3788 3787 3786
f 3790 3789 3788
f 3791 3792 3790
f 3791 3790 3788
f 3793 3792 3791
f 3794 3795 3793
f 3794 3793 3791
f 3796 3797 3795
f 3796 3795 3794
f 3798 3797 3796
f 3799 3800 3798
f 3801 3799 3798
f 3801 3798 3796
f 3802 3801 3796
f 3803 3802 3796
f 3804 3805 3806
f 3804 3806 3807
f 3804 3807 3808
f 3809 3804 3808
f 3810 3805 3804
f 3811 3808 3812
f 3811 3809 3808
f 3813 3810 3804
f 3813 3804 3809
f 3814 3815 3805
f 3814 3805 3810
f 3816 3813 3809
f 3816 3809 3811
f 3817 3810 3813
f 3817 3814 3810
f 3818 3812 3819
f 3818 3811 3812
f 3818 3816 3811
f 3820 3821 3815
f 3820 3815 3814
f 3822 3813 3816
f 3822 3817 3813
f 3823 3824 3825
f 3823 3819 3824
f 3823 3818 3819
f 3826 3822 3816
f 3826 3816 3818
f 3827 3814 3817
f 3827 3820 3814
f 3828 3829 3830
f 3828 3831 3821
f 3828 3830 3831
f 3828 3821 3820
f 3832 3817 3822
f 3832 3827 3817
f 3833 3823 3825
f 3833 3818 3823
f 3833 3826 3818
f 3834 3822 3826
f 3834 3832 3822
f 3835 3829 3828
f 3835 3820 3827
f 3835 3828 3820
f 3836 3827 3832
f 3836 3829 3835
f 3836 3835 3827
f 3837 3825 3838
f 3837 3834 3826
f 3837 3833 3825
f 3837 3826 3833
f 3839 3832 3834
f 3839 3829 3836
f 3839 3836 3832
f 3840 3838 3841
f 3840 3841 3842
f 3840 3842 3829
f 3840 3837 3838
f 3840 3829 3839
f 3840 3834 3837
f 3840 3839 3834
f 3843 3844 3845
f 3843 3846 3844
f 3847 3845 3848
f 3849 3843 3845
f 3849 3845 3847
f 3850 3846 3843
f 3851 3848 3852
f 3851 3852 3853
f 3851 3853 3854
f 3851 3847 3848
f 3855 3849 3847
f 3856 3843 3849
f 3856 3850 3843
f 3857 3858 3846
f 3857 3846 3850
f 3859 3855 3847
f 3859 3851 3854
f 3859 3847 3851
f 3860 3856 3849
f 3860 3849 3855
f 3861 3850 3856
f 3861 3857 3850
f 3862 3854 3863
f 3862 3859 3854
f 3862 3855 3859
f 3862 3860 3855
f 3864 3865 3858
f 3864 3858 3857
f 3866 3856 3860
f 3866 3861 3856
f 3867 3868 3869
f 3867 3869 3865
f 3867 3865 3864
f 3870 3857 3861
f 3870 3864 3857
f 3871 3863 3872
f 3871 3866 3860
f 3871 3862 3863
f 3871 3860 3862
f 3873 3861 3866
f 3873 3870 3861
f 3874 3868 3867
f 3874 3867 3864
f 3874 3864 3870
f 3875 3868 3874
f 3875 3870 3873
f 3875 3874 3870
f 3876 3872 3877
f 3876 3866 3871
f 3876 3871 3872
f 3876 3873 3866
f 3878 3877 3879
f 3878 3879 3880
f 3878 3880 3868
f 3878 3868 3875
f 3878 3876 3877
f 3878 3875 3873
f 3878 3873 3876
f 3881 3882 3883
f 3881 3883 3884
f 3885 3886 3887
f 3885 3884 3886
f 3885 3881 3884
f 3888 3881 3885
f 3889 3888 3885
f 3890 3889 3885
f 3891 3889 3890
f 3892 3890 3893
f 3892 3891 3890
f 3894 3893 3895
f 3894 3892 3893
f 3896 3895 3897
f 3896 3894 3895
f 3898 3897 3899
f 3898 3896 3897
f 3900 3899 3901
f 3900 3898 3899
f 3902 3900 3901
f 3903 3902 3901
f 3904 3902 3903
f 3905 3904 3903
f 3906 3904 3905
f 3907 3905 3908
f 3907 3906 3905
f 3909 3908 3910
f 3909 3907 3908
f 3911 3909 3910
f 3912 3911 3910
f 3913 3911 3912
f 3914 3915 3916
f 3917 3914 3916
f 3918 3917 3916
f 3919 3917 3918
f 3920 3919 3918
f 3921 3922 3920
f 3921 3920 3918
f 3923 3922 3921
f 3924 3923 3921
f 3925 3924 3921
f 3926 3924 3925
f 3927 3926 3925
f 3928 3927 3925
f 3929 3930 3931
f 3929 3931 3928
f 3932 3929 3928
f 3932 3928 3925
f 3933 3932 3925
f 3934 3933 3925
f 3935 3934 3925
f 3936 3935 3925
f 3937 3936 3925
f 3938 3939 3940
f 3941 3939 3938
f 3942 3941 3938
f 3943 3942 3938
f 3944 3942 3943
f 3945 3944 3943
f 3946 3944 3945
f 3947 3946 3945
f 3948 3949 3947
f 3948 3947 3945
f 3950 3949 3948
f 3951 3952 3953
f 3954 3955 3956
f 3957 3958 3959
f 3960 3951 3961
f 3960 3962 3952
f 3960 3963 3964
f 3960 3964 3962
f 3960 3952 3951
f 3965 3961 3966
f 3965 3956 3963
f 3965 3963 3960
f 3965 3960 3961
f 3967 3968 3959
f 3967 3966 3968
f 3967 3958 3969
f 3967 3969 3954
f 3967 3965 3966
f 3967 3956 3965
f 3967 3954 3956
f 3967 3959 3958
f 3970 3971 3972
f 3973 3974 3975
f 3973 3975 3976
f 3977 3974 3978
f 3977 3975 3974
f 3977 3976 3975
f 3979 3980 3981
f 3979 3981 3982
f 3979 3982 3976
f 3983 3984 3985
f 3986 3987 3988
f 3986 3989 3970
f 3990 3988 3991
f 3990 3989 3986
f 3990 3970 3989
f 3990 3986 3988
f 3992 3993 3990
f 3992 3990 3991
f 3994 3992 3991
f 3995 3996 3971
f 3995 3971 3997
f 3998 3991 3999
f 3998 4000 3994
f 3998 3994 3991
f 4001 3996 3995
f 4001 3995 4000
f 4002 3998 3999
f 4003 4002 3999
f 4004 3981 3996
f 4004 4005 4006
f 4004 3996 4005
f 4007 3999 3974
f 4007 4003 3999
f 4007 4008 4003
f 4009 3981 4004
f 4009 4004 4008
f 4010 4011 4007
f 4010 4007 3974
f 4012 3982 3981
f 4012 4011 3982
f 4013 3974 3973
f 4013 4011 4010
f 4013 4010 3974
f 4013 3982 4011
f 4014 3973 3976
f 4014 4013 3973
f 4014 3982 4013
f 4014 3976 3982
f 4015 3976 3977
f 4015 3979 3976
f 4016 4015 3977
f 4017 4018 4016
f 4019 3978 4020
f 4019 4017 3978
f 4021 3980 3979
f 4022 4023 3980
f 4022 3980 4021
f 4024 4025 4019
f 4024 4019 4020
f 4026 4023 4022
f 4026 4022 4025
f 4027 4028 4024
f 4027 4024 4020
f 4029 4023 4026
f 4030 4027 4020
f 4031 4023 4029
f 4031 4029 4028
f 4031 4032 4023
f 4033 4030 4020
f 4033 4034 4030
f 4033 4020 3984
f 4035 4033 3984
f 4035 4036 4033
f 4037 4031 4034
f 4037 4032 4031
f 4038 4032 4037
f 4039 4032 4038
f 4039 4040 4032
f 4041 4042 4043
f 4044 4045 4046
f 4044 4041 4045
f 4044 4042 4041
f 4047 4044 4046
f 4047 4042 4044
f 4048 4046 4049
f 4048 4049 4050
f 4048 4050 4051
f 4048 4051 4040
f 4048 4047 4046
f 4048 4042 4047
f 4048 4040 4039
f 4048 4039 4042
f 4052 4053 3987
f 4052 4054 4053
f 4052 4055 4054
f 4052 3986 3970
f 4052 4056 4055
f 4052 3972 4056
f 4052 3970 3972
f 4052 3987 3986
f 4057 3970 3990
f 4057 3990 3993
f 4057 3997 3971
f 4057 3993 3997
f 4057 3971 3970
f 4058 3993 3992
f 4058 3997 3993
f 4058 3992 3994
f 4058 3995 3997
f 4059 3994 4000
f 4059 4000 3995
f 4059 4058 3994
f 4059 3995 4058
f 4060 4000 3998
f 4060 4001 4000
f 4061 4060 3998
f 4061 3998 4002
f 4061 4002 4006
f 4061 4006 4005
f 4062 4006 4002
f 4062 4004 4006
f 4063 4002 4003
f 4063 4062 4002
f 4063 4003 4008
f 4063 4008 4004
f 4063 4004 4062
f 4064 4008 4007
f 4064 4009 4008
f 4065 4007 4011
f 4065 4011 4012
f 4065 4064 4007
f 4066 3977 3978
f 4066 3978 4017
f 4066 4017 4016
f 4066 4016 3977
f 4067 3979 4015
f 4067 4015 4016
f 4067 4016 4018
f 4067 4018 4021
f 4067 4021 3979
f 4068 4017 4019
f 4068 4021 4018
f 4068 4022 4021
f 4068 4018 4017
f 4069 4019 4025
f 4069 4022 4068
f 4069 4068 4019
f 4069 4025 4022
f 4070 4029 4026
f 4070 4028 4029
f 4070 4024 4028
f 4070 4025 4024
f 4070 4026 4025
f 4071 4031 4028
f 4071 4030 4034
f 4071 4027 4030
f 4071 4034 4031
f 4071 4028 4027
f 4072 4037 4034
f 4072 4034 4033
f 4072 4038 4037
f 4072 4033 4036
f 4072 4036 4038
f 4073 4036 4035
f 4073 4043 4042
f 4073 4038 4036
f 4073 4039 4038
f 4073 4042 4039
f 4074 3985 4075
f 4074 4075 4076
f 4074 4076 4077
f 4074 4077 4078
f 4074 4078 4045
f 4074 4045 4041
f 4074 4043 3983
f 4074 4041 4043
f 4074 3983 3985
f 4079 3996 4001
f 4079 4060 4061
f 4079 4001 4060
f 4080 4005 3996
f 4080 3996 4079
f 4080 4061 4005
f 4080 4079 4061
f 4081 3981 4009
f 4081 4009 4064
f 4081 4065 4012
f 4081 4064 4065
f 4081 4012 3981
f 4082 3984 3983
f 4082 4073 4035
f 4082 4043 4073
f 4082 3983 4043
f 4082 4035 3984
f 4083 4084 4085
f 4086 4087 4084
f 4086 4084 4083
f 4088 4085 4084
f 4089 4084 4090
f 4089 4088 4084
f 4091 4089 4090
f 4092 4091 4090
f 4093 4092 4090
f 4094 4095 4096
f 4097 4094 4096
f 4097 4096 4098
f 4097 4098 4099
f 4097 4099 4100
f 4101 4102 4103
f 4101 4104 4102
f 4105 4101 4103
f 4105 4103 4106
f 4107 4105 4106
f 4108 4107 4106
f 4109 4097 4100
f 4109 4100 4110
f 4109 4110 4111
f 4109 4111 4112
f 4109 4112 4113
f 4114 4108 4106
f 4115 4114 4106
f 4116 4115 4106
f 4117 4116 4106
f 4118 4117 4106
f 4119 4106 4120
f 4119 4118 4106
f 4121 4119 4120
f 4122 4121 4120
f 4123 4122 4120
f 4124 4125 4126
f 4127 4126 4128
f 4127 4124 4126
f 4129 4128 4130
f 4129 4130 4131
f 4129 4131 4132
f 4129 4132 4133
f 4129 4133 4134
f 4129 4134 4135
f 4129 4135 4136
f 4129 4136 4137
f 4129 4127 4128
f 4138 4137 4139
f 4138 4139 4140
f 4138 4140 4141
f 4138 4141 4142
f 4138 4129 4137
f 4143 4144 4145
f 4143 4145 4146
f 4143 4146 4147
f 4148 4143 4147
f 4148 4147 4149
f 4148 4144 4143
f 4150 4151 4152
f 4153 4154 4155
f 4150 4144 4148
f 4156 4149 4157
f 4156 4157 4158
f 4156 4158 4159
f 4160 4152 4161
f 4160 4161 4162
f 4160 4162 4150
f 4160 4150 4152
f 4163 4156 4159
f 4163 4149 4156
f 4163 4159 4164
f 4163 4164 4165
f 4163 4148 4149
f 4166 4151 4150
f 4166 4150 4148
f 4166 4167 4168
f 4166 4169 4151
f 4166 4148 4163
f 4170 4171 4172
f 4170 4172 4173
f 4170 4173 4087
f 4174 4175 4169
f 4174 4176 4175
f 4174 4168 4176
f 4174 4169 4166
f 4174 4166 4168
f 4177 4165 4171
f 4177 4086 4178
f 4177 4178 4179
f 4177 4179 4180
f 4177 4087 4086
f 4177 4171 4170
f 4177 4163 4165
f 4177 4170 4087
f 4181 4095 4094
f 4181 4177 4180
f 4181 4182 4167
f 4181 4167 4166
f 4181 4163 4177
f 4181 4180 4183
f 4181 4183 4184
f 4181 4184 4095
f 4181 4166 4163
f 4185 4186 4182
f 4185 4187 4186
f 4185 4094 4187
f 4185 4181 4094
f 4185 4182 4181
f 4188 4090 4189
f 4188 4189 4102
f 4188 4104 4190
f 4188 4190 4191
f 4188 4191 4192
f 4188 4192 4093
f 4188 4093 4090
f 4188 4102 4104
f 4193 4109 4113
f 4193 4194 4109
f 4193 4124 4194
f 4193 4113 4195
f 4193 4195 4196
f 4193 4196 4197
f 4193 4197 4125
f 4193 4125 4124
f 4198 4120 4199
f 4198 4199 4200
f 4198 4123 4120
f 4198 4201 4202
f 4198 4202 4123
f 4203 4138 4142
f 4203 4204 4138
f 4203 4200 4204
f 4203 4198 4200
f 4203 4201 4198
f 4203 4142 4205
f 4203 4205 4201
f 4206 4207 4208
f 4209 4206 4208
f 4210 4208 4211
f 4210 4209 4208
f 4212 4211 4213
f 4212 4210 4211
f 4214 4213 4215
f 4214 4212 4213
f 4216 4215 4217
f 4216 4214 4215
f 4218 4219 4220
f 4221 4220 4222
f 4221 4218 4220
f 4223 4222 4224
f 4223 4221 4222
f 4225 4224 4226
f 4225 4223 4224
f 4227 4226 4228
f 4227 4225 4226
f 4229 4227 4228
f 4230 4231 4232
f 4233 4230 4232
f 4234 4230 4233
f 4235 4236 4234
f 4237 4233 4238
f 4237 4234 4233
f 4237 4235 4234
f 4239 4238 4240
f 4239 4240 4241
f 4242 4237 4238
f 4242 4238 4239
f 4243 4242 4239
f 4244 4243 4239
f 4245 4246 4247
f 4248 4249 4250
f 4251 4252 4253
f 4254 4255 4256
f 4254 4256 4257
f 4258 4257 4259
f 4258 4254 4257
f 4260 4261 4255
f 4260 4255 4254
f 4262 4259 4263
f 4262 4258 4259
f 4264 4260 4254
f 4264 4254 4258
f 4265 4266 4261
f 4265 4261 4260
f 4267 4263 4246
f 4267 4246 4245
f 4267 4262 4263
f 4268 4264 4258
f 4268 4258 4262
f 4269 4270 4266
f 4269 4266 4265
f 4271 4269 4265
f 4271 4260 4264
f 4271 4265 4260
f 4272 4273 4270
f 4272 4270 4269
f 4274 4245 4275
f 4274 4262 4267
f 4274 4268 4262
f 4274 4267 4245
f 4276 4269 4271
f 4277 4264 4268
f 4277 4271 4264
f 4277 4276 4271
f 4278 4272 4269
f 4278 4269 4276
f 4279 4276 4277
f 4280 4281 4273
f 4280 4273 4272
f 4282 4275 4283
f 4282 4274 4275
f 4282 4268 4274
f 4282 4277 4268
f 4284 4278 4276
f 4284 4276 4279
f 4285 4277 4282
f 4285 4283 4286
f 4285 4282 4283
f 4285 4279 4277
f 4287 4288 4281
f 4287 4281 4280
f 4289 4272 4278
f 4289 4280 4272
f 4290 4279 4285
f 4290 4285 4286
f 4290 4284 4279
f 4291 4250 4288
f 4291 4292 4248
f 4291 4248 4250
f 4291 4288 4287
f 4293 4280 4289
f 4293 4287 4280
f 4294 4278 4284
f 4294 4289 4278
f 4295 4296 4292
f 4295 4292 4291
f 4295 4291 4287
f 4295 4287 4293
f 4297 4289 4294
f 4297 4293 4289
f 4298 4294 4284
f 4298 4290 4286
f 4298 4286 4299
f 4298 4284 4290
f 4298 4297 4294
f 4300 4296 4295
f 4300 4295 4293
f 4300 4293 4297
f 4301 4299 4253
f 4301 4297 4298
f 4301 4298 4299
f 4302 4296 4300
f 4302 4301 4253
f 4302 4252 4296
f 4302 4300 4297
f 4302 4297 4301
f 4302 4253 4252
f 4303 4304 4305
f 4306 4307 4304
f 4306 4304 4303
f 4308 4309 4307
f 4308 4307 4306
f 4310 4311 4309
f 4310 4309 4308
f 4312 4311 4310
f 4313 4314 4311
f 4313 4311 4312
f 4315 4313 4312
f 4316 4317 4318
f 4316 4319 4317
f 4320 4321 4319
f 4320 4319 4316
f 4322 4323 4321
f 4322 4321 4320
f 4324 4325 4323
f 4324 4323 4322
f 4326 4327 4325
f 4326 4325 4324
f 4328 4326 4324
f 4329 4330 4331
f 4329 4332 4330
f 4329 4333 4332
f 4334 4335 4333
f 4334 4336 4335
f 4334 4333 4329
f 4337 4331 4338
f 4337 4329 4331
f 4339 4340 4336
f 4339 4334 4329
f 4339 4329 4337
f 4339 4336 4334
f 4341 4342 4343
f 4341 4344 4342
f 4341 4338 4344
f 4341 4337 4338
f 4345 4346 4340
f 4345 4343 4346
f 4345 4340 4339
f 4345 4337 4341
f 4345 4341 4343
f 4345 4339 4337
f 4347 4348 4349
f 4347 4349 4350
f 4351 4350 4352
f 4351 4347 4350
f 4353 4352 4354
f 4353 4351 4352
f 4355 4354 4356
f 4355 4353 4354
f 4357 4356 4358
f 4357 4355 4356
f 4359 4360 4361
f 4362 4363 4360
f 4362 4360 4359
f 4364 4365 4363
f 4364 4363 4362
f 4366 4367 4365
f 4366 4365 4364
f 4368 4369 4367
f 4368 4367 4366
f 4370 4369 4368
f 4371 4372 4373
f 4374 4375 4372
f 4374 4372 4371
f 4376 4377 4375
f 4376 4375 4374
f 4378 4379 4377
f 4378 4377 4376
f 4380 4381 4379
f 4380 4379 4378
f 4382 4381 4380
f 4383 4384 4385
f 4386 4387 4384
f 4386 4384 4383
f 4388 4387 4386
f 4389 4390 4387
f 4389 4387 4388
f 4391 4392 4390
f 4391 4390 4389
f 4393 4394 4392
f 4393 4392 4391
f 4395 4393 4391
f 4396 4397 4398
f 4399 4400 4401
f 4399 4401 4402
f 4399 4403 4400
f 4404 4405 4403
f 4404 4403 4399
f 4406 4402 4407
f 4406 4399 4402
f 4408 4409 4405
f 4408 4405 4404
f 4410 4404 4399
f 4410 4399 4406
f 4411 4407 4412
f 4411 4406 4407
f 4413 4396 4414
f 4413 4412 4397
f 4413 4397 4396
f 4413 4411 4412
f 4415 4410 4406
f 4415 4406 4411
f 4416 4408 4404
f 4416 4404 4410
f 4417 4418 4409
f 4417 4409 4408
f 4419 4411 4413
f 4419 4415 4411
f 4419 4413 4414
f 4420 4410 4415
f 4420 4416 4410
f 4421 4408 4416
f 4421 4417 4408
f 4422 4423 4418
f 4422 4418 4417
f 4424 4414 4425
f 4424 4415 4419
f 4424 4419 4414
f 4424 4420 4415
f 4426 4421 4416
f 4426 4416 4420
f 4427 4417 4421
f 4427 4422 4417
f 4428 4429 4423
f 4428 4423 4422
f 4430 4425 4431
f 4430 4424 4425
f 4430 4420 4424
f 4430 4426 4420
f 4432 4427 4421
f 4432 4421 4426
f 4433 4428 4422
f 4433 4422 4427
f 4434 4435 4429
f 4434 4429 4428
f 4436 4432 4426
f 4436 4426 4430
f 4436 4431 4437
f 4436 4430 4431
f 4438 4433 4427
f 4438 4427 4432
f 4439 4440 4441
f 4439 4435 4434
f 4439 4441 4435
f 4442 4434 4428
f 4442 4428 4433
f 4443 4437 4444
f 4443 4432 4436
f 4443 4436 4437
f 4443 4438 4432
f 4445 4446 4440
f 4445 4439 4434
f 4445 4434 4442
f 4445 4440 4439
f 4447 4433 4438
f 4447 4442 4433
f 4448 4449 4446
f 4448 4446 4445
f 4448 4445 4442
f 4448 4442 4447
f 4450 4444 4451
f 4450 4438 4443
f 4450 4443 4444
f 4450 4447 4438
f 4452 4453 4449
f 4452 4454 4453
f 4452 4451 4454
f 4452 4449 4448
f 4452 4448 4447
f 4452 4447 4450
f 4452 4450 4451
f 4455 4456 4457
f 4455 4457 4458
f 4459 4455 4458
f 4460 4461 4462
f 4463 4462 4455
f 4463 4455 4459
f 4463 4460 4462
f 4464 4463 4459
f 4178 4459 4465
f 4178 4465 4466
f 4178 4466 4467
f 4178 4464 4459
f 4468 4464 4178
f 4469 4468 4178
f 4470 4469 4178
f 4471 4472 4473
f 4471 4473 4474
f 4475 4476 4472
f 4475 4472 4471
f 4477 4478 4476
f 4477 4476 4475
f 4479 4480 4478
f 4479 4478 4477
f 4481 4482 4480
f 4481 4480 4479
f 4483 4484 4482
f 4483 4482 4481
f 4485 4486 4487
f 4485 4488 4489
f 4485 4490 4488
f 4485 4487 4490
f 4491 4492 4493
f 4491 4494 4492
f 4491 4489 4494
f 4491 4485 4489
f 4491 4486 4485
f 4495 4496 4497
f 4495 4497 4498
f 4495 4498 4499
f 4495 4499 4486
f 4500 4493 4501
f 4500 4501 4502
f 4500 4502 4503
f 4500 4503 4496
f 4500 4486 4491
f 4500 4491 4493
f 4500 4495 4486
f 4500 4496 4495
f 4504 4505 4506
f 4507 4508 4505
f 4507 4505 4504
f 4509 4510 4508
f 4509 4508 4507
f 4511 4512 4510
f 4511 4510 4509
f 4513 4514 4512
f 4513 4512 4511
f 4515 4516 4514
f 4515 4514 4513
f 4517 4516 4515
f 4518 4519 4520
f 4521 4518 4520
f 4522 4518 4521
f 4523 4524 4522
f 4525 4521 4526
f 4525 4522 4521
f 4525 4523 4522
f 4527 4525 4526
f 4528 4526 4529
f 4528 4529 4530
f 4528 4530 4531
f 4528 4527 4526
f 4532 4527 4528
f 4533 4532 4528
f 4534 4533 4528
f 4535 4536 4537
f 4538 4539 4540
f 4541 4542 4543
f 4541 4543 4544
f 4545 4544 4546
f 4545 4541 4544
f 4547 4548 4542
f 4547 4542 4541
f 4549 4548 4547
f 4550 4546 4551
f 4550 4545 4546
f 4552 4541 4545
f 4552 4547 4541
f 4553 4547 4552
f 4553 4549 4547
f 4554 4538 4555
f 4554 4551 4539
f 4554 4539 4538
f 4554 4550 4551
f 4556 4552 4545
f 4556 4545 4550
f 4557 4537 4548
f 4557 4558 4535
f 4557 4548 4549
f 4557 4535 4537
f 4559 4553 4552
f 4559 4552 4556
f 4560 4550 4554
f 4560 4554 4555
f 4560 4556 4550
f 4561 4562 4558
f 4561 4558 4557
f 4561 4549 4553
f 4561 4557 4549
f 4563 4555 4564
f 4563 4560 4555
f 4563 4559 4556
f 4563 4556 4560
f 4565 4566 4562
f 4565 4562 4561
f 4565 4553 4559
f 4565 4561 4553
f 4567 4568 4566
f 4567 4569 4568
f 4567 4564 4569
f 4567 4563 4564
f 4567 4566 4565
f 4567 4559 4563
f 4567 4565 4559
f 4570 4571 4572
f 4573 4574 4575
f 4576 4577 4578
f 4579 4580 4581
f 4579 4581 4582
f 4583 4582 4584
f 4583 4579 4582
f 4585 4586 4580
f 4585 4580 4579
f 4587 4584 4588
f 4587 4583 4584
f 4589 4579 4583
f 4589 4585 4579
f 4590 4572 4586
f 4590 4586 4585
f 4590 4570 4572
f 4591 4573 4592
f 4591 4588 4574
f 4591 4587 4588
f 4591 4574 4573
f 4593 4583 4587
f 4593 4589 4583
f 4594 4595 4570
f 4594 4585 4589
f 4594 4570 4590
f 4594 4590 4585
f 4596 4592 4578
f 4596 4591 4592
f 4596 4593 4587
f 4596 4587 4591
f 4597 4598 4595
f 4597 4595 4594
f 4597 4589 4593
f 4597 4594 4589
f 4599 4577 4598
f 4599 4598 4597
f 4599 4596 4578
f 4599 4578 4577
f 4599 4593 4596
f 4599 4597 4593
f 4600 4601 4602
f 4603 4602 4604
f 4603 4605 4600
f 4603 4600 4602
f 4606 4607 4605
f 4606 4605 4603
f 4608 4607 4606
f 4609 4610 4607
f 4609 4607 4608
f 4611 4612 4610
f 4611 4610 4609
f 4613 4614 4615
f 4616 4615 4617
f 4616 4613 4615
f 4618 4619 4613
f 4618 4613 4616
f 4620 4621 4619
f 4620 4619 4618
f 4622 4623 4621
f 4622 4621 4620
f 4624 4625 4623
f 4624 4623 4622
f 4626 4627 4628
f 4626 4629 4627
f 4630 4631 4629
f 4630 4629 4626
f 4632 4633 4631
f 4632 4631 4630
f 4634 4635 4633
f 4634 4633 4632
f 4636 4637 4635
f 4636 4635 4634
f 4638 4639 4640
f 4641 4640 4642
f 4641 4638 4640
f 4643 4642 4644
f 4643 4641 4642
f 4645 4644 4646
f 4645 4643 4644
f 4647 4646 4648
f 4647 4645 4646
f 4649 4647 4648
f 4650 4651 4652
f 4650 4652 4653
f 4654 4655 4656
f 4654 4656 4657
f 4654 4657 4651
f 4654 4651 4650
f 4658 4653 4659
f 4658 4650 4653
f 4660 4661 4655
f 4660 4650 4658
f 4660 4654 4650
f 4660 4655 4654
f 4662 4659 4663
f 4662 4663 4664
f 4662 4658 4659
f 4665 4664 4666
f 4665 4666 4667
f 4665 4667 4661
f 4665 4661 4660
f 4665 4662 4664
f 4665 4658 4662
f 4665 4660 4658
f 4668 4669 4670
f 4671 4672 4669
f 4671 4669 4668
f 4673 4674 4672
f 4673 4672 4671
f 4675 4676 4674
f 4675 4674 4673
f 4677 4678 4676
f 4677 4676 4675
f 4679 4678 4677
f 4680 4681 4682
f 4683 4684 4680
f 4683 4682 4685
f 4683 4680 4682
f 4686 4687 4684
f 4686 4684 4683
f 4688 4689 4687
f 4688 4687 4686
f 4690 4691 4689
f 4690 4689 4688
f 4692 4691 4690
f 4693 4694 4695
f 4696 4697 4698
f 4696 4698 4699
f 4696 4699 4700
f 4701 4702 4697
f 4701 4697 4696
f 4703 4700 4704
f 4703 4696 4700
f 4705 4706 4702
f 4705 4702 4701
f 4707 4696 4703
f 4707 4701 4696
f 4708 4703 4704
f 4709 4705 4701
f 4709 4701 4707
f 4710 4707 4703
f 4710 4703 4708
f 4711 4693 4712
f 4711 4704 4694
f 4711 4694 4693
f 4711 4708 4704
f 4713 4714 4706
f 4713 4706 4705
f 4715 4707 4710
f 4715 4709 4707
f 4716 4708 4711
f 4716 4711 4712
f 4716 4710 4708
f 4717 4713 4705
f 4717 4705 4709
f 4718 4719 4714
f 4718 4714 4713
f 4720 4712 4721
f 4720 4716 4712
f 4720 4715 4710
f 4720 4710 4716
f 4722 4709 4715
f 4722 4717 4709
f 4723 4713 4717
f 4723 4718 4713
f 4724 4719 4718
f 4724 4718 4723
f 4725 4721 4726
f 4725 4720 4721
f 4725 4722 4715
f 4725 4715 4720
f 4727 4717 4722
f 4727 4723 4717
f 4728 4724 4723
f 4729 4730 4719
f 4729 4719 4724
f 4731 4722 4725
f 4731 4726 4732
f 4731 4725 4726
f 4731 4727 4722
f 4733 4728 4723
f 4733 4723 4727
f 4734 4735 4730
f 4734 4736 4735
f 4734 4737 4736
f 4734 4730 4729
f 4738 4724 4728
f 4738 4729 4724
f 4739 4727 4731
f 4739 4731 4732
f 4739 4732 4740
f 4739 4733 4727
f 4741 4742 4737
f 4741 4737 4734
f 4741 4734 4729
f 4741 4729 4738
f 4743 4738 4728
f 4743 4728 4733
f 4744 4745 4742
f 4744 4742 4741
f 4744 4738 4743
f 4744 4741 4738
f 4746 4740 4747
f 4746 4739 4740
f 4746 4733 4739
f 4746 4743 4733
f 4748 4749 4745
f 4748 4750 4749
f 4748 4746 4747
f 4748 4747 4750
f 4748 4745 4744
f 4748 4744 4743
f 4748 4743 4746
f 4751 4752 4753
f 4754 4751 4755
f 4756 4757 4758
f 4756 4759 4757
f 4756 4760 4759
f 4756 4761 4760
f 4756 4762 4763
f 4756 4763 4764
f 4756 4764 4761
f 4765 4758 4755
f 4765 4753 4762
f 4765 4762 4756
f 4765 4751 4753
f 4765 4755 4751
f 4765 4756 4758
f 4766 4767 4768
f 4766 4768 4769
f 4770 4771 4767
f 4770 4767 4766
f 4772 4773 4771
f 4772 4771 4770
f 4774 4775 4773
f 4774 4773 4772
f 4776 4777 4775
f 4776 4775 4774
f 4778 4779 4780
f 4781 4782 4779
f 4781 4779 4778
f 4783 4784 4782
f 4783 4782 4781
f 4785 4786 4784
f 4785 4784 4783
f 4787 4788 4786
f 4787 4786 4785
f 4789 4788 4787
f 4790 4791 4792
f 4790 4792 4793
f 4794 4793 4795
f 4794 4790 4793
f 4796 4795 4797
f 4796 4794 4795
f 4798 4797 4799
f 4798 4796 4797
f 4800 4799 4801
f 4800 4798 4799
f 4802 4803 4804
f 4805 4803 4802
f 4806 4805 4802
f 4807 4806 4802
f 4808 4806 4807
f 4809 4808 4807
f 4810 4807 4811
f 4810 4809 4807
f 4812 4811 4813
f 4812 4810 4811
f 4814 4812 4813
f 4815 4814 4813
f 4815 4813 4816
f 4815 4816 4817
f 4818 4817 4819
f 4818 4815 4817
f 4820 4818 4819
f 4820 4819 4821
f 4822 4820 4821
f 4822 4821 4823
f 4822 4823 4824
f 4825 4824 4826
f 4825 4822 4824
f 4827 4825 4826
f 4827 4826 4828
f 4827 4828 4829
f 4830 4827 4829
f 4831 4830 4829
f 4832 4831 4829
f 4833 4832 4829
f 4834 4833 4829
f 4835 4834 4829
f 4836 4835 4829
f 4837 4838 4839
f 4837 4839 4836
f 4840 4838 4837
f 4841 4840 4837
f 4842 4841 4837
f 4843 4842 4837
f 4844 4837 4845
f 4844 4843 4837
f 4846 4845 4847
f 4846 4844 4845
f 4848 4847 4849
f 4848 4846 4847
f 4850 4849 4851
f 4850 4848 4849
f 4852 4851 4853
f 4852 4850 4851
f 4854 4853 4855
f 4854 4852 4853
f 4854 4855 4856
f 4857 4856 4858
f 4857 4854 4856
f 4859 4857 4858
f 4860 4858 4861
f 4860 4859 4858
f 4862 4860 4861
f 4863 4862 4861
f 4864 4863 4861
f 4865 4863 4864
f 4839 4835 4836
f 4866 4865 4867
f 4868 4866 4867
f 4869 4866 4868
f 4870 4869 4868
f 4871 4868 4872
f 4871 4870 4868
f 4873 4871 4872
f 4874 4872 4875
f 4874 4873 4872
f 4876 4875 4877
f 4876 4874 4875
f 4878 4877 4879
f 4878 4879 4880
f 4878 4876 4877
f 4881 4880 4882
f 4881 4878 4880
f 4883 4882 4884
f 4883 4881 4882
f 4885 4883 4884
f 4886 4885 4884
f 4887 4886 4884
f 4888 4887 4884
f 4889 4888 4884
f 4890 4889 4884
f 4891 4890 4884
f 4892 4891 4884
f 4893 4892 4884
f 4894 4893 4895
f 4896 4894 4895
f 4897 4896 4895
f 4898 4896 4897
f 4899 4898 4897
f 4900 4899 4897
f 4901 4900 4897
f 4901 4897 4902
f 4903 4901 4902
f 4903 4902 4904
f 4905 4903 4904
f 4905 4904 4906
f 4907 4906 4908
f 4907 4905 4906
f 4909 4908 4910
f 4909 4910 4911
f 4909 4907 4908
f 4912 4911 4913
f 4912 4913 4914
f 4912 4909 4911
f 4915 4914 4916
f 4915 4912 4914
f 4915 4916 4917
f 4918 4915 4917
f 4919 4918 4917
f 4920 4919 4917
f 4921 4920 4917
f 4922 4921 4917
f 4923 4921 4922
f 4924 4922 4925
f 4924 4923 4922
f 4894 4892 4893
f 4926 4927 4928
f 4926 4929 4927
f 4926 4930 4929
f 4926 4931 4930
f 4926 4932 4931
f 4926 4933 4932
f 4926 4934 4933
f 4935 4926 4928
f 4936 4928 4937
f 4936 4937 4938
f 4939 4938 4937
f 4940 4939 4937
f 4941 4935 4928
f 4941 4928 4936
f 4942 4940 4937
f 4943 4935 4941
f 4944 4935 4943
f 4945 4942 4937
f 4946 4935 4944
f 4947 4935 4946
f 4948 4945 4937
f 4949 4950 4951
f 4952 4950 4949
f 4952 4949 4953
f 4952 4954 4950
f 4955 4954 4952
f 4955 4956 4954
f 4957 4956 4955
f 4957 4958 4956
f 4959 4958 4957
f 4960 4961 4962
f 4963 4958 4959
f 4964 4960 4962
f 4965 4964 4962
f 4966 4965 4962
f 4967 4962 4968
f 4967 4966 4962
f 4969 4968 4970
f 4969 4971 4972
f 4969 4972 4973
f 4969 4973 4974
f 4969 4974 4975
f 4969 4975 4976
f 4969 4976 4977
f 4969 4977 4978
f 4979 4967 4968
f 4979 4968 4969
f 4980 4981 4982
f 4980 4982 4983
f 4980 4983 4984
f 4980 4984 4985
f 4980 4958 4963
f 4986 4987 4981
f 4986 4981 4980
f 4988 4969 4978
f 4988 4978 4989
f 4990 4988 4989
f 4991 4988 4990
f 4992 4991 4990
f 4993 4992 4990
f 4994 4990 4995
f 4994 4995 4996
f 4994 4993 4990
f 4997 4998 4999
f 5000 4997 4999
f 5001 5002 4986
f 5001 4986 4980
f 5001 4999 5003
f 5001 5003 5002
f 5004 4967 4979
f 5004 4979 5005
f 5006 5007 5008
f 5009 5000 4999
f 5009 5006 5008
f 5009 4999 5001
f 5009 5008 5010
f 5009 5010 5000
f 5011 5012 5006
f 5011 5006 5009
f 5013 5012 5011
f 5014 5012 5013
f 5015 5016 5012
f 5015 5012 5014
f 5017 5018 5016
f 5017 5019 5018
f 5017 5020 5019
f 5021 5017 5016
f 5021 5016 5015
f 5022 4969 4970
f 5022 4971 4969
f 5022 4970 4935
f 5022 4935 4947
f 5022 4947 5023
f 5022 5023 5024
f 5022 5024 5025
f 5022 5025 5026
f 5022 5026 4971
f 5027 4985 5028
f 5027 5028 5029
f 5027 5029 5030
f 5027 5030 5031
f 5027 5031 5032
f 5027 5032 5033
f 5027 5033 5034
f 5027 5034 5035
f 5027 5035 5036
f 5027 4937 4958
f 5027 4980 4985
f 5027 5036 4948
f 5027 4958 4980
f 5027 4948 4937
f 5037 5007 5006
f 5037 5006 5004
f 5037 5005 5038
f 5037 5038 5039
f 5037 5039 5040
f 5037 5040 5041
f 5037 5041 5042
f 5037 5042 5043
f 5037 5043 5044
f 5037 5044 5007
f 5037 5004 5005
f 5045 5046 5047
f 5045 5047 5048
f 5049 5050 5051
f 5052 5051 5053
f 5052 5049 5051
f 5054 5053 5055
f 5054 5052 5053
f 5056 5055 5057
f 5056 5054 5055
f 5058 5057 5059
f 5058 5056 5057
f 5060 5059 5061
f 5060 5058 5059
f 5062 5060 5061
f 5063 5061 5064
f 5063 5062 5061
f 5065 5064 5066
f 5065 5063 5064
f 5067 5066 5068
f 5067 5065 5066
f 5069 5067 5068
f 5070 5068 5071
f 5070 5069 5068
f 5072 5071 5073
f 5072 5070 5071
f 5074 5075 5076
f 5077 5076 5075
f 5078 5079 5080
f 5081 5080 5082
f 5081 5078 5080
f 5083 5081 5082
f 5084 5082 5085
f 5084 5083 5082
f 5086 5085 5087
f 5086 5084 5085
f 5088 5087 5089
f 5088 5086 5087
f 5090 5089 5091
f 5090 5088 5089
f 5092 5091 5093
f 5092 5090 5091
f 5094 5093 5095
f 5094 5092 5093
f 5096 5095 5097
f 5096 5094 5095
f 5098 5097 5099
f 5098 5096 5097
f 5100 5099 5101
f 5100 5098 5099
f 5102 5100 5101
f 5103 5104 5105
f 5078 5104 5103
f 5106 5107 5108
f 5107 5106 5109
f 5110 5111 5112
f 5110 5113 5111
f 5114 5112 5115
f 5114 5110 5112
f 5116 5114 5115
f 5117 5115 5118
f 5117 5116 5115
f 5119 5120 5121
f 5119 5118 5120
f 5119 5117 5118
f 5122 5121 5123
f 5122 5119 5121
f 5124 5123 5125
f 5124 5122 5123
f 5126 5127 5128
f 5126 5128 5129
f 5130 5131 5132
f 5131 5130 5133
f 5134 5135 5136
f 5137 5135 5134
f 5138 5139 5140
f 5141 5140 5142
f 5141 5138 5140
f 5143 5141 5142
f 5144 5142 5145
f 5144 5143 5142
f 5146 5147 5148
f 5146 5145 5147
f 5146 5144 5145
f 5149 5148 5150
f 5149 5146 5148
f 5151 5150 5152
f 5151 5149 5150
f 5153 5152 5154
f 5153 5151 5152
f 5155 5154 5156
f 5155 5153 5154
f 5157 5156 5158
f 5157 5155 5156
f 5159 5158 5160
f 5159 5157 5158
f 5161 5160 5162
f 5161 5159 5160
f 5163 5161 5162
f 5135 5163 5162
f 5164 5165 5166
f 5166 5167 5164
f 5168 5169 5170
f 5171 5169 5168
f 5172 5173 5174
f 5172 5175 5173
f 5172 5176 5175
f 5177 5172 5174
f 5178 5177 5174
f 5179 5178 5174
f 5180 5181 5182
f 5180 5182 5183
f 5184 5185 5186
f 5187 5186 5185
f 5188 5189 5048
f 5188 5190 5191
f 5188 5048 5190
f 5192 5191 5193
f 5192 5188 5191
f 5194 5195 5196
f 5194 5193 5195
f 5194 5192 5193
f 5197 5196 5198
f 5197 5194 5196
f 5199 5198 5200
f 5199 5197 5198
f 5201 5200 5202
f 5201 5199 5200
f 5203 5202 5204
f 5203 5201 5202
f 5205 5204 5206
f 5205 5203 5204
f 5207 5206 5208
f 5207 5205 5206
f 5209 5208 5210
f 5209 5207 5208
f 5211 5210 5212
f 5211 5209 5210
f 5213 5211 5212
f 5214 5215 5216
f 5217 5214 5216
f 5217 5216 5218
f 5219 5215 5214
f 5219 5220 5221
f 5219 5221 5215
f 5222 5217 5218
f 5222 5218 5223
f 5222 5223 5224
f 5225 5220 5219
f 5225 5226 5227
f 5225 5227 5228
f 5225 5228 5220
f 5229 5222 5224
f 5229 5224 5230
f 5231 5229 5230
f 5231 5230 5232
f 5233 5226 5225
f 5233 5234 5226
f 5235 5234 5233
f 5235 5236 5237
f 5235 5237 5234
f 5238 5239 5236
f 5238 5240 5239
f 5238 5236 5235
f 5241 5240 5238
f 5241 5242 5240
f 5243 5232 5244
f 5243 5231 5232
f 5245 5244 5246
f 5245 5246 5247
f 5245 5243 5244
f 5248 5247 5249
f 5248 5249 5250
f 5248 5250 5251
f 5248 5245 5247
f 5252 5251 5253
f 5252 5248 5251
f 5254 5252 5253
f 5255 5252 5254
f 5256 5255 5254
f 5257 5255 5256
f 5257 5258 5255
f 5259 5258 5257
f 5259 5260 5258
f 5261 5260 5259
f 5262 5260 5261
f 5262 5263 5260
f 5264 5265 5266
f 5267 5263 5262
f 5267 5264 5263
f 5268 5264 5267
f 5268 5265 5264
f 5269 5268 5267
f 5270 5271 5272
f 5273 5268 5269
f 5274 5267 5275
f 5274 5269 5267
f 5276 5269 5274
f 5277 5271 5270
f 5277 5270 5278
f 5279 5269 5276
f 5280 5277 5278
f 5281 5278 5282
f 5281 5280 5278
f 5283 5273 5269
f 5283 5284 5273
f 5285 5281 5282
f 5286 5284 5283
f 5287 5282 5288
f 5287 5285 5282
f 5289 5290 5284
f 5289 5284 5286
f 5291 5287 5288
f 5292 5290 5289
f 5293 5288 5294
f 5293 5291 5288
f 5295 5290 5292
f 5296 5293 5294
f 5297 5294 5290
f 5297 5290 5295
f 5297 5296 5294
f 5298 5266 5265
f 5298 5242 5241
f 5298 5299 5242
f 5298 5300 5299
f 5298 5301 5300
f 5298 5302 5301
f 5298 5303 5302
f 5298 5304 5303
f 5298 5305 5304
f 5298 5265 5305
f 5298 5241 5306
f 5298 5306 5307
f 5298 5307 5308
f 5298 5308 5309
f 5298 5309 5266
f 5310 5311 5312
f 5313 5311 5310
f 5314 5313 5315
f 5314 5311 5313
f 5316 5317 5318
f 5316 5318 5319
f 5320 5319 5321
f 5320 5316 5319
f 5322 5321 5323
f 5322 5320 5321
f 5324 5323 5325
f 5324 5322 5323
f 5326 5325 5327
f 5326 5324 5325
f 5328 5327 5329
f 5328 5326 5327
f 5330 5329 5331
f 5330 5328 5329
f 5332 5333 5334
f 5335 5334 5333
f 5336 5337 5338
f 5336 5338 5339
f 5340 5339 5341
f 5340 5336 5339
f 5342 5340 5341
f 5343 5341 5344
f 5343 5342 5341
f 5345 5346 5347
f 5345 5344 5346
f 5345 5343 5344
f 5348 5347 5349
f 5348 5345 5347
f 5350 5349 5351
f 5350 5348 5349
f 5352 5353 5354
f 5355 5356 5357
f 5355 5352 5356
f 5355 5353 5352
f 5358 5359 5360
f 5361 5360 5359
f 5362 5363 5364
f 5362 5364 5365
f 5366 5365 5367
f 5366 5362 5365
f 5368 5367 5369
f 5368 5366 5367
f 5370 5369 5371
f 5370 5368 5369
f 5372 5371 5373
f 5372 5370 5371
f 5374 5373 5375
f 5374 5372 5373
f 5376 5375 5377
f 5376 5374 5375
f 5378 5379 5380
f 5381 5382 5383
f 5381 5383 5378
f 5384 5381 5378
f 5385 5384 5378
f 5386 5385 5378
f 5387 5386 5378
f 5388 5389 5390
f 5388 5390 5391
f 5388 5391 5392
f 5388 5392 5393
f 5388 5393 5394
f 5388 5394 5395
f 5388 5395 5396
f 5397 5380 5389
f 5397 5378 5380
f 5397 5387 5378
f 5398 5397 5389
f 5398 5389 5388
f 5399 5398 5388
f 5400 5398 5399
f 5401 5400 5399
f 5402 5401 5399
f 5403 5399 5404
f 5403 5404 5405
f 5406 5402 5399
f 5406 5399 5403

