# https://github.com/mikedh/trimesh
v -0.00664955 0.05157297 0.06769996
v -0.00664955 0.05157297 0.07269996
v 0.00000000 0.05199992 0.06769996
v 0.00000000 0.05199992 0.07269996
v 0.00000000 0.05199992 0.06769996
v 0.00000000 0.05199992 0.07269996
v 0.00664961 0.05157297 0.06769996
v 0.00664961 0.05157297 0.07269996
v 0.01319003 0.05029928 0.06769996
v 0.01319003 0.05029928 0.07269996
v 0.01951384 0.04819959 0.06769996
v 0.01951384 0.04819959 0.07269996
v 0.02551728 0.04530853 0.06769984
v 0.02551728 0.04530853 0.07269996
v 0.03110170 0.04167342 0.06769996
v 0.03110170 0.04167342 0.07269996
v 0.03617548 0.03735411 0.06769984
v 0.03617548 0.03735411 0.07269996
v 0.04065519 0.03242141 0.06769996
v 0.04065519 0.03242141 0.07269996
v 0.04446738 0.02695631 0.06769984
v 0.04446738 0.02695631 0.07270002
v 0.04754942 0.02104866 0.06769996
v 0.04754942 0.02104866 0.07269996
v 0.04985070 0.01479536 0.06769996
v 0.04985070 0.01479536 0.07269996
v 0.05133342 0.00829911 0.06769996
v 0.05133342 0.00829911 0.07269996
v 0.05197322 0.00166661 0.06769996
v 0.05197322 0.00166661 0.07269996
v 0.05175966 -0.00499320 0.06770002
v 0.05175966 -0.00499320 0.07269996
v 0.05069619 -0.01157110 0.06770002
v 0.05069619 -0.01157110 0.07269996
v 0.04880034 -0.01795899 0.06769996
v 0.04880034 -0.01795899 0.07269996
v 0.04610311 -0.02405202 0.06769996
v 0.04610311 -0.02405202 0.07269996
v 0.04264891 -0.02975004 0.06770002
v 0.04264891 -0.02975004 0.07269996
v 0.03849440 -0.03495967 0.06770002
v 0.03849440 -0.03495961 0.07269996
v 0.03370785 -0.03959518 0.06770002
v 0.03370785 -0.03959518 0.07269996
v 0.02836775 -0.04358059 0.06769996
v 0.02836775 -0.04358059 0.07269984
v 0.02256190 -0.04685038 0.06769996
v 0.02256190 -0.04685038 0.07269996
v 0.01638561 -0.04935091 0.06769996
v 0.01638561 -0.04935091 0.07269984
v 0.00994021 -0.05104106 0.06769996
v 0.00994021 -0.05104106 0.07269984
v 0.00333160 -0.05189317 0.06769996
v 0.00333160 -0.05189317 0.07269984
v -0.00333160 -0.05189317 0.06769996
v -0.00333160 -0.05189317 0.07269984
v -0.00994021 -0.05104106 0.06769996
v -0.00994021 -0.05104106 0.07269984
v -0.01638561 -0.04935091 0.06769996
v -0.01638561 -0.04935091 0.07269984
v -0.02256190 -0.04685038 0.06769996
v -0.02256190 -0.04685038 0.07269996
v -0.02836781 -0.04358059 0.06769996
v -0.02836781 -0.04358059 0.07269984
v -0.03370785 -0.03959518 0.06770002
v -0.03370785 -0.03959518 0.07269996
v -0.03849440 -0.03495967 0.06770002
v -0.03849440 -0.03495961 0.07269996
v -0.04264891 -0.02975004 0.06770002
v -0.04264891 -0.02975004 0.07269996
v -0.04610311 -0.02405202 0.06769996
v -0.04610311 -0.02405202 0.07269996
v -0.04880034 -0.01795899 0.06769996
v -0.04880034 -0.01795899 0.07269996
v -0.05069619 -0.01157110 0.06770002
v -0.05069619 -0.01157110 0.07269996
v -0.05175966 -0.00499320 0.06770002
v -0.05175966 -0.00499320 0.07269996
v -0.05197322 0.00166661 0.06769996
v -0.05197322 0.00166661 0.07269996
v -0.05133342 0.00829911 0.06769996
v -0.05133342 0.00829911 0.07269996
v -0.04985070 0.01479536 0.06769996
v -0.04985070 0.01479536 0.07269996
v -0.04754942 0.02104866 0.06769996
v -0.04754942 0.02104866 0.07269996
v -0.04446738 0.02695631 0.06769984
v -0.04446738 0.02695631 0.07270002
v -0.04065519 0.03242141 0.06769996
v -0.04065519 0.03242141 0.07269996
v -0.03617548 0.03735411 0.06769984
v -0.03617548 0.03735411 0.07269996
v -0.03110170 0.04167342 0.06769996
v -0.03110170 0.04167342 0.07269996
v -0.02551728 0.04530853 0.06769984
v -0.02551728 0.04530853 0.07269996
v -0.01951384 0.04819959 0.06769996
v -0.01951384 0.04819959 0.07269996
v -0.01319003 0.05029928 0.06769996
v -0.01319003 0.05029928 0.07269996
v 0.00711161 -0.05856978 0.06769996
v 0.00333160 -0.05189317 0.06769996
v 0.00000000 -0.05900001 0.06769996
v -0.00333160 -0.05189317 0.06769996
v -0.00711161 -0.05856978 0.06769996
v -0.00994021 -0.05104106 0.06769996
v -0.01411962 -0.05728554 0.06769996
v -0.01638561 -0.04935091 0.06769996
v -0.01411962 -0.05728554 0.06769996
v -0.01638561 -0.04935091 0.06769996
v -0.02092164 -0.05516594 0.06770002
v -0.02092164 -0.05516594 0.06770002
v -0.01638561 -0.04935091 0.06769996
v -0.02256190 -0.04685038 0.06769996
v -0.02741867 -0.05224186 0.06770002
v -0.02836781 -0.04358059 0.06769996
v -0.02741867 -0.05224186 0.06770002
v -0.02836781 -0.04358059 0.06769996
v -0.03351581 -0.04855602 0.06769996
v -0.03351581 -0.04855602 0.06769996
v -0.02836781 -0.04358059 0.06769996
v -0.03370785 -0.03959518 0.06770002
v -0.03351581 -0.04855602 0.06769996
v -0.03370785 -0.03959518 0.06770002
v -0.03912419 -0.04416215 0.06769996
v -0.03849440 -0.03495967 0.06770002
v -0.03912419 -0.04416215 0.06769996
v -0.03849440 -0.03495967 0.06770002
v -0.04416209 -0.03912425 0.06770002
v -0.04416209 -0.03912425 0.06770002
v -0.04264891 -0.02975004 0.06770002
v -0.04416209 -0.03912425 0.06770002
v -0.04264891 -0.02975004 0.06770002
v -0.04855602 -0.03351581 0.06769996
v -0.04610311 -0.02405202 0.06769996
v -0.04855602 -0.03351581 0.06769996
v -0.04610311 -0.02405202 0.06769996
v -0.05224186 -0.02741867 0.06770002
v -0.05516594 -0.02092170 0.06770002
v -0.04880034 -0.01795899 0.06769996
v -0.05728554 -0.01411962 0.06769996
v -0.05728554 -0.01411962 0.06769996
v -0.04880034 -0.01795899 0.06769996
v -0.05069619 -0.01157110 0.06770002
v -0.05856978 -0.00711167 0.06770002
v -0.05856978 -0.00711167 0.06770002
v -0.05069619 -0.01157110 0.06770002
v -0.05175966 -0.00499320 0.06770002
v -0.05899995 0.00000000 0.06770002
v -0.05899995 0.00000000 0.06770002
v -0.05175966 -0.00499320 0.06770002
v -0.05197322 0.00166661 0.06769996
v -0.05856978 0.00711161 0.06769996
v -0.05856978 0.00711161 0.06769996
v -0.05197322 0.00166661 0.06769996
v -0.05133342 0.00829911 0.06769996
v -0.05728554 0.01411956 0.06769996
v -0.04985070 0.01479536 0.06769996
v -0.05728554 0.01411956 0.06769996
v -0.04985070 0.01479536 0.06769996
v -0.05516594 0.02092164 0.06769984
v -0.05516594 0.02092164 0.06769984
v -0.04985070 0.01479536 0.06769996
v -0.04754942 0.02104866 0.06769996
v -0.05224186 0.02741861 0.06769984
v -0.05224186 0.02741861 0.06769984
v -0.04754942 0.02104866 0.06769996
v -0.04446738 0.02695631 0.06769984
v -0.05224186 0.02741861 0.06769984
v -0.04446738 0.02695631 0.06769984
v -0.04855602 0.03351575 0.06769996
v -0.04065519 0.03242141 0.06769996
v -0.04855602 0.03351575 0.06769996
v -0.04065519 0.03242141 0.06769996
v -0.04416209 0.03912419 0.06769984
v -0.03617548 0.03735411 0.06769984
v -0.04416209 0.03912419 0.06769984
v -0.03617548 0.03735411 0.06769984
v -0.03912419 0.04416209 0.06769996
v -0.03110170 0.04167342 0.06769996
v -0.03912419 0.04416209 0.06769996
v -0.03110170 0.04167342 0.06769996
v -0.03351581 0.04855597 0.06769984
v -0.02551728 0.04530853 0.06769984
v -0.03351581 0.04855597 0.06769984
v -0.02551728 0.04530853 0.06769984
v -0.02741861 0.05224186 0.06769984
v -0.02741861 0.05224186 0.06769984
v -0.02551728 0.04530853 0.06769984
v -0.01951384 0.04819959 0.06769996
v -0.02741861 0.05224186 0.06769984
v -0.01951384 0.04819959 0.06769996
v -0.02092164 0.05516588 0.06769984
v -0.01319003 0.05029928 0.06769996
v -0.02092164 0.05516588 0.06769984
v -0.01319003 0.05029928 0.06769996
v -0.01411962 0.05728548 0.06769996
v -0.01411962 0.05728548 0.06769996
v -0.01319003 0.05029928 0.06769996
v -0.00664955 0.05157297 0.06769996
v -0.01411962 0.05728548 0.06769996
v -0.00664955 0.05157297 0.06769996
v -0.00711161 0.05856972 0.06769984
v -0.00711161 0.05856972 0.06769984
v -0.00664955 0.05157297 0.06769996
v 0.00000000 0.05199992 0.06769996
v -0.00711161 0.05856972 0.06769984
v 0.00000000 0.05199992 0.06769996
v 0.00000000 0.05899995 0.06769996
v 0.00000000 0.05899995 0.06769996
v 0.00000000 0.05199992 0.06769996
v 0.00711161 0.05856972 0.06769984
v 0.00711161 0.05856972 0.06769984
v 0.00664961 0.05157297 0.06769996
v 0.00711161 0.05856972 0.06769984
v 0.00664961 0.05157297 0.06769996
v 0.01411962 0.05728548 0.06769996
v 0.01411962 0.05728548 0.06769996
v 0.00664961 0.05157297 0.06769996
v 0.01319003 0.05029928 0.06769996
v 0.01411962 0.05728548 0.06769996
v 0.01319003 0.05029928 0.06769996
v 0.02092164 0.05516588 0.06769984
v 0.02092164 0.05516588 0.06769984
v 0.01319003 0.05029928 0.06769996
v 0.01951384 0.04819959 0.06769996
v 0.02741867 0.05224180 0.06769984
v 0.02741867 0.05224180 0.06769984
v 0.01951384 0.04819959 0.06769996
v 0.02551728 0.04530853 0.06769984
v 0.02741867 0.05224180 0.06769984
v 0.02551728 0.04530853 0.06769984
v 0.03351581 0.04855597 0.06769984
v 0.03351581 0.04855597 0.06769984
v 0.02551728 0.04530853 0.06769984
v 0.03110170 0.04167342 0.06769996
v 0.03912419 0.04416203 0.06769996
v 0.03912419 0.04416203 0.06769996
v 0.03110170 0.04167342 0.06769996
v 0.03617548 0.03735411 0.06769984
v 0.04416209 0.03912419 0.06769984
v 0.04416209 0.03912419 0.06769984
v 0.03617548 0.03735411 0.06769984
v 0.04065519 0.03242141 0.06769996
v 0.04855602 0.03351575 0.06769996
v 0.04855602 0.03351575 0.06769996
v 0.04065519 0.03242141 0.06769996
v 0.04446738 0.02695631 0.06769984
v 0.05224186 0.02741861 0.06769984
v 0.05224186 0.02741861 0.06769984
v 0.04446738 0.02695631 0.06769984
v 0.04754942 0.02104866 0.06769996
v 0.05224186 0.02741861 0.06769984
v 0.04754942 0.02104866 0.06769996
v 0.05516594 0.02092164 0.06769984
v 0.04985070 0.01479536 0.06769996
v 0.05516594 0.02092164 0.06769984
v 0.04985070 0.01479536 0.06769996
v 0.05728554 0.01411956 0.06769996
v 0.05728554 0.01411956 0.06769996
v 0.04985070 0.01479536 0.06769996
v 0.05133342 0.00829911 0.06769996
v 0.05856978 0.00711161 0.06769996
v 0.05197322 0.00166661 0.06769996
v 0.05856978 0.00711161 0.06769996
v 0.05197322 0.00166661 0.06769996
v 0.05899995 0.00000000 0.06770002
v 0.05175966 -0.00499320 0.06770002
v 0.05899995 0.00000000 0.06770002
v 0.05175966 -0.00499320 0.06770002
v 0.05856978 -0.00711167 0.06770002
v 0.05069619 -0.01157110 0.06770002
v 0.05856978 -0.00711167 0.06770002
v 0.05069619 -0.01157110 0.06770002
v 0.05728554 -0.01411962 0.06769996
v 0.04880034 -0.01795899 0.06769996
v 0.05728554 -0.01411962 0.06769996
v 0.04880034 -0.01795899 0.06769996
v 0.05516594 -0.02092170 0.06770002
v 0.04610311 -0.02405202 0.06769996
v 0.05224186 -0.02741867 0.06770002
v 0.05224186 -0.02741867 0.06770002
v 0.04610311 -0.02405202 0.06769996
v 0.04855602 -0.03351581 0.06769996
v 0.04855602 -0.03351581 0.06769996
v 0.04610311 -0.02405202 0.06769996
v 0.04264891 -0.02975004 0.06770002
v 0.04416209 -0.03912425 0.06770002
v 0.04416209 -0.03912425 0.06770002
v 0.04264891 -0.02975004 0.06770002
v 0.03849440 -0.03495967 0.06770002
v 0.04416209 -0.03912425 0.06770002
v 0.03849440 -0.03495967 0.06770002
v 0.03912419 -0.04416215 0.06769996
v 0.03912419 -0.04416215 0.06769996
v 0.03370785 -0.03959518 0.06770002
v 0.03351581 -0.04855602 0.06769996
v 0.03351581 -0.04855602 0.06769996
v 0.03370785 -0.03959518 0.06770002
v 0.02836775 -0.04358059 0.06769996
v 0.03351581 -0.04855602 0.06769996
v 0.02836775 -0.04358059 0.06769996
v 0.02741861 -0.05224192 0.06770002
v 0.02741861 -0.05224192 0.06770002
v 0.02836775 -0.04358059 0.06769996
v 0.02256190 -0.04685038 0.06769996
v 0.02092164 -0.05516594 0.06770002
v 0.01638561 -0.04935091 0.06769996
v 0.02092164 -0.05516594 0.06770002
v 0.01411962 -0.05728554 0.06769996
v 0.01411962 -0.05728554 0.06769996
v 0.01638561 -0.04935091 0.06769996
v 0.00994021 -0.05104106 0.06769996
v -0.05899995 -0.06069999 0.00000000
v -0.05197322 -0.06069999 -0.00166666
v -0.05899995 -0.06069999 0.00250000
v -0.05175966 -0.06069999 0.00499308
v -0.05873167 -0.06069999 0.00811696
v -0.05069619 -0.06069999 0.01157099
v -0.05793160 -0.06069999 0.01367413
v -0.05660694 -0.06069999 0.01913172
v -0.04880034 -0.06069999 0.01795887
v -0.05476492 -0.06069999 0.02445018
v -0.04610311 -0.06069999 0.02405196
v -0.05242586 -0.06069999 0.02956473
v -0.04264891 -0.06069999 0.02975004
v -0.04961657 -0.06069999 0.03442382
v -0.04635912 -0.06069999 0.03899359
v -0.03849440 -0.06069999 0.03495961
v -0.04267555 -0.06069999 0.04324060
v -0.03370785 -0.06069999 0.03959506
v -0.03860294 -0.06069999 0.04711890
v -0.02836781 -0.06069999 0.04358053
v -0.03418236 -0.06069999 0.05058944
v -0.02944242 -0.06069999 0.05362856
v -0.02256190 -0.06069999 0.04685032
v -0.02443325 -0.06069999 0.05620312
v -0.01638561 -0.06069999 0.04935079
v -0.01919394 -0.06069999 0.05829054
v -0.01376777 -0.06069999 0.05987113
v -0.00994021 -0.06069999 0.05104100
v -0.00821573 -0.06069999 0.06092500
v -0.00333160 -0.06069999 0.05189305
v -0.00821573 -0.06069999 0.06092500
v -0.00333160 -0.06069999 0.05189305
v -0.00259024 -0.06069964 0.06144374
v -0.00259024 -0.06069964 0.06144374
v -0.00333160 -0.06069999 0.05189305
v -0.00101846 -0.06069999 0.06149184
v -0.00101846 -0.06069999 0.06149184
v 0.00000000 -0.06069999 0.06150072
v 0.00333160 -0.06069999 0.05189305
v 0.00101960 -0.06069999 0.06149184
v 0.00259024 -0.06069946 0.06144350
v 0.00259024 -0.06069946 0.06144350
v 0.00333160 -0.06069999 0.05189305
v 0.00821573 -0.06069999 0.06092500
v 0.00821573 -0.06069999 0.06092500
v 0.00994021 -0.06069999 0.05104100
v 0.01376777 -0.06069999 0.05987113
v 0.01638561 -0.06069999 0.04935079
v 0.01919394 -0.06069999 0.05829054
v 0.02443325 -0.06069999 0.05620312
v 0.02256190 -0.06069999 0.04685032
v 0.02944242 -0.06069999 0.05362856
v 0.02836775 -0.06069999 0.04358053
v 0.03418236 -0.06069999 0.05058944
v 0.03860294 -0.06069999 0.04711890
v 0.03370785 -0.06069999 0.03959506
v 0.04267555 -0.06069999 0.04324060
v 0.03849440 -0.06069999 0.03495961
v 0.04635912 -0.06069999 0.03899359
v 0.04264891 -0.06069999 0.02975004
v 0.04961657 -0.06069999 0.03442382
v 0.05242586 -0.06069999 0.02956473
v 0.04610311 -0.06069999 0.02405196
v 0.05476492 -0.06069999 0.02445018
v 0.04880034 -0.06069999 0.01795887
v 0.05660694 -0.06069999 0.01913172
v 0.05069625 -0.06069999 0.01157099
v 0.05793160 -0.06069999 0.01367413
v 0.05873167 -0.06069999 0.00811696
v 0.05175966 -0.06069999 0.00499308
v 0.05899995 -0.06069999 0.00250000
v 0.05197328 -0.06069999 -0.00166666
v 0.05899995 -0.06069999 0.00000000
v 0.05856978 -0.06069999 -0.00711173
v 0.05133342 -0.06069999 -0.00829923
v 0.05728554 -0.06069999 -0.01411962
v 0.04985070 -0.06069999 -0.01479542
v 0.05516594 -0.06069999 -0.02092170
v 0.04754942 -0.06069999 -0.02104872
v 0.05224186 -0.06069999 -0.02741867
v 0.04446738 -0.06069999 -0.02695637
v 0.04855602 -0.06069999 -0.03351593
v 0.04065519 -0.06069999 -0.03242146
v 0.04416209 -0.06069999 -0.03912419
v 0.03617548 -0.06069999 -0.03735411
v 0.03912419 -0.06069999 -0.04416209
v 0.03110170 -0.06069999 -0.04167354
v 0.03351581 -0.06069999 -0.04855602
v 0.02551728 -0.06069999 -0.04530858
v 0.02741861 -0.06069999 -0.05224186
v 0.01951384 -0.06069999 -0.04819965
v 0.02092164 -0.06069999 -0.05516600
v 0.01319003 -0.06069999 -0.05029928
v 0.01411962 -0.06069999 -0.05728548
v 0.00664955 -0.06069999 -0.05157309
v 0.00711161 -0.06069999 -0.05856984
v 0.00000000 -0.06069999 -0.05199998
v 0.00000000 -0.06069999 -0.05899995
v -0.00711161 -0.06069999 -0.05856984
v -0.00664955 -0.06069999 -0.05157309
v -0.01411962 -0.06069999 -0.05728548
v -0.01319003 -0.06069999 -0.05029928
v -0.02092164 -0.06069999 -0.05516600
v -0.01951384 -0.06069999 -0.04819965
v -0.02741861 -0.06069999 -0.05224186
v -0.02551728 -0.06069999 -0.04530858
v -0.03351581 -0.06069999 -0.04855602
v -0.03110170 -0.06069999 -0.04167354
v -0.03912419 -0.06069999 -0.04416209
v -0.03617548 -0.06069999 -0.03735411
v -0.04416209 -0.06069999 -0.03912419
v -0.04065519 -0.06069999 -0.03242146
v -0.04855602 -0.06069999 -0.03351593
v -0.04446738 -0.06069999 -0.02695637
v -0.05224186 -0.06069999 -0.02741867
v -0.04754942 -0.06069999 -0.02104872
v -0.05516594 -0.06069999 -0.02092170
v -0.04985070 -0.06069999 -0.01479542
v -0.05728554 -0.06069999 -0.01411962
v -0.05133342 -0.06069999 -0.00829923
v -0.05856978 -0.06069999 -0.00711173
v -0.00664955 -0.06569999 -0.05157315
v -0.00664955 -0.06069999 -0.05157309
v 0.00000000 -0.06569999 -0.05199998
v 0.00000000 -0.06069999 -0.05199998
v 0.00000000 -0.06569999 -0.05199998
v 0.00000000 -0.06069999 -0.05199998
v 0.00664955 -0.06569999 -0.05157315
v 0.00664955 -0.06069999 -0.05157309
v 0.01319003 -0.06569999 -0.05029934
v 0.01319003 -0.06069999 -0.05029928
v 0.01951384 -0.06569999 -0.04819971
v 0.01951384 -0.06069999 -0.04819965
v 0.02551728 -0.06569999 -0.04530858
v 0.02551728 -0.06069999 -0.04530858
v 0.03110170 -0.06569999 -0.04167354
v 0.03110170 -0.06069999 -0.04167354
v 0.03617548 -0.06569999 -0.03735417
v 0.03617548 -0.06069999 -0.03735411
v 0.04065519 -0.06569999 -0.03242146
v 0.04065519 -0.06069999 -0.03242146
v 0.04446738 -0.06569999 -0.02695637
v 0.04446738 -0.06069999 -0.02695637
v 0.04754942 -0.06569999 -0.02104872
v 0.04754942 -0.06069999 -0.02104872
v 0.04985070 -0.06569999 -0.01479542
v 0.04985070 -0.06069999 -0.01479542
v 0.05133342 -0.06569999 -0.00829917
v 0.05133342 -0.06069999 -0.00829923
v 0.05197328 -0.06569999 -0.00166666
v 0.05197328 -0.06069999 -0.00166666
v 0.05175966 -0.06569999 0.00499320
v 0.05175966 -0.06069999 0.00499308
v 0.05069625 -0.06569999 0.01157110
v 0.05069625 -0.06069999 0.01157099
v 0.04880034 -0.06569999 0.01795893
v 0.04880034 -0.06069999 0.01795887
v 0.04610311 -0.06569999 0.02405184
v 0.04610311 -0.06069999 0.02405196
v 0.04264891 -0.06569999 0.02974992
v 0.04264891 -0.06069999 0.02975004
v 0.03849440 -0.06569999 0.03495961
v 0.03849440 -0.06069999 0.03495961
v 0.03370785 -0.06569999 0.03959506
v 0.03370785 -0.06069999 0.03959506
v 0.02836775 -0.06569999 0.04358053
v 0.02836775 -0.06069999 0.04358053
v 0.02256190 -0.06569999 0.04685032
v 0.02256190 -0.06069999 0.04685032
v 0.01638561 -0.06569999 0.04935085
v 0.01638561 -0.06069999 0.04935079
v 0.00994021 -0.06569999 0.05104106
v 0.00994021 -0.06069999 0.05104100
v 0.00333160 -0.06569999 0.05189305
v 0.00333160 -0.06069999 0.05189305
v -0.00333160 -0.06569999 0.05189305
v -0.00333160 -0.06069999 0.05189305
v -0.00994021 -0.06569999 0.05104106
v -0.00994021 -0.06069999 0.05104100
v -0.01638561 -0.06569999 0.04935085
v -0.01638561 -0.06069999 0.04935079
v -0.02256190 -0.06569999 0.04685032
v -0.02256190 -0.06069999 0.04685032
v -0.02836781 -0.06569999 0.04358053
v -0.02836781 -0.06069999 0.04358053
v -0.03370785 -0.06569999 0.03959506
v -0.03370785 -0.06069999 0.03959506
v -0.03849440 -0.06569999 0.03495961
v -0.03849440 -0.06069999 0.03495961
v -0.04264891 -0.06569999 0.02974992
v -0.04264891 -0.06069999 0.02975004
v -0.04610311 -0.06569999 0.02405184
v -0.04610311 -0.06069999 0.02405196
v -0.04880034 -0.06569999 0.01795893
v -0.04880034 -0.06069999 0.01795887
v -0.05069619 -0.06569999 0.01157110
v -0.05069619 -0.06069999 0.01157099
v -0.05175966 -0.06569999 0.00499320
v -0.05175966 -0.06069999 0.00499308
v -0.05197322 -0.06569999 -0.00166666
v -0.05197322 -0.06069999 -0.00166666
v -0.05133342 -0.06569999 -0.00829917
v -0.05133342 -0.06069999 -0.00829923
v -0.04985070 -0.06569999 -0.01479542
v -0.04985070 -0.06069999 -0.01479542
v -0.04754942 -0.06569999 -0.02104872
v -0.04754942 -0.06069999 -0.02104872
v -0.04446738 -0.06569999 -0.02695637
v -0.04446738 -0.06069999 -0.02695637
v -0.04065519 -0.06569999 -0.03242146
v -0.04065519 -0.06069999 -0.03242146
v -0.03617548 -0.06569999 -0.03735417
v -0.03617548 -0.06069999 -0.03735411
v -0.03110170 -0.06569999 -0.04167354
v -0.03110170 -0.06069999 -0.04167354
v -0.02551728 -0.06569999 -0.04530858
v -0.02551728 -0.06069999 -0.04530858
v -0.01951384 -0.06569999 -0.04819971
v -0.01951384 -0.06069999 -0.04819965
v -0.01319003 -0.06569999 -0.05029934
v -0.01319003 -0.06069999 -0.05029928
v -0.05899971 0.00017605 0.00017601
v -0.05869889 0.00595266 0.00595266
v -0.05873233 -0.00561321 -0.00561333
v -0.05873233 -0.00561321 -0.00561333
v -0.05869889 0.00595266 0.00595266
v -0.05789828 -0.01134836 -0.01134836
v -0.05783385 0.01167213 0.01167219
v -0.05789828 -0.01134836 -0.01134836
v -0.05783385 0.01167213 0.01167219
v -0.05650556 -0.01697403 -0.01697403
v -0.05650556 -0.01697403 -0.01697403
v -0.05783385 0.01167213 0.01167219
v -0.05456763 -0.02243590 -0.02243590
v -0.05456763 -0.02243590 -0.02243590
v -0.05783385 0.01167213 0.01167219
v -0.05210322 -0.02768129 -0.02768123
v -0.05210322 -0.02768129 -0.02768123
v -0.05783385 0.01167213 0.01167219
v -0.04913598 -0.03265959 -0.03265964
v -0.04913598 -0.03265959 -0.03265964
v -0.04569470 -0.03732275 -0.03732275
v -0.04569470 -0.03732275 -0.03732275
v -0.05783385 0.01167213 0.01167219
v -0.04181253 -0.04162579 -0.04162585
v -0.04181253 -0.04162579 -0.04162585
v -0.03752690 -0.04552721 -0.04552721
v -0.03752690 -0.04552721 -0.04552721
v -0.03287917 -0.04898935 -0.04898935
v -0.02791422 -0.05197876 -0.05197882
v -0.02267992 -0.05446666 -0.05446666
v -0.02267992 -0.05446666 -0.05446666
v -0.01722675 -0.05642902 -0.05642908
v -0.01722675 -0.05642902 -0.05642908
v -0.01160740 -0.05784690 -0.05784690
v -0.01160740 -0.05784690 -0.05784690
v -0.00587606 -0.05870664 -0.05870664
v -0.00008804 -0.05899989 -0.05899989
v -0.05641293 0.01727938 0.01727938
v -0.00008804 -0.05899989 -0.05899989
v -0.05444973 0.02272051 0.02272045
v -0.05444973 0.02272051 0.02272045
v -0.05196309 0.02794325 0.02794331
v -0.00008804 -0.05899989 -0.05899989
v -0.05196309 0.02794325 0.02794331
v -0.04897701 0.03289741 0.03289747
v -0.04552018 0.03753536 0.03753542
v -0.04552018 0.03753536 0.03753542
v -0.04162579 0.04181253 0.04181253
v -0.03733128 0.04568773 0.04568773
v -0.03267788 0.04912376 0.04912370
v -0.03267788 0.04912376 0.04912370
v -0.02771043 0.05208766 0.05208760
v -0.02247661 0.05455082 0.05455082
v -0.01702672 0.05648964 0.05648970
v -0.01141315 0.05788546 0.05788546
v -0.00568986 0.05872493 0.05872493
v 0.00008804 0.05899983 0.05899989
v 0.00586510 0.05870765 0.05870771
v 0.01158583 0.05785119 0.05785113
v 0.01158583 0.05785119 0.05785113
v 0.01719522 0.05643862 0.05643862
v 0.01719522 0.05643862 0.05643862
v 0.02263927 0.05448353 0.05448347
v 0.02263927 0.05448353 0.05448347
v 0.02786576 0.05200469 0.05200475
v 0.03282433 0.04902607 0.04902607
v 0.03746742 0.04557609 0.04557615
v 0.04175037 0.04168808 0.04168814
v 0.04563200 0.03739935 0.03739941
v 0.04907500 0.03275114 0.03275114
v 0.04907500 0.03275114 0.03275114
v 0.05204629 0.02778810 0.02778816
v 0.05451726 0.02255791 0.02255797
v 0.05646425 0.01711094 0.01711094
v 0.05786842 0.01149946 0.01149952
v -0.00008804 -0.05899989 -0.05899989
v 0.05786842 0.01149946 0.01149952
v 0.05871641 0.00577748 0.00577742
v 0.05871641 0.00577748 0.00577742
v 0.05899995 0.00000000 0.00000000
v -0.00008804 -0.05899989 -0.05899989
v 0.05899995 0.00000000 0.00000000
v 0.00570083 -0.05872392 -0.05872392
v 0.00570083 -0.05872392 -0.05872392
v 0.01143473 -0.05788129 -0.05788129
v 0.01143473 -0.05788129 -0.05788129
v 0.05899995 0.00000000 0.00000000
v 0.01705831 -0.05648016 -0.05648028
v 0.01705831 -0.05648016 -0.05648028
v 0.02251726 -0.05453407 -0.05453413
v 0.02251726 -0.05453407 -0.05453413
v 0.02775901 -0.05206185 -0.05206179
v 0.02775901 -0.05206185 -0.05206179
v 0.03273284 -0.04908722 -0.04908728
v 0.03273284 -0.04908722 -0.04908728
v 0.03739088 -0.04563897 -0.04563903
v 0.03739088 -0.04563897 -0.04563903
v 0.04168814 -0.04175043 -0.04175043
v 0.04168814 -0.04175043 -0.04175043
v 0.05899995 0.00000000 0.00000000
v 0.04558312 -0.03745895 -0.03745889
v 0.04558312 -0.03745895 -0.03745889
v 0.05899995 0.00000000 0.00000000
v 0.04903835 -0.03280609 -0.03280615
v 0.04903835 -0.03280609 -0.03280615
v 0.05202037 -0.02783668 -0.02783668
v 0.05202037 -0.02783668 -0.02783668
v 0.05450046 -0.02259862 -0.02259868
v 0.05450046 -0.02259862 -0.02259868
v 0.05899995 0.00000000 0.00000000
v 0.05645465 -0.01714259 -0.01714259
v 0.05645465 -0.01714259 -0.01714259
v 0.05786412 -0.01152110 -0.01152110
v 0.05786412 -0.01152110 -0.01152110
v 0.05871534 -0.00578851 -0.00578845
v 0.05899995 0.00000000 0.00000000
v 0.05899995 -0.06069999 0.00000000
v 0.05871534 -0.00578851 -0.00578845
v 0.05856978 -0.06069999 -0.00711173
v 0.05786412 -0.01152110 -0.01152110
v 0.05728554 -0.06069999 -0.01411962
v 0.05645465 -0.01714259 -0.01714259
v 0.05516594 -0.06069999 -0.02092170
v 0.05450046 -0.02259862 -0.02259868
v 0.05224186 -0.06069999 -0.02741867
v 0.05202037 -0.02783668 -0.02783668
v 0.04903835 -0.03280609 -0.03280615
v 0.04855602 -0.06069999 -0.03351593
v 0.04558312 -0.03745895 -0.03745889
v 0.04416209 -0.06069999 -0.03912419
v 0.04168814 -0.04175043 -0.04175043
v 0.03912419 -0.06069999 -0.04416209
v 0.03739088 -0.04563897 -0.04563903
v 0.03351581 -0.06069999 -0.04855602
v 0.03273284 -0.04908722 -0.04908728
v 0.02741861 -0.06069999 -0.05224186
v 0.02775901 -0.05206185 -0.05206179
v 0.02251726 -0.05453407 -0.05453413
v 0.02092164 -0.06069999 -0.05516600
v 0.01705831 -0.05648016 -0.05648028
v 0.01411962 -0.06069999 -0.05728548
v 0.01143473 -0.05788129 -0.05788129
v 0.00711161 -0.06069999 -0.05856984
v 0.00570083 -0.05872392 -0.05872392
v 0.00000000 -0.06069999 -0.05899995
v -0.00008804 -0.05899989 -0.05899989
v -0.00587606 -0.05870664 -0.05870664
v -0.00711161 -0.06069999 -0.05856984
v -0.01160740 -0.05784690 -0.05784690
v -0.01411962 -0.06069999 -0.05728548
v -0.01722675 -0.05642902 -0.05642908
v -0.02092164 -0.06069999 -0.05516600
v -0.02267992 -0.05446666 -0.05446666
v -0.02741861 -0.06069999 -0.05224186
v -0.02791422 -0.05197876 -0.05197882
v -0.03351581 -0.06069999 -0.04855602
v -0.03287917 -0.04898935 -0.04898935
v -0.03752690 -0.04552721 -0.04552721
v -0.03912419 -0.06069999 -0.04416209
v -0.04181253 -0.04162579 -0.04162585
v -0.04416209 -0.06069999 -0.03912419
v -0.04569470 -0.03732275 -0.03732275
v -0.04855602 -0.06069999 -0.03351593
v -0.04913598 -0.03265959 -0.03265964
v -0.05224186 -0.06069999 -0.02741867
v -0.05210322 -0.02768129 -0.02768123
v -0.05456763 -0.02243590 -0.02243590
v -0.05516594 -0.06069999 -0.02092170
v -0.05650556 -0.01697403 -0.01697403
v -0.05728554 -0.06069999 -0.01411962
v -0.05789828 -0.01134836 -0.01134836
v -0.05856978 -0.06069999 -0.00711173
v -0.05873233 -0.00561321 -0.00561333
v -0.05899995 -0.06069999 0.00000000
v -0.05899995 -0.01999998 0.00000000
v -0.05899995 0.00000000 0.00017448
v -0.05899995 0.00005866 0.00017502
v -0.05899983 0.00011736 0.00017548
v -0.05899971 0.00017605 0.00017601
v -0.05899995 -0.06069999 0.00250000
v -0.05873167 -0.06069999 0.00811696
v -0.05899995 0.00000000 0.06319999
v -0.05872553 -0.00597250 0.06291729
v -0.05871570 -0.02028989 0.04869306
v -0.05796176 -0.01155394 0.06266611
v -0.05786645 -0.02457189 0.05013835
v -0.05666297 -0.01721578 0.06242471
v -0.05671018 -0.02813541 0.05134159
v -0.05516231 -0.03161472 0.05251652
v -0.05671018 -0.03998482 0.03949207
v -0.05516231 -0.04228758 0.04184371
v -0.05660694 -0.06069999 0.01913172
v -0.05476492 -0.06069999 0.02445018
v -0.05871570 -0.03479295 0.03418993
v -0.05793160 -0.06069999 0.01367413
v -0.05786645 -0.03762656 0.03708368
v -0.05323302 -0.04451864 0.04412215
v -0.05242586 -0.06069999 0.02956473
v -0.05093586 -0.04666280 0.04631167
v -0.04961657 -0.06069999 0.03442382
v -0.04828685 -0.04870510 0.04839748
v -0.04635912 -0.06069999 0.03899359
v -0.04530382 -0.05063146 0.05036467
v -0.04267555 -0.06069999 0.04324060
v -0.04200798 -0.05242866 0.05219995
v -0.03860294 -0.06069999 0.04711890
v -0.03842151 -0.05408406 0.05389058
v -0.03456968 -0.05558651 0.05542492
v -0.03456968 -0.05170398 0.05930739
v -0.03047889 -0.05372601 0.05999159
v -0.03215974 -0.05112928 0.06153523
v -0.02955108 -0.05275017 0.06151556
v -0.02617740 -0.05548703 0.06058758
v -0.02469390 -0.05529522 0.06148844
v -0.02169513 -0.05697512 0.06109130
v -0.01958483 -0.05738550 0.06146907
v -0.01752573 -0.05807363 0.06146311
v -0.02169513 -0.05907696 0.05898940
v -0.01706278 -0.05987465 0.05980402
v -0.01919394 -0.06069999 0.05829054
v -0.01376777 -0.06069999 0.05987113
v -0.03418236 -0.06069999 0.05058944
v -0.03047889 -0.05692541 0.05679219
v -0.02944242 -0.06069999 0.05362856
v -0.02617740 -0.05809152 0.05798316
v -0.02443325 -0.06069999 0.05620312
v -0.00821573 -0.06069999 0.06092500
v -0.01231259 -0.06047940 0.06042158
v -0.01465976 -0.05889314 0.06145650
v -0.01602357 -0.05852282 0.06145948
v -0.01706343 -0.05821651 0.06146198
v -0.00259024 -0.06069964 0.06144374
v -0.00554174 -0.06049507 0.06144469
v -0.00800735 -0.06020689 0.06144779
v -0.01112031 -0.05969208 0.06145060
v -0.03344327 -0.05025964 0.06154650
v -0.03450536 -0.04950135 0.06155669
v -0.03842151 -0.04943484 0.05853980
v -0.03870099 -0.04612755 0.06160670
v -0.04103463 -0.04394960 0.06164366
v -0.04200798 -0.04693448 0.05769419
v -0.04214411 -0.04282605 0.06166410
v -0.04293483 -0.04198706 0.06168001
v -0.04530382 -0.04421985 0.05677622
v -0.04615831 -0.03818547 0.06175959
v -0.04828685 -0.04131001 0.05579251
v -0.04929041 -0.03375828 0.06186789
v -0.05093586 -0.03822475 0.05474978
v -0.05226635 -0.02855592 0.06201738
v -0.05323302 -0.03498554 0.05365526
v -0.05372744 -0.02546280 0.06211781
v -0.05431419 -0.02407777 0.06216543
v -0.05495244 -0.02245259 0.06222361
v 0.05870622 -0.00617254 0.06290608
v 0.05892878 -0.00670362 0.05939131
v 0.05899995 0.00000000 0.06319999
v 0.05892878 -0.01051223 0.05558270
v 0.05892878 -0.01432079 0.05177408
v 0.05871570 -0.01303541 0.05594748
v 0.05871570 -0.01666164 0.05232131
v 0.05836135 -0.01554650 0.05631053
v 0.05836135 -0.01899123 0.05286580
v 0.05786645 -0.01803934 0.05667096
v 0.05786645 -0.02130383 0.05340641
v 0.05723184 -0.02050793 0.05702787
v 0.05723184 -0.02359396 0.05394178
v 0.05645936 -0.02294635 0.05738031
v 0.05645936 -0.02585613 0.05447053
v 0.05555105 -0.02534878 0.05772769
v 0.05555105 -0.02808487 0.05499148
v 0.05450898 -0.02770936 0.05806905
v 0.05450898 -0.03027480 0.05550342
v 0.05270010 -0.03115922 0.05856770
v 0.05270010 -0.03347533 0.05625158
v 0.05060595 -0.03448367 0.05904835
v 0.05060595 -0.03655946 0.05697256
v 0.04823756 -0.03766447 0.05950820
v 0.04823756 -0.03951030 0.05766230
v 0.04560750 -0.04068428 0.05994480
v 0.04560750 -0.04231184 0.05831712
v 0.04273056 -0.04352712 0.06035578
v 0.04273056 -0.04494917 0.05893367
v 0.03962194 -0.04617714 0.06073898
v 0.03962194 -0.04740768 0.05950832
v 0.03629857 -0.04862022 0.06109213
v 0.03629857 -0.04967415 0.06003820
v 0.03443747 -0.04955089 0.06155592
v 0.03277868 -0.05084323 0.06141352
v 0.03339070 -0.05029624 0.06154596
v 0.03215432 -0.05113315 0.06153506
v 0.05787807 -0.01200217 0.06264424
v 0.05836135 -0.01210182 0.05975520
v 0.05871570 -0.00940925 0.05957370
v 0.05659526 -0.01745384 0.06241583
v 0.05723184 -0.01742184 0.06011396
v 0.05786645 -0.01477485 0.05993545
v 0.05493736 -0.02249276 0.06222212
v 0.05555105 -0.02261263 0.06046384
v 0.05645936 -0.02003651 0.06029009
v 0.05450898 -0.02514386 0.06063443
v 0.05438053 -0.02391034 0.06217128
v 0.05370956 -0.02550274 0.06211596
v 0.05270010 -0.02884316 0.06088393
v 0.05229496 -0.02849894 0.06201803
v 0.05080026 -0.03127098 0.06193447
v 0.05060595 -0.03240787 0.06112414
v 0.04924941 -0.03382450 0.06186395
v 0.04823756 -0.03581857 0.06135410
v 0.04606944 -0.03830468 0.06175547
v 0.04560750 -0.03905671 0.06157231
v 0.04291105 -0.04201298 0.06167948
v 0.04211890 -0.04285222 0.06166362
v 0.04100185 -0.04398167 0.06164288
v 0.03877621 -0.04606044 0.06160742
v 0.03658127 -0.04791152 0.06157881
v 0.03277868 -0.05173647 0.06052029
v 0.02961325 -0.05271440 0.06151545
v 0.02936232 -0.05345302 0.06092160
v 0.02580976 -0.05497723 0.06127786
v 0.02936232 -0.05421251 0.06016206
v 0.02580976 -0.05561798 0.06063717
v 0.02936232 -0.05497199 0.05940258
v 0.02580976 -0.05625867 0.05999636
v 0.02936232 -0.05573147 0.05864310
v 0.02580976 -0.05689936 0.05935567
v 0.02936232 -0.05649095 0.05788367
v 0.02580976 -0.05754005 0.05871492
v 0.02936232 -0.05725038 0.05712413
v 0.02580976 -0.05818080 0.05807429
v 0.02936232 -0.05793464 0.05643993
v 0.02580976 -0.05875802 0.05749708
v 0.02936232 -0.05861884 0.05575573
v 0.02580976 -0.05933523 0.05691981
v 0.02936232 -0.05930310 0.05507147
v 0.02580976 -0.05991250 0.05634254
v 0.02936232 -0.05998736 0.05438727
v 0.02580976 -0.06048971 0.05576533
v 0.02936232 -0.06067156 0.05370306
v 0.02443325 -0.06069999 0.05620312
v 0.02944242 -0.06069999 0.05362856
v 0.02464342 -0.05531883 0.06148803
v 0.02213746 -0.05683946 0.06104999
v 0.01950687 -0.05741339 0.06146842
v 0.01836228 -0.05787098 0.06139868
v 0.01812428 -0.05788254 0.06146448
v 0.01742148 -0.05810642 0.06146270
v 0.01701670 -0.05823111 0.06146144
v 0.01836228 -0.05832129 0.06094837
v 0.02213746 -0.05737692 0.06051248
v 0.02213746 -0.05791443 0.05997502
v 0.01599341 -0.05853289 0.06145811
v 0.01464080 -0.05889958 0.06145495
v 0.01450192 -0.05908781 0.06130212
v 0.01106375 -0.05970299 0.06145048
v 0.01450192 -0.05946737 0.06092250
v 0.01057434 -0.05999827 0.06124645
v 0.01450192 -0.05984693 0.06054294
v 0.01057434 -0.06032383 0.06092089
v 0.01450192 -0.06022650 0.06016337
v 0.01057434 -0.06064939 0.06059527
v 0.01376777 -0.06069999 0.05987113
v 0.00821573 -0.06069999 0.06092500
v 0.00659758 -0.06065022 0.06117945
v 0.00798494 -0.06020963 0.06144744
v 0.00553221 -0.06049555 0.06144428
v 0.00259024 -0.06069946 0.06144350
v 0.01919394 -0.06069999 0.05829054
v 0.01836228 -0.06048369 0.05878597
v 0.01450192 -0.06056845 0.05982142
v 0.01836228 -0.06007796 0.05919170
v 0.01836228 -0.05967229 0.05959737
v 0.02213746 -0.05947363 0.05841571
v 0.02213746 -0.05898940 0.05890005
v 0.02213746 -0.06044214 0.05744731
v 0.02213746 -0.05995786 0.05793154
v 0.03277868 -0.06022632 0.05203044
v 0.03418236 -0.06069999 0.05058944
v 0.03629857 -0.05969130 0.05002105
v 0.03629857 -0.06064087 0.04907149
v 0.03962194 -0.06021201 0.04670399
v 0.03860294 -0.06069999 0.04711890
v 0.04267555 -0.06069999 0.04324060
v 0.04635912 -0.06069999 0.03899359
v 0.04560750 -0.05924785 0.04138118
v 0.04273056 -0.05974686 0.04413604
v 0.03962194 -0.05910336 0.04781270
v 0.03629857 -0.05874180 0.05097055
v 0.03277868 -0.05942153 0.05283510
v 0.03277868 -0.05861681 0.05363994
v 0.04961657 -0.06069999 0.03442382
v 0.04823756 -0.06038081 0.03679180
v 0.04823756 -0.05871778 0.03845489
v 0.04560750 -0.05778151 0.04284751
v 0.04273056 -0.05846565 0.04541724
v 0.04273056 -0.05718445 0.04669845
v 0.03962194 -0.05799478 0.04892122
v 0.03962194 -0.05688613 0.05002987
v 0.03629857 -0.05779230 0.05191999
v 0.03629857 -0.05684274 0.05286955
v 0.03277868 -0.05781209 0.05444473
v 0.03277868 -0.05700731 0.05524939
v 0.05242586 -0.06069999 0.02956473
v 0.05060595 -0.06002968 0.03350234
v 0.05270010 -0.05966264 0.03006428
v 0.05476492 -0.06069999 0.02445018
v 0.05450898 -0.05928176 0.02649652
v 0.05555105 -0.05902117 0.02405530
v 0.05450898 -0.05697041 0.02880793
v 0.05555105 -0.05655604 0.02652037
v 0.05450898 -0.05465906 0.03111928
v 0.05555105 -0.05409097 0.02898544
v 0.05450898 -0.05234771 0.03343057
v 0.05555105 -0.05162584 0.03145056
v 0.05450898 -0.05003631 0.03574192
v 0.05555105 -0.04916077 0.03391569
v 0.05450898 -0.04772496 0.03805333
v 0.05555105 -0.04669570 0.03638064
v 0.05450898 -0.04541361 0.04036468
v 0.05555105 -0.04423058 0.03884577
v 0.05450898 -0.04310226 0.04267597
v 0.05555105 -0.04176551 0.04131090
v 0.05450898 -0.04053676 0.04524153
v 0.05555105 -0.03902941 0.04404705
v 0.05450898 -0.03797131 0.04780697
v 0.05555105 -0.03629326 0.04678320
v 0.05450898 -0.03540581 0.05037254
v 0.05555105 -0.03355711 0.04951924
v 0.05450898 -0.03284031 0.05293798
v 0.05555105 -0.03082102 0.05225545
v 0.05660694 -0.06069999 0.01913172
v 0.05645936 -0.05875593 0.02157080
v 0.05645936 -0.05613434 0.02419233
v 0.05645936 -0.05351281 0.02681386
v 0.05645936 -0.05089128 0.02943539
v 0.05645936 -0.04826974 0.03205692
v 0.05645936 -0.04564815 0.03467851
v 0.05645936 -0.04302662 0.03730010
v 0.05645936 -0.04040503 0.03992164
v 0.05645936 -0.03749525 0.04283142
v 0.05645936 -0.03458547 0.04574114
v 0.05645936 -0.03167569 0.04865092
v 0.05645936 -0.02876591 0.05156081
v 0.05723184 -0.05848670 0.01904898
v 0.05793160 -0.06069999 0.01367413
v 0.05786645 -0.05821418 0.01649612
v 0.05836135 -0.05793899 0.01391804
v 0.05786645 -0.05527305 0.01943725
v 0.05836135 -0.05483549 0.01702153
v 0.05786645 -0.05233192 0.02237826
v 0.05836135 -0.05173200 0.02012503
v 0.05786645 -0.04939079 0.02531951
v 0.05836135 -0.04862856 0.02322852
v 0.05786645 -0.04644966 0.02826052
v 0.05836135 -0.04552507 0.02633196
v 0.05786645 -0.04350858 0.03120177
v 0.05836135 -0.04242157 0.02943539
v 0.05786645 -0.04056745 0.03414291
v 0.05836135 -0.03931814 0.03253883
v 0.05786645 -0.03762632 0.03708392
v 0.05836135 -0.03621470 0.03564226
v 0.05786645 -0.03436183 0.04034847
v 0.05836135 -0.03276997 0.03908705
v 0.05786645 -0.03109735 0.04361295
v 0.05836135 -0.02932530 0.04253172
v 0.05786645 -0.02783280 0.04687750
v 0.05836135 -0.02588057 0.04597645
v 0.05786645 -0.02456831 0.05014187
v 0.05836135 -0.02243590 0.04942119
v 0.05873167 -0.06069999 0.00811696
v 0.05871570 -0.05766171 0.01132124
v 0.05871570 -0.05439472 0.01458823
v 0.05871570 -0.05112773 0.01785528
v 0.05871570 -0.04786074 0.02112215
v 0.05871570 -0.04459369 0.02438914
v 0.05871570 -0.04132670 0.02765619
v 0.05871570 -0.03805971 0.03092318
v 0.05871570 -0.03479272 0.03419017
v 0.05871570 -0.03116649 0.03781652
v 0.05871570 -0.02754026 0.04144269
v 0.05871570 -0.02391403 0.04506886
v 0.05871570 -0.02028787 0.04869502
v 0.05892878 -0.05738317 0.00871181
v 0.05899995 -0.06069999 0.00250000
v 0.05892878 -0.05395185 0.01214307
v 0.05892878 -0.05052047 0.01557445
v 0.05892878 -0.03336381 0.03273105
v 0.05892878 -0.03679519 0.02929967
v 0.05892878 -0.04022651 0.02586835
v 0.05892878 -0.01812940 0.04796552
v 0.05892878 -0.02193802 0.04415690
v 0.05892878 -0.02574664 0.04034835
v 0.05892878 -0.04365783 0.02243709
v 0.05892878 -0.04708915 0.01900571
v 0.03629857 -0.05072808 0.05898422
v 0.03962194 -0.04863816 0.05827784
v 0.03962194 -0.04986870 0.05704730
v 0.04273056 -0.04779332 0.05608952
v 0.04273056 -0.04921543 0.05466747
v 0.04560750 -0.04719460 0.05343443
v 0.04560750 -0.04882216 0.05180692
v 0.04823756 -0.04689383 0.05027890
v 0.04823756 -0.04873967 0.04843294
v 0.05060595 -0.04693847 0.04659354
v 0.05060595 -0.04880863 0.04472339
v 0.05270010 -0.04714256 0.04258435
v 0.05270010 -0.04922926 0.04049772
v 0.03277868 -0.05262970 0.05962705
v 0.03277868 -0.05352294 0.05873370
v 0.03277868 -0.05441612 0.05784064
v 0.03277868 -0.05530935 0.05694735
v 0.03277868 -0.05620259 0.05605411
v 0.04273056 -0.04637128 0.05751162
v 0.04560750 -0.04393947 0.05668967
v 0.04823756 -0.04135620 0.05581647
v 0.05060595 -0.03863525 0.05489677
v 0.05270010 -0.03579145 0.05393552
v 0.05723184 -0.02667999 0.05085569
v 0.05723184 -0.02976608 0.04776966
v 0.05723184 -0.03285211 0.04468363
v 0.05723184 -0.03593820 0.04159754
v 0.05723184 -0.03902423 0.03851157
v 0.05723184 -0.04180461 0.03573107
v 0.05723184 -0.04458492 0.03295081
v 0.05723184 -0.04736530 0.03017044
v 0.05723184 -0.05014562 0.02739012
v 0.05723184 -0.05292600 0.02460974
v 0.05723184 -0.05570638 0.02182942
v 0.05892878 -0.02955526 0.03653967
v 0.03629857 -0.05178195 0.05793040
v 0.03962194 -0.05109924 0.05581676
v 0.04273056 -0.05063754 0.05324542
v 0.04560750 -0.05044972 0.05017936
v 0.04823756 -0.05040270 0.04676997
v 0.05060595 -0.05067878 0.04285323
v 0.05270010 -0.05131590 0.03841108
v 0.04560750 -0.04556703 0.05506199
v 0.04823756 -0.04320204 0.05397063
v 0.05060595 -0.04071104 0.05282092
v 0.05270010 -0.03810757 0.05161947
v 0.01836228 -0.05877161 0.06049799
v 0.01836228 -0.05922192 0.06004774
v 0.03629857 -0.05283588 0.05687642
v 0.03629857 -0.05388981 0.05582243
v 0.03629857 -0.05494374 0.05476862
v 0.03629857 -0.05589324 0.05381911
v 0.04823756 -0.04504793 0.05212467
v 0.05060595 -0.04278683 0.05074512
v 0.05270010 -0.04042369 0.04930323
v 0.02213746 -0.05845189 0.05943751
v 0.03962194 -0.05232971 0.05458629
v 0.04273056 -0.05205959 0.05182325
v 0.04560750 -0.05191612 0.04871296
v 0.04823756 -0.05206573 0.04510694
v 0.05060595 -0.05254894 0.04098308
v 0.05270010 -0.05340260 0.03632438
v 0.05060595 -0.04486262 0.04866933
v 0.05270010 -0.04273974 0.04698717
v 0.03962194 -0.05356025 0.05335575
v 0.03962194 -0.05466890 0.05224710
v 0.03962194 -0.05577749 0.05113852
v 0.05270010 -0.04505586 0.04467105
v 0.04273056 -0.05334079 0.05054205
v 0.04560750 -0.05338245 0.04724657
v 0.04823756 -0.05372875 0.04344397
v 0.05060595 -0.05441915 0.03911280
v 0.05270010 -0.05548930 0.03423762
v 0.04273056 -0.05462199 0.04926085
v 0.04273056 -0.05590325 0.04797965
v 0.04560750 -0.05484879 0.04578024
v 0.04823756 -0.05539178 0.04178088
v 0.05060595 -0.05628931 0.03724265
v 0.05270010 -0.05757594 0.03215092
v 0.04560750 -0.05631518 0.04431390
v 0.04823756 -0.05705475 0.04011785
v 0.05060595 -0.05815947 0.03537249
v -0.00554174 -0.06049507 0.06144469
v -0.00259024 -0.06069964 0.06144374
v -0.00590730 -0.05972224 0.06234025
v -0.00101846 -0.06069999 0.06149184
v -0.00000261 -0.06001949 0.06233936
v 0.00000000 -0.06069999 0.06150072
v 0.00393343 -0.05988818 0.06233972
v 0.00101960 -0.06069999 0.06149184
v 0.00259024 -0.06069946 0.06144350
v 0.00553221 -0.06049555 0.06144428
v 0.00798494 -0.06020963 0.06144744
v 0.00782537 -0.05949616 0.06234103
v 0.01167190 -0.05884742 0.06234323
v 0.00775659 -0.05894517 0.06338328
v 0.01157081 -0.05830931 0.06337988
v 0.00771612 -0.05860692 0.06451553
v 0.01151144 -0.05797874 0.06450426
v 0.01024895 -0.05810308 0.06565779
v 0.01149910 -0.05786854 0.06565046
v 0.01526439 -0.05710333 0.06448835
v 0.01710283 -0.05646669 0.06560617
v 0.01712489 -0.05657178 0.06447857
v 0.02261108 -0.05460560 0.06444269
v 0.02271819 -0.05489599 0.06336092
v 0.02795845 -0.05239278 0.06334751
v 0.02816921 -0.05281710 0.06236940
v 0.03314417 -0.04976141 0.06238734
v 0.03215432 -0.05113315 0.06153506
v 0.03339070 -0.05029624 0.06154596
v 0.01106375 -0.05970299 0.06145048
v 0.01464080 -0.05889958 0.06145495
v 0.01547271 -0.05794352 0.06234622
v 0.01599341 -0.05853289 0.06145811
v 0.01701670 -0.05823111 0.06146144
v 0.01742148 -0.05810642 0.06146270
v 0.01735568 -0.05739492 0.06234830
v 0.01534146 -0.05742323 0.06337457
v 0.01721018 -0.05688530 0.06337153
v 0.01812428 -0.05788254 0.06146448
v 0.01950687 -0.05741339 0.06146842
v 0.02290105 -0.05536705 0.06235688
v 0.02464342 -0.05531883 0.06148803
v 0.02961325 -0.05271440 0.06151545
v 0.03443747 -0.04955089 0.06155592
v 0.03658127 -0.04791152 0.06157881
v 0.03781586 -0.04620325 0.06241255
v 0.03877621 -0.04606044 0.06160742
v 0.04100185 -0.04398167 0.06164288
v 0.04210203 -0.04220753 0.06244695
v 0.04211890 -0.04285222 0.06166362
v 0.04291105 -0.04201298 0.06167948
v 0.04593974 -0.03784066 0.06249213
v 0.04606944 -0.03830468 0.06175547
v 0.04924941 -0.03382450 0.06186395
v 0.04933661 -0.03310424 0.06255060
v 0.05080026 -0.03127098 0.06193447
v 0.05225998 -0.02804404 0.06262433
v 0.05229496 -0.02849894 0.06201803
v 0.05370956 -0.02550274 0.06211596
v 0.05466467 -0.02275580 0.06271344
v 0.05438053 -0.02391034 0.06217128
v 0.05493736 -0.02249276 0.06222212
v 0.05654436 -0.01726782 0.06281691
v 0.05659526 -0.01745384 0.06241583
v 0.05787807 -0.01200217 0.06264424
v 0.05790048 -0.01160442 0.06293302
v 0.05870622 -0.00617254 0.06290608
v 0.05872291 -0.00582880 0.06306093
v 0.05899995 0.00000000 0.06319999
v 0.05899995 0.00000000 0.06319999
v 0.05872648 -0.00563848 0.06347501
v 0.05871003 -0.00581557 0.06334233
v 0.05785197 -0.01154983 0.06376516
v 0.05785304 -0.01157033 0.06348711
v 0.05644637 -0.01720267 0.06362891
v 0.05786991 -0.01158511 0.06320917
v 0.05648177 -0.01723068 0.06322062
v 0.05641680 -0.01725476 0.06404155
v 0.05450612 -0.02264648 0.06376200
v 0.05456382 -0.02269232 0.06323331
v 0.05449432 -0.02261334 0.06429272
v 0.05397200 -0.02383297 0.06434810
v 0.05203819 -0.02787512 0.06388455
v 0.05170309 -0.02842050 0.06455141
v 0.04905641 -0.03286176 0.06399780
v 0.04903459 -0.03281170 0.06473875
v 0.04773211 -0.03467959 0.06481605
v 0.04561316 -0.03751409 0.06409984
v 0.04486072 -0.03832215 0.06496226
v 0.04174506 -0.04179030 0.06419032
v 0.04171639 -0.04172217 0.06509387
v 0.04066127 -0.04275065 0.06513273
v 0.03744727 -0.04569244 0.06427031
v 0.03684091 -0.04608201 0.06525516
v 0.03278332 -0.04915904 0.06433904
v 0.03275388 -0.04907321 0.06536108
v 0.03274959 -0.04907608 0.06536114
v 0.02780562 -0.05203771 0.06546229
v 0.02783524 -0.05213022 0.06439626
v 0.03291624 -0.04939001 0.06333214
v 0.02258747 -0.05450505 0.06554359
v 0.00516242 -0.05877441 0.06567829
v 0.00387818 -0.05898624 0.06452220
v 0.00389862 -0.05932927 0.06338554
v 0.00000000 -0.05900001 0.06568527
v -0.00000257 -0.05911338 0.06452435
v -0.00000258 -0.05945795 0.06338614
v -0.00520444 -0.05877000 0.06567823
v -0.00582451 -0.05882573 0.06451934
v -0.00585514 -0.05916672 0.06338453
v -0.01156759 -0.05785489 0.06564998
v -0.01158303 -0.05796444 0.06450396
v -0.01164275 -0.05829483 0.06337970
v -0.01174443 -0.05883264 0.06234335
v -0.00800735 -0.06020689 0.06144779
v -0.01112031 -0.05969208 0.06145060
v -0.01465976 -0.05889314 0.06145650
v -0.01745551 -0.05736380 0.06234866
v -0.01602357 -0.05852282 0.06145948
v -0.01706343 -0.05821651 0.06146198
v -0.01752573 -0.05807363 0.06146311
v -0.01958483 -0.05738550 0.06146907
v -0.02295452 -0.05534434 0.06235700
v -0.02469390 -0.05529522 0.06148844
v -0.02821701 -0.05279016 0.06236928
v -0.02955108 -0.05275017 0.06151556
v -0.02992093 -0.05181771 0.06237471
v -0.03215974 -0.05112928 0.06153523
v -0.03323382 -0.04969990 0.06238776
v -0.03344327 -0.05025964 0.06154650
v -0.03637766 -0.04738074 0.06240367
v -0.03450536 -0.04950135 0.06155669
v -0.03870099 -0.04612755 0.06160670
v -0.03934442 -0.04487103 0.06242328
v -0.04103463 -0.04394960 0.06164366
v -0.04214411 -0.04282605 0.06166410
v -0.04213500 -0.04217356 0.06244724
v -0.04293483 -0.04198706 0.06168001
v -0.04599171 -0.03777134 0.06249296
v -0.04615831 -0.03818547 0.06175959
v -0.04929041 -0.03375828 0.06186789
v -0.04939436 -0.03301453 0.06255185
v -0.05226635 -0.02855592 0.06201738
v -0.05228996 -0.02798837 0.06262516
v -0.05372744 -0.02546280 0.06211781
v -0.05468589 -0.02270245 0.06271433
v -0.05431419 -0.02407777 0.06216543
v -0.05495244 -0.02245259 0.06222361
v -0.05657595 -0.01717257 0.06281912
v -0.05666297 -0.01721578 0.06242471
v -0.05792045 -0.01153373 0.06293845
v -0.05796176 -0.01155394 0.06266611
v -0.05872863 -0.00581121 0.06306391
v -0.05872553 -0.00597250 0.06291729
v -0.05899995 0.00000000 0.06319999
v -0.01625382 -0.05671691 0.06561446
v -0.01722371 -0.05654162 0.06447827
v -0.01730942 -0.05685478 0.06337171
v -0.02263647 -0.05448472 0.06554287
v -0.02266401 -0.05458354 0.06444233
v -0.02277129 -0.05487370 0.06336081
v -0.02785098 -0.05201268 0.06546115
v -0.02788257 -0.05210405 0.06439548
v -0.02800595 -0.05236625 0.06334716
v -0.02957546 -0.05115908 0.06437754
v -0.03283888 -0.04901641 0.06535911
v -0.03287267 -0.04909914 0.06433790
v -0.03600943 -0.04684048 0.06429326
v -0.03300565 -0.04932951 0.06333178
v -0.03614491 -0.04704827 0.06332057
v -0.03696823 -0.04598200 0.06525158
v -0.03897756 -0.04439258 0.06424403
v -0.03911238 -0.04457724 0.06330901
v -0.04174542 -0.04169315 0.06509274
v -0.04177820 -0.04175710 0.06418967
v -0.04190915 -0.04191863 0.06329703
v -0.04566580 -0.03744602 0.06409841
v -0.04602187 -0.03691858 0.06490659
v -0.04911518 -0.03277349 0.06399577
v -0.04909002 -0.03272867 0.06473529
v -0.05173456 -0.02836424 0.06454908
v -0.05206882 -0.02782016 0.06388324
v -0.05451399 -0.02256590 0.06429052
v -0.05452793 -0.02259367 0.06376075
v -0.05647099 -0.01708865 0.06403529
v -0.05647945 -0.01710867 0.06362789
v -0.05787086 -0.01148724 0.06376749
v -0.05787485 -0.01150023 0.06349045
v -0.05863356 -0.00656515 0.06352406
v -0.05871665 -0.00579733 0.06334483
v -0.05899995 0.00000000 0.06319999
v 0.05899995 0.00000000 0.06319999
v 0.05871450 -0.00582153 0.06320148
v 0.05899995 0.00000000 0.06319999
v -0.05899995 0.00000000 0.06319999
v -0.05872094 -0.00580406 0.06320422
v -0.05899995 0.00000000 0.06319999
v 0.05211907 -0.02794373 0.06324672
v 0.04915875 -0.03295820 0.06326228
v 0.04573279 -0.03764206 0.06327944
v 0.04187607 -0.04195219 0.06329715
v 0.03758281 -0.04588919 0.06331509
v -0.02970284 -0.05141103 0.06334227
v -0.04578518 -0.03757351 0.06327915
v -0.04921716 -0.03286939 0.06326198
v -0.05214947 -0.02788853 0.06324660
v -0.05458539 -0.02263933 0.06323313
v -0.05651450 -0.01713669 0.06322133
v -0.05789136 -0.01151579 0.06321364
v -0.05899995 -0.06069999 0.00000000
v -0.05899995 0.00000000 0.06319999
v -0.05899995 0.00000000 0.00017448
v 0.05899995 -0.06069999 0.00000000
v 0.05899995 -0.06069999 0.00250000
v -0.00711161 -0.05856978 0.06769996
v -0.00520444 -0.05877000 0.06567823
v 0.00000000 -0.05900001 0.06769996
v 0.00000000 -0.05900001 0.06769996
v 0.00000000 -0.05900001 0.06568527
v 0.00516242 -0.05877441 0.06567829
v -0.01156759 -0.05785489 0.06564998
v -0.01411962 -0.05728554 0.06769996
v -0.01625382 -0.05671691 0.06561446
v -0.02092164 -0.05516594 0.06770002
v -0.02741867 -0.05224186 0.06770002
v -0.02785098 -0.05201268 0.06546115
v -0.03283888 -0.04901641 0.06535911
v -0.03351581 -0.04855602 0.06769996
v -0.03696823 -0.04598200 0.06525158
v -0.03912419 -0.04416215 0.06769996
v -0.04174542 -0.04169315 0.06509274
v -0.04416209 -0.03912425 0.06770002
v -0.04602187 -0.03691858 0.06490659
v -0.04855602 -0.03351581 0.06769996
v -0.04909002 -0.03272867 0.06473529
v -0.05173456 -0.02836424 0.06454908
v -0.05224186 -0.02741867 0.06770002
v -0.05451399 -0.02256590 0.06429052
v -0.05516594 -0.02092170 0.06770002
v -0.05647099 -0.01708865 0.06403529
v -0.05728554 -0.01411962 0.06769996
v -0.05787086 -0.01148724 0.06376749
v -0.05856978 -0.00711167 0.06770002
v -0.05863356 -0.00656515 0.06352406
v -0.05899995 0.00000000 0.06770002
v -0.05899995 0.00000000 0.06319999
v -0.05899995 0.00000000 0.06770002
v -0.05899995 0.00005866 0.00017502
v -0.05899995 0.00000000 0.06319999
v -0.05899995 0.00005866 0.00017502
v -0.05899995 0.00000000 0.00017448
v -0.05856978 0.00711161 0.06769996
v -0.05869889 0.00595266 0.00595266
v -0.05899995 0.00000000 0.06770002
v -0.05899971 0.00017605 0.00017601
v -0.05899983 0.00011736 0.00017548
v -0.05783385 0.01167213 0.01167219
v -0.05728554 0.01411956 0.06769996
v -0.05641293 0.01727938 0.01727938
v -0.05516594 0.02092164 0.06769984
v -0.05444973 0.02272051 0.02272045
v -0.05224186 0.02741861 0.06769984
v -0.05196309 0.02794325 0.02794331
v -0.04897701 0.03289741 0.03289747
v -0.04855602 0.03351575 0.06769996
v -0.04552018 0.03753536 0.03753542
v -0.04416209 0.03912419 0.06769984
v -0.04162579 0.04181253 0.04181253
v -0.03912419 0.04416209 0.06769996
v -0.03733128 0.04568773 0.04568773
v -0.03351581 0.04855597 0.06769984
v -0.03267788 0.04912376 0.04912370
v -0.02741861 0.05224186 0.06769984
v -0.02771043 0.05208766 0.05208760
v -0.02247661 0.05455082 0.05455082
v -0.02092164 0.05516588 0.06769984
v -0.01702672 0.05648964 0.05648970
v -0.01411962 0.05728548 0.06769996
v -0.01141315 0.05788546 0.05788546
v -0.00711161 0.05856972 0.06769984
v -0.00568986 0.05872493 0.05872493
v 0.00000000 0.05899995 0.06769996
v 0.00008804 0.05899983 0.05899989
v 0.00586510 0.05870765 0.05870771
v 0.00711161 0.05856972 0.06769984
v 0.01158583 0.05785119 0.05785113
v 0.01411962 0.05728548 0.06769996
v 0.01719522 0.05643862 0.05643862
v 0.02092164 0.05516588 0.06769984
v 0.02263927 0.05448353 0.05448347
v 0.02741867 0.05224180 0.06769984
v 0.02786576 0.05200469 0.05200475
v 0.03282433 0.04902607 0.04902607
v 0.03351581 0.04855597 0.06769984
v 0.03746742 0.04557609 0.04557615
v 0.03912419 0.04416203 0.06769996
v 0.04175037 0.04168808 0.04168814
v 0.04416209 0.03912419 0.06769984
v 0.04563200 0.03739935 0.03739941
v 0.04855602 0.03351575 0.06769996
v 0.04907500 0.03275114 0.03275114
v 0.05224186 0.02741861 0.06769984
v 0.05204629 0.02778810 0.02778816
v 0.05451726 0.02255791 0.02255797
v 0.05516594 0.02092164 0.06769984
v 0.05646425 0.01711094 0.01711094
v 0.05728554 0.01411956 0.06769996
v 0.05786842 0.01149946 0.01149952
v 0.05856978 0.00711161 0.06769996
v 0.05871641 0.00577748 0.00577742
v 0.05899995 0.00000000 0.06319999
v 0.05899995 0.00000000 0.06770002
v 0.05872648 -0.00563848 0.06347501
v 0.05856978 -0.00711167 0.06770002
v 0.05785197 -0.01154983 0.06376516
v 0.05728554 -0.01411962 0.06769996
v 0.05641680 -0.01725476 0.06404155
v 0.05516594 -0.02092170 0.06770002
v 0.05397200 -0.02383297 0.06434810
v 0.05224186 -0.02741867 0.06770002
v 0.05170309 -0.02842050 0.06455141
v 0.04855602 -0.03351581 0.06769996
v 0.04773211 -0.03467959 0.06481605
v 0.04416209 -0.03912425 0.06770002
v 0.04486072 -0.03832215 0.06496226
v 0.04171639 -0.04172217 0.06509387
v 0.03912419 -0.04416215 0.06769996
v 0.04066127 -0.04275065 0.06513273
v 0.03684091 -0.04608201 0.06525516
v 0.03351581 -0.04855602 0.06769996
v 0.03275388 -0.04907321 0.06536108
v 0.03274959 -0.04907608 0.06536114
v 0.02741861 -0.05224192 0.06770002
v 0.02780562 -0.05203771 0.06546229
v 0.02258747 -0.05450505 0.06554359
v 0.02092164 -0.05516594 0.06770002
v 0.01710283 -0.05646669 0.06560617
v 0.01411962 -0.05728554 0.06769996
v 0.01024895 -0.05810308 0.06565779
v 0.00711161 -0.05856978 0.06769996
v -0.05899995 0.00005866 0.00017502
v 0.00664961 0.05157297 0.07269996
v 0.00000000 0.05199992 0.07269996
v -0.01638561 -0.04935091 0.07269984
v -0.00664955 0.05157297 0.07269996
v -0.01319003 0.05029928 0.07269996
v -0.01951384 0.04819959 0.07269996
v -0.02256190 -0.04685038 0.07269996
v -0.02256190 -0.04685038 0.07269996
v -0.02551728 0.04530853 0.07269996
v -0.02256190 -0.04685038 0.07269996
v -0.02551728 0.04530853 0.07269996
v -0.02836781 -0.04358059 0.07269984
v -0.02836781 -0.04358059 0.07269984
v -0.03110170 0.04167342 0.07269996
v -0.03370785 -0.03959518 0.07269996
v -0.03370785 -0.03959518 0.07269996
v -0.03617548 0.03735411 0.07269996
v -0.03849440 -0.03495961 0.07269996
v -0.04065519 0.03242141 0.07269996
v -0.04264891 -0.02975004 0.07269996
v -0.04264891 -0.02975004 0.07269996
v -0.04065519 0.03242141 0.07269996
v -0.04446738 0.02695631 0.07270002
v -0.04446738 0.02695631 0.07270002
v -0.04610311 -0.02405202 0.07269996
v -0.04610311 -0.02405202 0.07269996
v -0.04446738 0.02695631 0.07270002
v -0.04754942 0.02104866 0.07269996
v -0.04754942 0.02104866 0.07269996
v -0.04880034 -0.01795899 0.07269996
v -0.04985070 0.01479536 0.07269996
v -0.05069619 -0.01157110 0.07269996
v -0.05133342 0.00829911 0.07269996
v -0.05175966 -0.00499320 0.07269996
v -0.05197322 0.00166661 0.07269996
v -0.00994021 -0.05104106 0.07269984
v 0.01638561 -0.04935091 0.07269984
v -0.01638561 -0.04935091 0.07269984
v 0.01638561 -0.04935091 0.07269984
v 0.02256190 -0.04685038 0.07269996
v -0.01638561 -0.04935091 0.07269984
v 0.02256190 -0.04685038 0.07269996
v 0.02836775 -0.04358059 0.07269984
v 0.00994021 -0.05104106 0.07269984
v -0.00333160 -0.05189317 0.07269984
v 0.00333160 -0.05189317 0.07269984
v 0.02836775 -0.04358059 0.07269984
v 0.03370785 -0.03959518 0.07269996
v 0.03370785 -0.03959518 0.07269996
v 0.03849440 -0.03495961 0.07269996
v 0.04264891 -0.02975004 0.07269996
v 0.04610311 -0.02405202 0.07269996
v 0.04880034 -0.01795899 0.07269996
v 0.05069619 -0.01157110 0.07269996
v 0.05175966 -0.00499320 0.07269996
v 0.05197322 0.00166661 0.07269996
v 0.05133342 0.00829911 0.07269996
v 0.04985070 0.01479536 0.07269996
v 0.04754942 0.02104866 0.07269996
v -0.01638561 -0.04935091 0.07269984
v 0.04754942 0.02104866 0.07269996
v 0.04446738 0.02695631 0.07270002
v 0.04446738 0.02695631 0.07270002
v 0.04065519 0.03242141 0.07269996
v -0.01638561 -0.04935091 0.07269984
v 0.04065519 0.03242141 0.07269996
v 0.03617548 0.03735411 0.07269996
v 0.03110170 0.04167342 0.07269996
v 0.02551728 0.04530853 0.07269996
v 0.01951384 0.04819959 0.07269996
v 0.01319003 0.05029928 0.07269996
v -0.00664955 -0.06569999 -0.05157315
v 0.00000000 -0.06569999 -0.05199998
v -0.01638561 -0.06569999 0.04935085
v 0.00664955 -0.06569999 -0.05157315
v 0.01319003 -0.06569999 -0.05029934
v 0.01951384 -0.06569999 -0.04819971
v 0.02551728 -0.06569999 -0.04530858
v 0.03110170 -0.06569999 -0.04167354
v 0.03617548 -0.06569999 -0.03735417
v 0.04065519 -0.06569999 -0.03242146
v 0.04446738 -0.06569999 -0.02695637
v 0.04754942 -0.06569999 -0.02104872
v 0.04985070 -0.06569999 -0.01479542
v 0.05133342 -0.06569999 -0.00829917
v 0.05197328 -0.06569999 -0.00166666
v 0.05175966 -0.06569999 0.00499320
v 0.05069625 -0.06569999 0.01157110
v 0.04880034 -0.06569999 0.01795893
v 0.04610311 -0.06569999 0.02405184
v 0.04264891 -0.06569999 0.02974992
v 0.03849440 -0.06569999 0.03495961
v 0.03370785 -0.06569999 0.03959506
v 0.02836775 -0.06569999 0.04358053
v 0.02836775 -0.06569999 0.04358053
v 0.02256190 -0.06569999 0.04685032
v 0.02256190 -0.06569999 0.04685032
v 0.01638561 -0.06569999 0.04935085
v 0.01638561 -0.06569999 0.04935085
v -0.00994021 -0.06569999 0.05104106
v -0.00994021 -0.06569999 0.05104106
v 0.00994021 -0.06569999 0.05104106
v 0.00994021 -0.06569999 0.05104106
v -0.00333160 -0.06569999 0.05189305
v -0.00333160 -0.06569999 0.05189305
v 0.00333160 -0.06569999 0.05189305
v -0.02256190 -0.06569999 0.04685032
v -0.01951384 -0.06569999 -0.04819971
v -0.01319003 -0.06569999 -0.05029934
v -0.02551728 -0.06569999 -0.04530858
v -0.02836781 -0.06569999 0.04358053
v -0.03110170 -0.06569999 -0.04167354
v -0.03370785 -0.06569999 0.03959506
v -0.03617548 -0.06569999 -0.03735417
v -0.03849440 -0.06569999 0.03495961
v -0.04065519 -0.06569999 -0.03242146
v -0.04264891 -0.06569999 0.02974992
v -0.04446738 -0.06569999 -0.02695637
v -0.04610311 -0.06569999 0.02405184
v -0.04754942 -0.06569999 -0.02104872
v -0.04880034 -0.06569999 0.01795893
v -0.04985070 -0.06569999 -0.01479542
v -0.05069619 -0.06569999 0.01157110
v -0.05133342 -0.06569999 -0.00829917
v -0.05175966 -0.06569999 0.00499320
v -0.05197322 -0.06569999 -0.00166666
v 0.03941470 -0.05380004 0.52439982
v 0.03948330 -0.05380004 0.52260661
v 0.03937220 -0.04900002 0.52439988
v 0.03952527 -0.04900068 0.52039993
v 0.03948330 -0.05380004 0.52260661
v 0.03948336 -0.05380004 0.52039993
v 0.03952527 -0.04900068 0.52039993
v 0.03898674 -0.05380004 0.51584488
v 0.03929805 -0.04929012 0.51774031
v 0.03948336 -0.05380004 0.52039993
v 0.03938579 -0.04916739 0.51854062
v 0.03952527 -0.04900068 0.52039993
v 0.03796648 -0.05380004 0.51137787
v 0.03845119 -0.05000591 0.51306927
v 0.03864133 -0.04991018 0.51388711
v 0.03872460 -0.04986476 0.51427227
v 0.03735679 -0.05043083 0.50937212
v 0.03643620 -0.05380004 0.50705910
v 0.03599500 -0.05080890 0.50598770
v 0.03441649 -0.05380004 0.50294632
v 0.03425902 -0.05117154 0.50262457
v 0.03223001 -0.05149775 0.49947071
v 0.03193444 -0.05380004 0.49909481
v 0.03048896 -0.05172353 0.49720490
v 0.02902346 -0.05380004 0.49555641
v 0.02741664 -0.05203872 0.49389580
v 0.02572262 -0.05380004 0.49237850
v 0.02439117 -0.05227452 0.49127039
v 0.02207624 -0.05380004 0.48960391
v 0.02134275 -0.05245840 0.48910800
v 0.01813328 -0.05380004 0.48726979
v 0.01827871 -0.05260133 0.48733380
v 0.01500594 -0.05271714 0.48581421
v 0.01394677 -0.05380004 0.48540771
v 0.01212644 -0.05279320 0.48476249
v 0.00957292 -0.05380004 0.48404250
v 0.01045703 -0.05282765 0.48426521
v 0.00746947 -0.05287420 0.48356959
v 0.00507051 -0.05380004 0.48319229
v 0.00407302 -0.05290651 0.48306850
v 0.00049998 -0.05380004 0.48286900
v 0.00049998 -0.05291932 0.48286131
v 0.03879791 -0.04982203 0.51462787
v 0.03883892 -0.04979544 0.51483423
v 0.03897911 -0.04967534 0.51558721
v 0.03915858 -0.04947578 0.51669681
v 0.00049998 -0.05380004 0.48286900
v 0.00049998 -0.05380004 0.48289990
v 0.00049998 -0.05291932 0.48286131
v 0.00049998 -0.05110001 0.48289990
v 0.00049998 -0.05291932 0.48286131
v 0.00049998 -0.05110001 0.48289990
v 0.00049998 -0.05230951 0.48283741
v 0.00049998 -0.05230951 0.48283741
v 0.00049998 -0.05170232 0.48277631
v 0.00049998 -0.05110001 0.48267829
v -0.00050002 -0.05380004 0.48286900
v -0.00050002 -0.05291926 0.48286131
v -0.00050002 -0.05380004 0.48289990
v -0.00050002 -0.05110001 0.48289990
v -0.00050002 -0.05110001 0.48289990
v -0.00050002 -0.05291926 0.48286131
v -0.00050001 -0.05230951 0.48283741
v -0.00050001 -0.05230951 0.48283741
v -0.00050001 -0.05170232 0.48277631
v -0.00050002 -0.05110001 0.48267829
v -0.00050002 -0.05291926 0.48286131
v -0.00050002 -0.05380004 0.48286900
v -0.00359482 -0.05290871 0.48302189
v -0.00507051 -0.05380004 0.48319229
v -0.00554311 -0.05289369 0.48324841
v -0.00957298 -0.05380004 0.48404250
v -0.00924420 -0.05284565 0.48395339
v -0.01289659 -0.05277037 0.48501909
v -0.01394683 -0.05380004 0.48540771
v -0.01562237 -0.05269283 0.48607299
v -0.01813334 -0.05380004 0.48726979
v -0.01971793 -0.05253487 0.48812139
v -0.02207624 -0.05380004 0.48960391
v -0.02200299 -0.05241984 0.48954019
v -0.02482932 -0.05224335 0.49161810
v -0.02572262 -0.05380004 0.49237850
v -0.02741128 -0.05203926 0.49389070
v -0.02902346 -0.05380004 0.49555641
v -0.02940517 -0.05184525 0.49594969
v -0.03193449 -0.05380004 0.49909481
v -0.03222715 -0.05149817 0.49946651
v -0.03441649 -0.05380004 0.50294632
v -0.03425705 -0.05117189 0.50262111
v -0.03599387 -0.05080920 0.50598520
v -0.03643625 -0.05380004 0.50705910
v -0.03735607 -0.05043113 0.50936967
v -0.03796648 -0.05380004 0.51137787
v -0.03845030 -0.05000633 0.51306552
v -0.03864127 -0.04991036 0.51388651
v -0.03898680 -0.05380004 0.51584488
v -0.03872442 -0.04986500 0.51427120
v -0.03879791 -0.04982209 0.51462758
v -0.03883886 -0.04979550 0.51483381
v -0.03897911 -0.04967534 0.51558721
v -0.03915840 -0.04947608 0.51669532
v -0.03940802 -0.04914522 0.51877213
v -0.03948342 -0.05380004 0.52039993
v -0.03952533 -0.04900068 0.52039993
v -0.03948342 -0.05380004 0.52039993
v -0.03948336 -0.05380004 0.52260661
v -0.03952533 -0.04900068 0.52039993
v 0.03941470 -0.05380004 0.52439982
v 0.00015449 -0.05380004 0.48337540
v 0.03948330 -0.05380004 0.52260661
v 0.03898674 -0.05380004 0.51584488
v 0.03948336 -0.05380004 0.52039993
v 0.00049998 -0.05380004 0.56139970
v 0.03905034 -0.05380004 0.52809012
v 0.03834247 -0.05380004 0.53172243
v 0.03729665 -0.05380004 0.53527242
v 0.03591853 -0.05380004 0.53871620
v 0.03421980 -0.05380004 0.54201913
v 0.03222244 -0.05380004 0.54514039
v 0.02994084 -0.05380004 0.54806000
v 0.02738922 -0.05380004 0.55075783
v 0.02459079 -0.05380004 0.55320758
v 0.02157187 -0.05380004 0.55538452
v 0.00049998 -0.05380004 0.56139970
v 0.02157187 -0.05380004 0.55538452
v 0.01836442 -0.05380004 0.55726588
v 0.01836442 -0.05380004 0.55726588
v 0.01500040 -0.05380004 0.55883592
v 0.01150429 -0.05380004 0.56008381
v 0.00790071 -0.05380004 0.56099951
v 0.00790071 -0.05380004 0.56099951
v 0.00422037 -0.05380004 0.56157237
v 0.00049998 -0.05380004 0.56139970
v 0.00422037 -0.05380004 0.56157237
v 0.00049998 -0.05380004 0.56179613
v -0.00015452 -0.05380004 0.48337540
v -0.00050002 -0.05380004 0.56139970
v -0.03441649 -0.05380004 0.50294632
v -0.03941470 -0.05380004 0.52440012
v -0.03948336 -0.05380004 0.52260661
v -0.00050002 -0.05380004 0.56179613
v -0.00422043 -0.05380004 0.56157237
v -0.00050002 -0.05380004 0.56139970
v -0.00422043 -0.05380004 0.56157237
v -0.00790071 -0.05380004 0.56099951
v -0.01150429 -0.05380004 0.56008381
v -0.01150429 -0.05380004 0.56008381
v -0.01500040 -0.05380004 0.55883592
v -0.00050002 -0.05380004 0.56139970
v -0.01500040 -0.05380004 0.55883592
v -0.01836442 -0.05380004 0.55726588
v -0.02157187 -0.05380004 0.55538452
v -0.02157187 -0.05380004 0.55538452
v -0.02459073 -0.05380004 0.55320758
v -0.02459073 -0.05380004 0.55320758
v -0.02738922 -0.05380004 0.55075800
v -0.02994078 -0.05380004 0.54806018
v -0.03222239 -0.05380004 0.54514062
v -0.03421974 -0.05380004 0.54201931
v -0.03591847 -0.05380004 0.53871638
v -0.03729665 -0.05380004 0.53527260
v -0.03834247 -0.05380004 0.53172261
v -0.03905034 -0.05380004 0.52809042
v -0.03948342 -0.05380004 0.52039993
v -0.03796648 -0.05380004 0.51137787
v -0.03643625 -0.05380004 0.50705910
v -0.03948342 -0.05380004 0.52039993
v -0.03898680 -0.05380004 0.51584488
v -0.03796648 -0.05380004 0.51137787
v -0.03193449 -0.05380004 0.49909481
v -0.02902346 -0.05380004 0.49555641
v -0.02572262 -0.05380004 0.49237850
v -0.02207624 -0.05380004 0.48960391
v -0.01813334 -0.05380004 0.48726979
v -0.01394683 -0.05380004 0.48540771
v -0.00957298 -0.05380004 0.48404250
v -0.00015452 -0.05380004 0.48337540
v -0.00957298 -0.05380004 0.48404250
v -0.00507051 -0.05380004 0.48319229
v -0.00507051 -0.05380004 0.48319229
v -0.00040452 -0.05380004 0.48319381
v -0.00050002 -0.05380004 0.48289990
v -0.00050002 -0.05380004 0.48286900
v 0.00040449 -0.05380004 0.48319381
v 0.00507051 -0.05380004 0.48319229
v 0.00015449 -0.05380004 0.48337540
v 0.00507051 -0.05380004 0.48319229
v 0.00957292 -0.05380004 0.48404250
v 0.00957292 -0.05380004 0.48404250
v 0.01394677 -0.05380004 0.48540771
v 0.00049998 -0.05380004 0.48289990
v 0.00049998 -0.05380004 0.48286900
v 0.01394677 -0.05380004 0.48540771
v 0.01813328 -0.05380004 0.48726979
v 0.00015449 -0.05380004 0.48337540
v 0.01813328 -0.05380004 0.48726979
v 0.02207624 -0.05380004 0.48960391
v 0.02572262 -0.05380004 0.49237850
v 0.02902346 -0.05380004 0.49555641
v 0.03193444 -0.05380004 0.49909481
v 0.03441649 -0.05380004 0.50294632
v 0.03643620 -0.05380004 0.50705910
v 0.03796648 -0.05380004 0.51137787
v -0.00050002 -0.05380004 0.56179613
v -0.00050002 -0.05380004 0.56139970
v -0.00050002 -0.05110001 0.56172663
v -0.00050002 -0.05110001 0.56139988
v 0.00049998 -0.05110001 0.48289990
v 0.00049998 -0.05380004 0.48289990
v 0.00040449 -0.05110001 0.48319381
v 0.00040449 -0.05380004 0.48319381
v 0.00015449 -0.05110001 0.48337531
v 0.00015449 -0.05380004 0.48337540
v -0.00015452 -0.05110001 0.48337531
v -0.00015452 -0.05380004 0.48337540
v -0.00040452 -0.05110001 0.48319381
v -0.00040452 -0.05380004 0.48319381
v -0.00050002 -0.05110001 0.48289990
v -0.00050002 -0.05380004 0.48289990
v -0.03874468 -0.00417143 0.47739989
v -0.03874242 -0.00447929 0.47739989
v -0.03889626 -0.00431961 0.47754991
v -0.03889524 -0.00448304 0.47754991
v -0.03894060 -0.00436366 0.47759381
v -0.03899896 -0.00442618 0.47765139
v -0.03904801 -0.00448674 0.47769979
v -0.03869563 -0.00814146 0.47754890
v -0.03886151 -0.00816000 0.47769800
v -0.03815221 -0.01176935 0.47754681
v -0.03832918 -0.01180511 0.47769359
v -0.03740966 -0.01553660 0.47768679
v -0.03722441 -0.01547986 0.47754341
v -0.03612536 -0.01916426 0.47767851
v -0.03593569 -0.01908510 0.47753930
v -0.03448790 -0.02265071 0.47766930
v -0.03429770 -0.02254843 0.47753459
v -0.03251588 -0.02595859 0.47765979
v -0.03232914 -0.02583324 0.47752979
v -0.03022676 -0.02905786 0.47765049
v -0.03004729 -0.02891010 0.47752520
v -0.02764177 -0.03192055 0.47764179
v -0.02747315 -0.03175157 0.47752079
v -0.02478802 -0.03451633 0.47763371
v -0.02463334 -0.03432768 0.47751680
v -0.02169793 -0.03681778 0.47762659
v -0.02155995 -0.03661137 0.47751319
v -0.01840329 -0.03880304 0.47762039
v -0.01828438 -0.03858125 0.47751021
v -0.01492571 -0.04045957 0.47761530
v -0.01482802 -0.04022467 0.47750750
v -0.01131755 -0.04176229 0.47761109
v -0.01124256 -0.04151701 0.47750551
v -0.00759858 -0.04270446 0.47760820
v -0.00754785 -0.04245156 0.47750410
v -0.00520122 -0.04284793 0.47750339
v -0.00749707 -0.04219859 0.47739980
v -0.00401753 -0.04273140 0.47739989
v -0.03852969 -0.00812292 0.47739980
v -0.03797519 -0.01173359 0.47739980
v -0.03703922 -0.01542305 0.47739989
v -0.03574591 -0.01900589 0.47739989
v -0.03410744 -0.02244609 0.47739989
v -0.03214240 -0.02570790 0.47739989
v -0.02986788 -0.02876228 0.47739989
v -0.02730453 -0.03158253 0.47739980
v -0.02447867 -0.03413897 0.47739989
v -0.02142202 -0.03640502 0.47739989
v -0.01816552 -0.03835940 0.47739989
v -0.01473027 -0.03998976 0.47739989
v -0.01116764 -0.04127168 0.47739989
v -0.00050002 -0.04294145 0.47739980
v -0.00050002 -0.04345983 0.47760570
v -0.00406885 -0.04324650 0.47760639
v -0.03874468 -0.00417143 0.47739989
v -0.03889626 -0.00431961 0.47754991
v -0.03869998 -0.00000168 0.47739989
v -0.03869998 -0.00000168 0.47739989
v -0.03889626 -0.00431961 0.47754991
v -0.03899997 0.00000000 0.47769991
v -0.03899997 0.00000000 0.47769991
v -0.03889626 -0.00431961 0.47754991
v -0.03894060 -0.00436366 0.47759381
v -0.03899997 0.00000000 0.47769991
v -0.03894060 -0.00436366 0.47759381
v -0.03899896 -0.00442618 0.47765139
v -0.03904801 -0.00448674 0.47769979
v -0.03904807 -0.00448310 0.47769991
v -0.03899896 -0.00442618 0.47765139
v -0.03899896 -0.00442618 0.47765139
v -0.03904807 -0.00448310 0.47769991
v -0.03899997 0.00000000 0.47769991
v -0.03899997 0.00000000 0.47769991
v -0.03872025 0.00466263 0.47769991
v -0.03869998 -0.00000168 0.47739989
v -0.03842169 0.00463277 0.47739989
v -0.03788506 0.00925851 0.47769991
v -0.03759038 0.00920057 0.47739989
v -0.03650635 0.01372152 0.47769991
v -0.03621804 0.01363593 0.47739989
v -0.03460401 0.01798772 0.47769991
v -0.03432446 0.01787507 0.47739989
v -0.03220522 0.02199590 0.47770000
v -0.03193682 0.02185690 0.47739989
v -0.02934443 0.02568846 0.47769991
v -0.02908957 0.02552413 0.47739980
v -0.02606266 0.02901256 0.47769991
v -0.02582359 0.02882403 0.47739989
v -0.02240705 0.03192049 0.47770000
v -0.02218598 0.03170907 0.47739980
v -0.01842999 0.03437042 0.47769991
v -0.01822900 0.03413772 0.47739989
v -0.01418852 0.03632736 0.47769991
v -0.01400971 0.03607505 0.47739989
v -0.00974351 0.03776311 0.47769991
v -0.00958878 0.03749316 0.47739989
v -0.00515878 0.03865718 0.47769991
v -0.00502980 0.03837162 0.47740000
v -0.00050001 0.03899669 0.47770000
v -0.00039848 0.03869783 0.47739980
v -0.03904807 -0.00448310 0.47769991
v -0.03916734 -0.01561248 0.48837480
v -0.03899997 0.00000000 0.47769991
v -0.03902554 -0.00238252 0.52230263
v -0.03899997 0.00000000 0.47769991
v -0.03902554 -0.00238252 0.52230263
v -0.03900307 0.00000000 0.52239990
v -0.03928667 -0.02674192 0.49904990
v -0.03940600 -0.03787130 0.50972492
v -0.03952533 -0.04900068 0.52039993
v -0.03904801 -0.00448674 0.47769979
v -0.03886151 -0.00816000 0.47769800
v -0.03904807 -0.00448310 0.47769991
v -0.03886121 -0.01026296 0.47956660
v -0.03887885 -0.01256990 0.48177561
v -0.03827708 -0.01350909 0.47904071
v -0.03828650 -0.01562273 0.48106140
v -0.03703379 -0.01747483 0.47840109
v -0.03703463 -0.01935225 0.48019239
v -0.03612536 -0.01916426 0.47767851
v -0.03523272 -0.02293348 0.47936139
v -0.03523874 -0.02128279 0.47778919
v -0.03448790 -0.02265071 0.47766930
v -0.03832918 -0.01180511 0.47769359
v -0.03740966 -0.01553660 0.47768679
v -0.03290736 -0.02631247 0.47858021
v -0.03251588 -0.02595859 0.47765979
v -0.03009289 -0.02943825 0.47785971
v -0.03022676 -0.02905786 0.47765049
v -0.02764177 -0.03192055 0.47764179
v -0.02478802 -0.03451633 0.47763371
v -0.02681553 -0.03332400 0.47821471
v -0.03007853 -0.03067708 0.47903579
v -0.03289628 -0.02774918 0.47994640
v -0.03522670 -0.02458417 0.48093390
v -0.03703546 -0.02122974 0.48198381
v -0.03829598 -0.01773637 0.48308200
v -0.03889650 -0.01487690 0.48398459
v -0.03916734 -0.01561248 0.48837480
v -0.02169793 -0.03681778 0.47762659
v -0.02313917 -0.03655254 0.47834921
v -0.02679955 -0.03438383 0.47921950
v -0.03006422 -0.03191584 0.48021200
v -0.03288525 -0.02918589 0.48131269
v -0.03522074 -0.02623486 0.48250601
v -0.03703629 -0.02310723 0.48377541
v -0.03830546 -0.01985001 0.48510250
v -0.03891414 -0.01718384 0.48619351
v -0.01912242 -0.03915882 0.47834080
v -0.01840329 -0.03880304 0.47762039
v -0.01492571 -0.04045957 0.47761530
v -0.01484042 -0.04052925 0.47764769
v -0.01131755 -0.04176229 0.47761109
v -0.01482802 -0.04119145 0.47827321
v -0.01481562 -0.04185372 0.47889850
v -0.01909279 -0.04069757 0.47979590
v -0.01907801 -0.04146701 0.48052329
v -0.02307486 -0.04016286 0.48176730
v -0.02303558 -0.04237234 0.48385939
v -0.02669656 -0.04121756 0.48569849
v -0.02665746 -0.04381191 0.48815820
v -0.02993655 -0.04293584 0.49067521
v -0.02990138 -0.04596829 0.49355441
v -0.03275978 -0.04548370 0.49681091
v -0.03087711 -0.04671120 0.49544001
v -0.03266471 -0.04686480 0.49800020
v -0.01033091 -0.04212832 0.47768399
v -0.00759858 -0.04270446 0.47760820
v -0.01032185 -0.04271113 0.47823390
v -0.00567704 -0.04325705 0.47781101
v -0.01031273 -0.04329395 0.47878370
v -0.00567192 -0.04378926 0.47831270
v -0.01029050 -0.04472064 0.48012960
v -0.00565928 -0.04509210 0.47954080
v -0.00790715 -0.04616349 0.48093900
v -0.00381154 -0.04615312 0.48032251
v -0.00094614 -0.04524606 0.47929689
v 0.00000000 -0.04614859 0.48013631
v 0.00378025 -0.04517996 0.47940150
v 0.00371462 -0.04615169 0.48031199
v 0.00538307 -0.04615521 0.48050609
v 0.00845194 -0.04489511 0.47985300
v 0.00790775 -0.04616355 0.48093921
v 0.00971800 -0.04617214 0.48135689
v 0.01300179 -0.04439550 0.48064509
v 0.01297438 -0.04593056 0.48209420
v 0.01736372 -0.04368883 0.48176661
v 0.01732951 -0.04545944 0.48344010
v 0.02147477 -0.04278570 0.48320171
v 0.02143633 -0.04485738 0.48516211
v 0.02379602 -0.04215502 0.48420510
v 0.02375644 -0.04443687 0.48636621
v 0.02599346 -0.04146182 0.48530900
v 0.02595400 -0.04397481 0.48769090
v 0.02805560 -0.04070997 0.48650801
v 0.02801758 -0.04347354 0.48912960
v 0.02997159 -0.03990346 0.48779601
v 0.02993643 -0.04293584 0.49067521
v 0.03173172 -0.03904664 0.48916620
v 0.03170090 -0.04236465 0.49231941
v 0.03332650 -0.03814423 0.49061179
v 0.03330159 -0.04176306 0.49405420
v 0.03474789 -0.03720104 0.49212560
v 0.03473037 -0.04113423 0.49587080
v 0.03598856 -0.03622221 0.49369970
v 0.03597998 -0.04048174 0.49775970
v 0.03735011 -0.03487086 0.49587879
v 0.03735601 -0.03958082 0.50037462
v 0.03836649 -0.03347867 0.49813119
v 0.03838962 -0.03865271 0.50307751
v 0.03902769 -0.03205901 0.50043702
v 0.03907084 -0.03770625 0.50584430
v 0.03940600 -0.03787130 0.50972492
v 0.03911399 -0.04335343 0.51125169
v 0.03952527 -0.04900068 0.52039993
v 0.03913557 -0.04618155 0.51395971
v 0.03939747 -0.04883831 0.51850742
v 0.03931981 -0.04872167 0.51765990
v -0.00406885 -0.04324650 0.47760639
v -0.00050002 -0.04345983 0.47760570
v -0.00094924 -0.04348319 0.47763580
v -0.00094834 -0.04399448 0.47811750
v -0.00050002 -0.04398429 0.47809991
v -0.00016669 -0.04398721 0.47809991
v 0.00016665 -0.04398721 0.47809991
v 0.00049998 -0.04398429 0.47809991
v 0.00378871 -0.04390639 0.47820130
v 0.00847054 -0.04352653 0.47856230
v 0.00847811 -0.04296749 0.47803521
v 0.01304030 -0.04223334 0.47860411
v 0.01131749 -0.04176229 0.47761109
v 0.01305150 -0.04160624 0.47801229
v 0.01492565 -0.04045957 0.47761530
v 0.01742583 -0.04047155 0.47872621
v 0.01743984 -0.03974825 0.47804260
v 0.02156043 -0.03817516 0.47883880
v 0.01840317 -0.03880310 0.47762039
v 0.02157616 -0.03732883 0.47803810
v 0.02169787 -0.03681778 0.47762659
v 0.02390027 -0.03614437 0.47851270
v 0.02478808 -0.03451627 0.47763371
v 0.02611351 -0.03381603 0.47806221
v 0.02764171 -0.03192061 0.47764179
v 0.02817118 -0.03230166 0.47853151
v 0.03022670 -0.02905791 0.47765049
v 0.03009283 -0.02943831 0.47785959
v 0.03183799 -0.02759593 0.47828400
v 0.03007847 -0.03067713 0.47903579
v 0.03182542 -0.02895140 0.47957221
v 0.03006410 -0.03191590 0.48021200
v 0.03181284 -0.03030687 0.48086041
v 0.03004974 -0.03315466 0.48138821
v 0.03180027 -0.03166228 0.48214841
v 0.03003543 -0.03439342 0.48256430
v 0.03178769 -0.03301775 0.48343661
v 0.03002107 -0.03563225 0.48374060
v 0.03177511 -0.03437322 0.48472479
v 0.03000670 -0.03687101 0.48491660
v 0.03176254 -0.03572863 0.48601291
v 0.00379217 -0.04338616 0.47771090
v 0.00049998 -0.04345983 0.47760570
v 0.00406873 -0.04324656 0.47760639
v 0.00759852 -0.04270446 0.47760820
v 0.03251582 -0.02595859 0.47765979
v 0.03341263 -0.02565538 0.47873190
v 0.03340244 -0.02713370 0.48013821
v 0.03339225 -0.02861201 0.48154449
v 0.03338205 -0.03009039 0.48295081
v 0.03337186 -0.03156870 0.48435691
v 0.03336167 -0.03304708 0.48576319
v 0.03335148 -0.03452539 0.48716950
v 0.03448790 -0.02265065 0.47766930
v 0.03480839 -0.02362716 0.47920081
v 0.03480124 -0.02523392 0.48073089
v 0.03479409 -0.02684068 0.48226070
v 0.03478693 -0.02844750 0.48379070
v 0.03477978 -0.03005427 0.48532060
v 0.03477257 -0.03166103 0.48685050
v 0.03476542 -0.03326779 0.48838040
v 0.03612536 -0.01916426 0.47767851
v 0.03602153 -0.01978236 0.47803000
v 0.03601801 -0.02152240 0.47968861
v 0.03732722 -0.01669245 0.47852701
v 0.03732967 -0.01861655 0.48036361
v 0.03827702 -0.01350915 0.47904071
v 0.03828650 -0.01562279 0.48106140
v 0.03886121 -0.01026296 0.47956660
v 0.03887885 -0.01256996 0.48177561
v 0.03916734 -0.01561248 0.48837480
v 0.03889644 -0.01487690 0.48398459
v 0.03891408 -0.01718389 0.48619351
v 0.03830540 -0.01985007 0.48510250
v 0.03831487 -0.02196371 0.48712319
v 0.03733694 -0.02438873 0.48587319
v 0.03733932 -0.02631282 0.48770979
v 0.03600406 -0.02848261 0.48632270
v 0.03600054 -0.03022265 0.48798120
v 0.03740960 -0.01553666 0.47768679
v 0.03832918 -0.01180511 0.47769359
v 0.03886151 -0.00816000 0.47769800
v 0.03904801 -0.00448310 0.47769991
v 0.03904801 -0.00448674 0.47769979
v 0.03893172 -0.01949083 0.48840261
v 0.03928667 -0.02674192 0.49904990
v 0.03894931 -0.02179783 0.49061161
v 0.03896695 -0.02410477 0.49282050
v 0.03833383 -0.02619105 0.49116439
v 0.03834331 -0.02830469 0.49318489
v 0.03734415 -0.03016096 0.49138311
v 0.03898459 -0.02641177 0.49502951
v 0.03920263 -0.04855483 0.51657718
v 0.03904753 -0.04837429 0.51538253
v 0.03893589 -0.04827588 0.51464438
v 0.03888922 -0.04824596 0.51436353
v 0.03877115 -0.04817789 0.51369631
v 0.03842443 -0.04642188 0.51050478
v 0.03858709 -0.04808384 0.51275218
v 0.03764516 -0.04772329 0.50897777
v 0.03736495 -0.04665696 0.50712889
v 0.03641235 -0.04740726 0.50537211
v 0.03596717 -0.04688447 0.50386262
v 0.03516030 -0.04717749 0.50248492
v 0.03597146 -0.04474121 0.50181967
v 0.03471279 -0.04506748 0.49961600
v 0.03470396 -0.04704892 0.50150257
v 0.03447341 -0.04707604 0.50111341
v 0.03327661 -0.04538184 0.49749660
v 0.03266507 -0.04686486 0.49800080
v 0.03167009 -0.04568266 0.49547261
v 0.03013622 -0.04665893 0.49449301
v 0.02990132 -0.04596829 0.49355420
v 0.02822911 -0.04654723 0.49230111
v 0.02797961 -0.04623711 0.49175119
v 0.02539068 -0.04642575 0.48956841
v 0.02232712 -0.04633462 0.48716679
v 0.01899713 -0.04626649 0.48506799
v 0.01831907 -0.04625552 0.48469681
v 0.01761388 -0.04624503 0.48432931
v 0.01663595 -0.04623180 0.48384961
v 0.01545852 -0.04621773 0.48331690
v 0.01334536 -0.04619723 0.48247740
v 0.01174920 -0.04618448 0.48193601
v -0.00971663 -0.04617214 0.48135659
v -0.01026821 -0.04614734 0.48147559
v -0.01474249 -0.04575836 0.48258600
v -0.01174938 -0.04618453 0.48193619
v -0.01334786 -0.04619723 0.48247829
v -0.01546037 -0.04621779 0.48331770
v -0.01900547 -0.04523384 0.48408499
v -0.01477289 -0.04413717 0.48105490
v -0.01904171 -0.04335045 0.48230419
v -0.01480323 -0.04251599 0.47952399
v -0.01674085 -0.04623311 0.48389930
v -0.01760596 -0.04624491 0.48432490
v -0.01849991 -0.04625838 0.48479399
v -0.01899796 -0.04626649 0.48506829
v -0.02299624 -0.04458177 0.48595110
v -0.02232706 -0.04633462 0.48716679
v -0.02538996 -0.04642570 0.48956761
v -0.02661830 -0.04640632 0.49061790
v -0.02822828 -0.04654717 0.49230009
v -0.03449934 -0.04707962 0.50116289
v -0.03515255 -0.04495990 0.50034171
v -0.03278684 -0.04196673 0.49346641
v -0.03516727 -0.04091918 0.49649289
v -0.03281390 -0.03844976 0.49012211
v -0.03518193 -0.03687840 0.49264410
v -0.03284096 -0.03493279 0.48677760
v -0.03519666 -0.03283768 0.48879519
v -0.03285205 -0.03349608 0.48541141
v -0.03520268 -0.03118699 0.48722300
v -0.03286308 -0.03205937 0.48404509
v -0.03520870 -0.02953624 0.48565069
v -0.03287416 -0.03062266 0.48267889
v -0.03521472 -0.02788555 0.48407829
v -0.03514510 -0.04700106 0.50228578
v -0.03641247 -0.04740726 0.50537241
v -0.03704684 -0.04671984 0.50630587
v -0.03704583 -0.04440480 0.50409698
v -0.03842455 -0.04642552 0.51050842
v -0.03841286 -0.04382669 0.50802380
v -0.03913563 -0.04618352 0.51396167
v -0.03911405 -0.04335343 0.51125169
v -0.03939747 -0.04883831 0.51850730
v -0.03940600 -0.03787130 0.50972492
v -0.03952533 -0.04900068 0.52039993
v -0.03764504 -0.04772323 0.50897700
v -0.03858685 -0.04808366 0.51275092
v -0.03893595 -0.04827618 0.51464480
v -0.03903710 -0.04836308 0.51530892
v -0.03911399 -0.04844516 0.51586640
v -0.03920269 -0.04855483 0.51657730
v -0.03931981 -0.04872161 0.51765960
v -0.03928667 -0.02674192 0.49904990
v -0.03902775 -0.03205895 0.50043702
v -0.03907090 -0.03770619 0.50584430
v -0.03838968 -0.03865265 0.50307763
v -0.03704375 -0.03980892 0.49971169
v -0.03896701 -0.02410477 0.49282050
v -0.03898459 -0.02641171 0.49502951
v -0.03834336 -0.02830463 0.49318510
v -0.03836655 -0.03347867 0.49813130
v -0.03703969 -0.03061717 0.49094111
v -0.03704172 -0.03521305 0.49532640
v -0.03894937 -0.02179777 0.49061161
v -0.03893172 -0.01949083 0.48840261
v -0.02678358 -0.03544366 0.48022431
v -0.02312308 -0.03745514 0.47920370
v -0.02676761 -0.03650349 0.48122910
v -0.02310705 -0.03835773 0.48005831
v -0.02675163 -0.03756332 0.48223391
v -0.02309095 -0.03926026 0.48091289
v -0.02673566 -0.03862315 0.48323879
v -0.03004986 -0.03315466 0.48138821
v -0.03003549 -0.03439342 0.48256430
v -0.03002113 -0.03563219 0.48374060
v -0.03000676 -0.03687101 0.48491681
v -0.02997165 -0.03990340 0.48779601
v -0.03703713 -0.02498471 0.48556671
v -0.03703796 -0.02686220 0.48735830
v -0.03703880 -0.02873969 0.48914969
v -0.03831493 -0.02196371 0.48712331
v -0.03832441 -0.02407735 0.48914391
v -0.03833389 -0.02619099 0.49116439
v -0.01910763 -0.03992819 0.47906819
v 0.01741188 -0.04119485 0.47940969
v 0.01302915 -0.04286044 0.47919601
v 0.01739794 -0.04191821 0.48009330
v 0.02152901 -0.03986775 0.48044050
v 0.02151328 -0.04071402 0.48124141
v 0.02385175 -0.03894090 0.48116139
v 0.02383559 -0.03987312 0.48204401
v 0.02154469 -0.03902143 0.47963971
v 0.02604901 -0.03792232 0.48195419
v 0.02603292 -0.03894889 0.48292720
v 0.02386790 -0.03800874 0.48027849
v 0.02388411 -0.03707653 0.47939560
v 0.02810913 -0.03681749 0.48281541
v 0.02809357 -0.03794640 0.48388639
v 0.02606517 -0.03689575 0.48098120
v 0.02608126 -0.03586918 0.48000830
v 0.02609735 -0.03484261 0.47903520
v 0.02812463 -0.03568851 0.48174450
v 0.02814012 -0.03455954 0.48067361
v 0.02815568 -0.03343063 0.47960261
v 0.03734177 -0.02823686 0.48954639
v 0.03599709 -0.03196275 0.48963979
v 0.03832435 -0.02407741 0.48914370
v 0.03600758 -0.02674257 0.48466420
v 0.03601104 -0.02500253 0.48300561
v 0.03601455 -0.02326244 0.48134699
v 0.03733450 -0.02246463 0.48403659
v 0.03829592 -0.01773643 0.48308191
v 0.03733205 -0.02054059 0.48220009
v 0.03841280 -0.04382669 0.50802368
v 0.03736197 -0.04429078 0.50487030
v -0.00050002 -0.04398429 0.47809991
v -0.00050002 -0.04345983 0.47760570
v -0.00050002 -0.04250001 0.47809979
v -0.00050002 -0.04294145 0.47739980
v -0.00050002 -0.04250001 0.47739989
v 0.03886151 -0.00816000 0.47769800
v 0.03880047 -0.00692296 0.47754940
v 0.03904801 -0.00448674 0.47769979
v 0.03889530 -0.00446653 0.47754991
v 0.03902369 -0.00445563 0.47767591
v 0.03896963 -0.00439394 0.47762251
v 0.03889626 -0.00431961 0.47754991
v 0.03874468 -0.00417143 0.47739989
v 0.03874242 -0.00447947 0.47739989
v 0.03852963 -0.00812298 0.47739980
v 0.03855264 -0.00935477 0.47754830
v 0.03797519 -0.01173359 0.47739980
v 0.03815215 -0.01176935 0.47754681
v 0.03756123 -0.01430135 0.47754461
v 0.03832918 -0.01180511 0.47769359
v 0.03740960 -0.01553666 0.47768679
v 0.03680229 -0.01678931 0.47754201
v 0.03612536 -0.01916426 0.47767851
v 0.03593564 -0.01908504 0.47753930
v 0.03429764 -0.02254831 0.47753459
v 0.03410744 -0.02244603 0.47739989
v 0.03214234 -0.02570790 0.47739989
v 0.03232908 -0.02583324 0.47752979
v 0.02986776 -0.02876240 0.47739989
v 0.03004723 -0.02891016 0.47752520
v 0.02730447 -0.03158253 0.47739980
v 0.02747309 -0.03175157 0.47752079
v 0.02447879 -0.03413891 0.47739989
v 0.02463340 -0.03432756 0.47751680
v 0.02142196 -0.03640502 0.47739989
v 0.02155989 -0.03661137 0.47751319
v 0.01816546 -0.03835940 0.47739989
v 0.01828432 -0.03858125 0.47751021
v 0.01473021 -0.03998982 0.47739989
v 0.01482796 -0.04022467 0.47750750
v 0.01116758 -0.04127168 0.47739989
v 0.01124250 -0.04151701 0.47750551
v 0.00749701 -0.04219859 0.47739980
v 0.00754774 -0.04245156 0.47750399
v 0.00401741 -0.04273146 0.47739989
v 0.00404310 -0.04298901 0.47750309
v 0.00049998 -0.04294145 0.47739980
v 0.00049998 -0.04345983 0.47760570
v 0.00406873 -0.04324656 0.47760639
v 0.00759852 -0.04270446 0.47760820
v 0.01131749 -0.04176229 0.47761109
v 0.01492565 -0.04045957 0.47761530
v 0.01840317 -0.03880310 0.47762039
v 0.02169787 -0.03681778 0.47762659
v 0.02478808 -0.03451627 0.47763371
v 0.02764171 -0.03192061 0.47764179
v 0.03022670 -0.02905791 0.47765049
v 0.03251582 -0.02595859 0.47765979
v 0.03448790 -0.02265065 0.47766930
v 0.03574591 -0.01900589 0.47739989
v 0.03703916 -0.01542311 0.47739989
v 0.03899997 0.00000000 0.47769991
v 0.03869992 -0.00000168 0.47739989
v 0.03872019 0.00466263 0.47769991
v 0.03842163 0.00463277 0.47739989
v 0.03788501 0.00925851 0.47769991
v 0.03759032 0.00920057 0.47739989
v 0.03650635 0.01372152 0.47769991
v 0.03621804 0.01363593 0.47739989
v 0.03460395 0.01798772 0.47769991
v 0.03432440 0.01787501 0.47739989
v 0.03220516 0.02199590 0.47770000
v 0.03193682 0.02185690 0.47739989
v 0.02934437 0.02568846 0.47769991
v 0.02908951 0.02552413 0.47739980
v 0.02606266 0.02901256 0.47769991
v 0.02582359 0.02882403 0.47739989
v 0.02240705 0.03192049 0.47770000
v 0.02218592 0.03170907 0.47739980
v 0.01842993 0.03437042 0.47769991
v 0.01822900 0.03413772 0.47739989
v 0.01418852 0.03632736 0.47769991
v 0.01400965 0.03607505 0.47739989
v 0.00974351 0.03776311 0.47769991
v 0.00958872 0.03749316 0.47739989
v 0.00515872 0.03865718 0.47769991
v 0.00502980 0.03837162 0.47740000
v 0.00049999 0.03899669 0.47770000
v 0.00039845 0.03869783 0.47739980
v 0.03874468 -0.00417143 0.47739989
v 0.03869992 -0.00000168 0.47739989
v 0.03889626 -0.00431961 0.47754991
v 0.03889626 -0.00431961 0.47754991
v 0.03869992 -0.00000168 0.47739989
v 0.03899997 0.00000000 0.47769991
v 0.03889626 -0.00431961 0.47754991
v 0.03899997 0.00000000 0.47769991
v 0.03896963 -0.00439394 0.47762251
v 0.03896963 -0.00439394 0.47762251
v 0.03899997 0.00000000 0.47769991
v 0.03902369 -0.00445563 0.47767591
v 0.03902369 -0.00445563 0.47767591
v 0.03899997 0.00000000 0.47769991
v 0.03904801 -0.00448310 0.47769991
v 0.03904801 -0.00448674 0.47769979
v 0.00049998 -0.04250001 0.47739989
v 0.00049998 -0.04294145 0.47739980
v 0.00049998 -0.04250001 0.47809979
v 0.00049998 -0.04345983 0.47760570
v 0.00049998 -0.04398429 0.47809991
v 0.03904801 -0.00448310 0.47769991
v 0.03899997 0.00000000 0.47769991
v 0.03916734 -0.01561248 0.48837480
v 0.03902548 -0.00238252 0.52230263
v 0.03928667 -0.02674192 0.49904990
v 0.03940600 -0.03787130 0.50972492
v 0.03952527 -0.04900068 0.52039993
v 0.03900307 0.00000000 0.52239990
v -0.00050001 0.03899669 0.48040000
v -0.00050001 0.03899669 0.47770000
v -0.00382262 0.03881210 0.48358780
v -0.00515878 0.03865718 0.47769991
v -0.00760853 0.03825050 0.48414931
v -0.00974351 0.03776311 0.47769991
v -0.01132106 0.03732055 0.48507920
v -0.01418852 0.03632736 0.47769991
v -0.01492464 0.03603118 0.48636851
v -0.01842999 0.03437042 0.47769991
v -0.01838445 0.03439480 0.48800489
v -0.02166724 0.03242719 0.48997259
v -0.02240705 0.03192049 0.47770000
v -0.02474135 0.03014731 0.49225241
v -0.02606266 0.02901256 0.47769991
v -0.02757716 0.02757704 0.49482271
v -0.02934443 0.02568846 0.47769991
v -0.03014737 0.02474123 0.49765849
v -0.03220522 0.02199590 0.47770000
v -0.03242731 0.02166712 0.50073272
v -0.03460401 0.01798772 0.47769991
v -0.03439491 0.01838439 0.50401551
v -0.03603130 0.01492452 0.50747520
v -0.03650635 0.01372152 0.47769991
v -0.03732067 0.01132100 0.51107872
v -0.03788506 0.00925851 0.47769991
v -0.03825062 0.00760841 0.51479143
v -0.03872025 0.00466263 0.47769991
v -0.03881216 0.00382257 0.51857722
v -0.03899997 0.00000000 0.47769991
v -0.03900307 0.00000000 0.52239990
v 0.00000000 0.03899991 0.48339990
v -0.00016668 0.03899955 0.48039991
v 0.00016666 0.03899955 0.48039991
v 0.00049999 0.03899669 0.48040000
v 0.00382262 0.03881210 0.48358780
v 0.00049999 0.03899669 0.47770000
v 0.00515872 0.03865718 0.47769991
v 0.00760847 0.03825050 0.48414931
v 0.00974351 0.03776311 0.47769991
v 0.01132106 0.03732055 0.48507920
v 0.01418852 0.03632736 0.47769991
v 0.01492458 0.03603118 0.48636851
v 0.01842993 0.03437042 0.47769991
v 0.01838445 0.03439480 0.48800489
v 0.02166718 0.03242719 0.48997259
v 0.02240705 0.03192049 0.47770000
v 0.02474129 0.03014731 0.49225241
v 0.02606266 0.02901256 0.47769991
v 0.02757710 0.02757704 0.49482271
v 0.02934437 0.02568846 0.47769991
v 0.03014737 0.02474123 0.49765849
v 0.03220516 0.02199590 0.47770000
v 0.03242725 0.02166712 0.50073272
v 0.03439486 0.01838439 0.50401551
v 0.03460395 0.01798772 0.47769991
v 0.03603124 0.01492452 0.50747520
v 0.03650635 0.01372152 0.47769991
v 0.03732061 0.01132100 0.51107872
v 0.03788501 0.00925851 0.47769991
v 0.03825056 0.00760841 0.51479143
v 0.03872019 0.00466263 0.47769991
v 0.03881216 0.00382257 0.51857722
v 0.03899997 0.00000000 0.47769991
v 0.03900307 0.00000000 0.52239990
v -0.00015131 0.03852331 0.47739989
v 0.00000000 0.03849989 0.47739989
v 0.00000000 0.03449988 0.47739989
v 0.00000000 0.03449988 0.47739989
v 0.00000000 0.03849989 0.47739989
v 0.00015127 0.03852331 0.47739989
v 0.00000000 0.03449988 0.47739989
v 0.00015127 0.03852331 0.47739989
v 0.00028838 0.03859144 0.47739989
v 0.00028838 0.03859144 0.47739989
v 0.00039845 0.03869783 0.47739980
v 0.00000000 0.03449988 0.47739989
v 0.00000000 0.03449988 0.47739989
v 0.00039845 0.03869783 0.47739980
v 0.00450313 0.03420472 0.47740000
v 0.00450313 0.03420472 0.47740000
v 0.00039845 0.03869783 0.47739980
v 0.00502980 0.03837162 0.47740000
v 0.00450313 0.03420472 0.47740000
v 0.00502980 0.03837162 0.47740000
v 0.00958872 0.03749316 0.47739989
v 0.00450313 0.03420472 0.47740000
v 0.00958872 0.03749316 0.47739989
v 0.00892919 0.03332436 0.47739989
v 0.01400965 0.03607505 0.47739989
v 0.00892919 0.03332436 0.47739989
v 0.01400965 0.03607505 0.47739989
v 0.01320254 0.03187376 0.47740000
v 0.01822900 0.03413772 0.47739989
v 0.01320254 0.03187376 0.47740000
v 0.01822900 0.03413772 0.47739989
v 0.01724994 0.02987778 0.47739989
v 0.02218592 0.03170907 0.47739980
v 0.01724994 0.02987778 0.47739989
v 0.02218592 0.03170907 0.47739980
v 0.02100223 0.02737057 0.47740000
v 0.02100223 0.02737057 0.47740000
v 0.02218592 0.03170907 0.47739980
v 0.02582359 0.02882403 0.47739989
v 0.02100223 0.02737057 0.47740000
v 0.02582359 0.02882403 0.47739989
v 0.02439516 0.02439504 0.47739989
v 0.02439516 0.02439504 0.47739989
v 0.02582359 0.02882403 0.47739989
v 0.02908951 0.02552413 0.47739980
v 0.02439516 0.02439504 0.47739989
v 0.02908951 0.02552413 0.47739980
v 0.02737063 0.02100217 0.47739989
v 0.02737063 0.02100217 0.47739989
v 0.02908951 0.02552413 0.47739980
v 0.03193682 0.02185690 0.47739989
v 0.02737063 0.02100217 0.47739989
v 0.03193682 0.02185690 0.47739989
v 0.02987784 0.01724988 0.47739989
v 0.03432440 0.01787501 0.47739989
v 0.02987784 0.01724988 0.47739989
v 0.03432440 0.01787501 0.47739989
v 0.03187382 0.01320248 0.47739980
v 0.03187382 0.01320248 0.47739980
v 0.03432440 0.01787501 0.47739989
v 0.03621804 0.01363593 0.47739989
v 0.03187382 0.01320248 0.47739980
v 0.03621804 0.01363593 0.47739989
v 0.03332442 0.00892913 0.47739989
v 0.03759032 0.00920057 0.47739989
v 0.03332442 0.00892913 0.47739989
v 0.03759032 0.00920057 0.47739989
v 0.03420478 0.00450307 0.47739989
v 0.03420478 0.00450307 0.47739989
v 0.03842163 0.00463277 0.47739989
v 0.03449994 0.00000000 0.47739989
v 0.03449994 0.00000000 0.47739989
v 0.03842163 0.00463277 0.47739989
v 0.03869992 -0.00000168 0.47739989
v 0.03449994 0.00000000 0.47739989
v 0.03869992 -0.00000168 0.47739989
v 0.03874468 -0.00417143 0.47739989
v 0.03874468 -0.00417143 0.47739989
v 0.03420478 -0.00450319 0.47739989
v 0.03874242 -0.00447947 0.47739989
v 0.03420478 -0.00450319 0.47739989
v 0.03874242 -0.00447947 0.47739989
v 0.03852963 -0.00812298 0.47739980
v 0.03420478 -0.00450319 0.47739989
v 0.03852963 -0.00812298 0.47739980
v 0.03332442 -0.00892931 0.47739980
v 0.03332442 -0.00892931 0.47739980
v 0.03852963 -0.00812298 0.47739980
v 0.03797519 -0.01173359 0.47739980
v 0.03332442 -0.00892931 0.47739980
v 0.03797519 -0.01173359 0.47739980
v 0.03187382 -0.01320260 0.47739989
v 0.03703916 -0.01542311 0.47739989
v 0.03187382 -0.01320260 0.47739989
v 0.03703916 -0.01542311 0.47739989
v 0.03574591 -0.01900589 0.47739989
v 0.03187382 -0.01320260 0.47739989
v 0.03574591 -0.01900589 0.47739989
v 0.02987784 -0.01725006 0.47739989
v 0.03410744 -0.02244603 0.47739989
v 0.02737063 -0.02100229 0.47739989
v 0.03214234 -0.02570790 0.47739989
v 0.02439516 -0.02439522 0.47739989
v 0.02986776 -0.02876240 0.47739989
v 0.02439516 -0.02439522 0.47739989
v 0.02986776 -0.02876240 0.47739989
v 0.02730447 -0.03158253 0.47739980
v 0.02439516 -0.02439522 0.47739989
v 0.02730447 -0.03158253 0.47739980
v 0.02100223 -0.02737075 0.47739980
v 0.02100223 -0.02737075 0.47739980
v 0.02730447 -0.03158253 0.47739980
v 0.02447879 -0.03413891 0.47739989
v 0.01724994 -0.02987790 0.47739980
v 0.02447879 -0.03413891 0.47739989
v 0.02142196 -0.03640502 0.47739989
v 0.01724994 -0.02987790 0.47739980
v 0.02142196 -0.03640502 0.47739989
v 0.01816546 -0.03835940 0.47739989
v 0.01724994 -0.02987790 0.47739980
v 0.01816546 -0.03835940 0.47739989
v 0.01320254 -0.03187388 0.47739980
v 0.01320254 -0.03187388 0.47739980
v 0.01816546 -0.03835940 0.47739989
v 0.01473021 -0.03998982 0.47739989
v 0.00892919 -0.03332448 0.47739989
v 0.00892919 -0.03332448 0.47739989
v 0.01116758 -0.04127168 0.47739989
v 0.00892919 -0.03332448 0.47739989
v 0.01116758 -0.04127168 0.47739989
v 0.00749701 -0.04219859 0.47739980
v 0.00450313 -0.03420490 0.47739980
v 0.00450313 -0.03420490 0.47739980
v 0.00749701 -0.04219859 0.47739980
v 0.00401741 -0.04273146 0.47739989
v 0.00450313 -0.03420490 0.47739980
v 0.00401741 -0.04273146 0.47739989
v 0.00040449 -0.04220616 0.47739989
v 0.00040449 -0.04220616 0.47739989
v 0.00401741 -0.04273146 0.47739989
v 0.00049998 -0.04250001 0.47739989
v 0.00049998 -0.04250001 0.47739989
v 0.00401741 -0.04273146 0.47739989
v 0.00049998 -0.04294145 0.47739980
v 0.00015449 -0.04202449 0.47739989
v 0.00450313 -0.03420490 0.47739980
v 0.00450313 -0.03420490 0.47739980
v 0.00015449 -0.04202449 0.47739989
v 0.00000000 -0.03450006 0.47739989
v 0.00000000 -0.03450006 0.47739989
v -0.00015452 -0.04202449 0.47739989
v 0.00000000 -0.03450006 0.47739989
v -0.00015452 -0.04202449 0.47739989
v -0.00450313 -0.03420490 0.47739980
v -0.00040452 -0.04220616 0.47739989
v -0.00450313 -0.03420490 0.47739980
v -0.00401753 -0.04273140 0.47739989
v -0.00050002 -0.04250001 0.47739989
v -0.00401753 -0.04273140 0.47739989
v -0.00050002 -0.04250001 0.47739989
v -0.00050002 -0.04294145 0.47739980
v -0.00401753 -0.04273140 0.47739989
v -0.00749707 -0.04219859 0.47739980
v -0.00450313 -0.03420490 0.47739980
v -0.00749707 -0.04219859 0.47739980
v -0.00892925 -0.03332448 0.47739989
v -0.00892925 -0.03332448 0.47739989
v -0.00749707 -0.04219859 0.47739980
v -0.01116764 -0.04127168 0.47739989
v -0.01116764 -0.04127168 0.47739989
v -0.01473027 -0.03998976 0.47739989
v -0.00892925 -0.03332448 0.47739989
v -0.01473027 -0.03998976 0.47739989
v -0.01320254 -0.03187388 0.47739980
v -0.01320254 -0.03187388 0.47739980
v -0.01816552 -0.03835940 0.47739989
v -0.01725000 -0.02987790 0.47739980
v -0.02142202 -0.03640502 0.47739989
v -0.02447867 -0.03413897 0.47739989
v -0.02100223 -0.02737075 0.47739980
v -0.02447867 -0.03413897 0.47739989
v -0.02730453 -0.03158253 0.47739980
v -0.02100223 -0.02737075 0.47739980
v -0.02730453 -0.03158253 0.47739980
v -0.02439516 -0.02439522 0.47739989
v -0.02439516 -0.02439522 0.47739989
v -0.02730453 -0.03158253 0.47739980
v -0.02986788 -0.02876228 0.47739989
v -0.02439516 -0.02439522 0.47739989
v -0.02986788 -0.02876228 0.47739989
v -0.03214240 -0.02570790 0.47739989
v -0.02737069 -0.02100229 0.47739989
v -0.03410744 -0.02244609 0.47739989
v -0.02987784 -0.01725006 0.47739989
v -0.03574591 -0.01900589 0.47739989
v -0.03187382 -0.01320260 0.47739989
v -0.03187382 -0.01320260 0.47739989
v -0.03574591 -0.01900589 0.47739989
v -0.03703922 -0.01542305 0.47739989
v -0.03187382 -0.01320260 0.47739989
v -0.03703922 -0.01542305 0.47739989
v -0.03797519 -0.01173359 0.47739980
v -0.03187382 -0.01320260 0.47739989
v -0.03797519 -0.01173359 0.47739980
v -0.03332442 -0.00892931 0.47739980
v -0.03332442 -0.00892931 0.47739980
v -0.03797519 -0.01173359 0.47739980
v -0.03852969 -0.00812292 0.47739980
v -0.03332442 -0.00892931 0.47739980
v -0.03852969 -0.00812292 0.47739980
v -0.03420484 -0.00450319 0.47739989
v -0.03420484 -0.00450319 0.47739989
v -0.03852969 -0.00812292 0.47739980
v -0.03874242 -0.00447929 0.47739989
v -0.03420484 -0.00450319 0.47739989
v -0.03874242 -0.00447929 0.47739989
v -0.03874468 -0.00417143 0.47739989
v -0.03450000 0.00000000 0.47739989
v -0.03450000 0.00000000 0.47739989
v -0.03874468 -0.00417143 0.47739989
v -0.03869998 -0.00000168 0.47739989
v -0.03450000 0.00000000 0.47739989
v -0.03869998 -0.00000168 0.47739989
v -0.03842169 0.00463277 0.47739989
v -0.03842169 0.00463277 0.47739989
v -0.03420484 0.00450307 0.47739989
v -0.03759038 0.00920057 0.47739989
v -0.03420484 0.00450307 0.47739989
v -0.03759038 0.00920057 0.47739989
v -0.03332442 0.00892913 0.47739989
v -0.03332442 0.00892913 0.47739989
v -0.03621804 0.01363593 0.47739989
v -0.03621804 0.01363593 0.47739989
v -0.03187382 0.01320248 0.47739980
v -0.03187382 0.01320248 0.47739980
v -0.03621804 0.01363593 0.47739989
v -0.03432446 0.01787507 0.47739989
v -0.03187382 0.01320248 0.47739980
v -0.03432446 0.01787507 0.47739989
v -0.02987784 0.01724988 0.47739989
v -0.02987784 0.01724988 0.47739989
v -0.03432446 0.01787507 0.47739989
v -0.03193682 0.02185690 0.47739989
v -0.02987784 0.01724988 0.47739989
v -0.03193682 0.02185690 0.47739989
v -0.02737069 0.02100217 0.47739989
v -0.02737069 0.02100217 0.47739989
v -0.03193682 0.02185690 0.47739989
v -0.02908957 0.02552413 0.47739980
v -0.02737069 0.02100217 0.47739989
v -0.02908957 0.02552413 0.47739980
v -0.02439516 0.02439510 0.47739989
v -0.02439516 0.02439510 0.47739989
v -0.02908957 0.02552413 0.47739980
v -0.02582359 0.02882403 0.47739989
v -0.02439516 0.02439510 0.47739989
v -0.02582359 0.02882403 0.47739989
v -0.02100223 0.02737057 0.47740000
v -0.02100223 0.02737057 0.47740000
v -0.02582359 0.02882403 0.47739989
v -0.02218598 0.03170907 0.47739980
v -0.02100223 0.02737057 0.47740000
v -0.02218598 0.03170907 0.47739980
v -0.01725000 0.02987778 0.47739989
v -0.01725000 0.02987778 0.47739989
v -0.02218598 0.03170907 0.47739980
v -0.01822900 0.03413772 0.47739989
v -0.01320254 0.03187376 0.47740000
v -0.01320254 0.03187376 0.47740000
v -0.01822900 0.03413772 0.47739989
v -0.01400971 0.03607505 0.47739989
v -0.01320254 0.03187376 0.47740000
v -0.01400971 0.03607505 0.47739989
v -0.00892925 0.03332436 0.47739989
v -0.00892925 0.03332436 0.47739989
v -0.01400971 0.03607505 0.47739989
v -0.00958878 0.03749316 0.47739989
v -0.00892925 0.03332436 0.47739989
v -0.00958878 0.03749316 0.47739989
v -0.00450313 0.03420472 0.47740000
v -0.00450313 0.03420472 0.47740000
v -0.00958878 0.03749316 0.47739989
v -0.00502980 0.03837162 0.47740000
v -0.00450313 0.03420472 0.47740000
v -0.00502980 0.03837162 0.47740000
v -0.00039848 0.03869783 0.47739980
v -0.00450313 0.03420472 0.47740000
v -0.00039848 0.03869783 0.47739980
v 0.00000000 0.03449988 0.47739989
v 0.00000000 0.03449988 0.47739989
v -0.00039848 0.03869783 0.47739980
v -0.00028841 0.03859144 0.47739989
v 0.00000000 0.03449988 0.47739989
v -0.00028841 0.03859144 0.47739989
v -0.00015131 0.03852331 0.47739989
v -0.03881216 0.00382257 0.51857722
v -0.03900307 0.00000000 0.52239990
v -0.02757716 0.02757704 0.49482271
v -0.02757716 0.02757704 0.49482271
v -0.03900307 0.00000000 0.52239990
v -0.03886616 -0.00330752 0.52570742
v -0.02757716 0.02757704 0.49482271
v -0.03886616 -0.00330752 0.52570742
v -0.03844362 -0.00660658 0.52900642
v -0.03844362 -0.00660658 0.52900642
v -0.03773534 -0.00987989 0.53227967
v -0.02757716 0.02757704 0.49482271
v -0.02757716 0.02757704 0.49482271
v -0.03773534 -0.00987989 0.53227967
v -0.03673827 -0.01310998 0.53550982
v -0.03673827 -0.01310998 0.53550982
v -0.03544378 -0.01628959 0.53868937
v -0.03544378 -0.01628959 0.53868937
v -0.03384143 -0.01940143 0.54180121
v -0.02757716 0.02757704 0.49482271
v -0.02757716 0.02757704 0.49482271
v -0.03384143 -0.01940143 0.54180121
v -0.03192353 -0.02241766 0.54481739
v -0.02757716 0.02757704 0.49482271
v -0.03192353 -0.02241766 0.54481739
v -0.02968198 -0.02531105 0.54771072
v -0.02968198 -0.02531105 0.54771072
v -0.02710235 -0.02805709 0.55045688
v -0.02710235 -0.02805709 0.55045688
v -0.02417671 -0.03061556 0.55301517
v -0.02417671 -0.03061556 0.55301517
v -0.02090120 -0.03293985 0.55533952
v -0.01728063 -0.03497737 0.55737698
v -0.02474135 0.03014731 0.49225241
v -0.02474135 0.03014731 0.49225241
v -0.01728063 -0.03497737 0.55737698
v -0.02166724 0.03242719 0.48997259
v -0.02166724 0.03242719 0.48997259
v -0.01728063 -0.03497737 0.55737698
v -0.01838445 0.03439480 0.48800489
v -0.01838445 0.03439480 0.48800489
v -0.01492464 0.03603118 0.48636851
v -0.01492464 0.03603118 0.48636851
v -0.01132106 0.03732055 0.48507920
v -0.00760853 0.03825050 0.48414931
v -0.00760853 0.03825050 0.48414931
v -0.00382262 0.03881210 0.48358780
v -0.00382262 0.03881210 0.48358780
v -0.01728063 -0.03497737 0.55737698
v 0.00000000 0.03899991 0.48339990
v 0.00000000 0.03899991 0.48339990
v -0.01728063 -0.03497737 0.55737698
v -0.01534849 -0.03586834 0.55826801
v 0.00000000 0.03899991 0.48339990
v -0.01534849 -0.03586834 0.55826801
v -0.01333796 -0.03666448 0.55906421
v -0.01333796 -0.03666448 0.55906421
v -0.01125121 -0.03735852 0.55975831
v 0.00000000 0.03899991 0.48339990
v -0.01125121 -0.03735852 0.55975831
v -0.00910956 -0.03793865 0.56033832
v -0.00910956 -0.03793865 0.56033832
v -0.00700402 -0.03838413 0.56078392
v -0.00700402 -0.03838413 0.56078392
v -0.00495225 -0.03870290 0.56110263
v -0.00495225 -0.03870290 0.56110263
v -0.00296140 -0.03890615 0.56130588
v 0.00000000 0.03899991 0.48339990
v -0.00296140 -0.03890615 0.56130588
v -0.00103861 -0.03900492 0.56140482
v -0.00103861 -0.03900492 0.56140482
v 0.00275111 -0.03892153 0.56132132
v 0.00000000 0.03899991 0.48339990
v 0.00275111 -0.03892153 0.56132132
v 0.00476694 -0.03872615 0.56112581
v 0.00476694 -0.03872615 0.56112581
v 0.00686204 -0.03840976 0.56080949
v 0.00686204 -0.03840976 0.56080949
v 0.00902748 -0.03795832 0.56035799
v 0.00902748 -0.03795832 0.56035799
v 0.01124602 -0.03736007 0.55975991
v 0.01124602 -0.03736007 0.55975991
v 0.01341313 -0.03663700 0.55903667
v 0.01549756 -0.03580409 0.55820382
v 0.00000000 0.03899991 0.48339990
v 0.01549756 -0.03580409 0.55820382
v 0.01749700 -0.03486955 0.55726922
v 0.01749700 -0.03486955 0.55726922
v 0.01940906 -0.03384137 0.55624098
v 0.02295881 -0.03153938 0.55393922
v 0.03014737 0.02474123 0.49765849
v 0.01940906 -0.03384137 0.55624098
v 0.01940906 -0.03384137 0.55624098
v 0.03014737 0.02474123 0.49765849
v 0.02757710 0.02757704 0.49482271
v 0.02474129 0.03014731 0.49225241
v 0.02295881 -0.03153938 0.55393922
v 0.02613037 -0.02896493 0.55136460
v 0.03014737 0.02474123 0.49765849
v 0.02613037 -0.02896493 0.55136460
v 0.02892678 -0.02617096 0.54857069
v 0.02892678 -0.02617096 0.54857069
v 0.03135371 -0.02320778 0.54560751
v 0.03342813 -0.02010518 0.54250503
v 0.03014737 0.02474123 0.49765849
v 0.03342813 -0.02010518 0.54250503
v 0.03516042 -0.01689261 0.53929251
v 0.03014737 0.02474123 0.49765849
v 0.03516042 -0.01689261 0.53929251
v 0.03655934 -0.01360094 0.53600091
v 0.03655934 -0.01360094 0.53600091
v 0.03763538 -0.01025408 0.53265393
v 0.03014737 0.02474123 0.49765849
v 0.03014737 0.02474123 0.49765849
v 0.03763538 -0.01025408 0.53265393
v 0.03839939 -0.00685894 0.52925873
v 0.03014737 0.02474123 0.49765849
v 0.03839939 -0.00685894 0.52925873
v 0.03885513 -0.00343442 0.52583432
v 0.03885513 -0.00343442 0.52583432
v 0.03900307 0.00000000 0.52239990
v 0.03900307 0.00000000 0.52239990
v 0.03881216 0.00382257 0.51857722
v 0.03881216 0.00382257 0.51857722
v 0.03825056 0.00760841 0.51479143
v 0.03825056 0.00760841 0.51479143
v 0.03732061 0.01132100 0.51107872
v 0.03014737 0.02474123 0.49765849
v 0.03732061 0.01132100 0.51107872
v 0.03603124 0.01492452 0.50747520
v 0.03014737 0.02474123 0.49765849
v 0.03603124 0.01492452 0.50747520
v 0.03439486 0.01838439 0.50401551
v 0.03439486 0.01838439 0.50401551
v 0.03242725 0.02166712 0.50073272
v 0.03014737 0.02474123 0.49765849
v 0.02166718 0.03242719 0.48997259
v 0.01940906 -0.03384137 0.55624098
v 0.02166718 0.03242719 0.48997259
v 0.01838445 0.03439480 0.48800489
v 0.01838445 0.03439480 0.48800489
v 0.01492458 0.03603118 0.48636851
v 0.01492458 0.03603118 0.48636851
v 0.01132106 0.03732055 0.48507920
v 0.01132106 0.03732055 0.48507920
v 0.00760847 0.03825050 0.48414931
v 0.00760847 0.03825050 0.48414931
v 0.00382262 0.03881210 0.48358780
v 0.00382262 0.03881210 0.48358780
v -0.03014737 0.02474123 0.49765849
v -0.03242731 0.02166712 0.50073272
v -0.02757716 0.02757704 0.49482271
v -0.03242731 0.02166712 0.50073272
v -0.03439491 0.01838439 0.50401551
v -0.02757716 0.02757704 0.49482271
v -0.03439491 0.01838439 0.50401551
v -0.03603130 0.01492452 0.50747520
v -0.03603130 0.01492452 0.50747520
v -0.03732067 0.01132100 0.51107872
v -0.02757716 0.02757704 0.49482271
v -0.03732067 0.01132100 0.51107872
v -0.03825062 0.00760841 0.51479143
v -0.02757716 0.02757704 0.49482271
v -0.03825062 0.00760841 0.51479143
v -0.03881216 0.00382257 0.51857722
v -0.03941470 -0.05380004 0.52440012
v -0.03905034 -0.05380004 0.52809042
v -0.03937226 -0.04900002 0.52439988
v -0.03922021 -0.04798436 0.52627319
v -0.03917217 -0.04205089 0.52620888
v -0.03861677 -0.04300898 0.52998519
v -0.03912413 -0.03611910 0.52614450
v -0.03858584 -0.03744029 0.52985942
v -0.03907603 -0.03018724 0.52608001
v -0.03855490 -0.03187155 0.52973360
v -0.03904885 -0.02683144 0.52604371
v -0.03853738 -0.02872121 0.52966249
v -0.03902167 -0.02347558 0.52600718
v -0.03851985 -0.02557080 0.52959120
v -0.03899449 -0.02011978 0.52597088
v -0.03850239 -0.02242040 0.52951998
v -0.03896731 -0.01676392 0.52593440
v -0.03848487 -0.01927000 0.52944893
v -0.03894013 -0.01340812 0.52589792
v -0.03846734 -0.01611965 0.52937782
v -0.03891295 -0.01005226 0.52586150
v -0.03844988 -0.01296925 0.52930647
v -0.03888577 -0.00669646 0.52582508
v -0.03843235 -0.00981885 0.52923542
v -0.03844362 -0.00660658 0.52900642
v -0.03773534 -0.00987989 0.53227967
v -0.03767389 -0.01291698 0.53261560
v -0.03673827 -0.01310998 0.53550982
v -0.03660577 -0.01597720 0.53594887
v -0.03544378 -0.01628959 0.53868937
v -0.03522199 -0.01898455 0.53921801
v -0.03384143 -0.01940143 0.54180121
v -0.03351438 -0.02192121 0.54240203
v -0.03192353 -0.02241766 0.54481739
v -0.03147357 -0.02476662 0.54547822
v -0.02968198 -0.02531105 0.54771072
v -0.02908891 -0.02749496 0.54841828
v -0.02710235 -0.02805709 0.55045688
v -0.02710640 -0.02941185 0.55047762
v -0.02492767 -0.03123277 0.55242860
v -0.02478688 -0.03297418 0.55257571
v -0.02240312 -0.03456991 0.55438632
v -0.02225708 -0.03619897 0.55451882
v -0.01968044 -0.03756588 0.55616170
v -0.01953488 -0.03909140 0.55627692
v -0.01678240 -0.04022759 0.55772591
v -0.01664376 -0.04165995 0.55782229
v -0.01373654 -0.04256761 0.55905342
v -0.01361179 -0.04391890 0.55913103
v -0.01057988 -0.04460293 0.56012237
v -0.01047587 -0.04588717 0.56018227
v -0.00735468 -0.04635834 0.56091738
v -0.00727773 -0.04759132 0.56096298
v -0.00410604 -0.04786771 0.56143242
v -0.00402659 -0.04998761 0.56149483
v -0.00087135 -0.05008387 0.56169391
v -0.00085390 -0.05217725 0.56174821
v -0.00050002 -0.05110001 0.56172663
v -0.00050002 -0.05380004 0.56179613
v -0.00394720 -0.05210745 0.56155747
v -0.00422043 -0.05380004 0.56157237
v -0.00700569 -0.05195027 0.56112403
v -0.00790071 -0.05380004 0.56099951
v -0.01000422 -0.05171138 0.56045520
v -0.01150429 -0.05380004 0.56008381
v -0.01292109 -0.05139863 0.55956078
v -0.01500040 -0.05380004 0.55883592
v -0.01549106 -0.05356782 0.55862480
v -0.01836442 -0.05380004 0.55726588
v -0.01817953 -0.05329805 0.55734962
v -0.02075153 -0.05299806 0.55588400
v -0.01843822 -0.05058628 0.55714482
v -0.02101093 -0.05010330 0.55564868
v -0.02126902 -0.04722380 0.55541468
v -0.02369356 -0.04650104 0.55371767
v -0.02394235 -0.04342281 0.55345798
v -0.02619189 -0.04244059 0.55158508
v -0.02632254 -0.04057937 0.55142689
v -0.02838850 -0.03941917 0.54941100
v -0.02850520 -0.03743183 0.54924560
v -0.03100520 -0.03560107 0.54631990
v -0.03109890 -0.03343421 0.54615152
v -0.03324204 -0.03133761 0.54305398
v -0.03331011 -0.02898353 0.54289103
v -0.03509497 -0.02662652 0.53966713
v -0.03513735 -0.02407920 0.53951740
v -0.03656899 -0.02146756 0.53620738
v -0.03658735 -0.01872235 0.53607810
v -0.03767591 -0.01586353 0.53271812
v -0.03864771 -0.04858219 0.53011119
v -0.03834247 -0.05380004 0.53172261
v -0.03769820 -0.04917496 0.53387809
v -0.03729665 -0.05380004 0.53527260
v -0.03637939 -0.04976016 0.53753930
v -0.03591847 -0.05380004 0.53871638
v -0.03470098 -0.05033487 0.54106033
v -0.03421974 -0.05380004 0.54201931
v -0.03267633 -0.05089581 0.54440820
v -0.03222239 -0.05380004 0.54514062
v -0.03032058 -0.05143898 0.54755008
v -0.02994078 -0.05380004 0.54806018
v -0.02765190 -0.05195957 0.55045521
v -0.02738922 -0.05380004 0.55075800
v -0.02549809 -0.05232524 0.55242538
v -0.02459073 -0.05380004 0.55320758
v -0.02319478 -0.05267244 0.55423868
v -0.02157187 -0.05380004 0.55538452
v -0.00016669 -0.05110001 0.56172937
v 0.00016665 -0.05110001 0.56172937
v 0.00049998 -0.05110001 0.56172663
v 0.00049998 -0.05380004 0.56179613
v 0.00224697 -0.05215692 0.56169271
v 0.00229269 -0.05005580 0.56163591
v -0.00088880 -0.04799044 0.56163961
v -0.00415099 -0.04666841 0.56139702
v -0.00743163 -0.04512530 0.56087172
v -0.01068383 -0.04331874 0.56006211
v -0.01386135 -0.04121631 0.55897570
v -0.01692104 -0.03879523 0.55762941
v -0.01982599 -0.03604042 0.55604649
v -0.02254909 -0.03294086 0.55425388
v -0.02417671 -0.03061556 0.55301517
v 0.00422037 -0.05380004 0.56157237
v 0.00532794 -0.05204731 0.56139231
v 0.00543368 -0.04990464 0.56132281
v 0.00233847 -0.04795467 0.56157929
v 0.00553942 -0.04776197 0.56125319
v 0.00236434 -0.04676604 0.56154710
v 0.00559926 -0.04654979 0.56121391
v 0.00239020 -0.04557734 0.56151497
v 0.00565910 -0.04533761 0.56117451
v 0.00241607 -0.04438865 0.56148303
v 0.00571895 -0.04412543 0.56113511
v 0.00244194 -0.04320001 0.56145078
v 0.00577873 -0.04291325 0.56109577
v 0.00246781 -0.04201132 0.56141877
v 0.00583857 -0.04170107 0.56105661
v 0.00249368 -0.04082262 0.56138670
v 0.00589842 -0.04048889 0.56101722
v 0.00251955 -0.03963398 0.56135470
v 0.00595826 -0.03927671 0.56097782
v 0.00476694 -0.03872615 0.56112581
v 0.00686204 -0.03840976 0.56080949
v 0.00930869 -0.03864192 0.56030780
v 0.00902748 -0.03795832 0.56035799
v 0.01124602 -0.03736007 0.55975991
v 0.01252949 -0.03775179 0.55936670
v 0.01341313 -0.03663700 0.55903667
v 0.01559007 -0.03663319 0.55818182
v 0.01549756 -0.03580409 0.55820382
v 0.01749700 -0.03486955 0.55726922
v 0.01846891 -0.03531533 0.55678290
v 0.01940906 -0.03384137 0.55624098
v 0.02105951 -0.03388291 0.55525851
v 0.02295881 -0.03153938 0.55393922
v 0.02346730 -0.03231281 0.55358338
v 0.02613037 -0.02896493 0.55136460
v 0.02568942 -0.03062641 0.55177951
v 0.02772712 -0.02884089 0.54986483
v 0.02760034 -0.03073972 0.55002570
v 0.02947121 -0.02899271 0.54802102
v 0.02935868 -0.03101456 0.54818761
v 0.03107088 -0.02932924 0.54609942
v 0.03097486 -0.03147882 0.54626793
v 0.03253412 -0.02987283 0.54409897
v 0.03245604 -0.03215402 0.54426497
v 0.03386557 -0.03064239 0.54201812
v 0.03380596 -0.03305858 0.54217768
v 0.03506654 -0.03165370 0.53985441
v 0.03502506 -0.03420764 0.54000360
v 0.03613525 -0.03291916 0.53760582
v 0.03611099 -0.03561317 0.53774101
v 0.03706747 -0.03444927 0.53527182
v 0.03705215 -0.03946220 0.53548008
v 0.03786027 -0.03853952 0.53292751
v 0.03786885 -0.04380607 0.53310043
v 0.03851878 -0.04313147 0.53046608
v 0.03854674 -0.04865372 0.53059942
v 0.03902655 -0.04823237 0.52788728
v 0.03905034 -0.05380004 0.52809012
v 0.03931522 -0.04780942 0.52515000
v 0.03941470 -0.05380004 0.52439982
v 0.03937220 -0.04900002 0.52439988
v 0.00790071 -0.05380004 0.56099951
v 0.00836241 -0.05185258 0.56085187
v 0.00852120 -0.04963606 0.56076050
v 0.00867999 -0.04741954 0.56066930
v 0.00876981 -0.04616564 0.56061769
v 0.00885963 -0.04491168 0.56056601
v 0.00894940 -0.04365772 0.56051439
v 0.00903922 -0.04240381 0.56046271
v 0.00912905 -0.04114985 0.56041110
v 0.00921887 -0.03989589 0.56035942
v 0.01150429 -0.05380004 0.56008381
v 0.01132673 -0.05157941 0.56008029
v 0.01152855 -0.04925942 0.55996048
v 0.01173037 -0.04693937 0.55984092
v 0.01184451 -0.04562687 0.55977309
v 0.01195865 -0.04431432 0.55970520
v 0.01207286 -0.04300183 0.55963761
v 0.01218700 -0.04168933 0.55956990
v 0.01230120 -0.04037678 0.55950212
v 0.01241534 -0.03906428 0.55943441
v 0.01500040 -0.05380004 0.55883592
v 0.01396751 -0.05368638 0.55924058
v 0.01420062 -0.05123621 0.55908853
v 0.01836442 -0.05380004 0.55726588
v 0.01671475 -0.05343526 0.55807471
v 0.01696676 -0.05083185 0.55788910
v 0.01443374 -0.04878610 0.55893648
v 0.01925754 -0.05316233 0.55676568
v 0.02157187 -0.05380004 0.55538452
v 0.02168756 -0.05286324 0.55528450
v 0.02399390 -0.05254197 0.55364031
v 0.02194327 -0.04991060 0.55504000
v 0.02423751 -0.04939323 0.55337280
v 0.02219897 -0.04695802 0.55479562
v 0.02448111 -0.04624450 0.55310571
v 0.02245467 -0.04400545 0.55455112
v 0.02472472 -0.04309576 0.55283833
v 0.02259933 -0.04233503 0.55441302
v 0.02486252 -0.04131442 0.55268693
v 0.02274399 -0.04066467 0.55427468
v 0.02500039 -0.03953307 0.55253571
v 0.02288866 -0.03899431 0.55413628
v 0.02513819 -0.03775179 0.55238450
v 0.02303332 -0.03732395 0.55399811
v 0.02527600 -0.03597044 0.55223328
v 0.02317798 -0.03565353 0.55385989
v 0.02541381 -0.03418910 0.55208212
v 0.02332264 -0.03398317 0.55372179
v 0.02555161 -0.03240776 0.55193090
v 0.02459079 -0.05380004 0.55320758
v 0.02616733 -0.05220174 0.55184358
v 0.02639144 -0.04884535 0.55155933
v 0.02661550 -0.04548901 0.55127501
v 0.02683961 -0.04213261 0.55099082
v 0.02696639 -0.04023379 0.55082983
v 0.02709317 -0.03833496 0.55066901
v 0.02721995 -0.03643614 0.55050832
v 0.02734678 -0.03453737 0.55034733
v 0.02747356 -0.03263854 0.55018651
v 0.02738922 -0.05380004 0.55075783
v 0.02819931 -0.05184549 0.54990500
v 0.02839821 -0.04827159 0.54961032
v 0.02859711 -0.04469776 0.54931557
v 0.02879607 -0.04112386 0.54902101
v 0.02890855 -0.03910201 0.54885441
v 0.02902108 -0.03708016 0.54868758
v 0.02913361 -0.03505831 0.54852098
v 0.02924615 -0.03303641 0.54835421
v 0.02994084 -0.05380004 0.54806000
v 0.03008180 -0.05147576 0.54783452
v 0.03025150 -0.04767614 0.54753679
v 0.03042119 -0.04387658 0.54723912
v 0.03059089 -0.04007697 0.54694152
v 0.03068685 -0.03792744 0.54677308
v 0.03078287 -0.03577792 0.54660457
v 0.03087890 -0.03362834 0.54643631
v 0.03180772 -0.05109453 0.54564333
v 0.03222244 -0.05380004 0.54514039
v 0.03337037 -0.05070364 0.54334259
v 0.03421980 -0.05380004 0.54201913
v 0.03476357 -0.05030477 0.54094338
v 0.03591853 -0.05380004 0.53871620
v 0.03598231 -0.04989916 0.53845757
v 0.03702157 -0.04948806 0.53589678
v 0.03602522 -0.04513716 0.53821862
v 0.03703689 -0.04447513 0.53568852
v 0.03606808 -0.04037517 0.53797990
v 0.03729665 -0.05380004 0.53527242
v 0.03787744 -0.04907262 0.53327328
v 0.03834247 -0.05380004 0.53172243
v 0.03926426 -0.04177170 0.52510411
v 0.03928756 -0.03674995 0.52389991
v 0.03921329 -0.03573405 0.52505821
v 0.03916239 -0.02969640 0.52501237
v 0.03889989 -0.03089398 0.52761543
v 0.03887599 -0.02762436 0.52756411
v 0.03844702 -0.02896291 0.53012389
v 0.03843122 -0.02583879 0.53004849
v 0.03784203 -0.02731406 0.53255898
v 0.03783714 -0.02433460 0.53246129
v 0.03709340 -0.02594131 0.53491813
v 0.03710204 -0.02310532 0.53480029
v 0.03620809 -0.02483707 0.53720063
v 0.03623235 -0.02214306 0.53706551
v 0.03519099 -0.02399188 0.53940701
v 0.03523248 -0.02143794 0.53925782
v 0.03404450 -0.02339380 0.54153949
v 0.03410416 -0.02097761 0.54138011
v 0.03276836 -0.02302926 0.54360121
v 0.03342813 -0.02010518 0.54250503
v 0.03135371 -0.02320778 0.54560751
v 0.03919827 -0.02449995 0.52339989
v 0.03913354 -0.02628070 0.52498651
v 0.03885215 -0.02435475 0.52751273
v 0.03841537 -0.02271467 0.52997309
v 0.03783231 -0.02135515 0.53236347
v 0.03711068 -0.02026939 0.53468227
v 0.03625661 -0.01944905 0.53693032
v 0.03527396 -0.01888400 0.53910881
v 0.03516042 -0.01689261 0.53929251
v 0.03910440 -0.01224994 0.52289993
v 0.03907591 -0.01944929 0.52493447
v 0.03910475 -0.02286499 0.52496052
v 0.03900307 0.00000000 0.52239990
v 0.03898948 -0.00920218 0.52485669
v 0.03901827 -0.01261788 0.52488267
v 0.03904712 -0.01603358 0.52490860
v 0.03878051 -0.01454585 0.52735901
v 0.03880435 -0.01781553 0.52741033
v 0.03838372 -0.01646643 0.52982217
v 0.03839957 -0.01959055 0.52989757
v 0.03782749 -0.01837569 0.53226572
v 0.03896063 -0.00578648 0.52483082
v 0.03885513 -0.00343442 0.52583432
v 0.03873270 -0.00800663 0.52725643
v 0.03839939 -0.00685894 0.52925873
v 0.03835213 -0.01021820 0.52967131
v 0.03781777 -0.01241677 0.53207010
v 0.03836792 -0.01334232 0.52974677
v 0.03782260 -0.01539623 0.53216791
v 0.03763538 -0.01025408 0.53265393
v 0.03712797 -0.01459741 0.53444672
v 0.03711932 -0.01743340 0.53456461
v 0.03655934 -0.01360094 0.53600091
v 0.03628087 -0.01675504 0.53679520
v 0.02892678 -0.02617096 0.54857069
v 0.02958375 -0.02697086 0.54785430
v 0.03126287 -0.02503019 0.54576272
v 0.03269028 -0.02531045 0.54376721
v 0.03398489 -0.02581000 0.54169899
v 0.03514951 -0.02654582 0.53955621
v 0.03618377 -0.02753114 0.53733569
v 0.03708475 -0.02877730 0.53503603
v 0.03784686 -0.03029352 0.53265691
v 0.03846281 -0.03208702 0.53019941
v 0.03894209 -0.03667348 0.52770603
v 0.00275111 -0.03892153 0.56132132
v -0.00103861 -0.03900492 0.56140482
v -0.00095792 -0.03970021 0.56142437
v -0.00296140 -0.03890615 0.56130588
v -0.00442064 -0.03947275 0.56118470
v -0.00495225 -0.03870290 0.56110263
v -0.00700402 -0.03838413 0.56078392
v -0.00781637 -0.03896033 0.56064409
v -0.00910956 -0.03793865 0.56033832
v -0.01109981 -0.03818190 0.55982172
v -0.01125121 -0.03735852 0.55975831
v -0.01333796 -0.03666448 0.55906421
v -0.01423567 -0.03716248 0.55874282
v -0.01534849 -0.03586834 0.55826801
v -0.01719832 -0.03593057 0.55743641
v -0.01728063 -0.03497737 0.55737698
v -0.01997148 -0.03451490 0.55593139
v -0.02090120 -0.03293985 0.55533952
v -0.03886616 -0.00330752 0.52570742
v -0.03900307 0.00000000 0.52239990
v -0.03910046 -0.01174408 0.52287918
v -0.03919327 -0.02382576 0.52337241
v -0.03928399 -0.03624457 0.52387917
v 0.03882825 -0.02108514 0.52746153
v -0.01573765 -0.05102068 0.55845308
v -0.01598274 -0.04848879 0.55828249
v -0.01314169 -0.04901003 0.55942351
v -0.01622778 -0.04595696 0.55811191
v -0.01336222 -0.04662150 0.55928618
v -0.01636642 -0.04452461 0.55801529
v -0.01348698 -0.04527020 0.55920869
v -0.01650512 -0.04309231 0.55791891
v -0.02344477 -0.04957926 0.55397773
v -0.02573007 -0.04902058 0.55214441
v -0.02785909 -0.04843240 0.55016142
v -0.03048670 -0.04759526 0.54725158
v -0.03279709 -0.04672223 0.54411900
v -0.03477603 -0.04582118 0.54079509
v -0.03641194 -0.04489845 0.53731042
v -0.03769469 -0.04395955 0.53369647
v -0.00714171 -0.04977077 0.56104338
v -0.01018804 -0.04944139 0.56034881
v -0.01869547 -0.04788982 0.55694121
v -0.02152711 -0.04434424 0.55518073
v -0.02408313 -0.04168140 0.55331087
v -0.02645319 -0.03871810 0.55126858
v -0.02862197 -0.03544443 0.54908007
v -0.03119260 -0.03126728 0.54598308
v -0.03337818 -0.02662938 0.54272813
v -0.03517967 -0.02153187 0.53936762
v -0.02596098 -0.04573059 0.55186480
v -0.02806544 -0.04491949 0.54986900
v -0.03065228 -0.04376506 0.54695398
v -0.03291743 -0.04256105 0.54383123
v -0.03485083 -0.04131847 0.54053062
v -0.03644448 -0.04004603 0.53708202
v -0.03769123 -0.03875118 0.53351498
v 0.03849083 -0.03760927 0.53033268
v 0.03898435 -0.04245293 0.52779663
v 0.03785175 -0.03327298 0.53275472
v 0.03707611 -0.03161329 0.53515393
v 0.03615951 -0.03022515 0.53747070
v 0.03510802 -0.02909976 0.53970528
v 0.03392523 -0.02822619 0.54185861
v 0.03261220 -0.02759164 0.54393297
v 0.03116685 -0.02717971 0.54593098
v 0.03491026 -0.04127597 0.54041630
v 0.03483688 -0.04579037 0.54067987
v 0.03358119 -0.04216182 0.54277867
v 0.03347581 -0.04643273 0.54306072
v 0.03498357 -0.03676158 0.54015273
v 0.03208374 -0.04302990 0.54505652
v 0.03194570 -0.04706221 0.54534990
v 0.03368663 -0.03789097 0.54249668
v 0.03374630 -0.03547477 0.54233712
v 0.03222179 -0.03899765 0.54476303
v 0.03229987 -0.03671646 0.54459703
v 0.03237795 -0.03443521 0.54443097
v 0.01977539 -0.04762238 0.55633259
v 0.01951646 -0.05039238 0.55654931
v 0.01721876 -0.04822850 0.55770361
v 0.02003425 -0.04485237 0.55611593
v 0.02018070 -0.04328531 0.55599338
v 0.02032721 -0.04171824 0.55587077
v 0.02047365 -0.04015117 0.55574828
v 0.02062010 -0.03858411 0.55562580
v 0.02076661 -0.03701704 0.55550331
v 0.02091306 -0.03544998 0.55538100
v 0.01466685 -0.04633599 0.55878419
v 0.01747083 -0.04562509 0.55751771
v 0.01761341 -0.04415225 0.55741292
v 0.01775598 -0.04267942 0.55730790
v 0.01789855 -0.04120659 0.55720282
v 0.01804113 -0.03973382 0.55709779
v 0.01818376 -0.03826099 0.55699271
v 0.01832634 -0.03678816 0.55688781
v -0.01037186 -0.04717141 0.56024247
v -0.01895272 -0.04519331 0.55673772
v -0.01909828 -0.04366785 0.55662251
v -0.01924383 -0.04214233 0.55650741
v -0.01938933 -0.04061686 0.55639207
v -0.02827179 -0.04140657 0.54957640
v -0.03081786 -0.03993481 0.54665649
v -0.03303778 -0.03839993 0.54354310
v -0.03492569 -0.03681582 0.54026592
v -0.03647696 -0.03519356 0.53685349
v -0.03768771 -0.03354281 0.53333372
v 0.01493060 -0.04356378 0.55861223
v 0.01479876 -0.04494988 0.55869830
v 0.01506251 -0.04217767 0.55852622
v 0.01519441 -0.04079157 0.55844009
v 0.01532626 -0.03940546 0.55835402
v 0.01545816 -0.03801929 0.55826801
v -0.00090855 -0.04562181 0.56157809
v -0.00089868 -0.04680609 0.56160891
v -0.00419593 -0.04546916 0.56136161
v -0.00091843 -0.04443746 0.56154740
v -0.00092830 -0.04325318 0.56151682
v -0.00093817 -0.04206883 0.56148612
v -0.00094805 -0.04088455 0.56145531
v -0.00750857 -0.04389232 0.56082630
v -0.01078784 -0.04203450 0.56000203
v -0.01398611 -0.03986507 0.55889821
v -0.01705968 -0.03736293 0.55753303
v -0.00424087 -0.04426985 0.56132621
v -0.00428581 -0.04307061 0.56129080
v -0.00433075 -0.04187130 0.56125551
v -0.00437570 -0.04067200 0.56121987
v -0.02181911 -0.04108613 0.55491602
v -0.02167308 -0.04271519 0.55504841
v -0.02422386 -0.03993993 0.55316383
v -0.02196508 -0.03945708 0.55478352
v -0.02211111 -0.03782802 0.55465102
v -0.02658385 -0.03685683 0.55111039
v -0.02873867 -0.03345710 0.54891467
v -0.03128623 -0.02910041 0.54581481
v -0.03344625 -0.02427530 0.54256511
v -0.02436465 -0.03819853 0.55301672
v -0.02450537 -0.03645706 0.55286968
v -0.02464616 -0.03471565 0.55272257
v -0.03317391 -0.03369170 0.54321712
v -0.03091156 -0.03776794 0.54648823
v -0.03310585 -0.03604584 0.54338008
v -0.03501033 -0.03172117 0.53996652
v -0.03496801 -0.03426849 0.54011607
v -0.03505265 -0.02917385 0.53981668
v -0.03653216 -0.02695798 0.53646582
v -0.03651380 -0.02970314 0.53659511
v -0.03768181 -0.02470314 0.53302592
v -0.03768378 -0.02764970 0.53312838
v -0.03649538 -0.03244835 0.53672433
v -0.03768575 -0.03059625 0.53323108
v 0.03875660 -0.01127624 0.52730781
v -0.00766248 -0.04142630 0.56073523
v -0.00758553 -0.04265934 0.56078070
v -0.01089185 -0.04075032 0.55994189
v -0.00773942 -0.04019331 0.56068963
v -0.01411086 -0.03851377 0.55882043
v -0.01099586 -0.03946608 0.55988181
v -0.02684509 -0.03313434 0.55079412
v -0.02671450 -0.03499561 0.55095208
v -0.02885544 -0.03146970 0.54874933
v -0.02697575 -0.03127312 0.55063587
v -0.03137993 -0.02693355 0.54564661
v -0.02897214 -0.02948236 0.54858369
v -0.03767788 -0.01881009 0.53282070
v -0.03655058 -0.02421277 0.53633660
v -0.03767985 -0.02175664 0.53292328
v -0.03420484 0.00450307 0.47739989
v -0.03420484 0.00450307 0.47289991
v -0.03450000 0.00000000 0.47739989
v -0.03450000 0.00000000 0.47289991
v -0.03450000 0.00000000 0.47739989
v -0.03450000 0.00000000 0.47289991
v -0.03420484 -0.00450319 0.47739989
v -0.03420484 -0.00450319 0.47289991
v -0.03332442 -0.00892931 0.47739980
v -0.03332442 -0.00892931 0.47289991
v -0.03187382 -0.01320260 0.47739989
v -0.03187382 -0.01320260 0.47289991
v -0.02987784 -0.01725006 0.47739989
v -0.02987784 -0.01725006 0.47289991
v -0.02737069 -0.02100229 0.47739989
v -0.02737069 -0.02100229 0.47289991
v -0.02439516 -0.02439522 0.47739989
v -0.02439516 -0.02439522 0.47289991
v -0.02100223 -0.02737075 0.47739980
v -0.02100223 -0.02737075 0.47289991
v -0.01725000 -0.02987790 0.47739980
v -0.01725000 -0.02987790 0.47289991
v -0.01320254 -0.03187388 0.47739980
v -0.01320254 -0.03187388 0.47289991
v -0.00892925 -0.03332448 0.47739989
v -0.00892925 -0.03332448 0.47289991
v -0.00450313 -0.03420490 0.47739980
v -0.00450313 -0.03420490 0.47289991
v 0.00000000 -0.03450006 0.47739989
v 0.00000000 -0.03450006 0.47289991
v 0.00450313 -0.03420490 0.47739980
v 0.00450313 -0.03420490 0.47289991
v 0.00892919 -0.03332448 0.47739989
v 0.00892919 -0.03332448 0.47289991
v 0.01320254 -0.03187388 0.47739980
v 0.01320254 -0.03187388 0.47289991
v 0.01724994 -0.02987790 0.47739980
v 0.01724994 -0.02987790 0.47289991
v 0.02100223 -0.02737075 0.47739980
v 0.02100223 -0.02737075 0.47289991
v 0.02439516 -0.02439522 0.47739989
v 0.02439516 -0.02439522 0.47289991
v 0.02737063 -0.02100229 0.47739989
v 0.02737063 -0.02100229 0.47289991
v 0.02987784 -0.01725006 0.47739989
v 0.02987784 -0.01725006 0.47289991
v 0.03187382 -0.01320260 0.47739989
v 0.03187382 -0.01320260 0.47289991
v 0.03332442 -0.00892931 0.47739980
v 0.03332442 -0.00892931 0.47289991
v 0.03420478 -0.00450319 0.47739989
v 0.03420478 -0.00450319 0.47289991
v 0.03449994 0.00000000 0.47739989
v 0.03449994 0.00000000 0.47289991
v 0.03420478 0.00450307 0.47739989
v 0.03420478 0.00450307 0.47289991
v 0.03332442 0.00892913 0.47739989
v 0.03332442 0.00892913 0.47289991
v 0.03187382 0.01320248 0.47739980
v 0.03187382 0.01320248 0.47289991
v 0.02987784 0.01724988 0.47739989
v 0.02987784 0.01724988 0.47289991
v 0.02737063 0.02100217 0.47739989
v 0.02737063 0.02100217 0.47289991
v 0.02439516 0.02439504 0.47739989
v 0.02439516 0.02439504 0.47289979
v 0.02100223 0.02737057 0.47740000
v 0.02100223 0.02737057 0.47289991
v 0.01724994 0.02987778 0.47739989
v 0.01724994 0.02987778 0.47289991
v 0.01320254 0.03187376 0.47740000
v 0.01320254 0.03187376 0.47289991
v 0.00892919 0.03332436 0.47739989
v 0.00892919 0.03332430 0.47289991
v 0.00450313 0.03420472 0.47740000
v 0.00450313 0.03420472 0.47289991
v 0.00000000 0.03449988 0.47739989
v 0.00000000 0.03449988 0.47289991
v -0.00450313 0.03420472 0.47740000
v -0.00450313 0.03420472 0.47289991
v -0.00892925 0.03332436 0.47739989
v -0.00892925 0.03332430 0.47289991
v -0.01320254 0.03187376 0.47740000
v -0.01320254 0.03187376 0.47289991
v -0.01725000 0.02987778 0.47739989
v -0.01725000 0.02987778 0.47289991
v -0.02100223 0.02737057 0.47740000
v -0.02100223 0.02737057 0.47289991
v -0.02439516 0.02439510 0.47739989
v -0.02439516 0.02439504 0.47289979
v -0.02737069 0.02100217 0.47739989
v -0.02737069 0.02100217 0.47289991
v -0.02987784 0.01724988 0.47739989
v -0.02987784 0.01724988 0.47289991
v -0.03187382 0.01320248 0.47739980
v -0.03187382 0.01320248 0.47289991
v -0.03332442 0.00892913 0.47739989
v -0.03332442 0.00892913 0.47289991
v -0.03420484 0.00450307 0.47289991
v 0.03420478 0.00450307 0.47289991
v -0.03450000 0.00000000 0.47289991
v 0.03449994 0.00000000 0.47289991
v -0.03420484 -0.00450319 0.47289991
v 0.03420478 -0.00450319 0.47289991
v -0.03332442 -0.00892931 0.47289991
v 0.03332442 -0.00892931 0.47289991
v -0.03187382 -0.01320260 0.47289991
v 0.03187382 -0.01320260 0.47289991
v -0.02987784 -0.01725006 0.47289991
v 0.02987784 -0.01725006 0.47289991
v -0.02737069 -0.02100229 0.47289991
v 0.02737063 -0.02100229 0.47289991
v -0.02439516 -0.02439522 0.47289991
v 0.02439516 -0.02439522 0.47289991
v -0.02439516 -0.02439522 0.47289991
v 0.02439516 -0.02439522 0.47289991
v -0.02100223 -0.02737075 0.47289991
v 0.02100223 -0.02737075 0.47289991
v -0.02100223 -0.02737075 0.47289991
v 0.02100223 -0.02737075 0.47289991
v -0.01725000 -0.02987790 0.47289991
v 0.01724994 -0.02987790 0.47289991
v -0.01725000 -0.02987790 0.47289991
v 0.01724994 -0.02987790 0.47289991
v -0.01320254 -0.03187388 0.47289991
v 0.01320254 -0.03187388 0.47289991
v -0.01320254 -0.03187388 0.47289991
v 0.01320254 -0.03187388 0.47289991
v -0.00892925 -0.03332448 0.47289991
v 0.00892919 -0.03332448 0.47289991
v -0.00892925 -0.03332448 0.47289991
v 0.00892919 -0.03332448 0.47289991
v -0.00450313 -0.03420490 0.47289991
v 0.00450313 -0.03420490 0.47289991
v 0.00000000 -0.03450006 0.47289991
v 0.03332442 0.00892913 0.47289991
v -0.03332442 0.00892913 0.47289991
v 0.03332442 0.00892913 0.47289991
v -0.03332442 0.00892913 0.47289991
v 0.03187382 0.01320248 0.47289991
v -0.03187382 0.01320248 0.47289991
v 0.03187382 0.01320248 0.47289991
v -0.03187382 0.01320248 0.47289991
v 0.02987784 0.01724988 0.47289991
v -0.02987784 0.01724988 0.47289991
v 0.02987784 0.01724988 0.47289991
v -0.02987784 0.01724988 0.47289991
v 0.02737063 0.02100217 0.47289991
v -0.02737069 0.02100217 0.47289991
v 0.02737063 0.02100217 0.47289991
v -0.02737069 0.02100217 0.47289991
v 0.02439516 0.02439504 0.47289979
v -0.02439516 0.02439504 0.47289979
v 0.02439516 0.02439504 0.47289979
v -0.02439516 0.02439504 0.47289979
v 0.02100223 0.02737057 0.47289991
v -0.02100223 0.02737057 0.47289991
v 0.02100223 0.02737057 0.47289991
v -0.02100223 0.02737057 0.47289991
v 0.01724994 0.02987778 0.47289991
v -0.01725000 0.02987778 0.47289991
v 0.01320254 0.03187376 0.47289991
v -0.01320254 0.03187376 0.47289991
v 0.00892919 0.03332430 0.47289991
v -0.00892925 0.03332430 0.47289991
v 0.00450313 0.03420472 0.47289991
v -0.00450313 0.03420472 0.47289991
v 0.00000000 0.03449988 0.47289991
v -0.03941470 -0.05380004 0.52440012
v -0.03937226 -0.04900002 0.52439988
v -0.03948336 -0.05380004 0.52260661
v -0.03952533 -0.04900068 0.52039993
v 0.03902548 -0.00238252 0.52230263
v 0.03919827 -0.02449995 0.52339989
v 0.03952527 -0.04900068 0.52039993
v 0.03928756 -0.03674995 0.52389991
v 0.03937220 -0.04900002 0.52439988
v 0.03900307 0.00000000 0.52239990
v 0.03910440 -0.01224994 0.52289993
v -0.03937226 -0.04900002 0.52439988
v -0.03928399 -0.03624457 0.52387917
v -0.03952533 -0.04900068 0.52039993
v -0.03919327 -0.02382576 0.52337241
v -0.03910046 -0.01174408 0.52287918
v -0.03900307 0.00000000 0.52239990
v -0.03902554 -0.00238252 0.52230263
v -0.00033335 -0.05110001 0.48267651
v -0.00050002 -0.05110001 0.48267829
v -0.00379425 -0.04951739 0.48241371
v -0.00050001 -0.05170232 0.48277631
v -0.00375706 -0.05131494 0.48289451
v -0.00050001 -0.05230951 0.48283741
v -0.00359482 -0.05290871 0.48302189
v -0.00050002 -0.05291926 0.48286131
v -0.00554311 -0.05289369 0.48324841
v -0.00747991 -0.05129367 0.48342940
v -0.00755221 -0.04951035 0.48296019
v -0.01123797 -0.04949849 0.48386589
v -0.01144886 -0.04773020 0.48304781
v -0.01508146 -0.04774534 0.48435631
v -0.01334786 -0.04619723 0.48247829
v -0.01546037 -0.04621779 0.48331770
v -0.01674085 -0.04623311 0.48389930
v -0.01760596 -0.04624491 0.48432490
v -0.01855909 -0.04776781 0.48601580
v -0.01849991 -0.04625838 0.48479399
v -0.01899796 -0.04626649 0.48506829
v -0.02232706 -0.04633462 0.48716679
v -0.02184987 -0.04779940 0.48800850
v -0.02538996 -0.04642570 0.48956761
v -0.02492225 -0.04784226 0.49031341
v -0.02822828 -0.04654717 0.49230009
v -0.02774858 -0.04789841 0.49290460
v -0.03030496 -0.04797017 0.49575549
v -0.02742093 -0.04936850 0.49335751
v -0.03000396 -0.04933094 0.49612269
v -0.02726542 -0.05079507 0.49362600
v -0.02986174 -0.05064225 0.49634770
v -0.02940517 -0.05184525 0.49594969
v -0.03222715 -0.05149817 0.49946651
v -0.00924420 -0.05284565 0.48395339
v -0.01113468 -0.05125689 0.48431590
v -0.01481676 -0.04948163 0.48512140
v -0.01289659 -0.05277037 0.48501909
v -0.01468801 -0.05120295 0.48554510
v -0.01825404 -0.04945993 0.48671499
v -0.01562237 -0.05269283 0.48607299
v -0.01810663 -0.05113071 0.48710611
v -0.02151995 -0.04943358 0.48863140
v -0.01971793 -0.05253487 0.48812139
v -0.02136158 -0.05103904 0.48898470
v -0.02458482 -0.04940295 0.49085280
v -0.02200299 -0.05241984 0.48954019
v -0.02442377 -0.05092728 0.49116480
v -0.02482932 -0.05224335 0.49161810
v -0.03425705 -0.05117189 0.50262111
v -0.03358101 -0.05034255 0.50139439
v -0.03218948 -0.05046910 0.49930510
v -0.03231203 -0.04929071 0.49912199
v -0.03257250 -0.04805910 0.49883589
v -0.03087711 -0.04671120 0.49544001
v -0.03483784 -0.05020785 0.50356752
v -0.03599387 -0.05080920 0.50598520
v -0.03595519 -0.05006498 0.50581610
v -0.03692859 -0.04991471 0.50813168
v -0.03698378 -0.04917430 0.50804400
v -0.03779387 -0.04914367 0.51043731
v -0.03787684 -0.04848796 0.51035118
v -0.03850799 -0.04859560 0.51281792
v -0.03858685 -0.04808366 0.51275092
v -0.03870725 -0.04863733 0.51375282
v -0.03879928 -0.04865837 0.51422191
v -0.03866463 -0.04910027 0.51380563
v -0.03876125 -0.04909414 0.51427078
v -0.03864407 -0.04953217 0.51385051
v -0.03874289 -0.04950052 0.51431268
v -0.03864127 -0.04991036 0.51388651
v -0.03872442 -0.04986500 0.51427120
v -0.03735607 -0.05043113 0.50936967
v -0.03775459 -0.04975789 0.51050568
v -0.03845536 -0.04911231 0.51287901
v -0.03845030 -0.05000633 0.51306552
v -0.03843015 -0.04959487 0.51292998
v -0.03879791 -0.04982209 0.51462758
v -0.03884023 -0.04946535 0.51479661
v -0.03885513 -0.04908734 0.51475137
v -0.03916323 -0.04904991 0.51662332
v -0.03917926 -0.04880195 0.51660079
v -0.03939163 -0.04892665 0.51851219
v -0.03931981 -0.04872161 0.51765960
v -0.03939747 -0.04883831 0.51850730
v -0.03952533 -0.04900068 0.52039993
v -0.03883886 -0.04979550 0.51483381
v -0.03897911 -0.04967534 0.51558721
v -0.03915506 -0.04928070 0.51664323
v -0.03915840 -0.04947608 0.51669532
v -0.03938513 -0.04909753 0.51852143
v -0.03940802 -0.04914522 0.51877213
v -0.03952533 -0.04900068 0.52039993
v -0.03920269 -0.04855483 0.51657730
v -0.03911399 -0.04844516 0.51586640
v -0.03903710 -0.04836308 0.51530892
v -0.03888726 -0.04868090 0.51469958
v -0.03893595 -0.04827618 0.51464480
v -0.03764504 -0.04772323 0.50897700
v -0.03710114 -0.04838669 0.50792801
v -0.03602755 -0.04920452 0.50570732
v -0.03641247 -0.04740726 0.50537241
v -0.03618168 -0.04829275 0.50555629
v -0.03492766 -0.04923403 0.50343567
v -0.03511911 -0.04820668 0.50324440
v -0.03449934 -0.04707962 0.50116289
v -0.03391528 -0.04812872 0.50100130
v -0.03266471 -0.04686480 0.49800020
v -0.01174938 -0.04618453 0.48193619
v -0.00971663 -0.04617214 0.48135659
v -0.00769889 -0.04772084 0.48210359
v -0.00790715 -0.04616349 0.48093900
v -0.00386947 -0.04771584 0.48153391
v -0.00381154 -0.04615312 0.48032251
v 0.00000000 -0.04762923 0.48128960
v 0.00000000 -0.04614859 0.48013631
v 0.00000000 -0.04929935 0.48214591
v 0.00000000 -0.05110001 0.48267511
v -0.00016667 -0.05110001 0.48267540
v -0.03952533 -0.04900068 0.52039993
v -0.03938746 -0.04901522 0.51851702
v -0.03952533 -0.04900068 0.52039993
v -0.03368782 -0.04926270 0.50123781
v 0.00049998 -0.05291932 0.48286131
v 0.00049998 -0.05230951 0.48283741
v 0.00407302 -0.05290651 0.48306850
v 0.00376028 -0.05107432 0.48285061
v 0.00562984 -0.05106633 0.48307419
v 0.00380218 -0.04927515 0.48232061
v 0.00569201 -0.04927295 0.48254970
v 0.00387567 -0.04760694 0.48146549
v 0.00580120 -0.04760921 0.48170409
v 0.00538307 -0.04615521 0.48050609
v 0.00790775 -0.04616355 0.48093921
v 0.00188214 -0.05107903 0.48271620
v 0.00049998 -0.05170232 0.48277631
v 0.00049998 -0.05110001 0.48267829
v 0.00000000 -0.04929935 0.48214591
v 0.00033333 -0.05110001 0.48267651
v 0.00016667 -0.05110001 0.48267540
v 0.00000000 -0.05110001 0.48267511
v 0.00190323 -0.04927647 0.48218289
v 0.00000000 -0.04762923 0.48128960
v 0.00194019 -0.04760569 0.48132211
v 0.00371462 -0.04615169 0.48031199
v 0.00771117 -0.04761254 0.48203710
v 0.00971800 -0.04617214 0.48135689
v 0.00960082 -0.04761701 0.48246419
v 0.01174920 -0.04618448 0.48193601
v 0.01146554 -0.04762291 0.48298410
v 0.01334536 -0.04619723 0.48247740
v 0.01510089 -0.04763966 0.48429620
v 0.01545852 -0.04621773 0.48331690
v 0.01663595 -0.04623180 0.48384961
v 0.01761388 -0.04624503 0.48432931
v 0.01831907 -0.04625552 0.48469681
v 0.01858288 -0.04766446 0.48596129
v 0.01899713 -0.04626649 0.48506799
v 0.02187651 -0.04769915 0.48796031
v 0.02232712 -0.04633462 0.48716679
v 0.02539068 -0.04642575 0.48956841
v 0.02494609 -0.04774594 0.49026901
v 0.02822911 -0.04654723 0.49230111
v 0.02777600 -0.04780721 0.49287081
v 0.03013622 -0.04665893 0.49449301
v 0.03032970 -0.04788517 0.49572790
v 0.03266507 -0.04686486 0.49800080
v 0.03259360 -0.04798173 0.49881420
v 0.03447341 -0.04707604 0.50111341
v 0.03455173 -0.04809826 0.50209790
v 0.03516030 -0.04717749 0.50248492
v 0.03619414 -0.04823476 0.50554508
v 0.03641235 -0.04740726 0.50537211
v 0.03711074 -0.04833644 0.50792003
v 0.03764516 -0.04772329 0.50897777
v 0.03788387 -0.04844605 0.51034629
v 0.03858709 -0.04808384 0.51275218
v 0.03851252 -0.04856252 0.51281512
v 0.03871083 -0.04860764 0.51374978
v 0.03866899 -0.04904043 0.51379961
v 0.03876507 -0.04903781 0.51426482
v 0.03874433 -0.04944682 0.51430750
v 0.03883743 -0.04941689 0.51477081
v 0.03879791 -0.04982203 0.51462787
v 0.03883892 -0.04979544 0.51483423
v 0.03897911 -0.04967534 0.51558721
v 0.03915572 -0.04925018 0.51664048
v 0.03915858 -0.04947578 0.51669681
v 0.03929805 -0.04929012 0.51774031
v 0.03938645 -0.04908579 0.51853257
v 0.03938579 -0.04916739 0.51854062
v 0.03952527 -0.04900068 0.52039993
v 0.03877115 -0.04817789 0.51369631
v 0.03880232 -0.04863035 0.51421881
v 0.03885579 -0.04903501 0.51473129
v 0.03888922 -0.04824596 0.51436353
v 0.03888863 -0.04865437 0.51468921
v 0.03916484 -0.04901790 0.51662028
v 0.03938859 -0.04900372 0.51852441
v 0.03952527 -0.04900068 0.52039993
v 0.03893589 -0.04827588 0.51464438
v 0.03904753 -0.04837429 0.51538253
v 0.03918045 -0.04878598 0.51659918
v 0.03920263 -0.04855483 0.51657718
v 0.03931981 -0.04872167 0.51765990
v 0.03939229 -0.04892122 0.51851600
v 0.03952527 -0.04900068 0.52039993
v 0.03872460 -0.04986476 0.51427227
v 0.03864586 -0.04947507 0.51384538
v 0.03846091 -0.04904550 0.51287270
v 0.03864133 -0.04991018 0.51388711
v 0.03843247 -0.04953098 0.51292491
v 0.03780245 -0.04905873 0.51042801
v 0.03845119 -0.05000591 0.51306927
v 0.03775793 -0.04967659 0.51049852
v 0.03699553 -0.04907208 0.50803041
v 0.03735679 -0.05043083 0.50937212
v 0.03693282 -0.04981666 0.50812137
v 0.03604286 -0.04908585 0.50568938
v 0.03599500 -0.05080890 0.50598770
v 0.03596061 -0.04995101 0.50580323
v 0.03434598 -0.04910719 0.50230271
v 0.03425902 -0.05117154 0.50262457
v 0.03423410 -0.05013990 0.50245488
v 0.03233808 -0.04912918 0.49908999
v 0.03223001 -0.05149775 0.49947071
v 0.03219878 -0.05031257 0.49928549
v 0.03003454 -0.04915165 0.49608269
v 0.03048896 -0.05172353 0.49720490
v 0.02987301 -0.05046778 0.49632481
v 0.02745491 -0.04917401 0.49330920
v 0.02741664 -0.05203872 0.49389580
v 0.02727848 -0.05060499 0.49360019
v 0.02461183 -0.04919570 0.49078920
v 0.02439117 -0.05227452 0.49127039
v 0.02442556 -0.05072438 0.49112621
v 0.02155351 -0.04921579 0.48856479
v 0.02137410 -0.05082470 0.48895100
v 0.02134275 -0.05245840 0.48910800
v 0.01827871 -0.05260133 0.48733380
v 0.01811754 -0.05090743 0.48706901
v 0.01500594 -0.05271714 0.48581421
v 0.01469653 -0.05097275 0.48550501
v 0.01212644 -0.05279320 0.48476249
v 0.01114284 -0.05102157 0.48427430
v 0.01045703 -0.05282765 0.48426521
v 0.00932544 -0.05104005 0.48378700
v 0.00746947 -0.05287420 0.48356959
v 0.00748640 -0.05105495 0.48338649
v 0.03952527 -0.04900068 0.52039993
v 0.00756782 -0.04926985 0.48286960
v 0.00942498 -0.04926592 0.48327971
v 0.01125931 -0.04926109 0.48377889
v 0.01484197 -0.04924899 0.48503941
v 0.01828432 -0.04923379 0.48664019
v 0.00049998 -0.05380004 0.56179613
v 0.00049998 -0.05110001 0.56172663
v 0.00049998 -0.05380004 0.56139970
v 0.00049998 -0.05110001 0.56139988
v 0.00049998 -0.05380004 0.56139970
v 0.00049998 -0.05110001 0.56139988
v -0.00050002 -0.05380004 0.56139970
v -0.00050002 -0.05110001 0.56139988
v 0.00049998 -0.05110001 0.56172663
v 0.00016665 -0.05110001 0.56172937
v 0.00049998 -0.05110001 0.56139988
v -0.00016669 -0.05110001 0.56172937
v -0.00050002 -0.05110001 0.56139988
v -0.00050002 -0.05110001 0.56172663
v 0.00049998 -0.05110001 0.48267829
v 0.00049998 -0.05110001 0.48289990
v 0.00033333 -0.05110001 0.48267651
v 0.00033333 -0.05110001 0.48267651
v 0.00049998 -0.05110001 0.48289990
v 0.00016667 -0.05110001 0.48267540
v 0.00016667 -0.05110001 0.48267540
v 0.00049998 -0.05110001 0.48289990
v 0.00040449 -0.05110001 0.48319381
v 0.00016667 -0.05110001 0.48267540
v 0.00040449 -0.05110001 0.48319381
v 0.00000000 -0.05110001 0.48267511
v 0.00000000 -0.05110001 0.48267511
v -0.00040452 -0.05110001 0.48319381
v 0.00000000 -0.05110001 0.48267511
v -0.00040452 -0.05110001 0.48319381
v -0.00016667 -0.05110001 0.48267540
v -0.00016667 -0.05110001 0.48267540
v -0.00050002 -0.05110001 0.48289990
v -0.00016667 -0.05110001 0.48267540
v -0.00050002 -0.05110001 0.48289990
v -0.00033335 -0.05110001 0.48267651
v -0.00033335 -0.05110001 0.48267651
v -0.00050002 -0.05110001 0.48267829
v 0.00015449 -0.05110001 0.48337531
v -0.00015452 -0.05110001 0.48337531
v -0.00040452 -0.05110001 0.48319381
v 0.00000000 0.03849989 0.48040000
v -0.00024910 0.03856635 0.48040000
v 0.00024906 0.03856635 0.48040000
v 0.00024906 0.03856635 0.48040000
v -0.00024910 0.03856635 0.48040000
v 0.00043194 0.03874802 0.48040000
v -0.00043196 0.03874802 0.48040000
v 0.00043194 0.03874802 0.48040000
v -0.00043196 0.03874802 0.48040000
v -0.00016668 0.03899955 0.48039991
v -0.00016668 0.03899955 0.48039991
v -0.00043196 0.03874802 0.48040000
v -0.00050001 0.03899669 0.48040000
v 0.00016666 0.03899955 0.48039991
v 0.00043194 0.03874802 0.48040000
v 0.00016666 0.03899955 0.48039991
v 0.00049999 0.03899669 0.48040000
v -0.00050002 -0.04398429 0.47809991
v -0.00050002 -0.04250001 0.47809979
v -0.00016669 -0.04398721 0.47809991
v -0.00016669 -0.04398721 0.47809991
v -0.00050002 -0.04250001 0.47809979
v -0.00015452 -0.04202449 0.47809991
v -0.00016669 -0.04398721 0.47809991
v -0.00015452 -0.04202449 0.47809991
v 0.00015449 -0.04202449 0.47809991
v -0.00050002 -0.04250001 0.47809979
v -0.00040452 -0.04220616 0.47809991
v -0.00015452 -0.04202449 0.47809991
v 0.00040449 -0.04220616 0.47809991
v 0.00049998 -0.04250001 0.47809979
v 0.00015449 -0.04202449 0.47809991
v 0.00049998 -0.04250001 0.47809979
v 0.00016665 -0.04398721 0.47809991
v 0.00015449 -0.04202449 0.47809991
v 0.00016665 -0.04398721 0.47809991
v -0.00016669 -0.04398721 0.47809991
v 0.00049998 -0.04250001 0.47809979
v 0.00049998 -0.04398429 0.47809991
v 0.00016665 -0.04398721 0.47809991
v 0.00049998 -0.04250001 0.47739989
v 0.00049998 -0.04250001 0.47809979
v 0.00040449 -0.04220616 0.47739989
v 0.00040449 -0.04220616 0.47809991
v 0.00015449 -0.04202449 0.47739989
v 0.00015449 -0.04202449 0.47809991
v -0.00015452 -0.04202449 0.47739989
v -0.00015452 -0.04202449 0.47809991
v -0.00040452 -0.04220616 0.47739989
v -0.00040452 -0.04220616 0.47809991
v -0.00050002 -0.04250001 0.47739989
v -0.00050002 -0.04250001 0.47809979
v 0.00049999 0.03899669 0.48040000
v 0.00049999 0.03899669 0.47770000
v 0.00043194 0.03874802 0.48040000
v 0.00039845 0.03869783 0.47739980
v 0.00024906 0.03856635 0.48040000
v 0.00028838 0.03859144 0.47739989
v 0.00015127 0.03852331 0.47739989
v 0.00000000 0.03849989 0.47739989
v 0.00000000 0.03849989 0.48040000
v -0.00050001 0.03899669 0.47770000
v -0.00043196 0.03874802 0.48040000
v -0.00039848 0.03869783 0.47739980
v -0.00024910 0.03856635 0.48040000
v -0.00028841 0.03859144 0.47739989
v -0.00015131 0.03852331 0.47739989
v 0.00000000 0.03849989 0.48040000
v -0.00050001 0.03899669 0.48040000
f 1 2 3
f 3 2 4
f 5 6 7
f 7 6 8
f 7 8 9
f 9 8 10
f 9 10 11
f 11 10 12
f 11 12 13
f 13 12 14
f 13 14 15
f 15 14 16
f 15 16 17
f 17 16 18
f 17 18 19
f 19 18 20
f 19 20 21
f 21 20 22
f 21 22 23
f 23 22 24
f 23 24 25
f 25 24 26
f 25 26 27
f 27 26 28
f 27 28 29
f 29 28 30
f 29 30 31
f 31 30 32
f 31 32 33
f 33 32 34
f 33 34 35
f 35 34 36
f 35 36 37
f 37 36 38
f 37 38 39
f 39 38 40
f 39 40 41
f 41 40 42
f 41 42 43
f 43 42 44
f 43 44 45
f 45 44 46
f 45 46 47
f 47 46 48
f 47 48 49
f 49 48 50
f 49 50 51
f 51 50 52
f 51 52 53
f 53 52 54
f 53 54 55
f 55 54 56
f 55 56 57
f 57 56 58
f 57 58 59
f 59 58 60
f 59 60 61
f 61 60 62
f 61 62 63
f 63 62 64
f 63 64 65
f 65 64 66
f 65 66 67
f 67 66 68
f 67 68 69
f 69 68 70
f 69 70 71
f 71 70 72
f 71 72 73
f 73 72 74
f 73 74 75
f 75 74 76
f 75 76 77
f 77 76 78
f 77 78 79
f 79 78 80
f 79 80 81
f 81 80 82
f 81 82 83
f 83 82 84
f 83 84 85
f 85 84 86
f 85 86 87
f 87 86 88
f 87 88 89
f 89 88 90
f 89 90 91
f 91 90 92
f 91 92 93
f 93 92 94
f 93 94 95
f 95 94 96
f 95 96 97
f 97 96 98
f 97 98 99
f 99 98 100
f 99 100 1
f 1 100 2
f 101 102 103
f 103 102 104
f 103 104 105
f 105 104 106
f 105 106 107
f 107 106 108
f 109 110 111
f 112 113 114
f 112 114 115
f 115 114 116
f 117 118 119
f 120 121 122
f 123 124 125
f 125 124 126
f 127 128 129
f 130 126 131
f 132 133 134
f 134 133 135
f 136 137 138
f 138 137 139
f 139 137 140
f 139 140 141
f 142 143 144
f 142 144 145
f 146 147 148
f 146 148 149
f 150 151 152
f 150 152 153
f 154 155 156
f 154 156 157
f 157 156 158
f 159 160 161
f 162 163 164
f 162 164 165
f 166 167 168
f 169 170 171
f 171 170 172
f 173 174 175
f 175 174 176
f 177 178 179
f 179 178 180
f 181 182 183
f 183 182 184
f 185 186 187
f 188 189 190
f 191 192 193
f 193 192 194
f 195 196 197
f 198 199 200
f 201 202 203
f 204 205 206
f 207 208 209
f 210 211 212
f 213 206 214
f 215 216 217
f 218 219 220
f 221 222 223
f 224 225 226
f 224 226 227
f 228 229 230
f 231 232 233
f 234 235 236
f 234 236 237
f 238 239 240
f 238 240 241
f 242 243 244
f 242 244 245
f 246 247 248
f 246 248 249
f 250 251 252
f 253 254 255
f 255 254 256
f 257 258 259
f 260 261 262
f 260 262 263
f 263 262 264
f 265 266 267
f 267 266 268
f 269 270 271
f 271 270 272
f 273 274 275
f 275 274 276
f 277 278 279
f 279 278 280
f 279 280 281
f 282 283 284
f 285 286 287
f 285 287 288
f 289 290 291
f 292 293 294
f 295 291 296
f 295 296 297
f 298 299 300
f 301 302 303
f 304 305 306
f 304 306 307
f 307 306 308
f 309 308 310
f 311 312 313
f 311 313 101
f 101 313 102
f 314 315 316
f 316 315 317
f 316 317 318
f 318 317 319
f 318 319 320
f 320 319 321
f 321 319 322
f 321 322 323
f 323 322 324
f 323 324 325
f 325 324 326
f 325 326 327
f 327 326 328
f 328 326 329
f 328 329 330
f 330 329 331
f 330 331 332
f 332 331 333
f 332 333 334
f 334 333 335
f 335 333 336
f 335 336 337
f 337 336 338
f 337 338 339
f 339 338 340
f 340 338 341
f 340 341 342
f 342 341 343
f 344 345 346
f 347 348 349
f 350 343 351
f 351 343 352
f 351 352 353
f 353 352 354
f 355 356 357
f 358 352 359
f 358 359 360
f 360 359 361
f 360 361 362
f 362 361 363
f 363 361 364
f 363 364 365
f 365 364 366
f 365 366 367
f 367 366 368
f 368 366 369
f 368 369 370
f 370 369 371
f 370 371 372
f 372 371 373
f 372 373 374
f 374 373 375
f 375 373 376
f 375 376 377
f 377 376 378
f 377 378 379
f 379 378 380
f 379 380 381
f 381 380 382
f 382 380 383
f 382 383 384
f 384 383 385
f 384 385 386
f 386 385 387
f 387 385 388
f 387 388 389
f 389 388 390
f 389 390 391
f 391 390 392
f 391 392 393
f 393 392 394
f 393 394 395
f 395 394 396
f 395 396 397
f 397 396 398
f 397 398 399
f 399 398 400
f 399 400 401
f 401 400 402
f 401 402 403
f 403 402 404
f 403 404 405
f 405 404 406
f 405 406 407
f 407 406 408
f 407 408 409
f 409 408 410
f 409 410 411
f 411 410 412
f 412 410 413
f 412 413 414
f 414 413 415
f 414 415 416
f 416 415 417
f 416 417 418
f 418 417 419
f 418 419 420
f 420 419 421
f 420 421 422
f 422 421 423
f 422 423 424
f 424 423 425
f 424 425 426
f 426 425 427
f 426 427 428
f 428 427 429
f 428 429 430
f 430 429 431
f 430 431 432
f 432 431 433
f 432 433 434
f 434 433 315
f 434 315 314
f 435 436 437
f 437 436 438
f 439 440 441
f 441 440 442
f 441 442 443
f 443 442 444
f 443 444 445
f 445 444 446
f 445 446 447
f 447 446 448
f 447 448 449
f 449 448 450
f 449 450 451
f 451 450 452
f 451 452 453
f 453 452 454
f 453 454 455
f 455 454 456
f 455 456 457
f 457 456 458
f 457 458 459
f 459 458 460
f 459 460 461
f 461 460 462
f 461 462 463
f 463 462 464
f 463 464 465
f 465 464 466
f 465 466 467
f 467 466 468
f 467 468 469
f 469 468 470
f 469 470 471
f 471 470 472
f 471 472 473
f 473 472 474
f 473 474 475
f 475 474 476
f 475 476 477
f 477 476 478
f 477 478 479
f 479 478 480
f 479 480 481
f 481 480 482
f 481 482 483
f 483 482 484
f 483 484 485
f 485 484 486
f 485 486 487
f 487 486 488
f 487 488 489
f 489 488 490
f 489 490 491
f 491 490 492
f 491 492 493
f 493 492 494
f 493 494 495
f 495 494 496
f 495 496 497
f 497 496 498
f 497 498 499
f 499 498 500
f 499 500 501
f 501 500 502
f 501 502 503
f 503 502 504
f 503 504 505
f 505 504 506
f 505 506 507
f 507 506 508
f 507 508 509
f 509 508 510
f 509 510 511
f 511 510 512
f 511 512 513
f 513 512 514
f 513 514 515
f 515 514 516
f 515 516 517
f 517 516 518
f 517 518 519
f 519 518 520
f 519 520 521
f 521 520 522
f 521 522 523
f 523 522 524
f 523 524 525
f 525 524 526
f 525 526 527
f 527 526 528
f 527 528 529
f 529 528 530
f 529 530 531
f 531 530 532
f 531 532 533
f 533 532 534
f 533 534 435
f 435 534 436
f 535 536 537
f 538 539 540
f 540 539 541
f 542 543 544
f 545 546 547
f 548 549 550
f 551 552 553
f 554 543 555
f 556 557 558
f 559 549 560
f 561 546 562
f 562 549 563
f 563 549 564
f 565 557 566
f 567 549 568
f 569 546 570
f 570 546 571
f 571 546 572
f 573 572 574
f 575 576 577
f 571 578 579
f 577 579 580
f 581 582 573
f 573 582 583
f 573 583 584
f 585 586 571
f 577 586 587
f 571 587 588
f 588 589 573
f 577 589 590
f 571 590 591
f 591 592 571
f 573 592 593
f 577 594 595
f 596 597 573
f 577 598 599
f 571 599 600
f 600 601 571
f 571 601 602
f 571 602 603
f 603 604 573
f 577 605 606
f 571 606 607
f 607 608 571
f 571 608 609
f 610 611 612
f 613 614 615
f 610 616 617
f 618 614 619
f 620 621 622
f 623 614 624
f 625 614 626
f 627 621 628
f 629 614 630
f 631 621 632
f 633 634 635
f 636 637 638
f 639 634 640
f 641 637 642
f 643 644 645
f 646 614 647
f 648 644 649
f 650 651 652
f 652 651 653
f 652 653 654
f 654 653 655
f 654 655 656
f 656 655 657
f 656 657 658
f 658 657 659
f 658 659 660
f 660 659 661
f 661 659 662
f 661 662 663
f 663 662 664
f 663 664 665
f 665 664 666
f 665 666 667
f 667 666 668
f 667 668 669
f 669 668 670
f 669 670 671
f 671 670 672
f 672 670 673
f 672 673 674
f 674 673 675
f 674 675 676
f 676 675 677
f 676 677 678
f 678 677 679
f 678 679 680
f 680 679 681
f 681 679 682
f 681 682 683
f 683 682 684
f 683 684 685
f 685 684 686
f 685 686 687
f 687 686 688
f 687 688 689
f 689 688 690
f 689 690 691
f 691 690 692
f 692 690 693
f 692 693 694
f 694 693 695
f 694 695 696
f 696 695 697
f 696 697 698
f 698 697 699
f 698 699 700
f 700 699 701
f 701 699 702
f 701 702 703
f 703 702 704
f 703 704 705
f 705 704 706
f 705 706 707
f 707 706 708
f 707 708 709
f 709 710 707
f 707 710 711
f 707 711 712
f 712 713 707
f 714 715 716
f 716 715 717
f 717 715 718
f 717 718 719
f 719 718 720
f 719 720 721
f 721 720 722
f 721 722 723
f 723 722 724
f 723 724 725
f 725 724 726
f 725 726 727
f 718 715 728
f 728 715 729
f 728 729 730
f 730 729 726
f 730 726 724
f 725 727 731
f 731 727 732
f 731 732 733
f 733 732 734
f 733 734 735
f 735 734 736
f 735 736 737
f 737 736 738
f 737 738 739
f 739 738 740
f 739 740 741
f 741 740 742
f 741 742 743
f 743 742 744
f 743 744 745
f 745 744 746
f 746 744 747
f 746 747 748
f 748 747 749
f 748 749 750
f 750 749 751
f 751 749 752
f 751 752 753
f 753 752 754
f 753 754 755
f 740 756 742
f 742 756 757
f 742 757 744
f 744 757 747
f 756 758 757
f 757 758 759
f 757 759 747
f 747 759 749
f 758 760 759
f 759 760 752
f 759 752 749
f 760 754 752
f 761 762 755
f 755 762 763
f 755 763 753
f 753 763 764
f 753 764 765
f 766 767 761
f 761 767 768
f 761 768 769
f 761 769 762
f 762 769 763
f 765 751 753
f 745 770 743
f 743 770 771
f 743 771 772
f 772 771 773
f 772 773 774
f 772 774 775
f 775 774 776
f 775 776 777
f 775 777 778
f 778 777 779
f 778 779 780
f 780 779 781
f 780 781 782
f 782 781 783
f 782 783 784
f 784 783 785
f 784 785 786
f 784 786 723
f 723 786 787
f 723 787 721
f 720 718 728
f 728 730 720
f 720 730 722
f 730 724 722
f 723 725 784
f 784 725 731
f 784 731 782
f 782 731 733
f 782 733 780
f 780 733 735
f 780 735 778
f 778 735 737
f 778 737 775
f 775 737 739
f 775 739 772
f 772 739 741
f 772 741 743
f 788 789 790
f 790 789 791
f 790 791 792
f 792 791 793
f 792 793 794
f 794 793 795
f 794 795 796
f 796 795 797
f 796 797 798
f 798 797 799
f 798 799 800
f 800 799 801
f 800 801 802
f 802 801 803
f 802 803 804
f 804 803 805
f 804 805 806
f 806 805 807
f 806 807 808
f 808 807 809
f 808 809 810
f 810 809 811
f 810 811 812
f 812 811 813
f 812 813 814
f 814 813 815
f 814 815 816
f 816 815 817
f 816 817 818
f 818 817 819
f 818 819 820
f 820 819 821
f 820 821 822
f 822 821 823
f 822 823 824
f 825 826 788
f 788 826 827
f 788 827 789
f 789 827 791
f 828 829 825
f 825 829 830
f 825 830 826
f 826 830 795
f 826 795 793
f 831 832 828
f 828 832 833
f 828 833 829
f 829 833 799
f 829 799 797
f 832 831 834
f 834 831 835
f 834 835 836
f 834 836 837
f 837 836 838
f 837 838 839
f 837 839 840
f 840 839 841
f 840 841 809
f 809 841 842
f 809 842 811
f 811 842 843
f 811 843 813
f 813 843 844
f 813 844 845
f 845 844 843
f 841 843 842
f 813 845 815
f 815 845 846
f 815 846 847
f 815 847 817
f 817 847 848
f 817 848 849
f 817 849 819
f 819 849 821
f 822 824 850
f 850 824 851
f 850 851 852
f 852 851 853
f 852 853 854
f 854 853 855
f 854 855 856
f 856 855 857
f 856 857 858
f 858 857 859
f 858 859 860
f 860 859 861
f 860 861 862
f 862 861 863
f 862 863 864
f 864 863 865
f 864 865 866
f 866 865 867
f 866 867 868
f 868 867 869
f 868 869 870
f 870 869 871
f 870 871 872
f 872 871 873
f 872 873 874
f 851 875 853
f 853 875 855
f 855 875 876
f 876 875 877
f 876 877 878
f 878 877 879
f 878 879 880
f 880 881 878
f 878 881 882
f 878 882 883
f 883 882 884
f 883 884 859
f 859 884 861
f 881 885 882
f 882 885 886
f 882 886 887
f 887 886 888
f 887 888 889
f 889 888 890
f 889 890 891
f 891 890 892
f 891 892 893
f 893 892 894
f 893 894 895
f 895 894 896
f 896 894 892
f 896 892 897
f 897 892 898
f 897 898 899
f 888 898 890
f 890 898 892
f 899 900 897
f 897 900 896
f 901 902 895
f 895 902 903
f 895 903 893
f 893 903 904
f 893 904 905
f 905 904 906
f 905 906 907
f 907 906 865
f 907 865 863
f 873 908 901
f 901 908 909
f 901 909 902
f 902 909 904
f 902 904 903
f 872 874 910
f 910 874 911
f 910 911 912
f 912 911 913
f 912 913 914
f 914 913 915
f 914 915 916
f 911 915 913
f 917 918 916
f 916 918 919
f 916 919 914
f 914 919 920
f 914 920 912
f 912 920 921
f 912 921 922
f 922 921 923
f 922 923 868
f 868 923 866
f 924 925 917
f 917 925 926
f 917 926 918
f 918 926 927
f 918 927 928
f 928 927 929
f 928 929 930
f 930 929 931
f 930 931 932
f 932 931 933
f 932 933 934
f 934 933 935
f 934 935 864
f 864 935 862
f 936 937 924
f 924 937 926
f 924 926 925
f 937 936 938
f 938 936 939
f 938 939 940
f 940 939 941
f 940 941 942
f 942 941 943
f 942 943 944
f 944 943 945
f 944 945 946
f 946 945 947
f 946 947 948
f 948 947 949
f 948 949 950
f 950 949 951
f 950 951 952
f 952 951 953
f 952 953 954
f 954 953 955
f 954 955 956
f 956 955 957
f 956 957 958
f 958 957 959
f 958 959 960
f 960 959 961
f 960 961 962
f 962 961 963
f 962 963 806
f 806 963 804
f 939 964 941
f 941 964 965
f 941 965 943
f 943 965 966
f 943 966 945
f 945 966 967
f 945 967 947
f 947 967 968
f 947 968 949
f 949 968 969
f 949 969 951
f 951 969 970
f 951 970 953
f 953 970 971
f 953 971 955
f 955 971 972
f 955 972 957
f 957 972 973
f 957 973 959
f 959 973 974
f 959 974 961
f 961 974 975
f 961 975 963
f 963 975 976
f 963 976 804
f 804 976 802
f 965 964 977
f 977 964 978
f 977 978 979
f 979 978 980
f 979 980 981
f 981 980 982
f 981 982 983
f 983 982 984
f 983 984 985
f 985 984 986
f 985 986 987
f 987 986 988
f 987 988 989
f 989 988 990
f 989 990 991
f 991 990 992
f 991 992 993
f 993 992 994
f 993 994 995
f 995 994 996
f 995 996 997
f 997 996 998
f 997 998 999
f 999 998 1000
f 999 1000 1001
f 1001 1000 1002
f 1001 1002 798
f 798 1002 796
f 978 1003 980
f 980 1003 1004
f 980 1004 982
f 982 1004 1005
f 982 1005 984
f 984 1005 1006
f 984 1006 986
f 986 1006 1007
f 986 1007 988
f 988 1007 1008
f 988 1008 990
f 990 1008 1009
f 990 1009 992
f 992 1009 1010
f 992 1010 994
f 994 1010 1011
f 994 1011 996
f 996 1011 1012
f 996 1012 998
f 998 1012 1013
f 998 1013 1000
f 1000 1013 1014
f 1000 1014 1002
f 1002 1014 1015
f 1002 1015 796
f 796 1015 794
f 1004 1003 1016
f 1016 1003 1017
f 1016 1017 1018
f 1018 1017 1019
f 1018 1019 1006
f 1006 1019 1007
f 790 1020 1017
f 1017 1020 1021
f 1017 1021 1022
f 1022 1021 1010
f 1022 1010 1009
f 790 1023 1024
f 1024 1023 1015
f 1024 1015 1014
f 790 1024 1025
f 1025 1024 1014
f 1025 1014 1013
f 1017 1026 1027
f 1027 1026 1008
f 1027 1008 1007
f 1007 1019 1027
f 1027 1019 1017
f 809 807 840
f 840 807 837
f 807 805 837
f 837 805 834
f 805 803 834
f 834 803 832
f 803 801 832
f 832 801 833
f 801 799 833
f 795 830 797
f 797 830 829
f 791 827 793
f 793 827 826
f 1023 790 792
f 822 850 820
f 820 850 1028
f 820 1028 1029
f 1029 1028 1030
f 1029 1030 1031
f 1031 1030 1032
f 1031 1032 1033
f 1033 1032 1034
f 1033 1034 1035
f 1035 1034 1036
f 1035 1036 1037
f 1037 1036 1038
f 1037 1038 1039
f 1039 1038 1040
f 1039 1040 950
f 950 1040 948
f 850 852 1041
f 1041 852 854
f 1041 854 1042
f 1042 854 856
f 1042 856 1043
f 1043 856 858
f 1043 858 1044
f 1044 858 860
f 1044 860 1045
f 1045 860 862
f 1045 862 935
f 820 1029 818
f 818 1029 1046
f 818 1046 816
f 816 1046 1047
f 816 1047 814
f 814 1047 1048
f 814 1048 812
f 812 1048 1049
f 812 1049 810
f 810 1049 1050
f 810 1050 808
f 808 1050 962
f 808 962 806
f 1001 798 800
f 800 802 1051
f 1051 802 976
f 1051 976 1052
f 1052 976 975
f 1052 975 1053
f 1053 975 974
f 1053 974 1054
f 1054 974 973
f 1054 973 1055
f 1055 973 972
f 1055 972 1056
f 1056 972 971
f 1056 971 1057
f 1057 971 970
f 1057 970 1058
f 1058 970 969
f 1058 969 1059
f 1059 969 968
f 1059 968 1060
f 1060 968 967
f 1060 967 1061
f 1061 967 966
f 1061 966 977
f 977 966 965
f 1023 792 794
f 1023 794 1015
f 790 1025 1062
f 1062 1025 1013
f 1062 1013 1012
f 857 855 876
f 857 876 883
f 883 876 878
f 850 1041 1028
f 1028 1041 1063
f 1028 1063 1030
f 1030 1063 1064
f 1030 1064 1032
f 1032 1064 1065
f 1032 1065 1034
f 1034 1065 1066
f 1034 1066 1036
f 1036 1066 1067
f 1036 1067 1038
f 1038 1067 1068
f 1038 1068 1040
f 1040 1068 1069
f 1040 1069 948
f 948 1069 946
f 1063 1041 1042
f 1029 1031 1046
f 1046 1031 1070
f 1046 1070 1047
f 1047 1070 1071
f 1047 1071 1048
f 1048 1071 1072
f 1048 1072 1049
f 1049 1072 1073
f 1049 1073 1050
f 1050 1073 960
f 1050 960 962
f 999 1001 1051
f 1051 1001 800
f 999 1051 1052
f 790 1062 1020
f 1020 1062 1012
f 1020 1012 1011
f 882 887 1074
f 1074 887 889
f 1074 889 1075
f 1075 889 891
f 1075 891 905
f 905 891 893
f 859 857 883
f 1063 1042 1076
f 1076 1042 1043
f 1076 1043 1077
f 1077 1043 1044
f 1077 1044 1078
f 1078 1044 1045
f 1078 1045 1079
f 1079 1045 935
f 1079 935 933
f 1031 1033 1070
f 1070 1033 1080
f 1070 1080 1071
f 1071 1080 1081
f 1071 1081 1072
f 1072 1081 1082
f 1072 1082 1073
f 1073 1082 958
f 1073 958 960
f 997 999 1052
f 997 1052 1053
f 1026 1017 1022
f 882 1074 884
f 884 1074 1083
f 884 1083 861
f 861 1083 863
f 1083 1074 1075
f 1063 1076 1064
f 1064 1076 1084
f 1064 1084 1065
f 1065 1084 1085
f 1065 1085 1066
f 1066 1085 1086
f 1066 1086 1067
f 1067 1086 1087
f 1067 1087 1068
f 1068 1087 1088
f 1068 1088 1069
f 1069 1088 1089
f 1069 1089 946
f 946 1089 944
f 1084 1076 1077
f 1033 1035 1080
f 1080 1035 1090
f 1080 1090 1081
f 1081 1090 1091
f 1081 1091 1082
f 1082 1091 956
f 1082 956 958
f 995 997 1053
f 995 1053 1054
f 905 907 1075
f 1075 907 1083
f 907 863 1083
f 1084 1077 1092
f 1092 1077 1078
f 1092 1078 1093
f 1093 1078 1079
f 1093 1079 1094
f 1094 1079 933
f 1094 933 931
f 1035 1037 1090
f 1090 1037 1095
f 1090 1095 1091
f 1091 1095 954
f 1091 954 956
f 993 995 1054
f 993 1054 1055
f 1084 1092 1085
f 1085 1092 1096
f 1085 1096 1086
f 1086 1096 1097
f 1086 1097 1087
f 1087 1097 1098
f 1087 1098 1088
f 1088 1098 1099
f 1088 1099 1089
f 1089 1099 1100
f 1089 1100 944
f 944 1100 942
f 1096 1092 1093
f 952 954 1095
f 952 1095 1039
f 1039 1095 1037
f 991 993 1055
f 991 1055 1056
f 1021 1020 1011
f 1021 1011 1010
f 991 1056 989
f 989 1056 1057
f 989 1057 987
f 987 1057 1058
f 987 1058 985
f 985 1058 1059
f 985 1059 983
f 983 1059 1060
f 983 1060 981
f 981 1060 1061
f 981 1061 979
f 979 1061 977
f 952 1039 950
f 1096 1093 1101
f 1101 1093 1094
f 1101 1094 1102
f 1102 1094 931
f 1102 931 929
f 934 864 866
f 865 906 867
f 867 906 909
f 867 909 869
f 869 909 908
f 869 908 873
f 906 904 909
f 932 934 923
f 923 934 866
f 1096 1101 1097
f 1097 1101 1103
f 1097 1103 1098
f 1098 1103 1104
f 1098 1104 1099
f 1099 1104 1105
f 1099 1105 1100
f 1100 1105 1106
f 1100 1106 942
f 942 1106 940
f 1103 1101 1102
f 1026 1022 1009
f 1026 1009 1008
f 871 869 873
f 922 868 870
f 930 932 921
f 921 932 923
f 1103 1102 1107
f 1107 1102 929
f 1107 929 927
f 1104 1107 1108
f 1108 1107 927
f 1108 927 926
f 1107 1104 1103
f 928 930 920
f 920 930 921
f 910 912 922
f 872 910 870
f 870 910 922
f 918 928 919
f 919 928 920
f 1104 1108 1105
f 1105 1108 1109
f 1105 1109 1106
f 1106 1109 938
f 1106 938 940
f 1109 1108 926
f 1018 1006 1005
f 938 1109 937
f 937 1109 926
f 1016 1018 1005
f 1016 1005 1004
f 1110 1111 1112
f 1112 1111 1113
f 1112 1113 1114
f 1114 1113 1115
f 1114 1115 1116
f 1116 1115 1117
f 1116 1117 1118
f 1118 1119 1116
f 1116 1119 1120
f 1116 1120 1121
f 1121 1120 1122
f 1121 1122 1123
f 1123 1122 1124
f 1123 1124 1125
f 1125 1124 1126
f 1125 1126 1127
f 1127 1126 1128
f 1128 1126 1129
f 1128 1129 1130
f 1130 1129 1131
f 1130 1131 1132
f 1132 1131 1133
f 1132 1133 1134
f 1134 1133 1135
f 1134 1135 1136
f 1136 1135 1137
f 1136 1137 1138
f 1120 1139 1122
f 1122 1139 1140
f 1122 1140 1141
f 1141 1140 1142
f 1141 1142 1143
f 1143 1144 1141
f 1141 1144 1145
f 1141 1145 1146
f 1146 1145 1147
f 1146 1147 1129
f 1129 1147 1131
f 1144 1148 1145
f 1145 1148 1149
f 1145 1149 1150
f 1150 1149 1151
f 1150 1151 1135
f 1135 1151 1152
f 1135 1152 1137
f 1138 1153 1136
f 1136 1153 1154
f 1136 1154 1155
f 1155 1154 1156
f 1155 1156 1157
f 1155 1157 1158
f 1158 1157 1159
f 1158 1159 1160
f 1158 1160 1161
f 1161 1160 1162
f 1161 1162 1163
f 1161 1163 1164
f 1164 1163 1165
f 1164 1165 1166
f 1166 1165 1167
f 1166 1167 1168
f 1166 1168 1169
f 1169 1168 1170
f 1169 1170 1171
f 1169 1171 1172
f 1172 1171 1173
f 1172 1173 1174
f 1172 1174 1175
f 1175 1174 1176
f 1175 1176 1177
f 1177 1176 1178
f 1179 1180 1181
f 1181 1180 1182
f 1181 1182 1183
f 1183 1182 1184
f 1183 1184 1185
f 1185 1184 1186
f 1185 1186 1175
f 1175 1186 1172
f 1182 1187 1184
f 1184 1187 1188
f 1184 1188 1186
f 1186 1188 1189
f 1186 1189 1172
f 1172 1189 1169
f 1187 1190 1188
f 1188 1190 1191
f 1188 1191 1192
f 1192 1191 1193
f 1192 1193 1194
f 1194 1193 1195
f 1194 1195 1196
f 1194 1196 1197
f 1197 1196 1198
f 1197 1198 1199
f 1199 1198 1200
f 1199 1200 1201
f 1199 1201 1202
f 1202 1201 1203
f 1202 1203 1204
f 1204 1203 1205
f 1204 1205 1206
f 1206 1207 1204
f 1204 1207 1208
f 1204 1208 1209
f 1209 1208 1134
f 1209 1134 1136
f 1207 1210 1208
f 1208 1210 1132
f 1208 1132 1134
f 1210 1130 1132
f 1127 1211 1125
f 1125 1211 1212
f 1125 1212 1123
f 1123 1212 1213
f 1123 1213 1121
f 1121 1213 1116
f 1211 1214 1212
f 1212 1214 1215
f 1212 1215 1213
f 1213 1215 1216
f 1213 1216 1116
f 1116 1216 1114
f 1214 1217 1215
f 1215 1217 1218
f 1215 1218 1216
f 1216 1218 1219
f 1216 1219 1114
f 1114 1219 1112
f 1217 1220 1218
f 1218 1220 1221
f 1218 1221 1219
f 1219 1221 1222
f 1219 1222 1112
f 1112 1222 1223
f 1112 1223 1224
f 1224 1223 1225
f 1225 1223 1226
f 1226 1223 1227
f 1226 1227 1228
f 1228 1227 1229
f 1229 1227 1230
f 1230 1227 1231
f 1231 1227 1232
f 1231 1232 1233
f 1233 1232 1234
f 1233 1234 1235
f 1235 1234 1236
f 1235 1236 1237
f 1237 1236 1238
f 1237 1238 1239
f 1239 1238 1240
f 1239 1240 1241
f 1241 1240 1242
f 1242 1240 1243
f 1242 1243 1244
f 1244 1243 1245
f 1245 1243 1246
f 1245 1246 1247
f 1247 1246 1248
f 1247 1248 1249
f 1249 1248 1250
f 1250 1248 1251
f 1250 1251 1252
f 1252 1251 1253
f 1252 1253 1254
f 1254 1253 1255
f 1254 1255 1256
f 1256 1255 1257
f 1257 1255 1258
f 1257 1258 1259
f 1259 1258 1260
f 1259 1260 1261
f 1261 1260 1262
f 1261 1262 1263
f 1263 1262 1264
f 1220 1265 1221
f 1221 1265 1266
f 1221 1266 1222
f 1222 1266 1267
f 1222 1267 1223
f 1223 1267 1227
f 1265 1268 1266
f 1266 1268 1269
f 1266 1269 1267
f 1267 1269 1270
f 1267 1270 1227
f 1227 1270 1232
f 1268 1271 1269
f 1269 1271 1272
f 1269 1272 1270
f 1270 1272 1273
f 1270 1273 1232
f 1232 1273 1234
f 1272 1271 1274
f 1274 1271 1275
f 1274 1275 1276
f 1276 1275 1277
f 1276 1277 1278
f 1278 1277 1279
f 1278 1279 1238
f 1238 1279 1240
f 1275 1280 1277
f 1277 1280 1281
f 1277 1281 1279
f 1279 1281 1282
f 1279 1282 1240
f 1240 1282 1243
f 1280 1283 1281
f 1281 1283 1284
f 1281 1284 1282
f 1282 1284 1285
f 1282 1285 1243
f 1243 1285 1246
f 1284 1283 1286
f 1286 1283 1287
f 1286 1287 1288
f 1288 1287 1289
f 1288 1289 1290
f 1288 1290 1291
f 1291 1290 1292
f 1291 1292 1293
f 1293 1292 1294
f 1293 1294 1295
f 1295 1294 1296
f 1295 1296 1297
f 1297 1296 1298
f 1297 1298 1299
f 1299 1298 1300
f 1224 1110 1112
f 1177 1301 1302
f 1302 1303 1181
f 1299 1304 1305
f 1305 1306 1262
f 1185 1175 1177
f 1185 1177 1302
f 1166 1169 1307
f 1307 1169 1189
f 1307 1189 1192
f 1192 1189 1188
f 1164 1166 1308
f 1308 1166 1307
f 1308 1307 1194
f 1194 1307 1192
f 1161 1164 1309
f 1309 1164 1308
f 1309 1308 1197
f 1197 1308 1194
f 1158 1161 1310
f 1310 1161 1309
f 1310 1309 1199
f 1199 1309 1197
f 1209 1136 1155
f 1155 1158 1311
f 1311 1158 1310
f 1311 1310 1202
f 1202 1310 1199
f 1147 1145 1150
f 1147 1150 1133
f 1133 1150 1135
f 1124 1122 1141
f 1124 1141 1146
f 1278 1238 1236
f 1236 1234 1312
f 1312 1234 1273
f 1312 1273 1274
f 1274 1273 1272
f 1248 1246 1313
f 1313 1246 1285
f 1313 1285 1286
f 1286 1285 1284
f 1251 1248 1314
f 1314 1248 1313
f 1314 1313 1288
f 1288 1313 1286
f 1253 1251 1315
f 1315 1251 1314
f 1315 1314 1291
f 1291 1314 1288
f 1255 1253 1316
f 1316 1253 1315
f 1316 1315 1293
f 1293 1315 1291
f 1258 1255 1317
f 1317 1255 1316
f 1317 1316 1295
f 1295 1316 1293
f 1305 1262 1260
f 1260 1258 1318
f 1318 1258 1317
f 1318 1317 1297
f 1297 1317 1295
f 1318 1297 1299
f 1318 1299 1305
f 1312 1274 1276
f 1312 1276 1278
f 1146 1129 1126
f 1146 1126 1124
f 1133 1131 1147
f 1311 1202 1204
f 1311 1204 1209
f 1302 1181 1183
f 1302 1183 1185
f 1311 1209 1155
f 1312 1278 1236
f 1318 1305 1260
f 1319 714 709
f 709 714 1320
f 709 1320 1321
f 1322 650 1323
f 1323 650 790
f 1324 1325 1326
f 1326 1325 1214
f 1327 1328 1329
f 1325 1324 1330
f 1330 1324 1331
f 1330 1331 1332
f 1332 1331 1333
f 1332 1333 1268
f 1268 1333 1334
f 1268 1334 1335
f 1335 1334 1336
f 1336 1334 1337
f 1336 1337 1338
f 1338 1337 1339
f 1338 1339 1340
f 1340 1339 1341
f 1340 1341 1342
f 1342 1341 1343
f 1342 1343 1344
f 1344 1343 1345
f 1345 1343 1346
f 1345 1346 1347
f 1347 1346 1348
f 1347 1348 1349
f 1349 1348 1350
f 1349 1350 1351
f 1351 1350 1352
f 1351 1352 1353
f 1353 1352 1354
f 1353 1354 1320
f 1355 1356 1357
f 1358 1359 1360
f 1361 1362 1363
f 1363 1362 1364
f 1363 1364 1365
f 1362 1361 1366
f 1366 1361 1367
f 1366 1367 1368
f 1368 1367 1369
f 1368 1369 1370
f 1370 1369 1371
f 1370 1371 1372
f 1372 1371 1373
f 1373 1371 1374
f 1373 1374 1375
f 1375 1374 1376
f 1375 1376 1377
f 1377 1376 1378
f 1377 1378 1379
f 1379 1378 1380
f 1379 1380 1381
f 1381 1380 1382
f 1381 1382 1383
f 1383 1382 1384
f 1384 1382 1385
f 1384 1385 1386
f 1386 1385 1387
f 1386 1387 1388
f 1388 1387 1389
f 1388 1389 1390
f 1390 1389 1391
f 1390 1391 1392
f 1392 1391 1393
f 1393 1391 1394
f 1393 1394 1395
f 1395 1394 1396
f 1395 1396 1397
f 1397 1396 1398
f 1397 1398 1399
f 1399 1398 1400
f 1399 1400 1401
f 1401 1400 1402
f 1402 1400 1403
f 1402 1403 1404
f 1404 1403 1405
f 1404 1405 1406
f 1406 1405 1407
f 1406 1407 1408
f 1408 1407 1409
f 1408 1409 1410
f 1410 1409 1411
f 1410 1411 1412
f 1412 1411 1413
f 1413 1411 1414
f 1413 1414 1415
f 1415 1414 1416
f 1415 1416 1417
f 1417 1416 1418
f 1417 1418 1419
f 1419 1418 1420
f 1419 1420 650
f 1418 1421 1420
f 1420 1421 1422
f 1422 1421 1423
f 1422 1423 1424
f 1424 1423 1425
f 1424 1425 1426
f 1426 1425 1427
f 1426 1427 1190
f 1190 1427 1428
f 1428 1427 1429
f 1428 1429 1430
f 1430 1429 1431
f 1430 1431 1195
f 1195 1431 1432
f 1432 1431 1433
f 1432 1433 1434
f 1434 1433 1435
f 1435 1433 1436
f 1435 1436 1437
f 1437 1436 1438
f 1438 1436 1439
f 1438 1439 1440
f 1440 1439 1441
f 1441 1439 1442
f 1441 1442 1443
f 1443 1442 1444
f 1444 1442 1445
f 1444 1445 1446
f 1446 1445 1447
f 1446 1447 1128
f 1128 1447 1448
f 1448 1447 1449
f 1448 1449 1329
f 1329 1449 1327
f 1365 1450 1363
f 1451 1452 1453
f 1453 1452 1454
f 1453 1454 1455
f 1455 1456 1453
f 1453 1456 1457
f 1458 1456 1459
f 1460 1461 1462
f 1463 1459 1464
f 1463 1464 1465
f 1466 1464 1467
f 1466 1467 1468
f 1468 1467 1469
f 1468 1469 1470
f 1471 1472 1473
f 1470 1474 1475
f 1476 1477 1478
f 1475 1479 1480
f 1480 1479 1481
f 1480 1481 1482
f 1482 1481 1483
f 1482 1483 1484
f 1484 1483 1485
f 1486 1487 1453
f 1488 1489 1490
f 1491 1492 1493
f 1487 1486 1494
f 1494 1486 1495
f 1494 1495 1496
f 1497 1498 1488
f 1453 1499 1500
f 1453 1500 1501
f 1501 1502 1453
f 1453 1502 1503
f 1453 1503 1504
f 1504 1505 1453
f 1453 1505 1506
f 1453 1506 1507
f 1507 1508 1453
f 1453 1508 1509
f 1510 1511 1512
f 1513 1514 1515
f 1453 1516 1517
f 1453 1517 1518
f 1518 1519 1453
f 1453 1519 1520
f 1453 1520 1521
f 1521 1451 1453
f 1522 1523 1524
f 1524 1523 1525
f 1524 1525 1526
f 1526 1527 1524
f 1524 1527 1528
f 1524 1528 1529
f 1529 1530 1524
f 1524 1530 1531
f 1524 1531 1532
f 1532 1533 1524
f 1524 1533 1534
f 1524 1534 1535
f 1535 1536 1524
f 1524 1536 1537
f 1524 1537 1538
f 1538 1539 1524
f 1524 1539 1540
f 1524 1540 1541
f 1541 1542 1524
f 1524 1542 1543
f 1524 1543 1544
f 1545 1546 1524
f 1524 1547 1548
f 1524 1549 1550
f 1551 1548 1552
f 1550 1553 1554
f 1555 1552 1556
f 1557 1558 1524
f 1524 1558 1559
f 1524 1559 1522
f 1558 1557 1560
f 1560 1557 1561
f 1560 1561 1562
f 1562 1561 1563
f 1562 1563 1564
f 1564 1563 1565
f 1564 1565 1566
f 1566 1565 1567
f 1566 1567 1568
f 1568 1567 1569
f 1568 1569 1570
f 1570 1569 1571
f 1570 1571 1572
f 1572 1571 1573
f 1572 1573 1574
f 1574 1573 1575
f 1574 1575 1576
f 1577 1578 1579
f 1579 1578 1580
f 1581 1582 1583
f 1584 1585 1586
f 1586 1585 1587
f 1586 1587 1588
f 1589 1590 1584
f 1584 1590 1591
f 1584 1591 1592
f 1590 1589 1593
f 1593 1589 1594
f 1593 1594 1595
f 1595 1594 1596
f 1595 1596 1597
f 1597 1596 1598
f 1598 1596 1599
f 1598 1599 1600
f 1600 1599 1601
f 1600 1601 1602
f 1602 1601 1603
f 1602 1603 1604
f 1604 1603 1605
f 1604 1605 1606
f 1606 1605 1607
f 1606 1607 1608
f 1608 1607 1609
f 1609 1607 1610
f 1609 1610 1611
f 1611 1610 1612
f 1611 1612 1613
f 1613 1612 1614
f 1614 1612 1615
f 1614 1615 1616
f 1616 1615 1617
f 1616 1617 1618
f 1592 1619 1584
f 1584 1619 1620
f 1584 1620 1621
f 1621 1622 1584
f 1584 1622 1585
f 1623 1624 1625
f 1625 1624 1626
f 1627 1628 1629
f 1630 1626 1631
f 1631 1626 1632
f 1633 1634 1635
f 1635 1634 1636
f 1637 1638 1639
f 1636 1640 1641
f 1641 1642 1636
f 1643 1644 1645
f 1645 1644 1646
f 1645 1646 1647
f 1647 1646 1648
f 1647 1648 1649
f 1649 1648 1650
f 1650 1648 1651
f 1650 1651 1652
f 1652 1651 1653
f 1652 1653 1654
f 1654 1653 1655
f 1654 1655 1656
f 1656 1655 1657
f 1657 1655 1658
f 1657 1658 1659
f 1659 1658 1660
f 1659 1660 1661
f 1661 1660 1662
f 1661 1662 1663
f 1663 1662 1664
f 1663 1664 1665
f 1665 1664 1666
f 1666 1664 1667
f 1666 1667 1668
f 1668 1667 1669
f 1668 1669 1670
f 1670 1669 1671
f 1671 1669 1672
f 1671 1672 1673
f 1673 1672 1674
f 1674 1672 1675
f 1675 1672 1676
f 1676 1672 1677
f 1677 1672 1678
f 1678 1672 1679
f 1678 1679 1680
f 1681 1682 1683
f 1684 1685 1686
f 1686 1685 1687
f 1686 1687 1688
f 1685 1684 1689
f 1689 1684 1690
f 1689 1690 1691
f 1691 1692 1689
f 1689 1692 1693
f 1689 1693 1694
f 1694 1695 1689
f 1689 1695 1696
f 1689 1696 1697
f 1697 1698 1689
f 1689 1698 1699
f 1700 1701 1702
f 1703 1704 1689
f 1689 1704 1705
f 1689 1705 1706
f 1707 1708 1709
f 1689 1710 1711
f 1685 1700 1712
f 1712 1689 1713
f 1712 1713 1714
f 1714 1713 1715
f 1714 1715 1716
f 1717 1718 1713
f 1719 1720 1721
f 1719 1721 1722
f 1723 1724 1725
f 1713 1726 1727
f 1719 1727 1728
f 1729 1730 1725
f 1719 1731 1732
f 1719 1732 1733
f 1733 1734 1725
f 1719 1734 1735
f 1713 1735 1736
f 1736 1737 1713
f 1719 1737 1738
f 1719 1738 1739
f 1739 1715 1713
f 1740 1741 1716
f 1716 1741 1742
f 1716 1742 1714
f 1743 1744 1745
f 1714 1746 1712
f 1712 1746 1747
f 1712 1747 1748
f 1748 1749 1712
f 1712 1749 1750
f 1712 1750 1751
f 1751 1752 1712
f 1753 1754 1755
f 1712 1756 1757
f 1757 1756 1758
f 1758 1756 1759
f 1760 1761 1685
f 1762 1763 1764
f 1685 1765 1766
f 1760 1767 1761
f 1761 1767 1768
f 1769 1770 1771
f 1685 1772 1773
f 1685 1773 1774
f 1774 1775 1685
f 1685 1775 1776
f 1685 1776 1777
f 1777 1778 1685
f 1685 1778 1779
f 1685 1779 1687
f 1780 1781 1782
f 1782 1781 1783
f 1784 1785 1786
f 1786 1785 1787
f 1786 1787 1788
f 1788 1787 1789
f 1788 1789 1790
f 1790 1789 1791
f 1790 1791 1792
f 1792 1791 1793
f 1792 1793 1794
f 1794 1793 1795
f 1796 1797 1798
f 1798 1797 1799
f 1798 1799 1800
f 1800 1799 1801
f 1801 1799 1802
f 1802 1799 1803
f 1802 1803 1804
f 1804 1803 1805
f 1804 1805 1806
f 1806 1805 1807
f 1807 1805 1808
f 1807 1808 1809
f 1809 1808 1810
f 1809 1810 1811
f 1811 1810 1812
f 1811 1812 1813
f 1813 1812 1814
f 1813 1814 1815
f 1815 1814 1816
f 1815 1816 1817
f 1817 1816 1818
f 1817 1818 1819
f 1819 1818 1820
f 1819 1820 1821
f 1821 1820 1822
f 1821 1822 1823
f 1823 1822 1824
f 1823 1824 1825
f 1825 1824 1826
f 1825 1826 1827
f 1827 1826 1828
f 1827 1828 1829
f 1829 1828 1830
f 1829 1830 1831
f 1831 1830 1832
f 1831 1832 1833
f 1797 1834 1799
f 1799 1834 1803
f 1834 1835 1803
f 1803 1835 1805
f 1805 1835 1808
f 1808 1835 1836
f 1808 1836 1810
f 1810 1836 1837
f 1810 1837 1812
f 1812 1837 1838
f 1812 1838 1814
f 1814 1838 1839
f 1814 1839 1816
f 1816 1839 1840
f 1816 1840 1818
f 1818 1840 1841
f 1818 1841 1820
f 1820 1841 1842
f 1820 1842 1822
f 1822 1842 1843
f 1822 1843 1824
f 1824 1843 1844
f 1824 1844 1826
f 1826 1844 1845
f 1826 1845 1828
f 1828 1845 1846
f 1828 1846 1830
f 1830 1846 1832
f 1847 1848 1833
f 1833 1848 1831
f 1848 1849 1831
f 1831 1849 1829
f 1850 1851 1852
f 1853 1854 1855
f 1856 1857 1858
f 1859 1860 1861
f 1862 1863 1864
f 1865 1866 1867
f 1868 1869 1870
f 1870 1869 1871
f 1871 1869 1872
f 1871 1872 1873
f 1873 1872 1874
f 1873 1874 1875
f 1875 1874 1876
f 1875 1876 1877
f 1877 1876 1878
f 1877 1878 1879
f 1879 1878 1880
f 1879 1880 1881
f 1881 1880 1882
f 1881 1882 1883
f 1883 1882 1884
f 1883 1884 1885
f 1885 1884 1886
f 1885 1886 1887
f 1887 1886 1888
f 1887 1888 1889
f 1889 1888 1890
f 1889 1890 1891
f 1891 1890 1892
f 1891 1892 1893
f 1893 1892 1894
f 1893 1894 1895
f 1896 1897 1898
f 1898 1897 1899
f 1900 1901 1902
f 1897 1903 1899
f 1899 1903 1904
f 1899 1904 1905
f 1906 1907 1908
f 1908 1907 1909
f 1908 1909 1910
f 1910 1909 1911
f 1910 1911 1912
f 1912 1911 1913
f 1912 1913 1914
f 1914 1913 1915
f 1914 1915 1916
f 1916 1915 1917
f 1916 1917 1918
f 1918 1917 1915
f 1907 1919 1909
f 1909 1919 1911
f 1919 1920 1911
f 1911 1920 1913
f 1920 1915 1913
f 1916 1918 1921
f 1921 1918 1922
f 1921 1922 1923
f 1923 1922 1924
f 1923 1924 1925
f 1926 1927 1925
f 1925 1927 1928
f 1925 1928 1923
f 1923 1928 1929
f 1923 1929 1921
f 1921 1929 1930
f 1921 1930 1916
f 1916 1930 1931
f 1916 1931 1914
f 1914 1931 1932
f 1914 1932 1912
f 1912 1932 1933
f 1912 1933 1910
f 1910 1933 1934
f 1910 1934 1908
f 1935 1936 1926
f 1926 1936 1937
f 1926 1937 1927
f 1927 1937 1938
f 1927 1938 1928
f 1928 1938 1939
f 1928 1939 1929
f 1929 1939 1940
f 1929 1940 1930
f 1930 1940 1941
f 1930 1941 1931
f 1931 1941 1942
f 1931 1942 1932
f 1932 1942 1943
f 1932 1943 1933
f 1933 1943 1934
f 1936 1935 1944
f 1944 1935 1945
f 1944 1945 1946
f 1944 1946 1947
f 1947 1946 1948
f 1947 1948 1949
f 1949 1948 1950
f 1949 1950 1951
f 1951 1950 1952
f 1951 1952 1953
f 1953 1952 1954
f 1953 1954 1955
f 1955 1954 1956
f 1955 1956 1957
f 1957 1956 1958
f 1957 1958 1959
f 1959 1958 1960
f 1959 1960 1961
f 1950 1948 1962
f 1962 1948 1963
f 1962 1963 1964
f 1964 1963 1965
f 1964 1965 1966
f 1966 1965 1967
f 1966 1967 1968
f 1968 1967 1969
f 1968 1969 1970
f 1970 1969 1971
f 1971 1969 1972
f 1971 1972 1973
f 1973 1972 1974
f 1973 1974 1975
f 1975 1974 1976
f 1976 1974 1977
f 1976 1977 1978
f 1978 1977 1979
f 1979 1977 1980
f 1979 1980 1981
f 1981 1980 1982
f 1981 1982 1983
f 1983 1982 1984
f 1983 1984 1985
f 1985 1984 1986
f 1985 1986 1987
f 1987 1986 1988
f 1987 1988 1989
f 1989 1988 1990
f 1989 1990 1991
f 1991 1990 1992
f 1991 1992 1993
f 1993 1992 1994
f 1993 1994 1995
f 1995 1994 1996
f 1995 1996 1997
f 1997 1996 1998
f 1997 1998 1999
f 1999 1998 2000
f 1999 2000 2001
f 2001 2000 2002
f 2001 2002 2003
f 2003 2002 2004
f 2003 2004 2005
f 2005 2004 2006
f 2005 2006 2007
f 2007 2006 2008
f 2007 2008 2009
f 2009 2008 2010
f 2009 2010 2011
f 2011 2010 2012
f 2011 2012 2013
f 1963 2014 1965
f 1965 2014 1967
f 2015 2016 2014
f 2014 2016 2017
f 2014 2017 1967
f 1967 2017 1969
f 2015 2018 2016
f 2016 2018 2017
f 2018 2019 2017
f 2017 2019 1972
f 2017 1972 1969
f 2019 2020 1972
f 1972 2020 2021
f 1972 2021 1974
f 1974 2021 2022
f 1974 2022 2023
f 2023 2022 2024
f 2023 2024 2025
f 2025 2024 2026
f 2025 2026 2027
f 2027 2026 2028
f 2027 2028 2029
f 2029 2028 2030
f 2029 2030 2031
f 2031 2030 2032
f 2031 2032 2033
f 2033 2032 2034
f 2033 2034 2035
f 2035 2034 2036
f 2035 2036 2037
f 2037 2036 2038
f 2037 2038 2039
f 2039 2038 2040
f 2039 2040 2041
f 2041 2040 2042
f 2041 2042 2043
f 2043 2042 2044
f 2043 2044 2045
f 2045 2044 2046
f 2045 2046 2047
f 2047 2046 2048
f 2047 2048 2049
f 2049 2048 2050
f 2049 2050 2051
f 2051 2050 2052
f 2051 2052 2053
f 2053 2052 2054
f 2053 2054 1992
f 1992 2054 1994
f 2022 2021 2055
f 2055 2021 2056
f 2055 2056 2057
f 2057 2058 2055
f 2055 2058 2024
f 2055 2024 2022
f 2058 2026 2024
f 2028 2032 2030
f 2040 2059 2042
f 2042 2059 2060
f 2042 2060 2044
f 2044 2060 2061
f 2044 2061 2046
f 2046 2061 2062
f 2046 2062 2048
f 2048 2062 2063
f 2048 2063 2050
f 2050 2063 2064
f 2050 2064 2052
f 2052 2064 2065
f 2052 2065 2054
f 2054 2065 2066
f 2054 2066 1994
f 1994 2066 1996
f 2059 2067 2060
f 2060 2067 2068
f 2060 2068 2061
f 2061 2068 2069
f 2061 2069 2062
f 2062 2069 2070
f 2062 2070 2063
f 2063 2070 2071
f 2063 2071 2064
f 2064 2071 2072
f 2064 2072 2065
f 2065 2072 2073
f 2065 2073 2066
f 2066 2073 2074
f 2066 2074 1996
f 1996 2074 1998
f 2067 2075 2068
f 2068 2075 2076
f 2068 2076 2077
f 2077 2076 2078
f 2077 2078 2079
f 2079 2078 2080
f 2079 2080 2081
f 2081 2080 2082
f 2081 2082 2083
f 2083 2082 2084
f 2083 2084 2085
f 2085 2084 2086
f 2085 2086 2087
f 2087 2086 2088
f 2087 2088 2089
f 2089 2088 2090
f 2089 2090 2091
f 2091 2090 2092
f 2091 2092 2073
f 2073 2092 2074
f 2076 2075 2078
f 2078 2075 2093
f 2078 2093 2080
f 2080 2093 2094
f 2080 2094 2082
f 2082 2094 2095
f 2082 2095 2096
f 2096 2095 2097
f 2096 2084 2082
f 2086 2084 2098
f 2098 2084 2099
f 2098 2099 2100
f 2100 2099 2101
f 2100 2101 2102
f 2102 2101 2103
f 2102 2103 2104
f 2104 2103 2002
f 2104 2002 2000
f 2008 2006 2099
f 2099 2006 2105
f 2099 2105 2101
f 2101 2105 2103
f 2013 2106 2011
f 2011 2106 2107
f 2011 2107 2108
f 2108 2109 2011
f 2011 2109 2110
f 2011 2110 2111
f 2111 2110 2112
f 2111 2112 2113
f 2111 2113 2114
f 2114 2113 2115
f 2114 2115 2116
f 2116 2115 2117
f 2116 2117 2118
f 2118 2117 2119
f 2118 2119 2001
f 2001 2119 1999
f 2119 2117 2120
f 2120 2117 2121
f 2120 2121 2119
f 2119 2121 2122
f 2119 2122 1999
f 1999 2122 1997
f 2121 2123 2122
f 2122 2123 2124
f 2122 2124 1997
f 1997 2124 1995
f 2123 2125 2124
f 2124 2125 2126
f 2124 2126 1995
f 1995 2126 1993
f 2125 2127 2126
f 2126 2127 2128
f 2126 2128 1993
f 1993 2128 1991
f 2127 2129 2128
f 2128 2129 1989
f 2128 1989 1991
f 1989 2129 1987
f 1987 2129 2130
f 1987 2130 1985
f 1985 2130 2131
f 1985 2131 2132
f 1985 2132 1983
f 1983 2132 2133
f 1983 2133 2134
f 2134 2135 1983
f 1983 2135 2136
f 1983 2136 1981
f 1981 2136 2137
f 1981 2137 1979
f 1970 2138 1968
f 1968 2138 2139
f 1968 2139 2140
f 2140 2139 2141
f 2140 2141 2142
f 2138 2141 2139
f 2142 2143 2140
f 2140 2143 2144
f 2140 2144 2145
f 2145 2144 2146
f 2145 2146 2147
f 2147 2146 1952
f 2147 1952 1950
f 2143 2148 2144
f 2144 2148 2149
f 2144 2149 2150
f 2150 2151 2144
f 2144 2151 2152
f 2144 2152 2146
f 2146 2152 1954
f 2146 1954 1952
f 2151 2153 2152
f 2152 2153 2154
f 2152 2154 1956
f 1956 2154 2155
f 1956 2155 2156
f 2156 2155 2154
f 1956 2156 1958
f 1958 2156 1960
f 1961 2157 1959
f 1959 2157 2158
f 1959 2158 2159
f 2159 2158 2160
f 2159 2160 2161
f 2161 2160 2162
f 2161 2162 2163
f 2163 2162 2164
f 2163 2164 2165
f 2165 2164 2166
f 2165 2166 2167
f 2167 2166 2168
f 2167 2168 2169
f 2169 2168 2170
f 2169 2170 1939
f 1939 2170 1940
f 2158 2157 2171
f 2171 2157 2172
f 2171 2172 2158
f 2158 2172 2173
f 2158 2173 2174
f 2174 2173 2175
f 2174 2175 2176
f 2176 2175 2177
f 2176 2177 2178
f 2178 2177 2179
f 2178 2179 2180
f 2180 2179 2181
f 2172 2182 2173
f 2173 2182 2175
f 2182 2183 2175
f 2175 2183 2177
f 2183 2184 2177
f 2177 2184 2185
f 2177 2185 2186
f 2186 2187 2177
f 2177 2187 2188
f 2177 2188 2179
f 2189 2190 2180
f 2180 2190 2191
f 2180 2191 2178
f 2178 2191 2192
f 2178 2192 2176
f 2176 2192 2193
f 2176 2193 2174
f 2174 2193 2160
f 2174 2160 2158
f 1934 2194 2189
f 2189 2194 2195
f 2189 2195 2190
f 2190 2195 2196
f 2190 2196 2197
f 2197 2196 2198
f 2197 2198 2199
f 2199 2198 2164
f 2199 2164 2162
f 2200 1934 2201
f 2201 1934 1943
f 2201 1943 1942
f 1937 1936 2202
f 2202 1936 2203
f 2202 2203 2204
f 2204 2203 2205
f 2204 2205 2206
f 2206 2205 2207
f 2206 2207 2208
f 2208 2207 1953
f 2208 1953 1955
f 2169 1939 1938
f 1938 1937 2209
f 2209 1937 2202
f 2209 2202 2210
f 2210 2202 2204
f 2210 2204 2211
f 2211 2204 2206
f 2211 2206 2212
f 2212 2206 2208
f 2212 2208 2213
f 2213 2208 1955
f 2213 1955 1957
f 1941 1940 2214
f 2214 1940 2170
f 2214 2170 2215
f 2215 2170 2168
f 2215 2168 2216
f 2216 2168 2166
f 2216 2166 2198
f 2198 2166 2164
f 1942 1941 2217
f 2217 1941 2214
f 2217 2214 2218
f 2218 2214 2215
f 2218 2215 2219
f 2219 2215 2216
f 2219 2216 2196
f 2196 2216 2198
f 2205 2203 1944
f 1944 2203 1936
f 1944 1947 2220
f 2220 1947 1949
f 2220 1949 1951
f 2167 2169 2209
f 2209 2169 1938
f 2167 2209 2210
f 2200 2201 2217
f 2217 2201 1942
f 2200 2217 2218
f 1934 2200 2194
f 2194 2200 2218
f 2194 2218 2219
f 2207 2205 2220
f 2220 2205 1944
f 2207 2220 1951
f 2165 2167 2210
f 2165 2210 2211
f 2147 1950 1964
f 1964 1950 1962
f 2147 1964 1966
f 1953 2207 1951
f 2163 2165 2211
f 2163 2211 2212
f 2195 2194 2219
f 2195 2219 2196
f 2025 2221 2222
f 2222 2221 2223
f 2222 2223 1980
f 1980 2223 1982
f 2221 2224 2223
f 2223 2224 2225
f 2223 2225 1982
f 1982 2225 1984
f 2027 2029 2025
f 2025 2029 2221
f 2224 2226 2225
f 2225 2226 2227
f 2225 2227 1984
f 1984 2227 1986
f 2224 2221 2228
f 2228 2221 2029
f 2228 2029 2031
f 2226 2229 2227
f 2227 2229 2230
f 2227 2230 1986
f 1986 2230 1988
f 2226 2224 2231
f 2231 2224 2228
f 2231 2228 2232
f 2232 2228 2031
f 2232 2031 2035
f 2035 2031 2033
f 2229 2233 2230
f 2230 2233 2234
f 2230 2234 1988
f 1988 2234 1990
f 2229 2226 2235
f 2235 2226 2231
f 2235 2231 2236
f 2236 2231 2232
f 2236 2232 2237
f 2237 2232 2035
f 2237 2035 2037
f 2233 2051 2234
f 2234 2051 2053
f 2234 2053 1990
f 1990 2053 1992
f 2233 2229 2238
f 2238 2229 2235
f 2238 2235 2239
f 2239 2235 2236
f 2239 2236 2240
f 2240 2236 2237
f 2240 2237 2039
f 2039 2237 2037
f 2051 2233 2049
f 2049 2233 2238
f 2049 2238 2047
f 2047 2238 2239
f 2047 2239 2045
f 2045 2239 2240
f 2045 2240 2043
f 2043 2240 2039
f 2043 2039 2041
f 2091 2073 2072
f 2092 2241 2242
f 2242 2241 2104
f 2242 2104 2000
f 2104 2241 2102
f 2102 2241 2243
f 2102 2243 2100
f 2100 2243 2098
f 2243 2241 2090
f 2090 2241 2092
f 2006 2004 2105
f 2105 2004 2103
f 2004 2002 2103
f 1998 2074 2242
f 2242 2074 2092
f 1998 2242 2000
f 2025 2222 2023
f 2023 2222 1977
f 2023 1977 1974
f 1977 2222 1980
f 2145 2147 1966
f 2145 1966 1968
f 2161 2163 2212
f 2161 2212 2213
f 2091 2072 2244
f 2244 2072 2071
f 2244 2071 2245
f 2245 2071 2070
f 2245 2070 2246
f 2246 2070 2069
f 2246 2069 2077
f 2077 2069 2068
f 2098 2243 2088
f 2088 2243 2090
f 2091 2244 2089
f 2089 2244 2247
f 2089 2247 2087
f 2087 2247 2248
f 2087 2248 2085
f 2085 2248 2083
f 2247 2244 2245
f 2086 2098 2088
f 2247 2245 2249
f 2249 2245 2246
f 2249 2246 2079
f 2079 2246 2077
f 2247 2249 2248
f 2248 2249 2081
f 2248 2081 2083
f 2081 2249 2079
f 2140 2145 1968
f 1956 1954 2152
f 2159 2161 2213
f 2159 2213 1957
f 2160 2193 2162
f 2162 2193 2199
f 2191 2190 2197
f 2193 2192 2199
f 2199 2192 2197
f 2192 2191 2197
f 2005 2007 2250
f 2250 2007 2009
f 2250 2009 2011
f 2003 2005 2251
f 2251 2005 2250
f 2251 2250 2111
f 2111 2250 2011
f 2001 2003 2118
f 2118 2003 2251
f 2118 2251 2114
f 2114 2251 2111
f 2116 2118 2114
f 1959 2159 1957
f 2252 2253 2254
f 2254 2253 2255
f 2254 2255 2256
f 2257 2258 2259
f 2259 2258 2260
f 2259 2260 2261
f 2261 2260 2262
f 2262 2260 2263
f 2263 2260 2264
f 2264 2260 2265
f 2265 2260 2258
f 2265 2258 2266
f 2266 2258 2267
f 2266 2267 2268
f 2268 2267 2269
f 2268 2269 2270
f 2270 2269 2271
f 2270 2271 2272
f 2258 2257 2267
f 2267 2257 2271
f 2267 2271 2269
f 2270 2272 2273
f 2273 2272 2274
f 2273 2274 2275
f 2275 2274 2276
f 2275 2276 2277
f 2277 2276 2278
f 2278 2276 2279
f 2278 2279 2280
f 2280 2279 2281
f 2280 2281 2282
f 2282 2281 2283
f 2282 2283 2284
f 2284 2283 2285
f 2284 2285 2286
f 2286 2285 2287
f 2286 2287 2288
f 2288 2287 2289
f 2288 2289 2290
f 2290 2289 2291
f 2290 2291 2292
f 2292 2291 2293
f 2292 2293 2294
f 2294 2293 2295
f 2294 2295 2296
f 2296 2295 2297
f 2296 2297 2298
f 2298 2297 2299
f 2299 2297 2300
f 2300 2297 2301
f 2301 2297 2295
f 2301 2295 2302
f 2302 2295 2293
f 2302 2293 2303
f 2303 2293 2291
f 2303 2291 2304
f 2304 2291 2289
f 2304 2289 2305
f 2305 2289 2287
f 2305 2287 2306
f 2306 2287 2285
f 2306 2285 2307
f 2307 2285 2283
f 2307 2283 2308
f 2308 2283 2281
f 2308 2281 2309
f 2309 2281 2279
f 2309 2279 2310
f 2310 2279 2276
f 2310 2276 2274
f 2277 2311 2275
f 2275 2311 2273
f 2311 2312 2273
f 2273 2312 2270
f 2312 2268 2270
f 2313 2314 2315
f 2315 2314 2316
f 2315 2316 2317
f 2317 2316 2318
f 2317 2318 2319
f 2319 2318 2320
f 2319 2320 2321
f 2321 2320 2322
f 2321 2322 2323
f 2323 2322 2324
f 2323 2324 2325
f 2325 2324 2326
f 2325 2326 2327
f 2327 2326 2328
f 2327 2328 2329
f 2329 2328 2330
f 2329 2330 2331
f 2331 2330 2332
f 2331 2332 2333
f 2333 2332 2334
f 2333 2334 2335
f 2335 2334 2336
f 2335 2336 2337
f 2337 2336 2338
f 2337 2338 2339
f 2339 2338 2340
f 2341 2342 2343
f 2344 2345 2346
f 2347 2348 2349
f 2350 2351 2352
f 2353 2354 2355
f 2353 2355 2356
f 2357 2358 2359
f 2359 2358 2360
f 2359 2360 2361
f 2362 2363 2364
f 2364 2363 2365
f 2364 2365 2366
f 2366 2365 2367
f 2367 2365 2368
f 2363 2369 2365
f 2370 2371 2372
f 2372 2371 2373
f 2372 2373 2374
f 2374 2373 2375
f 2374 2375 2376
f 2376 2375 2377
f 2376 2377 2378
f 2378 2377 2379
f 2378 2379 2380
f 2380 2379 2381
f 2381 2379 2382
f 2381 2382 2383
f 2383 2382 2384
f 2383 2384 2385
f 2385 2384 2386
f 2385 2386 2387
f 2387 2386 2388
f 2387 2388 2389
f 2389 2388 2390
f 2389 2390 2391
f 2391 2390 2392
f 2392 2390 2393
f 2392 2393 2394
f 2394 2393 2395
f 2394 2395 2396
f 2396 2395 2397
f 2396 2397 2398
f 2398 2397 2399
f 2398 2399 2400
f 2372 2401 2370
f 2370 2401 2402
f 2402 2401 2403
f 2403 2401 2404
f 2404 2401 2405
f 2404 2405 2406
f 2406 2405 2407
f 2407 2405 2408
f 2407 2408 2409
f 2409 2408 2410
f 2409 2410 2411
f 2411 2410 2412
f 2411 2412 2413
f 2413 2412 2414
f 2413 2414 2415
f 2413 2415 2416
f 2416 2415 2417
f 2416 2417 2418
f 2418 2417 2419
f 2418 2419 2420
f 2420 2419 2421
f 2420 2421 2422
f 2422 2421 2423
f 2422 2423 2424
f 2422 2424 2425
f 2425 2424 2426
f 2425 2426 2427
f 2427 2426 2428
f 2427 2428 2429
f 2429 2428 2430
f 2429 2430 2431
f 2431 2430 2432
f 2431 2432 2433
f 2433 2432 2434
f 2435 2436 2437
f 2438 2439 2440
f 2441 2442 2443
f 2444 2445 2446
f 2447 2448 2449
f 2450 2451 2452
f 2453 2454 2455
f 2456 2457 2458
f 2458 2457 2459
f 2460 2461 2462
f 2462 2461 2463
f 2464 2465 2466
f 2466 2465 2467
f 2468 2469 2470
f 2471 2472 2473
f 2474 2475 2476
f 2477 2478 2479
f 2480 2481 2482
f 2483 2484 2485
f 2486 2487 2488
f 2488 2487 2489
f 2490 2491 2492
f 2493 2494 2495
f 2496 2497 2498
f 2498 2497 2499
f 2500 2501 2502
f 2503 2499 2504
f 2503 2504 2505
f 2506 2507 2508
f 2509 2510 2511
f 2505 2512 2513
f 2513 2512 2514
f 2515 2516 2517
f 2518 2519 2520
f 2521 2522 2523
f 2524 2525 2526
f 2526 2525 2527
f 2528 2529 2530
f 2531 2532 2533
f 2533 2532 2534
f 2533 2534 2535
f 2535 2534 2536
f 2535 2536 2537
f 2537 2536 2538
f 2539 2540 2541
f 2542 2543 2544
f 2545 2546 2547
f 2545 2547 2548
f 2548 2549 2550
f 2551 2552 2553
f 2554 2555 2556
f 2557 2558 2559
f 2557 2559 2560
f 2561 2559 2562
f 2563 2564 2565
f 2563 2565 2566
f 2567 2568 2569
f 2570 2571 2572
f 2573 2574 2575
f 2576 2577 2578
f 2573 2579 2580
f 2581 2582 2583
f 2584 2579 2585
f 2586 2587 2588
f 2588 2587 2589
f 2590 2589 2591
f 2591 2589 2592
f 2593 2594 2595
f 2596 2597 2588
f 2598 2599 2600
f 2601 2602 2603
f 2600 2604 2605
f 2606 2607 2608
f 2609 2605 2610
f 2609 2610 2611
f 2611 2610 2612
f 2611 2612 2613
f 2611 2613 2614
f 2614 2615 2616
f 2617 2618 2619
f 2620 2621 2622
f 2623 2624 2625
f 2623 2625 2626
f 2626 2625 2627
f 2626 2627 2628
f 2628 2627 2629
f 2628 2629 2630
f 2631 2632 2633
f 2634 2635 2636
f 2637 2638 2639
f 2640 2641 2642
f 2643 2644 2645
f 2646 2647 2648
f 2649 2650 2651
f 2649 2651 2652
f 2653 2654 2655
f 2656 2657 2658
f 2652 2659 2660
f 2660 2659 2661
f 2662 2663 2664
f 2665 2661 2666
f 2664 2667 2668
f 2669 2670 2671
f 2672 2673 2674
f 2675 2676 2677
f 2678 2679 2680
f 2681 2682 2683
f 2684 2685 2686
f 2687 2688 2689
f 2690 2691 2692
f 2693 2694 2695
f 2696 2697 2698
f 2699 2700 2701
f 2699 2701 2702
f 2703 2704 2705
f 2706 2707 2708
f 2709 2710 2711
f 2712 2713 2714
f 2715 2716 2717
f 2718 2719 2720
f 2721 2722 2723
f 2724 2725 2726
f 2727 2728 2729
f 2730 2731 2732
f 2733 2734 2735
f 2736 2737 2738
f 2739 2740 2741
f 2742 2743 2744
f 2732 2745 2746
f 2747 2748 2749
f 2750 2751 2752
f 2753 2754 2755
f 2756 2757 2749
f 2750 2758 2759
f 2753 2760 2761
f 2761 2762 2753
f 2753 2762 2763
f 2764 2765 2766
f 2767 2768 2769
f 2770 2765 2771
f 2772 2762 2773
f 2773 2762 2774
f 2775 2765 2776
f 2777 2778 2779
f 2780 2781 2782
f 2783 2784 2785
f 2786 2787 2779
f 2788 2789 2790
f 2783 2791 2792
f 2793 2794 2779
f 2783 2795 2796
f 2797 2798 2799
f 2800 2801 2779
f 2802 2803 2804
f 2788 2805 2806
f 2807 2808 2783
f 2802 2809 2810
f 2802 2811 2812
f 2812 2813 2788
f 2814 2815 2816
f 2783 2817 2818
f 2819 2820 2821
f 2822 2823 2824
f 2822 2824 2825
f 2826 2827 2823
f 2828 2829 2830
f 2820 2831 2832
f 2832 2833 2820
f 2834 2835 2836
f 2837 2838 2839
f 2840 2841 2842
f 2843 2844 2845
f 2846 2847 2848
f 2849 2850 2842
f 2823 2851 2852
f 2837 2853 2854
f 2855 2856 2857
f 2828 2858 2859
f 2860 2861 2862
f 2863 2864 2865
f 2825 2866 2867
f 2821 2868 2869
f 2867 2870 2871
f 2872 2873 2822
f 2867 2874 2875
f 2822 2876 2877
f 2878 2783 2818
f 2879 2880 2881
f 2733 2882 2883
f 2884 2885 2886
f 2887 2888 2753
f 2889 2890 2891
f 2892 2893 2894
f 2895 2896 2897
f 2897 2896 2898
f 2897 2898 2899
f 2899 2898 2900
f 2899 2900 2901
f 2901 2900 2902
f 2901 2902 2903
f 2903 2902 2904
f 2903 2904 2905
f 2905 2904 2906
f 2905 2906 2907
f 2907 2906 2908
f 2907 2908 2909
f 2909 2908 2910
f 2909 2910 2911
f 2911 2910 2912
f 2911 2912 2913
f 2913 2912 2914
f 2913 2914 2915
f 2915 2914 2916
f 2915 2916 2917
f 2917 2916 2918
f 2917 2918 2919
f 2919 2918 2920
f 2920 2918 2921
f 2920 2921 2922
f 2922 2921 2923
f 2922 2923 2924
f 2924 2923 2925
f 2924 2925 2926
f 2926 2925 2927
f 2926 2927 2928
f 2928 2927 2929
f 2928 2929 2930
f 2930 2929 2931
f 2930 2931 2932
f 2932 2931 2933
f 2932 2933 2934
f 2934 2933 2935
f 2934 2935 2936
f 2936 2935 2937
f 2936 2937 2938
f 2938 2937 2939
f 2938 2939 2940
f 2940 2939 2941
f 2940 2941 2942
f 2942 2941 2943
f 2942 2943 2944
f 2944 2943 2945
f 2944 2945 2946
f 2946 2945 2947
f 2946 2947 2948
f 2948 2947 2949
f 2948 2949 2950
f 2950 2949 2951
f 2950 2951 2952
f 2952 2951 2953
f 2953 2951 2954
f 2953 2954 2955
f 2955 2954 2956
f 2955 2956 2957
f 2957 2956 2958
f 2957 2958 2959
f 2959 2958 2960
f 2959 2960 2961
f 2961 2960 2962
f 2961 2962 2963
f 2963 2962 2964
f 2963 2964 2965
f 2965 2964 2966
f 2965 2966 2967
f 2967 2966 2968
f 2967 2968 2969
f 2969 2968 2970
f 2969 2970 2971
f 2971 2970 2972
f 2971 2972 2973
f 2973 2972 2974
f 2973 2974 2975
f 2975 2974 2976
f 2975 2976 2977
f 2977 2976 2978
f 2977 2978 2979
f 2979 2978 2980
f 2979 2980 2981
f 2981 2980 2982
f 2981 2982 2983
f 2983 2982 2921
f 2983 2921 2918
f 2898 2896 2984
f 2984 2896 2985
f 2984 2985 2986
f 2986 2985 2987
f 2986 2987 2988
f 2988 2987 2989
f 2988 2989 2990
f 2990 2989 2991
f 2990 2991 2992
f 2992 2991 2993
f 2992 2993 2994
f 2994 2993 2995
f 2994 2995 2996
f 2996 2995 2997
f 2996 2997 2998
f 2998 2997 2999
f 2998 2999 3000
f 3000 2999 3001
f 3000 3001 2965
f 2965 3001 2963
f 2952 3002 2950
f 2950 3002 3003
f 2950 3003 3004
f 3005 3006 3004
f 3004 3006 3007
f 3004 3007 2950
f 2950 3007 3008
f 2950 3008 2948
f 2948 3008 3009
f 2948 3009 2946
f 2946 3009 3010
f 2946 3010 2944
f 2944 3010 3011
f 2944 3011 2942
f 2942 3011 3012
f 2942 3012 2940
f 2940 3012 3013
f 2940 3013 2938
f 2938 3013 3014
f 2938 3014 2936
f 2936 3014 3015
f 2936 3015 2934
f 2934 3015 3016
f 2934 3016 2932
f 3005 3017 3006
f 3006 3017 3018
f 3006 3018 3007
f 3007 3018 3019
f 3007 3019 3020
f 3020 3019 3021
f 3020 3021 3022
f 3022 3021 3023
f 3022 3023 3024
f 3024 3023 3025
f 3024 3025 3026
f 3026 3025 3027
f 3026 3027 3028
f 3028 3027 3029
f 3028 3029 3030
f 3030 3029 3031
f 3030 3031 3032
f 3032 3031 3033
f 3032 3033 3034
f 3034 3033 3035
f 3034 3035 3036
f 3036 3035 3037
f 3037 3035 3038
f 3037 3038 3039
f 3039 3038 3040
f 3040 3038 3041
f 3040 3041 3042
f 3042 3041 3043
f 3042 3043 3044
f 3044 3043 3045
f 3045 3043 3046
f 3045 3046 3047
f 3047 3046 3048
f 3047 3048 3049
f 3049 3048 3050
f 3049 3050 3051
f 3051 3050 3052
f 3051 3052 3053
f 3053 3052 3054
f 3053 3054 3055
f 3055 3054 3056
f 3055 3056 3057
f 3057 3056 3058
f 3057 3058 3059
f 3059 3058 3060
f 3059 3060 3061
f 3061 3060 3062
f 3061 3062 3063
f 3063 3062 3064
f 3063 3064 3065
f 3065 3064 3066
f 3065 3066 3067
f 3067 3066 3068
f 3067 3068 3069
f 3069 3068 3070
f 3069 3070 3071
f 3071 3070 3072
f 3071 3072 3073
f 3073 3072 3074
f 3073 3074 3075
f 3075 3074 3076
f 3075 3076 3077
f 3017 3078 3018
f 3018 3078 3079
f 3018 3079 3019
f 3019 3079 3080
f 3019 3080 3021
f 3021 3080 3081
f 3021 3081 3023
f 3023 3081 3082
f 3023 3082 3025
f 3025 3082 3083
f 3025 3083 3027
f 3027 3083 3084
f 3027 3084 3029
f 3029 3084 3085
f 3029 3085 3031
f 3031 3085 3086
f 3031 3086 3033
f 3033 3086 3087
f 3033 3087 3035
f 3035 3087 3038
f 3078 3088 3079
f 3079 3088 3089
f 3079 3089 3080
f 3080 3089 3090
f 3080 3090 3081
f 3081 3090 3091
f 3081 3091 3082
f 3082 3091 3092
f 3082 3092 3083
f 3083 3092 3093
f 3083 3093 3084
f 3084 3093 3094
f 3084 3094 3085
f 3085 3094 3095
f 3085 3095 3086
f 3086 3095 3096
f 3086 3096 3087
f 3087 3096 3097
f 3087 3097 3038
f 3038 3097 3041
f 3098 3099 3088
f 3088 3099 3100
f 3088 3100 3089
f 3089 3100 3090
f 3101 3102 3098
f 3098 3102 3103
f 3098 3103 3100
f 3100 3103 3104
f 3100 3104 3090
f 3090 3104 3091
f 3102 3101 3105
f 3105 3101 3106
f 3105 3106 3107
f 3107 3106 3108
f 3107 3108 3109
f 3109 3108 3110
f 3109 3110 3111
f 3111 3110 3112
f 3111 3112 3113
f 3113 3112 3114
f 3113 3114 3115
f 3115 3114 3116
f 3115 3116 3117
f 3117 3116 3118
f 3117 3118 3119
f 3119 3118 3120
f 3119 3120 3121
f 3121 3120 3122
f 3121 3122 3123
f 3123 3122 3124
f 3123 3124 3125
f 3125 3124 3126
f 3125 3126 3050
f 3050 3126 3052
f 3106 3127 3108
f 3108 3127 3128
f 3108 3128 3110
f 3110 3128 3129
f 3110 3129 3112
f 3112 3129 3130
f 3112 3130 3114
f 3114 3130 3131
f 3114 3131 3116
f 3116 3131 3132
f 3116 3132 3118
f 3118 3132 3133
f 3118 3133 3120
f 3120 3133 3134
f 3120 3134 3122
f 3122 3134 3135
f 3122 3135 3124
f 3124 3135 3136
f 3124 3136 3126
f 3126 3136 3054
f 3126 3054 3052
f 3127 3137 3128
f 3128 3137 3138
f 3128 3138 3129
f 3129 3138 3139
f 3129 3139 3130
f 3130 3139 3140
f 3130 3140 3131
f 3131 3140 3141
f 3131 3141 3132
f 3132 3141 3142
f 3132 3142 3133
f 3133 3142 3143
f 3133 3143 3134
f 3134 3143 3144
f 3134 3144 3135
f 3135 3144 3145
f 3135 3145 3136
f 3136 3145 3056
f 3136 3056 3054
f 3137 3146 3138
f 3138 3146 3147
f 3138 3147 3139
f 3139 3147 3148
f 3139 3148 3140
f 3140 3148 3149
f 3140 3149 3141
f 3141 3149 3150
f 3141 3150 3142
f 3142 3150 3151
f 3142 3151 3143
f 3143 3151 3152
f 3143 3152 3144
f 3144 3152 3153
f 3144 3153 3145
f 3145 3153 3058
f 3145 3058 3056
f 3147 3146 3154
f 3154 3146 3155
f 3154 3155 3156
f 3156 3155 3157
f 3156 3157 3158
f 3158 3157 3159
f 3158 3159 3160
f 3160 3159 3161
f 3160 3161 3162
f 3162 3161 3163
f 3162 3163 3164
f 3164 3163 3068
f 3164 3068 3066
f 3159 3165 3161
f 3161 3165 3166
f 3161 3166 3163
f 3163 3166 3070
f 3163 3070 3068
f 3165 3167 3166
f 3166 3167 3072
f 3166 3072 3070
f 3167 3074 3072
f 3075 3077 3168
f 3168 3077 3169
f 3168 3169 3170
f 3170 3169 3171
f 3170 3171 3172
f 3172 3171 3173
f 3172 3173 3174
f 3174 3173 3175
f 3174 3175 3176
f 3176 3175 3177
f 3176 3177 3178
f 3178 3177 3179
f 3178 3179 3180
f 3180 3179 3181
f 3180 3181 3182
f 3182 3181 3183
f 3182 3183 3184
f 3184 3183 3185
f 3184 3185 3186
f 3186 3185 3187
f 3186 3187 3188
f 3169 3189 3171
f 3171 3189 3190
f 3171 3190 3173
f 3173 3190 3191
f 3173 3191 3175
f 3175 3191 3192
f 3175 3192 3177
f 3177 3192 3193
f 3177 3193 3179
f 3179 3193 3194
f 3179 3194 3181
f 3181 3194 3195
f 3181 3195 3183
f 3183 3195 3196
f 3183 3196 3185
f 3185 3196 3197
f 3185 3197 3187
f 3198 3199 3189
f 3189 3199 3200
f 3189 3200 3190
f 3190 3200 3191
f 3201 3202 3198
f 3198 3202 3203
f 3198 3203 3204
f 3204 3203 3205
f 3204 3205 3206
f 3206 3205 3207
f 3206 3207 3208
f 3208 3207 3209
f 3208 3209 3193
f 3193 3209 3194
f 3202 3201 3210
f 3210 3201 3211
f 3210 3211 3212
f 3212 3211 3213
f 3212 3213 3214
f 3214 3213 3215
f 3214 3215 3216
f 3216 3215 3217
f 3216 3217 3207
f 3207 3217 3209
f 3213 3218 3215
f 3215 3218 3219
f 3215 3219 3217
f 3217 3219 3220
f 3217 3220 3209
f 3209 3220 3194
f 3218 3221 3219
f 3219 3221 3222
f 3219 3222 3220
f 3220 3222 3195
f 3220 3195 3194
f 3221 3197 3222
f 3222 3197 3196
f 3222 3196 3195
f 3223 3224 3188
f 3188 3224 3225
f 3188 3225 3186
f 3186 3225 3226
f 3186 3226 3184
f 3184 3226 3227
f 3184 3227 3182
f 3182 3227 3228
f 3182 3228 3180
f 3180 3228 3229
f 3180 3229 3178
f 3178 3229 3230
f 3178 3230 3176
f 3176 3230 3231
f 3176 3231 3174
f 3174 3231 3232
f 3174 3232 3172
f 3172 3232 3233
f 3172 3233 3170
f 3170 3233 3168
f 3224 3223 3053
f 3053 3223 3051
f 3036 3234 3034
f 3034 3234 3235
f 3034 3235 3236
f 3236 3235 3237
f 3236 3237 3238
f 3238 3237 3239
f 3238 3239 3240
f 3238 3240 3241
f 3241 3240 3242
f 3241 3242 3243
f 3243 3242 3244
f 3243 3244 3245
f 3243 3245 3246
f 3246 3245 3247
f 3246 3247 3248
f 3248 3247 3249
f 3248 3249 3250
f 3250 3249 3251
f 3250 3251 3015
f 3015 3251 3016
f 2919 3252 2917
f 2917 3252 3253
f 2917 3253 3254
f 3255 2911 3254
f 3254 2911 2913
f 3254 2913 2915
f 3256 2905 3255
f 3255 2905 2907
f 3255 2907 2909
f 2897 2899 3256
f 3256 2899 2901
f 3256 2901 2903
f 2917 3254 2915
f 3198 3204 3199
f 3199 3204 3206
f 3199 3206 3257
f 3257 3206 3208
f 3257 3208 3192
f 3192 3208 3193
f 2911 3255 2909
f 2905 3256 2903
f 2964 2962 3258
f 3258 2962 2960
f 3258 2960 3259
f 3259 2960 3260
f 3259 3260 3261
f 3261 3260 3262
f 3261 3262 3263
f 3263 3262 3264
f 3263 3264 3265
f 3265 3264 2943
f 3265 2943 2941
f 2965 2967 3000
f 3000 2967 3266
f 3000 3266 2998
f 2998 3266 3267
f 2998 3267 2996
f 2996 3267 3268
f 2996 3268 2994
f 2994 3268 3269
f 2994 3269 2992
f 2992 3269 3270
f 2992 3270 2990
f 2990 3270 3271
f 2990 3271 2988
f 2988 3271 3272
f 2988 3272 2986
f 2986 3272 3273
f 2986 3273 2984
f 2984 3273 2900
f 2984 2900 2898
f 2951 2949 2954
f 2954 2949 3274
f 2954 3274 2956
f 2956 3274 3275
f 2956 3275 2958
f 2958 3275 3260
f 2958 3260 2960
f 2964 3258 2966
f 2966 3258 3276
f 2966 3276 2968
f 2968 3276 3277
f 2968 3277 2970
f 2970 3277 3278
f 2970 3278 2972
f 2972 3278 3279
f 2972 3279 2974
f 2974 3279 3280
f 2974 3280 2976
f 2976 3280 3281
f 2976 3281 2978
f 2978 3281 3282
f 2978 3282 2980
f 2980 3282 3283
f 2980 3283 2982
f 2982 3283 2923
f 2982 2923 2921
f 3276 3258 3259
f 2967 2969 3266
f 3266 2969 3284
f 3266 3284 3267
f 3267 3284 3285
f 3267 3285 3268
f 3268 3285 3286
f 3268 3286 3269
f 3269 3286 3287
f 3269 3287 3270
f 3270 3287 3288
f 3270 3288 3271
f 3271 3288 3289
f 3271 3289 3272
f 3272 3289 3290
f 3272 3290 3273
f 3273 3290 2902
f 3273 2902 2900
f 3233 3291 3292
f 3292 3291 3071
f 3292 3071 3073
f 3071 3291 3069
f 3069 3291 3293
f 3069 3293 3067
f 3067 3293 3294
f 3067 3294 3065
f 3065 3294 3295
f 3065 3295 3063
f 3063 3295 3296
f 3063 3296 3061
f 3061 3296 3297
f 3061 3297 3059
f 3059 3297 3298
f 3059 3298 3057
f 3057 3298 3299
f 3057 3299 3055
f 3055 3299 3224
f 3055 3224 3053
f 3293 3291 3232
f 3232 3291 3233
f 3164 3300 3162
f 3162 3300 3301
f 3162 3301 3160
f 3160 3301 3158
f 3300 3302 3301
f 3301 3302 3303
f 3301 3303 3158
f 3158 3303 3156
f 3300 3164 3304
f 3304 3164 3066
f 3304 3066 3064
f 3302 3305 3303
f 3303 3305 3306
f 3303 3306 3156
f 3156 3306 3154
f 3302 3300 3307
f 3307 3300 3304
f 3307 3304 3308
f 3308 3304 3064
f 3308 3064 3062
f 3305 3149 3306
f 3306 3149 3148
f 3306 3148 3154
f 3154 3148 3147
f 3305 3302 3309
f 3309 3302 3307
f 3309 3307 3310
f 3310 3307 3308
f 3310 3308 3311
f 3311 3308 3062
f 3311 3062 3060
f 3149 3305 3150
f 3150 3305 3309
f 3150 3309 3151
f 3151 3309 3310
f 3151 3310 3152
f 3152 3310 3311
f 3152 3311 3153
f 3153 3311 3060
f 3153 3060 3058
f 3111 3312 3109
f 3109 3312 3313
f 3109 3313 3107
f 3107 3313 3105
f 3312 3314 3313
f 3313 3314 3103
f 3313 3103 3105
f 3105 3103 3102
f 3312 3111 3315
f 3315 3111 3113
f 3315 3113 3316
f 3316 3113 3115
f 3316 3115 3317
f 3317 3115 3117
f 3317 3117 3318
f 3318 3117 3119
f 3318 3119 3319
f 3319 3119 3121
f 3319 3121 3320
f 3320 3121 3123
f 3320 3123 3321
f 3321 3123 3125
f 3321 3125 3048
f 3048 3125 3050
f 3103 3314 3104
f 3104 3314 3322
f 3104 3322 3091
f 3091 3322 3092
f 3314 3312 3323
f 3323 3312 3315
f 3323 3315 3324
f 3324 3315 3316
f 3324 3316 3325
f 3325 3316 3317
f 3325 3317 3326
f 3326 3317 3318
f 3326 3318 3327
f 3327 3318 3319
f 3327 3319 3328
f 3328 3319 3320
f 3328 3320 3329
f 3329 3320 3321
f 3329 3321 3046
f 3046 3321 3048
f 3008 3007 3020
f 2949 2947 3274
f 3274 2947 3330
f 3274 3330 3275
f 3275 3330 3262
f 3275 3262 3260
f 3276 3259 3331
f 3331 3259 3261
f 3331 3261 3332
f 3332 3261 3263
f 3332 3263 3333
f 3333 3263 3265
f 3333 3265 3334
f 3334 3265 2941
f 3334 2941 2939
f 2969 2971 3284
f 3284 2971 3335
f 3284 3335 3285
f 3285 3335 3336
f 3285 3336 3286
f 3286 3336 3337
f 3286 3337 3287
f 3287 3337 3338
f 3287 3338 3288
f 3288 3338 3339
f 3288 3339 3289
f 3289 3339 3340
f 3289 3340 3290
f 3290 3340 2904
f 3290 2904 2902
f 3099 3098 3100
f 3075 3168 3292
f 3292 3168 3233
f 3075 3292 3073
f 3199 3257 3200
f 3200 3257 3191
f 3257 3192 3191
f 3231 3230 3294
f 3294 3230 3295
f 3296 3295 3229
f 3229 3295 3230
f 3325 3341 3324
f 3324 3341 3342
f 3324 3342 3323
f 3323 3342 3322
f 3323 3322 3314
f 3341 3093 3342
f 3342 3093 3092
f 3342 3092 3322
f 3341 3325 3343
f 3343 3325 3326
f 3343 3326 3344
f 3344 3326 3327
f 3344 3327 3345
f 3345 3327 3328
f 3345 3328 3346
f 3346 3328 3329
f 3346 3329 3043
f 3043 3329 3046
f 3093 3341 3094
f 3094 3341 3343
f 3094 3343 3095
f 3095 3343 3344
f 3095 3344 3096
f 3096 3344 3345
f 3096 3345 3097
f 3097 3345 3346
f 3097 3346 3041
f 3041 3346 3043
f 3024 3347 3022
f 3022 3347 3348
f 3022 3348 3020
f 3020 3348 3008
f 3347 3349 3348
f 3348 3349 3009
f 3348 3009 3008
f 3347 3024 3350
f 3350 3024 3026
f 3350 3026 3351
f 3351 3026 3028
f 3351 3028 3352
f 3352 3028 3030
f 3352 3030 3353
f 3353 3030 3032
f 3353 3032 3236
f 3236 3032 3034
f 3009 3349 3010
f 3010 3349 3354
f 3010 3354 3011
f 3011 3354 3355
f 3011 3355 3012
f 3012 3355 3356
f 3012 3356 3013
f 3013 3356 3357
f 3013 3357 3014
f 3014 3357 3250
f 3014 3250 3015
f 3349 3347 3358
f 3358 3347 3350
f 3358 3350 3359
f 3359 3350 3351
f 3359 3351 3360
f 3360 3351 3352
f 3360 3352 3361
f 3361 3352 3353
f 3361 3353 3238
f 3238 3353 3236
f 2945 2943 3264
f 3333 3362 3332
f 3332 3362 3363
f 3332 3363 3331
f 3331 3363 3277
f 3331 3277 3276
f 3362 3364 3363
f 3363 3364 3278
f 3363 3278 3277
f 3362 3333 3365
f 3365 3333 3334
f 3365 3334 3366
f 3366 3334 2939
f 3366 2939 2937
f 3278 3364 3279
f 3279 3364 3367
f 3279 3367 3280
f 3280 3367 3368
f 3280 3368 3281
f 3281 3368 3369
f 3281 3369 3282
f 3282 3369 3370
f 3282 3370 3283
f 3283 3370 2925
f 3283 2925 2923
f 3364 3362 3371
f 3371 3362 3365
f 3371 3365 3372
f 3372 3365 3366
f 3372 3366 3373
f 3373 3366 2937
f 3373 2937 2935
f 2975 3374 3375
f 3375 3374 3376
f 3375 3376 3336
f 3336 3376 3337
f 3374 3377 3376
f 3376 3377 3378
f 3376 3378 3337
f 3337 3378 3338
f 2975 2977 3374
f 3374 2977 3379
f 3374 3379 3377
f 3377 3379 3380
f 3377 3380 3381
f 3381 3380 3382
f 3381 3382 3383
f 3383 3382 2910
f 3383 2910 2908
f 3377 3381 3378
f 3378 3381 3384
f 3378 3384 3338
f 3338 3384 3339
f 3381 3383 3384
f 3384 3383 3385
f 3384 3385 3339
f 3339 3385 3340
f 3383 2908 3385
f 3385 2908 2906
f 3385 2906 3340
f 3340 2906 2904
f 2975 3375 2973
f 2973 3375 3335
f 2973 3335 2971
f 3335 3375 3336
f 3262 3330 3264
f 3264 3330 2945
f 3330 2947 2945
f 3232 3231 3293
f 3293 3231 3294
f 3216 3207 3205
f 3205 3203 3386
f 3386 3203 3202
f 3386 3202 3212
f 3212 3202 3210
f 3228 3227 3297
f 3297 3227 3298
f 3299 3298 3226
f 3226 3298 3227
f 3360 3387 3359
f 3359 3387 3388
f 3359 3388 3358
f 3358 3388 3354
f 3358 3354 3349
f 3387 3389 3388
f 3388 3389 3355
f 3388 3355 3354
f 3387 3360 3390
f 3390 3360 3361
f 3390 3361 3241
f 3241 3361 3238
f 3355 3389 3356
f 3356 3389 3391
f 3356 3391 3357
f 3357 3391 3248
f 3357 3248 3250
f 3389 3387 3392
f 3392 3387 3390
f 3392 3390 3243
f 3243 3390 3241
f 3373 3393 3372
f 3372 3393 3394
f 3372 3394 3371
f 3371 3394 3367
f 3371 3367 3364
f 3393 3395 3394
f 3394 3395 3368
f 3394 3368 3367
f 3393 3373 3396
f 3396 3373 2935
f 3396 2935 2933
f 3368 3395 3369
f 3369 3395 3397
f 3369 3397 3370
f 3370 3397 2927
f 3370 2927 2925
f 3395 3393 3398
f 3398 3393 3396
f 3398 3396 2931
f 2931 3396 2933
f 2981 3399 3400
f 3400 3399 3401
f 3400 3401 3380
f 3380 3401 3382
f 3399 2914 3401
f 3401 2914 2912
f 3401 2912 3382
f 3382 2912 2910
f 2981 2983 3399
f 3399 2983 2916
f 3399 2916 2914
f 2981 3400 2979
f 2979 3400 3379
f 2979 3379 2977
f 3379 3400 3380
f 3229 3228 3296
f 3296 3228 3297
f 2983 2918 2916
f 3398 2931 2929
f 3398 2929 3397
f 3397 2929 2927
f 3392 3243 3246
f 3392 3246 3391
f 3391 3246 3248
f 3226 3225 3299
f 3299 3225 3224
f 3386 3212 3214
f 3386 3214 3216
f 3386 3216 3205
f 3392 3391 3389
f 3398 3397 3395
f 3402 3403 3404
f 3404 3403 3405
f 3406 3407 3408
f 3408 3407 3409
f 3408 3409 3410
f 3410 3409 3411
f 3410 3411 3412
f 3412 3411 3413
f 3412 3413 3414
f 3414 3413 3415
f 3414 3415 3416
f 3416 3415 3417
f 3416 3417 3418
f 3418 3417 3419
f 3418 3419 3420
f 3420 3419 3421
f 3420 3421 3422
f 3422 3421 3423
f 3422 3423 3424
f 3424 3423 3425
f 3424 3425 3426
f 3426 3425 3427
f 3426 3427 3428
f 3428 3427 3429
f 3428 3429 3430
f 3430 3429 3431
f 3430 3431 3432
f 3432 3431 3433
f 3432 3433 3434
f 3434 3433 3435
f 3434 3435 3436
f 3436 3435 3437
f 3436 3437 3438
f 3438 3437 3439
f 3438 3439 3440
f 3440 3439 3441
f 3440 3441 3442
f 3442 3441 3443
f 3442 3443 3444
f 3444 3443 3445
f 3444 3445 3446
f 3446 3445 3447
f 3446 3447 3448
f 3448 3447 3449
f 3448 3449 3450
f 3450 3449 3451
f 3450 3451 3452
f 3452 3451 3453
f 3452 3453 3454
f 3454 3453 3455
f 3454 3455 3456
f 3456 3455 3457
f 3456 3457 3458
f 3458 3457 3459
f 3458 3459 3460
f 3460 3459 3461
f 3460 3461 3462
f 3462 3461 3463
f 3462 3463 3464
f 3464 3463 3465
f 3464 3465 3466
f 3466 3465 3467
f 3466 3467 3468
f 3468 3467 3469
f 3468 3469 3470
f 3470 3469 3471
f 3470 3471 3472
f 3472 3471 3473
f 3472 3473 3474
f 3474 3473 3475
f 3474 3475 3476
f 3476 3475 3477
f 3476 3477 3478
f 3478 3477 3479
f 3478 3479 3480
f 3480 3479 3481
f 3480 3481 3482
f 3482 3481 3483
f 3482 3483 3484
f 3484 3483 3485
f 3484 3485 3486
f 3486 3485 3487
f 3486 3487 3488
f 3488 3487 3489
f 3488 3489 3490
f 3490 3489 3491
f 3490 3491 3492
f 3492 3491 3493
f 3492 3493 3494
f 3494 3493 3495
f 3494 3495 3496
f 3496 3495 3497
f 3496 3497 3498
f 3498 3497 3499
f 3498 3499 3402
f 3402 3499 3403
f 3500 3501 3502
f 3502 3501 3503
f 3502 3503 3504
f 3504 3503 3505
f 3504 3505 3506
f 3506 3505 3507
f 3506 3507 3508
f 3508 3507 3509
f 3508 3509 3510
f 3510 3509 3511
f 3510 3511 3512
f 3512 3511 3513
f 3512 3513 3514
f 3514 3513 3515
f 3516 3517 3518
f 3518 3517 3519
f 3520 3521 3522
f 3522 3521 3523
f 3524 3525 3526
f 3526 3525 3527
f 3528 3529 3530
f 3530 3529 3531
f 3532 3533 3534
f 3534 3533 3535
f 3534 3535 3536
f 3501 3500 3537
f 3537 3500 3538
f 3539 3540 3541
f 3541 3540 3542
f 3543 3544 3545
f 3545 3544 3546
f 3547 3548 3549
f 3549 3548 3550
f 3551 3552 3553
f 3553 3552 3554
f 3555 3556 3557
f 3557 3556 3558
f 3559 3560 3561
f 3561 3560 3562
f 3561 3562 3563
f 3563 3562 3564
f 3563 3564 3565
f 3565 3564 3566
f 3565 3566 3567
f 3567 3566 3568
f 3567 3568 3569
f 3570 3571 3572
f 3572 3571 3573
f 3574 3575 3576
f 3576 3575 3577
f 3576 3577 3578
f 3579 3580 3574
f 3574 3580 3575
f 3581 3582 3583
f 3583 3582 3584
f 3583 3584 3585
f 3586 3587 3585
f 3585 3587 3583
f 3588 3589 3590
f 3590 3589 3591
f 3590 3591 3592
f 3592 3591 3593
f 3592 3593 3594
f 3594 3593 3595
f 3594 3596 3592
f 3592 3596 3597
f 3592 3597 3598
f 3598 3597 3599
f 3598 3599 3600
f 3600 3599 3601
f 3600 3601 3602
f 3602 3601 3603
f 3603 3601 3604
f 3604 3601 3605
f 3605 3601 3606
f 3605 3606 3607
f 3607 3606 3608
f 3608 3606 3609
f 3609 3606 3610
f 3609 3610 3611
f 3611 3610 3612
f 3611 3612 3613
f 3613 3612 3614
f 3613 3614 3615
f 3615 3614 3616
f 3615 3616 3617
f 3617 3616 3618
f 3617 3618 3619
f 3619 3618 3620
f 3619 3620 3621
f 3596 3622 3597
f 3597 3622 3623
f 3597 3623 3599
f 3599 3623 3624
f 3599 3624 3601
f 3601 3624 3606
f 3622 3625 3623
f 3623 3625 3626
f 3623 3626 3624
f 3624 3626 3627
f 3624 3627 3606
f 3606 3627 3610
f 3625 3628 3626
f 3626 3628 3629
f 3626 3629 3627
f 3627 3629 3630
f 3627 3630 3610
f 3610 3630 3612
f 3628 3631 3629
f 3629 3631 3632
f 3629 3632 3630
f 3630 3632 3633
f 3630 3633 3612
f 3612 3633 3614
f 3631 3634 3632
f 3632 3634 3635
f 3632 3635 3633
f 3633 3635 3616
f 3633 3616 3614
f 3634 3636 3635
f 3635 3636 3618
f 3635 3618 3616
f 3636 1659 3618
f 3618 1659 3620
f 3637 3638 3621
f 3621 3638 3639
f 3621 3639 3619
f 3619 3639 3640
f 3619 3640 3617
f 3617 3640 3641
f 3617 3641 3615
f 3615 3641 3642
f 3615 3642 3613
f 3638 3637 3643
f 3643 3637 3644
f 3643 3644 3645
f 3645 3644 3646
f 3645 3646 3647
f 3647 3646 3648
f 3647 3648 3649
f 3649 3648 3650
f 3649 3650 3651
f 3651 3650 3652
f 3651 3652 3653
f 3653 3652 3654
f 3653 3654 3655
f 3655 3654 3656
f 3655 3656 3657
f 3657 3656 3658
f 3657 3658 3659
f 3644 3660 3646
f 3646 3660 3661
f 3646 3661 3648
f 3648 3661 3662
f 3648 3662 3650
f 3650 3662 3652
f 3660 3663 3661
f 3661 3663 3664
f 3661 3664 3662
f 3662 3664 3654
f 3662 3654 3652
f 3664 3663 3656
f 3656 3663 3658
f 3659 3665 3657
f 3657 3665 3666
f 3657 3666 3667
f 3667 3666 3668
f 3667 3668 3669
f 3669 3668 3670
f 3669 3670 3671
f 3671 3670 3672
f 3672 3670 3673
f 3665 3674 3666
f 3666 3674 3675
f 3666 3675 3676
f 3676 3675 3677
f 3676 3677 3678
f 3678 3677 3679
f 3678 3679 3680
f 3671 3681 3669
f 3669 3681 3682
f 3669 3682 3683
f 3669 3683 3684
f 3684 3683 3685
f 3684 3685 3653
f 3653 3685 3651
f 3651 3686 3649
f 3649 3686 3687
f 3649 3687 3647
f 3647 3687 3688
f 3647 3688 3645
f 3645 3688 3643
f 3686 3689 3687
f 3687 3689 3690
f 3687 3690 3688
f 3688 3690 3691
f 3688 3691 3643
f 3643 3691 3638
f 3690 3689 3692
f 3692 3689 3693
f 3692 3693 3694
f 3694 3693 3695
f 3694 3695 3641
f 3641 3695 3642
f 3602 3696 3600
f 3600 3696 3697
f 3600 3697 3698
f 3698 3697 3699
f 3698 3699 3700
f 3700 3699 3701
f 3700 3701 3702
f 3702 3701 3703
f 3702 3704 3700
f 3700 3704 3590
f 3700 3590 3698
f 3698 3590 3598
f 3698 3598 3600
f 3704 3705 3590
f 3590 3705 3706
f 3590 3706 3588
f 3678 3707 3708
f 3708 3709 3670
f 3598 3590 3592
f 3640 3639 3710
f 3710 3639 3638
f 3710 3638 3691
f 3641 3640 3694
f 3694 3640 3710
f 3694 3710 3692
f 3692 3710 3691
f 3692 3691 3690
f 3656 3654 3664
f 3684 3653 3655
f 3684 3655 3667
f 3667 3655 3657
f 3669 3684 3667
f 3666 3676 3668
f 3668 3676 3708
f 3668 3708 3670
f 3678 3708 3676
f 3711 3712 3713
f 3713 3712 3714
f 3713 3714 3715
f 3715 3714 3716
f 3715 3716 3717
f 3717 3716 3718
f 3717 3718 3719
f 3719 3718 3720
f 3719 3720 3721
f 3714 3712 3722
f 3722 3712 3723
f 3722 3723 3724
f 3722 3724 3725
f 3725 3724 3726
f 3725 3726 3727
f 3727 3728 3725
f 3722 3725 3729
f 3729 3725 3730
f 3729 3730 3731
f 3731 3730 1973
f 3731 1973 3732
f 3731 3732 3718
f 3718 3732 3720
f 3719 3721 3733
f 3733 3721 3734
f 3733 3734 3735
f 3735 3734 3736
f 3735 3736 3737
f 3737 3736 3738
f 3737 3738 3739
f 3739 3738 3740
f 3739 3740 3741
f 3741 3742 3739
f 3739 3742 3743
f 3739 3743 3744
f 3744 3743 3745
f 3744 3745 3746
f 3746 3745 3747
f 3746 3747 3748
f 3746 3748 3749
f 3749 3748 3750
f 3749 3750 3751
f 3751 3750 3752
f 3751 3752 3753
f 3753 3752 3754
f 3753 3754 3755
f 3755 3754 3756
f 3755 3756 3757
f 3757 3756 3758
f 3757 3758 3759
f 3759 3758 3760
f 3759 3760 3761
f 3761 3760 3762
f 3761 3762 3763
f 3763 3762 3764
f 3763 3764 3765
f 3765 3764 3766
f 3765 3766 3767
f 3767 3766 3768
f 3767 3768 3769
f 3769 3768 3770
f 3769 3770 3771
f 3771 3770 3772
f 3772 3770 3773
f 3773 3770 3774
f 3773 3774 3775
f 3775 3774 3776
f 3776 3774 3777
f 3776 3777 3778
f 3778 3777 3779
f 3764 3780 3766
f 3766 3780 3781
f 3766 3781 3768
f 3768 3781 3782
f 3768 3782 3770
f 3770 3782 3774
f 3780 3783 3781
f 3781 3783 3784
f 3781 3784 3782
f 3782 3784 3785
f 3782 3785 3774
f 3774 3785 3786
f 3774 3786 3777
f 3777 3786 3787
f 3783 3788 3784
f 3784 3788 3789
f 3784 3789 3790
f 3790 3789 3791
f 3790 3791 3792
f 3790 3792 3793
f 3793 3792 2012
f 3793 2012 3794
f 3771 3795 3769
f 3769 3795 3796
f 3769 3796 3767
f 3767 3796 3797
f 3767 3797 3765
f 3765 3797 3763
f 3795 3798 3796
f 3796 3798 3799
f 3796 3799 3797
f 3797 3799 3800
f 3797 3800 3763
f 3763 3800 3761
f 3798 3801 3799
f 3799 3801 3802
f 3799 3802 3800
f 3800 3802 3803
f 3800 3803 3761
f 3761 3803 3759
f 3801 3804 3802
f 3802 3804 3805
f 3802 3805 3803
f 3803 3805 3806
f 3803 3806 3759
f 3759 3806 3757
f 3804 3807 3805
f 3805 3807 3808
f 3805 3808 3806
f 3806 3808 3809
f 3806 3809 3757
f 3757 3809 3755
f 3807 3810 3808
f 3808 3810 3811
f 3808 3811 3809
f 3809 3811 3812
f 3809 3812 3755
f 3755 3812 3753
f 3810 3813 3811
f 3811 3813 3814
f 3811 3814 3812
f 3812 3814 3815
f 3812 3815 3753
f 3753 3815 3751
f 3813 3816 3814
f 3814 3816 3817
f 3814 3817 3815
f 3815 3817 3818
f 3815 3818 3751
f 3751 3818 3749
f 3816 3819 3817
f 3817 3819 3820
f 3817 3820 3818
f 3818 3820 3821
f 3818 3821 3749
f 3749 3821 3746
f 3819 3822 3820
f 3820 3822 3823
f 3820 3823 3821
f 3821 3823 3824
f 3821 3824 3746
f 3746 3824 3744
f 3823 3822 3825
f 3825 3822 3826
f 3825 3826 3827
f 3825 3827 3828
f 3828 3827 3829
f 3828 3829 3830
f 3830 3829 3831
f 3830 3831 3832
f 3832 3831 3833
f 3832 3833 3834
f 3834 3833 3835
f 3834 3835 3836
f 3836 3835 3715
f 3836 3715 3717
f 3835 3713 3715
f 3793 3837 3786
f 3714 3722 3729
f 3718 3716 3731
f 3731 3716 3729
f 3716 3714 3729
f 3717 3719 3838
f 3838 3719 3733
f 3838 3733 3839
f 3839 3733 3735
f 3839 3735 3840
f 3840 3735 3737
f 3840 3737 3841
f 3841 3737 3739
f 3841 3739 3842
f 3842 3739 3744
f 3842 3744 3824
f 3839 3834 3838
f 3838 3834 3836
f 3838 3836 3717
f 3834 3839 3832
f 3832 3839 3840
f 3832 3840 3830
f 3830 3840 3841
f 3830 3841 3828
f 3828 3841 3842
f 3828 3842 3825
f 3825 3842 3824
f 3825 3824 3823
f 3784 3790 3785
f 3785 3790 3793
f 3785 3793 3786
f 3843 3844 3845
f 3845 3844 3846
f 3847 3848 3849
f 3849 3848 3850
f 3851 3852 3853
f 3853 3852 3854
f 3853 3854 3855
f 3855 3854 3856
f 3857 3858 3859
f 3860 3861 3862
f 3863 3864 3865
f 3866 3867 3868
f 3869 3865 3870
f 3871 3872 3873
f 3874 3870 3875
f 3876 3877 3878
f 3879 3875 3880
f 3881 3882 3867
f 3867 3882 3883
f 3884 3885 3886
f 3887 3888 3889
f 3889 3888 3890
f 3891 3892 3893
f 3894 3895 3896
f 3893 3897 3891
f 3898 3899 3900
f 3901 3902 3903
f 3904 3905 3906
f 3907 3908 3909
f 3910 3911 3912
f 3913 3914 3915
f 3909 3916 3917
f 3918 3919 3920
f 3921 3922 3923
f 3924 3925 3926
f 3926 3925 3927
f 3926 3927 3928
f 3928 3927 3929
f 3928 3929 3930
f 3930 3929 3931
f 3930 3931 3932
f 3932 3931 3933
f 3932 3933 3934
f 3934 3933 3935
f 3936 3937 3938
f 3938 3937 3939
f 3938 3939 3940
f 3940 3939 3941
f 3940 3941 3942
f 3943 3944 3942
f 3942 3944 3940
f 3945 3946 3947
f 3947 3946 3948
f 3947 3948 3949
f 3949 3948 3950
f 3950 3948 3951
f 3950 3951 3943
f 3945 3952 3946

