# https://github.com/mikedh/trimesh
v 0.00500000 0.06739999 0.00069999
v -0.00500000 0.06739999 0.00340000
v 0.00500000 0.06739999 0.00340000
v -0.00500000 0.06739999 0.00069999
v 0.00982556 0.06335086 0.00340000
v 0.00990000 0.06249999 0.00340000
v 0.00990000 0.06249999 0.00070000
v 0.00982556 0.06335086 0.00070000
v 0.00960450 0.06417589 0.00340000
v 0.00960450 0.06417589 0.00070000
v 0.00924352 0.06494999 0.00340000
v 0.00924352 0.06494999 0.00070000
v 0.00875362 0.06564965 0.00340000
v 0.00875362 0.06564965 0.00070000
v 0.00814966 0.06625361 0.00340000
v 0.00814966 0.06625361 0.00070000
v 0.00745000 0.06674352 0.00340000
v 0.00745000 0.06674352 0.00069999
v 0.00667590 0.06710450 0.00069999
v 0.00667590 0.06710450 0.00340000
v 0.00585088 0.06732555 0.00340000
v 0.00585088 0.06732555 0.00069999
v 0.00500000 0.06739999 0.00069999
v 0.00990000 0.05706136 0.00070000
v 0.00990000 0.06249999 0.00340000
v 0.00990000 0.05706136 0.00340000
v 0.00990000 0.06249999 0.00070000
v 0.00990000 0.05706136 0.00340000
v 0.00996861 0.05622761 0.00070000
v 0.00990000 0.05706136 0.00070000
v 0.00996861 0.05622761 0.00340000
v 0.01017260 0.05541630 0.00070000
v 0.01017260 0.05541630 0.00340000
v 0.01050648 0.05464925 0.00070000
v 0.01050648 0.05464925 0.00340000
v 0.01096127 0.05394709 0.00070000
v 0.01096127 0.05394709 0.00340000
v 0.01152472 0.05332874 0.00070000
v 0.01152472 0.05332874 0.00340000
v 0.01218169 0.05281083 0.00070000
v 0.01218169 0.05281083 0.00340000
v 0.01291448 0.05240726 0.00070000
v 0.01291448 0.05240726 0.00340000
v 0.01370339 0.05212893 0.00070000
v 0.01370339 0.05212893 0.00340000
v 0.02638369 0.04700116 0.00340000
v 0.03213405 0.04327368 0.00340000
v 0.03213405 0.04327368 0.00070000
v 0.02638369 0.04700116 0.00070000
v 0.02020686 0.04996891 0.00340000
v 0.02020686 0.04996891 0.00070000
v 0.01370339 0.05212893 0.00340000
v 0.01370339 0.05212893 0.00070000
v 0.03559726 0.04228577 0.00070000
v 0.03486180 0.04227782 0.00340000
v 0.03559726 0.04228577 0.00340000
v 0.03486180 0.04227782 0.00070000
v 0.03413284 0.04237575 0.00340000
v 0.03413284 0.04237575 0.00070000
v 0.03342555 0.04257751 0.00340000
v 0.03342555 0.04257751 0.00070000
v 0.03275464 0.04287891 0.00340000
v 0.03275464 0.04287891 0.00070000
v 0.03213405 0.04327368 0.00340000
v 0.03213405 0.04327368 0.00070000
v 0.04250448 0.03645244 0.00340000
v 0.04250232 0.03533843 0.00340000
v 0.04250232 0.03533843 0.00070000
v 0.04250448 0.03645244 0.00070000
v 0.04231343 0.03754995 0.00340000
v 0.04231343 0.03754995 0.00070000
v 0.04193496 0.03859770 0.00340000
v 0.04193496 0.03859770 0.00070000
v 0.04138054 0.03956396 0.00340000
v 0.04138054 0.03956396 0.00070000
v 0.04066697 0.04041944 0.00340000
v 0.04066697 0.04041944 0.00070000
v 0.03981587 0.04113822 0.00340000
v 0.03981587 0.04113822 0.00070000
v 0.03885301 0.04169852 0.00340000
v 0.03885301 0.04169852 0.00070000
v 0.03780759 0.04208338 0.00340000
v 0.03780759 0.04208338 0.00070000
v 0.03671127 0.04228113 0.00340000
v 0.03671127 0.04228113 0.00070000
v 0.03559726 0.04228577 0.00340000
v 0.03559726 0.04228577 0.00070000
v 0.04346907 0.03186925 0.00070000
v 0.04307809 0.03249224 0.00340000
v 0.04346907 0.03186925 0.00340000
v 0.04307809 0.03249224 0.00070000
v 0.04278079 0.03316498 0.00340000
v 0.04278079 0.03316498 0.00070000
v 0.04258335 0.03387348 0.00340000
v 0.04258335 0.03387348 0.00070000
v 0.04248988 0.03460303 0.00340000
v 0.04248988 0.03460303 0.00070000
v 0.04250232 0.03533843 0.00340000
v 0.04250232 0.03533843 0.00070000
v 0.04327369 -0.03213407 0.00340000
v 0.04327369 -0.03213407 0.00070000
v 0.04781367 -0.02488098 0.00070000
v 0.04781367 -0.02488098 0.00340000
v 0.05114863 -0.01700084 0.00070000
v 0.05114863 -0.01700084 0.00340000
v 0.05319452 -0.00869222 0.00340000
v 0.05319452 -0.00869222 0.00070000
v 0.05389975 -0.00016455 0.00340000
v 0.05389975 -0.00016455 0.00070000
v 0.05324658 0.00836728 0.00340000
v 0.05324658 0.00836728 0.00070000
v 0.05125146 0.01668823 0.00340000
v 0.05125146 0.01668823 0.00070000
v 0.04796468 0.02458859 0.00340000
v 0.04796468 0.02458859 0.00070000
v 0.04228579 -0.03559728 0.00070000
v 0.04227783 -0.03486182 0.00340000
v 0.04228579 -0.03559728 0.00340000
v 0.04227783 -0.03486182 0.00070000
v 0.04237576 -0.03413286 0.00340000
v 0.04237576 -0.03413286 0.00070000
v 0.04257752 -0.03342557 0.00340000
v 0.04257752 -0.03342557 0.00070000
v 0.04287892 -0.03275465 0.00340000
v 0.04287892 -0.03275465 0.00070000
v 0.03645245 -0.04250449 0.00340000
v 0.03533844 -0.04250233 0.00340000
v 0.03533844 -0.04250233 0.00070000
v 0.03645245 -0.04250449 0.00070000
v 0.03754996 -0.04231344 0.00340000
v 0.03754996 -0.04231344 0.00070000
v 0.03859772 -0.04193497 0.00340000
v 0.03859772 -0.04193497 0.00070000
v 0.03956397 -0.04138057 0.00340000
v 0.03956397 -0.04138057 0.00070000
v 0.04041945 -0.04066698 0.00340000
v 0.04041945 -0.04066698 0.00070000
v 0.04113823 -0.03981588 0.00340000
v 0.04113823 -0.03981588 0.00070000
v 0.04169853 -0.03885303 0.00340000
v 0.04169853 -0.03885303 0.00070000
v 0.04208339 -0.03780760 0.00340000
v 0.04208339 -0.03780760 0.00070000
v 0.04228114 -0.03671128 0.00340000
v 0.04228114 -0.03671128 0.00070000
v 0.04228579 -0.03559728 0.00340000
v 0.04228579 -0.03559728 0.00070000
v 0.03186927 -0.04346908 0.00070000
v 0.03249225 -0.04307810 0.00340000
v 0.03186927 -0.04346908 0.00340000
v 0.03249225 -0.04307810 0.00070000
v 0.03316499 -0.04278081 0.00340000
v 0.03316499 -0.04278081 0.00070000
v 0.03387350 -0.04258337 0.00340000
v 0.03387350 -0.04258337 0.00070000
v 0.03460304 -0.04248989 0.00340000
v 0.03460304 -0.04248989 0.00070000
v 0.03533844 -0.04250233 0.00340000
v 0.03533844 -0.04250233 0.00070000
v -0.03213405 -0.04327370 0.00340000
v -0.03213405 -0.04327370 0.00070000
v -0.02488097 -0.04781369 0.00070000
v -0.02488097 -0.04781369 0.00340000
v -0.01700082 -0.05114864 0.00070000
v -0.01700082 -0.05114864 0.00340000
v -0.00869221 -0.05319452 0.00070000
v -0.00869221 -0.05319452 0.00340000
v -0.00016453 -0.05389977 0.00070000
v -0.00016453 -0.05389977 0.00340000
v 0.00836729 -0.05324659 0.00070000
v 0.00836729 -0.05324659 0.00340000
v 0.01668824 -0.05125148 0.00070000
v 0.01668824 -0.05125148 0.00340000
v 0.02458860 -0.04796469 0.00070000
v 0.02458860 -0.04796469 0.00340000
v -0.03559726 -0.04228579 0.00070000
v -0.03486180 -0.04227785 0.00340000
v -0.03559726 -0.04228579 0.00340000
v -0.03486180 -0.04227785 0.00070000
v -0.03413284 -0.04237577 0.00340000
v -0.03413284 -0.04237577 0.00070000
v -0.03342555 -0.04257753 0.00340000
v -0.03342555 -0.04257753 0.00070000
v -0.03275464 -0.04287893 0.00340000
v -0.03275464 -0.04287893 0.00070000
v -0.04250448 -0.03645246 0.00340000
v -0.04250232 -0.03533845 0.00340000
v -0.04250232 -0.03533845 0.00070000
v -0.04250448 -0.03645246 0.00070000
v -0.04231343 -0.03754998 0.00340000
v -0.04231343 -0.03754998 0.00070000
v -0.04193496 -0.03859773 0.00340000
v -0.04193496 -0.03859773 0.00070000
v -0.04138054 -0.03956398 0.00340000
v -0.04138054 -0.03956398 0.00070000
v -0.04066697 -0.04041946 0.00340000
v -0.04066697 -0.04041946 0.00070000
v -0.03981587 -0.04113824 0.00340000
v -0.03981587 -0.04113824 0.00070000
v -0.03885301 -0.04169855 0.00340000
v -0.03885301 -0.04169855 0.00070000
v -0.03780759 -0.04208340 0.00340000
v -0.03780759 -0.04208340 0.00070000
v -0.03671127 -0.04228115 0.00340000
v -0.03671127 -0.04228115 0.00070000
v -0.03559726 -0.04228579 0.00340000
v -0.03559726 -0.04228579 0.00070000
v -0.04346907 -0.03186928 0.00070000
v -0.04307809 -0.03249226 0.00340000
v -0.04346907 -0.03186928 0.00340000
v -0.04307809 -0.03249226 0.00070000
v -0.04278079 -0.03316500 0.00340000
v -0.04278079 -0.03316500 0.00070000
v -0.04258335 -0.03387351 0.00340000
v -0.04258335 -0.03387351 0.00070000
v -0.04248988 -0.03460305 0.00340000
v -0.04248988 -0.03460305 0.00070000
v -0.04250232 -0.03533845 0.00340000
v -0.04250232 -0.03533845 0.00070000
v -0.04781367 0.02488096 0.00340000
v -0.04327369 0.03213404 0.00340000
v -0.04327369 0.03213404 0.00070000
v -0.04781367 0.02488096 0.00070000
v -0.05114863 0.01700081 0.00340000
v -0.05114863 0.01700081 0.00070000
v -0.05319452 0.00869220 0.00340000
v -0.05319452 0.00869220 0.00070000
v -0.05389975 0.00016452 0.00340000
v -0.05389975 0.00016452 0.00070000
v -0.05324658 -0.00836730 0.00340000
v -0.05324658 -0.00836730 0.00070000
v -0.05125146 -0.01668825 0.00340000
v -0.05125146 -0.01668825 0.00070000
v -0.04796468 -0.02458861 0.00070000
v -0.04796468 -0.02458861 0.00340000
v -0.04228579 0.03559725 0.00070000
v -0.04227783 0.03486179 0.00340000
v -0.04228579 0.03559725 0.00340000
v -0.04227783 0.03486179 0.00070000
v -0.04237576 0.03413283 0.00340000
v -0.04237576 0.03413283 0.00070000
v -0.04257752 0.03342554 0.00340000
v -0.04257752 0.03342554 0.00070000
v -0.04287892 0.03275463 0.00340000
v -0.04287892 0.03275463 0.00070000
v -0.03645245 0.04250447 0.00340000
v -0.03533844 0.04250231 0.00340000
v -0.03533844 0.04250231 0.00070000
v -0.03645245 0.04250447 0.00070000
v -0.03754996 0.04231342 0.00340000
v -0.03754996 0.04231342 0.00070000
v -0.03859772 0.04193495 0.00340000
v -0.03859772 0.04193495 0.00070000
v -0.03956397 0.04138053 0.00340000
v -0.03956397 0.04138053 0.00070000
v -0.04041945 0.04066696 0.00340000
v -0.04041945 0.04066696 0.00070000
v -0.04113823 0.03981585 0.00340000
v -0.04113823 0.03981585 0.00070000
v -0.04169853 0.03885300 0.00340000
v -0.04169853 0.03885300 0.00070000
v -0.04208339 0.03780758 0.00340000
v -0.04208339 0.03780758 0.00070000
v -0.04228114 0.03671126 0.00340000
v -0.04228114 0.03671126 0.00070000
v -0.04228579 0.03559725 0.00340000
v -0.04228579 0.03559725 0.00070000
v -0.03186927 0.04346905 0.00070000
v -0.03249225 0.04307808 0.00340000
v -0.03186927 0.04346905 0.00340000
v -0.03249225 0.04307808 0.00070000
v -0.03316499 0.04278078 0.00340000
v -0.03316499 0.04278078 0.00070000
v -0.03387350 0.04258334 0.00340000
v -0.03387350 0.04258334 0.00070000
v -0.03460304 0.04248987 0.00340000
v -0.03460304 0.04248987 0.00070000
v -0.03533844 0.04250231 0.00340000
v -0.03533844 0.04250231 0.00070000
v -0.01370339 0.05212893 0.00340000
v -0.01370339 0.05212893 0.00070000
v -0.02010513 0.05000992 0.00070000
v -0.02010513 0.05000992 0.00340000
v -0.02619218 0.04710816 0.00070000
v -0.02619218 0.04710816 0.00340000
v -0.03186927 0.04346905 0.00340000
v -0.03186927 0.04346905 0.00070000
v -0.01291448 0.05240726 0.00070000
v -0.01291448 0.05240726 0.00340000
v -0.01218169 0.05281083 0.00070000
v -0.01218169 0.05281083 0.00340000
v -0.01152472 0.05332874 0.00070000
v -0.01152472 0.05332874 0.00340000
v -0.01096127 0.05394709 0.00070000
v -0.01096127 0.05394709 0.00340000
v -0.01050648 0.05464925 0.00070000
v -0.01050648 0.05464925 0.00340000
v -0.01017260 0.05541630 0.00070000
v -0.01017260 0.05541630 0.00340000
v -0.00996861 0.05622761 0.00070000
v -0.00996861 0.05622761 0.00340000
v -0.00990000 0.05706136 0.00070000
v -0.00990000 0.05706136 0.00340000
v -0.00990000 0.05706136 0.00340000
v -0.00990000 0.06249999 0.00070000
v -0.00990000 0.05706136 0.00070000
v -0.00990000 0.06249999 0.00340000
v -0.00500000 0.06739999 0.00340000
v -0.00500000 0.06739999 0.00069999
v -0.00576653 0.06733967 0.00069999
v -0.00576653 0.06733967 0.00340000
v -0.00651418 0.06716017 0.00069999
v -0.00651418 0.06716017 0.00340000
v -0.00722455 0.06686592 0.00069999
v -0.00722455 0.06686592 0.00340000
v -0.00788015 0.06646418 0.00070000
v -0.00788015 0.06646418 0.00340000
v -0.00846482 0.06596483 0.00070000
v -0.00846482 0.06596483 0.00340000
v -0.00896418 0.06538015 0.00070000
v -0.00896418 0.06538015 0.00340000
v -0.00936593 0.06472454 0.00070000
v -0.00936593 0.06472454 0.00340000
v -0.00966018 0.06401417 0.00340000
v -0.00966018 0.06401417 0.00070000
v -0.00983967 0.06326652 0.00070000
v -0.00983967 0.06326652 0.00340000
v -0.00990000 0.06249999 0.00340000
v -0.00990000 0.06249999 0.00070000
v -0.03975857 -0.04012836 0.00040000
v -0.04045419 -0.04020798 0.00040000
v -0.04012834 -0.03975859 0.00040000
v -0.03964298 -0.04089307 0.00040000
v -0.03933021 -0.04042830 0.00040000
v -0.04042829 -0.03933023 0.00040000
v -0.04113431 -0.03939260 0.00040000
v -0.03885627 -0.04064930 0.00040000
v -0.03872526 -0.04142711 0.00040000
v -0.04064929 -0.03885628 0.00040000
v -0.04166275 -0.03847164 0.00040000
v -0.03835116 -0.04078465 0.00040000
v -0.04078464 -0.03835117 0.00040000
v -0.03783021 -0.04083023 0.00040000
v -0.03772885 -0.04179393 0.00040000
v -0.04083021 -0.03783023 0.00040000
v -0.04202347 -0.03747300 0.00040000
v -0.03730927 -0.04078465 0.00040000
v -0.03668391 -0.04198240 0.00040000
v -0.04078464 -0.03730928 0.00040000
v -0.03680415 -0.04064930 0.00040000
v -0.04064929 -0.03680416 0.00040000
v -0.04220557 -0.03642694 0.00040000
v -0.03633021 -0.04042830 0.00040000
v -0.03562213 -0.04198683 0.00040000
v -0.04042829 -0.03633023 0.00040000
v -0.04220351 -0.03536514 0.00040000
v -0.03590185 -0.04012836 0.00040000
v -0.03484340 -0.04197841 0.00040000
v -0.04012834 -0.03590186 0.00040000
v -0.04219034 -0.03458648 0.00040000
v -0.03553208 -0.03975859 0.00040000
v -0.03407157 -0.04208209 0.00040000
v -0.03975857 -0.03553209 0.00040000
v -0.04228931 -0.03381403 0.00040000
v -0.03933021 -0.03523215 0.00040000
v -0.03523213 -0.03933023 0.00040000
v -0.03332267 -0.04229573 0.00040000
v -0.03501113 -0.03885628 0.00040000
v -0.03885627 -0.03501115 0.00040000
v -0.04249836 -0.03306384 0.00040000
v -0.03487579 -0.03835117 0.00040000
v -0.03261229 -0.04261486 0.00040000
v -0.03835116 -0.03487580 0.00040000
v -0.04281315 -0.03235153 0.00040000
v -0.03483021 -0.03783023 0.00040000
v -0.03195520 -0.04303285 0.00040000
v -0.03783021 -0.03483023 0.00040000
v -0.04322713 -0.03169190 0.00040000
v -0.03487579 -0.03730928 0.00040000
v -0.02474249 -0.04754756 0.00040000
v -0.03730927 -0.03487580 0.00040000
v -0.04769772 -0.02445176 0.00040000
v -0.03501113 -0.03680416 0.00040000
v -0.03680415 -0.03501115 0.00040000
v -0.03523213 -0.03633023 0.00040000
v -0.03633021 -0.03523215 0.00040000
v -0.01690620 -0.05086395 0.00040000
v -0.05096620 -0.01659537 0.00040000
v -0.00864383 -0.05289844 0.00040000
v -0.03553208 -0.03590186 0.00040000
v -0.05295022 -0.00832073 0.00040000
v -0.03590185 -0.03553209 0.00040000
v -0.00016362 -0.05359976 0.00040000
v -0.05359975 0.00016361 0.00040000
v -0.03975857 0.03553207 0.00040000
v -0.04208208 0.03407155 0.00040000
v -0.04197840 0.03484339 0.00040000
v -0.04012834 0.03590184 0.00040000
v -0.04198681 0.03562211 0.00040000
v 0.03553208 -0.03975859 0.00040000
v 0.03458647 -0.04219035 0.00040000
v 0.03381401 -0.04228932 0.00040000
v 0.03590185 -0.04012836 0.00040000
v 0.03536513 -0.04220352 0.00040000
v -0.03933021 0.03523212 0.00040000
v -0.04229571 0.03332266 0.00040000
v -0.04042829 0.03633020 0.00040000
v -0.04198239 0.03668390 0.00040000
v 0.03633021 -0.04042830 0.00040000
v 0.03642692 -0.04220558 0.00040000
v 0.03523213 -0.03933023 0.00040000
v -0.03885627 0.03501112 0.00040000
v -0.04064929 0.03680414 0.00040000
v 0.03680415 -0.04064930 0.00040000
v 0.03747299 -0.04202349 0.00040000
v 0.03501113 -0.03885628 0.00040000
v 0.03306383 -0.04249837 0.00040000
v -0.03835116 0.03487578 0.00040000
v -0.04261484 0.03261228 0.00040000
v -0.04078464 0.03730926 0.00040000
v -0.04179391 0.03772883 0.00040000
v 0.03730927 -0.04078465 0.00040000
v 0.03487579 -0.03835117 0.00040000
v 0.03235151 -0.04281316 0.00040000
v -0.03783021 0.03483020 0.00040000
v -0.04303284 0.03195519 0.00040000
v -0.04083021 0.03783020 0.00040000
v 0.03783021 -0.04083023 0.00040000
v 0.03847163 -0.04166276 0.00040000
v 0.03483021 -0.03783023 0.00040000
v 0.03169189 -0.04322714 0.00040000
v -0.04142710 0.03872525 0.00040000
v -0.03730927 0.03487578 0.00040000
v -0.04754755 0.02474247 0.00040000
v -0.04078464 0.03835115 0.00040000
v 0.03835116 -0.04078465 0.00040000
v 0.03487579 -0.03730928 0.00040000
v 0.02445174 -0.04769773 0.00040000
v -0.03680415 0.03501112 0.00040000
v -0.04064929 0.03885626 0.00040000
v 0.03885627 -0.04064930 0.00040000
v 0.03501113 -0.03680416 0.00040000
v 0.03939259 -0.04113433 0.00040000
v -0.04089305 0.03964297 0.00040000
v -0.03633021 0.03523212 0.00040000
v -0.05289843 0.00864382 0.00040000
v -0.05086394 0.01690619 0.00040000
v -0.04042829 0.03933020 0.00040000
v 0.03933021 -0.04042830 0.00040000
v 0.03523213 -0.03633023 0.00040000
v 0.01659535 -0.05096622 0.00040000
v 0.00832072 -0.05295023 0.00040000
v -0.03590185 0.03553207 0.00040000
v -0.04012834 0.03975856 0.00040000
v 0.03553208 -0.03590186 0.00040000
v 0.04020796 -0.04045420 0.00040000
v 0.03975857 -0.04012836 0.00040000
v -0.04020796 0.04045418 0.00040000
v -0.03975857 0.04012833 0.00040000
v 0.04012834 -0.03975859 0.00040000
v 0.03590185 -0.03553209 0.00040000
v -0.03553208 0.03590184 0.00040000
v -0.03933021 0.04042827 0.00040000
v 0.04089305 -0.03964300 0.00040000
v 0.04042829 -0.03933023 0.00040000
v -0.03939259 0.04113430 0.00040000
v -0.03885627 0.04064928 0.00040000
v 0.04064929 -0.03885628 0.00040000
v 0.04142710 -0.03872528 0.00040000
v 0.04078464 -0.03835117 0.00040000
v 0.04083021 -0.03783023 0.00040000
v -0.03847163 0.04166273 0.00040000
v -0.03783021 0.04083020 0.00040000
v -0.03835116 0.04078462 0.00040000
v 0.04179391 -0.03772886 0.00040000
v 0.04078464 -0.03730928 0.00040000
v -0.03747299 0.04202346 0.00040000
v -0.03680415 0.04064928 0.00040000
v -0.03730927 0.04078462 0.00040000
v 0.04198239 -0.03668392 0.00040000
v 0.04064929 -0.03680416 0.00040000
v 0.04042829 -0.03633023 0.00040000
v -0.03642692 0.04220555 0.00040000
v -0.03633021 0.04042827 0.00040000
v 0.04198681 -0.03562214 0.00040000
v 0.04012834 -0.03590186 0.00040000
v -0.03536513 0.04220349 0.00040000
v -0.03590185 0.04012833 0.00040000
v 0.04197840 -0.03484341 0.00040000
v 0.03975857 -0.03553209 0.00040000
v -0.03458647 0.04219033 0.00040000
v -0.03553208 0.03975856 0.00040000
v 0.04208208 -0.03407158 0.00040000
v 0.03933021 -0.03523215 0.00040000
v -0.03381401 0.04228930 0.00040000
v -0.03501113 0.03885626 0.00040000
v -0.03523213 0.03933020 0.00040000
v 0.04229571 -0.03332268 0.00040000
v 0.03885627 -0.03501115 0.00040000
v 0.03835116 -0.03487580 0.00040000
v -0.03306383 0.04249835 0.00040000
v -0.03487579 0.03835115 0.00040000
v 0.04261484 -0.03261230 0.00040000
v 0.03783021 -0.03483023 0.00040000
v -0.03235151 0.04281314 0.00040000
v -0.03483021 0.03783020 0.00040000
v 0.04303284 -0.03195521 0.00040000
v 0.03730927 -0.03487580 0.00040000
v -0.03169189 0.04322711 0.00040000
v -0.03487579 0.03730926 0.00040000
v -0.02604640 0.04684596 0.00040000
v -0.03523213 0.03633020 0.00040000
v -0.03501113 0.03680414 0.00040000
v 0.04754755 -0.02474250 0.00040000
v 0.03680415 -0.03501115 0.00040000
v 0.03633021 -0.03523215 0.00040000
v -0.01999322 0.04973158 0.00040000
v 0.05086394 -0.01690621 0.00040000
v -0.01362712 0.05183879 0.00040000
v 0.05289843 -0.00864384 0.00040000
v 0.05359975 -0.00016363 0.00040000
v -0.00192836 0.06170185 0.00040000
v -0.00960000 0.05706136 0.00040000
v -0.00229813 0.06207163 0.00040000
v -0.00259808 0.06249999 0.00040000
v -0.00960000 0.06249999 0.00040000
v -0.00150000 0.06140191 0.00040000
v -0.00967265 0.05617857 0.00040000
v -0.00281908 0.06297393 0.00040000
v -0.00102606 0.06118091 0.00040000
v -0.00052095 0.06104556 0.00040000
v -0.00988864 0.05531953 0.00040000
v -0.00295442 0.06347904 0.00040000
v -0.00954337 0.06321958 0.00040000
v -0.00937486 0.06392147 0.00040000
v -0.00909863 0.06458835 0.00040000
v -0.00872148 0.06520380 0.00040000
v -0.00825269 0.06575268 0.00040000
v 0.00000000 0.06099999 0.00040000
v -0.01024216 0.05450735 0.00040000
v -0.00300000 0.06399999 0.00040000
v -0.00770381 0.06622148 0.00040000
v -0.00708836 0.06659862 0.00039999
v -0.00642148 0.06687485 0.00039999
v -0.00295442 0.06452095 0.00040000
v -0.00571960 0.06704336 0.00039999
v -0.00500000 0.06710000 0.00039999
v -0.00281908 0.06502605 0.00040000
v -0.00259808 0.06550000 0.00040000
v -0.00229813 0.06592835 0.00040000
v -0.00192836 0.06629812 0.00040000
v 0.01132029 0.05310917 0.00040000
v -0.01132029 0.05310917 0.00040000
v -0.01072369 0.05376390 0.00040000
v 0.01072369 0.05376390 0.00040000
v 0.01201590 0.05256078 0.00040000
v -0.01201590 0.05256078 0.00040000
v 0.01024216 0.05450735 0.00040000
v 0.01279180 0.05213349 0.00040000
v -0.01279180 0.05213349 0.00040000
v -0.00150000 0.06659807 0.00039999
v 0.00988864 0.05531953 0.00040000
v 0.00052095 0.06104556 0.00040000
v 0.01362712 0.05183879 0.00040000
v -0.00102606 0.06681907 0.00039999
v 0.00967265 0.05617857 0.00040000
v 0.00102606 0.06118091 0.00040000
v 0.00150000 0.06140191 0.00040000
v -0.00052095 0.06695443 0.00039999
v 0.00960000 0.05706136 0.00040000
v 0.00192836 0.06170185 0.00040000
v 0.00229813 0.06207163 0.00040000
v 0.00259808 0.06249999 0.00040000
v 0.00000000 0.06699999 0.00039999
v 0.03590185 0.03553207 0.00040000
v 0.05295022 0.00832071 0.00040000
v 0.03553208 0.03590184 0.00040000
v 0.03633021 0.03523212 0.00040000
v 0.05096620 0.01659534 0.00040000
v 0.03523213 0.03633020 0.00040000
v 0.02009439 0.04969079 0.00040000
v 0.00500000 0.06710000 0.00039999
v 0.00295442 0.06452095 0.00040000
v 0.00281908 0.06502605 0.00040000
v 0.00259808 0.06550000 0.00040000
v 0.00229813 0.06592835 0.00040000
v 0.00192836 0.06629812 0.00040000
v 0.00150000 0.06659807 0.00039999
v 0.00102606 0.06681907 0.00039999
v 0.00052095 0.06695443 0.00039999
v 0.00960000 0.06249999 0.00040000
v 0.00281908 0.06297393 0.00040000
v 0.00295442 0.06347904 0.00040000
v 0.04769772 0.02445173 0.00040000
v 0.03680415 0.03501112 0.00040000
v 0.03730927 0.03487578 0.00040000
v 0.00579878 0.06703012 0.00039999
v 0.00300000 0.06399999 0.00040000
v 0.00953012 0.06329878 0.00040000
v 0.02623685 0.04673956 0.00040000
v 0.03487579 0.03730926 0.00040000
v 0.03501113 0.03680414 0.00040000
v 0.00657329 0.06682257 0.00039999
v 0.00932259 0.06407329 0.00040000
v 0.00730000 0.06648371 0.00040000
v 0.00898372 0.06479999 0.00040000
v 0.00795682 0.06602379 0.00040000
v 0.00852381 0.06545682 0.00040000
v 0.04322713 0.03169187 0.00040000
v 0.03783021 0.03483020 0.00040000
v 0.03195520 0.04303282 0.00040000
v 0.03483021 0.03783020 0.00040000
v 0.04281315 0.03235150 0.00040000
v 0.03835116 0.03487578 0.00040000
v 0.03261229 0.04261483 0.00040000
v 0.03487579 0.03835115 0.00040000
v 0.04249836 0.03306381 0.00040000
v 0.03885627 0.03501112 0.00040000
v 0.03332267 0.04229570 0.00040000
v 0.03523213 0.03933020 0.00040000
v 0.03501113 0.03885626 0.00040000
v 0.04228931 0.03381400 0.00040000
v 0.03933021 0.03523212 0.00040000
v 0.03975857 0.03553207 0.00040000
v 0.03407157 0.04208207 0.00040000
v 0.03553208 0.03975856 0.00040000
v 0.04219034 0.03458646 0.00040000
v 0.04012834 0.03590184 0.00040000
v 0.03484340 0.04197838 0.00040000
v 0.03590185 0.04012833 0.00040000
v 0.04220351 0.03536512 0.00040000
v 0.04042829 0.03633020 0.00040000
v 0.03562213 0.04198680 0.00040000
v 0.03633021 0.04042827 0.00040000
v 0.04220557 0.03642691 0.00040000
v 0.04064929 0.03680414 0.00040000
v 0.03668391 0.04198237 0.00040000
v 0.03730927 0.04078462 0.00040000
v 0.03680415 0.04064928 0.00040000
v 0.04202347 0.03747297 0.00040000
v 0.04078464 0.03730926 0.00040000
v 0.04083021 0.03783020 0.00040000
v 0.03772885 0.04179390 0.00040000
v 0.03783021 0.04083020 0.00040000
v 0.04166275 0.03847161 0.00040000
v 0.04078464 0.03835115 0.00040000
v 0.04064929 0.03885626 0.00040000
v 0.03872526 0.04142708 0.00040000
v 0.03885627 0.04064928 0.00040000
v 0.03835116 0.04078462 0.00040000
v 0.04113431 0.03939257 0.00040000
v 0.04042829 0.03933020 0.00040000
v 0.03964298 0.04089304 0.00040000
v 0.03975857 0.04012833 0.00040000
v 0.03933021 0.04042827 0.00040000
v 0.04045419 0.04020795 0.00040000
v 0.04012834 0.03975856 0.00040000
v -0.03885867 -0.03905590 0.00340000
v -0.03905588 -0.03885868 0.00340000
v -0.04066697 -0.04041946 0.00340000
v -0.03981587 -0.04113824 0.00340000
v -0.03863021 -0.03921586 0.00340000
v -0.03921585 -0.03863022 0.00340000
v -0.04138054 -0.03956398 0.00340000
v -0.03837744 -0.03933373 0.00340000
v -0.03885301 -0.04169855 0.00340000
v -0.03933372 -0.03837746 0.00340000
v -0.03810805 -0.03940592 0.00340000
v -0.03940591 -0.03810806 0.00340000
v -0.04193496 -0.03859773 0.00340000
v -0.03783021 -0.03943022 0.00340000
v -0.03780759 -0.04208340 0.00340000
v -0.03943021 -0.03783023 0.00340000
v -0.04231343 -0.03754998 0.00340000
v -0.03940591 -0.03755239 0.00340000
v -0.03755237 -0.03940592 0.00340000
v -0.03933372 -0.03728299 0.00340000
v -0.04250448 -0.03645246 0.00340000
v -0.03728298 -0.03933373 0.00340000
v -0.03671127 -0.04228115 0.00340000
v -0.03921585 -0.03703022 0.00340000
v -0.04250232 -0.03533845 0.00340000
v -0.03703021 -0.03921586 0.00340000
v -0.03559726 -0.04228579 0.00340000
v -0.03905588 -0.03680176 0.00340000
v -0.03680175 -0.03905590 0.00340000
v -0.03885867 -0.03660455 0.00340000
v -0.04248988 -0.03460305 0.00340000
v -0.03660454 -0.03885868 0.00340000
v -0.03486180 -0.04227785 0.00340000
v -0.03863021 -0.03644458 0.00340000
v -0.04258335 -0.03387351 0.00340000
v -0.03644457 -0.03863022 0.00340000
v -0.03413284 -0.04237577 0.00340000
v -0.03837744 -0.03632672 0.00340000
v -0.03632670 -0.03837746 0.00340000
v -0.03810805 -0.03625453 0.00340000
v -0.04278079 -0.03316500 0.00340000
v -0.03625452 -0.03810806 0.00340000
v -0.03342555 -0.04257753 0.00340000
v -0.03783021 -0.03623022 0.00340000
v -0.04307809 -0.03249226 0.00340000
v -0.03623021 -0.03783023 0.00340000
v -0.03275464 -0.04287893 0.00340000
v -0.03755237 -0.03625453 0.00340000
v -0.04346907 -0.03186928 0.00340000
v -0.03625452 -0.03755239 0.00340000
v -0.03213405 -0.04327370 0.00340000
v -0.03728298 -0.03632672 0.00340000
v -0.03632670 -0.03728299 0.00340000
v -0.02488097 -0.04781369 0.00340000
v -0.03644457 -0.03703022 0.00340000
v -0.04796468 -0.02458861 0.00340000
v -0.03703021 -0.03644458 0.00340000
v -0.01700082 -0.05114864 0.00340000
v -0.03660454 -0.03680176 0.00340000
v -0.05125146 -0.01668825 0.00340000
v -0.03680175 -0.03660455 0.00340000
v -0.00869221 -0.05319452 0.00340000
v -0.05324658 -0.00836730 0.00340000
v -0.00016453 -0.05389977 0.00340000
v -0.05389975 0.00016452 0.00340000
v -0.03885867 0.03660453 0.00340000
v -0.04228579 0.03559725 0.00340000
v -0.04227783 0.03486179 0.00340000
v -0.03905588 0.03680174 0.00340000
v 0.03660454 -0.03885868 0.00340000
v 0.03460304 -0.04248989 0.00340000
v 0.03533844 -0.04250233 0.00340000
v 0.03680175 -0.03905590 0.00340000
v -0.03921585 0.03703020 0.00340000
v -0.04228114 0.03671126 0.00340000
v -0.03863021 0.03644456 0.00340000
v -0.04237576 0.03413283 0.00340000
v 0.03644457 -0.03863022 0.00340000
v 0.03387350 -0.04258337 0.00340000
v 0.03703021 -0.03921586 0.00340000
v 0.03645245 -0.04250449 0.00340000
v -0.03933372 0.03728297 0.00340000
v -0.04208339 0.03780758 0.00340000
v -0.03837744 0.03632669 0.00340000
v 0.03632670 -0.03837746 0.00340000
v 0.03728298 -0.03933373 0.00340000
v 0.03754996 -0.04231344 0.00340000
v -0.03810805 0.03625451 0.00340000
v -0.04257752 0.03342554 0.00340000
v -0.03940591 0.03755236 0.00340000
v 0.03625452 -0.03810806 0.00340000
v 0.03316499 -0.04278081 0.00340000
v 0.03755237 -0.03940592 0.00340000
v -0.03943021 0.03783020 0.00340000
v -0.04169853 0.03885300 0.00340000
v -0.03783021 0.03623020 0.00340000
v -0.04287892 0.03275463 0.00340000
v 0.03623021 -0.03783023 0.00340000
v 0.03249225 -0.04307810 0.00340000
v 0.03783021 -0.03943022 0.00340000
v 0.03859772 -0.04193497 0.00340000
v -0.03940591 0.03810803 0.00340000
v -0.03755237 0.03625451 0.00340000
v -0.04327369 0.03213404 0.00340000
v 0.03625452 -0.03755239 0.00340000
v 0.03186927 -0.04346908 0.00340000
v 0.03810805 -0.03940592 0.00340000
v 0.03956397 -0.04138057 0.00340000
v -0.03933372 0.03837743 0.00340000
v -0.04113823 0.03981585 0.00340000
v -0.03728298 0.03632669 0.00340000
v -0.04781367 0.02488096 0.00340000
v 0.03837744 -0.03933373 0.00340000
v 0.03632670 -0.03728299 0.00340000
v 0.02458860 -0.04796469 0.00340000
v -0.03921585 0.03863020 0.00340000
v -0.03703021 0.03644456 0.00340000
v -0.05114863 0.01700081 0.00340000
v 0.03644457 -0.03703022 0.00340000
v 0.01668824 -0.05125148 0.00340000
v 0.03863021 -0.03921586 0.00340000
v 0.04041945 -0.04066698 0.00340000
v -0.03905588 0.03885866 0.00340000
v -0.03680175 0.03660453 0.00340000
v -0.05319452 0.00869220 0.00340000
v 0.03885867 -0.03905590 0.00340000
v 0.03660454 -0.03680176 0.00340000
v 0.00836729 -0.05324659 0.00340000
v -0.03660454 0.03680174 0.00340000
v 0.03680175 -0.03660455 0.00340000
v 0.03905588 -0.03885868 0.00340000
v -0.04041945 0.04066696 0.00340000
v -0.03885867 0.03905587 0.00340000
v -0.03863021 0.03921584 0.00340000
v 0.04113823 -0.03981588 0.00340000
v 0.03933372 -0.03837746 0.00340000
v 0.03921585 -0.03863022 0.00340000
v -0.03956397 0.04138053 0.00340000
v -0.03837744 0.03933371 0.00340000
v -0.03810805 0.03940589 0.00340000
v 0.04169853 -0.03885303 0.00340000
v 0.03943021 -0.03783023 0.00340000
v 0.03940591 -0.03810806 0.00340000
v -0.03859772 0.04193495 0.00340000
v -0.03783021 0.03943020 0.00340000
v 0.04208339 -0.03780760 0.00340000
v 0.03933372 -0.03728299 0.00340000
v 0.03940591 -0.03755239 0.00340000
v -0.03754996 0.04231342 0.00340000
v -0.03755237 0.03940589 0.00340000
v -0.03728298 0.03933371 0.00340000
v 0.04228114 -0.03671128 0.00340000
v 0.03921585 -0.03703022 0.00340000
v -0.03645245 0.04250447 0.00340000
v -0.03703021 0.03921584 0.00340000
v 0.04228579 -0.03559728 0.00340000
v 0.03885867 -0.03660455 0.00340000
v 0.03905588 -0.03680176 0.00340000
v -0.03533844 0.04250231 0.00340000
v -0.03680175 0.03905587 0.00340000
v -0.03660454 0.03885866 0.00340000
v 0.04227783 -0.03486182 0.00340000
v 0.03863021 -0.03644458 0.00340000
v -0.03460304 0.04248987 0.00340000
v -0.03644457 0.03863020 0.00340000
v 0.04237576 -0.03413286 0.00340000
v 0.03810805 -0.03625453 0.00340000
v 0.03837744 -0.03632672 0.00340000
v -0.03387350 0.04258334 0.00340000
v -0.03632670 0.03837743 0.00340000
v -0.03625452 0.03810803 0.00340000
v 0.04257752 -0.03342557 0.00340000
v 0.03783021 -0.03623022 0.00340000
v -0.03316499 0.04278078 0.00340000
v -0.03623021 0.03783020 0.00340000
v 0.04287892 -0.03275465 0.00340000
v 0.03755237 -0.03625453 0.00340000
v -0.03249225 0.04307808 0.00340000
v -0.03625452 0.03755236 0.00340000
v 0.04327369 -0.03213407 0.00340000
v 0.03728298 -0.03632672 0.00340000
v -0.03186927 0.04346905 0.00340000
v -0.03632670 0.03728297 0.00340000
v -0.02619218 0.04710816 0.00340000
v -0.03644457 0.03703020 0.00340000
v 0.04781367 -0.02488098 0.00340000
v 0.03703021 -0.03644458 0.00340000
v -0.02010513 0.05000992 0.00340000
v 0.05114863 -0.01700084 0.00340000
v -0.01370339 0.05212893 0.00340000
v 0.05319452 -0.00869222 0.00340000
v 0.05389975 -0.00016455 0.00340000
v -0.00122567 0.06297153 0.00340000
v -0.00990000 0.06249999 0.00340000
v -0.00990000 0.05706136 0.00340000
v -0.00102846 0.06277432 0.00340000
v -0.00080000 0.06261434 0.00340000
v -0.00138564 0.06319999 0.00340000
v -0.00054723 0.06249648 0.00340000
v -0.00996861 0.05622761 0.00340000
v -0.00150351 0.06345276 0.00340000
v -0.00027784 0.06242429 0.00340000
v -0.01017260 0.05541630 0.00340000
v -0.00157569 0.06372215 0.00340000
v -0.00983967 0.06326652 0.00340000
v -0.00966018 0.06401417 0.00340000
v -0.00936593 0.06472454 0.00340000
v -0.00896418 0.06538015 0.00340000
v -0.00846482 0.06596483 0.00340000
v -0.00788015 0.06646418 0.00340000
v -0.00722455 0.06686592 0.00340000
v -0.00651418 0.06716017 0.00340000
v -0.00160000 0.06399999 0.00340000
v -0.00576653 0.06733967 0.00340000
v -0.00500000 0.06739999 0.00340000
v 0.00000000 0.06239999 0.00340000
v -0.00157569 0.06427784 0.00340000
v -0.00150351 0.06454722 0.00340000
v -0.00138564 0.06479999 0.00340000
v -0.00122567 0.06502845 0.00340000
v -0.00102846 0.06522567 0.00340000
v -0.00080000 0.06538563 0.00340000
v 0.01152472 0.05332874 0.00340000
v -0.01096127 0.05394709 0.00340000
v -0.01152472 0.05332874 0.00340000
v 0.01096127 0.05394709 0.00340000
v -0.01050648 0.05464925 0.00340000
v -0.00054723 0.06550351 0.00340000
v 0.01218169 0.05281083 0.00340000
v -0.01218169 0.05281083 0.00340000
v 0.01050648 0.05464925 0.00340000
v -0.00027784 0.06557570 0.00340000
v 0.01291448 0.05240726 0.00340000
v -0.01291448 0.05240726 0.00340000
v 0.01017260 0.05541630 0.00340000
v 0.00027784 0.06242429 0.00340000
v 0.00000000 0.06559999 0.00340000
v 0.01370339 0.05212893 0.00340000
v 0.00996861 0.05622761 0.00340000
v 0.00054723 0.06249648 0.00340000
v 0.00990000 0.05706136 0.00340000
v 0.00122567 0.06297153 0.00340000
v 0.00102846 0.06277432 0.00340000
v 0.00080000 0.06261434 0.00340000
v 0.00500000 0.06739999 0.00340000
v 0.00027784 0.06557570 0.00340000
v 0.00054723 0.06550351 0.00340000
v 0.00080000 0.06538563 0.00340000
v 0.00102846 0.06522567 0.00340000
v 0.00122567 0.06502845 0.00340000
v 0.00138564 0.06479999 0.00340000
v 0.00150351 0.06454722 0.00340000
v 0.00157569 0.06427784 0.00340000
v 0.00160000 0.06399999 0.00340000
v 0.00990000 0.06249999 0.00340000
v 0.00157569 0.06372215 0.00340000
v 0.00150351 0.06345276 0.00340000
v 0.00138564 0.06319999 0.00340000
v 0.00585088 0.06732555 0.00340000
v 0.00982556 0.06335086 0.00340000
v 0.03660454 0.03680174 0.00340000
v 0.02020686 0.04996891 0.00340000
v 0.03680175 0.03660453 0.00340000
v 0.05324658 0.00836728 0.00340000
v 0.05125146 0.01668823 0.00340000
v 0.03703021 0.03644456 0.00340000
v 0.04796468 0.02458859 0.00340000
v 0.03644457 0.03703020 0.00340000
v 0.02638369 0.04700116 0.00340000
v 0.03632670 0.03728297 0.00340000
v 0.03728298 0.03632669 0.00340000
v 0.00960450 0.06417589 0.00340000
v 0.00667590 0.06710450 0.00340000
v 0.00745000 0.06674352 0.00340000
v 0.00924352 0.06494999 0.00340000
v 0.00814966 0.06625361 0.00340000
v 0.00875362 0.06564965 0.00340000
v 0.04346907 0.03186925 0.00340000
v 0.03755237 0.03625451 0.00340000
v 0.03213405 0.04327368 0.00340000
v 0.03625452 0.03755236 0.00340000
v 0.04307809 0.03249224 0.00340000
v 0.03783021 0.03623020 0.00340000
v 0.03275464 0.04287891 0.00340000
v 0.03623021 0.03783020 0.00340000
v 0.04278079 0.03316498 0.00340000
v 0.03810805 0.03625451 0.00340000
v 0.03342555 0.04257751 0.00340000
v 0.03625452 0.03810803 0.00340000
v 0.04258335 0.03387348 0.00340000
v 0.03863021 0.03644456 0.00340000
v 0.03837744 0.03632669 0.00340000
v 0.03413284 0.04237575 0.00340000
v 0.03632670 0.03837743 0.00340000
v 0.03644457 0.03863020 0.00340000
v 0.04248988 0.03460303 0.00340000
v 0.03885867 0.03660453 0.00340000
v 0.03486180 0.04227782 0.00340000
v 0.03660454 0.03885866 0.00340000
v 0.04250232 0.03533843 0.00340000
v 0.03921585 0.03703020 0.00340000
v 0.03905588 0.03680174 0.00340000
v 0.03559726 0.04228577 0.00340000
v 0.03680175 0.03905587 0.00340000
v 0.03703021 0.03921584 0.00340000
v 0.04250448 0.03645244 0.00340000
v 0.03933372 0.03728297 0.00340000
v 0.03671127 0.04228113 0.00340000
v 0.03728298 0.03933371 0.00340000
v 0.04231343 0.03754995 0.00340000
v 0.03943021 0.03783020 0.00340000
v 0.03940591 0.03755236 0.00340000
v 0.03780759 0.04208338 0.00340000
v 0.03755237 0.03940589 0.00340000
v 0.03783021 0.03943020 0.00340000
v 0.04193496 0.03859770 0.00340000
v 0.03940591 0.03810803 0.00340000
v 0.03885301 0.04169852 0.00340000
v 0.03810805 0.03940589 0.00340000
v 0.03837744 0.03933371 0.00340000
v 0.04138054 0.03956396 0.00340000
v 0.03921585 0.03863020 0.00340000
v 0.03933372 0.03837743 0.00340000
v 0.03981587 0.04113822 0.00340000
v 0.03863021 0.03921584 0.00340000
v 0.03885867 0.03905587 0.00340000
v 0.04066697 0.04041944 0.00340000
v 0.03905588 0.03885866 0.00340000
v 0.00000000 0.06559999 0.00340000
v -0.00027784 0.06557570 0.00180000
v 0.00000000 0.06559999 0.00180000
v -0.00027784 0.06557570 0.00340000
v -0.00054723 0.06550351 0.00180000
v -0.00054723 0.06550351 0.00340000
v -0.00080000 0.06538563 0.00180000
v -0.00080000 0.06538563 0.00340000
v -0.00102846 0.06522567 0.00180000
v -0.00102846 0.06522567 0.00340000
v -0.00122567 0.06502845 0.00180000
v -0.00122567 0.06502845 0.00340000
v -0.00138564 0.06479999 0.00180000
v -0.00138564 0.06479999 0.00340000
v -0.00150351 0.06454722 0.00180000
v -0.00150351 0.06454722 0.00340000
v -0.00157569 0.06427784 0.00180000
v -0.00157569 0.06427784 0.00340000
v -0.00160000 0.06399999 0.00180000
v -0.00160000 0.06399999 0.00340000
v -0.00157569 0.06372215 0.00180000
v -0.00157569 0.06372215 0.00340000
v -0.00150351 0.06345276 0.00180000
v -0.00150351 0.06345276 0.00340000
v -0.00138564 0.06319999 0.00180000
v -0.00138564 0.06319999 0.00340000
v -0.00122567 0.06297153 0.00180000
v -0.00122567 0.06297153 0.00340000
v -0.00102846 0.06277432 0.00180000
v -0.00102846 0.06277432 0.00340000
v -0.00080000 0.06261434 0.00180000
v -0.00080000 0.06261434 0.00340000
v -0.00054723 0.06249648 0.00180000
v -0.00054723 0.06249648 0.00340000
v -0.00027784 0.06242429 0.00180000
v -0.00027784 0.06242429 0.00340000
v 0.00000000 0.06239999 0.00180000
v 0.00000000 0.06239999 0.00340000
v 0.00027784 0.06242429 0.00180000
v 0.00027784 0.06242429 0.00340000
v 0.00054723 0.06249648 0.00340000
v 0.00054723 0.06249648 0.00180000
v 0.00080000 0.06261434 0.00340000
v 0.00080000 0.06261434 0.00180000
v 0.00102846 0.06277432 0.00340000
v 0.00102846 0.06277432 0.00180000
v 0.00122567 0.06297153 0.00340000
v 0.00122567 0.06297153 0.00180000
v 0.00138564 0.06319999 0.00340000
v 0.00150351 0.06345276 0.00180000
v 0.00138564 0.06319999 0.00180000
v 0.00150351 0.06345276 0.00340000
v 0.00157569 0.06372215 0.00340000
v 0.00157569 0.06372215 0.00180000
v 0.00160000 0.06399999 0.00340000
v 0.00160000 0.06399999 0.00180000
v 0.00157569 0.06427784 0.00340000
v 0.00157569 0.06427784 0.00180000
v 0.00150351 0.06454722 0.00340000
v 0.00150351 0.06454722 0.00180000
v 0.00138564 0.06479999 0.00340000
v 0.00138564 0.06479999 0.00180000
v 0.00122567 0.06502845 0.00340000
v 0.00122567 0.06502845 0.00180000
v 0.00102846 0.06522567 0.00340000
v 0.00102846 0.06522567 0.00180000
v 0.00080000 0.06538563 0.00340000
v 0.00080000 0.06538563 0.00180000
v 0.00054723 0.06550351 0.00340000
v 0.00027784 0.06557570 0.00180000
v 0.00054723 0.06550351 0.00180000
v 0.00027784 0.06557570 0.00340000
v 0.00000000 0.06559999 0.00340000
v 0.00000000 0.06559999 0.00180000
v 0.00000000 0.06169999 0.00110000
v -0.00027784 0.06242429 0.00180000
v 0.00000000 0.06239999 0.00180000
v -0.00052095 0.06104556 0.00040000
v 0.00000000 0.06099999 0.00040000
v 0.00000000 0.06169999 0.00110000
v 0.00000000 0.06239999 0.00180000
v 0.00027784 0.06242429 0.00180000
v 0.00000000 0.06099999 0.00040000
v 0.00052095 0.06104556 0.00040000
v -0.00074681 0.06182462 0.00110000
v -0.00102606 0.06118091 0.00040000
v -0.00150000 0.06140191 0.00040000
v -0.00054723 0.06249648 0.00180000
v -0.00080000 0.06261434 0.00180000
v -0.00141269 0.06218496 0.00110000
v -0.00192836 0.06170185 0.00040000
v -0.00229813 0.06207163 0.00040000
v -0.00102846 0.06277432 0.00180000
v -0.00122567 0.06297153 0.00180000
v -0.00192548 0.06274201 0.00110000
v -0.00259808 0.06249999 0.00040000
v -0.00281908 0.06297393 0.00040000
v -0.00138564 0.06319999 0.00180000
v -0.00150351 0.06345276 0.00180000
v -0.00222962 0.06343538 0.00110000
v -0.00295442 0.06347904 0.00040000
v -0.00300000 0.06399999 0.00040000
v -0.00157569 0.06372215 0.00180000
v -0.00160000 0.06399999 0.00180000
v -0.00229214 0.06418992 0.00110000
v -0.00295442 0.06452095 0.00040000
v -0.00157569 0.06427784 0.00180000
v -0.00210628 0.06492389 0.00110000
v -0.00281908 0.06502605 0.00040000
v -0.00259808 0.06550000 0.00040000
v -0.00150351 0.06454722 0.00180000
v -0.00138564 0.06479999 0.00180000
v -0.00169217 0.06555773 0.00110000
v -0.00229813 0.06592835 0.00040000
v -0.00192836 0.06629812 0.00040000
v -0.00122567 0.06502845 0.00180000
v -0.00102846 0.06522567 0.00180000
v -0.00109468 0.06602278 0.00110000
v -0.00150000 0.06659807 0.00039999
v -0.00102606 0.06681907 0.00039999
v -0.00080000 0.06538563 0.00180000
v -0.00054723 0.06550351 0.00180000
v -0.00037857 0.06626862 0.00110000
v -0.00052095 0.06695443 0.00039999
v 0.00000000 0.06699999 0.00039999
v -0.00027784 0.06557570 0.00180000
v 0.00000000 0.06559999 0.00180000
v 0.00037857 0.06626862 0.00110000
v 0.00027784 0.06557570 0.00180000
v 0.00054723 0.06550351 0.00180000
v 0.00052095 0.06695443 0.00039999
v 0.00102606 0.06681907 0.00039999
v 0.00109468 0.06602278 0.00110000
v 0.00080000 0.06538563 0.00180000
v 0.00102846 0.06522567 0.00180000
v 0.00150000 0.06659807 0.00039999
v 0.00192836 0.06629812 0.00040000
v 0.00169217 0.06555773 0.00110000
v 0.00122567 0.06502845 0.00180000
v 0.00138564 0.06479999 0.00180000
v 0.00229813 0.06592835 0.00040000
v 0.00259808 0.06550000 0.00040000
v 0.00210628 0.06492389 0.00110000
v 0.00150351 0.06454722 0.00180000
v 0.00157569 0.06427784 0.00180000
v 0.00281908 0.06502605 0.00040000
v 0.00295442 0.06452095 0.00040000
v 0.00229214 0.06418992 0.00110000
v 0.00160000 0.06399999 0.00180000
v 0.00300000 0.06399999 0.00040000
v 0.00222962 0.06343538 0.00110000
v 0.00157569 0.06372215 0.00180000
v 0.00150351 0.06345276 0.00180000
v 0.00295442 0.06347904 0.00040000
v 0.00281908 0.06297393 0.00040000
v 0.00192548 0.06274201 0.00110000
v 0.00138564 0.06319999 0.00180000
v 0.00122567 0.06297153 0.00180000
v 0.00259808 0.06249999 0.00040000
v 0.00229813 0.06207163 0.00040000
v 0.00141269 0.06218496 0.00110000
v 0.00102846 0.06277432 0.00180000
v 0.00080000 0.06261434 0.00180000
v 0.00192836 0.06170185 0.00040000
v 0.00150000 0.06140191 0.00040000
v 0.00074681 0.06182462 0.00110000
v 0.00054723 0.06249648 0.00180000
v 0.00102606 0.06118091 0.00040000
v 0.03783021 0.03943020 0.00340000
v 0.03755237 0.03940589 0.00180000
v 0.03783021 0.03943020 0.00180000
v 0.03755237 0.03940589 0.00340000
v 0.03728298 0.03933371 0.00180000
v 0.03728298 0.03933371 0.00340000
v 0.03703021 0.03921584 0.00180000
v 0.03703021 0.03921584 0.00340000
v 0.03680175 0.03905587 0.00180000
v 0.03680175 0.03905587 0.00340000
v 0.03660454 0.03885866 0.00180000
v 0.03660454 0.03885866 0.00340000
v 0.03644457 0.03863020 0.00180000
v 0.03644457 0.03863020 0.00340000
v 0.03632670 0.03837743 0.00180000
v 0.03632670 0.03837743 0.00340000
v 0.03625452 0.03810803 0.00180000
v 0.03625452 0.03810803 0.00340000
v 0.03623021 0.03783020 0.00180000
v 0.03623021 0.03783020 0.00340000
v 0.03625452 0.03755236 0.00180000
v 0.03625452 0.03755236 0.00340000
v 0.03632670 0.03728297 0.00180000
v 0.03632670 0.03728297 0.00340000
v 0.03644457 0.03703020 0.00180000
v 0.03644457 0.03703020 0.00340000
v 0.03660454 0.03680174 0.00180000
v 0.03660454 0.03680174 0.00340000
v 0.03680175 0.03660453 0.00180000
v 0.03680175 0.03660453 0.00340000
v 0.03703021 0.03644456 0.00180000
v 0.03703021 0.03644456 0.00340000
v 0.03728298 0.03632669 0.00180000
v 0.03728298 0.03632669 0.00340000
v 0.03755237 0.03625451 0.00180000
v 0.03755237 0.03625451 0.00340000
v 0.03783021 0.03623020 0.00180000
v 0.03783021 0.03623020 0.00340000
v 0.03810805 0.03625451 0.00340000
v 0.03810805 0.03625451 0.00180000
v 0.03837744 0.03632669 0.00340000
v 0.03837744 0.03632669 0.00180000
v 0.03863021 0.03644456 0.00340000
v 0.03863021 0.03644456 0.00180000
v 0.03885867 0.03660453 0.00340000
v 0.03905588 0.03680174 0.00180000
v 0.03885867 0.03660453 0.00180000
v 0.03905588 0.03680174 0.00340000
v 0.03921585 0.03703020 0.00340000
v 0.03921585 0.03703020 0.00180000
v 0.03933372 0.03728297 0.00340000
v 0.03933372 0.03728297 0.00180000
v 0.03940591 0.03755236 0.00340000
v 0.03940591 0.03755236 0.00180000
v 0.03943021 0.03783020 0.00340000
v 0.03943021 0.03783020 0.00180000
v 0.03940591 0.03810803 0.00340000
v 0.03940591 0.03810803 0.00180000
v 0.03933372 0.03837743 0.00340000
v 0.03933372 0.03837743 0.00180000
v 0.03921585 0.03863020 0.00340000
v 0.03905588 0.03885866 0.00180000
v 0.03921585 0.03863020 0.00180000
v 0.03905588 0.03885866 0.00340000
v 0.03885867 0.03905587 0.00340000
v 0.03885867 0.03905587 0.00180000
v 0.03863021 0.03921584 0.00340000
v 0.03837744 0.03933371 0.00180000
v 0.03863021 0.03921584 0.00180000
v 0.03837744 0.03933371 0.00340000
v 0.03810805 0.03940589 0.00180000
v 0.03810805 0.03940589 0.00340000
v 0.03783021 0.03943020 0.00180000
v 0.03783021 0.03943020 0.00340000
v 0.03783021 0.03553020 0.00110000
v 0.03755237 0.03625451 0.00180000
v 0.03783021 0.03623020 0.00180000
v 0.03730927 0.03487578 0.00040000
v 0.03783021 0.03483020 0.00040000
v 0.03783021 0.03553020 0.00110000
v 0.03783021 0.03623020 0.00180000
v 0.03810805 0.03625451 0.00180000
v 0.03835116 0.03487578 0.00040000
v 0.03708340 0.03565482 0.00110000
v 0.03680415 0.03501112 0.00040000
v 0.03633021 0.03523212 0.00040000
v 0.03728298 0.03632669 0.00180000
v 0.03703021 0.03644456 0.00180000
v 0.03641752 0.03601518 0.00110000
v 0.03590185 0.03553207 0.00040000
v 0.03553208 0.03590184 0.00040000
v 0.03680175 0.03660453 0.00180000
v 0.03660454 0.03680174 0.00180000
v 0.03590473 0.03657222 0.00110000
v 0.03523213 0.03633020 0.00040000
v 0.03501113 0.03680414 0.00040000
v 0.03644457 0.03703020 0.00180000
v 0.03632670 0.03728297 0.00180000
v 0.03560059 0.03726558 0.00110000
v 0.03487579 0.03730926 0.00040000
v 0.03483021 0.03783020 0.00040000
v 0.03625452 0.03755236 0.00180000
v 0.03623021 0.03783020 0.00180000
v 0.03553807 0.03802013 0.00110000
v 0.03487579 0.03835115 0.00040000
v 0.03625452 0.03810803 0.00180000
v 0.03572393 0.03875410 0.00110000
v 0.03501113 0.03885626 0.00040000
v 0.03523213 0.03933020 0.00040000
v 0.03632670 0.03837743 0.00180000
v 0.03644457 0.03863020 0.00180000
v 0.03613805 0.03938795 0.00110000
v 0.03553208 0.03975856 0.00040000
v 0.03590185 0.04012833 0.00040000
v 0.03660454 0.03885866 0.00180000
v 0.03680175 0.03905587 0.00180000
v 0.03673553 0.03985299 0.00110000
v 0.03633021 0.04042827 0.00040000
v 0.03680415 0.04064928 0.00040000
v 0.03703021 0.03921584 0.00180000
v 0.03728298 0.03933371 0.00180000
v 0.03745164 0.04009883 0.00110000
v 0.03730927 0.04078462 0.00040000
v 0.03783021 0.04083020 0.00040000
v 0.03755237 0.03940589 0.00180000
v 0.03783021 0.03943020 0.00180000
v 0.03820878 0.04009883 0.00110000
v 0.03810805 0.03940589 0.00180000
v 0.03837744 0.03933371 0.00180000
v 0.03835116 0.04078462 0.00040000
v 0.03885627 0.04064928 0.00040000
v 0.03892489 0.03985299 0.00110000
v 0.03863021 0.03921584 0.00180000
v 0.03885867 0.03905587 0.00180000
v 0.03933021 0.04042827 0.00040000
v 0.03975857 0.04012833 0.00040000
v 0.03952238 0.03938795 0.00110000
v 0.03905588 0.03885866 0.00180000
v 0.03921585 0.03863020 0.00180000
v 0.04012834 0.03975856 0.00040000
v 0.04042829 0.03933020 0.00040000
v 0.03993649 0.03875410 0.00110000
v 0.03933372 0.03837743 0.00180000
v 0.03940591 0.03810803 0.00180000
v 0.04064929 0.03885626 0.00040000
v 0.04078464 0.03835115 0.00040000
v 0.04012236 0.03802013 0.00110000
v 0.03943021 0.03783020 0.00180000
v 0.04083021 0.03783020 0.00040000
v 0.04005983 0.03726558 0.00110000
v 0.03940591 0.03755236 0.00180000
v 0.03933372 0.03728297 0.00180000
v 0.04078464 0.03730926 0.00040000
v 0.04064929 0.03680414 0.00040000
v 0.03975569 0.03657222 0.00110000
v 0.03921585 0.03703020 0.00180000
v 0.03905588 0.03680174 0.00180000
v 0.04042829 0.03633020 0.00040000
v 0.04012834 0.03590184 0.00040000
v 0.03924290 0.03601518 0.00110000
v 0.03885867 0.03660453 0.00180000
v 0.03863021 0.03644456 0.00180000
v 0.03975857 0.03553207 0.00040000
v 0.03933021 0.03523212 0.00040000
v 0.03857702 0.03565482 0.00110000
v 0.03837744 0.03632669 0.00180000
v 0.03885627 0.03501112 0.00040000
v 0.03943021 -0.03783023 0.00340000
v 0.03940591 -0.03755239 0.00180000
v 0.03943021 -0.03783023 0.00180000
v 0.03940591 -0.03755239 0.00340000
v 0.03933372 -0.03728299 0.00180000
v 0.03933372 -0.03728299 0.00340000
v 0.03921585 -0.03703022 0.00180000
v 0.03921585 -0.03703022 0.00340000
v 0.03905588 -0.03680176 0.00180000
v 0.03905588 -0.03680176 0.00340000
v 0.03885867 -0.03660455 0.00180000
v 0.03885867 -0.03660455 0.00340000
v 0.03863021 -0.03644458 0.00180000
v 0.03863021 -0.03644458 0.00340000
v 0.03837744 -0.03632672 0.00180000
v 0.03837744 -0.03632672 0.00340000
v 0.03810805 -0.03625453 0.00180000
v 0.03810805 -0.03625453 0.00340000
v 0.03783021 -0.03623022 0.00180000
v 0.03783021 -0.03623022 0.00340000
v 0.03755237 -0.03625453 0.00180000
v 0.03755237 -0.03625453 0.00340000
v 0.03728298 -0.03632672 0.00180000
v 0.03728298 -0.03632672 0.00340000
v 0.03703021 -0.03644458 0.00180000
v 0.03703021 -0.03644458 0.00340000
v 0.03680175 -0.03660455 0.00180000
v 0.03680175 -0.03660455 0.00340000
v 0.03660454 -0.03680176 0.00180000
v 0.03660454 -0.03680176 0.00340000
v 0.03644457 -0.03703022 0.00180000
v 0.03644457 -0.03703022 0.00340000
v 0.03632670 -0.03728299 0.00180000
v 0.03632670 -0.03728299 0.00340000
v 0.03625452 -0.03755239 0.00180000
v 0.03625452 -0.03755239 0.00340000
v 0.03623021 -0.03783023 0.00180000
v 0.03623021 -0.03783023 0.00340000
v 0.03625452 -0.03810806 0.00180000
v 0.03625452 -0.03810806 0.00340000
v 0.03632670 -0.03837746 0.00340000
v 0.03632670 -0.03837746 0.00180000
v 0.03644457 -0.03863022 0.00180000
v 0.03644457 -0.03863022 0.00340000
v 0.03660454 -0.03885868 0.00180000
v 0.03660454 -0.03885868 0.00340000
v 0.03680175 -0.03905590 0.00340000
v 0.03680175 -0.03905590 0.00180000
v 0.03703021 -0.03921586 0.00180000
v 0.03703021 -0.03921586 0.00340000
v 0.03728298 -0.03933373 0.00340000
v 0.03728298 -0.03933373 0.00180000
v 0.03755237 -0.03940592 0.00340000
v 0.03755237 -0.03940592 0.00180000
v 0.03783021 -0.03943022 0.00180000
v 0.03783021 -0.03943022 0.00340000
v 0.03810805 -0.03940592 0.00340000
v 0.03810805 -0.03940592 0.00180000
v 0.03837744 -0.03933373 0.00180000
v 0.03837744 -0.03933373 0.00340000
v 0.03863021 -0.03921586 0.00340000
v 0.03863021 -0.03921586 0.00180000
v 0.03885867 -0.03905590 0.00180000
v 0.03885867 -0.03905590 0.00340000
v 0.03905588 -0.03885868 0.00340000
v 0.03905588 -0.03885868 0.00180000
v 0.03921585 -0.03863022 0.00340000
v 0.03921585 -0.03863022 0.00180000
v 0.03933372 -0.03837746 0.00340000
v 0.03933372 -0.03837746 0.00180000
v 0.03940591 -0.03810806 0.00180000
v 0.03940591 -0.03810806 0.00340000
v 0.03943021 -0.03783023 0.00180000
v 0.03943021 -0.03783023 0.00340000
v 0.03553021 -0.03783023 0.00110000
v 0.03625452 -0.03755239 0.00180000
v 0.03623021 -0.03783023 0.00180000
v 0.03487579 -0.03730928 0.00040000
v 0.03483021 -0.03783023 0.00040000
v 0.03553021 -0.03783023 0.00110000
v 0.03623021 -0.03783023 0.00180000
v 0.03625452 -0.03810806 0.00180000
v 0.03483021 -0.03783023 0.00040000
v 0.03487579 -0.03835117 0.00040000
v 0.03565483 -0.03708341 0.00110000
v 0.03501113 -0.03680416 0.00040000
v 0.03523213 -0.03633023 0.00040000
v 0.03644457 -0.03703022 0.00180000
v 0.03632670 -0.03728299 0.00180000
v 0.03601519 -0.03641754 0.00110000
v 0.03553208 -0.03590186 0.00040000
v 0.03590185 -0.03553209 0.00040000
v 0.03680175 -0.03660455 0.00180000
v 0.03660454 -0.03680176 0.00180000
v 0.03657223 -0.03590474 0.00110000
v 0.03633021 -0.03523215 0.00040000
v 0.03680415 -0.03501115 0.00040000
v 0.03728298 -0.03632672 0.00180000
v 0.03703021 -0.03644458 0.00180000
v 0.03726559 -0.03560060 0.00110000
v 0.03730927 -0.03487580 0.00040000
v 0.03783021 -0.03483023 0.00040000
v 0.03783021 -0.03623022 0.00180000
v 0.03755237 -0.03625453 0.00180000
v 0.03802015 -0.03553808 0.00110000
v 0.03835116 -0.03487580 0.00040000
v 0.03810805 -0.03625453 0.00180000
v 0.03875411 -0.03572394 0.00110000
v 0.03885627 -0.03501115 0.00040000
v 0.03933021 -0.03523215 0.00040000
v 0.03863021 -0.03644458 0.00180000
v 0.03837744 -0.03632672 0.00180000
v 0.03938796 -0.03613806 0.00110000
v 0.03975857 -0.03553209 0.00040000
v 0.04012834 -0.03590186 0.00040000
v 0.03905588 -0.03680176 0.00180000
v 0.03885867 -0.03660455 0.00180000
v 0.03985300 -0.03673554 0.00110000
v 0.04042829 -0.03633023 0.00040000
v 0.04064929 -0.03680416 0.00040000
v 0.03933372 -0.03728299 0.00180000
v 0.03921585 -0.03703022 0.00180000
v 0.04009884 -0.03745166 0.00110000
v 0.04078464 -0.03730928 0.00040000
v 0.04083021 -0.03783023 0.00040000
v 0.03943021 -0.03783023 0.00180000
v 0.03940591 -0.03755239 0.00180000
v 0.04009884 -0.03820879 0.00110000
v 0.04078464 -0.03835117 0.00040000
v 0.04064929 -0.03885628 0.00040000
v 0.03933372 -0.03837746 0.00180000
v 0.03940591 -0.03810806 0.00180000
v 0.03985300 -0.03892490 0.00110000
v 0.04042829 -0.03933023 0.00040000
v 0.04012834 -0.03975859 0.00040000
v 0.03905588 -0.03885868 0.00180000
v 0.03921585 -0.03863022 0.00180000
v 0.03938796 -0.03952239 0.00110000
v 0.03975857 -0.04012836 0.00040000
v 0.03933021 -0.04042830 0.00040000
v 0.03863021 -0.03921586 0.00180000
v 0.03885867 -0.03905590 0.00180000
v 0.03875411 -0.03993650 0.00110000
v 0.03885627 -0.04064930 0.00040000
v 0.03835116 -0.04078465 0.00040000
v 0.03810805 -0.03940592 0.00180000
v 0.03837744 -0.03933373 0.00180000
v 0.03802015 -0.04012237 0.00110000
v 0.03783021 -0.04083023 0.00040000
v 0.03783021 -0.03943022 0.00180000
v 0.03726559 -0.04005984 0.00110000
v 0.03730927 -0.04078465 0.00040000
v 0.03680415 -0.04064930 0.00040000
v 0.03728298 -0.03933373 0.00180000
v 0.03755237 -0.03940592 0.00180000
v 0.03657223 -0.03975571 0.00110000
v 0.03633021 -0.04042830 0.00040000
v 0.03590185 -0.04012836 0.00040000
v 0.03680175 -0.03905590 0.00180000
v 0.03703021 -0.03921586 0.00180000
v 0.03601519 -0.03924291 0.00110000
v 0.03553208 -0.03975859 0.00040000
v 0.03523213 -0.03933023 0.00040000
v 0.03644457 -0.03863022 0.00180000
v 0.03660454 -0.03885868 0.00180000
v 0.03565483 -0.03857703 0.00110000
v 0.03501113 -0.03885628 0.00040000
v 0.03632670 -0.03837746 0.00180000
v -0.03783021 -0.03943022 0.00340000
v -0.03755237 -0.03940592 0.00180000
v -0.03783021 -0.03943022 0.00180000
v -0.03755237 -0.03940592 0.00340000
v -0.03728298 -0.03933373 0.00180000
v -0.03728298 -0.03933373 0.00340000
v -0.03703021 -0.03921586 0.00180000
v -0.03703021 -0.03921586 0.00340000
v -0.03680175 -0.03905590 0.00180000
v -0.03680175 -0.03905590 0.00340000
v -0.03660454 -0.03885868 0.00180000
v -0.03660454 -0.03885868 0.00340000
v -0.03644457 -0.03863022 0.00180000
v -0.03644457 -0.03863022 0.00340000
v -0.03632670 -0.03837746 0.00180000
v -0.03632670 -0.03837746 0.00340000
v -0.03625452 -0.03810806 0.00180000
v -0.03625452 -0.03810806 0.00340000
v -0.03623021 -0.03783023 0.00180000
v -0.03623021 -0.03783023 0.00340000
v -0.03625452 -0.03755239 0.00180000
v -0.03625452 -0.03755239 0.00340000
v -0.03632670 -0.03728299 0.00180000
v -0.03632670 -0.03728299 0.00340000
v -0.03644457 -0.03703022 0.00180000
v -0.03644457 -0.03703022 0.00340000
v -0.03660454 -0.03680176 0.00180000
v -0.03660454 -0.03680176 0.00340000
v -0.03680175 -0.03660455 0.00180000
v -0.03680175 -0.03660455 0.00340000
v -0.03703021 -0.03644458 0.00180000
v -0.03703021 -0.03644458 0.00340000
v -0.03728298 -0.03632672 0.00180000
v -0.03728298 -0.03632672 0.00340000
v -0.03755237 -0.03625453 0.00180000
v -0.03755237 -0.03625453 0.00340000
v -0.03783021 -0.03623022 0.00340000
v -0.03783021 -0.03623022 0.00180000
v -0.03810805 -0.03625453 0.00340000
v -0.03810805 -0.03625453 0.00180000
v -0.03837744 -0.03632672 0.00340000
v -0.03837744 -0.03632672 0.00180000
v -0.03863021 -0.03644458 0.00340000
v -0.03863021 -0.03644458 0.00180000
v -0.03885867 -0.03660455 0.00340000
v -0.03885867 -0.03660455 0.00180000
v -0.03905588 -0.03680176 0.00340000
v -0.03905588 -0.03680176 0.00180000
v -0.03921585 -0.03703022 0.00340000
v -0.03921585 -0.03703022 0.00180000
v -0.03933372 -0.03728299 0.00340000
v -0.03933372 -0.03728299 0.00180000
v -0.03940591 -0.03755239 0.00340000
v -0.03940591 -0.03755239 0.00180000
v -0.03943021 -0.03783023 0.00340000
v -0.03943021 -0.03783023 0.00180000
v -0.03940591 -0.03810806 0.00340000
v -0.03940591 -0.03810806 0.00180000
v -0.03933372 -0.03837746 0.00340000
v -0.03933372 -0.03837746 0.00180000
v -0.03921585 -0.03863022 0.00340000
v -0.03921585 -0.03863022 0.00180000
v -0.03905588 -0.03885868 0.00340000
v -0.03905588 -0.03885868 0.00180000
v -0.03885867 -0.03905590 0.00340000
v -0.03885867 -0.03905590 0.00180000
v -0.03863021 -0.03921586 0.00340000
v -0.03863021 -0.03921586 0.00180000
v -0.03837744 -0.03933373 0.00340000
v -0.03837744 -0.03933373 0.00180000
v -0.03810805 -0.03940592 0.00340000
v -0.03810805 -0.03940592 0.00180000
v -0.03783021 -0.03943022 0.00340000
v -0.03783021 -0.03943022 0.00180000
v -0.03783021 -0.03553022 0.00110000
v -0.03755237 -0.03625453 0.00180000
v -0.03783021 -0.03623022 0.00180000
v -0.03730927 -0.03487580 0.00040000
v -0.03783021 -0.03483023 0.00040000
v -0.03783021 -0.03553022 0.00110000
v -0.03783021 -0.03623022 0.00180000
v -0.03810805 -0.03625453 0.00180000
v -0.03783021 -0.03483023 0.00040000
v -0.03835116 -0.03487580 0.00040000
v -0.03708340 -0.03565485 0.00110000
v -0.03680415 -0.03501115 0.00040000
v -0.03633021 -0.03523215 0.00040000
v -0.03703021 -0.03644458 0.00180000
v -0.03728298 -0.03632672 0.00180000
v -0.03641752 -0.03601521 0.00110000
v -0.03590185 -0.03553209 0.00040000
v -0.03553208 -0.03590186 0.00040000
v -0.03660454 -0.03680176 0.00180000
v -0.03680175 -0.03660455 0.00180000
v -0.03590473 -0.03657224 0.00110000
v -0.03523213 -0.03633023 0.00040000
v -0.03501113 -0.03680416 0.00040000
v -0.03632670 -0.03728299 0.00180000
v -0.03644457 -0.03703022 0.00180000
v -0.03560059 -0.03726561 0.00110000
v -0.03487579 -0.03730928 0.00040000
v -0.03483021 -0.03783023 0.00040000
v -0.03623021 -0.03783023 0.00180000
v -0.03625452 -0.03755239 0.00180000
v -0.03553807 -0.03802016 0.00110000
v -0.03487579 -0.03835117 0.00040000
v -0.03625452 -0.03810806 0.00180000
v -0.03572393 -0.03875412 0.00110000
v -0.03501113 -0.03885628 0.00040000
v -0.03523213 -0.03933023 0.00040000
v -0.03644457 -0.03863022 0.00180000
v -0.03632670 -0.03837746 0.00180000
v -0.03613805 -0.03938797 0.00110000
v -0.03553208 -0.03975859 0.00040000
v -0.03590185 -0.04012836 0.00040000
v -0.03680175 -0.03905590 0.00180000
v -0.03660454 -0.03885868 0.00180000
v -0.03673553 -0.03985301 0.00110000
v -0.03633021 -0.04042830 0.00040000
v -0.03680415 -0.04064930 0.00040000
v -0.03728298 -0.03933373 0.00180000
v -0.03703021 -0.03921586 0.00180000
v -0.03745164 -0.04009886 0.00110000
v -0.03730927 -0.04078465 0.00040000
v -0.03783021 -0.04083023 0.00040000
v -0.03783021 -0.03943022 0.00180000
v -0.03755237 -0.03940592 0.00180000
v -0.03820878 -0.04009886 0.00110000
v -0.03835116 -0.04078465 0.00040000
v -0.03885627 -0.04064930 0.00040000
v -0.03837744 -0.03933373 0.00180000
v -0.03810805 -0.03940592 0.00180000
v -0.03892489 -0.03985301 0.00110000
v -0.03933021 -0.04042830 0.00040000
v -0.03975857 -0.04012836 0.00040000
v -0.03885867 -0.03905590 0.00180000
v -0.03863021 -0.03921586 0.00180000
v -0.03952238 -0.03938797 0.00110000
v -0.04012834 -0.03975859 0.00040000
v -0.04042829 -0.03933023 0.00040000
v -0.03921585 -0.03863022 0.00180000
v -0.03905588 -0.03885868 0.00180000
v -0.03993649 -0.03875412 0.00110000
v -0.04064929 -0.03885628 0.00040000
v -0.04078464 -0.03835117 0.00040000
v -0.03940591 -0.03810806 0.00180000
v -0.03933372 -0.03837746 0.00180000
v -0.04012236 -0.03802016 0.00110000
v -0.04083021 -0.03783023 0.00040000
v -0.03943021 -0.03783023 0.00180000
v -0.04005983 -0.03726561 0.00110000
v -0.04078464 -0.03730928 0.00040000
v -0.04064929 -0.03680416 0.00040000
v -0.03933372 -0.03728299 0.00180000
v -0.03940591 -0.03755239 0.00180000
v -0.03975569 -0.03657224 0.00110000
v -0.04042829 -0.03633023 0.00040000
v -0.04012834 -0.03590186 0.00040000
v -0.03905588 -0.03680176 0.00180000
v -0.03921585 -0.03703022 0.00180000
v -0.03924290 -0.03601521 0.00110000
v -0.03975857 -0.03553209 0.00040000
v -0.03933021 -0.03523215 0.00040000
v -0.03863021 -0.03644458 0.00180000
v -0.03885867 -0.03660455 0.00180000
v -0.03857702 -0.03565485 0.00110000
v -0.03885627 -0.03501115 0.00040000
v -0.03837744 -0.03632672 0.00180000
v -0.03943021 0.03783020 0.00340000
v -0.03940591 0.03755236 0.00180000
v -0.03943021 0.03783020 0.00180000
v -0.03940591 0.03755236 0.00340000
v -0.03933372 0.03728297 0.00180000
v -0.03933372 0.03728297 0.00340000
v -0.03921585 0.03703020 0.00180000
v -0.03921585 0.03703020 0.00340000
v -0.03905588 0.03680174 0.00180000
v -0.03905588 0.03680174 0.00340000
v -0.03885867 0.03660453 0.00180000
v -0.03885867 0.03660453 0.00340000
v -0.03863021 0.03644456 0.00180000
v -0.03863021 0.03644456 0.00340000
v -0.03837744 0.03632669 0.00180000
v -0.03837744 0.03632669 0.00340000
v -0.03810805 0.03625451 0.00180000
v -0.03810805 0.03625451 0.00340000
v -0.03783021 0.03623020 0.00180000
v -0.03783021 0.03623020 0.00340000
v -0.03755237 0.03625451 0.00180000
v -0.03755237 0.03625451 0.00340000
v -0.03728298 0.03632669 0.00180000
v -0.03728298 0.03632669 0.00340000
v -0.03703021 0.03644456 0.00180000
v -0.03703021 0.03644456 0.00340000
v -0.03680175 0.03660453 0.00180000
v -0.03680175 0.03660453 0.00340000
v -0.03660454 0.03680174 0.00180000
v -0.03660454 0.03680174 0.00340000
v -0.03644457 0.03703020 0.00180000
v -0.03644457 0.03703020 0.00340000
v -0.03632670 0.03728297 0.00180000
v -0.03632670 0.03728297 0.00340000
v -0.03625452 0.03755236 0.00180000
v -0.03625452 0.03755236 0.00340000
v -0.03623021 0.03783020 0.00180000
v -0.03623021 0.03783020 0.00340000
v -0.03625452 0.03810803 0.00180000
v -0.03625452 0.03810803 0.00340000
v -0.03632670 0.03837743 0.00340000
v -0.03632670 0.03837743 0.00180000
v -0.03644457 0.03863020 0.00180000
v -0.03644457 0.03863020 0.00340000
v -0.03660454 0.03885866 0.00180000
v -0.03660454 0.03885866 0.00340000
v -0.03680175 0.03905587 0.00180000
v -0.03680175 0.03905587 0.00340000
v -0.03703021 0.03921584 0.00340000
v -0.03703021 0.03921584 0.00180000
v -0.03728298 0.03933371 0.00180000
v -0.03728298 0.03933371 0.00340000
v -0.03755237 0.03940589 0.00340000
v -0.03755237 0.03940589 0.00180000
v -0.03783021 0.03943020 0.00340000
v -0.03783021 0.03943020 0.00180000
v -0.03810805 0.03940589 0.00340000
v -0.03810805 0.03940589 0.00180000
v -0.03837744 0.03933371 0.00340000
v -0.03837744 0.03933371 0.00180000
v -0.03863021 0.03921584 0.00180000
v -0.03863021 0.03921584 0.00340000
v -0.03885867 0.03905587 0.00180000
v -0.03885867 0.03905587 0.00340000
v -0.03905588 0.03885866 0.00340000
v -0.03905588 0.03885866 0.00180000
v -0.03921585 0.03863020 0.00340000
v -0.03921585 0.03863020 0.00180000
v -0.03933372 0.03837743 0.00340000
v -0.03933372 0.03837743 0.00180000
v -0.03940591 0.03810803 0.00340000
v -0.03940591 0.03810803 0.00180000
v -0.03943021 0.03783020 0.00340000
v -0.03943021 0.03783020 0.00180000
v -0.03553021 0.03783020 0.00110000
v -0.03625452 0.03755236 0.00180000
v -0.03623021 0.03783020 0.00180000
v -0.03487579 0.03730926 0.00040000
v -0.03483021 0.03783020 0.00040000
v -0.03553021 0.03783020 0.00110000
v -0.03623021 0.03783020 0.00180000
v -0.03625452 0.03810803 0.00180000
v -0.03483021 0.03783020 0.00040000
v -0.03487579 0.03835115 0.00040000
v -0.03565483 0.03708339 0.00110000
v -0.03501113 0.03680414 0.00040000
v -0.03523213 0.03633020 0.00040000
v -0.03644457 0.03703020 0.00180000
v -0.03632670 0.03728297 0.00180000
v -0.03601519 0.03641751 0.00110000
v -0.03553208 0.03590184 0.00040000
v -0.03590185 0.03553207 0.00040000
v -0.03680175 0.03660453 0.00180000
v -0.03660454 0.03680174 0.00180000
v -0.03657223 0.03590472 0.00110000
v -0.03633021 0.03523212 0.00040000
v -0.03680415 0.03501112 0.00040000
v -0.03728298 0.03632669 0.00180000
v -0.03703021 0.03644456 0.00180000
v -0.03726559 0.03560058 0.00110000
v -0.03730927 0.03487578 0.00040000
v -0.03783021 0.03483020 0.00040000
v -0.03783021 0.03623020 0.00180000
v -0.03755237 0.03625451 0.00180000
v -0.03802015 0.03553806 0.00110000
v -0.03835116 0.03487578 0.00040000
v -0.03810805 0.03625451 0.00180000
v -0.03875411 0.03572392 0.00110000
v -0.03885627 0.03501112 0.00040000
v -0.03933021 0.03523212 0.00040000
v -0.03863021 0.03644456 0.00180000
v -0.03837744 0.03632669 0.00180000
v -0.03938796 0.03613803 0.00110000
v -0.03975857 0.03553207 0.00040000
v -0.04012834 0.03590184 0.00040000
v -0.03905588 0.03680174 0.00180000
v -0.03885867 0.03660453 0.00180000
v -0.03985300 0.03673552 0.00110000
v -0.04042829 0.03633020 0.00040000
v -0.04064929 0.03680414 0.00040000
v -0.03933372 0.03728297 0.00180000
v -0.03921585 0.03703020 0.00180000
v -0.04009884 0.03745163 0.00110000
v -0.04078464 0.03730926 0.00040000
v -0.04083021 0.03783020 0.00040000
v -0.03943021 0.03783020 0.00180000
v -0.03940591 0.03755236 0.00180000
v -0.04009884 0.03820877 0.00110000
v -0.04078464 0.03835115 0.00040000
v -0.04064929 0.03885626 0.00040000
v -0.03933372 0.03837743 0.00180000
v -0.03940591 0.03810803 0.00180000
v -0.03985300 0.03892488 0.00110000
v -0.04042829 0.03933020 0.00040000
v -0.04012834 0.03975856 0.00040000
v -0.03905588 0.03885866 0.00180000
v -0.03921585 0.03863020 0.00180000
v -0.03938796 0.03952236 0.00110000
v -0.03975857 0.04012833 0.00040000
v -0.03933021 0.04042827 0.00040000
v -0.03863021 0.03921584 0.00180000
v -0.03885867 0.03905587 0.00180000
v -0.03875411 0.03993648 0.00110000
v -0.03885627 0.04064928 0.00040000
v -0.03835116 0.04078462 0.00040000
v -0.03810805 0.03940589 0.00180000
v -0.03837744 0.03933371 0.00180000
v -0.03802015 0.04012234 0.00110000
v -0.03783021 0.04083020 0.00040000
v -0.03783021 0.03943020 0.00180000
v -0.03726559 0.04005982 0.00110000
v -0.03730927 0.04078462 0.00040000
v -0.03680415 0.04064928 0.00040000
v -0.03728298 0.03933371 0.00180000
v -0.03755237 0.03940589 0.00180000
v -0.03657223 0.03975568 0.00110000
v -0.03633021 0.04042827 0.00040000
v -0.03590185 0.04012833 0.00040000
v -0.03680175 0.03905587 0.00180000
v -0.03703021 0.03921584 0.00180000
v -0.03601519 0.03924289 0.00110000
v -0.03553208 0.03975856 0.00040000
v -0.03523213 0.03933020 0.00040000
v -0.03644457 0.03863020 0.00180000
v -0.03660454 0.03885866 0.00180000
v -0.03565483 0.03857701 0.00110000
v -0.03501113 0.03885626 0.00040000
v -0.03632670 0.03837743 0.00180000
v -0.04754755 0.02474247 0.00040000
v -0.04327369 0.03213404 0.00070000
v -0.04303284 0.03195519 0.00040000
v -0.04781367 0.02488096 0.00070000
v -0.05086394 0.01690619 0.00040000
v -0.05114863 0.01700081 0.00070000
v -0.05289843 0.00864382 0.00040000
v -0.05319452 0.00869220 0.00070000
v -0.05359975 0.00016361 0.00040000
v -0.05389975 0.00016452 0.00070000
v -0.05295022 -0.00832073 0.00040000
v -0.05324658 -0.00836730 0.00070000
v -0.05096620 -0.01659537 0.00040000
v -0.05125146 -0.01668825 0.00070000
v -0.04796468 -0.02458861 0.00070000
v -0.04769772 -0.02445176 0.00040000
v -0.04322713 -0.03169190 0.00040000
v -0.04346907 -0.03186928 0.00070000
v -0.04227783 0.03486179 0.00070000
v -0.04228579 0.03559725 0.00070000
v -0.04198681 0.03562211 0.00040000
v -0.04197840 0.03484339 0.00040000
v -0.04237576 0.03413283 0.00070000
v -0.04208208 0.03407155 0.00040000
v -0.04257752 0.03342554 0.00070000
v -0.04229571 0.03332266 0.00040000
v -0.04287892 0.03275463 0.00070000
v -0.04261484 0.03261228 0.00040000
v -0.04307809 -0.03249226 0.00070000
v -0.04346907 -0.03186928 0.00070000
v -0.04281315 -0.03235153 0.00040000
v -0.04278079 -0.03316500 0.00070000
v -0.04249836 -0.03306384 0.00040000
v -0.04258335 -0.03387351 0.00070000
v -0.04228931 -0.03381403 0.00040000
v -0.04219034 -0.03458648 0.00040000
v -0.04248988 -0.03460305 0.00070000
v -0.04250232 -0.03533845 0.00070000
v -0.04220351 -0.03536514 0.00040000
v -0.03645245 0.04250447 0.00070000
v -0.03533844 0.04250231 0.00070000
v -0.03536513 0.04220349 0.00040000
v -0.03642692 0.04220555 0.00040000
v -0.03754996 0.04231342 0.00070000
v -0.03747299 0.04202346 0.00040000
v -0.03859772 0.04193495 0.00070000
v -0.03847163 0.04166273 0.00040000
v -0.03956397 0.04138053 0.00070000
v -0.03939259 0.04113430 0.00040000
v -0.04041945 0.04066696 0.00070000
v -0.04020796 0.04045418 0.00040000
v -0.04113823 0.03981585 0.00070000
v -0.04089305 0.03964297 0.00040000
v -0.04169853 0.03885300 0.00070000
v -0.04142710 0.03872525 0.00040000
v -0.04208339 0.03780758 0.00070000
v -0.04179391 0.03772883 0.00040000
v -0.04228114 0.03671126 0.00070000
v -0.04198239 0.03668390 0.00040000
v -0.04228579 0.03559725 0.00070000
v -0.04198681 0.03562211 0.00040000
v -0.04250448 -0.03645246 0.00070000
v -0.04250232 -0.03533845 0.00070000
v -0.04220351 -0.03536514 0.00040000
v -0.04220557 -0.03642694 0.00040000
v -0.04231343 -0.03754998 0.00070000
v -0.04202347 -0.03747300 0.00040000
v -0.04193496 -0.03859773 0.00070000
v -0.04166275 -0.03847164 0.00040000
v -0.04138054 -0.03956398 0.00070000
v -0.04113431 -0.03939260 0.00040000
v -0.04066697 -0.04041946 0.00070000
v -0.04045419 -0.04020798 0.00040000
v -0.03981587 -0.04113824 0.00070000
v -0.03964298 -0.04089307 0.00040000
v -0.03885301 -0.04169855 0.00070000
v -0.03872526 -0.04142711 0.00040000
v -0.03780759 -0.04208340 0.00070000
v -0.03772885 -0.04179393 0.00040000
v -0.03671127 -0.04228115 0.00070000
v -0.03668391 -0.04198240 0.00040000
v -0.03559726 -0.04228579 0.00070000
v -0.03562213 -0.04198683 0.00040000
v -0.03235151 0.04281314 0.00040000
v -0.03186927 0.04346905 0.00070000
v -0.03169189 0.04322711 0.00040000
v -0.03249225 0.04307808 0.00070000
v -0.03306383 0.04249835 0.00040000
v -0.03316499 0.04278078 0.00070000
v -0.03381401 0.04228930 0.00040000
v -0.03387350 0.04258334 0.00070000
v -0.03458647 0.04219033 0.00040000
v -0.03460304 0.04248987 0.00070000
v -0.03533844 0.04250231 0.00070000
v -0.03536513 0.04220349 0.00040000
v -0.03486180 -0.04227785 0.00070000
v -0.03559726 -0.04228579 0.00070000
v -0.03562213 -0.04198683 0.00040000
v -0.03484340 -0.04197841 0.00040000
v -0.03413284 -0.04237577 0.00070000
v -0.03407157 -0.04208209 0.00040000
v -0.03342555 -0.04257753 0.00070000
v -0.03332267 -0.04229573 0.00040000
v -0.03275464 -0.04287893 0.00070000
v -0.03261229 -0.04261486 0.00040000
v -0.03213405 -0.04327370 0.00070000
v -0.03195520 -0.04303285 0.00040000
v -0.01999322 0.04973158 0.00040000
v -0.01370339 0.05212893 0.00070000
v -0.01362712 0.05183879 0.00040000
v -0.02010513 0.05000992 0.00070000
v -0.02604640 0.04684596 0.00040000
v -0.02619218 0.04710816 0.00070000
v -0.03169189 0.04322711 0.00040000
v -0.03186927 0.04346905 0.00070000
v -0.02474249 -0.04754756 0.00040000
v -0.03213405 -0.04327370 0.00070000
v -0.03195520 -0.04303285 0.00040000
v -0.02488097 -0.04781369 0.00070000
v -0.01690620 -0.05086395 0.00040000
v -0.01700082 -0.05114864 0.00070000
v -0.00864383 -0.05289844 0.00040000
v -0.00869221 -0.05319452 0.00070000
v -0.00016362 -0.05359976 0.00040000
v -0.00016453 -0.05389977 0.00070000
v 0.00832072 -0.05295023 0.00040000
v 0.00836729 -0.05324659 0.00070000
v 0.01668824 -0.05125148 0.00070000
v 0.01659535 -0.05096622 0.00040000
v 0.02458860 -0.04796469 0.00070000
v 0.02445174 -0.04769773 0.00040000
v 0.03186927 -0.04346908 0.00070000
v 0.03169189 -0.04322714 0.00040000
v -0.00996861 0.05622761 0.00070000
v -0.00990000 0.05706136 0.00070000
v -0.00960000 0.05706136 0.00040000
v -0.00967265 0.05617857 0.00040000
v -0.01017260 0.05541630 0.00070000
v -0.00988864 0.05531953 0.00040000
v -0.01050648 0.05464925 0.00070000
v -0.01024216 0.05450735 0.00040000
v -0.01096127 0.05394709 0.00070000
v -0.01072369 0.05376390 0.00040000
v -0.01152472 0.05332874 0.00070000
v -0.01132029 0.05310917 0.00040000
v -0.01218169 0.05281083 0.00070000
v -0.01201590 0.05256078 0.00040000
v -0.01291448 0.05240726 0.00070000
v -0.01279180 0.05213349 0.00040000
v -0.01370339 0.05212893 0.00070000
v -0.01362712 0.05183879 0.00040000
v 0.03249225 -0.04307810 0.00070000
v 0.03235151 -0.04281316 0.00040000
v 0.03316499 -0.04278081 0.00070000
v 0.03306383 -0.04249837 0.00040000
v 0.03381401 -0.04228932 0.00040000
v 0.03387350 -0.04258337 0.00070000
v 0.03458647 -0.04219035 0.00040000
v 0.03460304 -0.04248989 0.00070000
v 0.03536513 -0.04220352 0.00040000
v 0.03533844 -0.04250233 0.00070000
v -0.00990000 0.05706136 0.00070000
v -0.00990000 0.06249999 0.00070000
v -0.00960000 0.06249999 0.00040000
v -0.00960000 0.05706136 0.00040000
v 0.03645245 -0.04250449 0.00070000
v 0.03533844 -0.04250233 0.00070000
v 0.03536513 -0.04220352 0.00040000
v 0.03642692 -0.04220558 0.00040000
v 0.03754996 -0.04231344 0.00070000
v 0.03747299 -0.04202349 0.00040000
v 0.03859772 -0.04193497 0.00070000
v 0.03847163 -0.04166276 0.00040000
v 0.03956397 -0.04138057 0.00070000
v 0.03939259 -0.04113433 0.00040000
v 0.04041945 -0.04066698 0.00070000
v 0.04020796 -0.04045420 0.00040000
v 0.04113823 -0.03981588 0.00070000
v 0.04089305 -0.03964300 0.00040000
v 0.04169853 -0.03885303 0.00070000
v 0.04142710 -0.03872528 0.00040000
v 0.04208339 -0.03780760 0.00070000
v 0.04179391 -0.03772886 0.00040000
v 0.04228114 -0.03671128 0.00070000
v 0.04198239 -0.03668392 0.00040000
v 0.04228579 -0.03559728 0.00070000
v 0.04198681 -0.03562214 0.00040000
v -0.00576653 0.06733967 0.00069999
v -0.00500000 0.06739999 0.00069999
v -0.00500000 0.06710000 0.00039999
v -0.00571960 0.06704336 0.00039999
v -0.00651418 0.06716017 0.00069999
v -0.00642148 0.06687485 0.00039999
v -0.00722455 0.06686592 0.00069999
v -0.00708836 0.06659862 0.00039999
v -0.00788015 0.06646418 0.00070000
v -0.00770381 0.06622148 0.00040000
v -0.00846482 0.06596483 0.00070000
v -0.00825269 0.06575268 0.00040000
v -0.00896418 0.06538015 0.00070000
v -0.00872148 0.06520380 0.00040000
v -0.00936593 0.06472454 0.00070000
v -0.00909863 0.06458835 0.00040000
v -0.00966018 0.06401417 0.00070000
v -0.00937486 0.06392147 0.00040000
v -0.00983967 0.06326652 0.00070000
v -0.00954337 0.06321958 0.00040000
v -0.00990000 0.06249999 0.00070000
v -0.00960000 0.06249999 0.00040000
v 0.04227783 -0.03486182 0.00070000
v 0.04228579 -0.03559728 0.00070000
v 0.04198681 -0.03562214 0.00040000
v 0.04197840 -0.03484341 0.00040000
v 0.04237576 -0.03413286 0.00070000
v 0.04208208 -0.03407158 0.00040000
v 0.04257752 -0.03342557 0.00070000
v 0.04229571 -0.03332268 0.00040000
v 0.04287892 -0.03275465 0.00070000
v 0.04261484 -0.03261230 0.00040000
v 0.04327369 -0.03213407 0.00070000
v 0.04303284 -0.03195521 0.00040000
v -0.00500000 0.06739999 0.00069999
v 0.00500000 0.06739999 0.00069999
v 0.00500000 0.06710000 0.00039999
v -0.00500000 0.06710000 0.00039999
v 0.04781367 -0.02488098 0.00070000
v 0.04327369 -0.03213407 0.00070000
v 0.04303284 -0.03195521 0.00040000
v 0.04754755 -0.02474250 0.00040000
v 0.05114863 -0.01700084 0.00070000
v 0.05086394 -0.01690621 0.00040000
v 0.05319452 -0.00869222 0.00070000
v 0.05289843 -0.00864384 0.00040000
v 0.05359975 -0.00016363 0.00040000
v 0.05389975 -0.00016455 0.00070000
v 0.05295022 0.00832071 0.00040000
v 0.05324658 0.00836728 0.00070000
v 0.05096620 0.01659534 0.00040000
v 0.05125146 0.01668823 0.00070000
v 0.04769772 0.02445173 0.00040000
v 0.04796468 0.02458859 0.00070000
v 0.04322713 0.03169187 0.00040000
v 0.04346907 0.03186925 0.00070000
v 0.00953012 0.06329878 0.00040000
v 0.00990000 0.06249999 0.00070000
v 0.00960000 0.06249999 0.00040000
v 0.00982556 0.06335086 0.00070000
v 0.00932259 0.06407329 0.00040000
v 0.00960450 0.06417589 0.00070000
v 0.00898372 0.06479999 0.00040000
v 0.00924352 0.06494999 0.00070000
v 0.00852381 0.06545682 0.00040000
v 0.00875362 0.06564965 0.00070000
v 0.00795682 0.06602379 0.00040000
v 0.00814966 0.06625361 0.00070000
v 0.00745000 0.06674352 0.00069999
v 0.00730000 0.06648371 0.00040000
v 0.00667590 0.06710450 0.00069999
v 0.00657329 0.06682257 0.00039999
v 0.00585088 0.06732555 0.00069999
v 0.00579878 0.06703012 0.00039999
v 0.00500000 0.06739999 0.00069999
v 0.00500000 0.06710000 0.00039999
v 0.04307809 0.03249224 0.00070000
v 0.04346907 0.03186925 0.00070000
v 0.04281315 0.03235150 0.00040000
v 0.04278079 0.03316498 0.00070000
v 0.04249836 0.03306381 0.00040000
v 0.04258335 0.03387348 0.00070000
v 0.04228931 0.03381400 0.00040000
v 0.04248988 0.03460303 0.00070000
v 0.04219034 0.03458646 0.00040000
v 0.04220351 0.03536512 0.00040000
v 0.04250232 0.03533843 0.00070000
v 0.00990000 0.06249999 0.00070000
v 0.00990000 0.05706136 0.00070000
v 0.00960000 0.05706136 0.00040000
v 0.00960000 0.06249999 0.00040000
v 0.04250448 0.03645244 0.00070000
v 0.04250232 0.03533843 0.00070000
v 0.04220351 0.03536512 0.00040000
v 0.04220557 0.03642691 0.00040000
v 0.04231343 0.03754995 0.00070000
v 0.04202347 0.03747297 0.00040000
v 0.04193496 0.03859770 0.00070000
v 0.04166275 0.03847161 0.00040000
v 0.04138054 0.03956396 0.00070000
v 0.04113431 0.03939257 0.00040000
v 0.04066697 0.04041944 0.00070000
v 0.04045419 0.04020795 0.00040000
v 0.03981587 0.04113822 0.00070000
v 0.03964298 0.04089304 0.00040000
v 0.03885301 0.04169852 0.00070000
v 0.03872526 0.04142708 0.00040000
v 0.03780759 0.04208338 0.00070000
v 0.03772885 0.04179390 0.00040000
v 0.03671127 0.04228113 0.00070000
v 0.03668391 0.04198237 0.00040000
v 0.03559726 0.04228577 0.00070000
v 0.03562213 0.04198680 0.00040000
v 0.01279180 0.05213349 0.00040000
v 0.01370339 0.05212893 0.00070000
v 0.01362712 0.05183879 0.00040000
v 0.01291448 0.05240726 0.00070000
v 0.01201590 0.05256078 0.00040000
v 0.01218169 0.05281083 0.00070000
v 0.01132029 0.05310917 0.00040000
v 0.01152472 0.05332874 0.00070000
v 0.01072369 0.05376390 0.00040000
v 0.01096127 0.05394709 0.00070000
v 0.01024216 0.05450735 0.00040000
v 0.01050648 0.05464925 0.00070000
v 0.00988864 0.05531953 0.00040000
v 0.01017260 0.05541630 0.00070000
v 0.00967265 0.05617857 0.00040000
v 0.00996861 0.05622761 0.00070000
v 0.00990000 0.05706136 0.00070000
v 0.00960000 0.05706136 0.00040000
v 0.03486180 0.04227782 0.00070000
v 0.03559726 0.04228577 0.00070000
v 0.03562213 0.04198680 0.00040000
v 0.03484340 0.04197838 0.00040000
v 0.03413284 0.04237575 0.00070000
v 0.03407157 0.04208207 0.00040000
v 0.03342555 0.04257751 0.00070000
v 0.03332267 0.04229570 0.00040000
v 0.03275464 0.04287891 0.00070000
v 0.03261229 0.04261483 0.00040000
v 0.03213405 0.04327368 0.00070000
v 0.03195520 0.04303282 0.00040000
v 0.02638369 0.04700116 0.00070000
v 0.03213405 0.04327368 0.00070000
v 0.03195520 0.04303282 0.00040000
v 0.02623685 0.04673956 0.00040000
v 0.02009439 0.04969079 0.00040000
v 0.02020686 0.04996891 0.00070000
v 0.01362712 0.05183879 0.00040000
v 0.01370339 0.05212893 0.00070000
f 1 2 3
f 1 4 2
f 5 6 7
f 5 7 8
f 9 8 10
f 9 5 8
f 11 10 12
f 11 9 10
f 13 12 14
f 13 11 12
f 15 14 16
f 15 13 14
f 17 16 18
f 17 18 19
f 17 15 16
f 20 17 19
f 21 19 22
f 21 20 19
f 3 22 23
f 3 21 22
f 24 25 26
f 24 27 25
f 28 29 30
f 31 32 29
f 31 29 28
f 33 34 32
f 33 32 31
f 35 36 34
f 35 34 33
f 37 38 36
f 37 36 35
f 39 40 38
f 39 38 37
f 41 42 40
f 41 40 39
f 43 44 42
f 43 42 41
f 45 44 43
f 46 47 48
f 46 48 49
f 50 49 51
f 50 46 49
f 52 51 53
f 52 50 51
f 54 55 56
f 57 58 55
f 57 55 54
f 59 60 58
f 59 58 57
f 61 62 60
f 61 60 59
f 63 64 62
f 63 62 61
f 65 64 63
f 66 67 68
f 66 68 69
f 70 69 71
f 70 66 69
f 72 71 73
f 72 70 71
f 74 73 75
f 74 72 73
f 76 75 77
f 76 74 75
f 78 77 79
f 78 76 77
f 80 79 81
f 80 78 79
f 82 81 83
f 82 80 81
f 84 83 85
f 84 82 83
f 86 85 87
f 86 84 85
f 88 89 90
f 91 92 89
f 91 89 88
f 93 94 92
f 93 92 91
f 95 96 94
f 95 94 93
f 97 98 96
f 97 96 95
f 99 98 97
f 100 101 102
f 103 102 104
f 103 100 102
f 105 103 104
f 106 104 107
f 106 105 104
f 108 107 109
f 108 106 107
f 110 109 111
f 110 108 109
f 112 111 113
f 112 110 111
f 114 113 115
f 114 112 113
f 90 115 88
f 90 114 115
f 116 117 118
f 119 120 117
f 119 117 116
f 121 122 120
f 121 120 119
f 123 124 122
f 123 122 121
f 125 100 124
f 125 124 123
f 101 100 125
f 126 127 128
f 126 128 129
f 130 129 131
f 130 126 129
f 132 131 133
f 132 130 131
f 134 133 135
f 134 132 133
f 136 135 137
f 136 134 135
f 138 137 139
f 138 136 137
f 140 139 141
f 140 138 139
f 142 141 143
f 142 140 141
f 144 143 145
f 144 142 143
f 146 145 147
f 146 144 145
f 148 149 150
f 151 152 149
f 151 149 148
f 153 154 152
f 153 152 151
f 155 156 154
f 155 154 153
f 157 158 156
f 157 156 155
f 159 158 157
f 160 161 162
f 163 162 164
f 163 160 162
f 165 164 166
f 165 163 164
f 167 166 168
f 167 165 166
f 169 168 170
f 169 167 168
f 171 170 172
f 171 169 170
f 173 172 174
f 173 171 172
f 175 174 148
f 175 173 174
f 150 175 148
f 176 177 178
f 179 180 177
f 179 177 176
f 181 182 180
f 181 180 179
f 183 184 182
f 183 182 181
f 185 160 184
f 185 184 183
f 161 160 185
f 186 187 188
f 186 188 189
f 190 189 191
f 190 186 189
f 192 191 193
f 192 190 191
f 194 193 195
f 194 192 193
f 196 195 197
f 196 194 195
f 198 197 199
f 198 196 197
f 200 199 201
f 200 198 199
f 202 201 203
f 202 200 201
f 204 203 205
f 204 202 203
f 206 205 207
f 206 204 205
f 208 209 210
f 211 212 209
f 211 209 208
f 213 214 212
f 213 212 211
f 215 216 214
f 215 214 213
f 217 218 216
f 217 216 215
f 219 218 217
f 220 221 222
f 220 222 223
f 224 223 225
f 224 220 223
f 226 225 227
f 226 224 225
f 228 227 229
f 228 226 227
f 230 229 231
f 230 228 229
f 232 231 233
f 232 233 234
f 232 230 231
f 235 232 234
f 210 234 208
f 210 235 234
f 236 237 238
f 239 240 237
f 239 237 236
f 241 242 240
f 241 240 239
f 243 244 242
f 243 242 241
f 245 221 244
f 245 244 243
f 222 221 245
f 246 247 248
f 246 248 249
f 250 249 251
f 250 246 249
f 252 251 253
f 252 250 251
f 254 253 255
f 254 252 253
f 256 255 257
f 256 254 255
f 258 257 259
f 258 256 257
f 260 259 261
f 260 258 259
f 262 261 263
f 262 260 261
f 264 263 265
f 264 262 263
f 266 265 267
f 266 264 265
f 268 269 270
f 271 272 269
f 271 269 268
f 273 274 272
f 273 272 271
f 275 276 274
f 275 274 273
f 277 278 276
f 277 276 275
f 279 278 277
f 280 281 282
f 283 282 284
f 283 280 282
f 285 283 284
f 286 284 287
f 286 285 284
f 280 288 281
f 289 290 288
f 289 288 280
f 291 292 290
f 291 290 289
f 293 294 292
f 293 292 291
f 295 296 294
f 295 294 293
f 297 298 296
f 297 296 295
f 299 300 298
f 299 298 297
f 301 302 300
f 301 300 299
f 303 302 301
f 304 305 306
f 304 307 305
f 308 309 310
f 311 310 312
f 311 308 310
f 313 312 314
f 313 311 312
f 315 314 316
f 315 313 314
f 317 316 318
f 317 315 316
f 319 318 320
f 319 317 318
f 321 320 322
f 321 319 320
f 323 321 322
f 324 322 325
f 324 325 326
f 324 323 322
f 327 324 326
f 328 326 329
f 328 327 326
f 330 331 332
f 330 333 331
f 334 333 330
f 335 332 331
f 335 331 336
f 337 333 334
f 337 338 333
f 339 335 336
f 339 336 340
f 341 338 337
f 342 339 340
f 343 338 341
f 343 344 338
f 345 342 340
f 345 340 346
f 347 344 343
f 347 348 344
f 349 345 346
f 350 348 347
f 351 349 346
f 351 346 352
f 353 348 350
f 353 354 348
f 355 351 352
f 355 352 356
f 357 358 354
f 357 354 353
f 359 356 360
f 359 355 356
f 361 362 358
f 361 358 357
f 363 360 364
f 363 359 360
f 365 363 364
f 366 367 362
f 366 362 361
f 368 367 366
f 369 365 364
f 369 364 370
f 371 372 367
f 371 367 368
f 373 369 370
f 373 370 374
f 375 372 371
f 375 376 372
f 377 373 374
f 377 374 378
f 379 376 375
f 379 380 376
f 381 377 378
f 382 381 378
f 383 380 379
f 384 381 382
f 385 380 383
f 386 384 382
f 387 380 385
f 388 386 382
f 389 385 390
f 389 387 385
f 391 392 386
f 391 386 388
f 393 389 390
f 394 392 391
f 395 396 397
f 398 395 397
f 398 397 399
f 400 401 402
f 403 404 401
f 403 401 400
f 405 396 395
f 405 406 396
f 407 399 408
f 407 398 399
f 409 404 403
f 409 410 404
f 411 400 402
f 412 406 405
f 413 407 408
f 414 410 409
f 414 415 410
f 416 402 417
f 416 411 402
f 418 406 412
f 418 419 406
f 420 408 421
f 420 413 408
f 422 415 414
f 423 417 424
f 423 416 417
f 425 419 418
f 425 426 419
f 427 420 421
f 428 415 422
f 428 429 415
f 430 424 431
f 430 423 424
f 432 427 421
f 433 426 425
f 433 434 426
f 435 427 432
f 436 429 428
f 437 430 431
f 437 431 438
f 439 434 433
f 440 435 432
f 441 429 436
f 442 437 438
f 443 429 441
f 444 440 432
f 445 434 439
f 445 446 447
f 445 447 434
f 448 440 444
f 449 443 441
f 450 438 451
f 450 451 452
f 450 442 438
f 453 392 394
f 453 446 445
f 453 394 446
f 454 448 444
f 455 393 390
f 455 452 393
f 455 450 452
f 456 449 457
f 456 443 449
f 458 454 444
f 459 454 458
f 460 456 457
f 461 390 392
f 461 455 390
f 461 392 453
f 461 453 462
f 463 459 458
f 464 460 465
f 464 456 460
f 466 463 458
f 467 463 466
f 468 464 465
f 469 464 468
f 469 468 470
f 471 469 470
f 472 473 474
f 472 474 467
f 472 467 466
f 475 469 471
f 475 471 476
f 477 473 472
f 477 478 479
f 477 479 473
f 480 476 481
f 480 481 482
f 480 475 476
f 483 484 478
f 483 478 477
f 485 482 486
f 485 480 482
f 487 488 484
f 487 484 483
f 489 486 490
f 489 485 486
f 491 492 488
f 491 488 487
f 493 489 490
f 493 490 494
f 495 492 491
f 495 496 497
f 495 497 492
f 498 494 499
f 498 499 500
f 498 493 494
f 501 496 495
f 501 502 496
f 503 500 504
f 503 498 500
f 505 502 501
f 505 506 502
f 507 503 504
f 507 504 508
f 509 506 505
f 509 510 506
f 511 512 513
f 511 513 510
f 511 510 509
f 514 508 515
f 514 515 516
f 514 507 508
f 517 512 511
f 518 514 516
f 519 462 512
f 519 512 517
f 520 516 461
f 520 518 516
f 521 520 461
f 522 523 524
f 525 523 526
f 525 524 523
f 527 528 523
f 527 523 522
f 529 525 526
f 530 528 527
f 531 532 528
f 531 528 530
f 533 526 534
f 533 534 535
f 533 535 536
f 533 536 537
f 533 537 538
f 533 529 526
f 539 540 532
f 539 532 531
f 541 533 538
f 541 538 542
f 541 542 543
f 541 543 544
f 545 544 546
f 545 541 544
f 547 545 546
f 548 545 547
f 549 548 547
f 550 549 547
f 551 550 547
f 552 553 554
f 555 552 554
f 555 554 540
f 556 557 553
f 556 553 552
f 558 540 539
f 558 555 540
f 559 560 557
f 559 557 556
f 561 551 547
f 562 539 563
f 562 558 539
f 564 519 560
f 564 560 559
f 565 561 547
f 566 563 567
f 566 567 568
f 566 562 563
f 569 565 547
f 570 566 568
f 570 568 571
f 570 571 572
f 570 572 573
f 574 569 547
f 575 521 461
f 575 576 521
f 577 462 519
f 577 575 461
f 577 519 564
f 577 461 462
f 578 579 576
f 578 576 575
f 580 564 581
f 580 577 564
f 582 583 584
f 582 584 585
f 582 585 586
f 582 586 587
f 582 574 547
f 582 587 588
f 582 588 589
f 582 589 590
f 582 590 574
f 591 570 573
f 591 573 592
f 591 592 593
f 594 579 578
f 594 578 595
f 596 594 595
f 597 583 582
f 597 598 583
f 599 591 593
f 600 580 581
f 600 601 602
f 600 602 580
f 603 598 597
f 604 599 593
f 605 598 603
f 606 604 593
f 607 598 605
f 608 606 593
f 608 598 607
f 608 593 598
f 609 594 596
f 609 596 610
f 611 601 600
f 611 612 601
f 613 610 614
f 613 609 610
f 615 612 611
f 615 616 612
f 617 614 618
f 617 613 614
f 619 616 615
f 619 620 621
f 619 621 616
f 622 617 618
f 622 618 623
f 622 623 624
f 625 620 619
f 625 626 620
f 627 622 624
f 627 624 628
f 629 626 625
f 629 630 626
f 631 627 628
f 631 628 632
f 633 630 629
f 633 634 630
f 635 631 632
f 635 632 636
f 637 634 633
f 637 638 639
f 637 639 634
f 640 635 636
f 640 636 641
f 640 641 642
f 643 638 637
f 643 644 638
f 645 640 642
f 645 642 646
f 645 646 647
f 648 644 643
f 648 649 650
f 648 650 644
f 651 647 652
f 651 645 647
f 653 654 655
f 653 655 649
f 653 649 648
f 656 654 653
f 656 652 657
f 656 657 654
f 656 651 652
f 658 659 660
f 658 660 661
f 662 658 661
f 663 660 659
f 663 664 660
f 665 662 661
f 665 661 666
f 667 664 663
f 668 665 666
f 669 664 667
f 669 670 664
f 671 668 666
f 671 666 672
f 673 670 669
f 673 674 670
f 675 674 673
f 676 671 672
f 677 674 675
f 677 678 674
f 679 676 672
f 679 672 680
f 681 678 677
f 681 682 678
f 683 680 684
f 683 679 680
f 685 682 681
f 686 683 684
f 687 682 685
f 687 688 682
f 689 684 690
f 689 686 684
f 691 688 687
f 691 692 688
f 693 690 694
f 693 689 690
f 695 692 691
f 696 693 694
f 697 692 695
f 697 698 692
f 699 696 694
f 699 694 700
f 701 698 697
f 701 702 698
f 703 699 700
f 703 700 704
f 705 702 701
f 705 706 702
f 707 703 704
f 707 704 708
f 709 706 705
f 710 707 708
f 711 712 710
f 711 710 708
f 713 709 714
f 713 706 709
f 715 716 712
f 715 712 711
f 717 714 718
f 717 713 714
f 719 716 715
f 720 717 718
f 721 716 719
f 722 720 718
f 723 724 725
f 723 726 724
f 727 728 729
f 730 727 729
f 731 732 724
f 731 724 726
f 733 723 725
f 733 725 734
f 735 736 728
f 735 728 727
f 737 730 729
f 737 729 738
f 739 740 732
f 739 732 731
f 741 733 734
f 742 736 735
f 743 737 738
f 743 738 744
f 745 734 746
f 745 741 734
f 747 740 739
f 748 736 742
f 748 749 736
f 750 743 744
f 751 752 740
f 751 740 747
f 753 745 746
f 753 746 754
f 755 749 748
f 755 756 749
f 757 750 744
f 757 744 758
f 759 752 751
f 760 754 761
f 760 753 754
f 762 763 756
f 762 756 755
f 764 757 758
f 764 758 765
f 766 767 752
f 766 752 759
f 768 761 769
f 768 760 761
f 770 764 765
f 771 763 762
f 771 772 763
f 773 767 766
f 774 769 775
f 774 768 769
f 776 777 772
f 776 772 771
f 778 770 765
f 779 778 765
f 780 767 773
f 781 782 722
f 781 775 782
f 781 722 718
f 781 774 775
f 783 778 779
f 784 716 721
f 784 785 777
f 784 777 776
f 784 721 785
f 786 781 718
f 787 718 716
f 787 716 784
f 788 783 779
f 789 780 790
f 789 767 780
f 791 789 790
f 792 793 794
f 792 794 788
f 792 788 779
f 795 791 796
f 795 796 797
f 795 789 791
f 798 799 800
f 798 800 793
f 798 793 792
f 801 795 797
f 801 797 802
f 803 804 805
f 803 805 799
f 803 799 798
f 806 801 802
f 806 802 807
f 806 807 808
f 809 804 803
f 809 810 804
f 811 806 808
f 811 808 812
f 813 814 815
f 813 815 810
f 813 810 809
f 816 811 812
f 816 812 817
f 816 817 818
f 819 814 813
f 819 820 814
f 821 818 822
f 821 816 818
f 823 824 825
f 823 825 820
f 823 820 819
f 826 821 822
f 826 822 827
f 826 827 828
f 829 824 823
f 829 830 824
f 831 826 828
f 831 828 832
f 833 834 830
f 833 830 829
f 835 831 832
f 835 832 836
f 837 834 833
f 837 838 834
f 839 836 840
f 839 835 836
f 841 840 842
f 841 839 840
f 843 844 838
f 843 838 837
f 845 842 786
f 845 841 842
f 846 787 844
f 846 844 843
f 847 845 786
f 848 787 846
f 849 787 848
f 850 851 852
f 850 852 853
f 854 853 852
f 855 851 850
f 856 852 857
f 856 854 852
f 858 851 855
f 859 857 860
f 859 856 857
f 861 851 858
f 861 862 851
f 861 863 862
f 861 864 863
f 861 865 864
f 861 866 865
f 861 867 866
f 861 868 867
f 861 869 868
f 870 871 869
f 870 872 871
f 870 869 861
f 873 859 860
f 874 872 870
f 875 872 874
f 876 872 875
f 877 872 876
f 878 872 877
f 879 872 878
f 880 881 882
f 883 884 881
f 883 881 880
f 885 872 879
f 886 880 882
f 886 882 887
f 888 860 884
f 888 884 883
f 889 872 885
f 890 886 887
f 890 887 891
f 892 860 888
f 892 893 873
f 892 873 860
f 894 872 889
f 895 890 891
f 895 891 847
f 896 897 893
f 896 893 892
f 898 899 900
f 898 900 901
f 898 901 897
f 898 897 896
f 902 872 894
f 902 894 903
f 902 903 904
f 902 904 905
f 902 905 906
f 902 906 907
f 902 907 908
f 902 908 909
f 902 909 910
f 902 910 911
f 912 913 914
f 912 914 915
f 912 915 899
f 912 899 898
f 916 902 911
f 917 913 912
f 918 847 786
f 918 895 847
f 918 919 895
f 920 787 849
f 920 921 922
f 920 849 921
f 920 918 786
f 920 786 718
f 920 718 787
f 923 922 924
f 923 920 922
f 925 919 918
f 925 926 919
f 927 926 925
f 928 923 924
f 929 913 917
f 930 916 911
f 930 911 913
f 931 930 913
f 932 913 929
f 933 931 913
f 934 913 932
f 934 933 913
f 935 928 924
f 935 936 928
f 937 926 927
f 937 927 938
f 939 936 935
f 939 940 936
f 941 937 938
f 941 938 942
f 943 940 939
f 943 944 940
f 945 941 942
f 945 942 946
f 947 944 943
f 947 948 949
f 947 949 944
f 950 945 946
f 950 946 951
f 950 951 952
f 953 948 947
f 953 954 948
f 955 950 952
f 955 952 956
f 957 954 953
f 957 958 959
f 957 959 954
f 960 955 956
f 960 956 961
f 960 961 962
f 963 958 957
f 963 964 958
f 965 960 962
f 965 962 966
f 967 964 963
f 967 968 969
f 967 969 964
f 970 965 966
f 970 966 971
f 970 971 972
f 973 974 968
f 973 968 967
f 975 972 976
f 975 976 977
f 975 970 972
f 978 979 980
f 978 980 974
f 978 974 973
f 981 975 977
f 981 977 982
f 981 982 983
f 984 983 985
f 984 985 979
f 984 979 978
f 984 981 983
f 986 987 988
f 989 990 987
f 989 987 986
f 991 992 990
f 991 990 989
f 993 994 992
f 993 992 991
f 995 996 994
f 995 994 993
f 997 998 996
f 997 996 995
f 999 1000 998
f 999 998 997
f 1001 1000 999
f 1001 1002 1000
f 1003 1002 1001
f 1003 1004 1002
f 1005 1004 1003
f 1005 1006 1004
f 1007 1006 1005
f 1007 1008 1006
f 1009 1008 1007
f 1009 1010 1008
f 1011 1010 1009
f 1011 1012 1010
f 1013 1012 1011
f 1013 1014 1012
f 1015 1014 1013
f 1015 1016 1014
f 1017 1016 1015
f 1017 1018 1016
f 1019 1018 1017
f 1019 1020 1018
f 1021 1020 1019
f 1021 1022 1020
f 1023 1024 1022
f 1023 1022 1021
f 1025 1024 1023
f 1026 1027 1024
f 1026 1024 1025
f 1028 1029 1027
f 1028 1027 1026
f 1030 1031 1029
f 1030 1029 1028
f 1032 1033 1031
f 1032 1031 1030
f 1034 1035 1036
f 1034 1036 1033
f 1034 1033 1032
f 1037 1035 1034
f 1038 1039 1035
f 1038 1035 1037
f 1040 1041 1039
f 1040 1039 1038
f 1042 1043 1041
f 1042 1041 1040
f 1044 1045 1043
f 1044 1043 1042
f 1046 1047 1045
f 1046 1045 1044
f 1048 1049 1047
f 1048 1047 1046
f 1050 1051 1049
f 1050 1049 1048
f 1052 1053 1051
f 1052 1051 1050
f 1054 1055 1056
f 1054 1056 1053
f 1054 1053 1052
f 1057 1055 1054
f 1058 1059 1055
f 1058 1055 1057
f 1060 1061 1062
f 1063 1060 1064
f 1065 1066 1067
f 1068 1065 1069
f 1070 1071 1072
f 1070 1063 1071
f 1070 1073 1061
f 1070 1074 1073
f 1070 1061 1060
f 1070 1060 1063
f 1075 1076 1077
f 1075 1072 1076
f 1075 1070 1072
f 1075 1078 1074
f 1075 1079 1078
f 1075 1074 1070
f 1080 1079 1075
f 1080 1081 1082
f 1080 1077 1081
f 1080 1083 1079
f 1080 1084 1083
f 1080 1075 1077
f 1085 1080 1082
f 1085 1086 1087
f 1085 1082 1086
f 1085 1088 1084
f 1085 1089 1088
f 1085 1084 1080
f 1090 1087 1091
f 1090 1092 1089
f 1090 1089 1085
f 1090 1085 1087
f 1093 1092 1090
f 1093 1094 1095
f 1093 1091 1094
f 1093 1090 1091
f 1093 1096 1092
f 1093 1097 1096
f 1098 1093 1095
f 1098 1099 1100
f 1098 1095 1099
f 1098 1101 1097
f 1098 1102 1101
f 1098 1097 1093
f 1103 1102 1098
f 1103 1104 1105
f 1103 1100 1104
f 1103 1106 1102
f 1103 1107 1106
f 1103 1098 1100
f 1108 1103 1105
f 1108 1109 1110
f 1108 1105 1109
f 1108 1107 1103
f 1108 1111 1107
f 1108 1112 1111
f 1113 1114 1112
f 1113 1115 1114
f 1113 1116 1117
f 1113 1110 1116
f 1113 1112 1108
f 1113 1108 1110
f 1118 1119 1115
f 1118 1120 1119
f 1118 1121 1122
f 1118 1117 1121
f 1118 1113 1117
f 1118 1115 1113
f 1123 1124 1120
f 1123 1125 1124
f 1123 1120 1118
f 1123 1118 1122
f 1123 1126 1127
f 1123 1122 1126
f 1128 1129 1125
f 1128 1130 1129
f 1128 1125 1123
f 1128 1131 1132
f 1128 1127 1131
f 1128 1123 1127
f 1133 1134 1130
f 1133 1128 1132
f 1133 1132 1135
f 1133 1130 1128
f 1136 1134 1133
f 1136 1137 1134
f 1136 1138 1137
f 1136 1139 1140
f 1136 1135 1139
f 1136 1133 1135
f 1141 1142 1138
f 1141 1143 1142
f 1141 1144 1145
f 1141 1140 1144
f 1141 1138 1136
f 1141 1136 1140
f 1146 1147 1143
f 1146 1148 1147
f 1146 1149 1150
f 1146 1145 1149
f 1146 1141 1145
f 1146 1143 1141
f 1151 1065 1067
f 1151 1152 1148
f 1151 1067 1152
f 1151 1153 1069
f 1151 1150 1153
f 1151 1069 1065
f 1151 1146 1150
f 1151 1148 1146
f 1154 1155 1156
f 1157 1158 1155
f 1157 1155 1154
f 1159 1160 1158
f 1159 1158 1157
f 1161 1162 1160
f 1161 1160 1159
f 1163 1164 1162
f 1163 1162 1161
f 1165 1166 1164
f 1165 1164 1163
f 1167 1168 1166
f 1167 1166 1165
f 1169 1168 1167
f 1169 1170 1168
f 1171 1170 1169
f 1171 1172 1170
f 1173 1172 1171
f 1173 1174 1172
f 1175 1174 1173
f 1175 1176 1174
f 1177 1176 1175
f 1177 1178 1176
f 1179 1178 1177
f 1179 1180 1178
f 1181 1180 1179
f 1181 1182 1180
f 1183 1182 1181
f 1183 1184 1182
f 1185 1184 1183
f 1185 1186 1184
f 1187 1186 1185
f 1187 1188 1186
f 1189 1188 1187
f 1189 1190 1188
f 1191 1190 1189
f 1192 1193 1190
f 1192 1190 1191
f 1194 1195 1193
f 1194 1193 1192
f 1196 1197 1195
f 1196 1195 1194
f 1198 1199 1200
f 1198 1200 1197
f 1198 1197 1196
f 1201 1199 1198
f 1202 1203 1199
f 1202 1199 1201
f 1204 1205 1203
f 1204 1203 1202
f 1206 1207 1205
f 1206 1205 1204
f 1208 1209 1207
f 1208 1207 1206
f 1210 1211 1209
f 1210 1209 1208
f 1212 1213 1211
f 1212 1211 1210
f 1214 1215 1216
f 1214 1216 1213
f 1214 1213 1212
f 1217 1215 1214
f 1218 1215 1217
f 1218 1219 1215
f 1220 1221 1222
f 1220 1222 1219
f 1220 1219 1218
f 1223 1224 1221
f 1223 1221 1220
f 1225 1226 1224
f 1225 1224 1223
f 1227 1226 1225
f 1228 1229 1230
f 1231 1228 1232
f 1233 1234 1235
f 1232 1233 1236
f 1237 1238 1239
f 1237 1231 1238
f 1237 1240 1229
f 1237 1241 1240
f 1237 1229 1228
f 1237 1228 1231
f 1242 1243 1244
f 1242 1239 1243
f 1242 1237 1239
f 1242 1245 1241
f 1242 1246 1245
f 1242 1241 1237
f 1247 1246 1242
f 1247 1248 1249
f 1247 1244 1248
f 1247 1250 1246
f 1247 1251 1250
f 1247 1242 1244
f 1252 1247 1249
f 1252 1253 1254
f 1252 1249 1253
f 1252 1255 1251
f 1252 1256 1255
f 1252 1251 1247
f 1257 1254 1258
f 1257 1259 1256
f 1257 1256 1252
f 1257 1252 1254
f 1260 1259 1257
f 1260 1261 1262
f 1260 1258 1261
f 1260 1257 1258
f 1260 1263 1259
f 1260 1264 1263
f 1265 1260 1262
f 1265 1266 1267
f 1265 1262 1266
f 1265 1268 1264
f 1265 1269 1268
f 1265 1264 1260
f 1270 1269 1265
f 1270 1271 1272
f 1270 1267 1271
f 1270 1273 1269
f 1270 1274 1273
f 1270 1265 1267
f 1275 1270 1272
f 1275 1276 1277
f 1275 1272 1276
f 1275 1274 1270
f 1275 1278 1274
f 1275 1279 1278
f 1280 1281 1279
f 1280 1282 1281
f 1280 1283 1284
f 1280 1277 1283
f 1280 1279 1275
f 1280 1275 1277
f 1285 1286 1282
f 1285 1287 1286
f 1285 1288 1289
f 1285 1284 1288
f 1285 1280 1284
f 1285 1282 1280
f 1290 1287 1285
f 1290 1291 1287
f 1290 1292 1291
f 1290 1285 1289
f 1290 1293 1294
f 1290 1289 1293
f 1295 1296 1292
f 1295 1297 1296
f 1295 1298 1299
f 1295 1294 1298
f 1295 1292 1290
f 1295 1290 1294
f 1300 1301 1297
f 1300 1299 1302
f 1300 1297 1295
f 1300 1295 1299
f 1303 1301 1300
f 1303 1304 1301
f 1303 1305 1304
f 1303 1306 1307
f 1303 1302 1306
f 1303 1300 1302
f 1308 1309 1305
f 1308 1310 1309
f 1308 1311 1312
f 1308 1307 1311
f 1308 1303 1307
f 1308 1305 1303
f 1313 1314 1310
f 1313 1315 1314
f 1313 1316 1317
f 1313 1312 1316
f 1313 1308 1312
f 1313 1310 1308
f 1318 1233 1235
f 1318 1319 1315
f 1318 1235 1319
f 1318 1320 1236
f 1318 1317 1320
f 1318 1236 1233
f 1318 1313 1317
f 1318 1315 1313
f 1321 1322 1323
f 1324 1325 1322
f 1324 1322 1321
f 1326 1327 1325
f 1326 1325 1324
f 1328 1329 1327
f 1328 1327 1326
f 1330 1331 1329
f 1330 1329 1328
f 1332 1333 1331
f 1332 1331 1330
f 1334 1333 1332
f 1334 1335 1333
f 1336 1335 1334
f 1336 1337 1335
f 1338 1337 1336
f 1338 1339 1337
f 1340 1339 1338
f 1340 1341 1339
f 1342 1341 1340
f 1342 1343 1341
f 1344 1343 1342
f 1344 1345 1343
f 1346 1345 1344
f 1346 1347 1345
f 1348 1347 1346
f 1348 1349 1347
f 1350 1349 1348
f 1350 1351 1349
f 1352 1351 1350
f 1352 1353 1351
f 1354 1353 1352
f 1354 1355 1353
f 1356 1355 1354
f 1356 1357 1355
f 1358 1357 1356
f 1358 1359 1357
f 1360 1359 1358
f 1361 1359 1360
f 1361 1362 1359
f 1361 1363 1362
f 1364 1365 1363
f 1364 1363 1361
f 1366 1365 1364
f 1367 1368 1365
f 1367 1369 1368
f 1367 1365 1366
f 1370 1369 1367
f 1371 1372 1369
f 1371 1369 1370
f 1373 1374 1372
f 1373 1375 1374
f 1373 1372 1371
f 1376 1375 1373
f 1377 1378 1375
f 1377 1379 1378
f 1377 1375 1376
f 1380 1379 1377
f 1381 1382 1379
f 1381 1383 1382
f 1381 1379 1380
f 1384 1383 1381
f 1385 1386 1383
f 1385 1383 1384
f 1387 1386 1385
f 1387 1388 1386
f 1389 1388 1387
f 1389 1390 1388
f 1389 1391 1390
f 1392 1391 1389
f 1392 1393 1391
f 1394 1393 1392
f 1395 1396 1397
f 1398 1395 1399
f 1400 1401 1402
f 1403 1400 1404
f 1405 1406 1407
f 1405 1398 1406
f 1405 1408 1409
f 1405 1409 1396
f 1405 1396 1395
f 1405 1395 1398
f 1410 1408 1405
f 1410 1405 1407
f 1410 1411 1412
f 1410 1407 1411
f 1410 1413 1414
f 1410 1414 1408
f 1415 1416 1417
f 1415 1412 1416
f 1415 1418 1419
f 1415 1419 1413
f 1415 1413 1410
f 1415 1410 1412
f 1420 1421 1422
f 1420 1417 1421
f 1420 1418 1415
f 1420 1423 1424
f 1420 1424 1418
f 1420 1415 1417
f 1425 1423 1420
f 1425 1420 1422
f 1425 1422 1426
f 1425 1427 1423
f 1428 1427 1425
f 1428 1425 1426
f 1428 1429 1430
f 1428 1426 1429
f 1428 1431 1432
f 1428 1432 1427
f 1433 1434 1435
f 1433 1430 1434
f 1433 1436 1437
f 1433 1437 1431
f 1433 1431 1428
f 1433 1428 1430
f 1438 1433 1435
f 1438 1439 1440
f 1438 1435 1439
f 1438 1441 1442
f 1438 1442 1436
f 1438 1436 1433
f 1443 1444 1445
f 1443 1440 1444
f 1443 1446 1447
f 1443 1447 1441
f 1443 1441 1438
f 1443 1438 1440
f 1448 1449 1450
f 1448 1445 1449
f 1448 1451 1452
f 1448 1452 1446
f 1448 1446 1443
f 1448 1443 1445
f 1453 1448 1450
f 1453 1451 1448
f 1453 1454 1455
f 1453 1450 1454
f 1453 1456 1457
f 1453 1457 1451
f 1458 1459 1460
f 1458 1455 1459
f 1458 1453 1455
f 1458 1456 1453
f 1458 1461 1462
f 1458 1462 1456
f 1463 1464 1465
f 1463 1458 1460
f 1463 1460 1464
f 1463 1461 1458
f 1463 1466 1467
f 1463 1467 1461
f 1468 1466 1463
f 1468 1465 1469
f 1468 1463 1465
f 1468 1470 1466
f 1471 1472 1473
f 1471 1469 1472
f 1471 1468 1469
f 1471 1470 1468
f 1471 1474 1475
f 1471 1475 1470
f 1476 1477 1478
f 1476 1473 1477
f 1476 1471 1473
f 1476 1479 1480
f 1476 1480 1474
f 1476 1474 1471
f 1481 1482 1483
f 1481 1478 1482
f 1481 1484 1485
f 1481 1485 1479
f 1481 1476 1478
f 1481 1479 1476
f 1486 1487 1404
f 1486 1483 1487
f 1486 1400 1402
f 1486 1404 1400
f 1486 1484 1481
f 1486 1481 1483
f 1486 1402 1488
f 1486 1488 1484
f 1489 1490 1491
f 1492 1493 1490
f 1492 1490 1489
f 1494 1495 1493
f 1494 1493 1492
f 1496 1497 1495
f 1496 1495 1494
f 1498 1499 1497
f 1498 1497 1496
f 1500 1501 1499
f 1500 1499 1498
f 1502 1501 1500
f 1502 1503 1501
f 1504 1503 1502
f 1504 1505 1503
f 1506 1505 1504
f 1506 1507 1505
f 1508 1507 1506
f 1508 1509 1507
f 1510 1509 1508
f 1510 1511 1509
f 1512 1511 1510
f 1512 1513 1511
f 1514 1513 1512
f 1514 1515 1513
f 1516 1515 1514
f 1516 1517 1515
f 1518 1517 1516
f 1518 1519 1517
f 1520 1519 1518
f 1520 1521 1519
f 1522 1521 1520
f 1522 1523 1521
f 1524 1523 1522
f 1525 1523 1524
f 1525 1526 1523
f 1527 1526 1525
f 1527 1528 1526
f 1529 1528 1527
f 1529 1530 1528
f 1531 1530 1529
f 1531 1532 1530
f 1533 1534 1532
f 1533 1532 1531
f 1535 1536 1534
f 1535 1534 1533
f 1537 1538 1536
f 1537 1536 1535
f 1539 1540 1538
f 1539 1538 1537
f 1541 1542 1540
f 1541 1540 1539
f 1543 1544 1542
f 1543 1542 1541
f 1545 1546 1544
f 1545 1544 1543
f 1547 1548 1546
f 1547 1546 1545
f 1549 1550 1548
f 1549 1548 1547
f 1551 1550 1549
f 1551 1552 1550
f 1553 1552 1551
f 1553 1554 1552
f 1555 1554 1553
f 1555 1556 1554
f 1557 1556 1555
f 1557 1558 1556
f 1559 1558 1557
f 1559 1560 1558
f 1561 1560 1559
f 1561 1562 1560
f 1563 1564 1565
f 1566 1563 1567
f 1568 1569 1570
f 1571 1568 1572
f 1573 1574 1575
f 1573 1566 1574
f 1573 1576 1577
f 1573 1577 1564
f 1573 1564 1563
f 1573 1563 1566
f 1578 1573 1575
f 1578 1579 1580
f 1578 1575 1579
f 1578 1581 1582
f 1578 1582 1576
f 1578 1576 1573
f 1583 1584 1585
f 1583 1580 1584
f 1583 1586 1587
f 1583 1587 1581
f 1583 1581 1578
f 1583 1578 1580
f 1588 1589 1590
f 1588 1585 1589
f 1588 1586 1583
f 1588 1583 1585
f 1588 1591 1592
f 1588 1592 1586
f 1593 1591 1588
f 1593 1588 1590
f 1593 1590 1594
f 1593 1595 1591
f 1596 1595 1593
f 1596 1593 1594
f 1596 1597 1598
f 1596 1594 1597
f 1596 1599 1600
f 1596 1600 1595
f 1601 1602 1603
f 1601 1598 1602
f 1601 1604 1605
f 1601 1605 1599
f 1601 1599 1596
f 1601 1596 1598
f 1606 1601 1603
f 1606 1607 1608
f 1606 1603 1607
f 1606 1609 1610
f 1606 1610 1604
f 1606 1604 1601
f 1611 1612 1613
f 1611 1608 1612
f 1611 1614 1615
f 1611 1615 1609
f 1611 1609 1606
f 1611 1606 1608
f 1616 1617 1618
f 1616 1613 1617
f 1616 1619 1620
f 1616 1620 1614
f 1616 1614 1611
f 1616 1611 1613
f 1621 1616 1618
f 1621 1619 1616
f 1621 1622 1623
f 1621 1618 1622
f 1621 1624 1625
f 1621 1625 1619
f 1626 1624 1621
f 1626 1627 1628
f 1626 1623 1627
f 1626 1621 1623
f 1626 1629 1630
f 1626 1630 1624
f 1631 1632 1633
f 1631 1628 1632
f 1631 1629 1626
f 1631 1626 1628
f 1631 1634 1635
f 1631 1635 1629
f 1636 1634 1631
f 1636 1633 1637
f 1636 1631 1633
f 1636 1638 1634
f 1639 1636 1637
f 1639 1640 1641
f 1639 1637 1640
f 1639 1638 1636
f 1639 1642 1643
f 1639 1643 1638
f 1644 1645 1646
f 1644 1641 1645
f 1644 1639 1641
f 1644 1642 1639
f 1644 1647 1648
f 1644 1648 1642
f 1649 1650 1651
f 1649 1646 1650
f 1649 1652 1653
f 1649 1653 1647
f 1649 1644 1646
f 1649 1647 1644
f 1654 1655 1572
f 1654 1651 1655
f 1654 1568 1570
f 1654 1572 1568
f 1654 1652 1649
f 1654 1649 1651
f 1654 1570 1656
f 1654 1656 1652
f 1657 1658 1659
f 1660 1661 1658
f 1660 1658 1657
f 1662 1663 1661
f 1662 1661 1660
f 1664 1665 1663
f 1664 1663 1662
f 1666 1667 1665
f 1666 1665 1664
f 1668 1669 1667
f 1668 1667 1666
f 1670 1669 1668
f 1670 1671 1669
f 1672 1671 1670
f 1672 1673 1671
f 1674 1673 1672
f 1674 1675 1673
f 1676 1675 1674
f 1676 1677 1675
f 1678 1677 1676
f 1678 1679 1677
f 1680 1679 1678
f 1680 1681 1679
f 1682 1681 1680
f 1682 1683 1681
f 1684 1683 1682
f 1684 1685 1683
f 1686 1685 1684
f 1686 1687 1685
f 1688 1687 1686
f 1688 1689 1687
f 1690 1689 1688
f 1690 1691 1689
f 1692 1691 1690
f 1692 1693 1691
f 1694 1693 1692
f 1694 1695 1693
f 1696 1695 1694
f 1697 1695 1696
f 1697 1698 1695
f 1697 1699 1698
f 1700 1701 1699
f 1700 1699 1697
f 1702 1703 1701
f 1702 1701 1700
f 1704 1703 1702
f 1705 1706 1703
f 1705 1707 1706
f 1705 1703 1704
f 1708 1707 1705
f 1709 1710 1707
f 1709 1707 1708
f 1711 1712 1710
f 1711 1710 1709
f 1713 1714 1712
f 1713 1712 1711
f 1715 1716 1714
f 1715 1717 1716
f 1715 1714 1713
f 1718 1719 1717
f 1718 1717 1715
f 1720 1719 1718
f 1721 1722 1719
f 1721 1719 1720
f 1723 1722 1721
f 1723 1724 1722
f 1725 1724 1723
f 1725 1726 1724
f 1727 1726 1725
f 1727 1728 1726
f 1729 1728 1727
f 1729 1730 1728
f 1731 1732 1733
f 1734 1731 1735
f 1736 1737 1738
f 1739 1736 1740
f 1741 1742 1743
f 1741 1734 1742
f 1741 1744 1745
f 1741 1745 1732
f 1741 1732 1731
f 1741 1731 1734
f 1746 1744 1741
f 1746 1741 1743
f 1746 1747 1748
f 1746 1743 1747
f 1746 1749 1750
f 1746 1750 1744
f 1751 1752 1753
f 1751 1748 1752
f 1751 1754 1755
f 1751 1755 1749
f 1751 1749 1746
f 1751 1746 1748
f 1756 1757 1758
f 1756 1753 1757
f 1756 1754 1751
f 1756 1751 1753
f 1756 1759 1760
f 1756 1760 1754
f 1761 1759 1756
f 1761 1756 1758
f 1761 1758 1762
f 1761 1763 1759
f 1764 1763 1761
f 1764 1761 1762
f 1764 1765 1766
f 1764 1762 1765
f 1764 1767 1768
f 1764 1768 1763
f 1769 1770 1771
f 1769 1766 1770
f 1769 1772 1773
f 1769 1773 1767
f 1769 1767 1764
f 1769 1764 1766
f 1774 1769 1771
f 1774 1775 1776
f 1774 1771 1775
f 1774 1777 1778
f 1774 1778 1772
f 1774 1772 1769
f 1779 1780 1781
f 1779 1776 1780
f 1779 1782 1783
f 1779 1783 1777
f 1779 1777 1774
f 1779 1774 1776
f 1784 1785 1786
f 1784 1781 1785
f 1784 1787 1788
f 1784 1788 1782
f 1784 1782 1779
f 1784 1779 1781
f 1789 1784 1786
f 1789 1787 1784
f 1789 1790 1791
f 1789 1786 1790
f 1789 1792 1793
f 1789 1793 1787
f 1794 1795 1796
f 1794 1791 1795
f 1794 1789 1791
f 1794 1792 1789
f 1794 1797 1798
f 1794 1798 1792
f 1799 1800 1801
f 1799 1796 1800
f 1799 1797 1794
f 1799 1794 1796
f 1799 1802 1803
f 1799 1803 1797
f 1804 1802 1799
f 1804 1801 1805
f 1804 1799 1801
f 1804 1806 1802
f 1807 1808 1809
f 1807 1805 1808
f 1807 1804 1805
f 1807 1806 1804
f 1807 1810 1811
f 1807 1811 1806
f 1812 1813 1814
f 1812 1809 1813
f 1812 1807 1809
f 1812 1815 1816
f 1812 1816 1810
f 1812 1810 1807
f 1817 1818 1819
f 1817 1814 1818
f 1817 1820 1821
f 1817 1821 1815
f 1817 1815 1812
f 1817 1812 1814
f 1822 1823 1740
f 1822 1819 1823
f 1822 1736 1738
f 1822 1740 1736
f 1822 1820 1817
f 1822 1817 1819
f 1822 1738 1824
f 1822 1824 1820
f 1825 1826 1827
f 1828 1826 1825
f 1829 1828 1825
f 1830 1828 1829
f 1831 1830 1829
f 1832 1830 1831
f 1833 1832 1831
f 1834 1832 1833
f 1835 1834 1833
f 1836 1834 1835
f 1837 1836 1835
f 1838 1836 1837
f 1839 1837 1840
f 1839 1838 1837
f 1841 1839 1840
f 1842 1839 1841
f 1843 1844 1845
f 1846 1843 1845
f 1847 1843 1846
f 1848 1847 1846
f 1849 1847 1848
f 1850 1849 1848
f 1851 1849 1850
f 1852 1851 1850
f 1826 1851 1852
f 1827 1826 1852
f 1853 1854 1841
f 1855 1853 1841
f 1856 1853 1855
f 1857 1856 1855
f 1858 1856 1857
f 1859 1858 1857
f 1860 1861 1858
f 1860 1858 1859
f 1862 1861 1860
f 1863 1862 1860
f 1864 1865 1866
f 1864 1866 1867
f 1868 1867 1869
f 1868 1864 1867
f 1870 1869 1871
f 1870 1868 1869
f 1872 1871 1873
f 1872 1870 1871
f 1874 1873 1875
f 1874 1872 1873
f 1876 1875 1877
f 1876 1874 1875
f 1878 1877 1879
f 1878 1876 1877
f 1880 1879 1881
f 1880 1878 1879
f 1882 1881 1883
f 1882 1880 1881
f 1884 1883 1885
f 1884 1882 1883
f 1886 1887 1888
f 1886 1888 1889
f 1890 1889 1891
f 1890 1886 1889
f 1892 1891 1893
f 1892 1890 1891
f 1894 1893 1895
f 1894 1892 1893
f 1896 1895 1897
f 1896 1894 1895
f 1898 1897 1899
f 1898 1896 1897
f 1900 1899 1901
f 1900 1898 1899
f 1902 1901 1903
f 1902 1900 1901
f 1904 1903 1905
f 1904 1902 1903
f 1906 1905 1907
f 1906 1904 1905
f 1908 1909 1910
f 1908 1911 1909
f 1912 1913 1911
f 1912 1911 1908
f 1914 1915 1913
f 1914 1913 1912
f 1916 1917 1915
f 1916 1915 1914
f 1918 1917 1916
f 1919 1918 1916
f 1920 1921 1922
f 1923 1920 1922
f 1924 1920 1923
f 1925 1924 1923
f 1926 1924 1925
f 1927 1926 1925
f 1928 1926 1927
f 1929 1928 1927
f 1930 1928 1929
f 1931 1930 1929
f 1932 1933 1934
f 1935 1933 1932
f 1936 1935 1932
f 1937 1935 1936
f 1938 1937 1936
f 1939 1937 1938
f 1940 1941 1942
f 1943 1941 1940
f 1944 1943 1940
f 1945 1943 1944
f 1946 1945 1944
f 1947 1945 1946
f 1948 1947 1946
f 1949 1947 1948
f 1950 1949 1948
f 1951 1949 1950
f 1952 1950 1953
f 1952 1951 1950
f 1954 1953 1955
f 1954 1952 1953
f 1956 1955 1957
f 1956 1954 1955
f 1958 1959 1960
f 1961 1958 1960
f 1962 1958 1961
f 1963 1962 1961
f 1964 1962 1963
f 1965 1964 1963
f 1966 1964 1965
f 1967 1966 1965
f 1968 1966 1967
f 1969 1968 1967
f 1970 1968 1969
f 1971 1970 1969
f 1972 1970 1971
f 1973 1972 1971
f 1974 1972 1973
f 1975 1974 1973
f 1976 1956 1957
f 1977 1976 1957
f 1978 1976 1977
f 1979 1978 1977
f 1980 1981 1978
f 1980 1978 1979
f 1982 1983 1981
f 1982 1981 1980
f 1984 1985 1983
f 1984 1983 1982
f 1986 1987 1988
f 1986 1988 1989
f 1990 1991 1992
f 1990 1992 1993
f 1994 1993 1995
f 1994 1990 1993
f 1996 1995 1997
f 1996 1994 1995
f 1998 1997 1999
f 1998 1996 1997
f 2000 1999 2001
f 2000 1998 1999
f 2002 2001 2003
f 2002 2000 2001
f 2004 2003 2005
f 2004 2002 2003
f 2006 2005 2007
f 2006 2004 2005
f 2008 2007 2009
f 2008 2006 2007
f 2010 2009 2011
f 2010 2008 2009
f 2012 2013 2014
f 2012 2014 2015
f 2016 2015 2017
f 2016 2012 2015
f 2018 2017 2019
f 2018 2016 2017
f 2020 2019 2021
f 2020 2018 2019
f 2022 2021 2023
f 2022 2020 2021
f 2024 2023 2025
f 2024 2022 2023
f 2026 2025 2027
f 2026 2024 2025
f 2028 2027 2029
f 2028 2026 2027
f 2030 2029 2031
f 2030 2028 2029
f 2032 2031 2033
f 2032 2030 2031
f 2034 2035 2036
f 2037 2034 2036
f 2038 2034 2037
f 2039 2038 2037
f 2040 2038 2039
f 2041 2040 2039
f 2042 2040 2041
f 2043 2042 2041
f 2044 2042 2043
f 2045 2044 2043
f 2046 2047 2048
f 2046 2048 2049
f 2050 2051 2052
f 2050 2052 2053
f 2054 2053 2055
f 2054 2050 2053
f 2056 2055 2057
f 2056 2054 2055
f 2058 2056 2057
f 2059 2056 2058
f 2060 2059 2058
f 2061 2059 2060
f 2062 2061 2060
f 2063 2061 2062
f 2064 2063 2062
f 2065 2063 2064
f 2066 2065 2064
f 2067 2065 2066
f 2068 2069 2070
f 2071 2069 2068
f 2072 2071 2068
f 2073 2071 2072
f 2074 2073 2072
f 2075 2073 2074
f 2076 2075 2074
f 2077 2075 2076
f 2078 2077 2076
f 2079 2077 2078
f 2080 2078 2081
f 2080 2079 2078
f 2082 2081 2083
f 2082 2080 2081
f 2084 2083 2085
f 2084 2082 2083
f 2086 2085 2087
f 2086 2084 2085
f 2088 2089 2066
f 2090 2088 2066
f 2091 2088 2090
f 2092 2091 2090
f 2093 2091 2092
f 2094 2093 2092
f 2095 2093 2094
f 2096 2095 2094
f 2097 2098 2095
f 2097 2095 2096
f 2099 2100 2101
f 2099 2101 2102
f 2103 2104 2105
f 2103 2105 2106
f 2107 2106 2108
f 2107 2103 2106
f 2109 2108 2110
f 2109 2107 2108
f 2111 2110 2112
f 2111 2109 2110
f 2113 2112 2114
f 2113 2111 2112
f 2115 2114 2116
f 2115 2113 2114
f 2117 2116 2118
f 2117 2115 2116
f 2119 2118 2120
f 2119 2117 2118
f 2121 2120 2122
f 2121 2119 2120
f 2123 2122 2124
f 2123 2121 2122
f 2125 2126 2127
f 2125 2128 2126
f 2129 2130 2128
f 2129 2128 2125
f 2131 2132 2130
f 2131 2130 2129
f 2133 2134 2132
f 2133 2132 2131
f 2135 2136 2134
f 2135 2134 2133
f 2137 2138 2136
f 2137 2136 2135
f 2139 2140 2138
f 2139 2138 2137
f 2141 2140 2139
f 2142 2141 2139
f 2143 2144 2145
f 2146 2143 2145
f 2147 2143 2146
f 2148 2147 2146
f 2149 2147 2148
f 2150 2149 2148
f 2151 2149 2150
f 2152 2151 2150
f 2153 2151 2152
f 2154 2153 2152
f 2155 2156 2157
f 2155 2157 2158
f 2159 2155 2158
f 2160 2155 2159
f 2161 2160 2159
f 2162 2160 2161

