# https://github.com/mikedh/trimesh
v 0.03249983 -0.00000195 0.00000000
v 0.03234332 -0.00318748 -0.00318563
v -0.03250008 -0.00000195 0.00000000
v -0.03234361 -0.00318748 -0.00318563
v -0.03187561 -0.00634235 -0.00634044
v 0.03187536 -0.00634235 -0.00634044
v -0.03110069 -0.00943619 -0.00943434
v 0.03110039 -0.00943619 -0.00943434
v -0.03002619 -0.01243913 -0.01243728
v 0.03002595 -0.01243913 -0.01243728
v -0.02866256 -0.01532226 -0.01532042
v 0.02866226 -0.01532226 -0.01532042
v -0.02702283 -0.01805794 -0.01805609
v 0.02702260 -0.01805794 -0.01805609
v -0.02512294 -0.02061969 -0.02061778
v 0.02512270 -0.02061969 -0.02061778
v -0.02298104 -0.02298289 -0.02298098
v 0.02298080 -0.02298289 -0.02298098
v -0.02061790 -0.02512472 -0.02512288
v 0.02061760 -0.02512472 -0.02512288
v -0.01805615 -0.02702468 -0.02702283
v 0.01805585 -0.02702468 -0.02702283
v -0.01532047 -0.02866435 -0.02866244
v 0.01532024 -0.02866435 -0.02866244
v -0.01532047 -0.02866435 -0.02866244
v 0.01532024 -0.02866435 -0.02866244
v -0.01243728 -0.03002798 -0.03002613
v 0.01243704 -0.03002798 -0.03002613
v -0.00943434 -0.03110247 -0.03110057
v 0.01243704 -0.03002798 -0.03002613
v 0.00943410 -0.03110247 -0.03110057
v -0.00943434 -0.03110247 -0.03110057
v 0.00943410 -0.03110247 -0.03110057
v -0.00634050 -0.03187745 -0.03187561
v 0.00634026 -0.03187745 -0.03187561
v -0.00634050 -0.03187745 -0.03187561
v 0.00634026 -0.03187745 -0.03187561
v -0.00318563 -0.03234541 -0.03234356
v 0.00318539 -0.03234541 -0.03234356
v -0.00318563 -0.03234541 -0.03234356
v 0.00318539 -0.03234541 -0.03234356
v -0.00000012 -0.03250192 -0.03250002
v -0.00389874 -0.02899092 0.04879993
v -0.00000013 -0.02925187 0.04879993
v -0.00000013 -0.02825188 0.04879993
v 0.00389850 -0.02899092 0.04879993
v 0.00384653 -0.02798873 0.04879993
v 0.00772756 -0.02821260 0.04879993
v 0.00762158 -0.02720427 0.04879993
v 0.01141875 -0.02693092 0.04879993
v 0.01125466 -0.02591311 0.04879993
v 0.01490610 -0.02516859 0.04879993
v 0.01467812 -0.02413928 0.04879993
v 0.01812756 -0.02295732 0.04879993
v 0.01782810 -0.02191573 0.04879993
v 0.02102541 -0.02033632 0.04879993
v 0.02064597 -0.01928406 0.04879993
v 0.02354812 -0.01735240 0.04879993
v 0.02307921 -0.01629310 0.04879993
v 0.02565062 -0.01405894 0.04879993
v 0.02508258 -0.01299875 0.04879993
v 0.02729535 -0.01051461 0.04879993
v 0.02661871 -0.00946230 0.04879993
v 0.02845305 -0.00678259 0.04879993
v 0.02765893 -0.00574952 0.04879993
v 0.02845305 -0.00678259 0.04879993
v 0.02910292 -0.00292969 0.04879993
v 0.02818399 -0.00192976 0.04879993
v 0.02923351 0.00097546 0.04879993
v 0.02818399 0.00192588 0.04879993
v 0.02884238 0.00486314 0.04879993
v 0.02765893 0.00574565 0.04879993
v 0.02793657 0.00866401 0.04879993
v 0.02661871 0.00945842 0.04879993
v 0.02653223 0.01231044 0.04879993
v 0.02508258 0.01299494 0.04879993
v 0.02465444 0.01573693 0.04879993
v 0.02307921 0.01628929 0.04879993
v 0.02233666 0.01888269 0.04879993
v 0.02064597 0.01928019 0.04879993
v 0.01962029 0.02169138 0.04879993
v 0.01782804 0.02191185 0.04879993
v 0.01655381 0.02411293 0.04879993
v 0.01467806 0.02413535 0.04879993
v 0.01319187 0.02610421 0.04879993
v 0.01125466 0.02590918 0.04879993
v 0.00959456 0.02762961 0.04879993
v 0.00762158 0.02720040 0.04879993
v 0.00582606 0.02866190 0.04879993
v 0.00384653 0.02798485 0.04879993
v 0.00195354 0.02918267 0.04879993
v -0.00000013 0.02824807 0.04879993
v -0.00195378 0.02918267 0.04879993
v -0.00384682 0.02798485 0.04879993
v -0.00582629 0.02866190 0.04879993
v -0.00762188 0.02720040 0.04879993
v -0.00959486 0.02762961 0.04879993
v -0.01125496 0.02590918 0.04879993
v -0.01319217 0.02610421 0.04879993
v -0.01467835 0.02413535 0.04879993
v -0.01655405 0.02411293 0.04879993
v -0.01782834 0.02191185 0.04879993
v -0.01962053 0.02169138 0.04879993
v -0.02064621 0.01928019 0.04879993
v -0.02233695 0.01888269 0.04879993
v -0.02307951 0.01628929 0.04879993
v -0.02465468 0.01573693 0.04879993
v -0.02508288 0.01299494 0.04879993
v -0.02653253 0.01231038 0.04879993
v -0.02661895 0.00945836 0.04879993
v -0.02793687 0.00866401 0.04879993
v -0.02765923 0.00574565 0.04879993
v -0.02884268 0.00486314 0.04879993
v -0.02818423 0.00192588 0.04879993
v -0.02923375 0.00097545 0.04879993
v -0.02818423 -0.00192982 0.04879993
v -0.02910321 -0.00292969 0.04879993
v -0.02765923 -0.00574952 0.04879993
v -0.02845329 -0.00678265 0.04879993
v -0.02661895 -0.00946230 0.04879993
v -0.02729564 -0.01051461 0.04879993
v -0.02508288 -0.01299875 0.04879993
v -0.02565085 -0.01405894 0.04879993
v -0.02307951 -0.01629310 0.04879993
v -0.02354842 -0.01735240 0.04879993
v -0.02064621 -0.01928406 0.04879993
v -0.02102571 -0.02033632 0.04879993
v -0.01782834 -0.02191573 0.04879993
v -0.01812779 -0.02295732 0.04879993
v -0.01467835 -0.02413928 0.04879993
v -0.01490640 -0.02516859 0.04879993
v -0.01125490 -0.02591311 0.04879993
v -0.01141899 -0.02693092 0.04879993
v -0.00762188 -0.02720427 0.04879993
v -0.00772780 -0.02821260 0.04879993
v -0.00384682 -0.02798873 0.04879993
v 0.03249983 -0.00000195 0.00000000
v -0.03250008 -0.00000195 0.00000000
v 0.03224353 0.00407135 -0.00000000
v -0.03224384 0.00407135 -0.00000000
v 0.03147881 0.00808054 -0.00000000
v -0.03147906 0.00808054 -0.00000000
v 0.03021758 0.01196205 -0.00000000
v -0.03021782 0.01196205 -0.00000000
v 0.02847981 0.01565498 -0.00000000
v -0.02848005 0.01565498 -0.00000000
v 0.02149444 0.02164179 -0.00000000
v -0.02629315 0.01910102 -0.00000000
v -0.02369159 0.02224588 -0.00000000
v -0.02071636 0.02503973 -0.00000000
v 0.01723545 0.02516490 -0.00000000
v 0.01796835 0.02464699 -0.00000000
v 0.01865851 0.02412867 -0.00000000
v 0.01900398 0.02530741 -0.00000000
v -0.01741445 0.02743875 -0.00000000
v 0.00697124 0.02956306 -0.00000000
v 0.00868708 0.02909296 -0.00000000
v 0.01288491 0.02764272 -0.00000000
v 0.01167017 0.02815425 -0.00000000
v 0.01236444 0.02788412 -0.00000000
v 0.01189029 0.02809959 -0.00000000
v 0.01209115 0.02812540 -0.00000000
v -0.01383793 0.02940481 -0.00000000
v -0.01004314 0.03090739 -0.00000000
v -0.00608998 0.03192239 -0.00000000
v -0.00204080 0.03243386 -0.00000000
v 0.00204050 0.03243386 -0.00000000
v 0.00608975 0.03192239 -0.00000000
v 0.00744128 0.03127890 -0.00000000
v 0.01004290 0.03090739 -0.00000000
v 0.00915718 0.03080880 -0.00000000
v 0.00983119 0.03045034 -0.00000000
v 0.00914830 0.02953714 -0.00000000
v 0.00945902 0.02930492 -0.00000000
v 0.01383769 0.02940481 -0.00000000
v 0.01135897 0.02991628 -0.00000000
v 0.01112329 0.03000265 -0.00000000
v 0.01006877 0.03037315 -0.00000000
v 0.01039993 0.02991247 -0.00000000
v 0.01034057 0.02977210 -0.00000000
v 0.01741421 0.02743875 -0.00000000
v 0.01514774 0.02818596 -0.00000000
v 0.01390206 0.02822470 -0.00000000
v 0.01347643 0.02837473 -0.00000000
v 0.01359510 0.02821832 -0.00000000
v 0.01381146 0.02804470 -0.00000000
v 0.01363158 0.02803915 -0.00000000
v 0.01358163 0.02784556 -0.00000000
v 0.01429414 0.02780157 -0.00000000
v 0.01346641 0.02768504 -0.00000000
v 0.01398992 0.02710765 -0.00000000
v 0.01330184 0.02759379 -0.00000000
v 0.01310300 0.02757757 -0.00000000
v 0.01424419 0.02696967 -0.00000000
v 0.01485067 0.02664053 -0.00000000
v 0.01531624 0.02637565 -0.00000000
v 0.01508718 0.02651208 -0.00000000
v 0.02071613 0.02503973 -0.00000000
v 0.01859807 0.02604991 -0.00000000
v 0.01834666 0.02622747 -0.00000000
v 0.01813036 0.02637106 -0.00000000
v 0.02369129 0.02224588 -0.00000000
v 0.02158838 0.02362143 -0.00000000
v 0.02140122 0.02378869 -0.00000000
v 0.02060914 0.02435141 -0.00000000
v 0.02059972 0.02417719 -0.00000000
v 0.02069556 0.02397131 -0.00000000
v 0.02051031 0.02401494 -0.00000000
v 0.02058869 0.02386283 -0.00000000
v 0.02032315 0.02388983 -0.00000000
v 0.02013528 0.02369791 -0.00000000
v 0.02009361 0.02390742 -0.00000000
v 0.02629292 0.01910102 -0.00000000
v 0.02164459 0.02179759 -0.00000000
v 0.02207309 0.02221411 -0.00000000
v 0.02189707 0.02216041 -0.00000000
v 0.02172267 0.02218544 -0.00000000
v 0.02121436 0.02221202 -0.00000000
v 0.02156180 0.02229273 -0.00000000
v 0.02143377 0.02249854 -0.00000000
v 0.01706433 0.02707940 -0.00000000
v 0.01728063 0.02693563 -0.00000000
v 0.01762771 0.02670508 -0.00000000
v 0.01700687 0.02652364 -0.00000000
v 0.01661986 0.02598792 -0.00000000
v 0.01623427 0.02583003 -0.00000000
v 0.01615649 0.02587485 -0.00000000
v 0.01621013 0.02694559 -0.00000000
v 0.01649314 0.02742046 -0.00000000
v 0.01651650 0.02564245 -0.00000000
v 0.01590901 0.02602243 -0.00000000
v 0.01751238 0.02636164 -0.00000000
v 0.01769739 0.02485036 -0.00000000
v 0.01751667 0.02497810 -0.00000000
v 0.01778328 0.02660179 -0.00000000
v 0.01785665 0.02595907 -0.00000000
v 0.01751220 0.02539378 -0.00000000
v 0.02091461 0.02220022 -0.00000000
v 0.02058899 0.02250283 -0.00000000
v 0.02138084 0.02280187 -0.00000000
v 0.02137082 0.02309942 -0.00000000
v 0.02158296 0.02307760 -0.00000000
v 0.02150428 0.02324885 -0.00000000
v 0.02173334 0.02317297 -0.00000000
v 0.02190256 0.02319818 -0.00000000
v 0.02207344 0.02315527 -0.00000000
v 0.02222901 0.02304601 -0.00000000
v 0.02235358 0.02287912 -0.00000000
v 0.02239602 0.02269721 -0.00000000
v 0.02235734 0.02251398 -0.00000000
v 0.02223867 0.02234309 -0.00000000
v 0.02175664 0.02291041 -0.00000000
v 0.02155947 0.02269858 -0.00000000
v 0.02214944 0.02281594 -0.00000000
v 0.02216213 0.02271813 -0.00000000
v 0.02192902 0.02297616 -0.00000000
v 0.02201235 0.02295631 -0.00000000
v 0.02209001 0.02290171 -0.00000000
v 0.02158409 0.02257609 -0.00000000
v 0.02205270 0.02251183 -0.00000000
v 0.02165442 0.02248346 -0.00000000
v 0.02195465 0.02243566 -0.00000000
v 0.02174854 0.02242040 -0.00000000
v 0.02185094 0.02240484 -0.00000000
v 0.02123248 0.02322304 -0.00000000
v 0.02136594 0.02337241 -0.00000000
v 0.02117878 0.02353966 -0.00000000
v 0.02006334 0.02351021 -0.00000000
v 0.02039539 0.02267587 -0.00000000
v 0.01992481 0.02339303 -0.00000000
v 0.01976478 0.02335029 -0.00000000
v 0.01959341 0.02338218 -0.00000000
v 0.01942074 0.02348840 -0.00000000
v 0.01892846 0.02392601 -0.00000000
v 0.01926559 0.02368599 -0.00000000
v 0.01922839 0.02390861 -0.00000000
v 0.01931494 0.02410912 -0.00000000
v 0.01975548 0.02466422 -0.00000000
v 0.01994788 0.02450495 -0.00000000
v 0.01982921 0.02512538 -0.00000000
v 0.01989215 0.02477514 -0.00000000
v 0.02005767 0.02481299 -0.00000000
v 0.02040433 0.02467596 -0.00000000
v 0.02054268 0.02452278 -0.00000000
v 0.01962155 0.02528131 -0.00000000
v 0.01928830 0.02553153 -0.00000000
v 0.01913899 0.02564370 -0.00000000
v 0.01932454 0.02488577 -0.00000000
v 0.01894801 0.02434122 -0.00000000
v 0.01809144 0.02498602 -0.00000000
v 0.01850873 0.02549844 -0.00000000
v 0.01880574 0.02589392 -0.00000000
v 0.01982432 0.02400672 -0.00000000
v 0.01950734 0.02394968 -0.00000000
v 0.01970720 0.02410376 -0.00000000
v 0.01983338 0.02425622 -0.00000000
v 0.02038091 0.02435511 -0.00000000
v 0.02034950 0.02444118 -0.00000000
v 0.02027940 0.02451944 -0.00000000
v 0.02001792 0.02456337 -0.00000000
v 0.02019166 0.02457189 -0.00000000
v 0.02010184 0.02458614 -0.00000000
v 0.01989448 0.02392828 -0.00000000
v 0.01946562 0.02387398 -0.00000000
v 0.01992750 0.02384346 -0.00000000
v 0.01946032 0.02379113 -0.00000000
v 0.01992058 0.02375590 -0.00000000
v 0.01948958 0.02371042 -0.00000000
v 0.01987093 0.02366954 -0.00000000
v 0.01955133 0.02364039 -0.00000000
v 0.01979917 0.02360481 -0.00000000
v 0.01963806 0.02358770 -0.00000000
v 0.01972115 0.02357673 -0.00000000
v 0.02037113 0.02426475 -0.00000000
v 0.01994669 0.02416223 -0.00000000
v 0.02031797 0.02417427 -0.00000000
v 0.02023756 0.02410471 -0.00000000
v 0.02014780 0.02407842 -0.00000000
v 0.02005034 0.02409720 -0.00000000
v 0.00908339 0.02933722 -0.00000000
v 0.00957316 0.02895182 -0.00000000
v 0.01438480 0.02798163 -0.00000000
v 0.01488411 0.02770012 -0.00000000
v 0.01299828 0.02863031 -0.00000000
v 0.01323252 0.02913504 -0.00000000
v 0.01327979 0.02849966 -0.00000000
v 0.01299583 0.02924489 -0.00000000
v 0.01244890 0.02946466 -0.00000000
v 0.01224774 0.02958410 -0.00000000
v 0.01239973 0.02841073 -0.00000000
v 0.01259714 0.02888846 -0.00000000
v 0.01262789 0.02910774 -0.00000000
v 0.00960374 0.02894186 -0.00000000
v 0.01059854 0.02859747 -0.00000000
v 0.01084232 0.02850806 -0.00000000
v 0.01134908 0.02935081 -0.00000000
v 0.01142644 0.02917689 -0.00000000
v 0.01117497 0.02941477 -0.00000000
v 0.01137262 0.02904653 -0.00000000
v 0.01129949 0.02867209 -0.00000000
v 0.01140373 0.02835929 -0.00000000
v 0.01163709 0.02948248 -0.00000000
v 0.01141810 0.02953898 -0.00000000
v 0.01192367 0.02962565 -0.00000000
v 0.01124393 0.02960276 -0.00000000
v 0.01100826 0.02968925 -0.00000000
v 0.01257705 0.02930289 -0.00000000
v 0.01226389 0.02822989 -0.00000000
v 0.01215970 0.02850991 -0.00000000
v 0.01235711 0.02898764 -0.00000000
v 0.01161062 0.02893626 -0.00000000
v 0.01166117 0.02905845 -0.00000000
v 0.01198357 0.02832984 -0.00000000
v 0.01175045 0.02834844 -0.00000000
v 0.01162379 0.02843451 -0.00000000
v 0.01155680 0.02856302 -0.00000000
v 0.01187676 0.02831566 -0.00000000
v 0.01188313 0.02936881 -0.00000000
v 0.01235413 0.02923774 -0.00000000
v 0.01237738 0.02912849 -0.00000000
v 0.01201862 0.02941673 -0.00000000
v 0.01216745 0.02938985 -0.00000000
v 0.01228493 0.02932256 -0.00000000
v 0.01597666 0.02680975 -0.00000000
v 0.01626795 0.02755469 -0.00000000
v 0.01537817 0.02806085 -0.00000000
v 0.01511448 0.02757501 -0.00000000
v 0.01598495 0.02707988 -0.00000000
v 0.01510435 0.02654594 -0.00000000
v 0.01488661 0.02743005 -0.00000000
v 0.03279095 0.00199807 0.03449988
v 0.03249983 -0.00000195 0.00000000
v 0.03240758 0.00409210 0.01620239
v 0.03224353 0.00407135 -0.00000000
v 0.03163892 0.00812155 0.01620239
v 0.03147881 0.00808054 -0.00000000
v 0.03037130 0.01202297 0.01620239
v 0.03021758 0.01196205 -0.00000000
v 0.02862471 0.01573467 0.01620239
v 0.02847981 0.01565498 -0.00000000
v 0.02642667 0.01919823 0.01620239
v 0.02629292 0.01910102 -0.00000000
v 0.02381187 0.02235895 0.01620239
v 0.02369129 0.02224588 -0.00000000
v 0.02082151 0.02516716 0.01620239
v 0.02071613 0.02503973 -0.00000000
v 0.01750278 0.02757835 0.01620239
v 0.01741421 0.02743875 -0.00000000
v 0.01390808 0.02955454 0.01620239
v 0.01383769 0.02940481 -0.00000000
v 0.01009398 0.03106468 0.01620239
v 0.01004290 0.03090739 -0.00000000
v 0.00612074 0.03208476 0.01620239
v 0.00608975 0.03192239 -0.00000000
v 0.00205094 0.03259896 0.01620239
v 0.00204050 0.03243386 -0.00000000
v -0.00205117 0.03259896 0.01620239
v -0.00204080 0.03243386 -0.00000000
v -0.00612098 0.03208476 0.01620239
v -0.00608998 0.03192239 -0.00000000
v -0.01009422 0.03106468 0.01620239
v -0.01004314 0.03090739 -0.00000000
v -0.01390832 0.02955454 0.01620239
v -0.01383793 0.02940481 -0.00000000
v -0.01750308 0.02757835 0.01620239
v -0.01741445 0.02743875 -0.00000000
v -0.02082175 0.02516716 0.01620239
v -0.02071636 0.02503973 -0.00000000
v -0.02381211 0.02235895 0.01620239
v -0.02369159 0.02224588 -0.00000000
v -0.02642691 0.01919823 0.01620239
v -0.02629315 0.01910102 -0.00000000
v -0.02862495 0.01573461 0.01620239
v -0.02848005 0.01565498 -0.00000000
v -0.03037154 0.01202291 0.01620239
v -0.03021782 0.01196205 -0.00000000
v -0.03163921 0.00812155 0.01620239
v -0.03147906 0.00808054 -0.00000000
v -0.03240786 0.00409210 0.01620239
v -0.03224384 0.00407135 -0.00000000
v -0.03279119 0.00199807 0.03449988
v -0.03250008 -0.00000195 0.00000000
v -0.03257191 0.00411278 0.03240489
v -0.03293544 0.00199807 0.04860734
v -0.03243142 0.00607645 0.04860734
v -0.03179931 0.00816262 0.03240489
v -0.03142428 0.01006066 0.04860734
v -0.03052526 0.01208382 0.03240489
v -0.02992975 0.01388877 0.04860734
v -0.02876985 0.01581430 0.03240489
v -0.02797096 0.01750147 0.04860734
v -0.02656066 0.01929545 0.03240489
v -0.02557826 0.02084249 0.04860734
v -0.02393263 0.02247214 0.03240489
v -0.02278882 0.02386039 0.04860734
v -0.02092719 0.02529442 0.03240489
v -0.01964592 0.02650797 0.04860734
v -0.01759165 0.02771782 0.03240489
v -0.01619827 0.02874445 0.04860734
v -0.01397871 0.02970403 0.03240489
v -0.01249933 0.03053504 0.04860734
v -0.01014536 0.03122186 0.03240489
v -0.00860655 0.03185188 0.04860734
v -0.00615197 0.03224724 0.03240489
v -0.00458026 0.03267467 0.04860734
v -0.00206154 0.03276389 0.03240489
v -0.00047601 0.03296703 0.04629993
v -0.00015876 0.03297007 0.04629993
v -0.00048294 0.03299051 0.04860734
v -0.00048077 0.03298270 0.04783821
v -0.00047846 0.03297495 0.04706913
v 0.00206131 0.03276389 0.03240489
v 0.00015850 0.03297007 0.04629993
v 0.00047574 0.03296703 0.04629993
v 0.00047819 0.03297495 0.04706913
v 0.00048050 0.03298270 0.04783821
v 0.00048267 0.03299051 0.04860734
v 0.00457996 0.03267467 0.04860734
v 0.00615168 0.03224724 0.03240489
v 0.00860631 0.03185188 0.04860734
v 0.01014506 0.03122186 0.03240489
v 0.01249909 0.03053504 0.04860734
v 0.01397848 0.02970409 0.03240489
v 0.01619797 0.02874445 0.04860734
v 0.01759141 0.02771782 0.03240489
v 0.01964563 0.02650797 0.04860734
v 0.02092689 0.02529442 0.03240489
v 0.02278858 0.02386039 0.04860734
v 0.02393239 0.02247214 0.03240489
v 0.02557802 0.02084255 0.04860734
v 0.02656042 0.01929545 0.03240489
v 0.02797067 0.01750147 0.04860734
v 0.02876955 0.01581430 0.03240489
v 0.02992945 0.01388877 0.04860734
v 0.03052502 0.01208382 0.03240489
v 0.03142404 0.01006066 0.04860734
v 0.03179907 0.00816262 0.03240489
v 0.03243111 0.00607645 0.04860734
v 0.03257161 0.00411278 0.03240489
v 0.03293519 0.00199807 0.04860734
v 0.03249983 -0.03320193 0.00000000
v 0.03249983 -0.00000195 0.00000000
v 0.03264135 -0.02540194 0.00862497
v 0.03278290 -0.01760196 0.01724994
v 0.03292441 -0.00980186 0.02587497
v 0.03306597 -0.00200188 0.03449988
v -0.03250008 -0.00000195 0.00000000
v -0.03234361 -0.00318748 -0.00318563
v -0.03250008 -0.03320193 0.00000000
v -0.03224384 -0.03320193 -0.00407338
v -0.03187561 -0.00634235 -0.00634044
v -0.03147906 -0.03320193 -0.00808251
v -0.03110069 -0.00943619 -0.00943434
v -0.03021782 -0.03320193 -0.01196408
v -0.03002619 -0.01243913 -0.01243728
v -0.02866256 -0.01532226 -0.01532042
v -0.02848005 -0.03320193 -0.01565700
v -0.02702283 -0.01805794 -0.01805609
v -0.02629315 -0.03320193 -0.01910305
v -0.02512294 -0.02061969 -0.02061778
v -0.02369159 -0.03320193 -0.02224785
v -0.02298104 -0.02298289 -0.02298098
v -0.02071636 -0.03320193 -0.02504169
v -0.02061790 -0.02512472 -0.02512288
v -0.01805615 -0.02702468 -0.02702283
v -0.01741445 -0.03320193 -0.02744072
v -0.01532047 -0.02866435 -0.02866244
v -0.01383793 -0.03320193 -0.02940696
v -0.01243728 -0.03002798 -0.03002613
v -0.01004314 -0.03320193 -0.03090941
v -0.00943434 -0.03110247 -0.03110057
v -0.00608998 -0.03320193 -0.03192442
v -0.00634050 -0.03187745 -0.03187561
v -0.00318563 -0.03234541 -0.03234356
v -0.00204080 -0.03320193 -0.03243589
v -0.00000012 -0.03250192 -0.03250002
v 0.00204056 -0.03320193 -0.03243589
v 0.00318539 -0.03234541 -0.03234356
v 0.00608975 -0.03320193 -0.03192442
v 0.00634026 -0.03187745 -0.03187561
v 0.00943410 -0.03110247 -0.03110057
v 0.01004290 -0.03320193 -0.03090941
v 0.01243704 -0.03002798 -0.03002613
v 0.01383769 -0.03320193 -0.02940696
v 0.01532024 -0.02866435 -0.02866244
v 0.01741421 -0.03320193 -0.02744072
v 0.01805585 -0.02702468 -0.02702283
v 0.02071613 -0.03320193 -0.02504169
v 0.02061760 -0.02512472 -0.02512288
v 0.02298080 -0.02298289 -0.02298098
v 0.02369135 -0.03320193 -0.02224785
v 0.02512270 -0.02061969 -0.02061778
v 0.02629292 -0.03320193 -0.01910305
v 0.02702260 -0.01805794 -0.01805609
v 0.02847981 -0.03320193 -0.01565700
v 0.02866226 -0.01532226 -0.01532042
v 0.03002595 -0.01243913 -0.01243728
v 0.03021758 -0.03320193 -0.01196408
v 0.03110039 -0.00943619 -0.00943434
v 0.03147881 -0.03320193 -0.00808251
v 0.03187536 -0.00634235 -0.00634044
v 0.03224353 -0.03320193 -0.00407338
v 0.03234332 -0.00318748 -0.00318563
v 0.03249983 -0.03320193 0.00000000
v 0.03249983 -0.00000195 0.00000000
v 0.02798670 -0.03820192 -0.00384682
v 0.02824985 -0.03820192 0.00000000
v -0.00946045 -0.03820192 -0.02661895
v 0.02798670 -0.03820192 0.00384670
v 0.02720224 -0.03820192 0.00762171
v 0.02591109 -0.03820192 0.01125472
v 0.02413719 -0.03820192 0.01467823
v 0.02191370 -0.03820192 0.01782816
v 0.01928198 -0.03820192 0.02064609
v 0.01629108 -0.03820192 0.02307933
v 0.01299667 -0.03820192 0.02508270
v 0.00946021 -0.03820192 0.02661883
v 0.00574750 -0.03820192 0.02765911
v -0.01299691 -0.03820192 -0.02508282
v 0.00192767 -0.03820192 0.02818405
v -0.00192797 -0.03820192 0.02818405
v -0.00574773 -0.03820192 0.02765911
v -0.00946045 -0.03820192 0.02661883
v -0.01299691 -0.03820192 0.02508270
v -0.01629132 -0.03820192 -0.02307945
v -0.01629132 -0.03820192 0.02307933
v -0.01928222 -0.03820192 -0.02064621
v -0.01928222 -0.03820192 0.02064609
v -0.02191394 -0.03820192 -0.01782828
v -0.02191394 -0.03820192 0.01782816
v -0.02413743 -0.03820192 -0.01467829
v -0.02413743 -0.03820192 0.01467823
v -0.02591133 -0.03820192 -0.01125484
v -0.02591133 -0.03820192 0.01125472
v -0.02720248 -0.03820192 -0.00762182
v -0.02720248 -0.03820192 0.00762171
v -0.02798700 -0.03820192 -0.00384682
v -0.02798700 -0.03820192 0.00384670
v -0.02825009 -0.03820192 0.00000000
v -0.00574773 -0.03820192 -0.02765917
v 0.00946021 -0.03820192 -0.02661895
v 0.01299667 -0.03820192 -0.02508282
v 0.01629108 -0.03820192 -0.02307945
v 0.00946021 -0.03820192 -0.02661895
v -0.00574773 -0.03820192 -0.02765917
v 0.00574750 -0.03820192 -0.02765917
v -0.00192791 -0.03820192 -0.02818417
v 0.00192767 -0.03820192 -0.02818417
v 0.01928198 -0.03820192 -0.02064621
v 0.02191370 -0.03820192 -0.01782828
v 0.02413719 -0.03820192 -0.01467829
v 0.02591109 -0.03820192 -0.01125484
v 0.02720224 -0.03820192 -0.00762182
v 0.02798670 -0.03320193 0.00384670
v 0.02798670 -0.03820192 0.00384670
v 0.02824985 -0.03320193 0.00000000
v 0.02824985 -0.03820192 0.00000000
v 0.02824985 -0.03320193 0.00000000
v 0.02824985 -0.03820192 0.00000000
v 0.02798670 -0.03320193 -0.00384682
v 0.02798670 -0.03820192 -0.00384682
v 0.02720224 -0.03320193 -0.00762182
v 0.02720224 -0.03820192 -0.00762182
v 0.02591109 -0.03320193 -0.01125484
v 0.02591109 -0.03820192 -0.01125484
v 0.02413719 -0.03320193 -0.01467829
v 0.02413719 -0.03820192 -0.01467829
v 0.02191370 -0.03320193 -0.01782828
v 0.02191370 -0.03820192 -0.01782828
v 0.01928198 -0.03320193 -0.02064621
v 0.01928198 -0.03820192 -0.02064621
v 0.01629108 -0.03320193 -0.02307945
v 0.01629108 -0.03820192 -0.02307945
v 0.01299667 -0.03320193 -0.02508282
v 0.01299667 -0.03820192 -0.02508282
v 0.00946021 -0.03320193 -0.02661895
v 0.00946021 -0.03820192 -0.02661895
v 0.00574750 -0.03320193 -0.02765917
v 0.00574750 -0.03820192 -0.02765917
v 0.00192767 -0.03320193 -0.02818417
v 0.00192767 -0.03820192 -0.02818417
v -0.00192797 -0.03320193 -0.02818417
v -0.00192791 -0.03820192 -0.02818417
v -0.00574773 -0.03320193 -0.02765917
v -0.00574773 -0.03820192 -0.02765917
v -0.00946045 -0.03320193 -0.02661895
v -0.00946045 -0.03820192 -0.02661895
v -0.01299691 -0.03320193 -0.02508282
v -0.01299691 -0.03820192 -0.02508282
v -0.01629132 -0.03320193 -0.02307945
v -0.01629132 -0.03820192 -0.02307945
v -0.01928222 -0.03320193 -0.02064621
v -0.01928222 -0.03820192 -0.02064621
v -0.02191394 -0.03320193 -0.01782828
v -0.02191394 -0.03820192 -0.01782828
v -0.02413743 -0.03320193 -0.01467829
v -0.02413743 -0.03820192 -0.01467829
v -0.02591133 -0.03320193 -0.01125484
v -0.02591133 -0.03820192 -0.01125484
v -0.02720248 -0.03320193 -0.00762182
v -0.02720248 -0.03820192 -0.00762182
v -0.02798700 -0.03320193 -0.00384682
v -0.02798700 -0.03820192 -0.00384682
v -0.02825009 -0.03320193 0.00000000
v -0.02825009 -0.03820192 0.00000000
v -0.02798700 -0.03320193 0.00384670
v -0.02798700 -0.03820192 0.00384670
v -0.02720248 -0.03320193 0.00762171
v -0.02720248 -0.03820192 0.00762171
v -0.02591133 -0.03320193 0.01125472
v -0.02591133 -0.03820192 0.01125472
v -0.02413743 -0.03320193 0.01467823
v -0.02413743 -0.03820192 0.01467823
v -0.02191394 -0.03320193 0.01782816
v -0.02191394 -0.03820192 0.01782816
v -0.01928222 -0.03320193 0.02064609
v -0.01928222 -0.03820192 0.02064609
v -0.01629132 -0.03320193 0.02307933
v -0.01629132 -0.03820192 0.02307933
v -0.01299691 -0.03320193 0.02508270
v -0.01299691 -0.03820192 0.02508270
v -0.00946045 -0.03320193 0.02661883
v -0.00946045 -0.03820192 0.02661883
v -0.00574773 -0.03320193 0.02765911
v -0.00574773 -0.03820192 0.02765911
v -0.00192797 -0.03320193 0.02818405
v -0.00192797 -0.03820192 0.02818405
v 0.00192767 -0.03320193 0.02818405
v 0.00192767 -0.03820192 0.02818405
v 0.00574750 -0.03320193 0.02765911
v 0.00574750 -0.03820192 0.02765911
v 0.00946021 -0.03320193 0.02661883
v 0.00946021 -0.03820192 0.02661883
v 0.01299667 -0.03320193 0.02508270
v 0.01299667 -0.03820192 0.02508270
v 0.01629108 -0.03320193 0.02307933
v 0.01629108 -0.03820192 0.02307933
v 0.01928198 -0.03320193 0.02064609
v 0.01928198 -0.03820192 0.02064609
v 0.02191370 -0.03320193 0.01782816
v 0.02191370 -0.03820192 0.01782816
v 0.02413719 -0.03320193 0.01467823
v 0.02413719 -0.03820192 0.01467823
v 0.02591109 -0.03320193 0.01125472
v 0.02591109 -0.03820192 0.01125472
v 0.02720224 -0.03320193 0.00762171
v 0.02720224 -0.03820192 0.00762171
v 0.00048267 0.03299051 0.04860734
v 0.00048050 0.03298270 0.04783821
v 0.00038160 0.03279763 0.04879993
v 0.00047819 0.03297495 0.04706913
v 0.00047574 0.03296703 0.04629993
v 0.00029422 0.03271627 0.04629993
v 0.00014263 0.03264135 0.04879993
v -0.00000013 0.03262047 0.04629993
v -0.00014290 0.03264135 0.04879993
v -0.00029448 0.03271627 0.04629993
v -0.00038187 0.03279763 0.04879993
v -0.00047601 0.03296703 0.04629993
v -0.00048294 0.03299051 0.04860734
v -0.00048077 0.03298270 0.04783821
v -0.00047846 0.03297495 0.04706913
v 0.03293519 0.00199807 0.04860734
v 0.03294265 0.00188941 0.04860633
v 0.03279095 0.00199807 0.03449988
v 0.03279095 0.00199807 0.03449988
v 0.03294265 0.00188941 0.04860633
v 0.03285968 0.00099804 0.03449988
v 0.03292846 -0.00000195 0.03449988
v 0.03299719 -0.00100189 0.03449988
v 0.03306597 -0.00200188 0.03449988
v 0.00038161 -0.03280144 0.04879993
v 0.00048925 -0.03302186 0.04629993
v 0.00048463 -0.03300188 0.04859995
v 0.00048781 -0.03301525 0.04706656
v 0.00048627 -0.03300850 0.04783326
v 0.00031511 -0.03273630 0.04629993
v 0.00014264 -0.03264522 0.04879993
v -0.00000013 -0.03262436 0.04629993
v -0.00014289 -0.03264522 0.04879993
v -0.00031536 -0.03273630 0.04629993
v -0.00038186 -0.03280144 0.04879993
v -0.00048652 -0.03300850 0.04783326
v -0.00048488 -0.03300188 0.04859995
v -0.00048806 -0.03301525 0.04706656
v -0.00048950 -0.03302186 0.04629993
v 0.03306597 -0.00200188 0.03449988
v 0.03294270 -0.00200188 0.04859995
v 0.03272640 -0.00510871 0.03494882
v 0.03243862 -0.00608116 0.04859995
v 0.03209697 -0.00816870 0.03527355
v 0.03143137 -0.01006621 0.04859995
v 0.03118205 -0.01115602 0.03557634
v 0.02993661 -0.01389509 0.04859995
v 0.02998697 -0.01405024 0.03585982
v 0.02852982 -0.01680552 0.03611290
v 0.02797752 -0.01750850 0.04859995
v 0.02681589 -0.01941847 0.03633159
v 0.02558445 -0.02085036 0.04859995
v 0.02486401 -0.02186197 0.03650981
v 0.02279460 -0.02386885 0.04859995
v 0.02269315 -0.02410882 0.03664195
v 0.02007013 -0.02633178 0.03672528
v 0.01965111 -0.02651709 0.04859995
v 0.01723402 -0.02826964 0.03672587
v 0.01620286 -0.02875423 0.04859995
v 0.01477122 -0.02963167 0.03664577
v 0.01250332 -0.03054523 0.04859995
v 0.01220750 -0.03077876 0.03645312
v 0.00924081 -0.03179895 0.03606361
v 0.00860983 -0.03186255 0.04859995
v 0.00621640 -0.03253096 0.03550773
v 0.00458276 -0.03268569 0.04859995
v 0.00312418 -0.03297739 0.03488922
v 0.00048781 -0.03301525 0.04706656
v 0.00156861 -0.03308963 0.03468567
v 0.00048925 -0.03302186 0.04629993
v -0.00000013 -0.03312742 0.03461182
v 0.00016301 -0.03302507 0.04629993
v -0.00016326 -0.03302507 0.04629993
v 0.00048463 -0.03300188 0.04859995
v 0.00048627 -0.03300850 0.04783326
v -0.00048950 -0.03302186 0.04629993
v -0.00156712 -0.03308963 0.03469300
v -0.00048806 -0.03301525 0.04706656
v -0.00048652 -0.03300850 0.04783326
v -0.00048488 -0.03300188 0.04859995
v -0.00312102 -0.03297764 0.03489929
v -0.00458300 -0.03268569 0.04859995
v -0.00621682 -0.03253096 0.03550773
v -0.00861007 -0.03186255 0.04859995
v -0.00924128 -0.03179895 0.03606045
v -0.01250356 -0.03054523 0.04859995
v -0.01220685 -0.03077912 0.03645294
v -0.01477116 -0.02963179 0.03664642
v -0.01620316 -0.02875423 0.04859995
v -0.01723474 -0.02826935 0.03672587
v -0.01965141 -0.02651709 0.04859995
v -0.02007102 -0.02633124 0.03672510
v -0.02279484 -0.02386885 0.04859995
v -0.02269411 -0.02410811 0.03664195
v -0.02486485 -0.02186137 0.03650921
v -0.02558475 -0.02085036 0.04859995
v -0.02681654 -0.01941794 0.03633010
v -0.02797776 -0.01750850 0.04859995
v -0.02853041 -0.01680499 0.03611141
v -0.02993690 -0.01389515 0.04859995
v -0.02998751 -0.01404964 0.03585976
v -0.03118264 -0.01115500 0.03557878
v -0.03143161 -0.01006627 0.04859995
v -0.03209728 -0.00816834 0.03527343
v -0.03243887 -0.00608116 0.04859995
v -0.03272670 -0.00510865 0.03494882
v -0.03294295 -0.00200188 0.04859995
v -0.03306621 -0.00200188 0.03449988
v -0.03294295 -0.00200188 0.04859995
v -0.03294289 0.00188941 0.04860633
v -0.03306621 -0.00200188 0.03449988
v -0.03293544 0.00199807 0.04860734
v -0.03279119 0.00199807 0.03449988
v -0.03294289 0.00188941 0.04860633
v -0.03294289 0.00188941 0.04860633
v -0.03279119 0.00199807 0.03449988
v -0.03285998 0.00099803 0.03449988
v -0.03292870 -0.00000195 0.03449988
v -0.03299748 -0.00100189 0.03449988
v -0.03306621 -0.00200188 0.03449988
v 0.00743151 0.03030800 -0.00000000
v 0.00742483 0.03021019 -0.00000000
v 0.00745517 0.03012031 -0.00000000
v 0.00835079 0.03067100 -0.00000000
v 0.00825292 0.03067773 -0.00000000
v 0.00777882 0.03082770 -0.00000000
v 0.00816315 0.03064733 -0.00000000
v 0.00809133 0.03058570 -0.00000000
v 0.00867075 0.02996850 -0.00000000
v 0.00876218 0.03030222 -0.00000000
v 0.00876885 0.03040003 -0.00000000
v 0.00801587 0.02963554 -0.00000000
v 0.00836718 0.02979546 -0.00000000
v 0.00846505 0.02978873 -0.00000000
v 0.00758821 0.03088003 -0.00000000
v 0.00750983 0.03059393 -0.00000000
v 0.00751692 0.03004860 -0.00000000
v 0.00760454 0.03000438 -0.00000000
v 0.00782525 0.02968776 -0.00000000
v 0.00789052 0.02992606 -0.00000000
v 0.00808120 0.02987390 -0.00000000
v 0.00855482 0.02981913 -0.00000000
v 0.00862664 0.02988094 -0.00000000
v 0.00873852 0.03048986 -0.00000000
v 0.00867677 0.03056162 -0.00000000
v 0.00858915 0.03060585 -0.00000000
v 0.00804722 0.03049796 -0.00000000
v 0.00762218 0.03025579 -0.00000000
v 0.00765675 0.03019511 -0.00000000
v 0.00763470 0.03020793 -0.00000000
v 0.00794274 0.03011667 -0.00000000
v 0.00762200 0.03023016 -0.00000000
v 0.00813341 0.03006446 -0.00000000
v 0.00841939 0.02998620 -0.00000000
v 0.00844496 0.02998602 -0.00000000
v 0.00846720 0.02999871 -0.00000000
v 0.00848013 0.03002083 -0.00000000
v 0.00857150 0.03035438 -0.00000000
v 0.00857168 0.03038001 -0.00000000
v 0.00855899 0.03040230 -0.00000000
v 0.00853687 0.03041511 -0.00000000
v 0.00829857 0.03048044 -0.00000000
v 0.00827306 0.03048056 -0.00000000
v 0.00825077 0.03046792 -0.00000000
v 0.00823784 0.03044581 -0.00000000
v 0.02062755 0.02292275 -0.00000000
v 0.02104526 0.02339029 -0.00000000
v 0.02075296 0.02365154 -0.00000000
v 0.02063596 0.02296000 -0.00000000
v 0.01057124 0.02963614 -0.00000000
v 0.01093930 0.02950114 -0.00000000
v 0.01071745 0.02895027 -0.00000000
v 0.01072335 0.02891260 -0.00000000
v 0.01319360 0.02830791 -0.00000000
v 0.01290977 0.02843958 -0.00000000
v 0.01268959 0.02796500 -0.00000000
v 0.01298016 0.02783030 -0.00000000
v 0.01309370 0.02779960 -0.00000000
v 0.01319670 0.02781230 -0.00000000
v 0.01329827 0.02824121 -0.00000000
v 0.01335895 0.02815896 -0.00000000
v 0.01337486 0.02806329 -0.00000000
v 0.01334547 0.02795660 -0.00000000
v 0.01328277 0.02786552 -0.00000000
v 0.01510393 0.02650308 -0.00000000
v 0.01506769 0.02652382 -0.00000000
v -0.00045697 -0.03320193 0.03249675
v -0.00401753 -0.03320193 0.03225064
v -0.00027251 -0.03320193 0.03228068
v -0.00027251 -0.03320193 0.03228068
v -0.00401753 -0.03320193 0.03225064
v -0.00192797 -0.03320193 0.02818405
v -0.00000013 -0.03320193 0.03219997
v 0.00192767 -0.03320193 0.02818405
v 0.00027226 -0.03320193 0.03228068
v 0.00281918 -0.03320193 0.03237736
v 0.00027226 -0.03320193 0.03228068
v 0.00281918 -0.03320193 0.03237736
v 0.00045671 -0.03320193 0.03249675
v -0.00574773 -0.03320193 0.02765911
v -0.00752371 -0.03320193 0.03161704
v -0.00946045 -0.03320193 0.02661883
v -0.01094186 -0.03320193 0.03060269
v -0.01423484 -0.03320193 0.02921664
v -0.01299691 -0.03320193 0.02508270
v -0.01735174 -0.03320193 0.02748024
v -0.01629132 -0.03320193 0.02307933
v -0.02025711 -0.03320193 0.02541452
v -0.01928222 -0.03320193 0.02064609
v -0.02292305 -0.03320193 0.02303874
v -0.02191394 -0.03320193 0.01782816
v -0.02531349 -0.03320193 0.02038323
v -0.02739435 -0.03320193 0.01748722
v -0.02413743 -0.03320193 0.01467823
v -0.02914583 -0.03320193 0.01437950
v -0.02591133 -0.03320193 0.01125472
v -0.03054058 -0.03320193 0.01111346
v -0.02720248 -0.03320193 0.00762171
v -0.03150063 -0.03320193 0.00799584
v -0.03207933 -0.03320193 0.00521779
v -0.02798700 -0.03320193 0.00384670
v -0.03225660 -0.03320193 0.00399506
v -0.03237539 -0.03320193 0.00289887
v -0.03244745 -0.03320193 0.00194025
v -0.02825009 -0.03320193 0.00000000
v -0.03248447 -0.03320193 0.00113022
v -0.03249812 -0.03320193 0.00047976
v -0.03249812 -0.03320193 0.00047976
v -0.03250008 -0.03320193 0.00000000
v -0.02825009 -0.03320193 0.00000000
v -0.03250008 -0.03320193 0.00000000
v -0.03224384 -0.03320193 -0.00407338
v -0.02798700 -0.03320193 -0.00384682
v -0.03147906 -0.03320193 -0.00808251
v -0.02720248 -0.03320193 -0.00762182
v -0.03021782 -0.03320193 -0.01196408
v -0.02591133 -0.03320193 -0.01125484
v -0.02848005 -0.03320193 -0.01565700
v -0.02413743 -0.03320193 -0.01467829
v -0.02629315 -0.03320193 -0.01910305
v -0.02191394 -0.03320193 -0.01782828
v -0.02369159 -0.03320193 -0.02224785
v -0.01928222 -0.03320193 -0.02064621
v -0.02071636 -0.03320193 -0.02504169
v -0.01629132 -0.03320193 -0.02307945
v -0.01741445 -0.03320193 -0.02744072
v -0.01299691 -0.03320193 -0.02508282
v -0.01383793 -0.03320193 -0.02940696
v -0.00946045 -0.03320193 -0.02661895
v -0.01004314 -0.03320193 -0.03090941
v -0.00574773 -0.03320193 -0.02765917
v -0.00608998 -0.03320193 -0.03192442
v -0.00192797 -0.03320193 -0.02818417
v -0.00204080 -0.03320193 -0.03243589
v 0.00204056 -0.03320193 -0.03243589
v 0.00192767 -0.03320193 -0.02818417
v 0.00608975 -0.03320193 -0.03192442
v 0.00574750 -0.03320193 -0.02765917
v 0.01004290 -0.03320193 -0.03090941
v 0.00946021 -0.03320193 -0.02661895
v 0.01383769 -0.03320193 -0.02940696
v 0.01299667 -0.03320193 -0.02508282
v 0.01741421 -0.03320193 -0.02744072
v 0.01629108 -0.03320193 -0.02307945
v 0.02071613 -0.03320193 -0.02504169
v 0.01928198 -0.03320193 -0.02064621
v 0.02369135 -0.03320193 -0.02224785
v 0.02191370 -0.03320193 -0.01782828
v 0.02629292 -0.03320193 -0.01910305
v 0.02413719 -0.03320193 -0.01467829
v 0.02847981 -0.03320193 -0.01565700
v 0.02591109 -0.03320193 -0.01125484
v 0.03021758 -0.03320193 -0.01196408
v 0.02720224 -0.03320193 -0.00762182
v 0.03147881 -0.03320193 -0.00808251
v 0.02798670 -0.03320193 -0.00384682
v 0.03224353 -0.03320193 -0.00407338
v 0.02824985 -0.03320193 0.00000000
v 0.03249983 -0.03320193 0.00000000
v 0.03249508 -0.03320193 0.00068730
v 0.03249508 -0.03320193 0.00068730
v 0.03246164 -0.03320193 0.00167775
v 0.02798670 -0.03320193 0.00384670
v 0.03237098 -0.03320193 0.00294411
v 0.03219449 -0.03320193 0.00445956
v 0.03190356 -0.03320193 0.00619715
v 0.02720224 -0.03320193 0.00762171
v 0.03146696 -0.03320193 0.00812632
v 0.03085488 -0.03320193 0.01020699
v 0.02591109 -0.03320193 0.01125472
v 0.03004199 -0.03320193 0.01239830
v 0.02591109 -0.03320193 0.01125472
v 0.03004199 -0.03320193 0.01239830
v 0.03002595 -0.03320193 0.01243716
v 0.03002595 -0.03320193 0.01243716
v 0.02904087 -0.03320193 0.01458984
v 0.02413719 -0.03320193 0.01467823
v 0.02790379 -0.03320193 0.01666188
v 0.02661997 -0.03320193 0.01864445
v 0.02191370 -0.03320193 0.01782816
v 0.02519500 -0.03320193 0.02052921
v 0.02363467 -0.03320193 0.02230793
v 0.01928198 -0.03320193 0.02064609
v 0.02194720 -0.03320193 0.02396994
v 0.02014654 -0.03320193 0.02550202
v 0.01629108 -0.03320193 0.02307933
v 0.01824146 -0.03320193 0.02689772
v 0.01624000 -0.03320193 0.02815139
v 0.01299667 -0.03320193 0.02508270
v 0.01415067 -0.03320193 0.02925747
v 0.01198279 -0.03320193 0.03021019
v 0.00946021 -0.03320193 0.02661883
v 0.00975442 -0.03320193 0.03100150
v 0.00574750 -0.03320193 0.02765911
v 0.00747782 -0.03320193 0.03162789
v 0.00516283 -0.03320193 0.03208720
v 0.03294265 0.00188941 0.04860633
v 0.03294223 0.00076305 0.04865175
v 0.03306597 -0.00200188 0.03449988
v 0.03294223 -0.00061924 0.04865479
v 0.03306597 -0.00200188 0.03449988
v 0.03294223 -0.00061924 0.04865479
v 0.03294241 -0.00131011 0.04863464
v 0.03294270 -0.00200188 0.04859995
v -0.03250008 -0.03320193 0.00000000
v -0.03249812 -0.03320193 0.00047976
v -0.03264164 -0.02540194 0.00862497
v -0.03248447 -0.03320193 0.00113022
v -0.03251373 -0.02774125 0.00819558
v -0.03244745 -0.03320193 0.00194025
v -0.03248595 -0.02956157 0.00617218
v -0.03245817 -0.03138177 0.00414872
v -0.03196638 -0.03161400 0.00773305
v -0.03225660 -0.03320193 0.00399506
v -0.03207933 -0.03320193 0.00521779
v -0.03237539 -0.03320193 0.00289887
v -0.03150063 -0.03320193 0.00799584
v -0.03102725 -0.03183984 0.01123887
v -0.03198181 -0.03002589 0.00951749
v -0.03103220 -0.03047764 0.01278960
v -0.03199720 -0.02843785 0.01130199
v -0.03103715 -0.02911543 0.01434028
v -0.03201264 -0.02684968 0.01308655
v -0.03104209 -0.02775317 0.01589119
v -0.03104704 -0.02639102 0.01744180
v -0.02964013 -0.02747410 0.01991915
v -0.03105199 -0.02502888 0.01899254
v -0.02963656 -0.02632850 0.02124470
v -0.03105688 -0.02366662 0.02054333
v -0.02963304 -0.02518290 0.02257019
v -0.03106182 -0.02230441 0.02209407
v -0.02962952 -0.02403724 0.02389580
v -0.02962601 -0.02289170 0.02522128
v -0.02778625 -0.02473253 0.02671599
v -0.02962243 -0.02174615 0.02654677
v -0.02777630 -0.02379143 0.02782797
v -0.02961891 -0.02060055 0.02787232
v -0.02776628 -0.02285033 0.02893996
v -0.02775627 -0.02190935 0.03005194
v -0.02552908 -0.02418684 0.03084743
v -0.02551460 -0.02343559 0.03176057
v -0.02294629 -0.02567934 0.03230470
v -0.02336621 -0.02498596 0.03266465
v -0.02108603 -0.02704614 0.03259867
v -0.02296334 -0.02625793 0.03157299
v -0.02009290 -0.02809566 0.03221839
v -0.02298045 -0.02683663 0.03084123
v -0.02011084 -0.02852112 0.03164803
v -0.02012872 -0.02894669 0.03107762
v -0.01699042 -0.03026378 0.03191208
v -0.01700758 -0.03055757 0.03148072
v -0.01363950 -0.03153449 0.03228449
v -0.01702481 -0.03085136 0.03104943
v -0.01365458 -0.03171980 0.03196799
v -0.01704198 -0.03114515 0.03061813
v -0.01366966 -0.03190505 0.03165155
v -0.01368474 -0.03209030 0.03133499
v -0.01012337 -0.03259432 0.03222465
v -0.01013529 -0.03269553 0.03199708
v -0.00643158 -0.03298729 0.03267753
v -0.01014715 -0.03279680 0.03176957
v -0.00643945 -0.03303014 0.03251194
v -0.01015907 -0.03289812 0.03154206
v -0.00644731 -0.03307312 0.03234630
v -0.00645518 -0.03311609 0.03218054
v -0.00264943 -0.03317993 0.03265476
v -0.00265270 -0.03319089 0.03252291
v -0.00050013 -0.03319406 0.03269988
v -0.00045697 -0.03320193 0.03249675
v -0.00401753 -0.03320193 0.03225064
v -0.00646299 -0.03315895 0.03201496
v -0.00752371 -0.03320193 0.03161704
v -0.01018285 -0.03310066 0.03108698
v -0.01094186 -0.03320193 0.03060269
v -0.01376020 -0.03301668 0.02975261
v -0.01423484 -0.03320193 0.02921664
v -0.01714509 -0.03290807 0.02803027
v -0.01735174 -0.03320193 0.02748024
v -0.02025711 -0.03320193 0.02541452
v -0.02029001 -0.03277641 0.02594417
v -0.02292305 -0.03320193 0.02303874
v -0.02315121 -0.03262329 0.02352380
v -0.02531349 -0.03320193 0.02038323
v -0.02568835 -0.03245073 0.02080291
v -0.02739435 -0.03320193 0.01748722
v -0.02786624 -0.03226101 0.01782017
v -0.02914583 -0.03320193 0.01437950
v -0.02965426 -0.03205645 0.01461708
v -0.03054058 -0.03320193 0.01111346
v -0.00050013 -0.03318636 0.03289997
v -0.00264615 -0.03316884 0.03278648
v -0.00264287 -0.03315788 0.03291833
v -0.00263953 -0.03314691 0.03305011
v -0.00642371 -0.03294432 0.03284329
v -0.01011151 -0.03249299 0.03245216
v -0.01009964 -0.03239172 0.03267967
v -0.01008772 -0.03229045 0.03290724
v -0.01100361 -0.03208017 0.03284668
v -0.01281845 -0.03158158 0.03271102
v -0.00050013 -0.03317862 0.03309988
v -0.00050013 -0.03317093 0.03329998
v -0.00263625 -0.03313595 0.03318190
v -0.00263297 -0.03312492 0.03331369
v -0.00641590 -0.03290145 0.03300887
v -0.00262970 -0.03311395 0.03344553
v -0.00640803 -0.03285849 0.03317463
v -0.00262636 -0.03310286 0.03357726
v -0.00640017 -0.03281556 0.03334021
v -0.00660485 -0.03275448 0.03346055
v -0.00810593 -0.03259003 0.03320378
v -0.00050013 -0.03316323 0.03349995
v -0.00045192 -0.03315544 0.03371417
v -0.00262308 -0.03309190 0.03370910
v -0.00035560 -0.03315097 0.03385156
v -0.00261980 -0.03308093 0.03384095
v -0.00017480 -0.03314769 0.03396844
v -0.00261652 -0.03306990 0.03397274
v -0.00000993 -0.03314685 0.03399986
v -0.00261319 -0.03305894 0.03410458
v 0.00117671 -0.03312534 0.03412079
v -0.00230288 -0.03306829 0.03423219
v 0.00117522 -0.03311944 0.03424715
v -0.00159287 -0.03310054 0.03431147
v -0.00000013 -0.03313255 0.03438806
v 0.00148195 -0.03310489 0.03431850
v 0.00323421 -0.03301429 0.03409588
v 0.00117820 -0.03313124 0.03399437
v 0.00021203 -0.03314805 0.03395271
v 0.00117969 -0.03313714 0.03386807
v 0.00034997 -0.03315078 0.03385692
v 0.00118118 -0.03314304 0.03374165
v 0.00047167 -0.03315711 0.03366547
v 0.00118267 -0.03314888 0.03361529
v 0.00049987 -0.03316323 0.03349995
v 0.00118416 -0.03315477 0.03348886
v 0.00118565 -0.03316073 0.03336250
v 0.00498825 -0.03300821 0.03315448
v 0.00499439 -0.03303581 0.03300499
v 0.00873339 -0.03274542 0.03249168
v 0.00874382 -0.03282152 0.03229087
v 0.01236706 -0.03244971 0.03142410
v 0.01238107 -0.03260010 0.03114449
v 0.01454931 -0.03236484 0.03039717
v 0.01456505 -0.03257411 0.03005528
v 0.01665723 -0.03236961 0.02911800
v 0.01667422 -0.03264701 0.02870398
v 0.01867812 -0.03249275 0.02756243
v 0.01869589 -0.03284728 0.02706688
v 0.02059966 -0.03276157 0.02570873
v 0.02014654 -0.03320193 0.02550202
v 0.02194720 -0.03320193 0.02396994
v 0.00049987 -0.03317093 0.03329998
v 0.00118714 -0.03316658 0.03323620
v 0.00500059 -0.03306353 0.03285545
v 0.00875425 -0.03289759 0.03209006
v 0.01239508 -0.03275054 0.03086489
v 0.01458072 -0.03278338 0.02971339
v 0.01669120 -0.03292453 0.02829003
v 0.01824146 -0.03320193 0.02689772
v 0.00049987 -0.03317862 0.03309988
v 0.00118863 -0.03317248 0.03310978
v 0.00500673 -0.03309118 0.03270602
v 0.00876468 -0.03297370 0.03188925
v 0.01240909 -0.03290098 0.03058528
v 0.01459646 -0.03299266 0.02937150
v 0.01624000 -0.03320193 0.02815139
v 0.00119012 -0.03317831 0.03298342
v 0.00049987 -0.03318636 0.03289997
v 0.00119162 -0.03318423 0.03285700
v 0.00119311 -0.03319019 0.03273063
v 0.00501907 -0.03314650 0.03240704
v 0.00502527 -0.03317421 0.03225749
v 0.00878560 -0.03312587 0.03148758
v 0.00747782 -0.03320193 0.03162789
v 0.00975442 -0.03320193 0.03100150
v 0.00049987 -0.03319406 0.03269988
v 0.00119460 -0.03319602 0.03260421
v 0.00281918 -0.03320193 0.03237736
v 0.00516283 -0.03320193 0.03208720
v 0.00045671 -0.03320193 0.03249675
v 0.01242309 -0.03305149 0.03030562
v 0.01198279 -0.03320193 0.03021019
v 0.01415067 -0.03320193 0.02925747
v 0.02239245 -0.03266757 0.02422302
v 0.02363467 -0.03320193 0.02230793
v 0.02406430 -0.03256582 0.02261763
v 0.02519500 -0.03320193 0.02052921
v 0.02560645 -0.03245699 0.02090138
v 0.02661997 -0.03320193 0.01864445
v 0.02701050 -0.03234142 0.01908367
v 0.02790379 -0.03320193 0.01666188
v 0.02826875 -0.03221976 0.01717400
v 0.02904087 -0.03320193 0.01458984
v 0.02937465 -0.03209257 0.01518315
v 0.03002595 -0.03320193 0.01243716
v 0.03032213 -0.03196066 0.01312160
v 0.03004199 -0.03320193 0.01239830
v 0.03085488 -0.03320193 0.01020699
v 0.03110587 -0.03182452 0.01100063
v 0.03146696 -0.03320193 0.00812632
v 0.03172206 -0.03168487 0.00883174
v 0.03190356 -0.03320193 0.00619715
v 0.03216707 -0.03154242 0.00662667
v 0.03219449 -0.03320193 0.00445956
v 0.03237098 -0.03320193 0.00294411
v 0.03243851 -0.03139793 0.00439745
v 0.03246164 -0.03320193 0.00167775
v 0.03264135 -0.02540194 0.00862497
v 0.03249508 -0.03320193 0.00068730
v 0.03249983 -0.03320193 0.00000000
v 0.03278290 -0.01760196 0.01724994
v 0.03254598 -0.02418142 0.01242476
v 0.03251916 -0.02598541 0.01041805
v 0.03249228 -0.02778971 0.00841111
v 0.03222417 -0.02656352 0.01220148
v 0.03220516 -0.02822327 0.01034313
v 0.03175795 -0.02713334 0.01396554
v 0.03174597 -0.02865058 0.01225417
v 0.03112268 -0.02769190 0.01570057
v 0.03111708 -0.02906954 0.01413387
v 0.03032219 -0.02823644 0.01739734
v 0.03032213 -0.02947795 0.01597207
v 0.02936029 -0.02876442 0.01904660
v 0.02936506 -0.02987378 0.01775866
v 0.02824229 -0.02927291 0.02063930
v 0.02825111 -0.03025525 0.01948410
v 0.02697426 -0.02975958 0.02216690
v 0.02698636 -0.03062021 0.02113914
v 0.02556264 -0.03022187 0.02362114
v 0.02557724 -0.03096693 0.02271449
v 0.02401512 -0.03065758 0.02499413
v 0.02403151 -0.03129363 0.02420198
v 0.02233999 -0.03106439 0.02627837
v 0.02235746 -0.03159880 0.02559328
v 0.02054589 -0.03144031 0.02746701
v 0.02056384 -0.03188073 0.02688091
v 0.01864272 -0.03178352 0.02855354
v 0.01866042 -0.03213816 0.02805793
v 0.01664024 -0.03209221 0.02953201
v 0.03292441 -0.00980186 0.02587497
v 0.03265345 -0.01696491 0.02045214
v 0.03262662 -0.01876890 0.01844537
v 0.03259974 -0.02057319 0.01643848
v 0.03230035 -0.01992517 0.01963436
v 0.03228133 -0.02158486 0.01777595
v 0.03180569 -0.02106469 0.02081036
v 0.03179377 -0.02258193 0.01909905
v 0.03114509 -0.02218186 0.02196705
v 0.03113949 -0.02355945 0.02040034
v 0.03032225 -0.02327114 0.02309823
v 0.03032219 -0.02451246 0.02167290
v 0.02934116 -0.02432686 0.02419769
v 0.02934592 -0.02543634 0.02290987
v 0.02820700 -0.02534395 0.02525949
v 0.02821582 -0.02632623 0.02410441
v 0.02692592 -0.02631729 0.02627795
v 0.02693802 -0.02717787 0.02525019
v 0.02550423 -0.02724188 0.02724742
v 0.02551883 -0.02798694 0.02634078
v 0.02394956 -0.02811318 0.02816271
v 0.02396595 -0.02874934 0.02737057
v 0.02227008 -0.02892684 0.02901893
v 0.02228754 -0.02946120 0.02833378
v 0.02047425 -0.02967864 0.02981126
v 0.02049219 -0.03011912 0.02922517
v 0.01857179 -0.03036504 0.03053569
v 0.01858949 -0.03071969 0.03004014
v 0.01657235 -0.03098243 0.03118801
v 0.01658934 -0.03125983 0.03077399
v 0.01448649 -0.03152781 0.03176474
v 0.01450222 -0.03173708 0.03142291
v 0.01232510 -0.03199838 0.03226298
v 0.01233911 -0.03214883 0.03198337
v 0.00871253 -0.03259329 0.03289341
v 0.00872296 -0.03266936 0.03269261
v 0.00498205 -0.03298050 0.03330397
v 0.03306597 -0.00200188 0.03449988
v 0.03295027 -0.00360668 0.03424441
v 0.03276097 -0.00974840 0.02847939
v 0.03273408 -0.01155245 0.02647262
v 0.03239560 -0.01162719 0.02892524
v 0.03237652 -0.01328676 0.02706712
v 0.03186541 -0.01347893 0.02936631
v 0.03185349 -0.01499605 0.02765512
v 0.03117311 -0.01529437 0.02980005
v 0.03116750 -0.01667183 0.02823352
v 0.03032231 -0.01706427 0.03022426
v 0.03032231 -0.01830565 0.02879905
v 0.02931720 -0.01877999 0.03063654
v 0.02932196 -0.01988941 0.02934879
v 0.02816289 -0.02043277 0.03103476
v 0.02817171 -0.02141493 0.02987968
v 0.02686548 -0.02201437 0.03141665
v 0.02687758 -0.02287501 0.03038895
v 0.02543121 -0.02351683 0.03178024
v 0.02544581 -0.02426189 0.03087365
v 0.02386766 -0.02493274 0.03212350
v 0.02388405 -0.02556884 0.03133136
v 0.02218264 -0.02625489 0.03244453
v 0.02220016 -0.02678924 0.03175944
v 0.02112817 -0.02701175 0.03259950
v 0.02040261 -0.02791702 0.03215563
v 0.01844066 -0.02894514 0.03257137
v 0.01850092 -0.02894663 0.03251779
v 0.01714241 -0.02971225 0.03257548
v 0.01851862 -0.02930122 0.03202223
v 0.01652145 -0.03015017 0.03242999
v 0.01853632 -0.02965587 0.03152674
v 0.01653844 -0.03042757 0.03201591
v 0.01855409 -0.03001046 0.03103119
v 0.01655542 -0.03070503 0.03160196
v 0.03301525 -0.00279587 0.03438389
v 0.03297239 -0.00335109 0.03428721
v 0.03294156 -0.00369877 0.03423434
v 0.03291088 -0.00400460 0.03420233
v 0.03286349 -0.00443637 0.03415846
v 0.03276914 -0.00519013 0.03408461
v 0.03281468 -0.00614017 0.03249305
v 0.03278778 -0.00794428 0.03048622
v 0.03241461 -0.00996756 0.03078347
v 0.03187739 -0.01196175 0.03107750
v 0.03117871 -0.01391679 0.03136664
v 0.03032237 -0.01582300 0.03164947
v 0.02931243 -0.01767063 0.03192436
v 0.02815407 -0.01945048 0.03218978
v 0.02685338 -0.02115380 0.03244441
v 0.02541661 -0.02277183 0.03268676
v 0.02489310 -0.02333545 0.03273212
v 0.02336525 -0.02498668 0.03266459
v 0.03243368 -0.00830793 0.03264170
v 0.03221499 -0.00832331 0.03379189
v 0.03188930 -0.01044458 0.03278869
v 0.03139394 -0.01142424 0.03351998
v 0.03118431 -0.01253932 0.03293329
v 0.03032153 -0.01440346 0.03328144
v 0.03032237 -0.01458162 0.03307473
v 0.02892917 -0.01738214 0.03306770
v 0.02773678 -0.01945906 0.03293538
v 0.02684849 -0.02080768 0.03285777
v 0.01570093 -0.03044784 0.03259730
v 0.01445508 -0.03110927 0.03244858
v 0.01281911 -0.03158128 0.03271096
v 0.01447081 -0.03131854 0.03210663
v 0.01231110 -0.03184795 0.03254258
v 0.01130557 -0.03200918 0.03281700
v 0.00980663 -0.03232954 0.03296959
v 0.00870204 -0.03251725 0.03309416
v 0.00825590 -0.03257113 0.03317928
v 0.00497591 -0.03295284 0.03345346
v 0.00660443 -0.03275448 0.03346055
v 0.00496972 -0.03292512 0.03360301
v 0.00496358 -0.03289752 0.03375244
v 0.00492233 -0.03289699 0.03378677
v 0.00422704 -0.03294783 0.03392076
v -0.00323445 -0.03301429 0.03409588
v -0.00396395 -0.03296595 0.03397071
v -0.00451863 -0.03292673 0.03386712
v -0.00478971 -0.03290688 0.03381359
v -0.00495380 -0.03289461 0.03378069
v -0.00980717 -0.03232954 0.03296959
v -0.01362442 -0.03134924 0.03260105
v -0.01339876 -0.03138804 0.03267961
v -0.01427531 -0.03106302 0.03264039
v -0.01510107 -0.03072005 0.03261250
v -0.01697325 -0.02996993 0.03234338
v -0.01570093 -0.03044784 0.03259736
v -0.01719343 -0.02968406 0.03257501
v -0.01844137 -0.02894484 0.03257137
v -0.02471894 -0.02353680 0.03272324
v -0.02550011 -0.02268433 0.03267365
v -0.02773630 -0.02002727 0.03227591
v -0.02684879 -0.02080774 0.03285777
v -0.02748811 -0.01985210 0.03291201
v -0.02543389 -0.02268868 0.03276169
v -0.02869206 -0.01782417 0.03303837
v -0.02960830 -0.01716381 0.03184890
v -0.02774631 -0.02096825 0.03116393
v -0.02961188 -0.01830935 0.03052341
v -0.02961540 -0.01945495 0.02919787
v -0.03108161 -0.01685553 0.02829700
v -0.03107666 -0.01821780 0.02674621
v -0.03107172 -0.01958000 0.02519547
v -0.03106677 -0.02094227 0.02364480
v -0.03207421 -0.02049738 0.02022433
v -0.03205883 -0.02208548 0.01843982
v -0.03204345 -0.02367359 0.01665538
v -0.03202800 -0.02526170 0.01487088
v -0.03254151 -0.02592080 0.01021915
v -0.02978390 -0.01564365 0.03318935
v -0.03032207 -0.01440280 0.03328150
v -0.03109151 -0.01413118 0.03139847
v -0.03109645 -0.01276904 0.03294920
v -0.03218203 -0.00938088 0.03271549
v -0.03122365 -0.01195782 0.03347551
v -0.03221529 -0.00832289 0.03379189
v -0.03276937 -0.00519013 0.03408461
v -0.03284710 -0.00589776 0.03247654
v -0.03216664 -0.01096892 0.03093105
v -0.03281933 -0.00771808 0.03045314
v -0.03215128 -0.01255702 0.02914661
v -0.03279155 -0.00953835 0.02842974
v -0.03276377 -0.01135855 0.02640634
v -0.03292471 -0.00980186 0.02587497
v -0.03273600 -0.01317894 0.02438288
v -0.03270822 -0.01499927 0.02235949
v -0.03210502 -0.01732128 0.02379322
v -0.03208965 -0.01890939 0.02200871
v -0.03286378 -0.00443613 0.03415846
v -0.03290951 -0.00402063 0.03420078
v -0.03293758 -0.00374293 0.03422904
v -0.03295058 -0.00360620 0.03424447
v -0.03296786 -0.00340819 0.03427708
v -0.03306621 -0.00200188 0.03449988
v -0.03301547 -0.00279587 0.03438389
v -0.03278315 -0.01760196 0.01724994
v -0.03268044 -0.01681953 0.02033603
v -0.03265266 -0.01863968 0.01831269
v -0.03259706 -0.02228039 0.01426583
v -0.03262490 -0.02046006 0.01628923
v 0.03270721 -0.01335662 0.02446573
v 0.03235751 -0.01494640 0.02520883
v 0.03184156 -0.01651322 0.02594387
v 0.03116190 -0.01804929 0.02666682
v 0.03032231 -0.01954704 0.02737385
v 0.02932679 -0.02099877 0.02806103
v 0.02818053 -0.02239722 0.02872461
v 0.02688968 -0.02373558 0.02936118
v 0.02546042 -0.02500689 0.02996706
v 0.02390044 -0.02620494 0.03053921
v 0.02221763 -0.02732372 0.03107428
v 0.02042055 -0.02835750 0.03156954
v 0.03268033 -0.01516073 0.02245891
v 0.03233844 -0.01660597 0.02335059
v 0.03182959 -0.01803040 0.02423268
v 0.03115630 -0.01942688 0.02510017
v 0.03032225 -0.02078843 0.02594858
v 0.02933156 -0.02210813 0.02677321
v 0.02818936 -0.02337950 0.02756959
v 0.02690172 -0.02459621 0.02833336
v 0.02547502 -0.02575188 0.02906054
v 0.02391684 -0.02684104 0.02974700
v 0.02223509 -0.02785807 0.03038918
v 0.02043843 -0.02879786 0.03098344
v 0.03257286 -0.02237731 0.01443165
v 0.03226225 -0.02324444 0.01591777
v 0.03178184 -0.02409905 0.01738780
v 0.03113389 -0.02493691 0.01883369
v 0.03032219 -0.02575385 0.02024775
v 0.02935069 -0.02654570 0.02162200
v 0.02822464 -0.02730852 0.02294933
v 0.02695006 -0.02803850 0.02422243
v 0.02553343 -0.02873194 0.02543419
v 0.02398234 -0.02938538 0.02657836
v 0.02230501 -0.02999567 0.02764862
v 0.02051007 -0.03055948 0.02863907
v 0.01860725 -0.03107428 0.02954459
v 0.01660633 -0.03153735 0.03035998
v 0.01451790 -0.03194636 0.03108096
v 0.01235312 -0.03229928 0.03170371
v -0.03256928 -0.02410066 0.01224237
v 0.03246539 -0.02959382 0.00640428
v 0.03218609 -0.02988290 0.00848490
v 0.03173403 -0.03016769 0.01054298
v 0.03111147 -0.03044700 0.01256722
v 0.03032213 -0.03071928 0.01454681
v 0.02936989 -0.03098320 0.01647090
v 0.02825993 -0.03123748 0.01832908
v 0.02699846 -0.03148078 0.02011138
v 0.02559185 -0.03171198 0.02180796
v 0.02404791 -0.03192979 0.02340984
v 0.02237492 -0.03213315 0.02490818
v 0.02058172 -0.03232109 0.02629482
v -0.01017093 -0.03299933 0.03131455
v -0.01374512 -0.03283143 0.03006905
v -0.01712793 -0.03261429 0.02846157
v -0.02027213 -0.03235095 0.02651453
v -0.02313417 -0.03204457 0.02425557
v -0.02567386 -0.03169947 0.02171611
v -0.02785623 -0.03131991 0.01893216
v -0.02965068 -0.03091078 0.01594263
v -0.01373004 -0.03264610 0.03038561
v -0.01711070 -0.03232048 0.02889281
v -0.02025419 -0.03192538 0.02708488
v -0.02311706 -0.03146600 0.02498728
v -0.02565938 -0.03094822 0.02262926
v -0.02784621 -0.03037881 0.02004414
v -0.02964717 -0.02976524 0.01726818
v -0.02964365 -0.02861964 0.01859366
v -0.02782624 -0.02849674 0.02226811
v -0.02781623 -0.02755570 0.02338010
v -0.02780628 -0.02661460 0.02449208
v -0.02779626 -0.02567356 0.02560412
v -0.02558702 -0.02719187 0.02719491
v -0.02557253 -0.02644062 0.02810800
v -0.02301460 -0.02799391 0.02937775
v -0.02555805 -0.02568942 0.02902114
v -0.02299749 -0.02741533 0.03010952
v -0.02554357 -0.02493816 0.02993422
v -0.02783626 -0.02943772 0.02115619
v -0.02564495 -0.03019690 0.02354240
v -0.02563047 -0.02944564 0.02445548
v -0.02308291 -0.03030860 0.02645075
v -0.02561599 -0.02869439 0.02536857
v -0.02306580 -0.02972990 0.02718245
v -0.02560150 -0.02794313 0.02628177
v -0.02304875 -0.02915132 0.02791428
v -0.02303165 -0.02857261 0.02864605
v -0.02016460 -0.02979773 0.02993685
v -0.02014666 -0.02937221 0.03050720
v -0.02310001 -0.03088730 0.02571910
v -0.02021837 -0.03107428 0.02822566
v -0.02020043 -0.03064882 0.02879607
v -0.02018249 -0.03022325 0.02936649
v -0.02023625 -0.03149980 0.02765536
v -0.01707637 -0.03173285 0.02975547
v -0.01705914 -0.03143900 0.03018677
v -0.01709353 -0.03202670 0.02932423
v -0.01369982 -0.03227561 0.03101855
v -0.01371496 -0.03246086 0.03070205
v -0.03212046 -0.01573318 0.02557766
v -0.03213584 -0.01414507 0.02736216
v -0.03108656 -0.01549339 0.02984774
v 0.03231942 -0.01826560 0.02149242
v 0.03181767 -0.01954758 0.02252143
v 0.03115069 -0.02080440 0.02353358
v 0.03032225 -0.02202981 0.02452343
v 0.02933633 -0.02321755 0.02548539
v 0.02819818 -0.02436172 0.02641451
v 0.02691382 -0.02545672 0.02730572
v 0.02548962 -0.02649688 0.02815395
v 0.02393317 -0.02747714 0.02895486
v 0.02225255 -0.02839243 0.02970409
v 0.02045637 -0.02923828 0.03039735
v 0.01453363 -0.03215557 0.03073906
v 0.01662331 -0.03181475 0.02994602
v 0.01862496 -0.03142893 0.02904909
v 0.02052801 -0.03099989 0.02805304
v 0.02232247 -0.03053003 0.02696353
v 0.02399873 -0.03002154 0.02578622
v 0.02554804 -0.02947694 0.02452766
v 0.02696216 -0.02889907 0.02319467
v 0.02823346 -0.02829068 0.02179431
v 0.02935552 -0.02765512 0.02033424
v 0.03032219 -0.02699524 0.01882249
v 0.03112828 -0.02631449 0.01726710
v 0.03176987 -0.02561622 0.01567661
v 0.03224325 -0.02490401 0.01405954
v 0.00501293 -0.03311890 0.03255647
v 0.00877517 -0.03304975 0.03168845
v 0.03249983 -0.00000195 0.00000000
v 0.03279095 0.00199807 0.03449988
v 0.03268748 0.00055187 0.01722002
v 0.03285968 0.00099804 0.03449988
v 0.03270930 0.00019672 0.01722687
v 0.03292846 -0.00000195 0.03449988
v 0.03274202 -0.00033604 0.01723712
v 0.03299719 -0.00100189 0.03449988
v 0.03276538 -0.00071651 0.01724445
v 0.03306597 -0.00200188 0.03449988
v -0.03250008 -0.00000195 0.00000000
v -0.03306621 -0.00200188 0.03449988
v -0.03276562 -0.00071652 0.01724445
v -0.03299748 -0.00100189 0.03449988
v -0.03274225 -0.00033604 0.01723712
v -0.03292870 -0.00000195 0.03449988
v -0.03270953 0.00019672 0.01722687
v -0.03285998 0.00099803 0.03449988
v -0.03268778 0.00055186 0.01722002
v -0.03279119 0.00199807 0.03449988
v -0.03250008 -0.03320193 0.00000000
v -0.03264164 -0.02540194 0.00862497
v -0.03250008 -0.00000195 0.00000000
v -0.03278315 -0.01760196 0.01724994
v -0.03292471 -0.00980186 0.02587497
v -0.03306621 -0.00200188 0.03449988
v 0.03209697 -0.00816870 0.03527355
v 0.03210133 -0.00820166 0.03489440
v 0.03272640 -0.00510871 0.03494882
v 0.03272843 -0.00512808 0.03472846
v 0.03284007 -0.00435120 0.03468608
v 0.03273652 -0.00514841 0.03450828
v 0.03284561 -0.00436753 0.03450655
v 0.03275030 -0.00516921 0.03429251
v 0.03285503 -0.00438410 0.03433054
v 0.03286349 -0.00443637 0.03415846
v 0.03291088 -0.00400460 0.03420233
v 0.03118717 -0.01120680 0.03504997
v 0.03118205 -0.01115602 0.03557634
v 0.02998697 -0.01405024 0.03585982
v 0.02852982 -0.01680552 0.03611290
v 0.02854591 -0.01687258 0.03532058
v 0.02999806 -0.01410621 0.03519290
v 0.03122580 -0.01126992 0.03452241
v 0.03212326 -0.00823909 0.03451585
v 0.02681589 -0.01941847 0.03633159
v 0.02683800 -0.01949310 0.03543114
v 0.02862870 -0.01697862 0.03453499
v 0.02694046 -0.01962530 0.03454035
v 0.02877551 -0.01712036 0.03377968
v 0.02712029 -0.01981109 0.03368926
v 0.02773678 -0.01945906 0.03293538
v 0.02684849 -0.02080768 0.03285777
v 0.02521443 -0.02232795 0.03361564
v 0.02489310 -0.02333545 0.03273212
v 0.02307379 -0.02464008 0.03355890
v 0.02336525 -0.02498668 0.03266459
v 0.02112817 -0.02701175 0.03259950
v 0.02071666 -0.02671736 0.03351938
v 0.01844066 -0.02894514 0.03257137
v 0.01816809 -0.02852892 0.03350013
v 0.01714241 -0.02971225 0.03257548
v 0.01545846 -0.03004211 0.03350722
v 0.01570093 -0.03044784 0.03259730
v 0.01261407 -0.03123241 0.03355991
v 0.01281911 -0.03158128 0.03271096
v 0.01130557 -0.03200918 0.03281700
v 0.00964129 -0.03209078 0.03368914
v 0.00980663 -0.03232954 0.03296959
v 0.00825590 -0.03257113 0.03317928
v 0.00650281 -0.03265148 0.03394591
v 0.00660443 -0.03275448 0.03346055
v 0.00492233 -0.03289699 0.03378677
v 0.00320703 -0.03299808 0.03428679
v 0.00422704 -0.03294783 0.03392076
v 0.00323421 -0.03301429 0.03409588
v 0.00158685 -0.03309631 0.03440117
v 0.00148195 -0.03310489 0.03431850
v -0.00000013 -0.03313082 0.03444206
v -0.00000013 -0.03313255 0.03438806
v -0.00159287 -0.03310054 0.03431147
v -0.00158679 -0.03309631 0.03440123
v -0.00230288 -0.03306829 0.03423219
v -0.00320685 -0.03299808 0.03428679
v -0.00323445 -0.03301429 0.03409588
v -0.00396395 -0.03296595 0.03397071
v -0.00451863 -0.03292673 0.03386712
v -0.00478971 -0.03290688 0.03381359
v -0.00650322 -0.03265148 0.03394591
v -0.00495380 -0.03289461 0.03378069
v -0.00660485 -0.03275448 0.03346055
v -0.00810593 -0.03259003 0.03320378
v -0.00964171 -0.03209078 0.03368914
v -0.00980717 -0.03232954 0.03296959
v -0.01100361 -0.03208017 0.03284668
v -0.01261341 -0.03123277 0.03355991
v -0.01281845 -0.03158158 0.03271102
v -0.01339876 -0.03138804 0.03267961
v -0.01427531 -0.03106302 0.03264039
v -0.01545840 -0.03004211 0.03350734
v -0.01510107 -0.03072005 0.03261250
v -0.01570093 -0.03044784 0.03259736
v -0.01719343 -0.02968406 0.03257501
v -0.01816880 -0.02852863 0.03350013
v -0.01844137 -0.02894484 0.03257137
v -0.02071708 -0.02671730 0.03351938
v -0.02108603 -0.02704614 0.03259867
v -0.02307474 -0.02463936 0.03355890
v -0.02336621 -0.02498596 0.03266465
v -0.02471894 -0.02353680 0.03272324
v -0.02521502 -0.02232772 0.03361564
v -0.02543389 -0.02268868 0.03276169
v -0.02684879 -0.02080774 0.03285777
v -0.02712023 -0.01981163 0.03368920
v -0.02748811 -0.01985210 0.03291201
v -0.02877563 -0.01712065 0.03377968
v -0.02869206 -0.01782417 0.03303837
v -0.02978390 -0.01564365 0.03318935
v -0.03017079 -0.01428568 0.03388673
v -0.03032207 -0.01440280 0.03328150
v -0.03122365 -0.01195782 0.03347551
v -0.03130167 -0.01132714 0.03400963
v -0.03221529 -0.00832289 0.03379189
v -0.03216217 -0.00827956 0.03414618
v -0.03276937 -0.00519013 0.03408461
v -0.03275054 -0.00516915 0.03429251
v -0.03286378 -0.00443613 0.03415846
v -0.03285526 -0.00438410 0.03433054
v -0.03290951 -0.00402063 0.03420078
v -0.03289990 -0.00400275 0.03434914
v -0.03292268 -0.00379360 0.03435963
v -0.03289282 -0.00398421 0.03450572
v -0.03291606 -0.00378013 0.03450530
v -0.03288881 -0.00396585 0.03466498
v -0.03291207 -0.00376677 0.03465396
v -0.03272670 -0.00510865 0.03494882
v -0.03293377 -0.00357109 0.03463965
v -0.03300935 -0.00278515 0.03456115
v -0.03293728 -0.00358283 0.03450465
v -0.03301072 -0.00278872 0.03450059
v -0.03294295 -0.00359458 0.03437227
v -0.03301280 -0.00279230 0.03444123
v -0.03296786 -0.00340819 0.03427708
v -0.03301547 -0.00279587 0.03438389
v -0.03306621 -0.00200188 0.03449988
v 0.02486401 -0.02186197 0.03650981
v 0.02489107 -0.02193945 0.03552156
v 0.02500963 -0.02209705 0.03454416
v 0.02269315 -0.02410882 0.03664195
v 0.02272570 -0.02418678 0.03558808
v 0.02285498 -0.02436697 0.03454506
v 0.02036094 -0.02621555 0.03562599
v 0.02007013 -0.02633178 0.03672528
v 0.01781862 -0.02800774 0.03562700
v 0.01723402 -0.02826964 0.03672587
v 0.01512414 -0.02954590 0.03557986
v 0.01477122 -0.02963167 0.03664577
v 0.01230007 -0.03081744 0.03546631
v 0.01220750 -0.03077876 0.03645312
v 0.00924081 -0.03179895 0.03606361
v 0.00621640 -0.03253096 0.03550773
v 0.00630623 -0.03253661 0.03498125
v 0.00935221 -0.03181755 0.03526574
v 0.00948775 -0.03191620 0.03446161
v 0.01243776 -0.03097140 0.03448861
v 0.00315148 -0.03297919 0.03468698
v 0.00312418 -0.03297739 0.03488922
v 0.00156861 -0.03308963 0.03468567
v 0.00157481 -0.03309081 0.03458923
v -0.00000013 -0.03312742 0.03461182
v -0.00000013 -0.03312819 0.03455489
v -0.00157422 -0.03309081 0.03458917
v -0.00158059 -0.03309303 0.03449428
v -0.00317871 -0.03298622 0.03448486
v -0.00640297 -0.03257745 0.03445637
v -0.00156712 -0.03308963 0.03469300
v -0.00315046 -0.03297929 0.03468692
v -0.00630665 -0.03253661 0.03498125
v -0.00948805 -0.03191620 0.03446161
v -0.01243710 -0.03097176 0.03448855
v -0.00312102 -0.03297764 0.03489929
v -0.00621682 -0.03253096 0.03550773
v -0.00935238 -0.03181755 0.03526574
v -0.01229941 -0.03081780 0.03546625
v -0.01526165 -0.02973365 0.03451371
v -0.01795613 -0.02820795 0.03453165
v -0.00924128 -0.03179895 0.03606045
v -0.01220685 -0.03077912 0.03645294
v -0.01477116 -0.02963179 0.03664642
v -0.01512414 -0.02954590 0.03557986
v -0.01723474 -0.02826935 0.03672587
v -0.01781934 -0.02800744 0.03562700
v -0.02007102 -0.02633124 0.03672510
v -0.02036136 -0.02621537 0.03562599
v -0.02269411 -0.02410811 0.03664195
v -0.02272671 -0.02418613 0.03558808
v -0.02489185 -0.02193903 0.03552156
v -0.02501028 -0.02209675 0.03454416
v -0.02694058 -0.01962548 0.03454035
v -0.02486485 -0.02186137 0.03650921
v -0.02683842 -0.01949286 0.03543114
v -0.02862900 -0.01697862 0.03453499
v -0.02681654 -0.01941794 0.03633010
v -0.02854633 -0.01687228 0.03532058
v -0.03006070 -0.01418519 0.03452885
v -0.02853041 -0.01680499 0.03611141
v -0.02999866 -0.01410555 0.03519278
v -0.03122985 -0.01125901 0.03452241
v -0.02998751 -0.01404964 0.03585976
v -0.03118950 -0.01120102 0.03504967
v -0.03212362 -0.00823867 0.03451585
v -0.03118264 -0.01115500 0.03557878
v -0.03210169 -0.00820130 0.03489434
v -0.03273677 -0.00514835 0.03450828
v -0.03209728 -0.00816834 0.03527343
v -0.03272873 -0.00512803 0.03472846
v -0.03284591 -0.00436753 0.03450655
v -0.03284031 -0.00435120 0.03468608
v -0.03306621 -0.00200188 0.03449988
v -0.03295058 -0.00360620 0.03424447
v -0.03293758 -0.00374293 0.03422904
v 0.02892917 -0.01738214 0.03306770
v 0.03032153 -0.01440346 0.03328144
v 0.03017020 -0.01428633 0.03388667
v 0.03139394 -0.01142424 0.03351998
v 0.03129607 -0.01134318 0.03400897
v 0.03216183 -0.00827998 0.03414618
v 0.03221499 -0.00832331 0.03379189
v 0.03276914 -0.00519013 0.03408461
v 0.03294156 -0.00369877 0.03423434
v 0.03292238 -0.00379360 0.03435963
v 0.03290098 -0.00399059 0.03434973
v 0.03289353 -0.00397617 0.03450572
v 0.03288900 -0.00396180 0.03466480
v 0.03295027 -0.00360668 0.03424441
v 0.03294265 -0.00359499 0.03437221
v 0.03291583 -0.00378013 0.03450530
v 0.03293699 -0.00358307 0.03450465
v 0.03291183 -0.00376677 0.03465396
v 0.03293353 -0.00357115 0.03463965
v 0.03300910 -0.00278503 0.03456115
v 0.03306597 -0.00200188 0.03449988
v 0.03297239 -0.00335109 0.03428721
v 0.03301256 -0.00279230 0.03444123
v 0.03301048 -0.00278872 0.03450059
v 0.03306597 -0.00200188 0.03449988
v 0.03301525 -0.00279587 0.03438389
v 0.03306597 -0.00200188 0.03449988
v -0.03306621 -0.00200188 0.03449988
v 0.03306597 -0.00200188 0.03449988
v 0.03006017 -0.01418590 0.03452885
v 0.02049583 -0.02641165 0.03454154
v 0.01795542 -0.02820825 0.03453165
v 0.01526170 -0.02973359 0.03451371
v 0.00640255 -0.03257745 0.03445637
v 0.00317931 -0.03298616 0.03448486
v 0.00158089 -0.03309303 0.03449428
v -0.00000013 -0.03312927 0.03449791
v -0.02049624 -0.02641159 0.03454154
v -0.02285593 -0.02436631 0.03454506
v -0.00048950 -0.03302186 0.04629993
v -0.00016326 -0.03302507 0.04629993
v -0.00031536 -0.03273630 0.04629993
v 0.00016301 -0.03302507 0.04629993
v 0.00031511 -0.03273630 0.04629993
v 0.00048925 -0.03302186 0.04629993
v -0.00000013 -0.03262436 0.04629993
v -0.00047601 0.03296703 0.04629993
v -0.00029448 0.03271627 0.04629993
v -0.00015876 0.03297007 0.04629993
v 0.00029422 0.03271627 0.04629993
v 0.00015850 0.03297007 0.04629993
v 0.00047574 0.03296703 0.04629993
v -0.00000013 0.03262047 0.04629993
v 0.00049987 -0.03319406 0.03269988
v 0.00049987 -0.03290194 0.03269988
v 0.00045671 -0.03320193 0.03249675
v 0.00040438 -0.03290194 0.03240603
v 0.00027226 -0.03320193 0.03228068
v 0.00015438 -0.03290194 0.03222441
v -0.00000013 -0.03320193 0.03219997
v -0.00015464 -0.03290194 0.03222441
v -0.00027251 -0.03320193 0.03228068
v -0.00040464 -0.03290194 0.03240603
v -0.00045697 -0.03320193 0.03249675
v -0.00050013 -0.03290194 0.03269988
v -0.00050013 -0.03319406 0.03269988
v 0.00049987 -0.03319406 0.03269988
v 0.00049987 -0.03318636 0.03289997
v 0.00049987 -0.03290194 0.03269988
v 0.00049987 -0.03317862 0.03309988
v 0.00049987 -0.03290194 0.03349995
v 0.00049987 -0.03317093 0.03329998
v 0.00049987 -0.03316323 0.03349995
v 0.00049987 -0.03316323 0.03349995
v 0.00047167 -0.03315711 0.03366547
v 0.00049987 -0.03290194 0.03349995
v 0.00040438 -0.03290194 0.03379380
v 0.00034997 -0.03315078 0.03385692
v 0.00015438 -0.03290194 0.03397548
v 0.00021203 -0.03314805 0.03395271
v -0.00000993 -0.03314685 0.03399986
v -0.00015464 -0.03290194 0.03397548
v -0.00017480 -0.03314769 0.03396844
v -0.00035560 -0.03315097 0.03385156
v -0.00040464 -0.03290194 0.03379380
v -0.00045192 -0.03315544 0.03371417
v -0.00050013 -0.03290194 0.03349995
v -0.00050013 -0.03316323 0.03349995
v -0.00050013 -0.03316323 0.03349995
v -0.00050013 -0.03317093 0.03329998
v -0.00050013 -0.03290194 0.03349995
v -0.00050013 -0.03317862 0.03309988
v -0.00050013 -0.03290194 0.03269988
v -0.00050013 -0.03318636 0.03289997
v -0.00050013 -0.03319406 0.03269988
v -0.00040464 -0.03290194 0.03240603
v -0.00015464 -0.03290194 0.03222441
v -0.00050013 -0.03290194 0.03269988
v -0.00050013 -0.03290194 0.03349995
v -0.00015464 -0.03290194 0.03397548
v -0.00050013 -0.03290194 0.03349995
v -0.00015464 -0.03290194 0.03397548
v -0.00040464 -0.03290194 0.03379380
v 0.00015438 -0.03290194 0.03222441
v 0.00015438 -0.03290194 0.03397548
v 0.00049987 -0.03290194 0.03269988
v 0.00049987 -0.03290194 0.03349995
v 0.00015438 -0.03290194 0.03222441
v 0.00040438 -0.03290194 0.03240603
v 0.00049987 -0.03290194 0.03269988
v 0.00049987 -0.03290194 0.03349995
v 0.00040438 -0.03290194 0.03379380
v 0.00015438 -0.03290194 0.03397548
f 1 2 3
f 3 2 4
f 4 2 5
f 5 2 6
f 5 6 7
f 7 6 8
f 7 8 9
f 9 8 10
f 9 10 11
f 11 10 12
f 11 12 13
f 13 12 14
f 13 14 15
f 15 14 16
f 15 16 17
f 17 16 18
f 17 18 19
f 19 18 20
f 19 20 21
f 21 20 22
f 21 22 23
f 23 22 24
f 25 26 27
f 27 26 28
f 27 28 29
f 29 30 31
f 32 33 34
f 34 33 35
f 36 37 38
f 38 37 39
f 40 41 42
f 43 44 45
f 45 44 46
f 45 46 47
f 47 46 48
f 47 48 49
f 49 48 50
f 49 50 51
f 51 50 52
f 51 52 53
f 53 52 54
f 53 54 55
f 55 54 56
f 55 56 57
f 57 56 58
f 57 58 59
f 59 58 60
f 59 60 61
f 61 60 62
f 61 62 63
f 63 62 64
f 63 64 65
f 65 66 67
f 65 67 68
f 68 67 69
f 68 69 70
f 70 69 71
f 70 71 72
f 72 71 73
f 72 73 74
f 74 73 75
f 74 75 76
f 76 75 77
f 76 77 78
f 78 77 79
f 78 79 80
f 80 79 81
f 80 81 82
f 82 81 83
f 82 83 84
f 84 83 85
f 84 85 86
f 86 85 87
f 86 87 88
f 88 87 89
f 88 89 90
f 90 89 91
f 90 91 92
f 92 91 93
f 92 93 94
f 94 93 95
f 94 95 96
f 96 95 97
f 96 97 98
f 98 97 99
f 98 99 100
f 100 99 101
f 100 101 102
f 102 101 103
f 102 103 104
f 104 103 105
f 104 105 106
f 106 105 107
f 106 107 108
f 108 107 109
f 108 109 110
f 110 109 111
f 110 111 112
f 112 111 113
f 112 113 114
f 114 113 115
f 114 115 116
f 116 115 117
f 116 117 118
f 118 117 119
f 118 119 120
f 120 119 121
f 120 121 122
f 122 121 123
f 122 123 124
f 124 123 125
f 124 125 126
f 126 125 127
f 126 127 128
f 128 127 129
f 128 129 130
f 130 129 131
f 130 131 132
f 132 131 133
f 132 133 134
f 134 133 135
f 134 135 136
f 136 135 43
f 136 43 45
f 137 138 139
f 139 138 140
f 139 140 141
f 141 140 142
f 141 142 143
f 143 142 144
f 143 144 145
f 145 144 146
f 145 146 147
f 147 146 148
f 147 148 149
f 150 151 149
f 149 151 152
f 149 152 153
f 153 152 154
f 155 156 150
f 150 156 157
f 150 157 158
f 158 157 159
f 158 159 160
f 160 159 161
f 160 161 162
f 155 163 156
f 156 163 164
f 156 164 165
f 165 166 156
f 156 166 167
f 156 167 168
f 156 168 169
f 169 168 170
f 169 170 171
f 171 170 172
f 171 172 173
f 173 172 174
f 175 176 170
f 170 176 177
f 170 177 178
f 178 177 179
f 178 179 180
f 181 182 175
f 175 182 183
f 175 183 184
f 184 183 185
f 185 183 186
f 185 186 187
f 187 186 188
f 188 186 189
f 188 189 190
f 190 189 191
f 190 191 192
f 192 191 193
f 193 191 158
f 158 191 194
f 158 194 150
f 150 194 195
f 150 195 196
f 196 195 197
f 198 199 181
f 181 199 200
f 181 200 201
f 202 203 198
f 198 203 204
f 198 204 205
f 205 204 206
f 206 204 207
f 206 207 208
f 208 207 209
f 208 209 210
f 210 209 211
f 210 211 212
f 213 147 202
f 202 147 214
f 202 214 215
f 215 214 216
f 216 214 217
f 217 214 218
f 217 218 219
f 219 218 220
f 213 145 147
f 221 181 222
f 222 181 223
f 222 223 224
f 224 223 225
f 226 227 221
f 221 227 228
f 221 228 229
f 226 230 227
f 227 230 231
f 231 230 150
f 231 150 196
f 232 151 230
f 230 151 150
f 152 151 233
f 233 151 234
f 233 234 199
f 199 234 200
f 181 201 235
f 235 201 236
f 235 236 237
f 235 223 181
f 238 239 240
f 240 239 241
f 240 241 242
f 242 241 243
f 242 243 244
f 244 243 245
f 245 243 203
f 245 203 246
f 246 203 247
f 247 203 202
f 247 202 248
f 248 202 249
f 249 202 250
f 250 202 251
f 251 202 215
f 239 238 149
f 149 238 147
f 242 252 240
f 240 252 253
f 253 252 254
f 253 254 255
f 256 257 252
f 252 257 258
f 252 258 254
f 253 255 259
f 259 255 260
f 259 260 261
f 261 260 262
f 261 262 263
f 263 262 264
f 265 241 239
f 243 266 203
f 204 267 207
f 211 209 268
f 268 209 269
f 268 269 270
f 270 269 271
f 271 269 272
f 272 269 273
f 273 269 149
f 273 149 153
f 269 239 149
f 153 274 273
f 273 274 275
f 275 274 276
f 276 274 277
f 277 274 278
f 277 278 279
f 274 280 278
f 278 280 281
f 281 280 282
f 282 280 198
f 282 198 283
f 283 198 284
f 284 198 205
f 280 285 198
f 198 285 286
f 198 286 287
f 285 288 286
f 286 288 289
f 290 291 287
f 287 291 292
f 287 292 198
f 198 292 199
f 293 294 295
f 295 294 277
f 295 277 296
f 296 277 279
f 296 279 297
f 297 279 298
f 298 279 299
f 299 279 300
f 299 300 301
f 301 300 302
f 293 303 294
f 294 303 304
f 304 303 305
f 304 305 306
f 306 305 307
f 306 307 308
f 308 307 309
f 308 309 310
f 310 309 311
f 310 311 312
f 312 311 313
f 297 314 296
f 296 314 315
f 315 314 316
f 315 316 317
f 318 319 317
f 317 319 315
f 171 173 157
f 157 173 320
f 157 320 321
f 183 182 322
f 322 182 323
f 322 323 189
f 189 323 191
f 324 325 326
f 326 325 175
f 326 175 184
f 325 327 175
f 175 327 328
f 175 328 329
f 160 330 327
f 327 330 331
f 327 331 332
f 178 172 170
f 321 333 157
f 157 333 334
f 157 334 335
f 334 333 180
f 180 333 178
f 336 337 338
f 338 337 339
f 338 339 335
f 335 339 340
f 335 340 341
f 337 336 342
f 342 336 343
f 342 343 344
f 344 343 176
f 344 176 329
f 329 176 175
f 343 345 176
f 177 346 179
f 332 347 327
f 327 347 328
f 341 159 335
f 335 159 157
f 162 348 160
f 160 348 330
f 330 349 331
f 331 349 350
f 350 349 351
f 350 351 352
f 353 354 349
f 349 354 355
f 349 355 356
f 353 357 354
f 356 351 349
f 358 359 352
f 352 359 360
f 352 360 350
f 361 362 358
f 358 362 363
f 358 363 359
f 196 364 231
f 221 229 181
f 181 229 365
f 181 365 366
f 366 365 367
f 367 365 368
f 367 368 369
f 366 182 181
f 194 370 195
f 371 372 373
f 373 372 374
f 373 374 375
f 375 374 376
f 375 376 377
f 377 376 378
f 377 378 379
f 379 378 380
f 379 380 381
f 381 380 382
f 381 382 383
f 383 382 384
f 383 384 385
f 385 384 386
f 385 386 387
f 387 386 388
f 387 388 389
f 389 388 390
f 389 390 391
f 391 390 392
f 391 392 393
f 393 392 394
f 393 394 395
f 395 394 396
f 395 396 397
f 397 396 398
f 397 398 399
f 399 398 400
f 399 400 401
f 401 400 402
f 401 402 403
f 403 402 404
f 403 404 405
f 405 404 406
f 405 406 407
f 407 406 408
f 407 408 409
f 409 408 410
f 409 410 411
f 411 410 412
f 411 412 413
f 413 412 414
f 413 414 415
f 415 414 416
f 415 416 417
f 417 416 418
f 417 418 419
f 419 418 420
f 419 420 421
f 421 420 422
f 419 421 423
f 423 421 424
f 423 424 425
f 423 425 426
f 426 425 427
f 426 427 428
f 428 427 429
f 428 429 430
f 430 429 431
f 430 431 432
f 432 431 433
f 432 433 434
f 434 433 435
f 434 435 436
f 436 435 437
f 436 437 438
f 438 437 439
f 438 439 440
f 440 439 441
f 440 441 442
f 442 441 443
f 442 443 444
f 444 443 445
f 444 445 446
f 446 445 447
f 446 447 448
f 449 450 445
f 445 450 451
f 445 451 447
f 446 448 452
f 452 448 453
f 452 453 454
f 454 455 452
f 452 455 456
f 452 456 457
f 457 458 452
f 452 458 459
f 452 459 393
f 393 459 391
f 458 460 459
f 459 460 461
f 459 461 391
f 391 461 389
f 460 462 461
f 461 462 463
f 461 463 389
f 389 463 387
f 462 464 463
f 463 464 465
f 463 465 387
f 387 465 385
f 464 466 465
f 465 466 467
f 465 467 385
f 385 467 383
f 466 468 467
f 467 468 469
f 467 469 383
f 383 469 381
f 468 470 469
f 469 470 471
f 469 471 381
f 381 471 379
f 470 472 471
f 471 472 473
f 471 473 379
f 379 473 377
f 472 474 473
f 473 474 475
f 473 475 377
f 377 475 375
f 474 476 475
f 475 476 477
f 475 477 375
f 375 477 373
f 476 478 477
f 477 478 479
f 477 479 373
f 373 479 371
f 478 480 479
f 479 480 371
f 452 393 395
f 446 452 395
f 446 395 397
f 444 446 397
f 444 397 399
f 442 444 399
f 442 399 401
f 440 442 401
f 440 401 403
f 438 440 403
f 438 403 405
f 436 438 405
f 436 405 407
f 434 436 407
f 434 407 409
f 432 434 409
f 432 409 411
f 430 432 411
f 430 411 413
f 428 430 413
f 428 413 415
f 426 428 415
f 426 415 417
f 423 426 417
f 423 417 419
f 481 482 483
f 483 482 484
f 484 482 485
f 485 482 486
f 487 488 489
f 489 488 490
f 490 488 491
f 490 491 492
f 492 491 493
f 492 493 494
f 494 493 495
f 494 495 496
f 494 496 497
f 497 496 498
f 497 498 499
f 499 498 500
f 499 500 501
f 501 500 502
f 501 502 503
f 503 502 504
f 503 504 505
f 503 505 506
f 506 505 507
f 506 507 508
f 508 507 509
f 508 509 510
f 510 509 511
f 510 511 512
f 512 511 513
f 512 513 514
f 512 514 515
f 515 514 516
f 515 516 517
f 517 516 518
f 517 518 519
f 519 518 520
f 519 520 521
f 519 521 522
f 522 521 523
f 522 523 524
f 524 523 525
f 524 525 526
f 526 525 527
f 526 527 528
f 528 527 529
f 528 529 530
f 528 530 531
f 531 530 532
f 531 532 533
f 533 532 534
f 533 534 535
f 535 534 536
f 535 536 537
f 535 537 538
f 538 537 539
f 538 539 540
f 540 539 541
f 540 541 542
f 542 541 543
f 542 543 544
f 544 543 545
f 546 547 548
f 548 547 549
f 548 549 550
f 550 551 548
f 548 551 552
f 548 552 553
f 553 554 548
f 548 554 555
f 548 555 556
f 556 557 548
f 548 557 558
f 548 558 559
f 559 558 560
f 559 560 561
f 561 562 559
f 559 562 563
f 559 563 564
f 559 564 565
f 565 564 566
f 565 566 567
f 567 566 568
f 567 568 569
f 569 568 570
f 569 570 571
f 571 570 572
f 571 572 573
f 573 572 574
f 573 574 575
f 575 574 576
f 575 576 577
f 577 576 578
f 577 578 579
f 580 581 548
f 548 581 582
f 548 582 583
f 584 585 586
f 586 585 587
f 586 587 588
f 583 589 548
f 548 589 590
f 548 590 591
f 591 592 548
f 548 592 593
f 548 593 546
f 594 595 596
f 596 595 597
f 598 599 600
f 600 599 601
f 600 601 602
f 602 601 603
f 602 603 604
f 604 603 605
f 604 605 606
f 606 605 607
f 606 607 608
f 608 607 609
f 608 609 610
f 610 609 611
f 610 611 612
f 612 611 613
f 612 613 614
f 614 613 615
f 614 615 616
f 616 615 617
f 616 617 618
f 618 617 619
f 618 619 620
f 620 619 621
f 620 621 622
f 622 621 623
f 622 623 624
f 624 623 625
f 624 625 626
f 626 625 627
f 626 627 628
f 628 627 629
f 628 629 630
f 630 629 631
f 630 631 632
f 632 631 633
f 632 633 634
f 634 633 635
f 634 635 636
f 636 635 637
f 636 637 638
f 638 637 639
f 638 639 640
f 640 639 641
f 640 641 642
f 642 641 643
f 642 643 644
f 644 643 645
f 644 645 646
f 646 645 647
f 646 647 648
f 648 647 649
f 648 649 650
f 650 649 651
f 650 651 652
f 652 651 653
f 652 653 654
f 654 653 655
f 654 655 656
f 656 655 657
f 656 657 658
f 658 657 659
f 658 659 660
f 660 659 661
f 660 661 662
f 662 661 663
f 662 663 664
f 664 663 665
f 664 665 666
f 666 665 667
f 666 667 668
f 668 667 669
f 668 669 670
f 670 669 671
f 670 671 672
f 672 671 673
f 672 673 674
f 674 673 675
f 674 675 676
f 676 675 677
f 676 677 678
f 678 677 679
f 678 679 680
f 680 679 681
f 680 681 682
f 682 681 683
f 682 683 684
f 684 683 685
f 684 685 686
f 686 685 687
f 686 687 594
f 594 687 595
f 688 689 690
f 690 689 691
f 690 691 692
f 692 693 690
f 690 693 694
f 694 693 695
f 694 695 696
f 696 695 697
f 696 697 698
f 698 697 699
f 698 699 700
f 700 699 701
f 701 699 702
f 703 704 705
f 706 707 708
f 708 707 709
f 709 707 710
f 710 707 711
f 712 713 714
f 714 713 715
f 714 715 716
f 713 712 717
f 717 712 718
f 717 718 719
f 719 718 720
f 719 720 721
f 721 720 722
f 721 722 723
f 723 722 724
f 723 725 721
f 721 725 726
f 727 728 729
f 729 728 730
f 729 730 731
f 731 730 732
f 731 732 733
f 733 732 734
f 733 734 735
f 735 734 736
f 736 734 737
f 736 737 738
f 738 737 739
f 738 739 740
f 740 739 741
f 740 741 742
f 742 741 743
f 743 741 744
f 743 744 745
f 745 744 746
f 745 746 747
f 747 746 748
f 747 748 749
f 749 748 750
f 750 748 751
f 750 751 752
f 752 751 753
f 752 753 754
f 754 753 755
f 754 755 756
f 756 755 757
f 756 757 758
f 758 757 759
f 758 759 760
f 761 762 753
f 753 762 755
f 760 763 758
f 758 763 764
f 764 763 765
f 764 765 766
f 766 767 764
f 764 767 768
f 768 767 769
f 768 769 770
f 770 769 771
f 770 771 772
f 772 771 773
f 772 773 774
f 774 773 775
f 775 773 776
f 775 776 777
f 777 776 778
f 777 778 779
f 779 778 780
f 779 780 781
f 781 780 782
f 782 780 783
f 782 783 784
f 784 783 785
f 784 785 786
f 786 785 787
f 786 787 788
f 788 787 789
f 789 787 790
f 789 790 791
f 791 790 792
f 791 792 793
f 793 792 794
f 793 794 795
f 796 797 798
f 799 800 801
f 802 803 804
f 802 804 805
f 805 806 802
f 802 806 807
f 169 808 156
f 156 808 809
f 156 809 810
f 171 811 169
f 169 811 812
f 169 812 813
f 813 812 814
f 813 814 815
f 157 816 171
f 171 816 817
f 171 817 818
f 156 819 157
f 157 819 820
f 157 820 821
f 813 822 169
f 169 822 823
f 169 823 808
f 810 824 156
f 156 824 825
f 156 825 826
f 826 825 827
f 826 819 156
f 819 828 820
f 821 829 157
f 157 829 830
f 157 830 816
f 818 831 171
f 171 831 832
f 171 832 833
f 833 811 171
f 815 834 813
f 813 834 835
f 835 834 836
f 835 836 837
f 834 838 836
f 837 839 835
f 822 813 823
f 823 813 835
f 823 835 808
f 808 835 809
f 809 835 839
f 809 839 810
f 810 839 837
f 810 837 824
f 824 837 836
f 824 836 825
f 825 836 838
f 825 838 827
f 827 838 840
f 827 840 828
f 828 840 841
f 828 841 820
f 820 841 821
f 821 841 842
f 821 842 829
f 829 842 843
f 829 843 830
f 830 843 816
f 816 843 844
f 816 844 817
f 817 844 845
f 817 845 818
f 818 845 846
f 818 846 831
f 831 846 847
f 831 847 832
f 832 847 848
f 832 848 833
f 833 848 849
f 833 849 811
f 811 849 812
f 812 849 850
f 812 850 814
f 814 850 851
f 814 851 815
f 815 851 834
f 834 851 852
f 834 852 838
f 838 852 840
f 819 826 828
f 828 826 827
f 253 220 240
f 240 220 218
f 240 218 238
f 238 218 147
f 147 218 214
f 253 259 220
f 220 259 261
f 220 261 219
f 219 261 263
f 219 263 217
f 217 263 264
f 217 264 216
f 216 264 262
f 216 262 215
f 215 262 260
f 215 260 251
f 251 260 250
f 250 260 255
f 250 255 249
f 249 255 248
f 248 255 254
f 248 254 247
f 247 254 258
f 247 258 257
f 247 257 246
f 246 257 256
f 246 256 245
f 245 256 244
f 244 256 252
f 244 252 242
f 239 853 265
f 265 853 854
f 265 854 267
f 267 854 855
f 267 855 207
f 207 855 209
f 209 855 856
f 209 856 269
f 269 856 853
f 269 853 239
f 265 267 266
f 266 267 204
f 266 204 203
f 243 241 266
f 266 241 265
f 154 152 290
f 290 152 233
f 290 233 291
f 291 233 199
f 291 199 292
f 290 287 154
f 154 287 286
f 154 286 289
f 288 280 289
f 289 280 274
f 289 274 153
f 288 285 280
f 153 154 289
f 189 186 322
f 322 186 183
f 857 858 859
f 859 858 860
f 326 861 324
f 324 861 862
f 324 862 327
f 327 862 160
f 160 862 863
f 160 863 158
f 158 863 864
f 158 864 193
f 193 864 865
f 193 865 866
f 861 326 867
f 867 326 184
f 867 184 868
f 868 184 185
f 868 185 869
f 869 185 187
f 869 187 188
f 869 188 870
f 870 188 190
f 870 190 871
f 871 190 192
f 871 192 866
f 866 192 193
f 327 325 324
f 172 178 174
f 174 178 333
f 174 333 321
f 321 320 174
f 174 320 173
f 335 860 338
f 338 860 858
f 338 858 346
f 346 858 857
f 346 857 179
f 179 857 180
f 180 857 859
f 180 859 334
f 334 859 860
f 334 860 335
f 338 346 345
f 345 346 177
f 345 177 176
f 343 336 345
f 345 336 338
f 862 861 863
f 863 861 864
f 864 861 867
f 864 867 868
f 868 869 864
f 864 869 870
f 864 870 871
f 866 865 871
f 871 865 864
f 368 364 369
f 369 364 196
f 369 196 872
f 872 196 197
f 364 368 228
f 228 368 365
f 228 365 229
f 228 227 364
f 364 227 231
f 872 197 369
f 369 197 873
f 331 350 332
f 332 350 360
f 332 360 347
f 347 360 359
f 347 359 328
f 328 359 363
f 328 363 329
f 329 363 362
f 329 362 361
f 329 361 344
f 344 361 358
f 344 358 342
f 342 358 352
f 342 352 337
f 337 352 351
f 337 351 339
f 339 351 340
f 340 351 356
f 340 356 341
f 341 356 355
f 341 355 159
f 159 355 354
f 159 354 357
f 159 357 161
f 161 357 353
f 161 353 162
f 162 353 348
f 348 353 349
f 348 349 330
f 370 369 195
f 195 369 873
f 195 873 197
f 194 323 370
f 370 323 367
f 370 367 369
f 194 191 323
f 323 182 367
f 367 182 366
f 222 224 221
f 221 224 226
f 226 224 225
f 226 225 230
f 230 225 232
f 232 225 223
f 232 223 235
f 235 237 232
f 232 237 151
f 151 237 234
f 234 237 200
f 200 237 236
f 200 236 201
f 855 854 856
f 856 854 853
f 840 852 841
f 841 852 844
f 841 844 842
f 842 844 843
f 851 850 852
f 852 850 849
f 852 849 844
f 844 849 845
f 845 849 848
f 845 848 847
f 847 846 845
f 874 875 876
f 877 878 879
f 877 879 880
f 880 879 881
f 880 881 882
f 882 881 883
f 884 885 886
f 879 878 887
f 887 878 888
f 887 888 889
f 889 888 890
f 889 890 891
f 889 891 892
f 892 891 893
f 892 893 894
f 894 893 895
f 894 895 896
f 896 895 897
f 896 897 898
f 898 897 899
f 898 899 900
f 898 900 901
f 901 900 902
f 901 902 903
f 903 902 904
f 903 904 905
f 905 904 906
f 905 906 907
f 905 907 908
f 908 907 909
f 908 909 910
f 910 911 908
f 908 911 912
f 912 911 913
f 912 913 914
f 915 916 917
f 912 918 919
f 912 919 920
f 920 919 921
f 920 921 922
f 922 921 923
f 922 923 924
f 924 923 925
f 924 925 926
f 926 925 927
f 926 927 928
f 928 927 929
f 928 929 930
f 930 929 931
f 930 931 932
f 932 931 933
f 932 933 934
f 934 933 935
f 934 935 936
f 936 935 937
f 936 937 938
f 938 937 939
f 938 939 940
f 940 939 941
f 940 941 942
f 940 942 943
f 943 942 944
f 943 944 945
f 945 944 946
f 945 946 947
f 947 946 948
f 947 948 949
f 949 948 950
f 949 950 951
f 951 950 952
f 951 952 953
f 953 952 954
f 953 954 955
f 955 954 956
f 955 956 957
f 957 956 958
f 957 958 959
f 959 958 960
f 959 960 961
f 961 960 962
f 961 962 963
f 963 962 964
f 963 964 965
f 965 964 966
f 965 966 967
f 968 969 965
f 965 969 970
f 970 969 971
f 970 971 972
f 972 973 970
f 970 973 974
f 974 973 975
f 974 975 976
f 974 976 977
f 977 976 978
f 979 980 981
f 982 983 977
f 977 983 984
f 984 983 985
f 984 985 986
f 984 986 987
f 987 986 988
f 987 988 989
f 987 989 990
f 990 989 991
f 990 991 992
f 990 992 993
f 993 992 994
f 993 994 995
f 993 995 996
f 996 995 997
f 996 997 998
f 996 998 999
f 999 998 1000
f 999 1000 1001
f 1001 1000 1002
f 1001 1002 1003
f 1001 1003 881
f 881 1003 883
f 1004 1005 1006
f 1006 1005 1007
f 1008 1009 1010
f 1010 1011 1008
f 1012 1013 1014
f 1014 1013 1015
f 1014 1015 1016
f 1016 1015 1017
f 1016 1017 1018
f 1018 1017 1019
f 1018 1019 1020
f 1020 1019 1021
f 1020 1021 1022
f 1017 1023 1019
f 1019 1023 1021
f 1022 1024 1020
f 1020 1024 1025
f 1020 1025 1026
f 1026 1025 1027
f 1026 1027 1028
f 1028 1027 1029
f 1028 1029 1030
f 1030 1029 1031
f 1030 1031 1032
f 1032 1031 1033
f 1032 1033 1034
f 1034 1033 1035
f 1034 1035 1036
f 1036 1035 1037
f 1036 1037 1038
f 1038 1037 1039
f 1038 1039 1040
f 1040 1039 1041
f 1040 1041 1042
f 1042 1041 1043
f 1042 1043 1044
f 1044 1043 1045
f 1044 1045 1046
f 1046 1045 1047
f 1046 1047 1048
f 1048 1047 1049
f 1048 1049 1050
f 1050 1049 1051
f 1051 1049 1052
f 1051 1052 1053
f 1053 1052 1054
f 1053 1054 1055
f 1055 1054 1056
f 1055 1056 1057
f 1057 1056 1058
f 1057 1058 1059
f 1059 1058 1060
f 1059 1060 1061
f 1061 1060 1062
f 1061 1062 1063
f 1063 1062 1064
f 1063 1064 1065
f 1065 1064 1066
f 1065 1066 1067
f 1067 1066 1068
f 1067 1068 1069
f 1069 1068 1070
f 1069 1070 1071
f 1071 1070 1072
f 1071 1072 1073
f 1073 1072 1074
f 1073 1074 1075
f 1075 1074 1076
f 1076 1074 1077
f 1077 1074 1078
f 1077 1078 1079
f 1079 1078 1080
f 1079 1080 1081
f 1081 1080 1082
f 1081 1082 1083
f 1083 1082 1084
f 1083 1084 1085
f 1085 1084 1086
f 1086 1084 1087
f 1086 1087 1088
f 1088 1087 1089
f 1088 1089 1090
f 1090 1089 1091
f 1090 1091 1092
f 1092 1091 1093
f 1092 1093 1094
f 1094 1093 1095
f 1094 1095 1096
f 1096 1095 1025
f 1096 1025 1024
f 1075 1097 1073
f 1073 1097 1098
f 1073 1098 1071
f 1071 1098 1099
f 1071 1099 1069
f 1069 1099 1100
f 1069 1100 1067
f 1067 1100 1101
f 1067 1101 1065
f 1065 1101 1102
f 1065 1102 1063
f 1063 1102 1103
f 1063 1103 1061
f 1061 1103 1104
f 1061 1104 1059
f 1059 1104 1105
f 1059 1105 1106
f 1098 1097 1099
f 1099 1097 1107
f 1099 1107 1100
f 1100 1107 1108
f 1100 1108 1109
f 1109 1108 1110
f 1109 1110 1111
f 1111 1110 1112
f 1111 1112 1113
f 1113 1112 1114
f 1113 1114 1115
f 1115 1114 1116
f 1115 1116 1117
f 1108 1118 1110
f 1110 1118 1112
f 1112 1118 1114
f 1114 1118 1119
f 1114 1119 1120
f 1120 1119 1121
f 1120 1121 1122
f 1122 1121 1123
f 1122 1123 1124
f 1124 1123 1125
f 1124 1125 1126
f 1126 1125 1127
f 1126 1127 1128
f 1128 1127 1129
f 1128 1129 1130
f 1130 1129 1131
f 1131 1129 1132
f 1132 1129 1133
f 1133 1129 1127
f 1133 1127 1134
f 1134 1127 1125
f 1134 1125 1135
f 1134 1135 1136
f 1136 1135 1137
f 1136 1137 1138
f 1138 1137 1139
f 1138 1139 1140
f 1140 1139 1141
f 1140 1141 1142
f 1142 1141 1143
f 1142 1143 1144
f 1144 1143 1145
f 1144 1145 1146
f 1146 1145 1147
f 1146 1147 1148
f 1148 1147 1149
f 1148 1149 1150
f 1150 1149 1151
f 1150 1151 1152
f 1152 1151 1153
f 1152 1153 1154
f 1154 1153 1155
f 1154 1155 1156
f 1156 1155 1157
f 1156 1157 1158
f 1141 1159 1143
f 1143 1159 1160
f 1143 1160 1145
f 1145 1160 1161
f 1145 1161 1147
f 1147 1161 1162
f 1147 1162 1149
f 1149 1162 1163
f 1149 1163 1151
f 1151 1163 1164
f 1151 1164 1153
f 1153 1164 1165
f 1153 1165 1155
f 1155 1165 1166
f 1155 1166 1157
f 1159 1167 1160
f 1160 1167 1168
f 1160 1168 1161
f 1161 1168 1169
f 1161 1169 1162
f 1162 1169 1170
f 1162 1170 1163
f 1163 1170 1171
f 1163 1171 1164
f 1164 1171 1172
f 1164 1172 1165
f 1165 1172 1173
f 1165 1173 1166
f 1168 1167 1174
f 1174 1167 1175
f 1174 1175 1176
f 1176 1175 1177
f 1176 1177 1178
f 1178 1177 1179
f 1178 1179 1180
f 1180 1179 1181
f 1180 1181 1182
f 1175 1183 1177
f 1177 1183 1184
f 1177 1184 1179
f 1179 1184 1185
f 1179 1185 1186
f 1183 1187 1184
f 1184 1187 1185
f 1186 1181 1179
f 1180 1182 1188
f 1188 1182 1189
f 1188 1189 1190
f 1188 1190 1172
f 1172 1190 1173
f 1156 1158 1191
f 1191 1158 1192
f 1191 1192 1193
f 1193 1192 1194
f 1193 1194 1195
f 1195 1194 1196
f 1195 1196 1197
f 1197 1196 1198
f 1197 1198 1199
f 1199 1198 1200
f 1199 1200 1201
f 1201 1200 1202
f 1201 1202 1203
f 1203 1202 1204
f 1203 1204 1205
f 1203 1205 1206
f 1206 1205 1207
f 1206 1207 1208
f 1208 1207 1209
f 1208 1209 1210
f 1210 1209 1211
f 1210 1211 1212
f 1210 1212 1213
f 1213 1212 1214
f 1213 1214 1215
f 1215 1214 1216
f 1215 1216 1217
f 1218 1219 1215
f 1215 1219 1220
f 1215 1220 1221
f 1221 1220 1222
f 1221 1222 1223
f 1223 1222 1224
f 1223 1224 1225
f 1225 1224 1226
f 1225 1226 1227
f 1227 1226 1228
f 1227 1228 1229
f 1229 1228 1230
f 1229 1230 1231
f 1231 1230 1232
f 1231 1232 1233
f 1233 1232 1234
f 1233 1234 1235
f 1235 1234 1236
f 1235 1236 1237
f 1237 1236 1238
f 1237 1238 1239
f 1239 1238 1240
f 1239 1240 1241
f 1241 1240 1242
f 1241 1242 1243
f 1243 1242 1244
f 1243 1244 1245
f 1245 1244 1246
f 1245 1246 1152
f 1152 1246 1150
f 1247 1248 1218
f 1218 1248 1249
f 1218 1249 1250
f 1250 1249 1251
f 1250 1251 1252
f 1252 1251 1253
f 1252 1253 1254
f 1254 1253 1255
f 1254 1255 1256
f 1256 1255 1257
f 1256 1257 1258
f 1258 1257 1259
f 1258 1259 1260
f 1260 1259 1261
f 1260 1261 1262
f 1262 1261 1263
f 1262 1263 1264
f 1264 1263 1265
f 1264 1265 1266
f 1266 1265 1267
f 1266 1267 1268
f 1268 1267 1269
f 1268 1269 1270
f 1270 1269 1271
f 1270 1271 1272
f 1272 1271 1273
f 1272 1273 1274
f 1274 1273 1275
f 1274 1275 1276
f 1276 1275 1277
f 1276 1277 1278
f 1278 1277 1279
f 1278 1279 1280
f 1280 1279 1281
f 1280 1281 1282
f 1282 1281 1283
f 1282 1283 1144
f 1144 1283 1142
f 1284 1285 1247
f 1247 1285 1286
f 1247 1286 1287
f 1287 1286 1288
f 1287 1288 1289
f 1289 1288 1290
f 1289 1290 1291
f 1291 1290 1292
f 1291 1292 1293
f 1293 1292 1294
f 1293 1294 1295
f 1295 1294 1296
f 1295 1296 1297
f 1297 1296 1298
f 1297 1298 1299
f 1299 1298 1300
f 1299 1300 1301
f 1301 1300 1302
f 1301 1302 1303
f 1303 1302 1304
f 1303 1304 1305
f 1305 1304 1306
f 1305 1306 1307
f 1307 1306 1308
f 1307 1308 1309
f 1309 1308 1310
f 1309 1310 1311
f 1311 1310 1312
f 1311 1312 1313
f 1313 1312 1314
f 1313 1314 1315
f 1315 1314 1316
f 1315 1316 1317
f 1317 1316 1318
f 1317 1318 1273
f 1273 1318 1275
f 1319 1320 1284
f 1284 1320 1285
f 1285 1321 1286
f 1286 1321 1322
f 1286 1322 1323
f 1324 1325 1323
f 1323 1325 1326
f 1323 1326 1286
f 1286 1326 1327
f 1286 1327 1288
f 1288 1327 1328
f 1288 1328 1290
f 1290 1328 1329
f 1290 1329 1292
f 1292 1329 1330
f 1292 1330 1294
f 1294 1330 1331
f 1294 1331 1296
f 1296 1331 1332
f 1296 1332 1298
f 1298 1332 1333
f 1298 1333 1300
f 1300 1333 1334
f 1300 1334 1302
f 1302 1334 1335
f 1302 1335 1304
f 1304 1335 1336
f 1304 1336 1306
f 1306 1336 1308
f 1325 1324 1337
f 1337 1324 1338
f 1337 1338 1339
f 1339 1338 1340
f 1339 1340 1341
f 1341 1340 1342
f 1341 1342 1343
f 1343 1342 1344
f 1343 1344 1331
f 1331 1344 1332
f 1344 1345 1332
f 1332 1345 1346
f 1332 1346 1333
f 1333 1346 1334
f 1346 1335 1334
f 1312 1347 1314
f 1314 1347 1316
f 1316 1347 1348
f 1348 1347 1349
f 1348 1349 1350
f 1350 1349 1351
f 1350 1351 1277
f 1277 1351 1279
f 1349 1352 1351
f 1351 1352 1353
f 1351 1353 1279
f 1279 1353 1281
f 1281 1353 1354
f 1354 1353 1355
f 1354 1355 1356
f 1356 1355 1357
f 1356 1357 1358
f 1358 1357 1359
f 1358 1359 1136
f 1136 1359 1134
f 1357 1360 1359
f 1359 1360 1134
f 1360 1361 1134
f 1134 1361 1133
f 1128 1362 1126
f 1126 1362 1363
f 1126 1363 1124
f 1124 1363 1364
f 1124 1364 1365
f 1365 1366 1124
f 1124 1366 1122
f 1122 1366 1120
f 1120 1366 1116
f 1120 1116 1114
f 1367 1104 1117
f 1117 1104 1103
f 1117 1103 1113
f 1113 1103 1102
f 1113 1102 1111
f 1111 1102 1101
f 1111 1101 1109
f 1109 1101 1100
f 1367 1105 1104
f 1059 1106 1368
f 1368 1106 1369
f 1368 1369 1370
f 1368 1370 1057
f 1057 1370 1371
f 1057 1371 1372
f 1372 1371 1373
f 1372 1373 1374
f 1372 1374 1055
f 1055 1374 1375
f 1055 1375 1053
f 1053 1375 1051
f 1050 1376 1048
f 1048 1376 1377
f 1048 1377 1378
f 1378 1377 1379
f 1378 1379 1380
f 1376 1381 1377
f 1377 1381 1379
f 1380 1382 1378
f 1378 1382 1383
f 1378 1383 1384
f 1384 1383 1385
f 1384 1385 1386
f 1386 1385 1387
f 1386 1387 1044
f 1044 1387 1388
f 1044 1388 1042
f 1042 1388 1389
f 1042 1389 1040
f 1040 1389 1390
f 1040 1390 1038
f 1038 1390 1391
f 1038 1391 1036
f 1036 1391 1392
f 1036 1392 1034
f 1034 1392 1393
f 1034 1393 1032
f 1032 1393 1394
f 1032 1394 1030
f 1030 1394 1395
f 1030 1395 1028
f 1028 1395 1016
f 1028 1016 1026
f 1026 1016 1018
f 1026 1018 1020
f 1382 1396 1383
f 1383 1396 1397
f 1383 1397 1398
f 1398 1397 1399
f 1398 1399 1400
f 1400 1399 1401
f 1400 1401 1402
f 1397 1401 1399
f 1402 1403 1400
f 1400 1403 1404
f 1400 1404 1405
f 1405 1404 1406
f 1405 1406 1407
f 1407 1406 1408
f 1407 1408 1409
f 1409 1408 1410
f 1409 1410 1411
f 1411 1410 1412
f 1411 1412 1413
f 1413 1412 1414
f 1413 1414 1390
f 1390 1414 1391
f 1403 1415 1404
f 1404 1415 1416
f 1404 1416 1417
f 1417 1418 1404
f 1404 1418 1419
f 1404 1419 1420
f 1420 1419 1421
f 1404 1420 1406
f 1406 1420 1410
f 1406 1410 1408
f 1410 1422 1412
f 1412 1422 1423
f 1412 1423 1414
f 1414 1423 1424
f 1414 1424 1391
f 1391 1424 1392
f 1014 1425 1422
f 1422 1425 1426
f 1422 1426 1424
f 1424 1426 1392
f 1247 1287 1427
f 1427 1287 1289
f 1427 1289 1428
f 1428 1289 1291
f 1428 1291 1429
f 1429 1291 1293
f 1429 1293 1430
f 1430 1293 1295
f 1430 1295 1431
f 1431 1295 1297
f 1431 1297 1432
f 1432 1297 1299
f 1432 1299 1433
f 1433 1299 1301
f 1433 1301 1434
f 1434 1301 1303
f 1434 1303 1435
f 1435 1303 1305
f 1435 1305 1436
f 1436 1305 1307
f 1436 1307 1437
f 1437 1307 1309
f 1437 1309 1438
f 1438 1309 1311
f 1438 1311 1313
f 1247 1427 1439
f 1439 1427 1428
f 1439 1428 1440
f 1440 1428 1429
f 1440 1429 1441
f 1441 1429 1430
f 1441 1430 1442
f 1442 1430 1431
f 1442 1431 1443
f 1443 1431 1432
f 1443 1432 1444
f 1444 1432 1433
f 1444 1433 1445
f 1445 1433 1434
f 1445 1434 1446
f 1446 1434 1435
f 1446 1435 1447
f 1447 1435 1436
f 1447 1436 1448
f 1448 1436 1437
f 1448 1437 1449
f 1449 1437 1438
f 1449 1438 1450
f 1450 1438 1313
f 1450 1313 1315
f 1424 1423 1422
f 1218 1250 1451
f 1451 1250 1252
f 1451 1252 1452
f 1452 1252 1254
f 1452 1254 1453
f 1453 1254 1256
f 1453 1256 1454
f 1454 1256 1258
f 1454 1258 1455
f 1455 1258 1260
f 1455 1260 1456
f 1456 1260 1262
f 1456 1262 1457
f 1457 1262 1264
f 1457 1264 1458
f 1458 1264 1266
f 1458 1266 1459
f 1459 1266 1268
f 1459 1268 1460
f 1460 1268 1270
f 1460 1270 1461
f 1461 1270 1272
f 1461 1272 1462
f 1462 1272 1274
f 1462 1274 1463
f 1463 1274 1276
f 1463 1276 1464
f 1464 1276 1278
f 1464 1278 1465
f 1465 1278 1280
f 1465 1280 1466
f 1466 1280 1282
f 1466 1282 1146
f 1146 1282 1144
f 1425 1014 1467
f 1467 1014 1395
f 1467 1395 1394
f 1016 1395 1014
f 1215 1221 1468
f 1468 1221 1223
f 1468 1223 1469
f 1469 1223 1225
f 1469 1225 1470
f 1470 1225 1227
f 1470 1227 1471
f 1471 1227 1229
f 1471 1229 1472
f 1472 1229 1231
f 1472 1231 1473
f 1473 1231 1233
f 1473 1233 1474
f 1474 1233 1235
f 1474 1235 1475
f 1475 1235 1237
f 1475 1237 1476
f 1476 1237 1239
f 1476 1239 1477
f 1477 1239 1241
f 1477 1241 1478
f 1478 1241 1243
f 1478 1243 1479
f 1479 1243 1245
f 1479 1245 1154
f 1154 1245 1152
f 1074 1072 1078
f 1078 1072 1480
f 1078 1480 1080
f 1080 1480 1481
f 1080 1481 1082
f 1082 1481 1482
f 1082 1482 1084
f 1084 1482 1483
f 1084 1483 1087
f 1087 1483 1484
f 1087 1484 1089
f 1089 1484 1485
f 1089 1485 1091
f 1091 1485 1486
f 1091 1486 1093
f 1093 1486 1487
f 1093 1487 1095
f 1095 1487 1027
f 1095 1027 1025
f 1072 1070 1480
f 1480 1070 1488
f 1480 1488 1481
f 1481 1488 1489
f 1481 1489 1482
f 1482 1489 1490
f 1482 1490 1483
f 1483 1490 1491
f 1483 1491 1484
f 1484 1491 1492
f 1484 1492 1485
f 1485 1492 1493
f 1485 1493 1486
f 1486 1493 1494
f 1486 1494 1487
f 1487 1494 1029
f 1487 1029 1027
f 1029 1494 1031
f 1031 1494 1495
f 1031 1495 1033
f 1033 1495 1496
f 1033 1496 1035
f 1035 1496 1497
f 1035 1497 1037
f 1037 1497 1498
f 1037 1498 1499
f 1499 1498 1500
f 1499 1500 1501
f 1501 1500 1502
f 1501 1502 1503
f 1503 1502 1504
f 1503 1504 1505
f 1505 1504 1054
f 1505 1054 1052
f 1494 1493 1506
f 1506 1493 1507
f 1506 1507 1508
f 1508 1507 1509
f 1508 1509 1510
f 1510 1509 1511
f 1510 1511 1512
f 1512 1511 1513
f 1512 1513 1514
f 1514 1513 1515
f 1514 1515 1516
f 1516 1515 1058
f 1516 1058 1056
f 1493 1492 1507
f 1507 1492 1517
f 1507 1517 1509
f 1509 1517 1518
f 1509 1518 1511
f 1511 1518 1519
f 1511 1519 1513
f 1513 1519 1520
f 1513 1520 1515
f 1515 1520 1060
f 1515 1060 1058
f 1492 1491 1517
f 1517 1491 1521
f 1517 1521 1518
f 1518 1521 1522
f 1518 1522 1519
f 1519 1522 1523
f 1519 1523 1520
f 1520 1523 1062
f 1520 1062 1060
f 1491 1490 1521
f 1521 1490 1524
f 1521 1524 1522
f 1522 1524 1525
f 1522 1525 1523
f 1523 1525 1064
f 1523 1064 1062
f 1490 1489 1524
f 1524 1489 1526
f 1524 1526 1525
f 1525 1526 1066
f 1525 1066 1064
f 1489 1488 1526
f 1526 1488 1068
f 1526 1068 1066
f 1488 1070 1068
f 1496 1495 1506
f 1506 1495 1494
f 1496 1506 1508
f 1497 1496 1508
f 1497 1508 1510
f 1425 1467 1394
f 1425 1394 1393
f 1392 1426 1393
f 1393 1426 1425
f 1497 1510 1498
f 1498 1510 1512
f 1498 1512 1500
f 1500 1512 1514
f 1500 1514 1502
f 1502 1514 1516
f 1502 1516 1504
f 1504 1516 1056
f 1504 1056 1054
f 1039 1037 1499
f 1117 1113 1115
f 1368 1057 1059
f 1039 1499 1041
f 1041 1499 1501
f 1041 1501 1043
f 1043 1501 1503
f 1043 1503 1045
f 1045 1503 1505
f 1045 1505 1047
f 1047 1505 1052
f 1047 1052 1049
f 1413 1390 1389
f 1372 1055 1057
f 1413 1389 1527
f 1527 1389 1388
f 1527 1388 1528
f 1528 1388 1387
f 1528 1387 1529
f 1529 1387 1385
f 1529 1385 1398
f 1398 1385 1383
f 1356 1358 1138
f 1138 1358 1136
f 1439 1440 1248
f 1248 1440 1530
f 1248 1530 1249
f 1249 1530 1251
f 1440 1441 1530
f 1530 1441 1531
f 1530 1531 1251
f 1251 1531 1253
f 1441 1442 1531
f 1531 1442 1532
f 1531 1532 1253
f 1253 1532 1255
f 1442 1443 1532
f 1532 1443 1533
f 1532 1533 1255
f 1255 1533 1257
f 1443 1444 1533
f 1533 1444 1534
f 1533 1534 1257
f 1257 1534 1259
f 1444 1445 1534
f 1534 1445 1535
f 1534 1535 1259
f 1259 1535 1261
f 1445 1446 1535
f 1535 1446 1536
f 1535 1536 1261
f 1261 1536 1263
f 1446 1447 1536
f 1536 1447 1537
f 1536 1537 1263
f 1263 1537 1265
f 1447 1448 1537
f 1537 1448 1538
f 1537 1538 1265
f 1265 1538 1267
f 1448 1449 1538
f 1538 1449 1539
f 1538 1539 1267
f 1267 1539 1269
f 1449 1450 1539
f 1539 1450 1540
f 1539 1540 1269
f 1269 1540 1271
f 1450 1315 1540
f 1540 1315 1317
f 1540 1317 1271
f 1271 1317 1273
f 1316 1348 1318
f 1318 1348 1350
f 1318 1350 1275
f 1275 1350 1277
f 1138 1140 1356
f 1356 1140 1283
f 1356 1283 1281
f 1281 1354 1356
f 1142 1283 1140
f 1247 1439 1248
f 1146 1148 1466
f 1466 1148 1541
f 1466 1541 1465
f 1465 1541 1542
f 1465 1542 1464
f 1464 1542 1543
f 1464 1543 1463
f 1463 1543 1544
f 1463 1544 1462
f 1462 1544 1545
f 1462 1545 1461
f 1461 1545 1546
f 1461 1546 1460
f 1460 1546 1547
f 1460 1547 1459
f 1459 1547 1548
f 1459 1548 1458
f 1458 1548 1549
f 1458 1549 1457
f 1457 1549 1550
f 1457 1550 1456
f 1456 1550 1551
f 1456 1551 1455
f 1455 1551 1552
f 1455 1552 1454
f 1454 1552 1553
f 1454 1553 1453
f 1453 1553 1554
f 1453 1554 1452
f 1452 1554 1219
f 1452 1219 1451
f 1451 1219 1218
f 1168 1174 1169
f 1169 1174 1555
f 1169 1555 1170
f 1170 1555 1556
f 1170 1556 1171
f 1171 1556 1188
f 1171 1188 1172
f 1541 1148 1150
f 1542 1541 1246
f 1246 1541 1150
f 1543 1542 1244
f 1244 1542 1246
f 1544 1543 1242
f 1242 1543 1244
f 1545 1544 1240
f 1240 1544 1242
f 1546 1545 1238
f 1238 1545 1240
f 1547 1546 1236
f 1236 1546 1238
f 1548 1547 1234
f 1234 1547 1236
f 1549 1548 1232
f 1232 1548 1234
f 1550 1549 1230
f 1230 1549 1232
f 1551 1550 1228
f 1228 1550 1230
f 1552 1551 1226
f 1226 1551 1228
f 1553 1552 1224
f 1224 1552 1226
f 1554 1553 1222
f 1222 1553 1224
f 1219 1554 1220
f 1220 1554 1222
f 1174 1176 1555
f 1555 1176 1178
f 1555 1178 1556
f 1556 1178 1180
f 1556 1180 1188
f 1215 1468 1213
f 1213 1468 1469
f 1213 1469 1210
f 1210 1469 1470
f 1210 1470 1208
f 1208 1470 1471
f 1208 1471 1206
f 1206 1471 1472
f 1206 1472 1203
f 1203 1472 1473
f 1203 1473 1201
f 1201 1473 1474
f 1201 1474 1199
f 1199 1474 1475
f 1199 1475 1197
f 1197 1475 1476
f 1197 1476 1195
f 1195 1476 1477
f 1195 1477 1193
f 1193 1477 1478
f 1193 1478 1191
f 1191 1478 1479
f 1191 1479 1156
f 1156 1479 1154
f 1330 1329 1343
f 1343 1329 1341
f 1329 1328 1341
f 1341 1328 1339
f 1326 1325 1337
f 1328 1327 1339
f 1339 1327 1337
f 1327 1326 1337
f 1331 1330 1343
f 1386 1044 1046
f 1409 1411 1527
f 1527 1411 1413
f 1409 1527 1528
f 1384 1386 1046
f 1384 1046 1048
f 1407 1409 1528
f 1407 1528 1529
f 1378 1384 1048
f 1405 1407 1529
f 1405 1529 1398
f 1400 1405 1398
f 1557 1558 1559
f 1559 1558 1560
f 1559 1560 1561
f 1561 1560 1562
f 1561 1562 1563
f 1563 1562 1564
f 1563 1564 1565
f 1565 1564 1566
f 1565 1566 1557
f 1565 1557 1563
f 1563 1557 1561
f 1561 1557 1559
f 1567 1568 1569
f 1569 1568 1570
f 1569 1570 1571
f 1571 1570 1572
f 1571 1572 1573
f 1573 1572 1574
f 1573 1574 1575
f 1575 1574 1576
f 1575 1576 1567
f 1575 1567 1573
f 1573 1567 1571
f 1571 1567 1569
f 1577 1578 1579
f 1579 1578 1580
f 1579 1580 1581
f 1581 1582 1579
f 1583 1584 1585
f 1585 1584 1586
f 1585 1586 1587
f 1587 1586 1588
f 1587 1588 1589
f 1589 1588 1590
f 1589 1590 1591
f 1591 1590 1592
f 1591 1592 1593
f 1584 1583 1594
f 1594 1583 1595
f 1594 1595 1596
f 1597 1598 1596
f 1596 1598 1599
f 1596 1599 1594
f 1594 1599 1600
f 1594 1600 1584
f 1584 1600 1601
f 1584 1601 1586
f 1586 1601 1588
f 1597 1602 1598
f 1598 1602 1603
f 1598 1603 1604
f 1604 1603 1605
f 1604 1605 1606
f 1606 1605 1607
f 1606 1607 1608
f 1608 1607 1609
f 1609 1607 1610
f 1609 1610 1611
f 1611 1610 1612
f 1611 1612 1613
f 1613 1612 1614
f 1614 1612 1615
f 1614 1615 1616
f 1616 1615 1617
f 1616 1617 1618
f 1618 1617 1619
f 1618 1619 1620
f 1620 1619 1621
f 1620 1621 1622
f 1622 1621 1623
f 1623 1621 1624
f 1623 1624 1625
f 1625 1624 1626
f 1626 1624 1627
f 1626 1627 1628
f 1628 1627 1629
f 1629 1627 1630
f 1629 1630 1631
f 1631 1630 1632
f 1632 1630 1633
f 1632 1633 1634
f 1634 1633 1635
f 1634 1635 1636
f 1636 1635 1637
f 1637 1635 1638
f 1637 1638 1639
f 1639 1638 1640
f 1639 1640 1641
f 1641 1640 1642
f 1642 1640 1643
f 1643 1640 1644
f 1644 1640 1645
f 1644 1645 1646
f 1646 1645 1647
f 1647 1645 1648
f 1648 1645 1649
f 1648 1649 1650
f 1650 1649 1651
f 1651 1649 1652
f 1651 1652 1653
f 1653 1652 1654
f 1654 1652 1655
f 1655 1652 1656
f 1655 1656 1657
f 1657 1656 1658
f 1658 1656 1659
f 1659 1656 1660
f 1659 1660 1661
f 1661 1660 1662
f 1661 1662 1663
f 1663 1662 1664
f 1663 1664 1665
f 1665 1664 1666
f 1666 1664 1667
f 1666 1667 1668
f 1668 1667 1669
f 1669 1667 1670
f 1669 1670 1671
f 1671 1670 1672
f 1671 1672 1673
f 1673 1672 1674
f 1674 1672 1675
f 1674 1675 1676
f 1676 1675 1677
f 1677 1675 1678
f 1677 1678 1679
f 1679 1678 1680
f 1679 1680 1681
f 1681 1680 1682
f 1681 1682 1683
f 1683 1682 1684
f 1683 1684 1685
f 1685 1684 1686
f 1685 1686 1687
f 1687 1686 1688
f 1687 1688 1689
f 1689 1688 1690
f 1689 1690 1691
f 1691 1690 1692
f 1691 1692 1693
f 1693 1692 1694
f 1693 1694 1695
f 1695 1694 1696
f 1695 1696 1697
f 1697 1696 1698
f 1697 1698 1699
f 1699 1698 1700
f 1700 1698 1701
f 1602 1702 1603
f 1603 1702 1703
f 1603 1703 1605
f 1605 1703 1704
f 1605 1704 1607
f 1607 1704 1610
f 1702 1705 1703
f 1703 1705 1706
f 1703 1706 1704
f 1704 1706 1707
f 1704 1707 1610
f 1610 1707 1612
f 1706 1705 1708
f 1708 1705 1709
f 1708 1709 1710
f 1710 1709 1711
f 1710 1711 1712
f 1712 1711 1713
f 1712 1713 1714
f 1714 1713 1715
f 1714 1715 1716
f 1717 1718 1716
f 1716 1718 1719
f 1716 1719 1714
f 1714 1719 1720
f 1714 1720 1721
f 1721 1720 1624
f 1721 1624 1621
f 1718 1717 1722
f 1722 1717 1723
f 1722 1723 1724
f 1722 1724 1725
f 1725 1724 1726
f 1725 1726 1727
f 1727 1726 1728
f 1727 1728 1729
f 1729 1728 1730
f 1729 1730 1640
f 1640 1730 1731
f 1640 1731 1645
f 1645 1731 1649
f 1726 1732 1728
f 1728 1732 1733
f 1728 1733 1730
f 1730 1733 1734
f 1730 1734 1731
f 1731 1734 1735
f 1731 1735 1649
f 1649 1735 1736
f 1649 1736 1652
f 1652 1736 1656
f 1732 1737 1733
f 1733 1737 1738
f 1733 1738 1734
f 1734 1738 1739
f 1734 1739 1735
f 1735 1739 1740
f 1735 1740 1736
f 1736 1740 1741
f 1736 1741 1656
f 1656 1741 1742
f 1656 1742 1660
f 1660 1742 1662
f 1738 1743 1739
f 1739 1743 1740
f 1743 1744 1740
f 1740 1744 1745
f 1740 1745 1746
f 1746 1745 1747
f 1746 1747 1748
f 1748 1747 1749
f 1748 1749 1750
f 1750 1749 1751
f 1750 1751 1752
f 1752 1751 1753
f 1752 1753 1754
f 1754 1753 1755
f 1754 1755 1670
f 1670 1755 1672
f 1751 1756 1753
f 1753 1756 1757
f 1753 1757 1755
f 1755 1757 1758
f 1755 1758 1672
f 1672 1758 1675
f 1756 1759 1757
f 1757 1759 1760
f 1757 1760 1758
f 1758 1760 1761
f 1758 1761 1675
f 1675 1761 1678
f 1759 1762 1760
f 1760 1762 1763
f 1760 1763 1761
f 1761 1763 1764
f 1761 1764 1678
f 1678 1764 1680
f 1762 1765 1763
f 1763 1765 1766
f 1763 1766 1764
f 1764 1766 1767
f 1764 1767 1680
f 1680 1767 1682
f 1765 1768 1766
f 1766 1768 1769
f 1766 1769 1767
f 1767 1769 1770
f 1767 1770 1682
f 1682 1770 1684
f 1768 1771 1769
f 1769 1771 1772
f 1769 1772 1770
f 1770 1772 1773
f 1770 1773 1684
f 1684 1773 1686
f 1771 1692 1772
f 1772 1692 1774
f 1772 1774 1773
f 1773 1774 1688
f 1773 1688 1686
f 1692 1775 1694
f 1699 1776 1697
f 1697 1776 1777
f 1697 1777 1687
f 1687 1777 1685
f 1608 1778 1606
f 1606 1778 1779
f 1606 1779 1780
f 1780 1779 1781
f 1780 1781 1782
f 1782 1781 1783
f 1782 1783 1601
f 1601 1783 1588
f 1781 1784 1783
f 1783 1784 1590
f 1783 1590 1588
f 1784 1785 1590
f 1590 1785 1592
f 1786 1787 1593
f 1593 1787 1788
f 1593 1788 1591
f 1591 1788 1789
f 1591 1789 1589
f 1589 1789 1790
f 1589 1790 1587
f 1587 1790 1585
f 1786 1791 1787
f 1787 1791 1792
f 1787 1792 1793
f 1793 1792 1794
f 1793 1794 1795
f 1795 1794 1796
f 1795 1796 1585
f 1585 1796 1797
f 1585 1797 1798
f 1791 1799 1792
f 1792 1799 1800
f 1792 1800 1801
f 1801 1800 1802
f 1799 1803 1800
f 1800 1803 1804
f 1694 1805 1696
f 1696 1701 1698
f 1801 1806 1797
f 1774 1692 1690
f 1795 1585 1790
f 1796 1794 1797
f 1797 1794 1801
f 1794 1792 1801
f 1782 1601 1600
f 1782 1600 1807
f 1807 1600 1599
f 1807 1599 1604
f 1604 1599 1598
f 1606 1780 1807
f 1807 1780 1782
f 1606 1807 1604
f 1615 1612 1707
f 1707 1706 1808
f 1808 1706 1708
f 1808 1708 1809
f 1809 1708 1710
f 1809 1710 1810
f 1810 1710 1712
f 1810 1712 1721
f 1721 1712 1714
f 1617 1615 1808
f 1808 1615 1707
f 1617 1808 1809
f 1619 1617 1809
f 1619 1809 1810
f 1621 1619 1810
f 1621 1810 1721
f 1627 1624 1720
f 1720 1719 1811
f 1811 1719 1718
f 1811 1718 1812
f 1812 1718 1722
f 1812 1722 1725
f 1630 1627 1811
f 1811 1627 1720
f 1630 1811 1812
f 1630 1812 1813
f 1813 1812 1725
f 1813 1725 1727
f 1630 1813 1633
f 1633 1813 1814
f 1633 1814 1635
f 1635 1814 1638
f 1814 1813 1727
f 1638 1814 1729
f 1729 1814 1727
f 1640 1638 1729
f 1740 1746 1741
f 1741 1746 1748
f 1741 1748 1742
f 1742 1748 1815
f 1742 1815 1662
f 1662 1815 1664
f 1748 1750 1815
f 1815 1750 1816
f 1815 1816 1664
f 1664 1816 1667
f 1752 1754 1816
f 1816 1754 1667
f 1667 1754 1670
f 1750 1752 1816
f 1690 1688 1774
f 1691 1693 1695
f 1687 1689 1697
f 1697 1689 1695
f 1689 1691 1695
f 1789 1788 1793
f 1793 1788 1787
f 1790 1789 1795
f 1795 1789 1793
f 1817 1818 1819
f 1819 1818 1820
f 1819 1820 1821
f 1821 1820 1822
f 1821 1823 1819
f 1824 1825 1826
f 1826 1825 1827
f 1826 1827 1828
f 1828 1827 1829
f 1825 1830 1827
f 1831 1832 1833
f 1833 1832 1834
f 1833 1834 1835
f 1835 1834 1836
f 1835 1836 1837
f 1837 1836 1838
f 1837 1838 1839
f 1839 1838 1840
f 1839 1840 1841
f 1841 1840 1842
f 1841 1842 1843
f 1844 1845 1846
f 1846 1845 1847
f 1846 1847 1848
f 1848 1847 1849
f 1848 1849 1850
f 1851 1852 1853
f 1853 1852 1854
f 1854 1852 1855
f 1854 1855 1856
f 1856 1855 1857
f 1856 1857 1858
f 1856 1858 1859
f 1859 1858 1860
f 1859 1860 1861
f 1859 1861 1862
f 1862 1861 1863
f 1862 1863 1864
f 1864 1863 1865
f 1866 1867 1868
f 1868 1867 1869
f 1868 1869 1870
f 1870 1869 1871
f 1870 1871 1872
f 1873 1874 1875
f 1875 1874 1876
f 1876 1874 1877
f 1878 1879 1880
f 1874 1881 1877
f 1877 1881 1882
f 1882 1881 1883
f 1882 1883 1884
f 1885 1886 1887
f 1888 1889 1890
f 295 296 293
f 293 296 315
f 293 315 303
f 303 315 319
f 303 319 212
f 212 319 318
f 212 318 210
f 210 318 317
f 210 317 316
f 210 316 208
f 208 316 314
f 208 314 206
f 206 314 205
f 205 314 297
f 205 297 284
f 284 297 298
f 284 298 283
f 283 298 299
f 283 299 301
f 283 301 282
f 282 301 302
f 282 302 300
f 282 300 281
f 281 300 279
f 281 279 278
f 303 212 305
f 305 212 211
f 305 211 307
f 307 211 268
f 307 268 309
f 309 268 270
f 309 270 311
f 311 270 271
f 311 271 313
f 313 271 272
f 313 272 312
f 312 272 273
f 312 273 310
f 310 273 308
f 308 273 275
f 308 275 306
f 306 275 276
f 306 276 304
f 304 276 277
f 304 277 294

