mtllib material.mtl
usemtl material_base_link_0
v -0.22643800 -0.18362600 0.33759701
v -0.22395100 -0.18202500 0.32881600
v -0.23478401 -0.17907800 0.32690600
v -0.23636000 -0.18092600 0.33584699
v -0.21917400 -0.19100200 0.33887699
v -0.21602100 -0.19007801 0.33021399
v -0.21651500 -0.20107800 0.33934599
v -0.21311800 -0.20107800 0.33072600
v -0.21917400 -0.21115400 0.33887699
v -0.21602100 -0.21207801 0.33021399
v -0.22643800 -0.21852900 0.33759701
v -0.22395100 -0.22013000 0.32881600
v -0.23636000 -0.22122900 0.33584699
v -0.23478401 -0.22307800 0.32690600
v -0.24628299 -0.21852900 0.33409801
v -0.24561700 -0.22013000 0.32499599
v -0.25354600 -0.21115400 0.33281699
v -0.25354701 -0.21207801 0.32359701
v -0.25620499 -0.20107800 0.33234799
v -0.25644901 -0.20107800 0.32308501
v -0.25354600 -0.19100200 0.33281699
v -0.25354701 -0.19007801 0.32359701
v -0.24628299 -0.18362600 0.33409801
v -0.24561700 -0.18202500 0.32499599
v -0.23636000 -0.18092600 0.33584699
v -0.23478401 -0.17907800 0.32690600
v -0.23137701 -0.18957800 0.34582099
v -0.23791499 -0.18780001 0.34466901
v -0.22659101 -0.19443800 0.34666499
v -0.22483900 -0.20107800 0.34697399
v -0.22659101 -0.20771700 0.34666499
v -0.23137701 -0.21257700 0.34582099
v -0.23791499 -0.21435601 0.34466901
v -0.24445400 -0.21257700 0.34351599
v -0.24924099 -0.20771700 0.34267199
v -0.25099200 -0.20107800 0.34236300
v -0.24924099 -0.19443800 0.34267199
v -0.24445400 -0.18957800 0.34351599
v -0.23791499 -0.18780001 0.34466901
v -0.23849200 -0.19387400 0.34793901
v -0.23494500 -0.19483900 0.34856400
v -0.23234899 -0.19747600 0.34902200
v -0.23139800 -0.20107800 0.34919000
v -0.23234899 -0.20467900 0.34902200
v -0.23494500 -0.20731600 0.34856400
v -0.23849200 -0.20828100 0.34793901
v -0.24203900 -0.20731600 0.34731299
v -0.24463600 -0.20467900 0.34685501
v -0.24558701 -0.20107800 0.34668800
v -0.24463600 -0.19747600 0.34685501
v -0.24203900 -0.19483900 0.34731299
v -0.23849200 -0.19387400 0.34793901
v -0.23478401 -0.17907800 0.32690600
v -0.22395100 -0.18202500 0.32881600
v -0.22374099 -0.18165600 0.32885301
v -0.23478401 -0.17865200 0.32690600
v -0.21602100 -0.19007801 0.33021399
v -0.21565799 -0.18986499 0.33027801
v -0.21311800 -0.20107800 0.33072600
v -0.21269900 -0.20107800 0.33080000
v -0.21602100 -0.21207801 0.33021399
v -0.21565799 -0.21229000 0.33027801
v -0.22395100 -0.22013000 0.32881600
v -0.22374099 -0.22049899 0.32885301
v -0.23478401 -0.22307800 0.32690600
v -0.23478401 -0.22350299 0.32690600
v -0.24561700 -0.22013000 0.32499599
v -0.24582601 -0.22049899 0.32495901
v -0.25354701 -0.21207801 0.32359701
v -0.25391001 -0.21229000 0.32353300
v -0.25644901 -0.20107800 0.32308501
v -0.25686899 -0.20107800 0.32301199
v -0.25354701 -0.19007801 0.32359701
v -0.25391001 -0.18986499 0.32353300
v -0.24561700 -0.18202500 0.32499599
v -0.24582601 -0.18165600 0.32495901
v -0.23478401 -0.17907800 0.32690600
v -0.23478401 -0.17865200 0.32690600
v -0.23478401 -0.17865200 0.32690600
v -0.22374099 -0.18165600 0.32885301
v -0.22376201 -0.18146899 0.32959300
v -0.23491099 -0.17843500 0.32762700
v -0.21565799 -0.18986499 0.33027801
v -0.21560000 -0.18975601 0.33103201
v -0.21269900 -0.20107800 0.33080000
v -0.21261200 -0.20107800 0.33155900
v -0.21565799 -0.21229000 0.33027801
v -0.21560000 -0.21239901 0.33103201
v -0.22374099 -0.22049899 0.32885301
v -0.22376201 -0.22068700 0.32959300
v -0.23478401 -0.22350299 0.32690600
v -0.23491099 -0.22372000 0.32762700
v -0.24582601 -0.22049899 0.32495901
v -0.24606000 -0.22068700 0.32566100
v -0.25391001 -0.21229000 0.32353300
v -0.25422201 -0.21239901 0.32422200
v -0.25686899 -0.20107800 0.32301199
v -0.25720999 -0.20107800 0.32369500
v -0.25391001 -0.18986499 0.32353300
v -0.25422201 -0.18975601 0.32422200
v -0.24582601 -0.18165600 0.32495901
v -0.24606000 -0.18146899 0.32566100
v -0.23478401 -0.17865200 0.32690600
v -0.23491099 -0.17843500 0.32762700
v -0.23491099 -0.17843500 0.32762700
v -0.22376201 -0.18146899 0.32959300
v -0.22312100 -0.18034101 0.32970601
v -0.23491099 -0.17713299 0.32762700
v -0.21560000 -0.18975601 0.33103201
v -0.21448900 -0.18910500 0.33122799
v -0.21261200 -0.20107800 0.33155900
v -0.21133000 -0.20107800 0.33178499
v -0.21560000 -0.21239901 0.33103201
v -0.21448900 -0.21304999 0.33122799
v -0.22376201 -0.22068700 0.32959300
v -0.22312100 -0.22181401 0.32970601
v -0.23491099 -0.22372000 0.32762700
v -0.23491099 -0.22502200 0.32762700
v -0.24606000 -0.22068700 0.32566100
v -0.24670100 -0.22181401 0.32554799
v -0.25422201 -0.21239901 0.32422200
v -0.25533199 -0.21304999 0.32402599
v -0.25720999 -0.20107800 0.32369500
v -0.25849199 -0.20107800 0.32346901
v -0.25422201 -0.18975601 0.32422200
v -0.25533199 -0.18910500 0.32402599
v -0.24606000 -0.18146899 0.32566100
v -0.24670100 -0.18034101 0.32554799
v -0.23491099 -0.17843500 0.32762700
v -0.23491099 -0.17713299 0.32762700
v -0.22214800 -0.17893700 0.32886001
v -0.23473699 -0.17551200 0.32664099
v -0.21293201 -0.18829501 0.33048499
v -0.20955899 -0.20107800 0.33107999
v -0.21293201 -0.21386100 0.33048499
v -0.22214800 -0.22321901 0.32886001
v -0.23473699 -0.22664399 0.32664099
v -0.24732600 -0.22321901 0.32442099
v -0.25654200 -0.21386100 0.32279599
v -0.25991499 -0.20107800 0.32220101
v -0.25654200 -0.18829501 0.32279599
v -0.24732600 -0.17893700 0.32442099
v -0.23473699 -0.17551200 0.32664099
v -0.21293201 -0.18829501 0.33048499
v -0.20955899 -0.20107800 0.33107999
v -0.21293201 -0.21386100 0.33048499
v -0.22214800 -0.22321901 0.32886001
v -0.23473699 -0.22664399 0.32664099
v -0.24732600 -0.22321901 0.32442099
v -0.25654200 -0.21386100 0.32279599
v -0.25991499 -0.20107800 0.32220101
v -0.25654200 -0.18829501 0.32279599
v -0.24732600 -0.17893700 0.32442099
v -0.23473699 -0.17551200 0.32664099
v -0.22214800 -0.17893700 0.32886001
v -0.23849200 -0.19387400 0.34793901
v -0.24203900 -0.19483900 0.34731299
v -0.23494500 -0.19483900 0.34856400
v -0.24463600 -0.20467900 0.34685501
v -0.23234899 -0.20467900 0.34902200
v -0.23139800 -0.20107800 0.34919000
v -0.24558701 -0.20107800 0.34668800
v 0.15849701 0.19209500 0.33759701
v 0.15601100 0.19049400 0.32881600
v 0.16684400 0.18754700 0.32690600
v 0.16842000 0.18939500 0.33584699
v 0.15123400 0.19947100 0.33887699
v 0.14808100 0.19854701 0.33021399
v 0.14857499 0.20954700 0.33934599
v 0.14517801 0.20954700 0.33072600
v 0.15123400 0.21962300 0.33887699
v 0.14808100 0.22054701 0.33021399
v 0.15849701 0.22699800 0.33759701
v 0.15601100 0.22859900 0.32881600
v 0.16842000 0.22969800 0.33584699
v 0.16684400 0.23154700 0.32690600
v 0.17834300 0.22699800 0.33409801
v 0.17767701 0.22859900 0.32499599
v 0.18560600 0.21962300 0.33281699
v 0.18560700 0.22054701 0.32359701
v 0.18826500 0.20954700 0.33234799
v 0.18850900 0.20954700 0.32308501
v 0.18560600 0.19947100 0.33281699
v 0.18560700 0.19854701 0.32359701
v 0.17834300 0.19209500 0.33409801
v 0.17767701 0.19049400 0.32499599
v 0.16842000 0.18939500 0.33584699
v 0.16684400 0.18754700 0.32690600
v 0.16343699 0.19804700 0.34582099
v 0.16997500 0.19626901 0.34466901
v 0.15865099 0.20290700 0.34666499
v 0.15689901 0.20954700 0.34697399
v 0.15865099 0.21618600 0.34666499
v 0.16343699 0.22104600 0.34582099
v 0.16997500 0.22282501 0.34466901
v 0.17651400 0.22104600 0.34351599
v 0.18130000 0.21618600 0.34267199
v 0.18305200 0.20954700 0.34236300
v 0.18130000 0.20290700 0.34267199
v 0.17651400 0.19804700 0.34351599
v 0.16997500 0.19626901 0.34466901
v 0.17055200 0.20234300 0.34793901
v 0.16700500 0.20330800 0.34856400
v 0.16440900 0.20594500 0.34902200
v 0.16345800 0.20954700 0.34919000
v 0.16440900 0.21314800 0.34902200
v 0.16700500 0.21578500 0.34856400
v 0.17055200 0.21675000 0.34793901
v 0.17409900 0.21578500 0.34731299
v 0.17669600 0.21314800 0.34685501
v 0.17764699 0.20954700 0.34668800
v 0.17669600 0.20594500 0.34685501
v 0.17409900 0.20330800 0.34731299
v 0.17055200 0.20234300 0.34793901
v 0.16684400 0.18754700 0.32690600
v 0.15601100 0.19049400 0.32881600
v 0.15580100 0.19012500 0.32885301
v 0.16684400 0.18712100 0.32690600
v 0.14808100 0.19854701 0.33021399
v 0.14771800 0.19833399 0.33027801
v 0.14517801 0.20954700 0.33072600
v 0.14475900 0.20954700 0.33080000
v 0.14808100 0.22054701 0.33021399
v 0.14771800 0.22075900 0.33027801
v 0.15601100 0.22859900 0.32881600
v 0.15580100 0.22896799 0.32885301
v 0.16684400 0.23154700 0.32690600
v 0.16684400 0.23197199 0.32690600
v 0.17767701 0.22859900 0.32499599
v 0.17788599 0.22896799 0.32495901
v 0.18560700 0.22054701 0.32359701
v 0.18596999 0.22075900 0.32353300
v 0.18850900 0.20954700 0.32308501
v 0.18892901 0.20954700 0.32301199
v 0.18560700 0.19854701 0.32359701
v 0.18596999 0.19833399 0.32353300
v 0.17767701 0.19049400 0.32499599
v 0.17788599 0.19012500 0.32495901
v 0.16684400 0.18754700 0.32690600
v 0.16684400 0.18712100 0.32690600
v 0.16684400 0.18712100 0.32690600
v 0.15580100 0.19012500 0.32885301
v 0.15582199 0.18993799 0.32959300
v 0.16697100 0.18690400 0.32762700
v 0.14771800 0.19833399 0.33027801
v 0.14766000 0.19822501 0.33103201
v 0.14475900 0.20954700 0.33080000
v 0.14467201 0.20954700 0.33155900
v 0.14771800 0.22075900 0.33027801
v 0.14766000 0.22086801 0.33103201
v 0.15580100 0.22896799 0.32885301
v 0.15582199 0.22915600 0.32959300
v 0.16684400 0.23197199 0.32690600
v 0.16697100 0.23218900 0.32762700
v 0.17788599 0.22896799 0.32495901
v 0.17812000 0.22915600 0.32566100
v 0.18596999 0.22075900 0.32353300
v 0.18628199 0.22086801 0.32422200
v 0.18892901 0.20954700 0.32301199
v 0.18927000 0.20954700 0.32369500
v 0.18596999 0.19833399 0.32353300
v 0.18628199 0.19822501 0.32422200
v 0.17788599 0.19012500 0.32495901
v 0.17812000 0.18993799 0.32566100
v 0.16684400 0.18712100 0.32690600
v 0.16697100 0.18690400 0.32762700
v 0.16697100 0.18690400 0.32762700
v 0.15582199 0.18993799 0.32959300
v 0.15518101 0.18881001 0.32970601
v 0.16697100 0.18560199 0.32762700
v 0.14766000 0.19822501 0.33103201
v 0.14654900 0.19757400 0.33122799
v 0.14467201 0.20954700 0.33155900
v 0.14339000 0.20954700 0.33178499
v 0.14766000 0.22086801 0.33103201
v 0.14654900 0.22151899 0.33122799
v 0.15582199 0.22915600 0.32959300
v 0.15518101 0.23028301 0.32970601
v 0.16697100 0.23218900 0.32762700
v 0.16697100 0.23349100 0.32762700
v 0.17812000 0.22915600 0.32566100
v 0.17876101 0.23028301 0.32554799
v 0.18628199 0.22086801 0.32422200
v 0.18739200 0.22151899 0.32402599
v 0.18927000 0.20954700 0.32369500
v 0.19055200 0.20954700 0.32346901
v 0.18628199 0.19822501 0.32422200
v 0.18739200 0.19757400 0.32402599
v 0.17812000 0.18993799 0.32566100
v 0.17876101 0.18881001 0.32554799
v 0.16697100 0.18690400 0.32762700
v 0.16697100 0.18560199 0.32762700
v 0.15420800 0.18740600 0.32886001
v 0.16679700 0.18398100 0.32664099
v 0.14499199 0.19676401 0.33048499
v 0.14161900 0.20954700 0.33107999
v 0.14499199 0.22233000 0.33048499
v 0.15420800 0.23168799 0.32886001
v 0.16679700 0.23511299 0.32664099
v 0.17938600 0.23168799 0.32442099
v 0.18860200 0.22233000 0.32279599
v 0.19197500 0.20954700 0.32220101
v 0.18860200 0.19676401 0.32279599
v 0.17938600 0.18740600 0.32442099
v 0.16679700 0.18398100 0.32664099
v 0.14499199 0.19676401 0.33048499
v 0.14161900 0.20954700 0.33107999
v 0.14499199 0.22233000 0.33048499
v 0.15420800 0.23168799 0.32886001
v 0.16679700 0.23511299 0.32664099
v 0.17938600 0.23168799 0.32442099
v 0.18860200 0.22233000 0.32279599
v 0.19197500 0.20954700 0.32220101
v 0.18860200 0.19676401 0.32279599
v 0.17938600 0.18740600 0.32442099
v 0.16679700 0.18398100 0.32664099
v 0.15420800 0.18740600 0.32886001
v 0.17055200 0.20234300 0.34793901
v 0.17409900 0.20330800 0.34731299
v 0.16700500 0.20330800 0.34856400
v 0.17669600 0.21314800 0.34685501
v 0.16440900 0.21314800 0.34902200
v 0.16345800 0.20954700 0.34919000
v 0.17764699 0.20954700 0.34668800
v 0.17409900 0.21578500 0.34731299
v 0.16700500 0.21578500 0.34856400
v 0.17055200 0.21675000 0.34793901
v 0.16440900 0.20594500 0.34902200
v 0.17669600 0.20594500 0.34685501
v -0.23234899 -0.19747600 0.34902200
v -0.24463600 -0.19747600 0.34685501
v -0.24203900 -0.20731600 0.34731299
v -0.23494500 -0.20731600 0.34856400
v -0.23849200 -0.20828100 0.34793901
v 0.34403300 0.00000000 0.00000000
v 0.33892900 -0.06830600 0.00000001
v -0.32205400 -0.06830600 0.00000001
v -0.32520199 0.00000000 0.00000000
v 0.32163501 -0.13181899 0.00000002
v 0.20097500 -0.13181899 0.00000002
v -0.20097500 -0.13181899 0.00000002
v -0.30780101 -0.13181899 0.00000002
v -0.17337300 -0.13576201 0.00000002
v 0.17337300 -0.13576201 0.00000002
v 0.32027301 -0.13681801 0.00500002
v 0.32027301 -0.13681798 0.14700002
v 0.20133001 -0.13681798 0.14700002
v 0.20133001 -0.13681801 0.00500002
v 0.17508000 -0.14056798 0.14700002
v 0.17508000 -0.14056800 0.00500002
v 0.15633000 -0.15181798 0.14700003
v 0.15633000 -0.15181801 0.00500003
v 0.14508000 -0.17056798 0.14700003
v 0.14508000 -0.17056800 0.00500003
v 0.14133000 -0.19681898 0.14700003
v 0.14133000 -0.19681901 0.00500003
v 0.14133000 -0.26489997 0.14700005
v 0.14133000 -0.26490000 0.00500005
v -0.14133000 -0.26490000 0.00500005
v -0.14133000 -0.26489998 0.13150005
v -0.14133000 -0.19681898 0.13150004
v -0.14133000 -0.19681901 0.00500003
v -0.14508000 -0.17056798 0.13150004
v -0.14508000 -0.17056800 0.00500003
v -0.15633000 -0.15181798 0.13150003
v -0.15633000 -0.15181801 0.00500003
v -0.17508000 -0.14056798 0.13150003
v -0.17508000 -0.14056800 0.00500002
v -0.20133001 -0.13681798 0.13150003
v -0.20133001 -0.13681801 0.00500002
v -0.30667901 -0.13681798 0.13150003
v -0.30667901 -0.13681801 0.00500002
v 0.20097500 -0.13181899 0.00000002
v 0.32163501 -0.13181899 0.00000002
v 0.32061300 -0.13556799 0.00125002
v 0.20124100 -0.13556799 0.00125002
v 0.17337300 -0.13576201 0.00000002
v 0.17465299 -0.13936700 0.00125002
v 0.15268600 -0.14817400 0.00000003
v 0.15541901 -0.15090699 0.00125003
v 0.14027300 -0.16886200 0.00000003
v 0.14387800 -0.17014199 0.00125003
v 0.13632999 -0.19646300 0.00000003
v 0.14008000 -0.19673000 0.00125003
v 0.13632999 -0.26490000 0.00000005
v 0.14008000 -0.26490000 0.00125005
v -0.13632999 -0.19646300 0.00000003
v -0.13632999 -0.26490000 0.00000005
v -0.14008000 -0.26490000 0.00125005
v -0.14008000 -0.19673000 0.00125003
v -0.14027300 -0.16886200 0.00000003
v -0.14387800 -0.17014199 0.00125003
v -0.15268600 -0.14817400 0.00000003
v -0.15541901 -0.15090699 0.00125003
v -0.17337300 -0.13576201 0.00000002
v -0.17465299 -0.13936700 0.00125002
v -0.20097500 -0.13181899 0.00000002
v -0.20124100 -0.13556799 0.00125002
v -0.30780101 -0.13181899 0.00000002
v -0.30695999 -0.13556799 0.00125002
v 0.32027301 -0.13681801 0.00500002
v 0.20133001 -0.13681801 0.00500002
v 0.17508000 -0.14056800 0.00500002
v 0.15633000 -0.15181801 0.00500003
v 0.14508000 -0.17056800 0.00500003
v 0.14133000 -0.19681901 0.00500003
v 0.14133000 -0.26490000 0.00500005
v -0.14133000 -0.26490000 0.00500005
v -0.14133000 -0.19681901 0.00500003
v -0.14508000 -0.17056800 0.00500003
v -0.15633000 -0.15181801 0.00500003
v -0.17508000 -0.14056800 0.00500002
v -0.20133001 -0.13681801 0.00500002
v -0.30667901 -0.13681801 0.00500002
v 0.13632999 -0.26490000 0.00000005
v -0.13632999 -0.26490000 0.00000005
v -0.13632999 -0.19646300 0.00000003
v 0.13632999 -0.19646300 0.00000003
v -0.14027300 -0.16886200 0.00000003
v 0.14027300 -0.16886200 0.00000003
v -0.15268600 -0.14817400 0.00000003
v 0.15268600 -0.14817400 0.00000003
v -0.30667901 -0.13681798 0.13150003
v -0.20133001 -0.13681798 0.13150003
v -0.30661699 -0.18702597 0.13150004
v -0.14133000 -0.19681898 0.13150004
v -0.14133000 -0.26489998 0.13150005
v -0.26067600 -0.26489998 0.13150005
v -0.17508000 -0.14056798 0.13150003
v -0.15633000 -0.15181798 0.13150003
v -0.14508000 -0.17056798 0.13150004
v 0.14133000 -0.26489997 0.14700005
v 0.14133000 -0.19681898 0.14700003
v 0.27341300 -0.26489997 0.14700005
v 0.20133001 -0.13681798 0.14700002
v 0.32027301 -0.13681798 0.14700002
v 0.31987101 -0.19006998 0.14700003
v 0.14508000 -0.17056798 0.14700003
v 0.15633000 -0.15181798 0.14700003
v 0.17508000 -0.14056798 0.14700002
v -0.32205400 0.06830600 -0.00000001
v 0.33892900 0.06830600 -0.00000001
v -0.30780101 0.13181899 -0.00000002
v -0.20097500 0.13181899 -0.00000002
v -0.17337300 0.13576201 -0.00000002
v 0.17337300 0.13576201 -0.00000002
v 0.20097500 0.13181899 -0.00000002
v 0.32163501 0.13181899 -0.00000002
v 0.32027301 0.13681801 0.00499998
v 0.20133001 0.13681801 0.00499998
v 0.20133001 0.13681903 0.14699998
v 0.32027301 0.13681903 0.14699998
v 0.17508000 0.14056800 0.00499998
v 0.17508000 0.14056903 0.14699998
v 0.15633000 0.15181801 0.00499997
v 0.15633000 0.15181903 0.14699997
v 0.14508000 0.17056801 0.00499997
v 0.14508000 0.17056903 0.14699997
v 0.14133000 0.19681901 0.00499997
v 0.14133000 0.19681903 0.14699997
v 0.14133000 0.26490000 0.00499995
v 0.14133000 0.26490002 0.14699995
v -0.14133000 0.26490000 0.00499995
v -0.14133000 0.19681901 0.00499997
v -0.14133000 0.19681903 0.13149997
v -0.14133000 0.26490002 0.13149996
v -0.14508000 0.17056801 0.00499997
v -0.14508000 0.17056903 0.13149998
v -0.15633000 0.15181801 0.00499997
v -0.15633000 0.15181903 0.13149998
v -0.17508000 0.14056800 0.00499998
v -0.17508000 0.14056902 0.13149998
v -0.20133001 0.13681801 0.00499998
v -0.20133001 0.13681903 0.13149998
v -0.30667901 0.13681801 0.00499998
v -0.30667901 0.13681903 0.13149998
v 0.20097500 0.13181899 -0.00000002
v 0.20124100 0.13556799 0.00124998
v 0.32061300 0.13556799 0.00124998
v 0.32163501 0.13181899 -0.00000002
v 0.17337300 0.13576201 -0.00000002
v 0.17465299 0.13936700 0.00124998
v 0.15268600 0.14817400 -0.00000003
v 0.15541901 0.15090700 0.00124997
v 0.14027300 0.16886200 -0.00000003
v 0.14387800 0.17014200 0.00124997
v 0.13632999 0.19646300 -0.00000003
v 0.14008000 0.19673000 0.00124997
v 0.13632999 0.26490000 -0.00000005
v 0.14008000 0.26490000 0.00124995
v -0.13632999 0.19646300 -0.00000003
v -0.14008000 0.19673000 0.00124997
v -0.14008000 0.26490000 0.00124995
v -0.13632999 0.26490000 -0.00000005
v -0.14027300 0.16886200 -0.00000003
v -0.14387800 0.17014200 0.00124997
v -0.15268600 0.14817400 -0.00000003
v -0.15541901 0.15090700 0.00124997
v -0.17337300 0.13576201 -0.00000002
v -0.17465299 0.13936700 0.00124998
v -0.20097500 0.13181899 -0.00000002
v -0.20124100 0.13556799 0.00124998
v -0.30780101 0.13181899 -0.00000002
v -0.30695999 0.13556799 0.00124998
v 0.32027301 0.13681801 0.00499998
v 0.20133001 0.13681801 0.00499998
v 0.17508000 0.14056800 0.00499998
v 0.15633000 0.15181801 0.00499997
v 0.14508000 0.17056801 0.00499997
v 0.14133000 0.19681901 0.00499997
v 0.14133000 0.26490000 0.00499995
v -0.14133000 0.26490000 0.00499995
v -0.14133000 0.19681901 0.00499997
v -0.14508000 0.17056801 0.00499997
v -0.15633000 0.15181801 0.00499997
v -0.17508000 0.14056800 0.00499998
v -0.20133001 0.13681801 0.00499998
v -0.30667901 0.13681801 0.00499998
v 0.13632999 0.26490000 -0.00000005
v 0.13632999 0.19646300 -0.00000003
v -0.13632999 0.19646300 -0.00000003
v -0.13632999 0.26490000 -0.00000005
v 0.14027300 0.16886200 -0.00000003
v -0.14027300 0.16886200 -0.00000003
v 0.15268600 0.14817400 -0.00000003
v -0.15268600 0.14817400 -0.00000003
v -0.30667901 0.13681903 0.13149998
v -0.30661699 0.18702602 0.13149997
v -0.20133001 0.13681903 0.13149998
v -0.14133000 0.19681903 0.13149997
v -0.26067600 0.26490002 0.13149996
v -0.14133000 0.26490002 0.13149996
v -0.15633000 0.15181903 0.13149998
v -0.17508000 0.14056902 0.13149998
v -0.14508000 0.17056903 0.13149998
v 0.14133000 0.26490002 0.14699995
v 0.27341300 0.26490002 0.14699995
v 0.14133000 0.19681903 0.14699997
v 0.20133001 0.13681903 0.14699998
v 0.31987101 0.19007003 0.14699997
v 0.32027301 0.13681903 0.14699998
v 0.14508000 0.17056903 0.14699997
v 0.15633000 0.15181903 0.14699997
v 0.17508000 0.14056903 0.14699998
v -0.30581701 0.22036204 0.27287497
v -0.32276300 0.19817205 0.27239796
v -0.31928301 0.19474905 0.28333997
v -0.30270800 0.21588105 0.28411495
v -0.28529000 0.24026604 0.27313395
v -0.28217399 0.23498005 0.28458296
v -0.26177901 0.25700905 0.27396996
v -0.25883001 0.25144105 0.28493695
v -0.23576100 0.27093505 0.27382095
v -0.23336400 0.26450505 0.28545494
v -0.20735601 0.28160604 0.27402596
v -0.20606300 0.27571004 0.28521596
v -0.13608000 0.29539706 0.27473194
v -0.13818599 0.28998505 0.28482396
v -0.10142500 0.29426305 0.28380895
v -0.09442500 0.29855605 0.27611194
v -0.17243600 0.29015105 0.27382795
v -0.17371801 0.28351205 0.28545494
v -0.07248000 0.30662705 0.25201294
v -0.12984100 0.30282806 0.25159094
v -0.13226400 0.30054106 0.25878296
v -0.17430700 0.29479904 0.25722895
v -0.13868700 0.30283205 0.24705095
v -0.14213701 0.30434803 0.23742694
v -0.17724800 0.29859505 0.23827194
v -0.20848399 0.28625505 0.25784395
v -0.20939700 0.29046304 0.23839695
v -0.23714800 0.27546103 0.25773294
v -0.23805200 0.27960105 0.23846095
v -0.26362100 0.26120405 0.25839196
v -0.26512399 0.26504303 0.23934395
v -0.28724599 0.24423005 0.25779896
v -0.28892300 0.24773104 0.23939596
v -0.30799499 0.22411205 0.25765096
v -0.30987900 0.22736405 0.23918596
v -0.32529500 0.20140305 0.25730797
v -0.32750899 0.20402704 0.23905697
v -0.33881801 0.17642705 0.25783798
v -0.34132901 0.17845005 0.23935898
v -0.33233300 0.17134706 0.28284296
v -0.33599699 0.17346005 0.27307898
v -0.34820899 0.14066205 0.27285597
v -0.34900600 0.14982404 0.25831697
v -0.35420099 0.13223605 0.25803099
v -0.35162100 0.15179404 0.23940097
v -0.37177899 0.03181404 0.23908699
v -0.37259701 0.00000004 0.23945799
v -0.37177300 0.00000004 0.24590901
v -0.37075001 0.03178504 0.24593700
v -0.36925200 0.00000004 0.24812201
v -0.36859599 0.03158204 0.24820600
v -0.36929399 0.06299204 0.23897599
v -0.36823899 0.06269404 0.24642499
v -0.36587301 0.06231204 0.24851598
v -0.36520499 0.09362004 0.23895898
v -0.36424500 0.09324305 0.24683799
v -0.36168000 0.09271404 0.24928398
v -0.35946000 0.12347604 0.23841097
v -0.36051500 0.11239304 0.24842397
v -0.35832599 0.11068804 0.25070099
v -0.35723600 0.12454504 0.25206197
v -0.35543099 0.12276304 0.25409598
v -0.35289699 0.12948905 0.25957597
v -0.34704399 0.13746804 0.27372999
v -0.34255201 0.14497005 0.28285999
v -0.34200701 0.14161104 0.28300098
v -0.34493601 0.17715003 0.20401697
v -0.34880200 0.16698504 0.20941797
v -0.34245700 0.18104404 0.21848596
v -0.35288000 0.15398304 0.21867097
v -0.36077699 0.12511904 0.21860597
v -0.36666301 0.09477204 0.21834299
v -0.37070599 0.06436204 0.21852699
v -0.37328500 0.03185804 0.21896299
v -0.37415799 0.00000004 0.21862100
v -0.37388101 0.00000003 0.19492100
v -0.37282199 0.03134503 0.19492299
v -0.37105000 0.06441904 0.19477299
v -0.36715800 0.09436004 0.19474798
v -0.36421299 0.11125803 0.19435899
v -0.36211699 0.11652004 0.20315799
v -0.36155400 0.12349503 0.20793098
v -0.35281500 0.15530603 0.21121398
v -0.35900199 0.13388304 0.21104597
v -0.32873601 0.20634704 0.21823896
v -0.31112999 0.22975404 0.21862796
v -0.29014200 0.25040905 0.21793096
v -0.26615500 0.26797003 0.21770695
v -0.17930999 0.30159504 0.21665295
v -0.14379400 0.30744702 0.21573695
v -0.14356600 0.30964604 0.19467195
v -0.15367100 0.30725304 0.19484595
v -0.15948901 0.30575204 0.20222395
v -0.16759899 0.30395303 0.20688494
v -0.17757501 0.30189104 0.20840795
v -0.21059699 0.29351503 0.21691295
v -0.20086400 0.29739005 0.20840994
v -0.21071599 0.29467104 0.20613695
v -0.23876201 0.28270704 0.21709595
v -0.21761300 0.29168603 0.20213694
v -0.26642099 0.26989803 0.19434395
v -0.23959599 0.28443003 0.19448696
v -0.22307201 0.29137505 0.19467896
v -0.31236300 0.23062404 0.19435496
v -0.29067400 0.25190303 0.19411595
v -0.34239700 0.18341704 0.19467297
v -0.32916200 0.20787204 0.19428996
v -0.13762499 0.27952304 0.29087494
v -0.10638200 0.28603505 0.28942196
v -0.17271100 0.27236806 0.29131295
v -0.20351100 0.26550605 0.29096396
v -0.22966599 0.25461506 0.29136695
v -0.25462899 0.24336304 0.29082094
v -0.27751800 0.22736705 0.29103096
v -0.29801801 0.20985506 0.29065796
v -0.31464800 0.19057805 0.28988498
v -0.32721901 0.16971505 0.28910697
v -0.12465400 0.27577104 0.29297696
v -0.13811301 0.25758805 0.29873396
v -0.17078800 0.25117805 0.29875495
v -0.19908600 0.24539105 0.29827796
v -0.22471300 0.23744405 0.29769995
v -0.24938400 0.22919106 0.29677497
v -0.33559799 0.14772705 0.28994897
v -0.32392001 0.16771106 0.29254097
v -0.31027201 0.18527005 0.29430896
v -0.29345000 0.20159305 0.29543995
v -0.27252299 0.21588106 0.29645496
v -0.21978299 0.21465806 0.30458795
v -0.19414701 0.21879406 0.30588397
v -0.24441101 0.20900906 0.30312996
v -0.26837900 0.19985206 0.30177995
v -0.28974101 0.18924605 0.30021795
v -0.30687901 0.17705905 0.29847097
v -0.31947500 0.16566306 0.29610497
v -0.24002101 0.18429206 0.30904898
v -0.21529900 0.18758705 0.31115797
v -0.26512301 0.17911906 0.30681097
v -0.28789100 0.17310505 0.30441597
v -0.30681801 0.16411806 0.30180198
v -0.32650900 0.15018506 0.29624996
v -0.30519301 0.15353806 0.30490399
v -0.33499601 0.14437205 0.28988398
v -0.32589099 0.14687606 0.29611096
v -0.30464500 0.15024505 0.30460698
v -0.15557100 0.15649205 0.32013297
v -0.13478100 0.15680505 0.32091996
v -0.13437600 0.16025106 0.32127497
v -0.15575300 0.15975706 0.32042596
v -0.18841501 0.15560706 0.31835097
v -0.18885700 0.15810106 0.31857696
v -0.21199299 0.15478506 0.31669498
v -0.21257600 0.15751805 0.31701598
v -0.23586901 0.15705606 0.31497896
v -0.23534100 0.15416106 0.31467897
v -0.26368999 0.15653505 0.31192297
v -0.26328200 0.15306705 0.31171796
v -0.28801101 0.15539306 0.30845097
v -0.28781101 0.15171305 0.30828697
v -0.17034701 0.22297106 0.30672496
v -0.14445400 0.22572906 0.30737697
v -0.15116499 0.19317105 0.31451198
v -0.18880500 0.18977506 0.31292995
v -0.11615000 0.25673204 0.29998694
v -0.12312900 0.22606605 0.30836796
v -0.11319500 0.25569504 0.30027895
v -0.11970100 0.22585405 0.30808296
v -0.12826601 0.19978706 0.31411197
v -0.12509701 0.19989205 0.31430697
v -0.11828700 0.20064406 0.31395897
v -0.12015200 0.19927406 0.31433096
v -0.11925700 0.18569806 0.31745097
v -0.11268100 0.18994705 0.31683397
v -0.11678400 0.20304906 0.31337797
v -0.10825800 0.19683505 0.31560498
v -0.11142800 0.22667905 0.30786996
v -0.10123600 0.22809806 0.30869295
v -0.09467300 0.25998905 0.29957797
v -0.10553800 0.25416904 0.30035995
v -0.10620700 0.25598305 0.29986595
v -0.09714400 0.26731607 0.29698194
v -0.10793100 0.25696104 0.29967196
v -0.10318000 0.27140104 0.29534395
v -0.11069200 0.27379306 0.29422594
v -0.11133000 0.25700506 0.29982994
v -0.13112199 0.18227206 0.31793198
v -0.12342200 0.19816106 0.31465497
v -0.30581701 -0.22036296 0.27287404
v -0.30270800 -0.21588096 0.28411404
v -0.31928301 -0.19474895 0.28334004
v -0.32276300 -0.19817196 0.27239803
v -0.28529000 -0.24026695 0.27313404
v -0.28217399 -0.23497995 0.28458304
v -0.26177901 -0.25700895 0.27397005
v -0.25883001 -0.25144095 0.28493704
v -0.23576100 -0.27093495 0.27382006
v -0.23336400 -0.26450495 0.28545503
v -0.20735601 -0.28160594 0.27402504
v -0.20606300 -0.27570994 0.28521504
v -0.13608000 -0.29539795 0.27473205
v -0.09442500 -0.29855595 0.27611106
v -0.10142500 -0.29426394 0.28380906
v -0.13818599 -0.28998495 0.28482406
v -0.17371801 -0.28351195 0.28545504
v -0.17243600 -0.29015095 0.27382805
v -0.07248000 -0.30662696 0.25201305
v -0.13226400 -0.30054195 0.25878307
v -0.12984100 -0.30282797 0.25159105
v -0.17430700 -0.29479997 0.25722905
v -0.13868700 -0.30283196 0.24705006
v -0.17724800 -0.29859497 0.23827205
v -0.14213701 -0.30434795 0.23742705
v -0.20848399 -0.28625496 0.25784405
v -0.20939700 -0.29046296 0.23839605
v -0.23714800 -0.27546094 0.25773304
v -0.23805200 -0.27960195 0.23846105
v -0.26362100 -0.26120396 0.25839104
v -0.26512399 -0.26504295 0.23934405
v -0.28724599 -0.24422996 0.25779803
v -0.28892300 -0.24773096 0.23939605
v -0.30799499 -0.22411196 0.25765104
v -0.30987900 -0.22736396 0.23918604
v -0.32529500 -0.20140296 0.25730804
v -0.32750899 -0.20402696 0.23905704
v -0.33881801 -0.17642696 0.25783804
v -0.34132901 -0.17844996 0.23935904
v -0.33233300 -0.17134696 0.28284302
v -0.33599699 -0.17345996 0.27307904
v -0.34820899 -0.14066195 0.27285602
v -0.34900600 -0.14982496 0.25831702
v -0.35420099 -0.13223596 0.25803103
v -0.35162100 -0.15179396 0.23940102
v -0.37177899 -0.03181396 0.23908701
v -0.37075001 -0.03178496 0.24593701
v -0.36859599 -0.03158196 0.24820601
v -0.36929399 -0.06299296 0.23897501
v -0.36823899 -0.06269396 0.24642501
v -0.36587301 -0.06231196 0.24851600
v -0.36520499 -0.09361996 0.23895902
v -0.36424500 -0.09324296 0.24683802
v -0.36168000 -0.09271496 0.24928402
v -0.35946000 -0.12347596 0.23841102
v -0.36051500 -0.11239296 0.24842401
v -0.35832599 -0.11068896 0.25070103
v -0.35723600 -0.12454595 0.25206201
v -0.35543099 -0.12276296 0.25409602
v -0.35289699 -0.12948896 0.25957602
v -0.34704399 -0.13746795 0.27373003
v -0.34255201 -0.14496995 0.28286004
v -0.34200701 -0.14161095 0.28300002
v -0.34493601 -0.17714996 0.20401603
v -0.34245700 -0.18104396 0.21848603
v -0.34880200 -0.16698597 0.20941803
v -0.35288000 -0.15398396 0.21867102
v -0.36077699 -0.12511896 0.21860602
v -0.36666301 -0.09477197 0.21834302
v -0.37070599 -0.06436196 0.21852702
v -0.37328500 -0.03185896 0.21896300
v -0.37282199 -0.03134496 0.19492300
v -0.37105000 -0.06441897 0.19477301
v -0.36715800 -0.09435997 0.19474802
v -0.36421299 -0.11125896 0.19435902
v -0.36211401 -0.11651997 0.20315803
v -0.36155999 -0.12349697 0.20793102
v -0.35281500 -0.15530596 0.21121403
v -0.35900199 -0.13388296 0.21104602
v -0.32873601 -0.20634697 0.21823903
v -0.31112999 -0.22975396 0.21862804
v -0.29014200 -0.25040897 0.21793105
v -0.26615500 -0.26796996 0.21770604
v -0.17930999 -0.30159496 0.21665206
v -0.14379400 -0.30744695 0.21573705
v -0.15367100 -0.30725297 0.19484606
v -0.14356600 -0.30964598 0.19467206
v -0.15948901 -0.30575197 0.20222405
v -0.16759899 -0.30395397 0.20688505
v -0.17757501 -0.30189096 0.20840705
v -0.21059699 -0.29351496 0.21691305
v -0.20086400 -0.29738697 0.20841005
v -0.21071599 -0.29467096 0.20613705
v -0.23876201 -0.28270697 0.21709605
v -0.21761100 -0.29167997 0.20213605
v -0.26647300 -0.26997697 0.19434905
v -0.23959599 -0.28442996 0.19448606
v -0.22307099 -0.29137498 0.19467804
v -0.31225699 -0.23053597 0.19434805
v -0.29076701 -0.25201895 0.19412105
v -0.34239599 -0.18341697 0.19467303
v -0.32914099 -0.20785996 0.19429003
v -0.31464800 -0.19057795 0.28988505
v -0.29801801 -0.20985595 0.29065803
v -0.32721901 -0.16971495 0.28910702
v -0.33559799 -0.14772695 0.28994903
v -0.32392001 -0.16771095 0.29254103
v -0.31027201 -0.18526995 0.29430902
v -0.30687901 -0.17705894 0.29847103
v -0.31947500 -0.16566295 0.29610503
v -0.30681801 -0.16411795 0.30180102
v -0.30519301 -0.15353895 0.30490303
v -0.32650900 -0.15018495 0.29625001
v -0.33499601 -0.14437195 0.28988403
v -0.32589099 -0.14687695 0.29611101
v -0.30464500 -0.15024494 0.30460602
v -0.11319500 -0.25569493 0.30027904
v -0.11970100 -0.22585394 0.30808304
v -0.12312900 -0.22606594 0.30836804
v -0.11615000 -0.25673295 0.29998703
v -0.12509701 -0.19989194 0.31430704
v -0.12826601 -0.19978695 0.31411204
v -0.11828700 -0.20064395 0.31395904
v -0.11268100 -0.18994794 0.31683302
v -0.11925700 -0.18569795 0.31745103
v -0.12015200 -0.19927395 0.31433103
v -0.11678400 -0.20304995 0.31337804
v -0.10825800 -0.19683494 0.31560505
v -0.11142800 -0.22667894 0.30787004
v -0.10553800 -0.25416893 0.30036004
v -0.09467300 -0.25998894 0.29957806
v -0.10123600 -0.22809795 0.30869303
v -0.10620700 -0.25598294 0.29986604
v -0.09714400 -0.26731596 0.29698204
v -0.10793100 -0.25696195 0.29967205
v -0.10318000 -0.27140094 0.29534404
v -0.11133000 -0.25700495 0.29983003
v -0.11069200 -0.27379296 0.29422506
v -0.12465400 -0.27577195 0.29297705
v -0.13112199 -0.18227195 0.31793103
v -0.12342200 -0.19816095 0.31465504
v -0.20900100 -0.20759595 0.33185402
v -0.20828199 -0.20068294 0.33201305
v -0.21069400 -0.20073295 0.33183304
v -0.21163499 -0.20715694 0.33167205
v -0.19869900 -0.20934995 0.33035702
v -0.19748300 -0.20098494 0.33035702
v -0.21358800 -0.21253394 0.33132903
v -0.21127300 -0.21347495 0.33146704
v -0.20274100 -0.21680795 0.33020303
v -0.21463899 -0.21874394 0.33084104
v -0.21662900 -0.21713394 0.33079303
v -0.21009800 -0.22191595 0.32991503
v -0.22111100 -0.22105894 0.33000303
v -0.21962400 -0.22323895 0.32999603
v -0.21742199 -0.22585394 0.32923804
v -0.22580400 -0.22640294 0.32891304
v -0.22668000 -0.22411694 0.32902003
v -0.22462200 -0.22806195 0.32818304
v -0.23353700 -0.22550895 0.32780803
v -0.23298600 -0.22774995 0.32767303
v -0.23231401 -0.22946595 0.32676504
v -0.24006900 -0.22742294 0.32641105
v -0.23974399 -0.22499295 0.32671304
v -0.23990400 -0.22883295 0.32537104
v -0.24599899 -0.22286494 0.32561005
v -0.24727701 -0.22508894 0.32502503
v -0.24790899 -0.22700294 0.32373003
v -0.25266299 -0.22136395 0.32410405
v -0.25097200 -0.21935094 0.32473705
v -0.25487000 -0.22426795 0.32186804
v -0.25470001 -0.21488095 0.32407904
v -0.25682101 -0.21627595 0.32343803
v -0.26111299 -0.21981395 0.31993205
v -0.25758699 -0.20890394 0.32357303
v -0.25992799 -0.20958995 0.32290003
v -0.26617101 -0.21134594 0.31823505
v -0.25897199 -0.20186894 0.32332704
v -0.26120901 -0.20194294 0.32269803
v -0.26751700 -0.20251294 0.31779802
v -0.25822401 -0.19538595 0.32345704
v -0.26054999 -0.19483994 0.32281402
v -0.26620600 -0.19336595 0.31828502
v -0.25835401 -0.18870895 0.32319403
v -0.25637001 -0.18991694 0.32378504
v -0.26252800 -0.18557695 0.31947303
v -0.25265899 -0.18449694 0.32444003
v -0.25421700 -0.18248295 0.32386902
v -0.25597900 -0.17977494 0.32157704
v -0.24890800 -0.17820895 0.32474902
v -0.24783100 -0.18047194 0.32529304
v -0.24961799 -0.17599894 0.32294804
v -0.24206100 -0.17779094 0.32630503
v -0.24284500 -0.17529594 0.32571703
v -0.24263699 -0.17421495 0.32460904
v -0.23545200 -0.17400894 0.32708702
v -0.23522800 -0.17656695 0.32751203
v -0.23524000 -0.17294894 0.32579902
v -0.22844499 -0.17485494 0.32839403
v -0.22917800 -0.17732795 0.32857204
v -0.22812000 -0.17383294 0.32729304
v -0.22329900 -0.17968194 0.32961804
v -0.22201300 -0.17758194 0.32959402
v -0.22122701 -0.17567595 0.32869804
v -0.21670499 -0.18119595 0.33046502
v -0.21848001 -0.18306694 0.33046302
v -0.21339400 -0.17888195 0.32956302
v -0.21450099 -0.18799494 0.33116705
v -0.21222299 -0.18717794 0.33132702
v -0.20526101 -0.18474895 0.33016402
v -0.20918100 -0.19353995 0.33178804
v -0.21191400 -0.19406395 0.33162603
v -0.19957800 -0.19261094 0.33036104
v -0.14934300 -0.20091394 0.31739304
v -0.13437600 -0.16025095 0.32127502
v -0.15555200 -0.15990395 0.32041302
v -0.20107400 -0.17088394 0.32640702
v -0.21485300 -0.16875795 0.32420602
v -0.22478899 -0.16797795 0.32217804
v -0.23438200 -0.16804594 0.32056302
v -0.24337900 -0.16862394 0.31920904
v -0.25240099 -0.16960395 0.31748804
v -0.26044801 -0.17272094 0.31607902
v -0.26909500 -0.18103694 0.31450004
v -0.27418900 -0.20335095 0.31346503
v -0.27317899 -0.21401194 0.31371803
v -0.26834300 -0.22561895 0.31472803
v -0.26156801 -0.23331795 0.31510005
v -0.25231299 -0.23724994 0.31730704
v -0.23843101 -0.23839994 0.31980703
v -0.22895600 -0.23854395 0.32143004
v -0.21967700 -0.23857494 0.32319404
v -0.20864800 -0.23750094 0.32518904
v -0.19409201 -0.23284994 0.32702903
v -0.18290800 -0.20122194 0.32968304
v -0.18345200 -0.21203494 0.32955704
v -0.18339001 -0.19052695 0.32933003
v -0.18933800 -0.17891595 0.32837504
v -0.13478100 -0.15680595 0.32091903
v -0.15557100 -0.15649294 0.32013303
v -0.18933800 -0.17891595 0.32837504
v -0.18339001 -0.19052695 0.32933003
v -0.16892000 -0.17856795 0.32226104
v -0.27751800 -0.22736795 0.29103104
v -0.26834300 -0.22561895 0.31472803
v -0.27317899 -0.21401194 0.31371803
v -0.27663401 -0.22190795 0.29973004
v -0.28781101 -0.15171294 0.30828702
v -0.28801101 -0.15539295 0.30845102
v -0.27322099 -0.19114094 0.31368903
v -0.27418900 -0.20335095 0.31346503
v -0.28568801 -0.20360195 0.29938204
v -0.29463500 -0.18710295 0.29984704
v -0.29487100 -0.20410695 0.29434404
v -0.28441200 -0.18983195 0.30370003
v -0.27322099 -0.19114094 0.31368903
v -0.28900900 -0.17286395 0.30470002
v -0.28052899 -0.17554795 0.30672902
v -0.26754200 -0.16593494 0.31060702
v -0.26909500 -0.18103694 0.31450004
v -0.26044801 -0.17272094 0.31607902
v -0.25758299 -0.24309995 0.29220404
v -0.26038399 -0.23713394 0.30060704
v -0.26156801 -0.23331795 0.31510005
v -0.22966599 -0.25461496 0.29136704
v -0.24039000 -0.24335094 0.30217905
v -0.25231299 -0.23724994 0.31730704
v -0.23843101 -0.23839994 0.31980703
v -0.20351100 -0.26550595 0.29096405
v -0.21889000 -0.24440794 0.30536105
v -0.22895600 -0.23854395 0.32143004
v -0.10638200 -0.28603495 0.28942206
v -0.13762499 -0.27952395 0.29087504
v -0.17403400 -0.27328796 0.29093506
v -0.19992000 -0.24353095 0.30873404
v -0.21967700 -0.23857494 0.32319404
v -0.20864800 -0.23750094 0.32518904
v -0.22478899 -0.16797795 0.32217804
v -0.21485300 -0.16875795 0.32420602
v -0.21502300 -0.16280795 0.31693804
v -0.23586901 -0.15705595 0.31497901
v -0.21249500 -0.15770194 0.31703403
v -0.21199299 -0.15478495 0.31669503
v -0.23534100 -0.15416095 0.31467902
v -0.23478000 -0.16245695 0.31503403
v -0.23438200 -0.16804594 0.32056302
v -0.18829601 -0.15863595 0.31853604
v -0.18841501 -0.15560694 0.31835103
v -0.19255300 -0.16566994 0.31924102
v -0.20107400 -0.17088394 0.32640702
v -0.14445400 -0.22572995 0.30737705
v -0.16063599 -0.20173595 0.32013605
v -0.18290800 -0.20122194 0.32968304
v -0.26368999 -0.15653495 0.31192302
v -0.26328200 -0.15306694 0.31171801
v -0.25519001 -0.16285494 0.31258902
v -0.24337900 -0.16862394 0.31920904
v -0.25240099 -0.16960395 0.31748804
v -0.13811301 -0.25758896 0.29873405
v -0.18640700 -0.22313795 0.32896803
v -0.18241000 -0.24128095 0.31080104
v -0.19409201 -0.23284994 0.32702903
v -0.16320001 -0.22033094 0.31713203
v -0.18345200 -0.21203494 0.32955704
v -0.16952699 -0.23274094 0.31386305
v -0.18640700 -0.22313795 0.32896803
v -0.10525900 0.00000001 0.03500000
v -0.10696600 0.00637001 0.03500000
v -0.10696600 0.00637003 0.19300000
v -0.10525900 0.00000003 0.19300000
v -0.11162900 0.01103401 0.03500000
v -0.11162900 0.01103403 0.19300000
v -0.11162900 0.01103401 0.03500000
v -0.11800000 0.01274101 0.03500000
v -0.11800000 0.01274103 0.19300000
v -0.11162900 0.01103403 0.19300000
v -0.12437100 0.01103401 0.03500000
v -0.12437100 0.01103403 0.19300000
v -0.12903400 0.00637101 0.03500000
v -0.12903400 0.00637003 0.19300000
v -0.13074100 0.00000001 0.03500000
v -0.13074100 0.00000003 0.19300000
v -0.12903400 -0.00637099 0.03500000
v -0.12903400 -0.00637097 0.19300000
v -0.12437100 -0.01103399 0.03500000
v -0.12437100 -0.01103397 0.19300001
v -0.11800000 -0.01274099 0.03500000
v -0.11800000 -0.01274097 0.19300001
v -0.11163000 -0.01103399 0.03500000
v -0.11163000 -0.01103397 0.19300001
v -0.10696600 -0.00637099 0.03500000
v -0.10696600 -0.00637097 0.19300000
v -0.12903400 0.00637003 0.19300000
v -0.13074100 0.00000003 0.19300000
v -0.10525900 0.00000003 0.19300000
v -0.10696600 0.00637003 0.19300000
v -0.12903400 -0.00637097 0.19300000
v -0.10696600 -0.00637097 0.19300000
v -0.11162900 0.01103403 0.19300000
v -0.12437100 0.01103403 0.19300000
v -0.11800000 0.01274103 0.19300000
v -0.12437100 -0.01103397 0.19300001
v -0.11163000 -0.01103397 0.19300001
v -0.11800000 -0.01274097 0.19300001
v -0.36587301 -0.06231296 0.24851600
v -0.36168000 -0.09271496 0.24928402
v -0.35396600 -0.09015196 0.24965201
v -0.35842499 -0.06184596 0.24876502
v -0.36859599 -0.03158196 0.24820601
v -0.36048201 -0.03199796 0.24838600
v -0.35137901 -0.03214096 0.24292301
v -0.35204300 0.00000004 0.24202000
v -0.36088100 0.00000004 0.24794200
v -0.36048201 -0.03199796 0.24838600
v -0.36088100 0.00000004 0.24794200
v -0.36925200 0.00000004 0.24812201
v -0.34818700 -0.06059096 0.24359101
v -0.35842499 -0.06184596 0.24876502
v -0.35396600 -0.09015196 0.24965201
v -0.34323400 -0.08826896 0.24403901
v -0.34079400 -0.05960396 0.23048001
v -0.34383699 -0.03299096 0.23055301
v -0.34481201 0.00000004 0.22963600
v -0.34941000 -0.10818295 0.25171401
v -0.35828200 -0.11053795 0.25065501
v -0.34200701 -0.14161095 0.28300002
v -0.33499601 -0.14437195 0.28988403
v -0.32856700 -0.13473895 0.28700503
v -0.33362401 -0.13254095 0.28170203
v -0.32197300 -0.13701295 0.29197004
v -0.32589099 -0.14687695 0.29611101
v -0.30464500 -0.15024494 0.30460602
v -0.28781101 -0.15171294 0.30828702
v -0.28513300 -0.14192294 0.30431604
v -0.30223501 -0.14053694 0.30055502
v -0.35543099 -0.12276296 0.25409602
v -0.35289699 -0.12948896 0.25957602
v -0.34198701 -0.12470095 0.26518401
v -0.34540200 -0.11905895 0.25810601
v -0.34704399 -0.13746795 0.27373003
v -0.33698300 -0.13013595 0.27603101
v -0.07437600 -0.15735895 0.32221502
v 0.02101900 -0.15726094 0.32167902
v 0.01990000 -0.14713695 0.31571802
v -0.07498100 -0.14736395 0.31763303
v -0.13478100 -0.15680595 0.32091903
v -0.13430899 -0.14615894 0.31555602
v -0.15557100 -0.15649294 0.32013303
v -0.15541400 -0.14600894 0.31521603
v -0.18841501 -0.15560694 0.31835103
v -0.18923099 -0.14523794 0.31343704
v -0.21199299 -0.15478495 0.31669503
v -0.21237300 -0.14430094 0.31140103
v -0.23534100 -0.15416095 0.31467902
v -0.23597500 -0.14375395 0.30986404
v -0.26328200 -0.15306694 0.31171801
v -0.26322201 -0.14266895 0.30689704
v -0.21237300 -0.14430094 0.31140103
v -0.18923099 -0.14523794 0.31343704
v -0.20113300 -0.13080196 0.27303501
v 0.10285900 -0.14585394 0.31160602
v 0.10304300 -0.15579494 0.31815803
v 0.13376100 -0.14531895 0.30995303
v 0.13458499 -0.15492495 0.31595003
v 0.16448800 -0.15375194 0.31319302
v 0.16311900 -0.14453395 0.30769401
v 0.19151101 -0.15226995 0.30978003
v 0.18969500 -0.14312195 0.30428403
v 0.21367399 -0.15070394 0.30639702
v 0.21080400 -0.14201795 0.30153602
v 0.23439001 -0.14881495 0.30225503
v 0.23354299 -0.14002495 0.29746702
v 0.25185001 -0.14698295 0.29827302
v 0.25017199 -0.13856495 0.29399302
v 0.27108601 -0.14451195 0.29315802
v 0.26839101 -0.13601694 0.28935503
v 0.29159400 -0.14100594 0.28612002
v 0.28647500 -0.13284695 0.28301802
v 0.30512300 -0.13848996 0.28123101
v 0.30051801 -0.12989895 0.27794101
v 0.32020301 -0.13473296 0.27422502
v 0.31546399 -0.12624895 0.27086701
v 0.33368799 -0.13058595 0.26682802
v 0.32799599 -0.12222195 0.26398303
v 0.37058300 -0.03666396 0.22331401
v 0.37148300 0.00000004 0.22312300
v 0.36255300 0.00000004 0.22344500
v 0.36182699 -0.03594396 0.22390901
v 0.36698800 -0.07100296 0.22513902
v 0.35835800 -0.06984996 0.22593902
v 0.36091000 -0.09950796 0.23061602
v 0.35214600 -0.09591896 0.23164101
v 0.35578600 -0.11213796 0.23844903
v 0.34712201 -0.10714396 0.23969402
v 0.34855199 -0.12147296 0.25164603
v 0.33994099 -0.11534096 0.25218203
v 0.34208399 -0.12690495 0.26040401
v 0.33418900 -0.11953995 0.25925701
v -0.26322201 -0.14266895 0.30689704
v -0.23597500 -0.14375395 0.30986404
v -0.25133601 -0.12990196 0.27094101
v -0.28496200 -0.12880195 0.26867803
v -0.28513300 -0.14192294 0.30431604
v -0.34540200 -0.11905895 0.25810601
v -0.34198701 -0.12470095 0.26518401
v -0.32889000 -0.12036695 0.25522803
v -0.33698300 -0.13013595 0.27603101
v -0.33362401 -0.13254095 0.28170203
v -0.31271499 -0.12621096 0.26350402
v -0.32856700 -0.13473895 0.28700503
v -0.32197300 -0.13701295 0.29197004
v -0.30223501 -0.14053694 0.30055502
v -0.33511999 -0.08736896 0.22949502
v -0.33888301 -0.10481196 0.24599102
v -0.34941000 -0.10818295 0.25171401
v -0.31823000 -0.12062796 0.22918702
v 0.19946200 -0.10832797 0.16111902
v 0.20573001 -0.10776297 0.17638302
v 0.20568600 0.00000003 0.17634600
v 0.19948900 0.00000003 0.16154200
v 0.26620099 -0.10738497 0.18191302
v 0.30227700 -0.10486597 0.18202302
v 0.30503500 0.00000003 0.18191300
v 0.26556599 0.00000003 0.18191300
v 0.21962000 -0.10724596 0.18191302
v 0.21971700 0.00000003 0.18191300
v 0.20483699 -0.12378297 0.18973302
v 0.19786701 -0.12115897 0.18301303
v 0.30652201 -0.12134397 0.19288701
v 0.33486801 -0.10561496 0.19367002
v 0.32013899 -0.09674097 0.18216402
v 0.26560599 -0.12651896 0.19467502
v 0.33466801 -0.03783597 0.18191900
v 0.33624399 0.00000003 0.18191800
v 0.33107099 -0.07034897 0.18198602
v 0.35515001 -0.03761896 0.20180400
v 0.35145801 -0.07199396 0.20482701
v 0.35835800 -0.06984996 0.22593902
v 0.36182699 -0.03594396 0.22390901
v 0.34739900 -0.03863497 0.18718900
v 0.34459701 -0.07364497 0.18864602
v 0.35620901 0.00000004 0.20075800
v 0.34852201 0.00000003 0.18637700
v 0.36255300 0.00000004 0.22344500
v 0.35214600 -0.09591896 0.23164101
v 0.34048900 -0.10437796 0.21343601
v 0.34712201 -0.10714396 0.23969402
v 0.33994099 -0.11534096 0.25218203
v 0.32514301 -0.11776496 0.22605803
v 0.33418900 -0.11953995 0.25925701
v 0.30954900 -0.12301596 0.20618702
v 0.31349000 -0.12260296 0.23459002
v 0.31546399 -0.12624895 0.27086701
v 0.32799599 -0.12222195 0.26398303
v 0.30051801 -0.12989895 0.27794101
v 0.28797200 -0.12838195 0.24903002
v 0.28647500 -0.13284695 0.28301802
v 0.26770201 -0.12802296 0.22164903
v 0.26839101 -0.13601694 0.28935503
v 0.25481299 -0.12980595 0.25918602
v 0.25017199 -0.13856495 0.29399302
v 0.21736901 -0.13053195 0.26534801
v 0.21080400 -0.14201795 0.30153602
v 0.23354299 -0.14002495 0.29746702
v 0.23008500 -0.12803096 0.22646002
v 0.18969500 -0.14312195 0.30428403
v 0.17254700 -0.13095996 0.26992502
v 0.18503401 -0.12805196 0.22956703
v 0.16311900 -0.14453395 0.30769401
v 0.11511600 -0.13095696 0.27217802
v 0.01855400 -0.13107095 0.27307101
v 0.01990000 -0.14713695 0.31571802
v 0.10285900 -0.14585394 0.31160602
v 0.13376100 -0.14531895 0.30995303
v -0.07498100 -0.14736395 0.31763303
v -0.07844700 -0.13141095 0.27432101
v -0.13430899 -0.14615894 0.31555602
v -0.14363500 -0.13103595 0.27344801
v -0.15541400 -0.14600894 0.31521603
v -0.16820800 -0.12802996 0.23379102
v -0.27041000 -0.12686196 0.23078103
v 0.02256500 0.00000002 0.09334300
v -0.18721400 0.00000003 0.19078401
v 0.02256900 -0.10860398 0.09297702
v 0.18058001 -0.12782196 0.19962502
v 0.19939201 -0.10820798 0.09424902
v 0.19942901 0.00000002 0.09423200
v 0.19277200 -0.12269797 0.17300402
v 0.03150000 0.00000001 0.07395100
v 0.03124300 -0.10780199 0.07405402
v 0.19126999 0.00000001 0.07455200
v 0.19111100 -0.10811199 0.07430702
v 0.19370900 -0.12148999 0.09342302
v 0.04982000 -0.11991698 0.08009502
v 0.18042800 -0.12220099 0.08095402
v 0.18064600 -0.12749499 0.09361503
v 0.13609999 -0.12807095 0.23273102
v 0.01288600 -0.12808596 0.23656002
v -0.08448000 -0.12807995 0.23559702
v -0.18158101 -0.12771996 0.19118003
v 0.09191200 -0.12791496 0.19343003
v 0.04773500 -0.12589899 0.09491402
v -0.27890801 -0.12636597 0.19311502
v -0.31817800 -0.11915297 0.19191301
v -0.33404300 -0.08814396 0.19191301
v -0.33961901 -0.06193597 0.19191300
v -0.27890801 0.00000003 0.19191299
v -0.34339499 -0.03421297 0.19260000
v -0.34385800 0.00000003 0.19191299
v -0.36587301 0.06231204 0.24851598
v -0.35842499 0.06184604 0.24876500
v -0.35396600 0.09015205 0.24965198
v -0.36168000 0.09271404 0.24928398
v -0.36859599 0.03158204 0.24820600
v -0.36048201 0.03199804 0.24838599
v -0.35137901 0.03214004 0.24292300
v -0.36048201 0.03199804 0.24838599
v -0.34818700 0.06059104 0.24359099
v -0.35842499 0.06184604 0.24876500
v -0.34323400 0.08826905 0.24403898
v -0.35396600 0.09015205 0.24965198
v -0.34383699 0.03299104 0.23055300
v -0.34079400 0.05960404 0.23047999
v -0.34941000 0.10818304 0.25171397
v -0.35828200 0.11053804 0.25065498
v -0.34200701 0.14161104 0.28299997
v -0.33362401 0.13254105 0.28170199
v -0.32856700 0.13473905 0.28700498
v -0.33499601 0.14437205 0.28988398
v -0.32197300 0.13701305 0.29196999
v -0.32589099 0.14687706 0.29611096
v -0.30464500 0.15024505 0.30460698
v -0.30223501 0.14053705 0.30055497
v -0.28513300 0.14192305 0.30431599
v -0.28781101 0.15171305 0.30828697
v -0.35543099 0.12276304 0.25409598
v -0.34540200 0.11905904 0.25810597
v -0.34198701 0.12470105 0.26518498
v -0.35289699 0.12948905 0.25957597
v -0.34704399 0.13746804 0.27372999
v -0.33698300 0.13013605 0.27603096
v -0.07437600 0.15735906 0.32221496
v -0.07498100 0.14736406 0.31763298
v 0.01990000 0.14713706 0.31571797
v 0.02101900 0.15726106 0.32167897
v -0.13478100 0.15680505 0.32091898
v -0.13430899 0.14615905 0.31555596
v -0.15557100 0.15649205 0.32013297
v -0.15541400 0.14600905 0.31521598
v -0.18841501 0.15560706 0.31835097
v -0.18923099 0.14523805 0.31343797
v -0.21199299 0.15478506 0.31669498
v -0.21237300 0.14430105 0.31140098
v -0.23534100 0.15416106 0.31467897
v -0.23597500 0.14375406 0.30986399
v -0.26328200 0.15306705 0.31171796
v -0.26322201 0.14266906 0.30689699
v -0.21237300 0.14430105 0.31140098
v -0.20113300 0.13080205 0.27303497
v -0.18923099 0.14523805 0.31343797
v 0.10285900 0.14585405 0.31160596
v 0.10304300 0.15579505 0.31815797
v 0.13376100 0.14531905 0.30995298
v 0.13458499 0.15492506 0.31594998
v 0.16311900 0.14453406 0.30769396
v 0.16448800 0.15375205 0.31319398
v 0.18969500 0.14312206 0.30428398
v 0.19151101 0.15227006 0.30977998
v 0.21080400 0.14201806 0.30153597
v 0.21367399 0.15070405 0.30639696
v 0.23354299 0.14002506 0.29746697
v 0.23439001 0.14881506 0.30225498
v 0.25017199 0.13856506 0.29399297
v 0.25185001 0.14698305 0.29827297
v 0.26839101 0.13601605 0.28935499
v 0.27108601 0.14451205 0.29315797
v 0.28647500 0.13284705 0.28301797
v 0.29159400 0.14100604 0.28611997
v 0.30051801 0.12989904 0.27794097
v 0.30512300 0.13849006 0.28123096
v 0.31546399 0.12624905 0.27086697
v 0.32020301 0.13473305 0.27422497
v 0.32799599 0.12222204 0.26398299
v 0.33368799 0.13058604 0.26682798
v 0.37058300 0.03666304 0.22331400
v 0.36182699 0.03594404 0.22390900
v 0.36698800 0.07100204 0.22513899
v 0.35835800 0.06985004 0.22593899
v 0.36091000 0.09950804 0.23061599
v 0.35214600 0.09591904 0.23164098
v 0.35578600 0.11213804 0.23844899
v 0.34712201 0.10714404 0.23969398
v 0.34855199 0.12147304 0.25164599
v 0.33994099 0.11534104 0.25218199
v 0.34208399 0.12690404 0.26040397
v 0.33418900 0.11954004 0.25925697
v -0.26322201 0.14266906 0.30689699
v -0.25133601 0.12990205 0.27094097
v -0.23597500 0.14375406 0.30986399
v -0.28496200 0.12880205 0.26867799
v -0.28513300 0.14192305 0.30431599
v -0.34540200 0.11905904 0.25810597
v -0.32889000 0.12036704 0.25522799
v -0.34198701 0.12470105 0.26518498
v -0.33698300 0.13013605 0.27603096
v -0.31271499 0.12621105 0.26350398
v -0.33362401 0.13254105 0.28170199
v -0.32197300 0.13701305 0.29196999
v -0.32856700 0.13473905 0.28700498
v -0.30223501 0.14053705 0.30055497
v -0.33511999 0.08736804 0.22949499
v -0.33888301 0.10481104 0.24599099
v -0.34941000 0.10818304 0.25171397
v -0.31823000 0.12062804 0.22918698
v 0.19946200 0.10832803 0.16111898
v 0.20573001 0.10776303 0.17638298
v 0.26620099 0.10738503 0.18191298
v 0.30227700 0.10486603 0.18202299
v 0.21962000 0.10724603 0.18191298
v 0.20483699 0.12378303 0.18973298
v 0.19786701 0.12115903 0.18301299
v 0.30652201 0.12134403 0.19288697
v 0.32013899 0.09674103 0.18216398
v 0.33486801 0.10561503 0.19366999
v 0.26560599 0.12651803 0.19467498
v 0.33466801 0.03783603 0.18191899
v 0.33107099 0.07034903 0.18198599
v 0.35515001 0.03761903 0.20180399
v 0.36182699 0.03594404 0.22390900
v 0.35835800 0.06985004 0.22593899
v 0.35145801 0.07199403 0.20482698
v 0.34739900 0.03863503 0.18718899
v 0.34459701 0.07364504 0.18864599
v 0.35214600 0.09591904 0.23164098
v 0.34048900 0.10437804 0.21343597
v 0.34712201 0.10714404 0.23969398
v 0.33994099 0.11534104 0.25218199
v 0.32514301 0.11776504 0.22605799
v 0.33418900 0.11954004 0.25925697
v 0.30954900 0.12301604 0.20618697
v 0.31349000 0.12260304 0.23458997
v 0.32799599 0.12222204 0.26398299
v 0.31546399 0.12624905 0.27086697
v 0.30051801 0.12989904 0.27794097
v 0.28797200 0.12838204 0.24902997
v 0.28647500 0.13284705 0.28301797
v 0.26770201 0.12802304 0.22164898
v 0.26839101 0.13601605 0.28935499
v 0.25481299 0.12980604 0.25918598
v 0.25017199 0.13856506 0.29399297
v 0.21736901 0.13053104 0.26534796
v 0.23354299 0.14002506 0.29746697
v 0.21080400 0.14201806 0.30153597
v 0.23008500 0.12803104 0.22645997
v 0.18969500 0.14312206 0.30428398
v 0.17254700 0.13096005 0.26992498
v 0.18503401 0.12805204 0.22956698
v 0.16311900 0.14453406 0.30769396
v 0.11511600 0.13095604 0.27217797
v 0.10285900 0.14585405 0.31160596
v 0.01990000 0.14713706 0.31571797
v 0.01855400 0.13107105 0.27307097
v 0.13376100 0.14531905 0.30995298
v -0.07498100 0.14736406 0.31763298
v -0.07844700 0.13141105 0.27432097
v -0.13430899 0.14615905 0.31555596
v -0.14363500 0.13103605 0.27344797
v -0.15541400 0.14600905 0.31521598
v -0.16820800 0.12803004 0.23379097
v -0.27041000 0.12686204 0.23078098
v 0.02256900 0.10860402 0.09297698
v 0.18058001 0.12782203 0.19962498
v 0.19939201 0.10820702 0.09424898
v 0.19277200 0.12269803 0.17300398
v 0.03124300 0.10780202 0.07405398
v 0.19111100 0.10811201 0.07430798
v 0.19370900 0.12149002 0.09342298
v 0.18042800 0.12220102 0.08095498
v 0.04982000 0.11991701 0.08009498
v 0.18064600 0.12749502 0.09361498
v 0.13609999 0.12807104 0.23273098
v 0.01288600 0.12808604 0.23655998
v -0.08448000 0.12808004 0.23559798
v -0.18158101 0.12772003 0.19117998
v 0.09191200 0.12791503 0.19342998
v 0.04773500 0.12589902 0.09491397
v -0.27890801 0.12636604 0.19311497
v -0.31817800 0.11915303 0.19191297
v -0.33404300 0.08814403 0.19191298
v -0.33961901 0.06193603 0.19191298
v -0.34339499 0.03421303 0.19259999
v 0.28118500 0.26348003 0.14985195
v 0.25263500 0.28073203 0.15118295
v 0.25244901 0.27998802 0.18154496
v 0.28084901 0.26238504 0.18029596
v 0.30280799 -0.24121797 0.17910105
v 0.30124101 -0.23997196 0.20882304
v 0.27991799 -0.26026096 0.21003205
v 0.28084600 -0.26238996 0.18029605
v 0.28118500 -0.26347998 0.14985104
v 0.30308500 -0.24272597 0.14862604
v 0.27991799 0.26026104 0.21003295
v 0.30124101 0.23997203 0.20882295
v 0.30280799 0.24121803 0.17910196
v 0.30308500 0.24272503 0.14862596
v 0.32031900 -0.21882197 0.17776904
v 0.31874400 -0.21737196 0.20795504
v 0.32093000 -0.21950998 0.14743704
v 0.31874400 0.21737104 0.20795496
v 0.32031900 0.21882203 0.17776897
v 0.32093000 0.21951003 0.14743697
v 0.33622199 -0.19281997 0.17633403
v 0.33419901 -0.19204996 0.20707703
v 0.33678901 -0.19344998 0.14614703
v 0.33419901 0.19204903 0.20707696
v 0.33622199 0.19282003 0.17633396
v 0.33678901 0.19345003 0.14614696
v 0.18949001 -0.29760795 0.21435305
v 0.17664200 -0.30081495 0.20786705
v 0.20049800 -0.29593795 0.20784705
v 0.20049800 0.29593802 0.20784695
v 0.17664100 0.30081404 0.20786694
v 0.18949001 0.29760803 0.21435294
v 0.25244701 -0.27998498 0.18154304
v 0.25179300 -0.27784597 0.21152005
v 0.22381400 -0.29088896 0.19246005
v 0.22588401 -0.29086497 0.18274005
v 0.25179300 0.27784605 0.21151995
v 0.22588401 0.29086504 0.18274095
v 0.22381400 0.29088903 0.19245995
v 0.25270599 -0.28088898 0.15118105
v 0.22391701 -0.29202598 0.17232605
v 0.22391701 0.29202604 0.17232595
v 0.22199400 -0.28949296 0.21294305
v 0.22199400 0.28949205 0.21294295
v 0.21084300 -0.29355296 0.20568805
v 0.21805100 -0.29201096 0.20051405
v 0.21083599 0.29353002 0.20568595
v 0.21805100 0.29201103 0.20051395
v 0.13214700 -0.30571695 0.21684005
v 0.15349400 -0.30589798 0.19237506
v 0.16030900 -0.30257695 0.21540905
v 0.15922800 0.30437702 0.20052694
v 0.15349400 0.30589804 0.19237495
v 0.16030900 0.30257604 0.21540894
v 0.16766401 -0.30255496 0.20559306
v 0.15922800 -0.30437695 0.20052705
v 0.13214700 0.30571703 0.21684094
v 0.16766401 0.30255503 0.20559295
v 0.15738200 -0.30699298 0.15458805
v 0.16700700 -0.30552799 0.15851905
v 0.15922900 -0.30655697 0.16442005
v 0.15922900 0.30655703 0.16441994
v 0.16700700 0.30552703 0.15851895
v 0.15738200 0.30699303 0.15458894
v 0.22379200 -0.29241398 0.15267306
v 0.21793900 -0.29416096 0.16381705
v 0.20950601 -0.29666397 0.15839205
v 0.22379200 0.29241404 0.15267296
v 0.21793900 0.29416102 0.16381695
v 0.20949800 0.29663503 0.15839294
v 0.18864800 -0.30158297 0.15312905
v 0.20059600 -0.29892898 0.15666505
v 0.17658500 -0.30385596 0.15714606
v 0.20059600 0.29892903 0.15666594
v 0.18864800 0.30158302 0.15312894
v 0.17658500 0.30385601 0.15714595
v 0.16208500 -0.30574498 0.12385006
v 0.18839300 -0.30091099 0.12306405
v 0.18839300 0.30091103 0.12306394
v 0.16208500 0.30574503 0.12385095
v 0.13542201 -0.30937199 0.12591506
v 0.13452700 -0.30984396 0.15490305
v 0.13452700 0.30984401 0.15490394
v 0.13542201 0.30937203 0.12591595
v 0.38097700 0.00000003 0.17615201
v 0.37986401 0.03733503 0.17622700
v 0.37675500 0.03751704 0.20457799
v 0.37791800 0.00000004 0.20446800
v 0.37675500 -0.03751696 0.20457800
v 0.37986401 -0.03733497 0.17622701
v 0.38078201 -0.03680898 0.14270601
v 0.38199699 -0.00003398 0.14261200
v 0.38078201 0.03680903 0.14270199
v 0.22588401 -0.29086497 0.18274005
v 0.22381400 -0.29088896 0.19246005
v 0.22054400 -0.29192096 0.19104805
v 0.22195201 -0.29209596 0.18250704
v 0.22195201 0.29209602 0.18250694
v 0.22054499 0.29192302 0.19104795
v 0.22381400 0.29088903 0.19245995
v 0.22588401 0.29086504 0.18274095
v 0.22391701 -0.29202598 0.17232605
v 0.22041699 -0.29294497 0.17384905
v 0.22041699 0.29294503 0.17384895
v 0.22391701 0.29202604 0.17232595
v 0.21363001 -0.29355398 0.16952505
v 0.21576500 -0.29451898 0.16654306
v 0.21727100 -0.29293898 0.17540305
v 0.21793900 -0.29416096 0.16381705
v 0.21727100 0.29293904 0.17540295
v 0.21576500 0.29451904 0.16654296
v 0.21363001 0.29355404 0.16952495
v 0.21793900 0.29416102 0.16381695
v 0.20950601 -0.29666397 0.15839205
v 0.20858200 -0.29654098 0.16169905
v 0.20858200 0.29653904 0.16169895
v 0.20949800 0.29663503 0.15839294
v 0.20059600 -0.29892898 0.15666505
v 0.20019300 -0.29855597 0.16024905
v 0.20019300 0.29855603 0.16024894
v 0.20059600 0.29892903 0.15666594
v 0.17658500 -0.30385596 0.15714606
v 0.17690399 -0.30317998 0.16038305
v 0.17690399 0.30318004 0.16038395
v 0.17658500 0.30385601 0.15714595
v 0.16700700 -0.30552799 0.15851905
v 0.16835900 -0.30456197 0.16223805
v 0.16835900 0.30456203 0.16223795
v 0.16700700 0.30552703 0.15851895
v 0.15922900 -0.30655697 0.16442005
v 0.16113099 -0.30575797 0.16690605
v 0.16113099 0.30575803 0.16690595
v 0.15922900 0.30655703 0.16441994
v 0.15922800 -0.30437695 0.20052705
v 0.15349400 -0.30589798 0.19237506
v 0.15636100 -0.30533698 0.19064906
v 0.16111900 -0.30409297 0.19778805
v 0.16111900 0.30409304 0.19778895
v 0.15636100 0.30533603 0.19064995
v 0.15349400 0.30589804 0.19237495
v 0.15922800 0.30437702 0.20052694
v 0.16766401 -0.30255496 0.20559306
v 0.16835600 -0.30254897 0.20247705
v 0.16835600 0.30254803 0.20247795
v 0.16766401 0.30255503 0.20559295
v 0.17664200 -0.30081495 0.20786705
v 0.17650200 -0.30102297 0.20408205
v 0.17650200 0.30102304 0.20408294
v 0.17664100 0.30081404 0.20786694
v 0.20049800 -0.29593795 0.20784705
v 0.20016401 -0.29629096 0.20415804
v 0.20016401 0.29629005 0.20415794
v 0.20049800 0.29593802 0.20784695
v 0.21084300 -0.29355296 0.20568805
v 0.20964199 -0.29418995 0.20177004
v 0.20964199 0.29419002 0.20176994
v 0.21083599 0.29353002 0.20568595
v 0.21575800 -0.29285597 0.19828405
v 0.21805100 -0.29201096 0.20051405
v 0.21805100 0.29201103 0.20051395
v 0.21573700 0.29276804 0.19827595
v 0.21862100 -0.29270997 0.18266205
v 0.21862100 0.29271004 0.18266194
v 0.21711700 -0.29296496 0.18971804
v 0.21711700 0.29296503 0.18971896
v 0.21335500 -0.29359898 0.19539805
v 0.21335500 0.29359904 0.19539795
v 0.20883700 -0.29436495 0.19851804
v 0.20883700 0.29436502 0.19851895
v 0.20024100 -0.29581898 0.20036905
v 0.20024100 0.29581905 0.20036895
v 0.16969600 -0.30113896 0.19955505
v 0.20883700 -0.29436495 0.19851804
v 0.20024100 -0.29581898 0.20036905
v 0.17680100 -0.29978397 0.20070805
v 0.17680100 -0.29978397 0.20070805
v 0.17680100 0.29978303 0.20070795
v 0.20024100 0.29581905 0.20036895
v 0.20883700 0.29436502 0.19851895
v 0.16969600 0.30113903 0.19955594
v 0.17680100 0.29978303 0.20070795
v 0.16395000 -0.30210095 0.19558906
v 0.21335500 -0.29359898 0.19539805
v 0.16969600 -0.30113896 0.19955505
v 0.21335500 0.29359904 0.19539795
v 0.16395000 0.30210102 0.19558995
v 0.16969600 0.30113903 0.19955594
v 0.15998100 -0.30263295 0.18926206
v 0.21711700 -0.29296496 0.18971804
v 0.16395000 -0.30210095 0.19558906
v 0.21711700 0.29296503 0.18971896
v 0.15998100 0.30263204 0.18926295
v 0.16395000 0.30210102 0.19558995
v 0.15845001 -0.30303398 0.18225005
v 0.16008700 -0.30261096 0.17510005
v 0.21727100 -0.29293898 0.17540305
v 0.21862100 -0.29270997 0.18266205
v 0.15998100 -0.30263295 0.18926206
v 0.15483899 -0.30606198 0.18218305
v 0.15845001 -0.30303398 0.18225005
v 0.21862100 0.29271004 0.18266194
v 0.21727100 0.29293904 0.17540295
v 0.16008700 0.30261102 0.17509995
v 0.15845001 0.30303404 0.18224994
v 0.15845001 0.30303404 0.18224994
v 0.15483899 0.30606204 0.18218394
v 0.15998100 0.30263204 0.18926295
v 0.16398200 -0.30195197 0.16955205
v 0.21363001 -0.29355398 0.16952505
v 0.16008700 -0.30261096 0.17510005
v 0.15658000 -0.30619097 0.17390005
v 0.21363001 0.29355404 0.16952495
v 0.16398200 0.30195203 0.16955195
v 0.15658000 0.30619004 0.17389994
v 0.16008700 0.30261102 0.17509995
v 0.16398200 -0.30195197 0.16955205
v 0.16398200 0.30195203 0.16955195
v 0.16973500 -0.30097896 0.16525105
v 0.16973500 0.30097902 0.16525095
v 0.17667300 -0.29980496 0.16390006
v 0.17667300 0.29980501 0.16389995
v 0.20757300 -0.29457897 0.16525405
v 0.20065300 -0.29574996 0.16384204
v 0.16973500 -0.30097896 0.16525105
v 0.20757300 -0.29457897 0.16525405
v 0.17667300 -0.29980496 0.16390006
v 0.20065300 -0.29574996 0.16384204
v 0.20757300 0.29457903 0.16525395
v 0.20065300 0.29575002 0.16384194
v 0.20757300 0.29457903 0.16525395
v 0.16973500 0.30097902 0.16525095
v 0.20065300 0.29575002 0.16384194
v 0.17667300 0.29980501 0.16389995
v 0.13356100 -0.30868697 0.18407805
v 0.15170500 -0.30685696 0.18228505
v 0.15355800 -0.30710897 0.17253406
v 0.15170500 -0.30685696 0.18228505
v 0.15355800 -0.30710897 0.17253406
v 0.15170500 0.30685702 0.18228494
v 0.13356100 0.30868703 0.18407794
v 0.15355800 0.30710903 0.17253495
v 0.15170500 0.30685702 0.18228494
v 0.15355800 0.30710903 0.17253495
v 0.37712401 -0.07163898 0.14354202
v 0.37609100 -0.07318697 0.17557101
v 0.37609100 0.07318703 0.17557098
v 0.37712401 0.07163903 0.14354199
v 0.35085800 -0.16332097 0.17521903
v 0.35116899 -0.16402397 0.14490703
v 0.35116899 0.16402302 0.14490697
v 0.35085800 0.16332103 0.17521897
v 0.34838700 -0.16298596 0.20608903
v 0.34838700 0.16298603 0.20608898
v 0.35716301 -0.13728097 0.20000803
v 0.36222801 -0.11205997 0.20003403
v 0.36505100 -0.11240897 0.20217702
v 0.35808501 -0.13834896 0.20258903
v 0.36558199 -0.11230596 0.20510401
v 0.35775301 -0.13879096 0.20557603
v 0.35808501 0.13834903 0.20258898
v 0.36505100 0.11240904 0.20217698
v 0.36222801 0.11206004 0.20003399
v 0.35716301 0.13728104 0.20000798
v 0.35775301 0.13879103 0.20557598
v 0.36558199 0.11230603 0.20510397
v 0.35488299 -0.14797796 0.20227803
v 0.35775301 -0.13879096 0.20557603
v 0.35775301 0.13879103 0.20557598
v 0.35488299 0.14797703 0.20227798
v 0.35578999 -0.14591397 0.20018103
v 0.35488299 -0.14797796 0.20227803
v 0.35488299 0.14797703 0.20227798
v 0.35578999 0.14591404 0.20018098
v 0.35312200 -0.15394796 0.19770603
v 0.35431799 -0.15117296 0.19596003
v 0.35312200 -0.15394796 0.19770603
v 0.35312200 0.15394803 0.19770597
v 0.35312200 0.15394803 0.19770597
v 0.35431799 0.15117303 0.19595997
v 0.35206899 -0.15819196 0.19063502
v 0.35206899 0.15819203 0.19063497
v 0.35357499 -0.15462897 0.18883803
v 0.35206899 -0.15819196 0.19063502
v 0.35206899 0.15819203 0.19063497
v 0.35357499 0.15462904 0.18883798
v 0.35187101 -0.16038497 0.18092502
v 0.35187101 0.16038503 0.18092497
v 0.35357299 -0.15570096 0.18125203
v 0.35187101 -0.16038497 0.18092502
v 0.35187101 0.16038503 0.18092497
v 0.35357401 0.15570103 0.18125198
v 0.35299501 -0.15903097 0.17059503
v 0.35299501 0.15903004 0.17059498
v 0.35440901 -0.15469797 0.17305302
v 0.35299501 -0.15903097 0.17059503
v 0.35299501 0.15903004 0.17059498
v 0.35440901 0.15469703 0.17305297
v 0.35556099 -0.15351197 0.16324903
v 0.35556099 0.15351203 0.16324997
v 0.35621399 -0.15026698 0.16645902
v 0.35556099 -0.15351197 0.16324903
v 0.35556099 0.15351203 0.16324997
v 0.35623100 0.15026604 0.16646298
v 0.35867801 -0.14589997 0.15785002
v 0.35866201 0.14589302 0.15784997
v 0.35856301 -0.14361797 0.16185402
v 0.35867801 -0.14589997 0.15785002
v 0.35866201 0.14589302 0.15784997
v 0.35856301 0.14361803 0.16185397
v 0.36244300 -0.13549397 0.15574303
v 0.36232701 -0.13551498 0.14400602
v 0.36121801 -0.13542398 0.16011702
v 0.36244300 -0.13549397 0.15574303
v 0.36232701 0.13551503 0.14400598
v 0.36244300 0.13549402 0.15574298
v 0.36244300 0.13549402 0.15574298
v 0.36121801 0.13542303 0.16011698
v 0.36947501 -0.11202397 0.15578601
v 0.36946300 -0.11193497 0.14476002
v 0.36946300 0.11193502 0.14475998
v 0.36947501 0.11202403 0.15578597
v 0.36221901 -0.11210497 0.16337102
v 0.35745701 -0.13554998 0.16358202
v 0.36849201 -0.11227197 0.15936402
v 0.36947501 -0.11202397 0.15578601
v 0.36849201 0.11227203 0.15936398
v 0.35745701 0.13555004 0.16358197
v 0.36221901 0.11210503 0.16337098
v 0.36947501 0.11202403 0.15578597
v 0.37151301 -0.10361597 0.15745302
v 0.37150601 0.10361403 0.15745398
v 0.36988801 -0.10458397 0.16119902
v 0.37151301 -0.10361597 0.15745302
v 0.37150601 0.10361403 0.15745398
v 0.36988801 0.10458403 0.16119899
v 0.37335300 -0.09450597 0.16267501
v 0.37084499 -0.09750297 0.16618201
v 0.37335300 -0.09450597 0.16267501
v 0.37335300 0.09450603 0.16267498
v 0.37335300 0.09450603 0.16267498
v 0.37085199 0.09750903 0.16618998
v 0.37406400 -0.08950597 0.16979802
v 0.37405699 0.08950403 0.16979799
v 0.37129799 -0.09300597 0.17308602
v 0.37406400 -0.08950597 0.16979802
v 0.37405699 0.08950403 0.16979799
v 0.37130699 0.09301603 0.17309198
v 0.37385899 -0.08696396 0.18050401
v 0.37385899 0.08696403 0.18050398
v 0.37140799 -0.09120697 0.18108802
v 0.37385899 -0.08696396 0.18050401
v 0.37385899 0.08696403 0.18050398
v 0.37139401 0.09118903 0.18108499
v 0.37052599 -0.09268196 0.18917501
v 0.37252599 -0.08921097 0.19065201
v 0.37252599 0.08921004 0.19065198
v 0.37052900 0.09268603 0.18917498
v 0.36903799 -0.09718596 0.19612502
v 0.37053099 -0.09427697 0.19910301
v 0.37053099 0.09427704 0.19910298
v 0.36903700 0.09718504 0.19612598
v 0.36796099 -0.10278697 0.20364201
v 0.36673701 -0.10416497 0.20024301
v 0.36673599 0.10416403 0.20024398
v 0.36796099 0.10278704 0.20364198
v 0.37307701 -0.07382196 0.20464501
v 0.36558199 -0.11230596 0.20510401
v 0.36796099 -0.10278697 0.20364201
v 0.37252599 -0.08921097 0.19065201
v 0.37053099 -0.09427697 0.19910301
v 0.36796099 0.10278704 0.20364198
v 0.36558199 0.11230603 0.20510397
v 0.37307701 0.07382203 0.20464498
v 0.37252599 0.08921004 0.19065198
v 0.37053099 0.09427704 0.19910298
v 0.36550200 -0.09593897 0.18880002
v 0.36610499 -0.09408997 0.18147801
v 0.35402101 -0.15246397 0.18826103
v 0.35378399 -0.15363097 0.18138203
v 0.36610499 -0.09408997 0.18147801
v 0.36550200 -0.09593897 0.18880002
v 0.35378399 -0.15363097 0.18138203
v 0.36610901 0.09409803 0.18147698
v 0.36550200 0.09593904 0.18879999
v 0.36550200 0.09593904 0.18879999
v 0.36610901 0.09409803 0.18147698
v 0.35378399 0.15363103 0.18138197
v 0.35402101 0.15246404 0.18826098
v 0.35402101 0.15246404 0.18826098
v 0.35378399 0.15363103 0.18138197
v 0.36484799 -0.09915897 0.19433202
v 0.35476100 -0.14890797 0.19431403
v 0.36484799 -0.09915897 0.19433202
v 0.35476100 -0.14890797 0.19431403
v 0.36484799 0.09915904 0.19433199
v 0.36484799 0.09915904 0.19433199
v 0.35476100 0.14890804 0.19431398
v 0.35476100 0.14890804 0.19431398
v 0.36360899 -0.10526196 0.19845602
v 0.35578799 -0.14452897 0.19805003
v 0.36360899 -0.10526196 0.19845602
v 0.36222801 -0.11205997 0.20003403
v 0.35716301 -0.13728097 0.20000803
v 0.35578799 -0.14452897 0.19805003
v 0.36360899 0.10526203 0.19845599
v 0.36360899 0.10526203 0.19845599
v 0.35578799 0.14452804 0.19804998
v 0.35716301 0.13728104 0.20000798
v 0.36222801 0.11206004 0.20003399
v 0.35578799 0.14452804 0.19804998
v 0.36560300 -0.09554297 0.17462702
v 0.36560300 -0.09554297 0.17462702
v 0.35405499 -0.15239397 0.17422902
v 0.35405499 -0.15239397 0.17422902
v 0.36561999 0.09557903 0.17463398
v 0.35403600 0.15239003 0.17422897
v 0.36561999 0.09557903 0.17463398
v 0.35403600 0.15239003 0.17422897
v 0.36475199 -0.09963497 0.16847901
v 0.36475199 -0.09963497 0.16847901
v 0.35497701 -0.14850996 0.16838903
v 0.35497701 -0.14850996 0.16838903
v 0.36475101 0.09963503 0.16847998
v 0.35497701 0.14851002 0.16838898
v 0.36475101 0.09963503 0.16847998
v 0.35497701 0.14851002 0.16838898
v 0.35603100 -0.14256597 0.16469402
v 0.35745701 -0.13554998 0.16358202
v 0.36221901 -0.11210497 0.16337102
v 0.36363900 -0.10511597 0.16505802
v 0.36363900 -0.10511597 0.16505802
v 0.35603100 -0.14256597 0.16469402
v 0.36363801 0.10511603 0.16505798
v 0.36221901 0.11210503 0.16337098
v 0.35745701 0.13555004 0.16358197
v 0.35603100 0.14256602 0.16469397
v 0.36363801 0.10511603 0.16505798
v 0.35603100 0.14256602 0.16469397
v 0.35010001 -0.16415098 0.11046303
v 0.36098400 -0.13565798 0.10972602
v 0.36098701 0.13566001 0.10974998
v 0.35009199 0.16414802 0.11046697
v 0.36959499 -0.10649898 0.10935502
v 0.36960199 0.10650302 0.10945698
v 0.37614200 -0.07176798 0.10886601
v 0.37614700 0.07177002 0.10895898
v 0.37969801 -0.03634098 0.10851001
v 0.38108599 -0.00008698 0.10835200
v 0.37969300 0.03632602 0.10845199
v 0.37277001 -0.03595899 0.07384301
v 0.37397301 -0.00005899 0.07324200
v 0.37279999 0.03594501 0.07383300
v 0.36901999 -0.07075899 0.07385901
v 0.36902401 0.07076801 0.07387899
v 0.36265799 -0.10362099 0.07413402
v 0.36263499 0.10362401 0.07416498
v 0.35409299 -0.13306898 0.07464802
v 0.35405600 0.13306001 0.07466498
v 0.34355301 -0.16060598 0.07584002
v 0.34351200 0.16059001 0.07585398
v 0.36239600 -0.03552699 0.03794601
v 0.36354801 -0.00003199 0.03744300
v 0.36235601 0.03549301 0.03798799
v 0.35852301 -0.06967499 0.03799301
v 0.35859901 0.06969301 0.03796099
v 0.35233000 -0.10106699 0.03787902
v 0.35230899 0.10104901 0.03788298
v 0.34409001 -0.12929799 0.03829602
v 0.34404999 0.12925001 0.03830398
v 0.33443999 -0.15469999 0.03990403
v 0.32914299 -0.18972498 0.07596703
v 0.32100800 -0.18149699 0.03937203
v 0.33454201 0.15472401 0.03985797
v 0.32100800 0.18149700 0.03937197
v 0.32914299 0.18972501 0.07596697
v 0.27971399 -0.26418997 0.11607804
v 0.30158600 -0.24370998 0.11406004
v 0.30158600 0.24371002 0.11405996
v 0.27971399 0.26419001 0.11607795
v 0.33593699 -0.19354099 0.11161303
v 0.33593699 0.19354102 0.11161296
v 0.32070699 -0.21913298 0.11308404
v 0.32070699 0.21913302 0.11308397
v 0.17070401 -0.30348099 0.11782305
v 0.18834600 -0.30063198 0.12032205
v 0.18834600 0.30063202 0.12032194
v 0.17070401 0.30348103 0.11782395
v 0.15975399 -0.30405898 0.11074505
v 0.15975399 0.30405902 0.11074494
v 0.15353100 -0.30258299 0.09730005
v 0.15353100 0.30258303 0.09729995
v 0.13695200 -0.30223300 0.08521805
v 0.15137599 -0.30038498 0.08463106
v 0.15136600 0.30035402 0.08463895
v 0.13695200 0.30223303 0.08521794
v 0.14988600 -0.29064300 0.04521905
v 0.13734500 -0.29230698 0.04456905
v 0.13734500 0.29230700 0.04456895
v 0.14988600 0.29064301 0.04521895
v 0.15004499 -0.27567899 0.00048405
v 0.13814500 -0.27819201 0.00064805
v 0.13814500 0.27819201 0.00064895
v 0.15004499 0.27567899 0.00048395
v 0.22339900 -0.29185898 0.11989105
v 0.22339900 0.29185902 0.11989095
v 0.25181401 -0.28076498 0.11739505
v 0.25181401 0.28076502 0.11739495
v 0.27950400 -0.26363898 0.11290804
v 0.27950400 0.26363902 0.11290795
v 0.29975000 -0.24355398 0.10538804
v 0.29975000 0.24355401 0.10538796
v 0.30829000 -0.23095998 0.09734704
v 0.30829000 0.23096001 0.09734696
v 0.31347099 -0.22013499 0.08673904
v 0.31347099 0.22013502 0.08673897
v 0.31629199 -0.21085999 0.07501004
v 0.31639600 0.21003401 0.07559297
v 0.31724900 -0.18814599 0.03859503
v 0.31724900 0.18814600 0.03859497
v 0.31303099 -0.16353700 0.00055503
v 0.31303099 0.16353700 0.00055497
v 0.30512601 -0.16825599 0.03935803
v 0.31724900 -0.18814599 0.03859503
v 0.31629199 -0.21085999 0.07501004
v 0.30519101 -0.17623998 0.08010603
v 0.30519000 0.17624101 0.08010597
v 0.31639600 0.21003401 0.07559297
v 0.31724900 0.18814600 0.03859497
v 0.30510101 0.16826900 0.03935897
v 0.31347099 -0.22013499 0.08673904
v 0.30166799 -0.17975499 0.09085103
v 0.30166799 0.17975402 0.09085097
v 0.31347099 0.22013502 0.08673897
v 0.30829000 -0.23095998 0.09734704
v 0.29907799 -0.21221198 0.10168704
v 0.29907799 0.21221201 0.10168796
v 0.30829000 0.23096001 0.09734696
v 0.29975000 -0.24355398 0.10538804
v 0.29332399 -0.23866999 0.10756104
v 0.29335201 0.23866602 0.10763196
v 0.29975000 0.24355401 0.10538796
v 0.27950400 -0.26363898 0.11290804
v 0.27747500 -0.26136098 0.11319105
v 0.27747899 0.26136001 0.11320995
v 0.27950400 0.26363902 0.11290795
v 0.25181401 -0.28076498 0.11739505
v 0.25036201 -0.27837698 0.11739405
v 0.25036100 0.27837702 0.11737995
v 0.25181401 0.28076502 0.11739495
v 0.22339900 -0.29185898 0.11989105
v 0.22116700 -0.28300599 0.11942405
v 0.22116700 0.28300502 0.11943195
v 0.22339900 0.29185902 0.11989095
v 0.18834600 -0.30063198 0.12032205
v 0.18685301 -0.27180899 0.11892405
v 0.18685400 0.27180903 0.11891795
v 0.18834600 0.30063202 0.12032194
v 0.17070401 -0.30348099 0.11782305
v 0.16786900 -0.25490598 0.11346704
v 0.16786900 0.25490602 0.11346795
v 0.17070401 0.30348103 0.11782395
v 0.15975399 -0.30405898 0.11074505
v 0.15932199 -0.25528599 0.10489804
v 0.15922800 0.25528203 0.10494296
v 0.15975399 0.30405902 0.11074494
v 0.15353100 -0.30258299 0.09730005
v 0.15542001 -0.25502999 0.09403305
v 0.15537800 0.25502803 0.09404296
v 0.15353100 0.30258303 0.09729995
v 0.15137599 -0.30038498 0.08463106
v 0.15325899 -0.25490399 0.08154704
v 0.15325899 0.25490402 0.08154696
v 0.15136600 0.30035402 0.08463895
v 0.14988600 -0.29064300 0.04521905
v 0.15105000 -0.25499599 0.04356705
v 0.15004499 -0.27567899 0.00048405
v 0.15055700 -0.25494900 0.00125404
v 0.15055700 -0.25494900 0.00125404
v 0.15004499 -0.27567899 0.00048405
v 0.13814500 -0.27819201 0.00064805
v 0.13818599 -0.26635399 0.00046905
v 0.15105000 0.25499601 0.04356696
v 0.14988600 0.29064301 0.04521895
v 0.15055700 0.25494900 0.00125496
v 0.15004499 0.27567899 0.00048395
v 0.14997500 0.26664501 0.00070595
v 0.13814500 0.27819201 0.00064895
v 0.15004499 0.27567899 0.00048395
v 0.15055700 0.25494900 0.00125496
v 0.32211801 -0.14369400 0.00052803
v 0.32211801 0.14369400 0.00052797
v 0.30077600 -0.16304700 0.00065503
v 0.31303099 -0.16353700 0.00055503
v 0.31303099 0.16353700 0.00055497
v 0.30077401 0.16305800 0.00065297
v 0.32952201 -0.12476900 0.00055202
v 0.32952201 0.12476900 0.00055198
v 0.33742100 -0.09841700 0.00060202
v 0.33742100 0.09841700 0.00060198
v 0.34363100 -0.06865100 0.00050501
v 0.34363100 0.06865100 0.00050499
v 0.34747201 -0.03510500 0.00055101
v 0.34747201 0.03510500 0.00055099
v 0.34874800 0.00000000 0.00044000
v 0.34414399 -0.03489200 0.00041301
v 0.34747201 -0.03510500 0.00055101
v 0.34363100 -0.06865100 0.00050501
v 0.34070301 -0.06831000 0.00041301
v 0.34558499 0.00000000 0.00041400
v 0.34874800 0.00000000 0.00044000
v 0.34070301 0.06831000 0.00041299
v 0.34363100 0.06865100 0.00050499
v 0.34747201 0.03510500 0.00055099
v 0.34414399 0.03489200 0.00041299
v 0.33742100 -0.09841700 0.00060202
v 0.33434799 -0.09763300 0.00041302
v 0.33434799 0.09763300 0.00041298
v 0.33742100 0.09841700 0.00060198
v 0.32640699 -0.12363600 0.00041302
v 0.32952201 -0.12476900 0.00055202
v 0.32211801 -0.14369400 0.00052803
v 0.31178001 -0.13794000 0.00041302
v 0.31303099 -0.16353700 0.00055503
v 0.30077600 -0.16304700 0.00065503
v 0.31178001 0.13794000 0.00041298
v 0.32211801 0.14369400 0.00052797
v 0.32952201 0.12476900 0.00055198
v 0.32640699 0.12363600 0.00041298
v 0.30077401 0.16305800 0.00065297
v 0.31303099 0.16353700 0.00055497
v -0.37353799 0.02979303 0.18882100
v -0.37432000 0.00000003 0.18892300
v -0.37388101 0.00000003 0.19492100
v -0.37282199 0.03134503 0.19492299
v -0.37282199 -0.03134496 0.19492300
v -0.37353799 -0.02979297 0.18882101
v -0.37105000 0.06441904 0.19477299
v -0.37118599 0.06237203 0.18875599
v -0.37118599 -0.06237297 0.18875601
v -0.37105000 -0.06441897 0.19477301
v -0.20046701 -0.29917696 0.16058705
v -0.20821799 -0.29705796 0.16215406
v -0.20899700 -0.29765496 0.15818705
v -0.20086300 -0.30014798 0.15634305
v -0.17662799 0.30463904 0.16046794
v -0.20046701 0.29917702 0.16058794
v -0.20071299 0.29543602 0.16362695
v -0.17660899 0.29951304 0.16370695
v -0.17653500 0.30601302 0.15646795
v -0.20086600 0.30015903 0.15634295
v -0.17660899 -0.29951298 0.16370706
v -0.20071299 -0.29543597 0.16362705
v -0.17662799 -0.30463898 0.16046805
v -0.17653500 -0.30601296 0.15646806
v -0.15780400 -0.30718296 0.19207306
v -0.15501501 -0.30819496 0.18191005
v -0.15140601 -0.30940997 0.18195205
v -0.15367100 -0.30725297 0.19484606
v -0.15948901 0.30575204 0.20222395
v -0.15367100 0.30725304 0.19484595
v -0.15780400 0.30718303 0.19207295
v -0.16231801 0.30610204 0.19841795
v -0.16231801 -0.30610197 0.19841806
v -0.15948901 -0.30575197 0.20222405
v -0.16759899 0.30395303 0.20688494
v -0.16938600 0.30453402 0.20254794
v -0.16938600 -0.30453395 0.20254805
v -0.16759899 -0.30395397 0.20688505
v -0.17713501 0.29942403 0.20037294
v -0.20011100 0.29553804 0.20031896
v -0.20009001 0.29770503 0.20436894
v -0.17791601 0.30279205 0.20400595
v -0.20086400 0.29739005 0.20840994
v -0.17757501 0.30189104 0.20840795
v -0.17791601 -0.30279198 0.20400605
v -0.20009001 -0.29770496 0.20436905
v -0.20011100 -0.29553797 0.20031906
v -0.17713501 -0.29942396 0.20037305
v -0.17757501 -0.30189096 0.20840705
v -0.20086400 -0.29738697 0.20841005
v -0.21071599 0.29467104 0.20613695
v -0.20882800 0.29539905 0.20231295
v -0.20882800 -0.29539897 0.20231306
v -0.21071599 -0.29467096 0.20613705
v -0.21492700 0.29381904 0.19832095
v -0.21950300 0.29269103 0.19236695
v -0.22307099 0.29137505 0.19467896
v -0.21761300 0.29168603 0.20213694
v -0.21761100 -0.29167997 0.20213605
v -0.22307099 -0.29137498 0.19467804
v -0.21950300 -0.29269096 0.19236705
v -0.21492700 -0.29381898 0.19832105
v -0.15501501 0.30819503 0.18190994
v -0.15858400 0.30262703 0.18183394
v -0.16026901 0.30227703 0.18922495
v -0.16026901 0.30227703 0.18922495
v -0.15858400 0.30262703 0.18183394
v -0.21848300 0.29243103 0.18209795
v -0.21689400 0.29269904 0.18947695
v -0.21689400 0.29269904 0.18947695
v -0.21848300 0.29243103 0.18209795
v -0.22204299 0.29230204 0.18207195
v -0.16026901 -0.30227697 0.18922506
v -0.15858400 -0.30262697 0.18183405
v -0.21689400 -0.29269898 0.18947705
v -0.21848300 -0.29243097 0.18209805
v -0.15858400 -0.30262697 0.18183405
v -0.16026901 -0.30227697 0.18922506
v -0.22204299 -0.29230198 0.18207205
v -0.21848300 -0.29243097 0.18209805
v -0.21689400 -0.29269898 0.18947705
v -0.16396999 0.30168802 0.19509894
v -0.16396999 0.30168802 0.19509894
v -0.21344300 0.29328302 0.19493596
v -0.21344300 0.29328302 0.19493596
v -0.16396999 -0.30168795 0.19509805
v -0.21344300 -0.29328295 0.19493606
v -0.16396999 -0.30168795 0.19509805
v -0.21344300 -0.29328295 0.19493606
v -0.17036501 0.30056903 0.19898695
v -0.17036501 0.30056903 0.19898695
v -0.20739000 0.29430703 0.19910394
v -0.20011100 0.29553804 0.20031896
v -0.17713501 0.29942403 0.20037294
v -0.20739000 0.29430703 0.19910394
v -0.17036501 -0.30056896 0.19898605
v -0.20739000 -0.29430696 0.19910405
v -0.17036501 -0.30056896 0.19898605
v -0.17713501 -0.29942396 0.20037305
v -0.20011100 -0.29553797 0.20031906
v -0.20739000 -0.29430696 0.19910405
v -0.16965801 0.30068904 0.16513995
v -0.17660899 0.29951304 0.16370695
v -0.20071299 0.29543602 0.16362695
v -0.20760401 0.29427004 0.16505496
v -0.20760401 0.29427004 0.16505496
v -0.20821799 0.29705801 0.16215395
v -0.16875499 0.30596503 0.16215295
v -0.16965801 0.30068904 0.16513995
v -0.20760401 -0.29426998 0.16505506
v -0.20071299 -0.29543597 0.16362705
v -0.17660899 -0.29951298 0.16370706
v -0.16965801 -0.30068898 0.16514006
v -0.20760401 -0.29426998 0.16505506
v -0.16965801 -0.30068898 0.16514006
v -0.16875499 -0.30596596 0.16215306
v -0.21291301 0.29337203 0.16879194
v -0.21572199 0.29497704 0.16697595
v -0.16391000 0.30176204 0.16892495
v -0.21291301 0.29337203 0.16879194
v -0.16201399 0.30699202 0.16669395
v -0.16391000 0.30176204 0.16892495
v -0.21572199 -0.29497698 0.16697606
v -0.21291301 -0.29337296 0.16879205
v -0.21291301 -0.29337296 0.16879205
v -0.16391000 -0.30176199 0.16892505
v -0.16391000 -0.30176199 0.16892505
v -0.16201399 -0.30699197 0.16669306
v -0.21996500 0.29340202 0.17335896
v -0.21696700 0.29268703 0.17469794
v -0.21696700 0.29268703 0.17469794
v -0.15987700 0.30254403 0.17511194
v -0.15692000 0.30801204 0.17367894
v -0.15987700 0.30254403 0.17511194
v -0.21696700 -0.29268596 0.17469705
v -0.21996500 -0.29340297 0.17335906
v -0.15987700 -0.30254397 0.17511205
v -0.21696700 -0.29268596 0.17469705
v -0.15987700 -0.30254397 0.17511205
v -0.15692000 -0.30801198 0.17367805
v -0.23959599 0.28443003 0.19448696
v -0.22307099 0.29137505 0.19467896
v -0.22569899 0.29111704 0.18228295
v -0.22569899 0.29111704 0.18228295
v -0.22569899 -0.29111698 0.18228305
v -0.22307099 -0.29137498 0.19467804
v -0.23959599 -0.28442996 0.19448606
v -0.22569899 -0.29111698 0.18228305
v -0.15140700 0.30941504 0.18195195
v -0.15367100 0.30725304 0.19484595
v -0.14356600 0.30964604 0.19467195
v -0.15140700 0.30941504 0.18195195
v -0.14356600 -0.30964598 0.19467206
v -0.15367100 -0.30725297 0.19484606
v -0.15140601 -0.30940997 0.18195205
v -0.14326601 0.31149602 0.15127494
v -0.15952900 0.30890402 0.16385994
v -0.15384100 0.30952102 0.17193695
v -0.15384100 0.30952102 0.17193695
v -0.15952900 0.30890402 0.16385994
v -0.15384100 -0.30952096 0.17193706
v -0.15952900 -0.30890396 0.16386005
v -0.14326601 -0.31149596 0.15127405
v -0.15952900 -0.30890396 0.16386005
v -0.15384100 -0.30952096 0.17193706
v -0.16756600 0.30768904 0.15828394
v -0.16756600 0.30768904 0.15828394
v -0.16756600 -0.30768898 0.15828405
v -0.16756600 -0.30768898 0.15828405
v -0.20901000 0.29769304 0.15818194
v -0.21841399 0.29443303 0.16434694
v -0.21841300 -0.29442698 0.16434605
v -0.23996900 0.28531402 0.15499494
v -0.22365899 0.29230604 0.17197795
v -0.21841399 0.29443303 0.16434694
v -0.20901000 0.29769304 0.15818194
v -0.22365899 0.29230604 0.17197795
v -0.22366001 -0.29230997 0.17197805
v -0.23996900 -0.28531498 0.15499405
v -0.20899700 -0.29765496 0.15818705
v -0.21841300 -0.29442698 0.16434605
v -0.22366001 -0.29230997 0.17197805
v -0.36715800 0.09436004 0.19474798
v -0.36981401 0.07182303 0.17763898
v -0.37027201 0.06995204 0.18493998
v -0.37027201 -0.06995197 0.18494001
v -0.36981401 -0.07182297 0.17763901
v -0.36715800 -0.09435997 0.19474802
v -0.35034099 0.15886202 0.16419897
v -0.35749400 0.13036403 0.16453697
v -0.35204801 0.13028803 0.16735097
v -0.34723800 0.15872203 0.16681197
v -0.34723800 -0.15872297 0.16681103
v -0.35204801 -0.13028798 0.16735102
v -0.35750100 -0.13036697 0.16454602
v -0.35034201 -0.15886197 0.16420002
v -0.34391901 -0.17970997 0.19309403
v -0.34319100 -0.18157896 0.18526603
v -0.34171700 -0.18490597 0.18478003
v -0.34239599 -0.18341697 0.19467303
v -0.34493601 0.17715003 0.20401697
v -0.34239700 0.18341704 0.19467297
v -0.34395400 0.17972403 0.19309397
v -0.34586200 0.17472204 0.20088898
v -0.34586200 -0.17472197 0.20088904
v -0.34493601 -0.17714996 0.20401603
v -0.34880200 0.16698504 0.20941797
v -0.34894800 0.16585903 0.20563798
v -0.34894201 -0.16585697 0.20563903
v -0.34880200 -0.16698597 0.20941803
v -0.35281500 0.15530603 0.21121398
v -0.35241300 0.15566204 0.20744197
v -0.35241300 -0.15566196 0.20744203
v -0.35281500 -0.15530596 0.21121403
v -0.35832101 0.13385803 0.20671197
v -0.34776899 0.15558303 0.20325397
v -0.35157800 0.13306703 0.20267697
v -0.35900199 0.13388304 0.21104597
v -0.35157800 -0.13306696 0.20267702
v -0.34776899 -0.15558296 0.20325403
v -0.35832101 -0.13385796 0.20671202
v -0.35900199 -0.13388296 0.21104602
v -0.36155400 0.12349503 0.20793098
v -0.36034399 0.12587204 0.20484298
v -0.36035001 -0.12587496 0.20484102
v -0.36155999 -0.12349697 0.20793102
v -0.36211699 0.11652004 0.20315799
v -0.36151600 0.12002104 0.20048898
v -0.36152300 -0.12002596 0.20048702
v -0.36211401 -0.11651997 0.20315803
v -0.36421299 0.11125803 0.19435899
v -0.36111200 0.11626704 0.19304698
v -0.36110100 -0.11625097 0.19305602
v -0.36421299 -0.11125896 0.19435902
v -0.36034501 0.11615603 0.17793197
v -0.36082500 0.11495203 0.18511597
v -0.35420400 0.11753803 0.18475498
v -0.35401401 0.11866503 0.17851298
v -0.35401401 0.11866503 0.17851298
v -0.35420400 0.11753803 0.18475498
v -0.34409600 0.17730204 0.18490597
v -0.34435901 0.17575003 0.17788297
v -0.34435901 0.17575003 0.17788297
v -0.34409600 0.17730204 0.18490597
v -0.34319201 0.18157903 0.18526697
v -0.34412900 0.17907103 0.17736296
v -0.35401401 -0.11866497 0.17851303
v -0.35420400 -0.11753797 0.18475502
v -0.36081800 -0.11493997 0.18511802
v -0.36034501 -0.11615597 0.17793201
v -0.34435901 -0.17574997 0.17788303
v -0.34409600 -0.17730197 0.18490604
v -0.35420400 -0.11753797 0.18475502
v -0.35401401 -0.11866497 0.17851303
v -0.34414399 -0.17907697 0.17736302
v -0.34409600 -0.17730197 0.18490604
v -0.34435901 -0.17574997 0.17788303
v -0.36010799 0.11894803 0.17210498
v -0.35387799 0.12105803 0.17381098
v -0.35387799 0.12105803 0.17381098
v -0.34485799 0.17279904 0.17314798
v -0.34485799 0.17279904 0.17314798
v -0.34548801 0.17526802 0.17055797
v -0.35387799 -0.12105797 0.17381102
v -0.36010799 -0.11894797 0.17210502
v -0.34485799 -0.17279898 0.17314804
v -0.35387799 -0.12105797 0.17381102
v -0.34548801 -0.17526796 0.17055804
v -0.34485799 -0.17279898 0.17314804
v -0.35929900 0.12366303 0.16715198
v -0.35289201 0.12530003 0.16982897
v -0.35289201 0.12530003 0.16982897
v -0.34562999 0.16823603 0.16899097
v -0.34723800 0.15872203 0.16681197
v -0.35204801 0.13028803 0.16735097
v -0.34760299 0.16860703 0.16643797
v -0.34562999 0.16823603 0.16899097
v -0.35289201 -0.12529998 0.16982902
v -0.35929900 -0.12366297 0.16715103
v -0.34562999 -0.16823597 0.16899103
v -0.35289201 -0.12529998 0.16982902
v -0.35204801 -0.13028798 0.16735102
v -0.34723800 -0.15872297 0.16681103
v -0.34562999 -0.16823597 0.16899103
v -0.34760299 -0.16860697 0.16643803
v -0.34434500 0.17583204 0.19194996
v -0.34434500 0.17583204 0.19194996
v -0.35396600 0.11894904 0.19165497
v -0.35396600 0.11894904 0.19165497
v -0.34434500 -0.17583197 0.19195002
v -0.35396600 -0.11894897 0.19165502
v -0.34434500 -0.17583197 0.19195002
v -0.35396600 -0.11894897 0.19165502
v -0.34506801 0.17185203 0.19815697
v -0.34506801 0.17185203 0.19815697
v -0.35348001 0.12182203 0.19671998
v -0.35348001 0.12182203 0.19671998
v -0.34506801 -0.17185196 0.19815703
v -0.35348001 -0.12182197 0.19672003
v -0.34506801 -0.17185196 0.19815703
v -0.35348001 -0.12182197 0.19672003
v -0.34636101 0.16391104 0.20216197
v -0.34636101 0.16391104 0.20216197
v -0.35276699 0.12603803 0.20027299
v -0.35157800 0.13306703 0.20267697
v -0.34776899 0.15558303 0.20325397
v -0.35276699 0.12603803 0.20027299
v -0.34636101 -0.16391096 0.20216203
v -0.35276699 -0.12603797 0.20027202
v -0.34636101 -0.16391096 0.20216203
v -0.34776899 -0.15558296 0.20325403
v -0.35157800 -0.13306696 0.20267702
v -0.35276699 -0.12603797 0.20027202
v -0.34174401 0.18491903 0.18477997
v -0.34239700 0.18341704 0.19467297
v -0.32916200 0.20787204 0.19428996
v -0.34174401 0.18491903 0.18477997
v -0.32914099 -0.20785996 0.19429003
v -0.34239599 -0.18341697 0.19467303
v -0.34171700 -0.18490597 0.18478003
v -0.36421299 0.11125803 0.19435899
v -0.36418599 0.11064403 0.18505498
v -0.36418599 0.11064403 0.18505498
v -0.36418599 -0.11064497 0.18505502
v -0.36421299 -0.11125896 0.19435902
v -0.36418599 -0.11064497 0.18505502
v -0.36367401 0.11200103 0.17650398
v -0.36268800 0.11564203 0.16950298
v -0.36521301 0.09732103 0.15862798
v -0.36367401 0.11200103 0.17650398
v -0.36268800 0.11564203 0.16950298
v -0.36521301 -0.09732098 0.15862802
v -0.36268800 -0.11564197 0.16950302
v -0.36367401 -0.11200097 0.17650302
v -0.36367401 -0.11200097 0.17650302
v -0.36268800 -0.11564197 0.16950302
v -0.36140001 0.12078203 0.16429097
v -0.36140001 0.12078203 0.16429097
v -0.36140001 -0.12078197 0.16429102
v -0.36140001 -0.12078197 0.16429102
v -0.34439501 0.17821503 0.16766196
v -0.34717399 0.17069504 0.16266997
v -0.35097900 -0.15920197 0.15856902
v -0.34717399 -0.17069498 0.16267003
v -0.34274501 0.18250103 0.17619496
v -0.34274501 -0.18250097 0.17619403
v -0.34439501 0.17821503 0.16766196
v -0.34274501 0.18250103 0.17619496
v -0.32920301 0.20746502 0.15802097
v -0.32920301 -0.20746497 0.15802104
v -0.34274501 -0.18250097 0.17619403
v -0.34439501 -0.17821497 0.16766203
v -0.34439501 -0.17821497 0.16766203
v -0.36603701 0.00555502 0.13767999
v -0.36602601 0.00000002 0.13903300
v -0.36642101 0.00000002 0.14093100
v -0.36651099 0.00638302 0.13924900
v -0.36651099 -0.00638298 0.13924900
v -0.36603701 -0.00555498 0.13768000
v -0.36604100 0.00874802 0.13439500
v -0.36623299 0.01029902 0.13504200
v -0.36625001 -0.01028098 0.13502900
v -0.36604100 -0.00874798 0.13439500
v -0.36604899 0.01191302 0.12898800
v -0.36604401 0.01012202 0.12896299
v -0.36562800 0.01201102 0.11883900
v -0.36561701 0.00000002 0.11863700
v -0.36579201 0.00570702 0.12061800
v -0.36604401 -0.01012198 0.12896300
v -0.36604899 -0.01191298 0.12898800
v -0.36579201 -0.00570698 0.12061900
v -0.36556599 -0.01201598 0.11884600
v -0.36598301 0.00919502 0.12458800
v -0.36598301 -0.00919498 0.12458800
v -0.36956200 0.06257403 0.15926399
v -0.37031400 0.06250103 0.16689200
v -0.36977601 0.06901103 0.16955099
v -0.36012900 0.09634902 0.12947999
v -0.36467999 0.06239602 0.12984498
v -0.36977401 -0.06901097 0.16955101
v -0.37031400 -0.06250097 0.16689202
v -0.36956200 -0.06257397 0.15926401
v -0.36456600 -0.06238998 0.12987402
v -0.36012900 -0.09634898 0.12948002
v -0.35899201 0.12940003 0.15857098
v -0.35420600 0.12633003 0.12922598
v -0.35899201 0.12940003 0.15857098
v -0.35899201 -0.12939997 0.15857103
v -0.35420600 -0.12632998 0.12922602
v -0.35899201 -0.12939997 0.15857103
v -0.35097900 0.15920202 0.15856897
v -0.34628299 0.15578703 0.12885398
v -0.35097900 0.15920202 0.15856897
v -0.35097900 -0.15920197 0.15856902
v -0.34628299 -0.15578698 0.12885403
v -0.34222600 0.18231402 0.15828197
v -0.34717399 0.17069504 0.16266997
v -0.33707300 0.18087503 0.12952897
v -0.34717399 -0.17069498 0.16267003
v -0.34222600 -0.18231397 0.15828203
v -0.33707300 -0.18087498 0.12952903
v -0.17653500 0.30601302 0.15646795
v -0.17429900 0.30651602 0.15179995
v -0.17429900 -0.30651597 0.15179905
v -0.17653500 -0.30601296 0.15646806
v -0.20086600 0.30015903 0.15634295
v -0.20799100 0.29781902 0.15325495
v -0.20799100 -0.29781896 0.15325505
v -0.20086300 -0.30014798 0.15634305
v -0.26642099 0.26989803 0.19434395
v -0.26672599 0.27078002 0.15588996
v -0.26672599 -0.27077997 0.15589005
v -0.26647300 -0.26997697 0.19434905
v -0.29067400 0.25190303 0.19411595
v -0.29130399 0.25241902 0.15670395
v -0.29130399 -0.25241897 0.15670404
v -0.29076701 -0.25201895 0.19412105
v -0.31236300 0.23062404 0.19435496
v -0.31154600 0.23199403 0.15720396
v -0.31154600 -0.23199398 0.15720404
v -0.31225699 -0.23053597 0.19434805
v -0.36723000 -0.02990998 0.12980001
v -0.37192100 -0.02825897 0.15866501
v -0.37299100 0.00000003 0.15903801
v -0.37081599 0.00000003 0.14331000
v -0.37039500 -0.00759698 0.14126299
v -0.37039500 -0.00759698 0.14126299
v -0.37081599 0.00000003 0.14331000
v -0.36642101 0.00000002 0.14093100
v -0.36651099 -0.00638298 0.13924900
v -0.37192100 0.02825903 0.15866500
v -0.37342000 0.00000003 0.16633300
v -0.37281400 0.02768303 0.16643899
v -0.36651099 0.00638302 0.13924900
v -0.37034801 0.00759602 0.14126900
v -0.37281400 -0.02768297 0.16643900
v -0.36938000 -0.01246098 0.13621401
v -0.36801699 -0.01477198 0.12933600
v -0.36625001 -0.01028098 0.13502900
v -0.36604899 -0.01191298 0.12898800
v -0.36801699 -0.01477198 0.12933600
v -0.36938000 -0.01246098 0.13621401
v -0.36723000 0.02991002 0.12980000
v -0.37034801 0.00759602 0.14126900
v -0.36801600 0.01477202 0.12933600
v -0.36939001 0.01245502 0.13620800
v -0.36939001 0.01245502 0.13620800
v -0.36801600 0.01477202 0.12933600
v -0.36604899 0.01191302 0.12898800
v -0.36623299 0.01029902 0.13504200
v -0.36142901 -0.02920098 0.10160500
v -0.36590499 -0.01514698 0.11910600
v -0.36590499 -0.01514698 0.11910600
v -0.36556599 -0.01201598 0.11884600
v -0.36590499 0.01514702 0.11910600
v -0.36143199 0.02920102 0.10160499
v -0.36562800 0.01201102 0.11883900
v -0.36590499 0.01514702 0.11910600
v -0.33009499 0.17910502 0.10009897
v -0.34044901 0.15213502 0.10026098
v -0.34044901 -0.15213498 0.10026103
v -0.33009499 -0.17910498 0.10009903
v -0.35880199 -0.06249598 0.10130401
v -0.35448399 -0.09333598 0.10054802
v -0.34847000 0.12259802 0.10026998
v -0.35449001 0.09333702 0.10054599
v -0.33247399 0.14834401 0.06836597
v -0.34039801 0.12075001 0.06904098
v -0.34847000 -0.12259798 0.10027002
v -0.34039801 -0.12074999 0.06904102
v -0.33247399 -0.14834398 0.06836602
v -0.26374400 0.26731902 0.12709795
v -0.28766200 0.24919903 0.12823396
v -0.28766200 -0.24919898 0.12823404
v -0.26374400 -0.26731897 0.12709804
v -0.32389301 0.20593102 0.12907397
v -0.32389301 -0.20593097 0.12907404
v -0.30724600 0.22905002 0.12862596
v -0.30724600 -0.22904997 0.12862604
v -0.17302500 0.30275803 0.12214395
v -0.14249900 0.30756601 0.11988395
v -0.14249900 -0.30756597 0.11988405
v -0.17302500 -0.30275799 0.12214405
v -0.32332599 0.14132901 0.03500398
v -0.30448499 0.15258200 -0.00150303
v -0.31176600 0.13175900 -0.00076702
v -0.31176600 -0.13175900 -0.00076698
v -0.30448499 -0.15258200 -0.00150297
v -0.32332599 -0.14132900 0.03500403
v -0.32917801 0.12097701 0.03498798
v -0.32917801 0.12097701 0.03498798
v -0.31176600 0.13175900 -0.00076702
v -0.30851799 0.13098399 0.00021298
v -0.32282400 0.11750701 0.04187998
v -0.32917801 -0.12097699 0.03498802
v -0.32282400 -0.11750799 0.04188002
v -0.30873200 -0.13100301 0.00019102
v -0.31176600 -0.13175900 -0.00076698
v -0.32917801 -0.12097699 0.03498802
v -0.34294099 0.10908501 0.06859398
v -0.34294099 0.10908501 0.06859398
v -0.33529201 0.10695001 0.07218798
v -0.34294099 -0.10908499 0.06859402
v -0.33529201 -0.10695799 0.07219102
v -0.34294099 -0.10908499 0.06859402
v -0.34685099 0.10474402 0.07903098
v -0.34685099 0.10474402 0.07903098
v -0.33877999 0.10290901 0.08182598
v -0.34685099 -0.10474399 0.07903102
v -0.33877999 -0.10290898 0.08182502
v -0.34685099 -0.10474399 0.07903102
v -0.35082400 0.09915301 0.08979998
v -0.35082400 0.09915301 0.08979998
v -0.34251201 0.09723002 0.09263398
v -0.35082400 -0.09915298 0.08980002
v -0.34251201 -0.09722999 0.09263402
v -0.35082400 -0.09915298 0.08980002
v -0.35396600 0.09185202 0.09724399
v -0.35396600 0.09185202 0.09724399
v -0.34579700 0.08954802 0.09979199
v -0.35396600 -0.09185198 0.09724402
v -0.34579700 -0.08954798 0.09979202
v -0.35396600 -0.09185198 0.09724402
v -0.35880199 0.06249602 0.10130399
v -0.35880199 0.06249602 0.10130399
v -0.35166100 0.06151502 0.10272099
v -0.35166100 -0.06151498 0.10272101
v -0.35880199 -0.06249598 0.10130401
v -0.36143199 0.02920102 0.10160499
v -0.35268801 0.02832702 0.10341999
v -0.35268801 -0.02832698 0.10342000
v -0.36142901 -0.02920098 0.10160500
v -0.36188900 0.01600902 0.10145000
v -0.36188900 0.01600902 0.10145000
v -0.35322300 0.01586202 0.10343700
v -0.36188900 -0.01600898 0.10145001
v -0.35322300 -0.01586198 0.10343700
v -0.36188900 -0.01600898 0.10145001
v -0.36199501 0.01202102 0.10145899
v -0.36213899 0.00000002 0.10155100
v -0.35330901 0.01165902 0.10344800
v -0.35337600 0.00000002 0.10348600
v -0.36213899 0.00000002 0.10155100
v -0.36199501 0.01202102 0.10145899
v -0.36199501 0.01202102 0.10145899
v -0.36188900 0.01600902 0.10145000
v -0.36199501 -0.01202098 0.10145900
v -0.36199501 -0.01202098 0.10145900
v -0.35330901 -0.01165898 0.10344801
v -0.36188900 -0.01600898 0.10145001
v -0.36199501 -0.01202098 0.10145900
v -0.30851799 0.13098399 0.00021298
v -0.31176600 0.13175900 -0.00076702
v -0.30448499 0.15258200 -0.00150303
v -0.29589200 0.14549901 0.00286797
v -0.29589501 -0.14549799 0.00287403
v -0.30448499 -0.15258200 -0.00150297
v -0.31176600 -0.13175900 -0.00076698
v -0.30873200 -0.13100301 0.00019102
v -0.31494701 0.16276201 0.03419497
v -0.31494701 -0.16276200 0.03419503
v -0.32033500 0.17690701 0.06596397
v -0.32033500 -0.17690699 0.06596403
v -0.31673300 0.20329201 0.09820596
v -0.31673300 -0.20329198 0.09820603
v -0.30863601 0.22093101 0.11164996
v -0.30863601 -0.22093097 0.11164904
v -0.30005699 0.23366602 0.11824396
v -0.30005699 -0.23366598 0.11824404
v -0.28598100 0.24910002 0.12269796
v -0.28598100 -0.24909998 0.12269705
v -0.26291201 0.26727103 0.12481095
v -0.26291201 -0.26727099 0.12481105
v -0.23756599 0.28172802 0.12501995
v -0.23756599 -0.28172798 0.12502005
v -0.20625700 0.29396903 0.12305095
v -0.20625700 -0.29396898 0.12305105
v -0.26189899 0.26515704 0.12419896
v -0.26291201 0.26727103 0.12481095
v -0.23756599 0.28172802 0.12501995
v -0.23603401 0.27738102 0.12447295
v -0.23603401 -0.27738098 0.12447205
v -0.23756599 -0.28172798 0.12502005
v -0.26291201 -0.26727099 0.12481105
v -0.26189899 -0.26515699 0.12420605
v -0.29201299 0.22770101 0.11951296
v -0.30005699 0.23366602 0.11824396
v -0.28598100 0.24910002 0.12269796
v -0.28262100 0.24469902 0.12220396
v -0.28262201 -0.24469798 0.12221204
v -0.28598100 -0.24909998 0.12269705
v -0.30005699 -0.23366598 0.11824404
v -0.29201600 -0.22769997 0.11952204
v -0.29110199 0.17460701 0.11276297
v -0.31673300 0.20329201 0.09820596
v -0.30863601 0.22093101 0.11164996
v -0.29584700 0.21102001 0.11623497
v -0.29585099 -0.21101897 0.11624404
v -0.30863601 -0.22093097 0.11164904
v -0.31673300 -0.20329198 0.09820603
v -0.29110199 -0.17460697 0.11276303
v -0.30276000 0.14939901 0.04500197
v -0.29589200 0.14549901 0.00286797
v -0.30448499 0.15258200 -0.00150303
v -0.31494701 0.16276201 0.03419497
v -0.32033500 0.17690701 0.06596397
v -0.30496201 0.15443602 0.07610698
v -0.31494701 -0.16276200 0.03419503
v -0.30448499 -0.15258200 -0.00150297
v -0.29589501 -0.14549799 0.00287403
v -0.30276000 -0.14939899 0.04500103
v -0.30493501 -0.15445198 0.07610303
v -0.32033500 -0.17690699 0.06596403
v -0.17598000 0.30082603 0.11615795
v -0.17598000 -0.30082599 0.11615805
v -0.14167300 0.30101101 0.08451895
v -0.14038800 0.29251999 0.04786695
v -0.14998600 0.29060502 0.04621495
v -0.15401500 0.29922102 0.08483895
v -0.15761700 0.30074601 0.09751295
v -0.15401500 -0.29922099 0.08483905
v -0.14998300 -0.29058700 0.04621905
v -0.14038800 -0.29251998 0.04786605
v -0.14167300 -0.30101098 0.08451905
v -0.15761700 -0.30074699 0.09751305
v -0.14788100 0.27695301 0.00063595
v -0.13801301 0.27891901 0.00124595
v -0.13801301 -0.27891901 0.00124605
v -0.14788100 -0.27695301 0.00063605
v -0.14969601 0.25535500 0.00058496
v -0.14788100 0.27695301 0.00063595
v -0.13801301 0.27891901 0.00124595
v -0.13888100 0.26499799 -0.00000005
v -0.13888100 -0.26499799 0.00000005
v -0.13801301 -0.27891901 0.00124605
v -0.14788100 -0.27695301 0.00063605
v -0.14969300 -0.25535500 0.00058604
v -0.15267199 0.25495101 0.05270195
v -0.14998600 0.29060502 0.04621495
v -0.14788100 0.27695301 0.00063595
v -0.14969601 0.25535500 0.00058496
v -0.14969300 -0.25535500 0.00058604
v -0.14788100 -0.27695301 0.00063605
v -0.14998300 -0.29058700 0.04621905
v -0.15276100 -0.25495400 0.05269605
v -0.15630500 0.25530101 0.08545296
v -0.15401500 0.29922102 0.08483895
v -0.15401500 -0.29922099 0.08483905
v -0.15630500 -0.25530098 0.08545305
v -0.16451700 0.30190902 0.10908595
v -0.16451700 -0.30190898 0.10908605
v -0.15890600 0.25520401 0.09538296
v -0.15761700 0.30074601 0.09751295
v -0.15761700 -0.30074699 0.09751305
v -0.15890600 -0.25520398 0.09538204
v -0.16334701 0.25504901 0.10410596
v -0.16451700 0.30190902 0.10908595
v -0.16451700 -0.30190898 0.10908605
v -0.16334701 -0.25504897 0.10410605
v -0.20625700 0.29396903 0.12305095
v -0.20319501 0.27798202 0.12168195
v -0.17598000 0.30082603 0.11615795
v -0.16896500 0.25564801 0.11002496
v -0.20319501 -0.27798198 0.12168205
v -0.20625700 -0.29396898 0.12305105
v -0.16896500 -0.25564797 0.11002505
v -0.17598000 -0.30082599 0.11615805
v -0.06793400 0.31358504 0.13238395
v -0.06910700 0.31344201 0.12953194
v -0.07386200 0.31387302 0.13402194
v -0.07163100 0.31377702 0.13636995
v -0.07624300 0.31456202 0.13998095
v -0.07330300 0.31446003 0.14097195
v -0.06615000 0.30253404 0.13516595
v -0.06793400 0.31358504 0.13238395
v -0.07163100 0.31377702 0.13636995
v -0.07025900 0.30382803 0.13958595
v -0.07330300 0.31446003 0.14097195
v -0.07173800 0.30537202 0.14431395
v -0.06459900 0.29159101 0.14068795
v -0.06884700 0.29448804 0.14489894
v -0.07036600 0.29766303 0.14951295
v -0.06290400 0.28357502 0.15070796
v -0.06753100 0.28733104 0.15405295
v -0.06907600 0.29130003 0.15768095
v -0.06947200 0.29247603 0.16993695
v -0.07011800 0.29525003 0.16216395
v -0.07057200 0.29744303 0.16984794
v -0.07117900 0.30067202 0.15499795
v -0.07192300 0.30394202 0.15918995
v -0.07402200 0.31498304 0.14662895
v -0.07224500 0.30616802 0.15054295
v -0.06980100 0.29473302 0.17702995
v -0.07087100 0.29939103 0.17595794
v -0.07013600 0.29722002 0.18051394
v -0.07186400 0.30360404 0.17179795
v -0.07067600 0.30134502 0.18407895
v -0.07182800 0.30468604 0.18017294
v -0.07132900 0.30580902 0.18639695
v -0.07420600 0.31462103 0.15914394
v -0.07410200 0.31416902 0.17322995
v -0.07379100 0.31389004 0.18195594
v -0.07265300 0.31331402 0.18853695
v -0.07533200 0.31333703 0.19007394
v -0.07265300 0.31331402 0.18853695
v -0.07379100 0.31389004 0.18195594
v -0.07664500 0.31374902 0.18230795
v -0.07410200 0.31416902 0.17322995
v -0.07712800 0.31416404 0.17311095
v -0.07695500 0.31486502 0.14649195
v -0.07402200 0.31498304 0.14662895
v -0.07723600 0.31461704 0.15873394
v -0.07420600 0.31462103 0.15914394
v -0.06074000 0.28055504 0.16368295
v -0.06508400 0.28248104 0.16451695
v -0.06739300 0.28565603 0.16631095
v -0.06841900 0.28833702 0.16861896
v -0.06982700 0.31297404 0.19788895
v -0.06864300 0.31305203 0.19540994
v -0.06864300 0.31305203 0.19540994
v -0.06864600 0.30471203 0.19213595
v -0.06864600 0.30471203 0.19213595
v -0.06864300 0.31305203 0.19540994
v -0.06982700 0.31297404 0.19788895
v -0.06876500 0.30357203 0.19445895
v -0.06853300 0.29838002 0.18840995
v -0.06853300 0.29838002 0.18840995
v -0.06878100 0.29713202 0.19071995
v -0.06854500 0.29406202 0.18400095
v -0.06854500 0.29406202 0.18400095
v -0.06882100 0.29184604 0.18599995
v -0.06851800 0.29104504 0.17905995
v -0.06851800 0.29104504 0.17905995
v -0.06884300 0.28826302 0.18072795
v -0.06850900 0.28931904 0.17374294
v -0.06850900 0.28931904 0.17374294
v -0.06883400 0.28610903 0.17491795
v -0.06825500 0.28362402 0.16733895
v -0.06739300 0.28565603 0.16631095
v -0.06841900 0.28833702 0.16861896
v -0.06885200 0.28503403 0.16936695
v -0.06207700 0.27814904 0.16423694
v -0.06074000 0.28055504 0.16368295
v -0.06508400 0.28248104 0.16451695
v -0.06624600 0.28035504 0.16496795
v -0.05923900 0.30252101 0.13345695
v -0.06096000 0.31386002 0.13062294
v -0.05750100 0.29164904 0.13902695
v -0.05627200 0.28326103 0.14920595
v -0.05562200 0.28037104 0.16368495
v -0.06096000 0.31386002 0.13062294
v -0.06167500 0.31348201 0.12771895
v -0.02796600 0.28395801 0.14886495
v -0.02850700 0.29221102 0.13825295
v -0.02870600 0.30287802 0.13245094
v -0.02844800 0.31442501 0.12924895
v -0.00020400 0.28398102 0.14864996
v -0.00051800 0.29220601 0.13761095
v -0.00043000 0.30317702 0.13159295
v 0.03075500 0.28333002 0.14734394
v 0.03062400 0.29059001 0.13740795
v 0.03057700 0.30182501 0.13094895
v 0.05631600 0.28880903 0.13705295
v 0.05824400 0.29953503 0.13078094
v 0.05523100 0.28193304 0.14653796
v 0.06309900 0.28878003 0.13804095
v 0.06509200 0.29915702 0.13209594
v 0.06138400 0.28169202 0.14778995
v 0.06660100 0.28514003 0.15100996
v 0.06796300 0.29135504 0.14228194
v 0.06857200 0.28921401 0.15476395
v 0.06951000 0.29445102 0.14659495
v 0.07109500 0.30276903 0.14166195
v 0.06967900 0.30108302 0.13665395
v 0.06940900 0.29260904 0.16781894
v 0.07033600 0.29686302 0.16712094
v 0.06975000 0.29410901 0.16009695
v 0.07069200 0.29904404 0.17256794
v 0.06975200 0.29494703 0.17370095
v 0.07007700 0.29723802 0.17710195
v 0.07164200 0.30426702 0.17676695
v 0.07059500 0.30153704 0.18069095
v 0.07111200 0.30568603 0.18324695
v 0.07149700 0.30231503 0.16740095
v 0.07039900 0.29782402 0.15131395
v 0.07135100 0.30185502 0.15530295
v 0.07152700 0.30361902 0.14715595
v -0.00047300 0.31478601 0.12839695
v 0.03038600 0.31455301 0.12720894
v 0.06079500 0.31353601 0.12702194
v 0.06297600 0.31312301 0.12418095
v 0.03151700 0.31414901 0.12460795
v 0.03038600 0.31455301 0.12720894
v 0.06079500 0.31353601 0.12702194
v -0.05562200 0.28037104 0.16368495
v -0.05545500 0.27799404 0.16421295
v -0.02844800 0.31442501 0.12924895
v -0.02851800 0.31421401 0.12623995
v -0.00047300 0.31478601 0.12839695
v 0.00025200 0.31453403 0.12573694
v -0.02762000 0.28134003 0.16293396
v -0.02772400 0.27945104 0.16355896
v -0.02762000 0.28134003 0.16293396
v -0.00052400 0.28138402 0.16239695
v -0.00052400 0.28138402 0.16239695
v -0.00035700 0.27968404 0.16279496
v 0.03122100 0.28048804 0.16148994
v 0.03203700 0.27853304 0.16186195
v 0.03122100 0.28048804 0.16148994
v 0.05505400 0.27924102 0.16058595
v 0.05505400 0.27924102 0.16058595
v 0.05515300 0.27722403 0.16122496
v 0.07183900 0.31204003 0.18605495
v 0.06861900 0.31214303 0.19146695
v 0.06996800 0.31185803 0.19407994
v 0.07475400 0.31212002 0.18683695
v 0.07183900 0.31204003 0.18605495
v 0.07322300 0.31229204 0.17883094
v 0.07322300 0.31229204 0.17883094
v 0.07612100 0.31252602 0.17931195
v 0.07386000 0.31332004 0.16617394
v 0.07386000 0.31332004 0.16617394
v 0.07665100 0.31315201 0.16600794
v 0.07377600 0.31337303 0.15323094
v 0.07377600 0.31337303 0.15323094
v 0.07671300 0.31358602 0.15264294
v 0.07357600 0.31382903 0.14317795
v 0.07357600 0.31382903 0.14317795
v 0.07637600 0.31381201 0.14266694
v 0.07305500 0.31364703 0.13784095
v 0.07305500 0.31364703 0.13784095
v 0.07603100 0.31389003 0.13724995
v 0.07159000 0.31385603 0.13262395
v 0.07159000 0.31385603 0.13262395
v 0.07400700 0.31362902 0.13160794
v 0.06758300 0.31351202 0.12832395
v 0.06946700 0.31313302 0.12631895
v 0.06758300 0.31351202 0.12832395
v 0.05975100 0.27925202 0.16030395
v 0.05975100 0.27925202 0.16030395
v 0.06072300 0.27743804 0.16108895
v 0.06487100 0.28152802 0.16074995
v 0.06487100 0.28152802 0.16074995
v 0.06580200 0.27953902 0.16145995
v 0.06706600 0.28451803 0.16238895
v 0.06706600 0.28451803 0.16238895
v 0.06761000 0.28239602 0.16307695
v 0.06868700 0.30545104 0.18877495
v 0.06861900 0.31214303 0.19146695
v 0.06876400 0.30520603 0.19163395
v 0.06996800 0.31185803 0.19407994
v 0.06861900 0.31214303 0.19146695
v 0.06868700 0.30545104 0.18877495
v 0.06865200 0.29929304 0.18525194
v 0.06857400 0.29787502 0.18748995
v 0.06865200 0.29929304 0.18525194
v 0.06852200 0.29388002 0.18060494
v 0.06858900 0.29143203 0.18195494
v 0.06852200 0.29388002 0.18060494
v 0.06853600 0.29121402 0.17619696
v 0.06853900 0.28785104 0.17604595
v 0.06853600 0.29121402 0.17619696
v 0.06852000 0.28935102 0.17054395
v 0.06850000 0.28621304 0.17039094
v 0.06852000 0.28935102 0.17054395
v 0.06845200 0.28843602 0.16527394
v 0.06845200 0.28843602 0.16527394
v 0.06848100 0.28513104 0.16535995
v -0.06793400 -0.31358499 0.13238406
v -0.07163100 -0.31377698 0.13637006
v -0.07386200 -0.31387297 0.13402205
v -0.06910700 -0.31344197 0.12953105
v -0.07330300 -0.31445998 0.14097206
v -0.07624300 -0.31456197 0.13998106
v -0.06615000 -0.30253399 0.13516606
v -0.07025900 -0.30382798 0.13958605
v -0.07163100 -0.31377698 0.13637006
v -0.06793400 -0.31358499 0.13238406
v -0.07173800 -0.30537197 0.14431406
v -0.07330300 -0.31445998 0.14097206
v -0.06459900 -0.29159096 0.14068705
v -0.06884700 -0.29448799 0.14489905
v -0.07036600 -0.29766298 0.14951306
v -0.06290400 -0.28357497 0.15070805
v -0.06753100 -0.28733099 0.15405305
v -0.06907600 -0.29129997 0.15768105
v -0.06947200 -0.29247597 0.16993705
v -0.07057200 -0.29744297 0.16984805
v -0.07011800 -0.29524997 0.16216405
v -0.07117900 -0.30067197 0.15499806
v -0.07192300 -0.30394197 0.15919005
v -0.07224500 -0.30616796 0.15054306
v -0.07402200 -0.31498298 0.14662806
v -0.06980100 -0.29473296 0.17703005
v -0.07087100 -0.29939097 0.17595804
v -0.07013600 -0.29721996 0.18051404
v -0.07186400 -0.30360398 0.17179806
v -0.07067600 -0.30134496 0.18407906
v -0.07182800 -0.30468696 0.18017305
v -0.07132900 -0.30580896 0.18639705
v -0.07420600 -0.31462097 0.15914405
v -0.07410200 -0.31416896 0.17322905
v -0.07379100 -0.31388998 0.18195605
v -0.07265300 -0.31331396 0.18853706
v -0.07533200 -0.31333697 0.19007405
v -0.07664500 -0.31374895 0.18230806
v -0.07379100 -0.31388998 0.18195605
v -0.07265300 -0.31331396 0.18853706
v -0.07712800 -0.31416398 0.17311106
v -0.07410200 -0.31416896 0.17322905
v -0.07695500 -0.31486497 0.14649206
v -0.07402200 -0.31498298 0.14662806
v -0.07723600 -0.31461698 0.15873405
v -0.07420600 -0.31462097 0.15914405
v -0.06074000 -0.28055498 0.16368205
v -0.06508400 -0.28248099 0.16451605
v -0.06739300 -0.28565598 0.16631005
v -0.06841900 -0.28833696 0.16861906
v -0.06982700 -0.31297397 0.19788905
v -0.06864300 -0.31305196 0.19541005
v -0.06864600 -0.30471196 0.19213606
v -0.06864300 -0.31305196 0.19541005
v -0.06864600 -0.30471196 0.19213606
v -0.06876500 -0.30357197 0.19445906
v -0.06982700 -0.31297397 0.19788905
v -0.06864300 -0.31305196 0.19541005
v -0.06853300 -0.29837995 0.18841005
v -0.06853300 -0.29837995 0.18841005
v -0.06878100 -0.29713195 0.19072006
v -0.06854500 -0.29406196 0.18400105
v -0.06854500 -0.29406196 0.18400105
v -0.06882100 -0.29184597 0.18600006
v -0.06851800 -0.29104596 0.17906005
v -0.06851800 -0.29104596 0.17906005
v -0.06884300 -0.28826296 0.18072805
v -0.06850900 -0.28931898 0.17374305
v -0.06850900 -0.28931898 0.17374305
v -0.06883400 -0.28610897 0.17491805
v -0.06825500 -0.28362396 0.16733905
v -0.06885200 -0.28503397 0.16936705
v -0.06841900 -0.28833696 0.16861906
v -0.06739300 -0.28565598 0.16631005
v -0.06207700 -0.27814898 0.16423704
v -0.06624600 -0.28035498 0.16496805
v -0.06508400 -0.28248099 0.16451605
v -0.06074000 -0.28055498 0.16368205
v -0.05923900 -0.30252097 0.13345706
v -0.06096000 -0.31386099 0.13062305
v -0.05750100 -0.29164899 0.13902705
v -0.05627200 -0.28326098 0.14920605
v -0.05562200 -0.28037098 0.16368504
v -0.06167500 -0.31348196 0.12771905
v -0.06096000 -0.31386099 0.13062305
v -0.02850700 -0.29221097 0.13825305
v -0.02796600 -0.28395796 0.14886505
v -0.02870600 -0.30287797 0.13245105
v -0.02844800 -0.31442497 0.12924906
v -0.00051800 -0.29220597 0.13761105
v -0.00020400 -0.28398097 0.14865006
v -0.00043000 -0.30317698 0.13159306
v 0.03075500 -0.28332997 0.14734404
v 0.03062400 -0.29058996 0.13740805
v 0.03057700 -0.30182496 0.13094906
v 0.05631600 -0.28880898 0.13705305
v 0.05824400 -0.29953498 0.13078105
v 0.05523100 -0.28193298 0.14653805
v 0.06309900 -0.28877998 0.13804105
v 0.06509200 -0.29915697 0.13209505
v 0.06138400 -0.28169197 0.14779005
v 0.06796300 -0.29135499 0.14228205
v 0.06660100 -0.28513998 0.15101006
v 0.06951000 -0.29445097 0.14659505
v 0.06857200 -0.28921396 0.15476405
v 0.06967900 -0.30108297 0.13665306
v 0.07109500 -0.30276898 0.14166205
v 0.06940900 -0.29260898 0.16781904
v 0.06975000 -0.29410896 0.16009705
v 0.07033600 -0.29686296 0.16712104
v 0.07069200 -0.29904398 0.17256805
v 0.06975200 -0.29494697 0.17370105
v 0.07007700 -0.29723796 0.17710205
v 0.07164200 -0.30426696 0.17676706
v 0.07059500 -0.30153698 0.18069106
v 0.07111200 -0.30568597 0.18324605
v 0.07149700 -0.30231497 0.16740105
v 0.07039900 -0.29782397 0.15131406
v 0.07135100 -0.30185497 0.15530305
v 0.07152700 -0.30361897 0.14715605
v -0.00047300 -0.31478596 0.12839606
v 0.03038600 -0.31455297 0.12720805
v 0.06079500 -0.31353597 0.12702205
v 0.06297600 -0.31312297 0.12418106
v 0.06079500 -0.31353597 0.12702205
v 0.03038600 -0.31455297 0.12720805
v 0.03151700 -0.31414897 0.12460806
v -0.05562200 -0.28037098 0.16368504
v -0.05545500 -0.27799398 0.16421205
v -0.02851800 -0.31421397 0.12624005
v -0.02844800 -0.31442497 0.12924906
v 0.00025200 -0.31453497 0.12573705
v -0.00047300 -0.31478596 0.12839606
v -0.02762000 -0.28133997 0.16293405
v -0.02762000 -0.28133997 0.16293405
v -0.02772400 -0.27945098 0.16355905
v -0.00052400 -0.28138396 0.16239705
v -0.00052400 -0.28138396 0.16239705
v -0.00035700 -0.27968398 0.16279506
v 0.03122100 -0.28048799 0.16149004
v 0.03122100 -0.28048799 0.16149004
v 0.03203700 -0.27853298 0.16186105
v 0.05505400 -0.27924097 0.16058605
v 0.05505400 -0.27924097 0.16058605
v 0.05515300 -0.27722398 0.16122505
v 0.07183900 -0.31203997 0.18605506
v 0.07475400 -0.31211996 0.18683706
v 0.06996800 -0.31185796 0.19408005
v 0.06861900 -0.31214296 0.19146706
v 0.07322300 -0.31229198 0.17883105
v 0.07183900 -0.31203997 0.18605506
v 0.07322300 -0.31229198 0.17883105
v 0.07612100 -0.31252596 0.17931206
v 0.07386000 -0.31331998 0.16617305
v 0.07386000 -0.31331998 0.16617305
v 0.07665100 -0.31315196 0.16600705
v 0.07377600 -0.31337297 0.15323105
v 0.07377600 -0.31337297 0.15323105
v 0.07671300 -0.31358597 0.15264205
v 0.07357600 -0.31382898 0.14317806
v 0.07357600 -0.31382898 0.14317806
v 0.07637600 -0.31381196 0.14266705
v 0.07305500 -0.31364698 0.13784106
v 0.07305500 -0.31364698 0.13784106
v 0.07603100 -0.31388999 0.13725006
v 0.07159000 -0.31385598 0.13262406
v 0.07159000 -0.31385598 0.13262406
v 0.07400700 -0.31362898 0.13160705
v 0.06758300 -0.31351198 0.12832406
v 0.06946700 -0.31313298 0.12631906
v 0.06758300 -0.31351198 0.12832406
v 0.05975100 -0.27925196 0.16030404
v 0.05975100 -0.27925196 0.16030404
v 0.06072300 -0.27743799 0.16108905
v 0.06487100 -0.28152797 0.16075005
v 0.06487100 -0.28152797 0.16075005
v 0.06580200 -0.27953896 0.16146005
v 0.06706600 -0.28451798 0.16238805
v 0.06706600 -0.28451798 0.16238805
v 0.06761000 -0.28239596 0.16307705
v 0.06868700 -0.30545097 0.18877406
v 0.06861900 -0.31214296 0.19146706
v 0.06876400 -0.30520597 0.19163305
v 0.06868700 -0.30545097 0.18877406
v 0.06861900 -0.31214296 0.19146706
v 0.06996800 -0.31185796 0.19408005
v 0.06865200 -0.29929298 0.18525205
v 0.06857400 -0.29787495 0.18749005
v 0.06865200 -0.29929298 0.18525205
v 0.06852200 -0.29387995 0.18060505
v 0.06858900 -0.29143196 0.18195505
v 0.06852200 -0.29387995 0.18060505
v 0.06853600 -0.29121396 0.17619604
v 0.06853900 -0.28785098 0.17604605
v 0.06853600 -0.29121396 0.17619604
v 0.06852000 -0.28935096 0.17054305
v 0.06850000 -0.28621298 0.17039104
v 0.06852000 -0.28935096 0.17054305
v 0.06845200 -0.28843597 0.16527404
v 0.06845200 -0.28843597 0.16527404
v 0.06848100 -0.28513098 0.16536005
v 0.00441300 0.31325505 0.22125894
v -0.03780400 0.31222005 0.22639694
v -0.03425400 0.30826805 0.25081593
v -0.03864900 0.31304903 0.22261395
v 0.00336200 0.31584803 0.19775494
v -0.04133200 0.31557602 0.19891194
v 0.04819000 0.31476704 0.19661195
v 0.04835400 0.31184704 0.21972095
v 0.00332900 0.31500304 0.19659995
v 0.00336200 0.31584803 0.19775494
v 0.04819000 0.31476704 0.19661195
v 0.04826700 0.31389603 0.19527394
v 0.00344400 0.31594605 0.19539895
v 0.00332900 0.31500304 0.19659995
v 0.04826700 0.31389603 0.19527394
v 0.04816800 0.31472904 0.19417994
v 0.08272100 0.31484803 0.16137594
v 0.07581900 0.31532901 0.16188695
v 0.07523600 0.31472704 0.17666895
v 0.08339500 0.31279704 0.19418495
v 0.07434400 0.31433803 0.18390894
v 0.07434400 0.31433803 0.18390894
v 0.07523600 0.31472704 0.17666895
v 0.07389700 0.31384602 0.17619895
v 0.07292500 0.31346303 0.18346094
v 0.07258200 0.31409702 0.18902095
v 0.07258200 0.31409702 0.18902095
v 0.07162600 0.31327305 0.18802195
v 0.06911700 0.31398303 0.19318694
v 0.06911700 0.31398303 0.19318694
v 0.06844100 0.31313804 0.19176195
v 0.08532300 0.31008605 0.21872294
v 0.06305200 0.31410805 0.19575795
v 0.06263900 0.31330103 0.19432195
v 0.06305200 0.31410805 0.19575795
v 0.06844100 0.31313804 0.19176195
v 0.06770300 0.31420303 0.19099994
v 0.06216000 0.31440103 0.19285794
v 0.06263900 0.31330103 0.19432195
v 0.07250500 0.31489602 0.17648595
v 0.07157300 0.31451404 0.18357794
v 0.07292500 0.31346303 0.18346094
v 0.07389700 0.31384602 0.17619895
v 0.07017700 0.31431702 0.18776694
v 0.07162600 0.31327305 0.18802195
v -0.04137100 0.31471605 0.19769094
v -0.04133200 0.31557602 0.19891194
v -0.04138400 0.31570703 0.19653994
v -0.04137100 0.31471605 0.19769094
v -0.10878300 0.31250305 0.20128395
v -0.07536400 0.31443602 0.20073994
v -0.07581100 0.31580705 0.18164394
v -0.07469300 0.31551102 0.18763294
v -0.07196000 0.31567303 0.18681795
v -0.07270700 0.31594902 0.18141695
v -0.07423000 0.31492102 0.18130294
v -0.07339000 0.31461403 0.18707595
v -0.07339000 0.31461403 0.18707595
v -0.07423000 0.31492102 0.18130294
v -0.07581100 0.31580705 0.18164394
v -0.07469300 0.31551102 0.18763294
v -0.07259500 0.31517303 0.19391095
v -0.07129700 0.31431005 0.19283595
v -0.07259500 0.31517303 0.19391095
v -0.06996300 0.31540904 0.19212394
v -0.07129700 0.31431005 0.19283595
v -0.06911500 0.31502903 0.19753294
v -0.06754700 0.31526402 0.19493394
v -0.06813000 0.31419403 0.19604195
v -0.06813000 0.31419403 0.19604195
v -0.06911500 0.31502903 0.19753294
v -0.06220900 0.31511602 0.19930394
v -0.06175100 0.31428203 0.19761995
v -0.06220900 0.31511602 0.19930394
v -0.06175100 0.31428203 0.19761995
v -0.06161400 0.31538904 0.19626694
v -0.06161400 0.31538904 0.19626694
v -0.04138400 0.31570703 0.19653994
v -0.04317600 0.31737602 0.16630395
v -0.07270700 0.31594902 0.18141695
v -0.07196000 0.31567303 0.18681795
v -0.06996300 0.31540904 0.19212394
v 0.00344400 0.31594605 0.19539895
v 0.00224700 0.31775403 0.16515695
v -0.07320700 0.31653002 0.16735994
v -0.06754700 0.31526402 0.19493394
v 0.04623900 0.31679904 0.16400394
v 0.04816800 0.31472904 0.19417994
v 0.06216000 0.31440103 0.19285794
v 0.06770300 0.31420303 0.19099994
v 0.07017700 0.31431702 0.18776694
v -0.04358600 0.31542101 0.16444794
v -0.04317600 0.31737602 0.16630395
v 0.00224700 0.31775403 0.16515695
v 0.00214700 0.31588504 0.16319494
v 0.04614300 0.31482902 0.16194794
v 0.04623900 0.31679904 0.16400394
v 0.07250500 0.31489602 0.17648595
v 0.07285400 0.31549704 0.16321594
v 0.07157300 0.31451404 0.18357794
v 0.07393800 0.31447604 0.16168595
v 0.07581900 0.31532901 0.16188695
v -0.07987300 0.31459301 0.12827795
v -0.07461200 0.31659004 0.14033995
v -0.07238500 0.31596001 0.13483294
v -0.06812400 0.31562602 0.13127794
v 0.07136700 0.31552701 0.13051594
v 0.07361000 0.31589701 0.13481895
v 0.08061400 0.31415202 0.12468695
v 0.06716000 0.31522902 0.12688795
v 0.07534600 0.31591802 0.13974095
v 0.07534600 0.31591802 0.13974095
v 0.07285400 0.31549704 0.16321594
v 0.07393800 0.31447604 0.16168595
v 0.07398700 0.31322902 0.16114395
v -0.07431500 0.31554603 0.16568494
v -0.07320700 0.31653002 0.16735994
v -0.07592500 0.31645504 0.16567095
v -0.07431500 0.31554603 0.16568494
v -0.05923100 0.31572502 0.12931495
v 0.05895100 0.31540503 0.12556994
v -0.07747200 0.31200703 0.11080295
v -0.10994200 0.31234103 0.12682994
v -0.10661700 0.31025301 0.11140194
v -0.11768900 0.30916901 0.11101395
v -0.04173600 0.31615203 0.12830495
v -0.04209600 0.31322201 0.10950295
v 0.00391500 0.31652503 0.12676195
v 0.00399500 0.31345500 0.10776494
v 0.04681700 0.31583103 0.12572094
v 0.04696700 0.31280901 0.10649395
v 0.08073800 0.31105002 0.10498695
v 0.04661500 0.31046801 0.10237294
v 0.08073800 0.31105002 0.10498695
v 0.08045900 0.30935700 0.09857394
v 0.04696700 0.31280901 0.10649395
v -0.12524199 0.30365502 0.10474595
v -0.12698400 0.30758901 0.10763594
v -0.11768900 0.30916901 0.11101395
v -0.11754000 0.30492901 0.10781895
v -0.10661700 0.31025301 0.11140194
v -0.10649400 0.30619301 0.10838795
v -0.12755100 0.30059301 0.09694895
v -0.13002500 0.30551602 0.09832594
v -0.12828600 0.29763500 0.08346495
v -0.13051499 0.30258103 0.08399295
v 0.00341300 0.31016501 0.10300495
v 0.00399500 0.31345500 0.10776494
v -0.04209100 0.30986302 0.10623795
v -0.04209600 0.31322201 0.10950295
v 0.12086900 0.30753900 0.10278094
v 0.04603200 0.30972301 0.09884295
v 0.00267200 0.30903901 0.09852495
v 0.08051700 0.30525301 0.07852295
v 0.08045900 0.30935700 0.09857394
v 0.12086900 0.30753900 0.10278094
v 0.12134200 0.30261402 0.07794695
v 0.12122500 0.29662300 0.05230295
v 0.07941200 0.29905001 0.05196295
v 0.04603200 0.30972301 0.09884295
v 0.04064000 0.30543102 0.07769595
v 0.07669800 0.29157600 0.02490395
v 0.12119400 0.28891799 0.02526595
v 0.03767400 0.29986001 0.05225795
v -0.00195100 0.30501403 0.07951595
v 0.00267200 0.30903901 0.09852495
v -0.02923000 0.30739100 0.09788695
v -0.02923000 0.30739100 0.09788695
v -0.03537100 0.30781500 0.10141995
v -0.07747200 0.31200703 0.11080295
v -0.07725000 0.30851703 0.10798695
v -0.04210600 0.30803500 0.10358795
v -0.10622800 0.30460702 0.10593395
v -0.07680600 0.30647602 0.10520094
v -0.11738600 0.30285602 0.10559395
v -0.12325700 0.30126702 0.10230394
v -0.12574901 0.29914801 0.09589095
v -0.12764999 0.29062600 0.05156195
v -0.13007000 0.29514799 0.05176995
v -0.12642799 0.29649700 0.08306595
v -0.12602200 0.28995300 0.05144695
v -0.12926000 0.28783802 0.02504695
v -0.12710400 0.28411499 0.02494195
v -0.12556700 0.28318501 0.02506995
v -0.12729600 0.27768701 -0.00005505
v -0.12469300 0.27597201 -0.00005505
v -0.14176300 0.30872401 0.12427295
v -0.12698400 0.30758901 0.10763594
v -0.07569000 0.31687602 0.14727694
v -0.07569000 0.31687602 0.14727694
v -0.11097000 0.31474802 0.14924194
v -0.11003900 0.31416303 0.17494594
v -0.07159100 0.30689706 0.25200794
v -0.05580900 0.31058703 0.23571094
v -0.07262100 0.31185205 0.22458195
v -0.10750100 0.30965004 0.22625995
v -0.14282300 0.31168201 0.15103095
v -0.07592500 0.31645504 0.16567095
v 0.07344900 0.31490704 0.13992495
v 0.07361000 0.31589701 0.13481895
v 0.07223800 0.31498202 0.13510095
v 0.07136700 0.31552701 0.13051594
v 0.07015900 0.31470301 0.13113495
v 0.07026100 0.31178802 0.13125694
v 0.07219600 0.31206202 0.13519894
v 0.07223800 0.31498202 0.13510095
v 0.07015900 0.31470301 0.13113495
v 0.06716000 0.31522902 0.12688795
v 0.06686700 0.31439202 0.12832694
v 0.06706800 0.31156903 0.12842495
v 0.06686700 0.31439202 0.12832694
v 0.05895100 0.31540503 0.12556994
v 0.05815200 0.31454503 0.12724695
v 0.05919800 0.31167101 0.12724795
v 0.05815200 0.31454503 0.12724695
v 0.04681700 0.31583103 0.12572094
v 0.04655700 0.31445803 0.12724194
v 0.07398700 0.31322902 0.16114395
v 0.07393800 0.31447604 0.16168595
v 0.07344900 0.31490704 0.13992495
v 0.07351000 0.31201502 0.14025395
v 0.07398700 0.31157103 0.16112495
v 0.00391500 0.31652503 0.12676195
v 0.00435500 0.31575503 0.12842094
v 0.04766800 0.31205901 0.12722694
v 0.04655700 0.31445803 0.12724194
v 0.00435500 0.31575503 0.12842094
v 0.00504400 0.31278604 0.12839994
v -0.04173600 0.31615203 0.12830495
v -0.04134000 0.31511401 0.12977595
v -0.04153500 0.31238001 0.12978994
v -0.04134000 0.31511401 0.12977595
v -0.05923100 0.31572502 0.12931495
v -0.05910500 0.31493401 0.13069694
v -0.06812400 0.31562602 0.13127794
v -0.06712400 0.31482103 0.13224395
v -0.05944300 0.31205501 0.13072095
v -0.05910500 0.31493401 0.13069694
v -0.06712400 0.31482103 0.13224395
v -0.06787000 0.31193601 0.13269395
v -0.07405300 0.31451604 0.16530295
v -0.07392900 0.31596103 0.14738395
v -0.07431500 0.31554603 0.16568494
v -0.07405300 0.31451604 0.16530295
v -0.07422600 0.31260604 0.16525394
v -0.07386600 0.31296303 0.14718195
v -0.07321900 0.31575703 0.14110594
v -0.07461200 0.31659004 0.14033995
v -0.07392900 0.31596103 0.14738395
v -0.07321900 0.31575703 0.14110594
v -0.07316600 0.31278702 0.14101294
v -0.07128200 0.31512102 0.13601995
v -0.07238500 0.31596001 0.13483294
v -0.07128200 0.31512102 0.13601995
v -0.07142500 0.31219103 0.13621495
v -0.14262700 0.30928705 0.20219994
v -0.14235701 0.30635003 0.22744595
v -0.14155599 0.30491604 0.23738495
v -0.14325500 0.30526705 0.22756994
v -0.14235701 0.30635003 0.22744595
v -0.14262700 0.30928705 0.20219994
v -0.14360300 0.30817405 0.20232994
v -0.14251800 0.30379603 0.23750194
v -0.14155599 0.30491604 0.23738495
v -0.13914800 0.30272706 0.24723694
v -0.13829200 0.30354003 0.24679594
v -0.13829200 0.30354003 0.24679594
v -0.12994801 0.30376004 0.25108395
v -0.10858800 0.30508806 0.25158194
v -0.12994801 0.30376004 0.25108395
v -0.12986401 0.30294304 0.25197095
v -0.10822300 0.30407004 0.25241394
v -0.10858800 0.30508806 0.25158194
v -0.07141000 0.30635403 0.25220293
v -0.07159100 0.30689706 0.25200794
v 0.04997400 0.30728103 0.24769594
v -0.03451200 0.30750506 0.25148693
v -0.03425400 0.30826805 0.25081593
v 0.08696800 0.30547203 0.24494795
v 0.04972100 0.30660705 0.24836894
v 0.04997400 0.30728103 0.24769594
v 0.08669900 0.30459605 0.24572294
v 0.08696800 0.30547203 0.24494795
v 0.12053000 0.30350105 0.24241795
v 0.12701000 0.30334605 0.23801095
v 0.12061800 0.30273305 0.24310195
v 0.12053000 0.30350105 0.24241795
v 0.12750000 0.30218605 0.23855095
v 0.12701000 0.30334605 0.23801095
v 0.13161001 0.30610404 0.21657095
v 0.13101999 0.30428905 0.23079195
v 0.13101999 0.30428905 0.23079195
v 0.13176300 0.30319203 0.23098794
v 0.13266900 0.30878702 0.19195495
v 0.13300200 0.30523304 0.21682494
v 0.13161001 0.30610404 0.21657095
v 0.13400400 0.31047803 0.15815294
v 0.13407700 0.30772904 0.19219494
v 0.13266900 0.30878702 0.19195495
v 0.13507400 0.30981602 0.12482895
v 0.13523300 0.30938104 0.15836594
v 0.13400400 0.31047803 0.15815294
v 0.13614701 0.30131702 0.07814295
v 0.13626599 0.30874001 0.12524495
v 0.13507400 0.30981602 0.12482895
v 0.13652600 0.29515202 0.05238595
v 0.13751100 0.30023400 0.07853695
v 0.13614701 0.30131702 0.07814295
v 0.13726000 0.28720099 0.02494095
v 0.13804600 0.29421301 0.05270595
v 0.13652600 0.29515202 0.05238595
v 0.13847800 0.28625599 0.02543395
v 0.13726000 0.28720099 0.02494095
v -0.14339200 0.31075102 0.15107094
v -0.14282300 0.31168201 0.15103095
v -0.14094700 0.30133601 0.08407395
v -0.13002500 0.30551602 0.09832594
v -0.13051499 0.30258103 0.08399295
v -0.13007000 0.29514799 0.05176995
v -0.13959400 0.29380001 0.05103495
v -0.14176300 0.30872401 0.12427295
v -0.14282100 0.30766802 0.12469295
v -0.14094700 0.30133601 0.08407395
v -0.14157601 0.30040602 0.08443495
v -0.13816001 0.28659201 0.02441895
v -0.12926000 0.28783802 0.02504695
v -0.13959400 0.29380001 0.05103495
v -0.14029700 0.29284600 0.05147995
v -0.13816001 0.28659201 0.02441895
v -0.13913999 0.28557802 0.02490495
v -0.12860900 0.28013501 0.00065795
v -0.13725200 0.27902800 0.00059295
v -0.12860900 0.28013501 0.00065795
v -0.12832201 0.27925399 -0.00007705
v -0.13702500 0.27814499 -0.00008005
v -0.13725200 0.27902800 0.00059295
v -0.13805300 0.27813900 0.00104295
v -0.13702500 0.27814499 -0.00008005
v -0.13783000 0.27799201 0.00030795
v 0.13872001 0.27784500 0.00098095
v 0.13762601 0.27894700 0.00070095
v 0.13762601 0.27894700 0.00070095
v 0.12094400 0.28073499 0.00075895
v 0.13749100 0.27798399 -0.00008405
v 0.13834400 0.27786899 0.00015095
v 0.11216200 0.28150600 0.00040295
v 0.12101600 0.27974701 -0.00008005
v 0.13749100 0.27798399 -0.00008405
v 0.11212800 0.28070101 -0.00008105
v 0.00441300 -0.31325497 0.22125805
v -0.03425400 -0.30826797 0.25081604
v -0.03780400 -0.31221997 0.22639605
v -0.03864900 -0.31304895 0.22261406
v 0.00336200 -0.31584796 0.19775405
v -0.04133200 -0.31557595 0.19891205
v 0.04819000 -0.31476697 0.19661206
v 0.04835400 -0.31184696 0.21972106
v 0.00332900 -0.31500297 0.19660006
v 0.04826700 -0.31389597 0.19527405
v 0.04819000 -0.31476697 0.19661206
v 0.00336200 -0.31584796 0.19775405
v 0.00344400 -0.31594598 0.19539906
v 0.04816800 -0.31472897 0.19418005
v 0.04826700 -0.31389597 0.19527405
v 0.00332900 -0.31500297 0.19660006
v 0.08272100 -0.31484798 0.16137506
v 0.07523600 -0.31472698 0.17666906
v 0.07581900 -0.31532896 0.16188606
v 0.08339500 -0.31279698 0.19418506
v 0.07434400 -0.31433797 0.18390905
v 0.07434400 -0.31433797 0.18390905
v 0.07292500 -0.31346297 0.18346105
v 0.07389700 -0.31384596 0.17619906
v 0.07523600 -0.31472698 0.17666906
v 0.07258200 -0.31409695 0.18902005
v 0.07258200 -0.31409695 0.18902005
v 0.07162600 -0.31327298 0.18802206
v 0.06911700 -0.31398296 0.19318705
v 0.06911700 -0.31398296 0.19318705
v 0.06844100 -0.31313797 0.19176205
v 0.08532300 -0.31008597 0.21872305
v 0.06305200 -0.31410798 0.19575805
v 0.06263900 -0.31330096 0.19432206
v 0.06305200 -0.31410798 0.19575805
v 0.06844100 -0.31313797 0.19176205
v 0.06263900 -0.31330096 0.19432206
v 0.06216000 -0.31440097 0.19285805
v 0.06770300 -0.31420296 0.19100005
v 0.07250500 -0.31489596 0.17648606
v 0.07389700 -0.31384596 0.17619906
v 0.07292500 -0.31346297 0.18346105
v 0.07157300 -0.31451398 0.18357805
v 0.07017700 -0.31431696 0.18776705
v 0.07162600 -0.31327298 0.18802206
v -0.04137100 -0.31471598 0.19769105
v -0.04133200 -0.31557595 0.19891205
v -0.04137100 -0.31471598 0.19769105
v -0.04138400 -0.31570696 0.19653905
v -0.10878300 -0.31250297 0.20128406
v -0.07581100 -0.31580698 0.18164405
v -0.07536400 -0.31443595 0.20074005
v -0.07469300 -0.31551096 0.18763305
v -0.07196000 -0.31567296 0.18681806
v -0.07339000 -0.31461397 0.18707606
v -0.07423000 -0.31492096 0.18130305
v -0.07270700 -0.31594896 0.18141706
v -0.07339000 -0.31461397 0.18707606
v -0.07469300 -0.31551096 0.18763305
v -0.07581100 -0.31580698 0.18164405
v -0.07423000 -0.31492096 0.18130305
v -0.07259500 -0.31517297 0.19391106
v -0.07129700 -0.31430998 0.19283606
v -0.07259500 -0.31517297 0.19391106
v -0.06996300 -0.31540897 0.19212305
v -0.07129700 -0.31430998 0.19283606
v -0.06911500 -0.31502896 0.19753305
v -0.06754700 -0.31526395 0.19493405
v -0.06813000 -0.31419396 0.19604206
v -0.06813000 -0.31419396 0.19604206
v -0.06911500 -0.31502896 0.19753305
v -0.06220900 -0.31511595 0.19930405
v -0.06175100 -0.31428197 0.19762006
v -0.06220900 -0.31511595 0.19930405
v -0.06175100 -0.31428197 0.19762006
v -0.06161400 -0.31538897 0.19626605
v -0.06161400 -0.31538897 0.19626605
v -0.04317600 -0.31737596 0.16630406
v -0.04138400 -0.31570696 0.19653905
v -0.07270700 -0.31594896 0.18141706
v -0.06996300 -0.31540897 0.19212305
v -0.07196000 -0.31567296 0.18681806
v 0.00224700 -0.31775397 0.16515606
v 0.00344400 -0.31594598 0.19539906
v -0.07320700 -0.31652996 0.16735905
v -0.06754700 -0.31526395 0.19493405
v 0.04623900 -0.31679899 0.16400405
v 0.06216000 -0.31440097 0.19285805
v 0.04816800 -0.31472897 0.19418005
v 0.07017700 -0.31431696 0.18776705
v 0.06770300 -0.31420296 0.19100005
v -0.04358600 -0.31542096 0.16444705
v 0.00214700 -0.31588498 0.16319406
v 0.00224700 -0.31775397 0.16515606
v -0.04317600 -0.31737596 0.16630406
v 0.04614300 -0.31482998 0.16194705
v 0.04623900 -0.31679899 0.16400405
v 0.07250500 -0.31489596 0.17648606
v 0.07285400 -0.31549698 0.16321605
v 0.07157300 -0.31451398 0.18357805
v 0.07393800 -0.31447598 0.16168606
v 0.07581900 -0.31532896 0.16188606
v -0.07987300 -0.31459296 0.12827706
v -0.07238500 -0.31595997 0.13483305
v -0.07461200 -0.31658999 0.14034006
v -0.06812400 -0.31562597 0.13127805
v 0.07136600 -0.31552798 0.13051605
v 0.08061400 -0.31415198 0.12468706
v 0.07361000 -0.31589696 0.13481906
v 0.06716000 -0.31522898 0.12688705
v 0.07534600 -0.31591797 0.13974106
v 0.07534600 -0.31591797 0.13974106
v 0.07285400 -0.31549698 0.16321605
v 0.07393800 -0.31447598 0.16168606
v 0.07398700 -0.31322897 0.16114406
v -0.07431500 -0.31554598 0.16568505
v -0.07320700 -0.31652996 0.16735905
v -0.07592500 -0.31645498 0.16567106
v -0.07431500 -0.31554598 0.16568505
v -0.05923100 -0.31572498 0.12931506
v 0.05895100 -0.31540499 0.12556906
v -0.07747200 -0.31200797 0.11080306
v -0.10994200 -0.31234098 0.12683005
v -0.11768900 -0.30916898 0.11101306
v -0.10661700 -0.31025297 0.11140105
v -0.04209600 -0.31322197 0.10950206
v -0.04173600 -0.31615198 0.12830506
v 0.00399500 -0.31345497 0.10776405
v 0.00391500 -0.31652499 0.12676206
v 0.04696700 -0.31280897 0.10649406
v 0.04681700 -0.31583098 0.12572105
v 0.08073800 -0.31104998 0.10498706
v 0.04661500 -0.31046797 0.10237305
v 0.08045900 -0.30935697 0.09857405
v 0.08073800 -0.31104998 0.10498706
v 0.04696700 -0.31280897 0.10649406
v -0.12524199 -0.30365498 0.10474605
v -0.11754000 -0.30492897 0.10781905
v -0.11768900 -0.30916898 0.11101306
v -0.12698400 -0.30758898 0.10763605
v -0.10649400 -0.30619298 0.10838805
v -0.10661700 -0.31025297 0.11140105
v -0.12755100 -0.30059297 0.09694906
v -0.13002500 -0.30551599 0.09832505
v -0.12828600 -0.29763497 0.08346505
v -0.13051499 -0.30258100 0.08399205
v 0.00341300 -0.31016497 0.10300505
v 0.00399500 -0.31345497 0.10776405
v -0.04209100 -0.30986298 0.10623706
v -0.04209600 -0.31322197 0.10950206
v 0.12086900 -0.30753897 0.10278105
v 0.04603200 -0.30972297 0.09884305
v 0.00267200 -0.30903898 0.09852506
v 0.08051700 -0.30525299 0.07852205
v 0.12134200 -0.30261399 0.07794705
v 0.12086900 -0.30753897 0.10278105
v 0.08045900 -0.30935697 0.09857405
v 0.07941200 -0.29904999 0.05196205
v 0.12122500 -0.29662298 0.05230305
v 0.04603200 -0.30972297 0.09884305
v 0.04064000 -0.30543099 0.07769606
v 0.07669800 -0.29157599 0.02490405
v 0.12119400 -0.28891798 0.02526605
v 0.03767400 -0.29985999 0.05225805
v -0.00195100 -0.30501400 0.07951605
v 0.00267200 -0.30903898 0.09852506
v -0.02923000 -0.30739097 0.09788706
v -0.03537100 -0.30781497 0.10142005
v -0.02923000 -0.30739097 0.09788706
v -0.07725000 -0.30851699 0.10798706
v -0.07747200 -0.31200797 0.11080306
v -0.04210600 -0.30803497 0.10358805
v -0.10622800 -0.30460699 0.10593405
v -0.07680600 -0.30647598 0.10520105
v -0.11738600 -0.30285598 0.10559405
v -0.12325700 -0.30126698 0.10230405
v -0.12574901 -0.29914798 0.09589105
v -0.12764999 -0.29062598 0.05156205
v -0.13007000 -0.29514798 0.05177005
v -0.12642799 -0.29649697 0.08306605
v -0.12602200 -0.28995298 0.05144605
v -0.12926000 -0.28783801 0.02504705
v -0.12710400 -0.28411498 0.02494105
v -0.12556700 -0.28318500 0.02507005
v -0.12729700 -0.27768701 -0.00005495
v -0.12469300 -0.27597201 -0.00005495
v -0.14176300 -0.30872396 0.12427306
v -0.12698400 -0.30758898 0.10763605
v -0.07569000 -0.31687597 0.14727705
v -0.07569000 -0.31687597 0.14727705
v -0.11097000 -0.31474796 0.14924205
v -0.11003900 -0.31416297 0.17494605
v -0.07159100 -0.30689697 0.25200706
v -0.07262100 -0.31185197 0.22458206
v -0.05580900 -0.31058695 0.23571105
v -0.10750100 -0.30964996 0.22626006
v -0.14282300 -0.31168196 0.15103106
v -0.07592500 -0.31645498 0.16567106
v 0.07344900 -0.31490699 0.13992506
v 0.07223800 -0.31498197 0.13510106
v 0.07361000 -0.31589696 0.13481906
v 0.07015900 -0.31470296 0.13113506
v 0.07136600 -0.31552798 0.13051605
v 0.07026100 -0.31178797 0.13125705
v 0.07015900 -0.31470296 0.13113506
v 0.07223800 -0.31498197 0.13510106
v 0.07219600 -0.31206197 0.13519905
v 0.06686700 -0.31439198 0.12832605
v 0.06716000 -0.31522898 0.12688705
v 0.06706800 -0.31156898 0.12842506
v 0.06686700 -0.31439198 0.12832605
v 0.05815200 -0.31454498 0.12724706
v 0.05895100 -0.31540499 0.12556906
v 0.05919800 -0.31167097 0.12724806
v 0.05815200 -0.31454498 0.12724706
v 0.04655700 -0.31445799 0.12724106
v 0.04681700 -0.31583098 0.12572105
v 0.07398700 -0.31322897 0.16114406
v 0.07344900 -0.31490699 0.13992506
v 0.07393800 -0.31447598 0.16168606
v 0.07351000 -0.31201497 0.14025406
v 0.07398700 -0.31157196 0.16112506
v 0.00435500 -0.31575499 0.12842105
v 0.00391500 -0.31652499 0.12676206
v 0.04766800 -0.31205998 0.12722705
v 0.04655700 -0.31445799 0.12724106
v 0.00504400 -0.31278599 0.12840005
v 0.00435500 -0.31575499 0.12842105
v -0.04134000 -0.31511397 0.12977606
v -0.04173600 -0.31615198 0.12830506
v -0.04153500 -0.31237996 0.12979005
v -0.04134000 -0.31511397 0.12977606
v -0.05910500 -0.31493396 0.13069705
v -0.05923100 -0.31572498 0.12931506
v -0.06712400 -0.31482098 0.13224406
v -0.06812400 -0.31562597 0.13127805
v -0.05944300 -0.31205497 0.13072106
v -0.05910500 -0.31493396 0.13069705
v -0.06787000 -0.31193597 0.13269406
v -0.06712400 -0.31482098 0.13224406
v -0.07405300 -0.31451598 0.16530306
v -0.07392900 -0.31596098 0.14738306
v -0.07405300 -0.31451598 0.16530306
v -0.07431500 -0.31554598 0.16568505
v -0.07386600 -0.31296298 0.14718106
v -0.07422600 -0.31260598 0.16525405
v -0.07321900 -0.31575698 0.14110605
v -0.07392900 -0.31596098 0.14738306
v -0.07461200 -0.31658999 0.14034006
v -0.07321900 -0.31575698 0.14110605
v -0.07316600 -0.31278697 0.14101305
v -0.07128200 -0.31512097 0.13602006
v -0.07238500 -0.31595997 0.13483305
v -0.07128200 -0.31512097 0.13602006
v -0.07142500 -0.31219099 0.13621506
v -0.14262700 -0.30928698 0.20220005
v -0.14235701 -0.30635097 0.22744606
v -0.14155599 -0.30491595 0.23738506
v -0.14325500 -0.30526697 0.22757005
v -0.14360300 -0.30817496 0.20232905
v -0.14262700 -0.30928698 0.20220005
v -0.14235701 -0.30635097 0.22744606
v -0.14251800 -0.30379595 0.23750205
v -0.14155599 -0.30491595 0.23738506
v -0.13914800 -0.30272795 0.24723705
v -0.13829200 -0.30353995 0.24679605
v -0.12994801 -0.30375995 0.25108405
v -0.13829200 -0.30353995 0.24679605
v -0.10858800 -0.30508797 0.25158205
v -0.12994801 -0.30375995 0.25108405
v -0.12986401 -0.30294295 0.25197106
v -0.10822300 -0.30406995 0.25241404
v -0.10858800 -0.30508797 0.25158205
v -0.07141000 -0.30635394 0.25220304
v -0.07159100 -0.30689697 0.25200706
v 0.04997400 -0.30728196 0.24769605
v -0.03451200 -0.30750497 0.25148704
v -0.03425400 -0.30826797 0.25081604
v 0.08696800 -0.30547194 0.24494805
v 0.04972100 -0.30660696 0.24836805
v 0.04997400 -0.30728196 0.24769605
v 0.08669900 -0.30459596 0.24572305
v 0.08696800 -0.30547194 0.24494805
v 0.12701000 -0.30334597 0.23801106
v 0.12053000 -0.30350097 0.24241806
v 0.12061800 -0.30273296 0.24310205
v 0.12053000 -0.30350097 0.24241806
v 0.12750000 -0.30218597 0.23855106
v 0.12701000 -0.30334597 0.23801106
v 0.13161001 -0.30610397 0.21657106
v 0.13101999 -0.30428897 0.23079205
v 0.13101999 -0.30428897 0.23079205
v 0.13176300 -0.30319195 0.23098805
v 0.13266900 -0.30878695 0.19195406
v 0.13300200 -0.30523296 0.21682505
v 0.13161001 -0.30610397 0.21657106
v 0.13400400 -0.31047797 0.15815305
v 0.13407700 -0.30772996 0.19219505
v 0.13266900 -0.30878695 0.19195406
v 0.13507400 -0.30981598 0.12482906
v 0.13523300 -0.30938098 0.15836505
v 0.13400400 -0.31047797 0.15815305
v 0.13614701 -0.30131699 0.07814305
v 0.13626599 -0.30873997 0.12524506
v 0.13507400 -0.30981598 0.12482906
v 0.13652600 -0.29515200 0.05238605
v 0.13751100 -0.30023398 0.07853705
v 0.13614701 -0.30131699 0.07814305
v 0.13726000 -0.28720098 0.02494105
v 0.13804600 -0.29421299 0.05270605
v 0.13652600 -0.29515200 0.05238605
v 0.13847800 -0.28625598 0.02543305
v 0.13726000 -0.28720098 0.02494105
v -0.14339200 -0.31075096 0.15107105
v -0.14282300 -0.31168196 0.15103106
v -0.14094700 -0.30133598 0.08407405
v -0.13002500 -0.30551599 0.09832505
v -0.13051499 -0.30258100 0.08399205
v -0.13959400 -0.29379999 0.05103505
v -0.13007000 -0.29514798 0.05177005
v -0.14282100 -0.30766798 0.12469305
v -0.14176300 -0.30872396 0.12427306
v -0.14157601 -0.30040599 0.08443406
v -0.14094700 -0.30133598 0.08407405
v -0.13816001 -0.28659200 0.02441905
v -0.12926000 -0.28783801 0.02504705
v -0.14029700 -0.29284599 0.05148005
v -0.13959400 -0.29379999 0.05103505
v -0.13913999 -0.28557801 0.02490405
v -0.13816001 -0.28659200 0.02441905
v -0.12860900 -0.28013501 0.00065805
v -0.13725200 -0.27902800 0.00059305
v -0.12860900 -0.28013501 0.00065805
v -0.13702500 -0.27814499 -0.00008095
v -0.12832201 -0.27925399 -0.00007695
v -0.13805300 -0.27813899 0.00104305
v -0.13725200 -0.27902800 0.00059305
v -0.13783000 -0.27799201 0.00030805
v -0.13702500 -0.27814499 -0.00008095
v 0.13872001 -0.27784500 0.00098105
v 0.13762601 -0.27894700 0.00070105
v 0.12094400 -0.28073499 0.00075905
v 0.13762601 -0.27894700 0.00070105
v 0.13749100 -0.27798399 -0.00008395
v 0.13834400 -0.27786899 0.00015105
v 0.11216200 -0.28150600 0.00040305
v 0.12101600 -0.27974701 -0.00007995
v 0.13749100 -0.27798399 -0.00008395
v 0.11212800 -0.28070101 -0.00008095
f 1 2 3
f 3 4 1
f 5 6 2
f 2 1 5
f 7 8 6
f 6 5 7
f 9 10 8
f 8 7 9
f 11 12 10
f 10 9 11
f 13 14 12
f 12 11 13
f 15 16 14
f 14 13 15
f 17 18 16
f 16 15 17
f 19 20 18
f 18 17 19
f 21 22 20
f 20 19 21
f 23 24 22
f 22 21 23
f 25 26 24
f 24 23 25
f 27 1 4
f 4 28 27
f 29 5 1
f 1 27 29
f 30 7 5
f 5 29 30
f 31 9 7
f 7 30 31
f 32 11 9
f 9 31 32
f 33 13 11
f 11 32 33
f 34 15 13
f 13 33 34
f 35 17 15
f 15 34 35
f 36 19 17
f 17 35 36
f 37 21 19
f 19 36 37
f 38 23 21
f 21 37 38
f 39 25 23
f 23 38 39
f 40 41 27
f 27 28 40
f 41 42 29
f 29 27 41
f 42 43 30
f 30 29 42
f 43 44 31
f 31 30 43
f 44 45 32
f 32 31 44
f 45 46 33
f 33 32 45
f 46 47 34
f 34 33 46
f 47 48 35
f 35 34 47
f 48 49 36
f 36 35 48
f 49 50 37
f 37 36 49
f 50 51 38
f 38 37 50
f 51 52 39
f 39 38 51
f 53 54 55
f 55 56 53
f 54 57 58
f 58 55 54
f 57 59 60
f 60 58 57
f 59 61 62
f 62 60 59
f 61 63 64
f 64 62 61
f 63 65 66
f 66 64 63
f 65 67 68
f 68 66 65
f 67 69 70
f 70 68 67
f 69 71 72
f 72 70 69
f 71 73 74
f 74 72 71
f 73 75 76
f 76 74 73
f 75 77 78
f 78 76 75
f 79 80 81
f 81 82 79
f 80 83 84
f 84 81 80
f 83 85 86
f 86 84 83
f 85 87 88
f 88 86 85
f 87 89 90
f 90 88 87
f 89 91 92
f 92 90 89
f 91 93 94
f 94 92 91
f 93 95 96
f 96 94 93
f 95 97 98
f 98 96 95
f 97 99 100
f 100 98 97
f 99 101 102
f 102 100 99
f 101 103 104
f 104 102 101
f 105 106 107
f 107 108 105
f 106 109 110
f 110 107 106
f 109 111 112
f 112 110 109
f 111 113 114
f 114 112 111
f 113 115 116
f 116 114 113
f 115 117 118
f 118 116 115
f 117 119 120
f 120 118 117
f 119 121 122
f 122 120 119
f 121 123 124
f 124 122 121
f 123 125 126
f 126 124 123
f 125 127 128
f 128 126 125
f 127 129 130
f 130 128 127
f 107 131 132
f 132 108 107
f 110 133 131
f 131 107 110
f 112 134 133
f 133 110 112
f 114 135 134
f 134 112 114
f 116 136 135
f 135 114 116
f 118 137 136
f 136 116 118
f 120 138 137
f 137 118 120
f 122 139 138
f 138 120 122
f 124 140 139
f 139 122 124
f 126 141 140
f 140 124 126
f 128 142 141
f 141 126 128
f 130 143 142
f 142 128 130
f 144 145 146
f 146 147 148
f 148 149 150
f 146 148 150
f 150 151 152
f 152 153 154
f 150 152 154
f 146 150 154
f 144 146 154
f 155 144 154
f 156 157 158
f 159 160 161
f 161 162 159
f 163 164 165
f 165 166 163
f 167 168 164
f 164 163 167
f 169 170 168
f 168 167 169
f 171 172 170
f 170 169 171
f 173 174 172
f 172 171 173
f 175 176 174
f 174 173 175
f 177 178 176
f 176 175 177
f 179 180 178
f 178 177 179
f 181 182 180
f 180 179 181
f 183 184 182
f 182 181 183
f 185 186 184
f 184 183 185
f 187 188 186
f 186 185 187
f 189 163 166
f 166 190 189
f 191 167 163
f 163 189 191
f 192 169 167
f 167 191 192
f 193 171 169
f 169 192 193
f 194 173 171
f 171 193 194
f 195 175 173
f 173 194 195
f 196 177 175
f 175 195 196
f 197 179 177
f 177 196 197
f 198 181 179
f 179 197 198
f 199 183 181
f 181 198 199
f 200 185 183
f 183 199 200
f 201 187 185
f 185 200 201
f 202 203 189
f 189 190 202
f 203 204 191
f 191 189 203
f 204 205 192
f 192 191 204
f 205 206 193
f 193 192 205
f 206 207 194
f 194 193 206
f 207 208 195
f 195 194 207
f 208 209 196
f 196 195 208
f 209 210 197
f 197 196 209
f 210 211 198
f 198 197 210
f 211 212 199
f 199 198 211
f 212 213 200
f 200 199 212
f 213 214 201
f 201 200 213
f 215 216 217
f 217 218 215
f 216 219 220
f 220 217 216
f 219 221 222
f 222 220 219
f 221 223 224
f 224 222 221
f 223 225 226
f 226 224 223
f 225 227 228
f 228 226 225
f 227 229 230
f 230 228 227
f 229 231 232
f 232 230 229
f 231 233 234
f 234 232 231
f 233 235 236
f 236 234 233
f 235 237 238
f 238 236 235
f 237 239 240
f 240 238 237
f 241 242 243
f 243 244 241
f 242 245 246
f 246 243 242
f 245 247 248
f 248 246 245
f 247 249 250
f 250 248 247
f 249 251 252
f 252 250 249
f 251 253 254
f 254 252 251
f 253 255 256
f 256 254 253
f 255 257 258
f 258 256 255
f 257 259 260
f 260 258 257
f 259 261 262
f 262 260 259
f 261 263 264
f 264 262 261
f 263 265 266
f 266 264 263
f 267 268 269
f 269 270 267
f 268 271 272
f 272 269 268
f 271 273 274
f 274 272 271
f 273 275 276
f 276 274 273
f 275 277 278
f 278 276 275
f 277 279 280
f 280 278 277
f 279 281 282
f 282 280 279
f 281 283 284
f 284 282 281
f 283 285 286
f 286 284 283
f 285 287 288
f 288 286 285
f 287 289 290
f 290 288 287
f 289 291 292
f 292 290 289
f 269 293 294
f 294 270 269
f 272 295 293
f 293 269 272
f 274 296 295
f 295 272 274
f 276 297 296
f 296 274 276
f 278 298 297
f 297 276 278
f 280 299 298
f 298 278 280
f 282 300 299
f 299 280 282
f 284 301 300
f 300 282 284
f 286 302 301
f 301 284 286
f 288 303 302
f 302 286 288
f 290 304 303
f 303 288 290
f 292 305 304
f 304 290 292
f 306 307 308
f 308 309 310
f 310 311 312
f 308 310 312
f 312 313 314
f 314 315 316
f 312 314 316
f 308 312 316
f 306 308 316
f 317 306 316
f 318 319 320
f 321 322 323
f 323 324 321
f 325 326 322
f 322 321 325
f 325 327 326
f 324 323 328
f 328 329 324
f 329 328 320
f 320 319 329
f 162 161 330
f 330 331 162
f 331 330 158
f 158 157 331
f 332 333 160
f 160 159 332
f 332 334 333
f 335 336 337
f 337 338 335
f 336 339 340
f 341 342 337
f 343 341 337
f 344 343 337
f 340 344 337
f 336 340 337
f 345 346 347
f 347 348 345
f 348 347 349
f 349 350 348
f 350 349 351
f 351 352 350
f 352 351 353
f 353 354 352
f 354 353 355
f 355 356 354
f 356 355 357
f 357 358 356
f 359 360 361
f 361 362 359
f 362 361 363
f 363 364 362
f 364 363 365
f 365 366 364
f 366 365 367
f 367 368 366
f 368 367 369
f 369 370 368
f 370 369 371
f 371 372 370
f 373 374 375
f 375 376 373
f 377 373 376
f 376 378 377
f 379 377 378
f 378 380 379
f 381 379 380
f 380 382 381
f 383 381 382
f 382 384 383
f 385 383 384
f 384 386 385
f 387 388 389
f 389 390 387
f 391 387 390
f 390 392 391
f 393 391 392
f 392 394 393
f 395 393 394
f 394 396 395
f 397 395 396
f 396 398 397
f 399 397 398
f 398 400 399
f 401 402 376
f 376 375 401
f 402 403 378
f 378 376 402
f 403 404 380
f 380 378 403
f 404 405 382
f 382 380 404
f 405 406 384
f 384 382 405
f 406 407 386
f 386 384 406
f 408 409 390
f 390 389 408
f 409 410 392
f 392 390 409
f 410 411 394
f 394 392 410
f 411 412 396
f 396 394 411
f 412 413 398
f 398 396 412
f 413 414 400
f 400 398 413
f 415 416 417
f 417 418 415
f 418 417 419
f 419 420 418
f 420 419 421
f 421 422 420
f 422 421 343
f 343 344 422
f 423 424 425
f 426 427 428
f 424 429 430
f 430 425 424
f 430 431 426
f 426 428 430
f 430 428 425
f 432 433 434
f 435 436 437
f 438 439 434
f 434 433 438
f 439 440 435
f 435 437 439
f 439 437 434
f 335 338 441
f 441 442 335
f 441 443 444
f 441 444 445
f 441 445 446
f 441 446 447
f 442 441 447
f 442 447 448
f 449 450 451
f 451 452 449
f 450 453 454
f 454 451 450
f 453 455 456
f 456 454 453
f 455 457 458
f 458 456 455
f 457 459 460
f 460 458 457
f 459 461 462
f 462 460 459
f 463 464 465
f 465 466 463
f 464 467 468
f 468 465 464
f 467 469 470
f 470 468 467
f 469 471 472
f 472 470 469
f 471 473 474
f 474 472 471
f 473 475 476
f 476 474 473
f 477 478 479
f 479 480 477
f 481 482 478
f 478 477 481
f 483 484 482
f 482 481 483
f 485 486 484
f 484 483 485
f 487 488 486
f 486 485 487
f 489 490 488
f 488 487 489
f 491 492 493
f 493 494 491
f 495 496 492
f 492 491 495
f 497 498 496
f 496 495 497
f 499 500 498
f 498 497 499
f 501 502 500
f 500 499 501
f 503 504 502
f 502 501 503
f 505 479 478
f 478 506 505
f 506 478 482
f 482 507 506
f 507 482 484
f 484 508 507
f 508 484 486
f 486 509 508
f 509 486 488
f 488 510 509
f 510 488 490
f 490 511 510
f 512 493 492
f 492 513 512
f 513 492 496
f 496 514 513
f 514 496 498
f 498 515 514
f 515 498 500
f 500 516 515
f 516 500 502
f 502 517 516
f 517 502 504
f 504 518 517
f 519 520 521
f 521 522 519
f 520 523 524
f 524 521 520
f 523 525 526
f 526 524 523
f 525 446 445
f 445 526 525
f 527 528 529
f 530 531 532
f 529 528 533
f 533 534 529
f 533 531 530
f 530 535 533
f 533 528 531
f 536 537 538
f 539 540 541
f 542 538 537
f 537 543 542
f 543 540 539
f 539 544 543
f 543 537 540
f 545 546 547
f 547 548 545
f 549 545 548
f 548 550 549
f 551 549 550
f 550 552 551
f 553 551 552
f 552 554 553
f 555 553 554
f 554 556 555
f 557 558 559
f 559 560 557
f 557 561 562
f 562 558 557
f 561 555 556
f 556 562 561
f 563 564 565
f 566 561 557
f 557 565 566
f 565 557 560
f 560 563 565
f 566 564 567
f 565 564 566
f 566 567 568
f 568 569 566
f 555 561 566
f 566 570 555
f 570 566 569
f 569 571 570
f 553 555 570
f 570 572 553
f 572 570 571
f 571 573 572
f 551 553 572
f 572 574 551
f 574 572 573
f 573 575 574
f 549 551 574
f 574 576 549
f 576 574 575
f 575 577 576
f 545 549 576
f 576 578 545
f 578 576 577
f 577 579 578
f 546 545 578
f 578 580 546
f 580 578 579
f 579 581 580
f 582 580 581
f 581 583 582
f 584 547 546
f 546 585 584
f 585 546 580
f 580 582 585
f 586 585 582
f 582 587 586
f 588 587 589
f 587 582 583
f 583 589 587
f 590 591 592
f 592 593 590
f 593 592 594
f 594 595 593
f 596 590 593
f 593 597 596
f 597 593 595
f 595 598 597
f 599 596 597
f 597 600 599
f 600 597 598
f 598 601 600
f 602 599 600
f 600 603 602
f 603 600 601
f 601 604 603
f 589 602 605
f 605 602 603
f 605 603 604
f 604 606 605
f 589 605 588
f 588 605 606
f 606 607 588
f 587 588 586
f 586 588 607
f 607 608 586
f 609 584 585
f 585 586 609
f 609 586 608
f 608 610 609
f 611 612 613
f 589 583 613
f 613 614 589
f 602 589 614
f 614 615 602
f 599 602 615
f 615 616 599
f 596 599 616
f 616 617 596
f 590 596 617
f 617 618 590
f 591 590 618
f 618 619 591
f 620 619 618
f 618 621 620
f 621 618 617
f 617 622 621
f 622 617 616
f 616 623 622
f 623 616 624
f 624 616 625
f 625 616 615
f 615 626 625
f 627 614 613
f 613 612 627
f 628 615 614
f 614 627 628
f 626 615 628
f 629 613 583
f 583 581 629
f 630 629 581
f 581 579 630
f 631 630 579
f 579 577 631
f 632 631 577
f 577 575 632
f 633 569 568
f 568 634 633
f 634 635 636
f 637 634 636
f 638 633 634
f 634 637 638
f 639 633 638
f 640 633 639
f 639 641 640
f 571 569 633
f 633 640 571
f 640 641 642
f 573 571 640
f 640 643 573
f 643 640 642
f 642 644 643
f 643 632 575
f 575 573 643
f 645 632 643
f 643 646 645
f 646 643 647
f 647 643 644
f 648 630 631
f 631 649 648
f 649 631 632
f 632 645 649
f 650 613 629
f 629 651 650
f 611 613 650
f 651 629 630
f 630 648 651
f 652 653 559
f 559 558 652
f 654 652 558
f 558 562 654
f 655 654 562
f 562 556 655
f 656 655 556
f 556 554 656
f 657 656 554
f 554 552 657
f 658 657 552
f 552 550 658
f 659 658 550
f 550 548 659
f 660 659 548
f 548 547 660
f 661 660 547
f 547 584 661
f 662 652 663
f 664 663 652
f 652 654 664
f 665 664 654
f 654 655 665
f 666 665 655
f 655 656 666
f 667 666 656
f 656 657 667
f 668 661 584
f 584 609 668
f 669 661 668
f 660 661 669
f 669 670 660
f 659 660 670
f 670 671 659
f 658 659 671
f 671 672 658
f 672 667 657
f 657 658 672
f 673 674 665
f 665 666 673
f 675 673 666
f 666 667 675
f 676 675 667
f 667 672 676
f 677 676 672
f 672 671 677
f 678 677 671
f 671 670 678
f 670 669 679
f 679 678 670
f 680 681 673
f 673 675 680
f 682 680 675
f 675 676 682
f 683 682 676
f 676 677 683
f 684 683 677
f 677 678 684
f 684 685 686
f 687 668 609
f 609 610 687
f 684 678 679
f 679 685 684
f 685 679 669
f 669 668 685
f 685 668 687
f 687 688 685
f 689 686 685
f 685 688 689
f 690 691 692
f 692 693 690
f 694 690 693
f 693 695 694
f 696 694 695
f 695 697 696
f 698 697 681
f 681 680 698
f 699 696 697
f 697 698 699
f 700 698 680
f 680 682 700
f 701 699 698
f 698 700 701
f 702 700 682
f 682 683 702
f 703 701 700
f 700 702 703
f 683 684 686
f 686 702 683
f 702 686 689
f 689 703 702
f 704 705 663
f 663 664 704
f 706 705 704
f 664 665 674
f 674 704 664
f 704 674 707
f 707 706 704
f 695 693 706
f 706 707 695
f 674 673 681
f 681 707 674
f 707 681 697
f 697 695 707
f 662 663 708
f 708 663 705
f 705 709 708
f 710 708 709
f 709 711 710
f 712 709 705
f 705 706 712
f 713 711 709
f 709 712 713
f 714 715 716
f 716 717 714
f 718 714 717
f 717 719 718
f 720 721 722
f 722 723 720
f 718 719 721
f 721 720 718
f 724 723 722
f 722 725 724
f 726 724 725
f 725 727 726
f 728 653 652
f 652 662 728
f 729 726 727
f 727 728 729
f 728 662 708
f 728 708 710
f 710 729 728
f 730 716 715
f 715 731 730
f 706 693 692
f 692 730 706
f 712 706 730
f 731 713 712
f 712 730 731
f 732 733 734
f 734 735 732
f 736 737 733
f 733 732 736
f 738 739 737
f 737 736 738
f 740 741 739
f 739 738 740
f 742 743 741
f 741 740 742
f 744 745 746
f 746 747 744
f 744 747 748
f 748 749 744
f 749 748 743
f 743 742 749
f 750 751 752
f 753 751 744
f 744 749 753
f 751 750 745
f 745 744 751
f 753 754 752
f 751 753 752
f 753 755 756
f 756 754 753
f 742 757 753
f 753 749 742
f 757 758 755
f 755 753 757
f 740 759 757
f 757 742 740
f 759 760 758
f 758 757 759
f 738 761 759
f 759 740 738
f 761 762 760
f 760 759 761
f 736 763 761
f 761 738 736
f 763 764 762
f 762 761 763
f 732 765 763
f 763 736 732
f 765 766 764
f 764 763 765
f 735 767 765
f 765 732 735
f 767 768 766
f 766 765 767
f 769 770 768
f 768 767 769
f 771 772 735
f 735 734 771
f 772 769 767
f 767 735 772
f 773 774 769
f 769 772 773
f 775 776 774
f 774 776 770
f 770 769 774
f 777 778 592
f 592 591 777
f 778 779 594
f 594 592 778
f 780 781 778
f 778 777 780
f 781 782 779
f 779 778 781
f 783 784 781
f 781 780 783
f 784 785 782
f 782 781 784
f 786 787 784
f 784 783 786
f 787 788 785
f 785 784 787
f 776 789 786
f 789 787 786
f 789 790 788
f 788 787 789
f 776 775 789
f 775 791 790
f 790 789 775
f 774 773 775
f 773 792 791
f 791 775 773
f 793 773 772
f 772 771 793
f 793 794 792
f 792 773 793
f 795 796 797
f 776 798 796
f 796 770 776
f 786 799 798
f 798 776 786
f 783 800 799
f 799 786 783
f 780 801 800
f 800 783 780
f 777 802 801
f 801 780 777
f 591 619 802
f 802 777 591
f 620 803 802
f 802 619 620
f 803 804 801
f 801 802 803
f 804 805 800
f 800 801 804
f 805 806 800
f 806 807 800
f 807 808 799
f 799 800 807
f 809 797 796
f 796 798 809
f 810 809 798
f 798 799 810
f 808 810 799
f 811 768 770
f 770 796 811
f 812 766 768
f 768 811 812
f 813 764 766
f 766 812 813
f 814 762 764
f 764 813 814
f 815 816 756
f 756 755 815
f 816 817 818
f 819 817 816
f 820 819 816
f 816 815 820
f 821 820 815
f 822 823 821
f 821 815 822
f 758 822 815
f 815 755 758
f 822 824 823
f 760 825 822
f 822 758 760
f 825 826 824
f 824 822 825
f 825 760 762
f 762 814 825
f 827 828 825
f 825 814 827
f 828 829 825
f 829 826 825
f 830 831 813
f 813 812 830
f 831 827 814
f 814 813 831
f 832 833 811
f 811 796 832
f 795 832 796
f 833 830 812
f 812 811 833
f 834 734 733
f 733 835 834
f 836 771 734
f 734 834 836
f 837 793 771
f 771 836 837
f 838 837 836
f 834 839 838
f 838 836 834
f 839 840 841
f 841 838 839
f 842 843 844
f 845 794 793
f 793 837 845
f 842 844 841
f 841 840 842
f 844 837 838
f 838 841 844
f 844 846 845
f 845 837 844
f 847 846 844
f 844 843 847
f 848 849 850
f 850 851 848
f 852 853 850
f 850 849 852
f 854 855 856
f 856 857 854
f 858 859 855
f 855 854 858
f 860 861 862
f 862 863 860
f 858 860 863
f 863 859 858
f 864 865 862
f 862 861 864
f 866 867 865
f 865 864 866
f 868 869 867
f 867 866 868
f 869 851 870
f 869 868 848
f 848 851 869
f 871 872 857
f 857 856 871
f 872 871 853
f 853 852 872
f 873 874 875
f 875 876 873
f 877 878 874
f 874 873 877
f 873 876 879
f 879 880 873
f 877 873 880
f 880 881 877
f 882 880 879
f 879 883 882
f 884 881 880
f 880 882 884
f 882 883 885
f 885 886 882
f 884 882 886
f 886 887 884
f 888 886 885
f 885 889 888
f 890 887 886
f 886 888 890
f 888 889 891
f 891 892 888
f 890 888 892
f 892 893 890
f 894 892 891
f 891 895 894
f 896 893 892
f 892 894 896
f 894 895 897
f 897 898 894
f 896 894 898
f 898 899 896
f 900 898 897
f 897 901 900
f 902 899 898
f 898 900 902
f 900 901 903
f 903 904 900
f 902 900 904
f 904 905 902
f 904 903 906
f 906 907 904
f 905 904 907
f 907 908 905
f 907 906 909
f 909 910 907
f 908 907 910
f 910 911 908
f 910 909 912
f 912 913 910
f 911 910 913
f 913 914 911
f 915 913 912
f 912 916 915
f 917 914 913
f 913 915 917
f 915 916 918
f 918 919 915
f 917 915 919
f 919 920 917
f 921 919 918
f 918 922 921
f 923 920 919
f 919 921 923
f 921 922 924
f 924 925 921
f 923 921 925
f 925 926 923
f 927 925 924
f 924 928 927
f 929 926 925
f 925 927 929
f 930 927 928
f 928 931 930
f 932 929 927
f 927 930 932
f 930 931 933
f 933 934 930
f 932 930 934
f 934 935 932
f 936 934 933
f 933 937 936
f 938 935 934
f 934 936 938
f 936 937 939
f 939 940 936
f 938 936 940
f 940 941 938
f 942 940 939
f 939 943 942
f 942 943 875
f 875 874 942
f 944 942 874
f 874 878 944
f 944 941 940
f 940 942 944
f 945 871 946
f 946 947 945
f 935 938 948
f 948 949 935
f 932 935 949
f 949 950 932
f 951 929 932
f 932 950 951
f 926 929 951
f 951 952 926
f 923 926 952
f 952 953 923
f 954 920 923
f 923 953 954
f 917 920 954
f 954 955 917
f 908 911 956
f 956 957 908
f 958 959 902
f 902 905 958
f 905 908 957
f 957 958 905
f 899 902 959
f 959 960 899
f 896 899 960
f 960 961 896
f 962 893 896
f 896 961 962
f 890 893 962
f 962 963 890
f 964 965 884
f 884 887 964
f 887 890 963
f 963 964 887
f 966 878 877
f 877 967 966
f 944 878 966
f 966 968 944
f 969 948 938
f 938 941 969
f 941 944 968
f 968 969 941
f 947 946 970
f 970 971 947
f 972 973 974
f 975 835 733
f 733 737 975
f 976 977 978
f 979 847 843
f 843 980 979
f 981 956 911
f 911 914 981
f 914 917 955
f 955 981 914
f 978 977 982
f 982 983 978
f 984 985 983
f 983 986 984
f 983 982 987
f 987 986 983
f 842 840 984
f 984 988 842
f 988 984 986
f 986 989 988
f 980 843 842
f 842 988 980
f 989 990 980
f 980 988 989
f 991 992 990
f 990 989 991
f 989 986 987
f 987 991 989
f 985 835 975
f 975 978 983
f 983 985 975
f 839 834 835
f 835 985 839
f 984 840 839
f 839 985 984
f 993 975 737
f 737 739 993
f 994 978 975
f 975 993 994
f 994 995 976
f 976 978 994
f 996 993 739
f 739 741 996
f 997 994 993
f 993 996 997
f 998 995 994
f 994 997 998
f 999 998 997
f 1000 996 741
f 741 743 1000
f 1001 997 996
f 996 1000 1001
f 1001 1002 999
f 999 997 1001
f 747 746 1003
f 1003 1004 747
f 1004 1003 869
f 869 870 1004
f 748 747 1004
f 1004 1005 748
f 1005 1000 743
f 743 748 1005
f 1006 1001 1000
f 1000 1005 1006
f 1007 1002 1001
f 1001 1006 1007
f 1008 1007 1006
f 1009 1010 1011
f 1012 1013 1014
f 1014 1015 1012
f 1016 1011 1013
f 1013 1012 1016
f 1016 1017 1009
f 1009 1011 1016
f 1018 947 971
f 971 1019 1018
f 1020 974 947
f 947 1018 1020
f 1019 1014 1013
f 1013 1018 1019
f 1018 1013 1011
f 1011 1020 1018
f 1020 1021 972
f 972 974 1020
f 1011 1010 1021
f 1021 1020 1011
f 853 871 945
f 945 1022 850
f 850 853 945
f 945 947 974
f 974 1023 945
f 974 973 1024
f 1024 1023 974
f 1025 1012 1015
f 1015 1026 1025
f 1027 1016 1012
f 1012 1025 1027
f 1026 979 980
f 980 1025 1026
f 1025 980 990
f 990 1027 1025
f 1028 1017 1016
f 1016 1027 1028
f 1027 990 992
f 992 1029 1027
f 1029 1028 1027
f 1030 1004 870
f 1031 967 877
f 877 881 1031
f 881 884 965
f 965 1031 881
f 1032 1033 1008
f 1008 1006 1032
f 1032 1006 1005
f 1005 1004 1032
f 1034 1023 1024
f 1024 1035 1034
f 1022 945 1023
f 1023 1034 1022
f 1036 1032 1004
f 1004 1030 1036
f 1030 870 851
f 851 850 1022
f 1022 1030 851
f 1030 1022 1034
f 1034 1036 1030
f 1037 1033 1032
f 1032 1036 1037
f 1034 1035 1037
f 1037 1036 1034
f 1038 1039 1040
f 1040 1041 1038
f 1039 1042 1043
f 1043 1040 1039
f 1044 1045 1046
f 1046 1047 1044
f 1045 1048 1049
f 1049 1046 1045
f 1048 1050 1051
f 1051 1049 1048
f 1050 1052 1053
f 1053 1051 1050
f 1052 1054 1055
f 1055 1053 1052
f 1054 1056 1057
f 1057 1055 1054
f 1056 1058 1059
f 1059 1057 1056
f 1058 1060 1061
f 1061 1059 1058
f 1060 1062 1063
f 1063 1061 1060
f 1062 1038 1041
f 1041 1063 1062
f 1064 1065 1066
f 1066 1067 1064
f 1068 1069 1066
f 1066 1065 1068
f 1070 1071 1064
f 1064 1067 1070
f 1070 1072 1071
f 1073 1074 1069
f 1069 1068 1073
f 1073 1075 1074
f 1076 1077 1078
f 1078 1079 1076
f 1080 1076 1079
f 1079 1081 1080
f 1082 1083 1084
f 1084 1085 1082
f 1081 1086 1087
f 1087 1080 1081
f 1088 1082 1085
f 1085 1089 1088
f 1089 1090 1091
f 1091 1088 1089
f 1082 1088 1092
f 1092 1093 1082
f 1093 1094 1083
f 1083 1082 1093
f 1095 1078 1077
f 1077 1096 1095
f 1097 1098 1099
f 1099 1100 1097
f 1101 1099 1098
f 1098 1102 1101
f 1103 1104 1105
f 1105 1106 1103
f 1106 1101 1102
f 1102 1103 1106
f 1107 1108 1109
f 1109 1110 1107
f 1110 1095 1096
f 1096 1107 1110
f 1111 1097 1100
f 1100 1112 1111
f 1112 1109 1108
f 1108 1111 1112
f 1113 1114 1115
f 1115 1116 1113
f 1117 1113 1116
f 1116 1118 1117
f 1119 1117 1118
f 1118 1120 1119
f 1121 1119 1120
f 1120 1122 1121
f 1123 1121 1122
f 1122 1124 1123
f 1125 1123 1124
f 1124 1126 1125
f 1127 1125 1126
f 1126 1128 1127
f 1128 1105 1104
f 1104 1127 1128
f 1129 1130 1131
f 1132 1115 1114
f 1114 1133 1132
f 1134 1132 1133
f 1133 1135 1134
f 1134 1135 1136
f 1136 1137 1134
f 1137 1136 1138
f 1138 1139 1137
f 1139 1138 1140
f 1140 1141 1139
f 1141 1140 1142
f 1142 1143 1141
f 1143 1142 1144
f 1144 1145 1143
f 1145 1144 1146
f 1146 1147 1145
f 1147 1146 1148
f 1148 1149 1147
f 1149 1148 1150
f 1150 1151 1149
f 1151 1150 1152
f 1152 1153 1151
f 1153 1152 1154
f 1154 1155 1153
f 1156 1157 1158
f 1158 1159 1156
f 1160 1156 1159
f 1159 1161 1160
f 1162 1160 1161
f 1161 1163 1162
f 1164 1162 1163
f 1163 1165 1164
f 1166 1164 1165
f 1165 1167 1166
f 1168 1166 1167
f 1167 1169 1168
f 1155 1154 1168
f 1168 1169 1155
f 1170 1171 1172
f 1173 1174 1170
f 1170 1172 1173
f 1175 1176 1177
f 1177 1176 1178
f 1178 1179 1180
f 1180 1177 1178
f 1180 1179 1181
f 1181 1182 1180
f 1180 1182 1183
f 1180 1183 1174
f 1174 1173 1180
f 1092 1088 1091
f 1091 1184 1092
f 1185 1186 1175
f 1184 1091 1185
f 1185 1091 1090
f 1090 1186 1185
f 1175 1177 1185
f 1187 1184 1185
f 1188 1189 1190
f 1190 1191 1188
f 1192 1193 1194
f 1194 1195 1192
f 1196 1192 1195
f 1195 1197 1196
f 1197 1190 1189
f 1189 1196 1197
f 1198 1196 1189
f 1189 1199 1198
f 1200 1201 1202
f 1202 1193 1200
f 1203 1200 1193
f 1193 1192 1203
f 1203 1192 1196
f 1203 1196 1198
f 1204 1205 1194
f 1206 1204 1194
f 1194 1193 1202
f 1202 1206 1194
f 1207 1208 1209
f 1209 1210 1207
f 1211 1212 1208
f 1208 1207 1211
f 1207 1213 1214
f 1214 1211 1207
f 1210 1215 1213
f 1213 1207 1210
f 1211 1214 1205
f 1205 1204 1211
f 1204 1206 1212
f 1212 1211 1204
f 1216 1209 1208
f 1208 1217 1216
f 1217 1208 1212
f 1212 1201 1217
f 1218 1216 1217
f 1201 1212 1206
f 1206 1202 1201
f 1219 1218 1217
f 1217 1220 1219
f 1221 1219 1220
f 1222 1201 1200
f 1223 1224 1225
f 1223 1225 1221
f 1221 1220 1223
f 1223 1220 1222
f 1220 1217 1201
f 1201 1222 1220
f 1226 1224 1223
f 1223 1227 1226
f 1227 1228 1226
f 1229 1222 1200
f 1200 1203 1229
f 1230 1228 1227
f 1227 1231 1230
f 1231 1227 1229
f 1231 1232 1230
f 1227 1223 1222
f 1222 1229 1227
f 1233 1234 1235
f 1233 1235 1232
f 1232 1231 1233
f 1233 1231 1229
f 1229 1236 1233
f 1236 1229 1203
f 1237 1234 1233
f 1233 1238 1237
f 1238 1233 1236
f 1236 1239 1238
f 1238 1240 1237
f 1241 1242 1243
f 1243 1244 1241
f 1245 1240 1238
f 1238 1241 1245
f 1241 1244 1245
f 1246 1243 1242
f 1242 1247 1246
f 1248 1246 1247
f 1247 1249 1248
f 1250 1248 1249
f 1130 1250 1249
f 1249 1131 1130
f 1172 1171 1129
f 1129 1131 1172
f 1131 1249 1251
f 1185 1177 1187
f 1187 1177 1180
f 1252 1187 1180
f 1180 1173 1252
f 1173 1172 1252
f 1252 1172 1131
f 1131 1251 1252
f 1253 1254 1255
f 1236 1203 1256
f 1257 1188 1191
f 1191 1258 1257
f 1199 1189 1188
f 1188 1259 1199
f 1260 1253 1255
f 1255 1261 1260
f 1262 1260 1261
f 1261 1263 1262
f 1263 1257 1258
f 1258 1262 1263
f 1264 1257 1263
f 1263 1261 1265
f 1265 1266 1263
f 1263 1266 1267
f 1267 1264 1263
f 1259 1188 1257
f 1257 1264 1259
f 1256 1198 1199
f 1203 1198 1256
f 1199 1259 1256
f 1256 1259 1264
f 1264 1267 1256
f 1256 1239 1236
f 1241 1238 1239
f 1239 1268 1241
f 1242 1241 1268
f 1268 1269 1242
f 1247 1242 1269
f 1269 1270 1247
f 1270 1251 1249
f 1249 1247 1270
f 1271 1251 1270
f 1269 1272 1271
f 1271 1270 1269
f 1255 1254 1271
f 1271 1273 1255
f 1273 1271 1272
f 1265 1261 1255
f 1255 1273 1265
f 1272 1256 1267
f 1267 1273 1272
f 1273 1267 1266
f 1266 1265 1273
f 1268 1239 1256
f 1256 1272 1268
f 1269 1268 1272
f 1274 1275 1187
f 1187 1252 1274
f 1252 1251 1271
f 1271 1274 1252
f 1276 1277 1092
f 1092 1184 1276
f 1276 1184 1187
f 1187 1275 1276
f 1278 1271 1254
f 1279 1277 1276
f 1276 1278 1279
f 1093 1092 1277
f 1277 1279 1093
f 1280 1094 1093
f 1093 1279 1280
f 1279 1278 1280
f 1276 1275 1274
f 1274 1278 1276
f 1281 1282 1283
f 1283 1284 1281
f 1285 1286 1282
f 1282 1281 1285
f 1287 1288 1084
f 1084 1083 1287
f 1286 1285 1087
f 1087 1086 1286
f 1289 1290 1288
f 1288 1287 1289
f 1290 1289 1291
f 1291 1292 1290
f 1287 1293 1294
f 1294 1289 1287
f 1293 1287 1083
f 1083 1094 1293
f 1295 1296 1284
f 1284 1283 1295
f 1297 1298 1299
f 1299 1300 1297
f 1301 1302 1300
f 1300 1299 1301
f 1303 1304 1305
f 1305 1306 1303
f 1304 1303 1302
f 1302 1301 1304
f 1307 1308 1309
f 1309 1310 1307
f 1308 1307 1296
f 1296 1295 1308
f 1311 1312 1298
f 1298 1297 1311
f 1312 1311 1310
f 1310 1309 1312
f 1313 1314 1315
f 1315 1316 1313
f 1317 1318 1314
f 1314 1313 1317
f 1319 1320 1318
f 1318 1317 1319
f 1321 1322 1320
f 1320 1319 1321
f 1323 1324 1322
f 1322 1321 1323
f 1325 1326 1324
f 1324 1323 1325
f 1327 1328 1326
f 1326 1325 1327
f 1328 1327 1306
f 1306 1305 1328
f 1329 1330 1331
f 1332 1333 1316
f 1316 1315 1332
f 1334 1335 1333
f 1333 1332 1334
f 1334 1336 1337
f 1337 1335 1334
f 1336 1338 1339
f 1339 1337 1336
f 1338 1340 1341
f 1341 1339 1338
f 1340 1342 1343
f 1343 1341 1340
f 1342 1344 1345
f 1345 1343 1342
f 1344 1346 1347
f 1347 1345 1344
f 1346 1348 1349
f 1349 1347 1346
f 1348 1350 1351
f 1351 1349 1348
f 1350 1352 1353
f 1353 1351 1350
f 1352 1354 1355
f 1355 1353 1352
f 1356 1357 1158
f 1158 1157 1356
f 1358 1359 1357
f 1357 1356 1358
f 1360 1361 1359
f 1359 1358 1360
f 1362 1363 1361
f 1361 1360 1362
f 1364 1365 1363
f 1363 1362 1364
f 1366 1367 1365
f 1365 1364 1366
f 1354 1367 1366
f 1366 1355 1354
f 1368 1369 1370
f 1371 1369 1368
f 1368 1372 1371
f 1373 1374 1375
f 1374 1376 1375
f 1376 1377 1378
f 1377 1376 1374
f 1377 1379 1380
f 1380 1378 1377
f 1377 1381 1379
f 1377 1371 1372
f 1372 1381 1377
f 1294 1382 1291
f 1291 1289 1294
f 1383 1373 1384
f 1382 1383 1291
f 1383 1384 1292
f 1292 1291 1383
f 1373 1383 1374
f 1385 1383 1382
f 1386 1191 1190
f 1190 1387 1386
f 1388 1195 1194
f 1194 1389 1388
f 1390 1197 1195
f 1195 1388 1390
f 1197 1390 1387
f 1387 1190 1197
f 1391 1392 1387
f 1387 1390 1391
f 1393 1389 1394
f 1394 1395 1393
f 1396 1388 1389
f 1389 1393 1396
f 1396 1390 1388
f 1396 1391 1390
f 1397 1194 1205
f 1398 1194 1397
f 1194 1398 1394
f 1394 1389 1194
f 1399 1400 1401
f 1401 1402 1399
f 1403 1399 1402
f 1402 1404 1403
f 1399 1403 1214
f 1214 1213 1399
f 1400 1399 1213
f 1213 1215 1400
f 1403 1397 1205
f 1205 1214 1403
f 1397 1403 1404
f 1404 1398 1397
f 1405 1406 1402
f 1402 1401 1405
f 1406 1395 1404
f 1404 1402 1406
f 1407 1406 1405
f 1395 1394 1398
f 1398 1404 1395
f 1408 1409 1406
f 1406 1407 1408
f 1410 1409 1408
f 1411 1393 1395
f 1412 1413 1414
f 1412 1409 1410
f 1410 1413 1412
f 1412 1411 1409
f 1409 1411 1395
f 1395 1406 1409
f 1415 1416 1412
f 1412 1414 1415
f 1416 1415 1417
f 1418 1396 1393
f 1393 1411 1418
f 1419 1420 1416
f 1416 1417 1419
f 1420 1418 1416
f 1420 1419 1421
f 1416 1418 1411
f 1411 1412 1416
f 1422 1423 1424
f 1422 1420 1421
f 1421 1423 1422
f 1422 1425 1418
f 1418 1420 1422
f 1425 1396 1418
f 1426 1427 1422
f 1422 1424 1426
f 1427 1428 1425
f 1425 1422 1427
f 1427 1426 1429
f 1430 1431 1432
f 1432 1433 1430
f 1434 1430 1427
f 1427 1429 1434
f 1430 1434 1431
f 1435 1436 1433
f 1433 1432 1435
f 1437 1438 1436
f 1436 1435 1437
f 1439 1438 1437
f 1331 1330 1438
f 1438 1439 1331
f 1369 1330 1329
f 1329 1370 1369
f 1330 1440 1438
f 1383 1385 1374
f 1385 1377 1374
f 1441 1371 1377
f 1377 1385 1441
f 1371 1441 1369
f 1441 1440 1330
f 1330 1369 1441
f 1253 1442 1254
f 1425 1443 1396
f 1444 1258 1191
f 1191 1386 1444
f 1392 1445 1386
f 1386 1387 1392
f 1260 1446 1442
f 1442 1253 1260
f 1262 1447 1446
f 1446 1260 1262
f 1447 1262 1258
f 1258 1444 1447
f 1448 1447 1444
f 1447 1449 1450
f 1450 1446 1447
f 1447 1448 1451
f 1451 1449 1447
f 1445 1448 1444
f 1444 1386 1445
f 1443 1392 1391
f 1396 1443 1391
f 1392 1443 1445
f 1443 1451 1448
f 1448 1445 1443
f 1443 1425 1428
f 1430 1452 1428
f 1428 1427 1430
f 1433 1453 1452
f 1452 1430 1433
f 1436 1454 1453
f 1453 1433 1436
f 1454 1436 1438
f 1438 1440 1454
f 1455 1454 1440
f 1454 1455 1456
f 1456 1453 1454
f 1442 1457 1455
f 1455 1254 1442
f 1450 1457 1442
f 1442 1446 1450
f 1456 1457 1451
f 1451 1443 1456
f 1457 1450 1449
f 1449 1451 1457
f 1452 1456 1443
f 1443 1428 1452
f 1453 1456 1452
f 1458 1441 1385
f 1385 1459 1458
f 1441 1458 1455
f 1455 1440 1441
f 1460 1382 1294
f 1294 1461 1460
f 1460 1459 1385
f 1385 1382 1460
f 1278 1455 1458
f 1462 1278 1460
f 1460 1461 1462
f 1293 1462 1461
f 1461 1294 1293
f 1280 1462 1293
f 1293 1094 1280
f 1462 1280 1278
f 1460 1278 1458
f 1458 1459 1460
f 1278 1274 1271
f 1278 1254 1455
f 1455 1457 1456
f 1463 1464 1465
f 1465 1466 1463
f 1467 1468 1469
f 1469 1470 1467
f 1467 1470 1471
f 1471 1472 1467
f 1466 1473 1474
f 1474 1475 1466
f 1476 1463 1466
f 1466 1475 1476
f 1477 1478 1468
f 1468 1467 1477
f 1477 1467 1472
f 1472 1479 1477
f 1475 1474 1480
f 1480 1481 1475
f 1482 1476 1475
f 1475 1481 1482
f 1483 1484 1478
f 1478 1477 1483
f 1483 1477 1479
f 1479 1485 1483
f 1481 1480 1486
f 1486 1487 1481
f 1488 1482 1481
f 1481 1487 1488
f 1489 1490 1491
f 1492 1493 1494
f 1495 1470 1469
f 1469 1496 1495
f 1497 1498 1495
f 1495 1496 1497
f 1499 1473 1466
f 1466 1465 1499
f 1499 1465 1500
f 1500 1501 1499
f 1502 1471 1470
f 1470 1495 1502
f 1502 1495 1498
f 1498 1503 1502
f 1504 1500 1465
f 1465 1464 1504
f 1497 1496 1505
f 1506 1499 1501
f 1505 1489 1491
f 1491 1507 1505
f 1508 1497 1505
f 1505 1507 1508
f 1509 1492 1494
f 1494 1506 1509
f 1506 1501 1510
f 1510 1509 1506
f 1511 1512 1513
f 1514 1515 1516
f 1517 1490 1489
f 1489 1513 1517
f 1513 1512 1518
f 1513 1518 1517
f 1515 1519 1516
f 1516 1494 1493
f 1493 1520 1516
f 1520 1514 1516
f 1521 1522 1523
f 1524 1525 1526
f 1527 1502 1503
f 1527 1503 1528
f 1528 1529 1527
f 1504 1464 1530
f 1531 1504 1530
f 1530 1532 1531
f 1533 1527 1529
f 1529 1534 1533
f 1535 1522 1521
f 1521 1533 1535
f 1533 1534 1535
f 1536 1532 1530
f 1530 1537 1536
f 1537 1526 1525
f 1525 1538 1537
f 1538 1536 1537
f 1539 1540 1533
f 1533 1521 1539
f 1526 1537 1541
f 1541 1542 1526
f 1543 1539 1521
f 1521 1544 1543
f 1545 1526 1542
f 1542 1546 1545
f 1547 1548 1549
f 1549 1550 1547
f 1547 1550 1551
f 1551 1552 1547
f 1552 1553 1554
f 1554 1547 1552
f 1547 1554 1555
f 1555 1548 1547
f 1556 1557 1558
f 1558 1559 1556
f 1560 1561 1562
f 1562 1563 1560
f 1564 1556 1559
f 1559 1565 1564
f 1566 1560 1563
f 1563 1567 1566
f 1568 1569 1565
f 1565 1570 1568
f 1571 1564 1565
f 1565 1569 1571
f 1572 1566 1573
f 1573 1574 1572
f 1573 1566 1567
f 1567 1575 1573
f 1576 1571 1569
f 1569 1577 1576
f 1578 1573 1575
f 1575 1579 1578
f 1580 1576 1577
f 1577 1581 1580
f 1582 1578 1579
f 1579 1583 1582
f 1584 1580 1581
f 1581 1585 1584
f 1586 1582 1583
f 1583 1587 1586
f 1588 1584 1585
f 1585 1589 1588
f 1590 1586 1587
f 1587 1591 1590
f 1592 1588 1589
f 1589 1593 1592
f 1594 1590 1591
f 1591 1595 1594
f 1596 1597 1598
f 1598 1599 1596
f 1600 1601 1602
f 1602 1603 1600
f 1604 1596 1599
f 1599 1605 1604
f 1606 1600 1603
f 1603 1607 1606
f 1608 1604 1605
f 1605 1609 1608
f 1610 1606 1607
f 1607 1611 1610
f 1612 1608 1609
f 1609 1613 1612
f 1614 1610 1611
f 1611 1615 1614
f 1616 1612 1613
f 1613 1617 1616
f 1618 1614 1615
f 1615 1619 1618
f 1620 1558 1557
f 1557 1621 1620
f 1621 1616 1617
f 1617 1620 1621
f 1622 1562 1561
f 1561 1623 1622
f 1623 1618 1619
f 1619 1622 1623
f 1570 1565 1559
f 1559 1624 1570
f 1625 1560 1566
f 1566 1572 1625
f 1624 1559 1558
f 1558 1626 1624
f 1627 1561 1560
f 1560 1625 1627
f 1626 1558 1620
f 1620 1628 1626
f 1629 1623 1561
f 1561 1627 1629
f 1628 1620 1617
f 1617 1630 1628
f 1631 1618 1623
f 1623 1629 1631
f 1630 1617 1613
f 1613 1632 1630
f 1633 1614 1618
f 1618 1631 1633
f 1634 1635 1636
f 1636 1637 1634
f 1632 1613 1609
f 1609 1638 1632
f 1639 1640 1641
f 1641 1642 1639
f 1643 1610 1614
f 1614 1633 1643
f 1644 1645 1635
f 1635 1634 1644
f 1638 1609 1605
f 1605 1646 1638
f 1642 1641 1647
f 1647 1648 1642
f 1649 1606 1610
f 1610 1643 1649
f 1650 1651 1645
f 1645 1644 1650
f 1646 1605 1599
f 1599 1652 1646
f 1648 1647 1653
f 1653 1654 1648
f 1655 1600 1606
f 1606 1649 1655
f 1656 1657 1658
f 1658 1659 1656
f 1660 1598 1661
f 1661 1662 1660
f 1656 1659 1651
f 1651 1650 1656
f 1652 1599 1598
f 1598 1660 1652
f 1663 1664 1665
f 1665 1666 1663
f 1667 1668 1601
f 1601 1669 1667
f 1654 1653 1663
f 1663 1666 1654
f 1669 1601 1600
f 1600 1655 1669
f 1670 1671 1658
f 1658 1657 1670
f 1672 1662 1661
f 1661 1673 1672
f 1665 1664 1674
f 1674 1675 1665
f 1676 1668 1667
f 1667 1677 1676
f 1672 1673 1593
f 1593 1678 1672
f 1679 1594 1676
f 1676 1677 1679
f 1678 1593 1589
f 1589 1680 1678
f 1681 1590 1594
f 1594 1679 1681
f 1680 1589 1585
f 1585 1682 1680
f 1683 1586 1590
f 1590 1681 1683
f 1684 1577 1569
f 1569 1568 1684
f 1685 1581 1577
f 1577 1684 1685
f 1671 1670 1686
f 1686 1687 1671
f 1687 1686 1688
f 1688 1689 1687
f 1682 1585 1581
f 1581 1685 1682
f 1574 1573 1578
f 1578 1690 1574
f 1690 1578 1582
f 1582 1691 1690
f 1692 1693 1675
f 1675 1674 1692
f 1694 1695 1693
f 1693 1692 1694
f 1691 1582 1586
f 1586 1683 1691
f 1512 1511 1696
f 1696 1697 1512
f 1697 1696 1544
f 1544 1698 1697
f 1699 1661 1598
f 1598 1597 1699
f 1700 1673 1661
f 1661 1699 1700
f 1700 1592 1593
f 1593 1673 1700
f 1521 1523 1698
f 1544 1521 1698
f 1701 1702 1519
f 1519 1515 1701
f 1703 1545 1702
f 1702 1701 1703
f 1602 1601 1668
f 1668 1704 1602
f 1704 1668 1676
f 1676 1705 1704
f 1676 1594 1595
f 1595 1705 1676
f 1703 1524 1526
f 1703 1526 1545
f 1706 1553 1552
f 1552 1707 1706
f 1708 1548 1555
f 1555 1709 1708
f 1710 1483 1485
f 1485 1711 1710
f 1712 1488 1487
f 1487 1713 1712
f 1714 1484 1483
f 1483 1710 1714
f 1713 1487 1486
f 1486 1715 1713
f 1716 1717 1718
f 1718 1719 1716
f 1719 1718 1720
f 1720 1721 1719
f 1722 1723 1724
f 1724 1725 1722
f 1726 1727 1723
f 1723 1722 1726
f 1728 1729 1714
f 1715 1730 1731
f 1732 1719 1721
f 1721 1733 1732
f 1734 1726 1722
f 1722 1735 1734
f 1736 1728 1714
f 1737 1732 1733
f 1733 1738 1737
f 1715 1731 1739
f 1740 1734 1735
f 1735 1741 1740
f 1742 1736 1714
f 1715 1739 1743
f 1744 1737 1738
f 1738 1745 1744
f 1746 1740 1741
f 1741 1747 1746
f 1748 1742 1714
f 1714 1710 1748
f 1713 1715 1743
f 1743 1749 1713
f 1750 1744 1745
f 1745 1751 1750
f 1752 1746 1747
f 1747 1753 1752
f 1754 1748 1710
f 1710 1711 1754
f 1712 1713 1749
f 1749 1755 1712
f 1756 1750 1751
f 1751 1757 1756
f 1758 1752 1753
f 1753 1759 1758
f 1760 1754 1711
f 1712 1755 1761
f 1762 1756 1757
f 1757 1763 1762
f 1764 1758 1759
f 1759 1765 1764
f 1766 1760 1711
f 1712 1761 1767
f 1768 1762 1763
f 1763 1769 1768
f 1770 1764 1765
f 1765 1771 1770
f 1772 1766 1711
f 1711 1773 1772
f 1774 1768 1769
f 1769 1775 1774
f 1776 1712 1767
f 1767 1777 1776
f 1778 1770 1771
f 1771 1779 1778
f 1780 1772 1773
f 1773 1781 1780
f 1782 1776 1777
f 1777 1783 1782
f 1784 1785 1774
f 1774 1786 1784
f 1786 1774 1775
f 1775 1787 1786
f 1788 1779 1789
f 1789 1790 1788
f 1791 1778 1779
f 1779 1788 1791
f 1792 1780 1781
f 1781 1706 1792
f 1709 1782 1783
f 1783 1793 1709
f 1794 1786 1787
f 1787 1795 1794
f 1796 1791 1788
f 1788 1797 1796
f 1798 1792 1706
f 1799 1794 1795
f 1795 1800 1799
f 1709 1793 1801
f 1802 1796 1797
f 1797 1803 1802
f 1804 1798 1706
f 1709 1801 1805
f 1806 1799 1800
f 1800 1807 1806
f 1808 1802 1803
f 1803 1809 1808
f 1810 1804 1706
f 1706 1707 1810
f 1708 1709 1805
f 1805 1811 1708
f 1812 1806 1807
f 1807 1813 1812
f 1814 1808 1809
f 1809 1815 1814
f 1816 1812 1813
f 1813 1817 1816
f 1818 1814 1815
f 1815 1819 1818
f 1820 1816 1817
f 1817 1821 1820
f 1822 1818 1819
f 1819 1823 1822
f 1824 1720 1718
f 1718 1825 1824
f 1826 1723 1727
f 1727 1827 1826
f 1828 1829 1830
f 1707 1552 1551
f 1551 1828 1707
f 1831 1810 1707
f 1707 1828 1831
f 1828 1832 1831
f 1830 1832 1828
f 1825 1820 1821
f 1821 1824 1825
f 1833 1834 1835
f 1835 1549 1548
f 1548 1708 1835
f 1835 1708 1811
f 1811 1836 1835
f 1836 1837 1835
f 1835 1837 1833
f 1827 1822 1823
f 1823 1826 1827
f 1838 1839 1812
f 1812 1816 1838
f 1840 1841 1842
f 1842 1843 1840
f 1744 1750 1844
f 1844 1840 1744
f 1819 1815 1845
f 1845 1846 1819
f 1847 1848 1849
f 1849 1850 1847
f 1851 1852 1753
f 1753 1747 1851
f 1853 1838 1816
f 1816 1820 1853
f 1854 1840 1843
f 1843 1855 1854
f 1737 1744 1840
f 1840 1856 1737
f 1823 1819 1846
f 1846 1857 1823
f 1858 1847 1850
f 1850 1859 1858
f 1860 1851 1747
f 1747 1741 1860
f 1861 1853 1820
f 1820 1825 1861
f 1862 1854 1855
f 1855 1863 1862
f 1863 1864 1865
f 1865 1862 1863
f 1825 1718 1717
f 1717 1861 1825
f 1866 1716 1719
f 1719 1732 1866
f 1732 1737 1856
f 1856 1866 1732
f 1826 1823 1857
f 1857 1867 1826
f 1868 1858 1859
f 1859 1869 1868
f 1869 1870 1871
f 1871 1868 1869
f 1867 1724 1723
f 1723 1826 1867
f 1735 1722 1725
f 1725 1872 1735
f 1872 1860 1741
f 1741 1735 1872
f 1806 1812 1839
f 1839 1873 1806
f 1874 1842 1841
f 1841 1875 1874
f 1876 1844 1750
f 1750 1756 1876
f 1877 1845 1815
f 1815 1809 1877
f 1878 1849 1848
f 1848 1879 1878
f 1759 1753 1852
f 1852 1880 1759
f 1799 1806 1873
f 1873 1881 1799
f 1882 1874 1875
f 1875 1883 1882
f 1884 1876 1756
f 1756 1762 1884
f 1885 1877 1809
f 1809 1803 1885
f 1886 1878 1879
f 1879 1887 1886
f 1765 1759 1880
f 1880 1888 1765
f 1889 1890 1891
f 1891 1892 1889
f 1893 1784 1786
f 1786 1794 1893
f 1794 1799 1881
f 1881 1893 1794
f 1892 1882 1883
f 1883 1889 1892
f 1894 1884 1762
f 1762 1768 1894
f 1768 1774 1785
f 1785 1894 1768
f 1895 1896 1897
f 1897 1898 1895
f 1797 1788 1790
f 1790 1899 1797
f 1899 1885 1803
f 1803 1797 1899
f 1898 1886 1887
f 1887 1895 1898
f 1771 1765 1888
f 1888 1900 1771
f 1900 1789 1779
f 1779 1771 1900
f 1773 1711 1901
f 1901 1902 1773
f 1903 1904 1712
f 1712 1776 1903
f 1781 1773 1902
f 1902 1905 1781
f 1906 1903 1776
f 1776 1782 1906
f 1706 1781 1905
f 1905 1907 1706
f 1908 1906 1782
f 1782 1709 1908
f 1553 1706 1907
f 1907 1909 1553
f 1909 1910 1554
f 1554 1553 1909
f 1911 1908 1709
f 1709 1555 1911
f 1555 1554 1910
f 1910 1911 1555
f 1912 1913 1910
f 1910 1909 1912
f 1911 1910 1913
f 1913 1914 1911
f 1915 1912 1909
f 1909 1907 1915
f 1908 1911 1914
f 1914 1916 1908
f 1917 1915 1907
f 1907 1905 1917
f 1906 1908 1916
f 1916 1918 1906
f 1919 1917 1905
f 1905 1902 1919
f 1903 1906 1918
f 1918 1920 1903
f 1921 1919 1902
f 1902 1901 1921
f 1904 1903 1920
f 1920 1922 1904
f 1923 1924 1913
f 1913 1912 1923
f 1914 1913 1924
f 1924 1925 1914
f 1926 1923 1912
f 1912 1915 1926
f 1916 1914 1925
f 1925 1927 1916
f 1928 1926 1915
f 1915 1917 1928
f 1918 1916 1927
f 1927 1929 1918
f 1930 1928 1917
f 1917 1919 1930
f 1920 1918 1929
f 1929 1931 1920
f 1932 1930 1919
f 1919 1921 1932
f 1921 1933 1934
f 1934 1932 1921
f 1922 1920 1931
f 1931 1935 1922
f 1935 1936 1937
f 1937 1922 1935
f 1472 1471 1938
f 1938 1939 1472
f 1940 1941 1463
f 1463 1476 1940
f 1942 1901 1711
f 1711 1485 1942
f 1933 1921 1901
f 1901 1942 1933
f 1488 1712 1904
f 1904 1943 1488
f 1943 1904 1922
f 1922 1937 1943
f 1479 1472 1939
f 1939 1944 1479
f 1944 1942 1485
f 1485 1479 1944
f 1945 1940 1476
f 1476 1482 1945
f 1482 1488 1943
f 1943 1945 1482
f 1946 1947 1540
f 1540 1539 1946
f 1542 1541 1948
f 1948 1949 1542
f 1950 1946 1539
f 1950 1539 1543
f 1542 1949 1951
f 1546 1542 1951
f 1952 1950 1543
f 1546 1951 1953
f 1952 1543 1954
f 1954 1955 1952
f 1956 1957 1546
f 1546 1953 1956
f 1958 1955 1954
f 1954 1959 1958
f 1960 1957 1956
f 1956 1961 1960
f 1962 1958 1959
f 1959 1963 1962
f 1964 1960 1961
f 1961 1965 1964
f 1527 1533 1540
f 1540 1966 1527
f 1966 1540 1947
f 1967 1541 1537
f 1537 1530 1967
f 1948 1541 1967
f 1502 1527 1966
f 1966 1968 1502
f 1968 1938 1471
f 1471 1502 1968
f 1969 1967 1530
f 1530 1464 1969
f 1464 1463 1941
f 1941 1969 1464
f 1970 1938 1968
f 1969 1941 1971
f 1939 1938 1970
f 1970 1972 1939
f 1973 1971 1941
f 1941 1940 1973
f 1944 1939 1972
f 1972 1974 1944
f 1975 1973 1940
f 1940 1945 1975
f 1944 1974 1976
f 1976 1942 1944
f 1977 1975 1945
f 1945 1943 1977
f 1978 1933 1942
f 1942 1976 1978
f 1977 1943 1937
f 1937 1979 1977
f 1980 1934 1933
f 1933 1978 1980
f 1979 1937 1936
f 1936 1981 1979
f 1982 1934 1980
f 1981 1936 1983
f 1984 1985 1986
f 1986 1987 1984
f 1988 1989 1990
f 1990 1991 1988
f 1987 1986 1992
f 1992 1993 1987
f 1994 1995 1989
f 1989 1988 1994
f 1993 1992 1996
f 1996 1997 1993
f 1998 1999 1995
f 1995 1994 1998
f 1997 1996 2000
f 2000 2001 1997
f 2002 2003 1999
f 1999 1998 2002
f 2001 2000 2004
f 2004 2005 2001
f 2006 2007 2003
f 2003 2002 2006
f 2005 2004 2008
f 2008 2009 2005
f 2010 2011 2007
f 2007 2006 2010
f 2009 2008 2012
f 2012 2013 2009
f 2014 2015 2011
f 2011 2010 2014
f 2013 2012 2016
f 2016 2017 2013
f 2018 2019 2015
f 2015 2014 2018
f 2017 2016 2020
f 2020 2021 2017
f 2022 2023 2019
f 2019 2018 2022
f 2021 2020 2024
f 2024 2025 2021
f 2026 2027 2023
f 2023 2022 2026
f 2025 2024 2028
f 2028 2029 2025
f 2030 2031 2027
f 2027 2026 2030
f 2029 2028 2032
f 2032 2033 2029
f 2034 2035 2031
f 2031 2030 2034
f 2033 2032 2036
f 2036 2037 2033
f 2037 2036 2038
f 2038 2039 2037
f 2040 2041 2042
f 2042 2043 2040
f 2044 2045 2035
f 2035 2034 2044
f 2046 2047 2045
f 2045 2044 2046
f 2048 2049 2050
f 2050 2051 2048
f 1932 1934 1982
f 1982 2052 1932
f 2053 1983 1936
f 1936 1935 2053
f 2054 2055 1985
f 1985 1984 2054
f 1991 1990 2056
f 2056 2057 1991
f 1930 1932 2052
f 2052 2058 1930
f 2059 2053 1935
f 1935 1931 2059
f 1928 1930 2058
f 2058 2060 1928
f 2061 2059 1931
f 1931 1929 2061
f 1926 1928 2060
f 2060 2062 1926
f 2063 2061 1929
f 1929 1927 2063
f 2064 1923 1926
f 1926 2062 2064
f 2063 1927 1925
f 1925 2065 2063
f 2065 1925 1924
f 1924 2066 2065
f 2066 1924 1923
f 1923 2064 2066
f 2067 2068 2069
f 2069 2070 2067
f 2071 2072 2068
f 2068 2067 2071
f 2073 2074 2075
f 2075 2076 2073
f 2076 2075 2072
f 2072 2071 2076
f 2070 2069 2077
f 2077 2078 2070
f 2079 2080 2074
f 2074 2073 2079
f 2081 2082 2083
f 2083 2084 2081
f 2084 2083 2085
f 2085 2086 2084
f 2078 2077 2082
f 2082 2081 2078
f 2087 2088 2089
f 2089 2090 2087
f 2091 2092 2088
f 2088 2087 2091
f 2090 2089 2080
f 2080 2079 2090
f 2093 2094 2095
f 2095 2096 2093
f 2097 2095 2094
f 2094 2098 2097
f 2093 2096 2099
f 2099 2100 2093
f 2101 2102 2097
f 2097 2098 2101
f 2103 2104 2105
f 2105 2106 2103
f 2107 2108 2109
f 2109 2110 2107
f 2111 2112 2108
f 2108 2107 2111
f 2113 2114 2103
f 2103 2115 2113
f 2115 2103 2106
f 2106 2116 2115
f 2117 2118 2119
f 2119 2120 2117
f 2121 2122 2123
f 2123 2124 2121
f 2125 2117 2120
f 2120 2126 2125
f 2127 2121 2124
f 2124 2128 2127
f 2129 2125 2126
f 2126 2130 2129
f 2131 2132 2133
f 2133 2134 2131
f 2134 2133 2135
f 2135 2136 2134
f 2136 2127 2128
f 2128 2134 2136
f 2137 2138 2139
f 2139 2140 2137
f 2141 2142 2138
f 2138 2137 2141
f 2137 2129 2130
f 2130 2141 2137
f 2143 2135 2133
f 2133 2144 2143
f 2145 2138 2142
f 2142 2146 2145
f 2147 2148 2149
f 2149 2150 2147
f 2150 2143 2144
f 2144 2147 2150
f 2151 2152 2153
f 2153 2154 2151
f 2154 2145 2146
f 2146 2151 2154
f 2123 2155 2156
f 2156 2157 2123
f 2158 2159 2160
f 2160 2161 2158
f 2162 2163 2164
f 2164 2148 2162
f 2165 2166 2118
f 2118 2117 2165
f 2167 2168 2169
f 2169 2170 2167
f 2153 2171 2172
f 2172 2173 2153
f 2124 2123 2157
f 2157 2174 2124
f 2175 2158 2161
f 2161 2176 2175
f 2177 2162 2148
f 2148 2147 2177
f 2178 2165 2117
f 2117 2125 2178
f 2179 2167 2170
f 2170 2180 2179
f 2154 2153 2173
f 2173 2181 2154
f 2128 2124 2174
f 2174 2182 2128
f 2183 2175 2176
f 2176 2184 2183
f 2184 2185 2186
f 2186 2183 2184
f 2182 2131 2134
f 2134 2128 2182
f 2144 2133 2132
f 2132 2187 2144
f 2187 2177 2147
f 2147 2144 2187
f 2188 2178 2125
f 2125 2129 2188
f 2189 2179 2180
f 2180 2190 2189
f 2190 2191 2192
f 2192 2189 2190
f 2129 2137 2140
f 2140 2188 2129
f 2193 2139 2138
f 2138 2145 2193
f 2145 2154 2181
f 2181 2193 2145
f 2194 2195 2196
f 2196 2197 2194
f 2198 2109 2108
f 2108 2199 2198
f 2200 2107 2110
f 2110 2201 2200
f 2202 2203 2204
f 2204 2205 2202
f 2104 2103 2114
f 2114 2206 2104
f 2207 2113 2115
f 2115 2208 2207
f 2209 2198 2199
f 2199 2210 2209
f 2211 2194 2197
f 2197 2212 2211
f 2213 2200 2201
f 2201 2214 2213
f 2215 2104 2206
f 2206 2216 2215
f 2217 2202 2205
f 2205 2218 2217
f 2219 2207 2208
f 2208 2220 2219
f 2221 2164 2163
f 2163 2222 2221
f 2223 2160 2159
f 2159 2224 2223
f 2222 2209 2210
f 2210 2221 2222
f 2224 2211 2212
f 2212 2223 2224
f 2225 2213 2214
f 2214 2226 2225
f 2226 2156 2155
f 2155 2225 2226
f 2227 2172 2171
f 2171 2228 2227
f 2229 2169 2168
f 2168 2230 2229
f 2228 2215 2216
f 2216 2227 2228
f 2230 2217 2218
f 2218 2229 2230
f 2231 2219 2220
f 2220 2232 2231
f 2232 2118 2166
f 2166 2231 2232
f 2233 2234 2235
f 2236 2149 2148
f 2148 2164 2236
f 2237 2238 2239
f 2171 2153 2152
f 2152 2240 2171
f 2241 2242 2243
f 2155 2123 2122
f 2122 2244 2155
f 2245 2246 2247
f 2248 2249 2250
f 2251 2252 2213
f 2213 2225 2251
f 2225 2155 2244
f 2244 2251 2225
f 2253 2254 2255
f 2232 2220 2256
f 2256 2257 2232
f 2257 2119 2118
f 2118 2232 2257
f 2250 2241 2243
f 2243 2248 2250
f 2258 2249 2248
f 2259 2111 2107
f 2107 2200 2259
f 2200 2213 2252
f 2252 2259 2200
f 2255 2245 2247
f 2247 2253 2255
f 2255 2254 2260
f 2208 2115 2116
f 2116 2261 2208
f 2261 2256 2220
f 2220 2208 2261
f 2262 2263 2210
f 2210 2199 2262
f 2199 2108 2112
f 2112 2262 2199
f 2104 2215 2264
f 2264 2105 2104
f 2265 2233 2235
f 2235 2266 2265
f 2265 2267 2268
f 2269 2236 2164
f 2164 2221 2269
f 2221 2210 2263
f 2263 2269 2221
f 2270 2237 2239
f 2239 2271 2270
f 2272 2273 2271
f 2228 2171 2240
f 2240 2274 2228
f 2274 2264 2215
f 2215 2228 2274
f 2275 2276 2277
f 2278 2279 2280
f 2281 2282 2283
f 2283 2284 2281
f 2285 2286 2287
f 2287 2288 2285
f 2289 2290 2291
f 2291 2292 2289
f 2293 2294 2295
f 2295 2296 2293
f 2297 2289 2292
f 2292 2298 2297
f 2299 2293 2296
f 2296 2300 2299
f 2301 2297 2298
f 2298 2302 2301
f 2303 2299 2300
f 2300 2304 2303
f 2305 2301 2302
f 2302 2306 2305
f 2307 2304 2308
f 2308 2309 2307
f 2310 2303 2304
f 2304 2307 2310
f 2311 2312 2305
f 2305 2313 2311
f 2313 2305 2306
f 2306 2314 2313
f 2315 2310 2307
f 2307 2316 2315
f 2317 2313 2314
f 2314 2318 2317
f 2319 2315 2316
f 2316 2320 2319
f 2321 2317 2318
f 2318 2322 2321
f 2323 2319 2320
f 2320 2324 2323
f 2325 2321 2322
f 2322 2326 2325
f 2327 2328 2329
f 2329 2330 2327
f 2331 2332 2333
f 2333 2334 2331
f 2335 2336 2337
f 2337 2338 2335
f 2339 2340 2341
f 2341 2342 2339
f 2343 2344 2345
f 2345 2346 2343
f 2347 2290 2348
f 2348 2349 2347
f 2350 2327 2330
f 2330 2351 2350
f 2352 2331 2334
f 2334 2353 2352
f 2354 2335 2338
f 2338 2355 2354
f 2356 2339 2342
f 2342 2357 2356
f 2358 2343 2346
f 2346 2359 2358
f 2360 2347 2349
f 2349 2361 2360
f 2362 2350 2351
f 2351 2363 2362
f 2364 2352 2353
f 2353 2365 2364
f 2365 2366 2367
f 2367 2364 2365
f 2363 2283 2282
f 2282 2362 2363
f 2368 2281 2284
f 2284 2369 2368
f 2369 2354 2355
f 2355 2368 2369
f 2370 2356 2357
f 2357 2371 2370
f 2372 2358 2359
f 2359 2373 2372
f 2373 2374 2375
f 2375 2372 2373
f 2371 2287 2286
f 2286 2370 2371
f 2376 2285 2288
f 2288 2377 2376
f 2377 2360 2361
f 2361 2376 2377
f 2295 2337 2336
f 2336 2378 2295
f 2379 2333 2332
f 2332 2380 2379
f 2381 2329 2328
f 2328 2324 2381
f 2382 2348 2290
f 2290 2289 2382
f 2383 2345 2344
f 2344 2384 2383
f 2325 2341 2340
f 2340 2385 2325
f 2296 2295 2378
f 2378 2386 2296
f 2387 2379 2380
f 2380 2388 2387
f 2389 2381 2324
f 2324 2320 2389
f 2390 2382 2289
f 2289 2297 2390
f 2391 2383 2384
f 2384 2392 2391
f 2321 2325 2385
f 2385 2393 2321
f 2300 2296 2386
f 2386 2394 2300
f 2395 2387 2388
f 2388 2396 2395
f 2396 2397 2398
f 2398 2395 2396
f 2394 2308 2304
f 2304 2300 2394
f 2316 2307 2309
f 2309 2399 2316
f 2399 2389 2320
f 2320 2316 2399
f 2400 2390 2297
f 2297 2301 2400
f 2401 2391 2392
f 2392 2402 2401
f 2402 2403 2404
f 2404 2401 2402
f 2301 2305 2312
f 2312 2400 2301
f 2405 2311 2313
f 2313 2317 2405
f 2317 2321 2393
f 2393 2405 2317
f 2406 2407 2408
f 2337 2295 2294
f 2294 2409 2337
f 2410 2411 2412
f 2277 2100 2099
f 2099 2275 2277
f 2275 2413 2414
f 2415 2323 2324
f 2324 2328 2415
f 2280 2102 2101
f 2101 2278 2280
f 2416 2417 2280
f 2341 2325 2326
f 2326 2418 2341
f 2419 2420 2421
f 2422 2415 2328
f 2328 2327 2422
f 2327 2350 2423
f 2423 2422 2327
f 2424 2425 2426
f 2342 2341 2418
f 2418 2427 2342
f 2427 2428 2357
f 2357 2342 2427
f 2276 2275 2421
f 2421 2420 2429
f 2430 2423 2350
f 2350 2362 2430
f 2424 2280 2279
f 2431 2425 2424
f 2371 2357 2428
f 2428 2432 2371
f 2368 2355 2433
f 2433 2434 2368
f 2377 2288 2435
f 2435 2436 2377
f 2338 2337 2409
f 2409 2437 2338
f 2438 2291 2290
f 2290 2347 2438
f 2439 2440 2441
f 2355 2338 2437
f 2437 2433 2355
f 2442 2443 2444
f 2445 2438 2347
f 2347 2360 2445
f 2360 2377 2436
f 2436 2445 2360
f 2446 2447 2448
f 2448 2449 2446
f 2450 2448 2447
f 2447 2451 2450
f 2452 2446 2449
f 2449 2453 2452
f 2454 2450 2451
f 2451 2455 2454
f 2456 2457 2452
f 2452 2453 2456
f 2458 2459 2460
f 2454 2455 2461
f 2461 2462 2454
f 2463 2459 2464
f 2460 2465 2458
f 2458 2465 2457
f 2457 2456 2458
f 2464 2466 2463
f 2462 2461 2466
f 2466 2464 2462
f 2421 2467 2468
f 2468 2469 2421
f 2470 2471 2467
f 2467 2421 2470
f 2421 2275 2414
f 2414 2419 2421
f 2469 2276 2421
f 2472 2473 2474
f 2474 2424 2472
f 2424 2474 2475
f 2475 2476 2424
f 2426 2416 2280
f 2280 2424 2426
f 2424 2279 2472
f 2477 2421 2429
f 2478 2470 2421
f 2421 2477 2478
f 2479 2430 2362
f 2362 2282 2479
f 2431 2424 2480
f 2480 2424 2476
f 2476 2481 2480
f 2287 2371 2432
f 2432 2482 2287
f 2483 2479 2282
f 2282 2281 2483
f 2281 2368 2434
f 2434 2483 2281
f 2288 2287 2482
f 2482 2435 2288
f 2484 2478 2477
f 2477 2485 2484
f 2486 2480 2481
f 2481 2487 2486
f 2488 2485 2489
f 2490 2484 2485
f 2485 2488 2490
f 2489 2439 2488
f 2491 2486 2492
f 2492 2486 2487
f 2487 2493 2492
f 2492 2444 2491
f 2441 2488 2439
f 2440 2406 2408
f 2408 2441 2440
f 2444 2492 2442
f 2442 2410 2412
f 2412 2443 2442
f 2494 2258 2248
f 2248 2495 2494
f 2496 2255 2260
f 2260 2497 2496
f 2498 2494 2495
f 2495 2499 2498
f 2500 2496 2497
f 2497 2501 2500
f 2268 2498 2499
f 2499 2265 2268
f 2266 2267 2265
f 2271 2500 2501
f 2501 2272 2271
f 2271 2273 2270
f 2502 2233 2265
f 2265 2503 2502
f 2504 2271 2239
f 2239 2505 2504
f 2506 2502 2503
f 2503 2507 2506
f 2508 2504 2505
f 2505 2509 2508
f 2510 2506 2507
f 2507 2511 2510
f 2511 2441 2408
f 2408 2510 2511
f 2512 2508 2509
f 2509 2513 2512
f 2513 2410 2442
f 2442 2512 2513
f 2514 2475 2474
f 2474 2515 2514
f 2515 2516 2517
f 2517 2518 2515
f 2519 2520 2521
f 2521 2522 2519
f 2523 2516 2524
f 2524 2525 2523
f 2526 2521 2520
f 2520 2527 2526
f 2515 2474 2473
f 2473 2528 2515
f 2528 2524 2516
f 2516 2515 2528
f 2529 2530 2514
f 2514 2515 2529
f 2515 2518 2529
f 2531 2532 2533
f 2533 2534 2531
f 2534 2519 2522
f 2522 2531 2534
f 2525 2468 2467
f 2467 2523 2525
f 2523 2467 2471
f 2471 2535 2523
f 2536 2517 2516
f 2516 2523 2536
f 2523 2535 2537
f 2537 2538 2523
f 2538 2536 2523
f 2539 2540 2541
f 2541 2542 2539
f 2542 2526 2527
f 2527 2539 2542
f 2543 2514 2530
f 2530 2544 2543
f 2545 2533 2532
f 2532 2546 2545
f 2547 2537 2535
f 2535 2548 2547
f 2549 2541 2540
f 2540 2550 2549
f 2484 2490 2551
f 2551 2552 2484
f 2553 2554 2493
f 2493 2487 2553
f 2476 2475 2555
f 2555 2556 2476
f 2557 2558 2470
f 2470 2478 2557
f 2478 2484 2552
f 2552 2557 2478
f 2557 2552 2559
f 2559 2560 2557
f 2481 2476 2556
f 2556 2561 2481
f 2561 2553 2487
f 2487 2481 2561
f 2562 2563 2553
f 2553 2561 2562
f 2507 2503 2564
f 2564 2565 2507
f 2566 2567 2504
f 2504 2508 2566
f 2568 2490 2488
f 2488 2441 2568
f 2442 2492 2493
f 2493 2569 2442
f 2511 2507 2565
f 2565 2570 2511
f 2570 2568 2441
f 2441 2511 2570
f 2571 2566 2508
f 2508 2512 2571
f 2512 2442 2569
f 2569 2571 2512
f 2572 2495 2248
f 2248 2573 2572
f 2574 2255 2496
f 2496 2575 2574
f 2576 2577 2578
f 2579 2580 2581
f 2582 2576 2578
f 2560 2559 2576
f 2576 2582 2560
f 2583 2584 2585
f 2585 2586 2583
f 2579 2581 2587
f 2587 2581 2563
f 2563 2562 2587
f 2588 2589 2590
f 2590 2591 2588
f 2592 2560 2582
f 2593 2583 2586
f 2586 2594 2593
f 2587 2562 2595
f 2596 2588 2591
f 2591 2597 2596
f 2557 2560 2592
f 2592 2598 2557
f 2599 2593 2594
f 2594 2600 2599
f 2601 2595 2562
f 2562 2561 2601
f 2602 2596 2597
f 2597 2603 2602
f 2557 2598 2604
f 2605 2599 2600
f 2600 2606 2605
f 2607 2601 2561
f 2608 2602 2603
f 2603 2609 2608
f 2558 2557 2604
f 2604 2610 2558
f 2611 2605 2606
f 2606 2612 2611
f 2613 2607 2561
f 2561 2556 2613
f 2614 2608 2609
f 2609 2615 2614
f 2471 2470 2558
f 2558 2616 2471
f 2616 2558 2610
f 2617 2611 2612
f 2612 2618 2617
f 2613 2556 2555
f 2619 2614 2615
f 2615 2620 2619
f 2535 2471 2616
f 2616 2548 2535
f 2621 2617 2618
f 2618 2622 2621
f 2543 2555 2475
f 2475 2514 2543
f 2623 2619 2620
f 2620 2624 2623
f 2625 2547 2548
f 2626 2621 2622
f 2622 2627 2626
f 2543 2544 2628
f 2629 2623 2624
f 2624 2630 2629
f 2631 2632 2459
f 2459 2458 2631
f 2633 2634 2635
f 2635 2636 2633
f 2637 2549 2550
f 2550 2638 2637
f 2636 2626 2627
f 2627 2633 2636
f 2464 2459 2632
f 2632 2639 2464
f 2640 2635 2634
f 2634 2641 2640
f 2642 2545 2546
f 2546 2643 2642
f 2641 2629 2630
f 2630 2640 2641
f 2644 2645 2646
f 2646 2647 2644
f 2648 2649 2650
f 2650 2651 2648
f 2652 2577 2576
f 2581 2580 2653
f 2654 2652 2576
f 2576 2559 2654
f 2559 2552 2551
f 2551 2654 2559
f 2563 2581 2653
f 2653 2655 2563
f 2655 2554 2553
f 2553 2563 2655
f 2656 2551 2490
f 2490 2568 2656
f 2654 2551 2656
f 2569 2493 2554
f 2554 2657 2569
f 2657 2554 2655
f 2658 2656 2568
f 2658 2568 2570
f 2569 2657 2659
f 2571 2569 2659
f 2660 2658 2570
f 2571 2659 2661
f 2662 2660 2570
f 2570 2565 2662
f 2566 2571 2661
f 2661 2663 2566
f 2664 2662 2565
f 2565 2564 2664
f 2567 2566 2663
f 2663 2665 2567
f 2666 2564 2503
f 2503 2265 2666
f 2664 2564 2666
f 2271 2504 2567
f 2567 2667 2271
f 2667 2567 2665
f 2499 2495 2572
f 2572 2668 2499
f 2668 2666 2265
f 2265 2499 2668
f 2669 2575 2496
f 2496 2500 2669
f 2500 2271 2667
f 2667 2669 2500
f 2670 2671 2672
f 2672 2673 2670
f 2674 2675 2676
f 2676 2677 2674
f 2678 2679 2680
f 2680 2681 2678
f 2681 2680 2671
f 2671 2670 2681
f 2682 2683 2684
f 2684 2685 2682
f 2677 2676 2683
f 2683 2682 2677
f 2686 2687 2688
f 2688 2689 2686
f 2689 2688 2679
f 2679 2678 2689
f 2690 2691 2692
f 2692 2693 2690
f 2685 2684 2691
f 2691 2690 2685
f 2694 2695 2696
f 2696 2697 2694
f 2694 2697 2698
f 2698 2699 2694
f 2699 2698 2687
f 2687 2686 2699
f 2700 2701 2702
f 2702 2703 2700
f 2704 2705 2700
f 2700 2703 2704
f 2693 2692 2705
f 2705 2704 2693
f 2706 2668 2572
f 2575 2669 2707
f 2708 2709 2710
f 2710 2711 2708
f 2712 2573 2708
f 2708 2711 2712
f 2713 2714 2715
f 2715 2716 2713
f 2713 2716 2574
f 2574 2717 2713
f 2718 2710 2709
f 2709 2719 2718
f 2720 2715 2714
f 2714 2721 2720
f 2722 2723 2724
f 2724 2725 2722
f 2726 2727 2728
f 2728 2729 2726
f 2730 2731 2732
f 2732 2733 2730
f 2734 2735 2736
f 2736 2737 2734
f 2738 2739 2731
f 2731 2730 2738
f 2737 2736 2740
f 2740 2741 2737
f 2573 2712 2742
f 2706 2572 2573
f 2573 2742 2706
f 2743 2717 2574
f 2743 2574 2575
f 2575 2707 2743
f 2744 2745 2739
f 2739 2738 2744
f 2741 2740 2746
f 2746 2747 2741
f 2748 2749 2745
f 2745 2744 2748
f 2747 2746 2750
f 2750 2751 2747
f 2673 2672 2752
f 2752 2753 2673
f 2753 2752 2754
f 2754 2755 2753
f 2755 2754 2749
f 2749 2748 2755
f 2756 2757 2675
f 2675 2674 2756
f 2758 2759 2757
f 2757 2756 2758
f 2751 2750 2759
f 2759 2758 2751
f 2446 2451 2447
f 2465 2466 2461
f 2461 2457 2465
f 2460 2463 2466
f 2466 2465 2460
f 2460 2459 2463
f 2457 2461 2455
f 2455 2452 2457
f 2452 2455 2451
f 2451 2446 2452
f 2760 2761 2762
f 2762 2763 2760
f 2763 2762 2764
f 2764 2765 2763
f 2766 2767 2768
f 2768 2769 2766
f 2769 2768 2770
f 2770 2771 2769
f 2772 2766 2769
f 2769 2773 2772
f 2774 2773 2769
f 2769 2771 2774
f 2775 2772 2773
f 2773 2776 2775
f 2777 2776 2773
f 2773 2774 2777
f 2778 2779 2780
f 2781 2779 2777
f 2777 2774 2781
f 2782 2779 2781
f 2771 2770 2783
f 2783 2784 2771
f 2785 2778 2780
f 2780 2786 2785
f 2786 2787 2785
f 2788 2780 2779
f 2779 2782 2788
f 2789 2787 2786
f 2786 2790 2789
f 2790 2786 2788
f 2790 2791 2789
f 2786 2780 2788
f 2784 2781 2774
f 2774 2771 2784
f 2782 2781 2784
f 2782 2784 2783
f 2783 2792 2782
f 2788 2782 2792
f 2792 2793 2788
f 2790 2788 2793
f 2793 2794 2790
f 2791 2790 2794
f 2794 2795 2791
f 2796 2797 2798
f 2798 2799 2796
f 2799 2798 2800
f 2800 2801 2799
f 2802 2803 2765
f 2765 2764 2802
f 2804 2805 2803
f 2803 2802 2804
f 2801 2800 2805
f 2805 2804 2801
f 2806 2775 2776
f 2776 2807 2806
f 2808 2807 2776
f 2776 2777 2808
f 2808 2777 2779
f 2779 2809 2808
f 2809 2779 2778
f 2810 2811 2797
f 2797 2796 2810
f 2791 2795 2812
f 2812 2813 2791
f 2814 2815 2816
f 2816 2817 2814
f 2789 2791 2813
f 2813 2818 2789
f 2819 2814 2817
f 2817 2820 2819
f 2787 2789 2818
f 2818 2821 2787
f 2822 2819 2820
f 2820 2823 2822
f 2785 2787 2821
f 2821 2824 2785
f 2825 2822 2823
f 2823 2826 2825
f 2827 2809 2778
f 2778 2785 2824
f 2824 2827 2778
f 2828 2825 2826
f 2826 2829 2828
f 2830 2831 2832
f 2832 2833 2830
f 2833 2832 2828
f 2828 2829 2833
f 2834 2835 2836
f 2836 2837 2834
f 2837 2836 2831
f 2831 2830 2837
f 2838 2839 2767
f 2767 2766 2838
f 2840 2838 2766
f 2766 2772 2840
f 2841 2840 2772
f 2772 2775 2841
f 2841 2775 2806
f 2806 2842 2841
f 2761 2760 2843
f 2843 2844 2761
f 2840 2841 2845
f 2845 2846 2840
f 2838 2840 2846
f 2846 2847 2838
f 2847 2848 2839
f 2839 2838 2847
f 2846 2845 2849
f 2849 2850 2846
f 2850 2851 2847
f 2847 2846 2850
f 2852 2853 2850
f 2850 2849 2852
f 2851 2850 2853
f 2853 2854 2851
f 2855 2856 2854
f 2854 2853 2855
f 2857 2855 2853
f 2853 2852 2857
f 2858 2859 2856
f 2856 2855 2858
f 2855 2857 2860
f 2860 2858 2855
f 2858 2860 2861
f 2861 2862 2858
f 2862 2861 2863
f 2863 2864 2862
f 2864 2865 2866
f 2866 2862 2864
f 2862 2866 2859
f 2859 2858 2862
f 2867 2868 2869
f 2870 2868 2867
f 2867 2871 2870
f 2870 2871 2872
f 2873 2870 2872
f 2872 2874 2873
f 2873 2874 2875
f 2876 2868 2870
f 2876 2870 2873
f 2864 2863 2869
f 2869 2877 2864
f 2878 2869 2868
f 2868 2876 2878
f 2865 2864 2877
f 2877 2879 2865
f 2879 2877 2878
f 2877 2869 2878
f 2880 2848 2847
f 2847 2851 2880
f 2881 2880 2851
f 2851 2854 2881
f 2882 2881 2854
f 2854 2856 2882
f 2883 2884 2885
f 2885 2886 2883
f 2887 2835 2834
f 2834 2888 2887
f 2844 2843 2889
f 2889 2890 2844
f 2890 2889 2891
f 2891 2892 2890
f 2892 2891 2885
f 2885 2884 2892
f 2893 2845 2841
f 2841 2842 2893
f 2887 2888 2894
f 2894 2895 2887
f 2849 2845 2893
f 2893 2896 2849
f 2897 2895 2894
f 2894 2898 2897
f 2896 2899 2852
f 2852 2849 2896
f 2898 2900 2901
f 2901 2897 2898
f 2857 2852 2899
f 2899 2902 2857
f 2903 2901 2900
f 2900 2904 2903
f 2905 2906 2907
f 2907 2908 2905
f 2873 2875 2909
f 2909 2910 2873
f 2911 2905 2908
f 2908 2912 2911
f 2876 2873 2910
f 2910 2913 2876
f 2914 2911 2912
f 2912 2915 2914
f 2878 2876 2913
f 2913 2916 2878
f 2917 2914 2915
f 2915 2918 2917
f 2919 2879 2878
f 2878 2916 2919
f 2920 2917 2918
f 2918 2921 2920
f 2865 2879 2919
f 2919 2922 2865
f 2923 2920 2921
f 2921 2924 2923
f 2866 2865 2922
f 2922 2925 2866
f 2926 2923 2924
f 2924 2927 2926
f 2928 2882 2856
f 2856 2859 2928
f 2929 2883 2886
f 2886 2930 2929
f 2859 2866 2925
f 2925 2928 2859
f 2930 2926 2927
f 2927 2929 2930
f 2860 2857 2902
f 2902 2931 2860
f 2932 2903 2904
f 2904 2933 2932
f 2861 2860 2931
f 2931 2934 2861
f 2935 2932 2933
f 2933 2936 2935
f 2863 2861 2934
f 2934 2937 2863
f 2938 2935 2936
f 2936 2939 2938
f 2940 2941 2909
f 2909 2875 2940
f 2942 2943 2944
f 2944 2945 2942
f 2946 2940 2875
f 2875 2874 2946
f 2947 2942 2945
f 2945 2948 2947
f 2949 2946 2874
f 2874 2872 2949
f 2950 2947 2948
f 2948 2951 2950
f 2952 2949 2872
f 2872 2871 2952
f 2953 2950 2951
f 2951 2954 2953
f 2955 2952 2871
f 2871 2867 2955
f 2956 2953 2954
f 2954 2957 2956
f 2869 2863 2937
f 2937 2958 2869
f 2959 2938 2939
f 2939 2960 2959
f 2867 2869 2958
f 2958 2955 2867
f 2960 2956 2957
f 2957 2959 2960
f 2961 2962 2963
f 2963 2964 2961
f 2962 2965 2966
f 2966 2963 2962
f 2967 2968 2969
f 2969 2970 2967
f 2968 2971 2972
f 2972 2969 2968
f 2973 2974 2968
f 2968 2967 2973
f 2975 2971 2968
f 2968 2974 2975
f 2976 2977 2974
f 2974 2973 2976
f 2978 2975 2974
f 2974 2977 2978
f 2979 2980 2981
f 2982 2975 2978
f 2978 2981 2982
f 2983 2982 2981
f 2971 2984 2985
f 2985 2972 2971
f 2986 2987 2980
f 2980 2979 2986
f 2987 2986 2988
f 2989 2983 2981
f 2981 2980 2989
f 2990 2991 2987
f 2987 2988 2990
f 2991 2989 2987
f 2991 2990 2992
f 2987 2989 2980
f 2984 2971 2975
f 2975 2982 2984
f 2983 2984 2982
f 2983 2993 2985
f 2985 2984 2983
f 2989 2994 2993
f 2993 2983 2989
f 2991 2995 2994
f 2994 2989 2991
f 2992 2996 2995
f 2995 2991 2992
f 2997 2998 2999
f 2999 3000 2997
f 2998 3001 3002
f 3002 2999 2998
f 3003 2966 2965
f 2965 3004 3003
f 3005 3003 3004
f 3004 3006 3005
f 3001 3005 3006
f 3006 3002 3001
f 3007 3008 2977
f 2977 2976 3007
f 3009 2978 2977
f 2977 3008 3009
f 3009 3010 2981
f 2981 2978 3009
f 3010 2979 2981
f 3011 2997 3000
f 3000 3012 3011
f 2992 3013 3014
f 3014 2996 2992
f 3015 3016 3017
f 3017 3018 3015
f 2990 3019 3013
f 3013 2992 2990
f 3020 3021 3016
f 3016 3015 3020
f 2988 3022 3019
f 3019 2990 2988
f 3023 3024 3021
f 3021 3020 3023
f 2986 3025 3022
f 3022 2988 2986
f 3026 3027 3024
f 3024 3023 3026
f 3028 2979 3010
f 2979 3028 3025
f 3025 2986 2979
f 3029 3030 3027
f 3027 3026 3029
f 3031 3032 3033
f 3033 3034 3031
f 3032 3030 3029
f 3029 3033 3032
f 3035 3036 3037
f 3037 3038 3035
f 3036 3031 3034
f 3034 3037 3036
f 3039 2967 2970
f 2970 3040 3039
f 3041 2973 2967
f 2967 3039 3041
f 3042 2976 2973
f 2973 3041 3042
f 3042 3043 3007
f 3007 2976 3042
f 2964 3044 3045
f 3045 2961 2964
f 3041 3046 3047
f 3047 3042 3041
f 3039 3048 3046
f 3046 3041 3039
f 3048 3039 3040
f 3040 3049 3048
f 3046 3050 3051
f 3051 3047 3046
f 3050 3046 3048
f 3048 3052 3050
f 3053 3051 3050
f 3050 3054 3053
f 3052 3055 3054
f 3054 3050 3052
f 3056 3054 3055
f 3055 3057 3056
f 3058 3053 3054
f 3054 3056 3058
f 3059 3056 3057
f 3057 3060 3059
f 3056 3059 3061
f 3061 3058 3056
f 3059 3062 3063
f 3063 3061 3059
f 3062 3064 3065
f 3065 3063 3062
f 3064 3062 3066
f 3066 3067 3064
f 3062 3059 3060
f 3060 3066 3062
f 3068 3069 3070
f 3071 3072 3068
f 3068 3070 3071
f 3071 3073 3072
f 3074 3075 3073
f 3073 3071 3074
f 3074 3076 3075
f 3077 3071 3070
f 3077 3074 3071
f 3064 3078 3069
f 3069 3065 3064
f 3079 3077 3070
f 3070 3069 3079
f 3067 3080 3078
f 3078 3064 3067
f 3080 3079 3078
f 3078 3079 3069
f 3081 3052 3048
f 3048 3049 3081
f 3082 3055 3052
f 3052 3081 3082
f 3083 3057 3055
f 3055 3082 3083
f 3084 3085 3086
f 3086 3087 3084
f 3088 3089 3035
f 3035 3038 3088
f 3044 3090 3091
f 3091 3045 3044
f 3090 3092 3093
f 3093 3091 3090
f 3092 3087 3086
f 3086 3093 3092
f 3094 3043 3042
f 3042 3047 3094
f 3088 3095 3096
f 3096 3089 3088
f 3051 3097 3094
f 3094 3047 3051
f 3098 3099 3096
f 3096 3095 3098
f 3097 3051 3053
f 3053 3100 3097
f 3099 3098 3101
f 3101 3102 3099
f 3058 3103 3100
f 3100 3053 3058
f 3104 3105 3102
f 3102 3101 3104
f 3106 3107 3108
f 3108 3109 3106
f 3074 3110 3111
f 3111 3076 3074
f 3112 3113 3107
f 3107 3106 3112
f 3077 3114 3110
f 3110 3074 3077
f 3115 3116 3113
f 3113 3112 3115
f 3079 3117 3114
f 3114 3077 3079
f 3118 3119 3116
f 3116 3115 3118
f 3120 3117 3079
f 3079 3080 3120
f 3121 3122 3119
f 3119 3118 3121
f 3067 3123 3120
f 3120 3080 3067
f 3124 3125 3122
f 3122 3121 3124
f 3066 3126 3123
f 3123 3067 3066
f 3127 3128 3125
f 3125 3124 3127
f 3129 3060 3057
f 3057 3083 3129
f 3130 3131 3085
f 3085 3084 3130
f 3060 3129 3126
f 3126 3066 3060
f 3131 3130 3128
f 3128 3127 3131
f 3061 3132 3103
f 3103 3058 3061
f 3133 3134 3105
f 3105 3104 3133
f 3063 3135 3132
f 3132 3061 3063
f 3136 3137 3134
f 3134 3133 3136
f 3065 3138 3135
f 3135 3063 3065
f 3139 3140 3137
f 3137 3136 3139
f 3141 3076 3111
f 3111 3142 3141
f 3143 3144 3145
f 3145 3146 3143
f 3147 3075 3076
f 3076 3141 3147
f 3148 3149 3144
f 3144 3143 3148
f 3150 3073 3075
f 3075 3147 3150
f 3151 3152 3149
f 3149 3148 3151
f 3153 3072 3073
f 3073 3150 3153
f 3154 3155 3152
f 3152 3151 3154
f 3156 3068 3072
f 3072 3153 3156
f 3157 3158 3155
f 3155 3154 3157
f 3069 3159 3138
f 3138 3065 3069
f 3160 3161 3140
f 3140 3139 3160
f 3068 3159 3069
f 3159 3068 3156
f 3161 3160 3158
f 3158 3157 3161
f 3162 3163 3164
f 3163 3162 3165
f 3166 3167 3165
f 3165 3162 3166
f 3168 3166 3162
f 3162 3169 3168
f 3170 3171 3172
f 3172 3173 3170
f 3174 3175 3176
f 3176 3177 3174
f 3178 3179 3180
f 3181 3178 3180
f 3180 3182 3181
f 3183 3184 3185
f 3185 3186 3183
f 3181 3182 3187
f 3188 3183 3186
f 3186 3189 3188
f 3181 3187 3190
f 3191 3188 3189
f 3189 3192 3191
f 3193 3181 3194
f 3194 3181 3190
f 3194 3168 3169
f 3169 3193 3194
f 3195 3173 3172
f 3172 3196 3195
f 3196 3191 3192
f 3192 3195 3196
f 3197 3198 3199
f 3199 3200 3197
f 3201 3202 3203
f 3203 3204 3201
f 3205 3198 3197
f 3197 3206 3205
f 3206 3203 3202
f 3202 3205 3206
f 3177 3176 3200
f 3200 3199 3177
f 3207 3208 3171
f 3171 3170 3207
f 3175 3174 3209
f 3209 3210 3175
f 3211 3212 3213
f 3214 3213 3212
f 3215 3216 3217
f 3217 3218 3215
f 3219 3220 3221
f 3221 3222 3219
f 3223 3214 3212
f 3224 3219 3222
f 3222 3225 3224
f 3226 3215 3218
f 3218 3227 3226
f 3228 3223 3212
f 3229 3226 3227
f 3227 3230 3229
f 3231 3224 3225
f 3225 3232 3231
f 3228 3212 3233
f 3234 3231 3232
f 3232 3235 3234
f 3235 3208 3207
f 3207 3234 3235
f 3236 3210 3209
f 3209 3237 3236
f 3237 3229 3230
f 3230 3236 3237
f 3238 3239 3240
f 3241 3242 3243
f 3243 3240 3241
f 3240 3239 3244
f 3244 3245 3240
f 3240 3246 3241
f 3243 3247 3238
f 3238 3240 3243
f 3248 3249 3250
f 3250 3251 3252
f 3252 3248 3250
f 3253 3254 3255
f 3255 3256 3253
f 3245 3244 3249
f 3249 3248 3245
f 3257 3256 3255
f 3255 3258 3257
f 3259 3260 3248
f 3252 3261 3259
f 3259 3248 3252
f 3262 3185 3184
f 3184 3263 3262
f 3264 3265 3266
f 3264 3266 3267
f 3268 3269 3270
f 3270 3271 3268
f 3272 3179 3178
f 3262 3263 3273
f 3178 3270 3269
f 3269 3272 3178
f 3274 3201 3204
f 3204 3275 3274
f 3258 3274 3275
f 3257 3258 3275
f 3275 3276 3257
f 3277 3217 3216
f 3216 3278 3277
f 3279 3221 3220
f 3220 3280 3279
f 3277 3278 3254
f 3281 3264 3267
f 3271 3270 3282
f 3283 3264 3281
f 3284 3285 3286
f 3281 3287 3288
f 3288 3283 3281
f 3288 3287 3289
f 3289 3290 3288
f 3290 3289 3291
f 3291 3292 3290
f 3292 3291 3282
f 3282 3270 3293
f 3293 3292 3282
f 3294 3295 3296
f 3294 3297 3295
f 3298 3299 3300
f 3300 3301 3298
f 3301 3300 3302
f 3302 3303 3301
f 3304 3305 3299
f 3299 3298 3304
f 3306 3307 3305
f 3305 3304 3306
f 3308 3309 3297
f 3297 3294 3308
f 3310 3311 3309
f 3309 3308 3310
f 3295 3312 3296
f 3294 3296 3313
f 3313 3314 3308
f 3308 3294 3313
f 3315 3316 3317
f 3317 3318 3315
f 3315 3318 3319
f 3319 3320 3315
f 3321 3316 3315
f 3315 3322 3321
f 3323 3320 3319
f 3319 3324 3323
f 3320 3323 3325
f 3322 3315 3320
f 3320 3325 3322
f 3322 3325 3326
f 3327 3321 3322
f 3322 3326 3327
f 3327 3326 3328
f 3308 3314 3329
f 3329 3330 3308
f 3303 3302 3331
f 3331 3332 3303
f 3332 3331 3311
f 3311 3310 3332
f 3310 3308 3330
f 3330 3333 3310
f 3334 3303 3332
f 3332 3335 3334
f 3335 3332 3310
f 3310 3333 3335
f 3301 3303 3334
f 3334 3336 3301
f 3298 3301 3336
f 3336 3337 3298
f 3304 3298 3337
f 3337 3338 3304
f 3339 3340 3307
f 3307 3306 3339
f 3306 3304 3338
f 3338 3341 3306
f 3342 3339 3306
f 3306 3341 3342
f 3343 3340 3339
f 3339 3344 3343
f 3344 3339 3342
f 3342 3345 3344
f 3346 3344 3345
f 3345 3347 3346
f 3348 3284 3286
f 3286 3349 3348
f 3284 3264 3283
f 3283 3285 3284
f 3350 3279 3280
f 3351 3284 3352
f 3353 3211 3213
f 3351 3264 3284
f 3265 3264 3351
f 3354 3355 3356
f 3356 3355 3163
f 3163 3165 3356
f 3356 3165 3167
f 3167 3233 3356
f 3212 3211 3357
f 3357 3356 3212
f 3233 3212 3356
f 3352 3358 3353
f 3213 3359 3353
f 3353 3359 3351
f 3351 3352 3353
f 3360 3273 3361
f 3361 3362 3360
f 3362 3361 3363
f 3363 3364 3362
f 3365 3366 3367
f 3367 3368 3365
f 3364 3363 3369
f 3369 3370 3364
f 3371 3365 3368
f 3368 3372 3371
f 3370 3369 3373
f 3373 3374 3370
f 3375 3371 3372
f 3372 3376 3375
f 3374 3373 3377
f 3377 3378 3374
f 3379 3380 3381
f 3382 3381 3367
f 3367 3366 3382
f 3383 3379 3381
f 3381 3382 3383
f 3378 3377 3384
f 3384 3385 3378
f 3386 3375 3376
f 3376 3387 3386
f 3386 3387 3388
f 3388 3389 3386
f 3385 3384 3390
f 3390 3391 3385
f 3392 3389 3388
f 3388 3393 3392
f 3391 3390 3394
f 3394 3395 3391
f 3395 3394 3396
f 3396 3397 3395
f 3398 3392 3393
f 3393 3399 3398
f 3398 3399 3400
f 3400 3401 3398
f 3402 3277 3254
f 3254 3253 3402
f 3403 3404 3405
f 3403 3405 3406
f 3406 3407 3403
f 3408 3409 3350
f 3350 3410 3408
f 3411 3403 3407
f 3407 3412 3411
f 3413 3414 3409
f 3409 3408 3413
f 3397 3396 3414
f 3414 3413 3397
f 3415 3411 3412
f 3412 3416 3415
f 3416 3401 3400
f 3400 3415 3416
f 3417 3211 3353
f 3358 3417 3353
f 3418 3419 3357
f 3357 3211 3417
f 3417 3418 3357
f 3420 3421 3422
f 3422 3423 3420
f 3424 3425 3421
f 3421 3420 3424
f 3426 3427 3425
f 3425 3424 3426
f 3357 3419 3428
f 3428 3429 3357
f 3357 3429 3430
f 3431 3427 3426
f 3426 3432 3431
f 3354 3356 3357
f 3357 3430 3354
f 3433 3434 3431
f 3431 3432 3433
f 3355 3354 3164
f 3164 3163 3355
f 3435 3436 3434
f 3434 3433 3435
f 3162 3164 3437
f 3437 3169 3162
f 3438 3439 3436
f 3436 3435 3438
f 3193 3169 3437
f 3437 3440 3193
f 3441 3442 3439
f 3439 3438 3441
f 3443 3444 3442
f 3442 3441 3443
f 3193 3440 3445
f 3445 3446 3193
f 3447 3448 3444
f 3444 3443 3447
f 3449 3450 3448
f 3448 3447 3449
f 3451 3193 3446
f 3446 3452 3451
f 3453 3450 3449
f 3449 3454 3453
f 3181 3193 3451
f 3451 3455 3181
f 3456 3457 3453
f 3453 3454 3456
f 3178 3181 3455
f 3455 3458 3178
f 3459 3460 3457
f 3457 3456 3459
f 3270 3178 3458
f 3458 3461 3270
f 3317 3293 3270
f 3270 3461 3317
f 3462 3463 3460
f 3460 3459 3462
f 3318 3317 3461
f 3461 3464 3318
f 3465 3466 3463
f 3463 3462 3465
f 3319 3318 3464
f 3464 3467 3319
f 3468 3469 3466
f 3466 3465 3468
f 3470 3324 3319
f 3319 3467 3470
f 3471 3472 3469
f 3469 3468 3471
f 3473 3474 3472
f 3472 3471 3473
f 3348 3358 3352
f 3352 3284 3348
f 3475 3423 3422
f 3422 3476 3475
f 3477 3348 3349
f 3349 3478 3477
f 3479 3480 3481
f 3481 3477 3479
f 3478 3479 3477
f 3475 3476 3482
f 3482 3483 3475
f 3483 3482 3484
f 3484 3485 3483
f 3486 3481 3480
f 3480 3487 3486
f 3485 3484 3488
f 3488 3489 3485
f 3489 3488 3490
f 3490 3491 3489
f 3492 3493 3486
f 3486 3487 3492
f 3343 3344 3346
f 3346 3494 3343
f 3493 3492 3495
f 3495 3496 3493
f 3491 3490 3497
f 3497 3498 3491
f 3498 3497 3499
f 3499 3500 3498
f 3501 3502 3474
f 3474 3473 3501
f 3324 3470 3503
f 3503 3504 3324
f 3505 3502 3501
f 3501 3506 3505
f 3323 3324 3504
f 3504 3507 3323
f 3508 3504 3503
f 3503 3509 3508
f 3510 3507 3504
f 3504 3508 3510
f 3410 3350 3280
f 3262 3273 3360
f 3511 3512 3513
f 3513 3514 3511
f 3515 3511 3514
f 3514 3516 3515
f 3517 3518 3511
f 3511 3515 3517
f 3519 3520 3521
f 3521 3522 3519
f 3523 3524 3525
f 3525 3526 3523
f 3527 3528 3529
f 3530 3531 3528
f 3528 3527 3530
f 3532 3533 3534
f 3534 3535 3532
f 3530 3536 3531
f 3537 3538 3533
f 3533 3532 3537
f 3530 3539 3536
f 3540 3541 3538
f 3538 3537 3540
f 3542 3543 3530
f 3543 3539 3530
f 3543 3542 3518
f 3518 3517 3543
f 3544 3545 3521
f 3521 3520 3544
f 3545 3544 3541
f 3541 3540 3545
f 3546 3547 3548
f 3548 3549 3546
f 3550 3551 3552
f 3552 3553 3550
f 3554 3555 3546
f 3546 3549 3554
f 3555 3554 3553
f 3553 3552 3555
f 3524 3548 3547
f 3547 3525 3524
f 3556 3519 3522
f 3522 3557 3556
f 3526 3558 3559
f 3559 3523 3526
f 3560 3561 3562
f 3563 3562 3561
f 3564 3565 3566
f 3566 3567 3564
f 3568 3569 3570
f 3570 3571 3568
f 3572 3562 3563
f 3573 3574 3569
f 3569 3568 3573
f 3575 3576 3565
f 3565 3564 3575
f 3577 3562 3572
f 3578 3579 3576
f 3576 3575 3578
f 3580 3581 3574
f 3574 3573 3580
f 3577 3582 3562
f 3583 3584 3581
f 3581 3580 3583
f 3584 3583 3556
f 3556 3557 3584
f 3585 3586 3559
f 3559 3558 3585
f 3586 3585 3579
f 3579 3578 3586
f 3587 3588 3589
f 3590 3588 3591
f 3591 3592 3590
f 3588 3593 3594
f 3594 3589 3588
f 3588 3590 3595
f 3591 3588 3587
f 3587 3596 3591
f 3597 3598 3599
f 3598 3597 3600
f 3600 3601 3598
f 3602 3603 3604
f 3604 3605 3602
f 3593 3597 3599
f 3599 3594 3593
f 3606 3607 3604
f 3604 3603 3606
f 3608 3597 3609
f 3600 3597 3608
f 3608 3610 3600
f 3611 3612 3535
f 3535 3534 3611
f 3613 3614 3615
f 3613 3616 3614
f 3617 3618 3619
f 3618 3617 3620
f 3621 3527 3529
f 3611 3622 3612
f 3527 3621 3619
f 3619 3618 3527
f 3623 3624 3551
f 3551 3550 3623
f 3607 3624 3623
f 3606 3625 3624
f 3624 3607 3606
f 3626 3627 3567
f 3567 3566 3626
f 3628 3629 3571
f 3571 3570 3628
f 3626 3605 3627
f 3630 3616 3613
f 3620 3631 3618
f 3632 3630 3613
f 3633 3634 3635
f 3630 3636 3637
f 3636 3630 3632
f 3636 3638 3639
f 3639 3637 3636
f 3638 3640 3641
f 3641 3639 3638
f 3640 3631 3641
f 3631 3642 3618
f 3642 3631 3640
f 3643 3644 3645
f 3643 3645 3646
f 3647 3648 3649
f 3649 3650 3647
f 3648 3651 3652
f 3652 3649 3648
f 3653 3647 3650
f 3650 3654 3653
f 3655 3653 3654
f 3654 3656 3655
f 3657 3643 3646
f 3646 3658 3657
f 3659 3657 3658
f 3658 3660 3659
f 3645 3644 3661
f 3643 3662 3644
f 3662 3643 3657
f 3657 3663 3662
f 3664 3665 3666
f 3666 3667 3664
f 3664 3668 3669
f 3669 3665 3664
f 3670 3671 3664
f 3664 3667 3670
f 3672 3673 3669
f 3669 3668 3672
f 3668 3674 3672
f 3671 3674 3668
f 3668 3664 3671
f 3671 3675 3674
f 3676 3675 3671
f 3671 3670 3676
f 3676 3677 3675
f 3657 3678 3679
f 3679 3663 3657
f 3651 3680 3681
f 3681 3652 3651
f 3680 3659 3660
f 3660 3681 3680
f 3659 3682 3678
f 3678 3657 3659
f 3683 3684 3680
f 3680 3651 3683
f 3684 3682 3659
f 3659 3680 3684
f 3648 3685 3683
f 3683 3651 3648
f 3647 3686 3685
f 3685 3648 3647
f 3653 3687 3686
f 3686 3647 3653
f 3688 3655 3656
f 3656 3689 3688
f 3655 3690 3687
f 3687 3653 3655
f 3691 3690 3655
f 3655 3688 3691
f 3692 3693 3688
f 3688 3689 3692
f 3693 3694 3691
f 3691 3688 3693
f 3695 3696 3694
f 3694 3693 3695
f 3697 3698 3634
f 3634 3633 3697
f 3633 3635 3632
f 3632 3613 3633
f 3699 3629 3628
f 3700 3701 3633
f 3702 3561 3560
f 3700 3633 3613
f 3615 3700 3613
f 3703 3704 3705
f 3704 3514 3513
f 3513 3705 3704
f 3704 3582 3516
f 3516 3514 3704
f 3562 3704 3706
f 3706 3560 3562
f 3582 3704 3562
f 3701 3702 3707
f 3561 3702 3708
f 3702 3701 3700
f 3700 3708 3702
f 3709 3710 3711
f 3711 3622 3709
f 3710 3712 3713
f 3713 3711 3710
f 3714 3715 3716
f 3716 3717 3714
f 3712 3718 3719
f 3719 3713 3712
f 3720 3721 3715
f 3715 3714 3720
f 3718 3722 3723
f 3723 3719 3718
f 3724 3725 3721
f 3721 3720 3724
f 3722 3726 3727
f 3727 3723 3722
f 3728 3729 3730
f 3731 3717 3716
f 3716 3729 3731
f 3732 3731 3729
f 3729 3728 3732
f 3726 3733 3734
f 3734 3727 3726
f 3735 3736 3725
f 3725 3724 3735
f 3735 3737 3738
f 3738 3736 3735
f 3733 3739 3740
f 3740 3734 3733
f 3741 3742 3738
f 3738 3737 3741
f 3739 3743 3744
f 3744 3740 3739
f 3743 3745 3746
f 3746 3744 3743
f 3747 3748 3742
f 3742 3741 3747
f 3747 3749 3750
f 3750 3748 3747
f 3751 3602 3605
f 3605 3626 3751
f 3752 3753 3754
f 3752 3755 3756
f 3756 3753 3752
f 3757 3758 3699
f 3699 3759 3757
f 3760 3761 3755
f 3755 3752 3760
f 3762 3757 3759
f 3759 3763 3762
f 3745 3762 3763
f 3763 3746 3745
f 3764 3765 3761
f 3761 3760 3764
f 3765 3764 3750
f 3750 3749 3765
f 3766 3702 3560
f 3707 3702 3766
f 3767 3706 3768
f 3706 3767 3766
f 3766 3560 3706
f 3769 3770 3771
f 3771 3772 3769
f 3773 3769 3772
f 3772 3774 3773
f 3775 3773 3774
f 3774 3776 3775
f 3706 3777 3778
f 3778 3768 3706
f 3706 3779 3777
f 3780 3781 3775
f 3775 3776 3780
f 3703 3779 3706
f 3706 3704 3703
f 3782 3781 3780
f 3780 3783 3782
f 3705 3512 3703
f 3512 3705 3513
f 3784 3782 3783
f 3783 3785 3784
f 3511 3786 3512
f 3786 3511 3518
f 3787 3784 3785
f 3785 3788 3787
f 3542 3789 3786
f 3786 3518 3542
f 3790 3787 3788
f 3788 3791 3790
f 3792 3790 3791
f 3791 3793 3792
f 3542 3794 3795
f 3795 3789 3542
f 3796 3792 3793
f 3793 3797 3796
f 3798 3796 3797
f 3797 3799 3798
f 3800 3801 3794
f 3794 3542 3800
f 3802 3803 3798
f 3798 3799 3802
f 3530 3804 3800
f 3800 3542 3530
f 3805 3803 3802
f 3802 3806 3805
f 3527 3807 3804
f 3804 3530 3527
f 3808 3805 3806
f 3806 3809 3808
f 3618 3810 3807
f 3807 3527 3618
f 3666 3810 3618
f 3618 3642 3666
f 3811 3808 3809
f 3809 3812 3811
f 3665 3813 3810
f 3810 3666 3665
f 3814 3811 3812
f 3812 3815 3814
f 3669 3816 3813
f 3813 3665 3669
f 3817 3814 3815
f 3815 3818 3817
f 3819 3816 3669
f 3669 3673 3819
f 3820 3817 3818
f 3818 3821 3820
f 3822 3820 3821
f 3821 3823 3822
f 3697 3633 3701
f 3701 3707 3697
f 3824 3825 3771
f 3771 3770 3824
f 3826 3827 3698
f 3698 3697 3826
f 3828 3826 3829
f 3829 3830 3828
f 3827 3826 3828
f 3824 3831 3832
f 3832 3825 3824
f 3831 3833 3834
f 3834 3832 3831
f 3835 3836 3830
f 3830 3829 3835
f 3833 3837 3838
f 3838 3834 3833
f 3837 3839 3840
f 3840 3838 3837
f 3841 3836 3835
f 3835 3842 3841
f 3692 3843 3695
f 3695 3693 3692
f 3842 3844 3845
f 3845 3841 3842
f 3839 3846 3847
f 3847 3840 3839
f 3846 3848 3849
f 3849 3847 3846
f 3850 3822 3823
f 3823 3851 3850
f 3673 3852 3853
f 3853 3819 3673
f 3854 3855 3850
f 3850 3851 3854
f 3672 3856 3852
f 3852 3673 3672
f 3857 3858 3853
f 3853 3852 3857
f 3859 3857 3852
f 3852 3856 3859
f 3758 3629 3699
f 3611 3709 3622

