# https://github.com/mikedh/trimesh
v 0.07577723 -0.04374998 0.10650000
v 0.05624389 -0.06702888 0.10650000
v 0.06702888 -0.05624389 0.10650000
v 0.02992671 -0.08222305 0.10650000
v 0.04374998 -0.07577723 0.10650000
v 0.08617067 -0.01519417 0.10650000
v 0.08222305 -0.02992671 0.10650000
v -0.01519417 -0.08617067 0.10650000
v 0.01519417 -0.08617067 0.10650000
v 0.00000000 -0.08749997 0.10650000
v 0.08222305 0.02992671 0.10650000
v 0.08749997 0.00000000 0.10650000
v 0.08617067 0.01519417 0.10650000
v -0.05624389 -0.06702888 0.10650000
v -0.02992671 -0.08222305 0.10650000
v -0.04374998 -0.07577723 0.10650000
v 0.05624389 0.06702888 0.10650000
v 0.07577723 0.04374998 0.10650000
v 0.06702888 0.05624389 0.10650000
v -0.07577723 -0.04374998 0.10650000
v -0.06702888 -0.05624389 0.10650000
v -0.08617067 -0.01519417 0.10650000
v -0.08222305 -0.02992671 0.10650000
v 0.01519417 0.08617067 0.10650000
v 0.04374998 0.07577723 0.10650000
v 0.02992671 0.08222305 0.10650000
v -0.08617067 0.01519417 0.10650000
v -0.08749997 0.00000000 0.10650000
v -0.04374998 0.07577723 0.10650000
v -0.01519417 0.08617067 0.10650000
v -0.02992671 0.08222305 0.10650000
v -0.06702888 0.05624389 0.10650000
v -0.08222305 0.02992671 0.10650000
v -0.07577723 0.04374998 0.10650000
v -0.05624389 0.06702888 0.10650000
v 0.00000000 0.08749997 0.10650000
v 0.01374071 0.09361290 0.08816659
v 0.00000000 0.09488552 0.08741104
v 0.00000000 0.09461599 0.08816659
v 0.00240195 0.10836490 0.04954999
v 0.00000000 0.10839150 0.04954999
v 0.00480276 0.10828500 0.04954999
v 0.00720119 0.10815200 0.04954999
v 0.03786748 0.08845871 0.08366191
v 0.02719008 0.09062498 0.08816659
v 0.04006296 0.08571547 0.08816659
v 0.00746745 0.10813960 0.04953414
v 0.00773632 0.10813770 0.04948645
v 0.00802428 0.10814850 0.04939764
v 0.03594452 0.09166121 0.07739925
v 0.01099437 0.10889950 0.04657381
v 0.01068884 0.10890420 0.04664570
v 0.01046347 0.10889470 0.04673355
v 0.01025646 0.10887460 0.04684448
v 0.01129996 0.10887680 0.04654997
v 0.01006692 0.10884520 0.04697567
v 0.00989878 0.10880790 0.04712289
v 0.00974804 0.10876200 0.04728913
v 0.00961465 0.10870770 0.04747396
v 0.00950229 0.10864610 0.04767358
v 0.00944275 0.10860320 0.04780781
v 0.00939357 0.10855820 0.04794532
v 0.01205056 0.10879630 0.04654997
v 0.00924534 0.10844260 0.04830402
v 0.03462827 0.09468847 0.07077008
v 0.00854951 0.10821030 0.04911267
v 0.00829810 0.10817320 0.04927098
v 0.01280057 0.10871070 0.04654997
v 0.00903785 0.10834220 0.04863339
v 0.01354998 0.10861980 0.04654997
v 0.00878358 0.10826080 0.04891908
v 0.01384830 0.10858760 0.04653471
v 0.01415020 0.10856520 0.04648882
v 0.01452279 0.10855230 0.04638785
v 0.01488536 0.10855800 0.04623568
v 0.01522707 0.10858230 0.04603654
v 0.01553159 0.10862360 0.04580235
v 0.01579999 0.10868180 0.04553335
v 0.01603674 0.10875770 0.04522681
v 0.01623368 0.10884970 0.04489076
v 0.01638770 0.10895970 0.04452168
v 0.06488847 0.06885981 0.08816659
v 0.05776399 0.07701593 0.08352732
v 0.05598706 0.07722306 0.08601647
v 0.05420029 0.07755327 0.08816659
v 0.06064820 0.07693046 0.07878774
v 0.00736570 0.12104540 0.01344996
v 0.00563049 0.12149760 0.01244443
v 0.00582612 0.12138770 0.01272636
v 0.00606185 0.12129050 0.01296615
v 0.00634628 0.12120300 0.01317024
v 0.00657880 0.12114830 0.01328867
v 0.00683409 0.12110240 0.01337754
v 0.00709677 0.12106810 0.01343142
v 0.00723195 0.12105510 0.01344537
v 0.00943011 0.12090210 0.01344996
v 0.02844828 0.11166780 0.03036695
v 0.01655000 0.10928580 0.04354995
v 0.01651042 0.10911790 0.04403209
v 0.01149171 0.12072360 0.01344996
v 0.01354998 0.12050990 0.01344996
v 0.02738261 0.11396930 0.02482181
v 0.01655000 0.11905430 0.01644998
v 0.06468850 0.07733321 0.07077008
v 0.02593374 0.11607080 0.01999998
v 0.07420080 0.05870628 0.08816659
v 0.02603179 0.11880950 0.01244443
v 0.01394426 0.12045540 0.01347643
v 0.01433897 0.12038030 0.01355642
v 0.01472258 0.12028640 0.01368874
v 0.01508009 0.12017700 0.01387000
v 0.01540297 0.12005630 0.01409161
v 0.01568681 0.11992860 0.01434439
v 0.01592987 0.11979590 0.01462405
v 0.01614105 0.11965420 0.01493942
v 0.01631379 0.11950680 0.01528364
v 0.01644080 0.11935790 0.01564890
v 0.01651936 0.11921140 0.01602542
v 0.01654231 0.11913150 0.01623862
v 0.04319739 0.11081050 0.01999998
v 0.04568797 0.11272070 0.01244443
v 0.05946636 0.10299870 0.01999998
v 0.06403642 0.10340550 0.01244443
v 0.07436603 0.09281533 0.01999998
v 0.08055192 0.09113043 0.01244443
v 0.09554123 0.01143509 0.08366191
v 0.09207856 0.02176517 0.08816659
v 0.09426325 0.00816220 0.08816659
v 0.08755338 0.08049470 0.01999998
v 0.09735321 0.01470166 0.07739925
v 0.09931677 0.01735526 0.07077008
v 0.08794152 0.03490662 0.08816659
v 0.09476172 0.07624685 0.01244443
v 0.09207844 -0.02176558 0.08816659
v 0.09557974 -0.01151710 0.08352732
v 0.09487068 -0.00987464 0.08601647
v 0.09426373 -0.00816274 0.08816719
v 0.09694784 -0.01405763 0.07878774
v 0.10625910 0.05918079 0.01244443
v 0.08488929 0.08069759 0.02506732
v 0.11239170 0.03327059 0.02482181
v 0.11093130 0.03119689 0.03036695
v 0.09931677 -0.01735526 0.07077008
v 0.11348710 0.03557604 0.01999998
v 0.08794140 -0.03490698 0.08816659
v 0.11471490 0.04042083 0.01244443
v 0.11988720 0.02050387 0.01244443
v 0.11756340 0.01799517 0.01999998
v 0.12162800 0.00000000 0.01244443
v 0.11893270 0.00000000 0.01999998
v 0.11756340 -0.01799517 0.01999998
v 0.11981620 -0.02091497 0.01244443
v 0.05767369 -0.07702356 0.08366191
v 0.06488841 -0.06885987 0.08816659
v 0.05420029 -0.07755327 0.08816659
v 0.11348710 -0.03557604 0.01999998
v 0.06140863 -0.07695949 0.07739925
v 0.06468850 -0.07733321 0.07077008
v 0.07420068 -0.05870640 0.08816659
v 0.11443490 -0.04120689 0.01244443
v 0.10564440 -0.06027120 0.01244443
v 0.11233080 -0.03316742 0.02506732
v 0.02719008 -0.09062498 0.08816659
v 0.03781574 -0.08853304 0.08352732
v 0.03888362 -0.08709776 0.08601647
v 0.04006296 -0.08571547 0.08816659
v 0.03629964 -0.09098815 0.07878774
v 0.08500903 -0.08069872 0.02482181
v 0.08248299 -0.08047086 0.03036695
v 0.03462827 -0.09468847 0.07077008
v 0.08755338 -0.08049470 0.01999998
v 0.01374071 -0.09361290 0.08816659
v 0.09370660 -0.07753986 0.01244443
v 0.07897710 -0.09249854 0.01244443
v 0.07436603 -0.09281533 0.01999998
v 0.06189471 -0.10470150 0.01244443
v 0.05946636 -0.10299870 0.01999998
v 0.04319739 -0.11081050 0.01999998
v 0.04296839 -0.11378520 0.01244443
v -0.03786748 -0.08845871 0.08366191
v -0.02719008 -0.09062498 0.08816659
v -0.04006296 -0.08571547 0.08816659
v 0.02593374 -0.11607080 0.01999998
v -0.03594452 -0.09166121 0.07739925
v -0.03462827 -0.09468847 0.07077008
v -0.01374071 -0.09361290 0.08816659
v 0.02276194 -0.11947910 0.01244443
v 0.00187743 -0.12161350 0.01244443
v 0.02744156 -0.11386510 0.02506732
v 0.02844828 -0.11166780 0.03036695
v -0.06488847 -0.06885981 0.08816659
v -0.05776399 -0.07701593 0.08352732
v -0.05598706 -0.07722306 0.08601647
v -0.05420029 -0.07755327 0.08816659
v -0.06064820 -0.07693046 0.07878774
v -0.02738261 -0.11396930 0.02482181
v -0.02844828 -0.11166780 0.03036695
v -0.06468850 -0.07733321 0.07077008
v -0.02593374 -0.11607080 0.01999998
v -0.07420080 -0.05870628 0.08816659
v -0.01906299 -0.12012480 0.01244443
v -0.03943556 -0.11505740 0.01244443
v -0.04319739 -0.11081050 0.01999998
v -0.05863326 -0.10656220 0.01244443
v -0.05946636 -0.10299870 0.01999998
v -0.07608419 -0.09489232 0.01244443
v -0.07436603 -0.09281533 0.01999998
v -0.09554123 -0.01143509 0.08366191
v -0.09207856 -0.02176517 0.08816659
v -0.09426325 -0.00816220 0.08816659
v -0.08755338 -0.08049470 0.01999998
v -0.09735321 -0.01470166 0.07739925
v -0.09931677 -0.01735526 0.07077008
v -0.08794152 -0.03490662 0.08816659
v -0.09126842 -0.08039546 0.01244443
v -0.10373360 -0.06350350 0.01244443
v -0.08488929 -0.08069759 0.02506732
v -0.08248299 -0.08047086 0.03036695
v -0.09207856 0.02176517 0.08816659
v -0.09557974 0.01151710 0.08352732
v -0.09487068 0.00987464 0.08601647
v -0.09426325 0.00816220 0.08816659
v -0.09694784 0.01405763 0.07878774
v -0.09931677 0.01735526 0.07077008
v -0.11310840 -0.04471963 0.01244443
v -0.11239170 -0.03327059 0.02482181
v -0.11348710 -0.03557604 0.01999998
v -0.08794152 0.03490662 0.08816659
v -0.11911350 -0.02460354 0.01244443
v -0.11756340 -0.01799517 0.01999998
v -0.12157000 -0.00375438 0.01244443
v -0.11893270 0.00000000 0.01999998
v -0.12040470 0.01720649 0.01244443
v -0.11756340 0.01799517 0.01999998
v -0.05767369 0.07702356 0.08366191
v -0.06488847 0.06885981 0.08816659
v -0.05420029 0.07755327 0.08816659
v -0.11348710 0.03557604 0.01999998
v -0.06140863 0.07695949 0.07739925
v -0.06468850 0.07733321 0.07077008
v -0.07420080 0.05870628 0.08816659
v -0.11565240 0.03765487 0.01244443
v -0.10745450 0.05698138 0.01244443
v -0.11233080 0.03316742 0.02506732
v -0.11093130 0.03119689 0.03036695
v -0.02719008 0.09062498 0.08816659
v -0.03781574 0.08853304 0.08352732
v -0.03888362 0.08709776 0.08601647
v -0.04006296 0.08571547 0.08816659
v -0.03629964 0.09098815 0.07878774
v -0.03462827 0.09468847 0.07077008
v -0.09605544 0.07461041 0.01244443
v -0.08500903 0.08069872 0.02482181
v -0.08755338 0.08049470 0.01999998
v -0.01374071 0.09361290 0.08816659
v 0.00000000 0.09488552 0.08741104
v -0.08179473 0.09001660 0.01244443
v -0.07849478 0.08935075 0.01999998
v -0.06854557 0.09719312 0.01999998
v -0.06509715 0.10274100 0.01244443
v -0.06140393 0.10393260 0.01499998
v -0.05781865 0.10393260 0.01999998
v -0.05213940 0.10887570 0.01499998
v -0.01565694 0.10864780 0.04568535
v -0.01544237 0.10860920 0.04587763
v -0.01520425 0.10858010 0.04605174
v -0.01585417 0.10869680 0.04546993
v -0.01494497 0.10856080 0.04620510
v -0.01603198 0.10875590 0.04523372
v -0.01618683 0.10882430 0.04498034
v -0.01466876 0.10855230 0.04633343
v -0.01631510 0.10890150 0.04471331
v -0.01433938 0.10855650 0.04644399
v -0.01641511 0.10898610 0.04443717
v -0.00881547 0.10826930 0.04888820
v -0.01354998 0.10861980 0.04654997
v -0.01394337 0.10857950 0.04652363
v -0.00862283 0.10822420 0.04905760
v -0.00898850 0.10832360 0.04869669
v -0.01280057 0.10871070 0.04654997
v -0.00840539 0.10818710 0.04920881
v -0.00914150 0.10838690 0.04848396
v -0.00816751 0.10815960 0.04933691
v -0.00927025 0.10845820 0.04825431
v -0.01205056 0.10879630 0.04654997
v -0.00790453 0.10814230 0.04943966
v -0.00933766 0.10850710 0.04810166
v -0.01129996 0.10887680 0.04654997
v -0.00939357 0.10855820 0.04794532
v -0.00755268 0.10813790 0.04952245
v -0.00952256 0.10865870 0.04763329
v -0.01034581 0.10888460 0.04679280
v -0.01058363 0.10890130 0.04668265
v -0.01083463 0.10890430 0.04660516
v -0.01106834 0.10889570 0.04656374
v -0.00970304 0.10874540 0.04734671
v -0.01012724 0.10885590 0.04693043
v -0.00992429 0.10881440 0.04709827
v -0.00720119 0.10815200 0.04954999
v -0.02844828 0.11166780 0.03036695
v -0.01650506 0.10910730 0.04406356
v -0.01653903 0.10919540 0.04380500
v -0.01655000 0.10928580 0.04354995
v -0.00480276 0.10828500 0.04954999
v -0.04646027 0.11240470 0.01244443
v -0.00240195 0.10836490 0.04954999
v -0.04248040 0.11299490 0.01499998
v 0.00000000 0.10839150 0.04954999
v -0.02744156 0.11386510 0.02506732
v -0.03249996 0.11625920 0.01499998
v -0.03249996 0.11440610 0.01999998
v -0.03032189 0.11500250 0.01999998
v -0.02813291 0.11555750 0.01999998
v -0.02643918 0.11871950 0.01244443
v -0.02593374 0.11607080 0.01999998
v -0.01655000 0.11905430 0.01644998
v -0.01650726 0.11924090 0.01594805
v -0.01637876 0.11943770 0.01545089
v -0.01624292 0.11957220 0.01512891
v -0.01605248 0.11971740 0.01479673
v -0.01582705 0.11985530 0.01449692
v -0.01556789 0.11998510 0.01423066
v -0.01526647 0.12011010 0.01399046
v -0.01492917 0.12022600 0.01378589
v -0.01456350 0.12032810 0.01362681
v -0.01417988 0.12041310 0.01351767
v -0.01386421 0.12046810 0.01346671
v -0.01354998 0.12050990 0.01344996
v -0.00673818 0.12111810 0.01334869
v -0.00736570 0.12104540 0.01344996
v -0.00705189 0.12107310 0.01342475
v -0.00649512 0.12116650 0.01325047
v -0.00628501 0.12121980 0.01313227
v -0.00609404 0.12127920 0.01299315
v -0.00592625 0.12134280 0.01283848
v -0.00577778 0.12141160 0.01266574
v -0.00570071 0.12145380 0.01255792
v -0.00563049 0.12149760 0.01244443
v -0.01149171 0.12072360 0.01344996
v -0.00943011 0.12090210 0.01344996
v 0.09051609 0.05913710 0.05030548
v 0.08248299 0.08047086 0.03036695
v 0.08193987 0.04730796 0.08816659
v 0.09901523 -0.04343211 0.05030548
v 0.08193969 -0.04730820 0.08816659
v 0.11093130 -0.03119689 0.03036695
v 0.01779627 -0.10664730 0.05030548
v 0.00000000 -0.09461599 0.08816659
v -0.01779627 -0.10664730 0.05030548
v -0.07954794 -0.07322901 0.05030548
v -0.08193987 -0.04730796 0.08816659
v -0.09901523 -0.04343211 0.05030548
v -0.11093130 -0.03119689 0.03036695
v -0.09051609 0.05913710 0.05030548
v -0.08193987 0.04730796 0.08816659
v -0.08248299 0.08047086 0.03036695
v 0.00553364 0.12156920 0.01225203
v 0.00545788 0.10550000 0.01204997
v 0.00557625 0.10550000 0.01234316
v 0.00545788 0.12164020 0.01204997
v 0.00563049 0.12149760 0.01244443
v 0.00573939 0.10550000 0.01261401
v 0.00582612 0.12138770 0.01272636
v 0.00594318 0.10550000 0.01285576
v 0.00606185 0.12129050 0.01296615
v 0.00618249 0.10550000 0.01306241
v 0.00634628 0.12120300 0.01317024
v 0.00645143 0.10550000 0.01322877
v 0.00657880 0.12114830 0.01328867
v 0.00674319 0.10550000 0.01335060
v 0.00683409 0.12110240 0.01337754
v 0.00705051 0.10550000 0.01342499
v 0.00709677 0.12106810 0.01343142
v 0.00723195 0.12105510 0.01344537
v 0.00736570 0.10550000 0.01344996
v 0.00736570 0.12104540 0.01344996
v 0.06751078 0.02642995 0.07099997
v 0.07070952 0.01601284 0.07099997
v 0.07070952 0.01601284 -0.00000000
v 0.06751078 0.02642995 -0.00000000
v 0.06278681 0.03624999 0.07099997
v 0.06278681 0.03624999 -0.00000000
v 0.05664438 0.04525101 0.07099997
v 0.05664438 0.04525101 -0.00000000
v 0.04922229 0.05322980 0.07099997
v 0.04922229 0.05322980 -0.00000000
v 0.05427509 0.07041990 0.07099997
v 0.05262619 0.06998139 -0.00000000
v 0.05427509 0.07041990 -0.00000000
v 0.05262619 0.06998139 0.07099997
v 0.05107587 0.06926894 -0.00000000
v 0.05107587 0.06926894 0.07099997
v 0.04966926 0.06830328 -0.00000000
v 0.04966926 0.06830328 0.07099997
v 0.04844725 0.06711256 -0.00000000
v 0.04844725 0.06711256 0.07099997
v 0.04744541 0.06573140 -0.00000000
v 0.04744541 0.06573140 0.07099997
v 0.04669302 0.06420010 -0.00000000
v 0.04669302 0.06420010 0.07099997
v 0.04621183 0.06256318 -0.00000000
v 0.04621183 0.06256318 0.07099997
v 0.04601597 0.06086820 -0.00000000
v 0.04601597 0.06086820 0.07099997
v 0.04611104 0.05916470 -0.00000000
v 0.04611104 0.05916470 0.07099997
v 0.04649436 0.05750209 -0.00000000
v 0.04649436 0.05750209 0.07099997
v 0.04715478 0.05592888 -0.00000000
v 0.04715478 0.05592888 0.07099997
v 0.04807299 0.05449080 -0.00000000
v 0.04807299 0.05449080 0.07099997
v 0.04922229 0.05322980 -0.00000000
v 0.04922229 0.05322980 0.07099997
v 0.07206964 0.07355755 0.01499998
v 0.08335125 0.07554686 -0.00000000
v 0.08335125 0.07554686 0.01499998
v 0.05427509 0.07041990 -0.00000000
v 0.05673247 0.07085323 0.03999996
v 0.07206964 0.07355755 0.03999996
v 0.05427509 0.07041990 0.07099997
v 0.05673247 0.07085323 0.07099997
v 0.09196156 0.07296168 0.01499998
v 0.09196156 0.07296168 -0.00000000
v 0.09300285 0.07181024 -0.00000000
v 0.09300285 0.07181024 0.01499998
v 0.09075456 0.07393807 0.01499998
v 0.09075456 0.07393807 -0.00000000
v 0.08941102 0.07471591 0.01499998
v 0.08941102 0.07471591 -0.00000000
v 0.08796328 0.07527637 0.01499998
v 0.08796328 0.07527637 -0.00000000
v 0.08644622 0.07560604 0.01499998
v 0.08644622 0.07560604 -0.00000000
v 0.08489638 0.07569694 0.01499998
v 0.08489638 0.07569694 -0.00000000
v 0.08335125 0.07554686 0.01499998
v 0.08335125 0.07554686 -0.00000000
v 0.05664438 -0.04525101 0.07099997
v 0.04922229 -0.05322980 0.07099997
v 0.04922229 -0.05322980 0.00000000
v 0.05664438 -0.04525101 0.00000000
v 0.06278681 -0.03624999 0.07099997
v 0.06278681 -0.03624999 0.00000000
v 0.06751078 -0.02642995 0.07099997
v 0.06751078 -0.02642995 0.00000000
v 0.07070952 -0.01601284 0.07099997
v 0.07070952 -0.01601284 0.00000000
v 0.08812302 -0.01179361 0.07099997
v 0.08691877 -0.01058495 0.00000000
v 0.08812302 -0.01179361 0.00000000
v 0.08691877 -0.01058495 0.07099997
v 0.08552658 -0.00959855 0.00000000
v 0.08552658 -0.00959855 0.07099997
v 0.08398699 -0.00886315 0.00000000
v 0.08398699 -0.00886315 0.07099997
v 0.08234483 -0.00840026 0.00000000
v 0.08234483 -0.00840026 0.07099997
v 0.08064782 -0.00822323 0.00000000
v 0.08064782 -0.00822323 0.07099997
v 0.07894545 -0.00833726 0.00000000
v 0.07894545 -0.00833726 0.07099997
v 0.07728719 -0.00873905 0.00000000
v 0.07728719 -0.00873905 0.07099997
v 0.07572144 -0.00941688 0.00000000
v 0.07572144 -0.00941688 0.07099997
v 0.07429367 -0.01035100 0.00000000
v 0.07429367 -0.01035100 0.07099997
v 0.07304549 -0.01151424 0.00000000
v 0.07304549 -0.01151424 0.07099997
v 0.07201325 -0.01287275 0.00000000
v 0.07201325 -0.01287275 0.07099997
v 0.07122695 -0.01438701 0.00000000
v 0.07122695 -0.01438701 0.07099997
v 0.07070952 -0.01601284 0.00000000
v 0.07070952 -0.01601284 0.07099997
v 0.09973758 -0.02563530 0.01499998
v 0.10710110 -0.03441083 0.00000000
v 0.10710110 -0.03441083 0.01499998
v 0.08812302 -0.01179361 0.00000000
v 0.08972692 -0.01370513 0.03999996
v 0.09973758 -0.02563530 0.03999996
v 0.08812302 -0.01179361 0.07099997
v 0.08972692 -0.01370513 0.07099997
v 0.10916750 -0.04316014 0.01499998
v 0.10916750 -0.04316014 0.00000000
v 0.10869090 -0.04463768 0.00000000
v 0.10869090 -0.04463768 0.01499998
v 0.10940960 -0.04162669 0.01499998
v 0.10940960 -0.04162669 0.00000000
v 0.10941140 -0.04007422 0.01499998
v 0.10941140 -0.04007422 0.00000000
v 0.10917290 -0.03854018 0.01499998
v 0.10917290 -0.03854018 0.00000000
v 0.10869990 -0.03706157 0.01499998
v 0.10869990 -0.03706157 0.00000000
v 0.10800370 -0.03567397 0.01499998
v 0.10800370 -0.03567397 0.00000000
v 0.10710110 -0.03441083 0.01499998
v 0.10710110 -0.03441083 0.00000000
v -0.02148717 -0.06924265 0.07099997
v -0.02148717 -0.06924265 0.00000000
v -0.01086634 -0.07168102 0.00000000
v -0.01086634 -0.07168102 0.07099997
v 0.00000000 -0.07249999 0.00000000
v 0.00000000 -0.07249999 0.07099997
v 0.01086634 -0.07168102 0.00000000
v 0.01086634 -0.07168102 0.07099997
v 0.02148717 -0.06924265 0.07099997
v 0.02148717 -0.06924265 0.00000000
v 0.03384786 -0.08221358 0.07099997
v 0.03429251 -0.08056634 0.00000000
v 0.03384786 -0.08221358 0.00000000
v 0.03429251 -0.08056634 0.07099997
v 0.03445065 -0.07886749 0.07099997
v 0.03431773 -0.07716649 0.00000000
v 0.03445065 -0.07886749 0.00000000
v 0.03431773 -0.07716649 0.07099997
v 0.03389751 -0.07551282 0.07099997
v 0.03320235 -0.07395470 0.00000000
v 0.03389751 -0.07551282 0.00000000
v 0.03320235 -0.07395470 0.07099997
v 0.03225243 -0.07253736 0.07099997
v 0.03225243 -0.07253736 0.00000000
v 0.03107535 -0.07130223 0.07099997
v 0.03107535 -0.07130223 0.00000000
v 0.02970546 -0.07028514 0.07099997
v 0.02818256 -0.06951570 0.00000000
v 0.02970546 -0.07028514 0.00000000
v 0.02818256 -0.06951570 0.07099997
v 0.02655106 -0.06901639 0.07099997
v 0.02655106 -0.06901639 0.00000000
v 0.02485841 -0.06880170 0.07099997
v 0.02485841 -0.06880170 0.00000000
v 0.02315396 -0.06887787 0.07099997
v 0.02315396 -0.06887787 0.00000000
v 0.02148717 -0.06924265 0.07099997
v 0.02148717 -0.06924265 0.00000000
v 0.02766788 -0.09919291 0.01499998
v 0.02374982 -0.10995770 0.00000000
v 0.02374982 -0.10995770 0.01499998
v 0.03384786 -0.08221358 0.00000000
v 0.03299444 -0.08455836 0.03999996
v 0.02766788 -0.09919291 0.03999996
v 0.03384786 -0.08221358 0.07099997
v 0.03299444 -0.08455836 0.07099997
v 0.01720589 -0.11612190 0.01499998
v 0.01720589 -0.11612190 0.00000000
v 0.01568806 -0.11644790 0.00000000
v 0.01568806 -0.11644790 0.01499998
v 0.01865494 -0.11556480 0.01499998
v 0.01865494 -0.11556480 0.00000000
v 0.02000033 -0.11479020 0.01499998
v 0.02120959 -0.11381660 0.00000000
v 0.02000033 -0.11479020 0.00000000
v 0.02120959 -0.11381660 0.01499998
v 0.02225363 -0.11266760 0.01499998
v 0.02225363 -0.11266760 0.00000000
v 0.02310723 -0.11137090 0.01499998
v 0.02374982 -0.10995770 0.00000000
v 0.02310723 -0.11137090 0.00000000
v 0.02374982 -0.10995770 0.01499998
v -0.06751078 -0.02642995 0.07099997
v -0.07070952 -0.01601284 0.07099997
v -0.07070952 -0.01601284 0.00000000
v -0.06751078 -0.02642995 0.00000000
v -0.06278681 -0.03624999 0.07099997
v -0.06278681 -0.03624999 0.00000000
v -0.05664438 -0.04525101 0.00000000
v -0.05664438 -0.04525101 0.07099997
v -0.04922229 -0.05322980 0.07099997
v -0.04922229 -0.05322980 0.00000000
v -0.05262619 -0.06998139 0.07099997
v -0.05262619 -0.06998139 0.00000000
v -0.05427509 -0.07041990 0.00000000
v -0.05427509 -0.07041990 0.07099997
v -0.05107587 -0.06926894 0.07099997
v -0.05107587 -0.06926894 0.00000000
v -0.04966926 -0.06830328 0.07099997
v -0.04966926 -0.06830328 0.00000000
v -0.04844725 -0.06711256 0.07099997
v -0.04844725 -0.06711256 0.00000000
v -0.04744541 -0.06573140 0.07099997
v -0.04744541 -0.06573140 0.00000000
v -0.04669302 -0.06420010 0.07099997
v -0.04669302 -0.06420010 0.00000000
v -0.04621183 -0.06256318 0.07099997
v -0.04621183 -0.06256318 0.00000000
v -0.04601597 -0.06086820 0.07099997
v -0.04611104 -0.05916470 0.00000000
v -0.04601597 -0.06086820 0.00000000
v -0.04611104 -0.05916470 0.07099997
v -0.04649436 -0.05750209 0.00000000
v -0.04649436 -0.05750209 0.07099997
v -0.04715478 -0.05592888 0.07099997
v -0.04715478 -0.05592888 0.00000000
v -0.04807299 -0.05449080 0.07099997
v -0.04922229 -0.05322980 0.00000000
v -0.04807299 -0.05449080 0.00000000
v -0.04922229 -0.05322980 0.07099997
v -0.07206964 -0.07355755 0.01499998
v -0.08335125 -0.07554686 0.00000000
v -0.08335125 -0.07554686 0.01499998
v -0.05427509 -0.07041990 0.00000000
v -0.05673247 -0.07085323 0.03999996
v -0.07206964 -0.07355755 0.03999996
v -0.05427509 -0.07041990 0.07099997
v -0.05673247 -0.07085323 0.07099997
v -0.09196156 -0.07296168 0.01499998
v -0.09075456 -0.07393807 0.00000000
v -0.09196156 -0.07296168 0.00000000
v -0.09300285 -0.07181024 0.00000000
v -0.09300285 -0.07181024 0.01499998
v -0.09075456 -0.07393807 0.01499998
v -0.08941102 -0.07471591 0.01499998
v -0.08941102 -0.07471591 0.00000000
v -0.08796328 -0.07527637 0.01499998
v -0.08644622 -0.07560604 0.00000000
v -0.08796328 -0.07527637 0.00000000
v -0.08644622 -0.07560604 0.01499998
v -0.08489638 -0.07569694 0.00000000
v -0.08489638 -0.07569694 0.01499998
v -0.08335125 -0.07554686 0.01499998
v -0.08335125 -0.07554686 0.00000000
v -0.09973758 0.02563530 0.01499998
v -0.10710110 0.03441083 -0.00000000
v -0.10710110 0.03441083 0.01499998
v -0.08812302 0.01179361 -0.00000000
v -0.08972692 0.01370513 0.03999996
v -0.09973758 0.02563530 0.03999996
v -0.08812302 0.01179361 0.07099997
v -0.08972692 0.01370513 0.07099997
v -0.10916750 0.04316014 0.01499998
v -0.10916750 0.04316014 -0.00000000
v -0.10869090 0.04463768 -0.00000000
v -0.10869090 0.04463768 0.01499998
v -0.10940960 0.04162669 0.01499998
v -0.10940960 0.04162669 -0.00000000
v -0.10941140 0.04007422 0.01499998
v -0.10941140 0.04007422 -0.00000000
v -0.10917290 0.03854018 0.01499998
v -0.10917290 0.03854018 -0.00000000
v -0.10869990 0.03706157 0.01499998
v -0.10869990 0.03706157 -0.00000000
v -0.10800370 0.03567397 0.01499998
v -0.10800370 0.03567397 -0.00000000
v -0.10710110 0.03441083 0.01499998
v -0.10710110 0.03441083 -0.00000000
v -0.09300285 0.07181024 0.01499998
v -0.09903496 0.06323230 -0.00000000
v -0.09300285 0.07181024 -0.00000000
v -0.09903496 0.06323230 0.01499998
v -0.10427820 0.05415064 -0.00000000
v -0.10427820 0.05415064 0.01499998
v -0.10869090 0.04463768 -0.00000000
v -0.08489638 0.07569694 0.01499998
v -0.08489638 0.07569694 -0.00000000
v -0.08335125 0.07554686 -0.00000000
v -0.08335125 0.07554686 0.01499998
v -0.08644622 0.07560604 0.01499998
v -0.08796328 0.07527637 -0.00000000
v -0.08644622 0.07560604 -0.00000000
v -0.08796328 0.07527637 0.01499998
v -0.08941102 0.07471591 -0.00000000
v -0.08941102 0.07471591 0.01499998
v -0.09075456 0.07393807 -0.00000000
v -0.09075456 0.07393807 0.01499998
v -0.09196156 0.07296168 -0.00000000
v -0.09196156 0.07296168 0.01499998
v -0.09300285 0.07181024 -0.00000000
v -0.09300285 0.07181024 0.01499998
v 0.04762434 -0.07607144 0.03669995
v 0.04664099 -0.07534420 0.03732907
v 0.04768794 -0.07534420 0.03669995
v 0.04768794 -0.07534420 0.03669995
v 0.04664099 -0.07534420 0.03732907
v 0.04762434 -0.07461696 0.03669995
v 0.04449021 -0.07568413 0.03858727
v 0.04349994 -0.07534420 0.03921639
v 0.04454696 -0.07534420 0.03858727
v 0.04432618 -0.07598727 0.03858727
v 0.04548048 -0.07602411 0.03795820
v 0.04559397 -0.07534420 0.03795820
v 0.04407262 -0.07622069 0.03858727
v 0.04515242 -0.07663035 0.03795820
v 0.04375702 -0.07635915 0.03858727
v 0.04647076 -0.07636409 0.03732907
v 0.04743540 -0.07677656 0.03669995
v 0.04712688 -0.07743817 0.03669995
v 0.04464530 -0.07709723 0.03795820
v 0.04341351 -0.07638764 0.03858727
v 0.04597866 -0.07727342 0.03732907
v 0.04670816 -0.07803618 0.03669995
v 0.04619199 -0.07855236 0.03669995
v 0.04401403 -0.07737410 0.03795820
v 0.04307937 -0.07630300 0.03858727
v 0.04521793 -0.07797372 0.03732907
v 0.04559397 -0.07897108 0.03669995
v 0.04493236 -0.07927960 0.03669995
v 0.04332703 -0.07743102 0.03795820
v 0.04279088 -0.07611447 0.03858727
v 0.04427105 -0.07838904 0.03732907
v 0.04422724 -0.07946854 0.03669995
v 0.04349994 -0.07953220 0.03669995
v 0.04265880 -0.07726180 0.03795820
v 0.04257917 -0.07584249 0.03858727
v 0.04324060 -0.07847446 0.03732907
v 0.04277271 -0.07946854 0.03669995
v 0.04208177 -0.07688480 0.03795820
v 0.04246723 -0.07551652 0.03858727
v 0.04223823 -0.07822060 0.03732907
v 0.04206758 -0.07927960 0.03669995
v 0.04140597 -0.07897108 0.03669995
v 0.04165834 -0.07634085 0.03795820
v 0.04246723 -0.07517188 0.03858727
v 0.04349994 -0.07534420 0.03921639
v 0.04137265 -0.07765507 0.03732907
v 0.04080796 -0.07855236 0.03669995
v 0.04029178 -0.07803618 0.03669995
v 0.04143452 -0.07568883 0.03795820
v 0.04257917 -0.07484585 0.03858727
v 0.04073756 -0.07683914 0.03732907
v 0.03987306 -0.07743817 0.03669995
v 0.03956454 -0.07677656 0.03669995
v 0.04143452 -0.07499951 0.03795820
v 0.04279088 -0.07457387 0.03858727
v 0.04040181 -0.07586115 0.03732907
v 0.03937560 -0.07607144 0.03669995
v 0.03931200 -0.07534420 0.03669995
v 0.04165834 -0.07434755 0.03795820
v 0.04307937 -0.07438540 0.03858727
v 0.04040181 -0.07482719 0.03732907
v 0.03937560 -0.07461696 0.03669995
v 0.03956454 -0.07391178 0.03669995
v 0.04208177 -0.07380360 0.03795820
v 0.04341351 -0.07430076 0.03858727
v 0.04073756 -0.07384926 0.03732907
v 0.03987306 -0.07325017 0.03669995
v 0.04029178 -0.07265222 0.03669995
v 0.04265880 -0.07342654 0.03795820
v 0.04375702 -0.07432925 0.03858727
v 0.04137265 -0.07303327 0.03732907
v 0.04080796 -0.07213598 0.03669995
v 0.04140597 -0.07171726 0.03669995
v 0.04332703 -0.07325732 0.03795820
v 0.04407262 -0.07446765 0.03858727
v 0.04223823 -0.07246774 0.03732907
v 0.04206758 -0.07140874 0.03669995
v 0.04277271 -0.07121980 0.03669995
v 0.04401403 -0.07331424 0.03795820
v 0.04432618 -0.07470113 0.03858727
v 0.04324060 -0.07221394 0.03732907
v 0.04349994 -0.07115620 0.03669995
v 0.04464530 -0.07359117 0.03795820
v 0.04449021 -0.07500422 0.03858727
v 0.04454696 -0.07534420 0.03858727
v 0.04427105 -0.07229930 0.03732907
v 0.04422724 -0.07121980 0.03669995
v 0.04493236 -0.07140874 0.03669995
v 0.04515242 -0.07405805 0.03795820
v 0.04521793 -0.07271462 0.03732907
v 0.04559397 -0.07171726 0.03669995
v 0.04619199 -0.07213598 0.03669995
v 0.04548048 -0.07466429 0.03795820
v 0.04559397 -0.07534420 0.03795820
v 0.04597866 -0.07341492 0.03732907
v 0.04670816 -0.07265222 0.03669995
v 0.04712688 -0.07325017 0.03669995
v 0.04647076 -0.07432430 0.03732907
v 0.04743540 -0.07391178 0.03669995
v 0.04768794 -0.07534420 0.00669998
v 0.04762434 -0.07607144 0.03669995
v 0.04768794 -0.07534420 0.03669995
v 0.04762434 -0.07607144 0.00669998
v 0.04743540 -0.07677656 0.03669995
v 0.04743540 -0.07677656 0.00669998
v 0.04712688 -0.07743817 0.03669995
v 0.04712688 -0.07743817 0.00669998
v 0.04670816 -0.07803618 0.03669995
v 0.04670816 -0.07803618 0.00669998
v 0.04619199 -0.07855236 0.03669995
v 0.04619199 -0.07855236 0.00669998
v 0.04559397 -0.07897108 0.03669995
v 0.04559397 -0.07897108 0.00669998
v 0.04493236 -0.07927960 0.03669995
v 0.04493236 -0.07927960 0.00669998
v 0.04422724 -0.07946854 0.03669995
v 0.04422724 -0.07946854 0.00669998
v 0.04349994 -0.07953220 0.03669995
v 0.04349994 -0.07953220 0.00669998
v 0.04277271 -0.07946854 0.03669995
v 0.04277271 -0.07946854 0.00669998
v 0.04206758 -0.07927960 0.03669995
v 0.04206758 -0.07927960 0.00669998
v 0.04140597 -0.07897108 0.03669995
v 0.04140597 -0.07897108 0.00669998
v 0.04080796 -0.07855236 0.03669995
v 0.04080796 -0.07855236 0.00669998
v 0.04029178 -0.07803618 0.03669995
v 0.04029178 -0.07803618 0.00669998
v 0.03987306 -0.07743817 0.03669995
v 0.03987306 -0.07743817 0.00669998
v 0.03956454 -0.07677656 0.03669995
v 0.03956454 -0.07677656 0.00669998
v 0.03937560 -0.07607144 0.03669995
v 0.03937560 -0.07607144 0.00669998
v 0.03931200 -0.07534420 0.03669995
v 0.03931200 -0.07534420 0.00669998
v 0.03937560 -0.07461696 0.03669995
v 0.03937560 -0.07461696 0.00669998
v 0.03956454 -0.07391178 0.03669995
v 0.03956454 -0.07391178 0.00669998
v 0.03987306 -0.07325017 0.00669998
v 0.03987306 -0.07325017 0.03669995
v 0.04029178 -0.07265222 0.03669995
v 0.04029178 -0.07265222 0.00669998
v 0.04080796 -0.07213598 0.03669995
v 0.04080796 -0.07213598 0.00669998
v 0.04140597 -0.07171726 0.03669995
v 0.04140597 -0.07171726 0.00669998
v 0.04206758 -0.07140874 0.03669995
v 0.04206758 -0.07140874 0.00669998
v 0.04277271 -0.07121980 0.00669998
v 0.04277271 -0.07121980 0.03669995
v 0.04349994 -0.07115620 0.03669995
v 0.04349994 -0.07115620 0.00669998
v 0.04422724 -0.07121980 0.03669995
v 0.04422724 -0.07121980 0.00669998
v 0.04493236 -0.07140874 0.03669995
v 0.04493236 -0.07140874 0.00669998
v 0.04559397 -0.07171726 0.03669995
v 0.04559397 -0.07171726 0.00669998
v 0.04619199 -0.07213598 0.03669995
v 0.04619199 -0.07213598 0.00669998
v 0.04670816 -0.07265222 0.00669998
v 0.04670816 -0.07265222 0.03669995
v 0.04712688 -0.07325017 0.03669995
v 0.04712688 -0.07325017 0.00669998
v 0.04743540 -0.07391178 0.03669995
v 0.04743540 -0.07391178 0.00669998
v 0.04762434 -0.07461696 0.03669995
v 0.04762434 -0.07461696 0.00669998
v 0.04768794 -0.07534420 0.00669998
v 0.04768794 -0.07534420 0.03669995
v -0.03937560 0.07461696 0.03669995
v -0.04035896 0.07534420 0.03732907
v -0.03931200 0.07534420 0.03669995
v -0.03931200 0.07534420 0.03669995
v -0.04035896 0.07534420 0.03732907
v -0.03937560 0.07607144 0.03669995
v -0.04250973 0.07500422 0.03858727
v -0.04349994 0.07534420 0.03921639
v -0.04245299 0.07534420 0.03858727
v -0.04267376 0.07470113 0.03858727
v -0.04151946 0.07466429 0.03795820
v -0.04140597 0.07534420 0.03795820
v -0.04292732 0.07446765 0.03858727
v -0.04184752 0.07405805 0.03795820
v -0.04324293 0.07432925 0.03858727
v -0.04052919 0.07432430 0.03732907
v -0.03956454 0.07391178 0.03669995
v -0.03987306 0.07325017 0.03669995
v -0.04235464 0.07359117 0.03795820
v -0.04358643 0.07430076 0.03858727
v -0.04102128 0.07341492 0.03732907
v -0.04029178 0.07265222 0.03669995
v -0.04080796 0.07213598 0.03669995
v -0.04298591 0.07331424 0.03795820
v -0.04392057 0.07438540 0.03858727
v -0.04178202 0.07271462 0.03732907
v -0.04140597 0.07171726 0.03669995
v -0.04206758 0.07140874 0.03669995
v -0.04367291 0.07325732 0.03795820
v -0.04420906 0.07457387 0.03858727
v -0.04272890 0.07229930 0.03732907
v -0.04277271 0.07121980 0.03669995
v -0.04349994 0.07115620 0.03669995
v -0.04434114 0.07342654 0.03795820
v -0.04442077 0.07484585 0.03858727
v -0.04375934 0.07221394 0.03732907
v -0.04422724 0.07121980 0.03669995
v -0.04491817 0.07380360 0.03795820
v -0.04453271 0.07517188 0.03858727
v -0.04476171 0.07246774 0.03732907
v -0.04493236 0.07140874 0.03669995
v -0.04559397 0.07171726 0.03669995
v -0.04534161 0.07434755 0.03795820
v -0.04453271 0.07551652 0.03858727
v -0.04349994 0.07534420 0.03921639
v -0.04562729 0.07303327 0.03732907
v -0.04619199 0.07213598 0.03669995
v -0.04670816 0.07265222 0.03669995
v -0.04556542 0.07499951 0.03795820
v -0.04442077 0.07584249 0.03858727
v -0.04626238 0.07384926 0.03732907
v -0.04712688 0.07325017 0.03669995
v -0.04743540 0.07391178 0.03669995
v -0.04556542 0.07568883 0.03795820
v -0.04420906 0.07611447 0.03858727
v -0.04659813 0.07482719 0.03732907
v -0.04762434 0.07461696 0.03669995
v -0.04768794 0.07534420 0.03669995
v -0.04534161 0.07634085 0.03795820
v -0.04392057 0.07630300 0.03858727
v -0.04659813 0.07586115 0.03732907
v -0.04762434 0.07607144 0.03669995
v -0.04743540 0.07677656 0.03669995
v -0.04491817 0.07688480 0.03795820
v -0.04358643 0.07638764 0.03858727
v -0.04626238 0.07683914 0.03732907
v -0.04712688 0.07743817 0.03669995
v -0.04670816 0.07803618 0.03669995
v -0.04434114 0.07726180 0.03795820
v -0.04324293 0.07635915 0.03858727
v -0.04562729 0.07765507 0.03732907
v -0.04619199 0.07855236 0.03669995
v -0.04559397 0.07897108 0.03669995
v -0.04367291 0.07743102 0.03795820
v -0.04292732 0.07622069 0.03858727
v -0.04476171 0.07822060 0.03732907
v -0.04493236 0.07927960 0.03669995
v -0.04422724 0.07946854 0.03669995
v -0.04298591 0.07737410 0.03795820
v -0.04267376 0.07598727 0.03858727
v -0.04375934 0.07847446 0.03732907
v -0.04349994 0.07953220 0.03669995
v -0.04235464 0.07709723 0.03795820
v -0.04250973 0.07568413 0.03858727
v -0.04245299 0.07534420 0.03858727
v -0.04272890 0.07838904 0.03732907
v -0.04277271 0.07946854 0.03669995
v -0.04206758 0.07927960 0.03669995
v -0.04184752 0.07663035 0.03795820
v -0.04178202 0.07797372 0.03732907
v -0.04140597 0.07897108 0.03669995
v -0.04080796 0.07855236 0.03669995
v -0.04151946 0.07602411 0.03795820
v -0.04140597 0.07534420 0.03795820
v -0.04102128 0.07727342 0.03732907
v -0.04029178 0.07803618 0.03669995
v -0.03987306 0.07743817 0.03669995
v -0.04052919 0.07636409 0.03732907
v -0.03956454 0.07677656 0.03669995
v -0.03931200 0.07534420 0.00669998
v -0.03937560 0.07461696 0.03669995
v -0.03931200 0.07534420 0.03669995
v -0.03937560 0.07461696 0.00669998
v -0.03956454 0.07391178 0.03669995
v -0.03956454 0.07391178 0.00669998
v -0.03987306 0.07325017 0.03669995
v -0.03987306 0.07325017 0.00669998
v -0.04029178 0.07265222 0.03669995
v -0.04029178 0.07265222 0.00669998
v -0.04080796 0.07213598 0.03669995
v -0.04080796 0.07213598 0.00669998
v -0.04140597 0.07171726 0.03669995
v -0.04140597 0.07171726 0.00669998
v -0.04206758 0.07140874 0.03669995
v -0.04206758 0.07140874 0.00669998
v -0.04277271 0.07121980 0.03669995
v -0.04277271 0.07121980 0.00669998
v -0.04349994 0.07115620 0.03669995
v -0.04349994 0.07115620 0.00669998
v -0.04422724 0.07121980 0.03669995
v -0.04422724 0.07121980 0.00669998
v -0.04493236 0.07140874 0.03669995
v -0.04493236 0.07140874 0.00669998
v -0.04559397 0.07171726 0.03669995
v -0.04559397 0.07171726 0.00669998
v -0.04619199 0.07213598 0.03669995
v -0.04619199 0.07213598 0.00669998
v -0.04670816 0.07265222 0.03669995
v -0.04670816 0.07265222 0.00669998
v -0.04712688 0.07325017 0.03669995
v -0.04712688 0.07325017 0.00669998
v -0.04743540 0.07391178 0.03669995
v -0.04743540 0.07391178 0.00669998
v -0.04762434 0.07461696 0.03669995
v -0.04762434 0.07461696 0.00669998
v -0.04768794 0.07534420 0.03669995
v -0.04768794 0.07534420 0.00669998
v -0.04762434 0.07607144 0.03669995
v -0.04762434 0.07607144 0.00669998
v -0.04743540 0.07677656 0.03669995
v -0.04743540 0.07677656 0.00669998
v -0.04712688 0.07743817 0.03669995
v -0.04712688 0.07743817 0.00669998
v -0.04670816 0.07803618 0.03669995
v -0.04670816 0.07803618 0.00669998
v -0.04619199 0.07855236 0.03669995
v -0.04619199 0.07855236 0.00669998
v -0.04559397 0.07897108 0.03669995
v -0.04559397 0.07897108 0.00669998
v -0.04493236 0.07927960 0.03669995
v -0.04493236 0.07927960 0.00669998
v -0.04422724 0.07946854 0.03669995
v -0.04422724 0.07946854 0.00669998
v -0.04349994 0.07953220 0.00669998
v -0.04349994 0.07953220 0.03669995
v -0.04277271 0.07946854 0.03669995
v -0.04277271 0.07946854 0.00669998
v -0.04206758 0.07927960 0.03669995
v -0.04206758 0.07927960 0.00669998
v -0.04140597 0.07897108 0.03669995
v -0.04140597 0.07897108 0.00669998
v -0.04080796 0.07855236 0.00669998
v -0.04080796 0.07855236 0.03669995
v -0.04029178 0.07803618 0.03669995
v -0.04029178 0.07803618 0.00669998
v -0.03987306 0.07743817 0.03669995
v -0.03987306 0.07743817 0.00669998
v -0.03956454 0.07677656 0.00669998
v -0.03956454 0.07677656 0.03669995
v -0.03937560 0.07607144 0.03669995
v -0.03937560 0.07607144 0.00669998
v -0.03931200 0.07534420 0.03669995
v -0.03931200 0.07534420 0.00669998
v -0.03857594 0.07621240 0.00669998
v -0.03849995 0.07534420 0.00149995
v -0.03849995 0.07534420 0.00669998
v -0.03857594 0.07621240 0.00149995
v -0.03880149 0.07705432 0.00669998
v -0.03880149 0.07705432 0.00149995
v -0.03916984 0.07784420 0.00669998
v -0.03916984 0.07784420 0.00149995
v -0.03966975 0.07855814 0.00669998
v -0.03966975 0.07855814 0.00149995
v -0.04028606 0.07917439 0.00669998
v -0.04028606 0.07917439 0.00149995
v -0.04099994 0.07967430 0.00669998
v -0.04099994 0.07967430 0.00149995
v -0.04178988 0.08004266 0.00669998
v -0.04178988 0.08004266 0.00149995
v -0.04263174 0.08026820 0.00669998
v -0.04263174 0.08026820 0.00149995
v -0.04349994 0.08034420 0.00669998
v -0.04349994 0.08034420 0.00149995
v -0.04436820 0.08026820 0.00149995
v -0.04436820 0.08026820 0.00669998
v -0.04521006 0.08004266 0.00149995
v -0.04521006 0.08004266 0.00669998
v -0.04600000 0.07967430 0.00669998
v -0.04600000 0.07967430 0.00149995
v -0.04671388 0.07917439 0.00149995
v -0.04671388 0.07917439 0.00669998
v -0.04733020 0.07855814 0.00669998
v -0.04733020 0.07855814 0.00149995
v -0.04783010 0.07784420 0.00149995
v -0.04783010 0.07784420 0.00669998
v -0.04819846 0.07705432 0.00669998
v -0.04819846 0.07705432 0.00149995
v -0.04842400 0.07621240 0.00669998
v -0.04842400 0.07621240 0.00149995
v -0.04850000 0.07534420 0.00669998
v -0.04850000 0.07534420 0.00149995
v -0.04842400 0.07447594 0.00669998
v -0.04842400 0.07447594 0.00149995
v -0.04819846 0.07363408 0.00669998
v -0.04819846 0.07363408 0.00149995
v -0.04783010 0.07284420 0.00669998
v -0.04783010 0.07284420 0.00149995
v -0.04733020 0.07213026 0.00669998
v -0.04733020 0.07213026 0.00149995
v -0.04671388 0.07151395 0.00669998
v -0.04671388 0.07151395 0.00149995
v -0.04600000 0.07101404 0.00669998
v -0.04600000 0.07101404 0.00149995
v -0.04521006 0.07064574 0.00149995
v -0.04521006 0.07064574 0.00669998
v -0.04436820 0.07042014 0.00149995
v -0.04436820 0.07042014 0.00669998
v -0.04349994 0.07034420 0.00669998
v -0.04349994 0.07034420 0.00149995
v -0.04263174 0.07042014 0.00669998
v -0.04263174 0.07042014 0.00149995
v -0.04178988 0.07064574 0.00669998
v -0.04178988 0.07064574 0.00149995
v -0.04099994 0.07101404 0.00149995
v -0.04099994 0.07101404 0.00669998
v -0.04028606 0.07151395 0.00669998
v -0.04028606 0.07151395 0.00149995
v -0.03966975 0.07213026 0.00669998
v -0.03966975 0.07213026 0.00149995
v -0.03916984 0.07284420 0.00669998
v -0.03916984 0.07284420 0.00149995
v -0.03880149 0.07363408 0.00669998
v -0.03880149 0.07363408 0.00149995
v -0.03857594 0.07447594 0.00669998
v -0.03857594 0.07447594 0.00149995
v -0.03849995 0.07534420 0.00669998
v -0.03849995 0.07534420 0.00149995
v -0.04080796 0.07213598 0.00669998
v -0.04028606 0.07151395 0.00669998
v -0.04099994 0.07101404 0.00669998
v -0.03966975 0.07213026 0.00669998
v -0.04029178 0.07265222 0.00669998
v -0.03987306 0.07325017 0.00669998
v -0.03916984 0.07284420 0.00669998
v -0.03880149 0.07363408 0.00669998
v -0.04140597 0.07171726 0.00669998
v -0.03956454 0.07391178 0.00669998
v -0.04206758 0.07140874 0.00669998
v -0.04178988 0.07064574 0.00669998
v -0.04263174 0.07042014 0.00669998
v -0.03937560 0.07461696 0.00669998
v -0.03857594 0.07447594 0.00669998
v -0.04277271 0.07121980 0.00669998
v -0.04349994 0.07034420 0.00669998
v -0.03931200 0.07534420 0.00669998
v -0.03849995 0.07534420 0.00669998
v -0.04349994 0.07115620 0.00669998
v -0.03937560 0.07607144 0.00669998
v -0.03857594 0.07621240 0.00669998
v -0.04422724 0.07121980 0.00669998
v -0.04436820 0.07042014 0.00669998
v -0.03956454 0.07677656 0.00669998
v -0.03880149 0.07705432 0.00669998
v -0.04493236 0.07140874 0.00669998
v -0.04521006 0.07064574 0.00669998
v -0.03987306 0.07743817 0.00669998
v -0.03916984 0.07784420 0.00669998
v -0.04559397 0.07171726 0.00669998
v -0.04600000 0.07101404 0.00669998
v -0.04029178 0.07803618 0.00669998
v -0.03966975 0.07855814 0.00669998
v -0.04619199 0.07213598 0.00669998
v -0.04671388 0.07151395 0.00669998
v -0.04080796 0.07855236 0.00669998
v -0.04028606 0.07917439 0.00669998
v -0.04733020 0.07213026 0.00669998
v -0.04670816 0.07265222 0.00669998
v -0.04140597 0.07897108 0.00669998
v -0.04099994 0.07967430 0.00669998
v -0.04783010 0.07284420 0.00669998
v -0.04712688 0.07325017 0.00669998
v -0.04178988 0.08004266 0.00669998
v -0.04206758 0.07927960 0.00669998
v -0.04819846 0.07363408 0.00669998
v -0.04743540 0.07391178 0.00669998
v -0.04277271 0.07946854 0.00669998
v -0.04263174 0.08026820 0.00669998
v -0.04842400 0.07447594 0.00669998
v -0.04762434 0.07461696 0.00669998
v -0.04349994 0.08034420 0.00669998
v -0.04349994 0.07953220 0.00669998
v -0.04422724 0.07946854 0.00669998
v -0.04850000 0.07534420 0.00669998
v -0.04768794 0.07534420 0.00669998
v -0.04436820 0.08026820 0.00669998
v -0.04842400 0.07621240 0.00669998
v -0.04762434 0.07607144 0.00669998
v -0.04521006 0.08004266 0.00669998
v -0.04493236 0.07927960 0.00669998
v -0.04819846 0.07705432 0.00669998
v -0.04743540 0.07677656 0.00669998
v -0.04600000 0.07967430 0.00669998
v -0.04559397 0.07897108 0.00669998
v -0.04619199 0.07855236 0.00669998
v -0.04783010 0.07784420 0.00669998
v -0.04712688 0.07743817 0.00669998
v -0.04671388 0.07917439 0.00669998
v -0.04733020 0.07855814 0.00669998
v -0.04670816 0.07803618 0.00669998
v 0.04842400 -0.07447594 0.00669998
v 0.04850000 -0.07534420 0.00149995
v 0.04850000 -0.07534420 0.00669998
v 0.04842400 -0.07447594 0.00149995
v 0.04819846 -0.07363408 0.00669998
v 0.04819846 -0.07363408 0.00149995
v 0.04783010 -0.07284420 0.00669998
v 0.04783010 -0.07284420 0.00149995
v 0.04733020 -0.07213026 0.00669998
v 0.04733020 -0.07213026 0.00149995
v 0.04671388 -0.07151395 0.00669998
v 0.04671388 -0.07151395 0.00149995
v 0.04600000 -0.07101404 0.00669998
v 0.04600000 -0.07101404 0.00149995
v 0.04521006 -0.07064574 0.00669998
v 0.04521006 -0.07064574 0.00149995
v 0.04436820 -0.07042014 0.00669998
v 0.04436820 -0.07042014 0.00149995
v 0.04349994 -0.07034420 0.00669998
v 0.04349994 -0.07034420 0.00149995
v 0.04263174 -0.07042014 0.00149995
v 0.04263174 -0.07042014 0.00669998
v 0.04178988 -0.07064574 0.00149995
v 0.04178988 -0.07064574 0.00669998
v 0.04099994 -0.07101404 0.00669998
v 0.04099994 -0.07101404 0.00149995
v 0.04028606 -0.07151395 0.00149995
v 0.04028606 -0.07151395 0.00669998
v 0.03966975 -0.07213026 0.00669998
v 0.03966975 -0.07213026 0.00149995
v 0.03916984 -0.07284420 0.00149995
v 0.03916984 -0.07284420 0.00669998
v 0.03880149 -0.07363408 0.00669998
v 0.03880149 -0.07363408 0.00149995
v 0.03857594 -0.07447594 0.00669998
v 0.03857594 -0.07447594 0.00149995
v 0.03849995 -0.07534420 0.00669998
v 0.03849995 -0.07534420 0.00149995
v 0.03857594 -0.07621240 0.00669998
v 0.03857594 -0.07621240 0.00149995
v 0.03880149 -0.07705432 0.00669998
v 0.03880149 -0.07705432 0.00149995
v 0.03916984 -0.07784420 0.00669998
v 0.03916984 -0.07784420 0.00149995
v 0.03966975 -0.07855814 0.00669998
v 0.03966975 -0.07855814 0.00149995
v 0.04028606 -0.07917439 0.00669998
v 0.04028606 -0.07917439 0.00149995
v 0.04099994 -0.07967430 0.00669998
v 0.04099994 -0.07967430 0.00149995
v 0.04178988 -0.08004266 0.00149995
v 0.04178988 -0.08004266 0.00669998
v 0.04263174 -0.08026820 0.00149995
v 0.04263174 -0.08026820 0.00669998
v 0.04349994 -0.08034420 0.00669998
v 0.04349994 -0.08034420 0.00149995
v 0.04436820 -0.08026820 0.00669998
v 0.04436820 -0.08026820 0.00149995
v 0.04521006 -0.08004266 0.00669998
v 0.04521006 -0.08004266 0.00149995
v 0.04600000 -0.07967430 0.00149995
v 0.04600000 -0.07967430 0.00669998
v 0.04671388 -0.07917439 0.00669998
v 0.04671388 -0.07917439 0.00149995
v 0.04733020 -0.07855814 0.00669998
v 0.04733020 -0.07855814 0.00149995
v 0.04783010 -0.07784420 0.00669998
v 0.04783010 -0.07784420 0.00149995
v 0.04819846 -0.07705432 0.00669998
v 0.04819846 -0.07705432 0.00149995
v 0.04842400 -0.07621240 0.00669998
v 0.04842400 -0.07621240 0.00149995
v 0.04850000 -0.07534420 0.00669998
v 0.04850000 -0.07534420 0.00149995
v 0.04619199 -0.07855236 0.00669998
v 0.04671388 -0.07917439 0.00669998
v 0.04600000 -0.07967430 0.00669998
v 0.04733020 -0.07855814 0.00669998
v 0.04670816 -0.07803618 0.00669998
v 0.04712688 -0.07743817 0.00669998
v 0.04783010 -0.07784420 0.00669998
v 0.04819846 -0.07705432 0.00669998
v 0.04559397 -0.07897108 0.00669998
v 0.04743540 -0.07677656 0.00669998
v 0.04493236 -0.07927960 0.00669998
v 0.04521006 -0.08004266 0.00669998
v 0.04436820 -0.08026820 0.00669998
v 0.04762434 -0.07607144 0.00669998
v 0.04842400 -0.07621240 0.00669998
v 0.04422724 -0.07946854 0.00669998
v 0.04349994 -0.08034420 0.00669998
v 0.04768794 -0.07534420 0.00669998
v 0.04850000 -0.07534420 0.00669998
v 0.04349994 -0.07953220 0.00669998
v 0.04762434 -0.07461696 0.00669998
v 0.04842400 -0.07447594 0.00669998
v 0.04277271 -0.07946854 0.00669998
v 0.04263174 -0.08026820 0.00669998
v 0.04743540 -0.07391178 0.00669998
v 0.04819846 -0.07363408 0.00669998
v 0.04206758 -0.07927960 0.00669998
v 0.04178988 -0.08004266 0.00669998
v 0.04712688 -0.07325017 0.00669998
v 0.04783010 -0.07284420 0.00669998
v 0.04140597 -0.07897108 0.00669998
v 0.04099994 -0.07967430 0.00669998
v 0.04670816 -0.07265222 0.00669998
v 0.04733020 -0.07213026 0.00669998
v 0.04080796 -0.07855236 0.00669998
v 0.04028606 -0.07917439 0.00669998
v 0.04619199 -0.07213598 0.00669998
v 0.04671388 -0.07151395 0.00669998
v 0.03966975 -0.07855814 0.00669998
v 0.04029178 -0.07803618 0.00669998
v 0.04559397 -0.07171726 0.00669998
v 0.04600000 -0.07101404 0.00669998
v 0.03916984 -0.07784420 0.00669998
v 0.03987306 -0.07743817 0.00669998
v 0.04521006 -0.07064574 0.00669998
v 0.04493236 -0.07140874 0.00669998
v 0.03880149 -0.07705432 0.00669998
v 0.03956454 -0.07677656 0.00669998
v 0.04422724 -0.07121980 0.00669998
v 0.04436820 -0.07042014 0.00669998
v 0.03857594 -0.07621240 0.00669998
v 0.03937560 -0.07607144 0.00669998
v 0.04349994 -0.07034420 0.00669998
v 0.04349994 -0.07115620 0.00669998
v 0.04277271 -0.07121980 0.00669998
v 0.03849995 -0.07534420 0.00669998
v 0.03931200 -0.07534420 0.00669998
v 0.04263174 -0.07042014 0.00669998
v 0.03857594 -0.07447594 0.00669998
v 0.03937560 -0.07461696 0.00669998
v 0.04178988 -0.07064574 0.00669998
v 0.04206758 -0.07140874 0.00669998
v 0.03880149 -0.07363408 0.00669998
v 0.03956454 -0.07391178 0.00669998
v 0.04099994 -0.07101404 0.00669998
v 0.04140597 -0.07171726 0.00669998
v 0.04080796 -0.07213598 0.00669998
v 0.03916984 -0.07284420 0.00669998
v 0.03987306 -0.07325017 0.00669998
v 0.04028606 -0.07151395 0.00669998
v 0.03966975 -0.07213026 0.00669998
v 0.04029178 -0.07265222 0.00669998
v 0.05088603 -0.07404184 0.00149995
v 0.05099999 -0.07534420 0.00000000
v 0.05099999 -0.07534420 0.00149995
v 0.05088603 -0.07404184 0.00000000
v 0.05054765 -0.07277905 0.00149995
v 0.05054765 -0.07277905 0.00000000
v 0.04999518 -0.07159417 0.00149995
v 0.04999518 -0.07159417 0.00000000
v 0.04924529 -0.07052326 0.00149995
v 0.04924529 -0.07052326 0.00000000
v 0.04832088 -0.06959885 0.00149995
v 0.04832088 -0.06959885 0.00000000
v 0.04724997 -0.06884902 0.00149995
v 0.04724997 -0.06884902 0.00000000
v 0.04606515 -0.06829649 0.00149995
v 0.04606515 -0.06829649 0.00000000
v 0.04480230 -0.06795811 0.00000000
v 0.04480230 -0.06795811 0.00149995
v 0.04349994 -0.06784421 0.00149995
v 0.04349994 -0.06784421 0.00000000
v 0.04219758 -0.06795811 0.00149995
v 0.04219758 -0.06795811 0.00000000
v 0.04093480 -0.06829649 0.00000000
v 0.04093480 -0.06829649 0.00149995
v 0.03974997 -0.06884902 0.00149995
v 0.03974997 -0.06884902 0.00000000
v 0.03867906 -0.06959885 0.00149995
v 0.03867906 -0.06959885 0.00000000
v 0.03775465 -0.07052326 0.00149995
v 0.03775465 -0.07052326 0.00000000
v 0.03700476 -0.07159417 0.00000000
v 0.03700476 -0.07159417 0.00149995
v 0.03645229 -0.07277905 0.00000000
v 0.03645229 -0.07277905 0.00149995
v 0.03611391 -0.07404184 0.00000000
v 0.03611391 -0.07404184 0.00149995
v 0.03599995 -0.07534420 0.00149995
v 0.03599995 -0.07534420 0.00000000
v 0.03611391 -0.07664656 0.00000000
v 0.03611391 -0.07664656 0.00149995
v 0.03645229 -0.07790935 0.00149995
v 0.03645229 -0.07790935 0.00000000
v 0.03700476 -0.07909417 0.00000000
v 0.03700476 -0.07909417 0.00149995
v 0.03775465 -0.08016508 0.00149995
v 0.03775465 -0.08016508 0.00000000
v 0.03867906 -0.08108949 0.00149995
v 0.03867906 -0.08108949 0.00000000
v 0.03974997 -0.08183938 0.00149995
v 0.03974997 -0.08183938 0.00000000
v 0.04093480 -0.08239185 0.00000000
v 0.04093480 -0.08239185 0.00149995
v 0.04219758 -0.08273023 0.00149995
v 0.04219758 -0.08273023 0.00000000
v 0.04349994 -0.08284419 0.00000000
v 0.04349994 -0.08284419 0.00149995
v 0.04480230 -0.08273023 0.00000000
v 0.04480230 -0.08273023 0.00149995
v 0.04606515 -0.08239185 0.00000000
v 0.04606515 -0.08239185 0.00149995
v 0.04724997 -0.08183938 0.00149995
v 0.04724997 -0.08183938 0.00000000
v 0.04832088 -0.08108949 0.00000000
v 0.04832088 -0.08108949 0.00149995
v 0.04924529 -0.08016508 0.00149995
v 0.04924529 -0.08016508 0.00000000
v 0.04999518 -0.07909417 0.00149995
v 0.04999518 -0.07909417 0.00000000
v 0.05054765 -0.07790935 0.00149995
v 0.05054765 -0.07790935 0.00000000
v 0.05088603 -0.07664656 0.00149995
v 0.05088603 -0.07664656 0.00000000
v 0.05099999 -0.07534420 0.00149995
v 0.05099999 -0.07534420 0.00000000
v 0.04671388 -0.07917439 0.00149995
v 0.04924529 -0.08016508 0.00149995
v 0.04832088 -0.08108949 0.00149995
v 0.04733020 -0.07855814 0.00149995
v 0.04783010 -0.07784420 0.00149995
v 0.04999518 -0.07909417 0.00149995
v 0.04600000 -0.07967430 0.00149995
v 0.04724997 -0.08183938 0.00149995
v 0.04819846 -0.07705432 0.00149995
v 0.05054765 -0.07790935 0.00149995
v 0.04521006 -0.08004266 0.00149995
v 0.04606515 -0.08239185 0.00149995
v 0.04842400 -0.07621240 0.00149995
v 0.05088603 -0.07664656 0.00149995
v 0.04436820 -0.08026820 0.00149995
v 0.04480230 -0.08273023 0.00149995
v 0.04850000 -0.07534420 0.00149995
v 0.05099999 -0.07534420 0.00149995
v 0.04349994 -0.08034420 0.00149995
v 0.04349994 -0.08284419 0.00149995
v 0.04842400 -0.07447594 0.00149995
v 0.05088603 -0.07404184 0.00149995
v 0.04263174 -0.08026820 0.00149995
v 0.04219758 -0.08273023 0.00149995
v 0.04819846 -0.07363408 0.00149995
v 0.05054765 -0.07277905 0.00149995
v 0.04178988 -0.08004266 0.00149995
v 0.04093480 -0.08239185 0.00149995
v 0.04783010 -0.07284420 0.00149995
v 0.04999518 -0.07159417 0.00149995
v 0.04099994 -0.07967430 0.00149995
v 0.03974997 -0.08183938 0.00149995
v 0.04733020 -0.07213026 0.00149995
v 0.04924529 -0.07052326 0.00149995
v 0.04028606 -0.07917439 0.00149995
v 0.03867906 -0.08108949 0.00149995
v 0.04671388 -0.07151395 0.00149995
v 0.04832088 -0.06959885 0.00149995
v 0.03775465 -0.08016508 0.00149995
v 0.03966975 -0.07855814 0.00149995
v 0.04724997 -0.06884902 0.00149995
v 0.04600000 -0.07101404 0.00149995
v 0.03700476 -0.07909417 0.00149995
v 0.03916984 -0.07784420 0.00149995
v 0.04606515 -0.06829649 0.00149995
v 0.04521006 -0.07064574 0.00149995
v 0.03645229 -0.07790935 0.00149995
v 0.03857594 -0.07621240 0.00149995
v 0.03880149 -0.07705432 0.00149995
v 0.04480230 -0.06795811 0.00149995
v 0.04436820 -0.07042014 0.00149995
v 0.04349994 -0.07034420 0.00149995
v 0.03611391 -0.07664656 0.00149995
v 0.04349994 -0.06784421 0.00149995
v 0.03599995 -0.07534420 0.00149995
v 0.03857594 -0.07447594 0.00149995
v 0.03849995 -0.07534420 0.00149995
v 0.04219758 -0.06795811 0.00149995
v 0.04263174 -0.07042014 0.00149995
v 0.03611391 -0.07404184 0.00149995
v 0.04093480 -0.06829649 0.00149995
v 0.04178988 -0.07064574 0.00149995
v 0.03645229 -0.07277905 0.00149995
v 0.03880149 -0.07363408 0.00149995
v 0.03974997 -0.06884902 0.00149995
v 0.04099994 -0.07101404 0.00149995
v 0.03700476 -0.07159417 0.00149995
v 0.03916984 -0.07284420 0.00149995
v 0.03867906 -0.06959885 0.00149995
v 0.04028606 -0.07151395 0.00149995
v 0.03775465 -0.07052326 0.00149995
v 0.03966975 -0.07213026 0.00149995
v -0.03611391 0.07664656 0.00149995
v -0.03599995 0.07534420 -0.00000000
v -0.03599995 0.07534420 0.00149995
v -0.03611391 0.07664656 -0.00000000
v -0.03645229 0.07790935 0.00149995
v -0.03645229 0.07790935 -0.00000000
v -0.03700476 0.07909417 0.00149995
v -0.03700476 0.07909417 -0.00000000
v -0.03775465 0.08016508 0.00149995
v -0.03775465 0.08016508 -0.00000000
v -0.03867906 0.08108949 0.00149995
v -0.03867906 0.08108949 -0.00000000
v -0.03974997 0.08183938 0.00149995
v -0.03974997 0.08183938 -0.00000000
v -0.04093480 0.08239185 0.00149995
v -0.04093480 0.08239185 -0.00000000
v -0.04219758 0.08273023 -0.00000000
v -0.04219758 0.08273023 0.00149995
v -0.04349994 0.08284419 0.00149995
v -0.04349994 0.08284419 -0.00000000
v -0.04480230 0.08273023 0.00149995
v -0.04480230 0.08273023 -0.00000000
v -0.04606515 0.08239185 0.00149995
v -0.04606515 0.08239185 -0.00000000
v -0.04724997 0.08183938 -0.00000000
v -0.04724997 0.08183938 0.00149995
v -0.04832088 0.08108949 0.00149995
v -0.04832088 0.08108949 -0.00000000
v -0.04924529 0.08016508 0.00149995
v -0.04924529 0.08016508 -0.00000000
v -0.04999518 0.07909417 0.00149995
v -0.04999518 0.07909417 -0.00000000
v -0.05054765 0.07790935 0.00149995
v -0.05054765 0.07790935 -0.00000000
v -0.05088603 0.07664656 0.00149995
v -0.05088603 0.07664656 -0.00000000
v -0.05099999 0.07534420 0.00149995
v -0.05099999 0.07534420 -0.00000000
v -0.05088603 0.07404184 0.00149995
v -0.05088603 0.07404184 -0.00000000
v -0.05054765 0.07277905 0.00149995
v -0.05054765 0.07277905 -0.00000000
v -0.04999518 0.07159417 0.00149995
v -0.04999518 0.07159417 -0.00000000
v -0.04924529 0.07052326 0.00149995
v -0.04924529 0.07052326 -0.00000000
v -0.04832088 0.06959885 -0.00000000
v -0.04832088 0.06959885 0.00149995
v -0.04724997 0.06884902 0.00149995
v -0.04724997 0.06884902 -0.00000000
v -0.04606515 0.06829649 0.00149995
v -0.04606515 0.06829649 -0.00000000
v -0.04480230 0.06795811 0.00149995
v -0.04480230 0.06795811 -0.00000000
v -0.04349994 0.06784421 0.00149995
v -0.04349994 0.06784421 -0.00000000
v -0.04219758 0.06795811 0.00149995
v -0.04219758 0.06795811 -0.00000000
v -0.04093480 0.06829649 0.00149995
v -0.04093480 0.06829649 -0.00000000
v -0.03974997 0.06884902 0.00149995
v -0.03974997 0.06884902 -0.00000000
v -0.03867906 0.06959885 0.00149995
v -0.03867906 0.06959885 -0.00000000
v -0.03775465 0.07052326 -0.00000000
v -0.03775465 0.07052326 0.00149995
v -0.03700476 0.07159417 -0.00000000
v -0.03700476 0.07159417 0.00149995
v -0.03645229 0.07277905 0.00149995
v -0.03645229 0.07277905 -0.00000000
v -0.03611391 0.07404184 -0.00000000
v -0.03611391 0.07404184 0.00149995
v -0.03599995 0.07534420 0.00149995
v -0.03599995 0.07534420 -0.00000000
v -0.04028606 0.07151395 0.00149995
v -0.03775465 0.07052326 0.00149995
v -0.03867906 0.06959885 0.00149995
v -0.03966975 0.07213026 0.00149995
v -0.03916984 0.07284420 0.00149995
v -0.03700476 0.07159417 0.00149995
v -0.04099994 0.07101404 0.00149995
v -0.03974997 0.06884902 0.00149995
v -0.03880149 0.07363408 0.00149995
v -0.03645229 0.07277905 0.00149995
v -0.04178988 0.07064574 0.00149995
v -0.04093480 0.06829649 0.00149995
v -0.03857594 0.07447594 0.00149995
v -0.03611391 0.07404184 0.00149995
v -0.04263174 0.07042014 0.00149995
v -0.04219758 0.06795811 0.00149995
v -0.03849995 0.07534420 0.00149995
v -0.03599995 0.07534420 0.00149995
v -0.04349994 0.07034420 0.00149995
v -0.04349994 0.06784421 0.00149995
v -0.03857594 0.07621240 0.00149995
v -0.03611391 0.07664656 0.00149995
v -0.04436820 0.07042014 0.00149995
v -0.04480230 0.06795811 0.00149995
v -0.03880149 0.07705432 0.00149995
v -0.03645229 0.07790935 0.00149995
v -0.04521006 0.07064574 0.00149995
v -0.04606515 0.06829649 0.00149995
v -0.03916984 0.07784420 0.00149995
v -0.03700476 0.07909417 0.00149995
v -0.04600000 0.07101404 0.00149995
v -0.04724997 0.06884902 0.00149995
v -0.03966975 0.07855814 0.00149995
v -0.03775465 0.08016508 0.00149995
v -0.04671388 0.07151395 0.00149995
v -0.04832088 0.06959885 0.00149995
v -0.04028606 0.07917439 0.00149995
v -0.03867906 0.08108949 0.00149995
v -0.04924529 0.07052326 0.00149995
v -0.04733020 0.07213026 0.00149995
v -0.03974997 0.08183938 0.00149995
v -0.04099994 0.07967430 0.00149995
v -0.04999518 0.07159417 0.00149995
v -0.04783010 0.07284420 0.00149995
v -0.04093480 0.08239185 0.00149995
v -0.04178988 0.08004266 0.00149995
v -0.05054765 0.07277905 0.00149995
v -0.04842400 0.07447594 0.00149995
v -0.04819846 0.07363408 0.00149995
v -0.04219758 0.08273023 0.00149995
v -0.04263174 0.08026820 0.00149995
v -0.04349994 0.08034420 0.00149995
v -0.05088603 0.07404184 0.00149995
v -0.04349994 0.08284419 0.00149995
v -0.05099999 0.07534420 0.00149995
v -0.04842400 0.07621240 0.00149995
v -0.04850000 0.07534420 0.00149995
v -0.04480230 0.08273023 0.00149995
v -0.04436820 0.08026820 0.00149995
v -0.05088603 0.07664656 0.00149995
v -0.04606515 0.08239185 0.00149995
v -0.04521006 0.08004266 0.00149995
v -0.05054765 0.07790935 0.00149995
v -0.04819846 0.07705432 0.00149995
v -0.04724997 0.08183938 0.00149995
v -0.04600000 0.07967430 0.00149995
v -0.04999518 0.07909417 0.00149995
v -0.04783010 0.07784420 0.00149995
v -0.04832088 0.08108949 0.00149995
v -0.04671388 0.07917439 0.00149995
v -0.04924529 0.08016508 0.00149995
v -0.04733020 0.07855814 0.00149995
v -0.02118504 0.12014650 -0.00000000
v 0.00000000 0.12250000 0.00050000
v 0.00000000 0.12200000 -0.00000000
v -0.02127188 0.12063890 0.00050000
v -0.04172641 0.11464250 -0.00000000
v -0.04189741 0.11511230 0.00050000
v -0.06099998 0.10565510 -0.00000000
v -0.06124997 0.10608810 0.00050000
v -0.07842004 0.09345740 -0.00000000
v -0.07874149 0.09384042 0.00050000
v -0.09345740 0.07842004 -0.00000000
v -0.09384042 0.07874149 0.00050000
v -0.10565510 0.06099998 -0.00000000
v -0.10608810 0.06124997 0.00050000
v -0.11464250 0.04172641 -0.00000000
v -0.11511230 0.04189741 0.00050000
v -0.12014650 0.02118504 -0.00000000
v -0.12063890 0.02127188 0.00050000
v -0.12200000 0.00000000 0.00000000
v -0.12250000 0.00000000 0.00050000
v -0.12014650 -0.02118504 0.00000000
v -0.12063890 -0.02127188 0.00050000
v -0.11464250 -0.04172641 0.00000000
v -0.11511230 -0.04189741 0.00050000
v -0.10565510 -0.06099998 0.00000000
v -0.10608810 -0.06124997 0.00050000
v -0.09345740 -0.07842004 0.00000000
v -0.09384042 -0.07874149 0.00050000
v -0.07842004 -0.09345740 0.00000000
v -0.07874149 -0.09384042 0.00050000
v -0.06099998 -0.10565510 0.00000000
v -0.06124997 -0.10608810 0.00050000
v -0.04172641 -0.11464250 0.00000000
v -0.04189741 -0.11511230 0.00050000
v -0.02118504 -0.12014650 0.00000000
v -0.02127188 -0.12063890 0.00050000
v 0.00000000 -0.12200000 0.00000000
v 0.00000000 -0.12250000 0.00050000
v 0.02118504 -0.12014650 0.00000000
v 0.02127188 -0.12063890 0.00050000
v 0.04172641 -0.11464250 0.00000000
v 0.04189741 -0.11511230 0.00050000
v 0.06124997 -0.10608810 0.00050000
v 0.06099998 -0.10565510 0.00000000
v 0.07842004 -0.09345740 0.00000000
v 0.07874149 -0.09384042 0.00050000
v 0.09345740 -0.07842004 0.00000000
v 0.09384042 -0.07874149 0.00050000
v 0.10565510 -0.06099998 0.00000000
v 0.10608810 -0.06124997 0.00050000
v 0.11464250 -0.04172641 0.00000000
v 0.11511230 -0.04189741 0.00050000
v 0.12014650 -0.02118504 0.00000000
v 0.12063890 -0.02127188 0.00050000
v 0.12250000 0.00000000 0.00050000
v 0.12200000 0.00000000 0.00000000
v 0.12014650 0.02118504 -0.00000000
v 0.12063890 0.02127188 0.00050000
v 0.11511230 0.04189741 0.00050000
v 0.11464250 0.04172641 -0.00000000
v 0.10565510 0.06099998 -0.00000000
v 0.10608810 0.06124997 0.00050000
v 0.09384042 0.07874149 0.00050000
v 0.09345740 0.07842004 -0.00000000
v 0.07842004 0.09345740 -0.00000000
v 0.07874149 0.09384042 0.00050000
v 0.06099998 0.10565510 -0.00000000
v 0.06124997 0.10608810 0.00050000
v 0.04172641 0.11464250 -0.00000000
v 0.04189741 0.11511230 0.00050000
v 0.02127188 0.12063890 0.00050000
v 0.02118504 0.12014650 -0.00000000
v 0.00000000 0.12250000 0.00050000
v 0.00000000 0.12200000 -0.00000000
v 0.02127188 0.12063890 0.00050000
v 0.00000000 0.12250000 0.00050000
v 0.00000000 0.12250000 0.00740462
v 0.02127188 0.12063890 0.00740462
v 0.04189741 0.11511230 0.00050000
v 0.04189741 0.11511230 0.00740462
v 0.06124997 0.10608810 0.00050000
v 0.06124997 0.10608810 0.00740462
v 0.07874149 0.09384042 0.00050000
v 0.07874149 0.09384042 0.00740462
v 0.09384042 0.07874149 0.00050000
v 0.09384042 0.07874149 0.00740462
v 0.10608810 0.06124997 0.00050000
v 0.10608810 0.06124997 0.00740462
v 0.11511230 0.04189741 0.00050000
v 0.11511230 0.04189741 0.00740462
v 0.12063890 0.02127188 0.00050000
v 0.12063890 0.02127188 0.00740462
v 0.12250000 0.00000000 0.00050000
v 0.12250000 0.00000000 0.00740462
v 0.12063890 -0.02127188 0.00050000
v 0.12063890 -0.02127188 0.00740462
v 0.11511230 -0.04189741 0.00050000
v 0.11511230 -0.04189741 0.00740462
v 0.10608810 -0.06124997 0.00050000
v 0.10608810 -0.06124997 0.00740462
v 0.09384042 -0.07874149 0.00050000
v 0.09384042 -0.07874149 0.00740462
v 0.07874149 -0.09384042 0.00050000
v 0.07874149 -0.09384042 0.00740462
v 0.06124997 -0.10608810 0.00050000
v 0.06124997 -0.10608810 0.00740462
v 0.04189741 -0.11511230 0.00050000
v 0.04189741 -0.11511230 0.00740462
v 0.02127188 -0.12063890 0.00050000
v 0.02127188 -0.12063890 0.00740462
v 0.00000000 -0.12250000 0.00050000
v 0.00000000 -0.12250000 0.00740462
v -0.02127188 -0.12063890 0.00050000
v -0.02127188 -0.12063890 0.00740462
v -0.04189741 -0.11511230 0.00050000
v -0.04189741 -0.11511230 0.00740462
v -0.06124997 -0.10608810 0.00050000
v -0.06124997 -0.10608810 0.00740462
v -0.07874149 -0.09384042 0.00050000
v -0.07874149 -0.09384042 0.00740462
v -0.09384042 -0.07874149 0.00050000
v -0.09384042 -0.07874149 0.00740462
v -0.10608810 -0.06124997 0.00050000
v -0.10608810 -0.06124997 0.00740462
v -0.11511230 -0.04189741 0.00050000
v -0.11511230 -0.04189741 0.00740462
v -0.12063890 -0.02127188 0.00050000
v -0.12063890 -0.02127188 0.00740462
v -0.12250000 0.00000000 0.00050000
v -0.12250000 0.00000000 0.00740462
v -0.12063890 0.02127188 0.00050000
v -0.12063890 0.02127188 0.00740462
v -0.11511230 0.04189741 0.00050000
v -0.11511230 0.04189741 0.00740462
v -0.10608810 0.06124997 0.00050000
v -0.10608810 0.06124997 0.00740462
v -0.09384042 0.07874149 0.00050000
v -0.09384042 0.07874149 0.00740462
v -0.07874149 0.09384042 0.00050000
v -0.07874149 0.09384042 0.00740462
v -0.06124997 0.10608810 0.00740462
v -0.06124997 0.10608810 0.00050000
v -0.04189741 0.11511230 0.00050000
v -0.04189741 0.11511230 0.00740462
v -0.02127188 0.12063890 0.00050000
v -0.02127188 0.12063890 0.00740462
v 0.00000000 0.12250000 0.00050000
v 0.00000000 0.12250000 0.00740462
v 0.09300285 -0.07181024 0.00000000
v 0.09345740 -0.07842004 0.00000000
v 0.09196156 -0.07296168 0.00000000
v 0.09075456 -0.07393807 0.00000000
v 0.08941102 -0.07471591 0.00000000
v 0.08796328 -0.07527637 0.00000000
v 0.09903496 -0.06323230 0.00000000
v 0.10565510 -0.06099998 0.00000000
v 0.08644622 -0.07560604 0.00000000
v 0.08489638 -0.07569694 0.00000000
v 0.07842004 -0.09345740 0.00000000
v 0.08335125 -0.07554686 0.00000000
v 0.10427820 -0.05415064 0.00000000
v 0.11464250 -0.04172641 0.00000000
v 0.10869090 -0.04463768 0.00000000
v 0.10916750 -0.04316014 0.00000000
v 0.10940960 -0.04162669 0.00000000
v 0.05587458 -0.09495437 0.00000000
v 0.05652171 -0.09430730 0.00000000
v 0.06099998 -0.10565510 0.00000000
v 0.05704659 -0.09355765 0.00000000
v 0.05512499 -0.09547930 0.00000000
v 0.05743336 -0.09272825 0.00000000
v 0.05429559 -0.09586602 0.00000000
v 0.05767023 -0.09184432 0.00000000
v 0.05341160 -0.09610289 0.00000000
v 0.10941140 -0.04007422 0.00000000
v 0.05774998 -0.09093266 0.00000000
v 0.05249994 -0.09618264 0.00000000
v 0.10917290 -0.03854018 0.00000000
v 0.05767023 -0.09002101 0.00000000
v 0.05158829 -0.09610289 0.00000000
v 0.04172641 -0.11464250 0.00000000
v 0.05743336 -0.08913701 0.00000000
v 0.05070436 -0.09586602 0.00000000
v 0.10869990 -0.03706157 0.00000000
v 0.05704659 -0.08830761 0.00000000
v 0.04987496 -0.09547930 0.00000000
v 0.05652171 -0.08755803 0.00000000
v 0.04912531 -0.09495437 0.00000000
v 0.10800370 -0.03567397 0.00000000
v 0.04847824 -0.09430730 0.00000000
v 0.04795336 -0.09355765 0.00000000
v 0.12014650 -0.02118504 0.00000000
v 0.10710110 -0.03441083 0.00000000
v 0.02225363 -0.11266760 0.00000000
v 0.02118504 -0.12014650 0.00000000
v 0.02120959 -0.11381660 0.00000000
v 0.02000033 -0.11479020 0.00000000
v 0.02310723 -0.11137090 0.00000000
v 0.01865494 -0.11556480 0.00000000
v 0.02374982 -0.10995770 0.00000000
v 0.04756659 -0.09272825 0.00000000
v 0.01720589 -0.11612190 0.00000000
v 0.01568806 -0.11644790 0.00000000
v 0.04924529 -0.08016508 0.00000000
v 0.05249994 -0.08568263 0.00000000
v 0.05158829 -0.08576238 0.00000000
v 0.04832088 -0.08108949 0.00000000
v 0.05070436 -0.08599925 0.00000000
v 0.04999518 -0.07909417 0.00000000
v 0.05341160 -0.08576238 0.00000000
v 0.04724997 -0.08183938 0.00000000
v 0.04987496 -0.08638602 0.00000000
v 0.04912531 -0.08691090 0.00000000
v 0.05054765 -0.07790935 0.00000000
v 0.05512499 -0.08638602 0.00000000
v 0.05429559 -0.08599925 0.00000000
v 0.04606515 -0.08239185 0.00000000
v 0.04847824 -0.08755803 0.00000000
v 0.05088603 -0.07664656 0.00000000
v 0.04480230 -0.08273023 0.00000000
v 0.04795336 -0.08830761 0.00000000
v 0.04349994 -0.08284419 0.00000000
v 0.04756659 -0.08913701 0.00000000
v 0.04219758 -0.08273023 0.00000000
v 0.04732972 -0.09002101 0.00000000
v 0.04724997 -0.09093266 0.00000000
v 0.05427509 -0.07041990 0.00000000
v 0.05099999 -0.07534420 0.00000000
v 0.05088603 -0.07404184 0.00000000
v 0.05587458 -0.08691090 0.00000000
v 0.05054765 -0.07277905 0.00000000
v 0.04093480 -0.08239185 0.00000000
v 0.00524324 -0.11738300 0.00000000
v 0.05262619 -0.06998139 0.00000000
v 0.00000000 -0.12200000 0.00000000
v 0.04999518 -0.07159417 0.00000000
v 0.05107587 -0.06926894 0.00000000
v 0.04924529 -0.07052326 0.00000000
v 0.04966926 -0.06830328 0.00000000
v 0.04832088 -0.06959885 0.00000000
v 0.03384786 -0.08221358 0.00000000
v 0.04732972 -0.09184432 0.00000000
v 0.03775465 -0.08016508 0.00000000
v 0.03867906 -0.08108949 0.00000000
v 0.03974997 -0.08183938 0.00000000
v 0.04844725 -0.06711256 0.00000000
v 0.04724997 -0.06884902 0.00000000
v 0.03429251 -0.08056634 0.00000000
v 0.03700476 -0.07909417 0.00000000
v 0.04606515 -0.06829649 0.00000000
v 0.03445065 -0.07886749 0.00000000
v 0.03645229 -0.07790935 0.00000000
v 0.04744541 -0.06573140 0.00000000
v 0.04480230 -0.06795811 0.00000000
v 0.10902170 -0.00337458 0.00000000
v 0.12200000 0.00000000 0.00000000
v 0.10837460 -0.00402170 0.00000000
v 0.10762500 -0.00454658 0.00000000
v 0.10954660 -0.00262499 0.00000000
v -0.00524324 -0.11738300 0.00000000
v 0.10993340 -0.00179559 0.00000000
v 0.10679560 -0.00493336 0.00000000
v 0.03431773 -0.07716649 0.00000000
v 0.03611391 -0.07664656 0.00000000
v 0.11017020 -0.00091165 0.00000000
v 0.10591160 -0.00517023 0.00000000
v 0.04669302 -0.06420010 0.00000000
v 0.04349994 -0.06784421 0.00000000
v 0.09806418 -0.01257109 0.00000000
v 0.09757113 -0.01306414 0.00000000
v 0.09700000 -0.01346409 0.00000000
v 0.09846407 -0.01199996 0.00000000
v 0.11025000 0.00000000 0.00000000
v 0.09636807 -0.01375871 0.00000000
v 0.09875875 -0.01136803 0.00000000
v 0.09893923 -0.01069456 0.00000000
v 0.10500000 -0.00524998 0.00000000
v 0.09569460 -0.01393920 0.00000000
v 0.03389751 -0.07551282 0.00000000
v 0.03611391 -0.07404184 0.00000000
v 0.03599995 -0.07534420 0.00000000
v 0.11017020 0.00091165 -0.00000000
v 0.09499996 -0.01399999 0.00000000
v 0.09899997 -0.00999999 0.00000000
v 0.10408830 -0.00517023 0.00000000
v 0.09893923 -0.00930536 0.00000000
v 0.09430539 -0.01393920 0.00000000
v 0.10993340 0.00179559 -0.00000000
v 0.10320440 -0.00493336 0.00000000
v 0.09875875 -0.00863189 0.00000000
v 0.09363192 -0.01375871 0.00000000
v 0.03320235 -0.07395470 0.00000000
v 0.03645229 -0.07277905 0.00000000
v 0.10954660 0.00262499 -0.00000000
v 0.10237500 -0.00454658 0.00000000
v 0.04027503 -0.06649839 0.00000000
v 0.04219758 -0.06795811 0.00000000
v 0.04093480 -0.06829649 0.00000000
v 0.03968125 -0.06707721 0.00000000
v 0.03974997 -0.06884902 0.00000000
v 0.04076498 -0.06582933 0.00000000
v 0.03899997 -0.06754994 0.00000000
v 0.09846407 -0.00799996 0.00000000
v 0.04113763 -0.06508857 0.00000000
v 0.03824990 -0.06790357 0.00000000
v 0.03867906 -0.06959885 0.00000000
v 0.04138273 -0.06429636 0.00000000
v 0.10902170 0.00337458 -0.00000000
v 0.10162530 -0.00402170 0.00000000
v 0.03745174 -0.06812840 0.00000000
v 0.03775465 -0.07052326 0.00000000
v 0.09806418 -0.00742882 0.00000000
v 0.04149347 -0.06347459 0.00000000
v 0.04621183 -0.06256318 0.00000000
v 0.03662741 -0.06821823 0.00000000
v 0.03225243 -0.07253736 0.00000000
v 0.03700476 -0.07159417 0.00000000
v 0.10097830 -0.00337458 0.00000000
v 0.09757113 -0.00693577 0.00000000
v 0.04146689 -0.06264573 0.00000000
v 0.04601597 -0.06086820 0.00000000
v 0.03579950 -0.06817054 0.00000000
v 0.09700000 -0.00653589 0.00000000
v 0.10045330 -0.00262499 0.00000000
v 0.03499090 -0.06798666 0.00000000
v 0.09636807 -0.00624120 0.00000000
v 0.03422385 -0.06767171 0.00000000
v 0.03107535 -0.07130223 0.00000000
v 0.10006660 -0.00179559 0.00000000
v 0.09569460 -0.00606072 0.00000000
v 0.04138064 -0.06030154 0.00000000
v 0.04611104 -0.05916470 0.00000000
v 0.03351932 -0.06723427 0.00000000
v 0.09982973 -0.00091165 0.00000000
v 0.09499996 -0.00599998 0.00000000
v 0.02970546 -0.07028514 0.00000000
v 0.08812302 -0.01179361 0.00000000
v 0.09099996 -0.00999999 0.00000000
v 0.09106075 -0.01069456 0.00000000
v 0.09124124 -0.01136803 0.00000000
v 0.09153586 -0.01199996 0.00000000
v 0.09193581 -0.01257109 0.00000000
v 0.09242880 -0.01306414 0.00000000
v 0.09299999 -0.01346409 0.00000000
v 0.09974998 0.00000000 0.00000000
v 0.09430539 -0.00606072 0.00000000
v 0.04166084 -0.05797249 0.00000000
v 0.04649436 -0.05750209 0.00000000
v 0.12014650 0.02118504 -0.00000000
v 0.10837460 0.00402170 -0.00000000
v 0.10762500 0.00454658 -0.00000000
v 0.10679560 0.00493336 -0.00000000
v 0.10591160 0.00517023 -0.00000000
v 0.10500000 0.00524998 -0.00000000
v -0.02118504 -0.12014650 0.00000000
v -0.01568806 -0.11644790 0.00000000
v 0.09982973 0.00091165 -0.00000000
v 0.09363192 -0.00624120 0.00000000
v -0.01720589 -0.11612190 0.00000000
v 0.04230082 -0.05571562 0.00000000
v 0.04715478 -0.05592888 0.00000000
v 0.03153234 -0.06598740 0.00000000
v 0.02818256 -0.06951570 0.00000000
v 0.08691877 -0.01058495 0.00000000
v 0.09124124 -0.00863189 0.00000000
v 0.09106075 -0.00930536 0.00000000
v -0.01865494 -0.11556480 0.00000000
v 0.04328477 -0.05358612 0.00000000
v 0.04807299 -0.05449080 0.00000000
v 0.04458874 -0.05163609 0.00000000
v 0.04922229 -0.05322980 0.00000000
v 0.04618078 -0.04991322 0.00000000
v 0.05664438 -0.04525101 0.00000000
v 0.05313432 -0.04243510 0.00000000
v 0.06278681 -0.03624999 0.00000000
v 0.08552658 -0.00959855 0.00000000
v 0.09193581 -0.00742882 0.00000000
v 0.09153586 -0.00799996 0.00000000
v -0.02000033 -0.11479020 0.00000000
v 0.02937519 -0.06506562 0.00000000
v 0.02655106 -0.06901639 0.00000000
v 0.05888968 -0.03399997 0.00000000
v 0.08398699 -0.00886315 0.00000000
v 0.09242880 -0.00693577 0.00000000
v -0.02120959 -0.11381660 0.00000000
v 0.02710074 -0.06449139 0.00000000
v 0.02485841 -0.06880170 0.00000000
v -0.02225363 -0.11266760 0.00000000
v 0.02476453 -0.06427884 0.00000000
v 0.02315396 -0.06887787 0.00000000
v -0.02310723 -0.11137090 0.00000000
v 0.06331706 -0.02479815 0.00000000
v 0.06751078 -0.02642995 0.00000000
v 0.02242380 -0.06443303 0.00000000
v 0.02148717 -0.06924265 0.00000000
v 0.02013576 -0.06495034 0.00000000
v 0.01086634 -0.07168102 0.00000000
v 0.06631654 -0.01503705 0.00000000
v 0.07070952 -0.01601284 0.00000000
v 0.07693719 -0.00308192 0.00000000
v 0.07894545 -0.00833726 0.00000000
v 0.07637363 -0.00369024 0.00000000
v 0.08064782 -0.00822323 0.00000000
v 0.07571732 -0.00419712 0.00000000
v 0.07728719 -0.00873905 0.00000000
v 0.06701254 -0.01279687 0.00000000
v 0.07122695 -0.01438701 0.00000000
v 0.07739239 -0.00238883 0.00000000
v 0.07498627 -0.00458848 0.00000000
v 0.07572144 -0.00941688 0.00000000
v 0.07772684 -0.00163001 0.00000000
v 0.08234483 -0.00840026 0.00000000
v 0.07793122 -0.00082638 0.00000000
v 0.06804937 -0.01069265 0.00000000
v 0.07201325 -0.01287275 0.00000000
v 0.07291299 -0.00568586 0.00000000
v 0.07429367 -0.01035100 0.00000000
v 0.06940156 -0.00877571 0.00000000
v 0.07304549 -0.01151424 0.00000000
v 0.07103610 -0.00709313 0.00000000
v 0.07800000 0.00000000 0.00000000
v 0.01018267 -0.06723326 0.00000000
v 0.08691877 0.01058495 -0.00000000
v 0.10045330 0.00262499 -0.00000000
v 0.10006660 0.00179559 -0.00000000
v 0.08812302 0.01179361 -0.00000000
v 0.10408830 0.00517023 -0.00000000
v 0.10320440 0.00493336 -0.00000000
v 0.10237500 0.00454658 -0.00000000
v 0.10162530 0.00402170 -0.00000000
v 0.10097830 0.00337458 -0.00000000
v 0.08552658 0.00959855 -0.00000000
v 0.09299999 -0.00653589 0.00000000
v 0.08398699 0.00886315 -0.00000000
v 0.07793122 0.00082638 -0.00000000
v 0.08234483 0.00840026 -0.00000000
v 0.07772684 0.00163001 -0.00000000
v -0.04172641 -0.11464250 0.00000000
v -0.02374982 -0.10995770 0.00000000
v 0.10710110 0.03441083 -0.00000000
v 0.00000000 -0.07249999 0.00000000
v 0.08064782 0.00822323 -0.00000000
v 0.07739239 0.00238883 -0.00000000
v 0.07693719 0.00308192 -0.00000000
v 0.10800370 0.03567397 -0.00000000
v 0.11464250 0.04172641 -0.00000000
v 0.10869990 0.03706157 -0.00000000
v 0.10917290 0.03854018 -0.00000000
v 0.07894545 0.00833726 -0.00000000
v 0.07637363 0.00369024 -0.00000000
v 0.07571732 0.00419712 -0.00000000
v 0.10941140 0.04007422 -0.00000000
v 0.07728719 0.00873905 -0.00000000
v 0.07498627 0.00458848 -0.00000000
v 0.00000000 -0.06799995 0.00000000
v 0.10940960 0.04162669 -0.00000000
v 0.07572144 0.00941688 -0.00000000
v 0.07291299 0.00568586 -0.00000000
v 0.10916750 0.04316014 -0.00000000
v 0.10869090 0.04463768 -0.00000000
v 0.07429367 0.01035100 -0.00000000
v 0.07103610 0.00709313 -0.00000000
v 0.07304549 0.01151424 -0.00000000
v 0.06940156 0.00877571 -0.00000000
v 0.07201325 0.01287275 -0.00000000
v 0.06804937 0.01069265 -0.00000000
v -0.01018267 -0.06723326 0.00000000
v -0.01086634 -0.07168102 0.00000000
v 0.07122695 0.01438701 -0.00000000
v 0.06701254 0.01279687 -0.00000000
v 0.07070952 0.01601284 -0.00000000
v 0.06631654 0.01503705 -0.00000000
v 0.10427820 0.05415064 -0.00000000
v -0.04847824 -0.09430730 0.00000000
v -0.04912531 -0.09495437 0.00000000
v -0.04795336 -0.09355765 0.00000000
v -0.04987496 -0.09547930 0.00000000
v -0.05070436 -0.09586602 0.00000000
v -0.04756659 -0.09272825 0.00000000
v -0.03384786 -0.08221358 0.00000000
v -0.02013576 -0.06495034 0.00000000
v -0.02148717 -0.06924265 0.00000000
v 0.10565510 0.06099998 -0.00000000
v -0.04732972 -0.09184432 0.00000000
v -0.05158829 -0.09610289 0.00000000
v -0.06099998 -0.10565510 0.00000000
v -0.04724997 -0.09093266 0.00000000
v -0.05249994 -0.09618264 0.00000000
v -0.05341160 -0.09610289 0.00000000
v -0.04732972 -0.09002101 0.00000000
v -0.02242380 -0.06443303 0.00000000
v -0.02315396 -0.06887787 0.00000000
v -0.04756659 -0.08913701 0.00000000
v -0.05429559 -0.09586602 0.00000000
v 0.06751078 0.02642995 -0.00000000
v -0.04795336 -0.08830761 0.00000000
v -0.03429251 -0.08056634 0.00000000
v -0.05512499 -0.09547930 0.00000000
v -0.02476453 -0.06427884 0.00000000
v -0.02485841 -0.06880170 0.00000000
v -0.04847824 -0.08755803 0.00000000
v -0.05587458 -0.09495437 0.00000000
v 0.06331706 0.02479815 -0.00000000
v -0.04912531 -0.08691090 0.00000000
v -0.03445065 -0.07886749 0.00000000
v -0.05652171 -0.09430730 0.00000000
v -0.02710074 -0.06449139 0.00000000
v -0.02655106 -0.06901639 0.00000000
v -0.04987496 -0.08638602 0.00000000
v -0.05704659 -0.09355765 0.00000000
v 0.09903496 0.06323230 -0.00000000
v -0.02937519 -0.06506562 0.00000000
v -0.02818256 -0.06951570 0.00000000
v -0.05743336 -0.09272825 0.00000000
v -0.03153234 -0.06598740 0.00000000
v -0.02970546 -0.07028514 0.00000000
v -0.03351932 -0.06723427 0.00000000
v -0.03107535 -0.07130223 0.00000000
v -0.03422385 -0.06767171 0.00000000
v -0.03225243 -0.07253736 0.00000000
v -0.03499090 -0.06798666 0.00000000
v -0.03579950 -0.06817054 0.00000000
v -0.03320235 -0.07395470 0.00000000
v -0.03662741 -0.06821823 0.00000000
v -0.03745174 -0.06812840 0.00000000
v -0.03389751 -0.07551282 0.00000000
v -0.03824990 -0.06790357 0.00000000
v -0.03431773 -0.07716649 0.00000000
v -0.03899997 -0.06754994 0.00000000
v 0.06278681 0.03624999 -0.00000000
v 0.05888968 0.03399997 -0.00000000
v -0.04844725 -0.06711256 0.00000000
v -0.04027503 -0.06649839 0.00000000
v -0.03968125 -0.06707721 0.00000000
v -0.04966926 -0.06830328 0.00000000
v -0.04744541 -0.06573140 0.00000000
v -0.04113763 -0.06508857 0.00000000
v -0.04076498 -0.06582933 0.00000000
v -0.05107587 -0.06926894 0.00000000
v -0.05070436 -0.08599925 0.00000000
v -0.04669302 -0.06420010 0.00000000
v -0.04149347 -0.06347459 0.00000000
v -0.04138273 -0.06429636 0.00000000
v -0.05262619 -0.06998139 0.00000000
v -0.05158829 -0.08576238 0.00000000
v -0.05249994 -0.08568263 0.00000000
v -0.04621183 -0.06256318 0.00000000
v -0.04146689 -0.06264573 0.00000000
v -0.05427509 -0.07041990 0.00000000
v -0.05341160 -0.08576238 0.00000000
v -0.05429559 -0.08599925 0.00000000
v -0.05512499 -0.08638602 0.00000000
v -0.05587458 -0.08691090 0.00000000
v -0.05652171 -0.08755803 0.00000000
v 0.09345740 0.07842004 -0.00000000
v 0.09300285 0.07181024 -0.00000000
v 0.09196156 0.07296168 -0.00000000
v 0.09075456 0.07393807 -0.00000000
v -0.07842004 -0.09345740 0.00000000
v -0.05704659 -0.08830761 0.00000000
v -0.05743336 -0.08913701 0.00000000
v -0.05767023 -0.09002101 0.00000000
v -0.05774998 -0.09093266 0.00000000
v -0.05767023 -0.09184432 0.00000000
v -0.04601597 -0.06086820 0.00000000
v -0.04138064 -0.06030154 0.00000000
v 0.08941102 0.07471591 -0.00000000
v -0.04611104 -0.05916470 0.00000000
v -0.04166084 -0.05797249 0.00000000
v 0.08796328 0.07527637 -0.00000000
v -0.04649436 -0.05750209 0.00000000
v -0.04230082 -0.05571562 0.00000000
v 0.08644622 0.07560604 -0.00000000
v 0.05313432 0.04243510 -0.00000000
v 0.05664438 0.04525101 -0.00000000
v 0.08489638 0.07569694 -0.00000000
v -0.04715478 -0.05592888 0.00000000
v -0.04328477 -0.05358612 0.00000000
v -0.04807299 -0.05449080 0.00000000
v -0.04458874 -0.05163609 0.00000000
v -0.04922229 -0.05322980 0.00000000
v -0.04618078 -0.04991322 0.00000000
v 0.04618078 0.04991322 -0.00000000
v 0.04922229 0.05322980 -0.00000000
v 0.04458874 0.05163609 -0.00000000
v 0.04807299 0.05449080 -0.00000000
v -0.08335125 -0.07554686 0.00000000
v -0.08489638 -0.07569694 0.00000000
v 0.04328477 0.05358612 -0.00000000
v 0.04715478 0.05592888 -0.00000000
v -0.05664438 -0.04525101 0.00000000
v -0.05313432 -0.04243510 0.00000000
v 0.04230082 0.05571562 -0.00000000
v 0.04649436 0.05750209 -0.00000000
v 0.07842004 0.09345740 -0.00000000
v 0.08335125 0.07554686 -0.00000000
v -0.09345740 -0.07842004 0.00000000
v -0.08644622 -0.07560604 0.00000000
v -0.08796328 -0.07527637 0.00000000
v -0.08941102 -0.07471591 0.00000000
v 0.04166084 0.05797249 -0.00000000
v 0.04611104 0.05916470 -0.00000000
v -0.09075456 -0.07393807 0.00000000
v 0.04138064 0.06030154 -0.00000000
v 0.04601597 0.06086820 -0.00000000
v -0.09196156 -0.07296168 0.00000000
v 0.04146689 0.06264573 -0.00000000
v 0.04621183 0.06256318 -0.00000000
v -0.09300285 -0.07181024 0.00000000
v 0.04149347 0.06347459 -0.00000000
v 0.04669302 0.06420010 -0.00000000
v 0.04138273 0.06429636 -0.00000000
v 0.04113763 0.06508857 -0.00000000
v 0.04744541 0.06573140 -0.00000000
v 0.04076498 0.06582933 -0.00000000
v 0.04027503 0.06649839 -0.00000000
v 0.04844725 0.06711256 -0.00000000
v -0.06278681 -0.03624999 0.00000000
v -0.05888968 -0.03399997 0.00000000
v 0.03968125 0.06707721 -0.00000000
v 0.04966926 0.06830328 -0.00000000
v 0.03899997 0.06754994 -0.00000000
v 0.05652171 0.08755803 -0.00000000
v 0.05427509 0.07041990 -0.00000000
v 0.05587458 0.08691090 -0.00000000
v 0.05704659 0.08830761 -0.00000000
v 0.05512499 0.08638602 -0.00000000
v 0.05743336 0.08913701 -0.00000000
v 0.05429559 0.08599925 -0.00000000
v 0.05767023 0.09002101 -0.00000000
v 0.05341160 0.08576238 -0.00000000
v 0.05774998 0.09093266 -0.00000000
v 0.05249994 0.08568263 -0.00000000
v 0.05262619 0.06998139 -0.00000000
v 0.05767023 0.09184432 -0.00000000
v 0.05158829 0.08576238 -0.00000000
v 0.05743336 0.09272825 -0.00000000
v 0.05070436 0.08599925 -0.00000000
v 0.05107587 0.06926894 -0.00000000
v -0.09903496 -0.06323230 0.00000000
v 0.04987496 0.08638602 -0.00000000
v -0.06331706 -0.02479815 0.00000000
v 0.03107535 0.07130223 -0.00000000
v 0.03422385 0.06767171 -0.00000000
v 0.03351932 0.06723427 -0.00000000
v 0.03225243 0.07253736 -0.00000000
v 0.03579950 0.06817054 -0.00000000
v 0.03499090 0.06798666 -0.00000000
v 0.02970546 0.07028514 -0.00000000
v 0.03153234 0.06598740 -0.00000000
v 0.03320235 0.07395470 -0.00000000
v 0.03745174 0.06812840 -0.00000000
v 0.03662741 0.06821823 -0.00000000
v -0.06751078 -0.02642995 0.00000000
v 0.02818256 0.06951570 -0.00000000
v 0.02937519 0.06506562 -0.00000000
v 0.03389751 0.07551282 -0.00000000
v 0.03824990 0.06790357 -0.00000000
v 0.02655106 0.06901639 -0.00000000
v 0.02710074 0.06449139 -0.00000000
v 0.03431773 0.07716649 -0.00000000
v 0.02485841 0.06880170 -0.00000000
v 0.02476453 0.06427884 -0.00000000
v 0.03445065 0.07886749 -0.00000000
v 0.04912531 0.08691090 -0.00000000
v 0.06099998 0.10565510 -0.00000000
v 0.05704659 0.09355765 -0.00000000
v 0.05652171 0.09430730 -0.00000000
v 0.05587458 0.09495437 -0.00000000
v 0.05512499 0.09547930 -0.00000000
v 0.05429559 0.09586602 -0.00000000
v 0.05341160 0.09610289 -0.00000000
v 0.05249994 0.09618264 -0.00000000
v 0.05158829 0.09610289 -0.00000000
v -0.10565510 -0.06099998 0.00000000
v 0.02315396 0.06887787 -0.00000000
v 0.02242380 0.06443303 -0.00000000
v 0.03429251 0.08056634 -0.00000000
v 0.04795336 0.08830761 -0.00000000
v 0.04847824 0.08755803 -0.00000000
v 0.02148717 0.06924265 -0.00000000
v 0.02013576 0.06495034 -0.00000000
v 0.03384786 0.08221358 -0.00000000
v 0.04732972 0.09184432 -0.00000000
v 0.04724997 0.09093266 -0.00000000
v 0.04732972 0.09002101 -0.00000000
v 0.04756659 0.08913701 -0.00000000
v -0.10427820 -0.05415064 0.00000000
v -0.06631654 -0.01503705 0.00000000
v -0.07070952 -0.01601284 0.00000000
v -0.06701254 -0.01279687 0.00000000
v -0.07122695 -0.01438701 0.00000000
v -0.06804937 -0.01069265 0.00000000
v -0.07201325 -0.01287275 0.00000000
v -0.06940156 -0.00877571 0.00000000
v 0.01086634 0.07168102 -0.00000000
v 0.01018267 0.06723326 -0.00000000
v -0.07304549 -0.01151424 0.00000000
v -0.07103610 -0.00709313 0.00000000
v -0.07429367 -0.01035100 0.00000000
v -0.07291299 -0.00568586 0.00000000
v -0.07572144 -0.00941688 0.00000000
v -0.07498627 -0.00458848 0.00000000
v -0.07728719 -0.00873905 0.00000000
v -0.07571732 -0.00419712 0.00000000
v -0.07894545 -0.00833726 0.00000000
v 0.02766788 0.09919291 -0.00000000
v 0.04847824 0.09430730 -0.00000000
v 0.04795336 0.09355765 -0.00000000
v 0.04756659 0.09272825 -0.00000000
v 0.00000000 0.07249999 -0.00000000
v 0.00000000 0.06799995 -0.00000000
v -0.07637363 -0.00369024 0.00000000
v 0.04172641 0.11464250 -0.00000000
v 0.05070436 0.09586602 -0.00000000
v 0.04987496 0.09547930 -0.00000000
v 0.04912531 0.09495437 -0.00000000
v -0.11464250 -0.04172641 0.00000000
v -0.10916750 -0.04316014 0.00000000
v -0.10869090 -0.04463768 0.00000000
v -0.10940960 -0.04162669 0.00000000
v -0.10941140 -0.04007422 0.00000000
v -0.10917290 -0.03854018 0.00000000
v -0.10869990 -0.03706157 0.00000000
v -0.10800370 -0.03567397 0.00000000
v 0.02694284 0.10075250 -0.00000000
v -0.07693719 -0.00308192 0.00000000
v -0.08064782 -0.00822323 0.00000000
v -0.07739239 -0.00238883 0.00000000
v -0.07772684 -0.00163001 0.00000000
v -0.08234483 -0.00840026 0.00000000
v 0.02596127 0.10216490 -0.00000000
v -0.08943581 -0.01257109 0.00000000
v -0.08812302 -0.01179361 0.00000000
v -0.08992880 -0.01306414 0.00000000
v -0.08903586 -0.01199996 0.00000000
v -0.07793122 -0.00082638 0.00000000
v -0.08874118 -0.01136803 0.00000000
v -0.01018267 0.06723326 -0.00000000
v -0.08856076 -0.01069456 0.00000000
v -0.08691877 -0.01058495 0.00000000
v -0.09249997 -0.01399999 0.00000000
v -0.09180539 -0.01393920 0.00000000
v -0.10710110 -0.03441083 0.00000000
v -0.08849996 -0.00999999 0.00000000
v 0.02475219 0.10338810 -0.00000000
v -0.08856076 -0.00930536 0.00000000
v -0.08552658 -0.00959855 0.00000000
v -0.08874118 -0.00863189 0.00000000
v 0.02335143 0.10438600 -0.00000000
v -0.08903586 -0.00799996 0.00000000
v -0.08398699 -0.00886315 0.00000000
v -0.08943581 -0.00742882 0.00000000
v -0.01086634 0.07168102 -0.00000000
v -0.08992880 -0.00693577 0.00000000
v -0.07800000 0.00000000 0.00000000
v -0.09749996 -0.01399999 0.00000000
v -0.09049999 -0.00653589 0.00000000
v -0.09819459 -0.01393920 0.00000000
v -0.07304549 0.01151424 -0.00000000
v -0.06940156 0.00877571 -0.00000000
v -0.07103610 0.00709313 -0.00000000
v -0.07429367 0.01035100 -0.00000000
v -0.07291299 0.00568586 -0.00000000
v -0.07201325 0.01287275 -0.00000000
v -0.06804937 0.01069265 -0.00000000
v -0.02013576 0.06495034 -0.00000000
v -0.09886807 -0.01375871 0.00000000
v -0.07572144 0.00941688 -0.00000000
v -0.07498627 0.00458848 -0.00000000
v -0.07122695 0.01438701 -0.00000000
v -0.06701254 0.01279687 -0.00000000
v -0.07728719 0.00873905 -0.00000000
v -0.07571732 0.00419712 -0.00000000
v -0.09950000 -0.01346409 0.00000000
v -0.07070952 0.01601284 -0.00000000
v -0.06631654 0.01503705 -0.00000000
v -0.10007110 -0.01306414 0.00000000
v -0.07894545 0.00833726 -0.00000000
v -0.07637363 0.00369024 -0.00000000
v -0.07693719 0.00308192 -0.00000000
v -0.08064782 0.00822323 -0.00000000
v -0.07739239 0.00238883 -0.00000000
v -0.07772684 0.00163001 -0.00000000
v -0.02148717 0.06924265 -0.00000000
v -0.02242380 0.06443303 -0.00000000
v -0.08234483 0.00840026 -0.00000000
v -0.07793122 0.00082638 -0.00000000
v -0.02315396 0.06887787 -0.00000000
v -0.02476453 0.06427884 -0.00000000
v -0.08398699 0.00886315 -0.00000000
v -0.09113192 -0.00624120 0.00000000
v -0.02485841 0.06880170 -0.00000000
v -0.02710074 0.06449139 -0.00000000
v -0.06751078 0.02642995 -0.00000000
v -0.06331706 0.02479815 -0.00000000
v -0.08552658 0.00959855 -0.00000000
v -0.09180539 -0.00606072 0.00000000
v -0.02655106 0.06901639 -0.00000000
v -0.02937519 0.06506562 -0.00000000
v -0.10162530 -0.00402170 0.00000000
v -0.09950000 -0.00653589 0.00000000
v -0.10007110 -0.00693577 0.00000000
v -0.10097830 -0.00337458 0.00000000
v -0.09819459 -0.00606072 0.00000000
v -0.09886807 -0.00624120 0.00000000
v -0.02818256 0.06951570 -0.00000000
v -0.03153234 0.06598740 -0.00000000
v -0.10045330 -0.00262499 0.00000000
v -0.09749996 -0.00599998 0.00000000
v -0.10237500 -0.00454658 0.00000000
v -0.10056410 -0.00742882 0.00000000
v -0.10006660 -0.00179559 0.00000000
v -0.10320440 -0.00493336 0.00000000
v -0.10096410 -0.00799996 0.00000000
v -0.09982973 -0.00091165 0.00000000
v -0.09249997 -0.00599998 0.00000000
v -0.10408830 -0.00517023 0.00000000
v -0.10125880 -0.00863189 0.00000000
v -0.10143920 -0.00930536 0.00000000
v 0.02118504 0.12014650 -0.00000000
v 0.02180039 0.10512920 -0.00000000
v 0.02014493 0.10559560 -0.00000000
v -0.12014650 -0.02118504 0.00000000
v -0.10125880 -0.01136803 0.00000000
v -0.10096410 -0.01199996 0.00000000
v -0.10056410 -0.01257109 0.00000000
v -0.06278681 0.03624999 -0.00000000
v -0.05313432 0.04243510 -0.00000000
v -0.05888968 0.03399997 -0.00000000
v -0.09974998 0.00000000 0.00000000
v -0.10500000 -0.00524998 0.00000000
v -0.10150000 -0.00999999 0.00000000
v -0.02970546 0.07028514 -0.00000000
v 0.00675046 0.10728780 -0.00000000
v -0.09982973 0.00091165 -0.00000000
v -0.08691877 0.01058495 -0.00000000
v -0.10591160 -0.00517023 0.00000000
v -0.10143920 -0.01069456 0.00000000
v -0.03351932 0.06723427 -0.00000000
v -0.10006660 0.00179559 -0.00000000
v -0.10679560 -0.00493336 0.00000000
v -0.05664438 0.04525101 -0.00000000
v -0.04618078 0.04991322 -0.00000000
v -0.03107535 0.07130223 -0.00000000
v -0.03422385 0.06767171 -0.00000000
v -0.04922229 0.05322980 -0.00000000
v -0.04458874 0.05163609 -0.00000000
v -0.04807299 0.05449080 -0.00000000
v -0.04328477 0.05358612 -0.00000000
v -0.10045330 0.00262499 -0.00000000
v -0.08812302 0.01179361 -0.00000000
v -0.10762500 -0.00454658 0.00000000
v -0.04715478 0.05592888 -0.00000000
v -0.04230082 0.05571562 -0.00000000
v -0.04649436 0.05750209 -0.00000000
v -0.04166084 0.05797249 -0.00000000
v -0.10097830 0.00337458 -0.00000000
v -0.10837460 -0.00402170 0.00000000
v -0.03225243 0.07253736 -0.00000000
v -0.03499090 0.06798666 -0.00000000
v -0.04611104 0.05916470 -0.00000000
v -0.04138064 0.06030154 -0.00000000
v -0.10162530 0.00402170 -0.00000000
v -0.10902170 -0.00337458 0.00000000
v -0.04601597 0.06086820 -0.00000000
v -0.04146689 0.06264573 -0.00000000
v -0.10237500 0.00454658 -0.00000000
v -0.10320440 0.00493336 -0.00000000
v -0.03867906 0.06959885 -0.00000000
v -0.03745174 0.06812840 -0.00000000
v -0.03824990 0.06790357 -0.00000000
v -0.03775465 0.07052326 -0.00000000
v -0.03579950 0.06817054 -0.00000000
v -0.03662741 0.06821823 -0.00000000
v -0.03700476 0.07159417 -0.00000000
v -0.03974997 0.06884902 -0.00000000
v -0.03899997 0.06754994 -0.00000000
v -0.03968125 0.06707721 -0.00000000
v -0.04621183 0.06256318 -0.00000000
v -0.04149347 0.06347459 -0.00000000
v -0.03645229 0.07277905 -0.00000000
v -0.03320235 0.07395470 -0.00000000
v -0.04093480 0.06829649 -0.00000000
v -0.04027503 0.06649839 -0.00000000
v -0.10408830 0.00517023 -0.00000000
v -0.03611391 0.07404184 -0.00000000
v -0.03389751 0.07551282 -0.00000000
v -0.04219758 0.06795811 -0.00000000
v -0.04076498 0.06582933 -0.00000000
v -0.04113763 0.06508857 -0.00000000
v -0.04669302 0.06420010 -0.00000000
v -0.04138273 0.06429636 -0.00000000
v -0.03599995 0.07534420 -0.00000000
v -0.04349994 0.06784421 -0.00000000
v -0.03611391 0.07664656 -0.00000000
v -0.03431773 0.07716649 -0.00000000
v -0.04480230 0.06795811 -0.00000000
v -0.04744541 0.06573140 -0.00000000
v -0.03645229 0.07790935 -0.00000000
v -0.03445065 0.07886749 -0.00000000
v -0.04606515 0.06829649 -0.00000000
v -0.04844725 0.06711256 -0.00000000
v -0.03700476 0.07909417 -0.00000000
v -0.03429251 0.08056634 -0.00000000
v -0.04724997 0.06884902 -0.00000000
v -0.03775465 0.08016508 -0.00000000
v -0.03384786 0.08221358 -0.00000000
v -0.04832088 0.06959885 -0.00000000
v -0.04966926 0.06830328 -0.00000000
v -0.03867906 0.08108949 -0.00000000
v -0.04924529 0.07052326 -0.00000000
v -0.05107587 0.06926894 -0.00000000
v -0.03974997 0.08183938 -0.00000000
v -0.04999518 0.07159417 -0.00000000
v 0.00000000 0.12200000 -0.00000000
v -0.00675046 0.10728780 -0.00000000
v -0.12200000 0.00000000 0.00000000
v -0.10902170 0.00337458 -0.00000000
v -0.10954660 0.00262499 -0.00000000
v -0.10993340 0.00179559 -0.00000000
v -0.11017020 0.00091165 -0.00000000
v -0.11025000 0.00000000 0.00000000
v -0.11017020 -0.00091165 0.00000000
v -0.10993340 -0.00179559 0.00000000
v -0.10954660 -0.00262499 0.00000000
v -0.05262619 0.06998139 -0.00000000
v -0.04093480 0.08239185 -0.00000000
v -0.05054765 0.07277905 -0.00000000
v -0.05427509 0.07041990 -0.00000000
v -0.05088603 0.07404184 -0.00000000
v -0.05099999 0.07534420 -0.00000000
v -0.05088603 0.07664656 -0.00000000
v -0.04912531 0.08691090 -0.00000000
v -0.04606515 0.08239185 -0.00000000
v -0.04724997 0.08183938 -0.00000000
v -0.04847824 0.08755803 -0.00000000
v -0.04480230 0.08273023 -0.00000000
v -0.04987496 0.08638602 -0.00000000
v -0.04795336 0.08830761 -0.00000000
v -0.04349994 0.08284419 -0.00000000
v -0.05070436 0.08599925 -0.00000000
v -0.04832088 0.08108949 -0.00000000
v -0.04756659 0.08913701 -0.00000000
v -0.04219758 0.08273023 -0.00000000
v -0.04732972 0.09002101 -0.00000000
v -0.05158829 0.08576238 -0.00000000
v -0.04924529 0.08016508 -0.00000000
v -0.04724997 0.09093266 -0.00000000
v -0.05249994 0.08568263 -0.00000000
v -0.04999518 0.07909417 -0.00000000
v -0.04732972 0.09184432 -0.00000000
v -0.02766788 0.09919291 -0.00000000
v -0.05341160 0.08576238 -0.00000000
v -0.05054765 0.07790935 -0.00000000
v -0.04756659 0.09272825 -0.00000000
v -0.05429559 0.08599925 -0.00000000
v -0.02118504 0.12014650 -0.00000000
v -0.02014493 0.10559560 -0.00000000
v -0.02180039 0.10512920 -0.00000000
v -0.02335143 0.10438600 -0.00000000
v -0.12014650 0.02118504 -0.00000000
v -0.10500000 0.00524998 -0.00000000
v -0.10591160 0.00517023 -0.00000000
v -0.10679560 0.00493336 -0.00000000
v -0.10762500 0.00454658 -0.00000000
v -0.10837460 0.00402170 -0.00000000
v -0.04795336 0.09355765 -0.00000000
v -0.05512499 0.08638602 -0.00000000
v -0.10710110 0.03441083 -0.00000000
v -0.04847824 0.09430730 -0.00000000
v -0.05587458 0.08691090 -0.00000000
v -0.10800370 0.03567397 -0.00000000
v -0.05652171 0.08755803 -0.00000000
v -0.04172641 0.11464250 -0.00000000
v -0.02694284 0.10075250 -0.00000000
v -0.02596127 0.10216490 -0.00000000
v -0.02475219 0.10338810 -0.00000000
v -0.04912531 0.09495437 -0.00000000
v -0.04987496 0.09547930 -0.00000000
v -0.05070436 0.09586602 -0.00000000
v -0.05158829 0.09610289 -0.00000000
v -0.11464250 0.04172641 -0.00000000
v -0.10869990 0.03706157 -0.00000000
v -0.10917290 0.03854018 -0.00000000
v -0.10941140 0.04007422 -0.00000000
v -0.10940960 0.04162669 -0.00000000
v -0.10916750 0.04316014 -0.00000000
v -0.10869090 0.04463768 -0.00000000
v -0.10427820 0.05415064 -0.00000000
v -0.08335125 0.07554686 -0.00000000
v -0.05704659 0.08830761 -0.00000000
v -0.06099998 0.10565510 -0.00000000
v -0.05249994 0.09618264 -0.00000000
v -0.05341160 0.09610289 -0.00000000
v -0.05429559 0.09586602 -0.00000000
v -0.05512499 0.09547930 -0.00000000
v -0.05587458 0.09495437 -0.00000000
v -0.05652171 0.09430730 -0.00000000
v -0.05704659 0.09355765 -0.00000000
v -0.05743336 0.09272825 -0.00000000
v -0.10565510 0.06099998 -0.00000000
v -0.09903496 0.06323230 -0.00000000
v -0.07842004 0.09345740 -0.00000000
v -0.08489638 0.07569694 -0.00000000
v -0.05767023 0.09184432 -0.00000000
v -0.05774998 0.09093266 -0.00000000
v -0.05767023 0.09002101 -0.00000000
v -0.05743336 0.08913701 -0.00000000
v -0.09345740 0.07842004 -0.00000000
v -0.09196156 0.07296168 -0.00000000
v -0.09300285 0.07181024 -0.00000000
v -0.09075456 0.07393807 -0.00000000
v -0.08941102 0.07471591 -0.00000000
v -0.08796328 0.07527637 -0.00000000
v -0.08644622 0.07560604 -0.00000000
v -0.09049999 -0.01346409 0.00000000
v -0.09113192 -0.01375871 0.00000000
v -0.03528916 0.06300634 0.01039999
v -0.03557783 0.06321984 0.01058465
v -0.03527045 0.06321984 0.01039999
v -0.03527045 0.06321984 0.01039999
v -0.03557783 0.06321984 0.01058465
v -0.03528916 0.06343334 0.01039999
v -0.03620922 0.06312000 0.01095402
v -0.03649997 0.06321984 0.01113873
v -0.03619259 0.06321984 0.01095402
v -0.03625738 0.06303101 0.01095402
v -0.03591853 0.06302022 0.01076936
v -0.03588521 0.06321984 0.01076936
v -0.03633183 0.06296253 0.01095402
v -0.03601485 0.06284224 0.01076936
v -0.03642451 0.06292188 0.01095402
v -0.03562784 0.06292045 0.01058465
v -0.03534460 0.06279933 0.01039999
v -0.03543519 0.06260508 0.01039999
v -0.03616374 0.06270515 0.01076936
v -0.03652536 0.06291353 0.01095402
v -0.03577226 0.06265348 0.01058465
v -0.03555810 0.06242954 0.01039999
v -0.03570967 0.06227797 0.01039999
v -0.03634905 0.06262391 0.01076936
v -0.03662341 0.06293833 0.01095402
v -0.03599560 0.06244784 0.01058465
v -0.03588521 0.06215506 0.01039999
v -0.03607946 0.06206446 0.01039999
v -0.03655076 0.06260716 0.01076936
v -0.03670817 0.06299370 0.01095402
v -0.03627359 0.06232589 0.01058465
v -0.03628647 0.06200903 0.01039999
v -0.03649997 0.06199032 0.01039999
v -0.03674691 0.06265687 0.01076936
v -0.03677028 0.06307351 0.01095402
v -0.03657615 0.06230086 0.01058465
v -0.03671348 0.06200903 0.01039999
v -0.03691631 0.06276756 0.01076936
v -0.03680318 0.06316924 0.01095402
v -0.03687036 0.06237536 0.01058465
v -0.03692048 0.06206446 0.01039999
v -0.03711473 0.06215506 0.01039999
v -0.03704065 0.06292724 0.01076936
v -0.03680318 0.06327044 0.01095402
v -0.03649997 0.06321984 0.01113873
v -0.03712451 0.06254142 0.01058465
v -0.03729027 0.06227797 0.01039999
v -0.03744184 0.06242954 0.01039999
v -0.03710633 0.06311863 0.01076936
v -0.03677028 0.06336611 0.01095402
v -0.03731095 0.06278097 0.01058465
v -0.03756475 0.06260508 0.01039999
v -0.03765535 0.06279933 0.01039999
v -0.03710633 0.06332099 0.01076936
v -0.03670817 0.06344598 0.01095402
v -0.03740954 0.06306803 0.01058465
v -0.03771078 0.06300634 0.01039999
v -0.03772950 0.06321984 0.01039999
v -0.03704065 0.06351244 0.01076936
v -0.03662341 0.06350129 0.01095402
v -0.03740954 0.06337159 0.01058465
v -0.03771078 0.06343334 0.01039999
v -0.03765535 0.06364035 0.01039999
v -0.03691631 0.06367212 0.01076936
v -0.03652536 0.06352615 0.01095402
v -0.03731095 0.06365871 0.01058465
v -0.03756475 0.06383460 0.01039999
v -0.03744184 0.06401014 0.01039999
v -0.03674691 0.06378281 0.01076936
v -0.03642451 0.06351780 0.01095402
v -0.03712451 0.06389826 0.01058465
v -0.03729027 0.06416165 0.01039999
v -0.03711473 0.06428462 0.01039999
v -0.03655076 0.06383246 0.01076936
v -0.03633183 0.06347715 0.01095402
v -0.03687036 0.06406426 0.01058465
v -0.03692048 0.06437516 0.01039999
v -0.03671348 0.06443065 0.01039999
v -0.03634905 0.06381577 0.01076936
v -0.03625738 0.06340861 0.01095402
v -0.03657615 0.06413882 0.01058465
v -0.03649997 0.06444931 0.01039999
v -0.03616374 0.06373447 0.01076936
v -0.03620922 0.06331962 0.01095402
v -0.03619259 0.06321984 0.01095402
v -0.03627359 0.06411373 0.01058465
v -0.03628647 0.06443065 0.01039999
v -0.03607946 0.06437516 0.01039999
v -0.03601485 0.06359744 0.01076936
v -0.03599560 0.06399178 0.01058465
v -0.03588521 0.06428462 0.01039999
v -0.03570967 0.06416165 0.01039999
v -0.03591853 0.06341946 0.01076936
v -0.03588521 0.06321984 0.01076936
v -0.03577226 0.06378620 0.01058465
v -0.03555810 0.06401014 0.01039999
v -0.03543519 0.06383460 0.01039999
v -0.03562784 0.06351923 0.01058465
v -0.03534460 0.06364035 0.01039999
v -0.03527045 0.06321984 0.00319999
v -0.03528916 0.06300634 0.01039999
v -0.03527045 0.06321984 0.01039999
v -0.03528916 0.06300634 0.00319999
v -0.03534460 0.06279933 0.01039999
v -0.03534460 0.06279933 0.00319999
v -0.03543519 0.06260508 0.01039999
v -0.03543519 0.06260508 0.00319999
v -0.03555810 0.06242954 0.01039999
v -0.03555810 0.06242954 0.00319999
v -0.03570967 0.06227797 0.01039999
v -0.03570967 0.06227797 0.00319999
v -0.03588521 0.06215506 0.01039999
v -0.03588521 0.06215506 0.00319999
v -0.03607946 0.06206446 0.01039999
v -0.03607946 0.06206446 0.00319999
v -0.03628647 0.06200903 0.01039999
v -0.03628647 0.06200903 0.00319999
v -0.03649997 0.06199032 0.01039999
v -0.03649997 0.06199032 0.00319999
v -0.03671348 0.06200903 0.01039999
v -0.03671348 0.06200903 0.00319999
v -0.03692048 0.06206446 0.01039999
v -0.03692048 0.06206446 0.00319999
v -0.03711473 0.06215506 0.01039999
v -0.03711473 0.06215506 0.00319999
v -0.03729027 0.06227797 0.01039999
v -0.03729027 0.06227797 0.00319999
v -0.03744184 0.06242954 0.01039999
v -0.03744184 0.06242954 0.00319999
v -0.03756475 0.06260508 0.01039999
v -0.03756475 0.06260508 0.00319999
v -0.03765535 0.06279933 0.01039999
v -0.03765535 0.06279933 0.00319999
v -0.03771078 0.06300634 0.01039999
v -0.03771078 0.06300634 0.00319999
v -0.03772950 0.06321984 0.01039999
v -0.03772950 0.06321984 0.00319999
v -0.03771078 0.06343334 0.01039999
v -0.03771078 0.06343334 0.00319999
v -0.03765535 0.06364035 0.01039999
v -0.03765535 0.06364035 0.00319999
v -0.03756475 0.06383460 0.01039999
v -0.03756475 0.06383460 0.00319999
v -0.03744184 0.06401014 0.01039999
v -0.03744184 0.06401014 0.00319999
v -0.03729027 0.06416165 0.01039999
v -0.03729027 0.06416165 0.00319999
v -0.03711473 0.06428462 0.00319999
v -0.03711473 0.06428462 0.01039999
v -0.03692048 0.06437516 0.01039999
v -0.03692048 0.06437516 0.00319999
v -0.03671348 0.06443065 0.01039999
v -0.03671348 0.06443065 0.00319999
v -0.03649997 0.06444931 0.01039999
v -0.03649997 0.06444931 0.00319999
v -0.03628647 0.06443065 0.00319999
v -0.03628647 0.06443065 0.01039999
v -0.03607946 0.06437516 0.01039999
v -0.03607946 0.06437516 0.00319999
v -0.03588521 0.06428462 0.00319999
v -0.03588521 0.06428462 0.01039999
v -0.03570967 0.06416165 0.00319999
v -0.03570967 0.06416165 0.01039999
v -0.03555810 0.06401014 0.00319999
v -0.03555810 0.06401014 0.01039999
v -0.03543519 0.06383460 0.01039999
v -0.03543519 0.06383460 0.00319999
v -0.03534460 0.06364035 0.01039999
v -0.03534460 0.06364035 0.00319999
v -0.03528916 0.06343334 0.00319999
v -0.03528916 0.06343334 0.01039999
v -0.03527045 0.06321984 0.01039999
v -0.03528916 -0.06343334 0.01039999
v -0.03557783 -0.06321984 0.01058465
v -0.03527045 -0.06321984 0.01039999
v -0.03527045 -0.06321984 0.01039999
v -0.03557783 -0.06321984 0.01058465
v -0.03528916 -0.06300634 0.01039999
v -0.03620922 -0.06331962 0.01095402
v -0.03649997 -0.06321984 0.01113873
v -0.03619259 -0.06321984 0.01095402
v -0.03625738 -0.06340861 0.01095402
v -0.03591853 -0.06341946 0.01076936
v -0.03588521 -0.06321984 0.01076936
v -0.03633183 -0.06347715 0.01095402
v -0.03601485 -0.06359744 0.01076936
v -0.03642451 -0.06351780 0.01095402
v -0.03562784 -0.06351923 0.01058465
v -0.03534460 -0.06364035 0.01039999
v -0.03543519 -0.06383460 0.01039999
v -0.03616374 -0.06373447 0.01076936
v -0.03652536 -0.06352615 0.01095402
v -0.03577226 -0.06378620 0.01058465
v -0.03555810 -0.06401014 0.01039999
v -0.03570967 -0.06416165 0.01039999
v -0.03634905 -0.06381577 0.01076936
v -0.03662341 -0.06350129 0.01095402
v -0.03599560 -0.06399178 0.01058465
v -0.03588521 -0.06428462 0.01039999
v -0.03607946 -0.06437516 0.01039999
v -0.03655076 -0.06383246 0.01076936
v -0.03670817 -0.06344598 0.01095402
v -0.03627359 -0.06411373 0.01058465
v -0.03628647 -0.06443065 0.01039999
v -0.03649997 -0.06444931 0.01039999
v -0.03674691 -0.06378281 0.01076936
v -0.03677028 -0.06336611 0.01095402
v -0.03657615 -0.06413882 0.01058465
v -0.03671348 -0.06443065 0.01039999
v -0.03691631 -0.06367212 0.01076936
v -0.03680318 -0.06327044 0.01095402
v -0.03687036 -0.06406426 0.01058465
v -0.03692048 -0.06437516 0.01039999
v -0.03711473 -0.06428462 0.01039999
v -0.03704065 -0.06351244 0.01076936
v -0.03680318 -0.06316924 0.01095402
v -0.03649997 -0.06321984 0.01113873
v -0.03712451 -0.06389826 0.01058465
v -0.03729027 -0.06416165 0.01039999
v -0.03744184 -0.06401014 0.01039999
v -0.03710633 -0.06332099 0.01076936
v -0.03677028 -0.06307351 0.01095402
v -0.03731095 -0.06365871 0.01058465
v -0.03756475 -0.06383460 0.01039999
v -0.03765535 -0.06364035 0.01039999
v -0.03710633 -0.06311863 0.01076936
v -0.03670817 -0.06299370 0.01095402
v -0.03740954 -0.06337159 0.01058465
v -0.03771078 -0.06343334 0.01039999
v -0.03772950 -0.06321984 0.01039999
v -0.03704065 -0.06292724 0.01076936
v -0.03662341 -0.06293833 0.01095402
v -0.03740954 -0.06306803 0.01058465
v -0.03771078 -0.06300634 0.01039999
v -0.03765535 -0.06279933 0.01039999
v -0.03691631 -0.06276756 0.01076936
v -0.03652536 -0.06291353 0.01095402
v -0.03731095 -0.06278097 0.01058465
v -0.03756475 -0.06260508 0.01039999
v -0.03744184 -0.06242954 0.01039999
v -0.03674691 -0.06265687 0.01076936
v -0.03642451 -0.06292188 0.01095402
v -0.03712451 -0.06254142 0.01058465
v -0.03729027 -0.06227797 0.01039999
v -0.03711473 -0.06215506 0.01039999
v -0.03655076 -0.06260716 0.01076936
v -0.03633183 -0.06296253 0.01095402
v -0.03687036 -0.06237536 0.01058465
v -0.03692048 -0.06206446 0.01039999
v -0.03671348 -0.06200903 0.01039999
v -0.03634905 -0.06262391 0.01076936
v -0.03625738 -0.06303101 0.01095402
v -0.03657615 -0.06230086 0.01058465
v -0.03649997 -0.06199032 0.01039999
v -0.03616374 -0.06270515 0.01076936
v -0.03620922 -0.06312000 0.01095402
v -0.03619259 -0.06321984 0.01095402
v -0.03588521 -0.06321984 0.01076936
v -0.03627359 -0.06232589 0.01058465
v -0.03628647 -0.06200903 0.01039999
v -0.03607946 -0.06206446 0.01039999
v -0.03601485 -0.06284224 0.01076936
v -0.03599560 -0.06244784 0.01058465
v -0.03588521 -0.06215506 0.01039999
v -0.03570967 -0.06227797 0.01039999
v -0.03591853 -0.06302022 0.01076936
v -0.03577226 -0.06265348 0.01058465
v -0.03555810 -0.06242954 0.01039999
v -0.03543519 -0.06260508 0.01039999
v -0.03562784 -0.06292045 0.01058465
v -0.03534460 -0.06279933 0.01039999
v -0.03527045 -0.06321984 0.00319999
v -0.03528916 -0.06343334 0.01039999
v -0.03527045 -0.06321984 0.01039999
v -0.03528916 -0.06343334 0.00319999
v -0.03534460 -0.06364035 0.01039999
v -0.03534460 -0.06364035 0.00319999
v -0.03543519 -0.06383460 0.01039999
v -0.03543519 -0.06383460 0.00319999
v -0.03555810 -0.06401014 0.01039999
v -0.03555810 -0.06401014 0.00319999
v -0.03570967 -0.06416165 0.01039999
v -0.03570967 -0.06416165 0.00319999
v -0.03588521 -0.06428462 0.01039999
v -0.03588521 -0.06428462 0.00319999
v -0.03607946 -0.06437516 0.01039999
v -0.03607946 -0.06437516 0.00319999
v -0.03628647 -0.06443065 0.01039999
v -0.03628647 -0.06443065 0.00319999
v -0.03649997 -0.06444931 0.01039999
v -0.03649997 -0.06444931 0.00319999
v -0.03671348 -0.06443065 0.01039999
v -0.03671348 -0.06443065 0.00319999
v -0.03692048 -0.06437516 0.01039999
v -0.03692048 -0.06437516 0.00319999
v -0.03711473 -0.06428462 0.01039999
v -0.03711473 -0.06428462 0.00319999
v -0.03729027 -0.06416165 0.01039999
v -0.03729027 -0.06416165 0.00319999
v -0.03744184 -0.06401014 0.01039999
v -0.03744184 -0.06401014 0.00319999
v -0.03756475 -0.06383460 0.01039999
v -0.03756475 -0.06383460 0.00319999
v -0.03765535 -0.06364035 0.01039999
v -0.03765535 -0.06364035 0.00319999
v -0.03771078 -0.06343334 0.01039999
v -0.03771078 -0.06343334 0.00319999
v -0.03772950 -0.06321984 0.01039999
v -0.03772950 -0.06321984 0.00319999
v -0.03771078 -0.06300634 0.01039999
v -0.03771078 -0.06300634 0.00319999
v -0.03765535 -0.06279933 0.01039999
v -0.03765535 -0.06279933 0.00319999
v -0.03756475 -0.06260508 0.01039999
v -0.03756475 -0.06260508 0.00319999
v -0.03744184 -0.06242954 0.01039999
v -0.03744184 -0.06242954 0.00319999
v -0.03729027 -0.06227797 0.01039999
v -0.03729027 -0.06227797 0.00319999
v -0.03711473 -0.06215506 0.01039999
v -0.03711473 -0.06215506 0.00319999
v -0.03692048 -0.06206446 0.01039999
v -0.03692048 -0.06206446 0.00319999
v -0.03671348 -0.06200903 0.01039999
v -0.03671348 -0.06200903 0.00319999
v -0.03649997 -0.06199032 0.01039999
v -0.03649997 -0.06199032 0.00319999
v -0.03628647 -0.06200903 0.00319999
v -0.03628647 -0.06200903 0.01039999
v -0.03607946 -0.06206446 0.01039999
v -0.03607946 -0.06206446 0.00319999
v -0.03588521 -0.06215506 0.00319999
v -0.03588521 -0.06215506 0.01039999
v -0.03570967 -0.06227797 0.01039999
v -0.03570967 -0.06227797 0.00319999
v -0.03555810 -0.06242954 0.00319999
v -0.03555810 -0.06242954 0.01039999
v -0.03543519 -0.06260508 0.00319999
v -0.03543519 -0.06260508 0.01039999
v -0.03534460 -0.06279933 0.01039999
v -0.03534460 -0.06279933 0.00319999
v -0.03528916 -0.06300634 0.00319999
v -0.03528916 -0.06300634 0.01039999
v -0.03527045 -0.06321984 0.01039999
v -0.03527045 -0.06321984 0.00319999
v 0.07421082 -0.00021350 0.01039999
v 0.07392209 0.00000000 0.01058465
v 0.07422947 0.00000000 0.01039999
v 0.07422947 0.00000000 0.01039999
v 0.07392209 0.00000000 0.01058465
v 0.07421082 0.00021350 0.01039999
v 0.07329070 -0.00009980 0.01095402
v 0.07299995 0.00000000 0.01113873
v 0.07330733 0.00000000 0.01095402
v 0.07324254 -0.00018879 0.01095402
v 0.07358139 -0.00019961 0.01076936
v 0.07361471 0.00000000 0.01076936
v 0.07316809 -0.00025732 0.01095402
v 0.07348507 -0.00037759 0.01076936
v 0.07307541 -0.00029797 0.01095402
v 0.07387214 -0.00029941 0.01058465
v 0.07415533 -0.00042051 0.01039999
v 0.07406473 -0.00061475 0.01039999
v 0.07333624 -0.00051465 0.01076936
v 0.07297462 -0.00030633 0.01095402
v 0.07372766 -0.00056638 0.01058465
v 0.07394182 -0.00079031 0.01039999
v 0.07379031 -0.00094185 0.01039999
v 0.07315087 -0.00059594 0.01076936
v 0.07287651 -0.00028149 0.01095402
v 0.07350432 -0.00077197 0.01058465
v 0.07361471 -0.00106478 0.01039999
v 0.07342052 -0.00115532 0.01039999
v 0.07294923 -0.00061265 0.01076936
v 0.07279181 -0.00022614 0.01095402
v 0.07322633 -0.00089391 0.01058465
v 0.07321345 -0.00121081 0.01039999
v 0.07299995 -0.00122947 0.01039999
v 0.07275301 -0.00056297 0.01076936
v 0.07272964 -0.00014629 0.01095402
v 0.07292383 -0.00091897 0.01058465
v 0.07278650 -0.00121081 0.01039999
v 0.07258361 -0.00045229 0.01076936
v 0.07269680 -0.00005059 0.01095402
v 0.07262957 -0.00084446 0.01058465
v 0.07257944 -0.00115532 0.01039999
v 0.07238525 -0.00106478 0.01039999
v 0.07245934 -0.00029259 0.01076936
v 0.07269680 0.00005059 0.01095402
v 0.07299995 0.00000000 0.01113873
v 0.07237541 -0.00067843 0.01058465
v 0.07220965 -0.00094185 0.01039999
v 0.07205814 -0.00079031 0.01039999
v 0.07239359 -0.00010118 0.01076936
v 0.07272964 0.00014629 0.01095402
v 0.07218897 -0.00043888 0.01058465
v 0.07193517 -0.00061475 0.01039999
v 0.07184463 -0.00042051 0.01039999
v 0.07239359 0.00010118 0.01076936
v 0.07279181 0.00022614 0.01095402
v 0.07209044 -0.00015178 0.01058465
v 0.07178914 -0.00021350 0.01039999
v 0.07177048 0.00000000 0.01039999
v 0.07245934 0.00029259 0.01076936
v 0.07287651 0.00028149 0.01095402
v 0.07209044 0.00015178 0.01058465
v 0.07178914 0.00021350 0.01039999
v 0.07184463 0.00042051 0.01039999
v 0.07258361 0.00045229 0.01076936
v 0.07297462 0.00030633 0.01095402
v 0.07218897 0.00043888 0.01058465
v 0.07193517 0.00061475 0.01039999
v 0.07205814 0.00079031 0.01039999
v 0.07275301 0.00056297 0.01076936
v 0.07307541 0.00029797 0.01095402
v 0.07237541 0.00067843 0.01058465
v 0.07220965 0.00094185 0.01039999
v 0.07238525 0.00106478 0.01039999
v 0.07294923 0.00061265 0.01076936
v 0.07316809 0.00025732 0.01095402
v 0.07262957 0.00084446 0.01058465
v 0.07257944 0.00115532 0.01039999
v 0.07278650 0.00121081 0.01039999
v 0.07315087 0.00059594 0.01076936
v 0.07324254 0.00018879 0.01095402
v 0.07292383 0.00091897 0.01058465
v 0.07299995 0.00122947 0.01039999
v 0.07333624 0.00051465 0.01076936
v 0.07329070 0.00009980 0.01095402
v 0.07330733 0.00000000 0.01095402
v 0.07322633 0.00089391 0.01058465
v 0.07321345 0.00121081 0.01039999
v 0.07342052 0.00115532 0.01039999
v 0.07348507 0.00037759 0.01076936
v 0.07350432 0.00077197 0.01058465
v 0.07361471 0.00106478 0.01039999
v 0.07379031 0.00094185 0.01039999
v 0.07358139 0.00019961 0.01076936
v 0.07361471 0.00000000 0.01076936
v 0.07372766 0.00056638 0.01058465
v 0.07394182 0.00079031 0.01039999
v 0.07406473 0.00061475 0.01039999
v 0.07387214 0.00029941 0.01058465
v 0.07415533 0.00042051 0.01039999
v 0.07422947 0.00000000 0.00319999
v 0.07421082 -0.00021350 0.01039999
v 0.07422947 0.00000000 0.01039999
v 0.07421082 -0.00021350 0.00319999
v 0.07415533 -0.00042051 0.01039999
v 0.07415533 -0.00042051 0.00319999
v 0.07406473 -0.00061475 0.01039999
v 0.07406473 -0.00061475 0.00319999
v 0.07394182 -0.00079031 0.01039999
v 0.07394182 -0.00079031 0.00319999
v 0.07379031 -0.00094185 0.01039999
v 0.07379031 -0.00094185 0.00319999
v 0.07361471 -0.00106478 0.01039999
v 0.07361471 -0.00106478 0.00319999
v 0.07342052 -0.00115532 0.01039999
v 0.07342052 -0.00115532 0.00319999
v 0.07321345 -0.00121081 0.01039999
v 0.07321345 -0.00121081 0.00319999
v 0.07299995 -0.00122947 0.01039999
v 0.07299995 -0.00122947 0.00319999
v 0.07278650 -0.00121081 0.01039999
v 0.07278650 -0.00121081 0.00319999
v 0.07257944 -0.00115532 0.01039999
v 0.07257944 -0.00115532 0.00319999
v 0.07238525 -0.00106478 0.01039999
v 0.07238525 -0.00106478 0.00319999
v 0.07220965 -0.00094185 0.01039999
v 0.07220965 -0.00094185 0.00319999
v 0.07205814 -0.00079031 0.01039999
v 0.07205814 -0.00079031 0.00319999
v 0.07193517 -0.00061475 0.01039999
v 0.07193517 -0.00061475 0.00319999
v 0.07184463 -0.00042051 0.01039999
v 0.07184463 -0.00042051 0.00319999
v 0.07178914 -0.00021350 0.01039999
v 0.07178914 -0.00021350 0.00319999
v 0.07177048 0.00000000 0.01039999
v 0.07177048 0.00000000 0.00319999
v 0.07178914 0.00021350 0.01039999
v 0.07178914 0.00021350 0.00319999
v 0.07184463 0.00042051 0.01039999
v 0.07184463 0.00042051 0.00319999
v 0.07193517 0.00061475 0.01039999
v 0.07193517 0.00061475 0.00319999
v 0.07205814 0.00079031 0.00319999
v 0.07205814 0.00079031 0.01039999
v 0.07220965 0.00094185 0.01039999
v 0.07220965 0.00094185 0.00319999
v 0.07238525 0.00106478 0.01039999
v 0.07238525 0.00106478 0.00319999
v 0.07257944 0.00115532 0.00319999
v 0.07257944 0.00115532 0.01039999
v 0.07278650 0.00121081 0.01039999
v 0.07278650 0.00121081 0.00319999
v 0.07299995 0.00122947 0.00319999
v 0.07299995 0.00122947 0.01039999
v 0.07321345 0.00121081 0.01039999
v 0.07321345 0.00121081 0.00319999
v 0.07342052 0.00115532 0.00319999
v 0.07342052 0.00115532 0.01039999
v 0.07361471 0.00106478 0.01039999
v 0.07361471 0.00106478 0.00319999
v 0.07379031 0.00094185 0.01039999
v 0.07379031 0.00094185 0.00319999
v 0.07394182 0.00079031 0.00319999
v 0.07394182 0.00079031 0.01039999
v 0.07406473 0.00061475 0.01039999
v 0.07406473 0.00061475 0.00319999
v 0.07415533 0.00042051 0.00319999
v 0.07415533 0.00042051 0.01039999
v 0.07421082 0.00021350 0.01039999
v 0.07421082 0.00021350 0.00319999
v 0.07422947 0.00000000 0.00319999
v 0.07422947 0.00000000 0.01039999
v 0.03771078 -0.06343334 0.01039999
v 0.03742212 -0.06321984 0.01058465
v 0.03772950 -0.06321984 0.01039999
v 0.03772950 -0.06321984 0.01039999
v 0.03742212 -0.06321984 0.01058465
v 0.03771078 -0.06300634 0.01039999
v 0.03679066 -0.06331962 0.01095402
v 0.03649997 -0.06321984 0.01113873
v 0.03680735 -0.06321984 0.01095402
v 0.03674250 -0.06340861 0.01095402
v 0.03708142 -0.06341946 0.01076936
v 0.03711473 -0.06321984 0.01076936
v 0.03666812 -0.06347715 0.01095402
v 0.03698509 -0.06359744 0.01076936
v 0.03657543 -0.06351780 0.01095402
v 0.03737211 -0.06351923 0.01058465
v 0.03765535 -0.06364035 0.01039999
v 0.03756475 -0.06383460 0.01039999
v 0.03683620 -0.06373447 0.01076936
v 0.03647458 -0.06352615 0.01095402
v 0.03722769 -0.06378620 0.01058465
v 0.03744184 -0.06401014 0.01039999
v 0.03729027 -0.06416165 0.01039999
v 0.03665089 -0.06381577 0.01076936
v 0.03637647 -0.06350129 0.01095402
v 0.03700435 -0.06399178 0.01058465
v 0.03711473 -0.06428462 0.01039999
v 0.03692048 -0.06437516 0.01039999
v 0.03644919 -0.06383246 0.01076936
v 0.03629177 -0.06344598 0.01095402
v 0.03672635 -0.06411373 0.01058465
v 0.03671348 -0.06443065 0.01039999
v 0.03649997 -0.06444931 0.01039999
v 0.03625303 -0.06378281 0.01076936
v 0.03622967 -0.06336611 0.01095402
v 0.03642380 -0.06413882 0.01058465
v 0.03628647 -0.06443065 0.01039999
v 0.03608363 -0.06367212 0.01076936
v 0.03619676 -0.06327044 0.01095402
v 0.03612953 -0.06406426 0.01058465
v 0.03607946 -0.06437516 0.01039999
v 0.03588521 -0.06428462 0.01039999
v 0.03595930 -0.06351244 0.01076936
v 0.03619676 -0.06316924 0.01095402
v 0.03649997 -0.06321984 0.01113873
v 0.03587543 -0.06389826 0.01058465
v 0.03570967 -0.06416165 0.01039999
v 0.03555810 -0.06401014 0.01039999
v 0.03589361 -0.06332099 0.01076936
v 0.03622967 -0.06307351 0.01095402
v 0.03568899 -0.06365871 0.01058465
v 0.03543519 -0.06383460 0.01039999
v 0.03534460 -0.06364035 0.01039999
v 0.03589361 -0.06311863 0.01076936
v 0.03629177 -0.06299370 0.01095402
v 0.03559041 -0.06337159 0.01058465
v 0.03528916 -0.06343334 0.01039999
v 0.03527045 -0.06321984 0.01039999
v 0.03595930 -0.06292724 0.01076936
v 0.03637647 -0.06293833 0.01095402
v 0.03559041 -0.06306803 0.01058465
v 0.03528916 -0.06300634 0.01039999
v 0.03534460 -0.06279933 0.01039999
v 0.03608363 -0.06276756 0.01076936
v 0.03647458 -0.06291353 0.01095402
v 0.03568899 -0.06278097 0.01058465
v 0.03543519 -0.06260508 0.01039999
v 0.03555810 -0.06242954 0.01039999
v 0.03625303 -0.06265687 0.01076936
v 0.03657543 -0.06292188 0.01095402
v 0.03587543 -0.06254142 0.01058465
v 0.03570967 -0.06227797 0.01039999
v 0.03588521 -0.06215506 0.01039999
v 0.03644919 -0.06260716 0.01076936
v 0.03666812 -0.06296253 0.01095402
v 0.03612953 -0.06237536 0.01058465
v 0.03607946 -0.06206446 0.01039999
v 0.03628647 -0.06200903 0.01039999
v 0.03665089 -0.06262391 0.01076936
v 0.03674250 -0.06303101 0.01095402
v 0.03642380 -0.06230086 0.01058465
v 0.03649997 -0.06199032 0.01039999
v 0.03683620 -0.06270515 0.01076936
v 0.03679066 -0.06312000 0.01095402
v 0.03680735 -0.06321984 0.01095402
v 0.03672635 -0.06232589 0.01058465
v 0.03671348 -0.06200903 0.01039999
v 0.03692048 -0.06206446 0.01039999
v 0.03698509 -0.06284224 0.01076936
v 0.03700435 -0.06244784 0.01058465
v 0.03711473 -0.06215506 0.01039999
v 0.03729027 -0.06227797 0.01039999
v 0.03708142 -0.06302022 0.01076936
v 0.03711473 -0.06321984 0.01076936
v 0.03722769 -0.06265348 0.01058465
v 0.03744184 -0.06242954 0.01039999
v 0.03756475 -0.06260508 0.01039999
v 0.03737211 -0.06292045 0.01058465
v 0.03765535 -0.06279933 0.01039999
v 0.03772950 -0.06321984 0.00319999
v 0.03771078 -0.06343334 0.01039999
v 0.03772950 -0.06321984 0.01039999
v 0.03771078 -0.06343334 0.00319999
v 0.03765535 -0.06364035 0.01039999
v 0.03765535 -0.06364035 0.00319999
v 0.03756475 -0.06383460 0.01039999
v 0.03756475 -0.06383460 0.00319999
v 0.03744184 -0.06401014 0.01039999
v 0.03744184 -0.06401014 0.00319999
v 0.03729027 -0.06416165 0.01039999
v 0.03729027 -0.06416165 0.00319999
v 0.03711473 -0.06428462 0.01039999
v 0.03711473 -0.06428462 0.00319999
v 0.03692048 -0.06437516 0.01039999
v 0.03692048 -0.06437516 0.00319999
v 0.03671348 -0.06443065 0.01039999
v 0.03671348 -0.06443065 0.00319999
v 0.03649997 -0.06444931 0.01039999
v 0.03649997 -0.06444931 0.00319999
v 0.03628647 -0.06443065 0.01039999
v 0.03628647 -0.06443065 0.00319999
v 0.03607946 -0.06437516 0.01039999
v 0.03607946 -0.06437516 0.00319999
v 0.03588521 -0.06428462 0.01039999
v 0.03588521 -0.06428462 0.00319999
v 0.03570967 -0.06416165 0.01039999
v 0.03570967 -0.06416165 0.00319999
v 0.03555810 -0.06401014 0.01039999
v 0.03555810 -0.06401014 0.00319999
v 0.03543519 -0.06383460 0.01039999
v 0.03543519 -0.06383460 0.00319999
v 0.03534460 -0.06364035 0.01039999
v 0.03534460 -0.06364035 0.00319999
v 0.03528916 -0.06343334 0.01039999
v 0.03528916 -0.06343334 0.00319999
v 0.03527045 -0.06321984 0.01039999
v 0.03527045 -0.06321984 0.00319999
v 0.03528916 -0.06300634 0.01039999
v 0.03528916 -0.06300634 0.00319999
v 0.03534460 -0.06279933 0.01039999
v 0.03534460 -0.06279933 0.00319999
v 0.03543519 -0.06260508 0.01039999
v 0.03543519 -0.06260508 0.00319999
v 0.03555810 -0.06242954 0.01039999
v 0.03555810 -0.06242954 0.00319999
v 0.03570967 -0.06227797 0.01039999
v 0.03570967 -0.06227797 0.00319999
v 0.03588521 -0.06215506 0.01039999
v 0.03588521 -0.06215506 0.00319999
v 0.03607946 -0.06206446 0.01039999
v 0.03607946 -0.06206446 0.00319999
v 0.03628647 -0.06200903 0.01039999
v 0.03628647 -0.06200903 0.00319999
v 0.03649997 -0.06199032 0.01039999
v 0.03649997 -0.06199032 0.00319999
v 0.03671348 -0.06200903 0.00319999
v 0.03671348 -0.06200903 0.01039999
v 0.03692048 -0.06206446 0.01039999
v 0.03692048 -0.06206446 0.00319999
v 0.03711473 -0.06215506 0.00319999
v 0.03711473 -0.06215506 0.01039999
v 0.03729027 -0.06227797 0.01039999
v 0.03729027 -0.06227797 0.00319999
v 0.03744184 -0.06242954 0.00319999
v 0.03744184 -0.06242954 0.01039999
v 0.03756475 -0.06260508 0.00319999
v 0.03756475 -0.06260508 0.01039999
v 0.03765535 -0.06279933 0.01039999
v 0.03765535 -0.06279933 0.00319999
v 0.03771078 -0.06300634 0.00319999
v 0.03771078 -0.06300634 0.01039999
v 0.03772950 -0.06321984 0.01039999
v 0.03772950 -0.06321984 0.00319999
v -0.07178914 -0.00021350 0.01039999
v -0.07207787 0.00000000 0.01058465
v -0.07177048 0.00000000 0.01039999
v -0.07207787 0.00000000 0.01058465
v -0.07178914 0.00021350 0.01039999
v -0.07270926 -0.00009980 0.01095402
v -0.07299995 0.00000000 0.01113873
v -0.07269263 0.00000000 0.01095402
v -0.07275742 -0.00018879 0.01095402
v -0.07241851 -0.00019961 0.01076936
v -0.07238525 0.00000000 0.01076936
v -0.07283186 -0.00025732 0.01095402
v -0.07251483 -0.00037759 0.01076936
v -0.07292455 -0.00029797 0.01095402
v -0.07212781 -0.00029941 0.01058465
v -0.07184463 -0.00042051 0.01039999
v -0.07193517 -0.00061475 0.01039999
v -0.07266372 -0.00051465 0.01076936
v -0.07302534 -0.00030633 0.01095402
v -0.07227230 -0.00056638 0.01058465
v -0.07205814 -0.00079031 0.01039999
v -0.07220965 -0.00094185 0.01039999
v -0.07284909 -0.00059594 0.01076936
v -0.07312345 -0.00028149 0.01095402
v -0.07249563 -0.00077197 0.01058465
v -0.07238525 -0.00106478 0.01039999
v -0.07257944 -0.00115532 0.01039999
v -0.07305073 -0.00061265 0.01076936
v -0.07320815 -0.00022614 0.01095402
v -0.07277363 -0.00089391 0.01058465
v -0.07278650 -0.00121081 0.01039999
v -0.07299995 -0.00122947 0.01039999
v -0.07324689 -0.00056297 0.01076936
v -0.07327032 -0.00014629 0.01095402
v -0.07307612 -0.00091897 0.01058465
v -0.07321345 -0.00121081 0.01039999
v -0.07341635 -0.00045229 0.01076936
v -0.07330316 -0.00005059 0.01095402
v -0.07337039 -0.00084446 0.01058465
v -0.07342052 -0.00115532 0.01039999
v -0.07361471 -0.00106478 0.01039999
v -0.07354062 -0.00029259 0.01076936
v -0.07330316 0.00005059 0.01095402
v -0.07299995 0.00000000 0.01113873
v -0.07362449 -0.00067843 0.01058465
v -0.07379031 -0.00094185 0.01039999
v -0.07394182 -0.00079031 0.01039999
v -0.07360637 -0.00010118 0.01076936
v -0.07327032 0.00014629 0.01095402
v -0.07381099 -0.00043888 0.01058465
v -0.07406473 -0.00061475 0.01039999
v -0.07415533 -0.00042051 0.01039999
v -0.07360637 0.00010118 0.01076936
v -0.07320815 0.00022614 0.01095402
v -0.07390952 -0.00015178 0.01058465
v -0.07421082 -0.00021350 0.01039999
v -0.07422947 0.00000000 0.01039999
v -0.07354062 0.00029259 0.01076936
v -0.07312345 0.00028149 0.01095402
v -0.07390952 0.00015178 0.01058465
v -0.07421082 0.00021350 0.01039999
v -0.07415533 0.00042051 0.01039999
v -0.07341635 0.00045229 0.01076936
v -0.07302534 0.00030633 0.01095402
v -0.07381099 0.00043888 0.01058465
v -0.07406473 0.00061475 0.01039999
v -0.07394182 0.00079031 0.01039999
v -0.07324689 0.00056297 0.01076936
v -0.07292455 0.00029797 0.01095402
v -0.07362449 0.00067843 0.01058465
v -0.07379031 0.00094185 0.01039999
v -0.07361471 0.00106478 0.01039999
v -0.07305073 0.00061265 0.01076936
v -0.07283186 0.00025732 0.01095402
v -0.07337039 0.00084446 0.01058465
v -0.07342052 0.00115532 0.01039999
v -0.07321345 0.00121081 0.01039999
v -0.07284909 0.00059594 0.01076936
v -0.07275742 0.00018879 0.01095402
v -0.07307612 0.00091897 0.01058465
v -0.07299995 0.00122947 0.01039999
v -0.07266372 0.00051465 0.01076936
v -0.07270926 0.00009980 0.01095402
v -0.07269263 0.00000000 0.01095402
v -0.07277363 0.00089391 0.01058465
v -0.07278650 0.00121081 0.01039999
v -0.07257944 0.00115532 0.01039999
v -0.07251483 0.00037759 0.01076936
v -0.07249563 0.00077197 0.01058465
v -0.07238525 0.00106478 0.01039999
v -0.07220965 0.00094185 0.01039999
v -0.07241851 0.00019961 0.01076936
v -0.07238525 0.00000000 0.01076936
v -0.07227230 0.00056638 0.01058465
v -0.07205814 0.00079031 0.01039999
v -0.07193517 0.00061475 0.01039999
v -0.07212781 0.00029941 0.01058465
v -0.07184463 0.00042051 0.01039999
v -0.07177048 0.00000000 0.00319999
v -0.07178914 -0.00021350 0.01039999
v -0.07177048 0.00000000 0.01039999
v -0.07178914 -0.00021350 0.00319999
v -0.07184463 -0.00042051 0.01039999
v -0.07184463 -0.00042051 0.00319999
v -0.07193517 -0.00061475 0.01039999
v -0.07193517 -0.00061475 0.00319999
v -0.07205814 -0.00079031 0.01039999
v -0.07205814 -0.00079031 0.00319999
v -0.07220965 -0.00094185 0.01039999
v -0.07220965 -0.00094185 0.00319999
v -0.07238525 -0.00106478 0.01039999
v -0.07238525 -0.00106478 0.00319999
v -0.07257944 -0.00115532 0.01039999
v -0.07257944 -0.00115532 0.00319999
v -0.07278650 -0.00121081 0.01039999
v -0.07278650 -0.00121081 0.00319999
v -0.07299995 -0.00122947 0.01039999
v -0.07299995 -0.00122947 0.00319999
v -0.07321345 -0.00121081 0.01039999
v -0.07321345 -0.00121081 0.00319999
v -0.07342052 -0.00115532 0.01039999
v -0.07342052 -0.00115532 0.00319999
v -0.07361471 -0.00106478 0.01039999
v -0.07361471 -0.00106478 0.00319999
v -0.07379031 -0.00094185 0.01039999
v -0.07379031 -0.00094185 0.00319999
v -0.07394182 -0.00079031 0.01039999
v -0.07394182 -0.00079031 0.00319999
v -0.07406473 -0.00061475 0.01039999
v -0.07406473 -0.00061475 0.00319999
v -0.07415533 -0.00042051 0.01039999
v -0.07415533 -0.00042051 0.00319999
v -0.07421082 -0.00021350 0.01039999
v -0.07421082 -0.00021350 0.00319999
v -0.07422947 0.00000000 0.01039999
v -0.07422947 0.00000000 0.00319999
v -0.07421082 0.00021350 0.01039999
v -0.07421082 0.00021350 0.00319999
v -0.07415533 0.00042051 0.01039999
v -0.07415533 0.00042051 0.00319999
v -0.07406473 0.00061475 0.01039999
v -0.07406473 0.00061475 0.00319999
v -0.07394182 0.00079031 0.00319999
v -0.07394182 0.00079031 0.01039999
v -0.07379031 0.00094185 0.01039999
v -0.07379031 0.00094185 0.00319999
v -0.07361471 0.00106478 0.01039999
v -0.07361471 0.00106478 0.00319999
v -0.07342052 0.00115532 0.00319999
v -0.07342052 0.00115532 0.01039999
v -0.07321345 0.00121081 0.01039999
v -0.07321345 0.00121081 0.00319999
v -0.07299995 0.00122947 0.00319999
v -0.07299995 0.00122947 0.01039999
v -0.07278650 0.00121081 0.01039999
v -0.07278650 0.00121081 0.00319999
v -0.07257944 0.00115532 0.00319999
v -0.07257944 0.00115532 0.01039999
v -0.07238525 0.00106478 0.01039999
v -0.07238525 0.00106478 0.00319999
v -0.07220965 0.00094185 0.01039999
v -0.07220965 0.00094185 0.00319999
v -0.07205814 0.00079031 0.00319999
v -0.07205814 0.00079031 0.01039999
v -0.07193517 0.00061475 0.01039999
v -0.07193517 0.00061475 0.00319999
v -0.07184463 0.00042051 0.00319999
v -0.07184463 0.00042051 0.01039999
v -0.07178914 0.00021350 0.01039999
v -0.07178914 0.00021350 0.00319999
v -0.07177048 0.00000000 0.00319999
v -0.07177048 0.00000000 0.01039999
v 0.03771078 0.06300634 0.01039999
v 0.03742212 0.06321984 0.01058465
v 0.03772950 0.06321984 0.01039999
v 0.03772950 0.06321984 0.01039999
v 0.03742212 0.06321984 0.01058465
v 0.03771078 0.06343334 0.01039999
v 0.03679066 0.06312000 0.01095402
v 0.03649997 0.06321984 0.01113873
v 0.03680735 0.06321984 0.01095402
v 0.03674250 0.06303101 0.01095402
v 0.03708142 0.06302022 0.01076936
v 0.03711473 0.06321984 0.01076936
v 0.03666812 0.06296253 0.01095402
v 0.03698509 0.06284224 0.01076936
v 0.03657543 0.06292188 0.01095402
v 0.03737211 0.06292045 0.01058465
v 0.03765535 0.06279933 0.01039999
v 0.03756475 0.06260508 0.01039999
v 0.03683620 0.06270515 0.01076936
v 0.03647458 0.06291353 0.01095402
v 0.03722769 0.06265348 0.01058465
v 0.03744184 0.06242954 0.01039999
v 0.03729027 0.06227797 0.01039999
v 0.03665089 0.06262391 0.01076936
v 0.03637647 0.06293833 0.01095402
v 0.03700435 0.06244784 0.01058465
v 0.03711473 0.06215506 0.01039999
v 0.03692048 0.06206446 0.01039999
v 0.03644919 0.06260716 0.01076936
v 0.03629177 0.06299370 0.01095402
v 0.03672635 0.06232589 0.01058465
v 0.03671348 0.06200903 0.01039999
v 0.03649997 0.06199032 0.01039999
v 0.03625303 0.06265687 0.01076936
v 0.03622967 0.06307351 0.01095402
v 0.03642380 0.06230086 0.01058465
v 0.03628647 0.06200903 0.01039999
v 0.03608363 0.06276756 0.01076936
v 0.03619676 0.06316924 0.01095402
v 0.03612953 0.06237536 0.01058465
v 0.03607946 0.06206446 0.01039999
v 0.03588521 0.06215506 0.01039999
v 0.03595930 0.06292724 0.01076936
v 0.03619676 0.06327044 0.01095402
v 0.03649997 0.06321984 0.01113873
v 0.03587543 0.06254142 0.01058465
v 0.03570967 0.06227797 0.01039999
v 0.03555810 0.06242954 0.01039999
v 0.03589361 0.06311863 0.01076936
v 0.03622967 0.06336611 0.01095402
v 0.03568899 0.06278097 0.01058465
v 0.03543519 0.06260508 0.01039999
v 0.03534460 0.06279933 0.01039999
v 0.03589361 0.06332099 0.01076936
v 0.03629177 0.06344598 0.01095402
v 0.03559041 0.06306803 0.01058465
v 0.03528916 0.06300634 0.01039999
v 0.03527045 0.06321984 0.01039999
v 0.03595930 0.06351244 0.01076936
v 0.03637647 0.06350129 0.01095402
v 0.03559041 0.06337159 0.01058465
v 0.03528916 0.06343334 0.01039999
v 0.03534460 0.06364035 0.01039999
v 0.03608363 0.06367212 0.01076936
v 0.03647458 0.06352615 0.01095402
v 0.03568899 0.06365871 0.01058465
v 0.03543519 0.06383460 0.01039999
v 0.03555810 0.06401014 0.01039999
v 0.03625303 0.06378281 0.01076936
v 0.03657543 0.06351780 0.01095402
v 0.03587543 0.06389826 0.01058465
v 0.03570967 0.06416165 0.01039999
v 0.03588521 0.06428462 0.01039999
v 0.03644919 0.06383246 0.01076936
v 0.03666812 0.06347715 0.01095402
v 0.03612953 0.06406426 0.01058465
v 0.03607946 0.06437516 0.01039999
v 0.03628647 0.06443065 0.01039999
v 0.03665089 0.06381577 0.01076936
v 0.03674250 0.06340861 0.01095402
v 0.03642380 0.06413882 0.01058465
v 0.03649997 0.06444931 0.01039999
v 0.03683620 0.06373447 0.01076936
v 0.03679066 0.06331962 0.01095402
v 0.03680735 0.06321984 0.01095402
v 0.03711473 0.06321984 0.01076936
v 0.03672635 0.06411373 0.01058465
v 0.03671348 0.06443065 0.01039999
v 0.03692048 0.06437516 0.01039999
v 0.03698509 0.06359744 0.01076936
v 0.03700435 0.06399178 0.01058465
v 0.03711473 0.06428462 0.01039999
v 0.03729027 0.06416165 0.01039999
v 0.03708142 0.06341946 0.01076936
v 0.03722769 0.06378620 0.01058465
v 0.03744184 0.06401014 0.01039999
v 0.03756475 0.06383460 0.01039999
v 0.03737211 0.06351923 0.01058465
v 0.03765535 0.06364035 0.01039999
v 0.03772950 0.06321984 0.00319999
v 0.03771078 0.06300634 0.01039999
v 0.03772950 0.06321984 0.01039999
v 0.03771078 0.06300634 0.00319999
v 0.03765535 0.06279933 0.01039999
v 0.03765535 0.06279933 0.00319999
v 0.03756475 0.06260508 0.01039999
v 0.03756475 0.06260508 0.00319999
v 0.03744184 0.06242954 0.01039999
v 0.03744184 0.06242954 0.00319999
v 0.03729027 0.06227797 0.01039999
v 0.03729027 0.06227797 0.00319999
v 0.03711473 0.06215506 0.01039999
v 0.03711473 0.06215506 0.00319999
v 0.03692048 0.06206446 0.01039999
v 0.03692048 0.06206446 0.00319999
v 0.03671348 0.06200903 0.01039999
v 0.03671348 0.06200903 0.00319999
v 0.03649997 0.06199032 0.01039999
v 0.03649997 0.06199032 0.00319999
v 0.03628647 0.06200903 0.01039999
v 0.03628647 0.06200903 0.00319999
v 0.03607946 0.06206446 0.01039999
v 0.03607946 0.06206446 0.00319999
v 0.03588521 0.06215506 0.01039999
v 0.03588521 0.06215506 0.00319999
v 0.03570967 0.06227797 0.01039999
v 0.03570967 0.06227797 0.00319999
v 0.03555810 0.06242954 0.01039999
v 0.03555810 0.06242954 0.00319999
v 0.03543519 0.06260508 0.01039999
v 0.03543519 0.06260508 0.00319999
v 0.03534460 0.06279933 0.01039999
v 0.03534460 0.06279933 0.00319999
v 0.03528916 0.06300634 0.01039999
v 0.03528916 0.06300634 0.00319999
v 0.03527045 0.06321984 0.01039999
v 0.03527045 0.06321984 0.00319999
v 0.03528916 0.06343334 0.01039999
v 0.03528916 0.06343334 0.00319999
v 0.03534460 0.06364035 0.01039999
v 0.03534460 0.06364035 0.00319999
v 0.03543519 0.06383460 0.01039999
v 0.03543519 0.06383460 0.00319999
v 0.03555810 0.06401014 0.01039999
v 0.03555810 0.06401014 0.00319999
v 0.03570967 0.06416165 0.01039999
v 0.03570967 0.06416165 0.00319999
v 0.03588521 0.06428462 0.00319999
v 0.03588521 0.06428462 0.01039999
v 0.03607946 0.06437516 0.01039999
v 0.03607946 0.06437516 0.00319999
v 0.03628647 0.06443065 0.01039999
v 0.03628647 0.06443065 0.00319999
v 0.03649997 0.06444931 0.01039999
v 0.03649997 0.06444931 0.00319999
v 0.03671348 0.06443065 0.00319999
v 0.03671348 0.06443065 0.01039999
v 0.03692048 0.06437516 0.01039999
v 0.03692048 0.06437516 0.00319999
v 0.03711473 0.06428462 0.00319999
v 0.03711473 0.06428462 0.01039999
v 0.03729027 0.06416165 0.00319999
v 0.03729027 0.06416165 0.01039999
v 0.03744184 0.06401014 0.00319999
v 0.03744184 0.06401014 0.01039999
v 0.03756475 0.06383460 0.01039999
v 0.03756475 0.06383460 0.00319999
v 0.03765535 0.06364035 0.01039999
v 0.03765535 0.06364035 0.00319999
v 0.03771078 0.06343334 0.00319999
v 0.03771078 0.06343334 0.01039999
v 0.03772950 0.06321984 0.01039999
v 0.01178914 0.09829998 0.01721346
v 0.01207786 0.09811526 0.01699995
v 0.01177048 0.09829998 0.01699995
v 0.01207786 0.09811526 0.01699995
v 0.01178914 0.09829998 0.01678645
v 0.01270925 0.09774589 0.01709979
v 0.01299995 0.09756124 0.01699995
v 0.01269257 0.09774589 0.01699995
v 0.01238524 0.09793061 0.01699995
v 0.01275742 0.09774589 0.01718878
v 0.01241850 0.09793061 0.01719957
v 0.01283186 0.09774589 0.01725727
v 0.01251482 0.09793061 0.01737755
v 0.01292449 0.09774589 0.01729792
v 0.01212781 0.09811526 0.01729941
v 0.01184463 0.09829998 0.01742047
v 0.01193517 0.09829998 0.01761472
v 0.01266372 0.09793061 0.01751464
v 0.01302534 0.09774589 0.01730632
v 0.01227229 0.09811526 0.01756638
v 0.01205813 0.09829998 0.01779025
v 0.01220965 0.09829998 0.01794183
v 0.01284909 0.09793061 0.01759588
v 0.01312345 0.09774589 0.01728147
v 0.01249563 0.09811526 0.01777195
v 0.01238524 0.09829998 0.01806473
v 0.01257944 0.09829998 0.01815533
v 0.01305073 0.09793061 0.01761263
v 0.01320815 0.09774589 0.01722609
v 0.01277363 0.09811526 0.01789391
v 0.01278644 0.09829998 0.01821076
v 0.01299995 0.09829998 0.01822948
v 0.01324689 0.09793061 0.01756292
v 0.01327031 0.09774589 0.01714628
v 0.01307612 0.09811526 0.01791894
v 0.01321345 0.09829998 0.01821076
v 0.01341634 0.09793061 0.01745223
v 0.01330316 0.09774589 0.01705056
v 0.01337039 0.09811526 0.01784443
v 0.01342046 0.09829998 0.01815533
v 0.01361471 0.09829998 0.01806473
v 0.01354062 0.09793061 0.01729255
v 0.01330316 0.09774589 0.01694935
v 0.01299995 0.09756124 0.01699995
v 0.01362448 0.09811526 0.01767838
v 0.01379030 0.09829998 0.01794183
v 0.01394182 0.09829998 0.01779025
v 0.01360636 0.09793061 0.01710116
v 0.01327031 0.09774589 0.01685369
v 0.01381093 0.09811526 0.01743888
v 0.01406472 0.09829998 0.01761472
v 0.01415532 0.09829998 0.01742047
v 0.01360636 0.09793061 0.01689881
v 0.01320815 0.09774589 0.01677381
v 0.01390951 0.09811526 0.01715177
v 0.01421082 0.09829998 0.01721346
v 0.01422947 0.09829998 0.01699995
v 0.01354062 0.09793061 0.01670736
v 0.01312345 0.09774589 0.01671850
v 0.01390951 0.09811526 0.01684820
v 0.01421082 0.09829998 0.01678645
v 0.01415532 0.09829998 0.01657944
v 0.01341634 0.09793061 0.01654767
v 0.01302534 0.09774589 0.01669365
v 0.01381093 0.09811526 0.01656109
v 0.01406472 0.09829998 0.01638519
v 0.01394182 0.09829998 0.01620966
v 0.01324689 0.09793061 0.01643699
v 0.01292449 0.09774589 0.01670199
v 0.01362448 0.09811526 0.01632153
v 0.01379030 0.09829998 0.01605814
v 0.01361471 0.09829998 0.01593518
v 0.01305073 0.09793061 0.01638734
v 0.01283186 0.09774589 0.01674264
v 0.01337039 0.09811526 0.01615554
v 0.01342046 0.09829998 0.01584464
v 0.01321345 0.09829998 0.01578915
v 0.01284909 0.09793061 0.01640403
v 0.01275742 0.09774589 0.01681119
v 0.01307612 0.09811526 0.01608097
v 0.01299995 0.09829998 0.01577049
v 0.01266372 0.09793061 0.01648533
v 0.01270925 0.09774589 0.01690018
v 0.01269257 0.09774589 0.01699995
v 0.01277363 0.09811526 0.01610606
v 0.01278644 0.09829998 0.01578915
v 0.01257944 0.09829998 0.01584464
v 0.01251482 0.09793061 0.01662236
v 0.01249563 0.09811526 0.01622802
v 0.01238524 0.09829998 0.01593518
v 0.01220965 0.09829998 0.01605814
v 0.01241850 0.09793061 0.01680034
v 0.01238524 0.09793061 0.01699995
v 0.01227229 0.09811526 0.01643359
v 0.01205813 0.09829998 0.01620966
v 0.01193517 0.09829998 0.01638519
v 0.01212781 0.09811526 0.01670056
v 0.01184463 0.09829998 0.01657944
v 0.01177048 0.10550000 0.01699995
v 0.01178914 0.09829998 0.01721346
v 0.01177048 0.09829998 0.01699995
v 0.01178914 0.10550000 0.01721346
v 0.01184463 0.09829998 0.01742047
v 0.01184463 0.10550000 0.01742047
v 0.01193517 0.09829998 0.01761472
v 0.01193517 0.10550000 0.01761472
v 0.01205813 0.09829998 0.01779025
v 0.01205813 0.10550000 0.01779025
v 0.01220965 0.09829998 0.01794183
v 0.01220965 0.10550000 0.01794183
v 0.01238524 0.09829998 0.01806473
v 0.01238524 0.10550000 0.01806473
v 0.01257944 0.09829998 0.01815533
v 0.01257944 0.10550000 0.01815533
v 0.01278644 0.09829998 0.01821076
v 0.01278644 0.10550000 0.01821076
v 0.01299995 0.09829998 0.01822948
v 0.01299995 0.10550000 0.01822948
v 0.01321345 0.09829998 0.01821076
v 0.01321345 0.10550000 0.01821076
v 0.01342046 0.09829998 0.01815533
v 0.01342046 0.10550000 0.01815533
v 0.01361471 0.09829998 0.01806473
v 0.01361471 0.10550000 0.01806473
v 0.01379030 0.09829998 0.01794183
v 0.01379030 0.10550000 0.01794183
v 0.01394182 0.09829998 0.01779025
v 0.01394182 0.10550000 0.01779025
v 0.01406472 0.09829998 0.01761472
v 0.01406472 0.10550000 0.01761472
v 0.01415532 0.09829998 0.01742047
v 0.01415532 0.10550000 0.01742047
v 0.01421082 0.09829998 0.01721346
v 0.01421082 0.10550000 0.01721346
v 0.01422947 0.09829998 0.01699995
v 0.01422947 0.10550000 0.01699995
v 0.01421082 0.09829998 0.01678645
v 0.01421082 0.10550000 0.01678645
v 0.01415532 0.10550000 0.01657944
v 0.01415532 0.09829998 0.01657944
v 0.01406472 0.09829998 0.01638519
v 0.01406472 0.10550000 0.01638519
v 0.01394182 0.09829998 0.01620966
v 0.01394182 0.10550000 0.01620966
v 0.01379030 0.09829998 0.01605814
v 0.01379030 0.10550000 0.01605814
v 0.01361471 0.09829998 0.01593518
v 0.01361471 0.10550000 0.01593518
v 0.01342046 0.09829998 0.01584464
v 0.01342046 0.10550000 0.01584464
v 0.01321345 0.09829998 0.01578915
v 0.01321345 0.10550000 0.01578915
v 0.01299995 0.09829998 0.01577049
v 0.01299995 0.10550000 0.01577049
v 0.01278644 0.09829998 0.01578915
v 0.01278644 0.10550000 0.01578915
v 0.01257944 0.10550000 0.01584464
v 0.01257944 0.09829998 0.01584464
v 0.01238524 0.09829998 0.01593518
v 0.01238524 0.10550000 0.01593518
v 0.01220965 0.09829998 0.01605814
v 0.01220965 0.10550000 0.01605814
v 0.01205813 0.09829998 0.01620966
v 0.01205813 0.10550000 0.01620966
v 0.01193517 0.09829998 0.01638519
v 0.01193517 0.10550000 0.01638519
v 0.01184463 0.10550000 0.01657944
v 0.01184463 0.09829998 0.01657944
v 0.01178914 0.10550000 0.01678645
v 0.01178914 0.09829998 0.01678645
v 0.01177048 0.10550000 0.01699995
v 0.01177048 0.09829998 0.01699995
v 0.01178914 0.09829998 0.04321348
v 0.01207786 0.09811526 0.04299998
v 0.01177048 0.09829998 0.04299998
v 0.01207786 0.09811526 0.04299998
v 0.01178914 0.09829998 0.04278647
v 0.01270925 0.09774589 0.04309976
v 0.01299995 0.09756124 0.04299998
v 0.01269257 0.09774589 0.04299998
v 0.01275742 0.09774589 0.04318875
v 0.01241850 0.09793061 0.04319959
v 0.01238524 0.09793061 0.04299998
v 0.01283186 0.09774589 0.04325729
v 0.01251482 0.09793061 0.04337757
v 0.01292449 0.09774589 0.04329794
v 0.01212781 0.09811526 0.04329937
v 0.01184463 0.09829998 0.04342049
v 0.01193517 0.09829998 0.04361474
v 0.01266372 0.09793061 0.04351460
v 0.01302534 0.09774589 0.04330629
v 0.01227229 0.09811526 0.04356634
v 0.01205813 0.09829998 0.04379028
v 0.01220965 0.09829998 0.04394185
v 0.01284909 0.09793061 0.04359591
v 0.01312345 0.09774589 0.04328143
v 0.01249563 0.09811526 0.04377192
v 0.01238524 0.09829998 0.04406476
v 0.01257944 0.09829998 0.04415529
v 0.01305073 0.09793061 0.04361259
v 0.01320815 0.09774589 0.04322612
v 0.01277363 0.09811526 0.04389387
v 0.01278644 0.09829998 0.04421079
v 0.01299995 0.09829998 0.04422944
v 0.01324689 0.09793061 0.04356294
v 0.01327031 0.09774589 0.04314625
v 0.01307612 0.09811526 0.04391896
v 0.01321345 0.09829998 0.04421079
v 0.01341634 0.09793061 0.04345226
v 0.01330316 0.09774589 0.04305058
v 0.01337039 0.09811526 0.04384446
v 0.01342046 0.09829998 0.04415529
v 0.01361471 0.09829998 0.04406476
v 0.01354062 0.09793061 0.04329258
v 0.01330316 0.09774589 0.04294937
v 0.01299995 0.09756124 0.04299998
v 0.01362448 0.09811526 0.04367840
v 0.01379030 0.09829998 0.04394185
v 0.01394182 0.09829998 0.04379028
v 0.01360636 0.09793061 0.04310113
v 0.01327031 0.09774589 0.04285365
v 0.01381093 0.09811526 0.04343885
v 0.01406472 0.09829998 0.04361474
v 0.01415532 0.09829998 0.04342049
v 0.01360636 0.09793061 0.04289877
v 0.01320815 0.09774589 0.04277384
v 0.01390951 0.09811526 0.04315173
v 0.01421082 0.09829998 0.04321348
v 0.01422947 0.09829998 0.04299998
v 0.01354062 0.09793061 0.04270738
v 0.01312345 0.09774589 0.04271847
v 0.01390951 0.09811526 0.04284816
v 0.01421082 0.09829998 0.04278647
v 0.01415532 0.09829998 0.04257947
v 0.01341634 0.09793061 0.04254770
v 0.01302534 0.09774589 0.04269367
v 0.01381093 0.09811526 0.04256111
v 0.01406472 0.09829998 0.04238522
v 0.01394182 0.09829998 0.04220968
v 0.01324689 0.09793061 0.04243701
v 0.01292449 0.09774589 0.04270201
v 0.01362448 0.09811526 0.04232156
v 0.01379030 0.09829998 0.04205811
v 0.01361471 0.09829998 0.04193520
v 0.01305073 0.09793061 0.04238730
v 0.01283186 0.09774589 0.04274266
v 0.01337039 0.09811526 0.04215550
v 0.01342046 0.09829998 0.04184460
v 0.01321345 0.09829998 0.04178917
v 0.01284909 0.09793061 0.04240405
v 0.01275742 0.09774589 0.04281115
v 0.01307612 0.09811526 0.04208099
v 0.01299995 0.09829998 0.04177045
v 0.01266372 0.09793061 0.04248535
v 0.01270925 0.09774589 0.04290014
v 0.01269257 0.09774589 0.04299998
v 0.01277363 0.09811526 0.04210609
v 0.01278644 0.09829998 0.04178917
v 0.01257944 0.09829998 0.04184460
v 0.01251482 0.09793061 0.04262238
v 0.01249563 0.09811526 0.04222798
v 0.01238524 0.09829998 0.04193520
v 0.01220965 0.09829998 0.04205811
v 0.01241850 0.09793061 0.04280036
v 0.01238524 0.09793061 0.04299998
v 0.01227229 0.09811526 0.04243361
v 0.01205813 0.09829998 0.04220968
v 0.01193517 0.09829998 0.04238522
v 0.01212781 0.09811526 0.04270058
v 0.01184463 0.09829998 0.04257947
v 0.01177048 0.10550000 0.04299998
v 0.01178914 0.09829998 0.04321348
v 0.01177048 0.09829998 0.04299998
v 0.01178914 0.10550000 0.04321348
v 0.01184463 0.09829998 0.04342049
v 0.01184463 0.10550000 0.04342049
v 0.01193517 0.09829998 0.04361474
v 0.01193517 0.10550000 0.04361474
v 0.01205813 0.09829998 0.04379028
v 0.01205813 0.10550000 0.04379028
v 0.01220965 0.09829998 0.04394185
v 0.01220965 0.10550000 0.04394185
v 0.01238524 0.09829998 0.04406476
v 0.01238524 0.10550000 0.04406476
v 0.01257944 0.09829998 0.04415529
v 0.01257944 0.10550000 0.04415529
v 0.01278644 0.09829998 0.04421079
v 0.01278644 0.10550000 0.04421079
v 0.01299995 0.09829998 0.04422944
v 0.01299995 0.10550000 0.04422944
v 0.01321345 0.09829998 0.04421079
v 0.01321345 0.10550000 0.04421079
v 0.01342046 0.09829998 0.04415529
v 0.01342046 0.10550000 0.04415529
v 0.01361471 0.09829998 0.04406476
v 0.01361471 0.10550000 0.04406476
v 0.01379030 0.09829998 0.04394185
v 0.01379030 0.10550000 0.04394185
v 0.01394182 0.09829998 0.04379028
v 0.01394182 0.10550000 0.04379028
v 0.01406472 0.09829998 0.04361474
v 0.01406472 0.10550000 0.04361474
v 0.01415532 0.09829998 0.04342049
v 0.01415532 0.10550000 0.04342049
v 0.01421082 0.09829998 0.04321348
v 0.01421082 0.10550000 0.04321348
v 0.01422947 0.09829998 0.04299998
v 0.01422947 0.10550000 0.04299998
v 0.01421082 0.09829998 0.04278647
v 0.01421082 0.10550000 0.04278647
v 0.01415532 0.09829998 0.04257947
v 0.01415532 0.10550000 0.04257947
v 0.01406472 0.09829998 0.04238522
v 0.01406472 0.10550000 0.04238522
v 0.01394182 0.09829998 0.04220968
v 0.01394182 0.10550000 0.04220968
v 0.01379030 0.09829998 0.04205811
v 0.01379030 0.10550000 0.04205811
v 0.01361471 0.09829998 0.04193520
v 0.01361471 0.10550000 0.04193520
v 0.01342046 0.09829998 0.04184460
v 0.01342046 0.10550000 0.04184460
v 0.01321345 0.09829998 0.04178917
v 0.01321345 0.10550000 0.04178917
v 0.01299995 0.09829998 0.04177045
v 0.01299995 0.10550000 0.04177045
v 0.01278644 0.09829998 0.04178917
v 0.01278644 0.10550000 0.04178917
v 0.01257944 0.09829998 0.04184460
v 0.01257944 0.10550000 0.04184460
v 0.01238524 0.09829998 0.04193520
v 0.01238524 0.10550000 0.04193520
v 0.01220965 0.09829998 0.04205811
v 0.01220965 0.10550000 0.04205811
v 0.01205813 0.09829998 0.04220968
v 0.01205813 0.10550000 0.04220968
v 0.01193517 0.09829998 0.04238522
v 0.01193517 0.10550000 0.04238522
v 0.01184463 0.10550000 0.04257947
v 0.01184463 0.09829998 0.04257947
v 0.01178914 0.10550000 0.04278647
v 0.01178914 0.09829998 0.04278647
v 0.01177048 0.09829998 0.04299998
v 0.01177048 0.10550000 0.04299998
v -0.01421082 0.09829998 0.04321348
v -0.01392209 0.09811526 0.04299998
v -0.01422947 0.09829998 0.04299998
v -0.01392209 0.09811526 0.04299998
v -0.01421082 0.09829998 0.04278647
v -0.01329070 0.09774589 0.04309976
v -0.01299995 0.09756124 0.04299998
v -0.01330733 0.09774589 0.04299998
v -0.01324254 0.09774589 0.04318875
v -0.01358139 0.09793061 0.04319959
v -0.01361471 0.09793061 0.04299998
v -0.01316809 0.09774589 0.04325729
v -0.01348507 0.09793061 0.04337757
v -0.01307541 0.09774589 0.04329794
v -0.01387214 0.09811526 0.04329937
v -0.01415532 0.09829998 0.04342049
v -0.01406472 0.09829998 0.04361474
v -0.01333624 0.09793061 0.04351460
v -0.01297461 0.09774589 0.04330629
v -0.01372766 0.09811526 0.04356634
v -0.01394182 0.09829998 0.04379028
v -0.01379030 0.09829998 0.04394185
v -0.01315087 0.09793061 0.04359591
v -0.01287651 0.09774589 0.04328143
v -0.01350432 0.09811526 0.04377192
v -0.01361471 0.09829998 0.04406476
v -0.01342046 0.09829998 0.04415529
v -0.01294922 0.09793061 0.04361259
v -0.01279181 0.09774589 0.04322612
v -0.01322633 0.09811526 0.04389387
v -0.01321345 0.09829998 0.04421079
v -0.01299995 0.09829998 0.04422944
v -0.01275300 0.09793061 0.04356294
v -0.01272964 0.09774589 0.04314625
v -0.01292383 0.09811526 0.04391896
v -0.01278644 0.09829998 0.04421079
v -0.01258361 0.09793061 0.04345226
v -0.01269680 0.09774589 0.04305058
v -0.01262956 0.09811526 0.04384446
v -0.01257944 0.09829998 0.04415529
v -0.01238524 0.09829998 0.04406476
v -0.01245933 0.09793061 0.04329258
v -0.01269680 0.09774589 0.04294937
v -0.01299995 0.09756124 0.04299998
v -0.01237541 0.09811526 0.04367840
v -0.01220965 0.09829998 0.04394185
v -0.01205813 0.09829998 0.04379028
v -0.01239359 0.09793061 0.04310113
v -0.01272964 0.09774589 0.04285365
v -0.01218897 0.09811526 0.04343885
v -0.01193517 0.09829998 0.04361474
v -0.01184463 0.09829998 0.04342049
v -0.01239359 0.09793061 0.04289877
v -0.01279181 0.09774589 0.04277384
v -0.01209044 0.09811526 0.04315173
v -0.01178914 0.09829998 0.04321348
v -0.01177048 0.09829998 0.04299998
v -0.01245933 0.09793061 0.04270738
v -0.01287651 0.09774589 0.04271847
v -0.01209044 0.09811526 0.04284816
v -0.01178914 0.09829998 0.04278647
v -0.01184463 0.09829998 0.04257947
v -0.01258361 0.09793061 0.04254770
v -0.01297461 0.09774589 0.04269367
v -0.01218897 0.09811526 0.04256111
v -0.01193517 0.09829998 0.04238522
v -0.01205813 0.09829998 0.04220968
v -0.01275300 0.09793061 0.04243701
v -0.01307541 0.09774589 0.04270201
v -0.01237541 0.09811526 0.04232156
v -0.01220965 0.09829998 0.04205811
v -0.01238524 0.09829998 0.04193520
v -0.01294922 0.09793061 0.04238730
v -0.01316809 0.09774589 0.04274266
v -0.01262956 0.09811526 0.04215550
v -0.01257944 0.09829998 0.04184460
v -0.01278644 0.09829998 0.04178917
v -0.01315087 0.09793061 0.04240405
v -0.01324254 0.09774589 0.04281115
v -0.01292383 0.09811526 0.04208099
v -0.01299995 0.09829998 0.04177045
v -0.01333624 0.09793061 0.04248535
v -0.01329070 0.09774589 0.04290014
v -0.01330733 0.09774589 0.04299998
v -0.01361471 0.09793061 0.04299998
v -0.01322633 0.09811526 0.04210609
v -0.01321345 0.09829998 0.04178917
v -0.01342046 0.09829998 0.04184460
v -0.01348507 0.09793061 0.04262238
v -0.01350432 0.09811526 0.04222798
v -0.01361471 0.09829998 0.04193520
v -0.01379030 0.09829998 0.04205811
v -0.01358139 0.09793061 0.04280036
v -0.01372766 0.09811526 0.04243361
v -0.01394182 0.09829998 0.04220968
v -0.01406472 0.09829998 0.04238522
v -0.01387214 0.09811526 0.04270058
v -0.01415532 0.09829998 0.04257947
v -0.01422947 0.10550000 0.04299998
v -0.01421082 0.09829998 0.04321348
v -0.01422947 0.09829998 0.04299998
v -0.01421082 0.10550000 0.04321348
v -0.01415532 0.09829998 0.04342049
v -0.01415532 0.10550000 0.04342049
v -0.01406472 0.09829998 0.04361474
v -0.01406472 0.10550000 0.04361474
v -0.01394182 0.09829998 0.04379028
v -0.01394182 0.10550000 0.04379028
v -0.01379030 0.09829998 0.04394185
v -0.01379030 0.10550000 0.04394185
v -0.01361471 0.09829998 0.04406476
v -0.01361471 0.10550000 0.04406476
v -0.01342046 0.09829998 0.04415529
v -0.01342046 0.10550000 0.04415529
v -0.01321345 0.09829998 0.04421079
v -0.01321345 0.10550000 0.04421079
v -0.01299995 0.09829998 0.04422944
v -0.01299995 0.10550000 0.04422944
v -0.01278644 0.09829998 0.04421079
v -0.01278644 0.10550000 0.04421079
v -0.01257944 0.09829998 0.04415529
v -0.01257944 0.10550000 0.04415529
v -0.01238524 0.09829998 0.04406476
v -0.01238524 0.10550000 0.04406476
v -0.01220965 0.09829998 0.04394185
v -0.01220965 0.10550000 0.04394185
v -0.01205813 0.09829998 0.04379028
v -0.01205813 0.10550000 0.04379028
v -0.01193517 0.09829998 0.04361474
v -0.01193517 0.10550000 0.04361474
v -0.01184463 0.09829998 0.04342049
v -0.01184463 0.10550000 0.04342049
v -0.01178914 0.09829998 0.04321348
v -0.01178914 0.10550000 0.04321348
v -0.01177048 0.09829998 0.04299998
v -0.01177048 0.10550000 0.04299998
v -0.01178914 0.09829998 0.04278647
v -0.01178914 0.10550000 0.04278647
v -0.01184463 0.09829998 0.04257947
v -0.01184463 0.10550000 0.04257947
v -0.01193517 0.09829998 0.04238522
v -0.01193517 0.10550000 0.04238522
v -0.01205813 0.09829998 0.04220968
v -0.01205813 0.10550000 0.04220968
v -0.01220965 0.09829998 0.04205811
v -0.01220965 0.10550000 0.04205811
v -0.01238524 0.09829998 0.04193520
v -0.01238524 0.10550000 0.04193520
v -0.01257944 0.09829998 0.04184460
v -0.01257944 0.10550000 0.04184460
v -0.01278644 0.09829998 0.04178917
v -0.01278644 0.10550000 0.04178917
v -0.01299995 0.09829998 0.04177045
v -0.01299995 0.10550000 0.04177045
v -0.01321345 0.09829998 0.04178917
v -0.01321345 0.10550000 0.04178917
v -0.01342046 0.09829998 0.04184460
v -0.01342046 0.10550000 0.04184460
v -0.01361471 0.09829998 0.04193520
v -0.01361471 0.10550000 0.04193520
v -0.01379030 0.09829998 0.04205811
v -0.01379030 0.10550000 0.04205811
v -0.01394182 0.09829998 0.04220968
v -0.01394182 0.10550000 0.04220968
v -0.01406472 0.09829998 0.04238522
v -0.01406472 0.10550000 0.04238522
v -0.01415532 0.10550000 0.04257947
v -0.01415532 0.09829998 0.04257947
v -0.01421082 0.10550000 0.04278647
v -0.01421082 0.09829998 0.04278647
v -0.01422947 0.09829998 0.04299998
v -0.01422947 0.10550000 0.04299998
v -0.01421082 0.09829998 0.01721346
v -0.01392209 0.09811526 0.01699995
v -0.01422947 0.09829998 0.01699995
v -0.01392209 0.09811526 0.01699995
v -0.01421082 0.09829998 0.01678645
v -0.01329070 0.09774589 0.01709979
v -0.01299995 0.09756124 0.01699995
v -0.01330733 0.09774589 0.01699995
v -0.01361471 0.09793061 0.01699995
v -0.01324254 0.09774589 0.01718878
v -0.01358139 0.09793061 0.01719957
v -0.01316809 0.09774589 0.01725727
v -0.01348507 0.09793061 0.01737755
v -0.01307541 0.09774589 0.01729792
v -0.01387214 0.09811526 0.01729941
v -0.01415532 0.09829998 0.01742047
v -0.01406472 0.09829998 0.01761472
v -0.01333624 0.09793061 0.01751464
v -0.01297461 0.09774589 0.01730632
v -0.01372766 0.09811526 0.01756638
v -0.01394182 0.09829998 0.01779025
v -0.01379030 0.09829998 0.01794183
v -0.01315087 0.09793061 0.01759588
v -0.01287651 0.09774589 0.01728147
v -0.01350432 0.09811526 0.01777195
v -0.01361471 0.09829998 0.01806473
v -0.01342046 0.09829998 0.01815533
v -0.01294922 0.09793061 0.01761263
v -0.01279181 0.09774589 0.01722609
v -0.01322633 0.09811526 0.01789391
v -0.01321345 0.09829998 0.01821076
v -0.01299995 0.09829998 0.01822948
v -0.01275300 0.09793061 0.01756292
v -0.01272964 0.09774589 0.01714628
v -0.01292383 0.09811526 0.01791894
v -0.01278644 0.09829998 0.01821076
v -0.01258361 0.09793061 0.01745223
v -0.01269680 0.09774589 0.01705056
v -0.01262956 0.09811526 0.01784443
v -0.01257944 0.09829998 0.01815533
v -0.01238524 0.09829998 0.01806473
v -0.01245933 0.09793061 0.01729255
v -0.01269680 0.09774589 0.01694935
v -0.01299995 0.09756124 0.01699995
v -0.01237541 0.09811526 0.01767838
v -0.01220965 0.09829998 0.01794183
v -0.01205813 0.09829998 0.01779025
v -0.01239359 0.09793061 0.01710116
v -0.01272964 0.09774589 0.01685369
v -0.01218897 0.09811526 0.01743888
v -0.01193517 0.09829998 0.01761472
v -0.01184463 0.09829998 0.01742047
v -0.01239359 0.09793061 0.01689881
v -0.01279181 0.09774589 0.01677381
v -0.01209044 0.09811526 0.01715177
v -0.01178914 0.09829998 0.01721346
v -0.01177048 0.09829998 0.01699995
v -0.01245933 0.09793061 0.01670736
v -0.01287651 0.09774589 0.01671850
v -0.01209044 0.09811526 0.01684820
v -0.01178914 0.09829998 0.01678645
v -0.01184463 0.09829998 0.01657944
v -0.01258361 0.09793061 0.01654767
v -0.01297461 0.09774589 0.01669365
v -0.01218897 0.09811526 0.01656109
v -0.01193517 0.09829998 0.01638519
v -0.01205813 0.09829998 0.01620966
v -0.01275300 0.09793061 0.01643699
v -0.01307541 0.09774589 0.01670199
v -0.01237541 0.09811526 0.01632153
v -0.01220965 0.09829998 0.01605814
v -0.01238524 0.09829998 0.01593518
v -0.01294922 0.09793061 0.01638734
v -0.01316809 0.09774589 0.01674264
v -0.01262956 0.09811526 0.01615554
v -0.01257944 0.09829998 0.01584464
v -0.01278644 0.09829998 0.01578915
v -0.01315087 0.09793061 0.01640403
v -0.01324254 0.09774589 0.01681119
v -0.01292383 0.09811526 0.01608097
v -0.01299995 0.09829998 0.01577049
v -0.01333624 0.09793061 0.01648533
v -0.01329070 0.09774589 0.01690018
v -0.01330733 0.09774589 0.01699995
v -0.01322633 0.09811526 0.01610606
v -0.01321345 0.09829998 0.01578915
v -0.01342046 0.09829998 0.01584464
v -0.01348507 0.09793061 0.01662236
v -0.01350432 0.09811526 0.01622802
v -0.01361471 0.09829998 0.01593518
v -0.01379030 0.09829998 0.01605814
v -0.01358139 0.09793061 0.01680034
v -0.01361471 0.09793061 0.01699995
v -0.01372766 0.09811526 0.01643359
v -0.01394182 0.09829998 0.01620966
v -0.01406472 0.09829998 0.01638519
v -0.01387214 0.09811526 0.01670056
v -0.01415532 0.09829998 0.01657944
v -0.01422947 0.10550000 0.01699995
v -0.01421082 0.09829998 0.01721346
v -0.01422947 0.09829998 0.01699995
v -0.01421082 0.10550000 0.01721346
v -0.01415532 0.09829998 0.01742047
v -0.01415532 0.10550000 0.01742047
v -0.01406472 0.09829998 0.01761472
v -0.01406472 0.10550000 0.01761472
v -0.01394182 0.09829998 0.01779025
v -0.01394182 0.10550000 0.01779025
v -0.01379030 0.09829998 0.01794183
v -0.01379030 0.10550000 0.01794183
v -0.01361471 0.09829998 0.01806473
v -0.01361471 0.10550000 0.01806473
v -0.01342046 0.09829998 0.01815533
v -0.01342046 0.10550000 0.01815533
v -0.01321345 0.09829998 0.01821076
v -0.01321345 0.10550000 0.01821076
v -0.01299995 0.09829998 0.01822948
v -0.01299995 0.10550000 0.01822948
v -0.01278644 0.09829998 0.01821076
v -0.01278644 0.10550000 0.01821076
v -0.01257944 0.09829998 0.01815533
v -0.01257944 0.10550000 0.01815533
v -0.01238524 0.09829998 0.01806473
v -0.01238524 0.10550000 0.01806473
v -0.01220965 0.09829998 0.01794183
v -0.01220965 0.10550000 0.01794183
v -0.01205813 0.09829998 0.01779025
v -0.01205813 0.10550000 0.01779025
v -0.01193517 0.09829998 0.01761472
v -0.01193517 0.10550000 0.01761472
v -0.01184463 0.09829998 0.01742047
v -0.01184463 0.10550000 0.01742047
v -0.01178914 0.09829998 0.01721346
v -0.01178914 0.10550000 0.01721346
v -0.01177048 0.09829998 0.01699995
v -0.01177048 0.10550000 0.01699995
v -0.01178914 0.09829998 0.01678645
v -0.01178914 0.10550000 0.01678645
v -0.01184463 0.10550000 0.01657944
v -0.01184463 0.09829998 0.01657944
v -0.01193517 0.09829998 0.01638519
v -0.01193517 0.10550000 0.01638519
v -0.01205813 0.09829998 0.01620966
v -0.01205813 0.10550000 0.01620966
v -0.01220965 0.09829998 0.01605814
v -0.01220965 0.10550000 0.01605814
v -0.01238524 0.09829998 0.01593518
v -0.01238524 0.10550000 0.01593518
v -0.01257944 0.09829998 0.01584464
v -0.01257944 0.10550000 0.01584464
v -0.01278644 0.09829998 0.01578915
v -0.01278644 0.10550000 0.01578915
v -0.01299995 0.09829998 0.01577049
v -0.01299995 0.10550000 0.01577049
v -0.01321345 0.09829998 0.01578915
v -0.01321345 0.10550000 0.01578915
v -0.01342046 0.10550000 0.01584464
v -0.01342046 0.09829998 0.01584464
v -0.01361471 0.09829998 0.01593518
v -0.01361471 0.10550000 0.01593518
v -0.01379030 0.09829998 0.01605814
v -0.01379030 0.10550000 0.01605814
v -0.01394182 0.09829998 0.01620966
v -0.01394182 0.10550000 0.01620966
v -0.01406472 0.09829998 0.01638519
v -0.01406472 0.10550000 0.01638519
v -0.01415532 0.10550000 0.01657944
v -0.01415532 0.09829998 0.01657944
v -0.01421082 0.10550000 0.01678645
v -0.01421082 0.09829998 0.01678645
v -0.01422947 0.10550000 0.01699995
v -0.01422947 0.09829998 0.01699995
v -0.03771078 0.10771910 0.00779998
v -0.03742212 0.10793260 0.00761527
v -0.03772950 0.10793260 0.00779998
v -0.03772950 0.10793260 0.00779998
v -0.03742212 0.10793260 0.00761527
v -0.03771078 0.10814610 0.00779998
v -0.03679066 0.10783290 0.00724590
v -0.03649997 0.10793260 0.00706118
v -0.03680735 0.10793260 0.00724590
v -0.03674250 0.10774390 0.00724590
v -0.03708142 0.10773300 0.00743061
v -0.03711473 0.10793260 0.00743061
v -0.03666812 0.10767530 0.00724590
v -0.03698509 0.10755500 0.00743061
v -0.03657543 0.10763470 0.00724590
v -0.03737211 0.10763320 0.00761527
v -0.03765535 0.10751210 0.00779998
v -0.03756475 0.10731790 0.00779998
v -0.03683620 0.10741800 0.00743061
v -0.03647458 0.10762630 0.00724590
v -0.03722769 0.10736630 0.00761527
v -0.03744184 0.10714230 0.00779998
v -0.03729027 0.10699080 0.00779998
v -0.03665089 0.10733670 0.00743061
v -0.03637647 0.10765120 0.00724590
v -0.03700435 0.10716070 0.00761527
v -0.03711473 0.10686790 0.00779998
v -0.03692048 0.10677730 0.00779998
v -0.03644919 0.10732000 0.00743061
v -0.03629177 0.10770650 0.00724590
v -0.03672635 0.10703870 0.00761527
v -0.03671348 0.10672180 0.00779998
v -0.03649997 0.10670320 0.00779998
v -0.03625303 0.10736970 0.00743061
v -0.03622967 0.10778640 0.00724590
v -0.03642380 0.10701370 0.00761527
v -0.03628647 0.10672180 0.00779998
v -0.03608363 0.10748040 0.00743061
v -0.03619676 0.10788200 0.00724590
v -0.03612953 0.10708820 0.00761527
v -0.03607946 0.10677730 0.00779998
v -0.03588521 0.10686790 0.00779998
v -0.03595930 0.10764000 0.00743061
v -0.03619676 0.10798320 0.00724590
v -0.03649997 0.10793260 0.00706118
v -0.03587543 0.10725420 0.00761527
v -0.03570967 0.10699080 0.00779998
v -0.03555810 0.10714230 0.00779998
v -0.03589361 0.10783150 0.00743061
v -0.03622967 0.10807900 0.00724590
v -0.03568899 0.10749380 0.00761527
v -0.03543519 0.10731790 0.00779998
v -0.03534460 0.10751210 0.00779998
v -0.03589361 0.10803380 0.00743061
v -0.03629177 0.10815880 0.00724590
v -0.03559041 0.10778090 0.00761527
v -0.03528916 0.10771910 0.00779998
v -0.03527045 0.10793260 0.00779998
v -0.03595930 0.10822520 0.00743061
v -0.03637647 0.10821410 0.00724590
v -0.03559041 0.10808440 0.00761527
v -0.03528916 0.10814610 0.00779998
v -0.03534460 0.10835310 0.00779998
v -0.03608363 0.10838490 0.00743061
v -0.03647458 0.10823890 0.00724590
v -0.03568899 0.10837150 0.00761527
v -0.03543519 0.10854740 0.00779998
v -0.03555810 0.10872290 0.00779998
v -0.03625303 0.10849560 0.00743061
v -0.03657543 0.10823060 0.00724590
v -0.03587543 0.10861110 0.00761527
v -0.03570967 0.10887450 0.00779998
v -0.03588521 0.10899740 0.00779998
v -0.03644919 0.10854530 0.00743061
v -0.03666812 0.10819000 0.00724590
v -0.03612953 0.10877710 0.00761527
v -0.03607946 0.10908800 0.00779998
v -0.03628647 0.10914340 0.00779998
v -0.03665089 0.10852860 0.00743061
v -0.03674250 0.10812150 0.00724590
v -0.03642380 0.10885160 0.00761527
v -0.03649997 0.10916220 0.00779998
v -0.03683620 0.10844730 0.00743061
v -0.03679066 0.10803250 0.00724590
v -0.03680735 0.10793260 0.00724590
v -0.03711473 0.10793260 0.00743061
v -0.03672635 0.10882650 0.00761527
v -0.03671348 0.10914340 0.00779998
v -0.03692048 0.10908800 0.00779998
v -0.03698509 0.10831020 0.00743061
v -0.03700435 0.10870460 0.00761527
v -0.03711473 0.10899740 0.00779998
v -0.03729027 0.10887450 0.00779998
v -0.03708142 0.10813230 0.00743061
v -0.03722769 0.10849900 0.00761527
v -0.03744184 0.10872290 0.00779998
v -0.03756475 0.10854740 0.00779998
v -0.03737211 0.10823200 0.00761527
v -0.03765535 0.10835310 0.00779998
v -0.03772950 0.10793260 0.01499998
v -0.03771078 0.10771910 0.00779998
v -0.03772950 0.10793260 0.00779998
v -0.03771078 0.10771910 0.01499998
v -0.03765535 0.10751210 0.00779998
v -0.03765535 0.10751210 0.01499998
v -0.03756475 0.10731790 0.00779998
v -0.03756475 0.10731790 0.01499998
v -0.03744184 0.10714230 0.00779998
v -0.03744184 0.10714230 0.01499998
v -0.03729027 0.10699080 0.00779998
v -0.03729027 0.10699080 0.01499998
v -0.03711473 0.10686790 0.00779998
v -0.03711473 0.10686790 0.01499998
v -0.03692048 0.10677730 0.00779998
v -0.03692048 0.10677730 0.01499998
v -0.03671348 0.10672180 0.00779998
v -0.03671348 0.10672180 0.01499998
v -0.03649997 0.10670320 0.00779998
v -0.03649997 0.10670320 0.01499998
v -0.03628647 0.10672180 0.00779998
v -0.03628647 0.10672180 0.01499998
v -0.03607946 0.10677730 0.00779998
v -0.03607946 0.10677730 0.01499998
v -0.03588521 0.10686790 0.00779998
v -0.03588521 0.10686790 0.01499998
v -0.03570967 0.10699080 0.00779998
v -0.03570967 0.10699080 0.01499998
v -0.03555810 0.10714230 0.00779998
v -0.03555810 0.10714230 0.01499998
v -0.03543519 0.10731790 0.00779998
v -0.03543519 0.10731790 0.01499998
v -0.03534460 0.10751210 0.00779998
v -0.03534460 0.10751210 0.01499998
v -0.03528916 0.10771910 0.00779998
v -0.03528916 0.10771910 0.01499998
v -0.03527045 0.10793260 0.00779998
v -0.03527045 0.10793260 0.01499998
v -0.03528916 0.10814610 0.00779998
v -0.03528916 0.10814610 0.01499998
v -0.03534460 0.10835310 0.01499998
v -0.03534460 0.10835310 0.00779998
v -0.03543519 0.10854740 0.00779998
v -0.03543519 0.10854740 0.01499998
v -0.03555810 0.10872290 0.00779998
v -0.03555810 0.10872290 0.01499998
v -0.03570967 0.10887450 0.00779998
v -0.03570967 0.10887450 0.01499998
v -0.03588521 0.10899740 0.00779998
v -0.03588521 0.10899740 0.01499998
v -0.03607946 0.10908800 0.00779998
v -0.03607946 0.10908800 0.01499998
v -0.03628647 0.10914340 0.00779998
v -0.03628647 0.10914340 0.01499998
v -0.03649997 0.10916220 0.01499998
v -0.03649997 0.10916220 0.00779998
v -0.03671348 0.10914340 0.00779998
v -0.03671348 0.10914340 0.01499998
v -0.03692048 0.10908800 0.01499998
v -0.03692048 0.10908800 0.00779998
v -0.03711473 0.10899740 0.01499998
v -0.03711473 0.10899740 0.00779998
v -0.03729027 0.10887450 0.01499998
v -0.03729027 0.10887450 0.00779998
v -0.03744184 0.10872290 0.01499998
v -0.03744184 0.10872290 0.00779998
v -0.03756475 0.10854740 0.00779998
v -0.03756475 0.10854740 0.01499998
v -0.03765535 0.10835310 0.00779998
v -0.03765535 0.10835310 0.01499998
v -0.03771078 0.10814610 0.00779998
v -0.03771078 0.10814610 0.01499998
v -0.03772950 0.10793260 0.00779998
v -0.03257596 0.10806440 0.01499998
v -0.03249996 0.10893260 0.01999998
v -0.03249996 0.10893260 0.01499998
v -0.03257596 0.10806440 0.01999998
v -0.03280150 0.10722260 0.01499998
v -0.03316986 0.10643260 0.01999998
v -0.03280150 0.10722260 0.01999998
v -0.03316986 0.10643260 0.01499998
v -0.03366976 0.10571870 0.01999998
v -0.03366976 0.10571870 0.01499998
v -0.03428602 0.10510240 0.01499998
v -0.03499996 0.10460250 0.01999998
v -0.03428602 0.10510240 0.01999998
v -0.03499996 0.10460250 0.01499998
v -0.03578984 0.10423420 0.01499998
v -0.03578984 0.10423420 0.01999998
v -0.03663176 0.10400860 0.01499998
v -0.03663176 0.10400860 0.01999998
v -0.03749996 0.10393260 0.01499998
v -0.03749996 0.10393260 0.01999998
v -0.03249996 0.10893260 0.01499998
v -0.03249996 0.11440610 0.01999998
v -0.03249996 0.11625920 0.01499998
v -0.03249996 0.10893260 0.01999998
v -0.05781865 0.10393260 0.01999998
v -0.03749996 0.10393260 0.01999998
v -0.03749996 0.10393260 0.01499998
v -0.06140393 0.10393260 0.01499998
v -0.03570967 0.10699080 0.01499998
v -0.03428602 0.10510240 0.01499998
v -0.03366976 0.10571870 0.01499998
v -0.03555810 0.10714230 0.01499998
v -0.03588521 0.10686790 0.01499998
v -0.03499996 0.10460250 0.01499998
v -0.03543519 0.10731790 0.01499998
v -0.03316986 0.10643260 0.01499998
v -0.03607946 0.10677730 0.01499998
v -0.03499996 0.10460250 0.01499998
v -0.03588521 0.10686790 0.01499998
v -0.03534460 0.10751210 0.01499998
v -0.03628647 0.10672180 0.01499998
v -0.03578984 0.10423420 0.01499998
v -0.03607946 0.10677730 0.01499998
v -0.03528916 0.10771910 0.01499998
v -0.03280150 0.10722260 0.01499998
v -0.03649997 0.10670320 0.01499998
v -0.03663176 0.10400860 0.01499998
v -0.03527045 0.10793260 0.01499998
v -0.03257596 0.10806440 0.01499998
v -0.03671348 0.10672180 0.01499998
v -0.03749996 0.10393260 0.01499998
v -0.03528916 0.10814610 0.01499998
v -0.03249996 0.10893260 0.01499998
v -0.03692048 0.10677730 0.01499998
v -0.03534460 0.10835310 0.01499998
v -0.03711473 0.10686790 0.01499998
v -0.03543519 0.10854740 0.01499998
v -0.03729027 0.10699080 0.01499998
v -0.03555810 0.10872290 0.01499998
v -0.03744184 0.10714230 0.01499998
v -0.03570967 0.10887450 0.01499998
v -0.03756475 0.10731790 0.01499998
v -0.03749996 0.10393260 0.01499998
v -0.03744184 0.10714230 0.01499998
v -0.03588521 0.10899740 0.01499998
v -0.03765535 0.10751210 0.01499998
v -0.03756475 0.10731790 0.01499998
v -0.03249996 0.11625920 0.01499998
v -0.03671348 0.10914340 0.01499998
v -0.03649997 0.10916220 0.01499998
v -0.03628647 0.10914340 0.01499998
v -0.03607946 0.10908800 0.01499998
v -0.04248040 0.11299490 0.01499998
v -0.03772950 0.10793260 0.01499998
v -0.03771078 0.10814610 0.01499998
v -0.03765535 0.10835310 0.01499998
v -0.04248040 0.11299490 0.01499998
v -0.03765535 0.10835310 0.01499998
v -0.03756475 0.10854740 0.01499998
v -0.03756475 0.10854740 0.01499998
v -0.03744184 0.10872290 0.01499998
v -0.03744184 0.10872290 0.01499998
v -0.03729027 0.10887450 0.01499998
v -0.03711473 0.10899740 0.01499998
v -0.03692048 0.10908800 0.01499998
v -0.03771078 0.10771910 0.01499998
v -0.05213940 0.10887570 0.01499998
v -0.06140393 0.10393260 0.01499998
v -0.09441328 -0.00186670 0.01949995
v -0.09424996 0.00000000 0.01999998
v -0.09424996 0.00000000 0.01949995
v -0.09441328 -0.00186670 0.01999998
v -0.09489828 -0.00367671 0.01949995
v -0.09489828 -0.00367671 0.01999998
v -0.09569019 -0.00537497 0.01949995
v -0.09569019 -0.00537497 0.01999998
v -0.09676498 -0.00690997 0.01949995
v -0.09676498 -0.00690997 0.01999998
v -0.09808999 -0.00823498 0.01949995
v -0.09808999 -0.00823498 0.01999998
v -0.09962499 -0.00930977 0.01949995
v -0.09962499 -0.00930977 0.01999998
v -0.10132330 -0.01010167 0.01949995
v -0.10132330 -0.01010167 0.01999998
v -0.10313330 -0.01058667 0.01949995
v -0.10313330 -0.01058667 0.01999998
v -0.10500000 -0.01074999 0.01949995
v -0.10500000 -0.01074999 0.01999998
v -0.10686670 -0.01058667 0.01949995
v -0.10686670 -0.01058667 0.01999998
v -0.10867670 -0.01010167 0.01949995
v -0.10867670 -0.01010167 0.01999998
v -0.11037500 -0.00930977 0.01999998
v -0.11037500 -0.00930977 0.01949995
v -0.11190990 -0.00823498 0.01949995
v -0.11190990 -0.00823498 0.01999998
v -0.11323490 -0.00690997 0.01949995
v -0.11323490 -0.00690997 0.01999998
v -0.11430970 -0.00537497 0.01949995
v -0.11430970 -0.00537497 0.01999998
v -0.11510160 -0.00367671 0.01949995
v -0.11510160 -0.00367671 0.01999998
v -0.11558660 -0.00186670 0.01949995
v -0.11558660 -0.00186670 0.01999998
v -0.11575000 0.00000000 0.01949995
v -0.11575000 0.00000000 0.01999998
v -0.11558660 0.00186670 0.01949995
v -0.11558660 0.00186670 0.01999998
v -0.11510160 0.00367671 0.01949995
v -0.11510160 0.00367671 0.01999998
v -0.11430970 0.00537497 0.01949995
v -0.11430970 0.00537497 0.01999998
v -0.11323490 0.00690997 0.01949995
v -0.11323490 0.00690997 0.01999998
v -0.11190990 0.00823498 0.01949995
v -0.11190990 0.00823498 0.01999998
v -0.11037500 0.00930977 0.01949995
v -0.11037500 0.00930977 0.01999998
v -0.10867670 0.01010167 0.01949995
v -0.10867670 0.01010167 0.01999998
v -0.10686670 0.01058667 0.01949995
v -0.10686670 0.01058667 0.01999998
v -0.10500000 0.01074999 0.01949995
v -0.10500000 0.01074999 0.01999998
v -0.10313330 0.01058667 0.01949995
v -0.10313330 0.01058667 0.01999998
v -0.10132330 0.01010167 0.01949995
v -0.10132330 0.01010167 0.01999998
v -0.09962499 0.00930977 0.01949995
v -0.09962499 0.00930977 0.01999998
v -0.09808999 0.00823498 0.01949995
v -0.09808999 0.00823498 0.01999998
v -0.09676498 0.00690997 0.01949995
v -0.09676498 0.00690997 0.01999998
v -0.09569019 0.00537497 0.01949995
v -0.09569019 0.00537497 0.01999998
v -0.09489828 0.00367671 0.01949995
v -0.09489828 0.00367671 0.01999998
v -0.09441328 0.00186670 0.01949995
v -0.09441328 0.00186670 0.01999998
v -0.09424996 0.00000000 0.01949995
v -0.09424996 0.00000000 0.01999998
v -0.10097830 -0.00337458 0.01949995
v -0.09808999 -0.00823498 0.01949995
v -0.09676498 -0.00690997 0.01949995
v -0.10162530 -0.00402170 0.01949995
v -0.09962499 -0.00930977 0.01949995
v -0.10045330 -0.00262499 0.01949995
v -0.09569019 -0.00537497 0.01949995
v -0.10237500 -0.00454658 0.01949995
v -0.10132330 -0.01010167 0.01949995
v -0.10006660 -0.00179559 0.01949995
v -0.09489828 -0.00367671 0.01949995
v -0.10320440 -0.00493336 0.01949995
v -0.10313330 -0.01058667 0.01949995
v -0.09982973 -0.00091165 0.01949995
v -0.09441328 -0.00186670 0.01949995
v -0.10408830 -0.00517023 0.01949995
v -0.10500000 -0.01074999 0.01949995
v -0.09974998 0.00000000 0.01949995
v -0.09424996 0.00000000 0.01949995
v -0.10500000 -0.00524998 0.01949995
v -0.10686670 -0.01058667 0.01949995
v -0.09982973 0.00091165 0.01949995
v -0.09441328 0.00186670 0.01949995
v -0.10591160 -0.00517023 0.01949995
v -0.10867670 -0.01010167 0.01949995
v -0.10006660 0.00179559 0.01949995
v -0.09489828 0.00367671 0.01949995
v -0.10679560 -0.00493336 0.01949995
v -0.11037500 -0.00930977 0.01949995
v -0.10045330 0.00262499 0.01949995
v -0.09569019 0.00537497 0.01949995
v -0.10762500 -0.00454658 0.01949995
v -0.10097830 0.00337458 0.01949995
v -0.09676498 0.00690997 0.01949995
v -0.10837460 -0.00402170 0.01949995
v -0.11190990 -0.00823498 0.01949995
v -0.10162530 0.00402170 0.01949995
v -0.11323490 -0.00690997 0.01949995
v -0.10902170 -0.00337458 0.01949995
v -0.09808999 0.00823498 0.01949995
v -0.10237500 0.00454658 0.01949995
v -0.11430970 -0.00537497 0.01949995
v -0.10954660 -0.00262499 0.01949995
v -0.09962499 0.00930977 0.01949995
v -0.10320440 0.00493336 0.01949995
v -0.11510160 -0.00367671 0.01949995
v -0.10993340 -0.00179559 0.01949995
v -0.10132330 0.01010167 0.01949995
v -0.10408830 0.00517023 0.01949995
v -0.11558660 -0.00186670 0.01949995
v -0.11017020 -0.00091165 0.01949995
v -0.10313330 0.01058667 0.01949995
v -0.10500000 0.00524998 0.01949995
v -0.11575000 0.00000000 0.01949995
v -0.11025000 0.00000000 0.01949995
v -0.10500000 0.01074999 0.01949995
v -0.10591160 0.00517023 0.01949995
v -0.11558660 0.00186670 0.01949995
v -0.11017020 0.00091165 0.01949995
v -0.10686670 0.01058667 0.01949995
v -0.11510160 0.00367671 0.01949995
v -0.10993340 0.00179559 0.01949995
v -0.10867670 0.01010167 0.01949995
v -0.10679560 0.00493336 0.01949995
v -0.11430970 0.00537497 0.01949995
v -0.10954660 0.00262499 0.01949995
v -0.11037500 0.00930977 0.01949995
v -0.10762500 0.00454658 0.01949995
v -0.11323490 0.00690997 0.01949995
v -0.10902170 0.00337458 0.01949995
v -0.11190990 0.00823498 0.01949995
v -0.10837460 0.00402170 0.01949995
v 0.11558660 -0.00186670 0.01949995
v 0.11575000 0.00000000 0.01999998
v 0.11575000 0.00000000 0.01949995
v 0.11558660 -0.00186670 0.01999998
v 0.11510160 -0.00367671 0.01949995
v 0.11510160 -0.00367671 0.01999998
v 0.11430970 -0.00537497 0.01949995
v 0.11430970 -0.00537497 0.01999998
v 0.11323490 -0.00690997 0.01949995
v 0.11323490 -0.00690997 0.01999998
v 0.11190990 -0.00823498 0.01949995
v 0.11190990 -0.00823498 0.01999998
v 0.11037500 -0.00930977 0.01949995
v 0.11037500 -0.00930977 0.01999998
v 0.10867670 -0.01010167 0.01949995
v 0.10867670 -0.01010167 0.01999998
v 0.10686670 -0.01058667 0.01949995
v 0.10686670 -0.01058667 0.01999998
v 0.10500000 -0.01074999 0.01949995
v 0.10500000 -0.01074999 0.01999998
v 0.10313330 -0.01058667 0.01949995
v 0.10313330 -0.01058667 0.01999998
v 0.10132330 -0.01010167 0.01949995
v 0.10132330 -0.01010167 0.01999998
v 0.09962499 -0.00930977 0.01999998
v 0.09962499 -0.00930977 0.01949995
v 0.09808999 -0.00823498 0.01949995
v 0.09808999 -0.00823498 0.01999998
v 0.09676498 -0.00690997 0.01949995
v 0.09676498 -0.00690997 0.01999998
v 0.09569019 -0.00537497 0.01949995
v 0.09569019 -0.00537497 0.01999998
v 0.09489828 -0.00367671 0.01949995
v 0.09489828 -0.00367671 0.01999998
v 0.09441328 -0.00186670 0.01949995
v 0.09441328 -0.00186670 0.01999998
v 0.09424996 0.00000000 0.01949995
v 0.09424996 0.00000000 0.01999998
v 0.09441328 0.00186670 0.01949995
v 0.09441328 0.00186670 0.01999998
v 0.09489828 0.00367671 0.01949995
v 0.09489828 0.00367671 0.01999998
v 0.09569019 0.00537497 0.01949995
v 0.09569019 0.00537497 0.01999998
v 0.09676498 0.00690997 0.01949995
v 0.09676498 0.00690997 0.01999998
v 0.09808999 0.00823498 0.01949995
v 0.09808999 0.00823498 0.01999998
v 0.09962499 0.00930977 0.01949995
v 0.09962499 0.00930977 0.01999998
v 0.10132330 0.01010167 0.01949995
v 0.10132330 0.01010167 0.01999998
v 0.10313330 0.01058667 0.01949995
v 0.10313330 0.01058667 0.01999998
v 0.10500000 0.01074999 0.01949995
v 0.10500000 0.01074999 0.01999998
v 0.10686670 0.01058667 0.01949995
v 0.10686670 0.01058667 0.01999998
v 0.10867670 0.01010167 0.01949995
v 0.10867670 0.01010167 0.01999998
v 0.11037500 0.00930977 0.01949995
v 0.11037500 0.00930977 0.01999998
v 0.11190990 0.00823498 0.01949995
v 0.11190990 0.00823498 0.01999998
v 0.11323490 0.00690997 0.01949995
v 0.11323490 0.00690997 0.01999998
v 0.11430970 0.00537497 0.01949995
v 0.11430970 0.00537497 0.01999998
v 0.11510160 0.00367671 0.01949995
v 0.11510160 0.00367671 0.01999998
v 0.11558660 0.00186670 0.01949995
v 0.11558660 0.00186670 0.01999998
v 0.11575000 0.00000000 0.01949995
v 0.11575000 0.00000000 0.01999998
v 0.10902170 -0.00337458 0.01949995
v 0.11190990 -0.00823498 0.01949995
v 0.11323490 -0.00690997 0.01949995
v 0.10837460 -0.00402170 0.01949995
v 0.10762500 -0.00454658 0.01949995
v 0.11037500 -0.00930977 0.01949995
v 0.10954660 -0.00262499 0.01949995
v 0.11430970 -0.00537497 0.01949995
v 0.10679560 -0.00493336 0.01949995
v 0.10867670 -0.01010167 0.01949995
v 0.10686670 -0.01058667 0.01949995
v 0.10993340 -0.00179559 0.01949995
v 0.11510160 -0.00367671 0.01949995
v 0.10591160 -0.00517023 0.01949995
v 0.11017020 -0.00091165 0.01949995
v 0.11558660 -0.00186670 0.01949995
v 0.10500000 -0.00524998 0.01949995
v 0.10500000 -0.01074999 0.01949995
v 0.10313330 -0.01058667 0.01949995
v 0.11025000 0.00000000 0.01949995
v 0.11575000 0.00000000 0.01949995
v 0.11017020 0.00091165 0.01949995
v 0.11558660 0.00186670 0.01949995
v 0.10408830 -0.00517023 0.01949995
v 0.10132330 -0.01010167 0.01949995
v 0.10993340 0.00179559 0.01949995
v 0.11510160 0.00367671 0.01949995
v 0.10320440 -0.00493336 0.01949995
v 0.09962499 -0.00930977 0.01949995
v 0.10954660 0.00262499 0.01949995
v 0.11430970 0.00537497 0.01949995
v 0.10237500 -0.00454658 0.01949995
v 0.09808999 -0.00823498 0.01949995
v 0.10902170 0.00337458 0.01949995
v 0.11323490 0.00690997 0.01949995
v 0.10162530 -0.00402170 0.01949995
v 0.10837460 0.00402170 0.01949995
v 0.09676498 -0.00690997 0.01949995
v 0.10097830 -0.00337458 0.01949995
v 0.11190990 0.00823498 0.01949995
v 0.10762500 0.00454658 0.01949995
v 0.09569019 -0.00537497 0.01949995
v 0.10045330 -0.00262499 0.01949995
v 0.11037500 0.00930977 0.01949995
v 0.10679560 0.00493336 0.01949995
v 0.09489828 -0.00367671 0.01949995
v 0.10006660 -0.00179559 0.01949995
v 0.10867670 0.01010167 0.01949995
v 0.10591160 0.00517023 0.01949995
v 0.09441328 -0.00186670 0.01949995
v 0.09982973 -0.00091165 0.01949995
v 0.10686670 0.01058667 0.01949995
v 0.10500000 0.00524998 0.01949995
v 0.09424996 0.00000000 0.01949995
v 0.09974998 0.00000000 0.01949995
v 0.10500000 0.01074999 0.01949995
v 0.10408830 0.00517023 0.01949995
v 0.09441328 0.00186670 0.01949995
v 0.09982973 0.00091165 0.01949995
v 0.10313330 0.01058667 0.01949995
v 0.10320440 0.00493336 0.01949995
v 0.09489828 0.00367671 0.01949995
v 0.10006660 0.00179559 0.01949995
v 0.10132330 0.01010167 0.01949995
v 0.10237500 0.00454658 0.01949995
v 0.09569019 0.00537497 0.01949995
v 0.10045330 0.00262499 0.01949995
v 0.09962499 0.00930977 0.01949995
v 0.10162530 0.00402170 0.01949995
v 0.09676498 0.00690997 0.01949995
v 0.10097830 0.00337458 0.01949995
v 0.09808999 0.00823498 0.01949995
v -0.04191327 -0.09279936 0.01949995
v -0.04174995 -0.09093266 0.01999998
v -0.04174995 -0.09093266 0.01949995
v -0.04191327 -0.09279936 0.01999998
v -0.04239827 -0.09460937 0.01949995
v -0.04239827 -0.09460937 0.01999998
v -0.04319018 -0.09630763 0.01949995
v -0.04319018 -0.09630763 0.01999998
v -0.04426497 -0.09784263 0.01949995
v -0.04426497 -0.09784263 0.01999998
v -0.04558998 -0.09916764 0.01949995
v -0.04558998 -0.09916764 0.01999998
v -0.04712498 -0.10024240 0.01949995
v -0.04712498 -0.10024240 0.01999998
v -0.04882323 -0.10103440 0.01949995
v -0.04882323 -0.10103440 0.01999998
v -0.05063325 -0.10151940 0.01949995
v -0.05063325 -0.10151940 0.01999998
v -0.05249994 -0.10168270 0.01949995
v -0.05249994 -0.10168270 0.01999998
v -0.05436670 -0.10151940 0.01949995
v -0.05436670 -0.10151940 0.01999998
v -0.05617672 -0.10103440 0.01949995
v -0.05617672 -0.10103440 0.01999998
v -0.05787497 -0.10024240 0.01999998
v -0.05787497 -0.10024240 0.01949995
v -0.05940991 -0.09916764 0.01949995
v -0.05940991 -0.09916764 0.01999998
v -0.06073492 -0.09784263 0.01949995
v -0.06073492 -0.09784263 0.01999998
v -0.06180977 -0.09630763 0.01949995
v -0.06180977 -0.09630763 0.01999998
v -0.06260168 -0.09460937 0.01949995
v -0.06260168 -0.09460937 0.01999998
v -0.06308668 -0.09279936 0.01949995
v -0.06308668 -0.09279936 0.01999998
v -0.06325000 -0.09093266 0.01949995
v -0.06325000 -0.09093266 0.01999998
v -0.06308668 -0.08906590 0.01949995
v -0.06308668 -0.08906590 0.01999998
v -0.06260168 -0.08725595 0.01949995
v -0.06260168 -0.08725595 0.01999998
v -0.06180977 -0.08555763 0.01949995
v -0.06180977 -0.08555763 0.01999998
v -0.06073492 -0.08402270 0.01949995
v -0.06073492 -0.08402270 0.01999998
v -0.05940991 -0.08269768 0.01949995
v -0.05940991 -0.08269768 0.01999998
v -0.05787497 -0.08162289 0.01949995
v -0.05787497 -0.08162289 0.01999998
v -0.05617672 -0.08083093 0.01949995
v -0.05617672 -0.08083093 0.01999998
v -0.05436670 -0.08034598 0.01949995
v -0.05436670 -0.08034598 0.01999998
v -0.05249994 -0.08018267 0.01949995
v -0.05249994 -0.08018267 0.01999998
v -0.05063325 -0.08034598 0.01949995
v -0.05063325 -0.08034598 0.01999998
v -0.04882323 -0.08083093 0.01949995
v -0.04882323 -0.08083093 0.01999998
v -0.04712498 -0.08162289 0.01949995
v -0.04712498 -0.08162289 0.01999998
v -0.04558998 -0.08269768 0.01949995
v -0.04558998 -0.08269768 0.01999998
v -0.04426497 -0.08402270 0.01949995
v -0.04426497 -0.08402270 0.01999998
v -0.04319018 -0.08555763 0.01949995
v -0.04319018 -0.08555763 0.01999998
v -0.04239827 -0.08725595 0.01949995
v -0.04239827 -0.08725595 0.01999998
v -0.04191327 -0.08906590 0.01949995
v -0.04191327 -0.08906590 0.01999998
v -0.04174995 -0.09093266 0.01949995
v -0.04174995 -0.09093266 0.01999998
v -0.04847824 -0.09430730 0.01949995
v -0.04558998 -0.09916764 0.01949995
v -0.04426497 -0.09784263 0.01949995
v -0.04912531 -0.09495437 0.01949995
v -0.04712498 -0.10024240 0.01949995
v -0.04795336 -0.09355765 0.01949995
v -0.04319018 -0.09630763 0.01949995
v -0.04987496 -0.09547930 0.01949995
v -0.04882323 -0.10103440 0.01949995
v -0.04756659 -0.09272825 0.01949995
v -0.04239827 -0.09460937 0.01949995
v -0.05070436 -0.09586602 0.01949995
v -0.04732972 -0.09184432 0.01949995
v -0.04191327 -0.09279936 0.01949995
v -0.05158829 -0.09610289 0.01949995
v -0.05063325 -0.10151940 0.01949995
v -0.05249994 -0.10168270 0.01949995
v -0.04724997 -0.09093266 0.01949995
v -0.04174995 -0.09093266 0.01949995
v -0.05249994 -0.09618264 0.01949995
v -0.05436670 -0.10151940 0.01949995
v -0.04732972 -0.09002101 0.01949995
v -0.04191327 -0.08906590 0.01949995
v -0.05341160 -0.09610289 0.01949995
v -0.05617672 -0.10103440 0.01949995
v -0.04756659 -0.08913701 0.01949995
v -0.04239827 -0.08725595 0.01949995
v -0.05429559 -0.09586602 0.01949995
v -0.04795336 -0.08830761 0.01949995
v -0.04319018 -0.08555763 0.01949995
v -0.05512499 -0.09547930 0.01949995
v -0.05787497 -0.10024240 0.01949995
v -0.04847824 -0.08755803 0.01949995
v -0.04426497 -0.08402270 0.01949995
v -0.05587458 -0.09495437 0.01949995
v -0.05940991 -0.09916764 0.01949995
v -0.04912531 -0.08691090 0.01949995
v -0.06073492 -0.09784263 0.01949995
v -0.05652171 -0.09430730 0.01949995
v -0.04558998 -0.08269768 0.01949995
v -0.04987496 -0.08638602 0.01949995
v -0.06180977 -0.09630763 0.01949995
v -0.05704659 -0.09355765 0.01949995
v -0.04712498 -0.08162289 0.01949995
v -0.05070436 -0.08599925 0.01949995
v -0.06260168 -0.09460937 0.01949995
v -0.05743336 -0.09272825 0.01949995
v -0.04882323 -0.08083093 0.01949995
v -0.05158829 -0.08576238 0.01949995
v -0.06308668 -0.09279936 0.01949995
v -0.05767023 -0.09184432 0.01949995
v -0.05063325 -0.08034598 0.01949995
v -0.05249994 -0.08568263 0.01949995
v -0.06325000 -0.09093266 0.01949995
v -0.05774998 -0.09093266 0.01949995
v -0.05249994 -0.08018267 0.01949995
v -0.05341160 -0.08576238 0.01949995
v -0.06308668 -0.08906590 0.01949995
v -0.05767023 -0.09002101 0.01949995
v -0.05436670 -0.08034598 0.01949995
v -0.06260168 -0.08725595 0.01949995
v -0.05743336 -0.08913701 0.01949995
v -0.05617672 -0.08083093 0.01949995
v -0.05429559 -0.08599925 0.01949995
v -0.05512499 -0.08638602 0.01949995
v -0.06180977 -0.08555763 0.01949995
v -0.05704659 -0.08830761 0.01949995
v -0.05787497 -0.08162289 0.01949995
v -0.05587458 -0.08691090 0.01949995
v -0.06073492 -0.08402270 0.01949995
v -0.05652171 -0.08755803 0.01949995
v -0.05940991 -0.08269768 0.01949995
v -0.04191327 0.08906590 0.01949995
v -0.04174995 0.09093266 0.01999998
v -0.04174995 0.09093266 0.01949995
v -0.04191327 0.08906590 0.01999998
v -0.04239827 0.08725595 0.01949995
v -0.04239827 0.08725595 0.01999998
v -0.04319018 0.08555763 0.01949995
v -0.04319018 0.08555763 0.01999998
v -0.04426497 0.08402270 0.01949995
v -0.04426497 0.08402270 0.01999998
v -0.04558998 0.08269768 0.01949995
v -0.04558998 0.08269768 0.01999998
v -0.04712498 0.08162289 0.01949995
v -0.04712498 0.08162289 0.01999998
v -0.04882323 0.08083093 0.01949995
v -0.04882323 0.08083093 0.01999998
v -0.05063325 0.08034598 0.01949995
v -0.05063325 0.08034598 0.01999998
v -0.05249994 0.08018267 0.01949995
v -0.05249994 0.08018267 0.01999998
v -0.05436670 0.08034598 0.01949995
v -0.05436670 0.08034598 0.01999998
v -0.05617672 0.08083093 0.01949995
v -0.05617672 0.08083093 0.01999998
v -0.05787497 0.08162289 0.01999998
v -0.05787497 0.08162289 0.01949995
v -0.05940991 0.08269768 0.01949995
v -0.05940991 0.08269768 0.01999998
v -0.06073492 0.08402270 0.01949995
v -0.06073492 0.08402270 0.01999998
v -0.06180977 0.08555763 0.01949995
v -0.06180977 0.08555763 0.01999998
v -0.06260168 0.08725595 0.01949995
v -0.06260168 0.08725595 0.01999998
v -0.06308668 0.08906590 0.01949995
v -0.06308668 0.08906590 0.01999998
v -0.06325000 0.09093266 0.01949995
v -0.06325000 0.09093266 0.01999998
v -0.06308668 0.09279936 0.01949995
v -0.06308668 0.09279936 0.01999998
v -0.06260168 0.09460937 0.01949995
v -0.06260168 0.09460937 0.01999998
v -0.06180977 0.09630763 0.01949995
v -0.06180977 0.09630763 0.01999998
v -0.06073492 0.09784263 0.01949995
v -0.06073492 0.09784263 0.01999998
v -0.05940991 0.09916764 0.01949995
v -0.05940991 0.09916764 0.01999998
v -0.05787497 0.10024240 0.01949995
v -0.05787497 0.10024240 0.01999998
v -0.05617672 0.10103440 0.01949995
v -0.05617672 0.10103440 0.01999998
v -0.05436670 0.10151940 0.01949995
v -0.05436670 0.10151940 0.01999998
v -0.05249994 0.10168270 0.01949995
v -0.05249994 0.10168270 0.01999998
v -0.05063325 0.10151940 0.01949995
v -0.05063325 0.10151940 0.01999998
v -0.04882323 0.10103440 0.01949995
v -0.04882323 0.10103440 0.01999998
v -0.04712498 0.10024240 0.01949995
v -0.04712498 0.10024240 0.01999998
v -0.04558998 0.09916764 0.01949995
v -0.04558998 0.09916764 0.01999998
v -0.04426497 0.09784263 0.01949995
v -0.04426497 0.09784263 0.01999998
v -0.04319018 0.09630763 0.01949995
v -0.04319018 0.09630763 0.01999998
v -0.04239827 0.09460937 0.01949995
v -0.04239827 0.09460937 0.01999998
v -0.04191327 0.09279936 0.01949995
v -0.04191327 0.09279936 0.01999998
v -0.04174995 0.09093266 0.01949995
v -0.04174995 0.09093266 0.01999998
v -0.04847824 0.08755803 0.01949995
v -0.04558998 0.08269768 0.01949995
v -0.04426497 0.08402270 0.01949995
v -0.04912531 0.08691090 0.01949995
v -0.04712498 0.08162289 0.01949995
v -0.04795336 0.08830761 0.01949995
v -0.04319018 0.08555763 0.01949995
v -0.04987496 0.08638602 0.01949995
v -0.04882323 0.08083093 0.01949995
v -0.04756659 0.08913701 0.01949995
v -0.04239827 0.08725595 0.01949995
v -0.05070436 0.08599925 0.01949995
v -0.05063325 0.08034598 0.01949995
v -0.04732972 0.09002101 0.01949995
v -0.04191327 0.08906590 0.01949995
v -0.05158829 0.08576238 0.01949995
v -0.05249994 0.08018267 0.01949995
v -0.04724997 0.09093266 0.01949995
v -0.04174995 0.09093266 0.01949995
v -0.05249994 0.08568263 0.01949995
v -0.05436670 0.08034598 0.01949995
v -0.04732972 0.09184432 0.01949995
v -0.04191327 0.09279936 0.01949995
v -0.05341160 0.08576238 0.01949995
v -0.05617672 0.08083093 0.01949995
v -0.04756659 0.09272825 0.01949995
v -0.04239827 0.09460937 0.01949995
v -0.05429559 0.08599925 0.01949995
v -0.05787497 0.08162289 0.01949995
v -0.04795336 0.09355765 0.01949995
v -0.04319018 0.09630763 0.01949995
v -0.05512499 0.08638602 0.01949995
v -0.05940991 0.08269768 0.01949995
v -0.05587458 0.08691090 0.01949995
v -0.04847824 0.09430730 0.01949995
v -0.04426497 0.09784263 0.01949995
v -0.06073492 0.08402270 0.01949995
v -0.05652171 0.08755803 0.01949995
v -0.04558998 0.09916764 0.01949995
v -0.04912531 0.09495437 0.01949995
v -0.04987496 0.09547930 0.01949995
v -0.06180977 0.08555763 0.01949995
v -0.05704659 0.08830761 0.01949995
v -0.04712498 0.10024240 0.01949995
v -0.06260168 0.08725595 0.01949995
v -0.05743336 0.08913701 0.01949995
v -0.04882323 0.10103440 0.01949995
v -0.05070436 0.09586602 0.01949995
v -0.05158829 0.09610289 0.01949995
v -0.06308668 0.08906590 0.01949995
v -0.05767023 0.09002101 0.01949995
v -0.05063325 0.10151940 0.01949995
v -0.05249994 0.09618264 0.01949995
v -0.06325000 0.09093266 0.01949995
v -0.05774998 0.09093266 0.01949995
v -0.05249994 0.10168270 0.01949995
v -0.05341160 0.09610289 0.01949995
v -0.06308668 0.09279936 0.01949995
v -0.05767023 0.09184432 0.01949995
v -0.05743336 0.09272825 0.01949995
v -0.05436670 0.10151940 0.01949995
v -0.05429559 0.09586602 0.01949995
v -0.06260168 0.09460937 0.01949995
v -0.05617672 0.10103440 0.01949995
v -0.05512499 0.09547930 0.01949995
v -0.06180977 0.09630763 0.01949995
v -0.05704659 0.09355765 0.01949995
v -0.05787497 0.10024240 0.01949995
v -0.06073492 0.09784263 0.01949995
v -0.05652171 0.09430730 0.01949995
v -0.05940991 0.09916764 0.01949995
v -0.05587458 0.09495437 0.01949995
v 0.06308668 0.08906590 0.01949995
v 0.06325000 0.09093266 0.01999998
v 0.06325000 0.09093266 0.01949995
v 0.06308668 0.08906590 0.01999998
v 0.06260168 0.08725595 0.01949995
v 0.06260168 0.08725595 0.01999998
v 0.06180977 0.08555763 0.01949995
v 0.06180977 0.08555763 0.01999998
v 0.06073492 0.08402270 0.01949995
v 0.06073492 0.08402270 0.01999998
v 0.05940991 0.08269768 0.01949995
v 0.05940991 0.08269768 0.01999998
v 0.05787497 0.08162289 0.01949995
v 0.05787497 0.08162289 0.01999998
v 0.05617672 0.08083093 0.01949995
v 0.05617672 0.08083093 0.01999998
v 0.05436670 0.08034598 0.01949995
v 0.05436670 0.08034598 0.01999998
v 0.05249994 0.08018267 0.01949995
v 0.05249994 0.08018267 0.01999998
v 0.05063325 0.08034598 0.01949995
v 0.05063325 0.08034598 0.01999998
v 0.04882323 0.08083093 0.01949995
v 0.04882323 0.08083093 0.01999998
v 0.04712498 0.08162289 0.01999998
v 0.04712498 0.08162289 0.01949995
v 0.04558998 0.08269768 0.01949995
v 0.04558998 0.08269768 0.01999998
v 0.04426497 0.08402270 0.01949995
v 0.04426497 0.08402270 0.01999998
v 0.04319018 0.08555763 0.01949995
v 0.04319018 0.08555763 0.01999998
v 0.04239827 0.08725595 0.01949995
v 0.04239827 0.08725595 0.01999998
v 0.04191327 0.08906590 0.01949995
v 0.04191327 0.08906590 0.01999998
v 0.04174995 0.09093266 0.01949995
v 0.04174995 0.09093266 0.01999998
v 0.04191327 0.09279936 0.01949995
v 0.04191327 0.09279936 0.01999998
v 0.04239827 0.09460937 0.01949995
v 0.04239827 0.09460937 0.01999998
v 0.04319018 0.09630763 0.01949995
v 0.04319018 0.09630763 0.01999998
v 0.04426497 0.09784263 0.01949995
v 0.04426497 0.09784263 0.01999998
v 0.04558998 0.09916764 0.01949995
v 0.04558998 0.09916764 0.01999998
v 0.04712498 0.10024240 0.01949995
v 0.04712498 0.10024240 0.01999998
v 0.04882323 0.10103440 0.01949995
v 0.04882323 0.10103440 0.01999998
v 0.05063325 0.10151940 0.01949995
v 0.05063325 0.10151940 0.01999998
v 0.05249994 0.10168270 0.01949995
v 0.05249994 0.10168270 0.01999998
v 0.05436670 0.10151940 0.01949995
v 0.05436670 0.10151940 0.01999998
v 0.05617672 0.10103440 0.01949995
v 0.05617672 0.10103440 0.01999998
v 0.05787497 0.10024240 0.01949995
v 0.05787497 0.10024240 0.01999998
v 0.05940991 0.09916764 0.01949995
v 0.05940991 0.09916764 0.01999998
v 0.06073492 0.09784263 0.01949995
v 0.06073492 0.09784263 0.01999998
v 0.06180977 0.09630763 0.01949995
v 0.06180977 0.09630763 0.01999998
v 0.06260168 0.09460937 0.01949995
v 0.06260168 0.09460937 0.01999998
v 0.06308668 0.09279936 0.01949995
v 0.06308668 0.09279936 0.01999998
v 0.06325000 0.09093266 0.01949995
v 0.06325000 0.09093266 0.01999998
v 0.05652171 0.08755803 0.01949995
v 0.05940991 0.08269768 0.01949995
v 0.06073492 0.08402270 0.01949995
v 0.05587458 0.08691090 0.01949995
v 0.05787497 0.08162289 0.01949995
v 0.05704659 0.08830761 0.01949995
v 0.06180977 0.08555763 0.01949995
v 0.06260168 0.08725595 0.01949995
v 0.05512499 0.08638602 0.01949995
v 0.05617672 0.08083093 0.01949995
v 0.05743336 0.08913701 0.01949995
v 0.06308668 0.08906590 0.01949995
v 0.05429559 0.08599925 0.01949995
v 0.05436670 0.08034598 0.01949995
v 0.05767023 0.09002101 0.01949995
v 0.06325000 0.09093266 0.01949995
v 0.05341160 0.08576238 0.01949995
v 0.05249994 0.08018267 0.01949995
v 0.05774998 0.09093266 0.01949995
v 0.05249994 0.08568263 0.01949995
v 0.05063325 0.08034598 0.01949995
v 0.05767023 0.09184432 0.01949995
v 0.06308668 0.09279936 0.01949995
v 0.05158829 0.08576238 0.01949995
v 0.04882323 0.08083093 0.01949995
v 0.05743336 0.09272825 0.01949995
v 0.06260168 0.09460937 0.01949995
v 0.05070436 0.08599925 0.01949995
v 0.04712498 0.08162289 0.01949995
v 0.05704659 0.09355765 0.01949995
v 0.06180977 0.09630763 0.01949995
v 0.04987496 0.08638602 0.01949995
v 0.04558998 0.08269768 0.01949995
v 0.05652171 0.09430730 0.01949995
v 0.06073492 0.09784263 0.01949995
v 0.04912531 0.08691090 0.01949995
v 0.04426497 0.08402270 0.01949995
v 0.04847824 0.08755803 0.01949995
v 0.05940991 0.09916764 0.01949995
v 0.05587458 0.09495437 0.01949995
v 0.04319018 0.08555763 0.01949995
v 0.04795336 0.08830761 0.01949995
v 0.05787497 0.10024240 0.01949995
v 0.05512499 0.09547930 0.01949995
v 0.05429559 0.09586602 0.01949995
v 0.04239827 0.08725595 0.01949995
v 0.04756659 0.08913701 0.01949995
v 0.05617672 0.10103440 0.01949995
v 0.04191327 0.08906590 0.01949995
v 0.04732972 0.09002101 0.01949995
v 0.05436670 0.10151940 0.01949995
v 0.05341160 0.09610289 0.01949995
v 0.05249994 0.09618264 0.01949995
v 0.04174995 0.09093266 0.01949995
v 0.04724997 0.09093266 0.01949995
v 0.05249994 0.10168270 0.01949995
v 0.04191327 0.09279936 0.01949995
v 0.04732972 0.09184432 0.01949995
v 0.05063325 0.10151940 0.01949995
v 0.05158829 0.09610289 0.01949995
v 0.05070436 0.09586602 0.01949995
v 0.04239827 0.09460937 0.01949995
v 0.04756659 0.09272825 0.01949995
v 0.04882323 0.10103440 0.01949995
v 0.04987496 0.09547930 0.01949995
v 0.04319018 0.09630763 0.01949995
v 0.04795336 0.09355765 0.01949995
v 0.04712498 0.10024240 0.01949995
v 0.04912531 0.09495437 0.01949995
v 0.04426497 0.09784263 0.01949995
v 0.04847824 0.09430730 0.01949995
v 0.04558998 0.09916764 0.01949995
v 0.06308668 -0.09279936 0.01949995
v 0.06325000 -0.09093266 0.01999998
v 0.06325000 -0.09093266 0.01949995
v 0.06308668 -0.09279936 0.01999998
v 0.06260168 -0.09460937 0.01949995
v 0.06260168 -0.09460937 0.01999998
v 0.06180977 -0.09630763 0.01949995
v 0.06180977 -0.09630763 0.01999998
v 0.06073492 -0.09784263 0.01949995
v 0.06073492 -0.09784263 0.01999998
v 0.05940991 -0.09916764 0.01949995
v 0.05940991 -0.09916764 0.01999998
v 0.05787497 -0.10024240 0.01949995
v 0.05787497 -0.10024240 0.01999998
v 0.05617672 -0.10103440 0.01949995
v 0.05617672 -0.10103440 0.01999998
v 0.05436670 -0.10151940 0.01949995
v 0.05436670 -0.10151940 0.01999998
v 0.05249994 -0.10168270 0.01949995
v 0.05249994 -0.10168270 0.01999998
v 0.05063325 -0.10151940 0.01949995
v 0.05063325 -0.10151940 0.01999998
v 0.04882323 -0.10103440 0.01949995
v 0.04882323 -0.10103440 0.01999998
v 0.04712498 -0.10024240 0.01999998
v 0.04712498 -0.10024240 0.01949995
v 0.04558998 -0.09916764 0.01949995
v 0.04558998 -0.09916764 0.01999998
v 0.04426497 -0.09784263 0.01949995
v 0.04426497 -0.09784263 0.01999998
v 0.04319018 -0.09630763 0.01949995
v 0.04319018 -0.09630763 0.01999998
v 0.04239827 -0.09460937 0.01949995
v 0.04239827 -0.09460937 0.01999998
v 0.04191327 -0.09279936 0.01949995
v 0.04191327 -0.09279936 0.01999998
v 0.04174995 -0.09093266 0.01949995
v 0.04174995 -0.09093266 0.01999998
v 0.04191327 -0.08906590 0.01949995
v 0.04191327 -0.08906590 0.01999998
v 0.04239827 -0.08725595 0.01949995
v 0.04239827 -0.08725595 0.01999998
v 0.04319018 -0.08555763 0.01949995
v 0.04319018 -0.08555763 0.01999998
v 0.04426497 -0.08402270 0.01949995
v 0.04426497 -0.08402270 0.01999998
v 0.04558998 -0.08269768 0.01949995
v 0.04558998 -0.08269768 0.01999998
v 0.04712498 -0.08162289 0.01949995
v 0.04712498 -0.08162289 0.01999998
v 0.04882323 -0.08083093 0.01949995
v 0.04882323 -0.08083093 0.01999998
v 0.05063325 -0.08034598 0.01949995
v 0.05063325 -0.08034598 0.01999998
v 0.05249994 -0.08018267 0.01949995
v 0.05249994 -0.08018267 0.01999998
v 0.05436670 -0.08034598 0.01949995
v 0.05436670 -0.08034598 0.01999998
v 0.05617672 -0.08083093 0.01949995
v 0.05617672 -0.08083093 0.01999998
v 0.05787497 -0.08162289 0.01949995
v 0.05787497 -0.08162289 0.01999998
v 0.05940991 -0.08269768 0.01949995
v 0.05940991 -0.08269768 0.01999998
v 0.06073492 -0.08402270 0.01949995
v 0.06073492 -0.08402270 0.01999998
v 0.06180977 -0.08555763 0.01949995
v 0.06180977 -0.08555763 0.01999998
v 0.06260168 -0.08725595 0.01949995
v 0.06260168 -0.08725595 0.01999998
v 0.06308668 -0.08906590 0.01949995
v 0.06308668 -0.08906590 0.01999998
v 0.06325000 -0.09093266 0.01949995
v 0.06325000 -0.09093266 0.01999998
v 0.05652171 -0.09430730 0.01949995
v 0.05940991 -0.09916764 0.01949995
v 0.06073492 -0.09784263 0.01949995
v 0.05587458 -0.09495437 0.01949995
v 0.05787497 -0.10024240 0.01949995
v 0.05704659 -0.09355765 0.01949995
v 0.06180977 -0.09630763 0.01949995
v 0.05512499 -0.09547930 0.01949995
v 0.05617672 -0.10103440 0.01949995
v 0.05743336 -0.09272825 0.01949995
v 0.06260168 -0.09460937 0.01949995
v 0.05429559 -0.09586602 0.01949995
v 0.05436670 -0.10151940 0.01949995
v 0.05767023 -0.09184432 0.01949995
v 0.06308668 -0.09279936 0.01949995
v 0.05341160 -0.09610289 0.01949995
v 0.05249994 -0.10168270 0.01949995
v 0.05774998 -0.09093266 0.01949995
v 0.06325000 -0.09093266 0.01949995
v 0.05249994 -0.09618264 0.01949995
v 0.05063325 -0.10151940 0.01949995
v 0.05767023 -0.09002101 0.01949995
v 0.06308668 -0.08906590 0.01949995
v 0.05158829 -0.09610289 0.01949995
v 0.04882323 -0.10103440 0.01949995
v 0.05743336 -0.08913701 0.01949995
v 0.06260168 -0.08725595 0.01949995
v 0.05070436 -0.09586602 0.01949995
v 0.05704659 -0.08830761 0.01949995
v 0.06180977 -0.08555763 0.01949995
v 0.04987496 -0.09547930 0.01949995
v 0.04712498 -0.10024240 0.01949995
v 0.04558998 -0.09916764 0.01949995
v 0.05652171 -0.08755803 0.01949995
v 0.06073492 -0.08402270 0.01949995
v 0.04912531 -0.09495437 0.01949995
v 0.05587458 -0.08691090 0.01949995
v 0.04847824 -0.09430730 0.01949995
v 0.04426497 -0.09784263 0.01949995
v 0.05940991 -0.08269768 0.01949995
v 0.05512499 -0.08638602 0.01949995
v 0.04319018 -0.09630763 0.01949995
v 0.04795336 -0.09355765 0.01949995
v 0.05787497 -0.08162289 0.01949995
v 0.05429559 -0.08599925 0.01949995
v 0.04239827 -0.09460937 0.01949995
v 0.04756659 -0.09272825 0.01949995
v 0.05617672 -0.08083093 0.01949995
v 0.05341160 -0.08576238 0.01949995
v 0.04191327 -0.09279936 0.01949995
v 0.04732972 -0.09184432 0.01949995
v 0.05436670 -0.08034598 0.01949995
v 0.05249994 -0.08568263 0.01949995
v 0.04174995 -0.09093266 0.01949995
v 0.04724997 -0.09093266 0.01949995
v 0.05249994 -0.08018267 0.01949995
v 0.04191327 -0.08906590 0.01949995
v 0.04732972 -0.09002101 0.01949995
v 0.05063325 -0.08034598 0.01949995
v 0.05158829 -0.08576238 0.01949995
v 0.05070436 -0.08599925 0.01949995
v 0.04239827 -0.08725595 0.01949995
v 0.04756659 -0.08913701 0.01949995
v 0.04882323 -0.08083093 0.01949995
v 0.04987496 -0.08638602 0.01949995
v 0.04319018 -0.08555763 0.01949995
v 0.04795336 -0.08830761 0.01949995
v 0.04712498 -0.08162289 0.01949995
v 0.04912531 -0.08691090 0.01949995
v 0.04426497 -0.08402270 0.01949995
v 0.04847824 -0.08755803 0.01949995
v 0.04558998 -0.08269768 0.01949995
v 0.03729027 -0.06416165 0.00319999
v 0.04027503 -0.06649839 0.00319999
v 0.03968125 -0.06707721 0.00319999
v 0.03744184 -0.06401014 0.00319999
v 0.04076498 -0.06582933 0.00319999
v 0.03756475 -0.06383460 0.00319999
v 0.04113763 -0.06508857 0.00319999
v 0.03711473 -0.06428462 0.00319999
v 0.03899997 -0.06754994 0.00319999
v 0.03824990 -0.06790357 0.00319999
v 0.03765535 -0.06364035 0.00319999
v 0.04138273 -0.06429636 0.00319999
v 0.03692048 -0.06437516 0.00319999
v 0.03745174 -0.06812840 0.00319999
v 0.03771078 -0.06343334 0.00319999
v 0.04149347 -0.06347459 0.00319999
v 0.03671348 -0.06443065 0.00319999
v 0.03662741 -0.06821823 0.00319999
v 0.03772950 -0.06321984 0.00319999
v 0.04146689 -0.06264573 0.00319999
v 0.03649997 -0.06444931 0.00319999
v 0.03579950 -0.06817054 0.00319999
v 0.03771078 -0.06300634 0.00319999
v 0.03628647 -0.06443065 0.00319999
v 0.03499090 -0.06798666 0.00319999
v 0.03765535 -0.06279933 0.00319999
v 0.03607946 -0.06437516 0.00319999
v 0.03422385 -0.06767171 0.00319999
v 0.03756475 -0.06260508 0.00319999
v 0.04138064 -0.06030154 0.00319999
v 0.03588521 -0.06428462 0.00319999
v 0.03351932 -0.06723427 0.00319999
v 0.03744184 -0.06242954 0.00319999
v 0.03570967 -0.06416165 0.00319999
v 0.03729027 -0.06227797 0.00319999
v 0.03555810 -0.06401014 0.00319999
v 0.03711473 -0.06215506 0.00319999
v 0.03543519 -0.06383460 0.00319999
v 0.03692048 -0.06206446 0.00319999
v 0.04166084 -0.05797249 0.00319999
v 0.03671348 -0.06200903 0.00319999
v 0.03649997 -0.06199032 0.00319999
v 0.03628647 -0.06200903 0.00319999
v 0.04230082 -0.05571562 0.00319999
v 0.03607946 -0.06206446 0.00319999
v 0.03588521 -0.06215506 0.00319999
v 0.03153234 -0.06598740 0.00319999
v 0.03528916 -0.06300634 0.00319999
v 0.03527045 -0.06321984 0.00319999
v 0.03528916 -0.06343334 0.00319999
v 0.03534460 -0.06364035 0.00319999
v 0.04328477 -0.05358612 0.00319999
v 0.02937519 -0.06506562 0.00319999
v 0.03555810 -0.06242954 0.00319999
v 0.03543519 -0.06260508 0.00319999
v 0.03534460 -0.06279933 0.00319999
v 0.05888968 -0.03399997 0.00319999
v 0.05313432 -0.04243510 0.00319999
v 0.04618078 -0.04991322 0.00319999
v 0.02710074 -0.06449139 0.00319999
v 0.03570967 -0.06227797 0.00319999
v 0.02476453 -0.06427884 0.00319999
v 0.02242380 -0.06443303 0.00319999
v 0.04458874 -0.05163609 0.00319999
v 0.02013576 -0.06495034 0.00319999
v 0.06631654 -0.01503705 0.00319999
v 0.06331706 -0.02479815 0.00319999
v 0.01018267 -0.06723326 0.00319999
v 0.07394182 -0.00079031 0.00319999
v 0.07693719 -0.00308192 0.00319999
v 0.07637363 -0.00369024 0.00319999
v 0.07379031 -0.00094185 0.00319999
v 0.07571732 -0.00419712 0.00319999
v 0.07406473 -0.00061475 0.00319999
v 0.07739239 -0.00238883 0.00319999
v 0.07361471 -0.00106478 0.00319999
v 0.07498627 -0.00458848 0.00319999
v 0.07342052 -0.00115532 0.00319999
v 0.07415533 -0.00042051 0.00319999
v 0.07772684 -0.00163001 0.00319999
v 0.07421082 -0.00021350 0.00319999
v 0.07793122 -0.00082638 0.00319999
v 0.07321345 -0.00121081 0.00319999
v 0.07422947 0.00000000 0.00319999
v 0.07800000 0.00000000 0.00319999
v 0.07793122 0.00082638 0.00319999
v 0.07299995 -0.00122947 0.00319999
v 0.07291299 -0.00568586 0.00319999
v 0.07421082 0.00021350 0.00319999
v 0.07772684 0.00163001 0.00319999
v 0.07278650 -0.00121081 0.00319999
v 0.07415533 0.00042051 0.00319999
v 0.07739239 0.00238883 0.00319999
v 0.07257944 -0.00115532 0.00319999
v 0.07238525 -0.00106478 0.00319999
v 0.07406473 0.00061475 0.00319999
v 0.07693719 0.00308192 0.00319999
v 0.07220965 -0.00094185 0.00319999
v 0.07103610 -0.00709313 0.00319999
v 0.07394182 0.00079031 0.00319999
v 0.07205814 -0.00079031 0.00319999
v 0.07637363 0.00369024 0.00319999
v 0.07379031 0.00094185 0.00319999
v 0.07193517 -0.00061475 0.00319999
v 0.07184463 -0.00042051 0.00319999
v 0.06940156 -0.00877571 0.00319999
v 0.07178914 -0.00021350 0.00319999
v 0.07177048 0.00000000 0.00319999
v 0.06804937 -0.01069265 0.00319999
v 0.07571732 0.00419712 0.00319999
v 0.07361471 0.00106478 0.00319999
v 0.07498627 0.00458848 0.00319999
v 0.07342052 0.00115532 0.00319999
v 0.07321345 0.00121081 0.00319999
v 0.07299995 0.00122947 0.00319999
v 0.00000000 -0.06799995 0.00319999
v 0.07291299 0.00568586 0.00319999
v 0.07278650 0.00121081 0.00319999
v 0.07257944 0.00115532 0.00319999
v 0.07238525 0.00106478 0.00319999
v 0.07220965 0.00094185 0.00319999
v 0.07103610 0.00709313 0.00319999
v 0.07205814 0.00079031 0.00319999
v 0.07193517 0.00061475 0.00319999
v 0.07184463 0.00042051 0.00319999
v 0.06940156 0.00877571 0.00319999
v 0.07178914 0.00021350 0.00319999
v 0.06804937 0.01069265 0.00319999
v 0.06701254 0.01279687 0.00319999
v 0.06701254 -0.01279687 0.00319999
v 0.06631654 0.01503705 0.00319999
v 0.06331706 0.02479815 0.00319999
v -0.03555810 -0.06401014 0.00319999
v -0.03351932 -0.06723427 0.00319999
v -0.03570967 -0.06416165 0.00319999
v -0.03588521 -0.06428462 0.00319999
v -0.03422385 -0.06767171 0.00319999
v -0.03543519 -0.06383460 0.00319999
v -0.03153234 -0.06598740 0.00319999
v -0.03607946 -0.06437516 0.00319999
v -0.03499090 -0.06798666 0.00319999
v -0.03534460 -0.06364035 0.00319999
v -0.03528916 -0.06343334 0.00319999
v -0.03628647 -0.06443065 0.00319999
v -0.03579950 -0.06817054 0.00319999
v -0.03527045 -0.06321984 0.00319999
v -0.03649997 -0.06444931 0.00319999
v -0.03662741 -0.06821823 0.00319999
v -0.03528916 -0.06300634 0.00319999
v -0.02937519 -0.06506562 0.00319999
v -0.03671348 -0.06443065 0.00319999
v -0.03745174 -0.06812840 0.00319999
v -0.03534460 -0.06279933 0.00319999
v -0.03692048 -0.06437516 0.00319999
v -0.03824990 -0.06790357 0.00319999
v -0.03543519 -0.06260508 0.00319999
v -0.03711473 -0.06428462 0.00319999
v -0.03899997 -0.06754994 0.00319999
v -0.03968125 -0.06707721 0.00319999
v -0.03555810 -0.06242954 0.00319999
v -0.02710074 -0.06449139 0.00319999
v -0.03729027 -0.06416165 0.00319999
v -0.03570967 -0.06227797 0.00319999
v -0.03588521 -0.06215506 0.00319999
v -0.02476453 -0.06427884 0.00319999
v -0.04027503 -0.06649839 0.00319999
v -0.03744184 -0.06401014 0.00319999
v -0.04076498 -0.06582933 0.00319999
v -0.03756475 -0.06383460 0.00319999
v 0.05888968 0.03399997 0.00319999
v -0.04113763 -0.06508857 0.00319999
v -0.03765535 -0.06364035 0.00319999
v -0.04138273 -0.06429636 0.00319999
v -0.03771078 -0.06343334 0.00319999
v -0.04149347 -0.06347459 0.00319999
v -0.03772950 -0.06321984 0.00319999
v -0.04146689 -0.06264573 0.00319999
v -0.03756475 -0.06260508 0.00319999
v -0.03765535 -0.06279933 0.00319999
v -0.03771078 -0.06300634 0.00319999
v -0.04138064 -0.06030154 0.00319999
v -0.03692048 -0.06206446 0.00319999
v -0.03711473 -0.06215506 0.00319999
v -0.03729027 -0.06227797 0.00319999
v -0.03744184 -0.06242954 0.00319999
v -0.04166084 -0.05797249 0.00319999
v -0.03628647 -0.06200903 0.00319999
v -0.03649997 -0.06199032 0.00319999
v -0.03671348 -0.06200903 0.00319999
v -0.04230082 -0.05571562 0.00319999
v -0.03607946 -0.06206446 0.00319999
v -0.04328477 -0.05358612 0.00319999
v -0.02242380 -0.06443303 0.00319999
v -0.04458874 -0.05163609 0.00319999
v -0.02013576 -0.06495034 0.00319999
v -0.04618078 -0.04991322 0.00319999
v -0.01018267 -0.06723326 0.00319999
v 0.04618078 0.04991322 0.00319999
v 0.05313432 0.04243510 0.00319999
v -0.05313432 -0.04243510 0.00319999
v 0.03744184 0.06242954 0.00319999
v 0.04138064 0.06030154 0.00319999
v 0.03729027 0.06227797 0.00319999
v 0.03711473 0.06215506 0.00319999
v 0.03756475 0.06260508 0.00319999
v 0.04146689 0.06264573 0.00319999
v 0.03692048 0.06206446 0.00319999
v 0.04166084 0.05797249 0.00319999
v 0.03765535 0.06279933 0.00319999
v 0.03771078 0.06300634 0.00319999
v 0.03671348 0.06200903 0.00319999
v 0.03772950 0.06321984 0.00319999
v 0.04149347 0.06347459 0.00319999
v 0.03649997 0.06199032 0.00319999
v 0.03771078 0.06343334 0.00319999
v 0.04138273 0.06429636 0.00319999
v 0.03628647 0.06200903 0.00319999
v 0.04230082 0.05571562 0.00319999
v 0.03607946 0.06206446 0.00319999
v 0.03765535 0.06364035 0.00319999
v 0.04113763 0.06508857 0.00319999
v 0.03756475 0.06383460 0.00319999
v 0.04076498 0.06582933 0.00319999
v 0.03588521 0.06215506 0.00319999
v 0.04328477 0.05358612 0.00319999
v 0.03744184 0.06401014 0.00319999
v 0.04027503 0.06649839 0.00319999
v 0.03729027 0.06416165 0.00319999
v 0.03968125 0.06707721 0.00319999
v 0.03711473 0.06428462 0.00319999
v 0.03899997 0.06754994 0.00319999
v 0.03824990 0.06790357 0.00319999
v 0.03692048 0.06437516 0.00319999
v 0.03745174 0.06812840 0.00319999
v 0.03671348 0.06443065 0.00319999
v 0.03662741 0.06821823 0.00319999
v 0.03649997 0.06444931 0.00319999
v 0.03579950 0.06817054 0.00319999
v 0.03628647 0.06443065 0.00319999
v 0.03499090 0.06798666 0.00319999
v 0.03607946 0.06437516 0.00319999
v 0.03422385 0.06767171 0.00319999
v 0.03588521 0.06428462 0.00319999
v 0.03351932 0.06723427 0.00319999
v 0.03570967 0.06416165 0.00319999
v 0.03555810 0.06401014 0.00319999
v 0.03543519 0.06383460 0.00319999
v 0.03153234 0.06598740 0.00319999
v 0.03534460 0.06364035 0.00319999
v 0.03528916 0.06343334 0.00319999
v 0.03527045 0.06321984 0.00319999
v 0.03528916 0.06300634 0.00319999
v 0.02937519 0.06506562 0.00319999
v 0.03534460 0.06279933 0.00319999
v 0.03543519 0.06260508 0.00319999
v 0.03555810 0.06242954 0.00319999
v 0.02710074 0.06449139 0.00319999
v 0.03570967 0.06227797 0.00319999
v 0.02476453 0.06427884 0.00319999
v 0.02242380 0.06443303 0.00319999
v 0.04458874 0.05163609 0.00319999
v 0.02013576 0.06495034 0.00319999
v 0.01018267 0.06723326 0.00319999
v -0.07220965 -0.00094185 0.00319999
v -0.07205814 -0.00079031 0.00319999
v -0.07103610 -0.00709313 0.00319999
v -0.07291299 -0.00568586 0.00319999
v -0.07238525 -0.00106478 0.00319999
v -0.07193517 -0.00061475 0.00319999
v -0.07257944 -0.00115532 0.00319999
v -0.07184463 -0.00042051 0.00319999
v -0.06940156 -0.00877571 0.00319999
v -0.07278650 -0.00121081 0.00319999
v -0.07178914 -0.00021350 0.00319999
v -0.07177048 0.00000000 0.00319999
v -0.06804937 -0.01069265 0.00319999
v -0.07299995 -0.00122947 0.00319999
v -0.07498627 -0.00458848 0.00319999
v -0.07321345 -0.00121081 0.00319999
v -0.07342052 -0.00115532 0.00319999
v -0.07361471 -0.00106478 0.00319999
v -0.07571732 -0.00419712 0.00319999
v -0.07379031 -0.00094185 0.00319999
v -0.07637363 -0.00369024 0.00319999
v -0.07394182 -0.00079031 0.00319999
v -0.07693719 -0.00308192 0.00319999
v -0.07406473 -0.00061475 0.00319999
v -0.07739239 -0.00238883 0.00319999
v -0.07415533 -0.00042051 0.00319999
v -0.07772684 -0.00163001 0.00319999
v -0.07421082 -0.00021350 0.00319999
v -0.07793122 -0.00082638 0.00319999
v -0.07422947 0.00000000 0.00319999
v -0.01018267 0.06723326 0.00319999
v 0.00000000 0.06799995 0.00319999
v -0.07800000 0.00000000 0.00319999
v -0.07103610 0.00709313 0.00319999
v -0.07184463 0.00042051 0.00319999
v -0.07193517 0.00061475 0.00319999
v -0.07205814 0.00079031 0.00319999
v -0.07220965 0.00094185 0.00319999
v -0.06940156 0.00877571 0.00319999
v -0.07178914 0.00021350 0.00319999
v -0.07291299 0.00568586 0.00319999
v -0.07238525 0.00106478 0.00319999
v -0.07257944 0.00115532 0.00319999
v -0.07278650 0.00121081 0.00319999
v -0.07299995 0.00122947 0.00319999
v -0.06804937 0.01069265 0.00319999
v -0.07793122 0.00082638 0.00319999
v -0.07421082 0.00021350 0.00319999
v -0.07772684 0.00163001 0.00319999
v -0.07415533 0.00042051 0.00319999
v -0.07498627 0.00458848 0.00319999
v -0.07321345 0.00121081 0.00319999
v -0.07342052 0.00115532 0.00319999
v -0.07361471 0.00106478 0.00319999
v -0.07739239 0.00238883 0.00319999
v -0.07406473 0.00061475 0.00319999
v -0.06701254 0.01279687 0.00319999
v -0.06701254 -0.01279687 0.00319999
v -0.07571732 0.00419712 0.00319999
v -0.07379031 0.00094185 0.00319999
v -0.07693719 0.00308192 0.00319999
v -0.07394182 0.00079031 0.00319999
v -0.07637363 0.00369024 0.00319999
v -0.06631654 0.01503705 0.00319999
v -0.06331706 -0.02479815 0.00319999
v -0.06631654 -0.01503705 0.00319999
v -0.05888968 -0.03399997 0.00319999
v -0.05313432 0.04243510 0.00319999
v -0.06331706 0.02479815 0.00319999
v -0.05888968 0.03399997 0.00319999
v -0.04618078 0.04991322 0.00319999
v -0.02013576 0.06495034 0.00319999
v -0.04458874 0.05163609 0.00319999
v -0.02242380 0.06443303 0.00319999
v -0.04328477 0.05358612 0.00319999
v -0.02476453 0.06427884 0.00319999
v -0.03555810 0.06242954 0.00319999
v -0.02937519 0.06506562 0.00319999
v -0.02710074 0.06449139 0.00319999
v -0.03570967 0.06227797 0.00319999
v -0.03543519 0.06260508 0.00319999
v -0.03588521 0.06215506 0.00319999
v -0.04230082 0.05571562 0.00319999
v -0.03534460 0.06279933 0.00319999
v -0.03607946 0.06206446 0.00319999
v -0.03628647 0.06200903 0.00319999
v -0.03528916 0.06300634 0.00319999
v -0.03153234 0.06598740 0.00319999
v -0.03527045 0.06321984 0.00319999
v -0.03528916 0.06343334 0.00319999
v -0.03534460 0.06364035 0.00319999
v -0.03543519 0.06383460 0.00319999
v -0.04166084 0.05797249 0.00319999
v -0.03692048 0.06206446 0.00319999
v -0.03671348 0.06200903 0.00319999
v -0.03649997 0.06199032 0.00319999
v -0.03351932 0.06723427 0.00319999
v -0.03555810 0.06401014 0.00319999
v -0.03570967 0.06416165 0.00319999
v -0.03588521 0.06428462 0.00319999
v -0.04138064 0.06030154 0.00319999
v -0.03756475 0.06260508 0.00319999
v -0.03744184 0.06242954 0.00319999
v -0.03729027 0.06227797 0.00319999
v -0.03711473 0.06215506 0.00319999
v -0.03422385 0.06767171 0.00319999
v -0.03607946 0.06437516 0.00319999
v -0.03499090 0.06798666 0.00319999
v -0.03628647 0.06443065 0.00319999
v -0.03579950 0.06817054 0.00319999
v -0.03649997 0.06444931 0.00319999
v -0.04146689 0.06264573 0.00319999
v -0.03772950 0.06321984 0.00319999
v -0.03771078 0.06300634 0.00319999
v -0.03765535 0.06279933 0.00319999
v -0.03662741 0.06821823 0.00319999
v -0.03671348 0.06443065 0.00319999
v -0.04149347 0.06347459 0.00319999
v -0.03771078 0.06343334 0.00319999
v -0.03745174 0.06812840 0.00319999
v -0.03692048 0.06437516 0.00319999
v -0.04138273 0.06429636 0.00319999
v -0.03765535 0.06364035 0.00319999
v -0.03824990 0.06790357 0.00319999
v -0.03711473 0.06428462 0.00319999
v -0.04113763 0.06508857 0.00319999
v -0.03756475 0.06383460 0.00319999
v -0.03899997 0.06754994 0.00319999
v -0.04076498 0.06582933 0.00319999
v -0.03744184 0.06401014 0.00319999
v -0.03968125 0.06707721 0.00319999
v -0.03729027 0.06416165 0.00319999
v -0.04027503 0.06649839 0.00319999
v 0.02766788 0.09919291 0.00899994
v 0.02766788 0.09919291 -0.00000000
v 0.03384786 0.08221358 -0.00000000
v 0.03384786 0.08221358 0.00899994
v 0.03429251 0.08056634 -0.00000000
v 0.03384786 0.08221358 0.00899994
v 0.03384786 0.08221358 -0.00000000
v 0.03429251 0.08056634 0.00899994
v 0.03445065 0.07886749 0.00899994
v 0.03445065 0.07886749 -0.00000000
v 0.03431773 0.07716649 0.00899994
v 0.03431773 0.07716649 -0.00000000
v 0.03389751 0.07551282 0.00899994
v 0.03389751 0.07551282 -0.00000000
v 0.03320235 0.07395470 0.00899994
v 0.03320235 0.07395470 -0.00000000
v 0.03225243 0.07253736 0.00899994
v 0.03225243 0.07253736 -0.00000000
v 0.03107535 0.07130223 0.00899994
v 0.03107535 0.07130223 -0.00000000
v 0.02970546 0.07028514 0.00899994
v 0.02970546 0.07028514 -0.00000000
v 0.02818256 0.06951570 -0.00000000
v 0.02818256 0.06951570 0.00899994
v 0.02655106 0.06901639 0.00899994
v 0.02655106 0.06901639 -0.00000000
v 0.02485841 0.06880170 0.00899994
v 0.02485841 0.06880170 -0.00000000
v 0.02315396 0.06887787 0.00899994
v 0.02315396 0.06887787 -0.00000000
v 0.02148717 0.06924265 0.00899994
v 0.02148717 0.06924265 -0.00000000
v 0.02148717 0.06924265 0.00899994
v 0.02148717 0.06924265 -0.00000000
v 0.01086634 0.07168102 -0.00000000
v 0.01086634 0.07168102 0.00899994
v 0.00000000 0.07249999 -0.00000000
v 0.00000000 0.07249999 0.00899994
v -0.01086634 0.07168102 -0.00000000
v -0.01086634 0.07168102 0.00899994
v -0.02148717 0.06924265 -0.00000000
v -0.02148717 0.06924265 0.00899994
v -0.03384786 0.08221358 0.00899994
v -0.03429251 0.08056634 -0.00000000
v -0.03384786 0.08221358 -0.00000000
v -0.03429251 0.08056634 0.00899994
v -0.03445065 0.07886749 -0.00000000
v -0.03445065 0.07886749 0.00899994
v -0.03431773 0.07716649 0.00899994
v -0.03431773 0.07716649 -0.00000000
v -0.03389751 0.07551282 0.00899994
v -0.03389751 0.07551282 -0.00000000
v -0.03320235 0.07395470 0.00899994
v -0.03320235 0.07395470 -0.00000000
v -0.03225243 0.07253736 0.00899994
v -0.03225243 0.07253736 -0.00000000
v -0.03107535 0.07130223 0.00899994
v -0.03107535 0.07130223 -0.00000000
v -0.02970546 0.07028514 0.00899994
v -0.02970546 0.07028514 -0.00000000
v -0.02818256 0.06951570 0.00899994
v -0.02818256 0.06951570 -0.00000000
v -0.02655106 0.06901639 0.00899994
v -0.02655106 0.06901639 -0.00000000
v -0.02485841 0.06880170 0.00899994
v -0.02485841 0.06880170 -0.00000000
v -0.02315396 0.06887787 0.00899994
v -0.02315396 0.06887787 -0.00000000
v -0.02148717 0.06924265 0.00899994
v -0.02148717 0.06924265 -0.00000000
v -0.09749996 -0.00599998 0.00949997
v -0.09749996 -0.00599998 0.00000000
v -0.09249997 -0.00599998 0.00000000
v -0.09249997 -0.00599998 0.00949997
v -0.09180539 -0.01393920 0.00949997
v -0.09180539 -0.01393920 0.00000000
v -0.09249997 -0.01399999 0.00000000
v -0.09249997 -0.01399999 0.00949997
v -0.09113192 -0.01375871 0.00949997
v -0.09113192 -0.01375871 0.00000000
v -0.09049999 -0.01346409 0.00949997
v -0.09049999 -0.01346409 0.00000000
v -0.08992880 -0.01306414 0.00949997
v -0.08992880 -0.01306414 0.00000000
v -0.08943581 -0.01257109 0.00000000
v -0.08943581 -0.01257109 0.00949997
v -0.08903586 -0.01199996 0.00000000
v -0.08903586 -0.01199996 0.00949997
v -0.08874118 -0.01136803 0.00949997
v -0.08874118 -0.01136803 0.00000000
v -0.08856076 -0.01069456 0.00949997
v -0.08856076 -0.01069456 0.00000000
v -0.08849996 -0.00999999 0.00949997
v -0.08849996 -0.00999999 0.00000000
v -0.08856076 -0.00930536 0.00949997
v -0.08856076 -0.00930536 0.00000000
v -0.08874118 -0.00863189 0.00949997
v -0.08874118 -0.00863189 0.00000000
v -0.08903586 -0.00799996 0.00949997
v -0.08903586 -0.00799996 0.00000000
v -0.08943581 -0.00742882 0.00949997
v -0.08943581 -0.00742882 0.00000000
v -0.08992880 -0.00693577 0.00949997
v -0.08992880 -0.00693577 0.00000000
v -0.09049999 -0.00653589 0.00000000
v -0.09049999 -0.00653589 0.00949997
v -0.09113192 -0.00624120 0.00949997
v -0.09113192 -0.00624120 0.00000000
v -0.09180539 -0.00606072 0.00949997
v -0.09180539 -0.00606072 0.00000000
v -0.09249997 -0.00599998 0.00949997
v -0.09249997 -0.00599998 0.00000000
v 0.09569460 -0.01393920 0.00949997
v 0.09499996 -0.01399999 0.00000000
v 0.09499996 -0.01399999 0.00949997
v 0.09569460 -0.01393920 0.00000000
v 0.09636807 -0.01375871 0.00949997
v 0.09636807 -0.01375871 0.00000000
v 0.09700000 -0.01346409 0.00949997
v 0.09700000 -0.01346409 0.00000000
v 0.09757113 -0.01306414 0.00949997
v 0.09757113 -0.01306414 0.00000000
v 0.09806418 -0.01257109 0.00949997
v 0.09806418 -0.01257109 0.00000000
v 0.09846407 -0.01199996 0.00949997
v 0.09846407 -0.01199996 0.00000000
v 0.09875875 -0.01136803 0.00000000
v 0.09875875 -0.01136803 0.00949997
v 0.09893923 -0.01069456 0.00949997
v 0.09893923 -0.01069456 0.00000000
v 0.09899997 -0.00999999 0.00949997
v 0.09899997 -0.00999999 0.00000000
v 0.09893923 -0.00930536 0.00949997
v 0.09893923 -0.00930536 0.00000000
v 0.09875875 -0.00863189 0.00949997
v 0.09875875 -0.00863189 0.00000000
v 0.09846407 -0.00799996 0.00949997
v 0.09846407 -0.00799996 0.00000000
v 0.09806418 -0.00742882 0.00949997
v 0.09806418 -0.00742882 0.00000000
v 0.09757113 -0.00693577 0.00949997
v 0.09757113 -0.00693577 0.00000000
v 0.09700000 -0.00653589 0.00949997
v 0.09700000 -0.00653589 0.00000000
v 0.09636807 -0.00624120 0.00949997
v 0.09636807 -0.00624120 0.00000000
v 0.09569460 -0.00606072 0.00949997
v 0.09569460 -0.00606072 0.00000000
v 0.09499996 -0.00599998 0.00949997
v 0.09499996 -0.00599998 0.00000000
v 0.09430539 -0.00606072 0.00949997
v 0.09430539 -0.00606072 0.00000000
v 0.09363192 -0.00624120 0.00949997
v 0.09363192 -0.00624120 0.00000000
v 0.09299999 -0.00653589 0.00949997
v 0.09299999 -0.00653589 0.00000000
v 0.09242880 -0.00693577 0.00949997
v 0.09242880 -0.00693577 0.00000000
v 0.09193581 -0.00742882 0.00949997
v 0.09193581 -0.00742882 0.00000000
v 0.09153586 -0.00799996 0.00949997
v 0.09153586 -0.00799996 0.00000000
v 0.09124124 -0.00863189 0.00949997
v 0.09124124 -0.00863189 0.00000000
v 0.09106075 -0.00930536 0.00949997
v 0.09106075 -0.00930536 0.00000000
v 0.09099996 -0.00999999 0.00949997
v 0.09099996 -0.00999999 0.00000000
v 0.09106075 -0.01069456 0.00949997
v 0.09106075 -0.01069456 0.00000000
v 0.09124124 -0.01136803 0.00949997
v 0.09124124 -0.01136803 0.00000000
v 0.09153586 -0.01199996 0.00949997
v 0.09153586 -0.01199996 0.00000000
v 0.09193581 -0.01257109 0.00949997
v 0.09193581 -0.01257109 0.00000000
v 0.09242880 -0.01306414 0.00949997
v 0.09242880 -0.01306414 0.00000000
v 0.09299999 -0.01346409 0.00949997
v 0.09299999 -0.01346409 0.00000000
v 0.09363192 -0.01375871 0.00949997
v 0.09363192 -0.01375871 0.00000000
v 0.09430539 -0.01393920 0.00949997
v 0.09430539 -0.01393920 0.00000000
v 0.09499996 -0.01399999 0.00949997
v 0.09499996 -0.01399999 0.00000000
v 0.05704659 0.08830761 -0.00000000
v 0.05652171 0.08755803 0.01949995
v 0.05704659 0.08830761 0.01949995
v 0.05652171 0.08755803 -0.00000000
v 0.05587458 0.08691090 0.01949995
v 0.05587458 0.08691090 -0.00000000
v 0.05512499 0.08638602 -0.00000000
v 0.05429559 0.08599925 0.01949995
v 0.05512499 0.08638602 0.01949995
v 0.05429559 0.08599925 -0.00000000
v 0.05341160 0.08576238 -0.00000000
v 0.05341160 0.08576238 0.01949995
v 0.05249994 0.08568263 -0.00000000
v 0.05249994 0.08568263 0.01949995
v 0.05158829 0.08576238 -0.00000000
v 0.05070436 0.08599925 0.01949995
v 0.05158829 0.08576238 0.01949995
v 0.05070436 0.08599925 -0.00000000
v 0.04987496 0.08638602 0.01949995
v 0.04987496 0.08638602 -0.00000000
v 0.04912531 0.08691090 -0.00000000
v 0.04912531 0.08691090 0.01949995
v 0.04847824 0.08755803 -0.00000000
v 0.04847824 0.08755803 0.01949995
v 0.04795336 0.08830761 -0.00000000
v 0.04795336 0.08830761 0.01949995
v 0.04756659 0.08913701 -0.00000000
v 0.04732972 0.09002101 0.01949995
v 0.04756659 0.08913701 0.01949995
v 0.04732972 0.09002101 -0.00000000
v 0.04724997 0.09093266 -0.00000000
v 0.04732972 0.09184432 0.01949995
v 0.04724997 0.09093266 0.01949995
v 0.04732972 0.09184432 -0.00000000
v 0.04756659 0.09272825 -0.00000000
v 0.04795336 0.09355765 0.01949995
v 0.04756659 0.09272825 0.01949995
v 0.04795336 0.09355765 -0.00000000
v 0.04847824 0.09430730 -0.00000000
v 0.04847824 0.09430730 0.01949995
v 0.04912531 0.09495437 -0.00000000
v 0.04912531 0.09495437 0.01949995
v 0.04987496 0.09547930 -0.00000000
v 0.04987496 0.09547930 0.01949995
v 0.05070436 0.09586602 -0.00000000
v 0.05158829 0.09610289 0.01949995
v 0.05070436 0.09586602 0.01949995
v 0.05158829 0.09610289 -0.00000000
v 0.05249994 0.09618264 -0.00000000
v 0.05341160 0.09610289 0.01949995
v 0.05249994 0.09618264 0.01949995
v 0.05341160 0.09610289 -0.00000000
v 0.05429559 0.09586602 -0.00000000
v 0.05512499 0.09547930 0.01949995
v 0.05429559 0.09586602 0.01949995
v 0.05512499 0.09547930 -0.00000000
v 0.05587458 0.09495437 -0.00000000
v 0.05652171 0.09430730 0.01949995
v 0.05587458 0.09495437 0.01949995
v 0.05652171 0.09430730 -0.00000000
v 0.05704659 0.09355765 0.01949995
v 0.05704659 0.09355765 -0.00000000
v 0.05743336 0.09272825 0.01949995
v 0.05743336 0.09272825 -0.00000000
v 0.05767023 0.09184432 -0.00000000
v 0.05767023 0.09184432 0.01949995
v 0.05774998 0.09093266 -0.00000000
v 0.05774998 0.09093266 0.01949995
v 0.05767023 0.09002101 -0.00000000
v 0.05743336 0.08913701 0.01949995
v 0.05767023 0.09002101 0.01949995
v 0.05743336 0.08913701 -0.00000000
v 0.05704659 0.08830761 0.01949995
v 0.05704659 0.08830761 -0.00000000
v -0.04795336 0.09355765 -0.00000000
v -0.04756659 0.09272825 0.01949995
v -0.04795336 0.09355765 0.01949995
v -0.04756659 0.09272825 -0.00000000
v -0.04732972 0.09184432 -0.00000000
v -0.04732972 0.09184432 0.01949995
v -0.04724997 0.09093266 -0.00000000
v -0.04724997 0.09093266 0.01949995
v -0.04732972 0.09002101 -0.00000000
v -0.04732972 0.09002101 0.01949995
v -0.04756659 0.08913701 -0.00000000
v -0.04795336 0.08830761 0.01949995
v -0.04756659 0.08913701 0.01949995
v -0.04795336 0.08830761 -0.00000000
v -0.04847824 0.08755803 0.01949995
v -0.04847824 0.08755803 -0.00000000
v -0.04912531 0.08691090 -0.00000000
v -0.04912531 0.08691090 0.01949995
v -0.04987496 0.08638602 -0.00000000
v -0.04987496 0.08638602 0.01949995
v -0.05070436 0.08599925 -0.00000000
v -0.05158829 0.08576238 0.01949995
v -0.05070436 0.08599925 0.01949995
v -0.05158829 0.08576238 -0.00000000
v -0.05249994 0.08568263 -0.00000000
v -0.05249994 0.08568263 0.01949995
v -0.05341160 0.08576238 -0.00000000
v -0.05341160 0.08576238 0.01949995
v -0.05429559 0.08599925 -0.00000000
v -0.05512499 0.08638602 0.01949995
v -0.05429559 0.08599925 0.01949995
v -0.05512499 0.08638602 -0.00000000
v -0.05587458 0.08691090 -0.00000000
v -0.05652171 0.08755803 0.01949995
v -0.05587458 0.08691090 0.01949995
v -0.05652171 0.08755803 -0.00000000
v -0.05704659 0.08830761 0.01949995
v -0.05704659 0.08830761 -0.00000000
v -0.05743336 0.08913701 0.01949995
v -0.05743336 0.08913701 -0.00000000
v -0.05767023 0.09002101 -0.00000000
v -0.05767023 0.09002101 0.01949995
v -0.05774998 0.09093266 -0.00000000
v -0.05767023 0.09184432 0.01949995
v -0.05774998 0.09093266 0.01949995
v -0.05767023 0.09184432 -0.00000000
v -0.05743336 0.09272825 -0.00000000
v -0.05704659 0.09355765 0.01949995
v -0.05743336 0.09272825 0.01949995
v -0.05704659 0.09355765 -0.00000000
v -0.05652171 0.09430730 0.01949995
v -0.05652171 0.09430730 -0.00000000
v -0.05587458 0.09495437 -0.00000000
v -0.05587458 0.09495437 0.01949995
v -0.05512499 0.09547930 -0.00000000
v -0.05512499 0.09547930 0.01949995
v -0.05429559 0.09586602 -0.00000000
v -0.05429559 0.09586602 0.01949995
v -0.05341160 0.09610289 -0.00000000
v -0.05249994 0.09618264 0.01949995
v -0.05341160 0.09610289 0.01949995
v -0.05249994 0.09618264 -0.00000000
v -0.05158829 0.09610289 -0.00000000
v -0.05158829 0.09610289 0.01949995
v -0.05070436 0.09586602 -0.00000000
v -0.04987496 0.09547930 0.01949995
v -0.05070436 0.09586602 0.01949995
v -0.04987496 0.09547930 -0.00000000
v -0.04912531 0.09495437 -0.00000000
v -0.04847824 0.09430730 0.01949995
v -0.04912531 0.09495437 0.01949995
v -0.04847824 0.09430730 -0.00000000
v -0.04795336 0.09355765 -0.00000000
v -0.04795336 0.09355765 0.01949995
v -0.10500000 0.00524998 -0.00000000
v -0.10408830 0.00517023 0.01949995
v -0.10500000 0.00524998 0.01949995
v -0.10408830 0.00517023 -0.00000000
v -0.10320440 0.00493336 0.01949995
v -0.10320440 0.00493336 -0.00000000
v -0.10237500 0.00454658 0.01949995
v -0.10237500 0.00454658 -0.00000000
v -0.10162530 0.00402170 0.01949995
v -0.10162530 0.00402170 -0.00000000
v -0.10097830 0.00337458 0.01949995
v -0.10097830 0.00337458 -0.00000000
v -0.10045330 0.00262499 0.01949995
v -0.10045330 0.00262499 -0.00000000
v -0.10006660 0.00179559 0.01949995
v -0.10006660 0.00179559 -0.00000000
v -0.09982973 0.00091165 0.01949995
v -0.09982973 0.00091165 -0.00000000
v -0.09974998 0.00000000 0.01949995
v -0.09974998 0.00000000 0.00000000
v -0.09982973 -0.00091165 0.01949995
v -0.09982973 -0.00091165 0.00000000
v -0.10006660 -0.00179559 0.00000000
v -0.10006660 -0.00179559 0.01949995
v -0.10045330 -0.00262499 0.00000000
v -0.10045330 -0.00262499 0.01949995
v -0.10097830 -0.00337458 0.00000000
v -0.10097830 -0.00337458 0.01949995
v -0.10162530 -0.00402170 0.00000000
v -0.10162530 -0.00402170 0.01949995
v -0.10237500 -0.00454658 0.00000000
v -0.10320440 -0.00493336 0.01949995
v -0.10237500 -0.00454658 0.01949995
v -0.10320440 -0.00493336 0.00000000
v -0.10408830 -0.00517023 0.01949995
v -0.10408830 -0.00517023 0.00000000
v -0.10500000 -0.00524998 0.00000000
v -0.10591160 -0.00517023 0.01949995
v -0.10500000 -0.00524998 0.01949995
v -0.10591160 -0.00517023 0.00000000
v -0.10679560 -0.00493336 0.00000000
v -0.10762500 -0.00454658 0.01949995
v -0.10679560 -0.00493336 0.01949995
v -0.10762500 -0.00454658 0.00000000
v -0.10837460 -0.00402170 0.00000000
v -0.10837460 -0.00402170 0.01949995
v -0.10902170 -0.00337458 0.00000000
v -0.10954660 -0.00262499 0.01949995
v -0.10902170 -0.00337458 0.01949995
v -0.10954660 -0.00262499 0.00000000
v -0.10993340 -0.00179559 0.01949995
v -0.10993340 -0.00179559 0.00000000
v -0.11017020 -0.00091165 0.00000000
v -0.11017020 -0.00091165 0.01949995
v -0.11025000 0.00000000 0.00000000
v -0.11025000 0.00000000 0.01949995
v -0.11017020 0.00091165 -0.00000000
v -0.10993340 0.00179559 0.01949995
v -0.11017020 0.00091165 0.01949995
v -0.10993340 0.00179559 -0.00000000
v -0.10954660 0.00262499 -0.00000000
v -0.10902170 0.00337458 0.01949995
v -0.10954660 0.00262499 0.01949995
v -0.10902170 0.00337458 -0.00000000
v -0.10837460 0.00402170 -0.00000000
v -0.10837460 0.00402170 0.01949995
v -0.10762500 0.00454658 -0.00000000
v -0.10762500 0.00454658 0.01949995
v -0.10679560 0.00493336 -0.00000000
v -0.10591160 0.00517023 0.01949995
v -0.10679560 0.00493336 0.01949995
v -0.10591160 0.00517023 -0.00000000
v -0.10500000 0.00524998 0.01949995
v -0.10500000 0.00524998 -0.00000000
v -0.05652171 -0.08755803 0.00000000
v -0.05704659 -0.08830761 0.01949995
v -0.05704659 -0.08830761 0.00000000
v -0.05652171 -0.08755803 0.01949995
v -0.05587458 -0.08691090 0.00000000
v -0.05587458 -0.08691090 0.01949995
v -0.05512499 -0.08638602 0.00000000
v -0.05512499 -0.08638602 0.01949995
v -0.05429559 -0.08599925 0.00000000
v -0.05429559 -0.08599925 0.01949995
v -0.05341160 -0.08576238 0.00000000
v -0.05249994 -0.08568263 0.01949995
v -0.05341160 -0.08576238 0.01949995
v -0.05249994 -0.08568263 0.00000000
v -0.05158829 -0.08576238 0.00000000
v -0.05158829 -0.08576238 0.01949995
v -0.05070436 -0.08599925 0.00000000
v -0.05070436 -0.08599925 0.01949995
v -0.04987496 -0.08638602 0.00000000
v -0.04987496 -0.08638602 0.01949995
v -0.04912531 -0.08691090 0.00000000
v -0.04847824 -0.08755803 0.01949995
v -0.04912531 -0.08691090 0.01949995
v -0.04847824 -0.08755803 0.00000000
v -0.04795336 -0.08830761 0.01949995
v -0.04795336 -0.08830761 0.00000000
v -0.04756659 -0.08913701 0.00000000
v -0.04756659 -0.08913701 0.01949995
v -0.04732972 -0.09002101 0.00000000
v -0.04724997 -0.09093266 0.01949995
v -0.04732972 -0.09002101 0.01949995
v -0.04724997 -0.09093266 0.00000000
v -0.04732972 -0.09184432 0.00000000
v -0.04756659 -0.09272825 0.01949995
v -0.04732972 -0.09184432 0.01949995
v -0.04756659 -0.09272825 0.00000000
v -0.04795336 -0.09355765 0.01949995
v -0.04795336 -0.09355765 0.00000000
v -0.04847824 -0.09430730 0.01949995
v -0.04847824 -0.09430730 0.00000000
v -0.04912531 -0.09495437 0.00000000
v -0.04912531 -0.09495437 0.01949995
v -0.04987496 -0.09547930 0.00000000
v -0.04987496 -0.09547930 0.01949995
v -0.05070436 -0.09586602 0.00000000
v -0.05158829 -0.09610289 0.01949995
v -0.05070436 -0.09586602 0.01949995
v -0.05158829 -0.09610289 0.00000000
v -0.05249994 -0.09618264 0.00000000
v -0.05249994 -0.09618264 0.01949995
v -0.05341160 -0.09610289 0.00000000
v -0.05429559 -0.09586602 0.01949995
v -0.05341160 -0.09610289 0.01949995
v -0.05429559 -0.09586602 0.00000000
v -0.05512499 -0.09547930 0.01949995
v -0.05512499 -0.09547930 0.00000000
v -0.05587458 -0.09495437 0.00000000
v -0.05652171 -0.09430730 0.01949995
v -0.05587458 -0.09495437 0.01949995
v -0.05652171 -0.09430730 0.00000000
v -0.05704659 -0.09355765 0.01949995
v -0.05704659 -0.09355765 0.00000000
v -0.05743336 -0.09272825 0.01949995
v -0.05743336 -0.09272825 0.00000000
v -0.05767023 -0.09184432 0.00000000
v -0.05774998 -0.09093266 0.01949995
v -0.05767023 -0.09184432 0.01949995
v -0.05774998 -0.09093266 0.00000000
v -0.05767023 -0.09002101 0.00000000
v -0.05743336 -0.08913701 0.01949995
v -0.05767023 -0.09002101 0.01949995
v -0.05743336 -0.08913701 0.00000000
v -0.05704659 -0.08830761 0.00000000
v -0.05704659 -0.08830761 0.01949995
v 0.04795336 -0.09355765 0.00000000
v 0.04756659 -0.09272825 0.01949995
v 0.04795336 -0.09355765 0.01949995
v 0.04756659 -0.09272825 0.00000000
v 0.04732972 -0.09184432 0.01949995
v 0.04732972 -0.09184432 0.00000000
v 0.04724997 -0.09093266 0.01949995
v 0.04724997 -0.09093266 0.00000000
v 0.04732972 -0.09002101 0.01949995
v 0.04732972 -0.09002101 0.00000000
v 0.04756659 -0.08913701 0.01949995
v 0.04756659 -0.08913701 0.00000000
v 0.04795336 -0.08830761 0.01949995
v 0.04795336 -0.08830761 0.00000000
v 0.04847824 -0.08755803 0.01949995
v 0.04847824 -0.08755803 0.00000000
v 0.04912531 -0.08691090 0.00000000
v 0.04987496 -0.08638602 0.01949995
v 0.04912531 -0.08691090 0.01949995
v 0.04987496 -0.08638602 0.00000000
v 0.05070436 -0.08599925 0.01949995
v 0.05070436 -0.08599925 0.00000000
v 0.05158829 -0.08576238 0.00000000
v 0.05249994 -0.08568263 0.01949995
v 0.05158829 -0.08576238 0.01949995
v 0.05249994 -0.08568263 0.00000000
v 0.05341160 -0.08576238 0.00000000
v 0.05341160 -0.08576238 0.01949995
v 0.05429559 -0.08599925 0.00000000
v 0.05512499 -0.08638602 0.01949995
v 0.05429559 -0.08599925 0.01949995
v 0.05512499 -0.08638602 0.00000000
v 0.05587458 -0.08691090 0.00000000
v 0.05652171 -0.08755803 0.01949995
v 0.05587458 -0.08691090 0.01949995
v 0.05652171 -0.08755803 0.00000000
v 0.05704659 -0.08830761 0.01949995
v 0.05704659 -0.08830761 0.00000000
v 0.05743336 -0.08913701 0.01949995
v 0.05743336 -0.08913701 0.00000000
v 0.05767023 -0.09002101 0.00000000
v 0.05767023 -0.09002101 0.01949995
v 0.05774998 -0.09093266 0.00000000
v 0.05774998 -0.09093266 0.01949995
v 0.05767023 -0.09184432 0.00000000
v 0.05743336 -0.09272825 0.01949995
v 0.05767023 -0.09184432 0.01949995
v 0.05743336 -0.09272825 0.00000000
v 0.05704659 -0.09355765 0.01949995
v 0.05704659 -0.09355765 0.00000000
v 0.05652171 -0.09430730 0.00000000
v 0.05652171 -0.09430730 0.01949995
v 0.05587458 -0.09495437 0.00000000
v 0.05512499 -0.09547930 0.01949995
v 0.05587458 -0.09495437 0.01949995
v 0.05512499 -0.09547930 0.00000000
v 0.05429559 -0.09586602 0.00000000
v 0.05341160 -0.09610289 0.01949995
v 0.05429559 -0.09586602 0.01949995
v 0.05341160 -0.09610289 0.00000000
v 0.05249994 -0.09618264 0.01949995
v 0.05249994 -0.09618264 0.00000000
v 0.05158829 -0.09610289 0.00000000
v 0.05158829 -0.09610289 0.01949995
v 0.05070436 -0.09586602 0.00000000
v 0.04987496 -0.09547930 0.01949995
v 0.05070436 -0.09586602 0.01949995
v 0.04987496 -0.09547930 0.00000000
v 0.04912531 -0.09495437 0.00000000
v 0.04847824 -0.09430730 0.01949995
v 0.04912531 -0.09495437 0.01949995
v 0.04847824 -0.09430730 0.00000000
v 0.04795336 -0.09355765 0.00000000
v 0.04795336 -0.09355765 0.01949995
v 0.10500000 -0.00524998 0.00000000
v 0.10408830 -0.00517023 0.01949995
v 0.10500000 -0.00524998 0.01949995
v 0.10408830 -0.00517023 0.00000000
v 0.10320440 -0.00493336 0.00000000
v 0.10320440 -0.00493336 0.01949995
v 0.10237500 -0.00454658 0.00000000
v 0.10162530 -0.00402170 0.01949995
v 0.10237500 -0.00454658 0.01949995
v 0.10162530 -0.00402170 0.00000000
v 0.10097830 -0.00337458 0.01949995
v 0.10097830 -0.00337458 0.00000000
v 0.10045330 -0.00262499 0.00000000
v 0.10006660 -0.00179559 0.01949995
v 0.10045330 -0.00262499 0.01949995
v 0.10006660 -0.00179559 0.00000000
v 0.09982973 -0.00091165 0.01949995
v 0.09982973 -0.00091165 0.00000000
v 0.09974998 0.00000000 0.00000000
v 0.09982973 0.00091165 0.01949995
v 0.09974998 0.00000000 0.01949995
v 0.09982973 0.00091165 -0.00000000
v 0.10006660 0.00179559 -0.00000000
v 0.10006660 0.00179559 0.01949995
v 0.10045330 0.00262499 -0.00000000
v 0.10045330 0.00262499 0.01949995
v 0.10097830 0.00337458 -0.00000000
v 0.10097830 0.00337458 0.01949995
v 0.10162530 0.00402170 -0.00000000
v 0.10162530 0.00402170 0.01949995
v 0.10237500 0.00454658 -0.00000000
v 0.10320440 0.00493336 0.01949995
v 0.10237500 0.00454658 0.01949995
v 0.10320440 0.00493336 -0.00000000
v 0.10408830 0.00517023 -0.00000000
v 0.10408830 0.00517023 0.01949995
v 0.10500000 0.00524998 -0.00000000
v 0.10500000 0.00524998 0.01949995
v 0.10591160 0.00517023 -0.00000000
v 0.10591160 0.00517023 0.01949995
v 0.10679560 0.00493336 -0.00000000
v 0.10762500 0.00454658 0.01949995
v 0.10679560 0.00493336 0.01949995
v 0.10762500 0.00454658 -0.00000000
v 0.10837460 0.00402170 -0.00000000
v 0.10837460 0.00402170 0.01949995
v 0.10902170 0.00337458 -0.00000000
v 0.10954660 0.00262499 0.01949995
v 0.10902170 0.00337458 0.01949995
v 0.10954660 0.00262499 -0.00000000
v 0.10993340 0.00179559 0.01949995
v 0.10993340 0.00179559 -0.00000000
v 0.11017020 0.00091165 -0.00000000
v 0.11017020 0.00091165 0.01949995
v 0.11025000 0.00000000 0.00000000
v 0.11017020 -0.00091165 0.01949995
v 0.11025000 0.00000000 0.01949995
v 0.11017020 -0.00091165 0.00000000
v 0.10993340 -0.00179559 0.01949995
v 0.10993340 -0.00179559 0.00000000
v 0.10954660 -0.00262499 0.00000000
v 0.10902170 -0.00337458 0.01949995
v 0.10954660 -0.00262499 0.01949995
v 0.10902170 -0.00337458 0.00000000
v 0.10837460 -0.00402170 0.01949995
v 0.10837460 -0.00402170 0.00000000
v 0.10762500 -0.00454658 0.00000000
v 0.10762500 -0.00454658 0.01949995
v 0.10679560 -0.00493336 0.00000000
v 0.10591160 -0.00517023 0.01949995
v 0.10679560 -0.00493336 0.01949995
v 0.10591160 -0.00517023 0.00000000
v 0.10500000 -0.00524998 0.01949995
v 0.10500000 -0.00524998 0.00000000
v 0.04146689 0.06264573 0.00319999
v 0.04149347 0.06347459 -0.00000000
v 0.04146689 0.06264573 -0.00000000
v 0.04149347 0.06347459 0.00319999
v 0.04138273 0.06429636 0.00319999
v 0.04138273 0.06429636 -0.00000000
v 0.04113763 0.06508857 0.00319999
v 0.04113763 0.06508857 -0.00000000
v 0.04076498 0.06582933 0.00319999
v 0.04076498 0.06582933 -0.00000000
v 0.04027503 0.06649839 0.00319999
v 0.04027503 0.06649839 -0.00000000
v 0.03968125 0.06707721 0.00319999
v 0.03968125 0.06707721 -0.00000000
v 0.03899997 0.06754994 -0.00000000
v 0.03899997 0.06754994 0.00319999
v 0.03824990 0.06790357 0.00319999
v 0.03824990 0.06790357 -0.00000000
v 0.03745174 0.06812840 0.00319999
v 0.03745174 0.06812840 -0.00000000
v 0.03662741 0.06821823 0.00319999
v 0.03662741 0.06821823 -0.00000000
v 0.03579950 0.06817054 -0.00000000
v 0.03579950 0.06817054 0.00319999
v 0.03499090 0.06798666 -0.00000000
v 0.03499090 0.06798666 0.00319999
v 0.03422385 0.06767171 -0.00000000
v 0.03422385 0.06767171 0.00319999
v 0.03351932 0.06723427 0.00319999
v 0.03351932 0.06723427 -0.00000000
v 0.04138064 0.06030154 -0.00000000
v 0.04138064 0.06030154 0.00319999
v 0.04166084 0.05797249 -0.00000000
v 0.04166084 0.05797249 0.00319999
v 0.04230082 0.05571562 -0.00000000
v 0.04230082 0.05571562 0.00319999
v 0.04328477 0.05358612 0.00319999
v 0.04328477 0.05358612 -0.00000000
v 0.04458874 0.05163609 0.00319999
v 0.04458874 0.05163609 -0.00000000
v 0.04618078 0.04991322 -0.00000000
v 0.04618078 0.04991322 0.00319999
v 0.02013576 0.06495034 0.00319999
v 0.02013576 0.06495034 -0.00000000
v 0.02242380 0.06443303 -0.00000000
v 0.02242380 0.06443303 0.00319999
v 0.02476453 0.06427884 -0.00000000
v 0.02476453 0.06427884 0.00319999
v 0.02710074 0.06449139 0.00319999
v 0.02710074 0.06449139 -0.00000000
v 0.02937519 0.06506562 0.00319999
v 0.02937519 0.06506562 -0.00000000
v 0.03153234 0.06598740 0.00319999
v 0.03153234 0.06598740 -0.00000000
v -0.03422385 0.06767171 0.00319999
v -0.03351932 0.06723427 -0.00000000
v -0.03351932 0.06723427 0.00319999
v -0.03422385 0.06767171 -0.00000000
v -0.03499090 0.06798666 0.00319999
v -0.03499090 0.06798666 -0.00000000
v -0.03579950 0.06817054 0.00319999
v -0.03579950 0.06817054 -0.00000000
v -0.03662741 0.06821823 0.00319999
v -0.03662741 0.06821823 -0.00000000
v -0.03745174 0.06812840 0.00319999
v -0.03745174 0.06812840 -0.00000000
v -0.03824990 0.06790357 0.00319999
v -0.03824990 0.06790357 -0.00000000
v -0.03899997 0.06754994 -0.00000000
v -0.03899997 0.06754994 0.00319999
v -0.03968125 0.06707721 0.00319999
v -0.03968125 0.06707721 -0.00000000
v -0.04027503 0.06649839 -0.00000000
v -0.04027503 0.06649839 0.00319999
v -0.04076498 0.06582933 0.00319999
v -0.04076498 0.06582933 -0.00000000
v -0.04113763 0.06508857 -0.00000000
v -0.04113763 0.06508857 0.00319999
v -0.04138273 0.06429636 -0.00000000
v -0.04138273 0.06429636 0.00319999
v -0.04149347 0.06347459 -0.00000000
v -0.04149347 0.06347459 0.00319999
v -0.04146689 0.06264573 -0.00000000
v -0.04146689 0.06264573 0.00319999
v -0.03153234 0.06598740 0.00319999
v -0.03153234 0.06598740 -0.00000000
v -0.02937519 0.06506562 0.00319999
v -0.02937519 0.06506562 -0.00000000
v -0.02710074 0.06449139 0.00319999
v -0.02710074 0.06449139 -0.00000000
v -0.02476453 0.06427884 0.00319999
v -0.02476453 0.06427884 -0.00000000
v -0.02242380 0.06443303 -0.00000000
v -0.02242380 0.06443303 0.00319999
v -0.02013576 0.06495034 0.00319999
v -0.02013576 0.06495034 -0.00000000
v -0.04618078 0.04991322 0.00319999
v -0.04618078 0.04991322 -0.00000000
v -0.04458874 0.05163609 -0.00000000
v -0.04458874 0.05163609 0.00319999
v -0.04328477 0.05358612 -0.00000000
v -0.04328477 0.05358612 0.00319999
v -0.04230082 0.05571562 -0.00000000
v -0.04230082 0.05571562 0.00319999
v -0.04166084 0.05797249 -0.00000000
v -0.04166084 0.05797249 0.00319999
v -0.04138064 0.06030154 0.00319999
v -0.04138064 0.06030154 -0.00000000
v -0.07571732 0.00419712 0.00319999
v -0.07498627 0.00458848 -0.00000000
v -0.07498627 0.00458848 0.00319999
v -0.07571732 0.00419712 -0.00000000
v -0.07637363 0.00369024 0.00319999
v -0.07637363 0.00369024 -0.00000000
v -0.07693719 0.00308192 0.00319999
v -0.07693719 0.00308192 -0.00000000
v -0.07739239 0.00238883 0.00319999
v -0.07739239 0.00238883 -0.00000000
v -0.07772684 0.00163001 0.00319999
v -0.07772684 0.00163001 -0.00000000
v -0.07793122 0.00082638 0.00319999
v -0.07793122 0.00082638 -0.00000000
v -0.07800000 0.00000000 0.00319999
v -0.07800000 0.00000000 0.00000000
v -0.07793122 -0.00082638 0.00319999
v -0.07793122 -0.00082638 0.00000000
v -0.07772684 -0.00163001 0.00319999
v -0.07772684 -0.00163001 0.00000000
v -0.07739239 -0.00238883 0.00319999
v -0.07739239 -0.00238883 0.00000000
v -0.07693719 -0.00308192 0.00319999
v -0.07693719 -0.00308192 0.00000000
v -0.07637363 -0.00369024 0.00319999
v -0.07637363 -0.00369024 0.00000000
v -0.07571732 -0.00419712 0.00000000
v -0.07571732 -0.00419712 0.00319999
v -0.07498627 -0.00458848 0.00000000
v -0.07498627 -0.00458848 0.00319999
v -0.07291299 0.00568586 0.00319999
v -0.07291299 0.00568586 -0.00000000
v -0.07103610 0.00709313 -0.00000000
v -0.07103610 0.00709313 0.00319999
v -0.06940156 0.00877571 -0.00000000
v -0.06940156 0.00877571 0.00319999
v -0.06804937 0.01069265 0.00319999
v -0.06804937 0.01069265 -0.00000000
v -0.06701254 0.01279687 0.00319999
v -0.06701254 0.01279687 -0.00000000
v -0.06631654 0.01503705 -0.00000000
v -0.06631654 0.01503705 0.00319999
v -0.06701254 -0.01279687 0.00319999
v -0.06631654 -0.01503705 0.00000000
v -0.06701254 -0.01279687 0.00000000
v -0.06631654 -0.01503705 0.00319999
v -0.06804937 -0.01069265 0.00319999
v -0.06804937 -0.01069265 0.00000000
v -0.06940156 -0.00877571 0.00000000
v -0.06940156 -0.00877571 0.00319999
v -0.07103610 -0.00709313 0.00000000
v -0.07103610 -0.00709313 0.00319999
v -0.07291299 -0.00568586 0.00000000
v -0.07291299 -0.00568586 0.00319999
v -0.04146689 -0.06264573 0.00319999
v -0.04149347 -0.06347459 0.00000000
v -0.04146689 -0.06264573 0.00000000
v -0.04149347 -0.06347459 0.00319999
v -0.04138273 -0.06429636 0.00319999
v -0.04138273 -0.06429636 0.00000000
v -0.04113763 -0.06508857 0.00319999
v -0.04113763 -0.06508857 0.00000000
v -0.04076498 -0.06582933 0.00319999
v -0.04076498 -0.06582933 0.00000000
v -0.04027503 -0.06649839 0.00319999
v -0.04027503 -0.06649839 0.00000000
v -0.03968125 -0.06707721 0.00000000
v -0.03968125 -0.06707721 0.00319999
v -0.03899997 -0.06754994 0.00319999
v -0.03899997 -0.06754994 0.00000000
v -0.03824990 -0.06790357 0.00319999
v -0.03824990 -0.06790357 0.00000000
v -0.03745174 -0.06812840 0.00319999
v -0.03745174 -0.06812840 0.00000000
v -0.03662741 -0.06821823 0.00319999
v -0.03662741 -0.06821823 0.00000000
v -0.03579950 -0.06817054 0.00000000
v -0.03579950 -0.06817054 0.00319999
v -0.03499090 -0.06798666 0.00319999
v -0.03499090 -0.06798666 0.00000000
v -0.03422385 -0.06767171 0.00319999
v -0.03422385 -0.06767171 0.00000000
v -0.03351932 -0.06723427 0.00319999
v -0.03351932 -0.06723427 0.00000000
v -0.04138064 -0.06030154 0.00319999
v -0.04138064 -0.06030154 0.00000000
v -0.04166084 -0.05797249 0.00000000
v -0.04166084 -0.05797249 0.00319999
v -0.04230082 -0.05571562 0.00000000
v -0.04230082 -0.05571562 0.00319999
v -0.04328477 -0.05358612 0.00000000
v -0.04328477 -0.05358612 0.00319999
v -0.04458874 -0.05163609 0.00319999
v -0.04458874 -0.05163609 0.00000000
v -0.04618078 -0.04991322 0.00000000
v -0.04618078 -0.04991322 0.00319999
v -0.02242380 -0.06443303 0.00319999
v -0.02013576 -0.06495034 0.00000000
v -0.02242380 -0.06443303 0.00000000
v -0.02013576 -0.06495034 0.00319999
v -0.02476453 -0.06427884 0.00319999
v -0.02476453 -0.06427884 0.00000000
v -0.02710074 -0.06449139 0.00000000
v -0.02710074 -0.06449139 0.00319999
v -0.02937519 -0.06506562 0.00319999
v -0.02937519 -0.06506562 0.00000000
v -0.03153234 -0.06598740 0.00000000
v -0.03153234 -0.06598740 0.00319999
v 0.03351932 -0.06723427 0.00319999
v 0.03422385 -0.06767171 0.00000000
v 0.03351932 -0.06723427 0.00000000
v 0.03422385 -0.06767171 0.00319999
v 0.03499090 -0.06798666 0.00319999
v 0.03499090 -0.06798666 0.00000000
v 0.03579950 -0.06817054 0.00319999
v 0.03579950 -0.06817054 0.00000000
v 0.03662741 -0.06821823 0.00319999
v 0.03662741 -0.06821823 0.00000000
v 0.03745174 -0.06812840 0.00319999
v 0.03745174 -0.06812840 0.00000000
v 0.03824990 -0.06790357 0.00319999
v 0.03824990 -0.06790357 0.00000000
v 0.03899997 -0.06754994 0.00319999
v 0.03899997 -0.06754994 0.00000000
v 0.03968125 -0.06707721 0.00319999
v 0.03968125 -0.06707721 0.00000000
v 0.04027503 -0.06649839 0.00319999
v 0.04027503 -0.06649839 0.00000000
v 0.04076498 -0.06582933 0.00000000
v 0.04076498 -0.06582933 0.00319999
v 0.04113763 -0.06508857 0.00319999
v 0.04113763 -0.06508857 0.00000000
v 0.04138273 -0.06429636 0.00319999
v 0.04138273 -0.06429636 0.00000000
v 0.04149347 -0.06347459 0.00000000
v 0.04149347 -0.06347459 0.00319999
v 0.04146689 -0.06264573 0.00319999
v 0.04146689 -0.06264573 0.00000000
v 0.03153234 -0.06598740 0.00319999
v 0.03153234 -0.06598740 0.00000000
v 0.02937519 -0.06506562 0.00000000
v 0.02937519 -0.06506562 0.00319999
v 0.02710074 -0.06449139 0.00000000
v 0.02710074 -0.06449139 0.00319999
v 0.02476453 -0.06427884 0.00319999
v 0.02476453 -0.06427884 0.00000000
v 0.02242380 -0.06443303 0.00000000
v 0.02242380 -0.06443303 0.00319999
v 0.02013576 -0.06495034 0.00000000
v 0.02013576 -0.06495034 0.00319999
v 0.04618078 -0.04991322 0.00319999
v 0.04618078 -0.04991322 0.00000000
v 0.04458874 -0.05163609 0.00000000
v 0.04458874 -0.05163609 0.00319999
v 0.04328477 -0.05358612 0.00000000
v 0.04328477 -0.05358612 0.00319999
v 0.04230082 -0.05571562 0.00000000
v 0.04230082 -0.05571562 0.00319999
v 0.04166084 -0.05797249 0.00000000
v 0.04166084 -0.05797249 0.00319999
v 0.04138064 -0.06030154 0.00319999
v 0.04138064 -0.06030154 0.00000000
v 0.05313432 -0.04243510 0.00000000
v 0.05313432 -0.04243510 0.00319999
v 0.05888968 -0.03399997 0.00000000
v 0.05888968 -0.03399997 0.00319999
v 0.06331706 -0.02479815 0.00000000
v 0.06331706 -0.02479815 0.00319999
v 0.06631654 -0.01503705 0.00000000
v 0.06631654 -0.01503705 0.00319999
v -0.01018267 -0.06723326 0.00319999
v -0.01018267 -0.06723326 0.00000000
v 0.00000000 -0.06799995 0.00319999
v 0.00000000 -0.06799995 0.00000000
v 0.01018267 -0.06723326 0.00319999
v 0.01018267 -0.06723326 0.00000000
v -0.06331706 -0.02479815 0.00319999
v -0.06331706 -0.02479815 0.00000000
v -0.05888968 -0.03399997 0.00319999
v -0.05888968 -0.03399997 0.00000000
v -0.05313432 -0.04243510 0.00319999
v -0.05313432 -0.04243510 0.00000000
v -0.05313432 0.04243510 0.00319999
v -0.05313432 0.04243510 -0.00000000
v -0.05888968 0.03399997 0.00319999
v -0.05888968 0.03399997 -0.00000000
v -0.06331706 0.02479815 0.00319999
v -0.06331706 0.02479815 -0.00000000
v 0.06631654 0.01503705 0.00319999
v 0.06331706 0.02479815 -0.00000000
v 0.06631654 0.01503705 -0.00000000
v 0.06331706 0.02479815 0.00319999
v 0.05888968 0.03399997 -0.00000000
v 0.05888968 0.03399997 0.00319999
v 0.05313432 0.04243510 -0.00000000
v 0.05313432 0.04243510 0.00319999
v 0.01018267 0.06723326 -0.00000000
v 0.01018267 0.06723326 0.00319999
v 0.00000000 0.06799995 0.00319999
v 0.00000000 0.06799995 -0.00000000
v -0.01018267 0.06723326 -0.00000000
v -0.01018267 0.06723326 0.00319999
v 0.07571732 -0.00419712 0.00319999
v 0.07498627 -0.00458848 0.00000000
v 0.07498627 -0.00458848 0.00319999
v 0.07571732 -0.00419712 0.00000000
v 0.07637363 -0.00369024 0.00000000
v 0.07637363 -0.00369024 0.00319999
v 0.07693719 -0.00308192 0.00000000
v 0.07693719 -0.00308192 0.00319999
v 0.07739239 -0.00238883 0.00319999
v 0.07739239 -0.00238883 0.00000000
v 0.07772684 -0.00163001 0.00319999
v 0.07772684 -0.00163001 0.00000000
v 0.07793122 -0.00082638 0.00319999
v 0.07793122 -0.00082638 0.00000000
v 0.07800000 0.00000000 0.00319999
v 0.07800000 0.00000000 0.00000000
v 0.07793122 0.00082638 0.00319999
v 0.07793122 0.00082638 -0.00000000
v 0.07772684 0.00163001 0.00319999
v 0.07772684 0.00163001 -0.00000000
v 0.07739239 0.00238883 0.00319999
v 0.07739239 0.00238883 -0.00000000
v 0.07693719 0.00308192 -0.00000000
v 0.07693719 0.00308192 0.00319999
v 0.07637363 0.00369024 0.00319999
v 0.07637363 0.00369024 -0.00000000
v 0.07571732 0.00419712 -0.00000000
v 0.07571732 0.00419712 0.00319999
v 0.07498627 0.00458848 -0.00000000
v 0.07498627 0.00458848 0.00319999
v 0.07291299 -0.00568586 0.00319999
v 0.07291299 -0.00568586 0.00000000
v 0.07103610 -0.00709313 0.00319999
v 0.07103610 -0.00709313 0.00000000
v 0.06940156 -0.00877571 0.00000000
v 0.06940156 -0.00877571 0.00319999
v 0.06804937 -0.01069265 0.00000000
v 0.06804937 -0.01069265 0.00319999
v 0.06701254 -0.01279687 0.00319999
v 0.06701254 -0.01279687 0.00000000
v 0.06701254 0.01279687 -0.00000000
v 0.06701254 0.01279687 0.00319999
v 0.06804937 0.01069265 -0.00000000
v 0.06804937 0.01069265 0.00319999
v 0.06940156 0.00877571 -0.00000000
v 0.06940156 0.00877571 0.00319999
v 0.07103610 0.00709313 -0.00000000
v 0.07103610 0.00709313 0.00319999
v 0.07291299 0.00568586 -0.00000000
v 0.07291299 0.00568586 0.00319999
v 0.02694284 0.10075250 -0.00000000
v 0.02694284 0.10075250 0.00899994
v 0.02596127 0.10216490 -0.00000000
v 0.02596127 0.10216490 0.00899994
v 0.02475219 0.10338810 -0.00000000
v 0.02475219 0.10338810 0.00899994
v 0.02335143 0.10438600 -0.00000000
v 0.02335143 0.10438600 0.00899994
v 0.02180039 0.10512920 -0.00000000
v 0.02180039 0.10512920 0.00899994
v 0.02014493 0.10559560 0.00899994
v 0.02014493 0.10559560 -0.00000000
v -0.03384786 0.08221358 -0.00000000
v -0.02766788 0.09919291 -0.00000000
v -0.02766788 0.09919291 0.00899994
v -0.03384786 0.08221358 0.00899994
v -0.02014493 0.10559560 0.00899994
v -0.02180039 0.10512920 -0.00000000
v -0.02014493 0.10559560 -0.00000000
v -0.02180039 0.10512920 0.00899994
v -0.02335143 0.10438600 -0.00000000
v -0.02335143 0.10438600 0.00899994
v -0.02475219 0.10338810 -0.00000000
v -0.02475219 0.10338810 0.00899994
v -0.02596127 0.10216490 0.00899994
v -0.02596127 0.10216490 -0.00000000
v -0.02694284 0.10075250 0.00899994
v -0.02694284 0.10075250 -0.00000000
v 0.00675046 0.10728780 0.00899994
v 0.00675046 0.10728780 -0.00000000
v 0.02014493 0.10559560 -0.00000000
v 0.02014493 0.10559560 0.00899994
v -0.00675046 0.10728780 0.00899994
v -0.00675046 0.10728780 -0.00000000
v -0.02014493 0.10559560 0.00899994
v -0.02014493 0.10559560 -0.00000000
v 0.02655106 0.06901639 0.00899994
v 0.02970546 0.07028514 0.00899994
v 0.02818256 0.06951570 0.00899994
v 0.03431773 0.07716649 0.00899994
v 0.03389751 0.07551282 0.00899994
v 0.03320235 0.07395470 0.00899994
v 0.03225243 0.07253736 0.00899994
v 0.03107535 0.07130223 0.00899994
v 0.02485841 0.06880170 0.00899994
v 0.03429251 0.08056634 0.00899994
v 0.03445065 0.07886749 0.00899994
v 0.02148717 0.06924265 0.00899994
v 0.02315396 0.06887787 0.00899994
v 0.03384786 0.08221358 0.00899994
v 0.01086634 0.07168102 0.00899994
v 0.02766788 0.09919291 0.00899994
v 0.02596127 0.10216490 0.00899994
v 0.02694284 0.10075250 0.00899994
v 0.02475219 0.10338810 0.00899994
v 0.02335143 0.10438600 0.00899994
v 0.02180039 0.10512920 0.00899994
v 0.02014493 0.10559560 0.00899994
v -0.02485841 0.06880170 0.00899994
v -0.02148717 0.06924265 0.00899994
v -0.02315396 0.06887787 0.00899994
v -0.02970546 0.07028514 0.00899994
v -0.02655106 0.06901639 0.00899994
v -0.02818256 0.06951570 0.00899994
v 0.00675046 0.10728780 0.00899994
v 0.00000000 0.07249999 0.00899994
v -0.03107535 0.07130223 0.00899994
v -0.03225243 0.07253736 0.00899994
v -0.03320235 0.07395470 0.00899994
v -0.03431773 0.07716649 0.00899994
v -0.03389751 0.07551282 0.00899994
v -0.03445065 0.07886749 0.00899994
v -0.00675046 0.10728780 0.00899994
v -0.01086634 0.07168102 0.00899994
v -0.03384786 0.08221358 0.00899994
v -0.03429251 0.08056634 0.00899994
v -0.02014493 0.10559560 0.00899994
v -0.02766788 0.09919291 0.00899994
v -0.02694284 0.10075250 0.00899994
v -0.02335143 0.10438600 0.00899994
v -0.02180039 0.10512920 0.00899994
v -0.02475219 0.10338810 0.00899994
v -0.02596127 0.10216490 0.00899994
v -0.08691877 0.01058495 0.07099997
v -0.08691877 0.01058495 -0.00000000
v -0.08812302 0.01179361 -0.00000000
v -0.08812302 0.01179361 0.07099997
v -0.08552658 0.00959855 0.07099997
v -0.08552658 0.00959855 -0.00000000
v -0.08398699 0.00886315 0.07099997
v -0.08398699 0.00886315 -0.00000000
v -0.08234483 0.00840026 0.07099997
v -0.08234483 0.00840026 -0.00000000
v -0.08064782 0.00822323 0.07099997
v -0.08064782 0.00822323 -0.00000000
v -0.07894545 0.00833726 0.07099997
v -0.07894545 0.00833726 -0.00000000
v -0.07728719 0.00873905 0.07099997
v -0.07728719 0.00873905 -0.00000000
v -0.07572144 0.00941688 0.07099997
v -0.07572144 0.00941688 -0.00000000
v -0.07429367 0.01035100 0.07099997
v -0.07429367 0.01035100 -0.00000000
v -0.07304549 0.01151424 0.07099997
v -0.07201325 0.01287275 -0.00000000
v -0.07304549 0.01151424 -0.00000000
v -0.07201325 0.01287275 0.07099997
v -0.07122695 0.01438701 0.07099997
v -0.07070952 0.01601284 -0.00000000
v -0.07122695 0.01438701 -0.00000000
v -0.07070952 0.01601284 0.07099997
v -0.05664438 0.04525101 0.07099997
v -0.04922229 0.05322980 0.07099997
v -0.04922229 0.05322980 -0.00000000
v -0.05664438 0.04525101 -0.00000000
v -0.06278681 0.03624999 0.07099997
v -0.06278681 0.03624999 -0.00000000
v -0.06751078 0.02642995 0.07099997
v -0.06751078 0.02642995 -0.00000000
v -0.07070952 0.01601284 0.07099997
v -0.07070952 0.01601284 -0.00000000
v -0.05427509 0.07041990 -0.00000000
v -0.05262619 0.06998139 0.07099997
v -0.05427509 0.07041990 0.07099997
v -0.05262619 0.06998139 -0.00000000
v -0.05107587 0.06926894 0.07099997
v -0.05107587 0.06926894 -0.00000000
v -0.04966926 0.06830328 0.07099997
v -0.04966926 0.06830328 -0.00000000
v -0.04844725 0.06711256 0.07099997
v -0.04844725 0.06711256 -0.00000000
v -0.04744541 0.06573140 0.07099997
v -0.04744541 0.06573140 -0.00000000
v -0.04669302 0.06420010 0.07099997
v -0.04669302 0.06420010 -0.00000000
v -0.04621183 0.06256318 0.07099997
v -0.04621183 0.06256318 -0.00000000
v -0.04601597 0.06086820 0.07099997
v -0.04601597 0.06086820 -0.00000000
v -0.04611104 0.05916470 0.07099997
v -0.04611104 0.05916470 -0.00000000
v -0.04649436 0.05750209 0.07099997
v -0.04649436 0.05750209 -0.00000000
v -0.04715478 0.05592888 0.07099997
v -0.04715478 0.05592888 -0.00000000
v -0.04807299 0.05449080 0.07099997
v -0.04807299 0.05449080 -0.00000000
v -0.04922229 0.05322980 0.07099997
v -0.04922229 0.05322980 -0.00000000
v -0.07206964 0.07355755 0.01499998
v -0.08335125 0.07554686 -0.00000000
v -0.05427509 0.07041990 -0.00000000
v -0.05673247 0.07085323 0.03999996
v -0.08335125 0.07554686 0.01499998
v -0.07206964 0.07355755 0.03999996
v -0.05673247 0.07085323 0.07099997
v -0.05427509 0.07041990 0.07099997
v -0.07070952 0.01601284 0.07099997
v -0.07122695 0.01438701 0.07099997
v -0.07201325 0.01287275 0.07099997
v -0.07070952 0.01601284 0.07099997
v -0.07201325 0.01287275 0.07099997
v -0.07304549 0.01151424 0.07099997
v -0.07070952 0.01601284 0.07099997
v -0.07304549 0.01151424 0.07099997
v -0.07429367 0.01035100 0.07099997
v -0.07429367 0.01035100 0.07099997
v -0.07572144 0.00941688 0.07099997
v -0.07894545 0.00833726 0.07099997
v -0.07572144 0.00941688 0.07099997
v -0.07728719 0.00873905 0.07099997
v -0.08064782 0.00822323 0.07099997
v -0.07894545 0.00833726 0.07099997
v -0.08398699 0.00886315 0.07099997
v -0.08064782 0.00822323 0.07099997
v -0.08234483 0.00840026 0.07099997
v -0.08552658 0.00959855 0.07099997
v -0.08398699 0.00886315 0.07099997
v -0.08812302 0.01179361 0.07099997
v -0.08691877 0.01058495 0.07099997
v -0.08972692 0.01370513 0.07099997
v -0.04649436 0.05750209 0.07099997
v -0.04715478 0.05592888 0.07099997
v -0.04807299 0.05449080 0.07099997
v -0.04601597 0.06086820 0.07099997
v -0.04611104 0.05916470 0.07099997
v -0.04649436 0.05750209 0.07099997
v -0.04807299 0.05449080 0.07099997
v -0.04621183 0.06256318 0.07099997
v -0.04601597 0.06086820 0.07099997
v -0.04807299 0.05449080 0.07099997
v -0.09180593 0.01786512 0.07099997
v -0.08972692 0.01370513 0.07099997
v -0.09063494 0.01497721 0.07099997
v -0.09180593 0.01786512 0.07099997
v -0.09063494 0.01497721 0.07099997
v -0.09133362 0.01637530 0.07099997
v -0.04669302 0.06420010 0.07099997
v -0.04621183 0.06256318 0.07099997
v -0.09177851 0.02251559 0.07099997
v -0.09204035 0.01941037 0.07099997
v -0.09177851 0.02251559 0.07099997
v -0.09204035 0.01941037 0.07099997
v -0.09203112 0.02097326 0.07099997
v -0.06751078 0.02642995 0.07099997
v -0.04844725 0.06711256 0.07099997
v -0.04669302 0.06420010 0.07099997
v -0.04744541 0.06573140 0.07099997
v -0.05262619 0.06998139 0.07099997
v -0.05107587 0.06926894 0.07099997
v -0.04966926 0.06830328 0.07099997
v -0.08768546 0.03523498 0.07099997
v -0.06278681 0.03624999 0.07099997
v -0.05427509 0.07041990 0.07099997
v -0.04922229 0.05322980 0.07099997
v -0.05673247 0.07085323 0.07099997
v -0.08183938 0.04724997 0.07099997
v -0.05984818 0.07090955 0.07099997
v -0.05828815 0.07100349 0.07099997
v -0.06137460 0.07057368 0.07099997
v -0.07435715 0.05832028 0.07099997
v -0.05664438 0.04525101 0.07099997
v -0.06417894 0.06921464 0.07099997
v -0.06283003 0.07000410 0.07099997
v -0.06538832 0.06822466 0.07099997
v -0.05828815 0.07100349 0.07099997
v -0.05673247 0.07085323 0.03999996
v -0.05673247 0.07085323 0.07099997
v -0.05828815 0.07100349 0.03999996
v -0.05984818 0.07090955 0.07099997
v -0.05984818 0.07090955 0.03999996
v -0.06137460 0.07057368 0.07099997
v -0.06137460 0.07057368 0.03999996
v -0.06283003 0.07000410 0.07099997
v -0.06283003 0.07000410 0.03999996
v -0.06417894 0.06921464 0.07099997
v -0.06417894 0.06921464 0.03999996
v -0.06538832 0.06822466 0.07099997
v -0.06538832 0.06822466 0.03999996
v -0.07435715 0.05832028 0.03999996
v -0.06538832 0.06822466 0.03999996
v -0.07435715 0.05832028 0.07099997
v -0.08183938 0.04724997 0.07099997
v -0.08183938 0.04724997 0.03999996
v -0.08768546 0.03523498 0.07099997
v -0.08768546 0.03523498 0.03999996
v -0.09177851 0.02251559 0.03999996
v -0.09177851 0.02251559 0.07099997
v -0.09203112 0.02097326 0.07099997
v -0.09177851 0.02251559 0.03999996
v -0.09177851 0.02251559 0.07099997
v -0.09203112 0.02097326 0.03999996
v -0.09204035 0.01941037 0.07099997
v -0.09204035 0.01941037 0.03999996
v -0.09180593 0.01786512 0.07099997
v -0.09180593 0.01786512 0.03999996
v -0.09133362 0.01637530 0.07099997
v -0.09133362 0.01637530 0.03999996
v -0.09063494 0.01497721 0.07099997
v -0.08972692 0.01370513 0.03999996
v -0.09063494 0.01497721 0.03999996
v -0.08972692 0.01370513 0.07099997
v -0.07378280 0.07370948 0.03999996
v -0.07378280 0.07370948 0.01499998
v -0.07549673 0.07356554 0.03999996
v -0.07549673 0.07356554 0.01499998
v -0.07716059 0.07313013 0.03999996
v -0.07716059 0.07313013 0.01499998
v -0.07872521 0.07241594 0.03999996
v -0.07872521 0.07241594 0.01499998
v -0.08014434 0.07144427 0.03999996
v -0.08014434 0.07144427 0.01499998
v -0.08137595 0.07024383 0.03999996
v -0.08137595 0.07024383 0.01499998
v -0.08137595 0.07024383 0.03999996
v -0.08953875 0.05948996 0.01499998
v -0.08137595 0.07024383 0.01499998
v -0.08953875 0.05948996 0.03999996
v -0.09628921 0.04779779 0.03999996
v -0.09628921 0.04779779 0.01499998
v -0.10152090 0.03535175 0.03999996
v -0.10152090 0.03535175 0.01499998
v -0.10194480 0.03368484 0.03999996
v -0.10152090 0.03535175 0.01499998
v -0.10152090 0.03535175 0.03999996
v -0.10194480 0.03368484 0.01499998
v -0.10207670 0.03197002 0.03999996
v -0.10207670 0.03197002 0.01499998
v -0.10191280 0.03025794 0.03999996
v -0.10191280 0.03025794 0.01499998
v -0.10145800 0.02859926 0.03999996
v -0.10145800 0.02859926 0.01499998
v -0.10072570 0.02704304 0.03999996
v -0.10072570 0.02704304 0.01499998
v -0.09973758 0.02563530 0.03999996
v -0.08768546 0.03523498 0.03999996
v -0.09177851 0.02251559 0.03999996
v -0.09133362 0.01637530 0.03999996
v -0.09063494 0.01497721 0.03999996
v -0.09180593 0.01786512 0.03999996
v -0.09204035 0.01941037 0.03999996
v -0.09203112 0.02097326 0.03999996
v -0.10072570 0.02704304 0.03999996
v -0.10145800 0.02859926 0.03999996
v -0.10191280 0.03025794 0.03999996
v -0.10207670 0.03197002 0.03999996
v -0.10194480 0.03368484 0.03999996
v -0.10152090 0.03535175 0.03999996
v -0.09628921 0.04779779 0.03999996
v -0.08183938 0.04724997 0.03999996
v -0.07206964 0.07355755 0.03999996
v -0.06417894 0.06921464 0.03999996
v -0.06538832 0.06822466 0.03999996
v -0.06283003 0.07000410 0.03999996
v -0.06137460 0.07057368 0.03999996
v -0.05984818 0.07090955 0.03999996
v -0.05828815 0.07100349 0.03999996
v -0.07435715 0.05832028 0.03999996
v -0.07378280 0.07370948 0.03999996
v -0.08953875 0.05948996 0.03999996
v -0.07549673 0.07356554 0.03999996
v -0.07716059 0.07313013 0.03999996
v -0.07872521 0.07241594 0.03999996
v -0.08014434 0.07144427 0.03999996
v -0.08137595 0.07024383 0.03999996
v -0.05673247 0.07085323 0.03999996
v -0.08972692 0.01370513 0.03999996
v -0.08812302 -0.01179361 0.00000000
v -0.08691877 -0.01058495 0.07099997
v -0.08812302 -0.01179361 0.07099997
v -0.08691877 -0.01058495 0.00000000
v -0.08552658 -0.00959855 0.07099997
v -0.08552658 -0.00959855 0.00000000
v -0.08398699 -0.00886315 0.07099997
v -0.08398699 -0.00886315 0.00000000
v -0.08234483 -0.00840026 0.07099997
v -0.08234483 -0.00840026 0.00000000
v -0.08064782 -0.00822323 0.07099997
v -0.08064782 -0.00822323 0.00000000
v -0.07894545 -0.00833726 0.07099997
v -0.07894545 -0.00833726 0.00000000
v -0.07728719 -0.00873905 0.07099997
v -0.07728719 -0.00873905 0.00000000
v -0.07572144 -0.00941688 0.07099997
v -0.07572144 -0.00941688 0.00000000
v -0.07429367 -0.01035100 0.07099997
v -0.07429367 -0.01035100 0.00000000
v -0.07304549 -0.01151424 0.07099997
v -0.07304549 -0.01151424 0.00000000
v -0.07201325 -0.01287275 0.07099997
v -0.07201325 -0.01287275 0.00000000
v -0.07122695 -0.01438701 0.07099997
v -0.07122695 -0.01438701 0.00000000
v -0.07070952 -0.01601284 0.07099997
v -0.07070952 -0.01601284 0.00000000
v -0.08972692 -0.01370513 0.07099997
v -0.09063494 -0.01497721 0.03999996
v -0.08972692 -0.01370513 0.03999996
v -0.09063494 -0.01497721 0.07099997
v -0.09133362 -0.01637530 0.03999996
v -0.09133362 -0.01637530 0.07099997
v -0.09180593 -0.01786512 0.03999996
v -0.09180593 -0.01786512 0.07099997
v -0.09204035 -0.01941037 0.03999996
v -0.09204035 -0.01941037 0.07099997
v -0.09203112 -0.02097326 0.03999996
v -0.09203112 -0.02097326 0.07099997
v -0.09177851 -0.02251559 0.03999996
v -0.09177851 -0.02251559 0.07099997
v -0.09973758 -0.02563530 0.01499998
v -0.10710110 -0.03441083 0.00000000
v -0.08812302 -0.01179361 0.00000000
v -0.08972692 -0.01370513 0.03999996
v -0.10710110 -0.03441083 0.01499998
v -0.09973758 -0.02563530 0.03999996
v -0.08972692 -0.01370513 0.07099997
v -0.08812302 -0.01179361 0.07099997
v -0.06417894 -0.06921464 0.07099997
v -0.06538832 -0.06822466 0.03999996
v -0.06538832 -0.06822466 0.07099997
v -0.06417894 -0.06921464 0.03999996
v -0.06283003 -0.07000410 0.07099997
v -0.06283003 -0.07000410 0.03999996
v -0.06137460 -0.07057368 0.07099997
v -0.06137460 -0.07057368 0.03999996
v -0.05984818 -0.07090955 0.07099997
v -0.05984818 -0.07090955 0.03999996
v -0.05828815 -0.07100349 0.07099997
v -0.05673247 -0.07085323 0.03999996
v -0.05828815 -0.07100349 0.03999996
v -0.05673247 -0.07085323 0.07099997
v -0.09177851 -0.02251559 0.07099997
v -0.08768546 -0.03523498 0.03999996
v -0.09177851 -0.02251559 0.03999996
v -0.08768546 -0.03523498 0.07099997
v -0.08183938 -0.04724997 0.03999996
v -0.08183938 -0.04724997 0.07099997
v -0.07435715 -0.05832028 0.03999996
v -0.07435715 -0.05832028 0.07099997
v -0.06538832 -0.06822466 0.07099997
v -0.10072570 -0.02704304 0.01499998
v -0.10072570 -0.02704304 0.03999996
v -0.10145800 -0.02859926 0.01499998
v -0.10145800 -0.02859926 0.03999996
v -0.10191280 -0.03025794 0.03999996
v -0.10191280 -0.03025794 0.01499998
v -0.10207670 -0.03197002 0.03999996
v -0.10207670 -0.03197002 0.01499998
v -0.10194480 -0.03368484 0.03999996
v -0.10152090 -0.03535175 0.01499998
v -0.10194480 -0.03368484 0.01499998
v -0.10152090 -0.03535175 0.03999996
v -0.07206964 -0.07355755 0.03999996
v -0.05828815 -0.07100349 0.03999996
v -0.05673247 -0.07085323 0.03999996
v -0.05984818 -0.07090955 0.03999996
v -0.06137460 -0.07057368 0.03999996
v -0.06283003 -0.07000410 0.03999996
v -0.06417894 -0.06921464 0.03999996
v -0.06538832 -0.06822466 0.03999996
v -0.07435715 -0.05832028 0.03999996
v -0.07378280 -0.07370948 0.03999996
v -0.07549673 -0.07356554 0.03999996
v -0.07716059 -0.07313013 0.03999996
v -0.07872521 -0.07241594 0.03999996
v -0.08014434 -0.07144427 0.03999996
v -0.08137595 -0.07024383 0.03999996
v -0.08953875 -0.05948996 0.03999996
v -0.08183938 -0.04724997 0.03999996
v -0.09628921 -0.04779779 0.03999996
v -0.08768546 -0.03523498 0.03999996
v -0.10152090 -0.03535175 0.03999996
v -0.10194480 -0.03368484 0.03999996
v -0.10207670 -0.03197002 0.03999996
v -0.10191280 -0.03025794 0.03999996
v -0.10145800 -0.02859926 0.03999996
v -0.10072570 -0.02704304 0.03999996
v -0.09973758 -0.02563530 0.03999996
v -0.09203112 -0.02097326 0.03999996
v -0.09177851 -0.02251559 0.03999996
v -0.09204035 -0.01941037 0.03999996
v -0.09180593 -0.01786512 0.03999996
v -0.09133362 -0.01637530 0.03999996
v -0.09063494 -0.01497721 0.03999996
v -0.09973758 -0.02563530 0.03999996
v -0.08972692 -0.01370513 0.03999996
v -0.09063494 -0.01497721 0.03999996
v -0.08137595 -0.07024383 0.03999996
v -0.08014434 -0.07144427 0.01499998
v -0.08137595 -0.07024383 0.01499998
v -0.08014434 -0.07144427 0.03999996
v -0.07872521 -0.07241594 0.01499998
v -0.07872521 -0.07241594 0.03999996
v -0.07716059 -0.07313013 0.01499998
v -0.07716059 -0.07313013 0.03999996
v -0.07549673 -0.07356554 0.01499998
v -0.07549673 -0.07356554 0.03999996
v -0.07378280 -0.07370948 0.01499998
v -0.07378280 -0.07370948 0.03999996
v -0.10710110 -0.03441083 0.01499998
v -0.10800370 -0.03567397 0.00000000
v -0.10710110 -0.03441083 0.00000000
v -0.10800370 -0.03567397 0.01499998
v -0.10869990 -0.03706157 0.00000000
v -0.10869990 -0.03706157 0.01499998
v -0.10917290 -0.03854018 0.00000000
v -0.10917290 -0.03854018 0.01499998
v -0.10941140 -0.04007422 0.01499998
v -0.10941140 -0.04007422 0.00000000
v -0.10940960 -0.04162669 0.01499998
v -0.10940960 -0.04162669 0.00000000
v -0.10916750 -0.04316014 0.01499998
v -0.10916750 -0.04316014 0.00000000
v -0.10869090 -0.04463768 0.01499998
v -0.10869090 -0.04463768 0.00000000
v -0.10427820 -0.05415064 0.01499998
v -0.10427820 -0.05415064 0.00000000
v -0.10869090 -0.04463768 0.01499998
v -0.09903496 -0.06323230 0.01499998
v -0.09903496 -0.06323230 0.00000000
v -0.09300285 -0.07181024 0.00000000
v -0.09300285 -0.07181024 0.01499998
v -0.03384786 -0.08221358 0.00000000
v -0.03429251 -0.08056634 0.07099997
v -0.03384786 -0.08221358 0.07099997
v -0.03429251 -0.08056634 0.00000000
v -0.03445065 -0.07886749 0.07099997
v -0.03445065 -0.07886749 0.00000000
v -0.03431773 -0.07716649 0.07099997
v -0.03431773 -0.07716649 0.00000000
v -0.03389751 -0.07551282 0.07099997
v -0.03389751 -0.07551282 0.00000000
v -0.03320235 -0.07395470 0.07099997
v -0.03320235 -0.07395470 0.00000000
v -0.03225243 -0.07253736 0.07099997
v -0.03225243 -0.07253736 0.00000000
v -0.03107535 -0.07130223 0.07099997
v -0.03107535 -0.07130223 0.00000000
v -0.02970546 -0.07028514 0.00000000
v -0.02970546 -0.07028514 0.07099997
v -0.02818256 -0.06951570 0.07099997
v -0.02818256 -0.06951570 0.00000000
v -0.02655106 -0.06901639 0.00000000
v -0.02655106 -0.06901639 0.07099997
v -0.02485841 -0.06880170 0.00000000
v -0.02485841 -0.06880170 0.07099997
v -0.02315396 -0.06887787 0.07099997
v -0.02315396 -0.06887787 0.00000000
v -0.02148717 -0.06924265 0.00000000
v -0.02148717 -0.06924265 0.07099997
v -0.03234678 -0.08598077 0.07099997
v -0.03299444 -0.08455836 0.03999996
v -0.03299444 -0.08455836 0.07099997
v -0.03234678 -0.08598077 0.03999996
v -0.03148537 -0.08728486 0.07099997
v -0.03043127 -0.08843880 0.03999996
v -0.03148537 -0.08728486 0.03999996
v -0.03043127 -0.08843880 0.07099997
v -0.02921026 -0.08941447 0.03999996
v -0.02921026 -0.08941447 0.07099997
v -0.02785217 -0.09018790 0.03999996
v -0.02785217 -0.09018790 0.07099997
v -0.02639013 -0.09074032 0.03999996
v -0.02639013 -0.09074032 0.07099997
v -0.02766788 -0.09919291 0.01499998
v -0.02374982 -0.10995770 0.00000000
v -0.03384786 -0.08221358 0.00000000
v -0.03299444 -0.08455836 0.03999996
v -0.02374982 -0.10995770 0.01499998
v -0.02766788 -0.09919291 0.03999996
v -0.03299444 -0.08455836 0.07099997
v -0.03384786 -0.08221358 0.07099997
v 0.02785217 -0.09018790 0.07099997
v 0.02639013 -0.09074032 0.03999996
v 0.02639013 -0.09074032 0.07099997
v 0.02921026 -0.08941447 0.03999996
v 0.02785217 -0.09018790 0.03999996
v 0.02921026 -0.08941447 0.07099997
v 0.03043127 -0.08843880 0.03999996
v 0.03043127 -0.08843880 0.07099997
v 0.03148537 -0.08728486 0.03999996
v 0.03148537 -0.08728486 0.07099997
v 0.03234678 -0.08598077 0.03999996
v 0.03234678 -0.08598077 0.07099997
v 0.03299444 -0.08455836 0.03999996
v 0.03299444 -0.08455836 0.07099997
v -0.01332825 -0.09355533 0.07099997
v -0.01332825 -0.09355533 0.03999996
v -0.02639013 -0.09074032 0.03999996
v -0.02639013 -0.09074032 0.07099997
v 0.00000000 -0.09450000 0.07099997
v 0.00000000 -0.09450000 0.03999996
v 0.01332825 -0.09355533 0.07099997
v 0.01332825 -0.09355533 0.03999996
v 0.02639013 -0.09074032 0.07099997
v 0.02639013 -0.09074032 0.03999996
v -0.02694284 -0.10075250 0.03999996
v -0.02694284 -0.10075250 0.01499998
v -0.02596127 -0.10216490 0.03999996
v -0.02596127 -0.10216490 0.01499998
v -0.02475219 -0.10338810 0.03999996
v -0.02335143 -0.10438600 0.01499998
v -0.02475219 -0.10338810 0.01499998
v -0.02335143 -0.10438600 0.03999996
v -0.02180039 -0.10512920 0.03999996
v -0.02180039 -0.10512920 0.01499998
v -0.02014493 -0.10559560 0.03999996
v -0.02014493 -0.10559560 0.01499998
v 0.02180039 -0.10512920 0.03999996
v 0.02014493 -0.10559560 0.01499998
v 0.02014493 -0.10559560 0.03999996
v 0.02180039 -0.10512920 0.01499998
v 0.02335143 -0.10438600 0.03999996
v 0.02335143 -0.10438600 0.01499998
v 0.02475219 -0.10338810 0.03999996
v 0.02475219 -0.10338810 0.01499998
v 0.02596127 -0.10216490 0.03999996
v 0.02694284 -0.10075250 0.01499998
v 0.02596127 -0.10216490 0.01499998
v 0.02694284 -0.10075250 0.03999996
v -0.00675046 -0.10728780 0.03999996
v -0.00675046 -0.10728780 0.01499998
v -0.02014493 -0.10559560 0.01499998
v -0.02014493 -0.10559560 0.03999996
v 0.00675046 -0.10728780 0.03999996
v 0.00675046 -0.10728780 0.01499998
v 0.02014493 -0.10559560 0.01499998
v 0.02014493 -0.10559560 0.03999996
v -0.02310723 -0.11137090 0.01499998
v -0.02310723 -0.11137090 0.00000000
v -0.02374982 -0.10995770 0.00000000
v -0.02374982 -0.10995770 0.01499998
v -0.02225363 -0.11266760 0.01499998
v -0.02225363 -0.11266760 0.00000000
v -0.02120959 -0.11381660 0.01499998
v -0.02120959 -0.11381660 0.00000000
v -0.02000033 -0.11479020 0.01499998
v -0.01865494 -0.11556480 0.00000000
v -0.02000033 -0.11479020 0.00000000
v -0.01865494 -0.11556480 0.01499998
v -0.01720589 -0.11612190 0.01499998
v -0.01720589 -0.11612190 0.00000000
v -0.01568806 -0.11644790 0.01499998
v -0.01568806 -0.11644790 0.00000000
v 0.02596127 -0.10216490 0.01499998
v 0.02374982 -0.10995770 0.01499998
v 0.02475219 -0.10338810 0.01499998
v 0.02335143 -0.10438600 0.01499998
v 0.02694284 -0.10075250 0.01499998
v 0.02180039 -0.10512920 0.01499998
v 0.02014493 -0.10559560 0.01499998
v 0.02310723 -0.11137090 0.01499998
v 0.02225363 -0.11266760 0.01499998
v 0.02120959 -0.11381660 0.01499998
v 0.02000033 -0.11479020 0.01499998
v 0.01865494 -0.11556480 0.01499998
v 0.01720589 -0.11612190 0.01499998
v 0.01568806 -0.11644790 0.01499998
v 0.00675046 -0.10728780 0.01499998
v 0.00524324 -0.11738300 0.01499998
v -0.00524324 -0.11738300 0.01499998
v -0.00675046 -0.10728780 0.01499998
v -0.01568806 -0.11644790 0.01499998
v -0.02014493 -0.10559560 0.01499998
v -0.01720589 -0.11612190 0.01499998
v -0.01865494 -0.11556480 0.01499998
v -0.02000033 -0.11479020 0.01499998
v -0.02120959 -0.11381660 0.01499998
v -0.02225363 -0.11266760 0.01499998
v -0.02310723 -0.11137090 0.01499998
v -0.02374982 -0.10995770 0.01499998
v -0.02180039 -0.10512920 0.01499998
v -0.02335143 -0.10438600 0.01499998
v -0.02475219 -0.10338810 0.01499998
v -0.02596127 -0.10216490 0.01499998
v -0.02694284 -0.10075250 0.01499998
v -0.02766788 -0.09919291 0.01499998
v 0.02766788 -0.09919291 0.01499998
v 0.05262619 -0.06998139 0.00000000
v 0.05427509 -0.07041990 0.07099997
v 0.05427509 -0.07041990 0.00000000
v 0.05262619 -0.06998139 0.07099997
v 0.05107587 -0.06926894 0.00000000
v 0.05107587 -0.06926894 0.07099997
v 0.04966926 -0.06830328 0.00000000
v 0.04966926 -0.06830328 0.07099997
v 0.04844725 -0.06711256 0.00000000
v 0.04844725 -0.06711256 0.07099997
v 0.04744541 -0.06573140 0.00000000
v 0.04744541 -0.06573140 0.07099997
v 0.04669302 -0.06420010 0.00000000
v 0.04669302 -0.06420010 0.07099997
v 0.04621183 -0.06256318 0.00000000
v 0.04621183 -0.06256318 0.07099997
v 0.04601597 -0.06086820 0.00000000
v 0.04601597 -0.06086820 0.07099997
v 0.04611104 -0.05916470 0.00000000
v 0.04611104 -0.05916470 0.07099997
v 0.04649436 -0.05750209 0.00000000
v 0.04649436 -0.05750209 0.07099997
v 0.04715478 -0.05592888 0.00000000
v 0.04715478 -0.05592888 0.07099997
v 0.04807299 -0.05449080 0.00000000
v 0.04807299 -0.05449080 0.07099997
v 0.04922229 -0.05322980 0.00000000
v 0.04922229 -0.05322980 0.07099997
v 0.05673247 -0.07085323 0.07099997
v 0.05828815 -0.07100349 0.03999996
v 0.05673247 -0.07085323 0.03999996
v 0.05828815 -0.07100349 0.07099997
v 0.05984818 -0.07090955 0.03999996
v 0.05984818 -0.07090955 0.07099997
v 0.06137460 -0.07057368 0.07099997
v 0.06137460 -0.07057368 0.03999996
v 0.06283003 -0.07000410 0.07099997
v 0.06283003 -0.07000410 0.03999996
v 0.06417894 -0.06921464 0.07099997
v 0.06417894 -0.06921464 0.03999996
v 0.06538832 -0.06822466 0.07099997
v 0.06538832 -0.06822466 0.03999996
v 0.07206964 -0.07355755 0.01499998
v 0.08335125 -0.07554686 0.00000000
v 0.05427509 -0.07041990 0.00000000
v 0.05673247 -0.07085323 0.03999996
v 0.08335125 -0.07554686 0.01499998
v 0.07206964 -0.07355755 0.03999996
v 0.05673247 -0.07085323 0.07099997
v 0.05427509 -0.07041990 0.07099997
v 0.09177851 -0.02251559 0.07099997
v 0.09203112 -0.02097326 0.03999996
v 0.09177851 -0.02251559 0.03999996
v 0.09203112 -0.02097326 0.07099997
v 0.09204035 -0.01941037 0.03999996
v 0.09204035 -0.01941037 0.07099997
v 0.09180593 -0.01786512 0.03999996
v 0.09180593 -0.01786512 0.07099997
v 0.09133362 -0.01637530 0.03999996
v 0.09133362 -0.01637530 0.07099997
v 0.09063494 -0.01497721 0.03999996
v 0.09063494 -0.01497721 0.07099997
v 0.08972692 -0.01370513 0.03999996
v 0.08972692 -0.01370513 0.07099997
v 0.07435715 -0.05832028 0.03999996
v 0.06538832 -0.06822466 0.03999996
v 0.07435715 -0.05832028 0.07099997
v 0.08183938 -0.04724997 0.03999996
v 0.08183938 -0.04724997 0.07099997
v 0.08768546 -0.03523498 0.03999996
v 0.08768546 -0.03523498 0.07099997
v 0.09177851 -0.02251559 0.03999996
v 0.09177851 -0.02251559 0.07099997
v 0.07378280 -0.07370948 0.01499998
v 0.07378280 -0.07370948 0.03999996
v 0.07549673 -0.07356554 0.01499998
v 0.07549673 -0.07356554 0.03999996
v 0.07716059 -0.07313013 0.01499998
v 0.07716059 -0.07313013 0.03999996
v 0.07872521 -0.07241594 0.01499998
v 0.07872521 -0.07241594 0.03999996
v 0.08014434 -0.07144427 0.01499998
v 0.08014434 -0.07144427 0.03999996
v 0.08137595 -0.07024383 0.01499998
v 0.08137595 -0.07024383 0.03999996
v 0.10152090 -0.03535175 0.03999996
v 0.10194480 -0.03368484 0.01499998
v 0.10152090 -0.03535175 0.01499998
v 0.10194480 -0.03368484 0.03999996
v 0.10207670 -0.03197002 0.01499998
v 0.10207670 -0.03197002 0.03999996
v 0.10191280 -0.03025794 0.01499998
v 0.10191280 -0.03025794 0.03999996
v 0.10145800 -0.02859926 0.01499998
v 0.10145800 -0.02859926 0.03999996
v 0.10072570 -0.02704304 0.01499998
v 0.10072570 -0.02704304 0.03999996
v 0.08137595 -0.07024383 0.03999996
v 0.08953875 -0.05948996 0.01499998
v 0.08137595 -0.07024383 0.01499998
v 0.08953875 -0.05948996 0.03999996
v 0.09628921 -0.04779779 0.01499998
v 0.09628921 -0.04779779 0.03999996
v 0.10152090 -0.03535175 0.01499998
v 0.10152090 -0.03535175 0.03999996
v 0.08489638 -0.07569694 0.01499998
v 0.08644622 -0.07560604 0.00000000
v 0.08489638 -0.07569694 0.00000000
v 0.08335125 -0.07554686 0.00000000
v 0.08335125 -0.07554686 0.01499998
v 0.08644622 -0.07560604 0.01499998
v 0.08796328 -0.07527637 0.01499998
v 0.08796328 -0.07527637 0.00000000
v 0.08941102 -0.07471591 0.01499998
v 0.08941102 -0.07471591 0.00000000
v 0.09075456 -0.07393807 0.01499998
v 0.09075456 -0.07393807 0.00000000
v 0.09196156 -0.07296168 0.01499998
v 0.09300285 -0.07181024 0.00000000
v 0.09196156 -0.07296168 0.00000000
v 0.09300285 -0.07181024 0.01499998
v 0.08137595 -0.07024383 0.01499998
v 0.09300285 -0.07181024 0.01499998
v 0.09196156 -0.07296168 0.01499998
v 0.09075456 -0.07393807 0.01499998
v 0.08941102 -0.07471591 0.01499998
v 0.08796328 -0.07527637 0.01499998
v 0.08644622 -0.07560604 0.01499998
v 0.08489638 -0.07569694 0.01499998
v 0.08335125 -0.07554686 0.01499998
v 0.08014434 -0.07144427 0.01499998
v 0.07872521 -0.07241594 0.01499998
v 0.07716059 -0.07313013 0.01499998
v 0.07549673 -0.07356554 0.01499998
v 0.08953875 -0.05948996 0.01499998
v 0.09903496 -0.06323230 0.01499998
v 0.07378280 -0.07370948 0.01499998
v 0.07206964 -0.07355755 0.01499998
v 0.09628921 -0.04779779 0.01499998
v 0.10427820 -0.05415064 0.01499998
v 0.10869090 -0.04463768 0.01499998
v 0.10152090 -0.03535175 0.01499998
v 0.10710110 -0.03441083 0.01499998
v 0.10800370 -0.03567397 0.01499998
v 0.10869990 -0.03706157 0.01499998
v 0.10917290 -0.03854018 0.01499998
v 0.10941140 -0.04007422 0.01499998
v 0.10940960 -0.04162669 0.01499998
v 0.10916750 -0.04316014 0.01499998
v 0.10194480 -0.03368484 0.01499998
v 0.10207670 -0.03197002 0.01499998
v 0.10191280 -0.03025794 0.01499998
v 0.10145800 -0.02859926 0.01499998
v 0.10072570 -0.02704304 0.01499998
v 0.09973758 -0.02563530 0.01499998
v 0.08812302 0.01179361 -0.00000000
v 0.08691877 0.01058495 0.07099997
v 0.08812302 0.01179361 0.07099997
v 0.08691877 0.01058495 -0.00000000
v 0.08552658 0.00959855 0.07099997
v 0.08552658 0.00959855 -0.00000000
v 0.08398699 0.00886315 0.07099997
v 0.08398699 0.00886315 -0.00000000
v 0.08234483 0.00840026 0.07099997
v 0.08234483 0.00840026 -0.00000000
v 0.08064782 0.00822323 0.07099997
v 0.08064782 0.00822323 -0.00000000
v 0.07894545 0.00833726 0.07099997
v 0.07894545 0.00833726 -0.00000000
v 0.07728719 0.00873905 0.07099997
v 0.07728719 0.00873905 -0.00000000
v 0.07572144 0.00941688 0.07099997
v 0.07572144 0.00941688 -0.00000000
v 0.07429367 0.01035100 0.07099997
v 0.07429367 0.01035100 -0.00000000
v 0.07304549 0.01151424 0.07099997
v 0.07304549 0.01151424 -0.00000000
v 0.07201325 0.01287275 0.07099997
v 0.07201325 0.01287275 -0.00000000
v 0.07122695 0.01438701 0.07099997
v 0.07122695 0.01438701 -0.00000000
v 0.07070952 0.01601284 0.07099997
v 0.07070952 0.01601284 -0.00000000
v 0.08972692 0.01370513 0.07099997
v 0.09063494 0.01497721 0.03999996
v 0.08972692 0.01370513 0.03999996
v 0.09063494 0.01497721 0.07099997
v 0.09133362 0.01637530 0.03999996
v 0.09133362 0.01637530 0.07099997
v 0.09180593 0.01786512 0.03999996
v 0.09180593 0.01786512 0.07099997
v 0.09204035 0.01941037 0.03999996
v 0.09204035 0.01941037 0.07099997
v 0.09203112 0.02097326 0.03999996
v 0.09203112 0.02097326 0.07099997
v 0.09177851 0.02251559 0.03999996
v 0.09177851 0.02251559 0.07099997
v 0.09973758 0.02563530 0.01499998
v 0.10710110 0.03441083 -0.00000000
v 0.08812302 0.01179361 -0.00000000
v 0.08972692 0.01370513 0.03999996
v 0.10710110 0.03441083 0.01499998
v 0.09973758 0.02563530 0.03999996
v 0.08972692 0.01370513 0.07099997
v 0.08812302 0.01179361 0.07099997
v 0.06538832 0.06822466 0.07099997
v 0.06417894 0.06921464 0.03999996
v 0.06538832 0.06822466 0.03999996
v 0.06417894 0.06921464 0.07099997
v 0.06283003 0.07000410 0.03999996
v 0.06283003 0.07000410 0.07099997
v 0.06137460 0.07057368 0.03999996
v 0.06137460 0.07057368 0.07099997
v 0.05984818 0.07090955 0.03999996
v 0.05984818 0.07090955 0.07099997
v 0.05828815 0.07100349 0.03999996
v 0.05828815 0.07100349 0.07099997
v 0.05673247 0.07085323 0.03999996
v 0.05673247 0.07085323 0.07099997
v 0.09177851 0.02251559 0.07099997
v 0.08768546 0.03523498 0.03999996
v 0.09177851 0.02251559 0.03999996
v 0.08768546 0.03523498 0.07099997
v 0.08183938 0.04724997 0.03999996
v 0.08183938 0.04724997 0.07099997
v 0.07435715 0.05832028 0.03999996
v 0.07435715 0.05832028 0.07099997
v 0.06538832 0.06822466 0.03999996
v 0.10072570 0.02704304 0.01499998
v 0.10072570 0.02704304 0.03999996
v 0.10145800 0.02859926 0.01499998
v 0.10145800 0.02859926 0.03999996
v 0.10191280 0.03025794 0.01499998
v 0.10191280 0.03025794 0.03999996
v 0.10207670 0.03197002 0.01499998
v 0.10207670 0.03197002 0.03999996
v 0.10194480 0.03368484 0.01499998
v 0.10194480 0.03368484 0.03999996
v 0.10152090 0.03535175 0.01499998
v 0.10152090 0.03535175 0.03999996
v 0.08014434 0.07144427 0.03999996
v 0.08137595 0.07024383 0.01499998
v 0.08137595 0.07024383 0.03999996
v 0.08014434 0.07144427 0.01499998
v 0.07872521 0.07241594 0.03999996
v 0.07872521 0.07241594 0.01499998
v 0.07716059 0.07313013 0.03999996
v 0.07716059 0.07313013 0.01499998
v 0.07549673 0.07356554 0.03999996
v 0.07378280 0.07370948 0.01499998
v 0.07549673 0.07356554 0.01499998
v 0.07378280 0.07370948 0.03999996
v 0.10152090 0.03535175 0.03999996
v 0.09628921 0.04779779 0.01499998
v 0.10152090 0.03535175 0.01499998
v 0.09628921 0.04779779 0.03999996
v 0.08953875 0.05948996 0.03999996
v 0.08953875 0.05948996 0.01499998
v 0.08137595 0.07024383 0.03999996
v 0.08137595 0.07024383 0.01499998
v 0.10800370 0.03567397 0.01499998
v 0.10800370 0.03567397 -0.00000000
v 0.10710110 0.03441083 -0.00000000
v 0.10710110 0.03441083 0.01499998
v 0.10869990 0.03706157 0.01499998
v 0.10917290 0.03854018 -0.00000000
v 0.10869990 0.03706157 -0.00000000
v 0.10917290 0.03854018 0.01499998
v 0.10941140 0.04007422 -0.00000000
v 0.10941140 0.04007422 0.01499998
v 0.10940960 0.04162669 -0.00000000
v 0.10940960 0.04162669 0.01499998
v 0.10916750 0.04316014 -0.00000000
v 0.10916750 0.04316014 0.01499998
v 0.10869090 0.04463768 -0.00000000
v 0.10869090 0.04463768 0.01499998
v 0.10710110 0.03441083 0.01499998
v 0.10072570 0.02704304 0.01499998
v 0.10145800 0.02859926 0.01499998
v 0.10191280 0.03025794 0.01499998
v 0.10207670 0.03197002 0.01499998
v 0.10194480 0.03368484 0.01499998
v 0.10152090 0.03535175 0.01499998
v 0.10940960 0.04162669 0.01499998
v 0.10941140 0.04007422 0.01499998
v 0.10917290 0.03854018 0.01499998
v 0.10869990 0.03706157 0.01499998
v 0.10800370 0.03567397 0.01499998
v 0.10916750 0.04316014 0.01499998
v 0.10869090 0.04463768 0.01499998
v 0.09628921 0.04779779 0.01499998
v 0.10427820 0.05415064 0.01499998
v 0.09903496 0.06323230 0.01499998
v 0.08953875 0.05948996 0.01499998
v 0.09300285 0.07181024 0.01499998
v 0.08137595 0.07024383 0.01499998
v 0.08796328 0.07527637 0.01499998
v 0.08941102 0.07471591 0.01499998
v 0.09075456 0.07393807 0.01499998
v 0.09196156 0.07296168 0.01499998
v 0.08644622 0.07560604 0.01499998
v 0.08489638 0.07569694 0.01499998
v 0.08335125 0.07554686 0.01499998
v 0.08014434 0.07144427 0.01499998
v 0.07872521 0.07241594 0.01499998
v 0.07716059 0.07313013 0.01499998
v 0.07549673 0.07356554 0.01499998
v 0.07378280 0.07370948 0.01499998
v 0.09973758 0.02563530 0.01499998
v 0.07206964 0.07355755 0.01499998
v 0.02639013 -0.09074032 0.07099997
v 0.03299444 -0.08455836 0.07099997
v 0.03234678 -0.08598077 0.07099997
v 0.03148537 -0.08728486 0.07099997
v 0.02639013 -0.09074032 0.07099997
v 0.03043127 -0.08843880 0.07099997
v 0.03043127 -0.08843880 0.07099997
v 0.02921026 -0.08941447 0.07099997
v 0.02921026 -0.08941447 0.07099997
v 0.02785217 -0.09018790 0.07099997
v 0.03320235 -0.07395470 0.07099997
v 0.03389751 -0.07551282 0.07099997
v 0.03431773 -0.07716649 0.07099997
v 0.03225243 -0.07253736 0.07099997
v 0.03445065 -0.07886749 0.07099997
v 0.03225243 -0.07253736 0.07099997
v 0.03320235 -0.07395470 0.07099997
v 0.03431773 -0.07716649 0.07099997
v 0.02970546 -0.07028514 0.07099997
v 0.03107535 -0.07130223 0.07099997
v 0.02818256 -0.06951570 0.07099997
v 0.02655106 -0.06901639 0.07099997
v 0.02818256 -0.06951570 0.07099997
v 0.02148717 -0.06924265 0.07099997
v 0.02315396 -0.06887787 0.07099997
v 0.02485841 -0.06880170 0.07099997
v 0.03429251 -0.08056634 0.07099997
v 0.03384786 -0.08221358 0.07099997
v 0.02655106 -0.06901639 0.07099997
v 0.01086634 -0.07168102 0.07099997
v 0.01332825 -0.09355533 0.07099997
v 0.00000000 -0.07249999 0.07099997
v 0.00000000 -0.09450000 0.07099997
v -0.01332825 -0.09355533 0.07099997
v -0.01086634 -0.07168102 0.07099997
v -0.02639013 -0.09074032 0.07099997
v -0.02921026 -0.08941447 0.07099997
v -0.02785217 -0.09018790 0.07099997
v -0.03148537 -0.08728486 0.07099997
v -0.02921026 -0.08941447 0.07099997
v -0.03043127 -0.08843880 0.07099997
v -0.03234678 -0.08598077 0.07099997
v -0.03148537 -0.08728486 0.07099997
v -0.03299444 -0.08455836 0.07099997
v -0.02148717 -0.06924265 0.07099997
v -0.03384786 -0.08221358 0.07099997
v -0.03389751 -0.07551282 0.07099997
v -0.03429251 -0.08056634 0.07099997
v -0.03445065 -0.07886749 0.07099997
v -0.03389751 -0.07551282 0.07099997
v -0.03445065 -0.07886749 0.07099997
v -0.03431773 -0.07716649 0.07099997
v -0.02818256 -0.06951570 0.07099997
v -0.02655106 -0.06901639 0.07099997
v -0.02485841 -0.06880170 0.07099997
v -0.02315396 -0.06887787 0.07099997
v -0.03320235 -0.07395470 0.07099997
v -0.03384786 -0.08221358 0.07099997
v -0.02970546 -0.07028514 0.07099997
v -0.03107535 -0.07130223 0.07099997
v -0.03320235 -0.07395470 0.07099997
v -0.03225243 -0.07253736 0.07099997
v -0.04621183 -0.06256318 0.07099997
v -0.04669302 -0.06420010 0.07099997
v -0.04744541 -0.06573140 0.07099997
v -0.05427509 -0.07041990 0.07099997
v -0.04844725 -0.06711256 0.07099997
v -0.04966926 -0.06830328 0.07099997
v -0.05107587 -0.06926894 0.07099997
v -0.05427509 -0.07041990 0.07099997
v -0.05107587 -0.06926894 0.07099997
v -0.05262619 -0.06998139 0.07099997
v -0.04611104 -0.05916470 0.07099997
v -0.04601597 -0.06086820 0.07099997
v -0.05984818 -0.07090955 0.07099997
v -0.05673247 -0.07085323 0.07099997
v -0.05828815 -0.07100349 0.07099997
v -0.06283003 -0.07000410 0.07099997
v -0.05984818 -0.07090955 0.07099997
v -0.06137460 -0.07057368 0.07099997
v -0.04922229 -0.05322980 0.07099997
v -0.04807299 -0.05449080 0.07099997
v -0.04715478 -0.05592888 0.07099997
v -0.04649436 -0.05750209 0.07099997
v -0.04611104 -0.05916470 0.07099997
v -0.04744541 -0.06573140 0.07099997
v -0.04621183 -0.06256318 0.07099997
v -0.06538832 -0.06822466 0.07099997
v -0.06283003 -0.07000410 0.07099997
v -0.06417894 -0.06921464 0.07099997
v -0.06538832 -0.06822466 0.07099997
v -0.06283003 -0.07000410 0.07099997
v -0.05664438 -0.04525101 0.07099997
v -0.07435715 -0.05832028 0.07099997
v -0.06278681 -0.03624999 0.07099997
v -0.08183938 -0.04724997 0.07099997
v -0.08768546 -0.03523498 0.07099997
v -0.06751078 -0.02642995 0.07099997
v -0.07429367 -0.01035100 0.07099997
v -0.07304549 -0.01151424 0.07099997
v -0.07201325 -0.01287275 0.07099997
v -0.07429367 -0.01035100 0.07099997
v -0.07201325 -0.01287275 0.07099997
v -0.07122695 -0.01438701 0.07099997
v -0.07572144 -0.00941688 0.07099997
v -0.07122695 -0.01438701 0.07099997
v -0.09177851 -0.02251559 0.07099997
v -0.07070952 -0.01601284 0.07099997
v -0.09180593 -0.01786512 0.07099997
v -0.09203112 -0.02097326 0.07099997
v -0.09204035 -0.01941037 0.07099997
v -0.08234483 -0.00840026 0.07099997
v -0.08064782 -0.00822323 0.07099997
v -0.07894545 -0.00833726 0.07099997
v -0.08398699 -0.00886315 0.07099997
v -0.09063494 -0.01497721 0.07099997
v -0.09063494 -0.01497721 0.07099997
v -0.09177851 -0.02251559 0.07099997
v -0.09203112 -0.02097326 0.07099997
v -0.09133362 -0.01637530 0.07099997
v -0.08972692 -0.01370513 0.07099997
v -0.08972692 -0.01370513 0.07099997
v -0.09177851 -0.02251559 0.07099997
v -0.09063494 -0.01497721 0.07099997
v -0.08812302 -0.01179361 0.07099997
v -0.08691877 -0.01058495 0.07099997
v -0.08691877 -0.01058495 0.07099997
v -0.08552658 -0.00959855 0.07099997
v -0.08398699 -0.00886315 0.07099997
v -0.07728719 -0.00873905 0.07099997
v 0.09133362 0.01637530 0.07099997
v 0.09063494 0.01497721 0.07099997
v 0.08972692 0.01370513 0.07099997
v 0.08234483 0.00840026 0.07099997
v 0.08812302 0.01179361 0.07099997
v 0.08691877 0.01058495 0.07099997
v 0.08552658 0.00959855 0.07099997
v 0.08398699 0.00886315 0.07099997
v 0.09180593 0.01786512 0.07099997
v 0.09133362 0.01637530 0.07099997
v 0.08972692 0.01370513 0.07099997
v 0.09204035 0.01941037 0.07099997
v 0.09180593 0.01786512 0.07099997
v 0.08972692 0.01370513 0.07099997
v 0.09203112 0.02097326 0.07099997
v 0.09204035 0.01941037 0.07099997
v 0.08972692 0.01370513 0.07099997
v 0.09177851 0.02251559 0.07099997
v 0.09203112 0.02097326 0.07099997
v 0.07572144 0.00941688 0.07099997
v 0.08064782 0.00822323 0.07099997
v 0.07894545 0.00833726 0.07099997
v 0.07572144 0.00941688 0.07099997
v 0.07728719 0.00873905 0.07099997
v 0.07201325 0.01287275 0.07099997
v 0.07572144 0.00941688 0.07099997
v 0.07429367 0.01035100 0.07099997
v 0.07201325 0.01287275 0.07099997
v 0.07429367 0.01035100 0.07099997
v 0.07304549 0.01151424 0.07099997
v 0.07070952 0.01601284 0.07099997
v 0.07122695 0.01438701 0.07099997
v 0.09177851 0.02251559 0.07099997
v 0.06751078 0.02642995 0.07099997
v 0.08768546 0.03523498 0.07099997
v 0.06278681 0.03624999 0.07099997
v 0.08183938 0.04724997 0.07099997
v 0.07435715 0.05832028 0.07099997
v 0.05664438 0.04525101 0.07099997
v 0.06538832 0.06822466 0.07099997
v 0.04922229 0.05322980 0.07099997
v 0.04715478 0.05592888 0.07099997
v 0.04807299 0.05449080 0.07099997
v 0.06137460 0.07057368 0.07099997
v 0.06283003 0.07000410 0.07099997
v 0.06417894 0.06921464 0.07099997
v 0.04649436 0.05750209 0.07099997
v 0.05828815 0.07100349 0.07099997
v 0.05984818 0.07090955 0.07099997
v 0.04611104 0.05916470 0.07099997
v 0.05673247 0.07085323 0.07099997
v 0.04601597 0.06086820 0.07099997
v 0.05427509 0.07041990 0.07099997
v 0.04669302 0.06420010 0.07099997
v 0.04601597 0.06086820 0.07099997
v 0.04621183 0.06256318 0.07099997
v 0.04669302 0.06420010 0.07099997
v 0.04966926 0.06830328 0.07099997
v 0.05107587 0.06926894 0.07099997
v 0.05262619 0.06998139 0.07099997
v 0.04844725 0.06711256 0.07099997
v 0.04744541 0.06573140 0.07099997
v 0.06283003 -0.07000410 0.07099997
v 0.06538832 -0.06822466 0.07099997
v 0.06417894 -0.06921464 0.07099997
v 0.05673247 -0.07085323 0.07099997
v 0.06283003 -0.07000410 0.07099997
v 0.06137460 -0.07057368 0.07099997
v 0.05984818 -0.07090955 0.07099997
v 0.05828815 -0.07100349 0.07099997
v 0.06538832 -0.06822466 0.07099997
v 0.05107587 -0.06926894 0.07099997
v 0.05427509 -0.07041990 0.07099997
v 0.05262619 -0.06998139 0.07099997
v 0.04844725 -0.06711256 0.07099997
v 0.05107587 -0.06926894 0.07099997
v 0.04966926 -0.06830328 0.07099997
v 0.04744541 -0.06573140 0.07099997
v 0.05427509 -0.07041990 0.07099997
v 0.09204035 -0.01941037 0.07099997
v 0.09203112 -0.02097326 0.07099997
v 0.09177851 -0.02251559 0.07099997
v 0.04621183 -0.06256318 0.07099997
v 0.04744541 -0.06573140 0.07099997
v 0.04669302 -0.06420010 0.07099997
v 0.04601597 -0.06086820 0.07099997
v 0.04744541 -0.06573140 0.07099997
v 0.04621183 -0.06256318 0.07099997
v 0.04601597 -0.06086820 0.07099997
v 0.09063494 -0.01497721 0.07099997
v 0.09133362 -0.01637530 0.07099997
v 0.09180593 -0.01786512 0.07099997
v 0.09063494 -0.01497721 0.07099997
v 0.09180593 -0.01786512 0.07099997
v 0.09204035 -0.01941037 0.07099997
v 0.09063494 -0.01497721 0.07099997
v 0.09204035 -0.01941037 0.07099997
v 0.09177851 -0.02251559 0.07099997
v 0.04611104 -0.05916470 0.07099997
v 0.08972692 -0.01370513 0.07099997
v 0.09177851 -0.02251559 0.07099997
v 0.04807299 -0.05449080 0.07099997
v 0.04649436 -0.05750209 0.07099997
v 0.04807299 -0.05449080 0.07099997
v 0.04649436 -0.05750209 0.07099997
v 0.04715478 -0.05592888 0.07099997
v 0.04922229 -0.05322980 0.07099997
v 0.04611104 -0.05916470 0.07099997
v 0.04922229 -0.05322980 0.07099997
v 0.05664438 -0.04525101 0.07099997
v 0.07435715 -0.05832028 0.07099997
v 0.06278681 -0.03624999 0.07099997
v 0.08183938 -0.04724997 0.07099997
v 0.08768546 -0.03523498 0.07099997
v 0.06751078 -0.02642995 0.07099997
v 0.08398699 -0.00886315 0.07099997
v 0.08552658 -0.00959855 0.07099997
v 0.08691877 -0.01058495 0.07099997
v 0.08234483 -0.00840026 0.07099997
v 0.08398699 -0.00886315 0.07099997
v 0.08691877 -0.01058495 0.07099997
v 0.08064782 -0.00822323 0.07099997
v 0.07894545 -0.00833726 0.07099997
v 0.07070952 -0.01601284 0.07099997
v 0.08972692 -0.01370513 0.07099997
v 0.08812302 -0.01179361 0.07099997
v 0.07122695 -0.01438701 0.07099997
v 0.07429367 -0.01035100 0.07099997
v 0.07572144 -0.00941688 0.07099997
v 0.07728719 -0.00873905 0.07099997
v 0.07304549 -0.01151424 0.07099997
v 0.07201325 -0.01287275 0.07099997
v 0.07728719 -0.00873905 0.07099997
v 0.07429367 -0.01035100 0.07099997
v 0.03148537 -0.08728486 0.03999996
v 0.02766788 -0.09919291 0.03999996
v 0.03043127 -0.08843880 0.03999996
v 0.02921026 -0.08941447 0.03999996
v 0.03043127 -0.08843880 0.03999996
v 0.02766788 -0.09919291 0.03999996
v 0.03234678 -0.08598077 0.03999996
v 0.03148537 -0.08728486 0.03999996
v 0.02785217 -0.09018790 0.03999996
v 0.02921026 -0.08941447 0.03999996
v 0.02639013 -0.09074032 0.03999996
v 0.01332825 -0.09355533 0.03999996
v 0.02694284 -0.10075250 0.03999996
v 0.02596127 -0.10216490 0.03999996
v 0.02475219 -0.10338810 0.03999996
v 0.02335143 -0.10438600 0.03999996
v 0.02180039 -0.10512920 0.03999996
v 0.02014493 -0.10559560 0.03999996
v 0.00675046 -0.10728780 0.03999996
v 0.00000000 -0.09450000 0.03999996
v -0.00675046 -0.10728780 0.03999996
v -0.01332825 -0.09355533 0.03999996
v -0.02014493 -0.10559560 0.03999996
v -0.02180039 -0.10512920 0.03999996
v -0.02335143 -0.10438600 0.03999996
v -0.02475219 -0.10338810 0.03999996
v -0.02596127 -0.10216490 0.03999996
v -0.02694284 -0.10075250 0.03999996
v -0.02766788 -0.09919291 0.03999996
v -0.02639013 -0.09074032 0.03999996
v -0.02785217 -0.09018790 0.03999996
v -0.02921026 -0.08941447 0.03999996
v -0.03043127 -0.08843880 0.03999996
v -0.02921026 -0.08941447 0.03999996
v -0.03148537 -0.08728486 0.03999996
v -0.03043127 -0.08843880 0.03999996
v -0.03234678 -0.08598077 0.03999996
v -0.03148537 -0.08728486 0.03999996
v -0.02766788 -0.09919291 0.03999996
v -0.02766788 -0.09919291 0.03999996
v -0.03299444 -0.08455836 0.03999996
v -0.03234678 -0.08598077 0.03999996
v 0.03299444 -0.08455836 0.03999996
v 0.03234678 -0.08598077 0.03999996
v 0.06417894 -0.06921464 0.03999996
v 0.06538832 -0.06822466 0.03999996
v 0.07206964 -0.07355755 0.03999996
v 0.06283003 -0.07000410 0.03999996
v 0.07435715 -0.05832028 0.03999996
v 0.08137595 -0.07024383 0.03999996
v 0.08014434 -0.07144427 0.03999996
v 0.07872521 -0.07241594 0.03999996
v 0.07716059 -0.07313013 0.03999996
v 0.07549673 -0.07356554 0.03999996
v 0.07378280 -0.07370948 0.03999996
v 0.08953875 -0.05948996 0.03999996
v 0.06137460 -0.07057368 0.03999996
v 0.05984818 -0.07090955 0.03999996
v 0.05828815 -0.07100349 0.03999996
v 0.08183938 -0.04724997 0.03999996
v 0.09628921 -0.04779779 0.03999996
v 0.05673247 -0.07085323 0.03999996
v 0.08768546 -0.03523498 0.03999996
v 0.09973758 -0.02563530 0.03999996
v 0.10072570 -0.02704304 0.03999996
v 0.10145800 -0.02859926 0.03999996
v 0.10191280 -0.03025794 0.03999996
v 0.10207670 -0.03197002 0.03999996
v 0.10194480 -0.03368484 0.03999996
v 0.10152090 -0.03535175 0.03999996
v 0.09177851 -0.02251559 0.03999996
v 0.09203112 -0.02097326 0.03999996
v 0.09204035 -0.01941037 0.03999996
v 0.09180593 -0.01786512 0.03999996
v 0.09133362 -0.01637530 0.03999996
v 0.09063494 -0.01497721 0.03999996
v 0.08972692 -0.01370513 0.03999996
v -0.09628921 -0.04779779 0.03999996
v -0.09628921 -0.04779779 0.01499998
v -0.10152090 -0.03535175 0.01499998
v -0.08953875 -0.05948996 0.01499998
v -0.10152090 -0.03535175 0.03999996
v -0.08953875 -0.05948996 0.03999996
v -0.08137595 -0.07024383 0.03999996
v -0.08137595 -0.07024383 0.01499998
v 0.09973758 0.02563530 0.03999996
v 0.09063494 0.01497721 0.03999996
v 0.09133362 0.01637530 0.03999996
v 0.09180593 0.01786512 0.03999996
v 0.09204035 0.01941037 0.03999996
v 0.09203112 0.02097326 0.03999996
v 0.09177851 0.02251559 0.03999996
v 0.08768546 0.03523498 0.03999996
v 0.10152090 0.03535175 0.03999996
v 0.10194480 0.03368484 0.03999996
v 0.10207670 0.03197002 0.03999996
v 0.10191280 0.03025794 0.03999996
v 0.10145800 0.02859926 0.03999996
v 0.10072570 0.02704304 0.03999996
v 0.09628921 0.04779779 0.03999996
v 0.08183938 0.04724997 0.03999996
v 0.08953875 0.05948996 0.03999996
v 0.07435715 0.05832028 0.03999996
v 0.08137595 0.07024383 0.03999996
v 0.08014434 0.07144427 0.03999996
v 0.07872521 0.07241594 0.03999996
v 0.07716059 0.07313013 0.03999996
v 0.07549673 0.07356554 0.03999996
v 0.07378280 0.07370948 0.03999996
v 0.07206964 0.07355755 0.03999996
v 0.06538832 0.06822466 0.03999996
v 0.06417894 0.06921464 0.03999996
v 0.06283003 0.07000410 0.03999996
v 0.06137460 0.07057368 0.03999996
v 0.05984818 0.07090955 0.03999996
v 0.05828815 0.07100349 0.03999996
v 0.09973758 0.02563530 0.03999996
v 0.08972692 0.01370513 0.03999996
v 0.09063494 0.01497721 0.03999996
v 0.05673247 0.07085323 0.03999996
v -0.08335125 -0.07554686 0.01499998
v -0.07378280 -0.07370948 0.01499998
v -0.07206964 -0.07355755 0.01499998
v -0.07549673 -0.07356554 0.01499998
v -0.07716059 -0.07313013 0.01499998
v -0.07872521 -0.07241594 0.01499998
v -0.08014434 -0.07144427 0.01499998
v -0.08137595 -0.07024383 0.01499998
v -0.08489638 -0.07569694 0.01499998
v -0.08644622 -0.07560604 0.01499998
v -0.08796328 -0.07527637 0.01499998
v -0.08941102 -0.07471591 0.01499998
v -0.09075456 -0.07393807 0.01499998
v -0.09196156 -0.07296168 0.01499998
v -0.09300285 -0.07181024 0.01499998
v -0.08953875 -0.05948996 0.01499998
v -0.09903496 -0.06323230 0.01499998
v -0.09628921 -0.04779779 0.01499998
v -0.10427820 -0.05415064 0.01499998
v -0.10869090 -0.04463768 0.01499998
v -0.10152090 -0.03535175 0.01499998
v -0.10916750 -0.04316014 0.01499998
v -0.10940960 -0.04162669 0.01499998
v -0.10941140 -0.04007422 0.01499998
v -0.10917290 -0.03854018 0.01499998
v -0.10869990 -0.03706157 0.01499998
v -0.10800370 -0.03567397 0.01499998
v -0.10710110 -0.03441083 0.01499998
v -0.10194480 -0.03368484 0.01499998
v -0.10207670 -0.03197002 0.01499998
v -0.10191280 -0.03025794 0.01499998
v -0.10145800 -0.02859926 0.01499998
v -0.10072570 -0.02704304 0.01499998
v -0.09973758 -0.02563530 0.01499998
v -0.00524324 -0.11738300 0.01499998
v -0.00524324 -0.11738300 0.00000000
v -0.01568806 -0.11644790 0.00000000
v 0.00524324 -0.11738300 0.00000000
v -0.01568806 -0.11644790 0.01499998
v 0.00524324 -0.11738300 0.01499998
v 0.01568806 -0.11644790 0.00000000
v 0.01568806 -0.11644790 0.01499998
v -0.10710110 0.03441083 0.01499998
v -0.10145800 0.02859926 0.01499998
v -0.10072570 0.02704304 0.01499998
v -0.10191280 0.03025794 0.01499998
v -0.10207670 0.03197002 0.01499998
v -0.10194480 0.03368484 0.01499998
v -0.10152090 0.03535175 0.01499998
v -0.10800370 0.03567397 0.01499998
v -0.10869990 0.03706157 0.01499998
v -0.10917290 0.03854018 0.01499998
v -0.10941140 0.04007422 0.01499998
v -0.10940960 0.04162669 0.01499998
v -0.10916750 0.04316014 0.01499998
v -0.10869090 0.04463768 0.01499998
v -0.09628921 0.04779779 0.01499998
v -0.10427820 0.05415064 0.01499998
v -0.08335125 0.07554686 0.01499998
v -0.08014434 0.07144427 0.01499998
v -0.08137595 0.07024383 0.01499998
v -0.07872521 0.07241594 0.01499998
v -0.07716059 0.07313013 0.01499998
v -0.07549673 0.07356554 0.01499998
v -0.07378280 0.07370948 0.01499998
v -0.08489638 0.07569694 0.01499998
v -0.08644622 0.07560604 0.01499998
v -0.09903496 0.06323230 0.01499998
v -0.08953875 0.05948996 0.01499998
v -0.08796328 0.07527637 0.01499998
v -0.08941102 0.07471591 0.01499998
v -0.09075456 0.07393807 0.01499998
v -0.09300285 0.07181024 0.01499998
v -0.09196156 0.07296168 0.01499998
v -0.07206964 0.07355755 0.01499998
v -0.09973758 0.02563530 0.01499998
v 0.09300285 -0.07181024 0.01499998
v 0.09903496 -0.06323230 0.00000000
v 0.09300285 -0.07181024 0.00000000
v 0.09903496 -0.06323230 0.01499998
v 0.10427820 -0.05415064 0.01499998
v 0.10427820 -0.05415064 0.00000000
v 0.10869090 -0.04463768 0.00000000
v 0.10427820 0.05415064 -0.00000000
v 0.10869090 0.04463768 -0.00000000
v 0.10427820 0.05415064 0.01499998
v 0.09903496 0.06323230 0.01499998
v 0.09903496 0.06323230 -0.00000000
v 0.09300285 0.07181024 0.01499998
v 0.09300285 0.07181024 -0.00000000
v -0.00100000 0.09203290 0.10142800
v -0.00099999 0.09149998 0.10050000
v -0.00099999 0.09208089 0.10050000
v -0.00100000 0.09200412 0.10235680
v -0.00099999 0.09199452 0.10328600
v -0.00099999 0.09149998 0.10550000
v -0.00099999 0.09199452 0.10550000
v 0.00098481 0.09149998 0.10032630
v 0.00086602 0.09149998 0.10000000
v 0.00076604 0.09149998 0.09985721
v 0.00098481 0.09149998 0.10032630
v 0.00093969 0.09149998 0.10015790
v 0.00086602 0.09149998 0.10000000
v -0.00050000 0.09149998 0.09963393
v -0.00017365 0.09149998 0.09951519
v -0.00034202 0.09149998 0.09956026
v 0.00000000 0.09149998 0.09950000
v -0.00076604 0.09149998 0.09985721
v -0.00050000 0.09149998 0.09963393
v -0.00064279 0.09149998 0.09973394
v -0.00093969 0.09149998 0.10015790
v -0.00076604 0.09149998 0.09985721
v -0.00086602 0.09149998 0.10000000
v -0.00099999 0.09149998 0.10050000
v -0.00093969 0.09149998 0.10015790
v -0.00098481 0.09149998 0.10032630
v -0.00099999 0.09149998 0.10050000
v 0.00017365 0.09149998 0.09951519
v 0.00000000 0.09149998 0.09950000
v -0.00099999 0.09149998 0.10050000
v 0.00034202 0.09149998 0.09956026
v 0.00017365 0.09149998 0.09951519
v -0.00099999 0.09149998 0.10050000
v 0.00050000 0.09149998 0.09963393
v 0.00034202 0.09149998 0.09956026
v 0.00064279 0.09149998 0.09973394
v 0.00050000 0.09149998 0.09963393
v -0.00099999 0.09149998 0.10050000
v 0.00076604 0.09149998 0.09985721
v 0.00064279 0.09149998 0.09973394
v -0.00099999 0.09149998 0.10050000
v 0.00099999 0.09149998 0.10050000
v 0.00098481 0.09149998 0.10032630
v 0.00098481 0.09149998 0.10032630
v -0.00099999 0.09149998 0.10050000
v -0.00099999 0.09149998 0.10050000
v -0.00050000 0.09149998 0.09963393
v -0.00076604 0.09149998 0.09985721
v -0.00099999 0.09149998 0.10050000
v -0.00076604 0.09149998 0.09985721
v -0.00093969 0.09149998 0.10015790
v -0.00099999 0.09149998 0.10550000
v 0.00099999 0.09149998 0.10550000
v 0.00099999 0.09149998 0.10050000
v 0.00099999 0.09208089 0.10050000
v 0.00098481 0.09149998 0.10032630
v 0.00099999 0.09149998 0.10050000
v 0.00098650 0.09209150 0.10033620
v 0.00094645 0.09210264 0.10017710
v 0.00093969 0.09149998 0.10015790
v 0.00086903 0.09211564 0.10000520
v 0.00076604 0.09149998 0.09985721
v 0.00086602 0.09149998 0.10000000
v 0.00075918 0.09212827 0.09984910
v 0.00064279 0.09149998 0.09973394
v 0.00063015 0.09213906 0.09972351
v 0.00050000 0.09149998 0.09963393
v 0.00048288 0.09214794 0.09962427
v 0.00034202 0.09149998 0.09956026
v 0.00030992 0.09215486 0.09954923
v 0.00017365 0.09149998 0.09951519
v 0.00011823 0.09215885 0.09950697
v 0.00000000 0.09149998 0.09950000
v -0.00006615 0.09215933 0.09950214
v -0.00017365 0.09149998 0.09951519
v -0.00024848 0.09215658 0.09953135
v -0.00034202 0.09149998 0.09956026
v -0.00042050 0.09215086 0.09959268
v -0.00050000 0.09149998 0.09963393
v -0.00057812 0.09214258 0.09968400
v -0.00064279 0.09149998 0.09973394
v -0.00072755 0.09213125 0.09981393
v -0.00076604 0.09149998 0.09985721
v -0.00084582 0.09211868 0.09996652
v -0.00086602 0.09149998 0.10000000
v -0.00093003 0.09210592 0.10013250
v -0.00093969 0.09149998 0.10015790
v -0.00098185 0.09209322 0.10031030
v -0.00098481 0.09149998 0.10032630
v -0.00099999 0.09208089 0.10050000
v -0.00099999 0.09149998 0.10050000
v 0.00099999 0.09199452 0.10328600
v 0.00099999 0.09149998 0.10550000
v 0.00099999 0.09199452 0.10550000
v 0.00099999 0.09149998 0.10050000
v 0.00100000 0.09200412 0.10235680
v 0.00100000 0.09203290 0.10142800
v 0.00099999 0.09208089 0.10050000
v 0.09244537 0.00000000 0.09697061
v 0.09300768 -0.00064564 0.09380561
v 0.09299999 0.00000000 0.09385204
v 0.09302961 -0.00126785 0.09367519
v 0.09306323 -0.00185943 0.09347832
v 0.09304738 0.00158995 0.09357017
v 0.09310728 0.00240266 0.09322828
v 0.09301126 0.00076941 0.09378343
v 0.09300285 0.00038497 0.09383451
v 0.09361273 -0.00623202 0.09061771
v 0.09373068 -0.00623989 0.09022045
v 0.09338200 -0.00453109 0.09179025
v 0.09426373 -0.00816274 0.08816719
v 0.09293574 -0.00618696 0.09321480
v 0.09319400 -0.00323123 0.09275311
v 0.09224116 -0.00614071 0.09697061
v 0.09310954 -0.00243860 0.09321480
v 0.09195333 -0.00612157 0.09953135
v 0.09200000 0.00000000 0.10328600
v 0.09060871 -0.01593911 0.10328600
v 0.09211146 0.00000000 0.10012040
v 0.09240114 -0.01625442 0.09061771
v 0.09207844 -0.02176558 0.08816659
v 0.09173291 -0.01613688 0.09321480
v 0.09104734 -0.01601630 0.09697061
v 0.09076327 -0.01596629 0.09953135
v 0.09061819 -0.01594078 0.10235680
v 0.08647698 -0.03139621 0.10328600
v 0.08818769 -0.03201729 0.09061771
v 0.08794140 -0.03490698 0.08816659
v 0.08754992 -0.03178572 0.09321480
v 0.08689564 -0.03154820 0.09697061
v 0.08662450 -0.03144973 0.09953135
v 0.08648604 -0.03139948 0.10235680
v 0.08130705 -0.04681181 0.09061771
v 0.08193969 -0.04730820 0.08816659
v 0.08071905 -0.04647326 0.09321480
v 0.08011579 -0.04612594 0.09697061
v 0.07986581 -0.04598200 0.09953135
v 0.07973814 -0.04590851 0.10235680
v 0.07972979 -0.04590374 0.10328600
v 0.07357639 -0.05821245 0.09061771
v 0.06488841 -0.06885987 0.08816659
v 0.07304430 -0.05779147 0.09321480
v 0.07249838 -0.05735957 0.09697061
v 0.07227218 -0.05718058 0.09953135
v 0.07057118 -0.05902284 0.10328600
v 0.06434249 -0.06828051 0.09061771
v 0.06387716 -0.06778669 0.09321480
v 0.06339973 -0.06728011 0.09697061
v 0.06320196 -0.06707018 0.09953135
v 0.05927819 -0.07035690 0.10328600
v 0.05374431 -0.07690078 0.09061771
v 0.05420029 -0.07755327 0.08816659
v 0.05187332 -0.07817506 0.09061771
v 0.05335563 -0.07634466 0.09321480
v 0.04973429 -0.07895070 0.09250795
v 0.05295687 -0.07577407 0.09697061
v 0.05279159 -0.07553762 0.09953135
v 0.04796928 -0.07902586 0.09697061
v 0.04575246 -0.08098900 0.09376168
v 0.04642081 -0.08058685 0.09384644
v 0.04704582 -0.08023363 0.09380811
v 0.04768061 -0.07989740 0.09365260
v 0.04830896 -0.07958549 0.09339702
v 0.04892796 -0.07929766 0.09305858
v 0.04781961 -0.07877928 0.09953135
v 0.04237788 -0.08294236 0.09321480
v 0.04006296 -0.08571547 0.08816659
v 0.04256439 -0.08330738 0.09157127
v 0.04367870 -0.08241420 0.09265583
v 0.04445952 -0.08184367 0.09322154
v 0.04774320 -0.07865333 0.10235680
v 0.04619228 -0.07956296 0.10328600
v 0.04206120 -0.08232253 0.09697061
v 0.04500091 -0.08147257 0.09351038
v 0.04192996 -0.08206564 0.09953135
v 0.03170931 -0.08636265 0.10328600
v 0.03210276 -0.08743423 0.09321480
v 0.03186285 -0.08678078 0.09697061
v 0.03176343 -0.08651000 0.09953135
v 0.03171265 -0.08637171 0.10235680
v 0.01658910 -0.09234166 0.09061771
v 0.01374071 -0.09361290 0.08816659
v 0.01646918 -0.09167385 0.09321480
v 0.01634609 -0.09098869 0.09697061
v 0.01629507 -0.09070479 0.09953135
v 0.01626902 -0.09055984 0.10235680
v 0.01626729 -0.09055036 0.10328600
v 0.00033334 -0.09199935 0.10328600
v 0.00033993 -0.09381932 0.09061771
v 0.00000000 -0.09461599 0.08816659
v 0.00033747 -0.09314084 0.09321480
v 0.00033495 -0.09244471 0.09697061
v 0.00033391 -0.09215629 0.09953135
v 0.00033337 -0.09200894 0.10235680
v -0.01362508 -0.09282529 0.09061771
v -0.01374071 -0.09361290 0.08816659
v -0.01352655 -0.09215402 0.09321480
v -0.01342546 -0.09146529 0.09697061
v -0.01338356 -0.09117990 0.09953135
v -0.01561075 -0.09066587 0.10328600
v -0.02696132 -0.08986252 0.09061771
v -0.02719008 -0.09062498 0.08816659
v -0.02676635 -0.08921259 0.09321480
v -0.02656626 -0.08854585 0.09697061
v -0.02648341 -0.08826959 0.09953135
v -0.03108268 -0.08659017 0.10328600
v -0.03972589 -0.08499431 0.09061771
v -0.04006296 -0.08571547 0.08816659
v -0.04176491 -0.08401113 0.09061771
v -0.03943860 -0.08437967 0.09321480
v -0.04350614 -0.08254653 0.09250795
v -0.03914380 -0.08374905 0.09697061
v -0.03902167 -0.08348768 0.09953135
v -0.04445374 -0.08105558 0.09697061
v -0.04726225 -0.08011728 0.09376168
v -0.04657983 -0.08049499 0.09384644
v -0.04596143 -0.08085972 0.09380811
v -0.04535281 -0.08124130 0.09365260
v -0.04476851 -0.08162957 0.09339702
v -0.04420977 -0.08202171 0.09305858
v -0.04431504 -0.08080267 0.09953135
v -0.05064123 -0.07817155 0.09321480
v -0.05420029 -0.07755327 0.08816659
v -0.05086410 -0.07851552 0.09157127
v -0.04953342 -0.07903397 0.09265583
v -0.04864889 -0.07942491 0.09322154
v -0.04424417 -0.08067351 0.10235680
v -0.04561454 -0.07989561 0.10328600
v -0.05026274 -0.07758730 0.09697061
v -0.04805684 -0.07970827 0.09351038
v -0.05010592 -0.07734525 0.09953135
v -0.05876678 -0.07078462 0.10328600
v -0.05949592 -0.07166284 0.09321480
v -0.05905127 -0.07112723 0.09697061
v -0.05886703 -0.07090532 0.09953135
v -0.05877292 -0.07079195 0.10235680
v -0.07101190 -0.06027132 0.09321480
v -0.07048118 -0.05982089 0.09697061
v -0.07026129 -0.05963426 0.09953135
v -0.07014894 -0.05953890 0.10235680
v -0.07014167 -0.05953270 0.10328600
v -0.07939505 -0.04648029 0.10328600
v -0.08096569 -0.04739975 0.09061771
v -0.08193987 -0.04730796 0.08816659
v -0.08038014 -0.04705697 0.09321480
v -0.07977944 -0.04670530 0.09697061
v -0.07953047 -0.04655957 0.09953135
v -0.07940334 -0.04648512 0.10235680
v -0.08720165 -0.03461295 0.09061771
v -0.08794152 -0.03490662 0.08816659
v -0.08657097 -0.03436261 0.09321480
v -0.08592402 -0.03410583 0.09697061
v -0.08565592 -0.03399938 0.09953135
v -0.08624720 -0.03202205 0.10328600
v -0.09130388 -0.02158200 0.09061771
v -0.09207856 -0.02176517 0.08816659
v -0.09064358 -0.02142596 0.09321480
v -0.08996611 -0.02126580 0.09697061
v -0.08968544 -0.02119946 0.09953135
v -0.09049081 -0.01659530 0.10328600
v -0.09347021 -0.00809353 0.09061771
v -0.09426325 -0.00816220 0.08816659
v -0.09363824 -0.00583607 0.09061771
v -0.09279423 -0.00803500 0.09321480
v -0.09324043 -0.00359583 0.09250795
v -0.09210073 -0.00797492 0.09697061
v -0.09181332 -0.00795007 0.09953135
v -0.09242308 -0.00202972 0.09697061
v -0.09301477 0.00087168 0.09376168
v -0.09300065 0.00009183 0.09384644
v -0.09300726 -0.00062607 0.09380811
v -0.09303349 -0.00134390 0.09365260
v -0.09307754 -0.00204408 0.09339702
v -0.09313780 -0.00272399 0.09305858
v -0.09213465 -0.00202334 0.09953135
v -0.09301918 0.00477081 0.09321480
v -0.09426325 0.00816220 0.08816659
v -0.09342849 0.00479180 0.09157127
v -0.09321212 0.00338018 0.09265583
v -0.09310841 0.00241870 0.09322154
v -0.09198737 -0.00202012 0.10235680
v -0.09199756 -0.00066667 0.10328600
v -0.09232401 0.00473517 0.09697061
v -0.09305781 0.00176430 0.09351038
v -0.09203594 0.00472039 0.09953135
v -0.09072184 0.01528209 0.10328600
v -0.09184741 0.01547175 0.09321480
v -0.09207856 0.02176517 0.08816659
v -0.09130388 0.02158200 0.09061771
v -0.09116101 0.01535612 0.09697061
v -0.09064358 0.02142596 0.09321480
v -0.09087657 0.01530820 0.09953135
v -0.09073132 0.01528370 0.10235680
v -0.08996611 0.02126580 0.09697061
v -0.08968544 0.02119946 0.09953135
v -0.08670222 0.03076875 0.10328600
v -0.08841741 0.03137743 0.09061771
v -0.08777797 0.03115046 0.09321480
v -0.08712196 0.03091770 0.09697061
v -0.08685010 0.03082120 0.09953135
v -0.08671128 0.03077197 0.10235680
v -0.08164411 0.04622137 0.09061771
v -0.08193987 0.04730796 0.08816659
v -0.08105367 0.04588711 0.09321480
v -0.08044791 0.04554414 0.09697061
v -0.08019691 0.04540205 0.09953135
v -0.08006870 0.04532945 0.10235680
v -0.08006036 0.04532474 0.10328600
v -0.07357650 0.05821233 0.09061771
v -0.07420080 0.05870628 0.08816659
v -0.07304441 0.05779135 0.09321480
v -0.07249850 0.05735945 0.09697061
v -0.07227230 0.05718046 0.09953135
v -0.07099705 0.05850994 0.10328600
v -0.06434255 0.06828045 0.09061771
v -0.06488847 0.06885981 0.08816659
v -0.06387722 0.06778663 0.09321480
v -0.06339985 0.06728005 0.09697061
v -0.06320202 0.06707012 0.09953135
v -0.05978643 0.06992548 0.10328600
v -0.05374431 0.07690078 0.09061771
v -0.05420029 0.07755327 0.08816659
v -0.05187332 0.07817506 0.09061771
v -0.05335563 0.07634466 0.09321480
v -0.04973429 0.07895070 0.09250795
v -0.05295687 0.07577407 0.09697061
v -0.05279159 0.07553762 0.09953135
v -0.04796928 0.07902586 0.09697061
v -0.04575246 0.08098900 0.09376168
v -0.04642081 0.08058685 0.09384644
v -0.04704582 0.08023363 0.09380811
v -0.04768061 0.07989740 0.09365260
v -0.04830896 0.07958549 0.09339702
v -0.04892796 0.07929766 0.09305858
v -0.04781961 0.07877928 0.09953135
v -0.04237788 0.08294236 0.09321480
v -0.04006296 0.08571547 0.08816659
v -0.04256439 0.08330738 0.09157127
v -0.04367870 0.08241420 0.09265583
v -0.04445952 0.08184367 0.09322154
v -0.04774320 0.07865333 0.10235680
v -0.04676765 0.07922613 0.10328600
v -0.04206120 0.08232253 0.09697061
v -0.04500091 0.08147257 0.09351038
v -0.04192996 0.08206564 0.09953135
v -0.03233432 0.08613061 0.10328600
v -0.03273552 0.08719927 0.09321480
v -0.02719008 0.09062498 0.08816659
v -0.02696132 0.08986252 0.09061771
v -0.03249084 0.08654761 0.09697061
v -0.02676635 0.08921259 0.09321480
v -0.03238946 0.08627754 0.09953135
v -0.03233772 0.08613961 0.10235680
v -0.02656626 0.08854585 0.09697061
v -0.02648341 0.08826959 0.09953135
v -0.01692306 0.09043014 0.10328600
v -0.01725786 0.09221905 0.09061771
v -0.01374071 0.09361290 0.08816659
v -0.01713305 0.09155207 0.09321480
v -0.01700496 0.09086787 0.09697061
v -0.01695191 0.09058433 0.09953135
v -0.01692485 0.09043955 0.10235680
v -0.00100000 0.09203290 0.10142800
v -0.00099999 0.09208089 0.10050000
v -0.00101978 0.09381443 0.09061771
v -0.00101238 0.09313595 0.09321480
v -0.00100481 0.09243988 0.09697061
v 0.00075918 0.09212827 0.09984910
v -0.00024848 0.09215658 0.09953135
v -0.00006615 0.09215933 0.09950214
v 0.00011823 0.09215885 0.09950697
v 0.00030992 0.09215486 0.09954923
v 0.00048288 0.09214794 0.09962427
v 0.00063015 0.09213906 0.09972351
v -0.00100166 0.09215146 0.09953135
v -0.00098185 0.09209322 0.10031030
v -0.00093003 0.09210592 0.10013250
v -0.00084582 0.09211868 0.09996652
v -0.00072755 0.09213125 0.09981393
v -0.00057812 0.09214258 0.09968400
v -0.00042050 0.09215086 0.09959268
v -0.00100005 0.09200412 0.10235680
v -0.00099999 0.09199452 0.10328600
v -0.00100000 0.09200412 0.10235680
v 0.01362508 0.09282529 0.09061771
v 0.01374071 0.09361290 0.08816659
v 0.01352655 0.09215402 0.09321480
v 0.01342546 0.09146529 0.09697061
v 0.00086903 0.09211564 0.10000520
v 0.00094645 0.09210264 0.10017710
v 0.01338356 0.09117990 0.09953135
v 0.00099999 0.09199452 0.10328600
v 0.01685023 0.09044373 0.10328600
v 0.00099999 0.09208089 0.10050000
v 0.00100000 0.09203290 0.10142800
v 0.00100000 0.09200412 0.10235680
v 0.00098650 0.09209150 0.10033620
v 0.02696132 0.08986252 0.09061771
v 0.02719008 0.09062498 0.08816659
v 0.02676635 0.08921259 0.09321480
v 0.03283250 0.08788746 0.09061771
v 0.04006296 0.08571547 0.08816659
v 0.02656626 0.08854585 0.09697061
v 0.03259503 0.08725190 0.09321480
v 0.02648341 0.08826959 0.09953135
v 0.03219556 0.08618259 0.10328600
v 0.03235143 0.08659982 0.09697061
v 0.03972589 0.08499431 0.09061771
v 0.04176491 0.08401113 0.09061771
v 0.03225052 0.08632957 0.09953135
v 0.03943860 0.08437967 0.09321480
v 0.04350614 0.08254653 0.09250795
v 0.03219896 0.08619159 0.10235680
v 0.03914380 0.08374905 0.09697061
v 0.03902167 0.08348768 0.09953135
v 0.04445374 0.08105558 0.09697061
v 0.04726225 0.08011728 0.09376168
v 0.04657983 0.08049499 0.09384644
v 0.04596143 0.08085972 0.09380811
v 0.04535281 0.08124130 0.09365260
v 0.04476851 0.08162957 0.09339702
v 0.04420977 0.08202171 0.09305858
v 0.04431504 0.08080267 0.09953135
v 0.05064123 0.07817155 0.09321480
v 0.05420029 0.07755327 0.08816659
v 0.05086410 0.07851552 0.09157127
v 0.04953342 0.07903397 0.09265583
v 0.04864889 0.07942491 0.09322154
v 0.04424417 0.08067351 0.10235680
v 0.04657614 0.07933890 0.10328600
v 0.05026274 0.07758730 0.09697061
v 0.04805684 0.07970827 0.09351038
v 0.05010592 0.07734525 0.09953135
v 0.05956095 0.07011765 0.10328600
v 0.06029993 0.07098764 0.09321480
v 0.05984926 0.07045710 0.09697061
v 0.05966252 0.07023727 0.09953135
v 0.05956715 0.07012498 0.10235680
v 0.07216072 0.05995839 0.09061771
v 0.07420080 0.05870628 0.08816659
v 0.07163888 0.05952477 0.09321480
v 0.07110345 0.05907988 0.09697061
v 0.07088160 0.05889552 0.09953135
v 0.07076829 0.05880141 0.10235680
v 0.07076096 0.05879527 0.10328600
v 0.08125048 0.04690998 0.09061771
v 0.08193987 0.04730796 0.08816659
v 0.08066284 0.04657071 0.09321480
v 0.08006000 0.04622268 0.09697061
v 0.07981020 0.04607844 0.09953135
v 0.07968264 0.04600477 0.10235680
v 0.07984048 0.04571098 0.10328600
v 0.08720165 0.03461295 0.09061771
v 0.09207856 0.02176517 0.08816659
v 0.08657097 0.03436261 0.09321480
v 0.08592402 0.03410583 0.09697061
v 0.08565592 0.03399938 0.09953135
v 0.08652746 0.03125691 0.10328600
v 0.09130388 0.02158200 0.09061771
v 0.09064358 0.02142596 0.09321480
v 0.08996611 0.02126580 0.09697061
v 0.08968544 0.02119946 0.09953135
v 0.09062153 0.01586616 0.10328600
v 0.09347021 0.00809353 0.09061771
v 0.09356844 0.00551069 0.09092682
v 0.09279423 0.00803500 0.09321480
v 0.09321892 0.00343227 0.09262102
v 0.09210073 0.00797492 0.09697061
v 0.09181332 0.00795007 0.09953135
v -0.06702888 -0.05624389 0.10550000
v -0.07950711 -0.04628837 0.10550000
v -0.07029718 -0.05934894 0.10550000
v -0.05624389 -0.06702888 0.10550000
v -0.05896604 -0.07061868 0.10550000
v -0.07577723 -0.04374998 0.10550000
v -0.04374998 -0.07577723 0.10550000
v -0.04585558 -0.07975751 0.10550000
v -0.08631789 -0.03183096 0.10550000
v -0.08222305 -0.02992671 0.10550000
v -0.02992671 -0.08222305 0.10550000
v -0.03136140 -0.08648961 0.10550000
v -0.09052407 -0.01641309 0.10550000
v -0.08617067 -0.01519417 0.10550000
v -0.01519417 -0.08617067 0.10550000
v -0.01592087 -0.09061193 0.10550000
v -0.09199863 -0.00050001 0.10550000
v -0.08749997 0.00000000 0.10550000
v 0.00000000 -0.08749997 0.10550000
v 0.00000000 -0.09200000 0.10550000
v -0.09069710 0.01542818 0.10550000
v 0.01592087 -0.09061193 0.10550000
v -0.08617067 0.01519417 0.10550000
v 0.01519417 -0.08617067 0.10550000
v -0.08665883 0.03089088 0.10550000
v 0.03136140 -0.08648961 0.10550000
v -0.08222305 0.02992671 0.10550000
v 0.02992671 -0.08222305 0.10550000
v -0.08000558 0.04542142 0.10550000
v 0.04585558 -0.07975751 0.10550000
v -0.07577723 0.04374998 0.10550000
v 0.04374998 -0.07577723 0.10550000
v -0.07093811 0.05858135 0.10550000
v 0.05896604 -0.07061868 0.10550000
v -0.06702888 0.05624389 0.10550000
v 0.05624389 -0.06702888 0.10550000
v -0.05973011 0.06997358 0.10550000
v -0.05624389 0.06702888 0.10550000
v 0.07029718 -0.05934894 0.10550000
v 0.06702888 -0.05624389 0.10550000
v -0.04671978 0.07925438 0.10550000
v -0.04374998 0.07577723 0.10550000
v 0.07950711 -0.04628837 0.10550000
v 0.07577723 -0.04374998 0.10550000
v -0.03229963 0.08614367 0.10550000
v -0.02992671 0.08222305 0.10550000
v 0.08631789 -0.03183096 0.10550000
v 0.08222305 -0.02992671 0.10550000
v -0.01690489 0.09043353 0.10550000
v -0.01519417 0.08617067 0.10550000
v 0.09052407 -0.01641309 0.10550000
v 0.08617067 -0.01519417 0.10550000
v -0.00099999 0.09149998 0.10550000
v 0.00000000 0.08749997 0.10550000
v -0.00099999 0.09199452 0.10550000
v 0.09199863 -0.00050001 0.10550000
v 0.08749997 0.00000000 0.10550000
v 0.00099999 0.09149998 0.10550000
v 0.01519417 0.08617067 0.10550000
v 0.09069710 0.01542818 0.10550000
v 0.08617067 0.01519417 0.10550000
v 0.01690489 0.09043353 0.10550000
v 0.00099999 0.09199452 0.10550000
v 0.02992671 0.08222305 0.10550000
v 0.08665883 0.03089088 0.10550000
v 0.08222305 0.02992671 0.10550000
v 0.03229963 0.08614367 0.10550000
v 0.04374998 0.07577723 0.10550000
v 0.08000558 0.04542142 0.10550000
v 0.07577723 0.04374998 0.10550000
v 0.04671978 0.07925438 0.10550000
v 0.05624389 0.06702888 0.10550000
v 0.07093811 0.05858135 0.10550000
v 0.06702888 0.05624389 0.10550000
v 0.05973011 0.06997358 0.10550000
v 0.01685023 0.09044373 0.10328600
v 0.00099999 0.09199452 0.10550000
v 0.01690489 0.09043353 0.10550000
v 0.03219556 0.08618259 0.10328600
v 0.03229963 0.08614367 0.10550000
v 0.04657614 0.07933890 0.10328600
v 0.04671978 0.07925438 0.10550000
v 0.05956095 0.07011765 0.10328600
v 0.05973011 0.06997358 0.10550000
v 0.07093811 0.05858135 0.10550000
v 0.07984048 0.04571098 0.10328600
v 0.08000558 0.04542142 0.10550000
v 0.08652746 0.03125691 0.10328600
v 0.08665883 0.03089088 0.10550000
v 0.09062153 0.01586616 0.10328600
v 0.09069710 0.01542818 0.10550000
v 0.09200000 0.00000000 0.10328600
v 0.09199863 -0.00050001 0.10550000
v 0.09060871 -0.01593911 0.10328600
v 0.09052407 -0.01641309 0.10550000
v 0.08647698 -0.03139621 0.10328600
v 0.08631789 -0.03183096 0.10550000
v 0.07972979 -0.04590374 0.10328600
v 0.07950711 -0.04628837 0.10550000
v 0.07057118 -0.05902284 0.10328600
v 0.07029718 -0.05934894 0.10550000
v 0.05927819 -0.07035690 0.10328600
v 0.05896604 -0.07061868 0.10550000
v 0.04619228 -0.07956296 0.10328600
v 0.04585558 -0.07975751 0.10550000
v 0.03170931 -0.08636265 0.10328600
v 0.03136140 -0.08648961 0.10550000
v 0.01626729 -0.09055036 0.10328600
v 0.01592087 -0.09061193 0.10550000
v 0.00033334 -0.09199935 0.10328600
v 0.00000000 -0.09200000 0.10550000
v -0.01561075 -0.09066587 0.10328600
v -0.01592087 -0.09061193 0.10550000
v -0.03108268 -0.08659017 0.10328600
v -0.03136140 -0.08648961 0.10550000
v -0.04561454 -0.07989561 0.10328600
v -0.04585558 -0.07975751 0.10550000
v -0.05876678 -0.07078462 0.10328600
v -0.05896604 -0.07061868 0.10550000
v -0.07014167 -0.05953270 0.10328600
v -0.07029718 -0.05934894 0.10550000
v -0.07939505 -0.04648029 0.10328600
v -0.07950711 -0.04628837 0.10550000
v -0.08624720 -0.03202205 0.10328600
v -0.08631789 -0.03183096 0.10550000
v -0.09049081 -0.01659530 0.10328600
v -0.09052407 -0.01641309 0.10550000
v -0.09199756 -0.00066667 0.10328600
v -0.09199863 -0.00050001 0.10550000
v -0.09072184 0.01528209 0.10328600
v -0.09069710 0.01542818 0.10550000
v -0.08665883 0.03089088 0.10550000
v -0.08006036 0.04532474 0.10328600
v -0.08000558 0.04542142 0.10550000
v -0.07099705 0.05850994 0.10328600
v -0.07093811 0.05858135 0.10550000
v -0.05978643 0.06992548 0.10328600
v -0.05973011 0.06997358 0.10550000
v -0.04676765 0.07922613 0.10328600
v -0.04671978 0.07925438 0.10550000
v -0.03233432 0.08613061 0.10328600
v -0.03229963 0.08614367 0.10550000
v -0.01692306 0.09043014 0.10328600
v -0.01690489 0.09043353 0.10550000
v -0.00099999 0.09199452 0.10328600
v -0.00099999 0.09199452 0.10550000
v -0.09819459 -0.00606072 0.00949997
v -0.09819459 -0.00606072 0.00000000
v -0.09749996 -0.00599998 0.00000000
v -0.09749996 -0.00599998 0.00949997
v -0.09886807 -0.00624120 0.00949997
v -0.09886807 -0.00624120 0.00000000
v -0.09950000 -0.00653589 0.00949997
v -0.09950000 -0.00653589 0.00000000
v -0.10007110 -0.00693577 0.00000000
v -0.10007110 -0.00693577 0.00949997
v -0.10056410 -0.00742882 0.00949997
v -0.10056410 -0.00742882 0.00000000
v -0.10096410 -0.00799996 0.00949997
v -0.10096410 -0.00799996 0.00000000
v -0.10125880 -0.00863189 0.00949997
v -0.10125880 -0.00863189 0.00000000
v -0.10143920 -0.00930536 0.00000000
v -0.10143920 -0.00930536 0.00949997
v -0.10150000 -0.00999999 0.00949997
v -0.10150000 -0.00999999 0.00000000
v -0.10143920 -0.01069456 0.00949997
v -0.10143920 -0.01069456 0.00000000
v -0.10125880 -0.01136803 0.00949997
v -0.10125880 -0.01136803 0.00000000
v -0.10096410 -0.01199996 0.00949997
v -0.10096410 -0.01199996 0.00000000
v -0.10056410 -0.01257109 0.00000000
v -0.10056410 -0.01257109 0.00949997
v -0.10007110 -0.01306414 0.00949997
v -0.10007110 -0.01306414 0.00000000
v -0.09950000 -0.01346409 0.00000000
v -0.09950000 -0.01346409 0.00949997
v -0.09886807 -0.01375871 0.00949997
v -0.09886807 -0.01375871 0.00000000
v -0.09819459 -0.01393920 0.00949997
v -0.09819459 -0.01393920 0.00000000
v -0.09749996 -0.01399999 0.00949997
v -0.09749996 -0.01399999 0.00000000
v -0.09249997 -0.01399999 0.00949997
v -0.09249997 -0.01399999 0.00000000
v -0.09749996 -0.01399999 0.00000000
v -0.09749996 -0.01399999 0.00949997
v -0.08903586 -0.01199996 0.00949997
v -0.08943581 -0.01257109 0.00949997
v -0.08992880 -0.01306414 0.00949997
v -0.09113192 -0.01375871 0.00949997
v -0.09049999 -0.01346409 0.00949997
v -0.08903586 -0.01199996 0.00949997
v -0.08992880 -0.01306414 0.00949997
v -0.08856076 -0.01069456 0.00949997
v -0.08874118 -0.01136803 0.00949997
v -0.08874118 -0.00863189 0.00949997
v -0.08856076 -0.00930536 0.00949997
v -0.08849996 -0.00999999 0.00949997
v -0.08903586 -0.00799996 0.00949997
v -0.08992880 -0.00693577 0.00949997
v -0.08943581 -0.00742882 0.00949997
v -0.09049999 -0.00653589 0.00949997
v -0.08992880 -0.00693577 0.00949997
v -0.09180539 -0.00606072 0.00949997
v -0.09113192 -0.00624120 0.00949997
v -0.09950000 -0.01346409 0.00949997
v -0.09819459 -0.01393920 0.00949997
v -0.09886807 -0.01375871 0.00949997
v -0.09749996 -0.01399999 0.00949997
v -0.09249997 -0.00599998 0.00949997
v -0.09180539 -0.01393920 0.00949997
v -0.09249997 -0.01399999 0.00949997
v -0.10007110 -0.01306414 0.00949997
v -0.10125880 -0.01136803 0.00949997
v -0.10056410 -0.01257109 0.00949997
v -0.10096410 -0.01199996 0.00949997
v -0.09749996 -0.00599998 0.00949997
v -0.10150000 -0.00999999 0.00949997
v -0.10125880 -0.01136803 0.00949997
v -0.10143920 -0.01069456 0.00949997
v -0.10150000 -0.00999999 0.00949997
v -0.09886807 -0.00624120 0.00949997
v -0.09819459 -0.00606072 0.00949997
v -0.10125880 -0.00863189 0.00949997
v -0.10143920 -0.00930536 0.00949997
v -0.09950000 -0.00653589 0.00949997
v -0.10007110 -0.00693577 0.00949997
v -0.10096410 -0.00799996 0.00949997
v -0.10056410 -0.00742882 0.00949997
v -0.10007110 -0.00693577 0.00949997
v -0.10096410 -0.00799996 0.00949997
v 0.09846407 -0.01199996 0.00949997
v 0.09806418 -0.01257109 0.00949997
v 0.09757113 -0.01306414 0.00949997
v 0.09636807 -0.01375871 0.00949997
v 0.09700000 -0.01346409 0.00949997
v 0.09899997 -0.00999999 0.00949997
v 0.09875875 -0.01136803 0.00949997
v 0.09846407 -0.01199996 0.00949997
v 0.09899997 -0.00999999 0.00949997
v 0.09893923 -0.01069456 0.00949997
v 0.09875875 -0.01136803 0.00949997
v 0.09242880 -0.01306414 0.00949997
v 0.09363192 -0.01375871 0.00949997
v 0.09299999 -0.01346409 0.00949997
v 0.09757113 -0.00693577 0.00949997
v 0.09893923 -0.00930536 0.00949997
v 0.09875875 -0.00863189 0.00949997
v 0.09846407 -0.00799996 0.00949997
v 0.09757113 -0.00693577 0.00949997
v 0.09806418 -0.00742882 0.00949997
v 0.09846407 -0.00799996 0.00949997
v 0.09636807 -0.00624120 0.00949997
v 0.09569460 -0.01393920 0.00949997
v 0.09499996 -0.01399999 0.00949997
v 0.09700000 -0.00653589 0.00949997
v 0.09757113 -0.01306414 0.00949997
v 0.09124124 -0.01136803 0.00949997
v 0.09193581 -0.01257109 0.00949997
v 0.09153586 -0.01199996 0.00949997
v 0.09106075 -0.01069456 0.00949997
v 0.09430539 -0.01393920 0.00949997
v 0.09106075 -0.00930536 0.00949997
v 0.09099996 -0.00999999 0.00949997
v 0.09363192 -0.00624120 0.00949997
v 0.09430539 -0.00606072 0.00949997
v 0.09499996 -0.00599998 0.00949997
v 0.09242880 -0.00693577 0.00949997
v 0.09569460 -0.00606072 0.00949997
v 0.09299999 -0.00653589 0.00949997
v 0.09193581 -0.00742882 0.00949997
v 0.09124124 -0.00863189 0.00949997
v 0.09153586 -0.00799996 0.00949997
v 0.01129996 0.10887680 0.04654997
v 0.01129996 0.10550000 0.04654997
v 0.01098537 0.10550000 0.04657489
v 0.01099437 0.10889950 0.04657381
v 0.01068884 0.10890420 0.04664570
v 0.01067858 0.10550000 0.04664897
v 0.01046347 0.10889470 0.04673355
v 0.01038730 0.10550000 0.04677033
v 0.01025646 0.10887460 0.04684448
v 0.01011872 0.10550000 0.04693609
v 0.01006692 0.10884520 0.04697567
v 0.00987959 0.10550000 0.04714196
v 0.00989878 0.10880790 0.04712289
v 0.00974804 0.10876200 0.04728913
v 0.00967574 0.10550000 0.04738295
v 0.00961465 0.10870770 0.04747396
v 0.00951242 0.10550000 0.04765295
v 0.00950229 0.10864610 0.04767358
v 0.00944275 0.10860320 0.04780781
v 0.00939357 0.10550000 0.04794532
v 0.00939357 0.10855820 0.04794532
v 0.00746745 0.10813960 0.04953414
v 0.00720119 0.10550000 0.04954999
v 0.00720119 0.10815200 0.04954999
v 0.00756299 0.10550000 0.04952132
v 0.00773632 0.10813770 0.04948645
v 0.00791579 0.10550000 0.04943615
v 0.00802428 0.10814850 0.04939764
v 0.00825077 0.10550000 0.04929655
v 0.00829810 0.10817320 0.04927098
v 0.00855964 0.10550000 0.04910594
v 0.00854951 0.10821030 0.04911267
v 0.00878358 0.10826080 0.04891908
v 0.00883466 0.10550000 0.04886913
v 0.00903785 0.10834220 0.04863339
v 0.00906902 0.10550000 0.04859203
v 0.00924534 0.10844260 0.04830402
v 0.00925690 0.10550000 0.04828155
v 0.00939357 0.10550000 0.04794532
v 0.00939357 0.10855820 0.04794532
v -0.00480276 0.10828500 0.04954999
v -0.00720119 0.10550000 0.04954999
v -0.00720119 0.10815200 0.04954999
v -0.00240195 0.10836490 0.04954999
v 0.00000000 0.10839150 0.04954999
v 0.00720119 0.10550000 0.04954999
v 0.00240195 0.10836490 0.04954999
v 0.00480276 0.10828500 0.04954999
v -0.00933766 0.10850710 0.04810166
v -0.00939357 0.10550000 0.04794532
v -0.00939357 0.10855820 0.04794532
v -0.00925690 0.10550000 0.04828155
v -0.00927025 0.10845820 0.04825431
v -0.00914150 0.10838690 0.04848396
v -0.00906902 0.10550000 0.04859203
v -0.00898850 0.10832360 0.04869669
v -0.00883466 0.10550000 0.04886913
v -0.00881547 0.10826930 0.04888820
v -0.00862283 0.10822420 0.04905760
v -0.00855964 0.10550000 0.04910594
v -0.00840539 0.10818710 0.04920881
v -0.00825077 0.10550000 0.04929655
v -0.00816751 0.10815960 0.04933691
v -0.00791579 0.10550000 0.04943615
v -0.00790453 0.10814230 0.04943966
v -0.00756299 0.10550000 0.04952132
v -0.00755268 0.10813790 0.04952245
v -0.00720119 0.10550000 0.04954999
v -0.00720119 0.10815200 0.04954999
v -0.00939357 0.10855820 0.04794532
v -0.00939357 0.10550000 0.04794532
v -0.00951242 0.10550000 0.04765295
v -0.00952256 0.10865870 0.04763329
v -0.00967574 0.10550000 0.04738295
v -0.00970304 0.10874540 0.04734671
v -0.00987959 0.10550000 0.04714196
v -0.00992429 0.10881440 0.04709827
v -0.01011872 0.10550000 0.04693609
v -0.01012724 0.10885590 0.04693043
v -0.01034581 0.10888460 0.04679280
v -0.01038730 0.10550000 0.04677033
v -0.01058363 0.10890130 0.04668265
v -0.01067858 0.10550000 0.04664897
v -0.01083463 0.10890430 0.04660516
v -0.01098537 0.10550000 0.04657489
v -0.01106834 0.10889570 0.04656374
v -0.01129996 0.10550000 0.04654997
v -0.01129996 0.10887680 0.04654997
v -0.01280057 0.10871070 0.04654997
v -0.01354998 0.10550000 0.04654997
v -0.01354998 0.10861980 0.04654997
v -0.01280057 0.10871070 0.04654997
v -0.01354998 0.10550000 0.04654997
v -0.01205056 0.10879630 0.04654997
v -0.01129996 0.10887680 0.04654997
v -0.01653903 0.10919540 0.04380500
v -0.01655000 0.10550000 0.04354995
v -0.01655000 0.10928580 0.04354995
v -0.01651304 0.10550000 0.04401928
v -0.01650506 0.10910730 0.04406356
v -0.01641511 0.10898610 0.04443717
v -0.01640313 0.10550000 0.04447704
v -0.01631510 0.10890150 0.04471331
v -0.01622301 0.10550000 0.04491192
v -0.01618683 0.10882430 0.04498034
v -0.01603198 0.10875590 0.04523372
v -0.01597702 0.10550000 0.04531335
v -0.01585417 0.10869680 0.04546993
v -0.01567131 0.10550000 0.04567128
v -0.01565694 0.10864780 0.04568535
v -0.01544237 0.10860920 0.04587763
v -0.01531332 0.10550000 0.04597705
v -0.01520425 0.10858010 0.04605174
v -0.01491194 0.10550000 0.04622298
v -0.01494497 0.10856080 0.04620510
v -0.01466876 0.10855230 0.04633343
v -0.01447701 0.10550000 0.04640316
v -0.01433938 0.10855650 0.04644399
v -0.01401925 0.10550000 0.04651302
v -0.01394337 0.10857950 0.04652363
v -0.01354998 0.10550000 0.04654997
v -0.01354998 0.10861980 0.04654997
v -0.01655000 0.10550000 0.01644998
v -0.01655000 0.11905430 0.01644998
v -0.01655000 0.10550000 0.04354995
v -0.01386421 0.12046810 0.01346671
v -0.01354998 0.10550000 0.01344996
v -0.01354998 0.12050990 0.01344996
v -0.01401925 0.10550000 0.01348692
v -0.01417988 0.12041310 0.01351767
v -0.01447701 0.10550000 0.01359683
v -0.01456350 0.12032810 0.01362681
v -0.01491194 0.10550000 0.01377695
v -0.01492917 0.12022600 0.01378589
v -0.01526647 0.12011010 0.01399046
v -0.01531332 0.10550000 0.01402294
v -0.01556789 0.11998510 0.01423066
v -0.01567131 0.10550000 0.01432865
v -0.01582705 0.11985530 0.01449692
v -0.01597702 0.10550000 0.01468664
v -0.01605248 0.11971740 0.01479673
v -0.01622301 0.10550000 0.01508802
v -0.01624292 0.11957220 0.01512891
v -0.01637876 0.11943770 0.01545089
v -0.01640313 0.10550000 0.01552289
v -0.01650726 0.11924090 0.01594805
v -0.01651304 0.10550000 0.01598066
v -0.01655000 0.11905430 0.01644998
v -0.01655000 0.10550000 0.01644998
v -0.00943011 0.12090210 0.01344996
v -0.00736570 0.10550000 0.01344996
v -0.00736570 0.12104540 0.01344996
v -0.01149171 0.12072360 0.01344996
v -0.01354998 0.10550000 0.01344996
v -0.01354998 0.12050990 0.01344996
v -0.00736570 0.12104540 0.01344996
v -0.00736570 0.10550000 0.01344996
v -0.00705051 0.10550000 0.01342499
v -0.00705189 0.12107310 0.01342475
v -0.00674319 0.10550000 0.01335060
v -0.00673818 0.12111810 0.01334869
v -0.00649512 0.12116650 0.01325047
v -0.00645143 0.10550000 0.01322877
v -0.00628501 0.12121980 0.01313227
v -0.00618249 0.10550000 0.01306241
v -0.00609404 0.12127920 0.01299315
v -0.00594318 0.10550000 0.01285576
v -0.00592625 0.12134280 0.01283848
v -0.00577778 0.12141160 0.01266574
v -0.00573939 0.10550000 0.01261401
v -0.00570071 0.12145380 0.01255792
v -0.00563049 0.12149760 0.01244443
v -0.00557625 0.10550000 0.01234316
v -0.00553352 0.12156930 0.01225185
v -0.00545788 0.10550000 0.01204997
v -0.00545788 0.12164020 0.01204997
v 0.00118345 0.12213900 0.01064997
v 0.00354999 0.10550000 0.01064997
v 0.00354999 0.12209310 0.01064997
v -0.00118345 0.12213900 0.01064997
v -0.00354999 0.10550000 0.01064997
v -0.00354999 0.12209310 0.01064997
v 0.00539368 0.12169890 0.01187485
v 0.00533944 0.10550000 0.01175677
v 0.00531274 0.12175440 0.01170516
v 0.00517630 0.10550000 0.01148593
v 0.00519437 0.12181610 0.01151156
v 0.00505423 0.12187200 0.01133191
v 0.00497252 0.10550000 0.01124417
v 0.00489336 0.12192200 0.01116830
v 0.00473320 0.10550000 0.01103752
v 0.00471789 0.12196490 0.01102638
v 0.00446427 0.10550000 0.01087117
v 0.00445396 0.12201390 0.01086592
v 0.00417250 0.10550000 0.01074934
v 0.00416631 0.12205170 0.01074731
v 0.00386518 0.10550000 0.01067495
v 0.00386250 0.12207810 0.01067453
v 0.00354999 0.10550000 0.01064997
v 0.00354999 0.12209310 0.01064997
v 0.01149171 0.12072360 0.01344996
v 0.01354998 0.10550000 0.01344996
v 0.01354998 0.12050990 0.01344996
v 0.00736570 0.10550000 0.01344996
v 0.00943011 0.12090210 0.01344996
v 0.00736570 0.12104540 0.01344996
v 0.01654231 0.11913150 0.01623862
v 0.01655000 0.10550000 0.01644998
v 0.01655000 0.11905430 0.01644998
v 0.01651304 0.10550000 0.01598066
v 0.01651936 0.11921140 0.01602542
v 0.01644080 0.11935790 0.01564890
v 0.01640313 0.10550000 0.01552289
v 0.01631379 0.11950680 0.01528364
v 0.01622301 0.10550000 0.01508802
v 0.01614105 0.11965420 0.01493942
v 0.01597702 0.10550000 0.01468664
v 0.01592987 0.11979590 0.01462405
v 0.01567131 0.10550000 0.01432865
v 0.01568681 0.11992860 0.01434439
v 0.01540297 0.12005630 0.01409161
v 0.01531332 0.10550000 0.01402294
v 0.01508009 0.12017700 0.01387000
v 0.01491194 0.10550000 0.01377695
v 0.01472258 0.12028640 0.01368874
v 0.01447701 0.10550000 0.01359683
v 0.01433897 0.12038030 0.01355642
v 0.01401925 0.10550000 0.01348692
v 0.01394426 0.12045540 0.01347643
v 0.01354998 0.10550000 0.01344996
v 0.01354998 0.12050990 0.01344996
v 0.01655000 0.10550000 0.04354995
v 0.01655000 0.10928580 0.04354995
v 0.01655000 0.11905430 0.01644998
v 0.01384830 0.10858760 0.04653471
v 0.01354998 0.10550000 0.04654997
v 0.01354998 0.10861980 0.04654997
v 0.01401925 0.10550000 0.04651302
v 0.01415020 0.10856520 0.04648882
v 0.01447701 0.10550000 0.04640316
v 0.01452279 0.10855230 0.04638785
v 0.01491194 0.10550000 0.04622298
v 0.01488536 0.10855800 0.04623568
v 0.01522707 0.10858230 0.04603654
v 0.01531332 0.10550000 0.04597705
v 0.01553159 0.10862360 0.04580235
v 0.01567131 0.10550000 0.04567128
v 0.01579999 0.10868180 0.04553335
v 0.01597702 0.10550000 0.04531335
v 0.01603674 0.10875770 0.04522681
v 0.01622301 0.10550000 0.04491192
v 0.01623368 0.10884970 0.04489076
v 0.01640313 0.10550000 0.04447704
v 0.01638770 0.10895970 0.04452168
v 0.01651304 0.10550000 0.04401928
v 0.01651042 0.10911790 0.04403209
v 0.01655000 0.10550000 0.04354995
v 0.01655000 0.10928580 0.04354995
v 0.01205056 0.10879630 0.04654997
v 0.01129996 0.10550000 0.04654997
v 0.01280057 0.10871070 0.04654997
v 0.01354998 0.10550000 0.04654997
v 0.01354998 0.10861980 0.04654997
v 0.01354998 0.10550000 0.04654997
v 0.01280057 0.10871070 0.04654997
v -0.00375074 0.12208490 0.01066005
v -0.00354999 0.10550000 0.01064997
v -0.00354999 0.12209310 0.01064997
v -0.00386518 0.10550000 0.01067495
v -0.00394916 0.12207190 0.01069021
v -0.00417250 0.10550000 0.01074934
v -0.00414574 0.12205390 0.01074075
v -0.00433570 0.12203120 0.01081079
v -0.00446427 0.10550000 0.01087117
v -0.00451750 0.12200350 0.01089954
v -0.00473320 0.10550000 0.01103752
v -0.00468850 0.12197130 0.01100569
v -0.00484741 0.12193420 0.01112788
v -0.00497252 0.10550000 0.01124417
v -0.00501090 0.12188670 0.01128411
v -0.00517630 0.10550000 0.01148593
v -0.00515473 0.12183340 0.01145631
v -0.00533187 0.12174260 0.01174181
v -0.00533944 0.10550000 0.01175677
v -0.00545788 0.10550000 0.01204997
v 0.01394182 0.10550000 0.01620966
v 0.01622301 0.10550000 0.01508802
v 0.01597702 0.10550000 0.01468664
v 0.01394182 0.10550000 0.01620966
v 0.01597702 0.10550000 0.01468664
v 0.01567131 0.10550000 0.01432865
v 0.01379030 0.10550000 0.01605814
v 0.01567131 0.10550000 0.01432865
v 0.01379030 0.10550000 0.01605814
v 0.01567131 0.10550000 0.01432865
v 0.01531332 0.10550000 0.01402294
v 0.01379030 0.10550000 0.01605814
v 0.01531332 0.10550000 0.01402294
v 0.01491194 0.10550000 0.01377695
v 0.01406472 0.10550000 0.01638519
v 0.01406472 0.10550000 0.01638519
v 0.01640313 0.10550000 0.01552289
v 0.01622301 0.10550000 0.01508802
v 0.01361471 0.10550000 0.01593518
v 0.01379030 0.10550000 0.01605814
v 0.01491194 0.10550000 0.01377695
v 0.01361471 0.10550000 0.01593518
v 0.01447701 0.10550000 0.01359683
v 0.01415532 0.10550000 0.01657944
v 0.01655000 0.10550000 0.01644998
v 0.01651304 0.10550000 0.01598066
v 0.01415532 0.10550000 0.01657944
v 0.01651304 0.10550000 0.01598066
v 0.01640313 0.10550000 0.01552289
v 0.01640313 0.10550000 0.01552289
v 0.01342046 0.10550000 0.01584464
v 0.01401925 0.10550000 0.01348692
v 0.01354998 0.10550000 0.01344996
v 0.01342046 0.10550000 0.01584464
v 0.01447701 0.10550000 0.01359683
v 0.01421082 0.10550000 0.01678645
v 0.01321345 0.10550000 0.01578915
v 0.01422947 0.10550000 0.01699995
v 0.01299995 0.10550000 0.01577049
v 0.01421082 0.10550000 0.01721346
v 0.01278644 0.10550000 0.01578915
v 0.01299995 0.10550000 0.01577049
v 0.01354998 0.10550000 0.01344996
v 0.01415532 0.10550000 0.01742047
v 0.01257944 0.10550000 0.01584464
v 0.01278644 0.10550000 0.01578915
v 0.01354998 0.10550000 0.01344996
v 0.01406472 0.10550000 0.01761472
v 0.01238524 0.10550000 0.01593518
v 0.01257944 0.10550000 0.01584464
v 0.01394182 0.10550000 0.01779025
v 0.01220965 0.10550000 0.01605814
v 0.01379030 0.10550000 0.01794183
v 0.01361471 0.10550000 0.01806473
v 0.00736570 0.10550000 0.01344996
v 0.01177048 0.10550000 0.01699995
v 0.01178914 0.10550000 0.01678645
v 0.00736570 0.10550000 0.01344996
v 0.01178914 0.10550000 0.01678645
v 0.01184463 0.10550000 0.01657944
v 0.01184463 0.10550000 0.01657944
v 0.01193517 0.10550000 0.01638519
v 0.01193517 0.10550000 0.01638519
v 0.01205813 0.10550000 0.01620966
v 0.00736570 0.10550000 0.01344996
v 0.01205813 0.10550000 0.01620966
v 0.01220965 0.10550000 0.01605814
v 0.01178914 0.10550000 0.01721346
v 0.00517630 0.10550000 0.01148593
v 0.00497252 0.10550000 0.01124417
v 0.00473320 0.10550000 0.01103752
v 0.00705051 0.10550000 0.01342499
v 0.00705051 0.10550000 0.01342499
v 0.01184463 0.10550000 0.01742047
v 0.01178914 0.10550000 0.01721346
v 0.00417250 0.10550000 0.01074934
v 0.00446427 0.10550000 0.01087117
v 0.00674319 0.10550000 0.01335060
v 0.01184463 0.10550000 0.01742047
v 0.00674319 0.10550000 0.01335060
v 0.01193517 0.10550000 0.01761472
v 0.01184463 0.10550000 0.01742047
v 0.00645143 0.10550000 0.01322877
v 0.01205813 0.10550000 0.01779025
v 0.01193517 0.10550000 0.01761472
v 0.00645143 0.10550000 0.01322877
v 0.01193517 0.10550000 0.01761472
v 0.00386518 0.10550000 0.01067495
v 0.00386518 0.10550000 0.01067495
v 0.00473320 0.10550000 0.01103752
v 0.00417250 0.10550000 0.01074934
v 0.00545788 0.10550000 0.01204997
v 0.00533944 0.10550000 0.01175677
v 0.00386518 0.10550000 0.01067495
v 0.00533944 0.10550000 0.01175677
v 0.00517630 0.10550000 0.01148593
v 0.00354999 0.10550000 0.01064997
v 0.00545788 0.10550000 0.01204997
v 0.00386518 0.10550000 0.01067495
v 0.00354999 0.10550000 0.01064997
v 0.00573939 0.10550000 0.01261401
v 0.00557625 0.10550000 0.01234316
v 0.00354999 0.10550000 0.01064997
v 0.00557625 0.10550000 0.01234316
v -0.00417250 0.10550000 0.01074934
v -0.00354999 0.10550000 0.01064997
v -0.00386518 0.10550000 0.01067495
v -0.00446427 0.10550000 0.01087117
v -0.00497252 0.10550000 0.01124417
v -0.00446427 0.10550000 0.01087117
v -0.00473320 0.10550000 0.01103752
v -0.00497252 0.10550000 0.01124417
v -0.00517630 0.10550000 0.01148593
v -0.00545788 0.10550000 0.01204997
v -0.00533944 0.10550000 0.01175677
v -0.00557625 0.10550000 0.01234316
v -0.00573939 0.10550000 0.01261401
v 0.00573939 0.10550000 0.01261401
v -0.00573939 0.10550000 0.01261401
v 0.00594318 0.10550000 0.01285576
v 0.00573939 0.10550000 0.01261401
v -0.00573939 0.10550000 0.01261401
v -0.00354999 0.10550000 0.01064997
v -0.00557625 0.10550000 0.01234316
v -0.00594318 0.10550000 0.01285576
v 0.00594318 0.10550000 0.01285576
v -0.00573939 0.10550000 0.01261401
v -0.00618249 0.10550000 0.01306241
v 0.00618249 0.10550000 0.01306241
v 0.00594318 0.10550000 0.01285576
v -0.00618249 0.10550000 0.01306241
v 0.00594318 0.10550000 0.01285576
v -0.00594318 0.10550000 0.01285576
v -0.00645143 0.10550000 0.01322877
v 0.00618249 0.10550000 0.01306241
v -0.00618249 0.10550000 0.01306241
v -0.00645143 0.10550000 0.01322877
v 0.00645143 0.10550000 0.01322877
v 0.00618249 0.10550000 0.01306241
v 0.01379030 0.10550000 0.04205811
v 0.01394182 0.10550000 0.04220968
v 0.01655000 0.10550000 0.04354995
v -0.01220965 0.10550000 0.01605814
v -0.00736570 0.10550000 0.01344996
v -0.01354998 0.10550000 0.01344996
v -0.01205813 0.10550000 0.01620966
v 0.01361471 0.10550000 0.04193520
v 0.01342046 0.10550000 0.01815533
v 0.01406472 0.10550000 0.04238522
v -0.01193517 0.10550000 0.01638519
v -0.01238524 0.10550000 0.01593518
v 0.01342046 0.10550000 0.04184460
v 0.01415532 0.10550000 0.04257947
v -0.01257944 0.10550000 0.01584464
v -0.01184463 0.10550000 0.01657944
v 0.01321345 0.10550000 0.04178917
v 0.01321345 0.10550000 0.01821076
v 0.01299995 0.10550000 0.01822948
v 0.01421082 0.10550000 0.04278647
v -0.01278644 0.10550000 0.01578915
v -0.01257944 0.10550000 0.01584464
v -0.01354998 0.10550000 0.01344996
v -0.01178914 0.10550000 0.01678645
v 0.01422947 0.10550000 0.04299998
v 0.01299995 0.10550000 0.04177045
v -0.01177048 0.10550000 0.01699995
v -0.01299995 0.10550000 0.01577049
v -0.01278644 0.10550000 0.01578915
v -0.01354998 0.10550000 0.01344996
v 0.01421082 0.10550000 0.04321348
v 0.01278644 0.10550000 0.04178917
v 0.01278644 0.10550000 0.01821076
v -0.01178914 0.10550000 0.01721346
v -0.00705051 0.10550000 0.01342499
v -0.01321345 0.10550000 0.01578915
v -0.01299995 0.10550000 0.01577049
v 0.01415532 0.10550000 0.04342049
v 0.01415532 0.10550000 0.04342049
v 0.01640313 0.10550000 0.04447704
v 0.01651304 0.10550000 0.04401928
v 0.01651304 0.10550000 0.04401928
v 0.01257944 0.10550000 0.04184460
v 0.01257944 0.10550000 0.01815533
v 0.01238524 0.10550000 0.01806473
v -0.01184463 0.10550000 0.01742047
v -0.00674319 0.10550000 0.01335060
v -0.00705051 0.10550000 0.01342499
v -0.01342046 0.10550000 0.01584464
v -0.01401925 0.10550000 0.01348692
v -0.01447701 0.10550000 0.01359683
v 0.01406472 0.10550000 0.04361474
v 0.01622301 0.10550000 0.04491192
v 0.01640313 0.10550000 0.04447704
v 0.01406472 0.10550000 0.04361474
v 0.01640313 0.10550000 0.04447704
v 0.01415532 0.10550000 0.04342049
v 0.01238524 0.10550000 0.04193520
v -0.01193517 0.10550000 0.01761472
v -0.00645143 0.10550000 0.01322877
v -0.00674319 0.10550000 0.01335060
v -0.01193517 0.10550000 0.01761472
v -0.01361471 0.10550000 0.01593518
v -0.01491194 0.10550000 0.01377695
v -0.01361471 0.10550000 0.01593518
v -0.01342046 0.10550000 0.01584464
v -0.01447701 0.10550000 0.01359683
v 0.01394182 0.10550000 0.04379028
v 0.01597702 0.10550000 0.04531335
v 0.01622301 0.10550000 0.04491192
v 0.01406472 0.10550000 0.04361474
v 0.01220965 0.10550000 0.04205811
v 0.01220965 0.10550000 0.01794183
v -0.01205813 0.10550000 0.01779025
v -0.00645143 0.10550000 0.01322877
v 0.01205813 0.10550000 0.01779025
v -0.01379030 0.10550000 0.01605814
v -0.01361471 0.10550000 0.01593518
v -0.01491194 0.10550000 0.01377695
v -0.01379030 0.10550000 0.01605814
v -0.01531332 0.10550000 0.01402294
v 0.01567131 0.10550000 0.04567128
v 0.01597702 0.10550000 0.04531335
v 0.01394182 0.10550000 0.04379028
v -0.01567131 0.10550000 0.01432865
v -0.01379030 0.10550000 0.01605814
v -0.01531332 0.10550000 0.01402294
v 0.01379030 0.10550000 0.04394185
v 0.01567131 0.10550000 0.04567128
v 0.01205813 0.10550000 0.04220968
v -0.01220965 0.10550000 0.01794183
v -0.01394182 0.10550000 0.01620966
v -0.01567131 0.10550000 0.01432865
v 0.01531332 0.10550000 0.04597705
v 0.01567131 0.10550000 0.04567128
v 0.01379030 0.10550000 0.04394185
v -0.01597702 0.10550000 0.01468664
v 0.01491194 0.10550000 0.04622298
v 0.01531332 0.10550000 0.04597705
v 0.01379030 0.10550000 0.04394185
v 0.01491194 0.10550000 0.04622298
v 0.01361471 0.10550000 0.04406476
v -0.01622301 0.10550000 0.01508802
v -0.01406472 0.10550000 0.01638519
v 0.01447701 0.10550000 0.04640316
v 0.01491194 0.10550000 0.04622298
v 0.01361471 0.10550000 0.04406476
v 0.01447701 0.10550000 0.04640316
v 0.01342046 0.10550000 0.04415529
v -0.01640313 0.10550000 0.01552289
v -0.01406472 0.10550000 0.01638519
v -0.01622301 0.10550000 0.01508802
v -0.01640313 0.10550000 0.01552289
v -0.01415532 0.10550000 0.01657944
v -0.01406472 0.10550000 0.01638519
v 0.01401925 0.10550000 0.04651302
v 0.01447701 0.10550000 0.04640316
v 0.01342046 0.10550000 0.04415529
v -0.01651304 0.10550000 0.01598066
v -0.01415532 0.10550000 0.01657944
v 0.01354998 0.10550000 0.04654997
v 0.01401925 0.10550000 0.04651302
v 0.01342046 0.10550000 0.04415529
v 0.01321345 0.10550000 0.04421079
v 0.01299995 0.10550000 0.04422944
v 0.01354998 0.10550000 0.04654997
v 0.01299995 0.10550000 0.04422944
v 0.01278644 0.10550000 0.04421079
v -0.01655000 0.10550000 0.01644998
v -0.01422947 0.10550000 0.01699995
v -0.01421082 0.10550000 0.01678645
v -0.01655000 0.10550000 0.01644998
v -0.01421082 0.10550000 0.01678645
v -0.01415532 0.10550000 0.01657944
v -0.01651304 0.10550000 0.01598066
v -0.01655000 0.10550000 0.01644998
v -0.01361471 0.10550000 0.01806473
v -0.01379030 0.10550000 0.01794183
v -0.01655000 0.10550000 0.01644998
v -0.01379030 0.10550000 0.01794183
v -0.01394182 0.10550000 0.01779025
v -0.01394182 0.10550000 0.01779025
v -0.01406472 0.10550000 0.01761472
v -0.01655000 0.10550000 0.01644998
v -0.01406472 0.10550000 0.01761472
v -0.01415532 0.10550000 0.01742047
v -0.01421082 0.10550000 0.01721346
v -0.01655000 0.10550000 0.01644998
v -0.01421082 0.10550000 0.01721346
v -0.01422947 0.10550000 0.01699995
v 0.01129996 0.10550000 0.04654997
v 0.01278644 0.10550000 0.04421079
v 0.01129996 0.10550000 0.04654997
v 0.01278644 0.10550000 0.04421079
v 0.01257944 0.10550000 0.04415529
v 0.01129996 0.10550000 0.04654997
v 0.01257944 0.10550000 0.04415529
v 0.01238524 0.10550000 0.04406476
v 0.01238524 0.10550000 0.04406476
v 0.01220965 0.10550000 0.04394185
v 0.01098537 0.10550000 0.04657489
v 0.01220965 0.10550000 0.04394185
v 0.01098537 0.10550000 0.04657489
v 0.01220965 0.10550000 0.04394185
v 0.01205813 0.10550000 0.04379028
v 0.01098537 0.10550000 0.04657489
v 0.01205813 0.10550000 0.04379028
v 0.01193517 0.10550000 0.04361474
v 0.01067858 0.10550000 0.04664897
v 0.01193517 0.10550000 0.04361474
v 0.01067858 0.10550000 0.04664897
v 0.01193517 0.10550000 0.04361474
v 0.01184463 0.10550000 0.04342049
v 0.01038730 0.10550000 0.04677033
v 0.01184463 0.10550000 0.04342049
v 0.01178914 0.10550000 0.04321348
v 0.01011872 0.10550000 0.04693609
v 0.01177048 0.10550000 0.04299998
v 0.00987959 0.10550000 0.04714196
v 0.01177048 0.10550000 0.04299998
v 0.01178914 0.10550000 0.04278647
v 0.00967574 0.10550000 0.04738295
v 0.00987959 0.10550000 0.04714196
v 0.01178914 0.10550000 0.04278647
v 0.00883466 0.10550000 0.04886913
v 0.00906902 0.10550000 0.04859203
v 0.00925690 0.10550000 0.04828155
v 0.00855964 0.10550000 0.04910594
v 0.00883466 0.10550000 0.04886913
v 0.00925690 0.10550000 0.04828155
v 0.00825077 0.10550000 0.04929655
v 0.00855964 0.10550000 0.04910594
v 0.00925690 0.10550000 0.04828155
v 0.00756299 0.10550000 0.04952132
v 0.00825077 0.10550000 0.04929655
v 0.00925690 0.10550000 0.04828155
v 0.00756299 0.10550000 0.04952132
v 0.00791579 0.10550000 0.04943615
v 0.00720119 0.10550000 0.04954999
v 0.00967574 0.10550000 0.04738295
v 0.01178914 0.10550000 0.04278647
v 0.00720119 0.10550000 0.04954999
v 0.00939357 0.10550000 0.04794532
v 0.00720119 0.10550000 0.04954999
v 0.00939357 0.10550000 0.04794532
v 0.00951242 0.10550000 0.04765295
v 0.00720119 0.10550000 0.04954999
v 0.00951242 0.10550000 0.04765295
v 0.00967574 0.10550000 0.04738295
v -0.01220965 0.10550000 0.04205811
v -0.01205813 0.10550000 0.04220968
v -0.01238524 0.10550000 0.04193520
v -0.01238524 0.10550000 0.01806473
v -0.01193517 0.10550000 0.04238522
v 0.01205813 0.10550000 0.04220968
v -0.01205813 0.10550000 0.04220968
v -0.01193517 0.10550000 0.04238522
v 0.01193517 0.10550000 0.04238522
v 0.01205813 0.10550000 0.04220968
v -0.01257944 0.10550000 0.04184460
v -0.01257944 0.10550000 0.01815533
v -0.01184463 0.10550000 0.04257947
v 0.01193517 0.10550000 0.04238522
v -0.01184463 0.10550000 0.04257947
v 0.01178914 0.10550000 0.04278647
v 0.01184463 0.10550000 0.04257947
v -0.01184463 0.10550000 0.04257947
v 0.01184463 0.10550000 0.04257947
v 0.01193517 0.10550000 0.04238522
v -0.01278644 0.10550000 0.04178917
v -0.01278644 0.10550000 0.01821076
v -0.01178914 0.10550000 0.04278647
v -0.01178914 0.10550000 0.04278647
v 0.01178914 0.10550000 0.04278647
v -0.01299995 0.10550000 0.04177045
v -0.01299995 0.10550000 0.01822948
v -0.01321345 0.10550000 0.01821076
v -0.01321345 0.10550000 0.04178917
v -0.01342046 0.10550000 0.04184460
v -0.01342046 0.10550000 0.01815533
v -0.01361471 0.10550000 0.01806473
v -0.01361471 0.10550000 0.04193520
v -0.00720119 0.10550000 0.04954999
v -0.00987959 0.10550000 0.04714196
v -0.01177048 0.10550000 0.04299998
v -0.01011872 0.10550000 0.04693609
v -0.01177048 0.10550000 0.04299998
v -0.01178914 0.10550000 0.04321348
v -0.00967574 0.10550000 0.04738295
v -0.00967574 0.10550000 0.04738295
v -0.01178914 0.10550000 0.04278647
v -0.00987959 0.10550000 0.04714196
v -0.01038730 0.10550000 0.04677033
v -0.01184463 0.10550000 0.04342049
v -0.00951242 0.10550000 0.04765295
v -0.01067858 0.10550000 0.04664897
v -0.01193517 0.10550000 0.04361474
v -0.01067858 0.10550000 0.04664897
v -0.00939357 0.10550000 0.04794532
v -0.00925690 0.10550000 0.04828155
v -0.00791579 0.10550000 0.04943615
v -0.00756299 0.10550000 0.04952132
v -0.00925690 0.10550000 0.04828155
v -0.00756299 0.10550000 0.04952132
v -0.00720119 0.10550000 0.04954999
v -0.00925690 0.10550000 0.04828155
v -0.01098537 0.10550000 0.04657489
v -0.01193517 0.10550000 0.04361474
v -0.01098537 0.10550000 0.04657489
v -0.01193517 0.10550000 0.04361474
v -0.01205813 0.10550000 0.04379028
v -0.01098537 0.10550000 0.04657489
v -0.01205813 0.10550000 0.04379028
v -0.01220965 0.10550000 0.04394185
v -0.00855964 0.10550000 0.04910594
v -0.00825077 0.10550000 0.04929655
v -0.00791579 0.10550000 0.04943615
v -0.00883466 0.10550000 0.04886913
v -0.00855964 0.10550000 0.04910594
v -0.00791579 0.10550000 0.04943615
v -0.00883466 0.10550000 0.04886913
v -0.00925690 0.10550000 0.04828155
v -0.00906902 0.10550000 0.04859203
v -0.01129996 0.10550000 0.04654997
v -0.01220965 0.10550000 0.04394185
v -0.01238524 0.10550000 0.04406476
v -0.01129996 0.10550000 0.04654997
v -0.01238524 0.10550000 0.04406476
v -0.01257944 0.10550000 0.04415529
v -0.01257944 0.10550000 0.04415529
v -0.01278644 0.10550000 0.04421079
v -0.01129996 0.10550000 0.04654997
v -0.01220965 0.10550000 0.04394185
v -0.01354998 0.10550000 0.04654997
v -0.01278644 0.10550000 0.04421079
v -0.01299995 0.10550000 0.04422944
v -0.01354998 0.10550000 0.04654997
v -0.01299995 0.10550000 0.04422944
v -0.01321345 0.10550000 0.04421079
v -0.01342046 0.10550000 0.04415529
v -0.01655000 0.10550000 0.04354995
v -0.01415532 0.10550000 0.04342049
v -0.01421082 0.10550000 0.04321348
v -0.01655000 0.10550000 0.04354995
v -0.01421082 0.10550000 0.04321348
v -0.01422947 0.10550000 0.04299998
v -0.01655000 0.10550000 0.04354995
v -0.01422947 0.10550000 0.04299998
v -0.01421082 0.10550000 0.04278647
v -0.01655000 0.10550000 0.04354995
v -0.01421082 0.10550000 0.04278647
v -0.01415532 0.10550000 0.04257947
v -0.01406472 0.10550000 0.04238522
v -0.01406472 0.10550000 0.04238522
v -0.01394182 0.10550000 0.04220968
v -0.01655000 0.10550000 0.04354995
v -0.01394182 0.10550000 0.04220968
v -0.01379030 0.10550000 0.04205811
v -0.01655000 0.10550000 0.04354995
v -0.01379030 0.10550000 0.04205811
v -0.01361471 0.10550000 0.04193520
v -0.01651304 0.10550000 0.04401928
v -0.01415532 0.10550000 0.04342049
v -0.01401925 0.10550000 0.04651302
v -0.01640313 0.10550000 0.04447704
v -0.01406472 0.10550000 0.04361474
v -0.01415532 0.10550000 0.04342049
v -0.01640313 0.10550000 0.04447704
v -0.01447701 0.10550000 0.04640316
v -0.01342046 0.10550000 0.04415529
v -0.01361471 0.10550000 0.04406476
v -0.01447701 0.10550000 0.04640316
v -0.01401925 0.10550000 0.04651302
v -0.01342046 0.10550000 0.04415529
v -0.01622301 0.10550000 0.04491192
v -0.01394182 0.10550000 0.04379028
v -0.01406472 0.10550000 0.04361474
v -0.01622301 0.10550000 0.04491192
v -0.01406472 0.10550000 0.04361474
v -0.01640313 0.10550000 0.04447704
v -0.01491194 0.10550000 0.04622298
v -0.01379030 0.10550000 0.04394185
v -0.01491194 0.10550000 0.04622298
v -0.01361471 0.10550000 0.04406476
v -0.01597702 0.10550000 0.04531335
v -0.01531332 0.10550000 0.04597705
v -0.01379030 0.10550000 0.04394185
v -0.01567131 0.10550000 0.04567128
v -0.01394182 0.10550000 0.04379028
v -0.01597702 0.10550000 0.04531335
v -0.01567131 0.10550000 0.04567128
v -0.01531332 0.10550000 0.04597705
v 0.04296839 -0.11378520 0.01244443
v 0.06124997 -0.10608810 0.00740462
v 0.06189471 -0.10470150 0.01244443
v 0.02276194 -0.11947910 0.01244443
v 0.04189741 -0.11511230 0.00740462
v 0.00187743 -0.12161350 0.01244443
v 0.02127188 -0.12063890 0.00740462
v -0.01906299 -0.12012480 0.01244443
v 0.00000000 -0.12250000 0.00740462
v -0.03943556 -0.11505740 0.01244443
v -0.02127188 -0.12063890 0.00740462
v -0.05863326 -0.10656220 0.01244443
v -0.04189741 -0.11511230 0.00740462
v -0.07608419 -0.09489232 0.01244443
v -0.06124997 -0.10608810 0.00740462
v -0.09126842 -0.08039546 0.01244443
v -0.07874149 -0.09384042 0.00740462
v -0.10373360 -0.06350350 0.01244443
v -0.09384042 -0.07874149 0.00740462
v -0.11310840 -0.04471963 0.01244443
v -0.10608810 -0.06124997 0.00740462
v -0.11911350 -0.02460354 0.01244443
v -0.11511230 -0.04189741 0.00740462
v -0.12157000 -0.00375438 0.01244443
v -0.12063890 -0.02127188 0.00740462
v -0.12040470 0.01720649 0.01244443
v -0.12250000 0.00000000 0.00740462
v 0.00545788 0.12164020 0.01204997
v 0.00553364 0.12156920 0.01225203
v 0.00563049 0.12149760 0.01244443
v 0.00539368 0.12169890 0.01187485
v 0.00505423 0.12187200 0.01133191
v 0.00519437 0.12181610 0.01151156
v 0.00531274 0.12175440 0.01170516
v 0.07874149 0.09384042 0.00740462
v 0.06403642 0.10340550 0.01244443
v 0.09384042 0.07874149 0.00740462
v 0.08055192 0.09113043 0.01244443
v 0.10608810 0.06124997 0.00740462
v 0.09476172 0.07624685 0.01244443
v 0.11511230 0.04189741 0.00740462
v 0.10625910 0.05918079 0.01244443
v 0.11471490 0.04042083 0.01244443
v 0.12211030 0.00000000 0.01080143
v 0.11988720 0.02050387 0.01244443
v 0.12162800 0.00000000 0.01244443
v 0.12240230 0.00000000 0.00911415
v 0.12011060 -0.02096635 0.01151156
v 0.11981620 -0.02091497 0.01244443
v 0.12031990 -0.02100288 0.01067453
v 0.12240230 0.00000000 0.00911415
v 0.12057900 -0.02104812 0.00911415
v 0.12250000 0.00000000 0.00740462
v 0.11471610 -0.04130810 0.01151156
v 0.11443490 -0.04120689 0.01244443
v 0.11491600 -0.04138010 0.01067453
v 0.11516340 -0.04146921 0.00911415
v 0.11511230 -0.04189741 0.00740462
v 0.10590400 -0.06041926 0.01151156
v 0.10564440 -0.06027120 0.01244443
v 0.10608850 -0.06052452 0.01067453
v 0.10631690 -0.06065487 0.00911415
v 0.09393686 -0.07773041 0.01151156
v 0.09410047 -0.07786583 0.01067453
v 0.09384042 -0.07874149 0.00740462
v 0.09430313 -0.07803350 0.00911415
v 0.07917112 -0.09272581 0.01151156
v 0.07930904 -0.09288734 0.01067453
v 0.07874149 -0.09384042 0.00740462
v 0.07947987 -0.09308737 0.00911415
v 0.06204676 -0.10495870 0.01151156
v 0.06215488 -0.10514160 0.01067453
v 0.06228870 -0.10536800 0.00911415
v 0.04307395 -0.11406480 0.01151156
v 0.04314899 -0.11426350 0.01067453
v 0.04324191 -0.11450960 0.00911415
v 0.02281790 -0.11977260 0.01151156
v 0.02285766 -0.11998130 0.01067453
v 0.02290683 -0.12023970 0.00911415
v 0.00188202 -0.12191230 0.01151156
v 0.00188529 -0.12212470 0.01067453
v 0.00188935 -0.12238770 0.00911415
v -0.01910984 -0.12041990 0.01151156
v -0.01914316 -0.12062970 0.01067453
v -0.01918435 -0.12088950 0.00911415
v -0.03953248 -0.11534010 0.01151156
v -0.03960132 -0.11554100 0.01067453
v -0.03968662 -0.11578980 0.00911415
v -0.05877733 -0.10682400 0.01151156
v -0.05887973 -0.10701010 0.01067453
v -0.05900651 -0.10724060 0.00911415
v -0.07627111 -0.09512549 0.01151156
v -0.07640403 -0.09529119 0.01067453
v -0.07656854 -0.09549641 0.00911415
v -0.09149265 -0.08059298 0.01151156
v -0.09165209 -0.08073341 0.01067453
v -0.09184944 -0.08090728 0.00911415
v -0.10398850 -0.06365954 0.01151156
v -0.10416970 -0.06377041 0.01067453
v -0.10439400 -0.06390774 0.00911415
v -0.11338630 -0.04482954 0.01151156
v -0.11358390 -0.04490762 0.01067453
v -0.11382840 -0.04500430 0.00911415
v -0.11940620 -0.02466398 0.01151156
v -0.11961420 -0.02470695 0.01067453
v -0.11987180 -0.02476012 0.00911415
v -0.12186870 -0.00376362 0.01151156
v -0.12208110 -0.00377017 0.01067453
v -0.12234390 -0.00377828 0.00911415
v -0.12070050 0.01724880 0.01151156
v -0.12091080 0.01727885 0.01067453
v -0.12117120 0.01731604 0.00911415
v -0.12063890 0.02127188 0.00740462
v -0.12054270 0.02125489 0.00911415
v -0.11565240 0.03765487 0.01244443
v -0.11593650 0.03774738 0.01151156
v -0.11613850 0.03781312 0.01067453
v -0.11638860 0.03789454 0.00911415
v -0.11502050 0.04186403 0.00911415
v -0.10745450 0.05698138 0.01244443
v -0.10771850 0.05712139 0.01151156
v -0.10790620 0.05722093 0.01067453
v -0.10813860 0.05734413 0.00911415
v -0.10608810 0.06124997 0.00740462
v -0.10600350 0.06120109 0.00911415
v -0.09605544 0.07461041 0.01244443
v -0.09629148 0.07479369 0.01151156
v -0.09645920 0.07492399 0.01067453
v -0.09666693 0.07508534 0.00911415
v -0.09384042 0.07874149 0.00740462
v -0.09376555 0.07867866 0.00911415
v -0.08199566 0.09023773 0.01151156
v -0.08213853 0.09039497 0.01067453
v -0.08231538 0.09058964 0.00911415
v -0.07874149 0.09384042 0.00740462
v -0.07867866 0.09376555 0.00911415
v -0.06509715 0.10274100 0.01244443
v -0.06525713 0.10299340 0.01151156
v -0.06537079 0.10317290 0.01067453
v -0.06551158 0.10339510 0.00911415
v -0.06120109 0.10600350 0.00911415
v -0.04657441 0.11268080 0.01151156
v -0.04665553 0.11287710 0.01067453
v -0.04675602 0.11312020 0.00911415
v -0.04189741 0.11511230 0.00740462
v -0.04186403 0.11502050 0.00911415
v -0.02650415 0.11901120 0.01151156
v -0.02655035 0.11921860 0.01067453
v -0.02660751 0.11947530 0.00911415
v -0.02125489 0.12054270 0.00911415
v -0.00563049 0.12149760 0.01244443
v -0.00564432 0.12179610 0.01151156
v -0.00553352 0.12156930 0.01225185
v -0.00545788 0.12164020 0.01204997
v -0.00533187 0.12174260 0.01174181
v -0.00515473 0.12183340 0.01145631
v -0.00565416 0.12200830 0.01067453
v -0.00501090 0.12188670 0.01128411
v -0.00484741 0.12193420 0.01112788
v -0.00468850 0.12197130 0.01100569
v -0.00451750 0.12200350 0.01089954
v -0.00433570 0.12203120 0.01081079
v -0.00566632 0.12227100 0.00911415
v 0.00000000 0.12250000 0.00740462
v -0.00414574 0.12205390 0.01074075
v -0.00394916 0.12207190 0.01069021
v -0.00375074 0.12208490 0.01066005
v -0.00354999 0.12209310 0.01064997
v -0.00118595 0.12239650 0.00911415
v 0.00118345 0.12213900 0.01064997
v -0.00118345 0.12213900 0.01064997
v 0.00355744 0.12235050 0.00911415
v 0.00354999 0.12209310 0.01064997
v 0.00386250 0.12207810 0.01067453
v 0.00416631 0.12205170 0.01074731
v 0.00445396 0.12201390 0.01086592
v 0.00471789 0.12196490 0.01102638
v 0.00489336 0.12192200 0.01116830
v 0.02125489 0.12054270 0.00911415
v 0.02609574 0.11910150 0.01151156
v 0.02614122 0.11930900 0.01067453
v 0.02619755 0.11956590 0.00911415
v 0.04189741 0.11511230 0.00740462
v 0.04186403 0.11502050 0.00911415
v 0.04568797 0.11272070 0.01244443
v 0.04580026 0.11299770 0.01151156
v 0.04588001 0.11319460 0.01067453
v 0.04597884 0.11343830 0.00911415
v 0.06120109 0.10600350 0.00911415
v 0.07850956 0.09356409 0.01067453
v 0.07867866 0.09376555 0.00911415
v 0.09356409 0.07850956 0.01067453
v 0.09376555 0.07867866 0.00911415
v 0.10577570 0.06106960 0.01067453
v 0.10600350 0.06120109 0.00911415
v 0.11477330 0.04177403 0.01067453
v 0.11502050 0.04186403 0.00911415
v 0.12007450 0.02117234 0.01151156
v 0.12028370 0.02120923 0.01067453
v 0.12054270 0.02125489 0.00911415
v 0.12250000 0.00000000 0.00740462
v 0.08488929 0.08069759 0.02506732
v 0.08755338 0.08049470 0.01999998
v 0.08586597 0.08067852 0.01999998
v 0.08416861 0.08067059 0.01999998
v 0.08248299 0.08047086 0.01999998
v 0.08248299 0.08047086 0.03036695
v 0.08248299 0.08047086 0.03036695
v 0.08248299 0.08047086 0.01999998
v 0.06468850 0.07733321 0.01999998
v 0.06468850 0.07733321 0.07077008
v 0.03462827 0.09468847 0.07077008
v 0.03661727 0.09042304 0.01999998
v 0.03462827 0.09468847 0.01999998
v 0.03594452 0.09166121 0.07739925
v 0.03786748 0.08845871 0.08366191
v 0.03931677 0.08656775 0.01999998
v 0.04006296 0.08571547 0.08816659
v 0.04264473 0.08323985 0.01999998
v 0.04176491 0.08401113 0.09061771
v 0.04350614 0.08254653 0.09250795
v 0.04420977 0.08202171 0.09305858
v 0.04649996 0.08054035 0.01999998
v 0.04476851 0.08162957 0.09339702
v 0.04535281 0.08124130 0.09365260
v 0.04596143 0.08085972 0.09380811
v 0.04657983 0.08049499 0.09384644
v 0.04726225 0.08011728 0.09376168
v 0.04805684 0.07970827 0.09351038
v 0.04864889 0.07942491 0.09322154
v 0.05076545 0.07855135 0.01999998
v 0.04953342 0.07903397 0.09265583
v 0.05086410 0.07851552 0.09157127
v 0.05420029 0.07755327 0.08816659
v 0.05531150 0.07733321 0.01999998
v 0.05598706 0.07722306 0.08601647
v 0.05776399 0.07701593 0.08352732
v 0.06000000 0.07692301 0.01999998
v 0.06064820 0.07693046 0.07878774
v 0.06468850 0.07733321 0.07077008
v 0.06468850 0.07733321 0.01999998
v 0.02738261 0.11396930 0.02482181
v 0.02844828 0.11166780 0.01999998
v 0.02777844 0.11322740 0.01999998
v 0.02693665 0.11470140 0.01999998
v 0.02593374 0.11607080 0.01999998
v 0.02844828 0.11166780 0.03036695
v 0.03462827 0.09468847 0.01999998
v 0.02844828 0.11166780 0.01999998
v 0.02844828 0.11166780 0.03036695
v 0.03462827 0.09468847 0.07077008
v 0.07436603 0.09281533 0.01999998
v 0.08586597 0.08067852 0.01999998
v 0.08755338 0.08049470 0.01999998
v 0.08416861 0.08067059 0.01999998
v 0.08248299 0.08047086 0.01999998
v 0.06260168 0.09460937 0.01999998
v 0.06308668 0.09279936 0.01999998
v 0.06325000 0.09093266 0.01999998
v 0.06180977 0.09630763 0.01999998
v 0.05946636 0.10299870 0.01999998
v 0.06308668 0.08906590 0.01999998
v 0.06073492 0.09784263 0.01999998
v 0.06260168 0.08725595 0.01999998
v 0.05940991 0.09916764 0.01999998
v 0.06468850 0.07733321 0.01999998
v 0.06180977 0.08555763 0.01999998
v 0.05787497 0.10024240 0.01999998
v 0.06073492 0.08402270 0.01999998
v 0.05617672 0.10103440 0.01999998
v 0.05940991 0.08269768 0.01999998
v 0.05436670 0.10151940 0.01999998
v 0.06000000 0.07692301 0.01999998
v 0.05787497 0.08162289 0.01999998
v 0.05249994 0.10168270 0.01999998
v 0.05617672 0.08083093 0.01999998
v 0.05531150 0.07733321 0.01999998
v 0.05436670 0.08034598 0.01999998
v 0.05249994 0.08018267 0.01999998
v 0.04319739 0.11081050 0.01999998
v 0.04712498 0.10024240 0.01999998
v 0.04882323 0.10103440 0.01999998
v 0.05063325 0.10151940 0.01999998
v 0.04558998 0.09916764 0.01999998
v 0.05076545 0.07855135 0.01999998
v 0.05063325 0.08034598 0.01999998
v 0.04882323 0.08083093 0.01999998
v 0.04426497 0.09784263 0.01999998
v 0.04649996 0.08054035 0.01999998
v 0.04712498 0.08162289 0.01999998
v 0.04558998 0.08269768 0.01999998
v 0.04264473 0.08323985 0.01999998
v 0.04426497 0.08402270 0.01999998
v 0.04319018 0.08555763 0.01999998
v 0.03931677 0.08656775 0.01999998
v 0.04239827 0.08725595 0.01999998
v 0.04191327 0.08906590 0.01999998
v 0.03661727 0.09042304 0.01999998
v 0.04174995 0.09093266 0.01999998
v 0.04191327 0.09279936 0.01999998
v 0.03462827 0.09468847 0.01999998
v 0.04239827 0.09460937 0.01999998
v 0.04319018 0.09630763 0.01999998
v 0.02844828 0.11166780 0.01999998
v 0.02777844 0.11322740 0.01999998
v 0.02693665 0.11470140 0.01999998
v 0.02593374 0.11607080 0.01999998
v -0.02744156 0.11386510 0.02506732
v -0.02593374 0.11607080 0.01999998
v -0.02693665 0.11470140 0.01999998
v -0.02777844 0.11322740 0.01999998
v -0.02844828 0.11166780 0.01999998
v -0.02844828 0.11166780 0.03036695
v -0.02844828 0.11166780 0.03036695
v -0.02844828 0.11166780 0.01999998
v -0.03462827 0.09468847 0.01999998
v -0.03462827 0.09468847 0.07077008
v -0.06468850 0.07733321 0.07077008
v -0.06000000 0.07692301 0.01999998
v -0.06468850 0.07733321 0.01999998
v -0.06140863 0.07695949 0.07739925
v -0.05767369 0.07702356 0.08366191
v -0.05531150 0.07733321 0.01999998
v -0.05420029 0.07755327 0.08816659
v -0.05076545 0.07855135 0.01999998
v -0.05187332 0.07817506 0.09061771
v -0.04973429 0.07895070 0.09250795
v -0.04892796 0.07929766 0.09305858
v -0.04649996 0.08054035 0.01999998
v -0.04830896 0.07958549 0.09339702
v -0.04768061 0.07989740 0.09365260
v -0.04704582 0.08023363 0.09380811
v -0.04642081 0.08058685 0.09384644
v -0.04575246 0.08098900 0.09376168
v -0.04500091 0.08147257 0.09351038
v -0.04445952 0.08184367 0.09322154
v -0.04264473 0.08323985 0.01999998
v -0.04367870 0.08241420 0.09265583
v -0.04256439 0.08330738 0.09157127
v -0.04006296 0.08571547 0.08816659
v -0.03931677 0.08656775 0.01999998
v -0.03888362 0.08709776 0.08601647
v -0.03781574 0.08853304 0.08352732
v -0.03661727 0.09042304 0.01999998
v -0.03629964 0.09098815 0.07878774
v -0.03462827 0.09468847 0.07077008
v -0.03462827 0.09468847 0.01999998
v -0.08500903 0.08069872 0.02482181
v -0.08248299 0.08047086 0.01999998
v -0.08416861 0.08067059 0.01999998
v -0.08586597 0.08067852 0.01999998
v -0.08755338 0.08049470 0.01999998
v -0.08248299 0.08047086 0.03036695
v -0.06468850 0.07733321 0.01999998
v -0.08248299 0.08047086 0.01999998
v -0.08248299 0.08047086 0.03036695
v -0.06468850 0.07733321 0.07077008
v -0.02693665 0.11470140 0.01999998
v -0.02593374 0.11607080 0.01999998
v -0.02813291 0.11555750 0.01999998
v -0.02777844 0.11322740 0.01999998
v -0.03032189 0.11500250 0.01999998
v -0.02844828 0.11166780 0.01999998
v -0.03249996 0.11440610 0.01999998
v -0.03249996 0.10893260 0.01999998
v -0.03257596 0.10806440 0.01999998
v -0.03280150 0.10722260 0.01999998
v -0.03316986 0.10643260 0.01999998
v -0.05063325 0.10151940 0.01999998
v -0.04882323 0.10103440 0.01999998
v -0.03749996 0.10393260 0.01999998
v -0.04712498 0.10024240 0.01999998
v -0.05249994 0.10168270 0.01999998
v -0.05781865 0.10393260 0.01999998
v -0.04558998 0.09916764 0.01999998
v -0.05436670 0.10151940 0.01999998
v -0.04426497 0.09784263 0.01999998
v -0.05617672 0.10103440 0.01999998
v -0.03462827 0.09468847 0.01999998
v -0.03663176 0.10400860 0.01999998
v -0.03578984 0.10423420 0.01999998
v -0.03499996 0.10460250 0.01999998
v -0.03428602 0.10510240 0.01999998
v -0.03366976 0.10571870 0.01999998
v -0.04319018 0.09630763 0.01999998
v -0.05787497 0.10024240 0.01999998
v -0.04239827 0.09460937 0.01999998
v -0.05940991 0.09916764 0.01999998
v -0.04191327 0.09279936 0.01999998
v -0.03661727 0.09042304 0.01999998
v -0.04174995 0.09093266 0.01999998
v -0.06854557 0.09719312 0.01999998
v -0.06180977 0.09630763 0.01999998
v -0.06073492 0.09784263 0.01999998
v -0.04191327 0.08906590 0.01999998
v -0.06260168 0.09460937 0.01999998
v -0.03931677 0.08656775 0.01999998
v -0.04239827 0.08725595 0.01999998
v -0.06308668 0.09279936 0.01999998
v -0.04319018 0.08555763 0.01999998
v -0.06325000 0.09093266 0.01999998
v -0.04264473 0.08323985 0.01999998
v -0.04426497 0.08402270 0.01999998
v -0.04558998 0.08269768 0.01999998
v -0.07849478 0.08935075 0.01999998
v -0.06260168 0.08725595 0.01999998
v -0.06308668 0.08906590 0.01999998
v -0.04649996 0.08054035 0.01999998
v -0.04712498 0.08162289 0.01999998
v -0.04882323 0.08083093 0.01999998
v -0.05076545 0.07855135 0.01999998
v -0.05063325 0.08034598 0.01999998
v -0.05249994 0.08018267 0.01999998
v -0.05531150 0.07733321 0.01999998
v -0.05436670 0.08034598 0.01999998
v -0.05617672 0.08083093 0.01999998
v -0.06000000 0.07692301 0.01999998
v -0.05787497 0.08162289 0.01999998
v -0.05940991 0.08269768 0.01999998
v -0.06468850 0.07733321 0.01999998
v -0.06073492 0.08402270 0.01999998
v -0.06180977 0.08555763 0.01999998
v -0.08248299 0.08047086 0.01999998
v -0.08416861 0.08067059 0.01999998
v -0.08586597 0.08067852 0.01999998
v -0.08755338 0.08049470 0.01999998
v -0.11233080 0.03316742 0.02506732
v -0.11348710 0.03557604 0.01999998
v -0.11280260 0.03402280 0.01999998
v -0.11194710 0.03255683 0.01999998
v -0.11093130 0.03119689 0.01999998
v -0.11093130 0.03119689 0.03036695
v -0.11093130 0.03119689 0.03036695
v -0.11093130 0.03119689 0.01999998
v -0.09931677 0.01735526 0.01999998
v -0.09931677 0.01735526 0.07077008
v -0.09931677 -0.01735526 0.07077008
v -0.09661728 -0.01349997 0.01999998
v -0.09931677 -0.01735526 0.01999998
v -0.09735321 -0.01470166 0.07739925
v -0.09554123 -0.01143509 0.08366191
v -0.09462827 -0.00923449 0.01999998
v -0.09426325 -0.00816220 0.08816659
v -0.09341019 -0.00468850 0.01999998
v -0.09363824 -0.00583607 0.09061771
v -0.09324043 -0.00359583 0.09250795
v -0.09313780 -0.00272399 0.09305858
v -0.09299999 0.00000000 0.01999998
v -0.09307754 -0.00204408 0.09339702
v -0.09303349 -0.00134390 0.09365260
v -0.09300726 -0.00062607 0.09380811
v -0.09300065 0.00009183 0.09384644
v -0.09301477 0.00087168 0.09376168
v -0.09305781 0.00176430 0.09351038
v -0.09310841 0.00241870 0.09322154
v -0.09341019 0.00468850 0.01999998
v -0.09321212 0.00338018 0.09265583
v -0.09342849 0.00479180 0.09157127
v -0.09426325 0.00816220 0.08816659
v -0.09462827 0.00923449 0.01999998
v -0.09487068 0.00987464 0.08601647
v -0.09557974 0.01151710 0.08352732
v -0.09661728 0.01349997 0.01999998
v -0.09694784 0.01405763 0.07878774
v -0.09931677 0.01735526 0.07077008
v -0.09931677 0.01735526 0.01999998
v -0.11239170 -0.03327059 0.02482181
v -0.11093130 -0.03119689 0.01999998
v -0.11194710 -0.03255683 0.01999998
v -0.11280260 -0.03402280 0.01999998
v -0.11348710 -0.03557604 0.01999998
v -0.11093130 -0.03119689 0.03036695
v -0.09931677 -0.01735526 0.01999998
v -0.11093130 -0.03119689 0.01999998
v -0.11093130 -0.03119689 0.03036695
v -0.09931677 -0.01735526 0.07077008
v -0.11756340 0.01799517 0.01999998
v -0.11280260 0.03402280 0.01999998
v -0.11348710 0.03557604 0.01999998
v -0.11194710 0.03255683 0.01999998
v -0.11093130 0.03119689 0.01999998
v -0.11323490 0.00690997 0.01999998
v -0.11190990 0.00823498 0.01999998
v -0.11037500 0.00930977 0.01999998
v -0.11430970 0.00537497 0.01999998
v -0.11893270 0.00000000 0.01999998
v -0.10867670 0.01010167 0.01999998
v -0.11510160 0.00367671 0.01999998
v -0.10686670 0.01058667 0.01999998
v -0.11558660 0.00186670 0.01999998
v -0.09931677 0.01735526 0.01999998
v -0.10500000 0.01074999 0.01999998
v -0.11575000 0.00000000 0.01999998
v -0.10313330 0.01058667 0.01999998
v -0.11558660 -0.00186670 0.01999998
v -0.10132330 0.01010167 0.01999998
v -0.11510160 -0.00367671 0.01999998
v -0.09661728 0.01349997 0.01999998
v -0.09962499 0.00930977 0.01999998
v -0.11430970 -0.00537497 0.01999998
v -0.09808999 0.00823498 0.01999998
v -0.09462827 0.00923449 0.01999998
v -0.09676498 0.00690997 0.01999998
v -0.09569019 0.00537497 0.01999998
v -0.11756340 -0.01799517 0.01999998
v -0.11037500 -0.00930977 0.01999998
v -0.11190990 -0.00823498 0.01999998
v -0.11323490 -0.00690997 0.01999998
v -0.10867670 -0.01010167 0.01999998
v -0.09341019 0.00468850 0.01999998
v -0.09489828 0.00367671 0.01999998
v -0.09441328 0.00186670 0.01999998
v -0.10686670 -0.01058667 0.01999998
v -0.09299999 0.00000000 0.01999998
v -0.09424996 0.00000000 0.01999998
v -0.09441328 -0.00186670 0.01999998
v -0.09341019 -0.00468850 0.01999998
v -0.09489828 -0.00367671 0.01999998
v -0.09569019 -0.00537497 0.01999998
v -0.09462827 -0.00923449 0.01999998
v -0.09676498 -0.00690997 0.01999998
v -0.09808999 -0.00823498 0.01999998
v -0.09661728 -0.01349997 0.01999998
v -0.09962499 -0.00930977 0.01999998
v -0.10132330 -0.01010167 0.01999998
v -0.09931677 -0.01735526 0.01999998
v -0.10313330 -0.01058667 0.01999998
v -0.10500000 -0.01074999 0.01999998
v -0.11093130 -0.03119689 0.01999998
v -0.11194710 -0.03255683 0.01999998
v -0.11280260 -0.03402280 0.01999998
v -0.11348710 -0.03557604 0.01999998
v -0.08488929 -0.08069759 0.02506732
v -0.08755338 -0.08049470 0.01999998
v -0.08586597 -0.08067852 0.01999998
v -0.08416861 -0.08067059 0.01999998
v -0.08248299 -0.08047086 0.01999998
v -0.08248299 -0.08047086 0.03036695
v -0.08248299 -0.08047086 0.03036695
v -0.08248299 -0.08047086 0.01999998
v -0.06468850 -0.07733321 0.01999998
v -0.06468850 -0.07733321 0.07077008
v -0.03462827 -0.09468847 0.07077008
v -0.03661727 -0.09042304 0.01999998
v -0.03462827 -0.09468847 0.01999998
v -0.03594452 -0.09166121 0.07739925
v -0.03786748 -0.08845871 0.08366191
v -0.03931677 -0.08656775 0.01999998
v -0.04006296 -0.08571547 0.08816659
v -0.04264473 -0.08323985 0.01999998
v -0.04176491 -0.08401113 0.09061771
v -0.04350614 -0.08254653 0.09250795
v -0.04420977 -0.08202171 0.09305858
v -0.04649996 -0.08054035 0.01999998
v -0.04476851 -0.08162957 0.09339702
v -0.04535281 -0.08124130 0.09365260
v -0.04596143 -0.08085972 0.09380811
v -0.04657983 -0.08049499 0.09384644
v -0.04726225 -0.08011728 0.09376168
v -0.04805684 -0.07970827 0.09351038
v -0.04864889 -0.07942491 0.09322154
v -0.05076545 -0.07855135 0.01999998
v -0.04953342 -0.07903397 0.09265583
v -0.05086410 -0.07851552 0.09157127
v -0.05420029 -0.07755327 0.08816659
v -0.05531150 -0.07733321 0.01999998
v -0.05598706 -0.07722306 0.08601647
v -0.05776399 -0.07701593 0.08352732
v -0.06000000 -0.07692301 0.01999998
v -0.06064820 -0.07693046 0.07878774
v -0.06468850 -0.07733321 0.07077008
v -0.06468850 -0.07733321 0.01999998
v -0.02738261 -0.11396930 0.02482181
v -0.02844828 -0.11166780 0.01999998
v -0.02777844 -0.11322740 0.01999998
v -0.02693665 -0.11470140 0.01999998
v -0.02593374 -0.11607080 0.01999998
v -0.02844828 -0.11166780 0.03036695
v -0.03462827 -0.09468847 0.01999998
v -0.02844828 -0.11166780 0.01999998
v -0.02844828 -0.11166780 0.03036695
v -0.03462827 -0.09468847 0.07077008
v -0.07436603 -0.09281533 0.01999998
v -0.08586597 -0.08067852 0.01999998
v -0.08755338 -0.08049470 0.01999998
v -0.08416861 -0.08067059 0.01999998
v -0.08248299 -0.08047086 0.01999998
v -0.06308668 -0.09279936 0.01999998
v -0.06260168 -0.09460937 0.01999998
v -0.06325000 -0.09093266 0.01999998
v -0.06180977 -0.09630763 0.01999998
v -0.05946636 -0.10299870 0.01999998
v -0.06308668 -0.08906590 0.01999998
v -0.06073492 -0.09784263 0.01999998
v -0.06260168 -0.08725595 0.01999998
v -0.05940991 -0.09916764 0.01999998
v -0.06468850 -0.07733321 0.01999998
v -0.06180977 -0.08555763 0.01999998
v -0.05787497 -0.10024240 0.01999998
v -0.06073492 -0.08402270 0.01999998
v -0.05617672 -0.10103440 0.01999998
v -0.05940991 -0.08269768 0.01999998
v -0.05436670 -0.10151940 0.01999998
v -0.06000000 -0.07692301 0.01999998
v -0.05787497 -0.08162289 0.01999998
v -0.05249994 -0.10168270 0.01999998
v -0.05617672 -0.08083093 0.01999998
v -0.05531150 -0.07733321 0.01999998
v -0.05436670 -0.08034598 0.01999998
v -0.05249994 -0.08018267 0.01999998
v -0.04319739 -0.11081050 0.01999998
v -0.04712498 -0.10024240 0.01999998
v -0.04882323 -0.10103440 0.01999998
v -0.05063325 -0.10151940 0.01999998
v -0.04558998 -0.09916764 0.01999998
v -0.05076545 -0.07855135 0.01999998
v -0.05063325 -0.08034598 0.01999998
v -0.04882323 -0.08083093 0.01999998
v -0.04426497 -0.09784263 0.01999998
v -0.04649996 -0.08054035 0.01999998
v -0.04712498 -0.08162289 0.01999998
v -0.04558998 -0.08269768 0.01999998
v -0.04264473 -0.08323985 0.01999998
v -0.04426497 -0.08402270 0.01999998
v -0.04319018 -0.08555763 0.01999998
v -0.03931677 -0.08656775 0.01999998
v -0.04239827 -0.08725595 0.01999998
v -0.04191327 -0.08906590 0.01999998
v -0.03661727 -0.09042304 0.01999998
v -0.04174995 -0.09093266 0.01999998
v -0.04191327 -0.09279936 0.01999998
v -0.03462827 -0.09468847 0.01999998
v -0.04239827 -0.09460937 0.01999998
v -0.04319018 -0.09630763 0.01999998
v -0.02844828 -0.11166780 0.01999998
v -0.02777844 -0.11322740 0.01999998
v -0.02693665 -0.11470140 0.01999998
v -0.02593374 -0.11607080 0.01999998
v 0.02744156 -0.11386510 0.02506732
v 0.02593374 -0.11607080 0.01999998
v 0.02693665 -0.11470140 0.01999998
v 0.02777844 -0.11322740 0.01999998
v 0.02844828 -0.11166780 0.01999998
v 0.02844828 -0.11166780 0.03036695
v 0.02844828 -0.11166780 0.03036695
v 0.02844828 -0.11166780 0.01999998
v 0.03462827 -0.09468847 0.01999998
v 0.03462827 -0.09468847 0.07077008
v 0.06468850 -0.07733321 0.07077008
v 0.06000000 -0.07692301 0.01999998
v 0.06468850 -0.07733321 0.01999998
v 0.06140863 -0.07695949 0.07739925
v 0.05767369 -0.07702356 0.08366191
v 0.05531150 -0.07733321 0.01999998
v 0.05420029 -0.07755327 0.08816659
v 0.05076545 -0.07855135 0.01999998
v 0.05187332 -0.07817506 0.09061771
v 0.04973429 -0.07895070 0.09250795
v 0.04892796 -0.07929766 0.09305858
v 0.04649996 -0.08054035 0.01999998
v 0.04830896 -0.07958549 0.09339702
v 0.04768061 -0.07989740 0.09365260
v 0.04704582 -0.08023363 0.09380811
v 0.04642081 -0.08058685 0.09384644
v 0.04575246 -0.08098900 0.09376168
v 0.04500091 -0.08147257 0.09351038
v 0.04445952 -0.08184367 0.09322154
v 0.04264473 -0.08323985 0.01999998
v 0.04367870 -0.08241420 0.09265583
v 0.04256439 -0.08330738 0.09157127
v 0.04006296 -0.08571547 0.08816659
v 0.03931677 -0.08656775 0.01999998
v 0.03888362 -0.08709776 0.08601647
v 0.03781574 -0.08853304 0.08352732
v 0.03661727 -0.09042304 0.01999998
v 0.03629964 -0.09098815 0.07878774
v 0.03462827 -0.09468847 0.07077008
v 0.03462827 -0.09468847 0.01999998
v 0.08500903 -0.08069872 0.02482181
v 0.08248299 -0.08047086 0.01999998
v 0.08416861 -0.08067059 0.01999998
v 0.08586597 -0.08067852 0.01999998
v 0.08755338 -0.08049470 0.01999998
v 0.08248299 -0.08047086 0.03036695
v 0.06468850 -0.07733321 0.01999998
v 0.08248299 -0.08047086 0.01999998
v 0.08248299 -0.08047086 0.03036695
v 0.06468850 -0.07733321 0.07077008
v 0.04319739 -0.11081050 0.01999998
v 0.02693665 -0.11470140 0.01999998
v 0.02593374 -0.11607080 0.01999998
v 0.02777844 -0.11322740 0.01999998
v 0.02844828 -0.11166780 0.01999998
v 0.05063325 -0.10151940 0.01999998
v 0.04882323 -0.10103440 0.01999998
v 0.04712498 -0.10024240 0.01999998
v 0.05249994 -0.10168270 0.01999998
v 0.05946636 -0.10299870 0.01999998
v 0.04558998 -0.09916764 0.01999998
v 0.05436670 -0.10151940 0.01999998
v 0.04426497 -0.09784263 0.01999998
v 0.05617672 -0.10103440 0.01999998
v 0.03462827 -0.09468847 0.01999998
v 0.04319018 -0.09630763 0.01999998
v 0.05787497 -0.10024240 0.01999998
v 0.04239827 -0.09460937 0.01999998
v 0.05940991 -0.09916764 0.01999998
v 0.04191327 -0.09279936 0.01999998
v 0.06073492 -0.09784263 0.01999998
v 0.03661727 -0.09042304 0.01999998
v 0.04174995 -0.09093266 0.01999998
v 0.06180977 -0.09630763 0.01999998
v 0.04191327 -0.08906590 0.01999998
v 0.03931677 -0.08656775 0.01999998
v 0.04239827 -0.08725595 0.01999998
v 0.04319018 -0.08555763 0.01999998
v 0.07436603 -0.09281533 0.01999998
v 0.06325000 -0.09093266 0.01999998
v 0.06308668 -0.09279936 0.01999998
v 0.06260168 -0.09460937 0.01999998
v 0.06308668 -0.08906590 0.01999998
v 0.04264473 -0.08323985 0.01999998
v 0.04426497 -0.08402270 0.01999998
v 0.04558998 -0.08269768 0.01999998
v 0.06260168 -0.08725595 0.01999998
v 0.04649996 -0.08054035 0.01999998
v 0.04712498 -0.08162289 0.01999998
v 0.04882323 -0.08083093 0.01999998
v 0.05076545 -0.07855135 0.01999998
v 0.05063325 -0.08034598 0.01999998
v 0.05249994 -0.08018267 0.01999998
v 0.05531150 -0.07733321 0.01999998
v 0.05436670 -0.08034598 0.01999998
v 0.05617672 -0.08083093 0.01999998
v 0.06000000 -0.07692301 0.01999998
v 0.05787497 -0.08162289 0.01999998
v 0.05940991 -0.08269768 0.01999998
v 0.06468850 -0.07733321 0.01999998
v 0.06073492 -0.08402270 0.01999998
v 0.06180977 -0.08555763 0.01999998
v 0.08248299 -0.08047086 0.01999998
v 0.08416861 -0.08067059 0.01999998
v 0.08586597 -0.08067852 0.01999998
v 0.08755338 -0.08049470 0.01999998
v 0.11233080 -0.03316742 0.02506732
v 0.11348710 -0.03557604 0.01999998
v 0.11280260 -0.03402280 0.01999998
v 0.11194710 -0.03255683 0.01999998
v 0.11093130 -0.03119689 0.01999998
v 0.11093130 -0.03119689 0.03036695
v 0.11093130 -0.03119689 0.03036695
v 0.11093130 -0.03119689 0.01999998
v 0.09931677 -0.01735526 0.01999998
v 0.09931677 -0.01735526 0.07077008
v 0.09931677 0.01735526 0.07077008
v 0.09688347 0.01395088 0.01999998
v 0.09931677 0.01735526 0.01999998
v 0.09735321 0.01470166 0.07739925
v 0.09554123 0.01143509 0.08366191
v 0.09500545 0.01021134 0.01999998
v 0.09426325 0.00816220 0.08816659
v 0.09372776 0.00622660 0.01999998
v 0.09356844 0.00551069 0.09092682
v 0.09308117 0.00209224 0.01999998
v 0.09321892 0.00343227 0.09262102
v 0.09310728 0.00240266 0.09322828
v 0.09304738 0.00158995 0.09357017
v 0.09301126 0.00076941 0.09378343
v 0.09300285 0.00038497 0.09383451
v 0.09299999 0.00000000 0.09385204
v 0.09308117 -0.00209224 0.01999998
v 0.09300768 -0.00064564 0.09380561
v 0.09302961 -0.00126785 0.09367519
v 0.09306323 -0.00185943 0.09347832
v 0.09310954 -0.00243860 0.09321480
v 0.09319400 -0.00323123 0.09275311
v 0.09338200 -0.00453109 0.09179025
v 0.09372776 -0.00622660 0.01999998
v 0.09373068 -0.00623989 0.09022045
v 0.09426373 -0.00816274 0.08816719
v 0.09500545 -0.01021134 0.01999998
v 0.09487068 -0.00987464 0.08601647
v 0.09557974 -0.01151710 0.08352732
v 0.09694784 -0.01405763 0.07878774
v 0.09688347 -0.01395088 0.01999998
v 0.09931677 -0.01735526 0.07077008
v 0.11239170 0.03327059 0.02482181
v 0.11093130 0.03119689 0.01999998
v 0.11194710 0.03255683 0.01999998
v 0.11280260 0.03402280 0.01999998
v 0.11348710 0.03557604 0.01999998
v 0.11093130 0.03119689 0.03036695
v 0.11093130 0.03119689 0.01999998
v 0.11093130 0.03119689 0.03036695
v 0.11756340 -0.01799517 0.01999998
v 0.11280260 -0.03402280 0.01999998
v 0.11348710 -0.03557604 0.01999998
v 0.11194710 -0.03255683 0.01999998
v 0.11093130 -0.03119689 0.01999998
v 0.11323490 -0.00690997 0.01999998
v 0.11190990 -0.00823498 0.01999998
v 0.11430970 -0.00537497 0.01999998
v 0.11037500 -0.00930977 0.01999998
v 0.11893270 0.00000000 0.01999998
v 0.10867670 -0.01010167 0.01999998
v 0.11510160 -0.00367671 0.01999998
v 0.11558660 -0.00186670 0.01999998
v 0.10686670 -0.01058667 0.01999998
v 0.09931677 -0.01735526 0.01999998
v 0.11575000 0.00000000 0.01999998
v 0.10500000 -0.01074999 0.01999998
v 0.10313330 -0.01058667 0.01999998
v 0.11558660 0.00186670 0.01999998
v 0.10132330 -0.01010167 0.01999998
v 0.11510160 0.00367671 0.01999998
v 0.09688347 -0.01395088 0.01999998
v 0.09962499 -0.00930977 0.01999998
v 0.11430970 0.00537497 0.01999998
v 0.09500545 -0.01021134 0.01999998
v 0.09808999 -0.00823498 0.01999998
v 0.09676498 -0.00690997 0.01999998
v 0.09372776 -0.00622660 0.01999998
v 0.09569019 -0.00537497 0.01999998
v 0.11756340 0.01799517 0.01999998
v 0.11037500 0.00930977 0.01999998
v 0.11190990 0.00823498 0.01999998
v 0.11323490 0.00690997 0.01999998
v 0.09489828 -0.00367671 0.01999998
v 0.10867670 0.01010167 0.01999998
v 0.10686670 0.01058667 0.01999998
v 0.09308117 -0.00209224 0.01999998
v 0.09441328 -0.00186670 0.01999998
v 0.09424996 0.00000000 0.01999998
v 0.09308117 0.00209224 0.01999998
v 0.09441328 0.00186670 0.01999998
v 0.09489828 0.00367671 0.01999998
v 0.09372776 0.00622660 0.01999998
v 0.09569019 0.00537497 0.01999998
v 0.09676498 0.00690997 0.01999998
v 0.09500545 0.01021134 0.01999998
v 0.09808999 0.00823498 0.01999998
v 0.09962499 0.00930977 0.01999998
v 0.09688347 0.01395088 0.01999998
v 0.10132330 0.01010167 0.01999998
v 0.09931677 0.01735526 0.01999998
v 0.10313330 0.01058667 0.01999998
v 0.10500000 0.01074999 0.01999998
v 0.11093130 0.03119689 0.01999998
v 0.11194710 0.03255683 0.01999998
v 0.11280260 0.03402280 0.01999998
v 0.11348710 0.03557604 0.01999998
v 0.01519417 0.08617067 0.10550000
v 0.00000000 0.08749997 0.10550000
v 0.00000000 0.08749997 0.10650000
v 0.01519417 0.08617067 0.10650000
v 0.02992671 0.08222305 0.10550000
v 0.02992671 0.08222305 0.10650000
v 0.04374998 0.07577723 0.10550000
v 0.04374998 0.07577723 0.10650000
v 0.05624389 0.06702888 0.10550000
v 0.05624389 0.06702888 0.10650000
v 0.06702888 0.05624389 0.10550000
v 0.06702888 0.05624389 0.10650000
v 0.07577723 0.04374998 0.10550000
v 0.07577723 0.04374998 0.10650000
v 0.08222305 0.02992671 0.10650000
v 0.08222305 0.02992671 0.10550000
v 0.08617067 0.01519417 0.10550000
v 0.08617067 0.01519417 0.10650000
v 0.08749997 0.00000000 0.10550000
v 0.08749997 0.00000000 0.10650000
v 0.08617067 -0.01519417 0.10550000
v 0.08617067 -0.01519417 0.10650000
v 0.08222305 -0.02992671 0.10550000
v 0.08222305 -0.02992671 0.10650000
v 0.07577723 -0.04374998 0.10550000
v 0.07577723 -0.04374998 0.10650000
v 0.06702888 -0.05624389 0.10550000
v 0.06702888 -0.05624389 0.10650000
v 0.05624389 -0.06702888 0.10550000
v 0.05624389 -0.06702888 0.10650000
v 0.04374998 -0.07577723 0.10550000
v 0.04374998 -0.07577723 0.10650000
v 0.02992671 -0.08222305 0.10550000
v 0.02992671 -0.08222305 0.10650000
v 0.01519417 -0.08617067 0.10550000
v 0.01519417 -0.08617067 0.10650000
v 0.00000000 -0.08749997 0.10550000
v 0.00000000 -0.08749997 0.10650000
v -0.01519417 -0.08617067 0.10550000
v -0.01519417 -0.08617067 0.10650000
v -0.02992671 -0.08222305 0.10550000
v -0.02992671 -0.08222305 0.10650000
v -0.04374998 -0.07577723 0.10550000
v -0.04374998 -0.07577723 0.10650000
v -0.05624389 -0.06702888 0.10650000
v -0.05624389 -0.06702888 0.10550000
v -0.06702888 -0.05624389 0.10550000
v -0.06702888 -0.05624389 0.10650000
v -0.07577723 -0.04374998 0.10650000
v -0.07577723 -0.04374998 0.10550000
v -0.08222305 -0.02992671 0.10550000
v -0.08222305 -0.02992671 0.10650000
v -0.08617067 -0.01519417 0.10550000
v -0.08617067 -0.01519417 0.10650000
v -0.08749997 0.00000000 0.10550000
v -0.08749997 0.00000000 0.10650000
v -0.08617067 0.01519417 0.10550000
v -0.08617067 0.01519417 0.10650000
v -0.08222305 0.02992671 0.10550000
v -0.08222305 0.02992671 0.10650000
v -0.07577723 0.04374998 0.10550000
v -0.07577723 0.04374998 0.10650000
v -0.06702888 0.05624389 0.10550000
v -0.06702888 0.05624389 0.10650000
v -0.05624389 0.06702888 0.10550000
v -0.05624389 0.06702888 0.10650000
v -0.04374998 0.07577723 0.10550000
v -0.04374998 0.07577723 0.10650000
v -0.02992671 0.08222305 0.10650000
v -0.02992671 0.08222305 0.10550000
v -0.01519417 0.08617067 0.10650000
v -0.01519417 0.08617067 0.10550000
v 0.00000000 0.08749997 0.10550000
v 0.00000000 0.08749997 0.10650000
f 1 2 3
f 4 5 2
f 6 1 7
f 8 9 4
f 8 10 9
f 11 12 13
f 11 6 12
f 11 2 1
f 11 1 6
f 14 15 8
f 14 16 15
f 17 18 19
f 17 11 18
f 20 21 14
f 20 4 2
f 20 8 4
f 20 2 11
f 20 14 8
f 22 23 20
f 24 25 26
f 24 17 25
f 27 28 22
f 27 22 20
f 29 30 31
f 32 33 27
f 32 34 33
f 32 11 17
f 32 20 11
f 32 17 24
f 32 27 20
f 35 24 36
f 35 36 30
f 35 30 29
f 35 32 24
f 37 38 39
f 40 41 38
f 42 40 38
f 43 42 38
f 44 45 46
f 47 38 37
f 47 43 38
f 48 47 37
f 49 48 37
f 50 45 44
f 51 52 53
f 51 53 54
f 55 54 56
f 55 56 57
f 55 57 58
f 55 58 59
f 55 59 60
f 55 60 61
f 55 51 54
f 55 61 62
f 63 55 62
f 63 62 64
f 65 49 37
f 65 45 50
f 65 66 67
f 65 67 49
f 65 37 45
f 68 64 69
f 68 63 64
f 70 69 71
f 70 68 69
f 72 70 71
f 73 71 66
f 73 72 71
f 74 66 65
f 74 73 66
f 75 74 65
f 76 75 65
f 77 76 65
f 78 77 65
f 79 78 65
f 80 79 65
f 81 80 65
f 82 83 84
f 82 84 85
f 86 83 82
f 87 88 89
f 87 89 90
f 87 90 91
f 87 91 92
f 87 92 93
f 87 93 94
f 87 94 95
f 96 88 87
f 97 81 65
f 97 98 99
f 97 99 81
f 100 88 96
f 101 88 100
f 102 103 98
f 102 98 97
f 104 86 82
f 105 103 102
f 106 104 82
f 107 101 108
f 107 108 109
f 107 109 110
f 107 110 111
f 107 111 112
f 107 112 113
f 107 113 114
f 107 114 115
f 107 115 116
f 107 116 117
f 107 117 118
f 107 118 119
f 107 119 103
f 107 88 101
f 107 103 105
f 120 107 105
f 121 107 120
f 122 121 120
f 123 121 122
f 124 123 122
f 125 123 124
f 126 127 128
f 129 125 124
f 130 127 126
f 131 127 130
f 131 132 127
f 133 125 129
f 134 135 136
f 134 136 137
f 138 135 134
f 139 133 129
f 139 129 140
f 141 139 142
f 143 138 134
f 144 139 141
f 145 143 134
f 146 139 144
f 147 144 148
f 147 146 144
f 149 148 150
f 149 147 148
f 151 149 150
f 152 149 151
f 153 154 155
f 156 152 151
f 157 154 153
f 158 159 154
f 158 154 157
f 160 152 156
f 161 156 162
f 161 160 156
f 163 164 165
f 163 165 166
f 167 164 163
f 168 161 169
f 170 167 163
f 171 161 168
f 172 170 163
f 173 161 171
f 174 171 175
f 174 173 171
f 176 175 177
f 176 174 175
f 178 176 177
f 179 176 178
f 180 181 182
f 183 179 178
f 184 181 180
f 185 181 184
f 185 186 181
f 187 179 183
f 188 183 189
f 188 189 190
f 188 187 183
f 191 192 193
f 191 193 194
f 195 192 191
f 196 188 197
f 198 195 191
f 199 188 196
f 200 198 191
f 201 188 199
f 202 199 203
f 202 201 199
f 204 203 205
f 204 202 203
f 206 205 207
f 206 204 205
f 208 209 210
f 211 206 207
f 212 209 208
f 213 214 209
f 213 209 212
f 215 206 211
f 216 211 217
f 216 217 218
f 216 215 211
f 219 220 221
f 219 221 222
f 223 220 219
f 224 223 219
f 225 216 226
f 225 226 227
f 228 224 219
f 229 225 227
f 229 227 230
f 231 229 230
f 231 230 232
f 233 231 232
f 233 232 234
f 235 236 237
f 238 233 234
f 239 236 235
f 240 236 239
f 240 241 236
f 242 233 238
f 243 242 238
f 243 238 244
f 243 244 245
f 246 247 248
f 246 248 249
f 250 247 246
f 251 250 246
f 252 243 253
f 254 252 253
f 255 251 246
f 256 255 39
f 257 252 254
f 257 254 258
f 259 257 258
f 260 257 259
f 261 260 259
f 261 259 262
f 263 260 261
f 264 251 265
f 266 265 251
f 267 251 264
f 268 266 251
f 269 251 267
f 270 251 269
f 271 268 251
f 272 251 270
f 273 271 251
f 274 251 272
f 275 276 277
f 278 275 277
f 278 277 273
f 279 276 275
f 279 280 276
f 281 273 251
f 281 278 273
f 282 280 279
f 283 281 251
f 283 251 255
f 284 285 280
f 284 280 282
f 286 283 255
f 287 285 284
f 287 288 285
f 289 288 287
f 290 286 255
f 291 288 289
f 292 293 294
f 292 294 295
f 292 295 288
f 296 288 291
f 297 292 288
f 298 288 296
f 298 297 288
f 299 290 255
f 299 255 256
f 300 274 301
f 300 301 302
f 300 302 303
f 300 251 274
f 304 299 256
f 305 260 263
f 306 304 256
f 307 305 263
f 308 306 256
f 309 300 303
f 310 305 307
f 310 311 312
f 310 312 313
f 314 310 313
f 314 305 310
f 314 313 315
f 316 309 303
f 316 314 315
f 316 315 309
f 317 314 316
f 318 314 317
f 319 314 318
f 320 314 319
f 321 314 320
f 322 314 321
f 323 314 322
f 324 314 323
f 325 314 324
f 326 314 325
f 327 314 326
f 328 314 327
f 329 330 331
f 332 330 329
f 333 330 332
f 334 330 333
f 335 330 334
f 336 330 335
f 337 330 336
f 338 314 328
f 338 330 337
f 338 328 339
f 338 339 340
f 338 340 330
f 341 104 106
f 341 132 131
f 341 142 139
f 341 140 342
f 341 342 104
f 341 343 132
f 341 106 343
f 341 139 140
f 341 131 142
f 344 345 159
f 344 145 345
f 344 162 346
f 344 346 143
f 344 158 169
f 344 169 161
f 344 159 158
f 344 161 162
f 344 143 145
f 347 190 170
f 347 172 348
f 347 188 190
f 347 170 172
f 349 197 188
f 349 348 186
f 349 186 185
f 349 185 197
f 349 347 348
f 349 188 347
f 350 218 198
f 350 200 351
f 350 198 200
f 352 226 216
f 352 218 350
f 352 350 351
f 352 351 214
f 352 213 353
f 352 353 226
f 352 214 213
f 352 216 218
f 354 224 228
f 354 241 240
f 354 243 245
f 354 253 243
f 354 245 224
f 354 355 241
f 354 228 355
f 354 240 356
f 354 356 253
f 357 358 359
f 357 360 358
f 361 359 362
f 361 357 359
f 363 362 364
f 363 361 362
f 365 364 366
f 365 363 364
f 367 366 368
f 367 365 366
f 369 368 370
f 369 367 368
f 371 370 372
f 371 369 370
f 373 371 372
f 374 372 375
f 374 373 372
f 376 374 375
f 377 378 379
f 377 379 380
f 381 380 382
f 381 377 380
f 383 382 384
f 383 381 382
f 385 384 386
f 385 383 384
f 387 388 389
f 390 391 388
f 390 388 387
f 392 393 391
f 392 391 390
f 394 395 393
f 394 393 392
f 396 397 395
f 396 395 394
f 398 399 397
f 398 397 396
f 400 401 399
f 400 399 398
f 402 403 401
f 402 401 400
f 404 405 403
f 404 403 402
f 406 407 405
f 406 405 404
f 408 409 407
f 408 407 406
f 410 411 409
f 410 409 408
f 412 413 411
f 412 411 410
f 414 413 412
f 415 416 417
f 418 416 415
f 419 415 420
f 419 418 415
f 421 419 422
f 418 419 421
f 423 424 425
f 423 425 426
f 427 428 424
f 427 424 423
f 429 430 428
f 429 428 427
f 431 432 430
f 431 430 429
f 433 434 432
f 433 432 431
f 435 436 434
f 435 434 433
f 437 438 436
f 437 436 435
f 439 440 441
f 439 441 442
f 443 442 444
f 443 439 442
f 445 444 446
f 445 443 444
f 447 446 448
f 447 445 446
f 449 450 451
f 452 453 450
f 452 450 449
f 454 455 453
f 454 453 452
f 456 457 455
f 456 455 454
f 458 459 457
f 458 457 456
f 460 461 459
f 460 459 458
f 462 463 461
f 462 461 460
f 464 465 463
f 464 463 462
f 466 467 465
f 466 465 464
f 468 469 467
f 468 467 466
f 470 471 469
f 470 469 468
f 472 473 471
f 472 471 470
f 474 475 473
f 474 473 472
f 476 475 474
f 477 478 479
f 480 478 477
f 481 477 482
f 481 480 477
f 483 481 484
f 480 481 483
f 485 486 487
f 485 487 488
f 489 490 486
f 489 486 485
f 491 492 490
f 491 490 489
f 493 494 492
f 493 492 491
f 495 496 494
f 495 494 493
f 497 498 496
f 497 496 495
f 499 500 498
f 499 498 497
f 501 502 503
f 504 503 505
f 504 501 503
f 506 505 507
f 506 504 505
f 508 506 507
f 509 507 510
f 509 508 507
f 511 512 513
f 514 512 511
f 515 516 517
f 515 517 512
f 515 512 514
f 518 516 515
f 519 520 521
f 519 521 516
f 519 516 518
f 522 520 519
f 523 524 520
f 523 520 522
f 525 526 524
f 525 524 523
f 527 528 529
f 527 529 526
f 527 526 525
f 530 528 527
f 531 532 528
f 531 528 530
f 533 534 532
f 533 532 531
f 535 536 534
f 535 534 533
f 537 538 536
f 537 536 535
f 539 540 541
f 542 540 539
f 543 539 544
f 543 542 539
f 545 543 546
f 542 543 545
f 547 548 549
f 547 549 550
f 551 552 548
f 551 548 547
f 553 554 555
f 553 555 552
f 553 552 551
f 556 554 553
f 557 558 554
f 557 554 556
f 559 560 561
f 559 561 558
f 559 558 557
f 562 560 559
f 563 564 565
f 563 565 566
f 567 568 569
f 567 566 568
f 567 563 566
f 570 567 569
f 571 569 572
f 571 570 569
f 573 574 575
f 573 575 576
f 577 578 574
f 577 574 573
f 579 580 578
f 579 578 577
f 581 582 580
f 581 580 579
f 583 584 582
f 583 582 581
f 585 586 584
f 585 584 583
f 587 588 586
f 587 586 585
f 589 590 591
f 589 591 588
f 589 588 587
f 592 593 590
f 592 590 589
f 594 593 592
f 595 596 593
f 595 593 594
f 597 598 599
f 597 599 596
f 597 596 595
f 600 598 597
f 601 602 603
f 604 602 601
f 605 601 606
f 605 604 601
f 607 605 608
f 604 605 607
f 609 610 611
f 609 611 612
f 609 612 613
f 614 610 609
f 615 616 610
f 615 610 614
f 617 618 619
f 617 619 616
f 617 616 615
f 620 621 618
f 620 618 617
f 622 621 620
f 623 624 621
f 623 621 622
f 625 626 627
f 628 626 625
f 629 625 630
f 629 628 625
f 631 629 632
f 628 629 631
f 633 634 635
f 633 635 636
f 637 638 634
f 637 634 633
f 639 640 638
f 639 638 637
f 641 642 640
f 641 640 639
f 643 644 642
f 643 642 641
f 645 646 644
f 645 644 643
f 647 648 646
f 647 646 645
f 649 650 651
f 652 653 650
f 652 650 649
f 654 655 653
f 654 653 652
f 636 655 654
f 656 657 658
f 656 658 659
f 660 661 662
f 660 662 657
f 660 657 656
f 663 664 661
f 663 661 660
f 665 666 664
f 665 664 663
f 667 668 666
f 667 666 665
f 669 670 668
f 669 668 667
f 671 670 669
f 672 673 674
f 675 676 677
f 678 679 680
f 681 679 678
f 682 680 683
f 682 678 680
f 684 679 681
f 685 678 682
f 685 681 678
f 686 679 684
f 687 672 688
f 687 688 689
f 687 683 673
f 687 673 672
f 687 682 683
f 690 681 685
f 690 684 681
f 691 679 686
f 692 689 693
f 692 687 689
f 692 693 694
f 692 682 687
f 692 685 682
f 695 686 684
f 695 684 690
f 696 679 691
f 697 694 698
f 697 698 699
f 697 690 685
f 697 685 692
f 697 692 694
f 700 691 686
f 700 686 695
f 701 679 696
f 702 699 703
f 702 703 704
f 702 697 699
f 702 690 697
f 702 695 690
f 705 691 700
f 705 696 691
f 705 701 696
f 706 679 701
f 707 704 708
f 707 700 695
f 707 695 702
f 707 702 704
f 709 701 705
f 710 679 706
f 711 700 707
f 711 708 712
f 711 712 713
f 711 707 708
f 711 705 700
f 714 706 701
f 714 701 709
f 715 716 679
f 715 679 710
f 717 711 713
f 717 713 718
f 717 718 719
f 717 709 705
f 717 705 711
f 720 715 710
f 720 706 714
f 720 710 706
f 721 716 715
f 722 719 723
f 722 723 724
f 722 717 719
f 722 714 709
f 722 709 717
f 725 715 720
f 726 716 721
f 727 720 714
f 727 724 728
f 727 728 729
f 727 722 724
f 727 714 722
f 730 721 715
f 730 715 725
f 731 716 726
f 732 729 733
f 732 733 734
f 732 725 720
f 732 720 727
f 732 727 729
f 735 726 721
f 735 721 730
f 736 716 731
f 737 734 738
f 737 738 739
f 737 725 732
f 737 732 734
f 737 730 725
f 740 731 726
f 740 726 735
f 741 716 736
f 742 739 743
f 742 743 744
f 742 737 739
f 742 735 730
f 742 730 737
f 745 736 731
f 745 731 740
f 746 716 741
f 747 735 742
f 747 744 748
f 747 748 749
f 747 745 740
f 747 742 744
f 747 740 735
f 750 741 736
f 750 736 745
f 751 716 746
f 752 747 749
f 752 745 747
f 752 749 753
f 752 750 745
f 754 746 741
f 754 741 750
f 755 756 716
f 755 716 751
f 757 750 752
f 757 752 753
f 757 753 758
f 757 758 759
f 760 751 746
f 760 746 754
f 761 760 754
f 761 754 750
f 761 750 757
f 761 757 759
f 761 759 762
f 761 762 763
f 764 765 756
f 764 756 755
f 764 755 751
f 764 751 760
f 766 760 761
f 766 761 763
f 766 763 767
f 766 767 768
f 769 676 765
f 769 765 764
f 769 760 766
f 769 677 676
f 769 768 770
f 769 770 677
f 769 764 760
f 769 766 768
f 771 772 773
f 774 775 772
f 774 772 771
f 776 777 775
f 776 775 774
f 778 779 777
f 778 777 776
f 780 781 779
f 780 779 778
f 782 783 781
f 782 781 780
f 784 783 782
f 784 785 783
f 786 785 784
f 786 787 785
f 788 787 786
f 788 789 787
f 790 789 788
f 790 791 789
f 792 791 790
f 792 793 791
f 794 793 792
f 794 795 793
f 796 795 794
f 796 797 795
f 798 797 796
f 798 799 797
f 800 799 798
f 800 801 799
f 802 801 800
f 802 803 801
f 804 803 802
f 804 805 803
f 806 805 804
f 806 807 805
f 808 807 806
f 808 809 807
f 810 809 808
f 810 811 809
f 812 811 810
f 813 814 811
f 813 815 814
f 813 811 812
f 816 817 815
f 816 815 813
f 818 819 817
f 818 817 816
f 820 821 819
f 820 819 818
f 822 821 820
f 823 824 821
f 823 825 824
f 823 821 822
f 826 827 825
f 826 825 823
f 828 829 827
f 828 827 826
f 830 831 829
f 830 829 828
f 832 833 831
f 832 831 830
f 834 833 832
f 835 836 833
f 835 837 836
f 835 833 834
f 838 837 835
f 838 839 837
f 840 839 838
f 840 841 839
f 842 841 840
f 843 841 842
f 843 844 841
f 845 846 847
f 848 849 850
f 851 852 853
f 854 852 851
f 855 853 856
f 855 851 853
f 857 852 854
f 858 851 855
f 858 854 851
f 859 852 857
f 860 845 861
f 860 861 862
f 860 856 846
f 860 846 845
f 860 855 856
f 863 854 858
f 863 857 854
f 864 852 859
f 865 862 866
f 865 860 862
f 865 866 867
f 865 855 860
f 865 858 855
f 868 859 857
f 868 857 863
f 869 852 864
f 870 867 871
f 870 871 872
f 870 863 858
f 870 858 865
f 870 865 867
f 873 864 859
f 873 859 868
f 874 852 869
f 875 872 876
f 875 876 877
f 875 870 872
f 875 863 870
f 875 868 863
f 878 864 873
f 878 869 864
f 878 874 869
f 879 852 874
f 880 877 881
f 880 873 868
f 880 868 875
f 880 875 877
f 882 874 878
f 883 852 879
f 884 873 880
f 884 881 885
f 884 885 886
f 884 880 881
f 884 878 873
f 887 879 874
f 887 874 882
f 888 889 852
f 888 852 883
f 890 884 886
f 890 886 891
f 890 891 892
f 890 882 878
f 890 878 884
f 893 888 883
f 893 879 887
f 893 883 879
f 894 889 888
f 895 892 896
f 895 896 897
f 895 890 892
f 895 887 882
f 895 882 890
f 898 888 893
f 899 889 894
f 900 893 887
f 900 897 901
f 900 901 902
f 900 895 897
f 900 887 895
f 903 894 888
f 903 888 898
f 904 889 899
f 905 902 906
f 905 906 907
f 905 898 893
f 905 893 900
f 905 900 902
f 908 899 894
f 908 894 903
f 909 889 904
f 910 907 911
f 910 911 912
f 910 898 905
f 910 905 907
f 910 903 898
f 913 904 899
f 913 899 908
f 914 889 909
f 915 912 916
f 915 916 917
f 915 910 912
f 915 908 903
f 915 903 910
f 918 909 904
f 918 904 913
f 919 889 914
f 920 908 915
f 920 917 921
f 920 921 922
f 920 918 913
f 920 915 917
f 920 913 908
f 923 914 909
f 923 909 918
f 924 889 919
f 925 920 922
f 925 918 920
f 925 922 926
f 925 923 918
f 927 919 914
f 927 914 923
f 928 929 889
f 928 889 924
f 930 923 925
f 930 925 926
f 930 926 931
f 930 931 932
f 933 924 919
f 933 919 927
f 934 933 927
f 934 927 923
f 934 923 930
f 934 930 932
f 934 932 935
f 934 935 936
f 937 938 929
f 937 929 928
f 937 928 924
f 937 924 933
f 939 933 934
f 939 934 936
f 939 936 940
f 939 940 941
f 942 849 938
f 942 938 937
f 942 933 939
f 942 850 849
f 942 941 943
f 942 943 850
f 942 937 933
f 942 939 941
f 944 945 946
f 947 948 945
f 947 945 944
f 949 950 948
f 949 948 947
f 951 952 950
f 951 950 949
f 953 954 952
f 953 952 951
f 955 956 954
f 955 954 953
f 957 956 955
f 957 958 956
f 959 958 957
f 959 960 958
f 961 960 959
f 961 962 960
f 963 962 961
f 963 964 962
f 965 964 963
f 965 966 964
f 967 966 965
f 967 968 966
f 969 968 967
f 969 970 968
f 971 970 969
f 971 972 970
f 973 972 971
f 973 974 972
f 975 974 973
f 975 976 974
f 977 976 975
f 977 978 976
f 979 978 977
f 979 980 978
f 981 980 979
f 981 982 980
f 983 982 981
f 983 984 982
f 985 986 984
f 985 984 983
f 987 988 986
f 987 986 985
f 989 990 988
f 989 988 987
f 991 992 990
f 991 990 989
f 993 994 992
f 993 992 991
f 995 996 994
f 995 994 993
f 997 996 995
f 998 999 996
f 998 1000 999
f 998 996 997
f 1001 1002 1000
f 1001 1000 998
f 1003 1004 1002
f 1003 1002 1001
f 1005 1004 1003
f 1006 1004 1005
f 1006 1007 1004
f 1006 1008 1007
f 1009 1008 1006
f 1009 1010 1008
f 1011 1010 1009
f 1012 1010 1011
f 1012 1013 1010
f 1012 1014 1013
f 1015 1014 1012
f 1015 1016 1014
f 1017 1016 1015
f 1018 1019 1020
f 1018 1021 1019
f 1022 1023 1021
f 1022 1021 1018
f 1024 1025 1023
f 1024 1023 1022
f 1026 1027 1025
f 1026 1025 1024
f 1028 1029 1027
f 1028 1027 1026
f 1030 1031 1029
f 1030 1029 1028
f 1032 1031 1030
f 1032 1033 1031
f 1034 1033 1032
f 1034 1035 1033
f 1036 1035 1034
f 1036 1037 1035
f 1036 1038 1037
f 1039 1038 1036
f 1039 1040 1038
f 1041 1040 1039
f 1042 1040 1041
f 1042 1043 1040
f 1042 1044 1043
f 1045 1044 1042
f 1046 1044 1045
f 1046 1047 1044
f 1046 1048 1047
f 1049 1048 1046
f 1050 1048 1049
f 1050 1051 1048
f 1052 1051 1050
f 1052 1053 1051
f 1054 1053 1052
f 1054 1055 1053
f 1056 1055 1054
f 1056 1057 1055
f 1058 1057 1056
f 1058 1059 1057
f 1060 1061 1059
f 1060 1059 1058
f 1062 1063 1061
f 1062 1061 1060
f 1064 1065 1063
f 1064 1063 1062
f 1066 1067 1065
f 1066 1068 1067
f 1066 1065 1064
f 1069 1070 1068
f 1069 1068 1066
f 1071 1070 1069
f 1072 1073 1070
f 1072 1070 1071
f 1074 1075 1073
f 1074 1073 1072
f 1076 1077 1075
f 1076 1078 1077
f 1076 1075 1074
f 1079 1078 1076
f 1080 1078 1079
f 1080 1081 1078
f 1082 1081 1080
f 1082 1083 1081
f 1084 1083 1082
f 1084 1085 1083
f 1086 1085 1084
f 1086 1087 1085
f 1088 1087 1086
f 1088 1089 1087
f 1090 1089 1088
f 1090 1091 1089
f 1092 1093 1094
f 1092 1095 1093
f 1092 1096 1095
f 1097 1098 1095
f 1097 1099 1098
f 1097 1095 1096
f 1100 1092 1094
f 1101 1099 1097
f 1102 1103 1104
f 1102 1094 1103
f 1102 1100 1094
f 1105 1099 1101
f 1105 1106 1099
f 1107 1102 1104
f 1107 1104 1108
f 1109 1106 1105
f 1109 1110 1106
f 1111 1107 1108
f 1112 1113 1110
f 1112 1110 1109
f 1114 1108 1115
f 1114 1111 1108
f 1116 1117 1113
f 1116 1113 1112
f 1118 1114 1115
f 1118 1115 1119
f 1120 1121 1117
f 1120 1117 1116
f 1122 1119 1123
f 1122 1118 1119
f 1124 1125 1121
f 1124 1121 1120
f 1126 1122 1123
f 1126 1123 1127
f 1128 1125 1124
f 1129 1125 1128
f 1130 1126 1127
f 1130 1131 1126
f 1132 1129 1128
f 1133 1129 1132
f 1134 1131 1130
f 1134 1135 1131
f 1136 1132 1137
f 1136 1133 1132
f 1138 1135 1134
f 1138 1139 1135
f 1140 1136 1137
f 1141 1136 1140
f 1142 1143 1139
f 1142 1139 1138
f 1144 1140 1145
f 1144 1145 1146
f 1144 1141 1140
f 1147 1148 1143
f 1147 1143 1142
f 1149 1144 1146
f 1150 1151 1148
f 1150 1148 1147
f 1152 1146 1153
f 1152 1149 1146
f 1154 1155 1151
f 1154 1151 1150
f 1156 1153 1157
f 1156 1157 1158
f 1156 1152 1153
f 1159 1160 1155
f 1159 1155 1154
f 1161 1156 1158
f 1162 1161 1158
f 1162 1158 1163
f 1162 1163 1160
f 1162 1160 1159
f 1164 1165 1166
f 1164 1167 1165
f 1168 1169 1167
f 1168 1167 1164
f 1170 1171 1169
f 1170 1169 1168
f 1172 1173 1171
f 1172 1171 1170
f 1174 1175 1173
f 1174 1173 1172
f 1176 1177 1175
f 1176 1175 1174
f 1178 1177 1176
f 1178 1179 1177
f 1180 1179 1178
f 1180 1181 1179
f 1182 1181 1180
f 1182 1183 1181
f 1182 1184 1183
f 1185 1184 1182
f 1185 1186 1184
f 1187 1186 1185
f 1188 1186 1187
f 1188 1189 1186
f 1188 1190 1189
f 1191 1190 1188
f 1192 1190 1191
f 1192 1193 1190
f 1192 1194 1193
f 1195 1194 1192
f 1196 1194 1195
f 1196 1197 1194
f 1198 1197 1196
f 1198 1199 1197
f 1200 1199 1198
f 1200 1201 1199
f 1202 1201 1200
f 1202 1203 1201
f 1204 1203 1202
f 1204 1205 1203
f 1206 1207 1205
f 1206 1205 1204
f 1208 1209 1207
f 1208 1207 1206
f 1210 1211 1209
f 1210 1209 1208
f 1212 1213 1211
f 1212 1214 1213
f 1212 1211 1210
f 1215 1216 1214
f 1215 1214 1212
f 1217 1216 1215
f 1218 1219 1216
f 1218 1216 1217
f 1220 1221 1219
f 1220 1219 1218
f 1222 1223 1221
f 1222 1224 1223
f 1222 1221 1220
f 1225 1224 1222
f 1226 1224 1225
f 1226 1227 1224
f 1228 1227 1226
f 1228 1229 1227
f 1230 1229 1228
f 1230 1231 1229
f 1232 1231 1230
f 1232 1233 1231
f 1234 1233 1232
f 1234 1235 1233
f 1236 1235 1234
f 1236 1237 1235
f 1238 1239 1240
f 1238 1241 1239
f 1238 1242 1241
f 1243 1244 1241
f 1243 1245 1244
f 1243 1241 1242
f 1246 1238 1240
f 1247 1245 1243
f 1248 1249 1250
f 1248 1240 1249
f 1248 1246 1240
f 1251 1245 1247
f 1251 1252 1245
f 1253 1248 1250
f 1253 1250 1254
f 1255 1252 1251
f 1255 1256 1252
f 1257 1253 1254
f 1258 1259 1256
f 1258 1256 1255
f 1260 1254 1261
f 1260 1257 1254
f 1262 1263 1259
f 1262 1259 1258
f 1264 1260 1261
f 1264 1261 1265
f 1266 1267 1263
f 1266 1263 1262
f 1268 1265 1269
f 1268 1264 1265
f 1270 1271 1267
f 1270 1267 1266
f 1272 1268 1269
f 1272 1269 1273
f 1274 1271 1270
f 1275 1271 1274
f 1276 1272 1273
f 1276 1277 1272
f 1278 1275 1274
f 1279 1275 1278
f 1280 1277 1276
f 1280 1281 1277
f 1282 1278 1283
f 1282 1279 1278
f 1284 1281 1280
f 1284 1285 1281
f 1286 1282 1283
f 1287 1282 1286
f 1288 1289 1285
f 1288 1285 1284
f 1290 1286 1291
f 1290 1291 1292
f 1290 1287 1286
f 1293 1294 1289
f 1293 1289 1288
f 1295 1290 1292
f 1296 1297 1294
f 1296 1294 1293
f 1298 1292 1299
f 1298 1295 1292
f 1300 1301 1297
f 1300 1297 1296
f 1302 1299 1303
f 1302 1303 1304
f 1302 1298 1299
f 1305 1306 1301
f 1305 1301 1300
f 1307 1302 1304
f 1308 1307 1304
f 1308 1304 1309
f 1308 1309 1306
f 1308 1306 1305
f 1310 1311 1312
f 1310 1313 1311
f 1314 1315 1313
f 1314 1313 1310
f 1316 1317 1315
f 1316 1315 1314
f 1318 1319 1317
f 1318 1317 1316
f 1320 1321 1319
f 1320 1319 1318
f 1322 1323 1321
f 1322 1321 1320
f 1324 1323 1322
f 1324 1325 1323
f 1324 1326 1325
f 1327 1326 1324
f 1328 1326 1327
f 1328 1329 1326
f 1330 1329 1328
f 1330 1331 1329
f 1330 1332 1331
f 1333 1332 1330
f 1334 1332 1333
f 1334 1335 1332
f 1336 1335 1334
f 1336 1337 1335
f 1338 1337 1336
f 1338 1339 1337
f 1338 1340 1339
f 1341 1340 1338
f 1341 1342 1340
f 1343 1342 1341
f 1343 1344 1342
f 1345 1344 1343
f 1346 1344 1345
f 1346 1347 1344
f 1346 1348 1347
f 1349 1348 1346
f 1350 1351 1348
f 1350 1352 1351
f 1350 1348 1349
f 1353 1352 1350
f 1354 1355 1352
f 1354 1352 1353
f 1356 1357 1355
f 1356 1355 1354
f 1358 1359 1357
f 1358 1360 1359
f 1358 1357 1356
f 1361 1360 1358
f 1362 1363 1360
f 1362 1364 1363
f 1362 1360 1361
f 1365 1366 1364
f 1365 1364 1362
f 1367 1368 1366
f 1367 1366 1365
f 1369 1368 1367
f 1370 1371 1368
f 1370 1372 1371
f 1370 1368 1369
f 1373 1372 1370
f 1374 1372 1373
f 1374 1375 1372
f 1376 1375 1374
f 1376 1377 1375
f 1378 1377 1376
f 1378 1379 1377
f 1380 1379 1378
f 1380 1381 1379
f 1382 1381 1380
f 1382 1383 1381
f 1384 1385 1386
f 1384 1387 1385
f 1388 1389 1385
f 1388 1385 1387
f 1390 1386 1391
f 1390 1384 1386
f 1392 1393 1389
f 1392 1389 1388
f 1394 1391 1395
f 1394 1390 1391
f 1396 1397 1393
f 1396 1393 1392
f 1398 1394 1395
f 1398 1395 1399
f 1400 1397 1396
f 1400 1401 1397
f 1402 1399 1403
f 1402 1398 1399
f 1404 1405 1401
f 1404 1401 1400
f 1406 1402 1403
f 1406 1403 1407
f 1408 1409 1405
f 1408 1405 1404
f 1410 1407 1411
f 1410 1406 1407
f 1412 1413 1409
f 1412 1409 1408
f 1414 1411 1415
f 1414 1410 1411
f 1416 1417 1413
f 1416 1413 1412
f 1418 1415 1419
f 1418 1414 1415
f 1420 1417 1416
f 1421 1417 1420
f 1422 1418 1419
f 1422 1423 1418
f 1424 1420 1425
f 1424 1421 1420
f 1426 1423 1422
f 1426 1427 1423
f 1428 1425 1429
f 1428 1424 1425
f 1430 1431 1432
f 1430 1432 1427
f 1430 1427 1426
f 1433 1428 1429
f 1433 1429 1434
f 1433 1434 1435
f 1436 1431 1430
f 1437 1433 1435
f 1438 1439 1440
f 1438 1440 1431
f 1438 1431 1436
f 1441 1435 1442
f 1441 1437 1435
f 1443 1439 1438
f 1444 1442 1445
f 1444 1441 1442
f 1446 1439 1443
f 1446 1447 1439
f 1448 1445 1449
f 1448 1444 1445
f 1450 1447 1446
f 1450 1451 1447
f 1452 1448 1449
f 1452 1449 1453
f 1454 1451 1450
f 1454 1452 1453
f 1454 1453 1455
f 1454 1455 1451
f 1456 1457 1458
f 1456 1459 1457
f 1460 1461 1459
f 1460 1459 1456
f 1462 1463 1461
f 1462 1461 1460
f 1464 1465 1463
f 1464 1463 1462
f 1466 1467 1465
f 1466 1465 1464
f 1468 1469 1467
f 1468 1467 1466
f 1470 1469 1468
f 1470 1471 1469
f 1470 1472 1471
f 1473 1472 1470
f 1474 1472 1473
f 1474 1475 1472
f 1476 1475 1474
f 1476 1477 1475
f 1478 1477 1476
f 1478 1479 1477
f 1478 1480 1479
f 1481 1480 1478
f 1482 1480 1481
f 1482 1483 1480
f 1484 1483 1482
f 1484 1485 1483
f 1486 1485 1484
f 1486 1487 1485
f 1488 1487 1486
f 1488 1489 1487
f 1490 1489 1488
f 1490 1491 1489
f 1492 1491 1490
f 1492 1493 1491
f 1494 1493 1492
f 1494 1495 1493
f 1496 1497 1495
f 1496 1495 1494
f 1498 1499 1497
f 1498 1497 1496
f 1500 1501 1499
f 1500 1502 1501
f 1500 1499 1498
f 1503 1502 1500
f 1504 1505 1502
f 1504 1502 1503
f 1506 1507 1505
f 1506 1505 1504
f 1508 1509 1507
f 1508 1507 1506
f 1510 1511 1509
f 1510 1509 1508
f 1512 1513 1511
f 1512 1511 1510
f 1514 1515 1513
f 1514 1513 1512
f 1516 1517 1515
f 1516 1515 1514
f 1518 1517 1516
f 1518 1519 1517
f 1518 1520 1519
f 1521 1520 1518
f 1521 1522 1520
f 1523 1522 1521
f 1524 1522 1523
f 1524 1525 1522
f 1524 1526 1525
f 1527 1526 1524
f 1528 1526 1527
f 1528 1529 1526
f 1530 1531 1532
f 1530 1533 1531
f 1534 1535 1531
f 1534 1531 1533
f 1536 1532 1537
f 1536 1530 1532
f 1538 1539 1535
f 1538 1535 1534
f 1540 1537 1541
f 1540 1536 1537
f 1542 1543 1539
f 1542 1539 1538
f 1544 1540 1541
f 1544 1541 1545
f 1546 1543 1542
f 1546 1547 1543
f 1548 1545 1549
f 1548 1544 1545
f 1550 1551 1547
f 1550 1547 1546
f 1552 1548 1549
f 1552 1549 1553
f 1554 1555 1551
f 1554 1551 1550
f 1556 1553 1557
f 1556 1552 1553
f 1558 1559 1555
f 1558 1555 1554
f 1560 1557 1561
f 1560 1556 1557
f 1562 1563 1559
f 1562 1559 1558
f 1564 1561 1565
f 1564 1560 1561
f 1566 1563 1562
f 1567 1563 1566
f 1568 1564 1565
f 1568 1569 1564
f 1570 1566 1571
f 1570 1567 1566
f 1572 1569 1568
f 1572 1573 1569
f 1574 1571 1575
f 1574 1570 1571
f 1576 1577 1578
f 1576 1578 1573
f 1576 1573 1572
f 1579 1574 1575
f 1579 1575 1580
f 1579 1580 1581
f 1582 1577 1576
f 1583 1579 1581
f 1584 1585 1586
f 1584 1586 1577
f 1584 1577 1582
f 1587 1581 1588
f 1587 1583 1581
f 1589 1585 1584
f 1590 1588 1591
f 1590 1587 1588
f 1592 1585 1589
f 1592 1593 1585
f 1594 1591 1595
f 1594 1590 1591
f 1596 1593 1592
f 1596 1597 1593
f 1598 1594 1595
f 1598 1595 1599
f 1600 1597 1596
f 1600 1598 1599
f 1600 1599 1601
f 1600 1601 1597
f 1602 1603 1604
f 1605 1603 1602
f 1606 1605 1602
f 1607 1605 1606
f 1608 1607 1606
f 1609 1607 1608
f 1610 1609 1608
f 1611 1609 1610
f 1612 1611 1610
f 1613 1611 1612
f 1614 1613 1612
f 1615 1613 1614
f 1616 1615 1614
f 1617 1615 1616
f 1618 1617 1616
f 1619 1617 1618
f 1620 1619 1618
f 1621 1619 1620
f 1622 1621 1620
f 1623 1621 1622
f 1624 1623 1622
f 1625 1623 1624
f 1626 1625 1624
f 1627 1625 1626
f 1628 1627 1626
f 1629 1627 1628
f 1630 1629 1628
f 1631 1629 1630
f 1632 1631 1630
f 1633 1631 1632
f 1634 1633 1632
f 1635 1633 1634
f 1636 1635 1634
f 1637 1635 1636
f 1638 1637 1636
f 1639 1637 1638
f 1640 1639 1638
f 1641 1639 1640
f 1642 1641 1640
f 1643 1641 1642
f 1644 1642 1645
f 1644 1643 1642
f 1646 1644 1645
f 1647 1644 1646
f 1648 1647 1646
f 1649 1647 1648
f 1650 1649 1648
f 1651 1649 1650
f 1652 1651 1650
f 1653 1651 1652
f 1654 1653 1652
f 1655 1653 1654
f 1656 1654 1657
f 1656 1655 1654
f 1658 1656 1657
f 1659 1656 1658
f 1660 1658 1661
f 1660 1659 1658
f 1662 1660 1661
f 1663 1660 1662
f 1664 1663 1662
f 1664 1662 1665
f 1666 1664 1665
f 1667 1664 1666
f 1668 1667 1666
f 1669 1667 1668
f 1670 1669 1668
f 1671 1669 1670
f 1672 1671 1670
f 1672 1670 1673
f 1674 1672 1673
f 1674 1673 1675
f 1676 1677 1678
f 1676 1678 1679
f 1680 1679 1681
f 1680 1676 1679
f 1682 1681 1683
f 1682 1680 1681
f 1684 1683 1685
f 1684 1682 1683
f 1686 1685 1687
f 1686 1684 1685
f 1688 1686 1687
f 1688 1687 1689
f 1690 1688 1689
f 1690 1689 1691
f 1692 1690 1691
f 1692 1691 1693
f 1694 1692 1693
f 1694 1693 1695
f 1696 1694 1695
f 1696 1695 1697
f 1698 1696 1697
f 1698 1697 1699
f 1700 1698 1699
f 1700 1699 1701
f 1702 1700 1701
f 1702 1701 1703
f 1704 1702 1703
f 1704 1703 1705
f 1706 1704 1705
f 1706 1705 1707
f 1708 1706 1707
f 1708 1707 1709
f 1710 1708 1709
f 1710 1709 1711
f 1712 1710 1711
f 1712 1711 1713
f 1714 1712 1713
f 1714 1713 1715
f 1716 1714 1715
f 1716 1715 1717
f 1718 1717 1719
f 1718 1716 1717
f 1720 1719 1721
f 1720 1718 1719
f 1722 1721 1723
f 1722 1720 1721
f 1724 1723 1725
f 1724 1722 1723
f 1726 1725 1727
f 1726 1724 1725
f 1728 1727 1729
f 1728 1726 1727
f 1730 1729 1731
f 1730 1728 1729
f 1732 1731 1733
f 1732 1730 1731
f 1734 1733 1735
f 1734 1732 1733
f 1736 1735 1737
f 1736 1734 1735
f 1738 1737 1739
f 1738 1736 1737
f 1740 1738 1739
f 1740 1741 1742
f 1740 1739 1741
f 1743 1740 1742
f 1744 1743 1742
f 1744 1742 1745
f 1746 1744 1745
f 1746 1745 1747
f 1748 1746 1747
f 1748 1747 1749
f 1750 1751 1752
f 1753 1752 1751
f 1754 1753 1751
f 1755 1754 1751
f 1756 1757 1751
f 1756 1751 1750
f 1758 1755 1751
f 1759 1751 1760
f 1759 1758 1751
f 1761 1759 1760
f 1762 1757 1756
f 1763 1757 1762
f 1764 1763 1762
f 1765 1763 1764
f 1766 1763 1765
f 1767 1768 1769
f 1770 1769 1768
f 1771 1767 1769
f 1772 1769 1770
f 1772 1760 1769
f 1773 1771 1769
f 1774 1760 1772
f 1775 1773 1769
f 1776 1763 1766
f 1777 1760 1774
f 1778 1775 1769
f 1779 1763 1776
f 1780 1760 1777
f 1781 1769 1782
f 1781 1778 1769
f 1783 1760 1780
f 1784 1781 1782
f 1785 1763 1779
f 1786 1760 1783
f 1786 1761 1760
f 1787 1784 1782
f 1788 1761 1786
f 1789 1787 1782
f 1790 1763 1785
f 1791 1789 1782
f 1792 1791 1782
f 1793 1763 1790
f 1793 1790 1794
f 1795 1796 1797
f 1798 1797 1796
f 1799 1782 1796
f 1799 1796 1795
f 1800 1798 1796
f 1801 1802 1792
f 1801 1792 1782
f 1801 1782 1799
f 1803 1800 1796
f 1804 1803 1796
f 1805 1806 1807
f 1808 1805 1807
f 1808 1807 1809
f 1810 1806 1805
f 1810 1811 1806
f 1812 1808 1809
f 1812 1809 1813
f 1812 1813 1814
f 1815 1811 1810
f 1815 1816 1817
f 1815 1817 1811
f 1818 1812 1814
f 1818 1814 1819
f 1820 1816 1815
f 1821 1818 1819
f 1821 1819 1822
f 1823 1821 1822
f 1823 1822 1824
f 1825 1823 1824
f 1825 1824 1826
f 1825 1826 1827
f 1828 1816 1820
f 1828 1829 1830
f 1828 1761 1788
f 1828 1820 1829
f 1828 1788 1831
f 1828 1831 1816
f 1832 1828 1830
f 1833 1825 1827
f 1834 1804 1796
f 1835 1828 1832
f 1836 1834 1796
f 1837 1835 1832
f 1838 1835 1837
f 1839 1838 1837
f 1840 1838 1839
f 1841 1840 1839
f 1842 1843 1802
f 1842 1833 1827
f 1842 1844 1845
f 1842 1845 1846
f 1842 1846 1833
f 1842 1802 1801
f 1842 1827 1843
f 1847 1841 1848
f 1847 1840 1841
f 1849 1844 1842
f 1849 1850 1844
f 1851 1847 1848
f 1852 1853 1850
f 1852 1850 1849
f 1854 1847 1851
f 1855 1854 1851
f 1856 1857 1793
f 1856 1793 1858
f 1859 1858 1793
f 1860 1857 1856
f 1861 1834 1836
f 1862 1857 1860
f 1863 1859 1793
f 1864 1865 1853
f 1864 1853 1852
f 1866 1857 1862
f 1867 1863 1793
f 1868 1855 1869
f 1868 1854 1855
f 1870 1793 1794
f 1871 1870 1794
f 1872 1871 1794
f 1873 1793 1870
f 1874 1857 1866
f 1875 1872 1794
f 1876 1793 1873
f 1876 1867 1793
f 1877 1878 1867
f 1877 1867 1876
f 1879 1875 1794
f 1880 1865 1864
f 1880 1881 1882
f 1880 1882 1865
f 1883 1857 1874
f 1884 1879 1794
f 1885 1878 1877
f 1885 1886 1878
f 1887 1886 1885
f 1888 1884 1794
f 1889 1857 1883
f 1890 1886 1887
f 1891 1890 1887
f 1892 1888 1794
f 1893 1881 1880
f 1893 1894 1881
f 1895 1857 1889
f 1896 1890 1891
f 1897 1898 1899
f 1900 1899 1901
f 1900 1897 1899
f 1902 1898 1897
f 1903 1900 1901
f 1904 1896 1891
f 1905 1869 1898
f 1905 1898 1902
f 1906 1901 1907
f 1906 1903 1901
f 1908 1869 1905
f 1908 1868 1869
f 1909 1857 1895
f 1910 1896 1904
f 1911 1907 1912
f 1911 1906 1907
f 1913 1910 1904
f 1914 1868 1908
f 1914 1915 1868
f 1916 1911 1912
f 1917 1894 1893
f 1917 1918 1894
f 1919 1913 1920
f 1919 1910 1913
f 1921 1915 1914
f 1921 1922 1915
f 1923 1916 1912
f 1923 1912 1918
f 1924 1919 1920
f 1925 1919 1924
f 1926 1918 1917
f 1926 1923 1918
f 1927 1925 1924
f 1928 1926 1917
f 1928 1917 1929
f 1930 1925 1927
f 1931 1930 1927
f 1932 1933 1922
f 1932 1922 1921
f 1934 1928 1929
f 1935 1931 1936
f 1935 1930 1931
f 1937 1934 1929
f 1938 1939 1940
f 1938 1940 1941
f 1938 1941 1942
f 1938 1942 1943
f 1938 1943 1944
f 1938 1944 1945
f 1946 1936 1947
f 1946 1935 1936
f 1948 1949 1933
f 1948 1933 1932
f 1950 1909 1951
f 1950 1951 1952
f 1950 1952 1953
f 1950 1953 1954
f 1950 1954 1955
f 1950 1857 1909
f 1956 1957 1861
f 1956 1861 1836
f 1958 1947 1959
f 1958 1946 1947
f 1960 1957 1956
f 1961 1962 1949
f 1961 1949 1948
f 1963 1937 1964
f 1963 1934 1937
f 1965 1966 1967
f 1965 1967 1939
f 1965 1939 1938
f 1968 1960 1956
f 1969 1970 1962
f 1969 1962 1961
f 1971 1972 1970
f 1971 1970 1969
f 1973 1972 1971
f 1973 1974 1972
f 1975 1974 1973
f 1975 1976 1974
f 1977 1978 1979
f 1977 1979 1966
f 1977 1966 1965
f 1980 1968 1956
f 1981 1963 1964
f 1981 1964 1982
f 1983 1976 1975
f 1984 1985 1978
f 1984 1978 1977
f 1986 1980 1956
f 1987 1982 1988
f 1987 1981 1982
f 1989 1986 1956
f 1990 1988 1991
f 1990 1987 1988
f 1992 1989 1956
f 1993 1976 1983
f 1993 1994 1976
f 1995 1991 1996
f 1995 1990 1991
f 1997 1995 1996
f 1998 1997 1996
f 1999 1994 1993
f 1999 2000 1994
f 2001 2002 2003
f 2001 2004 2002
f 2005 2003 2002
f 2005 2002 2006
f 2007 2008 2000
f 2007 2000 1999
f 2009 2004 2001
f 2010 2005 2006
f 2010 2006 2011
f 2012 2004 2009
f 2012 2013 2004
f 2014 2013 2012
f 2014 1984 2013
f 2015 2016 2008
f 2015 2008 2007
f 2017 2010 2011
f 2017 2011 2018
f 2019 2016 2015
f 2019 2020 2016
f 2021 2017 2018
f 2021 2020 2019
f 2021 2018 2020
f 2022 1984 2014
f 2022 1985 1984
f 2023 1997 1998
f 2024 2025 2026
f 2024 2026 1958
f 2027 2028 2029
f 2027 2029 2030
f 2027 2030 2031
f 2027 2031 2032
f 2027 2032 2025
f 2027 2025 2024
f 2033 1958 1959
f 2033 1959 2034
f 2033 2024 1958
f 2035 2034 1985
f 2035 2022 2036
f 2035 1985 2022
f 2035 2033 2034
f 2037 2035 2036
f 2037 2036 2038
f 2039 2040 1992
f 2039 1992 1956
f 2041 1955 2028
f 2041 1950 1955
f 2041 2028 2027
f 2042 2023 1998
f 2043 2038 2044
f 2043 2044 2045
f 2043 2037 2038
f 2046 2047 1950
f 2046 1950 2041
f 2048 2047 2046
f 2049 2047 2048
f 2050 2043 2045
f 2050 2045 2051
f 2050 2051 2052
f 2053 2047 2049
f 2054 2050 2052
f 2054 2052 2055
f 2056 2023 2042
f 2057 2047 2053
f 2058 2055 2059
f 2058 2054 2055
f 2060 2047 2057
f 2061 2047 2060
f 2062 2059 2063
f 2062 2058 2059
f 2064 2062 2063
f 2065 2064 2063
f 2066 2064 2065
f 2067 2066 2065
f 2068 2042 2069
f 2068 2056 2042
f 2070 2066 2067
f 2071 2072 2070
f 2071 2070 2067
f 2073 2072 2071
f 2074 2047 2061
f 2075 2039 2076
f 2077 2039 2075
f 2077 2040 2039
f 2078 2076 2039
f 2079 2078 2039
f 2080 2081 2040
f 2080 2040 2077
f 2082 2069 2083
f 2082 2068 2069
f 2084 2047 2074
f 2085 2081 2080
f 2086 2039 2087
f 2086 2079 2039
f 2088 2081 2085
f 2089 2086 2087
f 2090 2089 2087
f 2091 2081 2088
f 2092 2082 2083
f 2092 2083 2093
f 2094 2081 2091
f 2095 2090 2087
f 2096 2072 2073
f 2097 2081 2094
f 2097 2098 2081
f 2099 2095 2087
f 2100 2093 2101
f 2100 2092 2093
f 2102 2098 2097
f 2103 2099 2087
f 2104 2096 2073
f 2105 2098 2102
f 2105 2106 2098
f 2107 2103 2087
f 2108 2101 2109
f 2108 2100 2101
f 2110 2106 2105
f 2111 2107 2087
f 2112 2084 2074
f 2113 2109 2114
f 2113 2108 2109
f 2115 2111 2087
f 2116 2114 2117
f 2116 2113 2114
f 2118 2117 2119
f 2118 2116 2117
f 2120 2118 2119
f 2120 2119 2121
f 2122 2120 2121
f 2123 2121 2124
f 2123 2122 2121
f 2125 2123 2124
f 2126 2125 2124
f 2126 2124 2127
f 2128 2126 2127
f 2128 2127 2129
f 2130 2128 2129
f 2131 2096 2104
f 2132 2131 2104
f 2133 2134 2135
f 2136 2130 2129
f 2136 2135 2130
f 2136 2133 2135
f 2137 2134 2133
f 2137 2138 2139
f 2137 2139 2134
f 2140 2129 2106
f 2140 2106 2110
f 2140 2110 2141
f 2140 2136 2129
f 2142 2138 2137
f 2142 2143 2144
f 2142 2144 2138
f 2145 2140 2141
f 2145 2141 2146
f 2145 2146 2147
f 2148 2143 2142
f 2148 2149 2143
f 2150 2145 2147
f 2150 2147 2151
f 2150 2151 2152
f 2150 2152 2153
f 2150 2153 2154
f 2150 2154 2155
f 2156 2084 2112
f 2156 2112 2157
f 2156 2158 2159
f 2156 2157 2158
f 2160 2161 2162
f 2160 2162 2163
f 2160 2163 2164
f 2160 2164 2165
f 2160 2165 2115
f 2160 2115 2087
f 2166 2167 2149
f 2166 2149 2148
f 2168 2156 2159
f 2169 2170 2167
f 2169 2167 2166
f 2171 2156 2168
f 2172 2173 2170
f 2172 2170 2169
f 2174 2156 2171
f 2175 2131 2132
f 2175 2176 2131
f 2177 2156 2174
f 2178 2173 2172
f 2178 2179 2173
f 2180 2179 2178
f 2180 2181 2179
f 2182 2181 2180
f 2183 2181 2182
f 2184 2176 2175
f 2185 2176 2184
f 2186 2185 2184
f 2186 2187 2185
f 2188 2155 2161
f 2188 2161 2160
f 2188 2150 2155
f 2189 2188 2160
f 2190 2187 2186
f 2190 2191 2187
f 2192 2183 2182
f 2192 2193 2183
f 2194 2191 2190
f 2194 2195 2191
f 2196 2156 2177
f 2196 2177 2197
f 2198 2199 2189
f 2198 2200 2199
f 2198 2201 2200
f 2198 2189 2160
f 2202 2195 2194
f 2202 2203 2195
f 2204 2201 2198
f 2205 2203 2202
f 2205 2206 2203
f 2207 2204 2198
f 2208 2206 2205
f 2208 2209 2206
f 2210 2207 2198
f 2211 2209 2208
f 2211 2212 2209
f 2213 2212 2211
f 2214 2215 2212
f 2214 2212 2213
f 2216 2215 2214
f 2217 2218 2215
f 2217 2215 2216
f 2219 2220 2193
f 2219 2193 2192
f 2221 2218 2217
f 2221 2222 2218
f 2223 2222 2221
f 2224 2197 2225
f 2226 2224 2225
f 2227 2197 2224
f 2227 2196 2197
f 2228 2226 2225
f 2229 2196 2227
f 2230 2228 2225
f 2231 2196 2229
f 2232 2230 2225
f 2233 2196 2231
f 2234 2232 2225
f 2234 2225 2235
f 2236 2196 2233
f 2237 2234 2235
f 2238 2196 2236
f 2239 2235 2240
f 2239 2237 2235
f 2241 2210 2198
f 2242 2239 2240
f 2243 2220 2219
f 2244 2245 2246
f 2247 2245 2244
f 2247 2248 2249
f 2247 2249 2245
f 2250 2244 2246
f 2250 2246 2251
f 2252 2253 2254
f 2252 2254 2248
f 2252 2248 2247
f 2255 2243 2219
f 2256 2250 2251
f 2256 2251 2257
f 2258 2253 2252
f 2258 2259 2253
f 2260 2257 2261
f 2260 2256 2257
f 2262 2222 2223
f 2262 2223 2259
f 2262 2259 2258
f 2263 2260 2261
f 2263 2261 2264
f 2265 2242 2240
f 2265 2266 2242
f 2265 2222 2262
f 2265 2240 2222
f 2267 2238 2268
f 2267 2268 2269
f 2267 2269 2270
f 2267 2270 2271
f 2267 2271 2272
f 2267 2272 2273
f 2267 2273 2274
f 2267 2274 2275
f 2267 2196 2238
f 2276 2241 2198
f 2277 2263 2264
f 2277 2264 2278
f 2279 2280 2281
f 2279 2281 2266
f 2279 2266 2265
f 2282 2277 2278
f 2282 2278 2283
f 2284 2280 2279
f 2284 2285 2286
f 2284 2286 2287
f 2284 2287 2288
f 2284 2288 2280
f 2289 2241 2276
f 2290 2243 2255
f 2291 2292 2290
f 2291 2290 2255
f 2293 2292 2291
f 2294 2292 2293
f 2295 2294 2293
f 2296 2294 2295
f 2297 2282 2283
f 2297 2283 2298
f 2299 2296 2295
f 2300 2299 2301
f 2300 2296 2299
f 2302 2301 2303
f 2302 2300 2301
f 2304 2303 2305
f 2304 2302 2303
f 2306 2305 2307
f 2306 2304 2305
f 2308 2309 2310
f 2308 2310 2311
f 2308 2311 2285
f 2308 2285 2284
f 2312 2297 2298
f 2312 2298 2313
f 2314 2306 2307
f 2315 2309 2308
f 2315 2267 2275
f 2315 2275 2316
f 2315 2316 2317
f 2315 2317 2318
f 2315 2318 2309
f 2319 2320 2321
f 2319 2322 2320
f 2319 2323 2322
f 2319 2324 2323
f 2319 2325 2324
f 2319 2326 2325
f 2319 2321 2289
f 2319 2289 2276
f 2327 2315 2308
f 2328 2314 2307
f 2328 2307 2329
f 2330 2328 2329
f 2331 2330 2329
f 2331 2329 2332
f 2333 2315 2327
f 2334 2335 2336
f 2337 2335 2334
f 2338 2331 2332
f 2339 2335 2337
f 2340 2312 2313
f 2341 2342 2335
f 2341 2335 2339
f 2343 2344 2345
f 2346 2342 2341
f 2347 2315 2333
f 2348 2349 2342
f 2348 2342 2346
f 2350 2349 2348
f 2351 2315 2347
f 2352 2353 2349
f 2352 2349 2350
f 2354 2353 2352
f 2355 2312 2340
f 2356 2338 2332
f 2356 2357 2338
f 2356 2332 2353
f 2356 2353 2354
f 2358 2343 2345
f 2359 2357 2356
f 2360 2358 2345
f 2361 2362 2363
f 2364 2361 2363
f 2364 2363 2365
f 2366 2367 2362
f 2366 2362 2361
f 2368 2355 2340
f 2369 2360 2345
f 2370 2364 2365
f 2370 2365 2371
f 2372 2367 2366
f 2372 2373 2367
f 2374 2371 2375
f 2374 2370 2371
f 2376 2369 2345
f 2377 2378 2373
f 2377 2373 2372
f 2379 2376 2345
f 2380 2374 2375
f 2380 2375 2381
f 2380 2381 2382
f 2383 2380 2382
f 2383 2382 2384
f 2383 2384 2385
f 2386 2355 2368
f 2386 2368 2387
f 2388 2383 2385
f 2388 2385 2389
f 2390 2386 2387
f 2390 2387 2391
f 2392 2389 2357
f 2392 2388 2389
f 2392 2357 2359
f 2392 2359 2393
f 2394 2390 2391
f 2394 2391 2395
f 2396 2397 2378
f 2396 2378 2377
f 2398 2392 2393
f 2398 2393 2399
f 2400 2394 2395
f 2400 2395 2401
f 2402 2403 2404
f 2405 2406 2407
f 2405 2407 2403
f 2405 2403 2402
f 2408 2400 2401
f 2408 2401 2409
f 2410 2411 2406
f 2410 2406 2405
f 2412 2404 2413
f 2412 2402 2404
f 2414 2411 2410
f 2415 2412 2413
f 2415 2413 2416
f 2417 2411 2414
f 2417 2418 2411
f 2419 2416 2420
f 2419 2420 2421
f 2419 2415 2416
f 2422 2315 2351
f 2422 2423 2424
f 2422 2351 2423
f 2425 2345 2326
f 2425 2379 2345
f 2425 2426 2427
f 2425 2427 2428
f 2425 2428 2379
f 2425 2326 2319
f 2429 2430 2431
f 2429 2431 2397
f 2429 2397 2396
f 2432 2418 2417
f 2433 2419 2421
f 2433 2421 2434
f 2435 2408 2409
f 2436 2422 2424
f 2437 2418 2432
f 2437 2438 2398
f 2437 2398 2399
f 2437 2399 2418
f 2439 2433 2434
f 2439 2434 2440
f 2441 2435 2409
f 2442 2438 2437
f 2443 2426 2425
f 2443 2439 2440
f 2443 2440 2426
f 2444 2445 2430
f 2444 2430 2429
f 2446 2441 2447
f 2446 2435 2441
f 2448 2449 2445
f 2448 2445 2444
f 2450 2451 2449
f 2450 2449 2448
f 2452 2453 2438
f 2452 2438 2442
f 2454 2443 2425
f 2455 2451 2450
f 2455 2456 2451
f 2457 2458 2456
f 2457 2456 2455
f 2459 2453 2452
f 2460 2454 2425
f 2461 2447 2462
f 2461 2446 2447
f 2463 2464 2458
f 2463 2458 2457
f 2465 2453 2459
f 2466 2460 2425
f 2467 2468 2464
f 2467 2464 2463
f 2469 2453 2465
f 2470 2453 2469
f 2471 2472 2473
f 2474 2472 2471
f 2474 2475 2476
f 2474 2476 2472
f 2477 2462 2475
f 2477 2461 2462
f 2477 2475 2474
f 2478 2473 2479
f 2478 2479 2480
f 2478 2471 2473
f 2481 2482 2468
f 2481 2468 2467
f 2483 2461 2477
f 2483 2484 2461
f 2485 2480 2486
f 2485 2478 2480
f 2487 2453 2470
f 2488 2484 2483
f 2488 2489 2484
f 2490 2486 2491
f 2490 2491 2492
f 2490 2485 2486
f 2493 2494 2482
f 2493 2482 2481
f 2495 2489 2488
f 2496 2492 2494
f 2496 2490 2492
f 2496 2494 2493
f 2497 2489 2495
f 2497 2498 2489
f 2499 2496 2493
f 2500 2499 2493
f 2501 2502 2498
f 2501 2498 2497
f 2503 2499 2500
f 2504 2503 2500
f 2505 2502 2501
f 2505 2506 2502
f 2507 2503 2504
f 2508 2506 2505
f 2508 2509 2506
f 2510 2507 2504
f 2511 2510 2504
f 2512 2509 2508
f 2513 2510 2511
f 2514 2513 2511
f 2515 2509 2512
f 2516 2513 2514
f 2517 2422 2436
f 2517 2436 2518
f 2519 2520 2521
f 2519 2521 2522
f 2519 2522 2523
f 2519 2523 2524
f 2519 2524 2525
f 2519 2466 2425
f 2519 2525 2526
f 2519 2526 2527
f 2519 2527 2466
f 2528 2516 2514
f 2529 2509 2515
f 2530 2516 2528
f 2531 2530 2528
f 2532 2530 2531
f 2533 2532 2531
f 2534 2533 2531
f 2535 2536 2537
f 2538 2536 2535
f 2538 2539 2536
f 2540 2535 2537
f 2541 2539 2538
f 2541 2542 2539
f 2543 2540 2537
f 2543 2537 2544
f 2545 2542 2541
f 2545 2546 2542
f 2547 2546 2545
f 2548 2543 2544
f 2548 2544 2549
f 2550 2509 2529
f 2550 2529 2546
f 2550 2546 2547
f 2551 2548 2549
f 2551 2549 2552
f 2553 2554 2509
f 2553 2509 2550
f 2555 2552 2556
f 2555 2551 2552
f 2557 2554 2553
f 2558 2555 2556
f 2559 2517 2518
f 2559 2518 2560
f 2559 2561 2562
f 2559 2560 2561
f 2563 2520 2519
f 2563 2564 2565
f 2563 2565 2566
f 2563 2566 2567
f 2563 2567 2568
f 2563 2568 2520
f 2569 2554 2557
f 2570 2534 2531
f 2570 2556 2534
f 2570 2558 2556
f 2571 2487 2564
f 2571 2453 2487
f 2571 2564 2563
f 2572 2554 2569
f 2573 2570 2531
f 2574 2571 2563
f 2575 2573 2531
f 2576 2559 2562
f 2576 2577 2554
f 2576 2578 2577
f 2576 2579 2578
f 2576 2562 2579
f 2576 2572 2580
f 2576 2580 2581
f 2576 2581 2582
f 2576 2582 2583
f 2576 2554 2572
f 2584 2574 2563
f 2584 2585 2574
f 2584 2586 2585
f 2584 2587 2586
f 2584 2588 2587
f 2584 2589 2588
f 2584 2590 2589
f 2591 2590 2584
f 2592 2593 2575
f 2592 2575 2531
f 2594 2576 2583
f 2594 2583 2595
f 2594 2595 2596
f 2594 2596 2597
f 2594 2597 2598
f 2594 2598 2599
f 2594 2599 2600
f 2594 2600 2601
f 2594 2601 2602
f 2603 2591 2584
f 2603 2604 2591
f 2605 2592 2606
f 2605 2593 2592
f 2605 2602 2607
f 2605 2607 2608
f 2605 2608 2609
f 2605 2609 2610
f 2605 2610 2593
f 2605 2594 2602
f 2611 2612 2613
f 2611 2614 2612
f 2611 2615 2614
f 2611 2616 2615
f 2611 2617 2616
f 2611 2606 2617
f 2611 2613 2604
f 2611 2604 2603
f 2611 2605 2606
f 1794 1938 1945
f 1794 1945 1892
f 2335 2345 2336
f 2336 2345 2618
f 2618 2345 2619
f 2619 2345 2344
f 2620 2621 2622
f 2623 2624 2625
f 2626 2627 2628
f 2629 2627 2626
f 2630 2628 2631
f 2630 2626 2628
f 2632 2627 2629
f 2633 2626 2630
f 2633 2629 2626
f 2634 2627 2632
f 2635 2630 2631
f 2635 2620 2636
f 2635 2636 2637
f 2635 2631 2621
f 2635 2621 2620
f 2638 2629 2633
f 2638 2632 2629
f 2639 2627 2634
f 2640 2635 2637
f 2640 2637 2641
f 2640 2641 2642
f 2640 2630 2635
f 2640 2633 2630
f 2643 2634 2632
f 2643 2632 2638
f 2644 2627 2639
f 2645 2642 2646
f 2645 2646 2647
f 2645 2640 2642
f 2645 2638 2633
f 2645 2633 2640
f 2648 2639 2634
f 2648 2634 2643
f 2649 2627 2644
f 2650 2647 2651
f 2650 2651 2652
f 2650 2643 2638
f 2650 2638 2645
f 2650 2645 2647
f 2653 2639 2648
f 2653 2644 2639
f 2654 2627 2649
f 2655 2652 2656
f 2655 2648 2643
f 2655 2650 2652
f 2655 2643 2650
f 2657 2649 2644
f 2657 2644 2653
f 2658 2627 2654
f 2659 2656 2660
f 2659 2660 2661
f 2659 2648 2655
f 2659 2653 2648
f 2659 2655 2656
f 2662 2654 2649
f 2662 2649 2657
f 2663 2664 2627
f 2663 2627 2658
f 2665 2659 2661
f 2665 2661 2666
f 2665 2666 2667
f 2665 2657 2653
f 2665 2653 2659
f 2668 2658 2654
f 2668 2654 2662
f 2669 2664 2663
f 2670 2665 2667
f 2670 2667 2671
f 2670 2671 2672
f 2670 2662 2657
f 2670 2657 2665
f 2673 2658 2668
f 2673 2663 2658
f 2674 2664 2669
f 2675 2672 2676
f 2675 2676 2677
f 2675 2670 2672
f 2675 2668 2662
f 2675 2673 2668
f 2675 2662 2670
f 2678 2669 2663
f 2678 2663 2673
f 2679 2664 2674
f 2680 2677 2681
f 2680 2681 2682
f 2680 2675 2677
f 2680 2673 2675
f 2680 2678 2673
f 2683 2674 2669
f 2683 2669 2678
f 2684 2664 2679
f 2685 2680 2682
f 2685 2682 2686
f 2685 2686 2687
f 2685 2678 2680
f 2688 2679 2674
f 2688 2674 2683
f 2689 2664 2684
f 2690 2687 2691
f 2690 2691 2692
f 2690 2685 2687
f 2690 2683 2678
f 2690 2678 2685
f 2693 2689 2684
f 2693 2684 2679
f 2693 2679 2688
f 2694 2664 2689
f 2695 2683 2690
f 2695 2693 2688
f 2695 2690 2692
f 2695 2692 2696
f 2695 2696 2697
f 2695 2688 2683
f 2698 2689 2693
f 2699 2664 2694
f 2700 2695 2697
f 2700 2697 2701
f 2700 2693 2695
f 2702 2694 2689
f 2702 2689 2698
f 2702 2699 2694
f 2703 2704 2664
f 2703 2664 2699
f 2705 2700 2701
f 2705 2693 2700
f 2705 2701 2706
f 2705 2706 2707
f 2705 2698 2693
f 2708 2699 2702
f 2709 2702 2698
f 2709 2698 2705
f 2709 2705 2707
f 2709 2707 2710
f 2709 2710 2711
f 2712 2713 2704
f 2712 2704 2703
f 2712 2703 2699
f 2712 2699 2708
f 2714 2708 2702
f 2714 2702 2709
f 2714 2709 2711
f 2714 2711 2715
f 2714 2715 2716
f 2717 2624 2713
f 2717 2713 2712
f 2717 2625 2624
f 2717 2708 2714
f 2717 2716 2718
f 2717 2718 2625
f 2717 2712 2708
f 2717 2714 2716
f 2719 2720 2721
f 2722 2723 2720
f 2722 2720 2719
f 2724 2725 2723
f 2724 2723 2722
f 2726 2727 2725
f 2726 2725 2724
f 2728 2729 2727
f 2728 2727 2726
f 2730 2731 2729
f 2730 2729 2728
f 2732 2731 2730
f 2732 2733 2731
f 2734 2733 2732
f 2734 2735 2733
f 2736 2735 2734
f 2736 2737 2735
f 2738 2737 2736
f 2738 2739 2737
f 2740 2739 2738
f 2740 2741 2739
f 2742 2741 2740
f 2742 2743 2741
f 2744 2743 2742
f 2744 2745 2743
f 2746 2745 2744
f 2746 2747 2745
f 2748 2747 2746
f 2748 2749 2747
f 2750 2749 2748
f 2750 2751 2749
f 2752 2751 2750
f 2752 2753 2751
f 2754 2753 2752
f 2754 2755 2753
f 2756 2755 2754
f 2756 2757 2755
f 2758 2757 2756
f 2758 2759 2757
f 2760 2761 2759
f 2760 2759 2758
f 2762 2763 2761
f 2762 2761 2760
f 2764 2765 2763
f 2764 2763 2762
f 2766 2765 2764
f 2767 2768 2765
f 2767 2769 2768
f 2767 2765 2766
f 2770 2771 2769
f 2770 2769 2767
f 2772 2773 2771
f 2772 2771 2770
f 2774 2773 2772
f 2775 2776 2773
f 2775 2777 2776
f 2775 2773 2774
f 2778 2777 2775
f 2779 2780 2777
f 2779 2777 2778
f 2781 2780 2779
f 2781 2782 2780
f 2783 2782 2781
f 2783 2784 2782
f 2783 2785 2784
f 2786 2785 2783
f 2786 2787 2785
f 2788 2787 2786
f 2789 2787 2788
f 2789 2790 2787
f 2719 2790 2789
f 2719 2791 2790
f 2792 2793 2794
f 2795 2796 2797
f 2798 2799 2800
f 2801 2799 2798
f 2802 2800 2803
f 2802 2798 2800
f 2804 2799 2801
f 2805 2798 2802
f 2805 2801 2798
f 2806 2799 2804
f 2807 2802 2803
f 2807 2792 2808
f 2807 2808 2809
f 2807 2803 2793
f 2807 2793 2792
f 2810 2801 2805
f 2810 2804 2801
f 2811 2799 2806
f 2812 2807 2809
f 2812 2809 2813
f 2812 2813 2814
f 2812 2802 2807
f 2812 2805 2802
f 2815 2806 2804
f 2815 2804 2810
f 2816 2799 2811
f 2817 2814 2818
f 2817 2818 2819
f 2817 2812 2814
f 2817 2810 2805
f 2817 2805 2812
f 2820 2816 2811
f 2820 2811 2806
f 2820 2806 2815
f 2821 2799 2816
f 2822 2819 2823
f 2822 2823 2824
f 2822 2815 2810
f 2822 2810 2817
f 2822 2817 2819
f 2825 2816 2820
f 2826 2799 2821
f 2827 2824 2828
f 2827 2820 2815
f 2827 2822 2824
f 2827 2815 2822
f 2829 2821 2816
f 2829 2816 2825
f 2830 2799 2826
f 2831 2828 2832
f 2831 2832 2833
f 2831 2820 2827
f 2831 2825 2820
f 2831 2827 2828
f 2834 2826 2821
f 2834 2821 2829
f 2835 2836 2799
f 2835 2799 2830
f 2837 2831 2833
f 2837 2833 2838
f 2837 2838 2839
f 2837 2829 2825
f 2837 2825 2831
f 2840 2826 2834
f 2840 2830 2826
f 2841 2836 2835
f 2842 2839 2843
f 2842 2843 2844
f 2842 2834 2829
f 2842 2837 2839
f 2842 2840 2834
f 2842 2829 2837
f 2845 2835 2830
f 2845 2830 2840
f 2846 2836 2841
f 2847 2844 2848
f 2847 2848 2849
f 2847 2840 2842
f 2847 2842 2844
f 2850 2841 2835
f 2850 2835 2845
f 2850 2846 2841
f 2851 2836 2846
f 2852 2847 2849
f 2852 2849 2853
f 2852 2853 2854
f 2852 2845 2840
f 2852 2840 2847
f 2852 2850 2845
f 2855 2846 2850
f 2856 2836 2851
f 2857 2854 2858
f 2857 2858 2859
f 2857 2852 2854
f 2857 2850 2852
f 2857 2855 2850
f 2860 2851 2846
f 2860 2846 2855
f 2861 2836 2856
f 2862 2859 2863
f 2862 2863 2864
f 2862 2857 2859
f 2862 2855 2857
f 2865 2861 2856
f 2865 2856 2851
f 2865 2851 2860
f 2866 2836 2861
f 2867 2855 2862
f 2867 2864 2868
f 2867 2868 2869
f 2867 2865 2860
f 2867 2862 2864
f 2867 2860 2855
f 2870 2861 2865
f 2870 2866 2861
f 2871 2836 2866
f 2872 2867 2869
f 2872 2869 2873
f 2872 2865 2867
f 2874 2866 2870
f 2875 2876 2836
f 2875 2877 2876
f 2875 2836 2871
f 2878 2872 2873
f 2878 2865 2872
f 2878 2873 2879
f 2878 2879 2880
f 2878 2870 2865
f 2881 2871 2866
f 2881 2866 2874
f 2881 2875 2871
f 2882 2874 2870
f 2882 2870 2878
f 2882 2878 2880
f 2882 2880 2883
f 2882 2883 2884
f 2885 2877 2875
f 2885 2875 2881
f 2886 2881 2874
f 2886 2874 2882
f 2886 2882 2884
f 2886 2884 2887
f 2886 2887 2888
f 2889 2796 2877
f 2889 2877 2885
f 2889 2797 2796
f 2889 2881 2886
f 2889 2888 2890
f 2889 2890 2797
f 2889 2885 2881
f 2889 2886 2888
f 2891 2892 2893
f 2894 2895 2892
f 2894 2892 2891
f 2896 2897 2895
f 2896 2895 2894
f 2898 2899 2897
f 2898 2897 2896
f 2900 2901 2899
f 2900 2899 2898
f 2902 2903 2901
f 2902 2901 2900
f 2904 2903 2902
f 2904 2905 2903
f 2906 2905 2904
f 2906 2907 2905
f 2908 2907 2906
f 2908 2909 2907
f 2910 2909 2908
f 2910 2911 2909
f 2912 2911 2910
f 2912 2913 2911
f 2914 2913 2912
f 2914 2915 2913
f 2916 2915 2914
f 2916 2917 2915
f 2918 2917 2916
f 2918 2919 2917
f 2920 2919 2918
f 2920 2921 2919
f 2922 2921 2920
f 2922 2923 2921
f 2924 2923 2922
f 2924 2925 2923
f 2926 2925 2924
f 2926 2927 2925
f 2928 2927 2926
f 2928 2929 2927
f 2930 2929 2928
f 2930 2931 2929
f 2932 2933 2931
f 2932 2931 2930
f 2934 2935 2933
f 2934 2933 2932
f 2936 2937 2935
f 2936 2935 2934
f 2938 2939 2937
f 2938 2937 2936
f 2940 2941 2939
f 2940 2939 2938
f 2942 2943 2941
f 2942 2941 2940
f 2944 2945 2943
f 2944 2943 2942
f 2946 2945 2944
f 2947 2948 2945
f 2947 2949 2948
f 2947 2945 2946
f 2950 2949 2947
f 2951 2952 2949
f 2951 2953 2952
f 2951 2949 2950
f 2954 2953 2951
f 2955 2956 2953
f 2955 2953 2954
f 2957 2956 2955
f 2957 2958 2956
f 2957 2959 2958
f 2960 2959 2957
f 2961 2959 2960
f 2961 2962 2959
f 2961 2963 2962
f 2964 2963 2961
f 2965 2966 2967
f 2968 2969 2970
f 2971 2972 2973
f 2974 2972 2971
f 2975 2973 2976
f 2975 2971 2973
f 2977 2972 2974
f 2978 2971 2975
f 2978 2974 2971
f 2979 2972 2977
f 2980 2975 2976
f 2980 2965 2981
f 2980 2981 2982
f 2980 2976 2966
f 2980 2966 2965
f 2983 2974 2978
f 2983 2977 2974
f 2984 2972 2979
f 2985 2980 2982
f 2985 2982 2986
f 2985 2986 2987
f 2985 2975 2980
f 2985 2978 2975
f 2988 2979 2977
f 2988 2977 2983
f 2989 2972 2984
f 2990 2987 2991
f 2990 2991 2992
f 2990 2985 2987
f 2990 2988 2983
f 2990 2983 2978
f 2990 2978 2985
f 2993 2984 2979
f 2993 2979 2988
f 2994 2972 2989
f 2995 2992 2996
f 2995 2996 2997
f 2995 2988 2990
f 2995 2990 2992
f 2998 2984 2993
f 2998 2989 2984
f 2999 2972 2994
f 3000 2997 3001
f 3000 2993 2988
f 3000 2995 2997
f 3000 2988 2995
f 3002 2994 2989
f 3002 2989 2998
f 3003 2972 2999
f 3004 3001 3005
f 3004 3005 3006
f 3004 2993 3000
f 3004 3002 2998
f 3004 2998 2993
f 3004 3000 3001
f 3007 2999 2994
f 3007 2994 3002
f 3008 3009 2972
f 3008 2972 3003
f 3010 3004 3006
f 3010 3006 3011
f 3010 3011 3012
f 3010 3002 3004
f 3013 3003 2999
f 3013 2999 3007
f 3014 3009 3008
f 3015 3012 3016
f 3015 3016 3017
f 3015 3010 3012
f 3015 3007 3002
f 3015 3002 3010
f 3018 3003 3013
f 3018 3008 3003
f 3019 3009 3014
f 3020 3017 3021
f 3020 3021 3022
f 3020 3015 3017
f 3020 3013 3007
f 3020 3007 3015
f 3023 3014 3008
f 3023 3008 3018
f 3024 3009 3019
f 3025 3022 3026
f 3025 3026 3027
f 3025 3020 3022
f 3025 3018 3013
f 3025 3013 3020
f 3028 3019 3014
f 3028 3014 3023
f 3029 3009 3024
f 3030 3025 3027
f 3030 3027 3031
f 3030 3031 3032
f 3030 3023 3018
f 3030 3018 3025
f 3030 3028 3023
f 3033 3024 3019
f 3033 3019 3028
f 3034 3009 3029
f 3035 3032 3036
f 3035 3036 3037
f 3035 3030 3032
f 3035 3028 3030
f 3038 3029 3024
f 3038 3024 3033
f 3039 3009 3034
f 3040 3028 3035
f 3040 3035 3037
f 3040 3037 3041
f 3040 3041 3042
f 3040 3033 3028
f 3043 3029 3038
f 3043 3034 3029
f 3043 3039 3034
f 3044 3009 3039
f 3045 3033 3040
f 3045 3040 3042
f 3045 3038 3033
f 3045 3042 3046
f 3047 3039 3043
f 3047 3044 3039
f 3048 3049 3009
f 3048 3009 3044
f 3050 3043 3038
f 3050 3045 3046
f 3050 3038 3045
f 3050 3046 3051
f 3050 3051 3052
f 3053 3044 3047
f 3054 3047 3043
f 3054 3043 3050
f 3054 3050 3052
f 3054 3052 3055
f 3054 3055 3056
f 3057 3058 3049
f 3057 3044 3053
f 3057 3049 3048
f 3057 3048 3044
f 3059 3047 3054
f 3059 3054 3056
f 3059 3056 3060
f 3059 3060 3061
f 3059 3053 3047
f 3062 2969 3058
f 3062 3057 3053
f 3062 3058 3057
f 3062 2970 2969
f 3062 3061 3063
f 3062 3063 2970
f 3062 3059 3061
f 3062 3053 3059
f 3064 3065 3066
f 3067 3068 3065
f 3067 3065 3064
f 3069 3070 3068
f 3069 3068 3067
f 3071 3072 3070
f 3071 3070 3069
f 3073 3074 3072
f 3073 3072 3071
f 3075 3076 3074
f 3075 3074 3073
f 3077 3076 3075
f 3077 3078 3076
f 3079 3078 3077
f 3079 3080 3078
f 3081 3080 3079
f 3081 3082 3080
f 3083 3082 3081
f 3083 3084 3082
f 3085 3084 3083
f 3085 3086 3084
f 3087 3086 3085
f 3087 3088 3086
f 3089 3088 3087
f 3089 3090 3088
f 3091 3090 3089
f 3091 3092 3090
f 3093 3092 3091
f 3093 3094 3092
f 3095 3094 3093
f 3095 3096 3094
f 3097 3096 3095
f 3097 3098 3096
f 3099 3098 3097
f 3099 3100 3098
f 3101 3100 3099
f 3101 3102 3100
f 3103 3102 3101
f 3103 3104 3102
f 3105 3106 3104
f 3105 3104 3103
f 3107 3106 3105
f 3108 3106 3107
f 3108 3109 3106
f 3108 3110 3109
f 3111 3110 3108
f 3111 3112 3110
f 3113 3112 3111
f 3114 3115 3112
f 3114 3116 3115
f 3114 3112 3113
f 3117 3116 3114
f 3118 3119 3116
f 3118 3120 3119
f 3118 3116 3117
f 3121 3120 3118
f 3122 3123 3120
f 3122 3124 3123
f 3122 3120 3121
f 3125 3126 3124
f 3125 3124 3122
f 3127 3126 3125
f 3128 3129 3126
f 3128 3130 3129
f 3128 3126 3127
f 3131 3130 3128
f 3132 3133 3130
f 3132 3134 3133
f 3132 3130 3131
f 3135 3134 3132
f 3136 3134 3135
f 3136 3137 3134
f 3138 3139 3140
f 3141 3142 3143
f 3144 3145 3146
f 3147 3145 3144
f 3148 3146 3149
f 3148 3144 3146
f 3150 3145 3147
f 3151 3144 3148
f 3151 3147 3144
f 3152 3145 3150
f 3153 3148 3149
f 3153 3138 3154
f 3153 3154 3155
f 3153 3149 3139
f 3153 3139 3138
f 3156 3147 3151
f 3156 3150 3147
f 3157 3145 3152
f 3158 3153 3155
f 3158 3155 3159
f 3158 3159 3160
f 3158 3148 3153
f 3158 3151 3148
f 3161 3152 3150
f 3161 3150 3156
f 3162 3145 3157
f 3163 3160 3164
f 3163 3164 3165
f 3163 3158 3160
f 3163 3156 3151
f 3163 3151 3158
f 3166 3162 3157
f 3166 3157 3152
f 3166 3152 3161
f 3167 3145 3162
f 3168 3165 3169
f 3168 3169 3170
f 3168 3161 3156
f 3168 3156 3163
f 3168 3163 3165
f 3171 3162 3166
f 3172 3145 3167
f 3173 3170 3174
f 3173 3166 3161
f 3173 3168 3170
f 3173 3161 3168
f 3175 3167 3162
f 3175 3162 3171
f 3176 3145 3172
f 3177 3174 3178
f 3177 3178 3179
f 3177 3166 3173
f 3177 3171 3166
f 3177 3173 3174
f 3180 3172 3167
f 3180 3167 3175
f 3181 3182 3145
f 3181 3145 3176
f 3183 3177 3179
f 3183 3179 3184
f 3183 3184 3185
f 3183 3175 3171
f 3183 3171 3177
f 3186 3172 3180
f 3186 3176 3172
f 3187 3182 3181
f 3188 3185 3189
f 3188 3189 3190
f 3188 3180 3175
f 3188 3183 3185
f 3188 3186 3180
f 3188 3175 3183
f 3191 3181 3176
f 3191 3176 3186
f 3192 3182 3187
f 3193 3190 3194
f 3193 3194 3195
f 3193 3186 3188
f 3193 3188 3190
f 3196 3187 3181
f 3196 3181 3191
f 3196 3192 3187
f 3197 3182 3192
f 3198 3193 3195
f 3198 3195 3199
f 3198 3199 3200
f 3198 3191 3186
f 3198 3186 3193
f 3198 3196 3191
f 3201 3192 3196
f 3202 3182 3197
f 3203 3200 3204
f 3203 3204 3205
f 3203 3198 3200
f 3203 3196 3198
f 3203 3201 3196
f 3206 3197 3192
f 3206 3192 3201
f 3207 3182 3202
f 3208 3205 3209
f 3208 3209 3210
f 3208 3203 3205
f 3208 3201 3203
f 3211 3207 3202
f 3211 3202 3197
f 3211 3197 3206
f 3212 3182 3207
f 3213 3201 3208
f 3213 3210 3214
f 3213 3214 3215
f 3213 3211 3206
f 3213 3208 3210
f 3213 3206 3201
f 3216 3207 3211
f 3216 3212 3207
f 3217 3182 3212
f 3218 3213 3215
f 3218 3215 3219
f 3218 3211 3213
f 3220 3212 3216
f 3221 3222 3182
f 3221 3182 3217
f 3223 3218 3219
f 3223 3211 3218
f 3223 3219 3224
f 3223 3224 3225
f 3223 3216 3211
f 3226 3217 3212
f 3226 3212 3220
f 3226 3221 3217
f 3227 3220 3216
f 3227 3216 3223
f 3227 3223 3225
f 3227 3225 3228
f 3227 3228 3229
f 3230 3231 3222
f 3230 3142 3231
f 3230 3222 3221
f 3230 3221 3226
f 3232 3226 3220
f 3232 3220 3227
f 3232 3227 3229
f 3232 3229 3233
f 3232 3233 3234
f 3235 3142 3230
f 3235 3143 3142
f 3235 3226 3232
f 3235 3234 3236
f 3235 3236 3143
f 3235 3230 3226
f 3235 3232 3234
f 3237 3238 3239
f 3240 3241 3238
f 3240 3238 3237
f 3242 3243 3241
f 3242 3241 3240
f 3244 3245 3243
f 3244 3243 3242
f 3246 3247 3245
f 3246 3245 3244
f 3248 3249 3247
f 3248 3247 3246
f 3250 3249 3248
f 3250 3251 3249
f 3252 3251 3250
f 3252 3253 3251
f 3254 3253 3252
f 3254 3255 3253
f 3256 3255 3254
f 3256 3257 3255
f 3258 3257 3256
f 3258 3259 3257
f 3260 3259 3258
f 3260 3261 3259
f 3262 3261 3260
f 3262 3263 3261
f 3264 3263 3262
f 3264 3265 3263
f 3266 3265 3264
f 3266 3267 3265
f 3268 3267 3266
f 3268 3269 3267
f 3270 3269 3268
f 3270 3271 3269
f 3272 3271 3270
f 3272 3273 3271
f 3274 3273 3272
f 3274 3275 3273
f 3276 3275 3274
f 3276 3277 3275
f 3278 3279 3277
f 3278 3277 3276
f 3280 3281 3279
f 3280 3279 3278
f 3282 3283 3281
f 3282 3281 3280
f 3284 3285 3283
f 3284 3283 3282
f 3286 3287 3285
f 3286 3285 3284
f 3288 3289 3287
f 3288 3287 3286
f 3290 3291 3289
f 3290 3289 3288
f 3292 3291 3290
f 3293 3294 3291
f 3293 3295 3294
f 3293 3291 3292
f 3296 3295 3293
f 3297 3298 3295
f 3297 3299 3298
f 3297 3295 3296
f 3300 3299 3297
f 3301 3302 3299
f 3301 3299 3300
f 3303 3302 3301
f 3303 3304 3302
f 3303 3305 3304
f 3306 3305 3303
f 3307 3305 3306
f 3307 3308 3305
f 3307 3309 3308
f 3310 3309 3307
f 3311 3312 3313
f 3313 3314 3315
f 3316 3317 3318
f 3319 3317 3316
f 3320 3318 3321
f 3320 3316 3318
f 3322 3317 3319
f 3323 3316 3320
f 3323 3319 3316
f 3324 3317 3322
f 3325 3320 3321
f 3325 3311 3326
f 3325 3326 3327
f 3325 3321 3312
f 3325 3312 3311
f 3328 3319 3323
f 3328 3322 3319
f 3329 3317 3324
f 3330 3325 3327
f 3330 3327 3331
f 3330 3331 3332
f 3330 3320 3325
f 3330 3323 3320
f 3333 3324 3322
f 3333 3322 3328
f 3334 3317 3329
f 3335 3332 3336
f 3335 3336 3337
f 3335 3330 3332
f 3335 3333 3328
f 3335 3328 3323
f 3335 3323 3330
f 3338 3329 3324
f 3338 3324 3333
f 3339 3317 3334
f 3340 3337 3341
f 3340 3341 3342
f 3340 3333 3335
f 3340 3335 3337
f 3343 3329 3338
f 3343 3334 3329
f 3344 3317 3339
f 3345 3342 3346
f 3345 3338 3333
f 3345 3340 3342
f 3345 3333 3340
f 3347 3339 3334
f 3347 3334 3343
f 3348 3317 3344
f 3349 3346 3350
f 3349 3350 3351
f 3349 3338 3345
f 3349 3347 3343
f 3349 3343 3338
f 3349 3345 3346
f 3352 3344 3339
f 3352 3339 3347
f 3353 3354 3317
f 3353 3317 3348
f 3355 3349 3351
f 3355 3351 3356
f 3355 3356 3357
f 3355 3347 3349
f 3358 3348 3344
f 3358 3344 3352
f 3359 3354 3353
f 3360 3357 3361
f 3360 3361 3362
f 3360 3355 3357
f 3360 3352 3347
f 3360 3347 3355
f 3363 3348 3358
f 3363 3353 3348
f 3364 3354 3359
f 3365 3362 3366
f 3365 3366 3367
f 3365 3360 3362
f 3365 3358 3352
f 3365 3352 3360
f 3368 3359 3353
f 3368 3353 3363
f 3369 3354 3364
f 3370 3367 3371
f 3370 3371 3372
f 3370 3365 3367
f 3370 3363 3358
f 3370 3358 3365
f 3373 3364 3359
f 3373 3359 3368
f 3374 3354 3369
f 3375 3370 3372
f 3375 3372 3376
f 3375 3376 3377
f 3375 3368 3363
f 3375 3363 3370
f 3375 3373 3368
f 3378 3369 3364
f 3378 3364 3373
f 3379 3354 3374
f 3380 3377 3381
f 3380 3381 3382
f 3380 3375 3377
f 3380 3373 3375
f 3383 3374 3369
f 3383 3369 3378
f 3384 3354 3379
f 3385 3373 3380
f 3385 3380 3382
f 3385 3382 3386
f 3385 3386 3387
f 3385 3378 3373
f 3388 3374 3383
f 3388 3379 3374
f 3388 3384 3379
f 3389 3354 3384
f 3390 3378 3385
f 3390 3385 3387
f 3390 3383 3378
f 3390 3387 3391
f 3392 3384 3388
f 3392 3389 3384
f 3393 3394 3354
f 3393 3354 3389
f 3395 3388 3383
f 3395 3390 3391
f 3395 3383 3390
f 3395 3391 3396
f 3395 3396 3397
f 3398 3389 3392
f 3399 3392 3388
f 3399 3388 3395
f 3399 3395 3397
f 3399 3397 3400
f 3399 3400 3401
f 3402 3403 3394
f 3402 3389 3398
f 3402 3394 3393
f 3402 3393 3389
f 3404 3392 3399
f 3404 3399 3401
f 3404 3401 3405
f 3404 3405 3406
f 3404 3398 3392
f 3407 3314 3403
f 3407 3402 3398
f 3407 3403 3402
f 3407 3315 3314
f 3407 3406 3408
f 3407 3408 3315
f 3407 3404 3406
f 3407 3398 3404
f 3409 3410 3411
f 3412 3413 3410
f 3412 3410 3409
f 3414 3415 3413
f 3414 3413 3412
f 3416 3417 3415
f 3416 3415 3414
f 3418 3419 3417
f 3418 3417 3416
f 3420 3421 3419
f 3420 3419 3418
f 3422 3421 3420
f 3422 3423 3421
f 3424 3423 3422
f 3424 3425 3423
f 3426 3425 3424
f 3426 3427 3425
f 3428 3427 3426
f 3428 3429 3427
f 3430 3429 3428
f 3430 3431 3429
f 3432 3431 3430
f 3432 3433 3431
f 3434 3433 3432
f 3434 3435 3433
f 3436 3435 3434
f 3436 3437 3435
f 3438 3437 3436
f 3438 3439 3437
f 3440 3439 3438
f 3440 3441 3439
f 3442 3441 3440
f 3442 3443 3441
f 3444 3443 3442
f 3444 3445 3443
f 3446 3445 3444
f 3446 3447 3445
f 3448 3447 3446
f 3448 3449 3447
f 3450 3451 3449
f 3450 3449 3448
f 3452 3451 3450
f 3453 3451 3452
f 3453 3454 3451
f 3453 3455 3454
f 3456 3455 3453
f 3456 3457 3455
f 3458 3457 3456
f 3459 3460 3457
f 3459 3461 3460
f 3459 3457 3458
f 3462 3461 3459
f 3463 3464 3461
f 3463 3465 3464
f 3463 3461 3462
f 3466 3465 3463
f 3467 3468 3465
f 3467 3469 3468
f 3467 3465 3466
f 3470 3471 3469
f 3470 3469 3467
f 3472 3471 3470
f 3473 3474 3471
f 3473 3475 3474
f 3473 3471 3472
f 3476 3475 3473
f 3477 3478 3475
f 3477 3479 3478
f 3477 3475 3476
f 3480 3479 3477
f 3481 3479 3480
f 3481 3482 3479
f 3483 3484 3485
f 3486 3487 3488
f 3489 3490 3491
f 3492 3490 3489
f 3493 3491 3494
f 3493 3489 3491
f 3495 3490 3492
f 3496 3489 3493
f 3496 3492 3489
f 3497 3490 3495
f 3498 3493 3494
f 3498 3483 3499
f 3498 3499 3500
f 3498 3494 3484
f 3498 3484 3483
f 3501 3492 3496
f 3501 3495 3492
f 3502 3490 3497
f 3503 3498 3500
f 3503 3500 3504
f 3503 3504 3505
f 3503 3493 3498
f 3503 3496 3493
f 3506 3497 3495
f 3506 3495 3501
f 3507 3490 3502
f 3508 3505 3509
f 3508 3509 3510
f 3508 3503 3505
f 3508 3501 3496
f 3508 3496 3503
f 3511 3502 3497
f 3511 3497 3506
f 3512 3490 3507
f 3513 3510 3514
f 3513 3514 3515
f 3513 3506 3501
f 3513 3501 3508
f 3513 3508 3510
f 3516 3502 3511
f 3516 3507 3502
f 3517 3490 3512
f 3518 3515 3519
f 3518 3511 3506
f 3518 3513 3515
f 3518 3506 3513
f 3518 3516 3511
f 3520 3512 3507
f 3520 3507 3516
f 3521 3490 3517
f 3522 3519 3523
f 3522 3523 3524
f 3522 3516 3518
f 3522 3518 3519
f 3525 3517 3512
f 3525 3512 3520
f 3526 3527 3490
f 3526 3490 3521
f 3528 3522 3524
f 3528 3524 3529
f 3528 3529 3530
f 3528 3520 3516
f 3528 3516 3522
f 3531 3521 3517
f 3531 3517 3525
f 3532 3527 3526
f 3533 3530 3534
f 3533 3534 3535
f 3533 3525 3520
f 3533 3520 3528
f 3533 3531 3525
f 3533 3528 3530
f 3536 3521 3531
f 3536 3526 3521
f 3536 3532 3526
f 3537 3527 3532
f 3538 3535 3539
f 3538 3539 3540
f 3538 3533 3535
f 3538 3531 3533
f 3541 3532 3536
f 3542 3527 3537
f 3543 3540 3544
f 3543 3544 3545
f 3543 3538 3540
f 3543 3536 3531
f 3543 3531 3538
f 3543 3541 3536
f 3546 3537 3532
f 3546 3532 3541
f 3547 3527 3542
f 3548 3543 3545
f 3548 3545 3549
f 3548 3549 3550
f 3548 3541 3543
f 3551 3542 3537
f 3551 3537 3546
f 3552 3527 3547
f 3553 3550 3554
f 3553 3554 3555
f 3553 3548 3550
f 3553 3546 3541
f 3553 3541 3548
f 3556 3552 3547
f 3556 3547 3542
f 3556 3542 3551
f 3557 3527 3552
f 3558 3546 3553
f 3558 3556 3551
f 3558 3553 3555
f 3558 3555 3559
f 3558 3559 3560
f 3558 3551 3546
f 3561 3552 3556
f 3562 3527 3557
f 3563 3558 3560
f 3563 3560 3564
f 3563 3556 3558
f 3565 3562 3557
f 3565 3557 3552
f 3565 3552 3561
f 3566 3567 3527
f 3566 3568 3567
f 3566 3527 3562
f 3569 3563 3564
f 3569 3556 3563
f 3569 3564 3570
f 3569 3570 3571
f 3569 3561 3556
f 3572 3562 3565
f 3573 3561 3569
f 3573 3565 3561
f 3573 3569 3571
f 3573 3571 3574
f 3573 3574 3575
f 3576 3568 3566
f 3576 3566 3562
f 3576 3562 3572
f 3577 3572 3565
f 3577 3565 3573
f 3577 3573 3575
f 3577 3575 3578
f 3577 3578 3579
f 3580 3487 3568
f 3580 3572 3577
f 3580 3488 3487
f 3580 3568 3576
f 3580 3579 3581
f 3580 3576 3572
f 3580 3581 3488
f 3580 3577 3579
f 3582 3583 3584
f 3585 3586 3583
f 3585 3583 3582
f 3587 3588 3586
f 3587 3586 3585
f 3589 3590 3588
f 3589 3588 3587
f 3591 3592 3590
f 3591 3590 3589
f 3593 3594 3592
f 3593 3592 3591
f 3595 3594 3593
f 3595 3596 3594
f 3597 3596 3595
f 3597 3598 3596
f 3599 3598 3597
f 3599 3600 3598
f 3601 3600 3599
f 3601 3602 3600
f 3603 3602 3601
f 3603 3604 3602
f 3605 3604 3603
f 3605 3606 3604
f 3607 3606 3605
f 3607 3608 3606
f 3609 3608 3607
f 3609 3610 3608
f 3611 3610 3609
f 3611 3612 3610
f 3613 3612 3611
f 3613 3614 3612
f 3615 3614 3613
f 3615 3616 3614
f 3617 3616 3615
f 3617 3618 3616
f 3619 3618 3617
f 3619 3620 3618
f 3621 3620 3619
f 3621 3622 3620
f 3623 3624 3622
f 3623 3622 3621
f 3625 3626 3624
f 3625 3624 3623
f 3627 3628 3626
f 3627 3626 3625
f 3629 3628 3627
f 3630 3631 3628
f 3630 3632 3631
f 3630 3628 3629
f 3633 3634 3632
f 3633 3632 3630
f 3635 3636 3634
f 3635 3634 3633
f 3637 3636 3635
f 3638 3639 3636
f 3638 3640 3639
f 3638 3636 3637
f 3641 3640 3638
f 3642 3643 3640
f 3642 3640 3641
f 3644 3643 3642
f 3644 3645 3643
f 3646 3645 3644
f 3646 3647 3645
f 3646 3648 3647
f 3649 3648 3646
f 3649 3650 3648
f 3651 3650 3649
f 3652 3650 3651
f 3652 3653 3650
f 3582 3653 3652
f 3582 3654 3653
f 3655 3656 3657
f 3657 3658 3659
f 3660 3661 3662
f 3660 3662 3663
f 3664 3661 3660
f 3665 3663 3656
f 3665 3660 3663
f 3666 3661 3664
f 3667 3660 3665
f 3667 3664 3660
f 3668 3661 3666
f 3669 3665 3656
f 3669 3655 3670
f 3669 3670 3671
f 3669 3656 3655
f 3672 3664 3667
f 3672 3666 3664
f 3673 3661 3668
f 3674 3669 3671
f 3674 3671 3675
f 3674 3675 3676
f 3674 3665 3669
f 3674 3667 3665
f 3677 3668 3666
f 3677 3666 3672
f 3678 3661 3673
f 3679 3676 3680
f 3679 3680 3681
f 3679 3672 3667
f 3679 3674 3676
f 3679 3667 3674
f 3682 3673 3668
f 3682 3668 3677
f 3683 3661 3678
f 3684 3681 3685
f 3684 3685 3686
f 3684 3677 3672
f 3684 3672 3679
f 3684 3679 3681
f 3687 3678 3673
f 3687 3673 3682
f 3688 3661 3683
f 3689 3686 3690
f 3689 3682 3677
f 3689 3677 3684
f 3689 3684 3686
f 3691 3683 3678
f 3691 3678 3687
f 3692 3661 3688
f 3693 3690 3694
f 3693 3694 3695
f 3693 3682 3689
f 3693 3687 3682
f 3693 3689 3690
f 3696 3683 3691
f 3696 3688 3683
f 3697 3698 3661
f 3697 3661 3692
f 3699 3695 3700
f 3699 3700 3701
f 3699 3693 3695
f 3699 3691 3687
f 3699 3687 3693
f 3702 3692 3688
f 3702 3688 3696
f 3703 3698 3697
f 3704 3701 3705
f 3704 3705 3706
f 3704 3691 3699
f 3704 3702 3696
f 3704 3699 3701
f 3704 3696 3691
f 3707 3692 3702
f 3707 3697 3692
f 3708 3698 3703
f 3709 3702 3704
f 3709 3706 3710
f 3709 3710 3711
f 3709 3704 3706
f 3712 3703 3697
f 3712 3697 3707
f 3713 3698 3708
f 3714 3707 3702
f 3714 3711 3715
f 3714 3715 3716
f 3714 3702 3709
f 3714 3709 3711
f 3714 3712 3707
f 3717 3703 3712
f 3717 3708 3703
f 3718 3698 3713
f 3719 3716 3720
f 3719 3720 3721
f 3719 3712 3714
f 3719 3714 3716
f 3722 3713 3708
f 3722 3708 3717
f 3723 3698 3718
f 3724 3721 3725
f 3724 3725 3726
f 3724 3717 3712
f 3724 3719 3721
f 3724 3712 3719
f 3727 3723 3718
f 3727 3718 3713
f 3727 3713 3722
f 3728 3698 3723
f 3729 3717 3724
f 3729 3726 3730
f 3729 3730 3731
f 3729 3724 3726
f 3729 3722 3717
f 3732 3723 3727
f 3733 3698 3728
f 3734 3727 3722
f 3734 3729 3731
f 3734 3722 3729
f 3734 3731 3735
f 3736 3723 3732
f 3736 3728 3723
f 3736 3733 3728
f 3737 3738 3698
f 3737 3698 3733
f 3739 3732 3727
f 3739 3736 3732
f 3739 3727 3734
f 3739 3734 3735
f 3739 3735 3740
f 3739 3740 3741
f 3742 3733 3736
f 3743 3736 3739
f 3743 3739 3741
f 3743 3741 3744
f 3743 3744 3745
f 3746 3747 3738
f 3746 3738 3737
f 3746 3733 3742
f 3746 3737 3733
f 3748 3742 3736
f 3748 3736 3743
f 3748 3743 3745
f 3748 3745 3749
f 3748 3749 3750
f 3751 3658 3747
f 3751 3747 3746
f 3751 3742 3748
f 3751 3659 3658
f 3751 3750 3752
f 3751 3746 3742
f 3751 3752 3659
f 3751 3748 3750
f 3753 3754 3755
f 3756 3757 3754
f 3756 3754 3753
f 3758 3759 3757
f 3758 3757 3756
f 3760 3761 3759
f 3760 3759 3758
f 3762 3763 3761
f 3762 3761 3760
f 3764 3765 3763
f 3764 3763 3762
f 3766 3765 3764
f 3766 3767 3765
f 3768 3767 3766
f 3768 3769 3767
f 3770 3769 3768
f 3770 3771 3769
f 3772 3771 3770
f 3772 3773 3771
f 3774 3773 3772
f 3774 3775 3773
f 3776 3775 3774
f 3776 3777 3775
f 3778 3777 3776
f 3778 3779 3777
f 3780 3779 3778
f 3780 3781 3779
f 3782 3781 3780
f 3782 3783 3781
f 3784 3783 3782
f 3784 3785 3783
f 3786 3785 3784
f 3786 3787 3785
f 3788 3787 3786
f 3788 3789 3787
f 3790 3789 3788
f 3790 3791 3789
f 3792 3791 3790
f 3793 3791 3792
f 3793 3794 3791
f 3793 3795 3794
f 3796 3797 3795
f 3796 3795 3793
f 3798 3799 3797
f 3798 3797 3796
f 3800 3801 3799
f 3800 3799 3798
f 3802 3803 3801
f 3802 3801 3800
f 3804 3805 3803
f 3804 3803 3802
f 3806 3807 3805
f 3806 3805 3804
f 3808 3809 3807
f 3808 3807 3806
f 3810 3809 3808
f 3811 3812 3809
f 3811 3813 3812
f 3811 3809 3810
f 3814 3815 3813
f 3814 3813 3811
f 3816 3815 3814
f 3816 3817 3815
f 3818 3817 3816
f 3818 3819 3817
f 3820 3819 3818
f 3821 3819 3820
f 3821 3822 3819
f 3823 3822 3821
f 3823 3824 3822
f 3825 3824 3823
f 3825 3826 3824
f 3827 3828 3829
f 3829 3830 3831
f 3832 3833 3834
f 3835 3833 3832
f 3836 3834 3837
f 3836 3832 3834
f 3838 3833 3835
f 3839 3832 3836
f 3839 3835 3832
f 3840 3833 3838
f 3841 3827 3842
f 3841 3842 3843
f 3841 3837 3828
f 3841 3828 3827
f 3841 3836 3837
f 3844 3835 3839
f 3844 3838 3835
f 3845 3833 3840
f 3846 3843 3847
f 3846 3841 3843
f 3846 3847 3848
f 3846 3836 3841
f 3846 3839 3836
f 3849 3840 3838
f 3849 3838 3844
f 3850 3833 3845
f 3851 3848 3852
f 3851 3852 3853
f 3851 3844 3839
f 3851 3839 3846
f 3851 3846 3848
f 3854 3845 3840
f 3854 3840 3849
f 3855 3833 3850
f 3856 3853 3857
f 3856 3857 3858
f 3856 3851 3853
f 3856 3844 3851
f 3856 3849 3844
f 3859 3845 3854
f 3859 3850 3845
f 3860 3833 3855
f 3861 3858 3862
f 3861 3854 3849
f 3861 3849 3856
f 3861 3856 3858
f 3863 3850 3859
f 3863 3855 3850
f 3864 3833 3860
f 3865 3854 3861
f 3865 3862 3866
f 3865 3866 3867
f 3865 3861 3862
f 3865 3859 3854
f 3868 3860 3855
f 3868 3855 3863
f 3868 3864 3860
f 3869 3870 3833
f 3869 3833 3864
f 3871 3865 3867
f 3871 3867 3872
f 3871 3872 3873
f 3871 3863 3859
f 3871 3859 3865
f 3871 3868 3863
f 3874 3864 3868
f 3875 3870 3869
f 3876 3873 3877
f 3876 3877 3878
f 3876 3871 3873
f 3876 3868 3871
f 3879 3869 3864
f 3879 3864 3874
f 3879 3875 3869
f 3880 3870 3875
f 3881 3878 3882
f 3881 3882 3883
f 3881 3876 3878
f 3881 3874 3868
f 3881 3868 3876
f 3884 3875 3879
f 3885 3870 3880
f 3886 3881 3883
f 3886 3883 3887
f 3886 3887 3888
f 3886 3879 3874
f 3886 3874 3881
f 3889 3880 3875
f 3889 3875 3884
f 3890 3870 3885
f 3891 3886 3888
f 3891 3888 3892
f 3891 3892 3893
f 3891 3884 3879
f 3891 3879 3886
f 3894 3885 3880
f 3894 3880 3889
f 3895 3870 3890
f 3896 3893 3897
f 3896 3897 3898
f 3896 3891 3893
f 3896 3889 3884
f 3896 3884 3891
f 3899 3895 3890
f 3899 3890 3885
f 3899 3885 3894
f 3900 3870 3895
f 3901 3894 3889
f 3901 3898 3902
f 3901 3902 3903
f 3901 3889 3896
f 3901 3896 3898
f 3904 3895 3899
f 3904 3900 3895
f 3905 3870 3900
f 3906 3904 3899
f 3906 3899 3894
f 3906 3903 3907
f 3906 3894 3901
f 3906 3901 3903
f 3908 3900 3904
f 3908 3905 3900
f 3909 3910 3870
f 3909 3870 3905
f 3911 3906 3907
f 3911 3904 3906
f 3911 3907 3912
f 3911 3912 3913
f 3914 3905 3908
f 3915 3904 3911
f 3915 3908 3904
f 3915 3911 3913
f 3915 3913 3916
f 3915 3916 3917
f 3918 3919 3910
f 3918 3910 3909
f 3918 3909 3905
f 3918 3905 3914
f 3920 3914 3908
f 3920 3908 3915
f 3920 3915 3917
f 3920 3917 3921
f 3920 3921 3922
f 3920 3918 3914
f 3923 3830 3919
f 3923 3919 3918
f 3923 3831 3830
f 3923 3918 3920
f 3923 3922 3924
f 3923 3924 3831
f 3923 3920 3922
f 3925 3926 3927
f 3928 3929 3926
f 3928 3926 3925
f 3930 3931 3929
f 3930 3929 3928
f 3932 3933 3931
f 3932 3931 3930
f 3934 3935 3933
f 3934 3933 3932
f 3936 3937 3935
f 3936 3935 3934
f 3938 3937 3936
f 3938 3939 3937
f 3940 3939 3938
f 3940 3941 3939
f 3942 3941 3940
f 3942 3943 3941
f 3944 3943 3942
f 3944 3945 3943
f 3946 3945 3944
f 3946 3947 3945
f 3948 3947 3946
f 3948 3949 3947
f 3950 3949 3948
f 3950 3951 3949
f 3952 3951 3950
f 3952 3953 3951
f 3954 3953 3952
f 3954 3955 3953
f 3956 3955 3954
f 3956 3957 3955
f 3958 3957 3956
f 3958 3959 3957
f 3960 3959 3958
f 3960 3961 3959
f 3962 3961 3960
f 3962 3963 3961
f 3964 3963 3962
f 3964 3965 3963
f 3966 3967 3965
f 3966 3965 3964
f 3968 3969 3967
f 3968 3967 3966
f 3970 3971 3969
f 3970 3969 3968
f 3972 3973 3971
f 3972 3971 3970
f 3974 3975 3973
f 3974 3973 3972
f 3976 3977 3975
f 3976 3975 3974
f 3978 3979 3977
f 3978 3977 3976
f 3980 3981 3979
f 3980 3979 3978
f 3982 3983 3981
f 3982 3981 3980
f 3984 3985 3983
f 3984 3983 3982
f 3986 3987 3985
f 3986 3985 3984
f 3988 3987 3986
f 3988 3989 3987
f 3990 3989 3988
f 3990 3991 3989
f 3992 3991 3990
f 3993 3991 3992
f 3993 3994 3991
f 3995 3994 3993
f 3995 3996 3994
f 3995 3997 3996
f 3998 3997 3995
f 3999 4000 4001
f 4001 4002 4003
f 4004 4005 4006
f 4007 4005 4004
f 4008 4006 4009
f 4008 4004 4006
f 4010 4005 4007
f 4011 4004 4008
f 4011 4007 4004
f 4012 4005 4010
f 4013 4008 4009
f 4013 3999 4014
f 4013 4014 4015
f 4013 4009 4000
f 4013 4000 3999
f 4016 4007 4011
f 4016 4010 4007
f 4017 4005 4012
f 4018 4013 4015
f 4018 4015 4019
f 4018 4019 4020
f 4018 4008 4013
f 4018 4011 4008
f 4021 4012 4010
f 4021 4010 4016
f 4022 4005 4017
f 4023 4020 4024
f 4023 4024 4025
f 4023 4018 4020
f 4023 4016 4011
f 4023 4011 4018
f 4026 4017 4012
f 4026 4012 4021
f 4027 4005 4022
f 4028 4025 4029
f 4028 4029 4030
f 4028 4021 4016
f 4028 4016 4023
f 4028 4026 4021
f 4028 4023 4025
f 4031 4017 4026
f 4031 4022 4017
f 4032 4005 4027
f 4033 4030 4034
f 4033 4028 4030
f 4033 4026 4028
f 4035 4027 4022
f 4035 4022 4031
f 4036 4005 4032
f 4037 4034 4038
f 4037 4038 4039
f 4037 4026 4033
f 4037 4031 4026
f 4037 4033 4034
f 4040 4032 4027
f 4040 4036 4032
f 4040 4027 4035
f 4041 4042 4005
f 4041 4005 4036
f 4043 4039 4044
f 4043 4044 4045
f 4043 4035 4031
f 4043 4037 4039
f 4043 4031 4037
f 4046 4036 4040
f 4047 4042 4041
f 4048 4045 4049
f 4048 4049 4050
f 4048 4040 4035
f 4048 4035 4043
f 4048 4043 4045
f 4051 4041 4036
f 4051 4036 4046
f 4052 4042 4047
f 4053 4050 4054
f 4053 4054 4055
f 4053 4048 4050
f 4053 4046 4040
f 4053 4040 4048
f 4053 4051 4046
f 4056 4047 4041
f 4056 4041 4051
f 4057 4042 4052
f 4058 4055 4059
f 4058 4059 4060
f 4058 4051 4053
f 4058 4053 4055
f 4061 4052 4047
f 4061 4047 4056
f 4062 4042 4057
f 4063 4060 4064
f 4063 4064 4065
f 4063 4056 4051
f 4063 4051 4058
f 4063 4058 4060
f 4063 4061 4056
f 4066 4057 4052
f 4066 4052 4061
f 4067 4042 4062
f 4068 4063 4065
f 4068 4061 4063
f 4068 4065 4069
f 4068 4069 4070
f 4071 4062 4057
f 4071 4057 4066
f 4072 4042 4067
f 4073 4068 4070
f 4073 4071 4066
f 4073 4066 4061
f 4073 4070 4074
f 4073 4074 4075
f 4073 4061 4068
f 4076 4062 4071
f 4076 4067 4062
f 4076 4072 4067
f 4077 4042 4072
f 4078 4071 4073
f 4078 4073 4075
f 4078 4075 4079
f 4080 4072 4076
f 4081 4082 4042
f 4081 4083 4082
f 4081 4042 4077
f 4084 4076 4071
f 4084 4078 4079
f 4084 4071 4078
f 4084 4079 4085
f 4084 4085 4086
f 4087 4072 4080
f 4087 4077 4072
f 4087 4081 4077
f 4088 4087 4080
f 4088 4076 4084
f 4088 4080 4076
f 4088 4084 4086
f 4088 4086 4089
f 4088 4089 4090
f 4091 4083 4081
f 4091 4081 4087
f 4092 4087 4088
f 4092 4088 4090
f 4092 4090 4093
f 4092 4093 4094
f 4095 4002 4083
f 4095 4083 4091
f 4095 4087 4092
f 4095 4003 4002
f 4095 4094 4096
f 4095 4096 4003
f 4095 4091 4087
f 4095 4092 4094
f 4097 4098 4099
f 4100 4101 4098
f 4100 4098 4097
f 4102 4103 4101
f 4102 4101 4100
f 4104 4105 4103
f 4104 4103 4102
f 4106 4107 4105
f 4106 4105 4104
f 4108 4109 4107
f 4108 4107 4106
f 4110 4109 4108
f 4110 4111 4109
f 4112 4111 4110
f 4112 4113 4111
f 4114 4113 4112
f 4114 4115 4113
f 4116 4115 4114
f 4116 4117 4115
f 4118 4117 4116
f 4118 4119 4117
f 4120 4119 4118
f 4120 4121 4119
f 4122 4121 4120
f 4122 4123 4121
f 4124 4123 4122
f 4124 4125 4123
f 4126 4125 4124
f 4126 4127 4125
f 4128 4127 4126
f 4128 4129 4127
f 4130 4129 4128
f 4130 4131 4129
f 4132 4131 4130
f 4132 4133 4131
f 4134 4133 4132
f 4134 4135 4133
f 4136 4135 4134
f 4136 4137 4135
f 4138 4139 4137
f 4138 4137 4136
f 4140 4141 4139
f 4140 4139 4138
f 4142 4143 4141
f 4142 4141 4140
f 4144 4145 4143
f 4144 4143 4142
f 4146 4147 4145
f 4146 4145 4144
f 4148 4149 4147
f 4148 4147 4146
f 4150 4151 4149
f 4150 4149 4148
f 4152 4153 4151
f 4152 4151 4150
f 4154 4155 4153
f 4154 4153 4152
f 4156 4157 4155
f 4156 4155 4154
f 4158 4159 4157
f 4158 4157 4156
f 4160 4159 4158
f 4160 4161 4159
f 4162 4161 4160
f 4162 4163 4161
f 4164 4163 4162
f 4165 4163 4164
f 4165 4166 4163
f 4167 4166 4165
f 4167 4168 4166
f 4167 4169 4168
f 4170 4169 4167
f 4171 4172 4173
f 4173 4174 4175
f 4176 4177 4178
f 4176 4178 4179
f 4180 4177 4176
f 4181 4179 4172
f 4181 4176 4179
f 4182 4177 4180
f 4183 4176 4181
f 4183 4180 4176
f 4184 4177 4182
f 4185 4181 4172
f 4185 4171 4186
f 4185 4186 4187
f 4185 4172 4171
f 4188 4180 4183
f 4188 4182 4180
f 4189 4177 4184
f 4190 4185 4187
f 4190 4187 4191
f 4190 4191 4192
f 4190 4181 4185
f 4190 4183 4181
f 4193 4184 4182
f 4193 4182 4188
f 4194 4177 4189
f 4195 4192 4196
f 4195 4196 4197
f 4195 4188 4183
f 4195 4190 4192
f 4195 4183 4190
f 4198 4189 4184
f 4198 4184 4193
f 4199 4177 4194
f 4200 4197 4201
f 4200 4201 4202
f 4200 4193 4188
f 4200 4188 4195
f 4200 4195 4197
f 4203 4194 4189
f 4203 4189 4198
f 4204 4177 4199
f 4205 4202 4206
f 4205 4198 4193
f 4205 4193 4200
f 4205 4200 4202
f 4207 4199 4194
f 4207 4194 4203
f 4208 4177 4204
f 4209 4206 4210
f 4209 4210 4211
f 4209 4198 4205
f 4209 4203 4198
f 4209 4205 4206
f 4212 4199 4207
f 4212 4204 4199
f 4213 4214 4177
f 4213 4177 4208
f 4215 4211 4216
f 4215 4216 4217
f 4215 4209 4211
f 4215 4207 4203
f 4215 4203 4209
f 4218 4208 4204
f 4218 4204 4212
f 4219 4214 4213
f 4220 4217 4221
f 4220 4221 4222
f 4220 4207 4215
f 4220 4218 4212
f 4220 4215 4217
f 4220 4212 4207
f 4223 4208 4218
f 4223 4213 4208
f 4224 4214 4219
f 4225 4218 4220
f 4225 4222 4226
f 4225 4226 4227
f 4225 4220 4222
f 4228 4219 4213
f 4228 4213 4223
f 4229 4214 4224
f 4230 4223 4218
f 4230 4227 4231
f 4230 4231 4232
f 4230 4218 4225
f 4230 4225 4227
f 4230 4228 4223
f 4233 4219 4228
f 4233 4224 4219
f 4234 4214 4229
f 4235 4232 4236
f 4235 4236 4237
f 4235 4228 4230
f 4235 4230 4232
f 4238 4229 4224
f 4238 4224 4233
f 4239 4214 4234
f 4240 4237 4241
f 4240 4241 4242
f 4240 4233 4228
f 4240 4235 4237
f 4240 4228 4235
f 4243 4239 4234
f 4243 4234 4229
f 4243 4229 4238
f 4244 4214 4239
f 4245 4233 4240
f 4245 4242 4246
f 4245 4246 4247
f 4245 4240 4242
f 4245 4238 4233
f 4248 4239 4243
f 4249 4214 4244
f 4250 4243 4238
f 4250 4245 4247
f 4250 4238 4245
f 4250 4247 4251
f 4252 4239 4248
f 4252 4244 4239
f 4252 4249 4244
f 4253 4254 4214
f 4253 4214 4249
f 4255 4248 4243
f 4255 4252 4248
f 4255 4243 4250
f 4255 4250 4251
f 4255 4251 4256
f 4255 4256 4257
f 4258 4249 4252
f 4259 4252 4255
f 4259 4255 4257
f 4259 4257 4260
f 4259 4260 4261
f 4262 4263 4254
f 4262 4254 4253
f 4262 4249 4258
f 4262 4253 4249
f 4264 4258 4252
f 4264 4252 4259
f 4264 4259 4261
f 4264 4261 4265
f 4264 4265 4266
f 4267 4174 4263
f 4267 4263 4262
f 4267 4258 4264
f 4267 4175 4174
f 4267 4266 4268
f 4267 4262 4258
f 4267 4268 4175
f 4267 4264 4266
f 4269 4270 4271
f 4272 4273 4270
f 4272 4270 4269
f 4274 4275 4273
f 4274 4273 4272
f 4276 4277 4275
f 4276 4275 4274
f 4278 4279 4277
f 4278 4277 4276
f 4280 4281 4279
f 4280 4279 4278
f 4282 4281 4280
f 4282 4283 4281
f 4284 4283 4282
f 4284 4285 4283
f 4286 4285 4284
f 4286 4287 4285
f 4288 4287 4286
f 4288 4289 4287
f 4290 4289 4288
f 4290 4291 4289
f 4292 4291 4290
f 4292 4293 4291
f 4294 4293 4292
f 4294 4295 4293
f 4296 4295 4294
f 4296 4297 4295
f 4298 4297 4296
f 4298 4299 4297
f 4300 4299 4298
f 4300 4301 4299
f 4302 4301 4300
f 4302 4303 4301
f 4304 4303 4302
f 4304 4305 4303
f 4306 4305 4304
f 4306 4307 4305
f 4308 4307 4306
f 4309 4307 4308
f 4309 4310 4307
f 4309 4311 4310
f 4312 4313 4311
f 4312 4311 4309
f 4314 4315 4313
f 4314 4313 4312
f 4316 4317 4315
f 4316 4315 4314
f 4318 4319 4317
f 4318 4317 4316
f 4320 4321 4319
f 4320 4319 4318
f 4322 4323 4321
f 4322 4321 4320
f 4324 4325 4323
f 4324 4323 4322
f 4326 4325 4324
f 4327 4328 4325
f 4327 4329 4328
f 4327 4325 4326
f 4330 4331 4329
f 4330 4329 4327
f 4332 4331 4330
f 4332 4333 4331
f 4334 4333 4332
f 4334 4335 4333
f 4336 4335 4334
f 4337 4335 4336
f 4337 4338 4335
f 4339 4338 4337
f 4339 4340 4338
f 4341 4340 4339
f 4341 4342 4340
f 4343 4344 4345
f 4346 4347 4348
f 4349 4350 4351
f 4352 4350 4349
f 4353 4351 4354
f 4353 4349 4351
f 4355 4350 4352
f 4356 4349 4353
f 4356 4352 4349
f 4357 4350 4355
f 4358 4353 4354
f 4358 4343 4359
f 4358 4359 4360
f 4358 4354 4344
f 4358 4344 4343
f 4361 4352 4356
f 4361 4355 4352
f 4362 4350 4357
f 4363 4358 4360
f 4363 4360 4364
f 4363 4364 4365
f 4363 4353 4358
f 4363 4356 4353
f 4366 4357 4355
f 4366 4355 4361
f 4367 4350 4362
f 4368 4365 4369
f 4368 4369 4370
f 4368 4363 4365
f 4368 4361 4356
f 4368 4356 4363
f 4371 4362 4357
f 4371 4357 4366
f 4372 4350 4367
f 4373 4370 4374
f 4373 4374 4375
f 4373 4366 4361
f 4373 4361 4368
f 4373 4368 4370
f 4376 4362 4371
f 4376 4367 4362
f 4377 4350 4372
f 4378 4375 4379
f 4378 4371 4366
f 4378 4373 4375
f 4378 4366 4373
f 4380 4372 4367
f 4380 4367 4376
f 4381 4350 4377
f 4382 4379 4383
f 4382 4383 4384
f 4382 4371 4378
f 4382 4376 4371
f 4382 4378 4379
f 4385 4377 4372
f 4385 4381 4377
f 4385 4372 4380
f 4386 4387 4350
f 4386 4350 4381
f 4388 4382 4384
f 4388 4384 4389
f 4388 4389 4390
f 4388 4380 4376
f 4388 4376 4382
f 4388 4385 4380
f 4391 4381 4385
f 4392 4387 4386
f 4393 4388 4390
f 4393 4390 4394
f 4393 4394 4395
f 4393 4385 4388
f 4396 4386 4381
f 4396 4381 4391
f 4397 4387 4392
f 4398 4395 4399
f 4398 4399 4400
f 4398 4391 4385
f 4398 4385 4393
f 4398 4393 4395
f 4401 4392 4386
f 4401 4386 4396
f 4402 4387 4397
f 4403 4400 4404
f 4403 4404 4405
f 4403 4398 4400
f 4403 4396 4391
f 4403 4391 4398
f 4403 4401 4396
f 4406 4392 4401
f 4406 4397 4392
f 4407 4387 4402
f 4408 4405 4409
f 4408 4409 4410
f 4408 4403 4405
f 4408 4401 4403
f 4411 4402 4397
f 4411 4397 4406
f 4412 4387 4407
f 4413 4406 4401
f 4413 4410 4414
f 4413 4414 4415
f 4413 4408 4410
f 4413 4401 4408
f 4416 4412 4407
f 4416 4407 4402
f 4416 4402 4411
f 4417 4387 4412
f 4418 4415 4419
f 4418 4419 4420
f 4418 4406 4413
f 4418 4413 4415
f 4418 4411 4406
f 4421 4412 4416
f 4422 4387 4417
f 4423 4418 4420
f 4423 4411 4418
f 4423 4420 4424
f 4423 4416 4411
f 4423 4421 4416
f 4425 4412 4421
f 4425 4417 4412
f 4425 4422 4417
f 4426 4427 4387
f 4426 4428 4427
f 4426 4387 4422
f 4429 4421 4423
f 4429 4424 4430
f 4429 4430 4431
f 4429 4423 4424
f 4432 4422 4425
f 4432 4426 4422
f 4433 4425 4421
f 4433 4421 4429
f 4433 4429 4431
f 4433 4431 4434
f 4433 4434 4435
f 4436 4428 4426
f 4436 4426 4432
f 4437 4432 4425
f 4437 4425 4433
f 4437 4433 4435
f 4437 4435 4438
f 4437 4438 4439
f 4440 4347 4428
f 4440 4428 4436
f 4440 4432 4437
f 4440 4348 4347
f 4440 4439 4441
f 4440 4441 4348
f 4440 4436 4432
f 4440 4437 4439
f 4442 4443 4444
f 4445 4446 4443
f 4445 4443 4442
f 4447 4448 4446
f 4447 4446 4445
f 4449 4450 4448
f 4449 4448 4447
f 4451 4452 4450
f 4451 4450 4449
f 4453 4454 4452
f 4453 4452 4451
f 4455 4454 4453
f 4455 4456 4454
f 4457 4456 4455
f 4457 4458 4456
f 4459 4458 4457
f 4459 4460 4458
f 4461 4460 4459
f 4461 4462 4460
f 4463 4462 4461
f 4463 4464 4462
f 4465 4464 4463
f 4465 4466 4464
f 4467 4466 4465
f 4467 4468 4466
f 4469 4468 4467
f 4469 4470 4468
f 4471 4470 4469
f 4471 4472 4470
f 4473 4472 4471
f 4473 4474 4472
f 4475 4474 4473
f 4475 4476 4474
f 4477 4476 4475
f 4477 4478 4476
f 4479 4478 4477
f 4479 4480 4478
f 4481 4480 4479
f 4482 4480 4481
f 4482 4483 4480
f 4482 4484 4483
f 4485 4486 4484
f 4485 4484 4482
f 4487 4488 4486
f 4487 4486 4485
f 4489 4490 4488
f 4489 4488 4487
f 4491 4492 4490
f 4491 4490 4489
f 4493 4494 4492
f 4493 4492 4491
f 4495 4494 4493
f 4496 4497 4494
f 4496 4498 4497
f 4496 4494 4495
f 4499 4498 4496
f 4500 4501 4498
f 4500 4498 4499
f 4502 4503 4501
f 4502 4501 4500
f 4504 4503 4502
f 4504 4505 4503
f 4506 4505 4504
f 4506 4507 4505
f 4506 4508 4507
f 4509 4508 4506
f 4509 4510 4508
f 4511 4510 4509
f 4511 4512 4510
f 4513 4512 4511
f 4442 4512 4513
f 4442 4514 4512
f 4515 4516 4517
f 4515 4518 4516
f 4519 4520 4521
f 4519 4521 4518
f 4519 4518 4515
f 4522 4523 4520
f 4522 4520 4519
f 4524 4523 4522
f 4525 4526 4527
f 4525 4527 4523
f 4525 4523 4524
f 4528 4526 4525
f 4529 4530 4526
f 4529 4526 4528
f 4531 4532 4530
f 4531 4530 4529
f 4533 4534 4532
f 4533 4532 4531
f 4535 4536 4537
f 4535 4538 4536
f 4539 4540 4541
f 4542 4539 4541
f 4543 4544 4545
f 4546 4543 4545
f 4547 4548 4544
f 4547 4544 4543
f 4549 4545 4550
f 4549 4546 4545
f 4551 4552 4553
f 4554 4549 4550
f 4555 4556 4548
f 4555 4548 4557
f 4558 4550 4559
f 4558 4554 4550
f 4560 4561 4556
f 4560 4556 4555
f 4562 4559 4563
f 4562 4558 4559
f 4564 4565 4561
f 4564 4561 4560
f 4566 4563 4567
f 4566 4562 4563
f 4568 4565 4564
f 4569 4566 4567
f 4570 4565 4568
f 4571 4569 4567
f 4572 4565 4570
f 4573 4571 4567
f 4574 4565 4572
f 4575 4573 4567
f 4576 4577 4578
f 4579 4575 4567
f 4580 4565 4581
f 4582 4579 4567
f 4582 4583 4584
f 4582 4584 4585
f 4582 4585 4586
f 4582 4586 4579
f 4587 4588 4589
f 4587 4589 4590
f 4591 4592 4593
f 4587 4594 4595
f 4591 4596 4597
f 4587 4597 4598
f 4587 4598 4599
f 4587 4599 4583
f 4591 4583 4582
f 4591 4600 4588
f 4601 4565 4580
f 4601 4600 4591
f 4601 4580 4600
f 4602 4565 4601
f 4603 4604 4605
f 4603 4606 4604
f 4607 4608 4606
f 4607 4606 4603
f 4609 4610 4608
f 4609 4608 4607
f 4611 4612 4610
f 4611 4610 4609
f 4613 4614 4612
f 4613 4612 4611
f 4615 4616 4614
f 4615 4614 4613
f 4617 4616 4615
f 4617 4618 4616
f 4619 4618 4617
f 4619 4620 4618
f 4621 4620 4619
f 4621 4622 4620
f 4623 4622 4621
f 4623 4624 4622
f 4625 4624 4623
f 4625 4626 4624
f 4625 4627 4626
f 4628 4627 4625
f 4629 4627 4628
f 4629 4630 4627
f 4631 4630 4629
f 4631 4632 4630
f 4633 4632 4631
f 4633 4634 4632
f 4635 4634 4633
f 4635 4636 4634
f 4637 4636 4635
f 4637 4638 4636
f 4639 4638 4637
f 4639 4640 4638
f 4641 4640 4639
f 4641 4642 4640
f 4643 4644 4642
f 4643 4642 4641
f 4645 4644 4643
f 4645 4646 4644
f 4647 4648 4646
f 4647 4646 4645
f 4649 4650 4648
f 4649 4648 4647
f 4651 4652 4650
f 4651 4650 4649
f 4653 4654 4652
f 4653 4652 4651
f 4655 4656 4654
f 4655 4654 4653
f 4657 4658 4656
f 4657 4656 4655
f 4659 4660 4658
f 4659 4658 4657
f 4661 4662 4660
f 4661 4660 4659
f 4663 4664 4662
f 4663 4662 4661
f 4665 4664 4663
f 4665 4666 4664
f 4667 4666 4665
f 4667 4668 4666
f 4669 4668 4667
f 4669 4670 4668
f 4671 4670 4669
f 4671 4672 4670
f 4673 4672 4671
f 4673 4674 4672
f 4675 4674 4673
f 4675 4676 4674
f 4677 4678 4679
f 4680 4681 4678
f 4680 4678 4677
f 4682 4679 4683
f 4682 4677 4679
f 4684 4685 4681
f 4684 4681 4680
f 4686 4683 4687
f 4686 4682 4683
f 4688 4685 4684
f 4688 4689 4685
f 4690 4687 4691
f 4690 4686 4687
f 4692 4689 4688
f 4692 4693 4689
f 4694 4691 4695
f 4694 4690 4691
f 4696 4697 4693
f 4696 4693 4692
f 4698 4694 4695
f 4698 4695 4699
f 4700 4697 4696
f 4700 4701 4697
f 4702 4698 4699
f 4702 4699 4703
f 4704 4705 4701
f 4704 4701 4700
f 4706 4702 4703
f 4706 4703 4707
f 4708 4705 4704
f 4709 4707 4710
f 4709 4706 4707
f 4711 4712 4705
f 4711 4705 4708
f 4713 4709 4710
f 4714 4712 4711
f 4714 4711 4715
f 4716 4713 4710
f 4717 4713 4716
f 4718 4715 4719
f 4718 4714 4715
f 4720 4717 4716
f 4720 4721 4717
f 4722 4719 4723
f 4722 4718 4719
f 4724 4721 4720
f 4724 4725 4721
f 4726 4723 4727
f 4726 4722 4723
f 4728 4729 4725
f 4728 4725 4724
f 4730 4727 4731
f 4730 4726 4727
f 4732 4733 4729
f 4732 4729 4728
f 4734 4731 4735
f 4734 4730 4731
f 4736 4733 4732
f 4737 4735 4738
f 4737 4734 4735
f 4739 4740 4733
f 4739 4733 4736
f 4741 4737 4738
f 4741 4738 4742
f 4743 4740 4739
f 4743 4744 4740
f 4745 4741 4742
f 4745 4742 4746
f 4747 4745 4746
f 4747 4748 4744
f 4747 4746 4748
f 4747 4744 4743
f 4749 4750 4751
f 4749 4752 4750
f 4753 4754 4752
f 4753 4752 4749
f 4755 4756 4754
f 4755 4754 4753
f 4757 4758 4756
f 4757 4756 4755
f 4759 4760 4758
f 4759 4758 4757
f 4761 4762 4760
f 4761 4760 4759
f 4763 4762 4761
f 4763 4764 4762
f 4765 4764 4763
f 4765 4766 4764
f 4767 4766 4765
f 4767 4768 4766
f 4769 4768 4767
f 4769 4770 4768
f 4771 4770 4769
f 4771 4772 4770
f 4771 4773 4772
f 4774 4773 4771
f 4775 4773 4774
f 4775 4776 4773
f 4777 4776 4775
f 4777 4778 4776
f 4779 4778 4777
f 4779 4780 4778
f 4781 4780 4779
f 4781 4782 4780
f 4783 4782 4781
f 4783 4784 4782
f 4785 4784 4783
f 4785 4786 4784
f 4787 4786 4785
f 4787 4788 4786
f 4789 4790 4788
f 4789 4788 4787
f 4791 4790 4789
f 4791 4792 4790
f 4793 4794 4792
f 4793 4792 4791
f 4795 4796 4794
f 4795 4794 4793
f 4797 4798 4796
f 4797 4796 4795
f 4799 4800 4798
f 4799 4798 4797
f 4801 4802 4800
f 4801 4800 4799
f 4803 4804 4802
f 4803 4802 4801
f 4805 4806 4804
f 4805 4804 4803
f 4807 4808 4806
f 4807 4806 4805
f 4809 4810 4808
f 4809 4808 4807
f 4811 4810 4809
f 4811 4812 4810
f 4813 4812 4811
f 4813 4814 4812
f 4815 4814 4813
f 4815 4816 4814
f 4817 4816 4815
f 4817 4818 4816
f 4819 4818 4817
f 4819 4820 4818
f 4821 4820 4819
f 4821 4822 4820
f 4823 4824 4825
f 4823 4826 4824
f 4827 4828 4824
f 4827 4824 4826
f 4829 4825 4830
f 4829 4823 4825
f 4831 4828 4827
f 4831 4832 4828
f 4831 4833 4832
f 4834 4830 4835
f 4834 4829 4830
f 4836 4833 4831
f 4837 4835 4838
f 4837 4834 4835
f 4839 4840 4833
f 4839 4841 4840
f 4839 4833 4836
f 4842 4838 4843
f 4842 4837 4838
f 4844 4843 4845
f 4844 4842 4843
f 4846 4841 4839
f 4846 4847 4841
f 4848 4845 4849
f 4848 4844 4845
f 4850 4847 4846
f 4850 4851 4847
f 4852 4848 4849
f 4852 4849 4853
f 4854 4851 4850
f 4855 4851 4854
f 4856 4852 4853
f 4856 4853 4857
f 4858 4855 4854
f 4859 4856 4857
f 4860 4855 4858
f 4860 4858 4861
f 4862 4859 4857
f 4863 4859 4862
f 4864 4860 4861
f 4864 4861 4865
f 4866 4867 4863
f 4866 4863 4862
f 4868 4864 4865
f 4868 4865 4869
f 4870 4871 4867
f 4870 4867 4866
f 4872 4868 4869
f 4872 4869 4873
f 4874 4875 4871
f 4874 4871 4870
f 4876 4873 4877
f 4876 4872 4873
f 4878 4879 4875
f 4878 4875 4874
f 4880 4877 4881
f 4880 4876 4877
f 4882 4883 4879
f 4882 4879 4878
f 4884 4881 4885
f 4884 4880 4881
f 4886 4887 4883
f 4886 4883 4882
f 4888 4884 4885
f 4888 4885 4889
f 4890 4887 4886
f 4890 4891 4887
f 4892 4888 4889
f 4892 4889 4893
f 4894 4891 4890
f 4894 4892 4893
f 4894 4893 4891
f 4895 4896 4897
f 4895 4898 4896
f 4899 4900 4898
f 4899 4898 4895
f 4901 4902 4900
f 4901 4900 4899
f 4903 4904 4902
f 4903 4902 4901
f 4905 4906 4904
f 4905 4904 4903
f 4907 4908 4906
f 4907 4906 4905
f 4909 4908 4907
f 4909 4910 4908
f 4911 4910 4909
f 4911 4912 4910
f 4913 4912 4911
f 4913 4914 4912
f 4915 4914 4913
f 4915 4916 4914
f 4917 4916 4915
f 4917 4918 4916
f 4917 4919 4918
f 4920 4919 4917
f 4921 4919 4920
f 4921 4922 4919
f 4923 4922 4921
f 4923 4924 4922
f 4925 4924 4923
f 4925 4926 4924
f 4927 4926 4925
f 4927 4928 4926
f 4929 4928 4927
f 4929 4930 4928
f 4931 4930 4929
f 4931 4932 4930
f 4933 4932 4931
f 4933 4934 4932
f 4935 4936 4934
f 4935 4934 4933
f 4937 4936 4935
f 4937 4938 4936
f 4939 4940 4938
f 4939 4938 4937
f 4941 4942 4940
f 4941 4940 4939
f 4943 4944 4942
f 4943 4942 4941
f 4945 4946 4944
f 4945 4944 4943
f 4947 4948 4946
f 4947 4946 4945
f 4949 4950 4948
f 4949 4948 4947
f 4951 4952 4950
f 4951 4950 4949
f 4953 4954 4952
f 4953 4952 4951
f 4955 4956 4954
f 4955 4954 4953
f 4957 4956 4955
f 4957 4958 4956
f 4959 4958 4957
f 4959 4960 4958
f 4961 4960 4959
f 4961 4962 4960
f 4963 4962 4961
f 4963 4964 4962
f 4965 4964 4963
f 4965 4966 4964
f 4967 4966 4965
f 4967 4968 4966
f 4969 4970 4971
f 4972 4973 4970
f 4972 4970 4969
f 4974 4971 4975
f 4974 4969 4971
f 4976 4977 4973
f 4976 4973 4972
f 4978 4975 4979
f 4978 4974 4975
f 4980 4977 4976
f 4981 4979 4982
f 4981 4978 4979
f 4983 4977 4980
f 4983 4984 4977
f 4983 4985 4984
f 4986 4982 4987
f 4986 4981 4982
f 4988 4989 4985
f 4988 4985 4983
f 4990 4987 4991
f 4990 4986 4987
f 4992 4993 4989
f 4992 4989 4988
f 4994 4990 4991
f 4994 4991 4995
f 4996 4993 4992
f 4997 4994 4995
f 4997 4995 4998
f 4999 5000 4993
f 4999 4993 4996
f 5001 4997 4998
f 5001 4998 5002
f 5003 5004 5000
f 5003 5000 4999
f 5005 5001 5002
f 5006 5003 5007
f 5006 5004 5003
f 5008 5005 5002
f 5009 5005 5008
f 5010 5006 5007
f 5010 5007 5011
f 5012 5009 5008
f 5012 5013 5009
f 5014 5011 5015
f 5014 5010 5011
f 5016 5017 5013
f 5016 5013 5012
f 5018 5015 5019
f 5018 5014 5015
f 5020 5021 5017
f 5020 5017 5016
f 5022 5019 5023
f 5022 5018 5019
f 5024 5021 5020
f 5024 5025 5021
f 5026 5023 5027
f 5026 5022 5023
f 5028 5025 5024
f 5029 5027 5030
f 5029 5026 5027
f 5031 5025 5028
f 5031 5032 5025
f 5031 5033 5032
f 5034 5029 5030
f 5034 5030 5035
f 5036 5033 5031
f 5036 5037 5033
f 5038 5035 5039
f 5038 5034 5035
f 5040 5037 5036
f 5040 5038 5039
f 5040 5039 5037
f 5041 5042 5043
f 5041 5044 5042
f 5045 5046 5044
f 5045 5044 5041
f 5047 5048 5046
f 5047 5046 5045
f 5049 5050 5048
f 5049 5048 5047
f 5051 5052 5050
f 5051 5050 5049
f 5053 5054 5052
f 5053 5052 5051
f 5055 5054 5053
f 5055 5056 5054
f 5057 5056 5055
f 5057 5058 5056
f 5059 5058 5057
f 5059 5060 5058
f 5061 5060 5059
f 5061 5062 5060
f 5063 5062 5061
f 5063 5064 5062
f 5063 5065 5064
f 5066 5065 5063
f 5067 5065 5066
f 5067 5068 5065
f 5069 5068 5067
f 5069 5070 5068
f 5071 5070 5069
f 5071 5072 5070
f 5073 5072 5071
f 5073 5074 5072
f 5075 5074 5073
f 5075 5076 5074
f 5077 5076 5075
f 5077 5078 5076
f 5079 5078 5077
f 5079 5080 5078
f 5081 5082 5080
f 5081 5080 5079
f 5083 5082 5081
f 5083 5084 5082
f 5085 5086 5084
f 5085 5084 5083
f 5087 5088 5086
f 5087 5086 5085
f 5089 5090 5088
f 5089 5088 5087
f 5091 5092 5090
f 5091 5090 5089
f 5093 5094 5092
f 5093 5092 5091
f 5095 5096 5094
f 5095 5094 5093
f 5097 5098 5096
f 5097 5096 5095
f 5099 5100 5098
f 5099 5098 5097
f 5101 5102 5100
f 5101 5100 5099
f 5103 5102 5101
f 5103 5104 5102
f 5105 5104 5103
f 5105 5106 5104
f 5107 5106 5105
f 5107 5108 5106
f 5109 5108 5107
f 5109 5110 5108
f 5111 5110 5109
f 5111 5112 5110
f 5113 5112 5111
f 5113 5114 5112
f 5115 5116 5117
f 5118 5119 5116
f 5118 5116 5115
f 5120 5117 5121
f 5120 5115 5117
f 5122 5123 5119
f 5122 5119 5118
f 5124 5121 5125
f 5124 5120 5121
f 5126 5123 5122
f 5126 5127 5123
f 5128 5125 5129
f 5128 5124 5125
f 5130 5131 5127
f 5130 5127 5126
f 5132 5129 5133
f 5132 5128 5129
f 5134 5135 5131
f 5134 5131 5130
f 5136 5133 5137
f 5136 5132 5133
f 5138 5135 5134
f 5138 5139 5135
f 5140 5136 5137
f 5140 5137 5141
f 5142 5143 5139
f 5142 5139 5138
f 5144 5140 5141
f 5144 5141 5145
f 5146 5143 5142
f 5147 5143 5146
f 5148 5147 5146
f 5149 5144 5145
f 5149 5145 5150
f 5151 5147 5148
f 5151 5148 5152
f 5153 5149 5150
f 5153 5154 5149
f 5155 5154 5153
f 5156 5151 5152
f 5156 5152 5157
f 5158 5155 5153
f 5159 5157 5160
f 5159 5156 5157
f 5161 5162 5155
f 5161 5163 5162
f 5161 5155 5158
f 5164 5159 5160
f 5164 5160 5165
f 5166 5167 5163
f 5166 5163 5161
f 5168 5165 5169
f 5168 5164 5165
f 5170 5171 5167
f 5170 5167 5166
f 5172 5173 5174
f 5172 5169 5173
f 5172 5168 5169
f 5175 5176 5171
f 5175 5171 5170
f 5177 5172 5174
f 5178 5179 5176
f 5178 5176 5175
f 5180 5177 5174
f 5180 5174 5181
f 5182 5179 5178
f 5183 5180 5181
f 5183 5181 5184
f 5185 5179 5182
f 5185 5183 5184
f 5185 5186 5179
f 5185 5184 5186
f 5187 5188 5189
f 5187 5190 5188
f 5191 5192 5190
f 5191 5190 5187
f 5193 5194 5192
f 5193 5192 5191
f 5195 5196 5194
f 5195 5194 5193
f 5197 5198 5196
f 5197 5196 5195
f 5199 5200 5198
f 5199 5198 5197
f 5201 5200 5199
f 5201 5202 5200
f 5203 5202 5201
f 5203 5204 5202
f 5205 5204 5203
f 5205 5206 5204
f 5207 5206 5205
f 5207 5208 5206
f 5209 5208 5207
f 5209 5210 5208
f 5209 5211 5210
f 5212 5211 5209
f 5213 5211 5212
f 5213 5214 5211
f 5215 5214 5213
f 5215 5216 5214
f 5217 5216 5215
f 5217 5218 5216
f 5219 5218 5217
f 5219 5220 5218
f 5221 5220 5219
f 5221 5222 5220
f 5223 5222 5221
f 5223 5224 5222
f 5225 5224 5223
f 5225 5226 5224
f 5227 5228 5226
f 5227 5226 5225
f 5229 5228 5227
f 5229 5230 5228
f 5231 5232 5230
f 5231 5230 5229
f 5233 5234 5232
f 5233 5232 5231
f 5235 5236 5234
f 5235 5234 5233
f 5237 5238 5236
f 5237 5236 5235
f 5239 5240 5238
f 5239 5238 5237
f 5241 5242 5240
f 5241 5240 5239
f 5243 5244 5242
f 5243 5242 5241
f 5245 5246 5244
f 5245 5244 5243
f 5247 5248 5246
f 5247 5246 5245
f 5249 5248 5247
f 5249 5250 5248
f 5251 5250 5249
f 5251 5252 5250
f 5253 5252 5251
f 5253 5254 5252
f 5255 5254 5253
f 5255 5256 5254
f 5257 5256 5255
f 5257 5258 5256
f 5259 5258 5257
f 5259 5260 5258
f 5261 5262 5263
f 5264 5265 5262
f 5264 5262 5261
f 5266 5267 5268
f 5266 5263 5267
f 5266 5261 5263
f 5269 5270 5265
f 5269 5265 5264
f 5271 5268 5272
f 5271 5266 5268
f 5273 5274 5270
f 5273 5270 5269
f 5275 5272 5276
f 5275 5271 5272
f 5277 5278 5274
f 5277 5274 5273
f 5279 5275 5276
f 5280 5281 5278
f 5280 5278 5277
f 5282 5279 5276
f 5282 5276 5283
f 5284 5285 5281
f 5284 5281 5280
f 5286 5282 5283
f 5286 5283 5287
f 5288 5289 5285
f 5288 5285 5284
f 5290 5286 5287
f 5290 5287 5291
f 5292 5289 5288
f 5293 5289 5292
f 5294 5290 5291
f 5294 5291 5295
f 5296 5293 5292
f 5297 5293 5296
f 5297 5296 5298
f 5299 5294 5295
f 5299 5300 5294
f 5301 5297 5298
f 5301 5298 5302
f 5303 5304 5300
f 5303 5305 5304
f 5303 5300 5299
f 5306 5302 5307
f 5306 5301 5302
f 5308 5305 5303
f 5309 5307 5310
f 5309 5306 5307
f 5311 5312 5305
f 5311 5313 5312
f 5311 5305 5308
f 5314 5310 5315
f 5314 5309 5310
f 5316 5313 5311
f 5317 5315 5318
f 5317 5314 5315
f 5319 5320 5313
f 5319 5321 5320
f 5319 5313 5316
f 5322 5318 5323
f 5322 5317 5318
f 5324 5325 5321
f 5324 5321 5319
f 5326 5322 5323
f 5326 5323 5327
f 5328 5325 5324
f 5328 5329 5325
f 5330 5326 5327
f 5330 5327 5331
f 5332 5329 5328
f 5332 5330 5331
f 5332 5331 5329
f 5333 5334 5335
f 5333 5336 5334
f 5337 5338 5336
f 5337 5336 5333
f 5339 5340 5338
f 5339 5338 5337
f 5341 5342 5340
f 5341 5340 5339
f 5343 5344 5342
f 5343 5342 5341
f 5345 5346 5344
f 5345 5344 5343
f 5347 5346 5345
f 5347 5348 5346
f 5349 5348 5347
f 5349 5350 5348
f 5351 5350 5349
f 5351 5352 5350
f 5353 5352 5351
f 5353 5354 5352
f 5355 5354 5353
f 5355 5356 5354
f 5355 5357 5356
f 5358 5357 5355
f 5359 5357 5358
f 5359 5360 5357
f 5361 5360 5359
f 5361 5362 5360
f 5363 5362 5361
f 5363 5364 5362
f 5365 5364 5363
f 5365 5366 5364
f 5367 5366 5365
f 5367 5368 5366
f 5369 5368 5367
f 5369 5370 5368
f 5371 5370 5369
f 5371 5372 5370
f 5373 5374 5372
f 5373 5372 5371
f 5375 5374 5373
f 5375 5376 5374
f 5377 5378 5376
f 5377 5376 5375
f 5379 5380 5378
f 5379 5378 5377
f 5381 5382 5380
f 5381 5380 5379
f 5383 5384 5382
f 5383 5382 5381
f 5385 5386 5384
f 5385 5384 5383
f 5387 5388 5386
f 5387 5386 5385
f 5389 5390 5388
f 5389 5388 5387
f 5391 5392 5390
f 5391 5390 5389
f 5393 5394 5392
f 5393 5392 5391
f 5395 5394 5393
f 5395 5396 5394
f 5397 5396 5395
f 5397 5398 5396
f 5399 5398 5397
f 5399 5400 5398
f 5401 5400 5399
f 5401 5402 5400
f 5403 5402 5401
f 5403 5404 5402
f 5405 5404 5403
f 5405 5406 5404
f 5407 5408 5409
f 5410 5411 5408
f 5410 5408 5407
f 5412 5409 5413
f 5412 5407 5409
f 5414 5415 5411
f 5414 5411 5410
f 5416 5413 5417
f 5416 5412 5413
f 5418 5419 5415
f 5418 5415 5414
f 5420 5417 5421
f 5420 5416 5417
f 5422 5423 5419
f 5422 5419 5418
f 5424 5421 5425
f 5424 5420 5421
f 5426 5427 5423
f 5426 5423 5422
f 5428 5424 5425
f 5428 5425 5429
f 5430 5427 5426
f 5430 5431 5427
f 5432 5428 5429
f 5432 5429 5433
f 5434 5431 5430
f 5435 5432 5433
f 5435 5433 5436
f 5437 5438 5431
f 5437 5431 5434
f 5439 5438 5437
f 5440 5435 5436
f 5440 5436 5441
f 5442 5439 5437
f 5443 5440 5441
f 5444 5439 5442
f 5445 5439 5444
f 5446 5443 5441
f 5447 5443 5446
f 5448 5444 5449
f 5448 5445 5444
f 5450 5451 5447
f 5450 5447 5446
f 5452 5448 5449
f 5452 5449 5453
f 5454 5455 5451
f 5454 5451 5450
f 5456 5453 5457
f 5456 5452 5453
f 5458 5459 5455
f 5458 5455 5454
f 5460 5456 5457
f 5460 5457 5461
f 5462 5459 5458
f 5463 5461 5464
f 5463 5460 5461
f 5465 5466 5459
f 5465 5467 5466
f 5465 5459 5462
f 5468 5464 5469
f 5468 5463 5464
f 5470 5471 5467
f 5470 5467 5465
f 5472 5468 5469
f 5472 5469 5473
f 5474 5475 5471
f 5474 5471 5470
f 5476 5472 5473
f 5476 5473 5477
f 5478 5475 5474
f 5478 5476 5477
f 5478 5477 5475
f 5479 5480 5481
f 5482 5480 5479
f 5482 5483 5480
f 5484 5483 5482
f 5484 5485 5483
f 5486 5479 5481
f 5486 5487 5488
f 5486 5481 5487
f 5489 5485 5484
f 5489 5490 5485
f 5491 5486 5488
f 5491 5488 5492
f 5493 5490 5489
f 5493 5494 5490
f 5495 5491 5492
f 5495 5492 5496
f 5497 5494 5493
f 5497 5498 5494
f 5499 5495 5496
f 5499 5496 5500
f 5501 5498 5497
f 5502 5500 5503
f 5502 5499 5500
f 5504 5498 5501
f 5505 5503 5506
f 5505 5502 5503
f 5507 5508 5498
f 5507 5498 5504
f 5509 5505 5506
f 5509 5506 5510
f 5511 5508 5507
f 5512 5509 5510
f 5513 5508 5511
f 5514 5512 5510
f 5515 5508 5513
f 5516 5514 5510
f 5517 5518 5508
f 5517 5508 5515
f 5519 5518 5517
f 5520 5518 5519
f 5521 5518 5520
f 5522 5518 5521
f 5522 5521 5523
f 5522 5523 5524
f 5525 5526 5527
f 5525 5527 5528
f 5525 5528 5529
f 5525 5529 5516
f 5525 5516 5510
f 5530 5522 5524
f 5531 5532 5533
f 5531 5526 5525
f 5531 5533 5534
f 5531 5534 5526
f 5535 5536 5537
f 5538 5532 5531
f 5538 5524 5539
f 5538 5539 5532
f 5540 5530 5524
f 5540 5524 5538
f 5541 5530 5540
f 5541 5542 5530
f 5543 5542 5541
f 5543 5537 5542
f 5544 5535 5537
f 5544 5545 5535
f 5546 5537 5543
f 5547 5548 5549
f 5550 5549 5551
f 5550 5547 5549
f 5552 5553 5548
f 5552 5548 5547
f 5554 5551 5555
f 5554 5550 5551
f 5556 5554 5555
f 5557 5558 5553
f 5557 5553 5552
f 5559 5560 5558
f 5559 5558 5557
f 5561 5556 5555
f 5562 5563 5560
f 5562 5564 5563
f 5562 5560 5559
f 5565 5555 5566
f 5565 5561 5555
f 5567 5568 5564
f 5567 5564 5562
f 5569 5565 5566
f 5570 5571 5568
f 5570 5568 5567
f 5572 5569 5566
f 5573 5572 5566
f 5574 5575 5571
f 5574 5571 5570
f 5576 5566 5577
f 5576 5573 5566
f 5578 5575 5574
f 5579 5576 5577
f 5580 5575 5578
f 5580 5578 5581
f 5582 5579 5577
f 5583 5577 5584
f 5583 5582 5577
f 5585 5583 5584
f 5586 5584 5587
f 5586 5585 5584
f 5588 5580 5581
f 5588 5581 5589
f 5590 5588 5589
f 5590 5589 5591
f 5590 5591 5592
f 5590 5592 5593
f 5594 5537 5546
f 5595 5590 5593
f 5595 5593 5596
f 5595 5596 5597
f 5595 5597 5598
f 5595 5598 5599
f 5600 5599 5601
f 5600 5601 5602
f 5600 5602 5603
f 5600 5595 5599
f 5604 5600 5603
f 5604 5603 5605
f 5604 5605 5586
f 5606 5604 5586
f 5606 5586 5587
f 5607 5587 5608
f 5607 5606 5587
f 5609 5608 5544
f 5609 5607 5608
f 5610 5609 5544
f 5611 5612 5613
f 5614 5613 5612
f 5614 5612 5615
f 5616 5617 5612
f 5616 5612 5611
f 5618 5615 5619
f 5618 5614 5615
f 5620 5617 5616
f 5621 5617 5620
f 5622 5619 5623
f 5622 5618 5619
f 5624 5617 5621
f 5625 5623 5626
f 5625 5622 5623
f 5627 5617 5624
f 5627 5628 5617
f 5629 5626 5630
f 5629 5625 5626
f 5631 5628 5627
f 5632 5630 5633
f 5632 5629 5630
f 5634 5628 5631
f 5635 5632 5633
f 5635 5636 5637
f 5635 5633 5636
f 5638 5639 5628
f 5638 5628 5634
f 5640 5635 5637
f 5641 5639 5638
f 5642 5643 5639
f 5642 5639 5641
f 5644 5640 5637
f 5644 5645 5640
f 5646 5645 5644
f 5646 5647 5645
f 5648 5610 5544
f 5648 5544 5537
f 5649 5647 5646
f 5649 5650 5647
f 5651 5652 5650
f 5651 5650 5649
f 5653 5654 5652
f 5653 5652 5651
f 5655 5656 5657
f 5655 5657 5658
f 5655 5658 5654
f 5655 5654 5653
f 5659 5660 5661
f 5659 5661 5662
f 5659 5662 5663
f 5659 5663 5656
f 5659 5656 5655
f 5664 5665 5666
f 5664 5666 5667
f 5664 5667 5660
f 5664 5660 5659
f 5668 5642 5669
f 5668 5669 5665
f 5668 5665 5664
f 5670 5643 5642
f 5670 5671 5643
f 5670 5642 5668
f 5672 5673 5671
f 5672 5671 5670
f 5674 5673 5672
f 5674 5675 5673
f 5676 5677 5648
f 5676 5648 5537
f 5678 5675 5674
f 5678 5537 5594
f 5678 5594 5675
f 5679 5680 5681
f 5682 5681 5680
f 5683 5680 5679
f 5683 5684 5680
f 5685 5682 5680
f 5685 5680 5686
f 5687 5684 5683
f 5688 5684 5687
f 5689 5685 5686
f 5690 5684 5688
f 5690 5691 5684
f 5692 5689 5686
f 5693 5691 5690
f 5693 5694 5691
f 5695 5692 5686
f 5695 5686 5696
f 5697 5695 5696
f 5698 5694 5693
f 5698 5699 5694
f 5700 5699 5698
f 5700 5701 5699
f 5702 5697 5696
f 5702 5696 5703
f 5704 5701 5700
f 5704 5705 5701
f 5706 5705 5704
f 5707 5705 5706
f 5707 5706 5708
f 5709 5707 5708
f 5710 5708 5711
f 5710 5709 5708
f 5712 5711 5713
f 5712 5710 5711
f 5714 5713 5715
f 5714 5712 5713
f 5716 5714 5715
f 5716 5715 5717
f 5718 5717 5719
f 5718 5716 5717
f 5720 5718 5719
f 5720 5719 5721
f 5722 5721 5723
f 5722 5723 5724
f 5722 5724 5725
f 5722 5720 5721
f 5726 5725 5727
f 5726 5727 5728
f 5726 5728 5729
f 5726 5729 5730
f 5726 5722 5725
f 5731 5726 5730
f 5731 5730 5732
f 5731 5732 5733
f 5731 5733 5734
f 5735 5731 5734
f 5735 5734 5736
f 5735 5736 5702
f 5737 5735 5702
f 5737 5702 5703
f 5738 5737 5703
f 5738 5703 5739
f 5740 5738 5739
f 5740 5739 5676
f 5741 5740 5676
f 5742 5743 5744
f 5742 5744 5745
f 5746 5742 5745
f 5747 5744 5743
f 5748 5746 5745
f 5749 5744 5747
f 5749 5750 5744
f 5751 5748 5745
f 5752 5750 5749
f 5753 5750 5752
f 5753 5754 5750
f 5755 5751 5745
f 5755 5745 5756
f 5757 5755 5756
f 5758 5757 5756
f 5759 5756 5760
f 5759 5758 5756
f 5761 5760 5762
f 5761 5759 5760
f 5763 5761 5762
f 5764 5765 5763
f 5764 5763 5762
f 5766 5767 5765
f 5766 5765 5764
f 5768 5769 5767
f 5768 5767 5766
f 5770 5769 5768
f 5770 5771 5769
f 5772 5773 5741
f 5774 5771 5770
f 5775 5776 5777
f 5775 5777 5778
f 5775 5778 5779
f 5780 5776 5775
f 5780 5753 5781
f 5780 5781 5776
f 5782 5779 5783
f 5782 5783 5784
f 5782 5784 5785
f 5782 5785 5786
f 5782 5775 5779
f 5787 5754 5753
f 5787 5753 5780
f 5788 5771 5774
f 5788 5789 5771
f 5790 5789 5788
f 5790 5791 5789
f 5792 5786 5793
f 5792 5793 5794
f 5792 5794 5795
f 5792 5782 5786
f 5796 5797 5791
f 5796 5791 5790
f 5798 5754 5787
f 5798 5799 5754
f 5800 5795 5801
f 5800 5792 5795
f 5802 5797 5796
f 5802 5803 5797
f 5804 5801 5803
f 5804 5800 5801
f 5804 5803 5802
f 5805 5799 5798
f 5805 5806 5807
f 5805 5808 5806
f 5805 5678 5808
f 5805 5807 5799
f 5809 5810 5811
f 5809 5741 5676
f 5809 5805 5810
f 5809 5678 5805
f 5809 5676 5537
f 5809 5537 5678
f 5809 5772 5741
f 5812 5772 5809
f 5812 5813 5772
f 5814 5815 5813
f 5814 5813 5812
f 5816 5817 5815
f 5816 5815 5814
f 5818 5819 5820
f 5818 5820 5821
f 5822 5819 5818
f 5823 5816 5824
f 5823 5817 5816
f 5823 5820 5817
f 5823 5821 5820
f 5825 5819 5822
f 5826 5823 5824
f 5827 5826 5824
f 5828 5829 5819
f 5828 5819 5825
f 5830 5829 5828
f 5831 5829 5830
f 5832 5829 5831
f 5833 5829 5832
f 5834 5835 5836
f 5834 5836 5837
f 5834 5837 5827
f 5834 5827 5824
f 5838 5829 5833
f 5838 5833 5839
f 5838 5839 5840
f 5838 5840 5841
f 5842 5843 5844
f 5842 5844 5845
f 5842 5845 5846
f 5842 5846 5835
f 5842 5835 5834
f 5847 5838 5841
f 5847 5841 5848
f 5849 5847 5848
f 5849 5848 5850
f 5851 5849 5850
f 5851 5850 5852
f 5853 5843 5842
f 5853 5854 5855
f 5853 5855 5856
f 5853 5856 5843
f 5857 5851 5852
f 5857 5852 5858
f 5859 5854 5853
f 5859 5860 5854
f 5861 5857 5858
f 5861 5858 5862
f 5863 5860 5859
f 5863 5864 5860
f 5865 5861 5862
f 5865 5862 5866
f 5867 5864 5863
f 5867 5868 5864
f 5869 5865 5866
f 5870 5868 5867
f 5870 5871 5868
f 5872 5869 5866
f 5872 5866 5873
f 5874 5871 5870
f 5874 5872 5873
f 5874 5873 5871
f 5875 5876 5877
f 5875 5877 5878
f 5879 5880 5881
f 5879 5882 5880
f 5879 5883 5882
f 5884 5885 5883
f 5884 5883 5879
f 5886 5887 5885
f 5886 5885 5884
f 5888 5889 5887
f 5888 5887 5886
f 5890 5891 5889
f 5890 5889 5888
f 5892 5893 5891
f 5892 5891 5890
f 5894 5895 5893
f 5894 5893 5892
f 5896 5895 5894
f 5897 5898 5895
f 5897 5899 5898
f 5897 5895 5896
f 5900 5901 5899
f 5900 5899 5897
f 5902 5903 5901
f 5902 5901 5900
f 5904 5905 5903
f 5904 5903 5902
f 5906 5905 5904
f 5907 5908 5909
f 5910 5909 5911
f 5910 5907 5909
f 5912 5911 5913
f 5912 5910 5911
f 5914 5913 5915
f 5914 5912 5913
f 5916 5914 5915
f 5917 5918 5919
f 5920 5921 5918
f 5920 5918 5917
f 5922 5921 5920
f 5923 5924 5921
f 5923 5921 5922
f 5925 5926 5924
f 5925 5924 5923
f 5927 5928 5926
f 5927 5926 5925
f 5929 5930 5928
f 5929 5928 5927
f 5931 5932 5930
f 5931 5930 5929
f 5933 5934 5932
f 5933 5932 5931
f 5935 5936 5934
f 5935 5934 5933
f 5937 5938 5936
f 5937 5936 5935
f 5939 5940 5938
f 5939 5938 5937
f 5941 5942 5940
f 5941 5940 5939
f 5943 5944 5942
f 5943 5942 5941
f 5945 5946 5947
f 5945 5947 5948
f 5949 5950 5951
f 5949 5951 5952
f 5953 5954 5950
f 5953 5950 5949
f 5955 5956 5954
f 5955 5954 5953
f 5957 5958 5956
f 5957 5959 5958
f 5957 5956 5955
f 5960 5961 5959
f 5960 5959 5957
f 5962 5961 5960
f 5963 5964 5961
f 5963 5961 5962
f 5965 5966 5964
f 5965 5964 5963
f 5967 5968 5966
f 5967 5966 5965
f 5969 5970 5968
f 5969 5968 5967
f 5971 5972 5970
f 5971 5970 5969
f 5973 5974 5972
f 5973 5972 5971
f 5975 5976 5974
f 5975 5974 5973
f 5977 5978 5976
f 5977 5979 5978
f 5977 5976 5975
f 5980 5979 5977
f 5981 5979 5980
f 5981 5982 5979
f 5983 5982 5981
f 5983 5984 5982
f 5985 5984 5983
f 5985 5986 5984
f 5987 5988 5989
f 5987 5990 5988
f 5991 5992 5990
f 5991 5990 5987
f 5993 5994 5992
f 5993 5992 5991
f 5995 5996 5994
f 5995 5994 5993
f 5997 5998 5996
f 5997 5996 5995
f 5999 5998 5997
f 5999 6000 5998
f 5999 6001 6000
f 6002 6001 5999
f 6003 6001 6002
f 6003 6004 6001
f 6005 6004 6003
f 6005 6006 6004
f 6007 6006 6005
f 6007 6008 6006
f 6009 6008 6007
f 6009 6010 6008
f 6011 6010 6009
f 6011 6012 6010
f 6013 6012 6011
f 6013 6014 6012
f 6015 6014 6013
f 6015 6016 6014
f 6017 6016 6015
f 6017 6018 6016
f 6019 6018 6017
f 6019 6020 6018
f 6021 6020 6019
f 6021 6022 6020
f 6023 6022 6021
f 6023 6024 6022
f 6025 6024 6023
f 6025 6026 6024
f 6027 6028 6026
f 6027 6026 6025
f 6029 6030 6028
f 6029 6028 6027
f 6031 6032 6030
f 6031 6030 6029
f 6033 6034 6032
f 6033 6032 6031
f 6035 6036 6034
f 6035 6034 6033
f 6037 6038 6036
f 6037 6036 6035
f 6039 6040 6038
f 6039 6038 6037
f 6041 6042 6040
f 6041 6040 6039
f 6043 6044 6042
f 6043 6042 6041
f 6045 6046 6044
f 6045 6044 6043
f 6047 6046 6045
f 6047 6048 6046
f 6049 6048 6047
f 6049 6050 6048
f 6051 6050 6049
f 6051 6052 6050
f 6053 6052 6051
f 6053 6054 6052
f 6055 6054 6053
f 6055 6056 6054
f 6057 6056 6055
f 6057 6058 6056
f 6059 6058 6057
f 6059 6060 6058
f 6061 6062 6063
f 6064 6065 6062
f 6064 6062 6061
f 6066 6065 6064
f 6067 6068 6069
f 6067 6069 6065
f 6067 6065 6066
f 6070 6068 6067
f 6071 6068 6070
f 6071 6072 6068
f 6073 6072 6071
f 6073 6074 6072
f 6075 6074 6073
f 6075 6076 6077
f 6075 6077 6074
f 6078 6076 6075
f 6078 6079 6076
f 6080 6079 6078
f 6081 6079 6080
f 6081 6082 6079
f 6083 6082 6081
f 6083 6084 6082
f 6085 6084 6083
f 6085 6086 6084
f 6087 6086 6085
f 6087 6088 6089
f 6087 6089 6086
f 6090 6088 6087
f 6091 6088 6090
f 6091 6092 6093
f 6091 6093 6088
f 6094 6092 6091
f 6095 6092 6094
f 6095 6096 6097
f 6095 6097 6092
f 6098 6096 6095
f 6099 6096 6098
f 6099 6100 6096
f 6101 6102 6100
f 6101 6100 6099
f 6103 6104 6102
f 6103 6102 6101
f 6105 6106 6107
f 6105 6107 6104
f 6105 6104 6103
f 6108 6106 6105
f 6109 6110 6111
f 6109 6111 6106
f 6109 6106 6108
f 6112 6110 6109
f 6113 6114 6115
f 6113 6115 6110
f 6113 6110 6112
f 6116 6114 6113
f 6117 6118 6119
f 6117 6119 6114
f 6117 6114 6116
f 6120 6121 6118
f 6120 6118 6117
f 6122 6123 6121
f 6122 6121 6120
f 6124 6123 6122
f 6125 6123 6124
f 6125 6126 6123
f 6127 6126 6125
f 6127 6128 6126
f 6129 6128 6127
f 6129 6130 6131
f 6129 6131 6128
f 6132 6130 6129
f 6132 6133 6130
f 6134 6133 6132
f 6135 6136 6137
f 6138 6136 6135
f 6139 6140 6136
f 6139 6136 6138
f 6141 6142 6140
f 6141 6140 6139
f 6143 6144 6142
f 6143 6142 6141
f 6145 6146 6147
f 6145 6147 6144
f 6145 6144 6143
f 6148 6149 6146
f 6148 6146 6145
f 6150 6149 6148
f 6151 6149 6150
f 6151 6152 6149
f 6153 6152 6151
f 6153 6154 6152
f 6155 6154 6153
f 6155 6156 6157
f 6155 6157 6154
f 6158 6156 6155
f 6159 6156 6158
f 6159 6160 6156
f 6161 6160 6159
f 6161 6162 6160
f 6163 6162 6161
f 6163 6164 6165
f 6163 6165 6162
f 6166 6164 6163
f 6167 6164 6166
f 6167 6168 6169
f 6167 6169 6164
f 6170 6168 6167
f 6170 6171 6168
f 6172 6171 6170
f 6172 6173 6171
f 6174 6173 6172
f 6175 6176 6173
f 6175 6173 6174
f 6177 6178 6179
f 6177 6179 6176
f 6177 6176 6175
f 6180 6178 6177
f 6181 6182 6183
f 6181 6183 6178
f 6181 6178 6180
f 6184 6185 6182
f 6184 6182 6181
f 6186 6185 6184
f 6187 6188 6185
f 6187 6185 6186
f 6189 6190 6188
f 6189 6188 6187
f 6191 6192 6190
f 6191 6190 6189
f 6193 6194 6195
f 6193 6195 6192
f 6193 6192 6191
f 6196 6194 6193
f 6197 6194 6196
f 6197 6198 6194
f 6199 6198 6197
f 6199 6200 6201
f 6199 6201 6198
f 6202 6200 6199
f 6203 6200 6202
f 6203 6204 6205
f 6203 6205 6200
f 6206 6204 6203
f 6207 6204 6206
f 6207 6208 6204
f 6209 6210 6211
f 6212 6213 6210
f 6212 6210 6209
f 6214 6215 6213
f 6214 6213 6212
f 6216 6217 6215
f 6216 6215 6214
f 6218 6219 6217
f 6218 6217 6216
f 6220 6221 6219
f 6220 6219 6218
f 6222 6223 6221
f 6222 6221 6220
f 6224 6223 6222
f 6224 6225 6223
f 6226 6225 6224
f 6226 6227 6225
f 6228 6227 6226
f 6228 6229 6227
f 6230 6229 6228
f 6231 6229 6230
f 6231 6232 6229
f 6233 6232 6231
f 6233 6234 6232
f 6235 6234 6233
f 6235 6236 6234
f 6237 6236 6235
f 6237 6238 6236
f 6239 6238 6237
f 6239 6240 6241
f 6239 6241 6238
f 6242 6240 6239
f 6242 6243 6240
f 6244 6243 6242
f 6245 6243 6244
f 6245 6246 6247
f 6245 6247 6243
f 6248 6246 6245
f 6249 6250 6251
f 6249 6251 6246
f 6249 6246 6248
f 6252 6250 6249
f 6253 6254 6250
f 6253 6250 6252
f 6255 6256 6257
f 6255 6257 6254
f 6255 6254 6253
f 6258 6259 6256
f 6258 6256 6255
f 6260 6259 6258
f 6261 6262 6259
f 6261 6259 6260
f 6263 6264 6262
f 6263 6262 6261
f 6265 6266 6267
f 6265 6267 6264
f 6265 6264 6263
f 6268 6266 6265
f 6269 6270 6271
f 6269 6271 6266
f 6269 6266 6268
f 6272 6270 6269
f 6273 6270 6272
f 6273 6274 6270
f 6275 6274 6273
f 6275 6276 6274
f 6277 6276 6275
f 6277 6278 6279
f 6277 6279 6276
f 6280 6278 6277
f 6280 6281 6278
f 6282 6281 6280
f 6283 6284 6285
f 6283 6286 6284
f 6287 6288 6286
f 6287 6286 6283
f 6289 6290 6288
f 6289 6288 6287
f 6291 6292 6290
f 6291 6290 6289
f 6293 6294 6295
f 6293 6295 6292
f 6293 6292 6291
f 6296 6294 6293
f 6297 6294 6296
f 6297 6298 6294
f 6299 6298 6297
f 6299 6300 6298
f 6301 6300 6299
f 6301 6302 6300
f 6303 6302 6301
f 6303 6304 6305
f 6303 6305 6302
f 6306 6304 6303
f 6306 6307 6304
f 6308 6307 6306
f 6309 6307 6308
f 6309 6310 6307
f 6311 6310 6309
f 6311 6312 6313
f 6311 6313 6310
f 6314 6312 6311
f 6315 6312 6314
f 6315 6316 6317
f 6315 6317 6312
f 6318 6316 6315
f 6318 6319 6316
f 6320 6319 6318
f 6320 6321 6319
f 6322 6321 6320
f 6323 6324 6321
f 6323 6321 6322
f 6325 6324 6323
f 6325 6326 6324
f 6327 6328 6329
f 6327 6329 6326
f 6327 6326 6325
f 6330 6328 6327
f 6331 6332 6328
f 6331 6328 6330
f 6333 6334 6335
f 6333 6335 6332
f 6333 6332 6331
f 6336 6337 6334
f 6336 6334 6333
f 6338 6337 6336
f 6339 6340 6341
f 6339 6341 6337
f 6339 6337 6338
f 6342 6343 6340
f 6342 6340 6339
f 6344 6345 6343
f 6344 6343 6342
f 6346 6345 6344
f 6347 6345 6346
f 6347 6348 6349
f 6347 6349 6345
f 6350 6348 6347
f 6351 6348 6350
f 6351 6352 6353
f 6351 6353 6348
f 6354 6352 6351
f 6355 6352 6354
f 6355 6356 6352
f 6357 6358 6359
f 6360 6361 6358
f 6360 6358 6357
f 6362 6363 6361
f 6362 6361 6360
f 6364 6365 6363
f 6364 6363 6362
f 6366 6367 6365
f 6366 6365 6364
f 6368 6369 6367
f 6368 6367 6366
f 6370 6371 6369
f 6370 6369 6368
f 6372 6371 6370
f 6373 6371 6372
f 6373 6374 6375
f 6373 6375 6371
f 6376 6374 6373
f 6376 6377 6374
f 6378 6377 6376
f 6379 6377 6378
f 6379 6380 6381
f 6379 6381 6377
f 6382 6380 6379
f 6383 6380 6382
f 6383 6384 6380
f 6385 6384 6383
f 6385 6386 6387
f 6385 6387 6384
f 6388 6386 6385
f 6389 6386 6388
f 6389 6390 6391
f 6389 6391 6386
f 6392 6390 6389
f 6392 6393 6390
f 6394 6393 6392
f 6394 6395 6393
f 6396 6395 6394
f 6397 6398 6395
f 6397 6395 6396
f 6399 6398 6397
f 6399 6400 6398
f 6401 6402 6403
f 6401 6403 6400
f 6401 6400 6399
f 6404 6405 6402
f 6404 6402 6401
f 6406 6405 6404
f 6407 6408 6405
f 6407 6405 6406
f 6409 6410 6411
f 6409 6411 6408
f 6409 6408 6407
f 6412 6410 6409
f 6413 6414 6415
f 6413 6415 6410
f 6413 6410 6412
f 6416 6417 6414
f 6416 6414 6413
f 6418 6417 6416
f 6419 6417 6418
f 6419 6420 6417
f 6421 6420 6419
f 6421 6422 6423
f 6421 6423 6420
f 6424 6422 6421
f 6425 6422 6424
f 6425 6426 6427
f 6425 6427 6422
f 6428 6426 6425
f 6429 6426 6428
f 6429 6430 6426
f 6431 6432 6433
f 6434 6432 6431
f 6435 6436 6432
f 6435 6432 6434
f 6437 6438 6439
f 6437 6439 6436
f 6437 6436 6435
f 6440 6441 6438
f 6440 6438 6437
f 6442 6441 6440
f 6443 6441 6442
f 6443 6444 6445
f 6443 6445 6441
f 6446 6444 6443
f 6446 6447 6444
f 6448 6447 6446
f 6449 6447 6448
f 6449 6450 6451
f 6449 6451 6447
f 6452 6450 6449
f 6453 6450 6452
f 6453 6454 6450
f 6455 6454 6453
f 6455 6456 6454
f 6457 6456 6455
f 6457 6458 6456
f 6459 6458 6457
f 6459 6460 6458
f 6461 6460 6459
f 6461 6462 6463
f 6461 6463 6460
f 6464 6462 6461
f 6465 6462 6464
f 6465 6466 6462
f 6467 6466 6465
f 6467 6468 6466
f 6469 6470 6468
f 6469 6468 6467
f 6471 6472 6473
f 6471 6473 6470
f 6471 6470 6469
f 6474 6472 6471
f 6475 6476 6472
f 6475 6472 6474
f 6477 6478 6479
f 6477 6479 6476
f 6477 6476 6475
f 6480 6481 6478
f 6480 6478 6477
f 6482 6481 6480
f 6483 6484 6481
f 6483 6481 6482
f 6485 6486 6487
f 6485 6487 6484
f 6485 6484 6483
f 6488 6489 6486
f 6488 6486 6485
f 6490 6489 6488
f 6491 6492 6493
f 6491 6493 6489
f 6491 6489 6490
f 6494 6495 6492
f 6494 6492 6491
f 6496 6495 6494
f 6497 6495 6496
f 6497 6498 6495
f 6499 6498 6497
f 6499 6500 6501
f 6499 6501 6498
f 6502 6500 6499
f 6502 6503 6500
f 6504 6503 6502
f 6505 6506 6507
f 6508 6506 6505
f 6509 6510 6506
f 6509 6506 6508
f 6511 6512 6510
f 6511 6510 6509
f 6513 6514 6512
f 6513 6512 6511
f 6515 6516 6514
f 6515 6514 6513
f 6517 6518 6516
f 6517 6519 6518
f 6517 6516 6515
f 6520 6519 6517
f 6521 6522 6519
f 6521 6519 6520
f 6523 6524 6522
f 6523 6522 6521
f 6525 6526 6524
f 6525 6527 6526
f 6525 6524 6523
f 6528 6529 6527
f 6528 6527 6525
f 6530 6531 6529
f 6530 6529 6528
f 6532 6531 6530
f 6533 6534 6531
f 6533 6531 6532
f 6505 6507 6535
f 6536 6535 6537
f 6536 6505 6535
f 6538 6537 6539
f 6538 6536 6537
f 6540 6538 6539
f 6541 6539 6542
f 6541 6540 6539
f 6543 6544 6545
f 6543 6542 6544
f 6543 6541 6542
f 6546 6543 6545
f 6547 6548 6549
f 6550 6549 6551
f 6550 6547 6549
f 6552 6550 6551
f 6553 6551 6554
f 6553 6552 6551
f 6555 6554 6556
f 6555 6553 6554
f 6557 6556 6558
f 6557 6555 6556
f 6533 6558 6534
f 6533 6557 6558
f 6559 6560 6561
f 6559 6562 6560
f 6563 6564 6562
f 6563 6562 6559
f 6565 6566 6564
f 6565 6564 6563
f 6567 6568 6566
f 6567 6566 6565
f 6569 6570 6568
f 6569 6568 6567
f 6571 6572 6570
f 6571 6573 6572
f 6571 6570 6569
f 6574 6573 6571
f 6575 6576 6573
f 6575 6577 6576
f 6575 6573 6574
f 6578 6577 6575
f 6579 6580 6577
f 6579 6581 6580
f 6579 6577 6578
f 6582 6583 6581
f 6582 6581 6579
f 6584 6585 6583
f 6584 6583 6582
f 6586 6587 6585
f 6586 6585 6584
f 6588 6587 6586
f 6589 6560 6590
f 6589 6561 6560
f 6591 6590 6592
f 6591 6589 6590
f 6593 6592 6594
f 6593 6591 6592
f 6595 6596 6597
f 6595 6594 6596
f 6595 6593 6594
f 6598 6595 6597
f 6599 6597 6600
f 6599 6598 6597
f 6601 6602 6603
f 6604 6603 6605
f 6604 6601 6603
f 6606 6605 6607
f 6606 6604 6605
f 6608 6607 6609
f 6608 6606 6607
f 6610 6608 6609
f 6611 6609 6612
f 6611 6610 6609
f 6588 6612 6587
f 6588 6611 6612
f 6613 6614 6615
f 6613 6616 6614
f 6617 6618 6616
f 6617 6616 6613
f 6619 6620 6618
f 6619 6618 6617
f 6621 6622 6620
f 6621 6620 6619
f 6623 6624 6622
f 6623 6622 6621
f 6625 6626 6624
f 6625 6624 6623
f 6627 6628 6626
f 6627 6626 6625
f 6629 6630 6628
f 6629 6628 6627
f 6631 6632 6630
f 6631 6630 6629
f 6633 6634 6632
f 6633 6632 6631
f 6635 6636 6634
f 6635 6634 6633
f 6637 6638 6636
f 6637 6639 6638
f 6637 6636 6635
f 6640 6641 6639
f 6640 6639 6637
f 6642 6641 6640
f 6643 6644 6645
f 6643 6614 6644
f 6643 6615 6614
f 6646 6645 6647
f 6646 6643 6645
f 6648 6646 6647
f 6649 6647 6650
f 6649 6648 6647
f 6651 6652 6653
f 6651 6650 6652
f 6651 6649 6650
f 6654 6651 6653
f 6655 6656 6657
f 6655 6658 6656
f 6659 6660 6661
f 6659 6657 6660
f 6659 6655 6657
f 6662 6661 6663
f 6662 6659 6661
f 6664 6663 6665
f 6664 6662 6663
f 6666 6664 6665
f 6642 6665 6641
f 6642 6666 6665
f 6667 6668 6669
f 6670 6668 6667
f 6671 6672 6668
f 6671 6668 6670
f 6673 6674 6672
f 6673 6672 6671
f 6675 6676 6674
f 6675 6674 6673
f 6677 6678 6676
f 6677 6679 6678
f 6677 6676 6675
f 6680 6679 6677
f 6681 6682 6679
f 6681 6679 6680
f 6683 6684 6682
f 6683 6682 6681
f 6685 6686 6684
f 6685 6684 6683
f 6687 6688 6686
f 6687 6689 6688
f 6687 6686 6685
f 6690 6689 6687
f 6691 6692 6689
f 6691 6689 6690
f 6693 6694 6692
f 6693 6692 6691
f 6695 6696 6694
f 6695 6694 6693
f 6697 6698 6699
f 6697 6669 6698
f 6697 6667 6669
f 6700 6699 6701
f 6700 6697 6699
f 6702 6701 6703
f 6702 6700 6701
f 6704 6702 6703
f 6705 6706 6707
f 6705 6703 6706
f 6705 6704 6703
f 6708 6705 6707
f 6709 6710 6711
f 6709 6712 6710
f 6713 6714 6715
f 6713 6711 6714
f 6713 6709 6711
f 6716 6713 6715
f 6717 6718 6719
f 6717 6715 6718
f 6717 6716 6715
f 6720 6717 6719
f 6695 6719 6696
f 6695 6720 6719
f 6721 6722 6723
f 6724 6722 6721
f 6725 6726 6722
f 6725 6722 6724
f 6727 6728 6726
f 6727 6726 6725
f 6729 6730 6728
f 6729 6728 6727
f 6731 6732 6730
f 6731 6730 6729
f 6733 6734 6732
f 6733 6732 6731
f 6735 6736 6734
f 6735 6734 6733
f 6737 6738 6736
f 6737 6736 6735
f 6739 6740 6738
f 6739 6741 6740
f 6739 6738 6737
f 6742 6741 6739
f 6743 6744 6741
f 6743 6741 6742
f 6745 6746 6744
f 6745 6747 6746
f 6745 6744 6743
f 6748 6747 6745
f 6749 6750 6747
f 6749 6747 6748
f 6751 6752 6753
f 6751 6723 6752
f 6751 6721 6723
f 6754 6753 6755
f 6754 6751 6753
f 6756 6754 6755
f 6757 6758 6759
f 6757 6755 6758
f 6757 6756 6755
f 6760 6759 6761
f 6760 6757 6759
f 6762 6760 6761
f 6763 6764 6765
f 6766 6765 6767
f 6766 6763 6765
f 6768 6767 6769
f 6768 6766 6767
f 6770 6769 6771
f 6770 6768 6769
f 6772 6770 6771
f 6773 6771 6774
f 6773 6772 6771
f 6749 6774 6750
f 6749 6773 6774
f 6763 6775 6764
f 6776 6777 6775
f 6776 6775 6763
f 6778 6779 6777
f 6778 6777 6776
f 6780 6781 6779
f 6780 6779 6778
f 6782 6781 6780
f 6783 6784 6710
f 6783 6710 6712
f 6785 6786 6784
f 6785 6784 6783
f 6787 6788 6786
f 6787 6786 6785
f 6762 6761 6788
f 6762 6788 6787
f 6789 6790 6656
f 6789 6656 6658
f 6791 6792 6790
f 6791 6790 6789
f 6793 6794 6792
f 6793 6792 6791
f 6708 6707 6794
f 6708 6794 6793
f 6795 6796 6602
f 6795 6602 6601
f 6797 6798 6796
f 6797 6796 6795
f 6799 6800 6798
f 6799 6798 6797
f 6654 6653 6800
f 6654 6800 6799
f 6801 6802 6803
f 6804 6805 6802
f 6804 6802 6801
f 6806 6807 6805
f 6806 6805 6804
f 6808 6545 6807
f 6808 6807 6806
f 6546 6545 6808
f 6547 6809 6548
f 6810 6809 6547
f 6811 6812 6809
f 6811 6813 6812
f 6811 6809 6810
f 6814 6813 6811
f 6599 6600 6813
f 6599 6813 6814
f 6815 6816 6817
f 6815 6818 6816
f 6815 6819 6818
f 6820 6821 6819
f 6820 6819 6815
f 6822 6821 6820
f 6823 6824 6821
f 6823 6821 6822
f 6825 6826 6824
f 6825 6824 6823
f 6827 6828 6826
f 6827 6826 6825
f 6829 6830 6828
f 6829 6828 6827
f 6831 6832 6830
f 6831 6830 6829
f 6833 6834 6832
f 6833 6832 6831
f 6835 6836 6834
f 6835 6837 6836
f 6835 6834 6833
f 6838 6837 6835
f 6839 6840 6837
f 6839 6841 6840
f 6839 6837 6838
f 6842 6843 6841
f 6842 6841 6839
f 6844 6843 6842
f 6845 6816 6846
f 6845 6817 6816
f 6847 6848 6849
f 6847 6846 6848
f 6847 6845 6846
f 6850 6849 6851
f 6850 6847 6849
f 6852 6850 6851
f 6853 6854 6781
f 6853 6851 6854
f 6853 6852 6851
f 6782 6853 6781
f 6801 6803 6855
f 6856 6855 6857
f 6856 6801 6855
f 6858 6857 6859
f 6858 6856 6857
f 6860 6859 6861
f 6860 6858 6859
f 6862 6861 6863
f 6862 6860 6861
f 6864 6862 6863
f 6844 6863 6843
f 6844 6864 6863
f 5875 6865 5876
f 6866 6867 6865
f 6866 6865 5875
f 6868 6869 6867
f 6868 6867 6866
f 6870 6871 6869
f 6870 6869 6868
f 6872 6873 6871
f 6872 6871 6870
f 6874 6873 6872
f 6875 6876 6873
f 6875 6873 6874
f 6877 6878 6879
f 6880 6877 6879
f 6881 6882 6883
f 6884 6885 6882
f 6884 6882 6881
f 6886 6887 6885
f 6886 6885 6884
f 6888 6887 6886
f 6889 6890 6887
f 6889 6887 6888
f 6891 6892 6890
f 6891 6890 6889
f 6879 6878 6892
f 6879 6892 6891
f 6893 6894 6895
f 6893 6895 6896
f 6897 6898 6894
f 6897 6894 6893
f 6899 6900 6898
f 6899 6898 6897
f 6901 6902 6903
f 6904 6905 6906
f 6904 6906 6907
f 6904 6907 6908
f 6909 6902 6901
f 6910 6911 6904
f 6912 6908 6902
f 6912 6909 6913
f 6912 6904 6908
f 6912 6902 6909
f 6914 6910 6904
f 6914 6904 6912
f 6915 6914 6912
f 6916 6914 6915
f 6917 6918 6916
f 6919 6917 6916
f 6920 6919 6916
f 6921 6920 6916
f 6922 6916 6915
f 6922 6921 6916
f 6923 6924 6925
f 6926 6927 6928
f 6929 6915 6930
f 6929 6922 6915
f 6931 6927 6926
f 6931 6923 6927
f 6931 6924 6923
f 6932 6924 6931
f 6933 6924 6932
f 6934 6924 6933
f 6934 6933 6935
f 6936 6924 6934
f 6937 6929 6930
f 6937 6930 6938
f 6939 6924 6936
f 6939 6938 6924
f 6939 6936 6940
f 6941 6937 6938
f 6942 6938 6939
f 6942 6941 6938
f 6943 6941 6942
f 6944 6945 6941
f 6946 6941 6943
f 6946 6944 6941
f 6946 6943 6947
f 6948 6949 6950
f 6948 6950 6951
f 6952 6953 6949
f 6952 6949 6948
f 6954 6955 6953
f 6954 6953 6952
f 6956 6957 6955
f 6956 6955 6954
f 6958 6959 6957
f 6958 6957 6956
f 6960 6961 6959
f 6960 6959 6958
f 6962 6963 6961
f 6962 6961 6960
f 6964 6965 6963
f 6964 6963 6962
f 6966 6967 6965
f 6966 6965 6964
f 6968 6969 6970
f 6968 6970 6967
f 6968 6967 6966
f 6971 6969 6968
f 6972 6973 6974
f 6972 6974 6969
f 6972 6969 6971
f 6975 6973 6972
f 6976 6977 6978
f 6976 6978 6979
f 6980 6979 6981
f 6980 6976 6979
f 6982 6981 6983
f 6982 6980 6981
f 6984 6983 6985
f 6984 6982 6983
f 6986 6987 6988
f 6989 6990 6987
f 6989 6987 6986
f 6991 6992 6990
f 6991 6990 6989
f 6993 6994 6992
f 6993 6992 6991
f 6995 6996 6994
f 6995 6994 6993
f 6997 6998 6996
f 6997 6996 6995
f 6999 7000 6998
f 6999 6998 6997
f 7001 7002 7000
f 7001 7000 6999
f 7003 7004 7002
f 7003 7002 7001
f 7005 7006 7004
f 7005 7004 7003
f 7007 7008 7006
f 7007 7006 7005
f 7009 7010 7008
f 7009 7008 7007
f 7011 7012 7010
f 7011 7010 7009
f 7013 7012 7011
f 7014 7015 7016
f 7017 7014 7016
f 7018 7015 7014
f 7019 7014 7017
f 7020 7017 7021
f 7021 7017 7016
f 7022 7023 7024
f 7025 7026 7027
f 7028 7029 7030
f 7022 7031 7032
f 7033 7034 7035
f 7036 7022 7032
f 7036 7032 7037
f 7038 7039 7040
f 7041 7036 7042
f 7043 7041 7044
f 7043 7022 7036
f 7043 7036 7041
f 7045 7022 7043
f 7046 7047 7048
f 7049 7050 7051
f 7049 7051 7052
f 7053 7054 7055
f 7056 7057 7058
f 7059 7060 7061
f 7062 7063 7052
f 7064 7056 7065
f 7066 7067 7068
f 7066 7069 7022
f 7066 7022 7045
f 7066 7045 7059
f 7070 7071 7055
f 7070 7072 7071
f 7073 7074 7075
f 7076 7077 7069
f 7076 7069 7066
f 7078 7070 7052
f 7078 7073 7075
f 7078 7075 7070
f 7078 7055 7079
f 7080 7078 7079
f 7081 7077 7076
f 7082 7083 7080
f 7084 7082 7080
f 7085 7077 7081
f 7085 7086 7077
f 7087 7088 7084
f 7089 7080 7079
f 7089 7084 7080
f 7089 7086 7085
f 7089 7087 7084
f 7089 7079 7086
f 7090 7091 7092
f 7090 7093 7091
f 7094 7095 7093
f 7094 7093 7090
f 7096 7097 7095
f 7096 7095 7094
f 7098 7099 7097
f 7098 7097 7096
f 7100 7101 7099
f 7100 7099 7098
f 7102 7103 7101
f 7102 7101 7100
f 7102 7104 7105
f 7106 7104 7102
f 7107 7108 7104
f 7107 7104 7106
f 7109 7110 7108
f 7109 7111 7110
f 7109 7108 7107
f 7112 7111 7109
f 7113 7114 7115
f 7113 7116 7114
f 7117 7118 7116
f 7117 7116 7113
f 7119 7120 7118
f 7119 7118 7117
f 7121 7122 7120
f 7121 7120 7119
f 7123 7124 7125
f 7123 7125 7122
f 7123 7122 7121
f 7126 7124 7123
f 7127 7014 7019
f 7127 7128 7014
f 7129 7130 7128
f 7129 7128 7127
f 7131 7132 7130
f 7131 7130 7129
f 7133 7134 7132
f 7133 7132 7131
f 7135 7136 7134
f 7135 7134 7133
f 7137 7138 7136
f 7137 7136 7135
f 7139 7140 7141
f 7142 7140 7139
f 7143 7144 7140
f 7143 7140 7142
f 7145 7146 7144
f 7145 7144 7143
f 7147 7148 7149
f 7147 7150 7148
f 7151 7152 7150
f 7151 7150 7147
f 7153 7154 7152
f 7153 7152 7151
f 7155 7156 7154
f 7155 7154 7153
f 7157 625 7158
f 7157 7158 7156
f 7157 7156 7155
f 630 625 7157
f 7159 7160 7161
f 7159 7162 7163
f 7159 7164 7162
f 7159 7165 7164
f 7159 7166 7165
f 7159 7161 7166
f 7167 7160 7159
f 7168 7160 7167
f 7169 7160 7168
f 7170 7160 7169
f 7171 7160 7170
f 7172 7160 7171
f 7173 7174 7160
f 7173 7160 7172
f 7175 7176 7177
f 7175 7178 7176
f 7175 7179 7178
f 7175 7180 7179
f 7175 7181 7180
f 7175 7177 7182
f 7183 7175 7182
f 7184 7182 7174
f 7184 7174 7173
f 7185 7183 7182
f 7186 7185 7182
f 7187 7186 7182
f 7188 7187 7182
f 7189 7188 7182
f 7189 7182 7184
f 7175 7190 7181
f 7191 7159 7163
f 7192 7193 7194
f 7195 7196 7193
f 7195 7193 7192
f 7197 7198 7196
f 7197 7196 7195
f 7199 7200 7198
f 7199 7198 7197
f 7201 7202 7200
f 7201 7200 7199
f 7203 7204 7202
f 7203 7202 7201
f 7205 7206 7204
f 7205 7204 7203
f 7207 7208 7206
f 7207 7206 7205
f 7209 7210 7208
f 7209 7208 7207
f 7211 7212 7210
f 7211 7210 7209
f 7213 7214 7212
f 7213 7212 7211
f 7215 7216 7214
f 7215 7214 7213
f 7217 7218 7216
f 7217 7216 7215
f 7219 7218 7217
f 7220 7221 7222
f 7223 7224 7221
f 7223 7221 7220
f 7225 7226 7224
f 7225 7224 7223
f 7227 7228 7226
f 7227 7226 7225
f 7229 7230 7228
f 7229 7228 7227
f 7231 7232 7230
f 7231 7230 7229
f 7233 7232 7231
f 7234 7235 7236
f 7237 7234 7236
f 7238 7235 7234
f 7239 7234 7237
f 7240 7237 7241
f 7241 7237 7236
f 7242 7243 7244
f 7242 7245 7243
f 7246 7247 7245
f 7246 7245 7242
f 7248 7249 7247
f 7248 7247 7246
f 7250 7251 7249
f 7250 7249 7248
f 7252 7253 7254
f 7252 7254 7251
f 7252 7251 7250
f 7255 7253 7252
f 7256 7257 7258
f 7259 7260 7257
f 7259 7257 7256
f 7261 7262 7260
f 7261 7260 7259
f 7263 7262 7261
f 7264 7243 7262
f 7264 7262 7263
f 7239 7265 7234
f 7266 7267 7265
f 7266 7265 7239
f 7268 7267 7266
f 7269 7270 7267
f 7269 7267 7268
f 7271 7272 7270
f 7271 7270 7269
f 7273 7274 7275
f 7273 7275 7272
f 7273 7272 7271
f 7276 7274 7273
f 7277 7278 7279
f 7277 7280 7278
f 7277 7281 7280
f 7277 7282 7281
f 7277 7283 7282
f 7277 7284 7283
f 7285 7277 7286
f 7285 7286 7287
f 7285 7287 7288
f 7285 7288 7289
f 7285 7289 7290
f 7285 7290 7291
f 7285 7284 7277
f 7292 7285 7291
f 7293 7285 7292
f 7294 7293 7292
f 7295 7293 7294
f 7296 7295 7294
f 7297 7295 7296
f 7298 7295 7297
f 7299 7295 7298
f 7300 7295 7299
f 7301 7295 7300
f 7302 7303 7304
f 7302 7305 7303
f 7302 7306 7305
f 7302 7304 7295
f 7302 7295 7301
f 7307 7306 7302
f 7308 7307 7302
f 7309 7310 7311
f 7312 7313 7314
f 7315 7316 7313
f 7315 7313 7312
f 7317 7318 7316
f 7317 7316 7315
f 7319 7320 7318
f 7319 7318 7317
f 7321 7322 7320
f 7321 7320 7319
f 7323 601 7322
f 7323 7322 7321
f 606 601 7323
f 7324 7325 7326
f 7327 7328 7325
f 7327 7325 7324
f 7329 7330 7328
f 7329 7328 7327
f 7331 7330 7329
f 7332 7333 7330
f 7332 7330 7331
f 7334 7335 7333
f 7334 7333 7332
f 7336 7337 7335
f 7336 7335 7334
f 7338 7339 7337
f 7338 7337 7336
f 7340 7341 7339
f 7340 7339 7342
f 7343 7344 7341
f 7343 7345 7344
f 7343 7341 7340
f 7346 7345 7343
f 7347 7348 7349
f 7350 7351 7348
f 7350 7348 7347
f 7352 7353 7351
f 7352 7351 7350
f 7354 7355 7353
f 7354 7353 7352
f 7356 7357 7355
f 7356 7355 7354
f 7358 7359 7357
f 7358 7357 7356
f 7360 7361 7359
f 7360 7359 7358
f 7362 7361 7360
f 7363 7364 7361
f 7363 7365 7364
f 7363 7361 7362
f 7366 7365 7363
f 7367 7368 7365
f 7367 7365 7366
f 7369 7370 7368
f 7369 7371 7370
f 7369 7368 7367
f 7372 7371 7369
f 7373 7374 7371
f 7373 7371 7372
f 7375 7376 7377
f 7375 7378 7376
f 7379 7380 7381
f 7379 7381 7378
f 7379 7378 7375
f 7382 7383 7380
f 7382 7380 7379
f 7384 7385 7383
f 7384 7383 7382
f 7386 7387 7385
f 7386 7385 7384
f 7388 7387 7386
f 7389 7390 7391
f 7392 7389 7391
f 7393 7390 7389
f 7394 7389 7392
f 7395 7392 7396
f 7396 7392 7391
f 7397 7398 7399
f 7397 7400 7401
f 7397 7401 7398
f 7402 7403 7400
f 7402 7400 7397
f 7404 7405 7403
f 7404 7403 7402
f 7406 7407 7405
f 7406 7405 7404
f 7408 7409 7407
f 7408 7407 7406
f 7410 7409 7408
f 7411 7412 7413
f 7411 7413 7414
f 7415 7416 7412
f 7415 7412 7411
f 7417 7418 7416
f 7417 7416 7415
f 7419 7420 7418
f 7419 7418 7417
f 7421 7389 7394
f 7421 7422 7389
f 7423 7424 7422
f 7423 7422 7421
f 7425 7426 7427
f 7425 7427 7424
f 7425 7424 7423
f 7428 7426 7425
f 7429 7430 7426
f 7429 7426 7428
f 7431 7432 7430
f 7431 7430 7429
f 7433 7434 7435
f 7433 7436 7434
f 7437 7438 7436
f 7437 7436 7433
f 7439 7440 7438
f 7439 7438 7437
f 7441 7442 7443
f 7441 7443 7440
f 7441 7440 7439
f 7444 7442 7441
f 544 539 7442
f 544 7442 7444
f 7445 7446 7447
f 7445 7447 7448
f 7449 7450 7446
f 7449 7451 7450
f 7449 7446 7445
f 7452 7451 7449
f 7453 7454 7455
f 7453 7455 7456
f 7457 7458 7454
f 7457 7454 7453
f 7459 7460 7458
f 7459 7458 7457
f 7461 7462 7463
f 7461 7463 7460
f 7461 7460 7459
f 7464 7462 7461
f 7465 7466 7462
f 7465 7462 7464
f 7467 7468 7466
f 7467 7466 7465
f 7469 7470 7471
f 7472 7471 7470
f 7473 7470 7469
f 7474 7472 7470
f 7475 7470 7476
f 7475 7476 7477
f 7475 7477 7478
f 7475 7478 7479
f 7475 7479 7480
f 7475 7480 7481
f 7475 7481 7482
f 7475 7474 7470
f 7483 7482 7484
f 7483 7475 7482
f 7485 7483 7484
f 7486 7485 7487
f 7486 7483 7485
f 7488 7487 7489
f 7488 7489 7490
f 7488 7490 7491
f 7488 7491 7492
f 7488 7492 7493
f 7488 7493 7494
f 7488 7494 7495
f 7488 7486 7487
f 7496 7488 7495
f 7497 7496 7495
f 7498 7497 7495
f 7499 7498 7495
f 7500 7499 7495
f 7495 7501 7500
f 7502 7470 7473
f 7503 7504 7505
f 7503 7506 7504
f 7507 7508 7506
f 7507 7506 7503
f 7509 7510 7508
f 7509 7508 7507
f 7511 7512 7510
f 7511 7510 7509
f 7513 7514 7512
f 7513 7512 7511
f 7515 7516 7514
f 7515 7514 7513
f 7517 7518 7516
f 7517 7516 7515
f 7519 7520 7518
f 7519 7518 7517
f 7521 7522 7520
f 7521 7520 7519
f 7523 7524 7522
f 7523 7522 7521
f 7525 7526 7524
f 7525 7524 7523
f 7527 7528 7526
f 7527 7526 7525
f 7529 7530 7528
f 7529 7528 7527
f 7531 7532 7533
f 7534 7535 7532
f 7534 7532 7531
f 7536 7535 7534
f 7537 7538 7535
f 7537 7535 7536
f 7539 7540 7538
f 7539 7538 7537
f 7541 7542 7540
f 7541 7540 7539
f 7543 7544 7542
f 7543 7542 7541
f 7545 7546 7547
f 7548 7545 7547
f 7549 7546 7545
f 7550 7545 7548
f 7551 7548 7552
f 7552 7548 7547
f 7553 7554 7555
f 7556 7557 7554
f 7556 7554 7553
f 7558 7559 7557
f 7558 7557 7556
f 7560 7561 7559
f 7560 7559 7558
f 7562 7563 7561
f 7562 7561 7560
f 7564 7565 7563
f 7564 7563 7562
f 7566 7565 7564
f 7543 7567 7568
f 7569 7570 7567
f 7569 7567 7543
f 7571 7572 7570
f 7571 7570 7569
f 7573 7574 7572
f 7573 7572 7571
f 7575 7574 7573
f 7550 7576 7545
f 7577 7578 7576
f 7577 7576 7550
f 7579 7580 7578
f 7579 7578 7577
f 7581 7582 7580
f 7581 7580 7579
f 7583 7584 7582
f 7583 7582 7581
f 7585 7586 7584
f 7585 7584 7583
f 7587 7586 7585
f 7588 7589 7590
f 7591 7592 7589
f 7591 7589 7588
f 7593 7594 7592
f 7593 7592 7591
f 7595 7596 7594
f 7595 7594 7593
f 7597 7598 7596
f 7597 7596 7595
f 7599 477 7598
f 7599 7598 7597
f 482 477 7599
f 7600 7601 7602
f 7603 7604 7601
f 7603 7601 7600
f 7605 7606 7604
f 7605 7604 7603
f 7607 7606 7605
f 7608 7609 7610
f 7608 7610 7611
f 7608 7611 7612
f 7613 7609 7608
f 7614 7615 7609
f 7614 7609 7613
f 7616 7617 7615
f 7616 7615 7614
f 7618 7619 7617
f 7618 7617 7616
f 7620 7621 7622
f 7620 7622 7619
f 7620 7619 7618
f 7623 7621 7620
f 7624 7625 7626
f 7624 7626 7627
f 7624 7627 7628
f 7624 7628 7629
f 7624 7629 7630
f 7624 7630 7631
f 7624 7631 7632
f 7633 7624 7632
f 7634 7633 7632
f 7635 7634 7632
f 7636 7635 7632
f 7637 7638 7625
f 7637 7625 7624
f 7639 7636 7632
f 7640 7639 7632
f 7641 7642 7638
f 7641 7643 7642
f 7641 7638 7637
f 7644 7645 7646
f 7644 7646 7647
f 7644 7647 7648
f 7644 7648 7649
f 7644 7649 7650
f 7644 7650 7651
f 7644 7651 7643
f 7644 7643 7641
f 7652 7645 7644
f 7653 7645 7652
f 7654 7645 7653
f 7655 7645 7654
f 7656 7645 7655
f 7657 7645 7656
f 7658 7659 7660
f 7661 7662 7659
f 7661 7659 7658
f 7663 7664 7662
f 7663 7662 7661
f 7665 7666 7664
f 7665 7664 7663
f 7667 7668 7666
f 7667 7666 7665
f 7669 7670 7668
f 7669 7668 7667
f 7671 7672 7670
f 7671 7670 7669
f 7673 7674 7672
f 7673 7672 7671
f 7675 7676 7674
f 7675 7674 7673
f 7677 7678 7676
f 7677 7676 7675
f 7679 7680 7678
f 7679 7678 7677
f 7681 7682 7680
f 7681 7680 7679
f 7683 7684 7682
f 7683 7682 7681
f 7685 7684 7683
f 7686 7687 7688
f 7689 7690 7687
f 7689 7687 7686
f 7691 7692 7690
f 7691 7690 7689
f 7693 7694 7692
f 7693 7692 7691
f 7695 7696 7694
f 7695 7694 7693
f 7697 7698 7696
f 7697 7696 7695
f 7699 7698 7697
f 7700 7701 7702
f 7703 7700 7702
f 7704 7701 7700
f 7705 7700 7703
f 7706 7703 7707
f 7707 7703 7702
f 7708 7709 7710
f 7711 7712 7709
f 7711 7709 7708
f 7713 7714 7712
f 7713 7712 7711
f 7715 7716 7714
f 7715 7714 7713
f 7717 7718 7716
f 7717 7716 7715
f 7719 7720 7718
f 7719 7718 7717
f 7721 7720 7719
f 7722 7723 7724
f 7725 7726 7723
f 7725 7723 7722
f 7727 7728 7726
f 7727 7726 7725
f 7729 7728 7727
f 7708 7730 7728
f 7708 7728 7729
f 7705 7731 7700
f 7732 7733 7731
f 7732 7731 7705
f 7734 7735 7733
f 7734 7733 7732
f 7736 7737 7735
f 7736 7735 7734
f 7738 7739 7737
f 7738 7737 7736
f 7740 7741 7739
f 7740 7739 7738
f 7742 7741 7740
f 7743 7744 7745
f 7743 7746 7744
f 7747 7748 7746
f 7747 7746 7743
f 7749 7750 7748
f 7749 7748 7747
f 7751 7752 7753
f 7751 7753 7750
f 7751 7750 7749
f 7754 415 7752
f 7754 7752 7751
f 420 415 7754
f 7755 7756 7757
f 7758 7756 7755
f 7759 7760 7756
f 7759 7756 7758
f 7761 7762 7760
f 7761 7760 7759
f 7763 7764 7765
f 7763 7765 7766
f 7767 7768 7769
f 7767 7769 7764
f 7767 7764 7763
f 7770 7771 7768
f 7770 7768 7767
f 7772 7773 7771
f 7772 7771 7770
f 7774 7775 7773
f 7774 7773 7772
f 7776 7777 7775
f 7776 7775 7774
f 7778 7777 7776
f 7779 7780 7781
f 7782 7779 7781
f 7783 7779 7782
f 7784 7779 7783
f 7785 7786 7787
f 7785 7787 7788
f 7785 7788 7789
f 7785 7789 7790
f 7785 7790 7779
f 7785 7779 7784
f 7791 7786 7785
f 7792 7791 7785
f 7793 7794 7792
f 7793 7792 7785
f 7795 7794 7793
f 7796 7795 7793
f 7797 7795 7796
f 7798 7799 7800
f 7798 7800 7801
f 7798 7801 7802
f 7798 7802 7797
f 7798 7797 7796
f 7803 7799 7798
f 7804 7803 7798
f 7805 7798 7806
f 7805 7804 7798
f 7807 7805 7806
f 7808 7805 7807
f 7809 7805 7808
f 7810 7805 7809
f 7779 7811 7780
f 7812 7805 7810
f 7813 7814 7815
f 7813 7815 7816
f 7817 7816 7818
f 7813 7819 7820
f 7817 7821 7822
f 7823 7824 7825
f 7826 7825 7827
f 7828 7829 7830
f 7831 7832 7826
f 7833 7826 7827
f 7833 7831 7826
f 7834 7835 7827
f 7836 7837 7838
f 7836 7838 7834
f 7836 7827 7839
f 7836 7839 7840
f 7836 7840 7814
f 7836 7814 7817
f 7836 7841 7827
f 7842 7817 7843
f 7842 7836 7817
f 7844 7845 7846
f 7844 7843 7845
f 7844 7842 7843
f 7847 7844 7846
f 7847 7846 7848
f 7849 7848 7850
f 7851 7852 7853
f 7854 7848 7849
f 7854 7849 7855
f 7856 7848 7854
f 7857 7847 7848
f 7857 7848 7856
f 7857 7856 7858
f 7859 7858 7860
f 7859 7860 7861
f 7862 7863 7864
f 7865 7866 7867
f 7865 7867 7868
f 7865 7868 7857
f 7869 7870 7859
f 7871 7857 7858
f 7871 7865 7857
f 7872 7858 7873
f 7872 7873 7874
f 7872 7871 7858
f 7875 7876 7877
f 7878 7879 7880
f 7878 7880 7881
f 7882 7883 7884
f 7885 7886 7875
f 7887 7888 7889
f 7890 7891 7892
f 7893 7894 7895
f 7893 7895 7896
f 7893 7896 7897
f 7893 7898 7879
f 7893 7878 7888
f 7893 7899 7898
f 7893 7879 7878
f 7893 7897 7899
f 7900 7901 7902
f 7903 7893 7888
f 7903 7888 7891
f 7903 7887 7904
f 7905 7893 7903
f 7906 7905 7903
f 7907 7905 7906
f 7908 7907 7906
f 7909 7907 7908
f 7909 7910 7907
f 7911 7912 7913
f 7914 7915 7916
f 7917 7911 7918
f 7919 7920 7910
f 7919 7910 7909
f 7921 7922 7923
f 7924 7925 7926
f 7927 7924 7926
f 7928 7922 7921
f 7929 7930 7931
f 7928 7921 7932
f 7933 7920 7919
f 7934 7935 7936
f 7937 7920 7933
f 7938 7917 7918
f 7939 7940 7941
f 7938 7927 7926
f 7938 7926 7942
f 7938 7942 7917
f 7938 7918 7920
f 7938 7920 7937
f 7943 7944 7945
f 7946 7947 7948
f 7946 7948 7949
f 7946 7949 7950
f 7951 7952 7953
f 7954 7955 7956
f 7957 7958 7959
f 7960 7961 7953
f 7962 7946 7963
f 7962 7963 7964
f 7965 7964 7966
f 7965 7947 7946
f 7967 7968 7969
f 7970 7971 7972
f 7973 7956 7947
f 7973 7970 7974
f 7973 7975 7956
f 7973 7947 7965
f 7973 7965 7970
f 7976 7977 7975
f 7976 7975 7973
f 7978 7979 7977
f 7978 7977 7976
f 7980 7979 7978
f 7981 7980 7978
f 7982 7980 7981
f 7983 7982 7981
f 7984 7983 7985
f 7986 7987 7988
f 7986 7988 7982
f 7989 7983 7984
f 7990 7991 7986
f 7992 7983 7989
f 7993 7982 7983
f 7993 7986 7982
f 7993 7990 7986
f 7994 7983 7992
f 7995 7993 7983
f 7996 7997 7998
f 7999 7983 7994
f 8000 8001 8002
f 8003 7999 8004
f 8003 8002 7995
f 8003 7995 7983
f 8003 7983 7999
f 8003 8000 8002
f 8005 8006 8007
f 8008 8009 8010
f 8008 8010 8011
f 8008 8011 8012
f 8008 8013 8009
f 8014 8015 8016
f 8017 8018 8019
f 8020 8018 8017
f 8020 8021 8018
f 8022 8023 8024
f 8025 8026 8027
f 8028 8029 8030
f 8031 8021 8020
f 8032 8033 8034
f 8035 8036 8037
f 8038 8039 8040
f 8041 8021 8031
f 8042 8035 8043
f 8044 8041 8045
f 8046 8047 8048
f 8049 8050 8046
f 8051 8008 8021
f 8051 8013 8008
f 8051 8021 8041
f 8052 8013 8051
f 8052 8053 8013
f 8054 8053 8052
f 8054 8055 8053
f 8054 8056 8055
f 8057 8056 8054
f 8057 8024 8056
f 8058 8059 8060
f 8061 8062 8063
f 8064 8061 8063
f 8065 8064 8063
f 8066 8067 8024
f 8066 8063 8068
f 8066 8068 8067
f 8066 8024 8057
f 8069 8065 8063
f 8069 8063 8066
f 8070 8071 8072
f 8073 8069 8074
f 8073 8075 8065
f 8073 8076 8075
f 8073 8065 8069
f 8077 8078 8079
f 8080 8081 8082
f 8083 8082 8084
f 8085 8086 8078
f 8087 8085 8082
f 8088 8082 8089
f 8088 8089 8090
f 8088 8090 8091
f 8088 8091 8092
f 8088 8092 8093
f 8088 8093 8094
f 8088 8094 8095
f 8088 8087 8082
f 8096 8095 8097
f 8096 8088 8095
f 8098 8099 8100
f 8098 8100 8101
f 8098 8097 8099
f 8098 8096 8097
f 8102 8098 8101
f 8103 8098 8102
f 8104 8098 8103
f 8105 8098 8104
f 8106 8098 8105
f 8107 8106 8105
f 8108 8107 8105
f 8109 8110 8105
f 8111 8112 8105
f 8113 8114 8115
f 8116 8117 8118
f 8119 8082 8120
f 8121 8122 8123
f 8124 8121 8123
f 8125 8126 8127
f 8125 8127 8128
f 8125 8128 8129
f 8125 8129 8130
f 8125 8130 8131
f 8125 8131 8123
f 8125 8132 8126
f 8125 8123 8122
f 8133 8124 8123
f 8134 8133 8123
f 8135 8134 8123
f 8136 8137 8132
f 8136 8132 8125
f 8138 8135 8123
f 8139 8140 8141
f 8139 8141 8142
f 8139 8142 8143
f 8139 8143 8144
f 8139 8144 8145
f 8139 8145 8146
f 8139 8146 8137
f 8139 8137 8136
f 8147 8140 8139
f 8148 8140 8147
f 8149 8140 8148
f 8150 8140 8149
f 8151 8140 8150
f 8152 8140 8151
f 8153 8140 8152
f 8154 8155 8156
f 8154 8157 8155
f 8154 8156 8158
f 8159 8157 8154
f 8160 8161 8157
f 8160 8157 8159
f 8162 8163 8164
f 8165 8162 8164
f 8166 8162 8165
f 8167 8162 8166
f 8168 8162 8167
f 8169 8170 8171
f 8169 8171 8172
f 8169 8172 8173
f 8169 8173 8174
f 8169 8174 8175
f 8169 8175 8162
f 8169 8162 8168
f 8176 8170 8169
f 8177 8176 8169
f 8178 8176 8177
f 8179 8178 8177
f 8180 8178 8179
f 8181 8180 8179
f 8182 8181 8179
f 8183 8182 8179
f 8184 8183 8179
f 8185 8184 8179
f 8186 8185 8179
f 8187 8186 8179
f 8188 8186 8187
f 8189 8186 8188
f 8190 8186 8189
f 8191 8186 8190
f 8192 8186 8191
f 8193 8194 8195
f 8196 8186 8192
f 8197 8198 8199
f 8197 8200 8198
f 8197 8201 8200
f 8197 8202 8201
f 8203 8202 8197
f 8204 8197 8205
f 8204 8205 8206
f 8204 8203 8197
f 8207 8204 8206
f 8208 8204 8207
f 8209 8204 8208
f 8210 8204 8209
f 8211 8204 8210
f 8212 8204 8211
f 8213 8212 8211
f 8214 8212 8213
f 8215 8214 8213
f 8216 8214 8215
f 8217 8216 8218
f 8217 8214 8216
f 8219 8217 8218
f 8220 8217 8219
f 8221 8217 8220
f 8222 8217 8221
f 8223 8217 8222
f 8224 8225 8217
f 8224 8226 8225
f 8224 8227 8226
f 8224 8217 8223
f 8228 8227 8224
f 8229 8228 8224
f 8230 8229 8224
f 8231 8232 8233
f 8231 8234 8232
f 8231 8233 8235
f 8236 8237 8234
f 8236 8234 8231
f 8238 8237 8236
f 8239 8240 8241
f 8239 8242 8240
f 8239 8243 8242
f 8239 8244 8243
f 8239 8245 8244
f 8246 8245 8239
f 8247 8245 8246
f 8248 8245 8247
f 8249 8245 8248
f 8250 8245 8249
f 8251 8245 8250
f 8252 8253 8245
f 8252 8245 8251
f 8254 8253 8252
f 8255 8256 8257
f 8255 8258 8256
f 8255 8259 8258
f 8255 8260 8259
f 8255 8261 8260
f 8262 8255 8257
f 8263 8262 8257
f 8264 8265 8253
f 8264 8253 8254
f 8266 8263 8257
f 8267 8266 8257
f 8268 8267 8257
f 8269 8257 8265
f 8269 8265 8264
f 8270 8257 8269
f 8270 8268 8257
f 8255 8271 8261
f 8272 8239 8241
f 8273 8274 8275
f 8276 8274 8273
f 8277 8278 8274
f 8277 8274 8276
f 488 8279 8278
f 488 8278 8277
f 7778 8280 8281
f 8282 8280 7778
f 8283 8284 8280
f 8283 8280 8282
f 8285 8286 8284
f 8285 8284 8283
f 8287 8288 8289
f 8290 8288 8287
f 8291 8288 8290
f 8292 8288 8291
f 8293 8292 8291
f 8294 8295 8296
f 8297 8298 8299
f 8300 8301 8302
f 8300 8303 8301
f 8304 8305 8306
f 8307 8308 8309
f 8310 8311 8312
f 8313 8314 8315
f 8316 8317 8318
f 8319 8320 8321
f 8313 8322 8323
f 8324 8325 8326
f 8327 8328 8329
f 8324 8330 8325
f 8331 8303 8300
f 8332 8333 8334
f 8335 8336 8337
f 8338 8339 8340
f 8338 8340 8331
f 8341 8342 8343
f 8344 8342 8341
f 8345 8346 8342
f 8345 8342 8344
f 8347 8348 8349
f 8347 8349 8346
f 8347 8346 8345
f 8350 8351 8348
f 8350 8348 8347
f 8352 8353 8351
f 8352 8351 8350
f 8354 8355 8353
f 8354 8353 8352
f 8356 8357 8355
f 8356 8355 8354
f 8358 8359 8357
f 8358 8357 8356
f 8360 8361 8359
f 8360 8359 8358
f 8362 8363 8361
f 8362 8361 8360
f 8364 8365 8363
f 8364 8363 8362
f 8366 8367 8365
f 8366 8365 8364
f 8368 8369 8367
f 8368 8367 8366
f 8370 8371 8369
f 8370 8369 8368
f 8372 8371 8370
f 8372 8373 8371
f 8374 8375 8373
f 8374 8373 8372
f 8376 8377 8375
f 8376 8375 8374
f 8378 8379 8380
f 8381 8382 8383
f 8381 8378 8382
f 8381 8379 8378
f 8384 8381 8383
f 8385 8386 8387
f 8385 8388 8386
f 8385 8389 8388
f 8385 8390 8391
f 8385 8392 8390
f 8385 8393 8392
f 8385 8387 8393
f 8394 8395 8396
f 8394 8397 8395
f 8398 8397 8394
f 8398 8394 8396
f 8398 8396 8399
f 8400 8398 8399
f 8400 8401 8389
f 8400 8399 8401
f 8400 8389 8385
f 8402 8403 8404
f 8402 8400 8385
f 8402 8385 8405
f 8402 8405 8403
f 8406 8407 8397
f 8408 8397 8398
f 8408 8407 8406
f 8408 8406 8397
f 8409 8408 8398
f 8409 8398 8400
f 8409 8407 8408
f 8410 8409 8400
f 8410 8400 8402
f 8411 8404 8412
f 8411 8410 8402
f 8411 8402 8404
f 8413 8414 8407
f 8415 8414 8413
f 8415 8413 8407
f 8416 8407 8409
f 8416 8415 8407
f 8417 8416 8409
f 8417 8409 8410
f 8417 8410 8411
f 8418 8411 8412
f 8418 8417 8411
f 8419 8420 8414
f 8421 8419 8414
f 8421 8415 8416
f 8421 8414 8415
f 8422 8421 8416
f 8423 8417 8418
f 8423 8422 8416
f 8423 8416 8417
f 8424 8418 8412
f 8424 8423 8418
f 8424 8412 8425
f 8426 8427 159
f 8426 159 8420
f 8426 8419 8421
f 8426 8420 8419
f 8428 8426 8421
f 8429 8421 8422
f 8429 8422 8423
f 8429 8428 8421
f 8430 8429 8423
f 8430 8423 8424
f 8430 8425 8431
f 8430 8424 8425
f 8430 8431 8429
f 8432 8427 8426
f 8433 8432 8426
f 8433 8426 8428
f 8434 8433 8428
f 8434 8428 8429
f 8434 8429 8431
f 8435 8436 8434
f 8435 8434 8431
f 8435 8431 8436
f 8437 8438 8427
f 8437 8439 8438
f 8437 8427 8432
f 8440 8441 8439
f 8440 8439 8437
f 8440 8437 8432
f 8440 8432 8433
f 8442 8433 8434
f 8442 8434 8436
f 8442 8441 8440
f 8442 8440 8433
f 8443 8442 8436
f 8444 8445 8446
f 8444 8446 8447
f 8444 8447 8448
f 8444 8448 8449
f 8444 8449 8450
f 8444 8450 8441
f 8444 8441 8442
f 8451 8444 8442
f 8451 8442 8443
f 8452 8453 8454
f 8452 8454 8455
f 8452 8455 8456
f 8457 8458 8451
f 8457 8451 8443
f 8457 8436 8458
f 8457 8443 8436
f 8459 8456 8460
f 8459 8460 8445
f 8459 8452 8456
f 8459 8445 8444
f 8461 8451 8458
f 8461 8444 8451
f 8461 8458 8462
f 8461 8459 8444
f 8463 163 8453
f 8463 8453 8452
f 8464 163 8463
f 8464 8463 8452
f 8464 8452 8459
f 8465 8459 8461
f 8465 8464 8459
f 8466 8465 8461
f 8466 8461 8462
f 8467 8468 163
f 8469 8468 8467
f 8469 8467 163
f 8470 8469 163
f 8470 163 8464
f 8471 8465 8466
f 8471 8470 8464
f 8471 8464 8465
f 8472 8466 8462
f 8472 8471 8466
f 8472 8462 8473
f 8472 8473 8474
f 8475 8476 8468
f 8477 8468 8469
f 8477 8475 8468
f 8477 8469 8470
f 8478 8477 8470
f 8479 8470 8471
f 8479 8478 8470
f 8480 8472 8474
f 8480 8471 8472
f 8480 8479 8471
f 8481 8482 8476
f 8481 8475 8477
f 8481 8476 8475
f 8483 8481 8477
f 8484 8483 8477
f 8484 8477 8478
f 8485 8479 8480
f 8485 8478 8479
f 8485 8484 8478
f 8485 8474 8486
f 8485 8486 8484
f 8485 8480 8474
f 8487 8481 8483
f 8487 8488 8482
f 8487 8482 8481
f 8489 8487 8483
f 8490 8483 8484
f 8490 8489 8483
f 8490 8484 8486
f 8491 8486 8492
f 8491 8492 8490
f 8491 8490 8486
f 8493 8494 8488
f 8493 8495 8494
f 8493 8488 8487
f 8496 8487 8489
f 8496 8497 8495
f 8496 8495 8493
f 8496 8493 8487
f 8498 8496 8489
f 8498 8489 8490
f 8498 8490 8492
f 8498 8497 8496
f 8499 8498 8492
f 8500 8501 8502
f 8500 8502 8503
f 8500 8503 8504
f 8500 8504 8505
f 8500 8505 8506
f 8500 8506 8497
f 8500 8497 8498
f 8500 8498 8499
f 8507 8500 8499
f 8508 8509 8510
f 8508 8510 8511
f 8508 8511 8512
f 8513 8499 8492
f 8513 8514 8507
f 8513 8507 8499
f 8513 8492 8514
f 8515 8512 8516
f 8515 8516 8501
f 8515 8501 8500
f 8515 8508 8512
f 8517 8515 8500
f 8517 8500 8507
f 8517 8507 8514
f 8517 8514 8518
f 8519 8509 8508
f 8519 191 8509
f 8520 191 8519
f 8520 8508 8515
f 8520 8519 8508
f 8521 8515 8517
f 8521 8520 8515
f 8522 8517 8518
f 8522 8521 8517
f 8523 200 191
f 8524 191 8520
f 8524 8523 191
f 8525 8520 8521
f 8525 8524 8520
f 8526 8518 8527
f 8526 8527 8528
f 8526 8522 8518
f 8526 8521 8522
f 8526 8525 8521
f 8529 8530 200
f 8531 200 8523
f 8531 8529 200
f 8531 8523 8524
f 8532 8531 8524
f 8533 8524 8525
f 8533 8532 8524
f 8534 8526 8528
f 8534 8525 8526
f 8534 8533 8525
f 8535 8536 8530
f 8535 8530 8529
f 8537 8535 8529
f 8537 8529 8531
f 8538 8531 8532
f 8538 8537 8531
f 8539 8528 8540
f 8539 8538 8532
f 8539 8534 8528
f 8539 8532 8533
f 8539 8533 8534
f 8541 8536 8535
f 8541 8535 8537
f 8541 8542 8536
f 8543 8541 8537
f 8544 8537 8538
f 8544 8543 8537
f 8545 8538 8539
f 8545 8539 8540
f 8545 8544 8538
f 8545 8546 8544
f 8545 8540 8546
f 8547 8542 8541
f 8547 8548 8542
f 8547 8549 8548
f 8550 8547 8541
f 8550 8549 8547
f 8550 8541 8543
f 8550 8551 8549
f 8552 8543 8544
f 8552 8544 8546
f 8552 8550 8543
f 8552 8551 8550
f 8553 8552 8546
f 8554 8551 8552
f 8554 8552 8553
f 8554 8555 8556
f 8554 8556 8557
f 8554 8557 8558
f 8554 8558 8559
f 8554 8559 8560
f 8554 8560 8551
f 8561 8554 8553
f 8562 8563 8564
f 8562 8564 8565
f 8562 8565 8566
f 8567 8553 8546
f 8567 8561 8553
f 8567 8568 8561
f 8567 8546 8568
f 8569 8555 8554
f 8569 8562 8566
f 8569 8566 8570
f 8569 8570 8555
f 8571 8554 8561
f 8571 8569 8554
f 8571 8561 8568
f 8571 8568 8572
f 8573 8563 8562
f 8573 8574 8563
f 8575 8574 8573
f 8576 8573 8562
f 8576 8562 8569
f 8577 8575 8573
f 8578 8576 8569
f 8578 8569 8571
f 8579 8578 8571
f 8579 8571 8572
f 8580 8573 8576
f 8580 8576 8578
f 8580 8577 8573
f 8581 8572 8582
f 8581 8578 8579
f 8581 8580 8578
f 8581 8579 8572
f 8583 8574 8575
f 8583 228 8574
f 8584 8575 8577
f 8584 8577 8580
f 8584 8583 8575
f 8584 228 8583
f 8585 8584 8580
f 8586 8580 8581
f 8586 8585 8580
f 8587 8581 8582
f 8587 8586 8581
f 8588 8589 228
f 8590 8588 228
f 8590 228 8584
f 8591 8584 8585
f 8591 8590 8584
f 8592 8585 8586
f 8592 8591 8585
f 8593 8592 8586
f 8593 8582 8594
f 8593 8587 8582
f 8593 8586 8587
f 8595 8596 8589
f 8595 8589 8588
f 8597 8590 8591
f 8597 8595 8588
f 8597 8588 8590
f 8598 8597 8591
f 8599 8591 8592
f 8599 8593 8594
f 8599 8594 8600
f 8599 8592 8593
f 8599 8598 8591
f 8601 8602 8596
f 8601 8596 8595
f 8603 8595 8597
f 8603 8601 8595
f 8604 8597 8598
f 8604 8603 8597
f 8605 8599 8600
f 8605 8598 8599
f 8605 8604 8598
f 8605 8606 8604
f 8605 8600 8606
f 8607 8608 8602
f 8607 8602 8601
f 8607 8609 8608
f 8610 8601 8603
f 8610 8607 8601
f 8610 8609 8607
f 8610 8611 8609
f 8612 8603 8604
f 8612 8604 8606
f 8612 8610 8603
f 8612 8611 8610
f 8613 8612 8606
f 8614 8611 8612
f 8614 8615 8616
f 8614 8616 8617
f 8614 8617 8618
f 8614 8618 8619
f 8614 8619 8620
f 8614 8620 8611
f 8621 8612 8613
f 8621 8614 8612
f 8622 8623 8624
f 8622 8624 8625
f 8622 8625 8626
f 8627 8621 8613
f 8627 8628 8621
f 8627 8606 8628
f 8627 8613 8606
f 8629 8614 8621
f 8629 8622 8626
f 8629 8626 8630
f 8629 8630 8615
f 8629 8615 8614
f 8631 8621 8628
f 8631 8628 8632
f 8631 8629 8621
f 8633 8623 8622
f 8633 8622 8629
f 8633 8634 8623
f 8635 8634 8633
f 8636 8633 8629
f 8637 8635 8633
f 8638 8636 8629
f 8638 8629 8631
f 8639 8631 8632
f 8639 8638 8631
f 8640 8637 8633
f 8640 8633 8636
f 8640 8636 8638
f 8641 8632 8642
f 8641 8639 8632
f 8641 8638 8639
f 8641 8640 8638
f 8643 8634 8635
f 8643 8644 8634
f 8645 8644 8643
f 8645 8635 8637
f 8645 8643 8635
f 8646 8637 8640
f 8646 8640 8641
f 8646 8645 8637
f 8647 8646 8641
f 8648 8649 8650
f 8648 8650 8647
f 8648 8641 8642
f 8648 8647 8641
f 8651 39 8644
f 8652 8651 8644
f 8652 39 8651
f 8652 8644 8645
f 8653 8654 8652
f 8653 8652 8645
f 8653 8655 8656
f 8653 8656 8657
f 8653 8657 8658
f 8653 8658 8659
f 8653 8659 8660
f 8653 8660 8654
f 8653 8645 8646
f 8653 8646 8647
f 8661 8653 8647
f 8661 8650 8662
f 8661 8662 8663
f 8661 8663 8664
f 8661 8664 8665
f 8661 8665 8666
f 8661 8666 8667
f 8661 8667 8655
f 8661 8647 8650
f 8661 8655 8653
f 8668 8669 8670
f 8668 8670 8649
f 8668 8649 8648
f 8668 8642 8669
f 8668 8648 8642
f 8671 8672 39
f 8673 8652 8654
f 8673 39 8652
f 8673 8671 39
f 8674 8673 8654
f 8674 8654 8675
f 8674 8675 8676
f 8677 8678 8679
f 8677 8679 8674
f 8677 8680 8681
f 8677 8674 8676
f 8677 8681 8682
f 8677 8682 8678
f 8677 8676 8683
f 8677 8683 8680
f 8684 8672 8671
f 8684 8685 8672
f 8686 8684 8671
f 8686 8671 8673
f 8687 8685 8684
f 8687 8688 8685
f 8689 8674 8679
f 8689 8686 8673
f 8689 8673 8674
f 8690 8684 8686
f 8690 8687 8684
f 8690 8686 8689
f 8691 8679 8692
f 8691 8689 8679
f 8693 8689 8691
f 8693 8690 8689
f 8694 8688 8687
f 8694 8695 8688
f 8696 8693 8691
f 8697 8687 8690
f 8697 8694 8687
f 8697 8695 8694
f 8697 8698 8695
f 8699 8691 8692
f 8699 8696 8691
f 8700 8690 8693
f 8700 8697 8690
f 8700 8698 8697
f 8701 8699 8692
f 8701 8693 8696
f 8701 8696 8699
f 8701 8700 8693
f 8702 8698 8700
f 8702 8700 8701
f 8702 8703 8704
f 8702 8704 8705
f 8702 8705 8706
f 8702 8706 8707
f 8702 8707 8708
f 8702 8708 8698
f 8709 8702 8701
f 8710 8711 8712
f 8710 8712 8713
f 8710 8713 8714
f 8715 8692 8716
f 8715 8701 8692
f 8715 8716 8709
f 8715 8709 8701
f 8717 8702 8709
f 8717 8710 8714
f 8717 8703 8702
f 8717 8714 8718
f 8717 8718 8703
f 8719 8716 8720
f 8719 8709 8716
f 8719 8717 8709
f 8721 82 8711
f 8721 8711 8710
f 8722 8710 8717
f 8722 8721 8710
f 8722 82 8721
f 8723 8717 8719
f 8723 8722 8717
f 8724 8719 8720
f 8724 8723 8719
f 8725 8726 82
f 8727 8726 8725
f 8727 8725 82
f 8728 82 8722
f 8728 8722 8723
f 8728 8727 82
f 8729 8728 8723
f 8730 8720 8731
f 8730 8729 8723
f 8730 8724 8720
f 8730 8723 8724
f 8732 8733 8726
f 8734 8732 8726
f 8734 8726 8727
f 8735 8734 8727
f 8735 8727 8728
f 8736 8729 8730
f 8736 8735 8728
f 8736 8728 8729
f 8737 8730 8731
f 8737 8738 8736
f 8737 8736 8730
f 8737 8731 8738
f 8739 8733 8732
f 8739 8740 132
f 8739 132 8733
f 8741 8732 8734
f 8741 8739 8732
f 8742 8734 8735
f 8742 8741 8734
f 8743 8736 8738
f 8743 8742 8735
f 8743 8738 8744
f 8743 8735 8736
f 8743 8744 8742
f 8745 8740 8739
f 8745 128 8740
f 8746 8745 8739
f 8746 8739 8741
f 8747 8742 8744
f 8747 8741 8742
f 8747 8746 8741
f 8748 8744 8749
f 8748 8749 8747
f 8748 8747 8744
f 8750 8751 128
f 8750 128 8745
f 8752 8753 8751
f 8752 8750 8745
f 8752 8751 8750
f 8752 8745 8746
f 8754 8391 8753
f 8754 8747 8749
f 8754 8385 8391
f 8754 8746 8747
f 8754 8753 8752
f 8754 8752 8746
f 8755 8405 8385
f 8755 8403 8405
f 8755 8749 8403
f 8755 8385 8754
f 8755 8754 8749
f 8756 8757 8758
f 8759 8758 8760
f 8759 8756 8758
f 8761 8757 8756
f 8762 8760 8763
f 8762 8759 8760
f 8764 8757 8761
f 8765 8764 8761
f 8766 8763 8767
f 8766 8762 8763
f 8768 8764 8765
f 8769 8768 8765
f 8770 8767 8771
f 8770 8766 8767
f 8772 8768 8769
f 8773 8772 8769
f 8774 8771 8775
f 8774 8770 8771
f 8776 8772 8773
f 8777 8774 8775
f 8778 8776 8773
f 8779 8774 8777
f 8780 8776 8778
f 8781 8779 8777
f 8782 8780 8778
f 8783 8779 8781
f 8784 8780 8782
f 8785 8783 8781
f 8786 8784 8782
f 8787 8783 8785
f 8788 8784 8786
f 8789 8787 8785
f 8790 8788 8786
f 8791 8787 8789
f 8792 8788 8790
f 8793 8792 8790
f 8794 8791 8789
f 8794 8795 8791
f 8796 8792 8793
f 8796 8793 8797
f 8798 8799 8795
f 8798 8795 8794
f 8800 8796 8797
f 8800 8797 8801
f 8802 8803 8799
f 8802 8799 8798
f 8804 8800 8801
f 8804 8801 8805
f 8806 8807 8803
f 8806 8803 8802
f 8808 8804 8805
f 8808 8805 8809
f 8810 8804 8808
f 8811 8812 8807
f 8811 8807 8806
f 8813 8808 8809
f 8814 8813 8809
f 8815 8816 8812
f 8815 8812 8811
f 8817 8818 8813
f 8817 8813 8814
f 8819 8817 8814
f 8820 8821 8816
f 8820 8816 8815
f 8822 8817 8819
f 8823 8822 8819
f 8824 8825 8821
f 8824 8821 8820
f 8826 8822 8823
f 8826 8823 8827
f 8828 8825 8824
f 8828 8829 8825
f 8830 8826 8827
f 8830 8829 8828
f 8830 8827 8829
f 8831 8678 8832
f 8831 8832 8833
f 8834 8833 8835
f 8834 8831 8833
f 8836 8835 8837
f 8836 8834 8835
f 8838 8837 8839
f 8838 8836 8837
f 8731 8839 8840
f 8731 8838 8839
f 8841 8731 8840
f 8841 8840 8842
f 8843 8841 8842
f 8843 8842 8844
f 8845 8844 8846
f 8845 8843 8844
f 8847 8846 8848
f 8847 8845 8846
f 8849 8848 8850
f 8849 8847 8848
f 8851 8850 8852
f 8851 8849 8850
f 8853 8852 8854
f 8853 8851 8852
f 8855 8854 8856
f 8855 8853 8854
f 8857 8856 8858
f 8857 8855 8856
f 8859 8858 8860
f 8859 8857 8858
f 8861 8860 8862
f 8861 8859 8860
f 8863 8862 8864
f 8863 8861 8862
f 8865 8864 8866
f 8865 8863 8864
f 8867 8866 8868
f 8867 8865 8866
f 8869 8868 8870
f 8869 8867 8868
f 8871 8870 8872
f 8871 8869 8870
f 8873 8872 8874
f 8873 8871 8872
f 8875 8874 8876
f 8875 8873 8874
f 8877 8876 8878
f 8877 8875 8876
f 8879 8878 8880
f 8879 8877 8878
f 8881 8880 8882
f 8881 8879 8880
f 8883 8882 8884
f 8883 8881 8882
f 8885 8884 8886
f 8885 8883 8884
f 8582 8886 8887
f 8582 8885 8886
f 8888 8887 8889
f 8888 8582 8887
f 8890 8888 8889
f 8890 8889 8891
f 8892 8890 8891
f 8892 8891 8893
f 8894 8892 8893
f 8894 8893 8895
f 8896 8894 8895
f 8896 8895 8897
f 8898 8896 8897
f 8898 8897 8899
f 8900 8898 8899
f 8900 8899 8901
f 8902 8903 8904
f 8902 8904 8905
f 8906 8907 8903
f 8906 8903 8902
f 8908 8909 8907
f 8908 8910 8909
f 8908 8907 8906
f 8911 8910 8908
f 8912 8913 8910
f 8912 8910 8911
f 8914 8915 8913
f 8914 8913 8912
f 8916 8917 8915
f 8916 8918 8917
f 8916 8915 8914
f 8919 8918 8916
f 8920 8921 8918
f 8920 8918 8919
f 8922 8923 8921
f 8922 8921 8920
f 8924 8925 8923
f 8924 8923 8922
f 8926 8927 8925
f 8926 8928 8927
f 8926 8925 8924
f 8929 8928 8926
f 8930 8931 8928
f 8930 8932 8931
f 8930 8928 8929
f 8933 8932 8930
f 8934 8932 8933
f 8934 8935 8932
f 8936 8935 8934
f 8936 8937 8935
f 8938 8937 8936
f 8938 8939 8937
f 8940 8941 8942
f 8940 8942 8943
f 8944 8945 8946
f 8947 8946 8948
f 8947 8949 8950
f 8951 8952 8949
f 8953 8954 8955
f 8956 8955 8951
f 8956 8953 8955
f 8957 8958 8956
f 8957 8956 8951
f 8959 8949 8947
f 8959 8951 8949
f 8959 8960 8951
f 8961 8962 8959
f 8963 8964 8965
f 8963 8966 8964
f 8967 8968 8969
f 8967 8947 8968
f 8967 8959 8947
f 8967 8961 8959
f 8970 8966 8963
f 8971 8972 8973
f 8971 8970 8972
f 8974 8969 8966
f 8974 8967 8969
f 8974 8966 8970
f 8975 8976 8977
f 8978 8970 8971
f 8979 8980 8974
f 8981 8970 8978
f 8981 8978 8982
f 8981 8974 8970
f 8983 8979 8974
f 8984 8985 8986
f 8987 8981 8988
f 8987 8983 8974
f 8987 8974 8981
f 8989 8990 8991
f 8992 8991 8993
f 8994 8995 8996
f 8997 8998 8999
f 9000 9001 9002
f 9003 9004 8997
f 9003 9005 9004
f 9003 9006 9005
f 9007 9008 9009
f 9007 8994 8996
f 9010 9011 9012
f 9010 8992 9011
f 9010 9013 9003
f 9010 8996 9014
f 9010 9014 8992
f 9010 9003 8996
f 9015 9016 9017
f 9015 9000 9016
f 9015 9001 9000
f 9018 9019 9001
f 9018 9012 9019
f 9018 9001 9015
f 9020 9018 9021
f 9022 9023 9024
f 9025 9024 9026
f 9025 9027 9022
f 9025 9022 9024
f 9028 9025 9026
f 9028 9026 9010
f 9028 9029 9030
f 9028 9020 9029
f 9028 9010 9012
f 9028 9012 9018
f 9028 9018 9020
f 9031 9032 9033
f 9034 9031 9033
f 9035 9033 9036
f 9035 9034 9033
f 9037 9036 9038
f 9037 9035 9036
f 9039 9038 9040
f 9039 9037 9038
f 9041 9040 9042
f 9041 9039 9040
f 9043 9041 9042
f 9044 9042 9045
f 9044 9043 9042
f 9046 9045 9047
f 9046 9044 9045
f 9048 9046 9047
f 9049 9047 9050
f 9049 9048 9047
f 9051 9049 9050
f 9052 9053 9054
f 9052 9055 9053
f 9056 9057 9055
f 9056 9055 9052
f 9058 9059 9057
f 9058 9057 9056
f 9060 9061 9059
f 9060 9059 9058
f 9062 9061 9060
f 9063 9064 9061
f 9063 9061 9062
f 9065 9066 9064
f 9065 9064 9063
f 9067 9068 9066
f 9067 9069 9068
f 9067 9066 9065
f 9070 9069 9067
f 9071 9072 9073
f 9074 9072 9071
f 9075 9072 9074
f 9076 9075 9077
f 9076 9072 9075
f 9078 9076 9077
f 9054 9076 9078
f 9079 9080 9081
f 9079 9082 9080
f 9083 9082 9079
f 9084 9085 9082
f 9084 9082 9083
f 9086 9087 9085
f 9086 9085 9084
f 9088 9087 9086
f 9089 9090 9087
f 9089 9087 9088
f 9091 9092 9090
f 9091 9090 9089
f 9093 9094 9092
f 9093 9092 9091
f 9095 9096 9094
f 9095 9094 9093
f 9097 9098 9096
f 9097 9096 9095
f 9099 9098 9097
f 9100 9101 9102
f 9103 9102 9104
f 9103 9100 9102
f 9105 9104 9106
f 9105 9103 9104
f 9107 9106 9108
f 9107 9105 9106
f 9109 9107 9108
f 9110 9108 9111
f 9110 9109 9108
f 9112 9111 9113
f 9112 9110 9111
f 9114 9113 9115
f 9114 9112 9113
f 9116 9115 9117
f 9116 9114 9115
f 9118 9116 9117
f 9119 9120 9121
f 9122 9117 9123
f 9124 9117 9122
f 9125 9117 9124
f 9126 9127 9128
f 9126 9129 9127
f 9130 9129 9126
f 9131 9132 9129
f 9131 9129 9130
f 9133 9134 9132
f 9133 9132 9131
f 9135 9134 9133
f 9136 9137 9134
f 9136 9134 9135
f 9138 9139 9137
f 9138 9137 9136
f 9140 9139 9138
f 9141 9142 9139
f 9141 9139 9140
f 9143 9144 9142
f 9143 9142 9141
f 9145 9144 9143
f 9146 9147 9144
f 9146 9144 9145
f 9148 9149 9147
f 9148 9147 9146
f 9150 9151 9149
f 9150 9149 9148
f 9152 9151 9150
f 9128 9153 9154
f 9128 9155 9153
f 9156 9157 9158
f 9156 9159 9157
f 9160 9161 9159
f 9160 9159 9156
f 9162 9163 9161
f 9162 9161 9160
f 9164 9163 9162
f 9165 9166 9163
f 9165 9163 9164
f 9167 9168 9166
f 9167 9166 9165
f 9169 9170 9168
f 9169 9168 9167
f 9171 9172 9170
f 9171 9170 9169
f 9173 9172 9171
f 9174 9175 9172
f 9174 9172 9173
f 9176 9177 9175
f 9176 9175 9174
f 9178 9179 9177
f 9178 9177 9176
f 9180 9181 9182
f 9183 9184 9181
f 9183 9181 9180
f 9185 9184 9183
f 9186 9187 9188
f 9189 9188 9190
f 9189 9186 9188
f 9191 9189 9190
f 9192 9190 9193
f 9192 9191 9190
f 9194 9193 9195
f 9194 9192 9193
f 9196 9195 9197
f 9196 9194 9195
f 9198 9196 9197
f 9199 9197 9200
f 9199 9198 9197
f 9201 9199 9200
f 9202 9200 9203
f 9202 9201 9200
f 9204 9203 9205
f 9204 9202 9203
f 9206 9204 9205
f 9207 9208 9209
f 9210 9211 9208
f 9210 9208 9207
f 9212 9211 9210
f 9213 358 360
f 9213 9214 358
f 9215 9216 9214
f 9215 9214 9213
f 9217 9216 9215
f 9218 9219 9216
f 9218 9216 9217
f 9220 9221 9219
f 9220 9219 9218
f 9222 9223 9221
f 9222 9221 9220
f 9224 9225 9223
f 9224 9223 9222
f 9226 9227 9225
f 9226 9225 9224
f 9228 9229 9227
f 9228 9227 9226
f 9230 9229 9228
f 9231 9232 9233
f 9231 9234 9232
f 9235 9234 9231
f 9236 9234 9235
f 9237 9238 9239
f 9237 9240 9238
f 9241 9240 9237
f 9242 9243 9240
f 9242 9240 9241
f 9244 9245 9243
f 9244 9243 9242
f 9246 9247 9245
f 9246 9245 9244
f 9248 9249 9247
f 9248 9247 9246
f 9250 9249 9248
f 9251 9252 9249
f 9251 9249 9250
f 9253 9254 9252
f 9253 9252 9251
f 9255 9256 9254
f 9255 9254 9253
f 9257 9258 9256
f 9257 9256 9255
f 9259 9260 9258
f 9259 9258 9257
f 9261 9260 9259
f 9238 9262 9263
f 9264 9238 9263
f 9265 9266 9267
f 9265 9268 9266
f 9269 9270 9268
f 9269 9268 9265
f 9271 9272 9270
f 9271 9270 9269
f 9273 9272 9271
f 9274 9275 9272
f 9274 9272 9273
f 9276 9277 9275
f 9276 9275 9274
f 9278 9279 9277
f 9278 9277 9276
f 9280 9281 9279
f 9280 9279 9278
f 9282 9283 9281
f 9282 9281 9280
f 9284 9285 9283
f 9284 9283 9282
f 9286 9287 9285
f 9286 9285 9284
f 9288 9287 9286
f 9289 9290 9031
f 9291 9292 9290
f 9291 9290 9289
f 9293 9294 9295
f 9296 9297 9298
f 9296 9299 9297
f 9300 9301 9299
f 9300 9299 9296
f 9302 9301 9300
f 9303 9304 9301
f 9303 9301 9302
f 9305 9306 9304
f 9305 9304 9303
f 9307 9306 9305
f 9308 9309 9306
f 9308 9306 9307
f 9310 9311 9309
f 9310 9309 9308
f 9312 9311 9310
f 9313 9314 9311
f 9313 9311 9312
f 9206 9315 9314
f 9206 9314 9313
f 9316 9317 9318
f 9319 9320 9321
f 9322 9316 9323
f 9324 9325 9326
f 9327 9328 9329
f 9330 9317 9316
f 9331 9332 9333
f 9334 9335 9336
f 9337 9329 9338
f 9339 9340 9341
f 9342 9343 9344
f 9339 9345 9330
f 9346 9338 9347
f 9346 9347 9348
f 9349 9334 9350
f 9351 9340 9339
f 9352 9346 9348
f 9353 9340 9351
f 9354 9352 9348
f 9355 9340 9353
f 9356 9357 9358
f 9359 9340 9355
f 9360 9361 9362
f 9363 9340 9359
f 9364 9365 9348
f 9366 9340 9363
f 9367 9364 9348
f 9368 9340 9366
f 9369 9340 9368
f 9370 9367 9348
f 9370 9371 9372
f 9373 9374 9375
f 9370 9376 9377
f 9373 9378 9379
f 9380 9381 9382
f 9370 9383 9371
f 9384 9385 9386
f 9387 9383 9370
f 9388 9389 9390
f 9391 9386 9392
f 9393 9394 9387
f 9395 9396 9397
f 9398 9399 9400
f 9401 9402 9393
f 9403 9384 9386
f 9404 9405 9406
f 9403 9407 9408
f 9409 9410 9411
f 9412 9413 9414
f 9415 9416 9417
f 9418 9419 9407
f 9420 9421 9422
f 9423 9421 9420
f 9424 9425 9426
f 9427 9421 9423
f 9428 9421 9427
f 9429 9428 9430
f 9429 9421 9428
f 9431 9421 9429
f 9432 9418 9421
f 9432 9433 9418
f 9434 9435 9436
f 9437 9438 9439
f 9440 9441 9442
f 9443 9444 9445
f 9446 9447 9448
f 9449 9450 9451
f 9452 9453 9454
f 9455 9456 9457
f 9458 9459 9460
f 9461 9459 9458
f 9462 9340 9369
f 9462 9455 9457
f 9462 9369 9463
f 9462 9457 9340
f 9464 9457 9456
f 9465 9459 9461
f 9466 9458 9460
f 9467 9462 9463
f 9468 9457 9464
f 9469 9466 9460
f 9470 9459 9465
f 9471 9463 9472
f 9471 9467 9463
f 9471 9472 9473
f 9474 9457 9468
f 9475 9476 9477
f 9478 9459 9470
f 9479 9457 9474
f 9480 9471 9473
f 9481 9459 9478
f 9482 9483 9484
f 9485 9457 9479
f 9486 9480 9473
f 9486 9473 9487
f 9488 9489 9459
f 9488 9459 9481
f 9490 9491 9460
f 9492 9457 9485
f 9493 9494 9495
f 9492 9496 9457
f 9497 9486 9487
f 9497 9487 9498
f 9497 9498 9499
f 9500 9501 9502
f 9500 9502 9488
f 9503 9460 9504
f 9503 9504 9505
f 9503 9490 9460
f 9506 9507 9508
f 9509 9510 9511
f 9512 9497 9499
f 9513 9514 9515
f 9516 9501 9500
f 9517 9505 9518
f 9519 9520 9521
f 9522 9523 9524
f 9522 9524 9525
f 9526 9499 9527
f 9526 9512 9499
f 9528 9401 9529
f 9528 9530 9401
f 9528 9529 9516
f 9531 9532 9533
f 9534 9518 9535
f 9536 9537 9538
f 9539 9540 9541
f 9542 9543 9522
f 9544 9527 9530
f 9544 9526 9527
f 9545 9530 9528
f 9546 9531 9547
f 9548 9549 9550
f 9551 9546 9547
f 9552 9553 9554
f 9555 9550 9556
f 9557 9558 9546
f 9557 9546 9551
f 9559 9560 9561
f 9562 9556 9563
f 9564 9565 9566
f 9567 9568 9569
f 9570 9571 9572
f 9573 9574 9564
f 9575 9576 9577
f 9575 9577 9578
f 9575 9578 9579
f 9580 9581 9582
f 9583 9584 9585
f 9586 9587 9574
f 9583 9588 9589
f 9590 9591 9592
f 9593 9594 9595
f 9583 9596 9597
f 9598 9599 9600
f 9598 9600 9601
f 9602 9603 9604
f 9605 9575 9606
f 9607 9608 9609
f 9610 9611 9612
f 9607 9613 9614
f 9615 9605 9616
f 9617 9618 9619
f 9620 9621 9622
f 9623 9615 9624
f 9625 9626 9627
f 9628 9623 9629
f 9628 9629 9630
f 9631 9628 9630
f 9631 9630 9632
f 9633 9634 9635
f 9633 9631 9634
f 9636 9637 9638
f 9639 9640 9641
f 9642 9643 9644
f 9645 9646 9647
f 9648 9649 9650
f 9651 9652 9645
f 9653 9654 9655
f 9653 9651 9647
f 9656 9650 9657
f 9658 9659 9660
f 9661 9662 9663
f 9664 9544 9530
f 9664 9530 9545
f 9665 9544 9664
f 9666 9664 9545
f 9666 9545 9667
f 9668 9669 9670
f 9671 9672 9673
f 9674 9666 9667
f 9674 9667 9675
f 9676 9677 9668
f 9678 9679 9680
f 9681 9682 9683
f 9684 9674 9675
f 9684 9675 9685
f 9686 9653 9655
f 9687 9688 9676
f 9689 9685 9690
f 9689 9690 9691
f 9689 9684 9685
f 9692 9689 9691
f 9693 9691 9694
f 9693 9694 9695
f 9693 9692 9691
f 9696 9693 9695
f 9697 9653 9686
f 9698 9686 9699
f 9700 9701 9702
f 9700 9698 9701
f 9703 9697 9686
f 9704 9705 9706
f 9707 9702 9708
f 9707 9700 9702
f 9709 9697 9703
f 9710 9708 9711
f 9712 9707 9708
f 9713 9697 9709
f 9714 9715 9716
f 9717 9718 9719
f 9720 9697 9713
f 9721 9712 9722
f 9723 9724 9725
f 9726 9727 9728
f 9729 9730 9731
f 9732 9733 9734
f 9735 9736 9737
f 9732 9734 9720
f 9738 9739 9740
f 9741 9742 9743
f 9738 9744 9745
f 9746 9721 9747
f 9748 9749 9750
f 9751 9752 9753
f 9751 9753 9754
f 9751 9746 9745
f 9755 9756 9757
f 9758 9759 9760
f 9758 9696 9695
f 9761 9762 9763
f 9764 9765 9766
f 9764 9766 9767
f 9758 9768 9769
f 9770 9771 9772
f 9773 9774 9775
f 9761 9695 9602
f 9776 9777 9761
f 9778 9751 9754
f 9779 9780 9781
f 9782 9777 9776
f 9783 9784 9785
f 9786 9787 9788
f 9789 9790 9791
f 9792 9793 9794
f 9795 9785 9796
f 9797 9786 9798
f 9799 9790 9789
f 9800 9797 9801
f 9802 9801 9803
f 9802 9803 9804
f 9805 9806 9796
f 9807 9808 9809
f 9810 9811 9807
f 9812 9813 9810
f 9814 9815 9812
f 9816 9817 9814
f 9818 9819 9816
f 9820 9821 9818
f 9822 9823 9820
f 9824 9825 9822
f 9826 9827 9824
f 9828 9829 9826
f 9830 9831 9828
f 9832 9833 9830
f 9834 9835 9836
f 9837 9834 9836
f 1679 9838 9839
f 1679 9839 9840
f 9841 1683 9842
f 9843 9841 9844
f 9845 9843 9846
f 9847 9845 9848
f 1693 9847 9849
f 9850 9851 9852
f 9853 9851 9850
f 9854 9850 149
f 9854 149 9855
f 9856 9857 9850
f 9856 9850 9854
f 9858 9857 9856
f 9858 1697 9859
f 9858 9859 9857
f 9860 9855 9861
f 9860 9856 9854
f 9860 9854 9855
f 9862 9856 9860
f 9863 9858 9856
f 9863 9864 1697
f 9863 9862 9864
f 9863 9856 9862
f 9863 1697 9858
f 9865 9861 9866
f 9865 9860 9861
f 9867 9860 9865
f 9867 9862 9860
f 9867 9864 9862
f 9868 1701 9864
f 9868 9867 1701
f 9868 9864 9867
f 9869 9865 9866
f 9869 9866 173
f 9869 173 174
f 9870 9867 9865
f 9870 1701 9867
f 9870 9865 9869
f 9870 9869 9871
f 9872 9870 9871
f 9872 1701 9870
f 9872 9871 1701
f 9873 9871 9869
f 9873 9869 174
f 9874 9873 9875
f 9874 9871 9873
f 9876 9875 9871
f 9876 9874 9875
f 9876 9871 9874
f 9877 9875 9873
f 9877 9809 9808
f 9877 9873 174
f 9877 174 9809
f 9878 9877 9808
f 9878 9875 9877
f 9879 9808 9875
f 9879 9875 9878
f 9879 9878 9808
f 9880 9808 9807
f 9880 9807 9811
f 9881 9880 9811
f 9881 9808 9880
f 9882 9811 9808
f 9882 9881 9811
f 9882 9808 9881
f 9883 9811 9810
f 9883 9810 9813
f 9884 9883 9813
f 9884 9811 9883
f 9885 9884 9813
f 9885 9811 9884
f 9885 9813 9811
f 9886 9813 9812
f 9886 9812 9815
f 9887 9886 9815
f 9887 9813 9886
f 9888 9815 9813
f 9888 9887 9815
f 9888 9813 9887
f 9889 9815 9814
f 9889 9814 9817
f 9890 9889 9817
f 9890 9815 9889
f 9891 9815 9890
f 9891 9890 9817
f 9891 9817 9815
f 9892 9817 9816
f 9892 9816 9819
f 9893 9892 9819
f 9893 9817 9892
f 9894 9819 9817
f 9894 9893 9819
f 9894 9817 9893
f 9895 9819 9818
f 9895 9818 9821
f 9896 9895 9821
f 9896 9819 9895
f 9897 9819 9896
f 9897 9821 9819
f 9897 9896 9821
f 9898 9821 9820
f 9898 9820 9823
f 9899 9898 9823
f 9899 9821 9898
f 9900 9821 9899
f 9900 9823 9821
f 9900 9899 9823
f 9901 9823 9822
f 9901 9822 9825
f 9902 9901 9825
f 9902 9823 9901
f 9903 9825 9823
f 9903 9902 9825
f 9903 9823 9902
f 9904 9825 9824
f 9904 9824 9827
f 9905 9904 9827
f 9905 9825 9904
f 9906 9827 9825
f 9906 9905 9827
f 9906 9825 9905
f 9907 9827 9826
f 9907 9826 9829
f 9908 9907 9829
f 9908 9827 9907
f 9909 9829 9827
f 9909 9908 9829
f 9909 9827 9908
f 9910 9829 9828
f 9910 9828 9831
f 9911 9910 9831
f 9911 9829 9910
f 9912 9831 9829
f 9912 9911 9831
f 9912 9829 9911
f 9913 9831 9830
f 9913 9830 9833
f 9914 9913 9833
f 9914 9831 9913
f 9915 9833 9831
f 9915 9914 9833
f 9915 9831 9914
f 9916 9833 9832
f 9917 9833 9916
f 9918 9919 9833
f 9918 9833 9917
f 9920 9832 9921
f 9920 9916 9832
f 9920 9917 9916
f 9920 9919 9918
f 9920 9918 9917
f 9922 9920 9921
f 9923 9920 9922
f 9924 1735 9919
f 9924 9919 9920
f 9924 9920 9923
f 9925 9921 9926
f 9925 9922 9921
f 9925 1735 9924
f 9925 9923 9922
f 9925 9924 9923
f 9927 9925 9926
f 9928 9925 9927
f 9929 9930 1735
f 9929 1735 9925
f 9929 9925 9928
f 9931 9929 9928
f 9931 9926 9932
f 9931 9930 9929
f 9931 9928 9927
f 9931 9927 9926
f 9933 9931 9932
f 9934 9931 9933
f 9935 9930 9931
f 9935 9931 9934
f 9935 9936 9930
f 9937 9933 9932
f 9937 9934 9933
f 9937 9935 9934
f 9937 9936 9935
f 9937 9932 257
f 9938 9937 257
f 9939 9937 9938
f 9940 9936 9937
f 9940 9941 9936
f 9940 9937 9939
f 9942 9938 257
f 9942 9939 9938
f 9942 9941 9940
f 9942 9940 9939
f 9942 257 9943
f 9944 9942 9943
f 9945 9942 9944
f 9946 1742 9941
f 9946 9941 9942
f 9946 9942 9945
f 9947 9944 9943
f 9947 1742 9946
f 9947 9945 9944
f 9947 9946 9945
f 9947 9943 305
f 9948 9947 305
f 9949 9947 9948
f 9950 9951 1742
f 9950 1742 9947
f 9950 9947 9949
f 9952 9948 305
f 9952 9951 9950
f 9952 9949 9948
f 9952 9950 9949
f 9952 305 314
f 9953 9952 314
f 9954 9952 9953
f 9955 1747 9951
f 9955 9951 9952
f 9955 9952 9954
f 9956 9953 314
f 9956 1747 9955
f 9956 9954 9953
f 9956 9955 9954
f 9956 314 9957
f 9958 9956 9957
f 9958 9957 9959
f 9958 9959 9960
f 9958 9960 9961
f 9958 9961 9962
f 9963 9958 9962
f 9963 9956 9958
f 9963 9962 9964
f 9963 9964 9965
f 9963 9965 9966
f 9963 9966 9967
f 9963 9967 9968
f 9969 9970 1747
f 9969 1747 9956
f 9969 9956 9963
f 9969 9963 9968
f 9969 9968 9971
f 9969 9971 9972
f 9969 9972 9973
f 9969 9973 9974
f 9975 9970 9969
f 9975 9976 9970
f 9975 9969 9974
f 9975 9974 9977
f 9975 9977 9976
f 9978 1679 9970
f 9978 9970 9976
f 9978 9838 1679
f 9978 9976 9979
f 9978 9979 9980
f 9978 9980 9981
f 9978 9981 9982
f 9978 9982 9983
f 9978 9983 9984
f 9978 9984 9838
f 9985 9837 9836
f 9985 1679 9840
f 9985 9840 9837
f 9985 9836 107
f 9986 9985 107
f 9987 9985 9986
f 9988 9989 1679
f 9988 1679 9985
f 9988 9985 9987
f 9990 9986 107
f 9990 9989 9988
f 9990 9987 9986
f 9990 9988 9987
f 9990 107 9991
f 9992 9990 9991
f 9993 9990 9992
f 9994 1683 9989
f 9994 9989 9990
f 9994 9990 9993
f 9995 9994 9993
f 9995 9842 1683
f 9995 9992 9991
f 9995 1683 9994
f 9995 9991 9842
f 9995 9993 9992
f 9996 9842 9844
f 9997 9996 9844
f 9997 9842 9996
f 9997 9844 9841
f 9997 9841 9842
f 9998 9844 9846
f 9999 9998 9846
f 9999 9844 9998
f 9999 9846 9843
f 9999 9843 9844
f 10000 9846 9848
f 10001 9848 9845
f 10001 9845 9846
f 10001 10000 9848
f 10001 9846 10000
f 10002 9848 9849
f 10003 9847 9848
f 10003 9849 9847
f 10003 9848 10002
f 10003 10002 9849
f 10004 9849 9851
f 10005 9849 10004
f 10005 10004 9851
f 10006 10007 1693
f 10006 9853 10007
f 10006 1693 9849
f 10006 9851 9853
f 10006 10005 9851
f 10006 9849 10005
f 10008 10009 10010
f 10008 10010 10011
f 10008 10011 10012
f 10013 10008 10012
f 10014 10015 10016
f 10017 10014 10016
f 10018 10019 10020
f 10021 10019 10018
f 10022 10023 10019
f 10022 10019 10021
f 10024 10025 10023
f 10024 10023 10022
f 10026 10025 10024
f 10027 10025 10026
f 10028 10029 10025
f 10028 10025 10027
f 10030 10029 10028
f 10031 10029 10030
f 10032 10029 10031
f 10033 10029 10032
f 10034 10029 10033
f 10035 10029 10034
f 10036 10037 10029
f 10036 10029 10035
f 10038 10037 10036
f 10039 10037 10038
f 10040 10041 10037
f 10040 10037 10039
f 10042 10041 10040
f 10043 10044 10041
f 10043 10041 10042
f 10045 10044 10043
f 10046 10047 10044
f 10046 10044 10045
f 10048 10049 10050
f 10048 10050 10051
f 10052 10048 10051
f 10053 10049 10048
f 10054 10055 10056
f 10057 10054 10056
f 10058 10059 10060
f 10058 10061 10059
f 10058 10062 10061
f 10063 10064 10058
f 10065 10058 10064
f 10066 10063 10058
f 10067 10066 10058
f 10068 10058 10065
f 10069 10066 10067
f 10070 10058 10068
f 10071 10069 10067
f 10072 10062 10058
f 10072 10058 10070
f 10073 10072 10070
f 10074 10071 10067
f 10075 10072 10073
f 10076 10074 10067
f 10077 10072 10075
f 10078 10076 10067
f 10079 10072 10077
f 10080 10079 10077
f 10081 10078 10067
f 10082 10079 10080
f 10083 10079 10082
f 10084 10083 10082
f 10085 10083 10084
f 10086 10087 10088
f 10086 10088 10089
f 10086 10089 10081
f 10086 10081 10067
f 10090 10087 10086
f 10091 10083 10085
f 10091 10085 10092
f 10093 10091 10092
f 10094 10090 10086
f 10095 10091 10093
f 10095 10093 10096
f 10097 10095 10096
f 10098 10097 10099
f 10098 10099 10100
f 10098 10095 10097
f 10101 10100 10102
f 10101 10102 10103
f 10101 10098 10100
f 10104 10103 10105
f 10104 10105 10106
f 10104 10101 10103
f 10107 10094 10086
f 10107 10106 10108
f 10107 10108 10109
f 10107 10109 10094
f 10107 10104 10106
f 10110 10107 10086
f 10111 10110 10086
f 10112 10111 10086
f 10113 10112 10086
f 10114 10115 10116
f 10114 10116 10117
f 10114 10117 10118
f 10119 10114 10118
f 10120 10121 10122
f 10123 10120 10122
f 10124 10125 10126
f 10127 10125 10124
f 10128 10129 10125
f 10128 10125 10127
f 10130 10131 10129
f 10130 10129 10128
f 10132 10131 10130
f 10133 10131 10132
f 10134 10135 10131
f 10134 10131 10133
f 10136 10135 10134
f 10137 10135 10136
f 10138 10135 10137
f 10139 10135 10138
f 10140 10135 10139
f 10141 10135 10140
f 10142 10143 10135
f 10142 10135 10141
f 10144 10143 10142
f 10145 10143 10144
f 10146 10147 10143
f 10146 10143 10145
f 10148 10147 10146
f 10149 10150 10147
f 10149 10147 10148
f 10151 10150 10149
f 10152 10153 10150
f 10152 10150 10151
f 10154 10155 10156
f 10154 10156 10157
f 10158 10154 10157
f 10159 10155 10154
f 10160 10161 10162
f 10163 10160 10162
f 10164 10165 10166
f 10167 10166 10168
f 10167 10164 10166
f 10169 10168 10170
f 10169 10167 10168
f 10171 10169 10170
f 10172 10169 10171
f 10173 10169 10172
f 10174 10169 10173
f 10175 10176 10177
f 10178 10177 10176
f 10179 10175 10180
f 10181 10177 10178
f 10182 10179 10180
f 10183 10177 10181
f 10184 10182 10180
f 10185 10186 10177
f 10185 10187 10186
f 10185 10188 10187
f 10185 10189 10188
f 10185 10190 10189
f 10185 10174 10190
f 10185 10169 10174
f 10191 10177 10183
f 10191 10185 10177
f 10192 10184 10180
f 10193 10185 10191
f 10194 10192 10180
f 10195 10185 10193
f 10196 10185 10195
f 10197 10196 10195
f 10198 10194 10180
f 10198 10199 10200
f 10198 10200 10194
f 10201 10196 10197
f 10202 10199 10198
f 10203 10196 10201
f 10204 10203 10201
f 10205 10202 10198
f 10206 10203 10204
f 10207 10205 10198
f 10208 10206 10209
f 10208 10203 10206
f 10210 10208 10209
f 10211 10212 10213
f 10211 10213 10207
f 10211 10207 10198
f 10214 10210 10215
f 10214 10208 10210
f 10216 10214 10215
f 10217 10216 10218
f 10217 10218 10219
f 10217 10214 10216
f 10220 10219 10221
f 10220 10221 10222
f 10220 10217 10219
f 10223 10222 10224
f 10223 10224 10225
f 10223 10220 10222
f 10226 10225 10227
f 10226 10227 10228
f 10226 10228 10212
f 10226 10212 10211
f 10226 10223 10225
f 10229 10226 10211
f 10230 10229 10211
f 10231 10230 10211
f 10232 10231 10211
f 10180 10175 10177
f 10233 10234 10235
f 10233 10235 10236
f 10233 10236 10237
f 10238 10233 10237
f 10239 10240 10241
f 10242 10239 10241
f 10243 10244 10245
f 10246 10244 10243
f 10247 10248 10244
f 10247 10244 10246
f 10249 10250 10248
f 10249 10248 10247
f 10251 10250 10249
f 10252 10250 10251
f 10253 10254 10250
f 10253 10250 10252
f 10255 10254 10253
f 10256 10254 10255
f 10257 10254 10256
f 10258 10254 10257
f 10259 10254 10258
f 10260 10254 10259
f 10261 10262 10254
f 10261 10254 10260
f 10263 10262 10261
f 10264 10262 10263
f 10265 10266 10262
f 10265 10262 10264
f 10267 10266 10265
f 10268 10269 10266
f 10268 10266 10267
f 10270 10269 10268
f 10271 10272 10269
f 10271 10269 10270
f 10273 10274 10275
f 10273 10275 10276
f 10277 10273 10276
f 10278 10274 10273
f 10279 10280 10281
f 10282 10279 10281
f 10283 10284 10285
f 10283 10286 10284
f 10283 10287 10286
f 10288 10289 10283
f 10290 10283 10289
f 10291 10288 10283
f 10292 10291 10283
f 10293 10283 10290
f 10294 10291 10292
f 10295 10283 10293
f 10296 10294 10292
f 10297 10287 10283
f 10297 10283 10295
f 10298 10297 10295
f 10299 10296 10292
f 10300 10297 10298
f 10301 10299 10292
f 10302 10297 10300
f 10303 10301 10292
f 10304 10297 10302
f 10305 10304 10302
f 10306 10303 10292
f 10307 10304 10305
f 10308 10304 10307
f 10309 10308 10307
f 10310 10308 10309
f 10311 10312 10313
f 10311 10313 10314
f 10311 10314 10306
f 10311 10306 10292
f 10315 10312 10311
f 10316 10308 10310
f 10316 10310 10317
f 10318 10316 10317
f 10319 10315 10311
f 10320 10318 10321
f 10320 10316 10318
f 10322 10320 10321
f 10323 10322 10324
f 10323 10324 10325
f 10323 10320 10322
f 10326 10325 10327
f 10326 10327 10328
f 10326 10323 10325
f 10329 10328 10330
f 10329 10330 10331
f 10329 10326 10328
f 10332 10319 10311
f 10332 10329 10331
f 10332 10331 10333
f 10332 10333 10334
f 10332 10334 10319
f 10335 10332 10311
f 10336 10335 10311
f 10337 10336 10311
f 10338 10337 10311
f 10339 10340 10341
f 10339 10341 10342
f 10339 10342 10343
f 10344 10339 10343
f 10345 10346 10347
f 10348 10345 10347
f 10349 10350 10351
f 10352 10350 10349
f 10353 10354 10350
f 10353 10350 10352
f 10355 10356 10354
f 10355 10354 10353
f 10357 10356 10355
f 10358 10356 10357
f 10359 10360 10356
f 10359 10356 10358
f 10361 10360 10359
f 10362 10360 10361
f 10363 10360 10362
f 10364 10360 10363
f 10365 10360 10364
f 10366 10360 10365
f 10367 10368 10360
f 10367 10360 10366
f 10369 10368 10367
f 10370 10368 10369
f 10371 10372 10368
f 10371 10368 10370
f 10373 10372 10371
f 10374 10375 10372
f 10374 10372 10373
f 10376 10375 10374
f 10377 10378 10375
f 10377 10375 10376
f 10379 10380 10381
f 10379 10381 10382
f 10383 10379 10382
f 10384 10380 10379
f 10385 10386 10387
f 10388 10385 10387
f 10389 10390 10391
f 10389 10392 10390
f 10389 10393 10392
f 10394 10389 10395
f 10396 10389 10394
f 10397 10395 10389
f 10398 10397 10389
f 10399 10389 10396
f 10400 10397 10398
f 10401 10389 10399
f 10402 10400 10398
f 10403 10389 10401
f 10403 10393 10389
f 10404 10403 10401
f 10405 10402 10398
f 10406 10403 10404
f 10407 10405 10398
f 10408 10403 10406
f 10409 10407 10398
f 10410 10403 10408
f 10411 10410 10408
f 10412 10409 10398
f 10413 10410 10411
f 10414 10410 10413
f 10415 10414 10413
f 10416 10414 10415
f 10417 10412 10398
f 10417 10418 10419
f 10417 10419 10420
f 10417 10420 10412
f 10421 10418 10417
f 10422 10414 10416
f 10422 10416 10423
f 10424 10422 10423
f 10425 10421 10417
f 10426 10422 10424
f 10426 10424 10427
f 10428 10426 10427
f 10429 10426 10428
f 10429 10428 10430
f 10429 10430 10431
f 10432 10429 10431
f 10432 10431 10433
f 10432 10433 10434
f 10435 10436 10437
f 10435 10434 10436
f 10435 10432 10434
f 10438 10437 10439
f 10438 10439 10440
f 10438 10440 10425
f 10438 10425 10417
f 10438 10435 10437
f 10441 10438 10417
f 10442 10441 10417
f 10443 10442 10417
f 10444 10443 10417
f 10445 10446 10447
f 10445 10447 10448
f 10445 10448 10449
f 10450 10445 10449
f 10451 10452 10453
f 10454 10451 10453
f 10455 10456 10457
f 10458 10456 10455
f 10459 10460 10456
f 10459 10456 10458
f 10461 10462 10460
f 10461 10460 10459
f 10463 10462 10461
f 10464 10462 10463
f 10465 10466 10462
f 10465 10462 10464
f 10467 10466 10465
f 10468 10466 10467
f 10469 10466 10468
f 10470 10466 10469
f 10471 10466 10470
f 10472 10466 10471
f 10473 10474 10466
f 10473 10466 10472
f 10475 10474 10473
f 10476 10474 10475
f 10477 10478 10474
f 10477 10474 10476
f 10479 10478 10477
f 10480 10481 10478
f 10480 10478 10479
f 10482 10481 10480
f 10483 10484 10481
f 10483 10481 10482
f 10485 10486 10487
f 10485 10487 10488
f 10489 10485 10488
f 10490 10486 10485
f 10491 10492 10493
f 10494 10491 10493
f 10495 10496 10497
f 10495 10498 10496
f 10495 10499 10498
f 10500 10501 10495
f 10502 10495 10501
f 10503 10500 10495
f 10504 10503 10495
f 10505 10495 10502
f 10506 10503 10504
f 10507 10495 10505
f 10508 10506 10504
f 10509 10499 10495
f 10509 10495 10507
f 10510 10509 10507
f 10511 10508 10504
f 10512 10509 10510
f 10513 10511 10504
f 10514 10509 10512
f 10515 10513 10504
f 10516 10509 10514
f 10517 10516 10514
f 10518 10515 10504
f 10519 10516 10517
f 10520 10516 10519
f 10521 10520 10519
f 10522 10520 10521
f 10523 10524 10525
f 10523 10525 10526
f 10523 10526 10518
f 10523 10518 10504
f 10527 10524 10523
f 10528 10520 10522
f 10528 10522 10529
f 10530 10528 10529
f 10531 10527 10523
f 10532 10528 10530
f 10532 10530 10533
f 10534 10532 10533
f 10535 10532 10534
f 10535 10534 10536
f 10535 10536 10537
f 10538 10535 10537
f 10538 10537 10539
f 10538 10539 10540
f 10541 10540 10542
f 10541 10542 10543
f 10541 10538 10540
f 10544 10541 10543
f 10544 10531 10523
f 10544 10543 10545
f 10544 10545 10546
f 10544 10546 10531
f 10547 10544 10523
f 10548 10547 10523
f 10549 10548 10523
f 10550 10549 10523
f 10551 10552 10553
f 10551 10553 10554
f 10551 10554 10555
f 10556 10551 10555
f 10557 10558 10559
f 10560 10557 10559
f 10561 10562 10563
f 10564 10562 10561
f 10565 10566 10562
f 10565 10562 10564
f 10567 10568 10566
f 10567 10566 10565
f 10569 10570 10568
f 10569 10568 10567
f 10571 10570 10569
f 10572 10570 10571
f 10573 10570 10572
f 10574 10570 10573
f 10575 10570 10574
f 10576 10577 10570
f 10576 10570 10575
f 10578 10577 10576
f 10579 10577 10578
f 10580 10577 10579
f 10581 10577 10580
f 10582 10577 10581
f 10583 10584 10577
f 10583 10577 10582
f 10585 10584 10583
f 10586 10587 10584
f 10586 10584 10585
f 10588 10587 10586
f 10589 10587 10588
f 10590 10591 10587
f 10590 10587 10589
f 10592 10559 10591
f 10592 10591 10590
f 10593 10594 10595
f 10593 10595 10596
f 10597 10593 10596
f 10598 10594 10593
f 10563 10599 10600
f 10561 10563 10600
f 10601 10602 10603
f 10601 10604 10602
f 10601 10605 10604
f 10606 10607 10601
f 10608 10606 10601
f 10609 10601 10607
f 10610 10608 10601
f 10611 10601 10609
f 10612 10608 10610
f 10613 10612 10610
f 10614 10601 10611
f 10615 10605 10601
f 10615 10601 10614
f 10616 10613 10610
f 10617 10615 10614
f 10618 10615 10617
f 10619 10616 10610
f 10620 10615 10618
f 10621 10619 10610
f 10622 10615 10620
f 10623 10622 10620
f 10624 10621 10610
f 10625 10622 10623
f 10625 10623 10626
f 10627 10625 10626
f 10628 10625 10627
f 10628 10627 10629
f 10630 10624 10610
f 10630 10631 10632
f 10630 10632 10633
f 10630 10633 10624
f 10634 10628 10629
f 10635 10631 10630
f 10636 10635 10630
f 10637 10628 10634
f 10637 10634 10638
f 10639 10637 10638
f 10640 10637 10639
f 10640 10639 10641
f 10640 10641 10642
f 10643 10642 10644
f 10643 10644 10645
f 10643 10640 10642
f 10646 10645 10647
f 10646 10647 10648
f 10646 10643 10645
f 10649 10646 10648
f 10649 10648 10650
f 10651 10636 10630
f 10651 10650 10652
f 10651 10652 10653
f 10651 10653 10636
f 10651 10649 10650
f 10654 10651 10630
f 10655 10654 10630
f 10656 10655 10630
f 10657 10656 10630
f 10658 10659 10660
f 10658 10660 10661
f 10662 10661 10663
f 10662 10658 10661
f 10664 10663 10665
f 10664 10662 10663
f 10666 10665 10667
f 10666 10664 10665
f 10668 10667 10669
f 10668 10666 10667
f 10670 10668 10669
f 10670 10669 10671
f 10670 10671 10672
f 10673 10670 10672
f 10674 10673 10672
f 10674 10672 10675
f 10676 10674 10675
f 10676 10675 10677
f 10678 10676 10677
f 10678 10677 10679
f 10680 10678 10679
f 10680 10679 10681
f 10682 10680 10681
f 10682 10681 10683
f 10684 10682 10683
f 10684 10683 10685
f 10686 10684 10685
f 10686 10685 10687
f 10688 10686 10687
f 10688 10687 10689
f 10690 10688 10689
f 10690 10689 10691
f 10692 10690 10691
f 10692 10691 10693
f 10694 10692 10693
f 10694 10693 10695
f 10696 10694 10695
f 10696 10695 10697
f 10698 10696 10697
f 10698 10697 10699
f 10700 10699 10701
f 10700 10698 10699
f 10700 10701 10702
f 10703 10700 10702
f 10704 10702 10705
f 10704 10705 10706
f 10704 10703 10702
f 10707 10704 10706
f 10708 10706 10709
f 10708 10707 10706
f 10710 10709 10711
f 10710 10708 10709
f 10712 10711 10713
f 10712 10710 10711
f 10714 10713 10715
f 10714 10712 10713
f 10716 10715 10717
f 10716 10714 10715
f 10718 10717 10719
f 10718 10716 10717
f 10720 10718 10719
f 10720 10719 10721
f 10722 10720 10721
f 10722 10721 10723
f 10724 10722 10723
f 10724 10723 10725
f 10724 10725 10726
f 10727 10726 10728
f 10727 10724 10726
f 10729 10727 10728
f 10730 10729 10728
f 10730 10728 10731

