<?xml version="1.0" encoding="utf-8"?>
<COLLADA xmlns="http://www.collada.org/2005/11/COLLADASchema" version="1.4.1" xmlns:xsi="http://www.w3.org/2001/XMLSchema-instance">
  <asset>
    <contributor>
      <author>Blender User</author>
      <authoring_tool>Blender 4.4.0 commit date:2025-03-17, commit time:17:00, hash:05377985c527</authoring_tool>
    </contributor>
    <created>2025-11-21T15:08:22</created>
    <modified>2025-11-21T15:08:22</modified>
    <unit name="meter" meter="1"/>
    <up_axis>Z_UP</up_axis>
  </asset>
  <library_effects>
    <effect id="mat_1_005-effect">
      <profile_COMMON>
        <technique sid="common">
          <lambert>
            <emission>
              <color sid="emission">0 0 0 1</color>
            </emission>
            <diffuse>
              <color sid="diffuse">0.6 0.6 0.6 1</color>
            </diffuse>
            <index_of_refraction>
              <float sid="ior">1.5</float>
            </index_of_refraction>
          </lambert>
        </technique>
      </profile_COMMON>
    </effect>
    <effect id="mat_2_005-effect">
      <profile_COMMON>
        <technique sid="common">
          <lambert>
            <emission>
              <color sid="emission">0 0 0 1</color>
            </emission>
            <diffuse>
              <color sid="diffuse">0.956863 0.956863 0.956863 1</color>
            </diffuse>
            <index_of_refraction>
              <float sid="ior">1.5</float>
            </index_of_refraction>
          </lambert>
        </technique>
      </profile_COMMON>
    </effect>
    <effect id="mat_3_005-effect">
      <profile_COMMON>
        <technique sid="common">
          <lambert>
            <emission>
              <color sid="emission">0 0 0 1</color>
            </emission>
            <diffuse>
              <color sid="diffuse">0.74902 0.74902 0.74902 1</color>
            </diffuse>
            <index_of_refraction>
              <float sid="ior">1.5</float>
            </index_of_refraction>
          </lambert>
        </technique>
      </profile_COMMON>
    </effect>
    <effect id="mat_4_003-effect">
      <profile_COMMON>
        <technique sid="common">
          <lambert>
            <emission>
              <color sid="emission">0 0 0 1</color>
            </emission>
            <diffuse>
              <color sid="diffuse">0.184314 0.184314 0.184314 1</color>
            </diffuse>
            <index_of_refraction>
              <float sid="ior">1.5</float>
            </index_of_refraction>
          </lambert>
        </technique>
      </profile_COMMON>
    </effect>
  </library_effects>
  <library_images/>
  <library_materials>
    <material id="mat_1_005-material" name="mat_1.005">
      <instance_effect url="#mat_1_005-effect"/>
    </material>
    <material id="mat_2_005-material" name="mat_2.005">
      <instance_effect url="#mat_2_005-effect"/>
    </material>
    <material id="mat_3_005-material" name="mat_3.005">
      <instance_effect url="#mat_3_005-effect"/>
    </material>
    <material id="mat_4_003-material" name="mat_4.003">
      <instance_effect url="#mat_4_003-effect"/>
    </material>
  </library_materials>
  <library_geometries>
    <geometry id="link3-mesh" name="link3">
      <mesh>
        <source id="link3-mesh-positions">
          <float_array id="link3-mesh-positions-array" count="17979">-5e-4 0.07677698 -0.104 0 0.07677996 -0.104 0 0.07764995 -0.1070001 0 0.08004796 -0.1124421 0 0.08336496 -0.1176241 0 0.08748793 -0.1224501 0 0.09230494 -0.1268211 0 0.09770298 -0.1306431 0 0.1035679 -0.1338171 0 0.1097869 -0.136247 0 0.1162489 -0.137836 0 0.1200139 -0.1383301 0 0.1237999 -0.1385 -0.001001 0.1237999 -0.1385101 -0.002000987 0.1237999 -0.1385411 -0.002999961 0.1237999 -0.1385921 -0.011123 0.1237999 -0.139779 -0.01893299 0.1237999 -0.142306 -0.02621197 0.1237999 -0.1461001 -0.03275597 0.1237999 -0.1510571 -0.03837996 0.1237999 -0.1570371 -0.04292696 0.1237999 -0.1638721 -0.04626899 0.1237999 -0.1713691 -0.04831194 0.1237999 -0.17932 -0.04899996 0.1237999 -0.1875001 -0.04831194 0.1237999 -0.19568 -0.04626899 0.1237999 -0.2036311 -0.04292696 0.1237999 -0.2111281 -0.03837996 0.1237999 -0.217963 -0.03275597 0.1237999 -0.2239431 -0.02621197 0.1237999 -0.2289001 -0.01893299 0.1237999 -0.232694 -0.011123 0.1237999 -0.235221 -0.002999961 0.1237999 -0.2364081 -0.002000987 0.1237999 -0.2364591 -0.001001 0.1237999 -0.2364901 0 0.1237999 -0.2365 0.001001 0.1237999 -0.2364901 0.002000987 0.1237999 -0.2364591 0.002999961 0.1237999 -0.2364081 0.011123 0.1237999 -0.235221 0.01893299 0.1237999 -0.232694 0.02621197 0.1237999 -0.2289001 0.03275597 0.1237999 -0.2239431 0.03837996 0.1237999 -0.217963 0.04292696 0.1237999 -0.2111281 0.04626899 0.1237999 -0.2036311 0.04831194 0.1237999 -0.19568 0.04899996 0.1237999 -0.1875001 0.04831194 0.1237999 -0.17932 0.04626899 0.1237999 -0.1713691 0.04292696 0.1237999 -0.1638721 0.03837996 0.1237999 -0.1570371 0.03275597 0.1237999 -0.1510571 0.02621197 0.1237999 -0.1461001 0.01893299 0.1237999 -0.142306 0.011123 0.1237999 -0.139779 0.002999961 0.1237999 -0.1385921 0.002000987 0.1237999 -0.1385411 0.001001 0.1237999 -0.1385101 0 0.1237999 -0.1385 0 0.07764995 -0.1070001 0 0.08004796 -0.1124421 0 0.08336496 -0.1176241 0 0.08748793 -0.1224501 0 0.09230494 -0.1268211 0 0.09770298 -0.1306431 0 0.1035679 -0.1338171 0 0.1097869 -0.136247 0 0.1162489 -0.137836 0 0.1200139 -0.1383301 0 0.07677996 -0.104 5.02e-4 0.07677698 -0.104 5.01e-4 0.07629597 -0.1014901 5e-4 0.07604098 -0.09900009 0.01293098 0.0749129 -0.09900009 0.024984 0.07174789 -0.09900009 0.03403699 0.06787192 -0.09900009 0.04210597 0.06313598 -0.09900009 0.04953396 0.05744898 -0.09900009 0.05622696 0.05087792 -0.09900009 0.06205296 0.04355299 -0.09900009 0.066935 0.03557693 -0.09900009 0.070813 0.02704095 -0.09900009 0.07360899 0.01810395 -0.09900009 0.07528597 0.00890696 -0.09900009 0.07582098 -4.47988e-4 -0.09900009 0.07520198 -0.009797096 -0.09900009 0.07344096 -0.01897799 -0.09900009 0.07055997 -0.02788805 -0.09900009 0.06659996 -0.03638505 -0.09900009 0.06163597 -0.04430806 -0.09900009 0.05572897 -0.05156803 -0.09900009 0.04895895 -0.05805599 -0.09900009 0.041462 -0.063645 -0.09900009 0.03332996 -0.06827104 -0.09900009 0.02466797 -0.07186806 -0.09900009 0.01565295 -0.07436203 -0.09900009 0.008126974 -0.07556009 -0.09900009 5e-4 -0.07599508 -0.09900009 4.97e-4 -0.07593905 -0.104 -4.97e-4 -0.07593905 -0.104 -5e-4 -0.07599508 -0.09900009 -0.01303499 -0.07486701 -0.09900009 -0.02520596 -0.07168006 -0.09900009 -0.03386896 -0.06800508 -0.09900009 -0.04202997 -0.06327009 -0.09900009 -0.04954397 -0.05755603 -0.09900009 -0.05630499 -0.05093502 -0.09900009 -0.06217497 -0.043545 -0.09900009 -0.06708198 -0.035483 -0.09900009 -0.07095897 -0.02685105 -0.09900009 -0.07372695 -0.01782608 -0.09900009 -0.07535398 -0.008531093 -0.09900009 -0.07581496 9.19938e-4 -0.09900009 -0.07510095 0.01033699 -0.09900009 -0.07322895 0.01958298 -0.09900009 -0.07021695 0.02855098 -0.09900009 -0.066123 0.03706693 -0.09900009 -0.06101596 0.04499995 -0.09900009 -0.05495494 0.05225694 -0.09900009 -0.04804295 0.05870997 -0.09900009 -0.04040294 0.06424891 -0.09900009 -0.03212594 0.06880795 -0.09900009 -0.02333098 0.07230997 -0.09900009 -0.01416796 0.07468497 -0.09900009 -0.007365942 0.07567799 -0.09900009 -5e-4 0.07604098 -0.09900009 -5e-4 0.07629597 -0.1014901 0.02113497 0.07392394 -0.1063281 0.02077895 0.07488501 -0.1092981 0.02496498 0.07337296 -0.1096361 0.02906799 0.07159292 -0.110042 0.02856397 0.072824 -0.113125 0.03248298 0.0708009 -0.113705 0.03189998 0.07230496 -0.1167941 0.03562796 0.07005989 -0.1175611 0.06200599 0.03944993 -0.136883 0.04084199 0.07570791 -0.1363531 0.01929897 0.1078588 -0.1395931 0.02397298 0.1028969 -0.1400581 0.05484396 0.05774295 -0.1470301 0.02802699 0.1012839 -0.141938 0.02342998 0.1066989 -0.1411941 0.01885998 0.1115599 -0.1404891 0.05712896 0.05304598 -0.14999 0.05856996 0.04943299 -0.1521921 0.06720298 0.008979916 -0.149568 0.05978596 0.045753 -0.154443 0.06105995 0.04070997 -0.1576151 0.06615197 -7.08103e-4 -0.1536201 0.06173497 0.03691196 -0.159942 0.05196696 0.07228696 -0.1585851 0.06225895 0.03174495 -0.1631901 0.06383997 -0.01016008 -0.1575801 0.06237399 0.02788698 -0.165557 0.06225097 0.02403295 -0.167927 0.06029498 -0.0192101 -0.161383 0.05572795 0.06338 -0.1667391 0.06169497 0.01886594 -0.1711701 0.05763596 -0.02434003 -0.163529 0.061019 0.01507496 -0.173502 0.05722796 0.05609393 -0.1734691 0.05971795 0.01003193 -0.1766651 0.05229794 -0.03238606 -0.1669371 0.05849695 0.006363987 -0.1789231 0.05646997 0.001544952 -0.1819431 0.04595595 -0.03961503 -0.1700181 0.05472797 -0.001923084 -0.184077 0.05278295 -0.005273103 -0.186142 0.03874295 -0.04588007 -0.172708 0.04980796 -0.009609103 -0.1888561 0.03409296 -0.04909908 -0.1740921 0.04739797 -0.01266205 -0.1907361 0.05288195 0.032377 -0.1953281 0.04382997 -0.01654803 -0.1931661 0.02577495 -0.05357408 -0.1760451 0.04100596 -0.01924002 -0.194824 0.03692197 -0.02259206 -0.1969181 0.04754894 0.02402496 -0.2029511 0.03375297 -0.02485203 -0.1983081 0.012555 -0.05726206 -0.1789821 0.03045397 -0.02691507 -0.1995781 0.04207497 0.01810598 -0.2083271 0.02578198 -0.029374 -0.201112 0.02222096 -0.03094208 -0.2020761 0 -0.05794501 -0.1806051 0.03561699 0.01290392 -0.2130081 0.01725596 -0.03269302 -0.2031671 -0.01271998 -0.05722701 -0.1789661 0.02623999 0.007543921 -0.2177581 0.007308959 -0.0332911 -0.2056061 0.002109944 -0.03372001 -0.2058761 0.001474976 -0.03374004 -0.2058891 8.4e-4 -0.03375303 -0.205897 2.05e-4 -0.03375899 -0.205901 -2.05e-4 -0.03375899 -0.205901 -8.4e-4 -0.03375303 -0.205897 -0.02609395 -0.05342805 -0.1759811 -0.001474976 -0.03374004 -0.2058891 0.01811796 0.00445497 -0.220462 -0.002109944 -0.03372001 -0.2058761 -0.007308959 -0.03329002 -0.2056061 -0.034419 -0.04889106 -0.1740021 -0.039092 -0.04561305 -0.1725941 0.005703985 0.003515005 -0.2230451 -0.01748198 -0.03262305 -0.2031251 0.002092957 0.003282904 -0.2232441 0.001306951 0.00326097 -0.223263 5.2e-4 0.003248929 -0.223273 -0.02243995 -0.03085303 -0.2020211 -5.2e-4 0.003248929 -0.223273 -0.04630798 -0.03926408 -0.1698691 -0.001306951 0.00326097 -0.223263 -0.002092957 0.003282904 -0.2232441 -0.02600699 -0.02926504 -0.201045 -0.005703985 0.003515005 -0.2230451 -0.03066897 -0.02678799 -0.1995 -0.05263096 -0.03194904 -0.166752 -0.03398799 -0.02469301 -0.1982101 -0.03717595 -0.02239704 -0.196798 -0.05793398 -0.02381503 -0.163309 -0.01825499 0.004496932 -0.2204251 -0.04124498 -0.01902604 -0.1946921 -0.06057196 -0.01861202 -0.1611331 -0.04408097 -0.016294 -0.19301 -0.02637499 0.007607936 -0.217702 -0.04762697 -0.01238906 -0.190568 -0.06404697 -0.009479045 -0.1572971 -0.05003899 -0.009297013 -0.1886631 -0.05298697 -0.004944086 -0.1859391 -0.03576898 0.01301193 -0.212913 -0.06628495 4.49419e-5 -0.153308 -0.05492895 -0.001550078 -0.183848 -0.05666095 0.001961946 -0.1816861 -0.067236 0.009799957 -0.1492291 -0.04222398 0.0182439 -0.208204 -0.05864995 0.006796002 -0.1786571 -0.05985397 0.0105009 -0.1763761 -0.04768198 0.024194 -0.202799 -0.06112098 0.01555395 -0.1732071 -0.06177496 0.01938498 -0.1708511 -0.06228697 0.02455592 -0.1676051 -0.05298799 0.03259789 -0.1951271 -0.06237196 0.02845001 -0.165211 -0.06221598 0.03233695 -0.1628261 -0.060018 0.04397797 -0.134953 -0.06164199 0.03749895 -0.1595821 -0.06092697 0.04132699 -0.1572371 -0.05960595 0.04635798 -0.1540721 -0.05833899 0.05006396 -0.1518071 -0.05629199 0.05486392 -0.1487851 -0.02825695 0.07196998 -0.109956 -0.05718696 0.05640196 -0.1731891 -0.02020096 0.07421791 -0.1062811 -0.03174799 0.07120394 -0.1135891 -0.05450397 0.05836093 -0.1466541 -0.0241 0.07371199 -0.1095601 -0.03495997 0.07048392 -0.117416 -0.027767 0.07319891 -0.113018 -0.01985996 0.07517898 -0.1092331 -0.03117698 0.07270395 -0.116658 -0.05563294 0.06369996 -0.166451 -0.05277597 0.07074594 -0.159964 -0.04049098 0.07602095 -0.1361601 -0.02342998 0.1066989 -0.1411941 -0.02802699 0.1012839 -0.141938 -0.02397298 0.1028969 -0.1400581 -0.01929998 0.1078588 -0.1395921 -0.01886099 0.1115599 -0.1404891 0.02220499 0.08514499 -0.1269561 0.02174699 0.08777499 -0.1292161 0.02129 0.09058392 -0.131322 -0.02198499 0.08523499 -0.126906 -0.04219198 0.088382 -0.1498351 -0.02153199 0.08786094 -0.129163 -0.021079 0.090667 -0.1312671 0 0.7296 -0.1440001 0.007553994 0.7296 -0.1446611 0.01487797 0.7296 -0.1466231 0.02174997 0.7296 -0.1498281 0.02796095 0.7296 -0.1541771 0.03332298 0.7296 -0.1595391 0.03767198 0.7296 -0.16575 0.04087698 0.7296 -0.172622 0.04283899 0.7296 -0.1799461 0.04349994 0.7296 -0.1875001 0.04283899 0.7296 -0.1950541 0.04087698 0.7296 -0.202378 0.03767198 0.7296 -0.20925 0.03332298 0.7296 -0.2154611 0.02796095 0.7296 -0.2208231 0.02174997 0.7296 -0.2251721 0.01487797 0.7296 -0.2283771 0.007553994 0.7296 -0.2303391 0 0.7296 -0.2310001 -0.007553994 0.7296 -0.2303391 -0.01487797 0.7296 -0.2283771 -0.02174997 0.7296 -0.2251721 -0.02796095 0.7296 -0.2208231 -0.03332298 0.7296 -0.2154611 -0.03767198 0.7296 -0.20925 -0.04087698 0.7296 -0.202378 -0.04283899 0.7296 -0.1950541 -0.04349994 0.7296 -0.1875001 -0.04283899 0.7296 -0.1799461 -0.04087698 0.7296 -0.172622 -0.03767198 0.7296 -0.16575 -0.03332298 0.7296 -0.1595391 -0.02796095 0.7296 -0.1541771 -0.02174997 0.7296 -0.1498281 -0.01487797 0.7296 -0.1466231 -0.007553994 0.7296 -0.1446611 0 0.7296 -0.1440001 0 0.7163 -0.1440001 0 0.7163 -0.1440001 -0.007553994 0.7163 -0.1446611 -0.01487797 0.7163 -0.1466231 -0.02174997 0.7163 -0.1498281 -0.02796095 0.7163 -0.1541771 -0.03332298 0.7163 -0.1595391 -0.03767198 0.7163 -0.16575 -0.04087698 0.7163 -0.172622 -0.04283899 0.7163 -0.1799461 -0.04349994 0.7163 -0.1875001 -0.04283899 0.7163 -0.1950541 -0.04087698 0.7163 -0.202378 -0.03767198 0.7163 -0.20925 -0.03332298 0.7163 -0.2154611 -0.02796095 0.7163 -0.2208231 -0.02174997 0.7163 -0.2251721 -0.01487797 0.7163 -0.2283771 -0.007553994 0.7163 -0.2303391 0 0.7163 -0.2310001 0.007553994 0.7163 -0.2303391 0.01487797 0.7163 -0.2283771 0.02174997 0.7163 -0.2251721 0.02796095 0.7163 -0.2208231 0.03332298 0.7163 -0.2154611 0.03767198 0.7163 -0.20925 0.04087698 0.7163 -0.202378 0.04283899 0.7163 -0.1950541 0.04349994 0.7163 -0.1875001 0.04283899 0.7163 -0.1799461 0.04087698 0.7163 -0.172622 0.03767198 0.7163 -0.16575 0.03332298 0.7163 -0.1595391 0.02796095 0.7163 -0.1541771 0.02174997 0.7163 -0.1498281 0.01487797 0.7163 -0.1466231 0.007553994 0.7163 -0.1446611 0 0.7163 -0.1388 -0.008456945 0.7163 -0.1395401 -0.01665598 0.7163 -0.1417371 -0.02434998 0.7163 -0.1453251 -0.031304 0.7163 -0.1501941 -0.03730595 0.7163 -0.1561961 -0.04217499 0.7163 -0.1631501 -0.04576295 0.7163 -0.1708441 -0.04795998 0.7163 -0.1790431 -0.04869997 0.7163 -0.1875001 -0.04795998 0.7163 -0.1959571 -0.04576295 0.7163 -0.2041561 -0.04217499 0.7163 -0.2118501 -0.03730595 0.7163 -0.2188041 -0.031304 0.7163 -0.2248061 -0.02434998 0.7163 -0.2296751 -0.01665598 0.7163 -0.2332631 -0.008456945 0.7163 -0.2354601 0 0.7163 -0.2362 0.008456945 0.7163 -0.2354601 0.01665598 0.7163 -0.2332631 0.02434998 0.7163 -0.2296751 0.031304 0.7163 -0.2248061 0.03730595 0.7163 -0.2188041 0.04217499 0.7163 -0.2118501 0.04576295 0.7163 -0.2041561 0.04795998 0.7163 -0.1959571 0.04869997 0.7163 -0.1875001 0.04795998 0.7163 -0.1790431 0.04576295 0.7163 -0.1708441 0.04217499 0.7163 -0.1631501 0.03730595 0.7163 -0.1561961 0.031304 0.7163 -0.1501941 0.02434998 0.7163 -0.1453251 0.01665598 0.7163 -0.1417371 0.008456945 0.7163 -0.1395401 0 0.7163 -0.1440001 -0.007553994 0.7163 -0.1446611 -0.01487797 0.7163 -0.1466231 -0.02174997 0.7163 -0.1498281 -0.02796095 0.7163 -0.1541771 -0.03332298 0.7163 -0.1595391 -0.03767198 0.7163 -0.16575 -0.04087698 0.7163 -0.172622 -0.04283899 0.7163 -0.1799461 -0.04349994 0.7163 -0.1875001 -0.04283899 0.7163 -0.1950541 -0.04087698 0.7163 -0.202378 -0.03767198 0.7163 -0.20925 -0.03332298 0.7163 -0.2154611 -0.02796095 0.7163 -0.2208231 -0.02174997 0.7163 -0.2251721 -0.01487797 0.7163 -0.2283771 -0.007553994 0.7163 -0.2303391 0 0.7163 -0.2310001 0.007553994 0.7163 -0.2303391 0.01487797 0.7163 -0.2283771 0.02174997 0.7163 -0.2251721 0.02796095 0.7163 -0.2208231 0.03332298 0.7163 -0.2154611 0.03767198 0.7163 -0.20925 0.04087698 0.7163 -0.202378 0.04283899 0.7163 -0.1950541 0.04349994 0.7163 -0.1875001 0.04283899 0.7163 -0.1799461 0.04087698 0.7163 -0.172622 0.03767198 0.7163 -0.16575 0.03332298 0.7163 -0.1595391 0.02796095 0.7163 -0.1541771 0.02174997 0.7163 -0.1498281 0.01487797 0.7163 -0.1466231 0.007553994 0.7163 -0.1446611 -5e-4 0.07604098 -0.104 -5e-4 0.07677698 -0.104 5e-4 0.07604098 -0.104 4.9e-4 0.07594299 -0.104 4.61e-4 0.07585 -0.104 4.15e-4 0.07576394 -0.104 3.53e-4 0.075688 -0.104 2.77e-4 0.07562589 -0.104 1.91e-4 0.07558 -0.104 9.7e-5 0.07555198 -0.104 0 0.07554197 -0.104 -9.7e-5 0.07555198 -0.104 -1.91e-4 0.07558 -0.104 -2.77e-4 0.07562589 -0.104 -3.53e-4 0.075688 -0.104 -4.15e-4 0.07576394 -0.104 -4.61e-4 0.07585 -0.104 -4.9e-4 0.07594299 -0.104 5.02e-4 0.07677698 -0.104 0 0.07677996 -0.104 5e-4 0.07604098 -0.09900009 5e-4 0.07604098 -0.104 5.02e-4 0.07677698 -0.104 5.01e-4 0.07629597 -0.1014901 5e-4 0.07604098 -0.09900009 0.01293098 0.0749129 -0.09900009 0.024984 0.07174789 -0.09900009 0.03403699 0.06787192 -0.09900009 0.04210597 0.06313598 -0.09900009 0.04953396 0.05744898 -0.09900009 0.05622696 0.05087792 -0.09900009 0.06205296 0.04355299 -0.09900009 0.066935 0.03557693 -0.09900009 0.070813 0.02704095 -0.09900009 0.07360899 0.01810395 -0.09900009 0.07528597 0.00890696 -0.09900009 0.07582098 -4.47988e-4 -0.09900009 0.07520198 -0.009797096 -0.09900009 0.07344096 -0.01897799 -0.09900009 0.07055997 -0.02788805 -0.09900009 0.06659996 -0.03638505 -0.09900009 0.06163597 -0.04430806 -0.09900009 0.05572897 -0.05156803 -0.09900009 0.04895895 -0.05805599 -0.09900009 0.041462 -0.063645 -0.09900009 0.03332996 -0.06827104 -0.09900009 0.02466797 -0.07186806 -0.09900009 0.01565295 -0.07436203 -0.09900009 0.008126974 -0.07556009 -0.09900009 5e-4 -0.07599508 -0.09900009 4.9e-4 0.07594299 -0.09900009 4.61e-4 0.07585 -0.09900009 4.15e-4 0.07576394 -0.09900009 3.53e-4 0.075688 -0.09900009 2.77e-4 0.07562589 -0.09900009 1.91e-4 0.07558 -0.09900009 9.7e-5 0.07555198 -0.09900009 0 0.07554197 -0.09900009 -9.7e-5 0.07555198 -0.09900009 -1.91e-4 0.07558 -0.09900009 -2.77e-4 0.07562589 -0.09900009 -3.53e-4 0.075688 -0.09900009 -4.15e-4 0.07576394 -0.09900009 -4.61e-4 0.07585 -0.09900009 -4.9e-4 0.07594299 -0.09900009 -5e-4 0.07604098 -0.09900009 -5e-4 -0.07599508 -0.09900009 -0.01303499 -0.07486701 -0.09900009 -0.02520596 -0.07168006 -0.09900009 -0.03386896 -0.06800508 -0.09900009 -0.04202997 -0.06327009 -0.09900009 -0.04954397 -0.05755603 -0.09900009 -0.05630499 -0.05093502 -0.09900009 -0.06217497 -0.043545 -0.09900009 -0.06708198 -0.035483 -0.09900009 -0.07095897 -0.02685105 -0.09900009 -0.07372695 -0.01782608 -0.09900009 -0.07535398 -0.008531093 -0.09900009 -0.07581496 9.19938e-4 -0.09900009 -0.07510095 0.01033699 -0.09900009 -0.07322895 0.01958298 -0.09900009 -0.07021695 0.02855098 -0.09900009 -0.066123 0.03706693 -0.09900009 -0.06101596 0.04499995 -0.09900009 -0.05495494 0.05225694 -0.09900009 -0.04804295 0.05870997 -0.09900009 -0.04040294 0.06424891 -0.09900009 -0.03212594 0.06880795 -0.09900009 -0.02333098 0.07230997 -0.09900009 -0.01416796 0.07468497 -0.09900009 -0.007365942 0.07567799 -0.09900009 -4.9e-4 -0.07589805 -0.09900009 -4.61e-4 -0.07580399 -0.09900009 -4.15e-4 -0.07571804 -0.09900009 -3.53e-4 -0.07564306 -0.09900009 -2.77e-4 -0.07558107 -0.09900009 -1.91e-4 -0.07553505 -0.09900009 -9.7e-5 -0.07550704 -0.09900009 0 -0.07549703 -0.09900009 9.7e-5 -0.07550704 -0.09900009 1.91e-4 -0.07553505 -0.09900009 2.77e-4 -0.07558107 -0.09900009 3.53e-4 -0.07564306 -0.09900009 4.15e-4 -0.07571804 -0.09900009 4.61e-4 -0.07580399 -0.09900009 4.9e-4 -0.07589805 -0.09900009 0.07199996 0 -0.09900009 0.07090598 0.0125029 -0.09900009 0.067658 0.02462494 -0.09900009 0.06235396 0.03599989 -0.09900009 0.05515497 0.04628098 -0.09900009 0.04628098 0.05515491 -0.09900009 0.03599995 0.06235396 -0.09900009 0.024625 0.06765794 -0.09900009 0.01250296 0.07090592 -0.09900009 0 0.0719999 -0.09900009 -0.01250296 0.07090592 -0.09900009 -0.024625 0.06765794 -0.09900009 -0.03599995 0.06235396 -0.09900009 -0.04628098 0.05515491 -0.09900009 -0.05515497 0.04628098 -0.09900009 -0.06235396 0.03599989 -0.09900009 -0.067658 0.02462494 -0.09900009 -0.07090598 0.0125029 -0.09900009 -0.07199996 0 -0.09900009 -0.07090598 -0.01250302 -0.09900009 -0.067658 -0.02462506 -0.09900009 -0.06235396 -0.03600001 -0.09900009 -0.05515497 -0.04628109 -0.09900009 -0.04628098 -0.05515503 -0.09900009 -0.03599995 -0.06235408 -0.09900009 -0.024625 -0.06765806 -0.09900009 -0.01250296 -0.07090604 -0.09900009 0 -0.07200002 -0.09900009 0.01250296 -0.07090604 -0.09900009 0.024625 -0.06765806 -0.09900009 0.03599995 -0.06235408 -0.09900009 0.04628098 -0.05515503 -0.09900009 0.05515497 -0.04628109 -0.09900009 0.06235396 -0.03600001 -0.09900009 0.067658 -0.02462506 -0.09900009 0.07090598 -0.01250302 -0.09900009 -4.97e-4 -0.07593905 -0.104 -4.76e-4 -0.07584404 -0.104 -4.38e-4 -0.075755 -0.104 -3.83e-4 -0.07567501 -0.104 -3.14e-4 -0.07560801 -0.104 -2.33e-4 -0.07555401 -0.104 -1.43e-4 -0.07551801 -0.104 -4.8e-5 -0.07549905 -0.104 4.8e-5 -0.07549905 -0.104 1.43e-4 -0.07551801 -0.104 2.33e-4 -0.07555401 -0.104 3.14e-4 -0.07560801 -0.104 3.83e-4 -0.07567501 -0.104 4.38e-4 -0.075755 -0.104 4.76e-4 -0.07584404 -0.104 4.97e-4 -0.07593905 -0.104 -5e-4 -0.07599508 -0.09900009 -4.9e-4 -0.07589805 -0.09900009 -4.61e-4 -0.07580399 -0.09900009 -4.15e-4 -0.07571804 -0.09900009 -3.53e-4 -0.07564306 -0.09900009 -2.77e-4 -0.07558107 -0.09900009 -1.91e-4 -0.07553505 -0.09900009 -9.7e-5 -0.07550704 -0.09900009 0 -0.07549703 -0.09900009 9.7e-5 -0.07550704 -0.09900009 1.91e-4 -0.07553505 -0.09900009 2.77e-4 -0.07558107 -0.09900009 3.53e-4 -0.07564306 -0.09900009 4.15e-4 -0.07571804 -0.09900009 4.61e-4 -0.07580399 -0.09900009 4.9e-4 -0.07589805 -0.09900009 5e-4 -0.07599508 -0.09900009 4.97e-4 -0.07593905 -0.104 -4.97e-4 -0.07593905 -0.104 -4.76e-4 -0.07584404 -0.104 -4.38e-4 -0.075755 -0.104 -3.83e-4 -0.07567501 -0.104 -3.14e-4 -0.07560801 -0.104 -2.33e-4 -0.07555401 -0.104 -1.43e-4 -0.07551801 -0.104 -4.8e-5 -0.07549905 -0.104 4.8e-5 -0.07549905 -0.104 1.43e-4 -0.07551801 -0.104 2.33e-4 -0.07555401 -0.104 3.14e-4 -0.07560801 -0.104 3.83e-4 -0.07567501 -0.104 4.38e-4 -0.075755 -0.104 4.76e-4 -0.07584404 -0.104 -5e-4 0.07604098 -0.09900009 -5e-4 0.07629597 -0.1014901 -5e-4 0.07677698 -0.104 -5e-4 0.07604098 -0.104 -5e-4 0.07604098 -0.09900009 -5e-4 0.07604098 -0.104 5e-4 0.07604098 -0.104 4.9e-4 0.07594299 -0.104 4.61e-4 0.07585 -0.104 4.15e-4 0.07576394 -0.104 3.53e-4 0.075688 -0.104 2.77e-4 0.07562589 -0.104 1.91e-4 0.07558 -0.104 9.7e-5 0.07555198 -0.104 0 0.07554197 -0.104 -9.7e-5 0.07555198 -0.104 -1.91e-4 0.07558 -0.104 -2.77e-4 0.07562589 -0.104 -3.53e-4 0.075688 -0.104 -4.15e-4 0.07576394 -0.104 -4.61e-4 0.07585 -0.104 -4.9e-4 0.07594299 -0.104 5e-4 0.07604098 -0.09900009 4.9e-4 0.07594299 -0.09900009 4.61e-4 0.07585 -0.09900009 4.15e-4 0.07576394 -0.09900009 3.53e-4 0.075688 -0.09900009 2.77e-4 0.07562589 -0.09900009 1.91e-4 0.07558 -0.09900009 9.7e-5 0.07555198 -0.09900009 0 0.07554197 -0.09900009 -9.7e-5 0.07555198 -0.09900009 -1.91e-4 0.07558 -0.09900009 -2.77e-4 0.07562589 -0.09900009 -3.53e-4 0.075688 -0.09900009 -4.15e-4 0.07576394 -0.09900009 -4.61e-4 0.07585 -0.09900009 -4.9e-4 0.07594299 -0.09900009 0.07199996 0 -0.09750008 0.07090598 0.0125029 -0.09750008 0.067658 0.02462494 -0.09750008 0.06235396 0.03599989 -0.09750008 0.05515497 0.04628098 -0.09750008 0.04628098 0.05515491 -0.09750008 0.03599995 0.06235396 -0.09750008 0.024625 0.06765794 -0.09750008 0.01250296 0.07090592 -0.09750008 0 0.0719999 -0.09750008 -0.01250296 0.07090592 -0.09750008 -0.024625 0.06765794 -0.09750008 -0.03599995 0.06235396 -0.09750008 -0.04628098 0.05515491 -0.09750008 -0.05515497 0.04628098 -0.09750008 -0.06235396 0.03599989 -0.09750008 -0.067658 0.02462494 -0.09750008 -0.07090598 0.0125029 -0.09750008 -0.07199996 0 -0.09750008 -0.07090598 -0.01250302 -0.09750008 -0.067658 -0.02462506 -0.09750008 -0.06235396 -0.03600001 -0.09750008 -0.05515497 -0.04628109 -0.09750008 -0.04628098 -0.05515503 -0.09750008 -0.03599995 -0.06235408 -0.09750008 -0.024625 -0.06765806 -0.09750008 -0.01250296 -0.07090604 -0.09750008 0 -0.07200002 -0.09750008 0.01250296 -0.07090604 -0.09750008 0.024625 -0.06765806 -0.09750008 0.03599995 -0.06235408 -0.09750008 0.04628098 -0.05515503 -0.09750008 0.05515497 -0.04628109 -0.09750008 0.06235396 -0.03600001 -0.09750008 0.067658 -0.02462506 -0.09750008 0.07090598 -0.01250302 -0.09750008 0.07199996 0 -0.09750008 0.07199996 0 -0.09900009 0.07090598 0.0125029 -0.09900009 0.067658 0.02462494 -0.09900009 0.06235396 0.03599989 -0.09900009 0.05515497 0.04628098 -0.09900009 0.04628098 0.05515491 -0.09900009 0.03599995 0.06235396 -0.09900009 0.024625 0.06765794 -0.09900009 0.01250296 0.07090592 -0.09900009 0 0.0719999 -0.09900009 -0.01250296 0.07090592 -0.09900009 -0.024625 0.06765794 -0.09900009 -0.03599995 0.06235396 -0.09900009 -0.04628098 0.05515491 -0.09900009 -0.05515497 0.04628098 -0.09900009 -0.06235396 0.03599989 -0.09900009 -0.067658 0.02462494 -0.09900009 -0.07090598 0.0125029 -0.09900009 -0.07199996 0 -0.09900009 -0.07090598 -0.01250302 -0.09900009 -0.067658 -0.02462506 -0.09900009 -0.06235396 -0.03600001 -0.09900009 -0.05515497 -0.04628109 -0.09900009 -0.04628098 -0.05515503 -0.09900009 -0.03599995 -0.06235408 -0.09900009 -0.024625 -0.06765806 -0.09900009 -0.01250296 -0.07090604 -0.09900009 0 -0.07200002 -0.09900009 0.01250296 -0.07090604 -0.09900009 0.024625 -0.06765806 -0.09900009 0.03599995 -0.06235408 -0.09900009 0.04628098 -0.05515503 -0.09900009 0.05515497 -0.04628109 -0.09900009 0.06235396 -0.03600001 -0.09900009 0.067658 -0.02462506 -0.09900009 0.07090598 -0.01250302 -0.09900009 0.07199996 0 -0.09900009 0.07199996 0 -0.09750008 0.07090598 0.0125029 -0.09750008 0.067658 0.02462494 -0.09750008 0.06235396 0.03599989 -0.09750008 0.05515497 0.04628098 -0.09750008 0.04628098 0.05515491 -0.09750008 0.03599995 0.06235396 -0.09750008 0.024625 0.06765794 -0.09750008 0.01250296 0.07090592 -0.09750008 0 0.0719999 -0.09750008 -0.01250296 0.07090592 -0.09750008 -0.024625 0.06765794 -0.09750008 -0.03599995 0.06235396 -0.09750008 -0.04628098 0.05515491 -0.09750008 -0.05515497 0.04628098 -0.09750008 -0.06235396 0.03599989 -0.09750008 -0.067658 0.02462494 -0.09750008 -0.07090598 0.0125029 -0.09750008 -0.07199996 0 -0.09750008 -0.07090598 -0.01250302 -0.09750008 -0.067658 -0.02462506 -0.09750008 -0.06235396 -0.03600001 -0.09750008 -0.05515497 -0.04628109 -0.09750008 -0.04628098 -0.05515503 -0.09750008 -0.03599995 -0.06235408 -0.09750008 -0.024625 -0.06765806 -0.09750008 -0.01250296 -0.07090604 -0.09750008 0 -0.07200002 -0.09750008 0.01250296 -0.07090604 -0.09750008 0.024625 -0.06765806 -0.09750008 0.03599995 -0.06235408 -0.09750008 0.04628098 -0.05515503 -0.09750008 0.05515497 -0.04628109 -0.09750008 0.06235396 -0.03600001 -0.09750008 0.067658 -0.02462506 -0.09750008 0.07090598 -0.01250302 -0.09750008 -0.002999961 0.1237999 -0.1385921 -0.011123 0.1237999 -0.139779 -0.01893299 0.1237999 -0.142306 -0.02621197 0.1237999 -0.1461001 -0.03275597 0.1237999 -0.1510571 -0.03837996 0.1237999 -0.1570371 -0.04292696 0.1237999 -0.1638721 -0.04626899 0.1237999 -0.1713691 -0.04831194 0.1237999 -0.17932 -0.04899996 0.1237999 -0.1875001 -0.04831194 0.1237999 -0.19568 -0.04626899 0.1237999 -0.2036311 -0.04292696 0.1237999 -0.2111281 -0.03837996 0.1237999 -0.217963 -0.03275597 0.1237999 -0.2239431 -0.02621197 0.1237999 -0.2289001 -0.01893299 0.1237999 -0.232694 -0.011123 0.1237999 -0.235221 -0.002999961 0.1237999 -0.2364081 0 0.1237999 -0.1385 -0.001001 0.1237999 -0.1385101 -0.002000987 0.1237999 -0.1385411 0 0.716 -0.1385 0 0.716 -0.1385 0.00850898 0.716 -0.1392441 0.01675897 0.716 -0.1414551 0.02449995 0.716 -0.1450651 0.031497 0.716 -0.149964 0.03753596 0.716 -0.1560031 0.04243499 0.716 -0.1630001 0.046045 0.716 -0.170741 0.04825598 0.716 -0.1789911 0.04899996 0.716 -0.1875001 0.04825598 0.716 -0.196009 0.046045 0.716 -0.204259 0.04243499 0.716 -0.2120001 0.03753596 0.716 -0.2189971 0.031497 0.716 -0.225036 0.02449995 0.716 -0.2299351 0.01675897 0.716 -0.2335451 0.00850898 0.716 -0.235756 0 0.716 -0.2365 -0.00850898 0.716 -0.235756 -0.01675897 0.716 -0.2335451 -0.02449995 0.716 -0.2299351 -0.031497 0.716 -0.225036 -0.03753596 0.716 -0.2189971 -0.04243499 0.716 -0.2120001 -0.046045 0.716 -0.204259 -0.04825598 0.716 -0.196009 -0.04899996 0.716 -0.1875001 -0.04825598 0.716 -0.1789911 -0.046045 0.716 -0.170741 -0.04243499 0.716 -0.1630001 -0.03753596 0.716 -0.1560031 -0.031497 0.716 -0.149964 -0.02449995 0.716 -0.1450651 -0.01675897 0.716 -0.1414551 -0.00850898 0.716 -0.1392441 0 0.1237999 -0.1385 0.002999961 0.1237999 -0.1385921 0.002000987 0.1237999 -0.1385411 0.001001 0.1237999 -0.1385101 0.002999961 0.1237999 -0.2364081 0.011123 0.1237999 -0.235221 0.01893299 0.1237999 -0.232694 0.02621197 0.1237999 -0.2289001 0.03275597 0.1237999 -0.2239431 0.03837996 0.1237999 -0.217963 0.04292696 0.1237999 -0.2111281 0.04626899 0.1237999 -0.2036311 0.04831194 0.1237999 -0.19568 0.04899996 0.1237999 -0.1875001 0.04831194 0.1237999 -0.17932 0.04626899 0.1237999 -0.1713691 0.04292696 0.1237999 -0.1638721 0.03837996 0.1237999 -0.1570371 0.03275597 0.1237999 -0.1510571 0.02621197 0.1237999 -0.1461001 0.01893299 0.1237999 -0.142306 0.011123 0.1237999 -0.139779 0 0.1237999 -0.2365 0.001001 0.1237999 -0.2364901 0.002000987 0.1237999 -0.2364591 -0.002000987 0.1237999 -0.2364591 -0.001001 0.1237999 -0.2364901 0 0.716 -0.1385 0.00850898 0.716 -0.1392441 0.01675897 0.716 -0.1414551 0.02449995 0.716 -0.1450651 0.031497 0.716 -0.149964 0.03753596 0.716 -0.1560031 0.04243499 0.716 -0.1630001 0.046045 0.716 -0.170741 0.04825598 0.716 -0.1789911 0.04899996 0.716 -0.1875001 0.04825598 0.716 -0.196009 0.046045 0.716 -0.204259 0.04243499 0.716 -0.2120001 0.03753596 0.716 -0.2189971 0.031497 0.716 -0.225036 0.02449995 0.716 -0.2299351 0.01675897 0.716 -0.2335451 0.00850898 0.716 -0.235756 0 0.716 -0.2365 -0.00850898 0.716 -0.235756 -0.01675897 0.716 -0.2335451 -0.02449995 0.716 -0.2299351 -0.031497 0.716 -0.225036 -0.03753596 0.716 -0.2189971 -0.04243499 0.716 -0.2120001 -0.046045 0.716 -0.204259 -0.04825598 0.716 -0.196009 -0.04899996 0.716 -0.1875001 -0.04825598 0.716 -0.1789911 -0.046045 0.716 -0.170741 -0.04243499 0.716 -0.1630001 -0.03753596 0.716 -0.1560031 -0.031497 0.716 -0.149964 -0.02449995 0.716 -0.1450651 -0.01675897 0.716 -0.1414551 -0.00850898 0.716 -0.1392441 0 0.716 -0.1385 0 0.7163 -0.1388 -0.008456945 0.7163 -0.1395401 -0.01665598 0.7163 -0.1417371 -0.02434998 0.7163 -0.1453251 -0.031304 0.7163 -0.1501941 -0.03730595 0.7163 -0.1561961 -0.04217499 0.7163 -0.1631501 -0.04576295 0.7163 -0.1708441 -0.04795998 0.7163 -0.1790431 -0.04869997 0.7163 -0.1875001 -0.04795998 0.7163 -0.1959571 -0.04576295 0.7163 -0.2041561 -0.04217499 0.7163 -0.2118501 -0.03730595 0.7163 -0.2188041 -0.031304 0.7163 -0.2248061 -0.02434998 0.7163 -0.2296751 -0.01665598 0.7163 -0.2332631 -0.008456945 0.7163 -0.2354601 0 0.7163 -0.2362 0.008456945 0.7163 -0.2354601 0.01665598 0.7163 -0.2332631 0.02434998 0.7163 -0.2296751 0.031304 0.7163 -0.2248061 0.03730595 0.7163 -0.2188041 0.04217499 0.7163 -0.2118501 0.04576295 0.7163 -0.2041561 0.04795998 0.7163 -0.1959571 0.04869997 0.7163 -0.1875001 0.04795998 0.7163 -0.1790431 0.04576295 0.7163 -0.1708441 0.04217499 0.7163 -0.1631501 0.03730595 0.7163 -0.1561961 0.031304 0.7163 -0.1501941 0.02434998 0.7163 -0.1453251 0.01665598 0.7163 -0.1417371 0.008456945 0.7163 -0.1395401 0 0.7163 -0.1388 0 0.7296 -0.1440001 0.007553994 0.7296 -0.1446611 0.01487797 0.7296 -0.1466231 0.02174997 0.7296 -0.1498281 0.02796095 0.7296 -0.1541771 0.03332298 0.7296 -0.1595391 0.03767198 0.7296 -0.16575 0.04087698 0.7296 -0.172622 0.04283899 0.7296 -0.1799461 0.04349994 0.7296 -0.1875001 0.04283899 0.7296 -0.1950541 0.04087698 0.7296 -0.202378 0.03767198 0.7296 -0.20925 0.03332298 0.7296 -0.2154611 0.02796095 0.7296 -0.2208231 0.02174997 0.7296 -0.2251721 0.01487797 0.7296 -0.2283771 0.007553994 0.7296 -0.2303391 0 0.7296 -0.2310001 -0.007553994 0.7296 -0.2303391 -0.01487797 0.7296 -0.2283771 -0.02174997 0.7296 -0.2251721 -0.02796095 0.7296 -0.2208231 -0.03332298 0.7296 -0.2154611 -0.03767198 0.7296 -0.20925 -0.04087698 0.7296 -0.202378 -0.04283899 0.7296 -0.1950541 -0.04349994 0.7296 -0.1875001 -0.04283899 0.7296 -0.1799461 -0.04087698 0.7296 -0.172622 -0.03767198 0.7296 -0.16575 -0.03332298 0.7296 -0.1595391 -0.02796095 0.7296 -0.1541771 -0.02174997 0.7296 -0.1498281 -0.01487797 0.7296 -0.1466231 -0.007553994 0.7296 -0.1446611 0.04448199 0.796314 -0.18335 -0.04448199 0.796314 -0.18335 -0.04460197 0.79634 -0.183324 -0.04468995 0.796417 -0.183247 -0.04472297 0.796503 -0.1831611 -0.04472094 0.796606 -0.183058 -0.04287397 0.8029419 -0.1767221 -0.04126298 0.806741 -0.172923 -0.03931695 0.81038 -0.1692841 -0.02837097 0.8153219 -0.1643421 -0.02790296 0.8146169 -0.1650471 -0.02761 0.813867 -0.1657971 -0.02750098 0.813092 -0.166572 -0.02757799 0.812315 -0.1673491 -0.027839 0.811559 -0.1681051 -0.02827697 0.8108449 -0.1688191 -0.02887898 0.810193 -0.169471 -0.02962797 0.809623 -0.170041 -0.03050196 0.80915 -0.1705141 -0.03147697 0.808788 -0.170876 -0.03252398 0.8085469 -0.1711171 -0.03361397 0.8084359 -0.1712281 -0.03471398 0.808455 -0.171209 -0.03579396 0.8086059 -0.1710581 -0.03682297 0.808883 -0.1707801 -0.03777098 0.8092799 -0.1703841 -0.03860998 0.809783 -0.1698811 -0.03196597 0.8197249 -0.1599391 -0.027493 0.823566 -0.1560981 -0.02256298 0.8268 -0.152864 -0.017259 0.8293719 -0.150292 -0.01166796 0.831241 -0.1484231 -0.006466984 0.832295 -0.147369 -0.001709997 0.832722 -0.1469421 0.00306499 0.8326509 -0.1470131 0.007806956 0.832083 -0.1475811 0.01246398 0.831023 -0.1486411 0.01698499 0.829482 -0.1501821 0.02132099 0.827479 -0.152185 0.02542495 0.8250339 -0.1546301 0.02881795 0.822531 -0.1571331 0.03196597 0.8197249 -0.1599391 0.02837097 0.8153219 -0.1643421 0.02775096 0.81176 -0.1679041 0.02754497 0.812482 -0.167182 0.02750599 0.813218 -0.166446 0.02763295 0.813949 -0.165715 0.027924 0.8146559 -0.1650081 0.02958095 0.8096529 -0.1700111 0.03931695 0.81038 -0.1692841 0.03860598 0.80978 -0.169884 0.03775995 0.8092749 -0.1703891 0.03680598 0.808878 -0.170786 0.03576999 0.8086009 -0.1710631 0.03468298 0.808453 -0.1712111 0.03357595 0.808437 -0.171227 0.03248095 0.808555 -0.171109 0.03142994 0.808802 -0.1708621 0.03045397 0.8091719 -0.1704921 0.04227095 0.804479 -0.175185 0.04367297 0.8005979 -0.1790661 0.04472094 0.796606 -0.183058 0.04472398 0.796503 -0.1831611 0.04468995 0.796417 -0.183247 0.04460197 0.79634 -0.183324 -0.04448199 0.796314 -0.18335 -0.04460197 0.79634 -0.183324 -0.04468995 0.796417 -0.183247 -0.04472297 0.796503 -0.1831611 -0.04472094 0.796606 -0.183058 -0.04551899 0.7899499 -0.18335 -0.04527294 0.792087 -0.18335 -0.044927 0.79421 -0.18335 -0.04562699 0.789971 -0.1833291 -0.04571795 0.790031 -0.183269 -0.04568397 0.7907679 -0.1832221 -0.04565197 0.7913799 -0.1831471 -0.04563999 0.7915629 -0.183104 -0.04563295 0.7916559 -0.183058 -0.04508495 0.794968 -0.183058 -0.04538899 0.793317 -0.183058 -0.04564398 0.790764 -0.183269 -0.04556196 0.7907549 -0.183324 -0.045614 0.791376 -0.1832221 -0.04557394 0.791371 -0.183269 -0.04562896 0.7916559 -0.183104 -0.04549199 0.791361 -0.183324 -0.04561698 0.791654 -0.183148 -0.04557996 0.7916499 -0.1832221 -0.04553997 0.791644 -0.183269 -0.045457 0.791634 -0.183324 -0.04547697 0.792115 -0.183269 -0.04539495 0.792104 -0.183324 -0.045385 0.793316 -0.183104 -0.04537296 0.793314 -0.183148 -0.04533594 0.7933079 -0.1832221 -0.04529595 0.7933019 -0.183269 -0.04521399 0.793288 -0.183324 -0.045129 0.7942469 -0.183269 -0.04504799 0.794232 -0.183324 -0.04507994 0.7949669 -0.183104 -0.04506897 0.794964 -0.183148 -0.04503196 0.7949569 -0.1832221 -0.04499197 0.7949489 -0.183269 -0.04491096 0.794932 -0.183324 -0.04475897 0.796377 -0.183148 -0.04472196 0.796369 -0.1832221 -0.04468196 0.796359 -0.183269 0.04448199 0.796314 -0.18335 -0.04448199 0.796314 -0.18335 0.044927 0.79421 -0.18335 0.04527294 0.792087 -0.18335 0.04551899 0.7899499 -0.18335 -0.04551899 0.7899499 -0.18335 -0.04527294 0.792087 -0.18335 -0.044927 0.79421 -0.18335 0.03196597 0.8197249 -0.1599391 0.03196597 0.816543 -0.1567571 0.02837097 0.8153219 -0.1643421 0.02837097 0.81214 -0.1611601 0.03931695 0.81038 -0.1692841 0.03931695 0.8071979 -0.1661021 0.03635197 0.8147689 -0.1648951 0.03424894 0.8173269 -0.1623371 0.03196597 0.8197249 -0.1599391 0.03196597 0.816543 -0.1567571 0.03635197 0.811587 -0.1617131 0.03424894 0.814145 -0.1591551 0.02958095 0.8096529 -0.1700111 0.02958095 0.806471 -0.1668291 0.03931695 0.81038 -0.1692841 0.03860598 0.80978 -0.169884 0.03775995 0.8092749 -0.1703891 0.03680598 0.808878 -0.170786 0.03576999 0.8086009 -0.1710631 0.03468298 0.808453 -0.1712111 0.03357595 0.808437 -0.171227 0.03248095 0.808555 -0.171109 0.03142994 0.808802 -0.1708621 0.03045397 0.8091719 -0.1704921 0.03931695 0.8071979 -0.1661021 0.03045397 0.80599 -0.1673101 0.03142994 0.80562 -0.16768 0.03248095 0.805373 -0.167927 0.03357595 0.8052549 -0.1680451 0.03468298 0.8052709 -0.1680291 0.03576999 0.805419 -0.1678811 0.03680598 0.805696 -0.167604 0.03775995 0.806093 -0.1672071 0.03860598 0.806598 -0.166702 0.02775096 0.8085779 -0.164722 0.02958095 0.806471 -0.1668291 0.02958095 0.8096529 -0.1700111 0.02775096 0.81176 -0.1679041 0.02837097 0.8153219 -0.1643421 0.02837097 0.81214 -0.1611601 0.02775096 0.81176 -0.1679041 0.02754497 0.812482 -0.167182 0.02750599 0.813218 -0.166446 0.02763295 0.813949 -0.165715 0.027924 0.8146559 -0.1650081 0.02775096 0.8085779 -0.164722 0.027924 0.811474 -0.1618261 0.02763295 0.8107669 -0.1625331 0.02750599 0.810036 -0.163264 0.02754497 0.8093 -0.164 0.02958095 0.806471 -0.1668291 0.03045397 0.80599 -0.1673101 0.03142994 0.80562 -0.16768 0.03248095 0.805373 -0.167927 0.03357595 0.8052549 -0.1680451 0.03468298 0.8052709 -0.1680291 0.03576999 0.805419 -0.1678811 0.03680598 0.805696 -0.167604 0.03775995 0.806093 -0.1672071 0.03860598 0.806598 -0.166702 0.03931695 0.8071979 -0.1661021 0.02775096 0.8085779 -0.164722 0.02837097 0.81214 -0.1611601 0.027924 0.811474 -0.1618261 0.02763295 0.8107669 -0.1625331 0.02750599 0.810036 -0.163264 0.02754497 0.8093 -0.164 0.03196597 0.816543 -0.1567571 0.03635197 0.811587 -0.1617131 0.03424894 0.814145 -0.1591551 -0.02837097 0.81214 -0.1611601 -0.03196597 0.816543 -0.1567571 -0.03931695 0.8071979 -0.1661021 -0.03860998 0.8066009 -0.1666991 -0.03777098 0.806098 -0.1672021 -0.03682297 0.805702 -0.167599 -0.03579396 0.805424 -0.1678761 -0.03471398 0.8052729 -0.1680271 -0.03361397 0.805254 -0.1680461 -0.03252398 0.805365 -0.1679351 -0.03147697 0.805606 -0.167694 -0.03050196 0.8059679 -0.1673321 -0.02962797 0.806441 -0.166859 -0.02887898 0.807011 -0.166289 -0.02827697 0.807663 -0.1656371 -0.027839 0.8083769 -0.1649231 -0.02757799 0.8091329 -0.1641671 -0.02750098 0.8099099 -0.1633901 -0.02761 0.8106849 -0.1626151 -0.02790296 0.811435 -0.1618651 -0.03553295 0.8126279 -0.1606721 -0.03752398 0.809982 -0.163318 -0.03931695 0.81038 -0.1692841 -0.03931695 0.8071979 -0.1661021 -0.02837097 0.8153219 -0.1643421 -0.02790296 0.8146169 -0.1650471 -0.02761 0.813867 -0.1657971 -0.02750098 0.813092 -0.166572 -0.02757799 0.812315 -0.1673491 -0.027839 0.811559 -0.1681051 -0.02827697 0.8108449 -0.1688191 -0.02887898 0.810193 -0.169471 -0.02962797 0.809623 -0.170041 -0.03050196 0.80915 -0.1705141 -0.03147697 0.808788 -0.170876 -0.03252398 0.8085469 -0.1711171 -0.03361397 0.8084359 -0.1712281 -0.03471398 0.808455 -0.171209 -0.03579396 0.8086059 -0.1710581 -0.03682297 0.808883 -0.1707801 -0.03777098 0.8092799 -0.1703841 -0.03860998 0.809783 -0.1698811 -0.02837097 0.81214 -0.1611601 -0.03860998 0.8066009 -0.1666991 -0.03777098 0.806098 -0.1672021 -0.03682297 0.805702 -0.167599 -0.03579396 0.805424 -0.1678761 -0.03471398 0.8052729 -0.1680271 -0.03361397 0.805254 -0.1680461 -0.03252398 0.805365 -0.1679351 -0.03147697 0.805606 -0.167694 -0.03050196 0.8059679 -0.1673321 -0.02962797 0.806441 -0.166859 -0.02887898 0.807011 -0.166289 -0.02827697 0.807663 -0.1656371 -0.027839 0.8083769 -0.1649231 -0.02757799 0.8091329 -0.1641671 -0.02750098 0.8099099 -0.1633901 -0.02761 0.8106849 -0.1626151 -0.02790296 0.811435 -0.1618651 -0.02837097 0.8153219 -0.1643421 -0.02837097 0.81214 -0.1611601 -0.03196597 0.8197249 -0.1599391 -0.03196597 0.816543 -0.1567571 -0.03196597 0.8197249 -0.1599391 -0.03196597 0.816543 -0.1567571 -0.03553295 0.81581 -0.1638541 -0.03752398 0.813164 -0.1665 -0.03931695 0.81038 -0.1692841 -0.03931695 0.8071979 -0.1661021 -0.03553295 0.8126279 -0.1606721 -0.03752398 0.809982 -0.163318 0 0.834855 -0.1384451 -0.006015956 0.834482 -0.138818 -0.01186096 0.833391 -0.139909 -0.01739996 0.831649 -0.141651 -0.02252 0.829356 -0.143944 -0.02718198 0.826602 -0.1466981 -0.03099697 0.82378 -0.14952 -0.03507596 0.8200439 -0.1532561 -0.03907299 0.8154 -0.1579 -0.04250597 0.8102119 -0.163088 -0.04530298 0.8045119 -0.1687881 -0.04773598 0.7968849 -0.176415 -0.048886 0.78939 -0.1839101 -0.04899895 0.7858 -0.1875001 0.04899597 0.7858 -0.1875001 0.04788398 0.796234 -0.177066 0.04543197 0.804197 -0.169103 0.040681 0.813146 -0.1601541 0.03717797 0.817748 -0.1555531 0.03139495 0.82345 -0.1498501 0.02549099 0.827681 -0.145619 0.01980894 0.830657 -0.142643 0.01436495 0.832693 -0.1406071 0.009362995 0.8339479 -0.139352 0.004836976 0.8346139 -0.1386861 0.002426981 0.8347939 -0.1385061 -0.04794996 0.7757109 -0.197589 -0.04484599 0.766055 -0.2072451 -0.039819 0.757244 -0.2160561 -0.03382897 0.750351 -0.222949 -0.027426 0.745194 -0.2281061 -0.020998 0.741527 -0.2317731 -0.01479899 0.7390879 -0.2342121 -0.008981943 0.73763 -0.23567 -0.003629982 0.7369349 -0.2363651 0.001766979 0.7368319 -0.2364681 0.007141947 0.7373229 -0.2359771 0.01242995 0.738403 -0.2348971 0.01756799 0.740058 -0.233242 0.022493 0.742267 -0.231033 0.02714395 0.745005 -0.228295 0.03146594 0.748238 -0.2250621 0.03540694 0.7519269 -0.2213731 0.038917 0.756027 -0.2172731 0.04285699 0.762046 -0.2112541 0.04618197 0.7694219 -0.2038781 0.04824697 0.7772449 -0.1960551 0.04881197 0.781506 -0.191794 0.04551899 0.7899499 -0.18335 -0.04551899 0.7899499 -0.18335 0.04571795 0.790031 -0.183269 0.04562699 0.789971 -0.1833291 -0.04571795 0.790031 -0.183269 -0.04387897 0.799665 -0.1736351 -0.04003596 0.808689 -0.1646111 -0.03500699 0.815946 -0.1573541 -0.029365 0.821545 -0.151755 -0.02352899 0.825684 -0.147616 -0.01778298 0.828592 -0.144708 -0.012308 0.830498 -0.1428021 -0.007209956 0.83161 -0.1416901 -0.002018988 0.8321359 -0.1411641 0.003198981 0.832068 -0.1412321 0.008373975 0.831409 -0.1418911 0.01344197 0.830166 -0.1431341 0.01833599 0.828355 -0.144945 0.02299195 0.826 -0.1473001 0.02735096 0.823131 -0.1501691 0.03135597 0.819785 -0.1535151 0.03495496 0.816006 -0.157294 0.03810197 0.8118429 -0.1614571 0.04152494 0.805787 -0.1675131 0.04423195 0.7984469 -0.174853 0.04517096 0.794274 -0.1790261 -0.04562699 0.789971 -0.1833291 -0.04951196 0.7838 -0.1325001 -0.04874998 0.776945 -0.131968 -0.04716199 0.770623 -0.1315521 -0.04472696 0.7644969 -0.1311671 -0.04435598 0.763737 -0.131121 -0.04397195 0.762982 -0.131075 -0.04357498 0.7622349 -0.131031 -0.04074698 0.757633 -0.1307641 -0.03874897 0.754944 -0.1306151 -0.03658795 0.752409 -0.1304801 -0.03091299 0.7471 -0.1302171 -0.024405 0.742702 -0.1300241 -0.01754099 0.7394799 -0.1299051 -0.01091897 0.737492 -0.129854 -0.003235995 0.736377 -0.1298331 0.004586994 0.736485 -0.1298351 0.01133996 0.7375879 -0.1298561 0.01676696 0.739195 -0.1298971 0.02213698 0.741493 -0.129976 0.02766799 0.7447189 -0.1301091 0.03268396 0.7485809 -0.1302871 0.03713297 0.753017 -0.1305121 0.04059797 0.757419 -0.130752 0.04357498 0.7622349 -0.131031 0.04397195 0.762982 -0.131075 0.04435598 0.763736 -0.131121 0.04472696 0.7644969 -0.1311671 0.04715698 0.770608 -0.131551 0.04874897 0.77694 -0.1319671 0.04951196 0.7838 -0.1325001 0.04947096 0.7838 -0.1278001 0.04843097 0.7755109 -0.1278001 0.04601198 0.7675159 -0.1278001 0.04228299 0.760041 -0.1278001 0.03734999 0.753299 -0.1278001 0.03135496 0.747482 -0.1278001 0.02446597 0.742756 -0.1278001 0.016882 0.7392559 -0.1278001 0.008815944 0.73708 -0.1278001 5e-4 0.7362909 -0.1278001 5e-4 0.736285 -0.1284671 5e-4 0.73628 -0.1291331 5e-4 0.736274 -0.1298 1.67e-4 0.7362709 -0.1298 -1.67e-4 0.7362709 -0.1298 -5e-4 0.736274 -0.1298 -5e-4 0.73628 -0.1291331 -5e-4 0.736285 -0.1284671 -5e-4 0.7362909 -0.1278001 -0.008815944 0.73708 -0.1278001 -0.016882 0.7392559 -0.1278001 -0.02446597 0.742756 -0.1278001 -0.03135496 0.747482 -0.1278001 -0.03734999 0.753299 -0.1278001 -0.04228299 0.760041 -0.1278001 -0.04601198 0.7675159 -0.1278001 -0.04843097 0.7755109 -0.1278001 -0.04947096 0.7838 -0.1278001 -0.04472696 0.7644969 -0.1311671 -0.04435598 0.763737 -0.131121 -0.04397195 0.762982 -0.131075 -0.04357498 0.7622349 -0.131031 -0.04951196 0.7838 -0.1325001 -0.04874998 0.776945 -0.131968 -0.04716199 0.770623 -0.1315521 -0.04951196 0.7838 -0.1325001 -0.04521298 0.764388 -0.133679 -0.04743999 0.7706699 -0.133356 -0.04886698 0.7771709 -0.132952 -0.04410296 0.7619679 -0.1337891 -0.03668498 0.750862 -0.1341891 -0.04034894 0.755551 -0.1340391 -0.04234397 0.758691 -0.1339231 -0.02715796 0.742561 -0.134379 -0.03166097 0.745943 -0.134312 -0.03426295 0.748313 -0.1342571 -0.008448958 0.735166 -0.1344711 -0.01500695 0.73675 -0.1344611 -0.02128297 0.7392269 -0.1344321 -5e-4 0.7344569 -0.1344751 -5e-4 0.734993 -0.133805 -5e-4 0.735444 -0.1330751 -5e-4 0.7357999 -0.1323021 -1.67e-4 0.7357999 -0.132296 1.67e-4 0.7357999 -0.132296 5e-4 0.7357999 -0.1323021 5e-4 0.735444 -0.1330751 5e-4 0.734993 -0.133805 5e-4 0.7344569 -0.1344751 0.008448958 0.735166 -0.1344711 0.02715796 0.742561 -0.134379 0.02128297 0.739228 -0.1344321 0.01500499 0.736756 -0.1344531 0.04410296 0.7619679 -0.1337881 0.03962194 0.7545259 -0.1340721 0.03453898 0.748587 -0.134249 0.03099596 0.745391 -0.1343241 0.04521298 0.764387 -0.133679 0.04951196 0.7838 -0.1325001 0.04887294 0.777179 -0.1329801 0.04744094 0.7706729 -0.1333571 0.04951196 0.7838 -0.1325001 0.04472696 0.7644969 -0.1311671 0.04715698 0.770608 -0.131551 0.04874897 0.77694 -0.1319671 0.04357498 0.7622349 -0.131031 0.04397195 0.762982 -0.131075 0.04435598 0.763736 -0.131121 -0.03658795 0.752409 -0.1304801 -0.03091299 0.7471 -0.1302171 -0.024405 0.742702 -0.1300241 -0.01754099 0.7394799 -0.1299051 -0.01091897 0.737492 -0.129854 -0.003235995 0.736377 -0.1298331 0.004586994 0.736485 -0.1298351 0.01133996 0.7375879 -0.1298561 0.01676696 0.739195 -0.1298971 0.02213698 0.741493 -0.129976 0.02766799 0.7447189 -0.1301091 0.03268396 0.7485809 -0.1302871 0.03713297 0.753017 -0.1305121 0.04059797 0.757419 -0.130752 -0.04074698 0.757633 -0.1307641 -0.03874897 0.754944 -0.1306151 -0.04948395 0.7832069 -0.1324661 -0.04948496 0.783206 -0.132499 -0.04948598 0.783204 -0.13253 -0.04525899 0.7653619 -0.1324471 -0.04537498 0.765276 -0.1330531 -0.03448599 0.749805 -0.132377 -0.034729 0.7495079 -0.1333451 -0.01851898 0.739749 -0.1310521 -0.01863396 0.7394259 -0.1323201 -0.01882499 0.7389159 -0.1334471 0 0.7361599 -0.1310011 0.01851898 0.7397499 -0.1310521 0.01863396 0.7394259 -0.1323201 0.01882594 0.738917 -0.1334471 0.03448498 0.7498039 -0.132377 0.034729 0.7495079 -0.1333451 0.04924595 0.7802379 -0.1324911 -0.01616895 0.738496 -0.1323301 -0.01283597 0.737477 -0.1323271 -0.009627997 0.736732 -0.1323251 -0.005757987 0.736126 -0.1323221 -0.00187695 0.7358259 -0.1323211 0.002560973 0.7358559 -0.1323211 0.00643599 0.7362089 -0.1323221 0.009840965 0.7367749 -0.1323251 0.01304596 0.737535 -0.132323 0.01577496 0.7383629 -0.1323251 -0.04903894 0.7347989 -0.18335 -0.04902899 0.7337999 -0.184387 -0.04951196 0.7838 -0.1325001 -0.04521298 0.764388 -0.133679 -0.04743999 0.7706699 -0.133356 -0.04886698 0.7771709 -0.132952 -0.04410296 0.7619679 -0.1337891 -0.03668498 0.750862 -0.1341891 -0.04034894 0.755551 -0.1340391 -0.04234397 0.758691 -0.1339231 -0.02715796 0.742561 -0.134379 -0.03166097 0.745943 -0.134312 -0.03426295 0.748313 -0.1342571 -0.008448958 0.735166 -0.1344711 -0.01500695 0.73675 -0.1344611 -0.02128297 0.7392269 -0.1344321 -5e-4 0.7344569 -0.1344751 -5e-4 0.733802 -0.135196 -5e-4 0.7337999 -0.1351991 -0.006869971 0.7337999 -0.1357021 -0.01311194 0.7337999 -0.1370481 -0.01912498 0.7337999 -0.1391921 -0.02420699 0.7337999 -0.1417351 -0.02845597 0.7337999 -0.1444681 -0.03240495 0.7337999 -0.14762 -0.03601998 0.7337999 -0.1511641 -0.03924697 0.7337999 -0.155054 -0.04205697 0.7337999 -0.1592471 -0.04442495 0.7337999 -0.1637101 -0.04632395 0.7337999 -0.1684001 -0.04772895 0.7337999 -0.1732521 -0.04862898 0.7337999 -0.1782181 -0.04892599 0.7337999 -0.181294 -0.04899895 0.7858 -0.1875001 -0.04794996 0.7757109 -0.197589 -0.04484599 0.766055 -0.2072451 -0.039819 0.757244 -0.2160561 -0.03382897 0.750351 -0.222949 -0.027426 0.745194 -0.2281061 -0.020998 0.741527 -0.2317731 -0.01479899 0.7390879 -0.2342121 -0.008981943 0.73763 -0.23567 -0.003629982 0.7369349 -0.2363651 0.001766979 0.7368319 -0.2364681 0.007141947 0.7373229 -0.2359771 0.01242995 0.738403 -0.2348971 0.01756799 0.740058 -0.233242 0.022493 0.742267 -0.231033 0.02714395 0.745005 -0.228295 0.03146594 0.748238 -0.2250621 0.03540694 0.7519269 -0.2213731 0.038917 0.756027 -0.2172731 0.04285699 0.762046 -0.2112541 0.04618197 0.7694219 -0.2038781 0.04824697 0.7772449 -0.1960551 0.04881197 0.781506 -0.191794 0.04899597 0.7858 -0.1875001 0.04899996 0.7337999 -0.1875001 0.04826498 0.7337999 -0.195954 0.04608297 0.7337999 -0.204155 0.04251796 0.7337999 -0.2118561 0.03767895 0.7337999 -0.2188261 0.03170895 0.7337999 -0.224857 0.02478796 0.7337999 -0.229768 0.01712399 0.7337999 -0.2334111 0.008945941 0.7337999 -0.2356761 5e-4 0.7337999 -0.2364971 5e-4 0.7357999 -0.2364971 1.67e-4 0.7357999 -0.2365 -1.67e-4 0.7357999 -0.2365 -5e-4 0.7357999 -0.2364971 -5e-4 0.7337999 -0.2364971 -0.008945941 0.7337999 -0.2356761 -0.01712399 0.7337999 -0.2334111 -0.02478796 0.7337999 -0.229768 -0.03170895 0.7337999 -0.224857 -0.03767895 0.7337999 -0.2188261 -0.04251796 0.7337999 -0.2118561 -0.04608297 0.7337999 -0.204155 -0.04826498 0.7337999 -0.195954 -0.04899996 0.7337999 -0.1875001 -5e-4 0.7337999 -0.1351991 -0.006869971 0.7337999 -0.1357021 -0.01311194 0.7337999 -0.1370481 -0.01912498 0.7337999 -0.1391921 -0.02420699 0.7337999 -0.1417351 -0.02845597 0.7337999 -0.1444681 -0.03240495 0.7337999 -0.14762 -0.03601998 0.7337999 -0.1511641 -0.03924697 0.7337999 -0.155054 -0.04205697 0.7337999 -0.1592471 -0.04442495 0.7337999 -0.1637101 -0.04632395 0.7337999 -0.1684001 -0.04772895 0.7337999 -0.1732521 -0.04862898 0.7337999 -0.1782181 -0.04892599 0.7337999 -0.181294 -0.04902899 0.7337999 -0.184387 -0.04899996 0.7337999 -0.1875001 -5e-4 0.7337999 -0.2364971 -0.008945941 0.7337999 -0.2356761 -0.01712399 0.7337999 -0.2334111 -0.02478796 0.7337999 -0.229768 -0.03170895 0.7337999 -0.224857 -0.03767895 0.7337999 -0.2188261 -0.04251796 0.7337999 -0.2118561 -0.04608297 0.7337999 -0.204155 -0.04826498 0.7337999 -0.195954 -4.9e-4 0.7337999 -0.2364001 -4.61e-4 0.7337999 -0.236307 -4.15e-4 0.7337999 -0.2362211 -3.53e-4 0.7337999 -0.236146 -2.77e-4 0.7337999 -0.2360841 -1.91e-4 0.7337999 -0.236038 -9.7e-5 0.7337999 -0.2360101 0 0.7337999 -0.2360001 9.7e-5 0.7337999 -0.2360101 1.91e-4 0.7337999 -0.236038 2.77e-4 0.7337999 -0.2360841 3.53e-4 0.7337999 -0.236146 4.15e-4 0.7337999 -0.2362211 4.61e-4 0.7337999 -0.236307 4.9e-4 0.7337999 -0.2364001 5e-4 0.7337999 -0.2364971 0.04899996 0.7337999 -0.1875001 0.04826498 0.7337999 -0.195954 0.04608297 0.7337999 -0.204155 0.04251796 0.7337999 -0.2118561 0.03767895 0.7337999 -0.2188261 0.03170895 0.7337999 -0.224857 0.02478796 0.7337999 -0.229768 0.01712399 0.7337999 -0.2334111 0.008945941 0.7337999 -0.2356761 0.04902899 0.7337999 -0.184387 0.04830396 0.7337999 -0.1760671 0.04618197 0.7337999 -0.1679961 0.04363197 0.7337999 -0.1620891 0.04043096 0.7337999 -0.1567081 0.03657096 0.7337999 -0.151773 0.03210794 0.7337999 -0.1473591 0.02713197 0.7337999 -0.14355 0.021712 0.7337999 -0.1403961 0.01625698 0.7337999 -0.13806 0.01088398 0.7337999 -0.1364681 0.00572896 0.7337999 -0.1355471 5e-4 0.7337999 -0.1351991 4.9e-4 0.7337999 -0.1352961 4.61e-4 0.7337999 -0.135389 4.15e-4 0.7337999 -0.135475 3.53e-4 0.7337999 -0.13555 2.77e-4 0.7337999 -0.1356121 1.91e-4 0.7337999 -0.135658 9.7e-5 0.7337999 -0.135686 0 0.7337999 -0.1356961 -9.7e-5 0.7337999 -0.135686 -1.91e-4 0.7337999 -0.135658 -2.77e-4 0.7337999 -0.1356121 -3.53e-4 0.7337999 -0.13555 -4.15e-4 0.7337999 -0.135475 -4.61e-4 0.7337999 -0.135389 -4.9e-4 0.7337999 -0.1352961 0 0.7337999 -0.1440001 -0.007553994 0.7337999 -0.1446611 -0.01487797 0.7337999 -0.1466231 -0.02174997 0.7337999 -0.1498281 -0.02796095 0.7337999 -0.1541771 -0.03332298 0.7337999 -0.1595391 -0.03767198 0.7337999 -0.16575 -0.04087698 0.7337999 -0.172622 -0.04283899 0.7337999 -0.1799461 -0.04349994 0.7337999 -0.1875001 -0.04283899 0.7337999 -0.1950541 -0.04087698 0.7337999 -0.202378 -0.03767198 0.7337999 -0.20925 -0.03332298 0.7337999 -0.2154611 -0.02796095 0.7337999 -0.2208231 -0.02174997 0.7337999 -0.2251721 -0.01487797 0.7337999 -0.2283771 -0.007553994 0.7337999 -0.2303391 0 0.7337999 -0.2310001 0.007553994 0.7337999 -0.2303391 0.01487797 0.7337999 -0.2283771 0.02174997 0.7337999 -0.2251721 0.02796095 0.7337999 -0.2208231 0.03332298 0.7337999 -0.2154611 0.03767198 0.7337999 -0.20925 0.04087698 0.7337999 -0.202378 0.04283899 0.7337999 -0.1950541 0.04349994 0.7337999 -0.1875001 0.04283899 0.7337999 -0.1799461 0.04087698 0.7337999 -0.172622 0.03767198 0.7337999 -0.16575 0.03332298 0.7337999 -0.1595391 0.02796095 0.7337999 -0.1541771 0.02174997 0.7337999 -0.1498281 0.01487797 0.7337999 -0.1466231 0.007553994 0.7337999 -0.1446611 0 0.7337999 -0.1440001 -0.007553994 0.7337999 -0.1446611 -0.01487797 0.7337999 -0.1466231 -0.02174997 0.7337999 -0.1498281 -0.02796095 0.7337999 -0.1541771 -0.03332298 0.7337999 -0.1595391 -0.03767198 0.7337999 -0.16575 -0.04087698 0.7337999 -0.172622 -0.04283899 0.7337999 -0.1799461 -0.04349994 0.7337999 -0.1875001 -0.04283899 0.7337999 -0.1950541 -0.04087698 0.7337999 -0.202378 -0.03767198 0.7337999 -0.20925 -0.03332298 0.7337999 -0.2154611 -0.02796095 0.7337999 -0.2208231 -0.02174997 0.7337999 -0.2251721 -0.01487797 0.7337999 -0.2283771 -0.007553994 0.7337999 -0.2303391 0 0.7337999 -0.2310001 0.007553994 0.7337999 -0.2303391 0.01487797 0.7337999 -0.2283771 0.02174997 0.7337999 -0.2251721 0.02796095 0.7337999 -0.2208231 0.03332298 0.7337999 -0.2154611 0.03767198 0.7337999 -0.20925 0.04087698 0.7337999 -0.202378 0.04283899 0.7337999 -0.1950541 0.04349994 0.7337999 -0.1875001 0.04283899 0.7337999 -0.1799461 0.04087698 0.7337999 -0.172622 0.03767198 0.7337999 -0.16575 0.03332298 0.7337999 -0.1595391 0.02796095 0.7337999 -0.1541771 0.02174997 0.7337999 -0.1498281 0.01487797 0.7337999 -0.1466231 0.007553994 0.7337999 -0.1446611 0 0.7337999 -0.1440001 0 0.7263999 -0.1440001 0 0.7263999 -0.2310001 0.007159948 0.7263999 -0.2304071 0.01412397 0.7263999 -0.2286431 0.02070397 0.7263999 -0.2257571 0.02671796 0.7263999 -0.2218281 0.03200399 0.7263999 -0.216962 0.03641694 0.7263999 -0.211292 0.03983598 0.7263999 -0.2049741 0.04216897 0.7263999 -0.1981791 0.04335099 0.7263999 -0.1910921 0.04335099 0.7263999 -0.1839081 0.04216897 0.7263999 -0.1768211 0.03983598 0.7263999 -0.1700261 0.03641694 0.7263999 -0.163708 0.03200399 0.7263999 -0.1580381 0.02671796 0.7263999 -0.1531721 0.02070397 0.7263999 -0.1492431 0.01412397 0.7263999 -0.1463571 0.007159948 0.7263999 -0.1445931 0 0.7263999 -0.1440001 -0.007553994 0.7263999 -0.1446611 -0.01487797 0.7263999 -0.1466231 -0.02174997 0.7263999 -0.1498281 -0.02796095 0.7263999 -0.1541771 -0.03332298 0.7263999 -0.1595391 -0.03767198 0.7263999 -0.16575 -0.04087698 0.7263999 -0.172622 -0.04283899 0.7263999 -0.1799461 -0.04349994 0.7263999 -0.1875001 -0.04283899 0.7263999 -0.1950541 -0.04087698 0.7263999 -0.202378 -0.03767198 0.7263999 -0.20925 -0.03332298 0.7263999 -0.2154611 -0.02796095 0.7263999 -0.2208231 -0.02174997 0.7263999 -0.2251721 -0.01487797 0.7263999 -0.2283771 -0.007553994 0.7263999 -0.2303391 0 0.7263999 -0.2310001 0.007159948 0.7263999 -0.2304071 0.01412397 0.7263999 -0.2286431 0.02070397 0.7263999 -0.2257571 0.02671796 0.7263999 -0.2218281 0.03200399 0.7263999 -0.216962 0.03641694 0.7263999 -0.211292 0.03983598 0.7263999 -0.2049741 0.04216897 0.7263999 -0.1981791 0.04335099 0.7263999 -0.1910921 0.04335099 0.7263999 -0.1839081 0.04216897 0.7263999 -0.1768211 0.03983598 0.7263999 -0.1700261 0.03641694 0.7263999 -0.163708 0.03200399 0.7263999 -0.1580381 0.02671796 0.7263999 -0.1531721 0.02070397 0.7263999 -0.1492431 0.01412397 0.7263999 -0.1463571 0.007159948 0.7263999 -0.1445931 0 0.7263999 -0.1440001 -0.007553994 0.7263999 -0.1446611 -0.01487797 0.7263999 -0.1466231 -0.02174997 0.7263999 -0.1498281 -0.02796095 0.7263999 -0.1541771 -0.03332298 0.7263999 -0.1595391 -0.03767198 0.7263999 -0.16575 -0.04087698 0.7263999 -0.172622 -0.04283899 0.7263999 -0.1799461 -0.04349994 0.7263999 -0.1875001 -0.04283899 0.7263999 -0.1950541 -0.04087698 0.7263999 -0.202378 -0.03767198 0.7263999 -0.20925 -0.03332298 0.7263999 -0.2154611 -0.02796095 0.7263999 -0.2208231 -0.02174997 0.7263999 -0.2251721 -0.01487797 0.7263999 -0.2283771 -0.007553994 0.7263999 -0.2303391 0 0.7263999 -0.2310001 0 0.7261 -0.2307001 -0.007501959 0.7261 -0.2300441 -0.01477497 0.7261 -0.2280951 -0.02159994 0.7261 -0.2249121 -0.02776795 0.7261 -0.220593 -0.03309297 0.7261 -0.2152681 -0.03741198 0.7261 -0.2091001 -0.04059499 0.7261 -0.202275 -0.04254394 0.7261 -0.1950021 -0.04319995 0.7261 -0.1875001 -0.04254394 0.7261 -0.179998 -0.04059499 0.7261 -0.172725 -0.03741198 0.7261 -0.1659001 -0.03309297 0.7261 -0.1597321 -0.02776795 0.7261 -0.154407 -0.02159994 0.7261 -0.1500881 -0.01477497 0.7261 -0.1469051 -0.007501959 0.7261 -0.1449561 0 0.7261 -0.1443001 0.007501959 0.7261 -0.1449561 0.01477497 0.7261 -0.1469051 0.02159994 0.7261 -0.1500881 0.02776795 0.7261 -0.154407 0.03309297 0.7261 -0.1597321 0.03741198 0.7261 -0.1659001 0.04059499 0.7261 -0.172725 0.04254394 0.7261 -0.179998 0.04319995 0.7261 -0.1875001 0.04254394 0.7261 -0.1950021 0.04059499 0.7261 -0.202275 0.03741198 0.7261 -0.2091001 0.03309297 0.7261 -0.2152681 0.02776795 0.7261 -0.220593 0.02159994 0.7261 -0.2249121 0.01477497 0.7261 -0.2280951 0.007501959 0.7261 -0.2300441 0 0.7261 -0.2307001 0 0.7261 -0.2307001 -0.007501959 0.7261 -0.2300441 -0.01477497 0.7261 -0.2280951 -0.02159994 0.7261 -0.2249121 -0.02776795 0.7261 -0.220593 -0.03309297 0.7261 -0.2152681 -0.03741198 0.7261 -0.2091001 -0.04059499 0.7261 -0.202275 -0.04254394 0.7261 -0.1950021 -0.04319995 0.7261 -0.1875001 -0.04254394 0.7261 -0.179998 -0.04059499 0.7261 -0.172725 -0.03741198 0.7261 -0.1659001 -0.03309297 0.7261 -0.1597321 -0.02776795 0.7261 -0.154407 -0.02159994 0.7261 -0.1500881 -0.01477497 0.7261 -0.1469051 -0.007501959 0.7261 -0.1449561 0 0.7261 -0.1443001 0.007501959 0.7261 -0.1449561 0.01477497 0.7261 -0.1469051 0.02159994 0.7261 -0.1500881 0.02776795 0.7261 -0.154407 0.03309297 0.7261 -0.1597321 0.03741198 0.7261 -0.1659001 0.04059499 0.7261 -0.172725 0.04254394 0.7261 -0.179998 0.04319995 0.7261 -0.1875001 0.04254394 0.7261 -0.1950021 0.04059499 0.7261 -0.202275 0.03741198 0.7261 -0.2091001 0.03309297 0.7261 -0.2152681 0.02776795 0.7261 -0.220593 0.02159994 0.7261 -0.2249121 0.01477497 0.7261 -0.2280951 0.007501959 0.7261 -0.2300441 -0.04951196 0.7838 -0.1325001 -0.04903894 0.7347989 -0.18335 -0.04902899 0.7337999 -0.184387 -0.04899996 0.7337999 -0.1875001 -0.04899895 0.7858 -0.1875001 -0.04902899 0.7859509 -0.18335 -0.04899895 0.7858 -0.1875001 -0.04920595 0.786755 -0.1612551 -0.04940998 0.7878 -0.1325001 -0.04944896 0.7878 -0.1278001 -0.04843997 0.7959299 -0.1278001 -0.04610395 0.803777 -0.1278001 -0.04335498 0.80965 -0.1278001 -0.04005497 0.8148459 -0.1278001 -0.036134 0.8195939 -0.1278001 -0.03163999 0.823828 -0.1278001 -0.02666497 0.827462 -0.1278001 -0.02127599 0.830449 -0.1278001 -0.01565098 0.832714 -0.1278001 -0.009899973 0.834252 -0.1278001 -0.005226969 0.834975 -0.1278001 -5e-4 0.835249 -0.1278001 -4.94e-4 0.835174 -0.1298 -3.29e-4 0.835176 -0.1298 -1.65e-4 0.835177 -0.1298 0 0.835177 -0.1298 0 0.834855 -0.1384451 -0.006015956 0.834482 -0.138818 -0.01186096 0.833391 -0.139909 -0.01739996 0.831649 -0.141651 -0.02252 0.829356 -0.143944 -0.02718198 0.826602 -0.1466981 -0.03099697 0.82378 -0.14952 -0.03507596 0.8200439 -0.1532561 -0.03907299 0.8154 -0.1579 -0.04250597 0.8102119 -0.163088 -0.04530298 0.8045119 -0.1687881 -0.04773598 0.7968849 -0.176415 -0.048886 0.78939 -0.1839101 -0.04902899 0.7859509 -0.18335 -0.04899895 0.7858 -0.1875001 -0.04951196 0.7838 -0.1325001 -0.04940998 0.7878 -0.1325001 -0.04920595 0.786755 -0.1612551 5e-4 0.835249 -0.1278001 0.00871396 0.834479 -0.1278001 0.01666599 0.832364 -0.1278001 0.02415198 0.828965 -0.1278001 0.03096497 0.8243779 -0.1278001 0.03521394 0.82055 -0.1278001 0.039258 0.8159139 -0.1278001 0.04269295 0.810813 -0.1278001 0.04547697 0.805308 -0.1278001 0.04754894 0.79951 -0.1278001 0.04885298 0.793705 -0.1278001 0.04944896 0.7878 -0.1278001 4.9e-4 0.8351519 -0.1278001 4.61e-4 0.835058 -0.1278001 4.15e-4 0.8349719 -0.1278001 3.53e-4 0.8348969 -0.1278001 2.77e-4 0.8348349 -0.1278001 1.91e-4 0.8347889 -0.1278001 9.7e-5 0.8347609 -0.1278001 0 0.834752 -0.1278001 -9.7e-5 0.8347609 -0.1278001 -1.91e-4 0.8347889 -0.1278001 -2.77e-4 0.8348349 -0.1278001 -3.53e-4 0.8348969 -0.1278001 -4.15e-4 0.8349719 -0.1278001 -4.61e-4 0.835058 -0.1278001 -4.9e-4 0.8351519 -0.1278001 -5e-4 0.835249 -0.1278001 -0.04944896 0.7878 -0.1278001 -0.04843997 0.7959299 -0.1278001 -0.04610395 0.803777 -0.1278001 -0.04335498 0.80965 -0.1278001 -0.04005497 0.8148459 -0.1278001 -0.036134 0.8195939 -0.1278001 -0.03163999 0.823828 -0.1278001 -0.02666497 0.827462 -0.1278001 -0.02127599 0.830449 -0.1278001 -0.01565098 0.832714 -0.1278001 -0.009899973 0.834252 -0.1278001 -0.005226969 0.834975 -0.1278001 -0.04947096 0.786933 -0.1278001 -0.04947096 0.7838 -0.1278001 -5e-4 0.7362909 -0.1278001 -0.008815944 0.73708 -0.1278001 -0.016882 0.7392559 -0.1278001 -0.02446597 0.742756 -0.1278001 -0.03135496 0.747482 -0.1278001 -0.03734999 0.753299 -0.1278001 -0.04228299 0.760041 -0.1278001 -0.04601198 0.7675159 -0.1278001 -0.04843097 0.7755109 -0.1278001 -4.9e-4 0.736388 -0.1278001 -4.61e-4 0.7364819 -0.1278001 -4.15e-4 0.736568 -0.1278001 -3.53e-4 0.736643 -0.1278001 -2.77e-4 0.736705 -0.1278001 -1.91e-4 0.736751 -0.1278001 -9.7e-5 0.736779 -0.1278001 0 0.736789 -0.1278001 9.7e-5 0.736779 -0.1278001 1.91e-4 0.736751 -0.1278001 2.77e-4 0.736705 -0.1278001 3.53e-4 0.736643 -0.1278001 4.15e-4 0.736568 -0.1278001 4.61e-4 0.7364819 -0.1278001 4.9e-4 0.736388 -0.1278001 5e-4 0.7362909 -0.1278001 0.04947096 0.7838 -0.1278001 0.04843097 0.7755109 -0.1278001 0.04601198 0.7675159 -0.1278001 0.04228299 0.760041 -0.1278001 0.03734999 0.753299 -0.1278001 0.03135496 0.747482 -0.1278001 0.02446597 0.742756 -0.1278001 0.016882 0.7392559 -0.1278001 0.008815944 0.73708 -0.1278001 0.04947096 0.786933 -0.1278001 -0.04571795 0.790031 -0.183269 -0.04387897 0.799665 -0.1736351 -0.04003596 0.808689 -0.1646111 -0.03500699 0.815946 -0.1573541 -0.029365 0.821545 -0.151755 -0.02352899 0.825684 -0.147616 -0.01778298 0.828592 -0.144708 -0.012308 0.830498 -0.1428021 -0.007209956 0.83161 -0.1416901 -0.002018988 0.8321359 -0.1411641 0.003198981 0.832068 -0.1412321 0.008373975 0.831409 -0.1418911 0.01344197 0.830166 -0.1431341 0.01833599 0.828355 -0.144945 0.02299195 0.826 -0.1473001 0.02735096 0.823131 -0.1501691 0.03135597 0.819785 -0.1535151 0.03495496 0.816006 -0.157294 0.03810197 0.8118429 -0.1614571 0.04152494 0.805787 -0.1675131 0.04423195 0.7984469 -0.174853 0.04517096 0.794274 -0.1790261 0.04571795 0.790031 -0.183269 0.04563295 0.7916559 -0.183058 0.04565 0.791402 -0.1831431 0.04567998 0.790843 -0.183216 -0.04563295 0.7916559 -0.183058 -0.043603 0.801247 -0.173467 -0.03958296 0.8101879 -0.1645261 -0.03441298 0.8173399 -0.157374 -0.028665 0.822824 -0.15189 -0.02275097 0.826846 -0.1478691 -0.01695096 0.829639 -0.145075 -0.01144295 0.831437 -0.1432781 -0.00632596 0.832449 -0.142265 -0.001127958 0.832873 -0.1418411 0.004083991 0.8327049 -0.1420091 0.009243965 0.8319459 -0.142768 0.01428496 0.830606 -0.1441091 0.01914 0.828702 -0.146013 0.02374899 0.8262589 -0.148456 0.02805 0.823308 -0.1514061 0.03198796 0.819888 -0.1548261 0.03551399 0.8160429 -0.158671 0.03858 0.811823 -0.162891 0.04188597 0.805707 -0.1690081 0.04431998 0.798831 -0.1758831 -0.04568397 0.7907679 -0.1832221 -0.04565197 0.7913799 -0.1831471 -0.04563999 0.7915629 -0.183104 0.04951196 0.7838 -0.1325001 0.04902899 0.7337999 -0.184387 0.04830396 0.7337999 -0.1760671 0.04618197 0.7337999 -0.1679961 0.04363197 0.7337999 -0.1620891 0.04043096 0.7337999 -0.1567081 0.03657096 0.7337999 -0.151773 0.03210794 0.7337999 -0.1473591 0.02713197 0.7337999 -0.14355 0.021712 0.7337999 -0.1403961 0.01625698 0.7337999 -0.13806 0.01088398 0.7337999 -0.1364681 0.00572896 0.7337999 -0.1355471 5e-4 0.7337999 -0.1351991 5e-4 0.733802 -0.135196 5e-4 0.7344569 -0.1344751 0.008448958 0.735166 -0.1344711 0.02715796 0.742561 -0.134379 0.02128297 0.739228 -0.1344321 0.01500499 0.736756 -0.1344531 0.04410296 0.7619679 -0.1337881 0.03962194 0.7545259 -0.1340721 0.03453898 0.748587 -0.134249 0.03099596 0.745391 -0.1343241 0.04521298 0.764387 -0.133679 0.04887294 0.777179 -0.1329801 0.04744094 0.7706729 -0.1333571 -0.03196597 0.8197249 -0.1599391 -0.027493 0.823566 -0.1560981 -0.02256298 0.8268 -0.152864 -0.017259 0.8293719 -0.150292 -0.01166796 0.831241 -0.1484231 -0.006466984 0.832295 -0.147369 -0.001709997 0.832722 -0.1469421 0.00306499 0.8326509 -0.1470131 0.007806956 0.832083 -0.1475811 0.01246398 0.831023 -0.1486411 0.01698499 0.829482 -0.1501821 0.02132099 0.827479 -0.152185 0.02542495 0.8250339 -0.1546301 0.02881795 0.822531 -0.1571331 0.03196597 0.8197249 -0.1599391 -0.03553295 0.81581 -0.1638541 -0.03752398 0.813164 -0.1665 -0.03931695 0.81038 -0.1692841 -0.04472094 0.796606 -0.183058 -0.04287397 0.8029419 -0.1767221 -0.04126298 0.806741 -0.172923 -0.04508495 0.794968 -0.183058 -0.04538899 0.793317 -0.183058 -0.04563295 0.7916559 -0.183058 -0.043603 0.801247 -0.173467 -0.03958296 0.8101879 -0.1645261 -0.03441298 0.8173399 -0.157374 -0.028665 0.822824 -0.15189 -0.02275097 0.826846 -0.1478691 -0.01695096 0.829639 -0.145075 -0.01144295 0.831437 -0.1432781 -0.00632596 0.832449 -0.142265 -0.001127958 0.832873 -0.1418411 0.004083991 0.8327049 -0.1420091 0.009243965 0.8319459 -0.142768 0.01428496 0.830606 -0.1441091 0.01914 0.828702 -0.146013 0.02374899 0.8262589 -0.148456 0.02805 0.823308 -0.1514061 0.03198796 0.819888 -0.1548261 0.03551399 0.8160429 -0.158671 0.03858 0.811823 -0.162891 0.04188597 0.805707 -0.1690081 0.04431998 0.798831 -0.1758831 0.04563295 0.7916559 -0.183058 0.04538899 0.793317 -0.183058 0.04508495 0.794968 -0.183058 0.04472094 0.796606 -0.183058 0.03931695 0.81038 -0.1692841 0.04227095 0.804479 -0.175185 0.04367297 0.8005979 -0.1790661 0.03635197 0.8147689 -0.1648951 0.03424894 0.8173269 -0.1623371 0.041785 0.8058989 -0.169319 5e-4 0.736274 -0.1298 1.67e-4 0.7362709 -0.1298 -1.67e-4 0.7362709 -0.1298 -5e-4 0.736274 -0.1298 -4.94e-4 0.736368 -0.1298 -4.7e-4 0.7364589 -0.1298 -4.3e-4 0.7365439 -0.1298 -3.75e-4 0.73662 -0.1298 -3.06e-4 0.736684 -0.1298 -2.27e-4 0.7367339 -0.1298 -1.39e-4 0.736769 -0.1298 -4.7e-5 0.736786 -0.1298 4.7e-5 0.736786 -0.1298 1.39e-4 0.736769 -0.1298 2.27e-4 0.7367339 -0.1298 3.06e-4 0.736684 -0.1298 3.75e-4 0.73662 -0.1298 4.3e-4 0.7365439 -0.1298 4.7e-4 0.7364589 -0.1298 4.94e-4 0.736368 -0.1298 -5e-4 0.736274 -0.1298 -4.94e-4 0.736368 -0.1298 -4.7e-4 0.7364589 -0.1298 -4.3e-4 0.7365439 -0.1298 -3.75e-4 0.73662 -0.1298 -3.06e-4 0.736684 -0.1298 -2.27e-4 0.7367339 -0.1298 -1.39e-4 0.736769 -0.1298 -4.7e-5 0.736786 -0.1298 4.7e-5 0.736786 -0.1298 1.39e-4 0.736769 -0.1298 2.27e-4 0.7367339 -0.1298 3.06e-4 0.736684 -0.1298 3.75e-4 0.73662 -0.1298 4.3e-4 0.7365439 -0.1298 4.7e-4 0.7364589 -0.1298 4.94e-4 0.736368 -0.1298 5e-4 0.736274 -0.1298 -5e-4 0.73628 -0.1291331 -5e-4 0.736285 -0.1284671 -5e-4 0.7362909 -0.1278001 -4.9e-4 0.736388 -0.1278001 -4.61e-4 0.7364819 -0.1278001 -4.15e-4 0.736568 -0.1278001 -3.53e-4 0.736643 -0.1278001 -2.77e-4 0.736705 -0.1278001 -1.91e-4 0.736751 -0.1278001 -9.7e-5 0.736779 -0.1278001 0 0.736789 -0.1278001 9.7e-5 0.736779 -0.1278001 1.91e-4 0.736751 -0.1278001 2.77e-4 0.736705 -0.1278001 3.53e-4 0.736643 -0.1278001 4.15e-4 0.736568 -0.1278001 4.61e-4 0.7364819 -0.1278001 4.9e-4 0.736388 -0.1278001 5e-4 0.7362909 -0.1278001 5e-4 0.736285 -0.1284671 5e-4 0.73628 -0.1291331 -4.94e-4 0.835174 -0.1298 -3.29e-4 0.835176 -0.1298 -1.65e-4 0.835177 -0.1298 0 0.835177 -0.1298 4.94e-4 0.835174 -0.1298 4.71e-4 0.835083 -0.1298 4.31e-4 0.834998 -0.1298 3.76e-4 0.834921 -0.1298 3.07e-4 0.834857 -0.1298 2.27e-4 0.834806 -0.1298 1.4e-4 0.8347709 -0.1298 4.7e-5 0.834754 -0.1298 -4.7e-5 0.834754 -0.1298 -1.4e-4 0.8347709 -0.1298 -2.27e-4 0.834806 -0.1298 -3.07e-4 0.834857 -0.1298 -3.76e-4 0.834921 -0.1298 -4.31e-4 0.834998 -0.1298 -4.71e-4 0.835083 -0.1298 1.65e-4 0.835177 -0.1298 3.29e-4 0.835176 -0.1298 4.94e-4 0.835174 -0.1298 4.71e-4 0.835083 -0.1298 4.31e-4 0.834998 -0.1298 3.76e-4 0.834921 -0.1298 3.07e-4 0.834857 -0.1298 2.27e-4 0.834806 -0.1298 1.4e-4 0.8347709 -0.1298 4.7e-5 0.834754 -0.1298 -4.7e-5 0.834754 -0.1298 -1.4e-4 0.8347709 -0.1298 -2.27e-4 0.834806 -0.1298 -3.07e-4 0.834857 -0.1298 -3.76e-4 0.834921 -0.1298 -4.31e-4 0.834998 -0.1298 -4.71e-4 0.835083 -0.1298 -4.94e-4 0.835174 -0.1298 5e-4 0.835249 -0.1278001 4.9e-4 0.8351519 -0.1278001 4.61e-4 0.835058 -0.1278001 4.15e-4 0.8349719 -0.1278001 3.53e-4 0.8348969 -0.1278001 2.77e-4 0.8348349 -0.1278001 1.91e-4 0.8347889 -0.1278001 9.7e-5 0.8347609 -0.1278001 0 0.834752 -0.1278001 -9.7e-5 0.8347609 -0.1278001 -1.91e-4 0.8347889 -0.1278001 -2.77e-4 0.8348349 -0.1278001 -3.53e-4 0.8348969 -0.1278001 -4.15e-4 0.8349719 -0.1278001 -4.61e-4 0.835058 -0.1278001 -4.9e-4 0.8351519 -0.1278001 -5e-4 0.835249 -0.1278001 0.04920595 0.786755 -0.161244 0.04899597 0.7858 -0.1875001 0.04940998 0.7878 -0.1325001 0.04944896 0.7878 -0.1278001 5e-4 0.835249 -0.1278001 0.00871396 0.834479 -0.1278001 0.01666599 0.832364 -0.1278001 0.02415198 0.828965 -0.1278001 0.03096497 0.8243779 -0.1278001 0.03521394 0.82055 -0.1278001 0.039258 0.8159139 -0.1278001 0.04269295 0.810813 -0.1278001 0.04547697 0.805308 -0.1278001 0.04754894 0.79951 -0.1278001 0.04885298 0.793705 -0.1278001 4.94e-4 0.835174 -0.1298 0 0.835177 -0.1298 1.65e-4 0.835177 -0.1298 3.29e-4 0.835176 -0.1298 0 0.834855 -0.1384451 0.04788398 0.796234 -0.177066 0.04543197 0.804197 -0.169103 0.040681 0.813146 -0.1601541 0.03717797 0.817748 -0.1555531 0.03139495 0.82345 -0.1498501 0.02549099 0.827681 -0.145619 0.01980894 0.830657 -0.142643 0.01436495 0.832693 -0.1406071 0.009362995 0.8339479 -0.139352 0.004836976 0.8346139 -0.1386861 0.002426981 0.8347939 -0.1385061 5e-4 0.733802 -0.135196 5e-4 0.7337999 -0.1351991 4.9e-4 0.7337999 -0.1352961 4.61e-4 0.7337999 -0.135389 4.15e-4 0.7337999 -0.135475 3.53e-4 0.7337999 -0.13555 2.77e-4 0.7337999 -0.1356121 1.91e-4 0.7337999 -0.135658 9.7e-5 0.7337999 -0.135686 0 0.7337999 -0.1356961 -9.7e-5 0.7337999 -0.135686 -1.91e-4 0.7337999 -0.135658 -2.77e-4 0.7337999 -0.1356121 -3.53e-4 0.7337999 -0.13555 -4.15e-4 0.7337999 -0.135475 -4.61e-4 0.7337999 -0.135389 -4.9e-4 0.7337999 -0.1352961 -5e-4 0.7337999 -0.1351991 -5e-4 0.733802 -0.135196 -5e-4 0.7357999 -0.135196 5e-4 0.7357999 -0.135196 4.9e-4 0.7357999 -0.1352931 4.62e-4 0.7357999 -0.1353871 4.16e-4 0.7357999 -0.135474 3.54e-4 0.7357999 -0.1355491 2.78e-4 0.7357999 -0.1356121 1.91e-4 0.7357999 -0.135658 9.8e-5 0.7357999 -0.135686 0 0.7357999 -0.1356961 -9.8e-5 0.7357999 -0.135686 -1.91e-4 0.7357999 -0.135658 -2.78e-4 0.7357999 -0.1356121 -3.54e-4 0.7357999 -0.1355491 -4.16e-4 0.7357999 -0.135474 -4.62e-4 0.7357999 -0.1353871 -4.9e-4 0.7357999 -0.1352931 -5e-4 0.7344569 -0.1344751 -5e-4 0.734993 -0.133805 -5e-4 0.735444 -0.1330751 -5e-4 0.7357999 -0.1323021 -5e-4 0.7357999 -0.135196 -5e-4 0.733802 -0.135196 5e-4 0.7344569 -0.1344751 5e-4 0.733802 -0.135196 5e-4 0.7357999 -0.135196 5e-4 0.7357999 -0.1323021 5e-4 0.735444 -0.1330751 5e-4 0.734993 -0.133805 5e-4 0.7357999 -0.1323021 5e-4 0.7357999 -0.135196 -5e-4 0.7357999 -0.1323021 -1.67e-4 0.7357999 -0.132296 1.67e-4 0.7357999 -0.132296 -5e-4 0.7357999 -0.135196 4.9e-4 0.7357999 -0.1352931 4.62e-4 0.7357999 -0.1353871 4.16e-4 0.7357999 -0.135474 3.54e-4 0.7357999 -0.1355491 2.78e-4 0.7357999 -0.1356121 1.91e-4 0.7357999 -0.135658 9.8e-5 0.7357999 -0.135686 0 0.7357999 -0.1356961 -9.8e-5 0.7357999 -0.135686 -1.91e-4 0.7357999 -0.135658 -2.78e-4 0.7357999 -0.1356121 -3.54e-4 0.7357999 -0.1355491 -4.16e-4 0.7357999 -0.135474 -4.62e-4 0.7357999 -0.1353871 -4.9e-4 0.7357999 -0.1352931 5e-4 0.7357999 -0.2364971 1.67e-4 0.7357999 -0.2365 -1.67e-4 0.7357999 -0.2365 -5e-4 0.7357999 -0.2364971 -4.9e-4 0.7357999 -0.2364001 -4.61e-4 0.7357999 -0.236307 -4.15e-4 0.7357999 -0.2362211 -3.53e-4 0.7357999 -0.236146 -2.77e-4 0.7357999 -0.2360841 -1.91e-4 0.7357999 -0.236038 -9.7e-5 0.7357999 -0.2360101 0 0.7357999 -0.2360001 9.7e-5 0.7357999 -0.2360101 1.91e-4 0.7357999 -0.236038 2.77e-4 0.7357999 -0.2360841 3.53e-4 0.7357999 -0.236146 4.15e-4 0.7357999 -0.2362211 4.61e-4 0.7357999 -0.236307 4.9e-4 0.7357999 -0.2364001 -5e-4 0.7357999 -0.2364971 -4.9e-4 0.7357999 -0.2364001 -4.61e-4 0.7357999 -0.236307 -4.15e-4 0.7357999 -0.2362211 -3.53e-4 0.7357999 -0.236146 -2.77e-4 0.7357999 -0.2360841 -1.91e-4 0.7357999 -0.236038 -9.7e-5 0.7357999 -0.2360101 0 0.7357999 -0.2360001 9.7e-5 0.7357999 -0.2360101 1.91e-4 0.7357999 -0.236038 2.77e-4 0.7357999 -0.2360841 3.53e-4 0.7357999 -0.236146 4.15e-4 0.7357999 -0.2362211 4.61e-4 0.7357999 -0.236307 4.9e-4 0.7357999 -0.2364001 5e-4 0.7357999 -0.2364971 -5e-4 0.7337999 -0.2364971 -4.9e-4 0.7337999 -0.2364001 -4.61e-4 0.7337999 -0.236307 -4.15e-4 0.7337999 -0.2362211 -3.53e-4 0.7337999 -0.236146 -2.77e-4 0.7337999 -0.2360841 -1.91e-4 0.7337999 -0.236038 -9.7e-5 0.7337999 -0.2360101 0 0.7337999 -0.2360001 9.7e-5 0.7337999 -0.2360101 1.91e-4 0.7337999 -0.236038 2.77e-4 0.7337999 -0.2360841 3.53e-4 0.7337999 -0.236146 4.15e-4 0.7337999 -0.2362211 4.61e-4 0.7337999 -0.236307 4.9e-4 0.7337999 -0.2364001 5e-4 0.7337999 -0.2364971 -0.04947096 0.786933 -0.1278001 -0.04951196 0.7838 -0.1325001 -0.04944896 0.7878 -0.1278001 -0.04940998 0.7878 -0.1325001 0.04951196 0.7838 -0.1325001 0.04899597 0.7858 -0.1875001 0.04899996 0.7337999 -0.1875001 0.04902899 0.7337999 -0.184387 0.04940998 0.7878 -0.1325001 0.04920595 0.786755 -0.161244 0.04951196 0.7838 -0.1325001 0.04899597 0.7858 -0.1875001 -0.04947096 0.786933 -0.1278001 -0.04951196 0.7838 -0.1325001 -0.04947096 0.7838 -0.1278001 0.04951196 0.7838 -0.1325001 0.04940998 0.7878 -0.1325001 0.04947096 0.786933 -0.1278001 0.04944896 0.7878 -0.1278001 0.04947096 0.7838 -0.1278001 0.04951196 0.7838 -0.1325001 0.04947096 0.786933 -0.1278001 0.04472094 0.796606 -0.183058 0.04472398 0.796503 -0.1831611 0.04468995 0.796417 -0.183247 0.04460197 0.79634 -0.183324 0.04448199 0.796314 -0.18335 0.04563295 0.7916559 -0.183058 0.04538899 0.793317 -0.183058 0.04508495 0.794968 -0.183058 0.04565 0.791402 -0.1831431 0.04567998 0.790843 -0.183216 0.04571795 0.790031 -0.183269 0.04562699 0.789971 -0.1833291 0.04551899 0.7899499 -0.18335 0.044927 0.79421 -0.18335 0.04527294 0.792087 -0.18335 0.04506999 0.7949649 -0.1831431 0.04503595 0.794958 -0.183216 0.04501295 0.794953 -0.183247 0.04491096 0.794932 -0.183324 0.04504799 0.794232 -0.183324 0.04537498 0.7933149 -0.1831431 0.04534 0.793309 -0.183216 0.04531699 0.7933049 -0.183247 0.04521399 0.793288 -0.183324 0.04549795 0.792118 -0.183247 0.04539495 0.792104 -0.183324 0.04561895 0.791655 -0.1831431 0.04558396 0.7916499 -0.183216 0.04556095 0.791647 -0.183247 0.045457 0.791634 -0.183324 0.04561597 0.791397 -0.183216 0.04559195 0.791395 -0.183247 0.04548895 0.791382 -0.183324 0.04565697 0.790841 -0.183247 0.04555398 0.790829 -0.183324 0.04563498 0.7900239 -0.183324 0 0.7368 -0.2365 -0.005554974 0.737116 -0.2361841 -0.01097196 0.7380439 -0.2352561 -0.01613396 0.739532 -0.2337681 -0.020958 0.741508 -0.231792 -0.025397 0.7438949 -0.2294051 -0.02942699 0.7466199 -0.22668 -0.03304594 0.7496209 -0.2236791 -0.03724497 0.753959 -0.219341 -0.04114598 0.7591909 -0.2141091 -0.04422098 0.764692 -0.208608 -0.04710596 0.772309 -0.2009921 -0.048774 0.7810999 -0.1922001 -0.04898798 0.7868619 -0.186438 -0.04852294 0.792617 -0.1806831 -0.04611897 0.8023529 -0.1709471 -0.04159498 0.8117009 -0.161599 -0.03625798 0.8187599 -0.1545401 -0.02987599 0.824638 -0.148662 -0.02364695 0.8287159 -0.1445841 -0.01774495 0.831474 -0.141826 -0.01193898 0.833323 -0.139977 -0.006405949 0.834379 -0.138921 -0.003216981 0.8346939 -0.1386061 0 0.8348 -0.1385 0.005640983 0.834474 -0.1388261 0.01113694 0.8335179 -0.1397821 0.01636695 0.831986 -0.141314 0.02124595 0.8299539 -0.1433461 0.02572399 0.8275039 -0.1457961 0.02978199 0.824711 -0.1485891 0.03341495 0.821639 -0.151661 0.037615 0.817202 -0.1560981 0.04149597 0.811859 -0.161441 0.04452896 0.8062489 -0.1670511 0.04704296 0.7995089 -0.1737911 0.04852396 0.792617 -0.1806831 0.04877197 0.781081 -0.1922191 0.04627996 0.769701 -0.203599 0.04158794 0.7598879 -0.2134121 0.03597897 0.7525359 -0.2207641 0.029751 0.746866 -0.2264341 0.02338296 0.742739 -0.2305611 0.01705396 0.7398629 -0.2334371 0.01082199 0.7380099 -0.2352901 0.005475997 0.7371069 -0.2361931 -0.03149998 0.76657 -0.2422701 -0.03149998 0.765839 -0.2421941 -0.03149998 0.766256 -0.2425841 -0.03149998 0.7671189 -0.2423281 -0.03149998 0.76657 -0.2422701 -0.03149998 0.766256 -0.2425841 -0.03149998 0.76657 -0.2428771 -0.02249997 0.760765 -0.2482051 -0.02249997 0.7611239 -0.2483231 -0.02249997 0.760273 -0.2477601 -0.02249997 0.761539 -0.2479081 -0.02549499 0.7629659 -0.2464811 -0.02543497 0.7617489 -0.2462841 -0.03149998 0.765839 -0.2421941 -0.028934 0.763911 -0.2441241 -0.03149998 0.76657 -0.2422701 -0.03149998 0.7671189 -0.2423281 -0.02868497 0.764961 -0.244486 -0.02549499 0.7629659 -0.2464811 -0.02249997 0.761539 -0.2479081 -0.02249997 0.760273 -0.2477601 -0.02543497 0.7617489 -0.2462841 -0.03149998 0.7671189 -0.2423281 -0.03149998 0.769225 -0.240222 -0.02381795 0.771475 -0.2379721 -0.024396 0.77182 -0.237627 -0.02504795 0.772092 -0.2373551 -0.02575397 0.772283 -0.2371641 -0.02649599 0.7723869 -0.2370601 -0.02725195 0.7724019 -0.2370451 -0.02800095 0.7723279 -0.23712 -0.02872198 0.772165 -0.237282 -0.02939397 0.77192 -0.237528 -0.02999895 0.771598 -0.2378491 -0.03051799 0.771209 -0.238238 -0.03093898 0.770765 -0.2386831 -0.03124696 0.770276 -0.239171 -0.03143596 0.769758 -0.2396891 -0.02249997 0.769225 -0.240222 -0.02255499 0.7697229 -0.239724 -0.02271997 0.770209 -0.239239 -0.02298998 0.7706699 -0.2387771 -0.023359 0.771096 -0.2383521 -0.02249997 0.761539 -0.2479081 -0.02549499 0.7629659 -0.2464811 -0.02868497 0.764961 -0.244486 -0.02699995 0.767422 -0.2420251 -0.02655696 0.76745 -0.2419981 -0.02612799 0.7675309 -0.2419161 -0.02572494 0.767664 -0.2417831 -0.025361 0.767844 -0.2416031 -0.025047 0.7680659 -0.2413811 -0.02479195 0.7683239 -0.2411231 -0.02460396 0.7686089 -0.2408391 -0.02448898 0.768912 -0.2405351 -0.02445 0.769225 -0.240222 -0.02448898 0.769539 -0.2399091 -0.02460396 0.7698419 -0.2396051 -0.02479195 0.7701269 -0.23932 -0.025047 0.770384 -0.239063 -0.025361 0.770607 -0.2388411 -0.02572494 0.770787 -0.23866 -0.02612799 0.7709199 -0.2385281 -0.02655696 0.771001 -0.2384461 -0.02699995 0.771029 -0.2384191 -0.02744299 0.771001 -0.2384461 -0.02787196 0.7709199 -0.2385281 -0.02827495 0.770787 -0.23866 -0.02863895 0.770607 -0.2388411 -0.02895295 0.770384 -0.239063 -0.029208 0.7701269 -0.23932 -0.02939599 0.7698419 -0.2396051 -0.02951097 0.769539 -0.2399091 -0.02954995 0.769225 -0.240222 -0.02951097 0.768912 -0.2405351 -0.02939599 0.7686089 -0.2408391 -0.029208 0.7683239 -0.2411231 -0.02895295 0.7680659 -0.2413811 -0.02863895 0.767844 -0.2416031 -0.02827495 0.767664 -0.2417831 -0.02787196 0.7675309 -0.2419161 -0.02744299 0.76745 -0.2419981 0.03977799 0.8152529 -0.1673161 0.039599 0.815164 -0.1677091 0.03941994 0.8150749 -0.168102 0.03924 0.814987 -0.1684951 0.03400599 0.821304 -0.162178 0.03418099 0.8213639 -0.161849 0.03435498 0.821425 -0.1615191 0.03452998 0.8214849 -0.16119 -0.03453099 0.821487 -0.1611881 -0.03400796 0.821306 -0.1621761 -0.03924196 0.814989 -0.168493 -0.03942197 0.8150779 -0.1681001 -0.03960096 0.815166 -0.1677061 -0.03977996 0.8152549 -0.167313 0.006929993 0.822094 -0.242242 0.006959974 0.822012 -0.2421571 0.007054984 0.821957 -0.2421051 0.007208943 0.821926 -0.2420821 0.007523 0.821903 -0.2420681 0.007521986 0.810095 -0.2476361 0.007247984 0.810104 -0.2476511 0.007107973 0.810126 -0.2476651 0.006971955 0.810184 -0.2477171 0.006929993 0.810279 -0.2478151 0.006939947 0.816222 -0.2451621 0.007018983 0.8161509 -0.245092 -0.006971955 0.8102779 -0.2478141 -0.006971955 0.822094 -0.242241 -0.007013976 0.810185 -0.247718 -0.007142961 0.810126 -0.2476661 -0.007282972 0.8101029 -0.24765 -0.007538974 0.8100849 -0.2476381 -0.007564961 0.821896 -0.2420611 -0.007002949 0.8220099 -0.2421541 -0.007097959 0.8219529 -0.2421011 -0.007255971 0.821919 -0.242076 -0.006459951 0.809214 -0.2480611 -2.11e-4 0.809279 -0.248261 0.003702998 0.8092769 -0.2481881 0.006291985 0.809192 -0.2480821 0.006678998 0.80923 -0.2480401 0.006958961 0.809291 -0.2479951 0.007112979 0.809358 -0.2479581 0.007220983 0.8094549 -0.2479121 0.007411956 0.809724 -0.2477911 0.007456958 0.809814 -0.2477521 0.007489979 0.809901 -0.2477151 0.007521986 0.810095 -0.2476361 -0.007538974 0.8100849 -0.2476381 -0.007523953 0.809896 -0.2477141 -0.007480978 0.809731 -0.2477831 -0.007399976 0.8095709 -0.247852 -0.007289946 0.809438 -0.2479131 -0.007174968 0.809348 -0.2479571 -0.007065951 0.809292 -0.247987 -0.006915986 0.809246 -0.2480161 -0.006754994 0.809224 -0.248036 -0.006971955 0.8102779 -0.2478141 -0.007013976 0.810185 -0.247718 -0.007142961 0.810126 -0.2476661 -0.007282972 0.8101029 -0.24765 -0.006577968 0.8098739 -0.247969 -0.006740987 0.809906 -0.2479481 -0.006872951 0.810004 -0.2479071 -0.00694698 0.8101319 -0.247861 0.006535947 0.8098739 -0.247969 0.006929993 0.810279 -0.2478151 0.006901979 0.810125 -0.2478641 0.006822943 0.809996 -0.247911 0.006691992 0.809904 -0.2479501 0.007247984 0.810104 -0.2476511 0.007107973 0.810126 -0.2476651 0.006971955 0.810184 -0.2477171 0.006963968 0.8100929 -0.2477411 0.007045984 0.809914 -0.247745 0.006997942 0.8098329 -0.2477791 0.006936967 0.8097479 -0.2478131 0.006907999 0.8097169 -0.247826 0.006820976 0.8096579 -0.247857 0.006775975 0.8096399 -0.24787 0.006698966 0.8096149 -0.2478871 0.006583988 0.809593 -0.2479051 0.006431996 0.80958 -0.2479191 0.005122959 0.809601 -0.2479861 -0.003394961 0.8096429 -0.2480521 -0.001429975 0.8096629 -0.248095 -0.00663495 0.8095939 -0.2479011 -0.006531953 0.809588 -0.2479121 -0.006756961 0.809611 -0.2478821 -0.006799995 0.809623 -0.2478731 -0.006841957 0.8096379 -0.2478621 -0.006872951 0.8096529 -0.2478531 -0.006963968 0.8097149 -0.2478191 -0.006992995 0.809744 -0.2478051 -0.007024943 0.809781 -0.247789 -0.007077991 0.8098669 -0.2477551 -0.007006943 0.810095 -0.24774 0.006935 0.8100129 -0.2477701 0.006917953 0.8099799 -0.2477831 0.006875991 0.809912 -0.247808 0.006850957 0.809879 -0.2478201 0.00683999 0.8098669 -0.247825 0.006808996 0.8098379 -0.2478371 0.00673896 0.809793 -0.247861 0.006721973 0.809786 -0.247866 0.006693959 0.809775 -0.2478741 0.006609976 0.809752 -0.2478891 0.006560981 0.809745 -0.2478951 0.006493985 0.80974 -0.2479011 0.00583899 0.8097479 -0.2479351 0.002556979 0.809816 -0.2480611 -0.004010975 0.809794 -0.2480171 -0.004991948 0.809773 -0.2479771 -0.006562948 0.809744 -0.2478981 -0.006607949 0.8097459 -0.247893 -0.006704986 0.8097609 -0.2478781 -0.006746947 0.8097739 -0.2478681 -0.006762981 0.80978 -0.2478641 -0.006777942 0.8097869 -0.2478601 -0.006789982 0.809793 -0.2478561 -0.006861984 0.80984 -0.2478311 -0.006892979 0.8098689 -0.247817 -0.006903946 0.809881 -0.247812 -0.006915986 0.809896 -0.2478061 -0.006938993 0.809927 -0.247794 -0.006975948 0.809997 -0.247771 0.006881952 0.810018 -0.247825 -0.006935 0.8100289 -0.247816 0.006929993 0.810504 -0.2480581 0.006929993 0.810279 -0.2478151 0.006929993 0.8223109 -0.2424761 0.006929993 0.822094 -0.242242 0.006535947 0.8101219 -0.2482371 -0.006577968 0.8101219 -0.2482361 0.006535947 0.8098739 -0.247969 -0.006577968 0.8098739 -0.247969 -0.006577968 0.8101219 -0.2482361 -0.006577968 0.8098739 -0.247969 -0.006740987 0.809906 -0.2479481 -0.006872951 0.810004 -0.2479071 -0.00694698 0.8101319 -0.247861 -0.006971955 0.8102779 -0.2478141 -0.006971955 0.810504 -0.2480571 -0.006737947 0.8101499 -0.2482131 -0.006869971 0.810241 -0.2481681 -0.006945967 0.8103629 -0.2481151 -0.006971955 0.822094 -0.242241 -0.006971955 0.8223109 -0.242475 -0.006971955 0.810504 -0.2480571 -0.006971955 0.8102779 -0.2478141 -0.006577968 0.8101219 -0.2482361 -0.006737947 0.8101499 -0.2482131 -0.006869971 0.810241 -0.2481681 -0.006945967 0.8103629 -0.2481151 -0.006971955 0.810504 -0.2480571 -0.006971955 0.8223109 -0.242475 -0.006938993 0.822457 -0.2423971 -0.006843984 0.822582 -0.242336 -0.006714999 0.8226609 -0.2423021 -0.006565988 0.822693 -0.2422971 0.006518959 0.822694 -0.2422981 0.006680965 0.822658 -0.242304 0.006817996 0.8225679 -0.2423431 0.006900966 0.8224479 -0.242403 0.006929993 0.8223109 -0.2424761 0.006929993 0.810504 -0.2480581 0.006898999 0.810352 -0.2481211 0.006811976 0.810226 -0.2481771 0.006685972 0.8101469 -0.248216 0.006535947 0.8101219 -0.2482371 7.51e-4 0.820405 -0.243795 7.51e-4 0.819832 -0.244091 7.51e-4 0.819258 -0.2443841 7.51e-4 0.818682 -0.2446731 -7.93e-4 0.820405 -0.243795 -2.79e-4 0.820406 -0.2437981 2.36e-4 0.820406 -0.2437981 -7.93e-4 0.818682 -0.2446731 -7.93e-4 0.819258 -0.2443841 -7.93e-4 0.819832 -0.244091 -0.003098964 0.818663 -0.244629 -0.003345966 0.818646 -0.2446281 -0.003564953 0.8186079 -0.244638 -0.003794968 0.81854 -0.2446621 -0.004027962 0.8184409 -0.244701 -0.004253983 0.818308 -0.244755 -0.004422962 0.81818 -0.2448101 -0.004572987 0.818036 -0.2448731 -0.004707992 0.817876 -0.244944 -0.00485295 0.8176479 -0.245047 -0.004957973 0.8174039 -0.245159 -0.005014955 0.817173 -0.245267 -0.005041956 0.816774 -0.2454571 -0.005040943 0.8144369 -0.2465301 7.51e-4 0.817294 -0.2453511 7.49e-4 0.8144059 -0.246681 7.11e-4 0.814129 -0.2468031 6.34e-4 0.81388 -0.2469131 5.04e-4 0.813622 -0.2470251 3.25e-4 0.81338 -0.24713 1.09e-4 0.8131709 -0.24722 -1.48e-4 0.8129909 -0.2472971 -3.85e-4 0.812874 -0.2473461 -6.91e-4 0.812773 -0.2473871 -9.54e-4 0.812727 -0.247404 -0.001184999 0.812714 -0.2474071 -0.003295958 0.812702 -0.2473601 -0.003595948 0.812747 -0.2473301 -0.003887951 0.8128359 -0.2472811 -0.004145979 0.812959 -0.2472171 -0.004400968 0.8131319 -0.2471321 -0.004626989 0.81335 -0.247027 -0.004807949 0.8135979 -0.2469111 -0.004939973 0.8138729 -0.246784 -0.005015969 0.8141509 -0.246658 0.002939999 0.817277 -0.245312 0.003135979 0.817267 -0.2453101 0.003287971 0.8172109 -0.2453311 0.003411948 0.8170799 -0.2453891 0.003444969 0.816991 -0.2454301 0.00345695 0.816891 -0.2454771 0.003454983 0.8126919 -0.247358 0.003969967 0.8126839 -0.2473401 0.004483997 0.812675 -0.2473211 0.004998981 0.812665 -0.2472981 0.003116965 0.8186619 -0.2446281 0.003359973 0.8186389 -0.24463 0.003594994 0.8185899 -0.2446451 0.003900945 0.818481 -0.2446851 0.004138946 0.8183559 -0.2447361 0.004397988 0.818165 -0.2448171 0.004602968 0.817956 -0.2449091 0.004782974 0.8176969 -0.245025 0.004903972 0.817436 -0.2451451 0.004970967 0.8171899 -0.2452601 0.004998981 0.816911 -0.245392 0.004998981 0.8149589 -0.2462971 -0.006494998 0.8181579 -0.2446891 -0.005283951 0.821844 -0.2428591 -2.4e-5 0.821479 -0.2432311 0.006449997 0.818159 -0.2446891 0.005237996 0.8218449 -0.2428601 -0.005040943 0.814564 -0.246147 -0.005047976 0.816579 -0.2452071 -0.005033969 0.816818 -0.2450911 -0.004998981 0.817027 -0.244989 -0.004954993 0.8171799 -0.2449151 -0.004894971 0.8173289 -0.2448421 -0.005040943 0.8142229 -0.2463001 -0.005040943 0.8144369 -0.2465301 -7.93e-4 0.818682 -0.2446731 -0.003098964 0.818663 -0.244629 -0.003345966 0.818646 -0.2446281 -0.003564953 0.8186079 -0.244638 -0.003794968 0.81854 -0.2446621 -0.004027962 0.8184409 -0.244701 -0.004253983 0.818308 -0.244755 -0.004422962 0.81818 -0.2448101 -0.004572987 0.818036 -0.2448731 -0.004707992 0.817876 -0.244944 -0.00485295 0.8176479 -0.245047 -0.004957973 0.8174039 -0.245159 -0.005014955 0.817173 -0.245267 -0.005041956 0.816774 -0.2454571 -7.93e-4 0.8184689 -0.2444431 -7.89e-4 0.8184489 -0.2444201 -0.002820968 0.818432 -0.2443841 -0.003109991 0.8184279 -0.244378 -0.003849983 0.8182809 -0.2444131 -0.003607988 0.81836 -0.2443861 -0.003359973 0.818406 -0.2443761 -0.004477977 0.817892 -0.2445741 -0.004287958 0.818046 -0.244508 -0.004076957 0.8181759 -0.2444531 -0.004783987 0.8175329 -0.2447431 -0.004643976 0.817722 -0.2446541 -7.93e-4 0.8184689 -0.2444431 -7.93e-4 0.818682 -0.2446731 -7.93e-4 0.819258 -0.2443841 -7.93e-4 0.819832 -0.244091 -7.93e-4 0.820405 -0.243795 -7.93e-4 0.8201929 -0.243566 -7.93e-4 0.8196199 -0.243862 -7.93e-4 0.8190459 -0.244154 0.004998981 0.8166809 -0.245173 0.004998981 0.812454 -0.2470641 0.003068983 0.818429 -0.2443771 0.003396987 0.8183999 -0.2443801 0.003716945 0.818321 -0.2444071 0.004018962 0.8181939 -0.244459 0.004291951 0.818023 -0.2445341 0.004529953 0.817814 -0.244629 0.004723966 0.817572 -0.244742 0.004870951 0.817303 -0.2448711 0.004955947 0.817045 -0.2449951 0.004988968 0.816863 -0.2450841 7.47e-4 0.8184489 -0.2444201 7.51e-4 0.81847 -0.2444431 7.51e-4 0.818682 -0.2446731 0.003116965 0.8186619 -0.2446281 0.003359973 0.8186389 -0.24463 0.003594994 0.8185899 -0.2446451 0.003900945 0.818481 -0.2446851 0.004138946 0.8183559 -0.2447361 0.004397988 0.818165 -0.2448171 0.004602968 0.817956 -0.2449091 0.004782974 0.8176969 -0.245025 0.004903972 0.817436 -0.2451451 0.004970967 0.8171899 -0.2452601 0.004998981 0.816911 -0.245392 0.004998981 0.8149589 -0.2462971 0.004998981 0.812665 -0.2472981 0.004998981 0.8124709 -0.247089 0.003454983 0.812498 -0.2471491 0.003969967 0.81249 -0.2471321 0.004483997 0.8124809 -0.247112 0.004998981 0.8124709 -0.247089 0.003454983 0.8126919 -0.247358 0.003969967 0.8126839 -0.2473401 0.004483997 0.812675 -0.2473211 0.004998981 0.812665 -0.2472981 0.003454983 0.816703 -0.2452281 0.003454983 0.812478 -0.2471171 0.003454983 0.812498 -0.2471491 0.003454983 0.8126919 -0.247358 7.51e-4 0.817294 -0.2453511 0.002939999 0.817277 -0.245312 0.003135979 0.817267 -0.2453101 0.003287971 0.8172109 -0.2453311 0.003411948 0.8170799 -0.2453891 0.003444969 0.816991 -0.2454301 0.00345695 0.816891 -0.2454771 7.51e-4 0.8170899 -0.2451291 0.002778947 0.817084 -0.2451071 0.002102971 0.817088 -0.245119 0.001426994 0.8170899 -0.2451261 0.00306797 0.817081 -0.2451001 0.003421962 0.81685 -0.2451741 0.003345966 0.8169639 -0.2451331 0.003220975 0.817048 -0.2451061 7.51e-4 0.8170899 -0.2451291 7.51e-4 0.817294 -0.2453511 7.49e-4 0.8144059 -0.246681 7.11e-4 0.814129 -0.2468031 6.34e-4 0.81388 -0.2469131 5.04e-4 0.813622 -0.2470251 3.25e-4 0.81338 -0.24713 1.09e-4 0.8131709 -0.24722 -1.48e-4 0.8129909 -0.2472971 -3.85e-4 0.812874 -0.2473461 -6.91e-4 0.812773 -0.2473871 -9.54e-4 0.812727 -0.247404 -0.001184999 0.812714 -0.2474071 -0.003295958 0.812702 -0.2473601 -0.003595948 0.812747 -0.2473301 -0.003887951 0.8128359 -0.2472811 -0.004145979 0.812959 -0.2472171 -0.004400968 0.8131319 -0.2471321 -0.004626989 0.81335 -0.247027 -0.004807949 0.8135979 -0.2469111 -0.004939973 0.8138729 -0.246784 -0.005015969 0.8141509 -0.246658 -0.005040943 0.8144369 -0.2465301 -0.005040943 0.8142229 -0.2463001 -0.003110945 0.8125039 -0.247161 -0.003432989 0.812526 -0.2471401 -0.003754973 0.812598 -0.2470971 -0.004029989 0.8127029 -0.2470391 -0.004254996 0.8128309 -0.246972 -0.00445795 0.812987 -0.2468931 -0.004634976 0.813167 -0.2468041 -0.004782974 0.813367 -0.2467061 -0.004899978 0.813584 -0.2466021 -0.004983961 0.8138139 -0.246492 -0.005026996 0.8140169 -0.2463971 -0.001179993 0.812521 -0.2471981 -2.4e-5 0.8128719 -0.247049 -2.78e-4 0.812725 -0.2471141 -5.58e-4 0.812617 -0.247161 -8.52e-4 0.812549 -0.2471891 -0.001016974 0.812529 -0.247197 7.51e-4 0.8142719 -0.246411 7.27e-4 0.814004 -0.2465351 6.56e-4 0.8137419 -0.2466551 5.41e-4 0.8134929 -0.2467691 3.87e-4 0.8132609 -0.2468751 1.98e-4 0.8130519 -0.2469691 7.51e-4 0.815216 -0.2459931 7.51e-4 0.816155 -0.2455651 -0.004894971 0.8173289 -0.2448421 -0.004783987 0.8175329 -0.2447431 -0.004643976 0.817722 -0.2446541 -0.004477977 0.817892 -0.2445741 -0.004287958 0.818046 -0.244508 -0.004076957 0.8181759 -0.2444531 -0.003849983 0.8182809 -0.2444131 -0.003607988 0.81836 -0.2443861 -0.003359973 0.818406 -0.2443761 -0.003109991 0.8184279 -0.244378 -0.002820968 0.818432 -0.2443841 -7.89e-4 0.8184489 -0.2444201 -6.92e-4 0.8183299 -0.2443991 -0.003766953 0.818192 -0.2443891 -0.003567993 0.81825 -0.244369 -0.003077983 0.8183049 -0.24436 -0.002237975 0.8183199 -0.2443771 -0.004500985 0.817712 -0.2445911 -0.004287958 0.817907 -0.2445061 -0.004047989 0.818066 -0.2444391 -0.003917992 0.818131 -0.2444131 -0.004935979 0.814183 -0.246209 -0.004935979 0.815797 -0.2454791 -0.004918992 0.8168659 -0.2449781 -0.00486499 0.817097 -0.2448701 -0.004767 0.817336 -0.24476 -0.004648983 0.8175299 -0.2446721 -0.005040943 0.8142229 -0.2463001 -0.005040943 0.814564 -0.246147 -0.005047976 0.816579 -0.2452071 -0.005033969 0.816818 -0.2450911 -0.004998981 0.817027 -0.244989 -0.004954993 0.8171799 -0.2449151 -0.001513957 0.8183889 -0.2443841 -0.002527952 0.8183789 -0.2443641 -0.002950966 0.818372 -0.244351 -0.003217995 0.81836 -0.244347 -0.00346899 0.8183329 -0.2443521 -0.003692984 0.8182789 -0.2443701 -0.004170954 0.818059 -0.2444561 -0.004386961 0.8179009 -0.2445231 -0.004893958 0.817207 -0.24484 -0.005002975 0.816715 -0.245074 -0.005005955 0.815174 -0.245796 -0.005003988 0.816177 -0.2453291 -0.002802968 0.8183409 -0.244356 -0.004977941 0.81652 -0.2451441 -0.004969954 0.815984 -0.245397 -0.004971981 0.8154819 -0.24563 -0.005030989 0.8148689 -0.2459701 -0.004971981 0.814675 -0.2459971 -0.005030989 0.814464 -0.2461521 -0.005005955 0.814366 -0.24616 -0.004971981 0.814271 -0.246178 -0.005030989 0.814294 -0.2462291 -6.92e-4 0.8183299 -0.2443991 -6.92e-4 0.818906 -0.2441111 -6.92e-4 0.81948 -0.2438191 -6.92e-4 0.820053 -0.2435231 -7.89e-4 0.8184489 -0.2444201 -7.93e-4 0.8184689 -0.2444431 -7.93e-4 0.8201929 -0.243566 -7.93e-4 0.8196199 -0.243862 -7.93e-4 0.8190459 -0.244154 -7.9e-4 0.820174 -0.2435461 -7.83e-4 0.818569 -0.2443441 -7.64e-4 0.818679 -0.2442581 -7.51e-4 0.8186699 -0.2442511 -7.86e-4 0.818574 -0.2443491 -7.29e-4 0.81879 -0.2441781 -7.86e-4 0.818862 -0.2442051 -7.29e-4 0.8190769 -0.244033 -7.86e-4 0.8191489 -0.24406 -7.64e-4 0.8192539 -0.2439691 -7.29e-4 0.819364 -0.2438881 -7.86e-4 0.819436 -0.2439141 -7.29e-4 0.819651 -0.243741 -7.86e-4 0.819723 -0.2437671 -7.64e-4 0.8198279 -0.2436751 -7.29e-4 0.819937 -0.243593 -7.86e-4 0.82001 -0.24362 -7.44e-4 0.818443 -0.2443591 7.47e-4 0.8201729 -0.2435451 6.5e-4 0.820053 -0.2435231 7.51e-4 0.8201929 -0.243566 7.51e-4 0.81847 -0.2444431 7.51e-4 0.8190459 -0.244154 7.51e-4 0.8196199 -0.243862 7.47e-4 0.8184489 -0.2444201 6.5e-4 0.8183299 -0.2443991 6.5e-4 0.8194809 -0.2438191 6.5e-4 0.818906 -0.2441111 7.41e-4 0.818569 -0.2443441 7.22e-4 0.818679 -0.2442591 7.44e-4 0.818574 -0.2443491 7.09e-4 0.818671 -0.2442511 7.44e-4 0.818862 -0.2442051 6.87e-4 0.81879 -0.2441781 6.87e-4 0.8190769 -0.244033 7.44e-4 0.8191489 -0.24406 7.22e-4 0.8192539 -0.2439691 7.44e-4 0.8194369 -0.2439141 6.87e-4 0.819364 -0.2438881 6.87e-4 0.819651 -0.243741 7.44e-4 0.819723 -0.2437671 7.22e-4 0.8198279 -0.2436751 7.44e-4 0.82001 -0.24362 6.87e-4 0.819937 -0.2435941 7.02e-4 0.818443 -0.2443591 0.004998981 0.812454 -0.2470641 0.004893958 0.8125069 -0.246932 0.004893958 0.8166399 -0.2450841 0.004894971 0.815272 -0.2457211 0.004894971 0.8138939 -0.2463371 0.00306797 0.818311 -0.244356 0.003394961 0.818278 -0.24436 0.003699958 0.8181989 -0.244387 0.003978967 0.8180779 -0.2444341 0.004228949 0.8179189 -0.2445011 0.004444956 0.8177259 -0.244585 0.004622995 0.8175019 -0.2446851 0.004759967 0.817251 -0.2447991 0.004850983 0.8169769 -0.2449251 0.004880964 0.816811 -0.2450031 0.002463996 0.8183199 -0.2443711 0.002664983 0.8183169 -0.2443661 0.002866983 0.818314 -0.2443611 6.5e-4 0.8183299 -0.2443991 0.001254975 0.8183299 -0.244392 0.001858949 0.818326 -0.244383 7.47e-4 0.8184489 -0.2444201 0.003068983 0.818429 -0.2443771 0.003396987 0.8183999 -0.2443801 0.003716945 0.818321 -0.2444071 0.004018962 0.8181939 -0.244459 0.004291951 0.818023 -0.2445341 0.004529953 0.817814 -0.244629 0.004723966 0.817572 -0.244742 0.004870951 0.817303 -0.2448711 0.004955947 0.817045 -0.2449951 0.004988968 0.816863 -0.2450841 0.004998981 0.8166809 -0.245173 0.00496 0.8167429 -0.2450671 0.00493896 0.8169149 -0.2449821 0.004882991 0.817133 -0.2448791 0.004761993 0.817407 -0.244751 0.004593968 0.817657 -0.2446371 0.004383981 0.8178769 -0.2445391 0.004141986 0.818059 -0.2444611 0.003861963 0.818205 -0.244401 0.003555953 0.8183069 -0.2443621 0.003229975 0.8183639 -0.244347 0.002964973 0.818376 -0.244351 0.002862989 0.818378 -0.2443531 0.002760946 0.8183789 -0.244356 0.002458989 0.8183819 -0.2443641 0.001302957 0.81839 -0.2443861 0.001001 0.8183919 -0.2443901 0.004988968 0.8128109 -0.246874 0.004929959 0.812835 -0.2468031 0.004963994 0.8131679 -0.2466861 0.004929959 0.813528 -0.2465051 0.004988968 0.813872 -0.246416 0.004930973 0.8145859 -0.2460381 0.004964947 0.815282 -0.2457491 0.004930973 0.815616 -0.2455701 0.004989981 0.81598 -0.2454631 0.004964947 0.815967 -0.245433 0.004930973 0.8162999 -0.2452511 0.004989981 0.816322 -0.245303 0.00494796 0.8126539 -0.2468911 0.004978954 0.816486 -0.2452071 0.004983961 0.812552 -0.2469741 0.004940986 0.816558 -0.2451341 0.004998981 0.8124709 -0.247089 0.004998981 0.812454 -0.2470641 0.003454983 0.812498 -0.2471491 0.003969967 0.81249 -0.2471321 0.004483997 0.8124809 -0.247112 0.003454983 0.812478 -0.2471171 0.003550946 0.812531 -0.2469841 0.004893958 0.8125069 -0.246932 0.00444597 0.8125169 -0.2469511 0.003998994 0.8125249 -0.246968 0.00494498 0.812447 -0.247004 0.00484395 0.812452 -0.2470571 0.004789948 0.8124729 -0.2469651 0.004687964 0.8124529 -0.2470151 0.004566967 0.812477 -0.2469751 0.004585981 0.812457 -0.2470681 0.004361987 0.8124609 -0.2470771 0.004342973 0.8124809 -0.2469841 0.004240989 0.8124609 -0.2470331 0.004118978 0.812485 -0.2469921 0.004104971 0.812465 -0.2470871 0.003878951 0.8124889 -0.2470011 0.00386399 0.81247 -0.2470961 0.003758966 0.812469 -0.2470511 0.003654956 0.812493 -0.247009 0.003606975 0.812474 -0.2471051 0.003550946 0.816661 -0.2451381 0.003454983 0.816703 -0.2452281 0.003550946 0.812531 -0.2469841 0.003551959 0.8139169 -0.2463901 0.003551959 0.8152939 -0.245774 0.003454983 0.812478 -0.2471171 0.003460943 0.813182 -0.246779 0.003460943 0.812835 -0.2469271 0.003515958 0.8135519 -0.2465581 0.003515958 0.8128589 -0.2468551 0.003482997 0.813883 -0.246438 0.003482997 0.8131909 -0.2467381 0.003515958 0.814587 -0.2461011 0.003460943 0.815297 -0.245842 0.003514945 0.8163229 -0.2453061 0.003515958 0.8156389 -0.2456231 0.003482997 0.8159909 -0.2454861 0.003460943 0.816347 -0.2453561 0.003497958 0.812678 -0.2469431 0.003482997 0.813018 -0.2468121 0.003482997 0.813365 -0.246663 0.003482997 0.81494 -0.2459681 0.003482997 0.8154659 -0.2457281 0.003469944 0.81651 -0.2452601 0.003464996 0.8125759 -0.247026 0.003515958 0.8151139 -0.245864 0.003505945 0.816581 -0.2451891 0.003454983 0.816703 -0.2452281 0.003421962 0.81685 -0.2451741 0.003345966 0.8169639 -0.2451331 0.003220975 0.817048 -0.2451061 0.00306797 0.817081 -0.2451001 0.002778947 0.817084 -0.2451071 0.002102971 0.817088 -0.245119 0.001426994 0.8170899 -0.2451261 7.51e-4 0.8170899 -0.2451291 6.5e-4 0.8171309 -0.244984 0.003550946 0.816661 -0.2451381 0.003516972 0.8168199 -0.2450641 0.00345999 0.8169119 -0.2450221 0.003380954 0.816991 -0.244988 0.003242969 0.817071 -0.2449551 0.003084957 0.81711 -0.2449421 0.002033948 0.8171229 -0.244966 0.003473997 0.8167429 -0.2451351 0.003282964 0.8169969 -0.2450301 0.003154993 0.8170459 -0.2450141 0.002930998 0.817058 -0.245016 0.002744972 0.817081 -0.2449771 0.002591967 0.817065 -0.2450731 0.002405941 0.8170639 -0.245029 0.002253949 0.8170669 -0.245078 0.002219974 0.8170869 -0.244989 0.001915991 0.81707 -0.2450821 0.001881957 0.817092 -0.2449941 0.001729965 0.8170719 -0.2450371 0.001578986 0.8170719 -0.2450851 0.001535952 0.8170949 -0.2449991 0.001231968 0.817074 -0.2450901 8.95e-4 0.8170749 -0.2450901 0.001037955 0.817076 -0.2450461 8.44e-4 0.8170979 -0.245007 0.00138396 0.817074 -0.245042 7.51e-4 0.8142719 -0.246411 7.51e-4 0.815216 -0.2459931 7.51e-4 0.816155 -0.2455651 7.51e-4 0.8170899 -0.2451291 6.5e-4 0.8142309 -0.2463201 7.01e-4 0.814237 -0.2463321 7.38e-4 0.8142519 -0.2463651 6.5e-4 0.8171309 -0.244984 6.5e-4 0.8161689 -0.2454401 6.5e-4 0.815203 -0.2458851 6.88e-4 0.8144699 -0.2462221 7.23e-4 0.8147149 -0.246138 7.39e-4 0.814724 -0.2461581 7.45e-4 0.814965 -0.2460651 6.88e-4 0.814956 -0.2460041 7.46e-4 0.8154429 -0.2458491 6.89e-4 0.8154329 -0.245788 7.25e-4 0.8156699 -0.2457061 7.46e-4 0.815912 -0.245635 6.89e-4 0.815916 -0.2455651 7.47e-4 0.816388 -0.245415 6.9e-4 0.816391 -0.2453441 7.26e-4 0.816621 -0.2452651 7.47e-4 0.816855 -0.2451971 6.9e-4 0.816872 -0.2451171 7.35e-4 0.814368 -0.2463091 7.36e-4 0.815082 -0.2459911 7.07e-4 0.815316 -0.2458521 7.38e-4 0.8160319 -0.2455581 7.09e-4 0.816271 -0.2454121 7.39e-4 0.816978 -0.2451161 6.99e-4 0.816095 -0.245487 7e-4 0.8170489 -0.245038 -0.003105998 0.8125379 -0.246999 -0.003408968 0.812555 -0.2469801 -0.003669977 0.812609 -0.2469481 -0.003903985 0.812693 -0.2469021 -0.004093945 0.812786 -0.2468541 -0.004301965 0.8129259 -0.2467861 -0.004494965 0.813106 -0.246699 -0.004632949 0.813272 -0.246622 -0.004741966 0.8134409 -0.2465431 -0.004835963 0.813638 -0.2464531 -0.004898965 0.813841 -0.2463611 -0.004926979 0.8140099 -0.2462851 -0.004935979 0.814183 -0.246209 -0.001177966 0.812555 -0.247036 -0.001820981 0.812552 -0.247027 -0.002463996 0.812547 -0.2470141 6.5e-4 0.8142309 -0.2463201 6.23e-4 0.8139399 -0.246448 5.44e-4 0.813663 -0.246569 4.17e-4 0.813406 -0.246681 2.46e-4 0.813174 -0.2467811 3.5e-5 0.812972 -0.2468681 -2.12e-4 0.812804 -0.2469391 -4.91e-4 0.812676 -0.2469921 -7.66e-4 0.812598 -0.2470231 -9.68e-4 0.8125659 -0.2470341 7.01e-4 0.814237 -0.2463321 7.38e-4 0.8142519 -0.2463651 7.51e-4 0.8142719 -0.246411 7.27e-4 0.814004 -0.2465351 6.56e-4 0.8137419 -0.2466551 5.41e-4 0.8134929 -0.2467691 3.87e-4 0.8132609 -0.2468751 1.98e-4 0.8130519 -0.2469691 -2.4e-5 0.8128719 -0.247049 -2.78e-4 0.812725 -0.2471141 -5.58e-4 0.812617 -0.247161 -8.52e-4 0.812549 -0.2471891 -0.001016974 0.812529 -0.247197 -0.001179993 0.812521 -0.2471981 -0.003110945 0.8125039 -0.247161 -0.003432989 0.812526 -0.2471401 -0.003754973 0.812598 -0.2470971 -0.004029989 0.8127029 -0.2470391 -0.004254996 0.8128309 -0.246972 -0.00445795 0.812987 -0.2468931 -0.004634976 0.813167 -0.2468041 -0.004782974 0.813367 -0.2467061 -0.004899978 0.813584 -0.2466021 -0.004983961 0.8138139 -0.246492 -0.005026996 0.8140169 -0.2463971 -0.005040943 0.8142229 -0.2463001 -0.00405997 0.812698 -0.246941 -0.005008995 0.814104 -0.2462751 -0.004986941 0.813914 -0.246362 -0.004933953 0.813708 -0.2464581 -0.004844963 0.813491 -0.2465581 -0.004730999 0.813295 -0.24665 -0.004658997 0.813195 -0.2466981 -0.004164993 0.8127539 -0.2469621 -0.004191994 0.812773 -0.2469041 -0.003980994 0.81266 -0.2469611 -0.003845989 0.8126049 -0.246991 -0.00356096 0.812524 -0.2470381 -0.003256976 0.812505 -0.2470211 -0.002783 0.812506 -0.247035 -0.002626955 0.812488 -0.247134 -0.00278598 0.812483 -0.24708 -0.001981973 0.812514 -0.247053 -0.002303957 0.812511 -0.2470471 -0.002143979 0.8124889 -0.2470951 -0.001662969 0.812496 -0.2471531 -0.00150299 0.8125169 -0.2470601 -0.001500964 0.8124939 -0.2471051 -0.001074969 0.8125219 -0.2470651 -0.001184999 0.812496 -0.2471091 -9.08e-4 0.812516 -0.2471041 -8.03e-4 0.8125329 -0.2470991 -3.59e-4 0.812693 -0.246999 -2.29e-4 0.8127309 -0.2470151 -3.73e-4 0.812662 -0.2470461 -1.19e-4 0.812792 -0.2470371 -1.01e-4 0.8128049 -0.246986 5.69e-4 0.8135619 -0.246654 6.67e-4 0.813829 -0.246533 7.33e-4 0.8141179 -0.2464271 -0.004823982 0.813424 -0.2466331 -0.004729986 0.813275 -0.2467051 -0.004575967 0.813085 -0.246797 -0.004500985 0.813017 -0.2467831 -0.004403948 0.812963 -0.2467781 -0.004399955 0.8129239 -0.246829 -0.004386961 0.8129079 -0.2468851 -0.004299998 0.812846 -0.2468681 -0.004198968 0.812807 -0.2468551 -0.003942966 0.812644 -0.2470201 -0.003660976 0.81255 -0.2470731 -0.003344953 0.8124889 -0.247085 -0.00318396 0.812478 -0.2470951 -0.003102958 0.8124789 -0.2470721 -0.002947986 0.8124839 -0.2471261 -0.002544999 0.8124939 -0.247062 -0.00246495 0.8124859 -0.2470881 -0.001822948 0.8124919 -0.2471001 -0.001741945 0.812501 -0.2470771 -0.001340985 0.812498 -0.247157 -7.52e-4 0.8125459 -0.247143 -6.57e-4 0.8125659 -0.247085 -5.69e-4 0.812613 -0.2470321 -5.12e-4 0.812609 -0.2470691 -4.61e-4 0.812629 -0.2471091 -2.7e-5 0.812882 -0.2469211 2.6e-5 0.8128929 -0.2469491 1.43e-4 0.8130219 -0.2468621 1.36e-4 0.812984 -0.24691 2.45e-4 0.8130889 -0.246865 1.19e-4 0.8129649 -0.246963 3.24e-4 0.813169 -0.2468731 3.38e-4 0.8131939 -0.2468191 3.4e-4 0.813236 -0.2467691 4.27e-4 0.813314 -0.246766 4.92e-4 0.813398 -0.24677 4.97e-4 0.813478 -0.246663 6.09e-4 0.8137399 -0.246546 6.86e-4 0.814021 -0.2464281 -0.003026962 0.8124889 -0.2470501 -0.001258969 0.8125039 -0.2470841 6.5e-4 0.820053 -0.2435231 6.5e-4 0.8194809 -0.2438191 6.5e-4 0.818906 -0.2441111 6.5e-4 0.8183299 -0.2443991 0.001254975 0.8183299 -0.244392 0.001858949 0.818326 -0.244383 0.002463996 0.8183199 -0.2443711 0.002664983 0.8183169 -0.2443661 0.002866983 0.818314 -0.2443611 0.00306797 0.818311 -0.244356 0.003394961 0.818278 -0.24436 0.003699958 0.8181989 -0.244387 0.003978967 0.8180779 -0.2444341 0.004228949 0.8179189 -0.2445011 0.004444956 0.8177259 -0.244585 0.004622995 0.8175019 -0.2446851 0.004759967 0.817251 -0.2447991 0.004850983 0.8169769 -0.2449251 0.004880964 0.816811 -0.2450031 0.004893958 0.8166399 -0.2450841 0.004894971 0.815272 -0.2457211 0.004894971 0.8138939 -0.2463371 0.004893958 0.8125069 -0.246932 0.00444597 0.8125169 -0.2469511 0.003998994 0.8125249 -0.246968 0.003550946 0.812531 -0.2469841 0.003551959 0.8139169 -0.2463901 0.003551959 0.8152939 -0.245774 0.003550946 0.816661 -0.2451381 0.003516972 0.8168199 -0.2450641 0.00345999 0.8169119 -0.2450221 0.003380954 0.816991 -0.244988 0.003242969 0.817071 -0.2449551 0.003084957 0.81711 -0.2449421 0.002033948 0.8171229 -0.244966 6.5e-4 0.8171309 -0.244984 6.5e-4 0.8161689 -0.2454401 6.5e-4 0.815203 -0.2458851 6.5e-4 0.8142309 -0.2463201 6.23e-4 0.8139399 -0.246448 5.44e-4 0.813663 -0.246569 4.17e-4 0.813406 -0.246681 2.46e-4 0.813174 -0.2467811 3.5e-5 0.812972 -0.2468681 -2.12e-4 0.812804 -0.2469391 -4.91e-4 0.812676 -0.2469921 -7.66e-4 0.812598 -0.2470231 -9.68e-4 0.8125659 -0.2470341 -0.001177966 0.812555 -0.247036 -0.001820981 0.812552 -0.247027 -0.002463996 0.812547 -0.2470141 -0.003105998 0.8125379 -0.246999 -0.003408968 0.812555 -0.2469801 -0.003669977 0.812609 -0.2469481 -0.003903985 0.812693 -0.2469021 -0.004093945 0.812786 -0.2468541 -0.004301965 0.8129259 -0.2467861 -0.004494965 0.813106 -0.246699 -0.004632949 0.813272 -0.246622 -0.004741966 0.8134409 -0.2465431 -0.004835963 0.813638 -0.2464531 -0.004898965 0.813841 -0.2463611 -0.004926979 0.8140099 -0.2462851 -0.004935979 0.814183 -0.246209 -0.004935979 0.815797 -0.2454791 -0.004918992 0.8168659 -0.2449781 -0.00486499 0.817097 -0.2448701 -0.004767 0.817336 -0.24476 -0.004648983 0.8175299 -0.2446721 -0.004500985 0.817712 -0.2445911 -0.004287958 0.817907 -0.2445061 -0.004047989 0.818066 -0.2444391 -0.003917992 0.818131 -0.2444131 -0.003766953 0.818192 -0.2443891 -0.003567993 0.81825 -0.244369 -0.003077983 0.8183049 -0.24436 -0.002237975 0.8183199 -0.2443771 -6.92e-4 0.8183299 -0.2443991 -6.92e-4 0.818906 -0.2441111 -6.92e-4 0.81948 -0.2438191 -6.92e-4 0.820053 -0.2435231 -2.45e-4 0.8200539 -0.243525 2.03e-4 0.8200539 -0.243525 -9.17e-4 0.813852 -0.2464841 -0.001038968 0.813798 -0.246506 -0.001178979 0.813779 -0.2465131 -6.92e-4 0.814232 -0.2463191 -7.15e-4 0.814127 -0.2463651 -7.8e-4 0.8139939 -0.2464231 -6.92e-4 0.81715 -0.244975 -6.92e-4 0.8161819 -0.2454341 -6.92e-4 0.8152089 -0.245882 -0.001901984 0.8171359 -0.2449641 -0.001498997 0.817142 -0.2449691 -0.001094996 0.817146 -0.2449731 -0.003109991 0.817112 -0.2449411 -0.002706944 0.8171209 -0.2449501 -0.002304971 0.8171289 -0.2449581 -0.00327897 0.8170799 -0.2449501 -0.003377974 0.817032 -0.2449691 -0.003490984 0.816934 -0.2450121 -0.003565967 0.816808 -0.245069 -0.003592967 0.8166629 -0.2451361 -0.003593981 0.8158469 -0.2455191 -0.003593981 0.815027 -0.245895 -0.003592967 0.814204 -0.246263 -0.003502964 0.813946 -0.24638 -0.00356996 0.8140719 -0.246322 -0.00237596 0.8137699 -0.2464941 -0.003038942 0.813757 -0.2464801 -0.003193974 0.813767 -0.24647 -0.003372967 0.8138269 -0.2464371 -6.92e-4 0.81715 -0.244975 -6.92e-4 0.8161819 -0.2454341 -6.92e-4 0.8152089 -0.245882 -6.92e-4 0.814232 -0.2463191 -7.93e-4 0.8142719 -0.246411 -7.93e-4 0.8170799 -0.2451201 -7.63e-4 0.8161279 -0.245482 -7.63e-4 0.816585 -0.2452651 -7.29e-4 0.814469 -0.2462221 -7.86e-4 0.8144859 -0.2462741 -7.64e-4 0.814709 -0.2461371 -7.3e-4 0.8149539 -0.2460041 -7.86e-4 0.815195 -0.2459481 -7.85e-4 0.816582 -0.2452991 -7.85e-4 0.816814 -0.2451891 -7.77e-4 0.8143619 -0.2463101 -7.64e-4 0.815071 -0.245972 -7.48e-4 0.8169539 -0.2450791 -0.001178979 0.813779 -0.2465131 -0.00237596 0.8137699 -0.2464941 -0.003038942 0.813757 -0.2464801 -0.003193974 0.813767 -0.24647 -0.003372967 0.8138269 -0.2464371 -0.003502964 0.813946 -0.24638 -0.00356996 0.8140719 -0.246322 -0.003592967 0.814204 -0.246263 -0.003495991 0.814245 -0.2463541 -0.003466963 0.814101 -0.2464051 -0.00338298 0.81398 -0.2464501 -0.003257989 0.8139019 -0.2464841 -0.00286895 0.8138779 -0.246506 -0.003125965 0.81388 -0.246497 -0.001661956 0.81389 -0.2465311 -0.002064943 0.813887 -0.246524 -0.002466976 0.813883 -0.246515 -0.001031994 0.813923 -0.2465291 -0.001189947 0.813896 -0.2465401 -9.07e-4 0.814004 -0.246501 -7.93e-4 0.8142719 -0.246411 -8.23e-4 0.8141279 -0.246461 -6.92e-4 0.814232 -0.2463191 -7.15e-4 0.814127 -0.2463651 -7.8e-4 0.8139939 -0.2464231 -9.17e-4 0.813852 -0.2464841 -0.001038968 0.813798 -0.246506 -0.001420974 0.813836 -0.2465051 -0.002018988 0.813833 -0.2464961 -0.002219974 0.813831 -0.246492 -0.002621948 0.8138269 -0.246483 -0.002953946 0.813823 -0.2464751 -0.003592967 0.814204 -0.246263 -0.003495991 0.814245 -0.2463541 -0.003592967 0.8166629 -0.2451361 -0.003593981 0.8158469 -0.2455191 -0.003593981 0.815027 -0.245895 -0.003544986 0.8166679 -0.2451491 -0.003508985 0.8166829 -0.2451831 -0.003495991 0.816703 -0.2452281 -0.003556966 0.814413 -0.2461791 -0.003524959 0.814628 -0.2461071 -0.003502964 0.814436 -0.2462301 -0.003502964 0.814642 -0.246138 -0.00355798 0.8148249 -0.245994 -0.003524959 0.81504 -0.245922 -0.00355798 0.815441 -0.2457151 -0.003502964 0.815872 -0.245577 -0.00355798 0.816054 -0.2454311 -0.003545999 0.81626 -0.2453411 -0.003524959 0.8162669 -0.2453561 -0.003502964 0.816484 -0.2452911 -0.003511965 0.8143259 -0.2462601 -0.003524959 0.814731 -0.246061 -0.003524959 0.8156539 -0.2456411 -0.003524959 0.815961 -0.2454991 -0.003539979 0.816567 -0.2452 -0.00355798 0.8157469 -0.2455731 -0.003109991 0.817112 -0.2449411 -0.00327897 0.8170799 -0.2449501 -0.003377974 0.817032 -0.2449691 -0.003490984 0.816934 -0.2450121 -0.003565967 0.816808 -0.245069 -0.003592967 0.8166629 -0.2451361 -0.003544986 0.8166679 -0.2451491 -0.003508985 0.8166829 -0.2451831 -0.003495991 0.816703 -0.2452281 -0.003464996 0.816849 -0.2451701 -0.00337398 0.816973 -0.2451251 -0.003251969 0.8170509 -0.2451021 -0.003109991 0.817081 -0.2450991 -0.00347495 0.816821 -0.245172 -0.003464996 0.8168449 -0.2451611 -0.00348699 0.8168039 -0.2451261 -0.003475964 0.816829 -0.245114 -0.003519952 0.8167989 -0.2450881 -0.003508985 0.8168269 -0.2450751 -0.003415942 0.816921 -0.2451271 -0.003424942 0.816908 -0.2450791 -0.003372967 0.816965 -0.2451081 -0.003452956 0.816913 -0.2450361 -0.003380954 0.816953 -0.2450591 -0.003324985 0.816999 -0.2450931 -0.003404974 0.816962 -0.245015 -0.003331959 0.816989 -0.2450441 -0.003249943 0.8170359 -0.245078 -0.003350973 0.817001 -0.244998 -0.003252983 0.8170279 -0.2450281 -0.003265976 0.817043 -0.2449811 -0.003109991 0.817112 -0.2449411 -0.002706944 0.8171209 -0.2449501 -0.002304971 0.8171289 -0.2449581 -0.001901984 0.8171359 -0.2449641 -0.001498997 0.817142 -0.2449691 -0.001094996 0.817146 -0.2449731 -6.92e-4 0.81715 -0.244975 -7.93e-4 0.8170799 -0.2451201 -0.001565992 0.817079 -0.245114 -0.002337992 0.817079 -0.2451071 -0.003109991 0.817081 -0.2450991 -9.71e-4 0.817063 -0.2450371 -0.001359999 0.817063 -0.2450351 -0.001750946 0.8170569 -0.2450721 -0.001928985 0.8170639 -0.245029 -0.002113997 0.817092 -0.244988 -0.002137959 0.8170589 -0.24507 -0.001278996 0.817056 -0.245074 -0.001467943 0.817056 -0.245074 -0.001631975 0.8170769 -0.2450141 -0.002232968 0.817058 -0.245047 -0.002418994 0.817088 -0.2449821 -0.002532958 0.8170619 -0.2450211 -0.002435982 0.81706 -0.2450681 -0.002829968 0.81706 -0.2450641 -0.002821981 0.817083 -0.2449741 -0.002926945 0.817058 -0.245015 -0.003015995 0.817079 -0.24497 -0.003018975 0.81706 -0.2450621 -0.001129984 0.817056 -0.2450551 -9.65e-4 0.8170569 -0.2450851 -8.45e-4 0.817074 -0.245024 -0.003257989 0.8139019 -0.2464841 -0.00338298 0.81398 -0.2464501 -0.003466963 0.814101 -0.2464051 -0.003495991 0.814245 -0.2463541 -0.003495991 0.816703 -0.2452281 -0.003464996 0.816849 -0.2451701 -0.00337398 0.816973 -0.2451251 -0.003251969 0.8170509 -0.2451021 -0.003109991 0.817081 -0.2450991 -0.003110945 0.8172749 -0.2453081 -0.003247976 0.8172499 -0.2453151 -0.00336796 0.817182 -0.245343 -0.003452956 0.817084 -0.2453871 -0.003492951 0.8169639 -0.245442 -0.003496944 0.814507 -0.2465721 -0.00347799 0.814358 -0.2466391 -0.003424942 0.81426 -0.2466841 -0.003295958 0.814157 -0.2467341 -0.003094971 0.814116 -0.2467591 -0.001457989 0.814132 -0.246793 -0.00120598 0.8141329 -0.246797 -0.00109595 0.814143 -0.2467941 -9.97e-4 0.814176 -0.2467811 -9.07e-4 0.814238 -0.2467551 -8.41e-4 0.814317 -0.246721 -8.05e-4 0.814408 -0.246681 -7.92e-4 0.8145239 -0.2466291 -7.93e-4 0.8154219 -0.2462261 -7.93e-4 0.817294 -0.2453511 -7.93e-4 0.8170799 -0.2451201 -7.93e-4 0.8142719 -0.246411 -8.23e-4 0.8141279 -0.246461 -9.07e-4 0.814004 -0.246501 -0.001031994 0.813923 -0.2465291 -0.001189947 0.813896 -0.2465401 -0.001661956 0.81389 -0.2465311 -0.002064943 0.813887 -0.246524 -0.002466976 0.813883 -0.246515 -0.00286895 0.8138779 -0.246506 -0.003125965 0.81388 -0.246497 -0.003110945 0.8172749 -0.2453081 -0.002337992 0.8172829 -0.2453281 -0.001565992 0.81729 -0.2453421 -7.93e-4 0.817294 -0.2453511 -7.93e-4 0.8170799 -0.2451201 -0.001565992 0.817079 -0.245114 -0.002337992 0.817079 -0.2451071 -0.003109991 0.817081 -0.2450991 -0.003110945 0.8172749 -0.2453081 -0.002337992 0.8172829 -0.2453281 -0.001565992 0.81729 -0.2453421 -7.93e-4 0.817294 -0.2453511 -0.003247976 0.8172499 -0.2453151 -0.00336796 0.817182 -0.245343 -0.003452956 0.817084 -0.2453871 -0.003492951 0.8169639 -0.245442 -0.003496944 0.814507 -0.2465721 -0.00347799 0.814358 -0.2466391 -0.003424942 0.81426 -0.2466841 -0.003295958 0.814157 -0.2467341 -0.003094971 0.814116 -0.2467591 -0.001457989 0.814132 -0.246793 -0.00120598 0.8141329 -0.246797 -0.00109595 0.814143 -0.2467941 -9.97e-4 0.814176 -0.2467811 -9.07e-4 0.814238 -0.2467551 -8.41e-4 0.814317 -0.246721 -8.05e-4 0.814408 -0.246681 -7.92e-4 0.8145239 -0.2466291 -7.93e-4 0.8154219 -0.2462261 -0.02699995 0.766927 -0.2415301 -0.02744299 0.7669549 -0.2415031 -0.02787196 0.767036 -0.2414211 -0.02827495 0.767169 -0.2412881 -0.02863895 0.767349 -0.2411081 -0.02895295 0.767571 -0.240886 -0.029208 0.767829 -0.2406281 -0.02939599 0.768114 -0.2403441 -0.02951097 0.768417 -0.2400401 -0.02954995 0.7687299 -0.2397271 -0.02951097 0.7690439 -0.239414 -0.02939599 0.769347 -0.2391101 -0.029208 0.769632 -0.238825 -0.02895295 0.76989 -0.2385681 -0.02863895 0.7701119 -0.238346 -0.02827495 0.7702919 -0.2381651 -0.02787196 0.770425 -0.2380331 -0.02744299 0.7705059 -0.237951 -0.02699995 0.7705339 -0.237924 -0.02655696 0.7705059 -0.237951 -0.02612799 0.770425 -0.2380331 -0.02572494 0.7702919 -0.2381651 -0.025361 0.7701119 -0.238346 -0.025047 0.76989 -0.2385681 -0.02479195 0.769632 -0.238825 -0.02460396 0.769347 -0.2391101 -0.02448898 0.7690439 -0.239414 -0.02445 0.7687299 -0.2397271 -0.02448898 0.768417 -0.2400401 -0.02460396 0.768114 -0.2403441 -0.02479195 0.767829 -0.2406281 -0.025047 0.767571 -0.240886 -0.025361 0.767349 -0.2411081 -0.02572494 0.767169 -0.2412881 -0.02612799 0.767036 -0.2414211 -0.02655696 0.7669549 -0.2415031 -0.02699995 0.766927 -0.2415301 -0.02699995 0.767422 -0.2420251 -0.02655696 0.76745 -0.2419981 -0.02612799 0.7675309 -0.2419161 -0.02572494 0.767664 -0.2417831 -0.025361 0.767844 -0.2416031 -0.025047 0.7680659 -0.2413811 -0.02479195 0.7683239 -0.2411231 -0.02460396 0.7686089 -0.2408391 -0.02448898 0.768912 -0.2405351 -0.02445 0.769225 -0.240222 -0.02448898 0.769539 -0.2399091 -0.02460396 0.7698419 -0.2396051 -0.02479195 0.7701269 -0.23932 -0.025047 0.770384 -0.239063 -0.025361 0.770607 -0.2388411 -0.02572494 0.770787 -0.23866 -0.02612799 0.7709199 -0.2385281 -0.02655696 0.771001 -0.2384461 -0.02699995 0.771029 -0.2384191 -0.02744299 0.771001 -0.2384461 -0.02787196 0.7709199 -0.2385281 -0.02827495 0.770787 -0.23866 -0.02863895 0.770607 -0.2388411 -0.02895295 0.770384 -0.239063 -0.029208 0.7701269 -0.23932 -0.02939599 0.7698419 -0.2396051 -0.02951097 0.769539 -0.2399091 -0.02954995 0.769225 -0.240222 -0.02951097 0.768912 -0.2405351 -0.02939599 0.7686089 -0.2408391 -0.029208 0.7683239 -0.2411231 -0.02895295 0.7680659 -0.2413811 -0.02863895 0.767844 -0.2416031 -0.02827495 0.767664 -0.2417831 -0.02787196 0.7675309 -0.2419161 -0.02744299 0.76745 -0.2419981 -0.02699995 0.767422 -0.2420251 -0.02699995 0.766927 -0.2415301 -0.02744299 0.7669549 -0.2415031 -0.02787196 0.767036 -0.2414211 -0.02827495 0.767169 -0.2412881 -0.02863895 0.767349 -0.2411081 -0.02895295 0.767571 -0.240886 -0.029208 0.767829 -0.2406281 -0.02939599 0.768114 -0.2403441 -0.02951097 0.768417 -0.2400401 -0.02954995 0.7687299 -0.2397271 -0.02951097 0.7690439 -0.239414 -0.02939599 0.769347 -0.2391101 -0.029208 0.769632 -0.238825 -0.02895295 0.76989 -0.2385681 -0.02863895 0.7701119 -0.238346 -0.02827495 0.7702919 -0.2381651 -0.02787196 0.770425 -0.2380331 -0.02744299 0.7705059 -0.237951 -0.02699995 0.7705339 -0.237924 -0.02655696 0.7705059 -0.237951 -0.02612799 0.770425 -0.2380331 -0.02572494 0.7702919 -0.2381651 -0.025361 0.7701119 -0.238346 -0.025047 0.76989 -0.2385681 -0.02479195 0.769632 -0.238825 -0.02460396 0.769347 -0.2391101 -0.02448898 0.7690439 -0.239414 -0.02445 0.7687299 -0.2397271 -0.02448898 0.768417 -0.2400401 -0.02460396 0.768114 -0.2403441 -0.02479195 0.767829 -0.2406281 -0.025047 0.767571 -0.240886 -0.025361 0.767349 -0.2411081 -0.02572494 0.767169 -0.2412881 -0.02612799 0.767036 -0.2414211 -0.02655696 0.7669549 -0.2415031 -0.03924196 0.814989 -0.168493 -0.03942197 0.8150779 -0.1681001 -0.03960096 0.815166 -0.1677061 -0.03977996 0.8152549 -0.167313 -0.03789699 0.813342 -0.1701411 -0.03830498 0.817943 -0.1750751 -0.03830498 0.817943 -0.1750751 -0.03722196 0.819587 -0.1790661 -0.03558194 0.8217499 -0.182884 -0.03422296 0.8233459 -0.185065 -0.03332996 0.824319 -0.1861311 -0.03240597 0.825267 -0.1869481 -0.031726 0.825931 -0.1873601 -0.03135299 0.826283 -0.187512 -0.03099 0.826617 -0.1876071 -0.03174996 0.812177 -0.1713051 -0.03238695 0.811962 -0.1715201 -0.03306394 0.8118199 -0.171662 -0.033764 0.811755 -0.1717271 -0.03446996 0.8117679 -0.1717141 -0.03516495 0.811859 -0.1716231 -0.03582996 0.8120259 -0.171456 -0.03645098 0.812264 -0.171218 -0.03701096 0.812568 -0.1709141 -0.03749698 0.81293 -0.1705521 -0.03789699 0.813342 -0.1701411 -0.03303295 0.813252 -0.173304 -0.03448599 0.813198 -0.173358 -0.03300094 0.8146839 -0.1749461 -0.03589195 0.813465 -0.1730921 -0.03450196 0.814629 -0.175002 -0.03296995 0.816116 -0.1765891 -0.03711295 0.8140249 -0.1725311 -0.03595399 0.814904 -0.174727 -0.034518 0.816059 -0.1766461 -0.032938 0.8175479 -0.1782311 -0.03721499 0.815483 -0.174148 -0.03601598 0.816343 -0.176362 -0.03453397 0.8174889 -0.1782901 -0.03290599 0.81898 -0.1798731 -0.03731596 0.81694 -0.175765 -0.03607797 0.817781 -0.1779971 -0.03454995 0.818919 -0.179934 -0.032875 0.8204119 -0.181515 -0.03613895 0.81922 -0.179633 -0.03456598 0.820349 -0.181578 -0.03284299 0.821844 -0.183157 -0.03458195 0.821779 -0.1832221 -0.03281199 0.8232759 -0.1848 -0.03099 0.826617 -0.1876071 -0.03063595 0.8269349 -0.187642 -0.03027898 0.827248 -0.187614 -0.02992796 0.8275479 -0.187515 -0.02962499 0.8277999 -0.1873611 -0.02937597 0.828002 -0.187175 -0.02915698 0.8281759 -0.1869571 -0.02895897 0.8283299 -0.186704 -0.02879697 0.828453 -0.1864441 -0.02862495 0.828579 -0.1860991 -0.02846598 0.828691 -0.1856861 -0.02833998 0.828774 -0.1852521 -0.02821898 0.8288469 -0.1846531 -0.02813899 0.8288829 -0.1839671 -0.028108 0.828869 -0.1829981 -0.02817296 0.8287679 -0.1818221 -0.02834695 0.8285749 -0.180567 -0.02870094 0.828218 -0.1789721 -0.02917295 0.827757 -0.1774331 -0.03010296 0.8165239 -0.1669591 -0.02979898 0.816073 -0.1674091 -0.02959799 0.815594 -0.1678881 -0.02950596 0.815099 -0.1683831 -0.02952498 0.8146 -0.1688821 -0.02965295 0.814109 -0.169373 -0.02988898 0.8136389 -0.169844 -0.03022599 0.8132 -0.1702831 -0.03065598 0.812804 -0.170679 -0.03116798 0.81246 -0.1710221 -0.03174996 0.812177 -0.1713051 -0.02944499 0.817202 -0.1694501 -0.02936899 0.816173 -0.1704791 -0.02929198 0.81881 -0.171011 -0.02974599 0.8151779 -0.171474 -0.02921295 0.817747 -0.172075 -0.02913796 0.820418 -0.172573 -0.03053897 0.814314 -0.1723381 -0.029603 0.816718 -0.173103 -0.02905696 0.81932 -0.1736711 -0.02898496 0.8220259 -0.174135 -0.03042298 0.815825 -0.1739971 -0.02945995 0.8182579 -0.1747331 -0.02890098 0.8208929 -0.1752681 -0.02883195 0.823633 -0.175697 -0.03030598 0.817336 -0.1756551 -0.02931594 0.8197969 -0.1763631 -0.02874499 0.8224659 -0.176864 -0.02867895 0.825241 -0.1772581 -0.03018999 0.818846 -0.1773141 -0.02917295 0.821337 -0.1779931 -0.02858895 0.824039 -0.1784601 -0.02852499 0.826849 -0.1788201 -0.030074 0.820357 -0.1789731 -0.02902996 0.8228769 -0.1796231 -0.02843397 0.825612 -0.1800571 -0.02837198 0.828457 -0.1803821 -0.02995699 0.821867 -0.1806321 -0.02888697 0.8244159 -0.1812531 -0.02827799 0.827186 -0.181653 -0.029841 0.823378 -0.182291 -0.02874398 0.825956 -0.1828821 -0.029724 0.824889 -0.1839501 -0.02860099 0.8274959 -0.1845121 -0.02960795 0.826399 -0.1856091 -0.02917295 0.827757 -0.1774331 -0.03453099 0.821487 -0.1611881 -0.03010296 0.8165239 -0.1669591 -0.03400796 0.821306 -0.1621761 0.03400599 0.821304 -0.162178 0.03418099 0.8213639 -0.161849 0.03435498 0.821425 -0.1615191 0.03452998 0.8214849 -0.16119 0.03010296 0.8165239 -0.1669591 0.02917397 0.827748 -0.177425 0.02917397 0.827748 -0.177425 0.02851498 0.828395 -0.1797251 0.02817195 0.8287599 -0.1818361 0.028117 0.828875 -0.1835671 0.028216 0.828839 -0.1846141 0.02839398 0.8287289 -0.1854401 0.02856999 0.8286079 -0.1859561 0.02881199 0.828431 -0.1864581 0.02899396 0.828293 -0.1867401 0.02921795 0.828118 -0.1870101 0.02946698 0.827919 -0.1872361 0.02969294 0.827734 -0.1873881 0.02990299 0.8275579 -0.1874911 0.030119 0.8273749 -0.187565 0.030339 0.827184 -0.18761 0.03063595 0.826924 -0.187628 0.03081399 0.826764 -0.1876181 0.03099095 0.826605 -0.1875931 0.03174996 0.812177 -0.1713051 0.03116798 0.81246 -0.1710221 0.03065598 0.812804 -0.170679 0.03022599 0.8132 -0.1702831 0.02988898 0.8136389 -0.169844 0.02965295 0.814109 -0.169373 0.02952498 0.8146 -0.1688821 0.02950596 0.815099 -0.1683831 0.02959799 0.815594 -0.1678881 0.02979898 0.816073 -0.1674091 0.03010296 0.8165239 -0.1669591 0.03053897 0.8143129 -0.1723361 0.02974599 0.815177 -0.1714721 0.03042298 0.815823 -0.1739941 0.02936899 0.816172 -0.170477 0.029603 0.816716 -0.1731011 0.03030699 0.8173319 -0.175652 0.02944499 0.8172009 -0.169449 0.02921295 0.8177439 -0.1720731 0.02945995 0.818254 -0.1747301 0.03018999 0.8188419 -0.1773101 0.02929198 0.818808 -0.1710091 0.02905696 0.8193159 -0.173668 0.02931696 0.819793 -0.1763581 0.030074 0.820351 -0.1789671 0.02913898 0.820414 -0.1725701 0.02890199 0.8208879 -0.1752631 0.02917397 0.8213309 -0.177987 0.02995795 0.8218609 -0.180625 0.02898597 0.822021 -0.17413 0.02874594 0.8224599 -0.1768581 0.02903097 0.8228699 -0.179616 0.029841 0.82337 -0.1822831 0.02883195 0.823628 -0.1756911 0.02858996 0.824032 -0.178453 0.02888798 0.824409 -0.1812441 0.02972495 0.82488 -0.1839401 0.02867895 0.8252339 -0.1772521 0.02843397 0.825604 -0.1800481 0.02874499 0.8259469 -0.1828731 0.02960795 0.826389 -0.1855981 0.02852594 0.826841 -0.178812 0.028279 0.827176 -0.181644 0.02860099 0.8274859 -0.1845021 0.03099095 0.826605 -0.1875931 0.03156995 0.826067 -0.1874161 0.03211599 0.8255409 -0.18713 0.03279399 0.824863 -0.1866261 0.03351199 0.8241119 -0.1859211 0.03444695 0.82308 -0.184738 0.03544795 0.821901 -0.183117 0.036632 0.820387 -0.1806181 0.03761196 0.819011 -0.177842 0.03830498 0.817933 -0.175064 0.03789699 0.813342 -0.1701411 0.03749698 0.81293 -0.1705521 0.03701096 0.812568 -0.1709141 0.03645098 0.812264 -0.171218 0.03582996 0.8120259 -0.171456 0.03516495 0.811859 -0.1716231 0.03446996 0.8117679 -0.1717141 0.033764 0.811755 -0.1717271 0.03306394 0.8118199 -0.171662 0.03238695 0.811962 -0.1715201 0.03174996 0.812177 -0.1713051 0.03711295 0.814024 -0.1725301 0.03589195 0.8134639 -0.1730901 0.03721398 0.81548 -0.1741451 0.03448599 0.8131969 -0.1733571 0.03595399 0.814901 -0.1747241 0.03731596 0.8169359 -0.1757611 0.03303295 0.8132509 -0.1733031 0.03450196 0.814626 -0.1749991 0.03601598 0.8163389 -0.1763581 0.03741794 0.8183919 -0.177376 0.03300094 0.814682 -0.1749441 0.034518 0.8160549 -0.1766421 0.03607696 0.817776 -0.1779921 0.03296995 0.8161119 -0.1765841 0.03453397 0.8174839 -0.1782841 0.03613895 0.819214 -0.1796261 0.032938 0.8175429 -0.1782251 0.03454995 0.818913 -0.1799271 0.03290694 0.8189739 -0.1798661 0.03456598 0.820342 -0.181569 0.032875 0.820405 -0.1815071 0.03458195 0.8217709 -0.1832121 0.03284299 0.8218349 -0.183148 0.03281199 0.8232659 -0.1847881 0.03277999 0.8246969 -0.186429 0.03400599 0.821304 -0.162178 0.03924 0.814987 -0.1684951 0.03789699 0.813342 -0.1701411 0.03749698 0.81293 -0.1705521 0.03701096 0.812568 -0.1709141 0.03645098 0.812264 -0.171218 0.03582996 0.8120259 -0.171456 0.03516495 0.811859 -0.1716231 0.03446996 0.8117679 -0.1717141 0.033764 0.811755 -0.1717271 0.03306394 0.8118199 -0.171662 0.03238695 0.811962 -0.1715201 0.03174996 0.812177 -0.1713051 0.03116798 0.81246 -0.1710221 0.03065598 0.812804 -0.170679 0.03022599 0.8132 -0.1702831 0.02988898 0.8136389 -0.169844 0.02965295 0.814109 -0.169373 0.02952498 0.8146 -0.1688821 0.02950596 0.815099 -0.1683831 0.02959799 0.815594 -0.1678881 0.02979898 0.816073 -0.1674091 0.03010296 0.8165239 -0.1669591 0.03399997 0.8131299 -0.1703531 0.03444296 0.813157 -0.1703251 0.03487199 0.8132379 -0.170244 0.03527498 0.813371 -0.1701111 0.03563898 0.8135519 -0.1699311 0.03595298 0.813774 -0.169709 0.03620797 0.814031 -0.1694511 0.03639596 0.8143159 -0.169166 0.036511 0.8146199 -0.1688631 0.03654998 0.814933 -0.1685501 0.036511 0.815246 -0.1682361 0.03639596 0.81555 -0.1679331 0.03620797 0.8158339 -0.1676481 0.03595298 0.8160919 -0.1673911 0.03563898 0.816314 -0.167168 0.03527498 0.816494 -0.1669881 0.03487199 0.8166269 -0.166855 0.03444296 0.816708 -0.166774 0.03399997 0.816736 -0.166746 0.03355699 0.816708 -0.166774 0.03312796 0.8166269 -0.166855 0.03272497 0.816494 -0.1669881 0.03236097 0.816314 -0.167168 0.03204697 0.8160919 -0.1673911 0.03179198 0.8158339 -0.1676481 0.03160399 0.81555 -0.1679331 0.03148895 0.815246 -0.1682361 0.03144997 0.814933 -0.1685501 0.03148895 0.8146199 -0.1688631 0.03160399 0.8143159 -0.169166 0.03179198 0.814031 -0.1694511 0.03204697 0.813774 -0.169709 0.03236097 0.8135519 -0.1699311 0.03272497 0.813371 -0.1701111 0.03312796 0.8132379 -0.170244 0.03355699 0.813157 -0.1703251 -0.03213 0.7755959 -0.2465921 -0.03202396 0.773989 -0.246057 -0.03149998 0.769225 -0.240222 -0.03149998 0.7671189 -0.2423281 -0.03149998 0.76657 -0.2428771 -0.03163397 0.7680819 -0.244068 -0.03150099 0.7840749 -0.2500761 -0.03203999 0.7804129 -0.2484411 -0.03217798 0.7780269 -0.2474701 -0.03213 0.7755959 -0.2465921 -0.03149998 0.769225 -0.240222 -0.02381795 0.771475 -0.2379721 -0.024396 0.77182 -0.237627 -0.02504795 0.772092 -0.2373551 -0.02575397 0.772283 -0.2371641 -0.02649599 0.7723869 -0.2370601 -0.02725195 0.7724019 -0.2370451 -0.02800095 0.7723279 -0.23712 -0.02872198 0.772165 -0.237282 -0.02939397 0.77192 -0.237528 -0.02999895 0.771598 -0.2378491 -0.03051799 0.771209 -0.238238 -0.03093898 0.770765 -0.2386831 -0.03124696 0.770276 -0.239171 -0.03143596 0.769758 -0.2396891 -0.02281498 0.786531 -0.2516091 -0.03081798 0.784843 -0.2497701 -0.03000396 0.785877 -0.2498571 -0.02914094 0.7866789 -0.2499831 -0.02826499 0.787265 -0.2501381 -0.027408 0.787653 -0.2503111 -0.02683699 0.787817 -0.2504381 -0.02621895 0.7879109 -0.2505851 -0.02559798 0.787915 -0.2507421 -0.02502596 0.787836 -0.2508971 -0.02451097 0.787689 -0.2510451 -0.02401995 0.787473 -0.2511951 -0.023561 0.7871939 -0.2513431 -0.02316999 0.786884 -0.2514781 -0.03117698 0.784478 -0.2499191 -0.03139895 0.771941 -0.24076 -0.03064399 0.7729069 -0.2397941 -0.031551 0.773606 -0.2423501 -0.02947998 0.7736429 -0.2390581 -0.03077 0.7746049 -0.2413501 -0.03170299 0.77527 -0.2439391 -0.02803695 0.774066 -0.2386361 -0.02956497 0.775366 -0.2405891 -0.03089594 0.7763029 -0.242906 -0.03185498 0.776935 -0.2455291 -0.02647799 0.774127 -0.238574 -0.02807295 0.775803 -0.2401521 -0.02965098 0.77709 -0.24212 -0.03102099 0.778001 -0.2444621 -0.02497798 0.773822 -0.23888 -0.03200697 0.7785989 -0.2471181 -0.02645999 0.7758679 -0.2400881 -0.02810895 0.7775409 -0.2416681 -0.02973699 0.778813 -0.2436501 -0.031147 0.779699 -0.2460181 -0.024908 0.775551 -0.2404041 -0.02644199 0.7776079 -0.2416021 -0.02814495 0.779279 -0.243184 -0.02982199 0.7805359 -0.245181 -0.03127294 0.781397 -0.247574 -0.02483797 0.7772809 -0.2419291 -0.02642399 0.7793479 -0.2431161 -0.02818 0.781017 -0.2447001 -0.029908 0.78226 -0.246712 -0.03139895 0.783095 -0.249131 -0.02476799 0.7790099 -0.243453 -0.02640599 0.781088 -0.24463 -0.028216 0.7827549 -0.2462161 -0.02999299 0.783983 -0.2482421 -0.02469795 0.7807399 -0.2449781 -0.02638798 0.782828 -0.2461441 -0.028252 0.784493 -0.2477321 -0.03007894 0.7857059 -0.249773 -0.02462899 0.7824689 -0.2465021 -0.02636998 0.784568 -0.2476581 -0.02828794 0.7862309 -0.249248 -0.02455896 0.784199 -0.248027 -0.02635198 0.7863079 -0.249172 -0.02448898 0.785928 -0.2495511 -0.02381795 0.771475 -0.2379721 -0.02281498 0.786531 -0.2516091 -0.02249997 0.769225 -0.240222 -0.02255499 0.7697229 -0.239724 -0.02271997 0.770209 -0.239239 -0.02298998 0.7706699 -0.2387771 -0.023359 0.771096 -0.2383521 -0.02128195 0.7815399 -0.2525371 -0.02228599 0.785831 -0.2518231 -0.02187395 0.785051 -0.2520151 -0.02157396 0.7842139 -0.2521841 -0.02137994 0.7833409 -0.2523271 -0.02128499 0.782445 -0.2524451 -0.02296596 0.772466 -0.2401691 -0.02250099 0.771672 -0.2409641 -0.02282994 0.7741159 -0.241707 -0.02234899 0.7732949 -0.242529 -0.02269297 0.7757659 -0.2432461 -0.02219694 0.774918 -0.2440941 -0.02255696 0.7774149 -0.2447841 -0.022044 0.7765399 -0.2456591 -0.02241998 0.7790649 -0.246322 -0.02189195 0.778163 -0.247224 -0.02228397 0.780715 -0.247861 -0.02173995 0.779786 -0.2487891 -0.02214699 0.782365 -0.2493991 -0.02158695 0.7814089 -0.2503551 -0.02201098 0.7840149 -0.2509371 -0.02143496 0.783032 -0.2519201 -0.03150099 0.7840749 -0.2500761 -0.03172397 0.784501 -0.249962 -0.03193998 0.7849289 -0.2498471 -0.032148 0.785363 -0.2497321 -0.03203999 0.7804129 -0.2484411 -0.03217798 0.7780269 -0.2474701 -0.03213 0.7755959 -0.2465921 -0.03202396 0.773989 -0.246057 -0.03420096 0.771779 -0.243009 -0.03921395 0.7811639 -0.2403711 -0.03245496 0.782632 -0.2486981 -0.03300195 0.7794759 -0.2471451 -0.03298699 0.7836269 -0.248413 -0.03356397 0.7759249 -0.2452841 -0.03392195 0.778778 -0.245931 -0.03420096 0.7815009 -0.2464891 -0.03489297 0.778018 -0.244602 -0.03493195 0.774676 -0.2433421 -0.03474897 0.7825509 -0.2461751 -0.035133 0.78087 -0.2452521 -0.03568696 0.7819539 -0.2449291 -0.03610795 0.7801889 -0.2439131 -0.03624296 0.7769129 -0.2426661 -0.03666698 0.781312 -0.2435861 -0.03745394 0.779213 -0.2419891 -0.03801494 0.780394 -0.2416641 -0.03202396 0.773989 -0.246057 -0.03163397 0.7680819 -0.244068 -0.03420096 0.771779 -0.243009 -0.03150099 0.7840749 -0.2500761 -0.03172397 0.784501 -0.249962 -0.03193998 0.7849289 -0.2498471 -0.032148 0.785363 -0.2497321 -0.03415495 0.7907189 -0.2483071 -0.03522294 0.796319 -0.2468031 -0.03530895 0.802004 -0.2452481 -0.03440999 0.8076179 -0.2436861 -0.03256398 0.8130109 -0.2421811 -0.02981096 0.818036 -0.240792 -0.02622497 0.822549 -0.2395561 -0.02191799 0.826435 -0.238503 -0.01700198 0.8295809 -0.2376661 -0.01160997 0.831891 -0.2370781 -0.005898952 0.833313 -0.2367361 -2.5e-5 0.8338 -0.2366251 2.1e-5 0.830526 -0.2371821 -0.03372299 0.7980499 -0.2461671 -0.03343296 0.8022829 -0.2449811 -0.03256696 0.806438 -0.243799 -0.03114199 0.810449 -0.242663 -0.02918195 0.814247 -0.241591 -0.02671897 0.8177639 -0.2406041 -0.02380096 0.820943 -0.2397161 -0.02047795 0.823731 -0.2389451 -0.01680898 0.826085 -0.2383031 -0.01285696 0.827968 -0.237802 -0.008688986 0.8293519 -0.2374491 -0.004372954 0.830215 -0.2372471 -0.03081798 0.784843 -0.2497701 -0.03241199 0.789074 -0.2486191 -0.03339296 0.793513 -0.2474111 -0.03117698 0.784478 -0.2499191 -0.001433968 0.8321309 -0.2369101 -0.007110953 0.831412 -0.2370731 -0.01124799 0.830292 -0.2373461 -0.016487 0.828058 -0.237924 -0.02127397 0.825027 -0.23874 -0.02547997 0.8212819 -0.2397651 -0.02899098 0.8169249 -0.240971 -0.03170198 0.81207 -0.2423261 -0.03353798 0.80685 -0.243794 -0.034455 0.8014109 -0.2453221 -0.03442096 0.795892 -0.2468401 -0.03343796 0.7904489 -0.2483131 -0.042059 0.802959 -0.2348771 -0.04852294 0.792617 -0.1806831 -0.04611897 0.8023529 -0.1709471 -0.04159498 0.8117009 -0.161599 -0.03625798 0.8187599 -0.1545401 -0.02987599 0.824638 -0.148662 -0.02364695 0.8287159 -0.1445841 -0.01774495 0.831474 -0.141826 -0.01193898 0.833323 -0.139977 -0.006405949 0.834379 -0.138921 -0.003216981 0.8346939 -0.1386061 0 0.8348 -0.1385 -3.2e-5 0.839348 -0.2278041 -0.005093991 0.838972 -0.2278761 -0.01004195 0.837933 -0.228075 -0.014835 0.8363359 -0.2283791 -0.01941394 0.8342199 -0.2287811 -0.02372199 0.8316109 -0.2292771 -0.02770698 0.828547 -0.2298611 -0.03131598 0.8250619 -0.230526 -0.034491 0.8211919 -0.2312701 -0.03718996 0.8169899 -0.232084 -0.03937095 0.812508 -0.232963 -0.04100197 0.80781 -0.2338961 -0.03977996 0.8152549 -0.167313 -0.03830498 0.817943 -0.1750751 -0.03722196 0.819587 -0.1790661 -0.03558194 0.8217499 -0.182884 -0.03422296 0.8233459 -0.185065 -0.03332996 0.824319 -0.1861311 -0.03240597 0.825267 -0.1869481 -0.031726 0.825931 -0.1873601 -0.03135299 0.826283 -0.187512 -0.03099 0.826617 -0.1876071 -0.03063595 0.8269349 -0.187642 -0.03027898 0.827248 -0.187614 -0.02992796 0.8275479 -0.187515 -0.02962499 0.8277999 -0.1873611 -0.02937597 0.828002 -0.187175 -0.02915698 0.8281759 -0.1869571 -0.02895897 0.8283299 -0.186704 -0.02879697 0.828453 -0.1864441 -0.02862495 0.828579 -0.1860991 -0.02846598 0.828691 -0.1856861 -0.02833998 0.828774 -0.1852521 -0.02821898 0.8288469 -0.1846531 -0.02813899 0.8288829 -0.1839671 -0.028108 0.828869 -0.1829981 -0.02817296 0.8287679 -0.1818221 -0.02834695 0.8285749 -0.180567 -0.02870094 0.828218 -0.1789721 -0.02917295 0.827757 -0.1774331 -0.03453099 0.821487 -0.1611881 -0.03921395 0.7811639 -0.2403711 -0.032148 0.785363 -0.2497321 -0.042059 0.802959 -0.2348771 -0.04240697 0.796562 -0.2364031 -0.04170495 0.789653 -0.2381181 -0.040681 0.7853459 -0.2392321 -3.2e-5 0.839348 -0.2278041 -0.005093991 0.838972 -0.2278761 -0.01004195 0.837933 -0.228075 -0.014835 0.8363359 -0.2283791 -0.01941394 0.8342199 -0.2287811 -0.02372199 0.8316109 -0.2292771 -0.02770698 0.828547 -0.2298611 -0.03131598 0.8250619 -0.230526 -0.034491 0.8211919 -0.2312701 -0.03718996 0.8169899 -0.232084 -0.03937095 0.812508 -0.232963 -0.04100197 0.80781 -0.2338961 -2.5e-5 0.8338 -0.2366251 -0.03415495 0.7907189 -0.2483071 -0.03522294 0.796319 -0.2468031 -0.03530895 0.802004 -0.2452481 -0.03440999 0.8076179 -0.2436861 -0.03256398 0.8130109 -0.2421811 -0.02981096 0.818036 -0.240792 -0.02622497 0.822549 -0.2395561 -0.02191799 0.826435 -0.238503 -0.01700198 0.8295809 -0.2376661 -0.01160997 0.831891 -0.2370781 -0.005898952 0.833313 -0.2367361 -0.003057956 0.837482 -0.230854 -0.00306499 0.837516 -0.2307941 -0.01195394 0.8356179 -0.2312071 -0.01197898 0.835645 -0.2311481 -0.02278995 0.830302 -0.232214 -0.02283495 0.830311 -0.232156 -0.03166496 0.8222029 -0.233749 -0.03172296 0.822189 -0.23369 -0.03781098 0.8119509 -0.2356911 -0.03787398 0.811908 -0.2356321 -0.04070496 0.800396 -0.2378811 -0.04076099 0.8003249 -0.2378191 -0.04024195 0.788499 -0.2401351 -0.04028397 0.788401 -0.240069 0.03399997 0.812635 -0.169858 0.03399997 0.8131299 -0.1703531 0.03444296 0.813157 -0.1703251 0.03487199 0.8132379 -0.170244 0.03527498 0.813371 -0.1701111 0.03563898 0.8135519 -0.1699311 0.03595298 0.813774 -0.169709 0.03620797 0.814031 -0.1694511 0.03639596 0.8143159 -0.169166 0.036511 0.8146199 -0.1688631 0.03654998 0.814933 -0.1685501 0.036511 0.815246 -0.1682361 0.03639596 0.81555 -0.1679331 0.03620797 0.8158339 -0.1676481 0.03595298 0.8160919 -0.1673911 0.03563898 0.816314 -0.167168 0.03527498 0.816494 -0.1669881 0.03487199 0.8166269 -0.166855 0.03444296 0.816708 -0.166774 0.03399997 0.816736 -0.166746 0.03355699 0.816708 -0.166774 0.03312796 0.8166269 -0.166855 0.03272497 0.816494 -0.1669881 0.03236097 0.816314 -0.167168 0.03204697 0.8160919 -0.1673911 0.03179198 0.8158339 -0.1676481 0.03160399 0.81555 -0.1679331 0.03148895 0.815246 -0.1682361 0.03144997 0.814933 -0.1685501 0.03148895 0.8146199 -0.1688631 0.03160399 0.8143159 -0.169166 0.03179198 0.814031 -0.1694511 0.03204697 0.813774 -0.169709 0.03236097 0.8135519 -0.1699311 0.03272497 0.813371 -0.1701111 0.03312796 0.8132379 -0.170244 0.03355699 0.813157 -0.1703251 0.03399997 0.8131299 -0.1703531 0.03399997 0.812635 -0.169858 0.03355699 0.812662 -0.16983 0.03312796 0.812743 -0.169749 0.03272497 0.812876 -0.1696161 0.03236097 0.813057 -0.169436 0.03204697 0.8132789 -0.1692141 0.03179198 0.8135359 -0.1689561 0.03160399 0.813821 -0.1686711 0.03148895 0.814125 -0.1683681 0.03144997 0.814438 -0.1680551 0.03148895 0.8147509 -0.1677411 0.03160399 0.815055 -0.167438 0.03179198 0.815339 -0.1671531 0.03204697 0.8155969 -0.1668961 0.03236097 0.8158189 -0.1666731 0.03272497 0.8159989 -0.1664931 0.03312796 0.816132 -0.16636 0.03355699 0.816214 -0.1662791 0.03399997 0.8162409 -0.1662511 0.03444296 0.816214 -0.1662791 0.03487199 0.816132 -0.16636 0.03527498 0.8159989 -0.1664931 0.03563898 0.8158189 -0.1666731 0.03595298 0.8155969 -0.1668961 0.03620797 0.815339 -0.1671531 0.03639596 0.815055 -0.167438 0.036511 0.8147509 -0.1677411 0.03654998 0.814438 -0.1680551 0.036511 0.814125 -0.1683681 0.03639596 0.813821 -0.1686711 0.03620797 0.8135359 -0.1689561 0.03595298 0.8132789 -0.1692141 0.03563898 0.813057 -0.169436 0.03527498 0.812876 -0.1696161 0.03487199 0.812743 -0.169749 0.03444296 0.812662 -0.16983 -0.03924196 0.814989 -0.168493 -0.03400796 0.821306 -0.1621761 -0.03010296 0.8165239 -0.1669591 -0.02979898 0.816073 -0.1674091 -0.02959799 0.815594 -0.1678881 -0.02950596 0.815099 -0.1683831 -0.02952498 0.8146 -0.1688821 -0.02965295 0.814109 -0.169373 -0.02988898 0.8136389 -0.169844 -0.03022599 0.8132 -0.1702831 -0.03065598 0.812804 -0.170679 -0.03116798 0.81246 -0.1710221 -0.03174996 0.812177 -0.1713051 -0.03238695 0.811962 -0.1715201 -0.03306394 0.8118199 -0.171662 -0.033764 0.811755 -0.1717271 -0.03446996 0.8117679 -0.1717141 -0.03516495 0.811859 -0.1716231 -0.03582996 0.8120259 -0.171456 -0.03645098 0.812264 -0.171218 -0.03701096 0.812568 -0.1709141 -0.03749698 0.81293 -0.1705521 -0.03789699 0.813342 -0.1701411 -0.03399997 0.8131299 -0.1703531 -0.03355699 0.813157 -0.1703251 -0.03312796 0.8132379 -0.170244 -0.03272497 0.813371 -0.1701111 -0.03236097 0.8135519 -0.1699311 -0.03204697 0.813774 -0.169709 -0.03179198 0.814031 -0.1694511 -0.03160399 0.8143159 -0.169166 -0.03148895 0.8146199 -0.1688631 -0.03144997 0.814933 -0.1685501 -0.03148895 0.815246 -0.1682361 -0.03160399 0.81555 -0.1679331 -0.03179198 0.8158339 -0.1676481 -0.03204697 0.8160919 -0.1673911 -0.03236097 0.816314 -0.167168 -0.03272497 0.816494 -0.1669881 -0.03312796 0.8166269 -0.166855 -0.03355699 0.816708 -0.166774 -0.03399997 0.816736 -0.166746 -0.03444296 0.816708 -0.166774 -0.03487199 0.8166269 -0.166855 -0.03527498 0.816494 -0.1669881 -0.03563898 0.816314 -0.167168 -0.03595298 0.8160919 -0.1673911 -0.03620797 0.8158339 -0.1676481 -0.03639596 0.81555 -0.1679331 -0.036511 0.815246 -0.1682361 -0.03654998 0.814933 -0.1685501 -0.036511 0.8146199 -0.1688631 -0.03639596 0.8143159 -0.169166 -0.03620797 0.814031 -0.1694511 -0.03595298 0.813774 -0.169709 -0.03563898 0.8135519 -0.1699311 -0.03527498 0.813371 -0.1701111 -0.03487199 0.8132379 -0.170244 -0.03444296 0.813157 -0.1703251 0.03399997 0.812635 -0.169858 0.03355699 0.812662 -0.16983 0.03312796 0.812743 -0.169749 0.03272497 0.812876 -0.1696161 0.03236097 0.813057 -0.169436 0.03204697 0.8132789 -0.1692141 0.03179198 0.8135359 -0.1689561 0.03160399 0.813821 -0.1686711 0.03148895 0.814125 -0.1683681 0.03144997 0.814438 -0.1680551 0.03148895 0.8147509 -0.1677411 0.03160399 0.815055 -0.167438 0.03179198 0.815339 -0.1671531 0.03204697 0.8155969 -0.1668961 0.03236097 0.8158189 -0.1666731 0.03272497 0.8159989 -0.1664931 0.03312796 0.816132 -0.16636 0.03355699 0.816214 -0.1662791 0.03399997 0.8162409 -0.1662511 0.03444296 0.816214 -0.1662791 0.03487199 0.816132 -0.16636 0.03527498 0.8159989 -0.1664931 0.03563898 0.8158189 -0.1666731 0.03595298 0.8155969 -0.1668961 0.03620797 0.815339 -0.1671531 0.03639596 0.815055 -0.167438 0.036511 0.8147509 -0.1677411 0.03654998 0.814438 -0.1680551 0.036511 0.814125 -0.1683681 0.03639596 0.813821 -0.1686711 0.03620797 0.8135359 -0.1689561 0.03595298 0.8132789 -0.1692141 0.03563898 0.813057 -0.169436 0.03527498 0.812876 -0.1696161 0.03487199 0.812743 -0.169749 0.03444296 0.812662 -0.16983 -0.03399997 0.812635 -0.169858 -0.03444296 0.812662 -0.16983 -0.03487199 0.812743 -0.169749 -0.03527498 0.812876 -0.1696161 -0.03563898 0.813057 -0.169436 -0.03595298 0.8132789 -0.1692141 -0.03620797 0.8135359 -0.1689561 -0.03639596 0.813821 -0.1686711 -0.036511 0.814125 -0.1683681 -0.03654998 0.814438 -0.1680551 -0.036511 0.8147509 -0.1677411 -0.03639596 0.815055 -0.167438 -0.03620797 0.815339 -0.1671531 -0.03595298 0.8155969 -0.1668961 -0.03563898 0.8158189 -0.1666731 -0.03527498 0.8159989 -0.1664931 -0.03487199 0.816132 -0.16636 -0.03444296 0.816214 -0.1662791 -0.03399997 0.8162409 -0.1662511 -0.03355699 0.816214 -0.1662791 -0.03312796 0.816132 -0.16636 -0.03272497 0.8159989 -0.1664931 -0.03236097 0.8158189 -0.1666731 -0.03204697 0.8155969 -0.1668961 -0.03179198 0.815339 -0.1671531 -0.03160399 0.815055 -0.167438 -0.03148895 0.8147509 -0.1677411 -0.03144997 0.814438 -0.1680551 -0.03148895 0.814125 -0.1683681 -0.03160399 0.813821 -0.1686711 -0.03179198 0.8135359 -0.1689561 -0.03204697 0.8132789 -0.1692141 -0.03236097 0.813057 -0.169436 -0.03272497 0.812876 -0.1696161 -0.03312796 0.812743 -0.169749 -0.03355699 0.812662 -0.16983 -0.03399997 0.812635 -0.169858 -0.03399997 0.8131299 -0.1703531 -0.03355699 0.813157 -0.1703251 -0.03312796 0.8132379 -0.170244 -0.03272497 0.813371 -0.1701111 -0.03236097 0.8135519 -0.1699311 -0.03204697 0.813774 -0.169709 -0.03179198 0.814031 -0.1694511 -0.03160399 0.8143159 -0.169166 -0.03148895 0.8146199 -0.1688631 -0.03144997 0.814933 -0.1685501 -0.03148895 0.815246 -0.1682361 -0.03160399 0.81555 -0.1679331 -0.03179198 0.8158339 -0.1676481 -0.03204697 0.8160919 -0.1673911 -0.03236097 0.816314 -0.167168 -0.03272497 0.816494 -0.1669881 -0.03312796 0.8166269 -0.166855 -0.03355699 0.816708 -0.166774 -0.03399997 0.816736 -0.166746 -0.03444296 0.816708 -0.166774 -0.03487199 0.8166269 -0.166855 -0.03527498 0.816494 -0.1669881 -0.03563898 0.816314 -0.167168 -0.03595298 0.8160919 -0.1673911 -0.03620797 0.8158339 -0.1676481 -0.03639596 0.81555 -0.1679331 -0.036511 0.815246 -0.1682361 -0.03654998 0.814933 -0.1685501 -0.036511 0.8146199 -0.1688631 -0.03639596 0.8143159 -0.169166 -0.03620797 0.814031 -0.1694511 -0.03595298 0.813774 -0.169709 -0.03563898 0.8135519 -0.1699311 -0.03527498 0.813371 -0.1701111 -0.03487199 0.8132379 -0.170244 -0.03444296 0.813157 -0.1703251 -0.03399997 0.8131299 -0.1703531 -0.03399997 0.812635 -0.169858 -0.03444296 0.812662 -0.16983 -0.03487199 0.812743 -0.169749 -0.03527498 0.812876 -0.1696161 -0.03563898 0.813057 -0.169436 -0.03595298 0.8132789 -0.1692141 -0.03620797 0.8135359 -0.1689561 -0.03639596 0.813821 -0.1686711 -0.036511 0.814125 -0.1683681 -0.03654998 0.814438 -0.1680551 -0.036511 0.8147509 -0.1677411 -0.03639596 0.815055 -0.167438 -0.03620797 0.815339 -0.1671531 -0.03595298 0.8155969 -0.1668961 -0.03563898 0.8158189 -0.1666731 -0.03527498 0.8159989 -0.1664931 -0.03487199 0.816132 -0.16636 -0.03444296 0.816214 -0.1662791 -0.03399997 0.8162409 -0.1662511 -0.03355699 0.816214 -0.1662791 -0.03312796 0.816132 -0.16636 -0.03272497 0.8159989 -0.1664931 -0.03236097 0.8158189 -0.1666731 -0.03204697 0.8155969 -0.1668961 -0.03179198 0.815339 -0.1671531 -0.03160399 0.815055 -0.167438 -0.03148895 0.8147509 -0.1677411 -0.03144997 0.814438 -0.1680551 -0.03148895 0.814125 -0.1683681 -0.03160399 0.813821 -0.1686711 -0.03179198 0.8135359 -0.1689561 -0.03204697 0.8132789 -0.1692141 -0.03236097 0.813057 -0.169436 -0.03272497 0.812876 -0.1696161 -0.03312796 0.812743 -0.169749 -0.03355699 0.812662 -0.16983 0.006518959 0.8224989 -0.2420881 0.006674945 0.8224629 -0.2420901 0.006820976 0.822362 -0.2421261 0.006901979 0.822238 -0.242179 0.006929993 0.822094 -0.242242 -0.006565988 0.822498 -0.2420871 -0.006567955 0.822441 -0.2419741 -0.006561994 0.8224809 -0.2418661 -0.00655198 0.822611 -0.241757 -0.00654298 0.822894 -0.241595 0.007523 0.821903 -0.2420681 0.00751096 0.8220639 -0.2419801 0.007470965 0.82222 -0.2418981 0.007399976 0.8223699 -0.2418211 0.007292985 0.8225169 -0.2417501 0.007159948 0.822636 -0.2416961 0.007009983 0.822729 -0.2416571 0.006782948 0.8228259 -0.241622 0.006531 0.822897 -0.2416031 -1.2e-5 0.823005 -0.2418171 0.006959974 0.822012 -0.2421571 0.007054984 0.821957 -0.2421051 0.007208943 0.821926 -0.2420821 -0.003288984 0.822655 -0.2419421 0.003251969 0.822598 -0.24199 0.006603956 0.8225089 -0.2418311 0.006522953 0.8225249 -0.241828 0.006703972 0.822479 -0.2418401 0.006766974 0.8224529 -0.2418501 0.006878972 0.8223859 -0.241878 0.006916999 0.8223569 -0.241892 0.006952941 0.822322 -0.2419081 0.006988942 0.822282 -0.2419261 0.006930947 0.822124 -0.2421601 0.006956994 0.822091 -0.242116 0.007050991 0.822191 -0.2419701 -0.004926979 0.822503 -0.2419911 -0.003292977 0.8225969 -0.2419871 -0.004928946 0.822485 -0.2420411 0.006557941 0.822438 -0.2419491 0.006522953 0.822444 -0.2419491 0.006639957 0.822418 -0.241954 0.006676971 0.8224059 -0.2419581 0.006699979 0.8223959 -0.2419611 0.006743967 0.822374 -0.2419701 0.006820976 0.822318 -0.2419931 0.00683397 0.8223059 -0.2419981 0.006847977 0.8222929 -0.242004 0.006861984 0.8222779 -0.2420111 0.006913959 0.822212 -0.2420411 0.006936967 0.8221749 -0.242057 -0.00248897 0.822536 -0.2422001 -0.005745947 0.8224729 -0.2420641 8e-4 0.822703 -0.2419821 0.004067957 0.822511 -0.242147 0.001612961 0.8225379 -0.2421511 0.005733966 0.822483 -0.242058 0.004896998 0.82249 -0.24204 0.005712985 0.82264 -0.241811 -0.006145954 0.8225679 -0.2418211 -0.005336999 0.822475 -0.2420271 -0.002892971 0.8225319 -0.2420901 -0.002891957 0.8225449 -0.242066 -0.001250982 0.822657 -0.2420061 -8.49e-4 0.822569 -0.242098 0.001206994 0.822593 -0.2420641 0.003659963 0.8225199 -0.2420651 0.005309998 0.8225349 -0.2419241 0.00614196 0.822523 -0.2418701 -0.006361961 0.8224549 -0.242022 -0.005950987 0.8224599 -0.2419821 -0.006155967 0.822456 -0.241963 -0.00594896 0.8224759 -0.2419371 -0.006152987 0.822483 -0.2419041 -0.005742967 0.8224989 -0.2419221 -0.002691984 0.822524 -0.2421441 -0.00269097 0.8225249 -0.2421311 -0.001872956 0.822552 -0.2420991 -0.001671969 0.822537 -0.2421501 0.00386399 0.822506 -0.2421051 0.005522966 0.822483 -0.2419881 0.00572896 0.8225039 -0.2419281 0.005943 0.822477 -0.2419611 -0.006462991 0.822447 -0.241941 -0.006257951 0.822452 -0.2419611 -0.002181947 0.822531 -0.2421481 -0.001461982 0.8225759 -0.242076 0.00644195 0.822465 -0.2420251 0.006437957 0.822477 -0.2418951 0.006250977 0.82248 -0.241918 0.006351947 0.822459 -0.2419691 -0.006508946 0.822503 -0.241846 0.006205976 0.8224659 -0.2419891 -0.006971955 0.822094 -0.242241 -0.00693798 0.8222439 -0.2421731 -0.006843984 0.8223729 -0.24212 -0.006716966 0.822459 -0.2420911 -0.006565988 0.822498 -0.2420871 -0.007002949 0.8220099 -0.2421541 -0.007097959 0.8219529 -0.2421011 -0.007255971 0.821919 -0.242076 -0.007564961 0.821896 -0.2420611 -0.00654298 0.822894 -0.241595 -0.006733 0.822865 -0.2415961 -0.006912946 0.822804 -0.2416141 -0.007077991 0.822717 -0.241649 -0.007230997 0.8226019 -0.2417001 -0.007360994 0.8224659 -0.2417641 -0.007456958 0.8223239 -0.2418341 -0.007523953 0.822173 -0.2419111 -0.007556974 0.8220359 -0.2419841 -0.006567955 0.822441 -0.2419741 -0.006561994 0.8224809 -0.2418661 -0.00655198 0.822611 -0.241757 -0.006972968 0.8221279 -0.2421551 -0.006999969 0.822094 -0.2421101 -0.007098972 0.822181 -0.2419691 -0.007072985 0.8222239 -0.2419481 -0.006997942 0.822317 -0.2419041 -0.006955981 0.822356 -0.2418861 -0.006911993 0.8223909 -0.2418701 -0.006644964 0.822429 -0.2419701 -0.006815969 0.8224499 -0.2418451 -0.006981968 0.8221749 -0.242053 -0.006972968 0.822192 -0.2420451 -0.006918966 0.8222669 -0.242012 -0.006886959 0.8223 -0.2419971 -0.006870985 0.8223139 -0.2419911 -0.006853997 0.822328 -0.2419851 -0.006781995 0.822376 -0.2419651 -0.006743967 0.8223959 -0.2419571 0.006535947 0.8101219 -0.2482371 0.006535947 0.8098739 -0.247969 0.006929993 0.810504 -0.2480581 0.006898999 0.810352 -0.2481211 0.006811976 0.810226 -0.2481771 0.006685972 0.8101469 -0.248216 0.006929993 0.810279 -0.2478151 0.006901979 0.810125 -0.2478641 0.006822943 0.809996 -0.247911 0.006691992 0.809904 -0.2479501 7.51e-4 0.8201929 -0.243566 7.47e-4 0.8201729 -0.2435451 2.35e-4 0.8201749 -0.243548 -2.77e-4 0.8201749 -0.243548 -7.9e-4 0.820174 -0.2435461 -7.93e-4 0.8201929 -0.243566 -7.93e-4 0.820405 -0.243795 -2.79e-4 0.820406 -0.2437981 2.36e-4 0.820406 -0.2437981 7.51e-4 0.820405 -0.243795 7.51e-4 0.81847 -0.2444431 7.51e-4 0.818682 -0.2446731 7.51e-4 0.8190459 -0.244154 7.51e-4 0.8196199 -0.243862 7.51e-4 0.8201929 -0.243566 7.51e-4 0.820405 -0.243795 7.51e-4 0.819832 -0.244091 7.51e-4 0.819258 -0.2443841 -7.9e-4 0.820174 -0.2435461 -6.92e-4 0.820053 -0.2435231 7.47e-4 0.8201729 -0.2435451 2.35e-4 0.8201749 -0.243548 -2.77e-4 0.8201749 -0.243548 6.5e-4 0.820053 -0.2435231 -2.45e-4 0.8200539 -0.243525 2.03e-4 0.8200539 -0.243525 4.43e-4 0.8201159 -0.243516 -5e-6 0.8201159 -0.2435181 -4.85e-4 0.8201159 -0.243516 -0.006971955 0.8223109 -0.242475 -0.006938993 0.822457 -0.2423971 -0.006843984 0.822582 -0.242336 -0.006714999 0.8226609 -0.2423021 -0.006565988 0.822693 -0.2422971 -0.006971955 0.822094 -0.242241 -0.00693798 0.8222439 -0.2421731 -0.006843984 0.8223729 -0.24212 -0.006716966 0.822459 -0.2420911 -0.006565988 0.822498 -0.2420871 0.006518959 0.822694 -0.2422981 0.006518959 0.8224989 -0.2420881 -0.006565988 0.822498 -0.2420871 -0.006565988 0.822693 -0.2422971 0.006518959 0.8224989 -0.2420881 0.006674945 0.8224629 -0.2420901 0.006820976 0.822362 -0.2421261 0.006901979 0.822238 -0.242179 0.006929993 0.822094 -0.242242 0.006929993 0.8223109 -0.2424761 0.006518959 0.822694 -0.2422981 0.006680965 0.822658 -0.242304 0.006817996 0.8225679 -0.2423431 0.006900966 0.8224479 -0.242403 0.03830498 0.817933 -0.175064 0.03977799 0.8152529 -0.1673161 0.03789699 0.813342 -0.1701411 0.03924 0.814987 -0.1684951 0.039599 0.815164 -0.1677091 0.03941994 0.8150749 -0.168102 0.03163599 0.768132 -0.244059 0.03416699 0.7717849 -0.243018 0.03918397 0.781166 -0.2403751 0.04140096 0.788296 -0.2384691 0.04233598 0.795468 -0.2366731 0.04235094 0.7992829 -0.2357501 0.04202598 0.802961 -0.2348791 0.04852396 0.792617 -0.1806831 0.04877197 0.781081 -0.1922191 0.04627996 0.769701 -0.203599 0.04158794 0.7598879 -0.2134121 0.03597897 0.7525359 -0.2207641 0.029751 0.746866 -0.2264341 0.02338296 0.742739 -0.2305611 0.01705396 0.7398629 -0.2334371 0.01082199 0.7380099 -0.2352901 0.005475997 0.7371069 -0.2361931 0 0.7368 -0.2365 -1.2e-5 0.7557089 -0.2525481 0.006387948 0.756089 -0.2522081 0.01263296 0.7572099 -0.2512181 0.01771998 0.758729 -0.2498981 0.02249997 0.760773 -0.248194 0.02249997 0.7602819 -0.2477511 0.02541399 0.7617509 -0.2462821 0.02891999 0.76392 -0.2441151 0.03149998 0.765863 -0.24217 0.03149998 0.7662159 -0.2424991 0.03149998 0.766595 -0.242852 -0.03420096 0.771779 -0.243009 -0.03921395 0.7811639 -0.2403711 -0.03163397 0.7680819 -0.244068 -0.03149998 0.76657 -0.2428771 -0.03149998 0.766256 -0.2425841 -0.03149998 0.765839 -0.2421941 -0.028934 0.763911 -0.2441241 -0.02543497 0.7617489 -0.2462841 -0.02249997 0.760273 -0.2477601 -0.02249997 0.760765 -0.2482051 -0.01620495 0.7582109 -0.2503481 -0.009435951 0.75654 -0.2518111 -0.004755973 0.7559199 -0.2523611 -1.2e-5 0.7557089 -0.2525481 0 0.7368 -0.2365 -0.005554974 0.737116 -0.2361841 -0.01097196 0.7380439 -0.2352561 -0.01613396 0.739532 -0.2337681 -0.020958 0.741508 -0.231792 -0.025397 0.7438949 -0.2294051 -0.02942699 0.7466199 -0.22668 -0.03304594 0.7496209 -0.2236791 -0.03724497 0.753959 -0.219341 -0.04114598 0.7591909 -0.2141091 -0.04422098 0.764692 -0.208608 -0.04710596 0.772309 -0.2009921 -0.048774 0.7810999 -0.1922001 -0.04898798 0.7868619 -0.186438 -0.04852294 0.792617 -0.1806831 -0.042059 0.802959 -0.2348771 -0.04240697 0.796562 -0.2364031 -0.04170495 0.789653 -0.2381181 -0.040681 0.7853459 -0.2392321 0 0.8348 -0.1385 -3.2e-5 0.839348 -0.2278041 0.005640983 0.834474 -0.1388261 0.01113694 0.8335179 -0.1397821 0.01636695 0.831986 -0.141314 0.02124595 0.8299539 -0.1433461 0.02572399 0.8275039 -0.1457961 0.02978199 0.824711 -0.1485891 0.03341495 0.821639 -0.151661 0.037615 0.817202 -0.1560981 0.04149597 0.811859 -0.161441 0.04452896 0.8062489 -0.1670511 0.04704296 0.7995089 -0.1737911 0.04852396 0.792617 -0.1806831 0.04202598 0.802961 -0.2348791 0.04029196 0.8099899 -0.233462 0.03735697 0.816631 -0.232156 0.03331696 0.822691 -0.2309821 0.02829897 0.828002 -0.229965 0.02245599 0.8324289 -0.2291221 0.01595699 0.835861 -0.2284691 0.008974969 0.838202 -0.2280241 0.004514992 0.839046 -0.2278621 0.03452998 0.8214849 -0.16119 0.02917397 0.827748 -0.177425 0.02851498 0.828395 -0.1797251 0.02817195 0.8287599 -0.1818361 0.028117 0.828875 -0.1835671 0.028216 0.828839 -0.1846141 0.02839398 0.8287289 -0.1854401 0.02856999 0.8286079 -0.1859561 0.02881199 0.828431 -0.1864581 0.02899396 0.828293 -0.1867401 0.02921795 0.828118 -0.1870101 0.02946698 0.827919 -0.1872361 0.02969294 0.827734 -0.1873881 0.02990299 0.8275579 -0.1874911 0.030119 0.8273749 -0.187565 0.030339 0.827184 -0.18761 0.03063595 0.826924 -0.187628 0.03081399 0.826764 -0.1876181 0.03099095 0.826605 -0.1875931 0.03156995 0.826067 -0.1874161 0.03211599 0.8255409 -0.18713 0.03279399 0.824863 -0.1866261 0.03351199 0.8241119 -0.1859211 0.03444695 0.82308 -0.184738 0.03544795 0.821901 -0.183117 0.036632 0.820387 -0.1806181 0.03761196 0.819011 -0.177842 0.03830498 0.817933 -0.175064 0.03977799 0.8152529 -0.1673161 0.02249997 0.761549 -0.2478981 0.02249997 0.7602819 -0.2477511 0.02249997 0.760773 -0.248194 0.02249997 0.7611339 -0.2483131 0.03149998 0.765863 -0.24217 0.03149998 0.766482 -0.2422341 0.03149998 0.7662159 -0.2424991 0.03149998 0.766482 -0.2422341 0.03149998 0.7671449 -0.2423021 0.03149998 0.766595 -0.242852 0.03149998 0.7662159 -0.2424991 0.02541399 0.7617509 -0.2462821 0.02547395 0.7629689 -0.246479 0.03149998 0.7671449 -0.2423021 0.028674 0.764974 -0.244473 0.03149998 0.766482 -0.2422341 0.03149998 0.765863 -0.24217 0.02891999 0.76392 -0.2441151 0.02249997 0.7602819 -0.2477511 0.02541399 0.7617509 -0.2462821 0.02249997 0.761549 -0.2478981 0.02547395 0.7629689 -0.246479 0.03149998 0.7671449 -0.2423021 0.028674 0.764974 -0.244473 0.02547395 0.7629689 -0.246479 0.02249997 0.761549 -0.2478981 0.02249997 0.769225 -0.240222 0.02699995 0.7724069 -0.2370401 0.02629595 0.772368 -0.237079 0.02560895 0.772252 -0.237196 0.024957 0.772061 -0.2373871 0.02435499 0.7717999 -0.2376481 0.02381795 0.771475 -0.2379721 0.023359 0.771096 -0.2383521 0.02298998 0.7706699 -0.2387771 0.02271997 0.770209 -0.239239 0.02255499 0.7697229 -0.239724 0.03149998 0.769225 -0.240222 0.03144496 0.7697229 -0.239724 0.03127998 0.770209 -0.239239 0.03100997 0.7706699 -0.2387771 0.03064095 0.771096 -0.2383521 0.030182 0.771475 -0.2379721 0.02964496 0.7717999 -0.2376481 0.02904295 0.772061 -0.2373871 0.028391 0.772252 -0.237196 0.027704 0.772368 -0.237079 0.02699995 0.767422 -0.2420251 0.02744299 0.76745 -0.2419981 0.02787196 0.7675309 -0.2419161 0.02827495 0.767664 -0.2417831 0.02863895 0.767844 -0.2416031 0.02895295 0.7680659 -0.2413811 0.029208 0.7683239 -0.2411231 0.02939599 0.7686089 -0.2408391 0.02951097 0.768912 -0.2405351 0.02954995 0.769225 -0.240222 0.02951097 0.769539 -0.2399091 0.02939599 0.7698419 -0.2396051 0.029208 0.7701269 -0.23932 0.02895295 0.770384 -0.239063 0.02863895 0.770607 -0.2388411 0.02827495 0.770787 -0.23866 0.02787196 0.7709199 -0.2385281 0.02744299 0.771001 -0.2384461 0.02699995 0.771029 -0.2384191 0.02655696 0.771001 -0.2384461 0.02612799 0.7709199 -0.2385281 0.02572494 0.770787 -0.23866 0.025361 0.770607 -0.2388411 0.025047 0.770384 -0.239063 0.02479195 0.7701269 -0.23932 0.02460396 0.7698419 -0.2396051 0.02448898 0.769539 -0.2399091 0.02445 0.769225 -0.240222 0.02448898 0.768912 -0.2405351 0.02460396 0.7686089 -0.2408391 0.02479195 0.7683239 -0.2411231 0.025047 0.7680659 -0.2413811 0.025361 0.767844 -0.2416031 0.02572494 0.767664 -0.2417831 0.02612799 0.7675309 -0.2419161 0.02655696 0.76745 -0.2419981 0.02699995 0.766927 -0.2415301 0.02655696 0.7669549 -0.2415031 0.02612799 0.767036 -0.2414211 0.02572494 0.767169 -0.2412881 0.025361 0.767349 -0.2411081 0.025047 0.767571 -0.240886 0.02479195 0.767829 -0.2406281 0.02460396 0.768114 -0.2403441 0.02448898 0.768417 -0.2400401 0.02445 0.7687299 -0.2397271 0.02448898 0.7690439 -0.239414 0.02460396 0.769347 -0.2391101 0.02479195 0.769632 -0.238825 0.025047 0.76989 -0.2385681 0.025361 0.7701119 -0.238346 0.02572494 0.7702919 -0.2381651 0.02612799 0.770425 -0.2380331 0.02655696 0.7705059 -0.237951 0.02699995 0.7705339 -0.237924 0.02744299 0.7705059 -0.237951 0.02787196 0.770425 -0.2380331 0.02827495 0.7702919 -0.2381651 0.02863895 0.7701119 -0.238346 0.02895295 0.76989 -0.2385681 0.029208 0.769632 -0.238825 0.02939599 0.769347 -0.2391101 0.02951097 0.7690439 -0.239414 0.02954995 0.7687299 -0.2397271 0.02951097 0.768417 -0.2400401 0.02939599 0.768114 -0.2403441 0.029208 0.767829 -0.2406281 0.02895295 0.767571 -0.240886 0.02863895 0.767349 -0.2411081 0.02827495 0.767169 -0.2412881 0.02787196 0.767036 -0.2414211 0.02744299 0.7669549 -0.2415031 0.02699995 0.766927 -0.2415301 0.02699995 0.767422 -0.2420251 0.02744299 0.76745 -0.2419981 0.02787196 0.7675309 -0.2419161 0.02827495 0.767664 -0.2417831 0.02863895 0.767844 -0.2416031 0.02895295 0.7680659 -0.2413811 0.029208 0.7683239 -0.2411231 0.02939599 0.7686089 -0.2408391 0.02951097 0.768912 -0.2405351 0.02954995 0.769225 -0.240222 0.02951097 0.769539 -0.2399091 0.02939599 0.7698419 -0.2396051 0.029208 0.7701269 -0.23932 0.02895295 0.770384 -0.239063 0.02863895 0.770607 -0.2388411 0.02827495 0.770787 -0.23866 0.02787196 0.7709199 -0.2385281 0.02744299 0.771001 -0.2384461 0.02699995 0.771029 -0.2384191 0.02655696 0.771001 -0.2384461 0.02612799 0.7709199 -0.2385281 0.02572494 0.770787 -0.23866 0.025361 0.770607 -0.2388411 0.025047 0.770384 -0.239063 0.02479195 0.7701269 -0.23932 0.02460396 0.7698419 -0.2396051 0.02448898 0.769539 -0.2399091 0.02445 0.769225 -0.240222 0.02448898 0.768912 -0.2405351 0.02460396 0.7686089 -0.2408391 0.02479195 0.7683239 -0.2411231 0.025047 0.7680659 -0.2413811 0.025361 0.767844 -0.2416031 0.02572494 0.767664 -0.2417831 0.02612799 0.7675309 -0.2419161 0.02655696 0.76745 -0.2419981 0.02699995 0.767422 -0.2420251 0.02699995 0.766927 -0.2415301 0.02655696 0.7669549 -0.2415031 0.02612799 0.767036 -0.2414211 0.02572494 0.767169 -0.2412881 0.025361 0.767349 -0.2411081 0.025047 0.767571 -0.240886 0.02479195 0.767829 -0.2406281 0.02460396 0.768114 -0.2403441 0.02448898 0.768417 -0.2400401 0.02445 0.7687299 -0.2397271 0.02448898 0.7690439 -0.239414 0.02460396 0.769347 -0.2391101 0.02479195 0.769632 -0.238825 0.025047 0.76989 -0.2385681 0.025361 0.7701119 -0.238346 0.02572494 0.7702919 -0.2381651 0.02612799 0.770425 -0.2380331 0.02655696 0.7705059 -0.237951 0.02699995 0.7705339 -0.237924 0.02744299 0.7705059 -0.237951 0.02787196 0.770425 -0.2380331 0.02827495 0.7702919 -0.2381651 0.02863895 0.7701119 -0.238346 0.02895295 0.76989 -0.2385681 0.029208 0.769632 -0.238825 0.02939599 0.769347 -0.2391101 0.02951097 0.7690439 -0.239414 0.02954995 0.7687299 -0.2397271 0.02951097 0.768417 -0.2400401 0.02939599 0.768114 -0.2403441 0.029208 0.767829 -0.2406281 0.02895295 0.767571 -0.240886 0.02863895 0.767349 -0.2411081 0.02827495 0.767169 -0.2412881 0.02787196 0.767036 -0.2414211 0.02744299 0.7669549 -0.2415031 0.03079599 0.784871 -0.249769 0.03115695 0.7845069 -0.2499151 0.03148198 0.784105 -0.2500701 0.02699995 0.7877729 -0.2503971 0.027758 0.787512 -0.2502341 0.02847397 0.78714 -0.2500951 0.02913999 0.7866759 -0.24998 0.029751 0.786135 -0.2498881 0.03030395 0.7855289 -0.249818 0.02699995 0.7724069 -0.2370401 0.03149998 0.769225 -0.240222 0.03144496 0.7697229 -0.239724 0.03127998 0.770209 -0.239239 0.03100997 0.7706699 -0.2387771 0.03064095 0.771096 -0.2383521 0.030182 0.771475 -0.2379721 0.02964496 0.7717999 -0.2376481 0.02904295 0.772061 -0.2373871 0.028391 0.772252 -0.237196 0.027704 0.772368 -0.237079 0.03212696 0.7755619 -0.246559 0.03215998 0.7785059 -0.2476391 0.03193098 0.781343 -0.248817 0.02843898 0.7739539 -0.2386851 0.02973794 0.7734859 -0.239153 0.02848798 0.7756549 -0.2401751 0.03076797 0.7727569 -0.2398821 0.02983099 0.775172 -0.2406591 0.02853697 0.777357 -0.2416651 0.03142994 0.7718389 -0.2408001 0.03089594 0.774418 -0.2414121 0.02992296 0.776858 -0.2421641 0.02858597 0.7790589 -0.2431541 0.03157997 0.773469 -0.2423611 0.03102397 0.77608 -0.242942 0.030016 0.778544 -0.2436701 0.02863395 0.780761 -0.2446441 0.03172999 0.7750989 -0.2439221 0.03115099 0.777741 -0.244472 0.03010898 0.7802299 -0.2451751 0.02868294 0.782463 -0.246133 0.03187996 0.77673 -0.2454841 0.03127896 0.7794019 -0.2460021 0.03020197 0.7819159 -0.2466801 0.028732 0.7841649 -0.247623 0.03202998 0.77836 -0.247045 0.03140699 0.7810639 -0.2475331 0.030294 0.783602 -0.2481861 0.02878099 0.785867 -0.2491131 0.03163599 0.768132 -0.244059 0.03149998 0.766595 -0.242852 0.03149998 0.7671449 -0.2423021 0.03149998 0.769225 -0.240222 0.03212696 0.7755619 -0.246559 0.03202199 0.77397 -0.2460311 0.02249997 0.769225 -0.240222 0.02128297 0.781534 -0.2525311 0.02699995 0.7724069 -0.2370401 0.02629595 0.772368 -0.237079 0.02560895 0.772252 -0.237196 0.024957 0.772061 -0.2373871 0.02435499 0.7717999 -0.2376481 0.02381795 0.771475 -0.2379721 0.023359 0.771096 -0.2383521 0.02298998 0.7706699 -0.2387771 0.02271997 0.770209 -0.239239 0.02255499 0.7697229 -0.239724 0.02699995 0.7877729 -0.2503971 0.02132296 0.782907 -0.2523821 0.02154797 0.7841129 -0.2521971 0.02191799 0.7851449 -0.2519891 0.02239799 0.785998 -0.2517711 0.02270799 0.786405 -0.2516461 0.02316397 0.786875 -0.2514771 0.02368199 0.787272 -0.2513011 0.02425396 0.787583 -0.2511201 0.02486896 0.7877959 -0.2509391 0.02550995 0.787905 -0.2507631 0.02596497 0.78792 -0.2506451 0.02642196 0.787885 -0.2505321 0.026712 0.7878389 -0.2504631 0.02256697 0.771871 -0.2408311 0.023229 0.77279 -0.239912 0.02241396 0.773533 -0.2424221 0.02425998 0.7735189 -0.2391831 0.023099 0.7744839 -0.2414721 0.02226096 0.775196 -0.244014 0.02555996 0.7739869 -0.2387151 0.02416598 0.7752379 -0.2407181 0.02296894 0.776178 -0.243032 0.02210795 0.776858 -0.2456061 0.02550995 0.7757219 -0.2402331 0.02407097 0.7769569 -0.2422531 0.02283895 0.777872 -0.2445921 0.02195495 0.77852 -0.2471981 0.02546 0.777458 -0.241752 0.02397698 0.7786759 -0.2437881 0.02270895 0.7795659 -0.2461531 0.02180194 0.780182 -0.24879 0.02541095 0.7791929 -0.2432711 0.02388197 0.7803949 -0.2453231 0.022578 0.7812599 -0.247713 0.021649 0.781845 -0.2503821 0.025361 0.7809279 -0.2447901 0.02378797 0.782115 -0.2468581 0.022448 0.782954 -0.2492731 0.02149599 0.783507 -0.2519741 0.02531099 0.782664 -0.2463091 0.02369296 0.783834 -0.2483931 0.022318 0.784648 -0.2508331 0.02526098 0.7843989 -0.2478281 0.02359795 0.785553 -0.2499281 0.02521198 0.786134 -0.249347 0.03148198 0.784105 -0.2500701 0.03169995 0.7845219 -0.2499591 0.03191095 0.784941 -0.2498471 0.03211694 0.785363 -0.2497351 0.03918397 0.781166 -0.2403751 0.03416699 0.7717849 -0.243018 0.03202199 0.77397 -0.2460311 0.03212696 0.7755619 -0.246559 0.03215998 0.7785059 -0.2476391 0.03193098 0.781343 -0.248817 0.03293699 0.7836399 -0.248436 0.03468894 0.782573 -0.2462171 0.03562998 0.781974 -0.2449691 0.03361594 0.780461 -0.2467781 0.036659 0.7813 -0.243561 0.033041 0.779429 -0.2470571 0.03454595 0.779792 -0.245545 0.03396695 0.7787249 -0.245832 0.03556096 0.7790389 -0.2441521 0.03799498 0.7803899 -0.2416551 0.034976 0.777931 -0.2444471 0.03271299 0.7766459 -0.246398 0.03687596 0.7780219 -0.242264 0.03371995 0.775765 -0.2450351 0.03627997 0.7768589 -0.2425711 0.03304398 0.7747079 -0.2453261 0.03501498 0.7745739 -0.243184 0.03433996 0.773454 -0.2434911 0.03163599 0.768132 -0.244059 0.03202199 0.77397 -0.2460311 0.03416699 0.7717849 -0.243018 0.03148198 0.784105 -0.2500701 0.03169995 0.7845219 -0.2499591 0.03191095 0.784941 -0.2498471 0.03211694 0.785363 -0.2497351 0.03079599 0.784871 -0.249769 0.03115695 0.7845069 -0.2499151 0.03368896 0.798046 -0.246174 0.03336 0.793543 -0.247412 0.03238797 0.7891229 -0.248615 2.1e-5 0.830526 -0.2371821 0.004409968 0.830223 -0.2372511 0.008718967 0.8293539 -0.2374591 0.01287698 0.827955 -0.2378101 0.016819 0.826065 -0.238309 0.02047896 0.823707 -0.2389521 0.02379298 0.8209159 -0.239724 0.02670794 0.8177409 -0.2406111 0.02916699 0.8142279 -0.2415981 0.03111797 0.8104329 -0.2426741 0.03253495 0.8064259 -0.2438161 0.03339797 0.802275 -0.244993 -2.5e-5 0.8338 -0.2366251 0.00585097 0.8333199 -0.2367281 0.01156497 0.8319 -0.23707 0.01695597 0.829587 -0.2376661 0.02187597 0.826445 -0.238503 0.02618795 0.822562 -0.2395551 0.02977097 0.8180449 -0.2407931 0.03252798 0.8130189 -0.2421801 0.03437799 0.8076229 -0.2436771 0.03527599 0.8020099 -0.2452461 0.03518998 0.796323 -0.2468041 0.03412699 0.7907189 -0.2483041 0.001430988 0.832132 -0.2369101 0.005704998 0.831684 -0.2370101 0.01124995 0.83029 -0.2373481 0.016487 0.828043 -0.2379291 0.02127397 0.825004 -0.2387471 0.025478 0.821253 -0.2397751 0.02898496 0.816888 -0.2409831 0.03169 0.812025 -0.2423411 0.03368097 0.806127 -0.2439991 0.03450298 0.7999749 -0.245725 0.03437995 0.7958319 -0.2468611 0.033387 0.790386 -0.2483321 0.04202598 0.802961 -0.2348791 0.04029196 0.8099899 -0.233462 0.03735697 0.816631 -0.232156 0.03331696 0.822691 -0.2309821 0.02829897 0.828002 -0.229965 0.02245599 0.8324289 -0.2291221 0.01595699 0.835861 -0.2284691 0.008974969 0.838202 -0.2280241 0.004514992 0.839046 -0.2278621 -3.2e-5 0.839348 -0.2278041 0.03918397 0.781166 -0.2403751 0.04140096 0.788296 -0.2384691 0.04233598 0.795468 -0.2366731 0.04235094 0.7992829 -0.2357501 0.03211694 0.785363 -0.2497351 -2.5e-5 0.8338 -0.2366251 0.00585097 0.8333199 -0.2367281 0.01156497 0.8319 -0.23707 0.01695597 0.829587 -0.2376661 0.02187597 0.826445 -0.238503 0.02618795 0.822562 -0.2395551 0.02977097 0.8180449 -0.2407931 0.03252798 0.8130189 -0.2421801 0.03437799 0.8076229 -0.2436771 0.03527599 0.8020099 -0.2452461 0.03518998 0.796323 -0.2468041 0.03412699 0.7907189 -0.2483041 0.003010988 0.837482 -0.230854 0.003016948 0.837516 -0.2307941 0.01045894 0.836069 -0.2311221 0.01047998 0.836097 -0.2310621 0.01752197 0.833346 -0.2316381 0.01755696 0.8333659 -0.2315791 0.02518695 0.828527 -0.232551 0.02523499 0.828532 -0.232492 0.029639 0.8244679 -0.2333201 0.02969396 0.824461 -0.2332611 0.03344899 0.819822 -0.2342001 0.033508 0.8198019 -0.2341411 0.03653299 0.814682 -0.2351741 0.03659498 0.8146479 -0.235114 0.03882396 0.8091569 -0.2362211 0.03888595 0.8091079 -0.23616 0.04050296 0.8018869 -0.2375981 0.04056096 0.8018199 -0.2375361 0.04063695 0.791462 -0.2395731 0.04068398 0.791371 -0.239508 0.03960096 0.785581 -0.240688 0.03963994 0.785479 -0.2406201 -0.02128195 0.7815399 -0.2525371 -0.02165597 0.773556 -0.2529511 -0.02281498 0.786531 -0.2516091 -0.02228599 0.785831 -0.2518231 -0.02187395 0.785051 -0.2520151 -0.02157396 0.7842139 -0.2521841 -0.02137994 0.7833409 -0.2523271 -0.02128499 0.782445 -0.2524451 -0.03081798 0.784843 -0.2497701 -0.03000396 0.785877 -0.2498571 -0.02914094 0.7866789 -0.2499831 -0.02826499 0.787265 -0.2501381 -0.027408 0.787653 -0.2503111 -0.02683699 0.787817 -0.2504381 -0.02621895 0.7879109 -0.2505851 -0.02559798 0.787915 -0.2507421 -0.02502596 0.787836 -0.2508971 -0.02451097 0.787689 -0.2510451 -0.02401995 0.787473 -0.2511951 -0.023561 0.7871939 -0.2513431 -0.02316999 0.786884 -0.2514781 -0.03241199 0.789074 -0.2486191 -0.03339296 0.793513 -0.2474111 -0.03372299 0.7980499 -0.2461671 -0.03372299 0.7980499 -0.2461671 -0.03343296 0.8022829 -0.2449811 -0.03256696 0.806438 -0.243799 -0.03114199 0.810449 -0.242663 -0.02918195 0.814247 -0.241591 -0.02671897 0.8177639 -0.2406041 -0.02380096 0.820943 -0.2397161 -0.02047795 0.823731 -0.2389451 -0.01680898 0.826085 -0.2383031 -0.01285696 0.827968 -0.237802 -0.008688986 0.8293519 -0.2374491 -0.004372954 0.830215 -0.2372471 2.1e-5 0.830526 -0.2371821 0.004409968 0.830223 -0.2372511 0.008718967 0.8293539 -0.2374591 0.01287698 0.827955 -0.2378101 0.016819 0.826065 -0.238309 0.02047896 0.823707 -0.2389521 0.02379298 0.8209159 -0.239724 0.02670794 0.8177409 -0.2406111 0.02916699 0.8142279 -0.2415981 0.03111797 0.8104329 -0.2426741 0.03253495 0.8064259 -0.2438161 0.03339797 0.802275 -0.244993 0.03368896 0.798046 -0.246174 0.03368896 0.798046 -0.246174 0.03336 0.793543 -0.247412 0.03238797 0.7891229 -0.248615 0.03079599 0.784871 -0.249769 0.02699995 0.7877729 -0.2503971 0.027758 0.787512 -0.2502341 0.02847397 0.78714 -0.2500951 0.02913999 0.7866759 -0.24998 0.029751 0.786135 -0.2498881 0.03030395 0.7855289 -0.249818 0.02128297 0.781534 -0.2525311 0.02132296 0.782907 -0.2523821 0.02154797 0.7841129 -0.2521971 0.02191799 0.7851449 -0.2519891 0.02239799 0.785998 -0.2517711 0.02270799 0.786405 -0.2516461 0.02316397 0.786875 -0.2514771 0.02368199 0.787272 -0.2513011 0.02425396 0.787583 -0.2511201 0.02486896 0.7877959 -0.2509391 0.02550995 0.787905 -0.2507631 0.02596497 0.78792 -0.2506451 0.02642196 0.787885 -0.2505321 0.026712 0.7878389 -0.2504631 0.02165597 0.773575 -0.2529441 -0.01701998 0.7703049 -0.2538501 -0.01241296 0.7680769 -0.2544861 -0.008674979 0.766892 -0.2548351 -0.005265951 0.7662009 -0.2550491 -0.001799941 0.765852 -0.2551621 0.001684963 0.76585 -0.2551631 0.005150973 0.7661929 -0.2550531 0.008561968 0.766874 -0.2548411 0.01188397 0.7678909 -0.2545401 0.01506495 0.769256 -0.2541471 0.01806896 0.770954 -0.2536661 0.01990598 0.772208 -0.2533181 0.007521986 0.810095 -0.2476361 0.007523 0.821903 -0.2420681 0.00751096 0.8220639 -0.2419801 0.007470965 0.82222 -0.2418981 0.007399976 0.8223699 -0.2418211 0.007292985 0.8225169 -0.2417501 0.007159948 0.822636 -0.2416961 0.007009983 0.822729 -0.2416571 0.006782948 0.8228259 -0.241622 0.006531 0.822897 -0.2416031 -1.2e-5 0.823005 -0.2418171 -0.00654298 0.822894 -0.241595 -0.006733 0.822865 -0.2415961 -0.006912946 0.822804 -0.2416141 -0.007077991 0.822717 -0.241649 -0.007230997 0.8226019 -0.2417001 -0.007360994 0.8224659 -0.2417641 -0.007456958 0.8223239 -0.2418341 -0.007523953 0.822173 -0.2419111 -0.007556974 0.8220359 -0.2419841 -0.007564961 0.821896 -0.2420611 -0.007538974 0.8100849 -0.2476381 -0.007523953 0.809896 -0.2477141 -0.007480978 0.809731 -0.2477831 -0.007399976 0.8095709 -0.247852 -0.007289946 0.809438 -0.2479131 -0.007174968 0.809348 -0.2479571 -0.007065951 0.809292 -0.247987 -0.006915986 0.809246 -0.2480161 -0.006754994 0.809224 -0.248036 -0.006459951 0.809214 -0.2480611 -2.11e-4 0.809279 -0.248261 0.003702998 0.8092769 -0.2481881 0.006291985 0.809192 -0.2480821 0.006678998 0.80923 -0.2480401 0.006958961 0.809291 -0.2479951 0.007112979 0.809358 -0.2479581 0.007220983 0.8094549 -0.2479121 0.007411956 0.809724 -0.2477911 0.007456958 0.809814 -0.2477521 0.007489979 0.809901 -0.2477151 -0.02832895 0.8081839 -0.2444481 -0.02541899 0.8019799 -0.2475091 -0.02542197 0.795342 -0.2493531 -0.01992499 0.816551 -0.2429031 -0.02833998 0.7884539 -0.2499271 -0.01662194 0.805156 -0.2483381 -0.01661598 0.7930249 -0.2517041 -0.009321987 0.821823 -0.2419211 -0.01990795 0.7804699 -0.2529161 -0.007471978 0.807137 -0.2487661 -0.007476985 0.7915269 -0.2530891 -0.009337961 0.775378 -0.2547811 0.01158595 0.8210479 -0.2420651 0.001023948 0.791142 -0.2534321 0.009329974 0.806847 -0.2487091 0.00129795 0.7740979 -0.2552701 0.02084296 0.815836 -0.2430391 0.009338974 0.7917459 -0.2528901 0.01747995 0.8048849 -0.248279 0.01161199 0.776117 -0.2545051 0.02825397 0.8082429 -0.2444421 0.01747494 0.793224 -0.2515151 0.02533197 0.802001 -0.2475211 0.02082598 0.781155 -0.2526631 0.025334 0.7953229 -0.2493761 0.028261 0.788394 -0.2499551 0.03325098 0.7969459 -0.2466211 0.02249997 0.7611339 -0.2483131 0.01621395 0.758533 -0.2504361 0.009440958 0.756832 -0.2518871 0.002382993 0.756043 -0.2525721 -0.001584947 0.756012 -0.2525991 -0.006908953 0.7564379 -0.2522291 -0.01211595 0.757384 -0.2514161 -0.01711797 0.758835 -0.2501861 -0.01986396 0.7598959 -0.2493101 -0.02249997 0.7611239 -0.2483231 -0.02165597 0.773556 -0.2529511 -0.01701998 0.7703049 -0.2538501 -0.01241296 0.7680769 -0.2544861 -0.008674979 0.766892 -0.2548351 -0.005265951 0.7662009 -0.2550491 -0.001799941 0.765852 -0.2551621 0.001684963 0.76585 -0.2551631 0.005150973 0.7661929 -0.2550531 0.008561968 0.766874 -0.2548411 0.01188397 0.7678909 -0.2545401 0.01506495 0.769256 -0.2541471 0.01806896 0.770954 -0.2536661 0.01990598 0.772208 -0.2533181 0.02165597 0.773575 -0.2529441 0.02249997 0.7611339 -0.2483131 0.02249997 0.760773 -0.248194 -1.2e-5 0.7557089 -0.2525481 0.006387948 0.756089 -0.2522081 0.01263296 0.7572099 -0.2512181 0.01771998 0.758729 -0.2498981 -0.02249997 0.760765 -0.2482051 -0.01620495 0.7582109 -0.2503481 -0.009435951 0.75654 -0.2518111 -0.004755973 0.7559199 -0.2523611 -0.02249997 0.7611239 -0.2483231 0.01621395 0.758533 -0.2504361 0.009440958 0.756832 -0.2518871 0.002382993 0.756043 -0.2525721 -0.001584947 0.756012 -0.2525991 -0.006908953 0.7564379 -0.2522291 -0.01211595 0.757384 -0.2514161 -0.01711797 0.758835 -0.2501861 -0.01986396 0.7598959 -0.2493101 0.02249997 0.769225 -0.240222 0.02249997 0.761549 -0.2478981 0.02249997 0.7611339 -0.2483131 0.02165597 0.773575 -0.2529441 0.02128297 0.781534 -0.2525311 -0.02249997 0.7611239 -0.2483231 -0.02249997 0.761539 -0.2479081 -0.02249997 0.769225 -0.240222 -0.02128195 0.7815399 -0.2525371 -0.02165597 0.773556 -0.2529511 2.5e-4 0.7195499 -0.1389501 2.5e-4 0.71655 -0.1389501 -2.5e-4 0.71655 -0.1389501 -2.5e-4 0.7195499 -0.1389501 2.5e-4 0.71655 -0.1387501 2.5e-4 0.71655 -0.1389501 2.5e-4 0.7195499 -0.1389501 2.5e-4 0.73355 -0.13595 2.5e-4 0.729015 -0.1375091 2.5e-4 0.7243259 -0.1385141 2.5e-4 0.73355 -0.1357501 2.5e-4 0.729015 -0.1373091 2.5e-4 0.7243259 -0.1383141 2.5e-4 0.7195499 -0.1387501 2.5e-4 0.73355 -0.13595 2.5e-4 0.729015 -0.1375091 2.5e-4 0.7243259 -0.1385141 2.5e-4 0.7195499 -0.1389501 -2.5e-4 0.7195499 -0.1389501 -2.5e-4 0.73355 -0.13595 -2.5e-4 0.729015 -0.1375091 -2.5e-4 0.7243259 -0.1385141 -2.5e-4 0.73355 -0.13595 -2.5e-4 0.729015 -0.1375091 -2.5e-4 0.7243259 -0.1385141 -2.5e-4 0.7195499 -0.1389501 -2.5e-4 0.71655 -0.1389501 -2.5e-4 0.71655 -0.138751 -2.5e-4 0.7195499 -0.138751 -2.5e-4 0.73355 -0.1357511 -2.5e-4 0.729015 -0.1373091 -2.5e-4 0.7243259 -0.1383141 2.5e-4 0.71655 -0.1387501 2.5e-4 0.71655 -0.1389501 -2.5e-4 0.71655 -0.1389501 -2.5e-4 0.71655 -0.138751 -0.008683979 0.71655 -0.1395301 -0.01685595 0.71655 -0.1417571 -0.02451896 0.71655 -0.1453651 -0.03144198 0.71655 -0.1502451 -0.03741598 0.71655 -0.1562491 -0.04225999 0.71655 -0.1631971 -0.04582899 0.71655 -0.1708791 -0.04801398 0.71655 -0.1790621 -0.04874998 0.71655 -0.1875001 -0.04801398 0.71655 -0.1959381 -0.04582899 0.71655 -0.2041211 -0.04225999 0.71655 -0.2118031 -0.03741598 0.71655 -0.2187511 -0.03144198 0.71655 -0.2247551 -0.02451896 0.71655 -0.2296351 -0.01685595 0.71655 -0.2332431 -0.008683979 0.71655 -0.2354701 -2.5e-4 0.71655 -0.236249 -2.5e-4 0.71655 -0.2360501 2.5e-4 0.71655 -0.2360501 2.5e-4 0.71655 -0.236249 0.008683979 0.71655 -0.2354701 0.01685595 0.71655 -0.2332431 0.02451896 0.71655 -0.2296351 0.03144198 0.71655 -0.2247551 0.03741598 0.71655 -0.2187511 0.04225999 0.71655 -0.2118031 0.04582899 0.71655 -0.2041211 0.04801398 0.71655 -0.1959381 0.04874998 0.71655 -0.1875001 0.04801398 0.71655 -0.1790621 0.04582899 0.71655 -0.1708791 0.04225999 0.71655 -0.1631971 0.03741598 0.71655 -0.1562491 0.03144198 0.71655 -0.1502451 0.02451896 0.71655 -0.1453651 0.01685595 0.71655 -0.1417571 0.008683979 0.71655 -0.1395301 -2.5e-4 0.73355 -0.236249 -0.007995963 0.73355 -0.2355901 -0.01553899 0.73355 -0.2337071 -0.02268695 0.73355 -0.2306491 -0.02925795 0.73355 -0.2264941 -0.03508496 0.73355 -0.221347 -0.04001897 0.73355 -0.2153391 -0.04393595 0.73355 -0.2086241 -0.04673498 0.73355 -0.2013711 -0.04834598 0.73355 -0.1937651 -0.04872697 0.73355 -0.1860001 -2.5e-4 0.71655 -0.236249 -2.5e-4 0.71655 -0.138751 -0.008683979 0.71655 -0.1395301 -0.01685595 0.71655 -0.1417571 -0.02451896 0.71655 -0.1453651 -0.03144198 0.71655 -0.1502451 -0.03741598 0.71655 -0.1562491 -0.04225999 0.71655 -0.1631971 -0.04582899 0.71655 -0.1708791 -0.04801398 0.71655 -0.1790621 -0.04874998 0.71655 -0.1875001 -0.04801398 0.71655 -0.1959381 -0.04582899 0.71655 -0.2041211 -0.04225999 0.71655 -0.2118031 -0.03741598 0.71655 -0.2187511 -0.03144198 0.71655 -0.2247551 -0.02451896 0.71655 -0.2296351 -0.01685595 0.71655 -0.2332431 -0.008683979 0.71655 -0.2354701 -2.5e-4 0.7195499 -0.138751 -0.008519947 0.7195499 -0.1395 -0.01654297 0.7195499 -0.1416431 -0.02408599 0.7195499 -0.145116 -0.03092998 0.7195499 -0.1498181 -0.03687596 0.7195499 -0.1556141 -0.04175299 0.7195499 -0.162335 -0.04541796 0.7195499 -0.1697871 -0.04776495 0.7195499 -0.1777521 -0.04872697 0.7195499 -0.1860001 -2.5e-4 0.73355 -0.1357511 -2.5e-4 0.729015 -0.1373091 -2.5e-4 0.7243259 -0.1383141 -2.5e-4 0.7195499 -0.138751 -0.008519947 0.7195499 -0.1395 -0.01654297 0.7195499 -0.1416431 -0.02408599 0.7195499 -0.145116 -0.03092998 0.7195499 -0.1498181 -0.03687596 0.7195499 -0.1556141 -0.04175299 0.7195499 -0.162335 -0.04541796 0.7195499 -0.1697871 -0.04776495 0.7195499 -0.1777521 -0.04872697 0.7195499 -0.1860001 -0.007943987 0.7334579 -0.1364021 -0.01543897 0.733192 -0.1382591 -0.02253097 0.732747 -0.141269 -0.02683997 0.7323589 -0.1438041 -0.03086096 0.731889 -0.146763 -0.03508496 0.731238 -0.1506541 -0.03924298 0.730351 -0.1555771 -0.04253995 0.729342 -0.160692 -0.04494094 0.728261 -0.165615 -0.04666996 0.7270579 -0.1704151 -0.047809 0.725721 -0.1749671 -0.04843795 0.7242789 -0.178992 -0.04869896 0.72275 -0.1822801 -0.04874897 0.7214969 -0.1842401 -0.04874795 0.720865 -0.1849821 -0.048738 0.7201849 -0.1855971 -0.04873198 0.7198759 -0.185814 -0.04849696 0.720186 -0.1823011 -0.04823994 0.72275 -0.179027 -0.04803895 0.720186 -0.1790621 -0.04737699 0.72275 -0.1750801 -0.04641199 0.725721 -0.1705101 -0.04599297 0.72275 -0.1706631 -0.04443597 0.725721 -0.1658611 -0.04580199 0.720186 -0.170733 -0.04281395 0.7282599 -0.1616961 -0.04403495 0.72275 -0.166056 -0.04232996 0.725721 -0.1619871 -0.04194897 0.72275 -0.162217 -0.03877896 0.7282599 -0.1559541 -0.04177397 0.720186 -0.1623231 -0.03834098 0.725721 -0.156311 -0.03799498 0.72275 -0.1565921 -0.03447198 0.7282599 -0.151297 -0.03408199 0.725721 -0.1517071 -0.03171598 0.7282599 -0.14886 -0.03377497 0.72275 -0.1520301 -0.031358 0.725721 -0.1492971 -0.02662998 0.731238 -0.144146 -0.031075 0.72275 -0.1496421 -0.02616399 0.7282599 -0.1449041 -0.030945 0.720186 -0.1497991 -0.022291 0.731238 -0.1417641 -0.02586799 0.725721 -0.145386 -0.02190095 0.7282599 -0.1425631 -0.025635 0.72275 -0.1457661 -0.01726496 0.731238 -0.13964 -0.02165299 0.725721 -0.1430711 -0.016963 0.7282599 -0.1404771 -0.02145797 0.72275 -0.1434721 -0.01677197 0.725721 -0.1410081 -0.008891999 0.731238 -0.137404 -0.01661998 0.72275 -0.1414281 -0.01655095 0.720186 -0.141619 -0.008736968 0.7282599 -0.13828 -0.008637964 0.725721 -0.138836 -0.008559942 0.72275 -0.1392751 -0.008524 0.720186 -0.1394761 -2.5e-4 0.71655 -0.236249 -2.5e-4 0.71655 -0.2360501 -2.5e-4 0.73355 -0.2360501 -2.5e-4 0.73355 -0.236249 2.5e-4 0.73355 -0.2360501 2.5e-4 0.71655 -0.2360501 -2.5e-4 0.73355 -0.2360501 -2.5e-4 0.71655 -0.2360501 2.5e-4 0.71655 -0.236249 2.5e-4 0.73355 -0.236249 2.5e-4 0.73355 -0.2360501 2.5e-4 0.71655 -0.2360501 0.04872697 0.7195499 -0.1860001 0.04873698 0.720127 -0.18564 0.04874497 0.7206509 -0.1851961 0.04874998 0.7212659 -0.1845301 0.048738 0.722077 -0.183413 0.04866296 0.723117 -0.1815801 0.04834097 0.72459 -0.1782001 0.04752397 0.726138 -0.173637 0.04605197 0.727554 -0.168511 0.04375594 0.7288469 -0.163007 0.04072999 0.7299429 -0.1577121 0.03721499 0.7308229 -0.153011 0.03313595 0.731561 -0.148743 0.02871698 0.732154 -0.1451061 0.02406895 0.732621 -0.1421061 0.01909798 0.732989 -0.1396471 0.01386797 0.733264 -0.137764 0.008467972 0.733446 -0.1364911 0.004379987 0.733523 -0.1359471 2.5e-4 0.73355 -0.1357501 0.04872697 0.73355 -0.1860001 0.007995963 0.73355 -0.1364101 0.01553899 0.73355 -0.138293 0.02268695 0.73355 -0.1413511 0.02925795 0.73355 -0.145506 0.03508496 0.73355 -0.1506531 0.04001897 0.73355 -0.156661 0.04393595 0.73355 -0.163376 0.04673498 0.73355 -0.170629 0.04834598 0.73355 -0.1782351 -0.04872697 0.73355 -0.1860001 -0.04834598 0.73355 -0.1782351 -0.04673498 0.73355 -0.170629 -0.04393595 0.73355 -0.163376 -0.04001897 0.73355 -0.156661 -0.03508496 0.73355 -0.1506531 -0.02925795 0.73355 -0.145506 -0.02268695 0.73355 -0.1413511 -0.01553899 0.73355 -0.138293 -0.007995963 0.73355 -0.1364101 -2.5e-4 0.73355 -0.1357511 -0.04872697 0.7195499 -0.1860001 -0.007943987 0.7334579 -0.1364021 -0.01543897 0.733192 -0.1382591 -0.02253097 0.732747 -0.141269 -0.02683997 0.7323589 -0.1438041 -0.03086096 0.731889 -0.146763 -0.03508496 0.731238 -0.1506541 -0.03924298 0.730351 -0.1555771 -0.04253995 0.729342 -0.160692 -0.04494094 0.728261 -0.165615 -0.04666996 0.7270579 -0.1704151 -0.047809 0.725721 -0.1749671 -0.04843795 0.7242789 -0.178992 -0.04869896 0.72275 -0.1822801 -0.04874897 0.7214969 -0.1842401 -0.04874795 0.720865 -0.1849821 -0.048738 0.7201849 -0.1855971 -0.04873198 0.7198759 -0.185814 2.5e-4 0.7195499 -0.1387501 2.5e-4 0.71655 -0.1387501 2.5e-4 0.71655 -0.236249 0.008683979 0.71655 -0.2354701 0.01685595 0.71655 -0.2332431 0.02451896 0.71655 -0.2296351 0.03144198 0.71655 -0.2247551 0.03741598 0.71655 -0.2187511 0.04225999 0.71655 -0.2118031 0.04582899 0.71655 -0.2041211 0.04801398 0.71655 -0.1959381 0.04874998 0.71655 -0.1875001 0.04801398 0.71655 -0.1790621 0.04582899 0.71655 -0.1708791 0.04225999 0.71655 -0.1631971 0.03741598 0.71655 -0.1562491 0.03144198 0.71655 -0.1502451 0.02451896 0.71655 -0.1453651 0.01685595 0.71655 -0.1417571 0.008683979 0.71655 -0.1395301 2.5e-4 0.73355 -0.236249 0.04872697 0.73355 -0.1860001 0.04834598 0.73355 -0.1937651 0.04673498 0.73355 -0.2013711 0.04393595 0.73355 -0.2086241 0.04001897 0.73355 -0.2153391 0.03508496 0.73355 -0.221347 0.02925795 0.73355 -0.2264941 0.02268695 0.73355 -0.2306491 0.01553899 0.73355 -0.2337071 0.007995963 0.73355 -0.2355901 0.04872697 0.7195499 -0.1860001 0.04776495 0.7195499 -0.1777521 0.04541796 0.7195499 -0.1697871 0.04175299 0.7195499 -0.162335 0.03687596 0.7195499 -0.1556141 0.03092998 0.7195499 -0.1498181 0.02408599 0.7195499 -0.145116 0.01654297 0.7195499 -0.1416431 0.008519947 0.7195499 -0.1395 0.04872697 0.7195499 -0.1860001 0.04873698 0.720127 -0.18564 0.04874497 0.7206509 -0.1851961 0.04874998 0.7212659 -0.1845301 0.048738 0.722077 -0.183413 0.04866296 0.723117 -0.1815801 0.04834097 0.72459 -0.1782001 0.04752397 0.726138 -0.173637 0.04605197 0.727554 -0.168511 0.04375594 0.7288469 -0.163007 0.04072999 0.7299429 -0.1577121 0.03721499 0.7308229 -0.153011 0.03313595 0.731561 -0.148743 0.02871698 0.732154 -0.1451061 0.02406895 0.732621 -0.1421061 0.01909798 0.732989 -0.1396471 0.01386797 0.733264 -0.137764 0.008467972 0.733446 -0.1364911 0.004379987 0.733523 -0.1359471 2.5e-4 0.73355 -0.1357501 0.04776495 0.7195499 -0.1777521 0.04541796 0.7195499 -0.1697871 0.04175299 0.7195499 -0.162335 0.03687596 0.7195499 -0.1556141 0.03092998 0.7195499 -0.1498181 0.02408599 0.7195499 -0.145116 0.01654297 0.7195499 -0.1416431 0.008519947 0.7195499 -0.1395 2.5e-4 0.7195499 -0.1387501 2.5e-4 0.729015 -0.1373091 2.5e-4 0.7243259 -0.1383141 0.004294991 0.7308229 -0.136942 0.004216969 0.727554 -0.1378641 0.00830996 0.7308229 -0.137445 0.00416696 0.72459 -0.1384491 0.008158981 0.727554 -0.1383581 0.004139959 0.7220759 -0.1387671 0.01362794 0.7308229 -0.1386241 0.008061945 0.72459 -0.1389371 0.01337999 0.727554 -0.1395161 0.00800997 0.7220759 -0.1392521 0.01721799 0.7308229 -0.1397711 0.01322197 0.72459 -0.1400811 0.01690399 0.727554 -0.140641 0.01313596 0.7220759 -0.1403881 0.01670497 0.72459 -0.141193 0.02376997 0.7308229 -0.1426721 0.01659697 0.7220759 -0.141493 0.02333599 0.727554 -0.1434891 0.02845597 0.7308229 -0.1454911 0.02306097 0.72459 -0.1440081 0.02793794 0.727554 -0.1462571 0.02291196 0.7220759 -0.14429 0.03219199 0.7308229 -0.14828 0.02760797 0.72459 -0.1467431 0.031605 0.727554 -0.1489951 0.02742898 0.7220759 -0.1470071 0.03123295 0.72459 -0.1494491 0.03102999 0.7220759 -0.149695 0.03653699 0.727554 -0.1536391 0.03610599 0.72459 -0.1540381 0.03587198 0.7220759 -0.154255 0.04020899 0.727554 -0.158093 0.03973495 0.72459 -0.1584401 0.042665 0.727554 -0.1617861 0.039478 0.7220759 -0.1586281 0.042162 0.72459 -0.1620891 0.04188895 0.7220759 -0.162253 0.04550999 0.72459 -0.1687341 0.04521596 0.7220759 -0.168856 0.04725795 0.72459 -0.1737141 0.04695194 0.7220759 -0.1738041 0.04823297 0.72459 -0.1776561 0.047921 0.7220759 -0.1777201 0.04855096 0.7220759 -0.1815941 2.5e-4 0.73355 -0.13595 2.5e-4 0.73355 -0.1357501 -2.5e-4 0.73355 -0.13595 -2.5e-4 0.73355 -0.1357511 -0.04872697 0.73355 -0.1860001 -0.04834598 0.73355 -0.1782351 -0.04673498 0.73355 -0.170629 -0.04393595 0.73355 -0.163376 -0.04001897 0.73355 -0.156661 -0.03508496 0.73355 -0.1506531 -0.02925795 0.73355 -0.145506 -0.02268695 0.73355 -0.1413511 -0.01553899 0.73355 -0.138293 -0.007995963 0.73355 -0.1364101 -2.5e-4 0.73355 -0.236249 -0.007995963 0.73355 -0.2355901 -0.01553899 0.73355 -0.2337071 -0.02268695 0.73355 -0.2306491 -0.02925795 0.73355 -0.2264941 -0.03508496 0.73355 -0.221347 -0.04001897 0.73355 -0.2153391 -0.04393595 0.73355 -0.2086241 -0.04673498 0.73355 -0.2013711 -0.04834598 0.73355 -0.1937651 -2.5e-4 0.73355 -0.2360501 2.5e-4 0.73355 -0.2360501 2.5e-4 0.73355 -0.236249 0.04872697 0.73355 -0.1860001 0.04834598 0.73355 -0.1937651 0.04673498 0.73355 -0.2013711 0.04393595 0.73355 -0.2086241 0.04001897 0.73355 -0.2153391 0.03508496 0.73355 -0.221347 0.02925795 0.73355 -0.2264941 0.02268695 0.73355 -0.2306491 0.01553899 0.73355 -0.2337071 0.007995963 0.73355 -0.2355901 0.007995963 0.73355 -0.1364101 0.01553899 0.73355 -0.138293 0.02268695 0.73355 -0.1413511 0.02925795 0.73355 -0.145506 0.03508496 0.73355 -0.1506531 0.04001897 0.73355 -0.156661 0.04393595 0.73355 -0.163376 0.04673498 0.73355 -0.170629 0.04834598 0.73355 -0.1782351</float_array>
          <technique_common>
            <accessor source="#link3-mesh-positions-array" count="5993" stride="3">
              <param name="X" type="float"/>
              <param name="Y" type="float"/>
              <param name="Z" type="float"/>
            </accessor>
          </technique_common>
        </source>
        <source id="link3-mesh-normals">
          <float_array id="link3-mesh-normals-array" count="17268">0.1730249 0.9841143 0.03976947 0.007011651 0.9893642 0.1452903 0.006753504 0.9983999 0.05614262 0.007321178 0.9730499 0.2304784 1.60933e-5 0.9458641 0.3245632 -6.8024e-6 0.9730529 0.2305819 0.0205816 1.57222e-4 0.9997882 -8.93883e-6 -6.60333e-6 1 -9.14931e-6 0.0881645 0.996106 0.04110723 6.28971e-4 0.9991546 0.06158673 0.00136733 0.9981008 0.2268182 0.01669877 0.973794 3.27826e-6 0.1711099 0.985252 0.006678879 -0.9998011 -0.01879662 0.2064788 -0.9784196 -0.007853507 0.1074942 -0.9941917 -0.005295038 0.006663441 -0.9999697 -0.004051029 -0.1720225 -0.98507 -0.006747364 -0.006732165 -0.9997997 -0.0188474 -0.006679177 -0.9999688 -0.004216432 -0.007008731 0.9893757 0.1452129 -0.09884518 0.9938178 0.05055695 -0.006756007 0.9984086 0.05599009 -0.007312595 0.9730402 0.2305201 -0.1893234 0.9812286 0.03670394 -3.0458e-5 0.9458464 0.3246147 -7.11624e-6 0.9730414 0.2306305 -3.72082e-5 0.08815902 0.9961065 -0.2267231 0.01671016 0.9738159 -4.3869e-5 0.1711058 0.9852527 -0.06148511 0.001380503 0.9981071 -0.04106515 6.33031e-4 0.9991564 -0.02057003 1.57766e-4 0.9997884 -1.04393e-5 -1.09188e-5 1 0.3077769 0.9258414 0.2192969 0.3330456 0.9429077 0.002413511 0.4518085 0.8915453 -0.03187972 0.3150041 0.9015879 0.296499 3.83109e-5 0.8799692 0.4750308 0.3762913 0.8870812 0.2673801 0.4351277 0.8689083 0.2359285 0.5568442 0.8282663 -0.06244617 0.6533513 0.7519052 -0.0881527 0.4438459 0.8432255 0.3032681 2.68966e-5 0.8019816 0.5973489 0.50042 0.8233272 0.2677913 0.7386888 0.6653988 -0.1076256 0.5090509 0.7953397 0.3290925 0.5630151 0.7735608 0.2908914 0.8129241 0.5696861 -0.1208807 0.9260621 0.3769191 -0.01846551 0.722998 0.5389092 0.4322625 0.876087 0.4646576 -0.1287047 0.9261793 0.3533643 -0.1316268 0.9625804 0.2375418 -0.1304342 0.3754228 0.2892093 0.8805769 1.55568e-5 0.4216194 0.9067729 0.4647434 0.34105 0.8171283 1.84923e-5 0.3035244 0.9528236 0.9070603 0.3916371 0.1544736 0.5405639 0.3347439 0.7718402 0.779872 0.08867901 0.6196255 0.6668436 0.07931011 0.7409654 0.4544926 0.2862989 0.8434865 0.5335888 0.06280279 0.8434091 0.3666987 0.2303978 0.9013595 0.3860669 0.04040253 0.9215856 0.9327985 0.3480569 0.09350711 0.9478152 0.3149259 0.04968011 0.9778624 0.04404401 -0.204561 0.9850277 0.1177124 -0.1259533 0.9929041 -0.005082607 -0.1188097 0.9858783 -0.1265931 -0.1096284 0.9597027 0.2809294 0.007035195 0.9711781 0.2332829 -0.04891216 0.9659497 -0.06466609 -0.2505188 0.9640569 -0.2465772 -0.09896481 0.9762538 0.197409 -0.08920967 0.9255522 0.2906838 0.2426028 0.9404723 0.09042787 0.3276199 0.8723754 0.09207099 0.4800877 0.9787104 0.1472479 -0.1429837 0.94003 -0.1746721 -0.2929734 0.9270399 -0.3646686 -0.08725893 0.9772596 0.1102016 -0.1811609 0.9731796 0.07311749 -0.2181174 0.899688 -0.2836721 -0.3318009 0.8759795 -0.476469 -0.07508182 0.9722637 0.2211977 0.07599318 0.9823247 0.08505725 0.166744 0.9634673 0.0227437 -0.2668589 0.8688178 -0.3470979 -0.3530988 0.8114982 -0.5809669 -0.06283569 0.9532606 -0.01440817 -0.3018058 0.9853566 0.1617164 -0.05404061 0.9838058 0.06720668 -0.166161 0.9970291 0.07702422 -6.41555e-4 0.9350303 -0.06501418 -0.3485566 0.8044413 -0.4509565 -0.3866686 0.7342842 -0.6769308 -0.05090701 0.9183449 -0.1023544 -0.382317 0.8916001 -0.1519249 -0.4265773 0.7243388 -0.5490809 -0.4169455 0.6457914 -0.7624868 -0.03958988 0.8688225 -0.1879467 -0.4580651 0.843409 -0.2232377 -0.4886986 0.6271108 -0.639896 -0.4441453 0.546694 -0.8368184 -0.02933663 0.8041236 -0.2702248 -0.5294938 0.5611512 -0.689118 -0.4585039 0.4397851 -0.8978713 -0.02040457 0.7719551 -0.303911 -0.5583221 0.8933643 -0.03748357 -0.4477671 0.8750997 0.04517495 -0.4818295 0.9427392 0.05636864 -0.328733 0.7236438 -0.3478327 -0.5961142 0.4371426 -0.761089 -0.4792182 0.3256576 -0.945396 -0.01317834 0.6844986 -0.3790787 -0.6227048 0.6260842 -0.419348 -0.6573932 0.8065235 -0.1086843 -0.5811263 0.782678 0.03421616 -0.6214857 0.5792885 -0.4473547 -0.6813946 0.222721 -0.8296453 -0.5119414 0.529493 -0.4734809 -0.7038843 0.7189851 -0.1596339 -0.6764447 0.6685532 0.02404087 -0.7432756 0.4566481 -0.5057386 -0.731916 0.3989852 -0.5269781 -0.7504032 -1.35532e-5 -0.8474011 -0.5309534 0.6154249 -0.2046654 -0.7611599 0.534655 0.01508289 -0.8449359 0.3153081 -0.5516141 -0.7722064 -0.2254988 -0.829015 -0.5117465 -0.3328677 -0.9428766 -0.01352894 0.46128 -0.2515825 -0.850839 0.3865395 0.007844984 -0.9222395 0.1380484 -0.5675059 -0.8117141 0.04053837 -0.5739664 -0.8178749 0.0283637 -0.5742564 -0.8181841 0.0161665 -0.5744521 -0.8183786 0.003944694 -0.574547 -0.8184621 -0.00397247 -0.5745671 -0.8184478 -0.01618713 -0.5744515 -0.8183786 -0.4421673 -0.7586169 -0.4785276 -0.4469758 -0.8943006 -0.02095621 -0.02837812 -0.5742558 -0.8181841 0.3235641 -0.2788647 -0.9041796 0.2267621 0.002742707 -0.9739463 -0.04054623 -0.573965 -0.8178755 -0.1380388 -0.5675103 -0.8117126 -0.5658707 -0.6858864 -0.4575483 -0.5541462 -0.8318781 -0.03001552 -0.6318791 -0.6359715 -0.4430227 -0.6532546 -0.7560563 -0.04046446 0.1041473 -0.2924308 -0.9505985 0.0614829 1.58213e-4 -0.9981082 -0.3191925 -0.5506099 -0.7713267 0.03849667 -0.2944216 -0.9549 0.02055633 1.26287e-5 -0.9997887 0.04104757 8.85203e-5 -0.9991572 0.02407068 -0.2946393 -0.9553055 0.009595572 -0.294731 -0.9555321 -1.5957e-5 -2.83197e-5 -1 -0.4026663 -0.5257285 -0.7493126 -0.009616792 -0.2947252 -0.9555338 -0.02057456 1.26213e-5 -0.9997884 -0.7287352 -0.5443128 -0.4155343 -0.7418672 -0.6685306 -0.05196118 -0.02408683 -0.2946388 -0.9553051 -0.03850573 -0.2944259 -0.9548983 -0.06146687 2.04168e-4 -0.9981091 -0.04104483 8.85278e-5 -0.9991573 -0.4603111 -0.5042576 -0.7306422 -0.1041524 -0.2924137 -0.9506033 -0.2267542 0.00275135 -0.9739482 -0.5328159 -0.4718739 -0.7024545 -0.8086149 -0.4450613 -0.3847892 -0.8184973 -0.5709283 -0.06405621 -0.582769 -0.4453924 -0.6797102 -0.6296539 -0.4170289 -0.6554563 -0.8723401 -0.3404386 -0.3508908 -0.8824175 -0.464214 -0.07645159 -0.3260049 -0.2785015 -0.9034145 -0.386659 0.007827699 -0.9221895 -0.6876603 -0.3766729 -0.6206778 -0.9030888 -0.2759529 -0.3290606 -0.9322651 -0.3507341 -0.08869957 -0.7269895 -0.3450036 -0.5936824 -0.4636087 -0.2510474 -0.8497307 -0.5346354 0.01505166 -0.8449488 -0.7750963 -0.3008126 -0.5556417 -0.9423184 -0.166925 -0.2901244 -0.9674121 -0.2324691 -0.1003593 -0.807237 -0.2667872 -0.5264913 -0.8460625 -0.2197346 -0.4856901 -0.6177197 -0.2037891 -0.7595343 -0.6683453 0.02403873 -0.7434628 -0.9672304 -0.0567699 -0.2474727 -0.9877018 -0.1101389 -0.1109719 -0.8716045 -0.1838374 -0.4544334 -0.8943205 -0.1473459 -0.422469 -0.9783151 0.05407023 -0.1999398 -0.9926793 0.01403266 -0.1199617 -0.9825561 0.1360002 -0.1268365 -0.957764 0.2560219 -0.1309235 -0.7213156 -0.158433 -0.6742425 -0.7828087 0.03418171 -0.621323 -0.920489 -0.09789073 -0.3783085 -0.9367281 -0.06070345 -0.3447543 -0.8085737 -0.1072337 -0.5785409 -0.8752614 0.04514801 -0.4815385 -0.9544849 -0.01025658 -0.2980831 -0.9645735 0.02753436 -0.2623737 -0.9739824 0.07872009 -0.2125123 -0.8953876 -0.03550314 -0.4438701 -0.9836739 0.06719475 -0.1669447 -0.9427126 0.05636525 -0.32881 -0.9777199 0.1163165 -0.1747409 -0.9787067 0.1533539 -0.1364406 -0.904394 0.4262953 0.01854276 -0.9182061 0.3736714 -0.1314051 -0.8654707 0.4844244 -0.1276465 -0.7999715 0.5881507 -0.1188455 -0.9756966 0.2025822 -0.08352643 -0.9701902 0.2385097 -0.04294466 -0.9580062 0.2864202 0.01370221 -0.9453063 0.3210622 0.05757826 -0.9232392 0.3658687 0.1173431 -0.4237635 0.8727677 0.2422828 -0.6339924 0.7688426 -0.08327531 -0.534739 0.8431504 -0.05613815 -0.4270834 0.9038798 -0.0245167 -0.9852194 0.1642807 -0.04852426 -0.9824701 0.08504527 0.165891 -0.9970291 0.07702237 6.72423e-4 -0.2944243 0.9288774 0.2247245 -0.3111485 0.950325 0.008313119 -0.4900831 0.8273141 0.274536 -0.7224597 0.6835108 -0.1042348 -0.9030824 0.3973269 0.163014 -0.3638367 0.8903576 0.2736533 -0.5535808 0.7779255 0.2972882 -0.4323576 0.8466792 0.3101633 -6.36876e-5 0.8799684 0.4750323 -3.96222e-5 0.8019796 0.5973515 -0.3014106 0.9042563 0.3024438 -0.4986298 0.7989345 0.336262 -0.9713304 0.2234891 0.08105492 -0.9403713 0.09041678 0.3279128 -0.9360494 0.2793889 0.2139007 -0.8722625 0.09203958 0.4802989 -0.7176426 0.5413361 0.4381147 -0.4546734 0.2863005 0.8433884 -0.5336648 0.06280767 0.8433607 -0.6666409 0.07927209 0.7411518 -0.5406762 0.3347301 0.7717676 -0.4649131 0.3410347 0.8170381 -0.375564 0.2892147 0.8805149 -6.04093e-5 0.4216151 0.9067749 -2.98917e-5 0.3035205 0.952825 -0.3668393 0.2303981 0.9013022 -0.3862457 0.0404272 0.9215097 0.4106987 0.6563061 0.632921 1.99825e-5 0.7168085 0.6972701 4.72814e-5 0.6258123 0.7799737 0.4100456 0.6119135 0.6763316 0.4074227 0.5657824 0.7168661 4.66555e-5 0.5281232 0.8491678 -0.4069721 0.6567546 0.63486 -5.5626e-5 0.7168198 0.6972585 -4.39733e-5 0.625796 0.7799868 -0.7878262 0.3357031 0.5163655 -0.7800568 0.08872365 0.6193865 -0.4062896 0.6123101 0.6782368 -0.403724 0.5661531 0.7186639 -6.54459e-5 0.528112 0.8491749 -0.1736279 0 0.9848114 -3.48538e-5 -4.16264e-6 1 -0.1736258 0 0.9848117 -3.54126e-5 4.18238e-6 1 -0.3420221 0 0.9396919 -0.3420203 0 0.9396926 -0.5000315 0 0.8660073 -0.5000268 0 0.86601 -0.6427899 0 0.7660426 -0.6427857 0 0.7660461 -0.7660452 0 0.6427868 -0.7660436 0 0.6427886 -0.8660101 0 0.5000267 -0.8660082 0 0.5000299 -0.939692 0 0.342022 -0.9396911 0 0.3420243 -0.9848117 0 0.1736261 -0.9848115 0 0.173627 -1 0 -4.14237e-7 -1 0 5.52316e-7 -0.9848115 0 -0.173627 -0.9848117 0 -0.1736259 -0.9396918 0 -0.3420224 -0.9396917 0 -0.3420227 -0.8660089 0 -0.5000288 -0.8660085 0 -0.5000293 -0.7660447 0 -0.6427875 -0.7660444 0 -0.6427878 -0.6427886 0 -0.7660437 -0.6427882 0 -0.766044 -0.5000275 0 -0.8660096 -0.5000271 0 -0.8660099 -0.3420229 0 -0.9396917 -0.342023 0 -0.9396917 -0.1736246 0 -0.9848119 -0.1736285 0 -0.9848113 0 0 -1 0 0 -1 0.1736279 0 -0.9848114 0.1736252 0 -0.9848119 0.3420234 0 -0.9396915 0.3420224 0 -0.9396919 0.5000298 0 -0.8660082 0.5000262 0 -0.8660103 0.642789 0 -0.7660434 0.6427866 0 -0.7660453 0.7660442 0 -0.6427879 0.7660447 0 -0.6427873 0.8660086 0 -0.5000293 0.8660095 0 -0.5000277 0.9396918 0 -0.3420225 0.9396914 0 -0.3420239 0.9848116 0 -0.1736264 0.9848117 0 -0.1736264 1 0 5.52316e-7 1 0 -4.14237e-7 0.9848115 0 0.173627 0.9848117 0 0.1736261 0.9396918 0 0.3420225 0.9396914 0 0.3420239 0.8660088 0 0.5000289 0.8660102 0 0.5000266 0.7660441 0 0.6427881 0.766044 0 0.6427882 0.6427878 0 0.7660444 0.6427892 0 0.7660432 0.5000276 0 0.8660096 0.5000292 0 0.8660086 0.3420203 0 0.9396926 0.3420221 0 0.9396919 0.1736262 0 0.9848117 0.1736277 0 0.9848114 3.51444e-5 4.16264e-6 1 3.4593e-5 -4.18238e-6 1 0 1 1.83194e-6 0 1 -1.25747e-5 0 1 3.63991e-6 0 1 -3.88126e-6 0 1 4.47461e-7 0 1 -1.12285e-5 0 1 5.23652e-6 0 1 -1.04236e-6 0 1 6.94991e-6 0 1 1.18568e-5 0 1 5.29444e-6 0 1 -5.01115e-6 0 1 -1.82019e-6 0 1 3.46612e-6 0 1 -1.02369e-6 0 1 0 0 1 2.04344e-6 0 1 2.04738e-6 0 1 3.64037e-6 0 1 6.4399e-6 0 1 -2.96419e-6 0 1 -1.81998e-6 0 1 9.09999e-7 0 1 3.01734e-6 0 1 -1.02353e-6 0 1 8.02529e-6 0 1 7.91224e-6 0 1 5.92664e-6 0 1 2.61799e-6 0 1 -5.61426e-6 0 1 2.04385e-6 0 1 -6.79822e-6 0 1 -2.91378e-6 0 1 -8.12875e-7 0 1 8.66668e-7 0 1 2.64796e-6 0 1 1.73326e-6 0 1 1.32366e-6 0 1 5.92738e-6 0 1 1.02193e-6 0 1 3.63962e-6 0 1 1.02348e-6 0 1 0 0 1 1.02363e-6 0 1 0 0 1 -2.64732e-6 0 1 -1.73334e-6 0 1 -6.31667e-6 0 1 6.28088e-7 0 1 2.0472e-6 0 1 1.05312e-5 0 1 1.32755e-5 0 1 2.04345e-6 0 1 0 3.2249e-5 0 1 -1.03329e-4 0 1 1.07818e-4 0 1 3.78059e-5 0 1 3.81895e-4 0 1 -2.19507e-5 0 1 -6.26723e-4 0 0.9999998 9.51474e-4 0 0.9999997 1.9463e-5 0 1 3.27592e-5 0 1 3.2621e-5 0 1 0.001980245 0 0.999998 -8.96102e-6 0 1 -3.81895e-4 0 1 -3.78059e-5 0 1 1.03329e-4 0 1 -4.0774e-5 0 1 0 0 1 3.95437e-5 0 1 -3.93848e-5 0 1 -0.9999952 0.0031237 4.74334e-5 -0.9999928 0.003813087 1.10072e-5 -0.9999949 0.003188192 3.22283e-5 -0.9999936 0.003585875 0 0 0 1 -3.62262e-7 0 1 -1.96784e-7 0 1 -7.22858e-7 0 1 -3.54697e-7 0 1 1.24175e-6 0 1 -3.72756e-7 0 1 -7.1115e-7 0 1 9.73706e-7 0 1 8.13142e-7 0 1 -1.70916e-6 0 1 -2.15266e-6 0 1 -1.55865e-6 0 1 0 0 1 0 0 1 -7.69175e-7 0 1 -7.24454e-7 0 1 3.12773e-5 0 1 1.64069e-7 0 1 1.96038e-4 0 1 1.87143e-4 0 1 -3.08259e-4 0 1 -2.33198e-6 0 1 6.66407e-6 0 1 -6.66407e-6 0 1 2.33198e-6 0 1 3.08259e-4 0 1 -1.87143e-4 0 1 3.70865e-5 0 1 0 0 1 4.56621e-7 0 1 -1.83025e-7 0 1 2.62973e-6 0 1 -8.47752e-7 0 1 -4.88698e-6 0 1 -1.51604e-7 0 1 -1.48128e-7 0 1 -4.55307e-7 0 1 -4.37241e-7 0 1 -1.43519e-7 0 1 3.14483e-7 0 1 6.25356e-7 0 1 -7.12883e-7 0 1 -1.35331e-6 0 1 -2.11441e-7 0 1 1.62998e-6 0 1 0 0 1 1.73887e-7 0 1 1.48833e-6 0 1 0 0 1 0 0 1 -6.76966e-7 0 1 0 0 1 7.18217e-7 0 1 0 0 1 -1.22873e-6 0 1 -2.81607e-7 0 1 1.01694e-6 0 1 8.11564e-7 0 1 -4.663e-7 0 1 1.45177e-7 0 1 6.37362e-7 0 1 -4.47559e-7 0 1 -9.12472e-7 0 1 1.38089e-6 0 1 0 0 1 6.08625e-7 0 1 0 0 1 -1.2202e-7 0 1 3.35569e-4 0 1 3.79381e-7 0 1 1.84739e-6 0 1 -3.35569e-4 0 1 1.48589e-6 0 1 -4.08318e-7 0 1 0 0 1 4.90121e-7 0 1 -6.44039e-7 0 1 -5.91781e-6 0 1 -1.10505e-6 0 1 9.95823e-7 0 1 -1.39966e-6 0 1 -4.15588e-7 0 1 -4.83082e-7 0 1 -1.82435e-6 0 1 4.98445e-7 0 1 0 0 1 3.25106e-7 0 1 9.555e-7 0 1 -8.54531e-7 0 1 3.97597e-7 0 1 8.70838e-7 0 1 -9.15803e-7 0 1 5.98746e-7 0 1 0.9931564 -0.1167921 3.89375e-4 0.9802129 -0.1979463 -5.64882e-6 0.9999945 -0.003316581 -4.45603e-6 0.9520921 -0.3058117 8.5101e-5 0.9229286 -0.3849714 -2.50648e-5 0.8753179 -0.4835478 1.16241e-5 0.8303195 -0.5572876 -4.9204e-5 0.7657877 -0.6430935 -5.11162e-6 0.7059181 -0.7082935 -1.29279e-7 0.6276052 -0.7785319 2.62008e-5 0.5545389 -0.8321577 -4.69726e-5 0.4655666 -0.8850129 3.85296e-4 0.3819126 -0.9241985 -1.22393e-5 0.286688 -0.958024 -1.00381e-5 0.1947116 -0.9808606 -3.31433e-5 0.09675478 -0.9953083 -1.57959e-5 0 -1 1.14458e-4 -0.0967549 -0.9953083 -1.58217e-5 -0.1947116 -0.9808605 -3.31456e-5 -0.2866882 -0.958024 -1.00943e-5 -0.3819127 -0.9241985 -1.22114e-5 -0.4655666 -0.8850129 3.85296e-4 -0.554539 -0.8321578 -4.69724e-5 -0.6276052 -0.7785319 2.62219e-5 -0.7059181 -0.7082935 0 -0.7657874 -0.6430938 -9.0712e-6 -0.8303196 -0.5572875 -4.92106e-5 -0.8753185 -0.4835471 7.88958e-6 -0.9229286 -0.3849714 -2.50644e-5 -0.9520384 -0.305979 -6.72758e-5 -0.9802129 -0.1979463 -5.63747e-6 -0.9931564 -0.1167928 7.32427e-6 -0.9999945 -0.003315031 -5.49218e-4 5.7526e-4 0 0.9999998 -0.001102566 0 0.9999994 5.53587e-6 0 1 -3.35569e-4 0 1 1.82285e-4 0 1 4.29315e-5 0 1 -1.07389e-4 0 1 -3.67543e-5 0 1 -5.7526e-4 0 0.9999998 0.001102566 0 0.9999994 1 0 0 1 1.62293e-7 0 1 0 0 1 1.7834e-7 0 -0.9802108 0.197957 0 -0.9999943 0.00337857 0 -0.9999944 0.003376424 0 -0.9802103 0.1979594 0 -0.9229119 0.3850113 0 -0.922903 0.3850327 0 -0.8303102 0.5573016 0 -0.8302902 0.5573315 0 -0.7059833 0.7082285 0 -0.70595 0.7082618 0 -0.5544346 0.8322274 0 -0.5544345 0.8322274 0 -0.3818402 0.9242284 0 -0.3818401 0.9242284 0 -0.1949985 0.9808036 0 -0.1949976 0.9808038 0 0.1946768 0.9808675 1.25503e-7 0.194682 0.9808665 0 0.3818507 0.9242241 7.15843e-7 0.3818647 0.9242183 0 0.5544345 0.8322275 0 0.5544346 0.8322274 0 0.7059421 0.7082696 0 0.7059314 0.7082802 0 0.8303217 0.5572844 0 0.8302962 0.5573224 0 0.9229085 0.3850196 0 0.9229085 0.3850194 0 0.9802103 0.1979592 0 0.9802107 0.1979572 0 0.9999944 0.003378212 0 0.9999944 0.003376841 0 0.9848076 -0.17365 0 1 -2.90647e-5 -4.16264e-6 0.9848074 -0.1736503 0 1 -2.91392e-5 4.18238e-6 0.9396967 -0.3420089 0 0.9396966 -0.3420094 0 0.866028 -0.4999956 0 0.8660276 -0.4999963 0 0.7660402 -0.6427927 0 0.7660397 -0.6427933 0 0.642791 -0.7660417 0 0.6427907 -0.7660419 0 0.499999 -0.8660261 0 0.4999988 -0.8660262 0 0.3420092 -0.9396966 0 0.3420086 -0.9396969 0 0.1736482 -0.9848078 0 0.1736477 -0.9848079 0 6.18968e-7 -1 0 0 -1 0 -0.1736494 -0.9848076 0 -0.1736499 -0.9848076 0 -0.3420074 -0.9396973 0 -0.3420078 -0.9396972 0 -0.4999966 -0.8660274 0 -0.4999972 -0.8660271 0 -0.6427924 -0.7660405 0 -0.6427929 -0.7660401 0 -0.76604 -0.6427929 0 -0.7660399 -0.6427931 0 -0.8660277 -0.499996 0 -0.8660278 -0.4999958 0 -0.9396966 -0.3420094 0 -0.9396967 -0.3420089 0 -0.9848073 -0.1736509 0 -0.9848074 -0.1736504 0 -1 2.42826e-7 0 -1 8.04659e-7 0 -0.9848074 0.1736505 0 -0.9848073 0.1736509 0 -0.9396967 0.3420089 0 -0.9396966 0.3420094 0 -0.866028 0.4999956 0 -0.8660276 0.4999963 0 -0.7660402 0.6427927 0 -0.7660397 0.6427933 0 -0.642791 0.7660417 0 -0.6427907 0.7660419 0 -0.499999 0.8660261 0 -0.4999988 0.8660262 0 -0.3420092 0.9396966 0 -0.3420086 0.9396969 0 -0.1736482 0.9848078 0 -0.1736477 0.9848079 0 -6.18968e-7 1 0 0 1 0 0.1736483 0.9848077 0 0.1736482 0.9848077 0 0.3420088 0.9396967 0 0.342009 0.9396968 0 0.4999966 0.8660274 0 0.4999972 0.8660271 0 0.6427924 0.7660405 0 0.6427929 0.7660401 0 0.7660419 0.6427906 0 0.7660421 0.6427904 0 0.8660261 0.4999989 0 0.8660263 0.4999987 0 0.9396966 0.3420094 0 0.9396967 0.3420089 0 0.9848073 0.1736509 0 0.9848074 0.1736505 0 1 2.91094e-5 4.16264e-6 1 2.91169e-5 -4.18238e-6 5.56452e-6 0 1 1.68572e-7 0 1 3.372e-7 0 1 -2.50321e-7 0 1 -2.50303e-7 0 1 -8.51364e-6 0 1 0 0 1 3.70435e-7 0 1 0 0 1 -2.78201e-6 0 1 -0.02050703 1.77646e-5 0.9997897 -3.31569e-5 4.78583e-7 1 -2.11591e-5 5.49428e-6 1 -0.04099792 6.94029e-5 0.9991592 -0.06119853 -7.45052e-5 0.9981256 -0.1736536 2.76943e-4 0.9848068 -0.2269761 9.66212e-5 0.9739004 -0.3420661 2.58386e-4 0.9396759 -0.3863875 -2.23992e-4 0.9223365 -0.5000073 2.36686e-4 0.8660212 -0.5348988 -1.99341e-4 0.8449162 -0.6427811 2.11308e-4 0.76605 -0.6684727 1.71633e-4 0.7437367 -0.7660611 1.81269e-4 0.6427677 -0.7832844 -1.40067e-4 0.6216635 -0.8660311 1.47637e-4 0.4999901 -0.8760588 -1.04438e-4 0.4822042 -0.9396834 1.10203e-4 0.3420454 -0.9442752 -6.60802e-5 0.3291572 -0.9848107 6.79877e-5 0.1736314 -0.9859723 -2.31983e-5 0.1669092 -1 4.55917e-5 0 -1 0 0 -0.9859724 -2.31962e-5 -0.1669085 -0.9848106 6.79879e-5 -0.1736321 -0.9442754 -6.60774e-5 -0.3291565 -0.9396831 1.10204e-4 -0.3420462 -0.8760593 -1.0444e-4 -0.4822035 -0.8660311 1.47643e-4 -0.4999901 -0.7832843 -1.40061e-4 -0.6216636 -0.7660611 1.81275e-4 -0.6427677 -0.6684929 -1.71699e-4 -0.7437186 -0.6427829 2.11302e-4 -0.7660484 -0.5348978 -1.99353e-4 -0.8449168 -0.5000083 2.36677e-4 -0.8660207 -0.3863889 -2.24003e-4 -0.9223361 -0.3420649 2.58375e-4 -0.9396764 -0.2270222 -2.44911e-4 -0.9738895 -0.1736522 2.7693e-4 -0.9848071 -0.06124716 -5.0493e-7 -0.9981226 0 2.86803e-4 -1 -0.04099792 6.94029e-5 -0.9991592 -0.02050703 1.77646e-5 -0.9997897 0.02050703 1.77646e-5 -0.9997897 0.04099792 6.94029e-5 -0.9991592 0.06124711 -7.45177e-5 -0.9981226 0.1736522 2.7693e-4 -0.9848071 0.2270222 -2.44911e-4 -0.9738895 0.3420649 2.58375e-4 -0.9396764 0.3863889 -2.24003e-4 -0.9223361 0.5000083 2.36677e-4 -0.8660207 0.5348978 -1.99352e-4 -0.8449168 0.6427829 2.11302e-4 -0.7660484 0.6684929 -1.71698e-4 -0.7437186 0.7660611 1.81275e-4 -0.6427677 0.7832843 -1.40061e-4 -0.6216637 0.8660311 1.47643e-4 -0.4999901 0.8760593 -1.04441e-4 -0.4822035 0.9396831 1.10204e-4 -0.3420462 0.9442754 -6.60801e-5 -0.3291565 0.9848106 6.79879e-5 -0.1736321 0.9859724 -2.31981e-5 -0.1669085 1 4.55917e-5 0 0.9859723 -2.31983e-5 0.1669092 0.9848107 6.79877e-5 0.1736314 0.9442752 -6.60795e-5 0.3291572 0.9396834 1.10203e-4 0.3420454 0.8760588 -1.04438e-4 0.4822042 0.8660311 1.47637e-4 0.4999901 0.7832844 -1.40067e-4 0.6216635 0.7660611 1.81269e-4 0.6427677 0.6684729 1.71644e-4 0.7437366 0.6427811 2.11308e-4 0.76605 0.5348988 -1.99342e-4 0.8449162 0.5000073 2.36686e-4 0.8660212 0.3863875 -2.23992e-4 0.9223365 0.3420661 2.58386e-4 0.9396759 0.2269761 9.66231e-5 0.9739004 0.1736536 2.76943e-4 0.9848068 0.06119859 -3.94328e-7 0.9981256 2.11596e-5 5.52047e-6 1 0.04099792 6.94029e-5 0.9991592 0.02050703 1.77646e-5 0.9997897 3.31569e-5 4.76324e-7 1 -0.1228191 0.7073031 0.6961593 4.88013e-7 0.7069795 0.707234 -3.7025e-6 0.7069694 0.7072441 -0.1227892 0.7073783 0.6960881 -0.2417505 0.7072852 0.6643074 -0.2418114 0.7072798 0.664291 -0.3535085 0.7072709 0.6122088 -0.3534946 0.707275 0.6122121 -0.4543692 0.7073555 0.5414766 -0.4543696 0.7073574 0.5414739 -0.5414944 0.7073206 0.4544022 -0.5414939 0.7073183 0.4544064 -0.6122414 0.7072613 0.3534712 -0.6122493 0.7072609 0.3534584 -0.6642801 0.7073109 0.2417505 -0.6642509 0.7073181 0.2418097 -0.6963622 0.707111 0.1227757 -0.6962994 0.7071741 0.1227683 -0.7071597 0.7070538 -1.63003e-5 -0.7071586 0.707055 -1.39239e-5 -0.6963585 0.7071093 -0.1228063 -0.6962866 0.7071837 -0.1227854 -0.6642678 0.7073227 -0.2417499 -0.6642526 0.7073152 -0.2418134 -0.612257 0.7072609 -0.3534452 -0.6122657 0.7072603 -0.3534313 -0.5414994 0.7073264 -0.4543873 -0.5414963 0.7073268 -0.4543904 -0.4543523 0.7073216 -0.541535 -0.4543535 0.7073184 -0.5415382 -0.3534535 0.7071924 -0.6123313 -0.3534376 0.7071936 -0.6123391 -0.2417941 0.7074213 -0.6641466 -0.2418504 0.7074296 -0.6641173 -0.1227545 0.7070654 -0.6964121 -0.1227489 0.7070586 -0.6964201 1.7494e-5 0.7070476 -0.707166 1.55774e-5 0.7070514 -0.7071622 0.1227979 0.7073892 -0.6960756 0.1227861 0.7073949 -0.6960719 0.2418071 0.7070087 -0.6645812 0.2418094 0.7070167 -0.6645718 0.353459 0.707228 -0.612287 0.3538139 0.7073441 -0.6119479 0.4543683 0.707356 -0.5414767 0.4543688 0.7073576 -0.5414741 0.5416317 0.7070674 -0.4546327 0.5416269 0.707069 -0.4546359 0.6122655 0.707261 -0.35343 0.6122595 0.7072587 -0.3534454 0.6642802 0.7073107 -0.2417506 0.664251 0.707318 -0.2418097 0.6962941 0.7071785 -0.1227724 0.6962317 0.7072417 -0.1227627 0.7071457 0.7070679 -3.91667e-6 0.7071653 0.7070483 -3.92973e-6 0.6963098 0.7071622 0.1227776 0.6962902 0.7071809 0.1227812 0.6642634 0.707327 0.2417492 0.6642481 0.7073199 0.2418126 0.6122536 0.7072662 0.3534404 0.6122611 0.7072656 0.3534286 0.5414973 0.7073219 0.4543968 0.5414945 0.7073227 0.4543988 0.454355 0.7073238 0.5415299 0.4543532 0.7073267 0.5415277 0.3534876 0.7072418 0.6122546 0.3535432 0.706999 0.6125028 0.2418202 0.7073615 0.6642009 0.2420894 0.7072478 0.6642238 0.1227601 0.7069782 0.6964997 0.1227565 0.7069956 0.6964827 -4.96468e-7 0.7069712 0.7072425 3.70294e-6 0.7069714 0.7072423 0 1 2.10502e-6 0 1 3.36912e-5 0 1 -2.67589e-6 0 1 -2.30905e-7 0 1 6.09566e-5 0 1 -4.31801e-5 0 1 1.371e-6 0 1 1.16651e-5 0 1 -3.46827e-6 0 1 7.3532e-5 0 1 -1.45213e-5 0 1 9.19205e-6 0 1 0 0 1 -1.2013e-6 0 1 -7.39963e-6 0 1 1.40701e-6 0 1 -4.61886e-7 0 1 5.28834e-6 0 1 -7.62004e-6 0 1 1.52154e-5 0 1 -3.04802e-5 0 1 1.31631e-5 5.21093e-7 0.707113 -0.7071007 9.81904e-6 0.707108 -0.7071056 -1.56814e-5 0.7070981 -0.7071155 1.71866e-5 0.7071025 -0.7071111 9.0366e-5 0.7071163 -0.7070973 6.51982e-7 0.7071115 -0.7071021 -8.1198e-6 0.7071022 -0.7071114 -2.63315e-5 0.7071 -0.7071136 -1.0345e-5 0.707111 -0.7071027 -2.56239e-5 0.7071094 -0.7071042 0 0.7071171 -0.7070965 2.02738e-5 0.7071108 -0.7071028 2.14312e-5 0.7071143 -0.7070993 9.99361e-7 0.707118 -0.7070956 3.58964e-6 0.7071007 -0.7071129 2.12188e-5 0.7071086 -0.7071049 -3.90741e-7 0.7071009 -0.7071127 -3.20558e-6 0.7071037 -0.7071098 -1.12459e-5 0.7071014 -0.7071123 -3.37617e-6 0.7071081 -0.7071055 0 0.7071082 -0.7071055 1.67208e-5 0.7071081 -0.7071055 -1.18498e-5 0.7070951 -0.7071186 2.65145e-5 0.7071701 -0.7070435 -7.00087e-5 0.7070816 -0.707132 4.56447e-5 0.7070418 -0.7071717 4.5925e-6 0.707103 -0.7071105 1.25212e-4 0.7071448 -0.7070688 -5.9032e-5 0.7073146 -0.7068989 -7.99499e-5 0.7073044 -0.7069091 0 0.7077314 -0.7064817 -1.91151e-6 0.7071157 -0.707098 -7.37106e-6 0.7071027 -0.707111 -6.7037e-6 0.7071067 -0.7071069 4.5328e-6 0.7071068 -0.7071068 -3.37624e-5 0.707114 -0.7070997 -2.44711e-5 0.7071036 -0.70711 -1.02536e-5 0.7071115 -0.7071021 8.10377e-6 0.7071008 -0.7071127 -4.23465e-6 0.7071343 -0.7070793 2.85933e-6 0.7071059 -0.7071077 1.36603e-7 0.7070537 -0.7071599 0 0.7071177 -0.7070959 0 0.7070685 -0.7071452 3.3181e-7 0.7070754 -0.7071383 8.14277e-7 0.7071102 -0.7071033 5.37559e-7 0.7071527 -0.7070609 -1.57552e-6 0.7071148 -0.7070989 1.76103e-5 0.7070994 -0.7071142 -1.16112e-4 0.7072922 -0.7069214 4.26686e-5 0.7070793 -0.7071343 -7.78695e-5 0.7073738 -0.7068397 2.78886e-4 0.7069275 -0.707286 1.54532e-5 0.7071076 -0.707106 -2.75537e-6 0.7071206 -0.7070931 -2.77443e-6 0.7071151 -0.7070985 2.40439e-5 0.7070816 -0.707132 -8.29219e-6 0.7070836 -0.70713 -1.98663e-5 0.7071053 -0.7071082 -2.72239e-5 0.7071056 -0.707108 -1.49719e-4 0.7071507 -0.7070629 -2.9133e-5 0.7070524 -0.7071611 -6.29986e-5 0.7071774 -0.7070362 2.48945e-4 0.7060011 -0.7082107 9.23314e-5 0.7086723 -0.7055378 -5.40865e-5 6.79418e-5 -1 -0.3622276 0.03318947 -0.9314987 -0.6814212 0.06307268 -0.7291687 -0.6802486 0.07397973 -0.7292386 -0.8137754 0.08848226 -0.5744045 -0.4059779 0.04415816 -0.9128155 -4.54187e-5 5.57862e-6 -1 -0.812497 0.0993247 -0.5744418 -0.9386357 0.1147496 -0.3252627 -0.9759362 0.1232694 -0.1798698 -0.6792621 0.08304059 -0.7291827 -0.975705 0.1252621 -0.1797479 -0.9915245 0.1273139 -0.02589023 -0.4052258 0.04956048 -0.9128723 -0.9377568 0.1203805 -0.3257622 -0.8120934 0.1042429 -0.574141 -0.6787786 0.08709317 -0.7291601 -0.4052695 0.05199611 -0.9127175 -0.6778339 0.09413915 -0.7291634 -0.9862176 0.1633595 -0.026241 -0.4045602 0.05617696 -0.9127843 -0.9705173 0.1607474 -0.179601 -0.9330666 0.1545249 -0.3248212 -0.8075428 0.1337254 -0.5744496 -0.6750545 0.1117668 -0.7292528 -0.4029629 0.06672424 -0.9127808 1.67549e-4 -1.99303e-5 -1 -0.6728568 0.1259558 -0.7289712 -0.9796158 0.1992481 -0.02555704 -0.4015529 0.07516473 -0.9127461 -0.9640045 0.1960547 -0.1796053 -0.9266215 0.1884677 -0.3253499 -0.8021147 0.1631125 -0.5744618 -0.6706026 0.1363412 -0.7291799 -0.4001407 0.08138364 -0.912833 -0.3973896 0.09398192 -0.9128248 -5.19007e-5 2.16924e-5 -1 -0.9203642 0.2174536 -0.3250291 -0.9032289 0.2161965 -0.3707244 -0.73444 0.1744368 -0.6558732 -0.9716725 0.2348214 -0.02667629 -0.7958853 0.1879913 -0.5755224 -0.6661219 0.1574929 -0.7290251 1.77693e-4 0 -1 2.88145e-6 0 -1 4.71074e-6 0 -1 -5.80686e-7 0 -1 -3.4164e-7 0 -1 0.8660278 -0.3535557 -0.3535453 0.866028 -0.3535553 -0.3535454 0.866028 -0.3535549 -0.3535454 0.8660277 -0.353556 -0.3535453 -0.8799878 -0.3358738 -0.3358725 -0.9218968 -0.273952 -0.273965 -0.9218983 -0.2739565 -0.2739555 -0.879985 -0.3358829 -0.3358709 -0.8474979 -0.3753346 -0.3753281 -0.8474981 -0.3753358 -0.3753265 -0.810229 -0.4144495 -0.4144402 -0.8102285 -0.4144452 -0.4144454 0.5455346 0.5926297 0.5926061 0.6798419 0.5185702 0.5185557 0.67979 0.5186065 0.5185874 0.5455212 0.5926262 0.592622 0.3954047 0.6494888 0.6494763 0.3953765 0.6494821 0.6495001 0.2338851 0.6874879 0.6875015 0.2338739 0.6874903 0.6875029 0.06538212 0.705581 0.7056066 0.06536483 0.7055923 0.7055968 -0.1051464 0.7031822 0.7031921 -0.1051098 0.7031889 0.7031908 -0.2724173 0.6803706 0.6803563 -0.272367 0.6803748 0.6803723 -0.4320127 0.6377208 0.6377125 -0.4315485 0.6378708 0.6378768 -0.5781819 0.5769387 0.5769292 -0.578583 0.5767323 0.5767336 -0.708397 0.4990819 0.4990903 -0.708413 0.4990661 0.4990833 -0.8180194 0.4067103 0.4067321 -0.8180211 0.4067221 0.4067173 0.8340617 0.39009 0.390091 0.8687013 0.3502548 0.3502563 0.8687082 0.3502447 0.3502496 0.8340429 0.3901122 0.3901091 0.9347801 -0.2511885 -0.2511786 0.8660513 -0.3535227 -0.3535211 0.8660569 -0.3535217 -0.3535082 0.9347766 -0.2511894 -0.2511905 0.979521 -0.1423724 -0.1423686 0.9795203 -0.1423712 -0.1423746 0.9991016 -0.02996617 -0.02996659 0.9991015 -0.02996766 -0.02996939 0.9930146 0.08343297 0.08343315 0.9930155 0.08342641 0.0834279 0.9614528 0.1944384 0.1944286 0.9614405 0.194465 0.1944624 1.58491e-5 0.7071112 -0.7071024 3.9174e-7 0.7071071 -0.7071065 1.68007e-5 0.7071047 -0.7071089 2.37888e-5 0.7071176 -0.707096 -1.54015e-6 0.7071347 -0.7070788 -1.14541e-6 0.7071015 -0.7071121 0 0.707109 -0.7071046 -6.26116e-6 0.7071124 -0.7071012 -1.23325e-6 0.7071138 -0.7070998 -4.07803e-5 0.7071084 -0.7071053 -2.3468e-6 0.707127 -0.7070866 -2.00189e-5 0.7071065 -0.7071071 -1.32707e-6 0.7071149 -0.7070987 2.62641e-5 0.7070955 -0.7071181 6.97141e-6 0.7070813 -0.7071323 1.99441e-5 0.7071025 -0.707111 0 0.7071013 -0.7071123 1.16484e-5 0.7071012 -0.7071124 1.03085e-5 0.7071123 -0.7071014 -4.89262e-6 0.7071288 -0.7070848 -2.63258e-6 0.7071136 -0.7071 -5.52838e-6 0.7071009 -0.7071127 -6.13122e-6 0.707125 -0.7070886 -9.30087e-7 0.7070832 -0.7071304 2.39458e-6 0.707086 -0.7071276 -1.39031e-5 0.7070963 -0.7071173 -6.29202e-6 0.707118 -0.7070957 -1.73637e-5 0.7070747 -0.7071389 1.31412e-5 0.7071088 -0.7071049 -2.22601e-6 0.7071131 -0.7071006 1.04387e-5 0.7071089 -0.7071046 2.53018e-6 0.7071008 -0.7071127 0 0.7070979 -0.7071157 8.65986e-6 0.7071157 -0.7070978 -2.10332e-5 0.7070722 -0.7071414 -1.29064e-6 0.7070888 -0.7071248 -1.57575e-5 0.7071139 -0.7070997 2.54285e-4 0.7071639 -0.7070496 2.96578e-4 0.7072206 -0.7069929 -4.98703e-5 0.7071072 -0.7071065 -3.77866e-5 0.7071052 -0.7071084 -1.35445e-5 0.7070814 -0.7071322 0.8180068 0.4067308 0.4067372 0.7092776 0.498457 0.4984634 0.8180084 0.4067194 0.4067453 0.709258 0.4984751 0.4984735 0.5799925 0.5760284 0.5760208 0.5799762 0.5760414 0.5760242 0.4342966 0.6369463 0.6369349 0.4342973 0.6369501 0.6369305 0.2761225 0.6796141 0.6796184 0.2761504 0.6796194 0.6796017 0.109597 0.702848 0.7028465 0.109584 0.7028445 0.7028521 -0.05926507 0.7058624 0.7058655 -0.05956125 0.7058264 0.7058766 -0.2268848 0.6886729 0.6886603 -0.2268755 0.6886801 0.6886562 -0.3881627 0.651649 0.6516773 -0.3883092 0.6516315 0.6516075 -0.5382618 0.5959339 0.5959337 -0.5382848 0.5959192 0.5959278 -0.6725882 0.5232745 0.5232676 -0.6725702 0.5232757 0.5232895 -0.7878135 0.4355198 0.4355142 -0.7877938 0.4355349 0.4355344 -0.8805155 0.3351842 0.3351774 -0.8805164 0.3351814 0.335178 -0.9478577 0.2253516 0.2253502 -0.9478575 0.2253472 0.2253551 -0.988059 0.1089484 0.1089486 -0.9880578 0.1089527 0.1089553 -0.9998937 -0.01031118 -0.01031386 -0.9998937 -0.01031196 -0.01031213 -0.9830618 -0.129594 -0.1295953 -0.9830603 -0.1296008 -0.1296005 -0.9379274 -0.2452501 -0.2452441 -0.9379263 -0.2452525 -0.2452458 -0.8660367 -0.3535427 -0.3535367 -0.8660403 -0.353541 -0.3535293 -0.866028 -0.353555 -0.3535454 -0.8660278 -0.3535555 -0.3535454 -0.8660277 -0.353556 -0.3535453 -0.8660283 -0.3535545 -0.3535455 0.867648 -0.3515578 -0.3515598 0.8102259 -0.4144499 -0.4144459 0.8102272 -0.4144461 -0.4144474 0.8676529 -0.351552 -0.3515533 0.8968712 -0.3127466 -0.3127484 0.8968697 -0.3127463 -0.3127533 0.9219129 -0.2739295 -0.2739329 0.9219107 -0.2739433 -0.2739269 -4.73152e-6 0.7071073 -0.7071064 3.20628e-6 0.7071066 -0.707107 -2.8535e-5 0.7071072 -0.7071065 6.85957e-6 0.7071089 -0.7071048 -9.7487e-5 0.7070966 -0.707117 -1.45227e-4 0.7070192 -0.7071945 -4.7143e-7 0.7070889 -0.7071247 -1.5942e-6 0.7070924 -0.7071213 -1.31149e-4 0.7070149 -0.7071986 -3.09045e-5 0.7070866 -0.7071269 -2.30329e-6 0.7071048 -0.7071088 -3.4346e-6 0.707112 -0.7071017 -1.53664e-5 0.7071046 -0.7071091 4.25791e-7 0.70711 -0.7071036 8.77952e-7 0.7071141 -0.7070996 2.13887e-6 0.7071036 -0.7071101 -6.13216e-6 0.7071084 -0.7071053 -6.08976e-6 0.7071036 -0.70711 1.58889e-6 0.707107 -0.7071066 5.31886e-6 0.7071 -0.7071136 8.96021e-7 0.7071096 -0.707104 -1.32053e-6 0.7071169 -0.7070968 4.36361e-7 0.7071189 -0.7070947 -1.75691e-5 0.7071031 -0.7071105 -1.46721e-5 0.7071057 -0.7071079 1.69495e-6 0.7071226 -0.707091 -1.15051e-5 0.7071108 -0.7071028 2.01379e-7 0.7071083 -0.7071053 1.75175e-5 0.7070738 -0.7071398 -1.2986e-6 0.7071063 -0.7071074 -2.07928e-5 0.7071095 -0.7071041 -2.15612e-4 0.7069469 -0.7072666 -1.91554e-4 0.7070242 -0.7071895 -2.97324e-6 0.7071072 -0.7071065 -2.57544e-5 0.7071014 -0.7071123 -1.73954e-6 0.7071075 -0.7071061 1.01285e-6 0.7071044 -0.7071092 4.26485e-6 0.7071102 -0.7071034 5.42287e-6 0.7071089 -0.7071048 4.10695e-6 0.7071101 -0.7071036 7.18681e-7 0.707108 -0.7071056 -1.09437e-5 0.7071094 -0.7071042 -1.48703e-5 0.7071059 -0.7071078 -1.09819e-5 0.7071146 -0.707099 5.18622e-7 0.707113 -0.7071007 0 0.7071102 -0.7071034 -2.346e-5 0.7071118 -0.7071018 -2.8079e-5 0.7071135 -0.7071001 -1.933e-5 0.7071111 -0.7071025 -2.43982e-5 0.7071112 -0.7071024 -1.55763e-5 0.7071084 -0.7071052 3.76227e-5 0.7072589 -0.7069546 1.91773e-6 0.7071079 -0.7071057 -1.44233e-5 0.7070595 -0.707154 2.20288e-5 0.707182 -0.7070316 1.80502e-5 0.7071043 -0.7071093 1.54271e-6 0.7071084 -0.7071052 0 0.7071185 -0.7070952 2.04948e-6 0.7070467 -0.7071669 0 0.7069852 -0.7072284 2.10061e-7 0.7071034 -0.7071102 3.10661e-7 0.7071107 -0.707103 1.11909e-6 0.7071488 -0.7070649 -5.58222e-7 0.7071104 -0.7071033 3.4705e-7 0.7071015 -0.7071121 0 0.7071071 -0.7071066 1.26261e-7 0.7071007 -0.7071129 0 0.7070869 -0.7071267 -8.56536e-7 0.7070984 -0.7071152 -4.34822e-7 0.7070978 -0.7071158 -6.07682e-7 0.7071124 -0.7071013 4.15379e-7 0.7071051 -0.7071086 0 0.707119 -0.7070946 -3.17351e-7 0.7071052 -0.7071084 -4.83714e-7 0.707118 -0.7070956 0.9838473 -0.178797 0.008734285 0.9991464 -0.04038107 0.008721947 0.9991447 -0.04041957 0.008728861 0.9781338 -0.2077937 0.008723735 0.9517946 -0.3066116 0.008743345 0.9292786 -0.3692765 0.008734643 0.902779 -0.4300187 0.008613705 0.8953095 -0.4453597 0.008705854 0.8539674 -0.5202531 0.008752226 0.8875742 -0.4605806 0.008812129 0.8795871 -0.4756556 0.008848369 0.8195555 -0.5729326 0.008779466 0.7543494 -0.6564157 0.008688092 0.749629 -0.6618015 0.008669555 0.6598297 -0.7513635 0.008816123 0.6332469 -0.7738998 0.008804023 0.5585972 -0.8293926 0.008785068 0.494178 -0.8693168 0.008741259 0.4469245 -0.8945298 0.008651614 0.3409524 -0.9400398 0.00876075 0.3383261 -0.9409881 0.008767068 0.2289422 -0.9734 0.008825242 0.1780537 -0.9839813 0.008828938 0.09261959 -0.9956631 0.008762478 0.01011192 -0.9999108 0.008733093 0.01012581 -0.9999108 0.00872606 0.010118 -0.9999107 0.008726298 0.01027864 -0.9999309 0.005723118 -0.06533944 -0.9978244 0.008799254 -0.01008296 -0.9999105 0.008806288 -0.01011878 -0.9999099 0.008833944 -0.01011484 -0.9999094 0.008892416 -0.01009553 -0.9999095 0.008890748 -0.1780459 -0.9839832 0.008762419 -0.2204643 -0.9753553 0.008801043 -0.3409472 -0.940042 0.008733749 -0.3541265 -0.9351572 0.008690774 -0.4941472 -0.8693349 0.008692562 -0.4927403 -0.8701335 0.008647382 -0.6240981 -0.7812968 0.00877422 -0.6332619 -0.7738878 0.008783936 -0.7385947 -0.6740922 0.008807361 -0.7543477 -0.6564167 0.008770227 -0.7822446 -0.6229106 0.008711755 -0.8225608 -0.5686097 0.008770346 -0.8539669 -0.5202535 0.008773684 -0.8795844 -0.4756615 0.008805155 -0.8875751 -0.4605857 0.008438706 -0.8953106 -0.4453583 0.008662462 -0.9292783 -0.369277 0.008737623 -0.9027881 -0.4299969 0.00874406 -0.9518871 -0.3063254 0.008713126 -0.9781343 -0.2077906 0.008752048 -0.9838656 -0.1786963 0.008728325 -0.9991441 -0.04043281 0.008735477 -0.9991468 -0.0403667 0.008729517 -0.003353714 -0.9999551 0.0088678 0.003355264 -0.9999361 0.01079505 -0.923395 -0.2781151 0.2645636 -0.9518985 -0.3062422 0.01025301 -0.9838646 -0.1786562 0.009627044 -0.9756741 -0.1630179 0.146579 -0.849307 -0.3807238 0.3656871 -0.8952093 -0.4455108 0.01097989 -0.9027345 -0.4300608 0.01087284 -0.8150495 -0.4177401 0.4014818 -0.887443 -0.460784 0.01109713 -0.8794202 -0.4759156 0.01115638 -0.7644279 -0.4646153 0.4469708 -0.822589 -0.5685189 0.01156073 -0.7109943 -0.506462 0.4878354 -0.7824945 -0.622547 0.01174181 -0.6214226 -0.5642357 0.5435735 -0.7389338 -0.6736721 0.0119487 -0.5131034 -0.6199295 0.5936434 -0.6238257 -0.7814651 0.01240551 -0.567217 -0.5937799 0.5706929 -0.4273843 -0.6547141 0.6234519 -0.4930583 -0.8699037 0.01269048 -0.325124 -0.6877524 0.6490695 0.4273735 -0.6547226 0.6234502 0.5585522 -0.8293744 0.01255321 0.4473162 -0.8942847 0.01278293 0.3251567 -0.6878779 0.64892 0.4998256 -0.6257955 0.5987941 0.6596425 -0.7514797 0.0122506 0.5732775 -0.5908017 0.5677202 0.8196032 -0.5728148 0.01156514 0.7499481 -0.6613892 0.01192271 0.6924632 -0.5197831 0.5003201 0.8150502 -0.4177414 0.4014791 0.8874452 -0.4607796 0.01110267 0.8794277 -0.4759015 0.01116681 0.895217 -0.4454954 0.01097136 0.849289 -0.3807126 0.3657408 0.9027431 -0.4300423 0.0108934 0.9518051 -0.3065314 0.01027798 0.9233642 -0.2780137 0.2647774 0.9838459 -0.1787622 0.009565949 0.9751765 -0.162507 0.1504074 -0.9985201 -0.05160355 0.01716697 -0.9990329 -0.03955596 0.01920253 -0.9983819 -0.05117952 0.0247873 -0.9990355 -0.0395509 0.01907962 -0.9983827 -0.05106103 0.02499961 -0.9981698 -0.05094617 0.03257912 -0.9990299 -0.03961378 0.01923888 -0.8999705 -0.3956314 0.183109 -0.8833292 -0.383438 0.2696385 -0.6677805 -0.6826488 0.2967491 -0.6330082 -0.6403253 0.4350681 -0.3695541 -0.9134763 0.1702669 -0.353992 -0.935159 0.01293456 -0.3529953 -0.8669367 0.351874 -0.3255886 -0.7941603 0.5131292 -0.2231955 -0.7138315 0.6637985 -6.06291e-7 -0.9845514 0.1750959 -0.009445548 -0.9322639 0.3616558 -0.003145992 -0.9323334 0.3615864 0.003137409 -0.9323334 0.3615865 0.009440243 -0.932326 0.3614956 0.09296005 -0.9955841 0.01307046 -0.06570661 -0.9977549 0.01295006 0.3695596 -0.9135008 0.1701239 0.3382766 -0.9409577 0.01294898 0.352921 -0.8668984 0.3520426 0.3256169 -0.7942528 0.512968 0.2235094 -0.7147705 0.6626815 0.6677915 -0.6826416 0.2967407 0.6330029 -0.6403073 0.4351024 0.9926757 -0.1092206 0.05163192 0.9990321 -0.0396223 0.01910287 0.9926873 -0.1091196 0.05162179 0.9990347 -0.03957259 0.01907581 0.9990336 -0.03961521 0.01904392 -0.304802 -0.8827435 0.357575 -0.2411988 -0.9008673 0.3609172 -0.124103 -0.7316604 0.6702772 -0.2203127 -0.9753382 0.01333332 -0.1807106 -0.91416 0.3628434 -0.1081702 -0.9251366 0.3638976 -0.007355093 -0.7404288 0.6720946 -0.03537446 -0.930613 0.3642913 -0.008178651 -0.8175874 0.5757465 -0.008892476 -0.8810843 0.472876 0.04818117 -0.930025 0.3643243 0.008868753 -0.8810922 0.4728614 0.008144676 -0.8176122 0.5757117 0.007350623 -0.7403814 0.6721468 0.1241035 -0.7317551 0.6701737 0.1208272 -0.9236315 0.3637387 0.2287693 -0.9733904 0.01326096 0.1847253 -0.9134455 0.3626209 0.2452943 -0.9001278 0.3600009 0.2973616 -0.8853842 0.3573111 -0.9999251 -0.0120247 0.002280592 -0.9749308 -0.1631667 0.1512838 -0.9987475 -0.04035246 0.02958381 -0.995099 -0.07488012 0.06458282 -0.9999333 -0.01142984 0.001709163 -0.9824929 -0.1371183 0.1261205 -0.9464225 -0.2343367 0.2221954 -0.9233012 -0.2780852 0.2649218 -0.8942866 -0.3230606 0.3096501 -0.8493325 -0.3805366 0.3658227 -0.8298648 -0.4019121 0.3870286 -0.8151251 -0.4172679 0.4018191 -0.7576715 -0.469719 0.4530983 -0.7104731 -0.5065081 0.4885464 -0.7642295 -0.4642698 0.4476684 -0.6807401 -0.5272606 0.5085167 -0.6211398 -0.5644231 0.5437021 -0.6018753 -0.5752885 0.5538856 -0.5673239 -0.5935778 0.5707968 -0.5224697 -0.6151918 0.5903936 -0.5132278 -0.6193779 0.5941113 -0.4441938 -0.6479142 0.6187884 -0.4270275 -0.6543726 0.6240546 -0.3672738 -0.6747894 0.6401323 -0.3246748 -0.6878071 0.6492363 -0.282936 -0.6991299 0.6566313 -0.2235876 -0.7134692 0.664056 -0.1903973 -0.7202078 0.6671204 -0.1238141 -0.7314563 0.6705534 -0.09890657 -0.7345618 0.6712947 -0.007315754 -0.7402787 0.6722603 -0.007183372 -0.740677 0.6718229 -0.007145822 -0.7411267 0.6713272 -1 4.93402e-6 -6.28829e-6 -1 -5.0664e-6 -2.64384e-5 -0.9785759 2.36742e-6 -0.2058864 -0.9850113 1.47385e-5 -0.1724903 -0.9404702 -4.67883e-5 -0.3398766 -0.9152228 1.97999e-6 -0.4029485 -0.8677192 1.06464e-5 -0.4970548 -0.8126496 2.44379e-6 -0.5827528 -0.7689499 -3.60515e-6 -0.6393091 -0.6904061 4.63892e-6 -0.7234221 -0.6471214 2.70503e-6 -0.762387 -0.5597084 -3.94136e-6 -0.8286898 -0.5058833 -2.39303e-5 -0.862602 -0.4285423 2.29548e-6 -0.9035218 -0.3494713 -1.09822e-5 -0.9369472 -0.302051 -2.39862e-5 -0.9532918 -0.1825711 1.43573e-5 -0.9831928 -0.1833033 1.21328e-6 -0.9830565 -0.07407397 -3.22238e-6 -0.9972528 -0.01021325 -1.14776e-5 -0.9999479 -0.01019459 -4.94719e-6 -0.999948 0.03604292 6.92438e-6 -0.9993503 0.01020216 7.36304e-6 -0.999948 0.01019388 4.20008e-5 -0.999948 0.003392219 1.25095e-5 -0.9999943 -0.003369033 -5.8461e-5 -0.9999943 0.1457449 -5.29643e-6 -0.9893222 0.1825733 -2.18581e-5 -0.9831923 0.2536908 -7.8259e-6 -0.9672853 0.3494692 -8.89599e-6 -0.9369479 0.3585554 -3.62098e-6 -0.9335085 0.45902 2.79723e-6 -0.8884261 0.5058782 -2.70568e-5 -0.862605 0.5539665 7.09668e-7 -0.832539 0.6471203 -2.8722e-6 -0.762388 0.6421764 9.95584e-7 -0.7665569 0.722588 0 -0.6912791 0.7689503 -7.36862e-6 -0.6393088 0.7942371 2.58721e-6 -0.6076081 0.867716 2.74531e-5 -0.4970604 0.8746474 2.55182e-6 -0.4847599 0.9404847 -1.56408e-4 -0.3398364 0.9424923 1.98558e-6 -0.3342283 0.9850561 -2.02475e-4 -0.1722342 0.9846451 -3.7346e-6 -0.1745682 1 5.63936e-6 -3.04509e-5 0.9961522 7.10599e-7 -0.0876407 1 -1.3497e-6 3.18885e-6 0 -1 -2.28784e-6 0 -1 3.00523e-7 0 -1 -6.2327e-6 0 -1 2.36852e-6 0 -1 1.06111e-6 0 -1 3.60656e-6 0 -1 5.40098e-6 0 -1 1.37373e-6 0 -1 3.01599e-6 0 -1 0 0 -1 -2.54987e-6 0 -1 5.90522e-6 0 -1 4.09626e-6 0 -1 -3.87539e-7 0 -1 -6.48033e-6 0 -1 5.1624e-6 0 -0.9999991 0.001390159 -3.22223e-7 -0.9999956 0.002972126 0 -1 -5.00754e-6 0 -1 -6.4453e-6 0 -1 3.37323e-6 0 -1 -8.49797e-7 0 -1 -1.81057e-5 0 -1 1.87643e-6 0 -1 0 0 -1 5.60994e-6 0 -0.9999992 -0.001296639 0 -1 4.55686e-4 0 -1 -5.58693e-4 0 -0.9999988 -0.001581847 0 -0.9999999 -5.70494e-4 0 -1 8.68971e-5 0 -1 4.81846e-6 0 -1 -1.64352e-6 0 -1 2.52495e-6 0 -1 -5.77352e-6 0 -1 1.05088e-5 0 -1 6.59179e-6 0 -1 8.66787e-7 0 -1 9.51065e-7 0 -1 1.50168e-5 0 -1 2.26135e-6 0 -1 4.06857e-6 0 -1 -6.305e-6 0 -1 -6.15647e-7 0 -1 -4.23826e-6 0 -1 3.87495e-6 0 -1 -2.48882e-6 0 -1 2.86248e-6 0 -1 1.38589e-6 0 -1 5.61857e-6 0 -1 -4.84371e-6 0 -1 -1.49832e-5 0 -1 -2.39971e-6 0 -1 -2.10216e-6 0 -1 -7.42107e-6 0 -1 3.24965e-7 0 -1 -1.74981e-6 0 -1 -2.73493e-6 0 -1 -3.34561e-6 0 -1 8.88756e-7 0 -1 2.69325e-6 0 -1 -2.06811e-6 0 -1 6.43591e-6 0 -1 4.69571e-6 0 -1 -4.20062e-4 0 -1 3.99129e-6 0 -1 2.10785e-5 0 -1 -2.67655e-4 0 -1 4.30642e-5 0 -0.9999999 6.1707e-4 0 -1 -1.75514e-5 0 -1 -1.15584e-5 0 -1 5.45936e-5 0 -1 1.9322e-5 0 -0.9999998 -7.0104e-4 0 -1 1.3302e-6 0 -1 7.85541e-6 0 -1 1.93425e-6 0 -1 -4.3578e-6 0 -0.9999991 -0.001378834 0 -0.9999998 -7.08444e-4 0 -0.999999 -0.001493155 0 -1 -6.69123e-6 0 -1 2.37309e-6 0 -1 -2.76342e-6 0 -1 -7.55584e-6 0 -1 -7.42107e-6 0 -1 -2.10216e-6 0 -1 -1.49832e-5 0 -1 4.90091e-6 0 -1 -8.60572e-7 2.27243e-6 3.26754e-6 1 3.27453e-5 3.94131e-6 1 0.1645299 -3.12622e-5 0.9863721 0.1736415 4.39601e-5 0.9848089 0.3246934 -1.84029e-6 0.9458194 0.3420226 2.93879e-6 0.9396917 0.4759501 8.0266e-6 0.8794723 0.5000017 9.98611e-6 0.8660245 0.6142014 -2.08183e-5 0.7891494 0.6427839 1.15247e-5 0.7660475 0.7357213 1.02501e-5 0.6772845 0.7660453 1.68821e-5 0.6427866 0.8371616 -1.84714e-5 0.5469557 0.8660262 6.67293e-6 0.4999988 0.9157711 -1.95107e-5 0.4017007 0.9396943 3.34336e-5 0.3420159 0.9693998 -1.67899e-5 0.2454873 0.9848077 4.52437e-6 0.173649 0.9965844 7.68248e-6 0.08258134 1 2.60677e-6 7.75354e-7 0.9965844 7.70856e-6 -0.08258092 0.9848076 4.58024e-6 -0.173649 0.9693999 -1.67424e-5 -0.2454873 0.9396924 -1.61761e-5 -0.3420207 0.9157705 -1.93692e-5 -0.4017022 0.8660233 6.96164e-6 -0.5000038 0.8371608 -1.78395e-5 -0.5469571 0.7660471 1.77976e-5 -0.6427845 0.735713 -3.67784e-5 -0.6772934 0.6427841 1.09752e-5 -0.7660475 0.6141988 -2.14009e-5 -0.7891514 0.5000015 9.59029e-6 -0.8660246 0.4759305 -3.55495e-5 -0.879483 0.3420211 2.90247e-6 -0.9396924 0.324694 -2.03657e-6 -0.9458191 0.1736472 -6.79563e-6 -0.984808 0.1645302 -3.29249e-5 -0.9863721 1.3519e-5 -1.4944e-5 -1 8.15839e-6 0 -1 -0.1736229 0 -0.9848123 -0.1736278 0 -0.9848114 -0.3420199 0 -0.9396927 -0.3420264 0 -0.9396904 -0.5000249 0 -0.8660112 -0.5000308 0 -0.8660078 -0.6427854 0 -0.7660464 -0.642791 0 -0.7660418 -0.7660437 0 -0.6427887 -0.7660473 0 -0.6427842 -0.8660084 0 -0.5000297 -0.8660103 0 -0.5000262 -0.9396912 0 -0.3420241 -0.9396927 0 -0.3420199 -0.9848113 0 -0.1736288 -0.9848121 0 -0.1736239 -1 0 -2.47105e-6 -1 0 2.47105e-6 -0.9848122 0 0.1736234 -0.9848113 0 0.1736285 -0.9396929 0 0.3420196 -0.9396911 0 0.3420245 -0.8660101 0 0.5000267 -0.8660079 0 0.5000304 -0.7660454 0 0.6427865 -0.7660436 0 0.6427888 -0.6427897 0 0.7660428 -0.6427882 0 0.7660439 -0.5000299 0 0.8660082 -0.5000271 0 0.8660098 -0.3420235 0 0.9396914 -0.3420199 0 0.9396927 -0.1736298 0 0.984811 -0.173626 0 0.9848117 -3.5271e-5 -4.16264e-6 1 -3.5271e-5 4.18238e-6 1 -0.122808 -0.7072269 -0.6962388 -9.05618e-6 -0.7071144 -0.7070992 -4.67578e-6 -0.7071181 -0.7070956 -0.1228097 -0.7072285 -0.6962369 -0.2417759 -0.7074192 -0.6641555 -0.2417178 -0.7074358 -0.6641589 -0.3534713 -0.7074784 -0.6119906 -0.353608 -0.7072352 -0.6121927 -0.4542659 -0.7074457 -0.5414456 -0.4542624 -0.707445 -0.5414492 -0.5416518 -0.7071399 -0.4544958 -0.5416485 -0.7071385 -0.4545019 -0.6121333 -0.7073938 -0.3533934 -0.612124 -0.7073937 -0.3534097 -0.6644208 -0.7071014 -0.2419767 -0.664173 -0.7074296 -0.2416972 -0.6964489 -0.7070173 -0.1228238 -0.6963838 -0.7070826 -0.1228162 -0.7070352 -0.7071784 3.05142e-5 -0.7070347 -0.707179 3.29339e-5 -0.6965776 -0.7069043 0.1227438 -0.6964066 -0.7070815 0.1226938 -0.6643668 -0.7071887 0.2418699 -0.6643607 -0.7071999 0.2418537 -0.6121419 -0.7073982 0.3533695 -0.6121318 -0.7073979 0.3533876 -0.5415786 -0.707118 0.4546172 -0.5413744 -0.7074618 0.4543256 -0.4543996 -0.7072573 0.5415794 -0.4544384 -0.7071516 0.5416848 -0.3535282 -0.7069962 0.6125147 -0.353412 -0.707341 0.6121836 -0.2417403 -0.7074062 0.6641823 -0.2416871 -0.7073969 0.6642117 -0.1228152 -0.7070406 0.6964268 -0.1227867 -0.7071767 0.6962934 -3.2166e-5 -0.7071951 0.7070184 1.57338e-5 -0.7071844 0.7070291 0.1163755 -0.7071358 0.6974351 0.1227971 -0.7071726 0.6962957 0.2295882 -0.7070816 0.6688235 0.2417936 -0.7069407 0.6646584 0.3366515 -0.7074734 0.6214075 0.3536414 -0.7072578 0.6121472 0.4342948 -0.707071 0.5580671 0.4546493 -0.7071585 0.5414988 0.520167 -0.707043 0.479079 0.5416102 -0.7070217 0.4547293 0.5919392 -0.707079 0.3868429 0.6124225 -0.7070774 0.3535254 0.6475304 -0.7071249 0.2840401 0.6644861 -0.7070984 0.2418061 0.6854261 -0.7071508 0.1735764 0.6963999 -0.7070835 0.12272 0.7046521 -0.7071458 0.05839759 0.7071367 -0.707077 1.54842e-5 0.7046551 -0.707145 -0.05837047 0.6964039 -0.7070761 -0.1227397 0.6854582 -0.7071153 -0.1735948 0.6645274 -0.7070726 -0.241768 0.6475362 -0.7071322 -0.2840087 0.6124048 -0.707068 -0.353575 0.5919253 -0.7070705 -0.3868796 0.5415235 -0.7069658 -0.4549196 0.5201224 -0.7069841 -0.4792141 0.4547474 -0.7072619 -0.5412814 0.4343374 -0.7071925 -0.5578796 0.3537523 -0.7073169 -0.6120148 0.3366059 -0.7073324 -0.6215927 0.2418134 -0.7069829 -0.6646063 0.2295736 -0.7071545 -0.6687515 0.1228201 -0.7072224 -0.6962412 0.1163998 -0.7071787 -0.6973875 3.40119e-5 -0.7072646 -0.7069489 1.76783e-5 -0.707263 -0.7069506 0 -1 -2.85518e-6 0 -1 -3.25403e-6 0 -1 2.81834e-6 0 -1 -1.54598e-5 0 -1 -2.73669e-6 0 -1 -1.7199e-6 0 -1 -6.18235e-5 0 -1 0 0 -1 -3.61475e-7 0 -1 -7.51072e-6 0 -1 -1.41527e-6 0 -1 -1.54575e-5 0 -1 -2.85872e-5 0 -1 -2.8139e-5 0 -1 9.45698e-5 0 -1 -7.33899e-6 0 -1 -2.17621e-7 0 -1 -2.40914e-6 0 -1 2.78158e-6 0 -1 9.45462e-5 0 -1 3.57614e-6 0 -1 1.03522e-5 0 -1 2.36419e-5 0 -1 2.78095e-6 0 -1 9.45895e-5 -0.999956 -3.56763e-5 -0.009388983 -0.9999567 -1.07368e-5 -0.009311139 -0.9999561 -4.07001e-5 -0.009366035 -0.9999565 2.51461e-5 -0.009329915 -0.9999566 2.54734e-5 -0.009325921 -0.9787262 0.2049496 -0.009524583 -0.9991179 0.0411598 -0.008338034 -0.9991397 0.04062533 -0.008349299 -0.9996555 0.02497136 -0.008093178 -0.9314953 0.3635702 -0.01154196 -0.9966448 0.08140927 -0.008466184 -0.9997608 -0.02015882 -0.008494973 -0.9997843 -0.01897066 -0.008456945 -0.971913 0.23514 -0.009709715 -0.9204655 0.3906741 -0.01082092 -0.875845 0.4823948 -0.01382273 -0.862111 0.5065844 -0.01169735 -0.809036 0.5875255 -0.01657336 -0.7910175 0.6116603 -0.01277083 -0.7297507 0.6834278 -0.01975941 -0.7086271 0.705437 -0.01436465 -0.6387965 0.7690205 -0.02337902 -0.6244718 0.7808707 -0.01661801 -0.5381384 0.8424189 -0.02715855 -0.54623 0.8374143 -0.01923853 -0.4293529 0.9026136 -0.03073734 -0.009995043 0.9992535 -0.03732103 -0.1997241 0.9791954 -0.0358712 -0.1054745 0.993738 -0.03687644 -0.0101509 0.9992511 -0.03734028 -0.4507415 0.8923565 -0.02306663 -0.3157363 0.9482474 -0.03372919 -0.3466715 0.9375804 -0.02760678 -0.2352147 0.9714072 -0.03228378 -0.1188989 0.9922599 -0.03582656 -1.88226e-5 0.9993067 -0.03722977 -0.006629049 0.9992827 -0.03728801 -0.003269135 0.9993022 -0.03720813 0 0.9993067 -0.03723061 -0.999696 0.0231654 -0.008443892 -0.9997026 0.02310049 -0.007820069 -0.9997003 0.02319896 -0.007821083 -0.999691 0.02316766 -0.009005188 -0.9996923 0.02314966 -0.008918106 6.67473e-7 0 1 4.773e-7 0 1 7.70207e-7 0 1 -1.16706e-6 0 1 -1.68854e-6 0 1 1.03716e-6 0 1 1.46073e-6 0 1 -3.7965e-6 0 1 -7.14592e-5 0 1 0 0 1 -1.12866e-4 0 1 -8.49242e-7 0 1 -6.70254e-6 0 1 -4.32718e-6 0 1 -9.12856e-7 0 1 7.24247e-6 0 1 7.20328e-7 0 1 -2.38769e-6 0 1 1.06272e-6 0 1 1.59595e-5 0 1 0 0 1 -1.4607e-6 0 1 -1.93108e-6 0 1 2.17325e-6 0 1 4.01189e-7 0 1 -6.09423e-7 0 1 -9.56826e-6 0 1 -3.50756e-6 0 1 -2.88951e-6 0 1 6.30218e-5 0 1 1.33288e-6 0 1 -1.41509e-7 0 1 1.52664e-6 0 1 -1.27692e-6 0 1 -1.81087e-7 0 1 -7.43253e-7 0 1 1.03577e-6 0 1 7.15916e-7 0 1 -1.51644e-6 0 1 -6.05626e-6 0 1 7.14592e-5 0 1 1.56426e-6 0 1 -2.35876e-5 0 1 4.89826e-6 0 1 8.92938e-6 0 1 -4.56026e-6 0 1 1.5607e-6 0 1 3.99611e-6 0 1 3.94711e-6 0 1 -1.09891e-6 0 1 -8.56519e-7 0 1 -2.71806e-4 0 1 2.26966e-6 0 1 -9.07627e-7 0 1 1.47316e-7 0 1 -3.69717e-6 0 1 2.81503e-6 0 1 0.9974134 0.05082982 0.05082321 0.9979272 0.04551273 0.04549813 0.9976184 0.04895657 0.04858881 0.9922972 0.08759957 0.08759313 0.9983365 0.04077583 0.04076355 0.98268 0.131069 0.131 0.9816789 0.1347679 0.1347008 0.9536331 0.2127993 0.2128393 0.9491477 0.2226123 0.2226266 0.9103265 0.2926615 0.2926688 0.9036789 0.3027654 0.3028161 0.8658476 0.3537601 0.3537822 0.8572235 0.3640695 0.3641721 0.8090322 0.4155597 0.4156648 0.7981591 0.4259633 0.4260251 0.7379038 0.4771893 0.4772719 0.7243757 0.487483 0.4874835 0.6503435 0.5371552 0.5371384 0.6338637 0.5469372 0.546879 0.5447717 0.5930072 0.5929303 0.5250487 0.6017836 0.6018142 0.4205741 0.641511 0.6415459 0.3977602 0.6487466 0.6487795 0.2795817 0.678828 0.6789895 0.2541782 0.6838392 0.6839281 0.1251248 0.7014282 0.7016711 0.09793657 0.7035948 0.7038202 -0.03439617 0.7068138 0.7065629 -0.06171107 0.7058838 0.7056345 -0.1932569 0.6936316 0.6939215 -0.2197424 0.6897068 0.6899405 -0.3424223 0.6643593 0.6643597 -0.366555 0.6577857 0.6579936 -0.4903763 0.6163213 0.6161813 -0.5113088 0.6076788 0.6076921 -0.6285452 0.5500189 0.5499184 -0.6455956 0.5400046 0.5400013 -0.7495915 0.4680755 0.4679936 -0.7626464 0.4574268 0.4573086 -0.8487056 0.3738574 0.3740716 -0.8580468 0.3631312 0.3631687 -0.9239793 0.2704322 0.2704236 -0.9300101 0.2599208 0.2598505 -0.9743663 0.1590586 0.1590933 -0.9775924 0.1488472 0.1488554 -0.9974147 0.05083233 0.05079501 -0.9976056 0.04881775 0.04898929 -0.9975616 0.04995572 0.04873859 -0.9979681 0.04507315 0.04503548 -0.9983366 0.0407803 0.04075616 0.08245086 -0.7363343 0.6715756 0.007784485 -0.7535245 0.6573739 0.007996916 -0.7667348 0.6419143 0.007293522 -0.7400892 0.6724693 0.123801 -0.7314345 0.6705795 0.1574251 -0.7262027 0.6692138 0.2235953 -0.7134335 0.6640917 0.2379454 -0.7101002 0.6626762 0.3246505 -0.6878088 0.6492466 0.3250548 -0.6875994 0.6492663 0.4270442 -0.654365 0.6240511 0.4194903 -0.6570842 0.6263133 0.4999998 -0.6252031 0.5992675 0.5163069 -0.6179944 0.5928829 0.5732941 -0.590523 0.5679936 0.6147705 -0.5680686 0.5471337 0.6918056 -0.5197525 0.5012609 0.7121073 -0.5052743 0.4874436 0.8151093 -0.4172827 0.4018357 0.8048225 -0.42734 0.4118754 0.8493464 -0.3805208 0.365807 0.889265 -0.3301186 0.3165904 0.9233386 -0.2780221 0.2648577 0.9691914 -0.1798101 0.1683341 0.9751448 -0.1624969 0.1506236 0.9999328 -0.01146292 0.001750051 0.9987459 -0.04037439 0.02960991 0.9590594 0.2819923 -0.02618187 0.9915246 0.127252 -0.02619057 0.9862238 0.1633288 -0.02619719 0.9796124 0.199191 -0.02612727 0.9716916 0.2347967 -0.02619028 0.9467887 0.3207883 -0.02619415 0.9143784 0.4040158 -0.02614808 0.902885 0.4290898 -0.02609139 0.8287366 0.5590265 -0.02617692 0.8476555 0.5299013 -0.02616995 0.7817794 0.6230055 -0.02618002 0.761081 0.6481282 -0.02618503 0.7355046 0.6770142 -0.02616971 0.6855434 0.7275607 -0.0261867 0.6840416 0.7289727 -0.0261898 0.6170692 0.786473 -0.02618813 0.5986705 0.8005681 -0.02616453 0.5436435 0.8389078 -0.02618134 0.5059833 0.8621441 -0.02624344 0.4553272 0.8899407 -0.02612638 0.4072878 0.9129255 -0.02614921 0.3622988 0.9316937 -0.02619898 0.3036561 0.9524215 -0.02619975 0.2656145 0.9637234 -0.02619743 0.196341 0.9801858 -0.02619332 0.1662911 0.9857285 -0.02620887 0.08670938 0.9958901 -0.02616405 0.06526196 0.9975236 -0.02622675 -0.02394837 0.9993717 -0.02612751 -0.03642082 0.9989931 -0.02619713 -0.1343467 0.9905889 -0.02616459 -0.1377289 0.9901235 -0.02619844 -0.2431045 0.9696462 -0.02620124 -0.2486276 0.9682443 -0.02621638 -0.3605269 0.9323812 -0.02618551 -0.3681464 0.929399 -0.02618879 -0.4846135 0.874336 -0.02619701 -0.4819799 0.8757904 -0.02620381 -0.6119783 0.7904409 -0.02619165 -0.5883547 0.8081793 -0.02617579 -0.6855344 0.7275688 -0.02619785 -0.7369468 0.6754437 -0.02617746 -0.7637379 0.6449958 -0.02617013 -0.8510791 0.524385 -0.02617126 -0.8077044 0.589004 -0.02622961 -0.8476426 0.529921 -0.0261892 -0.8914448 0.4523746 -0.02614319 -0.9422762 0.3338131 -0.02616572 -0.9282202 0.3711104 -0.02616232 -0.9716933 0.2347932 -0.02616077 -0.9796122 0.1991903 -0.02613818 -0.9862259 0.163322 -0.02616214 -0.9915263 0.1272426 -0.02617323 0.9008694 0.433306 -0.02608239 -1.8054e-5 0 1 -3.08509e-5 0 1 -2.4433e-5 0 1 -1.17686e-4 0 1 -7.54824e-5 0 1 1.77329e-5 0 1 2.91793e-5 0 1 -3.6371e-6 0 1 2.44247e-5 0 1 7.55118e-5 0 1 1.17732e-4 0 1 0.9799696 -0.1991474 -6.78075e-5 0.9999871 -0.005091071 2.92147e-5 0.9999783 0.006586074 -2.4389e-6 0.9874713 -0.1577994 -2.71748e-6 0.9998346 0.01819235 1.03574e-5 0.9995549 0.02983105 5.62515e-4 0.9404988 -0.3397971 -2.76983e-5 0.9224067 -0.38622 1.73098e-6 0.8602493 -0.5098737 1.79809e-6 0.8297331 -0.5581604 -4.33208e-5 0.7495471 -0.6619511 4.10054e-5 0.7052907 -0.7089182 -6.4499e-5 0.6123572 -0.7905812 6.44471e-5 0.5539953 -0.8325198 1.16507e-5 0.4535757 -0.8912177 -3.44844e-5 0.3815078 -0.9243657 2.38538e-5 0.2786798 -0.9603841 -2.55021e-5 0.1944882 -0.9809049 -7.5166e-5 0.09396362 -0.9955757 8.30559e-5 0 -1 -1.03222e-4 -0.09396338 -0.9955757 8.31542e-5 -0.1944881 -0.9809049 -7.5185e-5 -0.2786796 -0.9603843 -1.59859e-5 -0.3815072 -0.9243659 2.45873e-5 -0.4535833 -0.891214 -3.94473e-5 -0.5539951 -0.83252 1.12487e-5 -0.612388 -0.7905574 2.34095e-5 -0.7052908 -0.7089182 -6.44834e-5 -0.7495413 -0.6619577 3.46639e-5 -0.829733 -0.5581607 -4.35815e-5 -0.8602535 -0.5098666 -1.1179e-5 -0.922437 -0.3861477 -4.82454e-5 -0.9404843 -0.3398371 -1.54697e-5 -0.9799696 -0.199147 -6.78112e-5 -0.9999783 0.006586134 -5.5143e-6 -0.9999867 -0.005086123 9.18132e-4 -0.9874641 -0.1578435 7.05943e-6 -0.9998346 0.01819252 9.72854e-6 -0.9995551 0.02982968 -1.77256e-5 -8.65505e-5 0 1 6.96912e-5 0 1 3.04854e-5 0 1 -4.80063e-5 0 1 -7.73994e-6 0 1 -2.1899e-5 0 1 5.47265e-6 0 1 5.74641e-6 0 1 -5.74641e-6 0 1 -5.47265e-6 0 1 4.80063e-5 0 1 2.1899e-5 0 1 7.73994e-6 0 1 -3.04854e-5 0 1 8.65505e-5 0 1 -6.96912e-5 0 1 -0.9880605 0.1540645 7.04406e-4 -0.9799131 0.1994254 5.37227e-5 -0.9999871 0.005091607 2.54277e-5 -0.9415816 0.336785 1.12024e-4 -0.9224449 0.3861287 -6.41041e-5 -0.8616914 0.5074327 5.85297e-5 -0.8297182 0.5581825 -3.47723e-5 -0.7510485 0.6602472 7.38775e-5 -0.7052635 0.7089453 5.98957e-6 -0.6137635 0.7894899 -7.48772e-6 -0.5540206 0.832503 4.94973e-5 -0.4547083 0.8906404 -9.55025e-6 -0.3815473 0.9243494 1.10605e-5 -0.2794697 0.9601545 -9.29984e-6 -0.1944568 0.9809111 -1.50359e-4 -0.09425354 0.9955483 1.98605e-6 0 1 -1.42797e-4 0.09425354 0.9955483 1.97615e-6 0.1944569 0.9809111 -1.50571e-4 0.2794697 0.9601545 -9.24675e-6 0.3815473 0.9243494 1.10077e-5 0.454703 0.8906431 1.68083e-5 0.5540209 0.8325029 4.99654e-5 0.613774 0.7894819 3.50919e-5 0.7052634 0.7089454 6.15115e-6 0.7510409 0.6602557 1.19356e-4 0.8297182 0.5581825 -3.47848e-5 0.8616895 0.507436 6.68698e-5 0.922445 0.3861287 -6.39763e-5 0.9415836 0.3367794 1.14382e-4 0.9799131 0.1994255 5.37424e-5 0.9880604 0.1540672 2.54577e-5 0.9999867 0.005087614 -8.53662e-4 0.9870924 0.1598908 -0.009139537 0.9991404 0.04060465 -0.008355438 0.9991194 0.04112082 -0.008339703 0.9996557 0.02495688 -0.008104205 0.9607181 0.2773341 -0.01032841 0.9750523 0.221768 -0.009596288 0.9997617 -0.02010625 -0.00850141 0.9231733 0.3842331 -0.01077073 0.8624885 0.5058743 -0.01431888 0.9187656 0.3946192 -0.01206099 0.8243149 0.5659995 -0.01223176 0.792899 0.6091108 -0.01718759 0.7519472 0.6590856 -0.01348102 0.6251425 0.7801442 -0.02392053 0.7110585 0.7028326 -0.02054709 0.6326806 0.7742398 -0.01637148 0.4874441 0.8726739 -0.0289551 0.5115758 0.8589925 -0.02054482 0.3362074 0.9412011 -0.03324246 0.009979546 0.9992567 -0.03723645 0.01013135 0.9992612 -0.03707647 0.17575 0.9837703 -0.03616851 0.3955332 0.9180991 -0.02544867 0.2854399 0.9579187 -0.03026479 0.1852859 0.9820949 -0.03404003 0.0954836 0.9947702 -0.03626358 0.04788422 0.998167 -0.03701126 -8.28691e-6 0.9993067 -0.03722935 0.003269135 0.9993022 -0.03720813 0.006629049 0.9992827 -0.03728812 -1 -1.53388e-4 4.21852e-5 -0.9999857 1.36532e-6 0.005354344 -0.9807746 4.25536e-5 0.1951441 -0.9798592 -1.29148e-7 0.1996895 -0.9238764 0 0.3826911 -0.9223436 1.88338e-4 0.3863707 -0.83176 2.25782e-5 0.5551356 -0.8295503 2.421e-6 0.5584319 -0.7072792 9.41588e-7 0.7069343 -0.7052051 2.60964e-5 0.7090034 -0.5556378 9.3394e-5 0.8314245 -0.5543985 1.62437e-4 0.8322513 -0.3826037 1.00557e-6 0.9239127 -0.3813575 6.64247e-6 0.9244277 -0.1951944 6.72514e-6 0.9807646 -0.1945488 2.08051e-5 0.9808928 -5.95958e-7 4.93589e-5 1 0.1948639 7.24913e-5 0.9808303 0.1951938 6.67323e-6 0.9807647 0.3814857 -3.85586e-6 0.9243748 0.382647 0 0.9238946 0.5539922 1.26471e-5 0.832522 0.5556392 9.33909e-5 0.8314236 0.7050803 8.54816e-5 0.7091274 0.7072161 1.74642e-6 0.7069975 0.8294988 -6.54289e-6 0.5585085 0.8317633 2.25749e-5 0.5551304 0.9223436 1.88338e-4 0.3863705 0.9238777 1.24273e-7 0.3826881 0.9798592 3.94415e-6 0.1996895 0.9807747 4.26809e-5 0.195144 0.9999857 -9.45037e-5 0.005354225 1 -6.13112e-6 4.22895e-5 1 0 0 1 0 0 1 0 0 -1 0 0 -1 0 0 -1 0 0 -1 0 0 -1 0 0 0 -1 4.78817e-6 0 -0.9999969 0.002492785 0 -0.9999992 -0.001294314 0 -1 3.35705e-5 0 -1 7.28901e-7 0 -1 -4.07557e-4 0 -1 -2.83754e-4 0 -1 -9.44481e-5 0 -1 3.479e-5 -1.21596e-7 -0.9999992 -0.001294314 0 -0.9999969 0.002492785 0 -1 3.24196e-5 0 -1 2.14972e-5 0 -1 2.86558e-4 0 -0.9999991 0.001356363 0 -1 3.79163e-4 -1.49943e-7 -0.999998 0.002028167 0 -1 -4.35762e-4 0 -0.9999998 6.58849e-4 0 -0.9999998 5.7526e-4 0 -1 1.9092e-4 0 -0.9999997 8.88298e-4 0 -0.9999999 6.54832e-4 0 -0.9999998 5.7526e-4 0 -0.9999953 0.003076195 0 -0.9999936 0.003595352 0 -1 -3.35569e-4 0 -0.9999994 0.00114727 0 -0.9999999 -4.35762e-4 0 -1 3.23257e-4 0.9999868 0 -0.005152285 0.9799081 5.76278e-7 -0.19945 0.999987 0 -0.005123436 0.979903 0 -0.1994746 0.922351 0 -0.3863531 0.9223145 0 -0.3864402 0.8297868 0 -0.5580807 0.829584 4.97746e-7 -0.558382 0.7053509 2.66827e-7 -0.7088584 0.7052897 0 -0.7089192 0.5539653 0 -0.8325398 0.5541675 0 -0.8324053 0.3814532 0 -0.9243882 0.3815851 0 -0.9243338 0.1947706 0 -0.9808489 0.1949064 0 -0.9808219 -1.43048e-4 0 -1 1.428e-4 0 -1 -0.1945908 0 -0.9808846 -0.1944477 0 -0.9809129 -0.3816117 0 -0.9243228 -0.3814684 -4.26491e-7 -0.9243819 -0.5541635 0 -0.832408 -0.5539708 0 -0.8325361 -0.7052317 0 -0.7089769 -0.7052768 0 -0.7089321 -0.8296709 0 -0.558253 -0.8297522 0 -0.5581319 -0.9223239 0 -0.3864178 -0.9223415 0 -0.386376 -0.9799005 0 -0.1994868 -0.9798998 -4.12318e-7 -0.1994906 -0.9999868 0 -0.005152285 -0.999987 0 -0.005123376 -0.9996412 0.02547669 -0.008274018 -0.9996408 0.02549105 -0.008271217 -0.9996337 0.02573353 -0.008380115 -0.9996438 0.02536708 -0.008295297 0.9999564 7.55471e-5 -0.009338676 0.9999561 7.32485e-5 -0.009376227 0.9999561 7.30986e-5 -0.009378671 0.9999566 7.69467e-5 -0.009315788 0.9997023 0.02311497 -0.007821738 0.9996957 0.02317792 -0.008441269 0.9996992 0.02324658 -0.007825434 0.999692 0.02312427 -0.009007215 -0.999962 0 0.00872302 0.9996412 0.02547669 -0.008274018 0.9996337 0.02573353 -0.008380115 0.9996408 0.02549105 -0.008271217 0.9996438 0.02536708 -0.008295297 0.999962 0 0.00872302 0.9796013 0.1991502 -0.0268414 0.9036459 0.2162534 -0.3696735 0.9716836 0.234824 -0.02624464 0.7347474 0.1744951 -0.6555134 0.3974981 0.09394145 -0.9127817 0.9311745 0.189334 -0.3115556 0.8167427 0.1661206 -0.5525718 0.739519 0.1503893 -0.656121 0.400111 0.08138251 -0.9128462 5.21541e-5 2.05198e-5 -1 -1.53512e-4 -2.12863e-5 -1 0.4013669 0.07511001 -0.9128325 0.9862044 0.1633461 -0.02681404 0.9374111 0.1552485 -0.3117025 0.8226817 0.136208 -0.5519441 0.7452454 0.1233983 -0.6552726 0.402976 0.0667355 -0.9127742 8.42661e-5 -1.50614e-5 -1 0.7478016 0.1038498 -0.65575 0.9915228 0.1272444 -0.02629864 0.4045423 0.0561853 -0.9127917 0.9424715 0.1209453 -0.3116403 0.9432038 0.1157249 -0.3114073 0.8267437 0.1060891 -0.5524855 0.7489155 0.09611004 -0.6556588 0.4051116 0.05198419 -0.9127882 0.8274267 0.1015273 -0.5523198 0.8284277 0.09147489 -0.5525758 0.7496114 0.09197694 -0.6554564 0.4054151 0.04972708 -0.9127792 0.7504513 0.08285737 -0.6557115 0.6816089 0.06307607 -0.7289931 0.4059084 0.04481428 -0.9128145 3.80278e-5 3.0132e-5 -1 0.4068269 0.03766506 -0.9127285 0.3624052 0.03317439 -0.9314301 2.374e-6 -0.7068703 0.7073432 1.84771e-6 -0.7070186 0.7071951 -1.84569e-6 -0.7072829 0.7069307 -1.88681e-6 -0.7072028 0.7070108 -2.03343e-6 -0.7071055 0.7071081 -8.55088e-7 -0.7070965 0.7071171 -7.59918e-7 -0.7070855 0.7071281 -4.03608e-7 -0.707112 0.7071017 0 -0.7070918 0.7071217 -2.20759e-7 -0.7071184 0.7070952 -3.81056e-7 -0.7071096 0.7071041 -2.24832e-7 -0.7071058 0.7071078 -6.27048e-7 -0.7071089 0.7071046 1.67328e-7 -0.7071039 0.7071097 3.78664e-7 -0.7071071 0.7071066 5.44772e-7 -0.707108 0.7071056 1.78557e-7 -0.7071027 0.707111 5.38756e-7 -0.7071083 0.7071053 3.44343e-7 -0.7071082 0.7071053 0 -0.7071044 0.7071093 0 -0.7071085 0.7071051 0 -0.7071107 0.707103 2.92291e-7 -0.7071059 0.7071078 0 -0.7071095 0.7071042 -2.89885e-6 -0.7071058 0.7071078 1.63566e-7 -0.7071303 0.7070833 -2.20318e-6 -0.7071134 0.7071003 -4.22981e-6 -0.7071031 0.7071105 -2.55946e-6 -0.7070823 0.7071313 1.6049e-7 -0.7071084 0.7071052 -1.33242e-7 -0.707174 0.7070396 -2.08132e-6 -0.7071091 0.7071045 -1.9142e-6 -0.7071096 0.707104 -2.99455e-6 -0.7070196 0.7071939 1.87354e-6 -0.7070412 0.7071724 4.00725e-7 -0.7071078 0.7071058 -1.84755e-6 -0.7071068 0.7071067 -9.0808e-7 -0.7071028 0.7071107 2.49973e-7 -0.7070999 0.7071138 0 -0.707111 0.7071026 -9.77466e-7 -0.7071138 0.7070997 4.87169e-7 -0.7071078 0.7071058 0 -0.7071016 0.707112 8.42914e-7 -0.7071133 0.7071003 2.6363e-7 -0.7070967 0.7071169 4.72882e-7 -0.707109 0.7071046 1 4.66319e-7 0 1 3.77819e-6 0 1 -9.54417e-6 0 1 1.0918e-5 0 -1 -9.18109e-7 0 -1 2.29729e-6 0 -1 -2.2e-6 0 -1 -3.7081e-6 0 -0.6203855 -0.1223676 -0.7746922 -0.5533316 -0.1599016 -0.8174691 -0.5426979 -0.1605101 -0.8244487 -0.6181278 -0.1194796 -0.7769444 -0.6838911 -0.07599014 -0.725616 -0.6776753 -0.07659417 -0.7313615 -0.6692687 -0.07738119 -0.7389802 -0.5156875 -0.1619096 -0.8413392 -0.4370537 -0.1043451 -0.8933623 -0.4517488 -0.103486 -0.8861228 -0.5426908 -0.1604983 -0.8244556 -3.68942e-5 0.7070397 -0.707174 -1.62396e-5 0.7071239 -0.7070897 -4.14306e-5 0.7070452 -0.7071684 0 0.7071437 -0.7070699 3.86079e-6 0.7070966 -0.7071169 5.06001e-5 0.7069974 -0.7072162 -2.73304e-4 0.7071903 -0.7070233 3.66905e-4 0.7071213 -0.7070922 -9.18534e-5 0.707184 -0.7070297 1.45878e-4 0.7069561 -0.7072575 1.30709e-5 0.7071572 -0.7070564 -5.23192e-4 0.7072699 -0.7069435 -6.37355e-5 0.7070274 -0.7071863 -2.22116e-4 0.7070644 -0.7071492 -5.03956e-5 0.7072546 -0.7069591 -1.18022e-4 0.7070371 -0.7071766 -2.43708e-4 0.7069039 -0.7073096 3.59996e-5 0.7071138 -0.7070999 -5.17198e-6 0.7071051 -0.7071086 9.41482e-5 0.707322 -0.7068915 2.47706e-4 0.706981 -0.7072325 -3.01666e-5 0.707103 -0.7071105 2.53799e-4 0.7070989 -0.7071147 -2.3231e-5 0.7070102 -0.7072033 1.57022e-4 0.7071076 -0.707106 -1.48331e-4 0.7070243 -0.7071892 1.50759e-5 0.7071114 -0.7071022 -2.0066e-5 0.7071027 -0.707111 -7.10057e-5 0.7070273 -0.7071864 -1.91648e-4 0.7069197 -0.7072938 1.59309e-4 0.7071159 -0.7070977 2.38449e-4 0.7072227 -0.7069908 -1.3849e-4 0.7071686 -0.707045 -1.57019e-4 0.7069975 -0.7072161 1.58123e-4 0.7070892 -0.7071244 9.6956e-5 0.7071717 -0.7070419 3.03508e-4 0.7072297 -0.7069838 -6.37926e-5 0.7071959 -0.7070177 1.55682e-5 0.707145 -0.7070686 1.34361e-4 0.7068449 -0.7073686 3.15155e-5 0.7074192 -0.7067942 -2.95453e-5 0.707135 -0.7070785 7.00806e-5 0.7069686 -0.7072451 1.06203e-4 0.707244 -0.7069695 1.57629e-4 0.70729 -0.7069235 8.48622e-5 0.7070136 -0.7072 1.27619e-5 0.7069786 -0.707235 -6.68293e-5 0.7072682 -0.7069454 -1.42114e-5 0.7071475 -0.7070661 -1.43095e-4 0.7071652 -0.7070484 -3.27411e-5 0.7071592 -0.7070544 1.78405e-4 0.7071983 -0.7070153 1.28325e-4 0.7072477 -0.7069659 -9.4659e-5 0.7070323 -0.7071813 -6.23187e-5 0.7068855 -0.707328 2.38045e-5 0.7072758 -0.7069377 1.17821e-4 0.7071176 -0.707096 -2.37029e-4 0.7069937 -0.7072199 1.24502e-4 0.7069826 -0.7072311 -6.9069e-5 0.7071461 -0.7070676 0.5102157 0.7589157 -0.4046318 0.4394218 0.8137307 -0.3804615 0.4392637 0.8135233 -0.3810871 0.4390155 0.8131982 -0.3820656 0.4388312 0.8129202 -0.3828682 0.5110056 0.7586678 -0.4040996 0.5117852 0.7584154 -0.4035866 0.5125606 0.7581287 -0.4031408 -0.43943 0.8136903 -0.3805384 -0.5126543 0.7579594 -0.4033402 -0.5119137 0.7582671 -0.4037023 -0.5111527 0.7586317 -0.4039813 -0.5103782 0.7589409 -0.4043796 -0.4389923 0.8131253 -0.3822475 0.9489035 0.1346753 -0.2853851 0.9999988 -7.91259e-4 0.001348912 0.8294951 0.2694158 -0.4892373 0.7380039 0.2471719 -0.6278985 0.9999938 -0.001357078 0.003277063 0.5045245 0.3685469 -0.7807871 0.3781057 0.446399 -0.8110265 0.1213417 0.4781842 -0.8698369 0.0810765 0.4791496 -0.8739808 0.0754534 0.3689979 -0.9263625 0.08834087 0.3658784 -0.9264605 0.2352243 0.3559612 -0.9044122 -0.8334478 0.2667338 -0.4839608 -0.9999989 -7.01159e-4 0.001344919 -1 2.21804e-5 -8.50111e-6 -0.7506029 0.2432942 -0.6143316 -0.3894789 0.4444323 -0.8067132 -0.2585567 0.3596398 -0.8965533 -0.129549 0.478112 -0.8686922 -0.1001574 0.3713547 -0.9230733 -0.08091795 0.4796885 -0.8736999 -0.07479327 0.3692669 -0.9263088 0.06125104 0.3702901 -0.9268947 0.08581185 0.3340842 -0.9386289 0.07514274 0.3688363 -0.9264521 0.05852568 0.3717605 -0.926482 -0.05774229 0.3704249 -0.927066 -0.09744364 0.340221 -0.9352831 -0.04481726 0.3753817 -0.9257862 -0.07496279 0.3698514 -0.9260619 0.6482579 0.09747374 -0.7551559 0.9335635 -0.3035962 -0.190496 0.9998645 0.00976938 0.01326107 0.708883 0.154875 -0.6881124 0.2250837 0.2908798 -0.9299066 0.1920007 0.2897747 -0.9376387 0.05719554 0.3731585 -0.926003 0.171589 0.2771346 -0.9453855 0.05116462 0.3770621 -0.9247737 0.1299591 0.2623273 -0.9561879 0.1402472 0.2749493 -0.9511749 0.0553956 0.382962 -0.9221016 0.1550987 0.2805002 -0.9472402 0.06343823 0.378493 -0.9234277 0.1470292 0.270106 -0.9515383 0.1169147 0.2555518 -0.9597002 0.0654605 0.3675659 -0.9276908 0.08216738 0.2509261 -0.9645127 0.05847162 0.2572214 -0.9645819 0.06125438 0.3710812 -0.926578 0.05336326 0.2676562 -0.9620357 0.03744649 0.3661378 -0.929807 -0.03342336 0.2579914 -0.965569 -0.002330124 0.3783943 -0.9256416 -0.06445372 0.3599477 -0.9307435 -0.01422005 0.2596941 -0.9655863 -0.09830027 0.2472736 -0.9639465 -0.06575387 0.3694429 -0.9269242 -0.07428324 0.2460019 -0.9664188 -0.1298171 0.2607147 -0.956648 -0.06345152 0.3784222 -0.9234558 -0.1413214 0.2682375 -0.9529308 -0.1505508 0.2762207 -0.9492295 -0.05716603 0.386224 -0.9206319 -0.1546462 0.281506 -0.9470159 -0.05024737 0.3896858 -0.9195761 -0.1566096 0.2874847 -0.9448947 -0.04216712 0.3898314 -0.9199204 -0.1540559 0.2845841 -0.9461917 -0.1531698 0.2783382 -0.9481914 -0.03865969 0.383771 -0.9226188 -0.166375 0.2678431 -0.9489886 -0.2480174 0.2977896 -0.9218508 -0.6553386 0.09093004 -0.7498421 -0.7228928 0.1558463 -0.6731552 -0.9999236 0.009175837 0.008287549 -0.9379143 -0.284159 -0.1989232 0.606436 0.02626752 -0.7946984 0.581408 -0.002368927 -0.8136087 0.5101171 -0.05428093 -0.8583905 0.4683036 -0.07422953 -0.8804441 0.731869 -0.5362604 -0.4204672 0.4561821 -0.07864725 -0.8864043 0.4228888 -0.08927482 -0.9017733 0.4449501 -0.6669699 -0.5976376 0.3437395 -0.1204183 -0.9313123 0.3223753 -0.1314502 -0.9374408 0.2819736 -0.1467824 -0.9481276 0.1685011 -0.1694686 -0.9710241 0.09259706 -0.7265082 -0.6808903 0.1213007 -0.1697556 -0.9779925 0.08045536 -0.1643904 -0.9831087 0.04505848 -0.1483189 -0.9879127 0.02054983 -0.1606835 -0.9867921 -0.09054285 -0.7280685 -0.6794986 -0.03380578 -0.1634033 -0.98598 -0.04111886 -0.1586076 -0.9864851 -0.09598314 -0.1720491 -0.9804012 -0.1271938 -0.1735525 -0.9765763 -0.2340597 -0.157322 -0.9594092 -0.4543916 -0.6571844 -0.6013627 -0.2916261 -0.1377562 -0.9465609 -0.3122263 -0.1302864 -0.9410315 -0.3317506 -0.1223173 -0.9354037 -0.3469206 -0.1160224 -0.9306907 -0.4332299 -0.082044 -0.8975415 -0.7474581 -0.5147488 -0.4199287 -0.4721553 -0.06523197 -0.8790985 -0.4831781 -0.05986094 -0.8734733 -0.4958472 -0.05310767 -0.8667844 -0.5241631 -0.03634351 -0.8508421 -0.5847595 0.01033556 -0.8111408 0.7818838 -0.2370046 -0.5766165 -0.7906139 -0.2101916 -0.5751079 1 0 0 1 2.75602e-7 0 1 2.72155e-7 0 -0.02037459 -0.7335115 -0.6793717 0.02031928 -0.7335118 -0.679373 0.02031964 -0.7335101 -0.6793746 -0.02037101 -0.7335114 -0.6793718 -0.9352338 -0.2596475 -0.2406674 -1 -8.40425e-6 9.24319e-5 -1 -8.07829e-6 -9.26107e-5 -0.9383924 -0.2536045 -0.2347436 -0.744817 -0.4894431 -0.4535342 -0.7534456 -0.482442 -0.446732 -0.4170817 -0.6667283 -0.6176702 -0.4238421 -0.6646648 -0.6152875 -0.02033174 -0.7336577 -0.679215 -0.02037334 -0.7332793 -0.6796222 -1 0 0 -1 1.14146e-6 0 -1 1.15589e-6 0 -0.06421923 0.3639234 -0.9292123 -0.0661273 0.3662077 -0.9281805 -0.06712597 0.3653444 -0.928449 -0.06782722 0.3655338 -0.9283235 -0.06822687 0.3673993 -0.9275576 -0.04639315 0.3946527 -0.9176585 -0.04410988 0.3925439 -0.918675 -0.04149401 0.3908987 -0.919498 -0.04828119 0.3971789 -0.9164704 -0.03880822 0.3895243 -0.9201983 -0.04975026 0.3998756 -0.9152182 -0.03582561 0.3886014 -0.9207093 -0.05060464 0.4026367 -0.91396 -0.03288447 0.3880435 -0.9210542 -0.05094277 0.4054477 -0.9126977 -0.01163518 0.3877857 -0.9216762 -0.00944674 0.387902 -0.9216523 -0.07278472 0.4850451 -0.871455 -0.07501667 0.4827982 -0.8725126 -0.07484859 0.4843339 -0.8716756 -0.07417035 0.4832704 -0.8723236 -0.07118713 0.4861286 -0.8709831 0.06401747 0.3636075 -0.92935 -0.006888866 0.3885694 -0.9213938 0.06667387 0.3644448 -0.9288352 0.06490582 0.3630164 -0.9295195 0.06764888 0.3657259 -0.9282609 0.03472971 0.3879113 -0.9210422 0.007401108 0.401721 -0.9157323 0.007826268 0.4043974 -0.91455 0.006535947 0.3990229 -0.9169178 0.005273282 0.3964684 -0.9180332 0.003435671 0.3941489 -0.9190403 0.001272439 0.392267 -0.9198506 -0.001338183 0.3907399 -0.9205003 -0.003726959 0.3893037 -0.9211019 0.06804192 0.3675569 -0.9275087 0.03983283 0.3878906 -0.9208443 0.04500955 0.3879491 -0.9205812 0.05006271 0.3881009 -0.9202563 -0.00841999 0.4511512 -0.8924078 -0.008330225 0.4455934 -0.8951967 -0.03281491 0.445956 -0.8944533 0.05105966 0.4105607 -0.9104027 -0.008464515 0.4567642 -0.8895476 -0.008550345 0.4622834 -0.8866912 0.03089046 0.4325183 -0.9010959 0.03628045 0.4290673 -0.9025436 0.008057355 0.4322344 -0.9017252 0.03275358 0.43256 -0.9010101 0.03658819 0.4306531 -0.9017757 0.03558671 0.4306421 -0.901821 0.03417903 0.4304415 -0.9019712 0.03332924 0.4459698 -0.8944273 0.008347868 0.456763 -0.8895493 0.008391261 0.4623019 -0.8866829 0.008290171 0.4512568 -0.8923556 0.008192539 0.4458396 -0.8950755 0.07252472 0.4864597 -0.8706877 0.07341873 0.4856364 -0.8710723 0.07498413 0.4845364 -0.8715515 0.07488793 0.4828336 -0.8725042 0.07091665 0.4863126 -0.8709024 -0.06759119 0.4424031 -0.8942656 -0.04473942 0.442726 -0.8955401 -0.04636603 0.4411144 -0.8962525 -0.04791015 0.4403891 -0.8965279 -0.04922801 0.4390724 -0.897102 -0.0505945 0.4366619 -0.8982019 -0.05151903 0.4343433 -0.8992729 -0.0520392 0.4321851 -0.9002823 -0.0520811 0.4283385 -0.9021164 -0.05749946 0.4774723 -0.8767635 -0.0354126 0.4458425 -0.8944107 -0.03777736 0.4454818 -0.8944937 -0.04010057 0.4451023 -0.8945814 -0.04242604 0.4441188 -0.8949629 -1.1109e-4 0.4725103 -0.8813253 -0.002913832 0.4623342 -0.8867011 0.002752304 0.462219 -0.8867616 0.06738471 0.442406 -0.8942797 0.04647225 0.4416352 -0.8959903 0.04390192 0.4433485 -0.8952736 0.04848551 0.4395443 -0.8969114 0.05017787 0.4370131 -0.8980544 0.05132418 0.4347509 -0.8990872 0.05177408 0.4323103 -0.9002373 0.05198615 0.4296112 -0.9015163 0.05728667 0.4774741 -0.8767763 0.0358631 0.4458533 -0.8943873 0.03825938 0.4454377 -0.8944951 0.04148691 0.4445078 -0.8948138 1 7.4769e-6 5.01189e-5 1 -9.95658e-5 3.27644e-5 0.9999971 0.001757442 0.00165826 0.9999973 -0.001726031 -0.001566052 0.9958276 -0.06693905 -0.0620203 0.9871149 -0.1173878 -0.1087396 0.9788813 -0.1499022 -0.1389992 0.9530605 -0.2221348 -0.2057474 0.9535183 -0.2211144 -0.2047223 0.9157725 -0.2946807 -0.2729911 0.8902474 -0.3342779 -0.309383 0.8522352 -0.3838459 -0.3554682 0.8121671 -0.4281311 -0.3963438 0.7780412 -0.4609616 -0.4268096 0.7407 -0.4928687 -0.4565566 0.6893213 -0.5316011 -0.4921754 0.6587363 -0.5519489 -0.5112916 0.5858465 -0.5947488 -0.5505069 0.5684001 -0.603694 -0.5589946 0.4762092 -0.6454089 -0.5972204 0.4509826 -0.6548545 -0.606449 0.3612561 -0.6843698 -0.6333499 0.3330762 -0.6916592 -0.6408337 0.2382104 -0.712598 -0.6598939 0.2154479 -0.7162805 -0.6637202 0.1062247 -0.7292764 -0.6759233 0.09870845 -0.7299596 -0.6763252 0.006321728 -0.7335492 -0.6796069 0.003412902 -0.7337471 -0.6794142 -0.01104277 -0.7337831 -0.6792942 -0.002659797 -0.7330336 -0.6801872 -0.002665579 -0.7352171 -0.6778265 -0.002665758 -0.7373632 -0.6754913 1 0 0 1 0 0 1 0 0 -1 2.46904e-7 0 -1 3.01631e-7 0 -1 0 0 -1 4.90225e-6 1.6741e-5 -0.9999379 -0.008186399 -0.007573366 -0.9938588 -0.0811724 -0.07520651 -0.9841049 -0.130356 -0.120602 -0.9752821 -0.1621019 -0.15016 -0.9456667 -0.2386379 -0.2208311 -0.9266601 -0.2757719 -0.255443 -0.8773911 -0.3518941 -0.3261219 -0.8447512 -0.3924595 -0.3638285 -0.7779494 -0.4610109 -0.4269238 -0.7384529 -0.4946648 -0.4582511 -0.6673067 -0.5465384 -0.5059621 -0.6116867 -0.5803768 -0.5375893 -0.5308181 -0.6217608 -0.5758869 -0.4690176 -0.6479932 -0.6001061 -0.4079307 -0.6699388 -0.6203022 -0.313884 -0.6966621 -0.6450883 -0.2512347 -0.7101477 -0.6577016 -0.1522052 -0.7249141 -0.6718134 -0.01323705 -0.7332473 -0.6798333 -0.1327539 -0.7269197 -0.6737687 0.01005226 -0.7333239 -0.6798052 0.002572119 -0.7339074 -0.6792448 0.002599537 -0.7345873 -0.6785093 0.002567172 -0.7351567 -0.6778924 -0.01099032 0.7335034 0.6795971 -0.01256746 0.733042 0.6800673 -0.01100784 0.7336012 0.6794911 -0.01426714 0.7349389 0.6779833 -0.01583993 0.7336384 0.6793555 -0.01420623 0.7340589 0.6789373 -0.01586943 0.7333418 0.6796749 -0.01255851 0.7327255 0.6804084 1 4.96775e-5 -9.40299e-5 0.9976678 0.05010217 0.04635429 0.9997552 0.01622682 0.01504838 0.9199682 0.2876374 0.2663145 0.9747066 0.1638679 0.1519685 0.8915172 0.3323795 0.307768 0.6969331 0.5260512 0.4873957 0.5319651 0.6212285 0.5754027 0.3608283 0.6839004 0.6341003 0.1512439 0.7249466 0.6719953 0.03876286 0.7327736 0.6793677 -0.01718246 0.7332979 0.6796904 -0.007729232 0.733573 0.6795668 -0.007247805 0.733587 0.679557 -0.002600491 0.7338459 0.6793111 -0.004769802 0.7332668 0.6799243 -0.002539992 0.73395 0.6791989 0.9922729 0.09103626 0.0843029 0.9855591 0.1242489 0.1150465 1 -9.95472e-5 -7.58395e-5 1 -6.00517e-6 -3.20021e-5 0.9690171 0.1812706 0.1677705 0.9423767 0.2455709 0.2272026 0.9226337 0.2829914 0.2620365 0.8684812 0.3636639 0.3368815 0.8574528 0.3774028 0.3497743 0.7705501 0.4675639 0.4331703 0.7768676 0.4618207 0.428017 0.6830168 0.5358822 0.4963048 0.6524929 0.5559681 0.5149297 0.5779625 0.5986184 0.5546309 0.5223293 0.6254732 0.5796167 0.4636901 0.6500633 0.6020044 0.3924649 0.674794 0.6249996 0.3263708 0.6935589 0.6422291 0.2472023 0.7109761 0.6583342 0.1666565 0.7234396 0.6699708 0.0995801 0.7300738 0.6760741 0.009942889 0.7336198 0.6794874 0.003716647 0.7335796 0.6795933 0.003608942 0.7340455 0.6790908 -0.07737994 0.7315624 0.6773691 -0.1056187 0.729201 0.6760997 -0.1590462 0.7242662 0.6709268 -0.2359017 0.7127915 0.6605141 -0.3046207 0.6988054 0.6472074 -0.3904909 0.6753269 0.62566 -0.4448033 0.6572127 0.6084584 -0.511337 0.6303943 0.5840699 -0.575856 0.5998187 0.5555245 -0.6454787 0.5602614 0.5190998 -0.6941425 0.5280529 0.4892099 -0.7606207 0.4763581 0.4410659 -0.7975669 0.4425505 0.4099221 -0.8587481 0.3759403 0.348168 -0.8833463 0.3438412 0.3185477 -0.9322801 0.2654483 0.2457462 -0.9475545 0.2345392 0.2170987 -0.9769355 0.1566736 0.145088 -0.9868572 0.1185439 0.1098191 -0.9988161 0.03570079 0.03304398 -1 2.41213e-5 1.87382e-5 -1 -1.61002e-6 7.16327e-6 -1 -6.23873e-6 2.06896e-5 -1 -1.75002e-7 0 -1 0 0 0.3396342 -0.588762 -0.7334903 -0.04332762 0.4511565 -0.8913925 -0.03506696 0.4310614 -0.9016411 0.4467421 -0.535194 -0.7169302 -0.02995765 0.4237092 -0.9053027 0.7291367 -0.3419768 -0.5927998 0.6357383 -0.4006169 -0.6598053 -0.04740691 0.4390438 -0.8972141 -0.04930567 0.4372697 -0.8979779 0.8111236 -0.2746338 -0.5163863 -0.05005133 0.4354509 -0.8988201 0.8808431 -0.2002292 -0.4289799 0.9502714 -0.07334589 -0.3026629 -0.05112338 0.4330467 -0.8999205 -0.05127334 0.4308789 -0.900952 0.9195033 -0.1390672 -0.3676602 0.9748695 0.004496395 -0.2227314 -0.01320415 -0.179855 -0.9836045 -0.01688641 -0.7114936 -0.7024897 -0.002636373 -0.7256739 -0.6880338 -0.007247507 0.4444395 -0.8957796 -0.02376443 0.4518557 -0.8917745 -0.02226829 -0.1728291 -0.9847002 -0.02441948 -0.1449989 -0.9891305 0.02127593 -0.728214 -0.6850196 -0.03506118 0.5302663 -0.8471059 0.008547246 -0.1390949 -0.9902423 0.09991294 -0.6951276 -0.7119094 -0.04674553 0.4754353 -0.8785079 0.07229 -0.153468 -0.9855058 0.2187671 -0.6482751 -0.7293012 0.1482653 -0.1340286 -0.9798234 0.2934613 -0.06835573 -0.9535239 0.5450372 -0.472876 -0.6923314 -0.03319478 0.428054 -0.9031434 0.3606742 -0.02404409 -0.9323821 0.5731019 0.1520408 -0.8052564 0.6473256 0.2873937 -0.7059565 0.9847802 0.06371968 -0.161703 0.686181 0.3016656 -0.6619317 0.6574679 0.3333363 -0.6757388 -0.03079396 0.1418092 -0.9894149 0.3838544 0.3924465 -0.8358479 -0.05078959 0.4205992 -0.9058237 0.3879554 0.3894798 -0.8353421 0.4091504 0.3811571 -0.8290448 0.8830782 0.1930469 -0.427675 0.9992684 0.01556396 -0.03493529 0.4101603 0.37391 -0.8318413 -0.04910963 0.4052868 -0.9128696 0.8832376 0.1910887 -0.4282249 0.6863812 0.295752 -0.6643881 0.4102042 0.3704189 -0.8333801 0.8868545 0.1878011 -0.4221609 0.9998824 0.006744325 -0.01378238 0.8978787 0.1972684 -0.3935722 0.9568183 0.1290186 -0.2604861 1 -2.25827e-5 -4.98354e-4 0.703482 0.3174836 -0.6358596 0.5786291 0.3643634 -0.7296764 0.9298599 0.1650385 -0.3288205 0.3622143 0.4179592 -0.8331333 -0.007413208 0.4495233 -0.893238 -0.00776565 0.4435595 -0.8962113 0.928975 0.1660839 -0.3307893 1 6.37323e-5 3.30836e-4 0.3625404 0.4205197 -0.8317016 -0.007315337 0.4551048 -0.8904078 0.9290133 0.167117 -0.3301608 0.7038305 0.3215689 -0.6334162 0.3621993 0.4231533 -0.8305137 0.9290111 0.1681162 -0.3296595 1 -1.26064e-5 2.65568e-4 0.3623031 0.4256549 -0.8291891 -0.007507264 0.4605433 -0.8876056 0.928874 0.1691455 -0.3295192 0.7041048 0.3256796 -0.6310065 0.3627458 0.4283383 -0.8276122 0.9289687 0.1701856 -0.3287158 1 2.15666e-5 -1.3164e-4 0.9621328 0.1256902 -0.2418731 0.5083697 0.3831062 -0.7712262 -0.8980315 0.1974118 -0.3931515 -1 0 -1.94885e-4 -0.9569786 0.129009 -0.2599011 -0.7042472 0.3177166 -0.6348953 -0.9299301 0.1652224 -0.3285294 -0.5798012 0.3647954 -0.7285293 -0.9290411 0.1660012 -0.3306455 -1 -1.25468e-5 4.13656e-5 0.007222712 0.4495802 -0.8932108 -0.3625089 0.4179084 -0.8330305 0.007253348 0.4440083 -0.8959934 -0.3623608 0.4204999 -0.8317899 0.006985604 0.4551838 -0.8903701 -0.9289706 0.1670159 -0.3303323 -0.7040441 0.321645 -0.6331401 -0.9290185 0.16811 -0.329642 -1 -6.80089e-5 8.71122e-5 -0.3624677 0.4230006 -0.8304744 -0.3623659 0.4255607 -0.8292099 0.007003664 0.4607924 -0.8874804 -0.9289405 0.1691176 -0.329346 -0.704002 0.3255593 -0.6311835 -0.9290547 0.1701677 -0.3284819 -0.9610262 0.1275584 -0.2452707 -1 9.18582e-5 -4.28915e-4 -0.362509 0.4281257 -0.8278259 -0.5082471 0.3832865 -0.7712174 -0.6853039 0.2789447 -0.6727172 0.04606264 0.4286265 -0.9023068 0.08942276 0.4322069 -0.8973298 -0.994753 -0.07330435 -0.07136547 -0.9997429 -0.01443457 -0.01748651 -0.6530312 0.2309913 -0.7212443 0.1254902 0.4429599 -0.8877156 -0.9753659 -0.1624757 -0.1492083 -0.6171608 0.1561842 -0.7711803 0.1058822 0.4528698 -0.8852671 -0.9258645 -0.2775422 -0.2564089 -0.5586172 0.07108628 -0.8263737 0.07193547 0.4487316 -0.8907667 -0.8446303 -0.3914992 -0.3651413 -0.4924633 -0.003654301 -0.8703256 0.05475258 0.4446499 -0.8940294 -0.7390439 -0.4909486 -0.4612847 -0.4118983 -0.06548184 -0.908874 0.04983842 0.4460506 -0.8936191 -0.6097008 -0.5773425 -0.5430844 -0.3220026 -0.1142137 -0.9398244 0.04454803 0.4459401 -0.8939535 -0.4647666 -0.6451205 -0.6064748 -0.2242184 -0.1453604 -0.9636371 0.0439828 0.4541072 -0.8898608 -0.312642 -0.6912537 -0.6514778 -0.1262682 -0.1638391 -0.9783727 0.04095798 0.4668009 -0.8834135 -0.1545602 -0.7180063 -0.6786591 -0.02475786 -0.1819383 -0.9829983 0.03311431 0.4472241 -0.8938087 -0.003797411 -0.725064 -0.688671 0.01985865 -0.1803549 -0.9834012 0.03075206 0.4486339 -0.8931865 0.02113622 -0.1776533 -0.9838662 0.0228123 -0.1786905 -0.9836409 0.02854669 0.4502114 -0.8924655 0.02424436 -0.1771636 -0.9838829 0.02653712 0.4520406 -0.8916026 0.01994872 0.4490281 -0.8932951 0.002746284 -0.7258418 -0.6878563 0.01158738 -0.1804778 -0.9835109 0.01364219 0.4469786 -0.8944407 0.008801698 -0.1792402 -0.983766 0.007200956 0.4438819 -0.8960564 -0.8852677 0.181953 -0.4280123 -0.4120949 0.356931 -0.8383187 -0.688266 0.2865126 -0.6664837 -0.4121422 0.3631517 -0.8356193 0.04930913 0.3880794 -0.920306 0.04823333 0.4017471 -0.9144796 -0.8875132 0.185101 -0.421969 -0.9995371 0.01175361 -0.0280624 -0.4171705 0.3716701 -0.8293552 0.04685246 0.4152941 -0.9084799 -0.6947818 0.2989755 -0.6541345 -0.418003 0.380842 -0.8247623 -0.8927821 0.1903038 -0.4083195 -0.6950985 0.3036872 -0.6516228 -0.4178749 0.3868257 -0.8220381 -0.8926766 0.1919598 -0.4077743 -0.565036 0.3218573 -0.7596988 -0.7996469 0.2613296 -0.5406217 -0.840756 0.2105049 -0.4988157 -0.4974831 0.3711241 -0.7840774 0.02954274 0.9803645 -0.1949688 0.04935008 0.3878348 -0.9204068 1.57185e-4 0.9076175 0.4197982 0.00664407 0.9574951 0.288373 -0.0156989 0.7386221 0.6739369 -0.01422107 0.7332409 0.6798202 0.04364693 0.7622845 -0.645769 0.02758562 0.9806153 -0.1939916 0.0417394 0.7578982 -0.6510363 0.04467332 0.3815636 -0.9232625 0.006160438 0.9586844 0.2844054 0.006064116 0.9584062 0.2853434 0.03964424 0.7575362 -0.6515882 0.02509969 0.9792928 -0.2008869 0.0376634 0.7565848 -0.6528102 0.04038655 0.3819295 -0.9233087 0.006020486 0.957757 0.2875158 -0.01262807 0.7331663 0.6799321 0.03552746 0.7590052 -0.6501146 0.03577303 0.3872948 -0.9212617 0.005246222 0.9581949 0.2860683 0.02219462 0.9803391 -0.1960682 0.03337043 0.7602453 -0.6487786 0.004898369 0.9586117 0.2846744 -0.01116168 0.736195 0.6766774 0.001889884 0.9364275 0.3508562 0.9322084 0.1427203 -0.3325935 0.9323114 0.1414387 -0.3328523 0.9999998 6.29619e-4 2.39611e-5 0.3886068 0.3669286 -0.8451912 0.02604603 0.4016453 -0.915425 0.03659605 0.3884709 -0.9207341 0.3933939 0.3597531 -0.8460609 0.7175123 0.2794873 -0.6380149 0.7174096 0.2748932 -0.640123 0.3883931 0.3761507 -0.8412263 0.02712911 0.4152382 -0.9093081 0.9324948 0.1500054 -0.3285605 1 -6.14449e-5 -7.5195e-5 0.3935797 0.3909479 -0.8320185 0.03708761 0.4283515 -0.9028509 0.3895322 0.3855516 -0.8364297 0.718281 0.2936603 -0.6307425 0.9325271 0.1535948 -0.3268054 0.5668074 0.3206772 -0.7588778 0.7197815 0.2726121 -0.6384334 0.7177973 0.2759544 -0.639231 0.7183494 0.2863799 -0.6340037 0.7176559 0.2901619 -0.6330689 0.8449345 0.2282806 -0.4837083 0.8936653 0.1746287 -0.413361 0.3888936 0.380908 -0.838851 0.4842723 0.3743547 -0.7907837 0.036026 0.4303636 -0.9019364 0.9101571 0.3043041 0.2810927 0.6923083 0.5299887 0.4897155 0.03665429 0.4296322 -0.9022598 0.03561156 0.4313725 -0.9014709 0.7276803 0.4035581 -0.5546371 0.9999998 3.9386e-4 -7.09802e-4 0.03718161 0.4281947 -0.9029213 0.4434653 0.8584268 -0.2577633 0.3691269 0.6820355 0.6313263 0.03432375 0.4319813 -0.9012293 0.1962925 0.9606611 -0.1964678 -0.009509921 0.7334284 0.6797002 0.03258925 0.4325565 -0.9010177 0.01807832 0.9804884 -0.1957439 -0.008851528 0.7429903 0.6692438 0.02607637 0.7736755 -0.6330452 0.02157658 0.4326497 -0.9013039 0.003639757 0.9572907 0.2891048 -0.005645573 0.7760423 0.6306556 0.01488548 0.980494 -0.1959847 0.003889203 0.9652509 0.261296 0.02118706 0.7740705 -0.6327449 0.003938972 0.9736973 0.2278117 -0.003089845 0.8075562 0.5897826 0.01933503 0.7530359 -0.6576953 0.0116713 0.9669987 -0.2545142 0.003793597 0.9783473 0.2069357 0.01490002 0.7535749 -0.6571934 0.007065117 0.4318699 -0.9019083 0.002892792 0.979005 0.2038161 -0.0012151 0.8378665 0.545874 0.002317309 0.9852495 0.1711083 0.007062554 0.9665336 -0.2564433 0.008252084 0.7544046 -0.6563578 0.009821057 0.9665217 -0.256397 -0.3728662 0.377151 -0.8477783 -0.7201471 0.283531 -0.6332443 -0.8816377 0.1929424 -0.4306836 -0.9404045 0.1398192 -0.309984 -0.999265 -0.01586747 0.03489947 -1 3.67817e-5 4.28674e-4 -0.3725026 0.381608 -0.8459416 0.006766498 0.4041989 -0.9146461 0.00685513 0.413589 -0.910438 -0.9438942 0.1371933 -0.3004029 -0.9969875 -0.03273421 0.07031852 -0.3825306 0.3840385 -0.840348 -0.7351638 0.2833681 -0.615822 -0.9506748 0.1302675 -0.2815098 -0.3820099 0.3884611 -0.8385502 0.006804764 0.4228953 -0.9061531 -0.9544148 0.126748 -0.2702357 -0.9922965 -0.05309325 0.1119326 -0.393724 0.3907613 -0.832038 -0.7523548 0.2813459 -0.5956567 -0.9614658 0.1180393 -0.248295 -0.394216 0.3950291 -0.8297866 0.005889356 0.4326274 -0.9015536 -0.8382576 0.2209537 -0.4985015 -0.4844612 0.3535771 -0.8001755 -0.8710685 0.1985413 -0.449245 -0.850188 0.2170708 -0.4796465 -0.5614738 0.3430408 -0.7530406 -0.8643073 0.2119585 -0.4561213 -0.5757736 0.3465706 -0.7405226 -0.8798729 0.2047172 -0.4288527 -0.4790809 0.3706617 -0.7956705 -0.4934078 0.3755419 -0.784549 0.3813901 0.8834816 -0.272033 -0.02516603 0.41355 -0.9101336 -0.03261578 0.4020276 -0.9150465 0.7032042 0.3247928 -0.6324662 -0.05068957 0.4045354 -0.9131165 -0.02634817 0.4055908 -0.913675 0.9915552 0.103389 0.07828778 0.9999411 0.004055917 -0.01006907 0.7157909 0.3952514 -0.5756907 -0.004888176 0.4105369 -0.9118309 0.9672331 0.1960511 0.1613198 0.7114768 0.4736376 -0.5191032 0.002825856 0.4160463 -0.9093391 0.9216145 0.2947881 0.2524415 0.686055 0.5577144 -0.4672081 -0.007731735 0.4159802 -0.9093409 0.6490941 0.6342976 -0.4199329 -0.01670277 0.4138778 -0.9101791 0.6256903 0.6737399 -0.3931745 -0.02851611 0.4067626 -0.9130887 0.5397288 0.820491 0.188381 0.5843058 0.5980889 0.5485221 0.4430265 0.8505905 -0.2832372 0.4615423 0.6523088 0.6012255 0.3479509 0.9024969 -0.2538297 0.2908818 0.9277461 -0.2338274 -0.02617436 0.4190263 -0.9075968 0.3219369 0.6989182 0.6386471 0.1771489 0.9645449 -0.1956311 -0.03002047 0.4108474 -0.9112098 0.1710735 0.7265523 0.6654741 0.008388459 0.7614471 -0.6481729 -0.03113925 0.3887999 -0.9207959 -0.02541238 0.7541792 -0.6561768 -0.0246489 0.3869413 -0.9217749 -0.003238618 0.9531647 0.3024346 -0.01655519 0.9791187 -0.2026144 -0.01805269 0.7551201 -0.6553379 -0.01827007 0.3883418 -0.9213344 -0.02100586 0.7531987 -0.6574576 -0.01267313 0.9784715 -0.2059928 -0.002101659 0.9556783 0.2944055 2.46856e-4 0.7381772 0.6746068 0.01235884 0.7318482 0.6813557 -0.01370328 0.7546015 -0.6560403 -0.01180386 0.3880501 -0.9215627 -0.009014129 0.9777045 -0.2097923 -0.03626978 0.759618 -0.6493574 -0.011725 0.4040307 -0.9146703 -0.08203816 0.7377545 0.6700658 -0.006766438 0.9785431 -0.2059314 -0.1253495 0.9714159 -0.2015903 -0.01641052 0.4229799 -0.9059905 -0.1609841 0.7341224 0.6596578 -0.1692452 0.9666507 -0.1922045 -0.2024151 0.7280359 -0.6549747 -0.04366314 0.4508798 -0.8915162 -0.4037641 0.8751644 -0.2665748 -0.4445345 0.6712391 0.5931502 -0.02782309 0.4412882 -0.896934 -0.3463601 0.9107192 -0.2250007 -0.547338 0.8167458 0.1826131 -0.468227 0.8454284 -0.2569324 -0.5855489 0.6096822 0.5342473 -0.7161813 0.5362569 -0.4466686 -0.9459857 0.2508116 0.2054379 -0.8844143 0.3562877 0.3014475 -0.07163077 0.4233611 -0.9031248 -0.7207055 0.438423 -0.5369999 -0.985857 0.1331328 0.1017926 -0.02374869 0.40608 -0.9135289 -0.8807712 0.2558483 -0.3984768 0.006648063 0.404164 -0.9146624 -0.479154 0.3547232 -0.8028593 -0.8752674 0.1952803 -0.4424622 -0.999953 0.004092276 -0.008787751 0.859923 0.5076553 -0.05309325 0.8596776 0.3836432 0.3373019 0.8183994 0.5746497 4.60059e-4 0.7817668 0.4624586 0.4182974 0.7475398 0.6607371 0.0679028 0.5658542 0.7451826 -0.3528626 0.6903674 0.5338866 0.4882192 0.2734595 0.6513172 -0.7078177 -0.01599377 0.4212666 -0.9067958 0.5319374 0.7861591 -0.3146373 0.6555491 0.7422426 0.1390371 0.4915475 0.8191413 -0.295616 0.2272425 0.6899455 -0.6872671 0.4181838 0.8763535 0.2390129 0.2767047 0.9196966 0.2785543 0.110037 0.9915063 0.0693342 0.03104853 0.9966752 0.07532984 -0.01834291 0.9788299 -0.2038522 -0.003508567 0.9532597 0.3021319 -0.02001011 0.8862072 -0.4628568 -0.01457977 0.9792352 -0.2022027 -0.01086962 0.9779847 -0.2083938 -0.01377588 0.8865273 -0.4624711 -0.001734375 0.9549617 0.2967244 -0.2211555 0.932718 0.2848287 -0.3001064 0.7128589 0.6338521 -0.2279568 0.9522112 -0.203297 -0.1558919 0.7541138 -0.6379734 -0.2887548 0.9357556 -0.2024406 -0.364036 0.8948808 0.2581977 -0.298525 0.691434 -0.6578769 -0.07066595 0.4633748 -0.8833404 -0.5277591 0.8069412 -0.2651719 -0.345501 0.6590504 -0.6680431 -0.5720576 0.7675213 -0.2892426 -0.7041625 0.5351226 0.4666895 -0.6190733 0.7229226 -0.3068082 -0.09510475 0.4631466 -0.8811642 -0.6724056 0.7271391 0.1383457 -0.7718333 0.631604 0.07314199 -0.6533688 0.6799666 -0.3327985 -0.8033419 0.4504609 0.3895213 -0.393632 0.6063116 -0.6909705 -0.09830665 0.4469157 -0.8891581 -0.6830421 0.6318597 -0.3663427 -0.8481014 0.529734 -0.01029044 -0.4145518 0.543987 -0.7295376 -0.4069478 0.4796915 -0.7773606 -0.4988131 0.4098882 -0.7636604 -0.02388983 0.8882941 -0.4586534 -0.009863376 0.8855384 -0.4644615 0.04978698 0.4001182 -0.9151102 0.04973018 0.3860593 -0.9211326 0.04522883 0.3861562 -0.9213239 0.04068195 0.3862063 -0.9215149 0.03616893 0.4003729 -0.9156382 0.04976952 0.4141556 -0.9088444 0.03609788 0.3863243 -0.9216564 0.03620392 0.4143755 -0.9093856 0.04978877 0.4281888 -0.9023167 0.03616482 0.428667 -0.9027385 0.04930055 0.4310634 -0.9009739 0.04964298 0.4295996 -0.9016539 0.03568804 0.4298447 -0.9021973 0.04705524 0.4369218 -0.8982678 0.04842096 0.4342927 -0.8994696 0.0351184 0.4302531 -0.9020251 0.0451861 0.4390436 -0.8973289 0.03451901 0.4314878 -0.9014582 0.04298949 0.4409096 -0.8965215 0.04049611 0.442505 -0.8958513 0.03304415 0.4323534 -0.9010986 0.03765833 0.4437828 -0.8953427 -0.009015321 0.3997282 -0.9165895 0.002635002 0.3927568 -0.9196387 4.96908e-4 0.3906429 -0.9205422 -0.001999795 0.389014 -0.9212298 -0.007721006 0.4016047 -0.9157806 0.005617201 0.3976513 -0.9175195 0.004312992 0.3952931 -0.9185449 -0.01026833 0.3990589 -0.9168678 -0.004871666 0.3877848 -0.9217371 -0.007606506 0.3869757 -0.9220587 -0.007004797 0.4031572 -0.915104 0.006443202 0.400411 -0.9163131 -0.01181024 0.3989768 -0.916885 -0.009729087 0.3866606 -0.9221708 -0.0119366 0.3865186 -0.9222044 -0.0183174 0.3865404 -0.9220907 -0.00684154 0.4040451 -0.9147135 0.006733953 0.4133827 -0.9105325 0.00674951 0.4036214 -0.9149012 0.03455972 0.4445561 -0.8950842 0.03134208 0.4328634 -0.9009146 0.03124052 0.4448944 -0.8950381 0.02918273 0.4450228 -0.8950437 0.02726316 0.4449508 -0.89514 -0.02393835 0.3988578 -0.9167003 -0.02481508 0.3865357 -0.9219407 -0.006887137 0.4134455 -0.9105029 0.00673592 0.4232519 -0.905987 0.02522242 0.4449614 -0.8951945 0.02077215 0.4329251 -0.9011906 -0.03079372 0.3987353 -0.9165489 -0.03135639 0.3864305 -0.9217854 -0.03235971 0.3987981 -0.9164676 -0.0343576 0.3865774 -0.9216168 -0.03703069 0.3870499 -0.9213149 -0.03937631 0.3879519 -0.9208382 0.01901245 0.4450347 -0.8953115 -0.03402501 0.3993458 -0.9161688 -0.04133021 0.3889841 -0.920317 -0.04358196 0.390473 -0.9195823 -0.04543697 0.3921936 -0.9187598 -0.03533619 0.4005984 -0.9155721 -0.006897091 0.4233613 -0.9059347 0.006705224 0.4330295 -0.9013549 -0.04680746 0.3935344 -0.9181175 0.0128476 0.4451494 -0.8953641 -0.0479837 0.3954679 -0.9172256 -0.04895305 0.3975399 -0.9162783 -0.03609776 0.4022974 -0.9147972 0.00674659 0.4451808 -0.8954153 -0.04956364 0.3994601 -0.9154099 -0.006841659 0.4331954 -0.9012741 -0.04985797 0.4013568 -0.9145638 -0.03636467 0.4036521 -0.9141896 -0.04989755 0.4031071 -0.9137915 -0.03635239 0.4116429 -0.9106199 -0.006881415 0.4451206 -0.8954443 0.006728231 0.4510108 -0.8924933 -0.01101559 0.4330961 -0.9012805 -0.01508486 0.433084 -0.9012274 -0.006886601 0.4508937 -0.8925512 0.006705522 0.4567816 -0.8895536 0.002166271 0.4625521 -0.8865895 0.006621241 0.4625781 -0.8865538 -0.04989117 0.4194563 -0.9064035 -0.03628057 0.4280799 -0.9030124 -0.03638279 0.4199019 -0.90684 -0.006897389 0.4567537 -0.8895666 -0.002346277 0.4627574 -0.886482 -0.02255654 0.4450199 -0.8952367 -0.01913988 0.4331016 -0.901142 -0.02324205 0.4329135 -0.9011359 -0.0272938 0.4328288 -0.901063 -0.006865024 0.4626452 -0.8865169 -0.04974484 0.4303084 -0.9013103 -0.03609132 0.4298879 -0.9021606 -0.03107213 0.4448789 -0.8950515 -0.03146988 0.4327861 -0.9009473 -0.0491696 0.4324945 -0.9002949 -0.0481494 0.434507 -0.8993806 -0.03604125 0.4444274 -0.8950896 -0.03325963 0.4321919 -0.9011681 -0.03793591 0.4437425 -0.8953511 -0.04693943 0.436394 -0.8985304 -0.03533321 0.4313316 -0.9015014 -0.03957033 0.4431675 -0.8955652 -0.03421401 0.4316439 -0.901395 -0.04547137 0.4386399 -0.8975119 -0.04100686 0.4426192 -0.8957716 -0.04338568 0.440946 -0.8964844 0.6070628 0.3380326 -0.7191722 0.03506773 0.4228432 -0.9055242 0.01172512 0.4136381 -0.9103659 0.6038425 0.342515 -0.7197623 -0.007100284 0.4326208 -0.901548 0.3519102 0.3811889 -0.8549002 -0.006843745 0.4042326 -0.9146306 0.924498 0.1582065 -0.3468058 0.6760922 0.3039778 -0.6711906 0.3270371 0.3891769 -0.8611552 0.9127801 0.1710439 -0.3709133 1 1.42083e-4 2.8041e-4 1 -2.95937e-5 2.25462e-4 0.920863 0.1664639 -0.3525637 0.9265818 0.1610418 -0.3398702 0.8306707 0.2290867 -0.5074502 0.6541423 0.3142919 -0.6879815 0.4020596 0.3965663 -0.8252778 1 1.4022e-5 -2.06675e-4 -0.006998181 0.4039978 -0.9147333 0.1201752 0.3712694 -0.9207155 0.917287 -0.2993589 -0.2626194 0.1233701 0.3215836 -0.9388098 0.6854488 -0.5281478 -0.5012184 -0.008798539 0.3992617 -0.9167948 0.3252117 -0.6981839 -0.6377905 -0.01688271 0.4213632 -0.906735 0.05985468 -0.7680566 -0.6375786 -0.01566243 0.4441108 -0.8958351 -0.09906631 -0.740361 -0.6648696 -0.03049552 0.4091269 -0.9119678 -0.03115737 0.4063892 -0.9131687 -0.3361824 -0.6976143 -0.6327052 -0.03217673 0.4033055 -0.9144995 -0.6917601 -0.5262342 -0.4945154 -0.03551292 0.4014756 -0.9151811 -0.9169102 -0.2955874 -0.2681488 -0.03636556 0.402872 -0.9145336 -1 3.25352e-4 -1.23441e-4 -0.03673958 0.4043077 -0.9138849 -0.01176744 -0.1880759 -0.982084 -0.005308806 -0.7322795 -0.6809836 -0.0165711 -0.1964332 -0.9803773 -0.02400064 0.4213303 -0.9065896 -0.006611645 -0.7331989 -0.6799821 -0.01807427 -0.1956111 -0.980515 -0.007900059 -0.733021 -0.6801602 -0.02144926 -0.1965344 -0.9802623 -0.009121 -0.733824 -0.6792784 -0.024082 -0.2005763 -0.9793821 -0.3953096 0.3734315 -0.8392136 -0.03654861 0.4044518 -0.9138287 -0.03346025 0.4123238 -0.9104228 -0.720724 0.2833676 -0.6326609 -0.932959 0.1461923 -0.3289611 -0.9332036 0.1468972 -0.327952 -1 1.88701e-4 -2.07696e-4 -0.3935396 0.3774352 -0.8382539 -0.7208096 0.2860005 -0.6313773 -0.3940772 0.3828122 -0.8355585 -0.03385865 0.4204508 -0.9066834 -0.9331222 0.1512243 -0.3262119 -0.9999998 -4.61936e-5 6.61224e-4 -0.3946834 0.3883697 -0.8327027 -0.03737175 0.4289402 -0.9025596 -0.511799 0.3647712 -0.7778199 -0.7209241 0.2942559 -0.6274408 -0.9332478 0.1533228 -0.3248702 -0.8451874 0.2169737 -0.4884475 -0.7204002 0.2838506 -0.6328131 -0.7205107 0.29033 -0.6297402 -0.7209997 0.2922496 -0.6282911 -0.5687927 0.3517398 -0.7434743 -0.5132915 0.3674557 -0.7755696 -0.8792894 0.2041141 -0.4303345 -0.3949012 0.385963 -0.833718 -0.9448834 0.2968312 0.1381542 -0.9999734 -0.006189584 -0.003883361 -0.8715319 0.2070747 -0.4444686 -0.9154924 0.3181843 0.2462369 -0.919122 0.3586374 0.1630773 -0.8243852 0.4636713 -0.3246506 -0.5195633 0.3657203 -0.7722064 -0.8015049 0.5162357 -0.3018122 -0.4925654 0.5120882 -0.7036654 -0.03393608 0.4284842 -0.9029119 -0.03495335 0.429226 -0.9025205 -0.4792643 0.5418593 -0.6904306 -0.03812032 0.4329785 -0.9005979 -0.7933839 0.5539124 0.2524343 -0.6703714 0.5777022 0.465685 -0.6945573 0.6836953 -0.2239443 -0.6835828 0.6653058 0.3001379 -0.4180219 0.6392686 -0.6454405 -0.6000469 0.7785778 -0.1837406 -0.5610631 0.7539778 0.3416514 -0.3476266 0.707548 0.6152493 -0.3636407 0.6928634 -0.6226602 -0.03781092 0.4345681 -0.899845 -0.4962508 0.8551819 -0.1496633 -0.3676888 0.8498017 0.3776799 0.003657221 0.7347671 0.6783096 -0.3041717 0.7366768 -0.6039759 -0.3304914 0.9364539 -0.1175992 -0.03298205 0.4353657 -0.8996495 -0.208916 0.7836267 -0.5850499 -0.03526526 0.4324131 -0.9009858 -3.5267e-4 0.8417145 -0.5399228 -0.01157003 0.4586806 -0.888526 -0.007316768 0.4329208 -0.9014024 -0.002652645 0.8644938 -0.5026366 -0.01583659 0.4608805 -0.887321 0.005240023 0.9843657 0.1760588 0.005163431 0.7310295 0.6823264 0.007531225 0.7527273 0.6582894 -0.006088972 0.9093135 -0.4160673 -0.02021253 0.445381 -0.895113 -0.02014493 0.680629 -0.7323513 -0.02406615 0.4219771 -0.906287 0.004986166 0.9809099 0.1943991 0.00374031 0.9862946 0.1649516 0.002515614 0.7341518 0.6789807 0.004873454 0.9854857 0.1696888 -0.01025134 0.7561562 -0.6543111 -3.98792e-4 0.9968543 -0.07925617 -0.02310389 0.7113087 -0.7024999 -0.02813905 0.4112462 -0.91109 -0.01016247 0.9530521 -0.3026362 0.00388211 0.9764243 0.2158253 0.001429677 0.9667171 0.2558438 0.01016336 0.7344075 0.6786327 -0.02642148 0.7509177 -0.6598671 -0.01435697 0.9747108 -0.2230086 -0.02822339 0.7680697 -0.6397442 -0.03241157 0.4335411 -0.9005509 -7.49384e-4 0.9606228 0.277855 0.00170356 0.9759604 -0.2179412 0.001801669 0.9405974 0.3395192 -0.001199424 0.7215129 -0.6924 0.01006042 0.7339878 0.6790882 0.009756505 0.7336109 0.6794998 -0.266673 0.7073402 0.6546415 -0.3433007 0.6895034 0.6377537 -0.5407007 0.617331 0.5714414 -0.6563152 0.5534769 0.5127511 -0.8114478 0.4287186 0.3971812 -0.9134503 0.2985103 0.276587 -0.9939782 0.08035653 0.07450079 -0.9992079 0.02920812 0.02702897 -0.9999776 -0.004888772 -0.004587471 -0.9989454 -0.03375518 -0.03112334 -0.9512771 -0.2261932 -0.2095436 -0.8033557 -0.4368801 -0.4046672 -0.9197995 -0.2879806 -0.2665258 -0.69102 -0.5303125 -0.4911823 -0.4596151 -0.6517129 -0.6033443 -0.3653685 -0.6827771 -0.6327095 -0.03712445 -0.7332582 -0.6789362 -0.07099121 -0.7314348 -0.6782062 -0.006476104 -0.7338824 -0.6792457 -0.007734835 -0.7335398 -0.6796026 -0.004444479 -0.7335299 -0.6796427 -0.006691038 -0.7332031 -0.6799769 -0.004422962 -0.7338483 -0.6792991 0.03850293 -0.7331027 -0.6790271 0.02463418 -0.7332681 -0.6794933 0.1818088 -0.7215905 -0.6680215 0.3536577 -0.6864091 -0.6354281 0.4523547 -0.6544746 -0.6058369 0.6814006 -0.5368924 -0.4974334 0.679918 -0.5380559 -0.4982042 0.9234562 -0.2815117 -0.2607297 0.8609406 -0.3732884 -0.345597 0.9984087 -0.04140383 -0.03828644 0.974561 -0.1643707 -0.1523589 0.999954 -0.007023274 -0.006543397 1 -6.16775e-5 -1.08861e-5 1 1.63227e-7 0 1 1.83426e-7 0 0.002576768 0.7336578 0.6795144 0.005185067 0.7336601 0.679497 0.002554595 0.733605 0.6795714 0.00769186 0.7341135 0.6789832 0.0101993 0.7336733 0.6794258 0.01022124 0.7336016 0.6795029 0.007742524 0.7340918 0.6790061 0.005138158 0.7327143 0.6805171 -0.01203519 0.4011694 -0.9159249 -0.009631395 0.4030097 -0.9151451 -0.0112726 0.4037035 -0.9148206 -0.008675694 0.4042184 -0.9146214 -0.008118152 0.4024305 -0.9154146 -0.01288527 0.4017097 -0.9156765 -0.008668959 0.405423 -0.9140882 -0.01524287 0.4015941 -0.915691 -0.008669555 0.4142542 -0.9101201 -0.03457784 0.4006553 -0.9155761 -0.03136926 0.4012588 -0.9154275 -0.0331133 0.4019033 -0.9150832 -0.03526192 0.4036015 -0.9142551 -0.03533953 0.4053199 -0.9134916 -0.0162599 0.4326383 -0.9014209 -0.008668899 0.4326832 -0.9015043 -0.02391165 0.4326456 -0.9012469 -0.03536367 0.4296838 -0.9022867 -0.03158694 0.4329701 -0.9008548 -0.03330516 0.4317758 -0.901366 -0.03478497 0.4323877 -0.9010167 -0.03520041 0.4316959 -0.9013322 -8.65025e-5 0.7071259 -0.7070878 -9.71013e-5 0.7062 -0.7080125 -4.23025e-5 0.707939 -0.7062737 -2.56842e-4 0.7070929 -0.7071207 -8.04844e-5 0.7071139 -0.7070996 -1.32324e-4 0.7067993 -0.707414 -2.62314e-4 0.7071299 -0.7070837 4.17629e-4 0.7073151 -0.7068983 9.88912e-6 0.7070787 -0.7071349 1.01526e-6 0.70794 -0.7062727 -2.83753e-5 0.7067933 -0.7074202 2.8378e-6 0.7069708 -0.7072428 -1.90338e-4 0.7072144 -0.7069992 4.40022e-5 0.7068856 -0.707328 -4.305e-5 0.7063848 -0.707828 8.38187e-5 0.7078862 -0.7063267 -2.39213e-5 0.7069282 -0.7072853 4.70882e-5 0.7072053 -0.7070083 1.96875e-4 0.706147 -0.7080653 1.3727e-5 0.707086 -0.7071276 -6.4513e-5 0.7071196 -0.7070941 4.91208e-4 0.7066884 -0.7075248 -3.31863e-4 0.7080733 -0.7061389 6.06712e-6 0.7054155 -0.7087941 -1.4414e-4 0.7089156 -0.7052934 6.50857e-5 0.7070084 -0.7072052 4.32548e-5 0.7068798 -0.7073338 -1.49047e-4 0.7077441 -0.7064689 7.05201e-5 0.7068282 -0.7073853 3.18844e-4 0.7069182 -0.7072954 -5.36392e-5 0.7070446 -0.7071691 -9.34023e-6 0.7063416 -0.7078712 9.30913e-5 0.7070288 -0.7071847 -6.85838e-4 0.70622 -0.7079921 1.30092e-5 0.7072089 -0.7070046 6.8279e-4 0.7089115 -0.7052972 5.02095e-5 0.7072069 0.7070068 0.1736689 0.6964629 0.6962605 1.96248e-5 0.7071105 0.7071031 0.1741535 0.6962778 0.6963245 0.3420384 0.6645205 0.6643962 0.3419771 0.6644371 0.6645112 0.4999032 0.6124272 0.6123967 0.4999189 0.6124167 0.6123945 0.6425424 0.5418272 0.5418142 0.6427711 0.5417151 0.5416549 0.7662892 0.4543181 0.4543082 0.7662476 0.4543386 0.4543579 0.8660271 0.3535646 0.3535381 0.8660559 0.3535157 0.3535164 0.9396709 0.2418736 0.2419003 0.939559 0.2420995 0.242109 0.984763 0.1229732 0.1229608 0.9847507 0.1230275 0.1230056 1 8.73903e-5 7.40294e-5 1 6.15605e-6 7.7956e-6 0.9847679 -0.1229306 -0.1229645 0.9847665 -0.1229563 -0.1229509 0.9396643 -0.2419061 -0.241894 0.9396956 -0.2418619 -0.241816 0.8660074 -0.3535871 -0.353564 0.8658585 -0.3539034 -0.3536123 0.7660172 -0.454532 -0.4545529 0.7660517 -0.4545898 -0.4544369 0.642784 -0.5416733 -0.5416814 0.6428582 -0.5416982 -0.5415686 0.4998505 -0.6123675 -0.6124995 0.4998232 -0.6124403 -0.6124489 0.3420914 -0.6644425 -0.6644469 0.3418077 -0.6645836 -0.6644517 0.1738075 -0.6963378 -0.696351 0.1736763 -0.6963586 -0.696363 2.24123e-5 -0.7070337 -0.70718 -7.17332e-6 -0.7070323 -0.7071813 -0.1737988 -0.6963788 -0.6963121 -0.1736614 -0.6963632 -0.696362 -0.342148 -0.6644929 -0.6643674 -0.3421325 -0.6643974 -0.6644709 -0.4998322 -0.6124228 -0.612459 -0.499799 -0.6124369 -0.6124721 -0.6427096 -0.541701 -0.5417421 -0.6429734 -0.541507 -0.5416229 -0.7660346 -0.4546785 -0.4543771 -0.7660434 -0.454515 -0.4545256 -0.8658459 -0.3539064 -0.3536401 -0.8660044 -0.3535939 -0.3535645 -0.9396609 -0.2419062 -0.2419071 -0.9396876 -0.2418546 -0.2418546 -0.9847668 -0.1229515 -0.1229534 -0.9847675 -0.1229307 -0.1229674 -1 8.40291e-5 7.65339e-5 -1 1.06202e-5 1.06202e-5 -0.9847507 0.1230215 0.1230121 -0.9847635 0.1229655 0.1229655 -0.9395673 0.2421036 0.2420727 -0.9395735 0.2420982 0.2420541 -0.8660279 0.3535655 0.3535354 -0.8660695 0.3535127 0.3534862 -0.7660725 0.4544913 0.4545003 -0.7662839 0.4543323 0.4543029 -0.6429075 0.5416271 0.5415813 -0.6429179 0.5416506 0.5415453 -0.4999179 0.6124351 0.6123769 -0.4998928 0.6124448 0.6123877 -0.3421143 0.6644872 0.6643905 -0.3419908 0.6644206 0.6645206 -0.1736606 0.6963487 0.6963768 -0.173852 0.696421 0.6962566 -5.19008e-5 0.7070823 0.7071314 -5.24148e-5 0.7072236 0.70699 0.8639504 0.4019285 0.3033866 0.8639249 0.402034 0.3033192 0.8639419 0.4019535 0.3033776 0.8639637 0.4020243 0.3032217 0.8639614 0.4019972 0.3032637 0.8638843 0.4020373 0.3034303 -0.2073991 0.7392811 0.640663 -0.3574422 0.7077861 0.6093226 -0.4987282 0.6601451 0.5616749 -0.2074814 0.739192 0.6407392 -0.05220782 0.7537534 0.6550803 0.1042695 0.7508268 0.652217 0.1041568 0.7509028 0.6521476 0.2581959 0.7306339 0.6320672 -0.2072324 0.7393619 0.6406238 0.4057466 0.6937378 0.595061 0.4057883 0.6938112 0.5949469 0.5433157 0.640895 0.5422747 0.1042898 0.750804 0.6522402 -0.2072768 0.7393366 0.6406385 0.6675266 0.5735121 0.4748603 0.6674634 0.5734554 0.4750174 0.7752223 0.4932192 0.394671 0.863891 0.4020236 0.3034298 0.4057263 0.6936694 0.5951547 0.1044331 0.7508829 0.6521263 -0.2075377 0.7392607 0.6406416 0.6675924 0.573403 0.4748994 0.8638898 0.4020369 0.3034155 0.4058138 0.6937519 0.5949987 0.1043192 0.7508934 0.6521325 -0.2074936 0.7392681 0.6406474 -0.4989164 0.6603155 0.5613073 0.6675001 0.5735125 0.474897 0.4057381 0.6937334 0.595072 0.6121414 0.6062981 0.5076274 0.1042339 0.7508819 0.6521595 -0.2071129 0.7392724 0.6407656 0.4057546 0.693735 0.5950587 0.2845493 0.725394 0.6267657 0.1042561 0.7508687 0.6521709 -0.2075015 0.7392888 0.640621 0.1042776 0.7508314 0.6522104 0.03879809 0.7541626 0.6555407 -0.207424 0.7393021 0.6406307 -0.1145664 0.7500246 0.6514121 -0.268551 0.7286697 0.6300166 -0.3798653 0.7015469 0.6029381 -0.4401705 0.6822848 0.5837273 -0.9757595 -0.09737086 -0.1959915 -0.9313176 -0.203498 -0.3020532 -0.8639442 -0.3033647 -0.4019581 -0.97575 -0.09752106 -0.1959632 -0.9961987 0.0124098 -0.08622318 -0.9921001 0.1230487 0.02442383 -0.992107 0.1230245 0.02426046 -0.9635746 0.231881 0.1332491 -0.9758224 -0.09701019 -0.1958568 -0.9113203 0.3362327 0.237577 -0.9112368 0.3364008 0.2376593 -0.8366284 0.4334979 0.334862 -0.9920952 0.1230892 0.02441877 -0.9757596 -0.09726738 -0.1960419 -0.8639382 -0.3033317 -0.401996 -0.7413305 0.5213213 0.422674 -0.7411949 0.5216373 0.4225218 -0.6277515 0.5974846 0.4989391 -0.498742 0.6601676 0.5616361 -0.9113645 0.336103 0.2375913 -0.9920705 0.1232835 0.02443921 -0.9758363 -0.09723699 -0.1956747 -0.7412316 0.5213032 0.4228696 -0.9112951 0.3363311 0.2375347 -0.9921032 0.1230302 0.02439379 -0.9758335 -0.0972051 -0.1957043 -0.7412391 0.5213795 0.4227624 -0.9112412 0.3364192 0.2376165 -0.9921044 0.1230394 0.02429699 -0.9757576 -0.09737873 -0.1959965 -0.741312 0.5213189 0.4227094 -0.9112225 0.3363892 0.2377305 -0.9921268 0.1228268 0.02445656 -0.9757676 -0.09730929 -0.1959811 -0.9319087 -0.202355 -0.300996 -0.7412534 0.521408 0.4227021 -0.4988026 0.6602309 0.5615079 -0.9112877 0.3362165 0.2377254 -0.9921097 0.1230207 0.02417373 -0.9757695 -0.09732961 -0.1959615 -0.9775837 -0.09115046 -0.1897938 -0.7413614 0.5213201 0.4226213 -0.9112859 0.3362757 0.2376483 -0.992097 0.1230769 0.02440398 -0.9952448 0.001285672 -0.09739768 -0.9956762 0.09270155 -0.005964457 -0.7411726 0.5214704 0.4227668 -0.9113711 0.3360727 0.2376087 -0.7413886 0.5212752 0.4226289 -0.9113218 0.3362228 0.2375851 -0.9158974 0.3288799 0.2301521 -0.8873971 0.3715482 0.2729074 -0.9393532 0.2867442 0.1881313 -0.9636151 0.2317616 0.1331633 -0.9823021 0.1722453 0.07358121 -0.7413274 0.5213093 0.4226942 -0.5558018 0.6351251 0.5363773 -0.61343 0.6056336 0.5068647 -0.6700778 0.5718987 0.47321 -0.7193913 0.538001 0.4393531 -0.7602049 0.5061115 0.4073571 -0.796557 0.4739977 0.3752644 -0.8297855 0.4408758 0.3421764 -0.8574632 0.4097523 0.3112234 -0.8639128 -0.3033694 -0.4020223 -0.863925 -0.3033197 -0.4020336 -0.863912 -0.3033461 -0.4020415 -0.8639695 -0.303249 -0.4019911 0.8639054 -0.3034021 -0.4020131 0.8639181 -0.3033789 -0.4020036 0.8639338 -0.3033414 -0.401998 0.8638278 -0.303376 -0.4021997 0.8638527 -0.3033698 -0.402151 0.8639435 -0.3033876 -0.4019424 0.7413346 0.5213215 0.4226663 0.6277921 0.59753 0.4988337 0.4988381 0.6602094 0.5615016 0.741205 0.5215548 0.4226059 0.8366343 0.4335063 0.3348365 0.9113214 0.3362182 0.2375938 0.9112356 0.3363538 0.2377305 0.9635716 0.231898 0.1332416 0.7414958 0.5212233 0.422505 0.9921004 0.1230486 0.02441495 0.9921035 0.1230565 0.02424377 0.9961984 0.01240575 -0.0862264 0.9112755 0.3363159 0.2376313 0.7414247 0.5213183 0.4225122 0.9757594 -0.09738242 -0.1959854 0.975746 -0.09749257 -0.1959974 0.9313221 -0.2034903 -0.3020443 0.8639428 -0.3033732 -0.4019551 0.9920837 0.1231779 0.02443903 0.9112563 0.3363147 0.2377067 0.7413829 0.5213088 0.4225974 0.975668 -0.09773212 -0.1962667 0.9921093 0.1229556 0.02451634 0.9114108 0.3360745 0.2374542 0.7413116 0.5212724 0.4227675 0.498771 0.6601524 0.5616284 0.975749 -0.09746479 -0.1959967 0.8639354 -0.3033412 -0.4019948 0.9920951 0.1230875 0.02442997 0.9112939 0.336261 0.2376385 0.741262 0.5213917 0.4227072 0.9757341 -0.09733361 -0.196136 0.9920777 0.1232205 0.02446639 0.911213 0.3363523 0.2378197 0.7413945 0.5212284 0.4226763 0.975683 -0.09745949 -0.1963277 0.9920842 0.1231741 0.02443426 0.9113231 0.336227 0.237575 0.7413321 0.5213317 0.4226581 0.9757888 -0.09732073 -0.1958698 0.9921006 0.1230471 0.02440977 0.9112866 0.3363775 0.2375013 0.7413169 0.5213399 0.4226749 0.8550071 0.4127286 0.3140349 0.8972448 0.3576081 0.2589753 0.8240652 0.4468789 0.348161 0.7866097 0.4831275 0.3844905 0.7454813 0.5180503 0.4193823 0.7085384 0.5458683 0.447215 0.6743096 0.569118 0.4705436 0.6394061 0.5908132 0.4920362 0.6037541 0.6108544 0.5121894 0.5559941 0.6350812 0.5362299 0.5272878 0.6481888 0.5493804 0.9757674 -0.09732937 -0.1959722 0.9568916 -0.1500263 -0.2486976 0.992099 0.1230649 0.02438807 0.9954195 0.003113746 -0.09555321 0.9893386 0.1397284 0.04105067 0.9113191 0.3362267 0.2375902 0.9645478 0.229314 0.1306241 0.9292839 0.3058063 0.2071569 -0.6674942 0.5735241 0.4748912 -0.7752317 0.4932208 0.3946506 -0.8638848 0.4020392 0.3034261 -0.6674724 0.5734646 0.4749937 -0.5433326 0.6409237 0.5422237 -0.4057438 0.6936997 0.5951074 -0.4057874 0.6936826 0.5950976 -0.258199 0.7306646 0.6320305 -0.6675331 0.5734751 0.4748958 -0.863896 0.4020535 0.3033758 -0.1042746 0.750849 0.6521906 -0.1041488 0.7509539 0.6520899 0.05222845 0.7537424 0.6550913 -0.4057871 0.6937516 0.5950173 -0.6674873 0.5736123 0.4747943 0.2073995 0.7392781 0.6406663 0.2074742 0.7392293 0.6406985 0.3574918 0.7078574 0.6092107 0.4987739 0.6602033 0.5615658 -0.1043004 0.7508808 0.65215 -0.4058703 0.6937409 0.5949731 -0.6675061 0.5735358 0.4748605 -0.6980529 0.5532813 0.4545351 0.2075603 0.7392574 0.6406382 -0.1042709 0.7508592 0.6521796 -0.4057239 0.6937288 0.5950871 0.2073491 0.7393244 0.6406293 -0.1041782 0.750808 0.6522532 -0.4057351 0.6937502 0.5950546 -0.4891583 0.6640967 0.5654201 0.207289 0.73931 0.6406654 -0.1041899 0.7508162 0.6522419 0.2073834 0.7392746 0.6406757 0.4987505 0.6601531 0.5616456 -0.1042653 0.7508381 0.6522047 -0.2594903 0.7304096 0.6317963 0.2073984 0.739326 0.6406115 -0.1042479 0.750821 0.6522271 -0.07807463 0.7525177 0.6539278 0.207411 0.7392743 0.640667 0.2073962 0.7393127 0.6406274 0.4051148 0.6938294 0.5953845 0.316098 0.7183876 0.6196784 0.08378911 0.7521989 0.6535873 0.2074168 0.7393012 0.6406342 0.2042524 0.7395499 0.6413633 4.73197e-5 0.7070619 -0.7071517 4.98964e-5 0.7070077 -0.7072059 2.69804e-4 0.7068041 -0.7074093 -5.64315e-5 0.7072792 -0.7069344 8.63043e-5 0.7072723 -0.7069413 -1.1168e-5 0.7070456 -0.7071679 3.24685e-5 0.7071285 -0.7070851 -2.65148e-5 0.7071458 -0.7070679 -9.94666e-6 0.7072311 -0.7069825 2.39922e-5 0.7073059 -0.7069076 -1.37364e-5 0.7071035 -0.7071101 2.09221e-5 0.7071242 -0.7070894 5.15546e-5 0.7070351 -0.7071785 -1.82694e-4 0.7073003 -0.7069132 -1.0675e-4 0.7071088 -0.7071048 -1.2828e-4 0.7069914 -0.7072222 -6.06559e-6 0.7072167 -0.7069968 -3.29482e-4 0.7070382 -0.7071753 -5.48004e-5 0.7070203 -0.7071933 8.12329e-5 0.7070072 -0.7072064 -2.46353e-4 0.7076053 -0.7066079 -1.78518e-4 0.7071763 -0.7070372 4.74619e-5 0.7070829 -0.7071307 1.37891e-5 0.7071283 -0.7070853 -2.59129e-4 0.7071319 -0.7070817 -1.94689e-4 0.7070564 -0.7071571 3.77273e-5 0.7070972 -0.7071164 1.32271e-5 0.7071008 -0.7071129 -1.33398e-5 0.7070074 -0.7072061 -7.12732e-5 0.7071273 -0.7070863 -1.10923e-5 0.707042 -0.7071715 -1.12202e-5 0.7069726 -0.7072409 -1.50273e-4 0.7069265 -0.707287 2.6771e-6 0.7069753 -0.7072383 -7.11977e-5 0.7070989 -0.7071148 2.23751e-4 0.7068981 -0.7073155 1.27345e-4 0.7074131 -0.7068003 2.14599e-4 0.7072622 -0.7069514 3.93504e-5 0.7069649 -0.7072488 -1.35203e-4 0.7068234 -0.7073901 1.79967e-5 0.7070135 -0.7072001 2.48934e-4 0.7070291 -0.7071844 1.17369e-4 0.707087 -0.7071265 0 0.7070527 -0.707161 -8.28558e-5 0.707158 -0.7070556 -2.75273e-4 0.7068913 -0.7073222 1.62508e-4 0.707236 -0.7069776 6.57968e-5 0.7073081 -0.7069054 -2.92581e-5 0.7068846 -0.7073289 2.2335e-5 0.707017 -0.7071966 8.33301e-6 0.7074476 -0.7067658 4.12378e-5 0.7061797 -0.7080326 5.36874e-5 0.7070621 -0.7071515 8.52676e-5 0.7070965 -0.7071171 -1.87816e-5 0.7071281 -0.7070855 -5.60864e-5 0.7070878 -0.7071259 7.02555e-5 0.7071056 -0.7071079 0 0.7071073 -0.7071064 -7.03456e-5 0.7071056 -0.707108 0.9975596 0.04932683 -0.04941493 0.9975514 0.04945528 -0.04945302 0.9975512 0.04945933 -0.049452 0.997561 0.04931318 -0.04939895 0.9975641 0.0493772 -0.04927206 0.9975638 0.04940873 -0.04924714 0.941581 -0.1836441 -0.282312 0.873089 -0.2918814 -0.3905394 0.9415478 -0.183728 -0.2823684 0.983472 -0.06883847 -0.167464 0.9975643 0.04929959 -0.0493465 0.7799252 -0.3904907 -0.4891152 0.6647446 -0.4766376 -0.5752663 0.7799181 -0.3904086 -0.4891923 0.9415861 -0.1836185 -0.2823117 0.9975643 0.04929548 -0.04935127 0.5307418 -0.5479474 -0.646581 0.3817487 -0.6023743 -0.7010087 0.5308164 -0.5479566 -0.6465117 0.7798816 -0.3904424 -0.4892235 0.9416025 -0.1836076 -0.282264 0.2219718 -0.6383572 -0.7370405 0.05593293 -0.6549789 -0.7535742 0.2220239 -0.6383644 -0.7370185 0.5306354 -0.5479819 -0.646639 0.779985 -0.3904418 -0.4890591 0.9415817 -0.1836462 -0.2823085 0.9758573 -0.09701395 -0.1956807 -0.1116966 -0.6516227 -0.7502745 -0.2761737 -0.6285291 -0.7271034 -0.1113318 -0.6516508 -0.7503042 0.2221567 -0.6383971 -0.7369502 0.5305953 -0.5478782 -0.6467598 0.7799729 -0.3905041 -0.4890288 -0.4328413 -0.5862004 -0.6848486 -0.7053806 -0.4494787 -0.548094 -0.5772687 -0.5259829 -0.6245821 -0.4332141 -0.5860855 -0.6847112 0.9415804 -0.1836485 -0.2823116 0.9208741 -0.2218878 -0.3205569 -0.1117018 -0.6515933 -0.7502993 0.2220583 -0.6383013 -0.7370628 0.5307921 -0.547977 -0.6465145 0.7799309 -0.3904771 -0.489117 -0.4329041 -0.5861394 -0.6848611 -0.1116801 -0.6516352 -0.7502662 0.2219431 -0.638363 -0.7370441 0.5307151 -0.5479702 -0.6465835 0.7799223 -0.3904775 -0.4891306 -0.4328179 -0.5861878 -0.6848741 -0.111694 -0.6516435 -0.7502568 0.2219578 -0.6384023 -0.7370056 0.5306965 -0.5479161 -0.6466447 0.7799215 -0.3904799 -0.48913 0.7847111 -0.3861676 -0.4848743 0.7263778 -0.4341513 -0.5328114 -0.4329246 -0.5861703 -0.6848218 -0.705339 -0.4494751 -0.5481505 -0.1117138 -0.651643 -0.7502542 0.2219311 -0.6383398 -0.7370678 0.530726 -0.5479308 -0.6466079 0.6630504 -0.4776816 -0.5763545 -0.432944 -0.5861814 -0.6848 -0.1117646 -0.6516353 -0.7502534 0.221885 -0.6383426 -0.7370792 0.5307071 -0.5480956 -0.6464838 0.5169056 -0.5544104 -0.652256 -0.4325852 -0.5863577 -0.6848758 -0.1117928 -0.6516296 -0.7502542 0.2219535 -0.638334 -0.737066 0.3653224 -0.6069264 -0.7058187 0.2145425 -0.6395242 -0.7382279 -0.4328781 -0.5861721 -0.6848495 -0.1116892 -0.6516222 -0.750276 0.0688973 -0.6543985 -0.7530046 -0.02748221 -0.6558272 -0.7544106 -0.1312025 -0.6499761 -0.7485433 -0.2352516 -0.6361876 -0.7347939 -0.4328188 -0.5861759 -0.6848838 -0.331152 -0.6160482 -0.7147188 -0.4174306 -0.5913113 -0.6900019 -0.5001251 -0.5610545 -0.6596156 -0.5776599 -0.525776 -0.6243946 -0.6442933 -0.489174 -0.5878732 -0.8639263 -0.3033844 -0.4019818 -0.8888407 -0.2709082 -0.3695552 -0.807038 -0.3653044 -0.4639424 -0.7053942 -0.449449 -0.5481011 -0.9635742 -0.1332421 -0.2318866 -0.9975649 0.04929357 -0.04934096 -0.9852812 -0.06102132 -0.1596788 -0.9487376 -0.1686384 -0.2673166 -0.8639368 -0.3033577 -0.4019793 -0.9636381 -0.133161 -0.2316673 -0.8639793 -0.3032873 -0.4019411 -0.9635853 -0.1332207 -0.2318527 -0.8638718 -0.3033961 -0.4020899 -0.7053834 -0.4494767 -0.5480921 -0.9635371 -0.1332858 -0.2320154 -0.997564 0.04932129 -0.04933023 -0.8638687 -0.3034125 -0.4020842 -0.9635328 -0.1333789 -0.2319797 -0.8640043 -0.3032994 -0.4018783 -0.9635192 -0.1334129 -0.2320167 -0.8638953 -0.3033791 -0.4020522 -0.9635675 -0.13322 -0.231927 -0.9900645 -0.03698706 -0.1356626 -0.8638988 -0.3033593 -0.4020597 -0.7977687 -0.3742229 -0.4727814 -0.871838 -0.2935274 -0.3920972 -0.9279636 -0.2094907 -0.3082165 -0.9635664 -0.1332417 -0.2319189 -0.9671199 -0.1236034 -0.2222641 -0.7068378 -0.1961884 -0.6796253 -0.4361169 0.008694291 -0.8998481 -0.6915909 -0.2232478 -0.6869224 -0.7049025 -0.223208 -0.6732687 -0.6782815 -0.2540156 -0.6895001 -0.7189404 -0.1784089 -0.6717849 -0.5164147 -0.03620004 -0.8555732 -0.5888526 -0.07623308 -0.8046373 -0.6488251 -0.1080259 -0.7532308 -0.6977069 -0.2532379 -0.6701312 -0.6667258 -0.2710887 -0.6942533 -0.6582964 -0.2803865 -0.698591 -0.71675 -0.2218235 -0.661108 -0.7281712 -0.1954165 -0.6569469 -0.728364 -0.2217532 -0.6483144 -0.7186505 -0.2457416 -0.6505018 -0.6971929 -0.2646586 -0.6662416 -0.7385268 -0.1790412 -0.6500173 -0.7374774 -0.1954489 -0.6464725 -0.7472217 -0.179314 -0.6399268 -0.7750708 -0.1496047 -0.6139085 -0.747031 -0.1969113 -0.6349573 -0.7425177 -0.2220878 -0.6319372 -0.7561687 -0.1808393 -0.6288929 -0.7583631 -0.1990768 -0.6206883 -0.766992 -0.182827 -0.6150591 -0.6968901 -0.2652528 -0.6663221 -0.6572469 -0.281996 -0.6989313 -0.6511264 -0.2742621 -0.7076827 0.04073911 0.1799876 -0.9828249 0.02441537 0.1706051 -0.985037 0.0328949 0.1745496 -0.9840989 0.05599039 0.1900973 -0.9801675 0.04607295 0.1825124 -0.9821235 0.0684483 0.2018883 -0.9770138 0.06846272 0.2000921 -0.9773822 0.07837504 0.2153749 -0.9733813 0.07724803 0.2107268 -0.9744881 0.08876442 0.2307884 -0.9689468 0.08452111 0.2223427 -0.9712982 0.09625297 0.2586389 -0.9611667 0.09720039 0.2451407 -0.9646027 0.1009506 0.2587846 -0.9606454 0.09835469 0.2693382 -0.9580101 0.09765845 0.2651445 -0.9592505 0.09792602 0.2822258 -0.954337 0.1005424 0.2753345 -0.9560765 0.08863234 0.295216 -0.9513106 0.09895575 0.2886461 -0.9523084 0.09021717 0.2995145 -0.9498169 0.08823597 0.2989904 -0.950168 0.08790755 0.2964339 -0.9509991 0.08698147 0.2975315 -0.9507415 0.08616721 0.2986674 -0.9504594 0.001814484 0.1674326 -0.9858819 0.01041775 0.1670002 -0.9859019 4.10336e-5 0.1677099 -0.9858364 -4.89957e-4 0.1677248 -0.9858337 0.007095456 0.1669874 -0.9859336 0.01347076 0.1671516 -0.9858393 0.01950216 0.1683111 -0.985541 0.02556568 0.1709116 -0.9849546 0.04195588 0.1803845 -0.982701 0.05712157 0.1905962 -0.9800053 0.05802989 0.1907361 -0.9799247 0.06989032 0.2025335 -0.9767782 0.07985973 0.2163029 -0.9730547 0.08936321 0.2311983 -0.9687939 0.09177029 0.233757 -0.9679545 0.09861415 0.2462391 -0.9641793 0.09935724 0.2461249 -0.9641322 0.09768128 0.2600208 -0.9606496 0.09874254 0.269683 -0.9578732 0.0990411 0.2838282 -0.9537465 -0.6231164 0.7816727 0.02671736 -0.262048 0.9644446 -0.03431713 -0.3656882 0.9299541 -0.03818005 -0.6266239 0.7789008 0.02561295 -0.6198219 0.78426 0.02751398 -0.1396282 0.9897366 -0.03042215 -0.6299158 0.7762603 0.02502334 -0.4649272 0.8843167 -0.04274231 -0.6172026 0.7862936 0.02834552 -0.6339101 0.7730233 0.02435338 -0.6145719 0.788319 0.0292325 -2.33424e-4 0.9995887 -0.02867561 -0.6383276 0.7693958 0.023835 -0.5596302 0.8273208 -0.04852336 -0.6434352 0.7651524 0.02308642 -0.6127638 0.7896592 0.03097164 -0.6495839 0.7599604 0.02238535 -0.64594 0.7613767 -0.05538231 -0.6118535 0.7902941 0.03272199 -0.6566517 0.7538782 0.0218237 -0.6637859 0.747617 0.02138042 -0.7264707 0.6841662 -0.06447529 -0.6707823 0.7413581 0.02096378 4.70728e-5 0.9914994 0.1301118 -0.612829 0.7894541 0.03468441 -0.6778918 0.7348697 0.02072095 -0.798632 0.5969918 -0.07607734 -0.685125 0.7281361 0.02053177 -0.6982009 0.7156108 0.0204162 -0.8604585 0.5014327 -0.09042376 -0.07356166 0.9888305 0.1296265 -0.6159319 0.786942 0.03674757 -0.7160809 0.6977129 0.02061659 -0.9104188 0.39938 -0.1078591 -0.1462264 0.9809396 0.1279667 -0.6225954 0.7815507 0.03941547 -0.7332123 0.6796664 0.02129215 -0.9475404 0.2926245 -0.1286009 -0.2708058 0.9547171 0.1232054 -0.631656 0.7741281 0.04167103 -0.7587175 0.6510024 0.02331638 -0.9713048 0.1817971 -0.1533516 -0.3984846 0.9098282 0.1158569 -0.7888419 0.6139605 0.02794754 -0.5240879 0.8450242 0.1061427 -0.7378571 0.671806 0.06514334 -0.6510452 0.7533202 0.09300059 -0.7742429 0.628368 0.0755105 -0.8364015 0.546159 0.04629021 -0.871208 0.4878626 0.05465185 -0.9484545 0.3159728 0.02440309 -0.8088362 0.5870684 0.03368777 -0.9881398 0.1529121 -0.01406097 -0.7761012 -0.1466395 -0.6133221 -0.774419 -0.04874604 -0.6307924 -0.7140777 -0.1580543 -0.6819912 -0.8041172 0.07667285 -0.5895057 -0.06918376 0.8654163 -0.4962543 -4.68179e-4 0.8683031 -0.4960338 -2.04541e-4 0.7985866 -0.60188 -0.1093859 0.7985372 -0.5919233 -0.06924879 0.8652466 -0.4965411 -0.1091159 0.8625062 -0.4941425 -0.2064452 0.8470203 -0.4898339 -0.2446503 0.8409571 -0.4826361 -0.2171894 0.7890076 -0.5747138 -0.2450738 0.8408737 -0.4825665 -0.290396 0.824344 -0.4859293 -0.3715152 0.7921334 -0.4842534 -0.4527719 0.755931 -0.4728277 -0.3262636 0.7628705 -0.5581942 -0.4345176 0.7171823 -0.544834 -0.4533877 0.7556754 -0.4726461 -0.4504523 0.7503367 -0.483826 -0.5227471 0.6998466 -0.4867755 -0.5895239 0.6393949 -0.4935948 -0.6320536 0.6088699 -0.4793599 -0.5376873 0.6511473 -0.5356303 -0.6311143 0.56507 -0.5314046 -0.6328372 0.6083514 -0.478984 -0.6501389 0.5705531 -0.5017853 -0.7020859 0.4944013 -0.5124868 -0.760681 0.4104437 -0.5028921 -0.7990723 0.236958 -0.5525707 -0.7775173 0.3266897 -0.537346 -0.7098813 0.4609414 -0.5325427 -0.76036 0.4092873 -0.5043181 -0.7448855 0.4127654 -0.5241854 -0.8230261 0.1828452 -0.5377693 -0.8109967 -7.94005e-4 -0.5850502 -0.8131834 0.1189404 -0.5697247 -0.7693879 0.3419796 -0.5395299 -0.8037578 0.2128068 -0.5555959 -0.8230462 0.1817411 -0.5381126 -0.8168456 -0.03508061 -0.5757887 -0.7976931 -0.07547247 -0.5983224 -0.8162584 -0.03605711 -0.5765607 3.90559e-5 0.7070491 0.7071645 0.1734281 0.6964194 0.696364 5.12302e-5 0.7070061 0.7072075 0.1738342 0.6964395 0.6962426 0.3422299 0.6645046 0.6643135 0.342235 0.6644184 0.6643971 0.5001455 0.6123063 0.6123199 0.5000844 0.6123107 0.6123653 0.6427344 0.5416777 0.5417361 0.6430772 0.5415005 0.5415063 0.7660372 0.454491 0.4545602 0.7660114 0.4544841 0.4546106 0.8660125 0.3535297 0.3536086 0.8659656 0.353604 0.3536492 0.9396613 0.2419092 0.2419021 0.9396829 0.2418739 0.2418537 0.9847492 0.1230273 0.1230182 0.9847632 0.1229653 0.1229674 1 5.08961e-6 8.84198e-6 1 8.23087e-5 7.10587e-5 0.9847748 -0.122917 -0.1229234 0.9847679 -0.122941 -0.1229548 0.9395652 -0.2421036 -0.242081 0.9395477 -0.2421217 -0.2421309 0.8660686 -0.3534741 -0.3535272 0.8658052 -0.3538189 -0.3538271 0.7663657 -0.4542814 -0.454216 0.7660822 -0.4546083 -0.454367 0.6429435 -0.5415471 -0.5416185 0.6428065 -0.5417157 -0.5416123 0.4999541 -0.6123696 -0.6124128 0.4998564 -0.6124175 -0.6124447 0.3420009 -0.6644452 -0.6644908 0.3421908 -0.664364 -0.6644742 0.1735633 -0.6964348 -0.6963149 0.1736393 -0.6963746 -0.6963561 5.0101e-5 -0.7071776 -0.7070359 3.16444e-4 -0.7072722 -0.7069413 -0.1736698 -0.6963372 -0.6963859 -0.1736394 -0.6963706 -0.6963601 -0.341993 -0.6644707 -0.6644694 -0.3421046 -0.6644657 -0.6644169 -0.4999035 -0.612397 -0.6124267 -0.4998497 -0.6124138 -0.6124538 -0.6429256 -0.5415283 -0.5416585 -0.6427631 -0.5417131 -0.5416666 -0.7663828 -0.4542308 -0.4542379 -0.7660695 -0.4545761 -0.4544206 -0.8658068 -0.3538281 -0.353814 -0.865822 -0.3538392 -0.3537658 -0.939669 -0.2418779 -0.2419035 -0.939653 -0.2419186 -0.2419248 -0.984768 -0.1229448 -0.1229499 -0.9847729 -0.122923 -0.1229318 -1 9.9805e-6 5.40725e-6 -1 7.81427e-5 8.10868e-5 -0.9847637 0.1229655 0.1229636 -0.9847495 0.1230333 0.1230098 -0.9396684 0.2419071 0.2418769 -0.9396824 0.2418584 0.2418714 -0.866011 0.3535484 0.3535935 -0.8659608 0.3535907 0.3536743 -0.7660025 0.4545205 0.4545893 -0.7660139 0.4544836 0.4546069 -0.6429831 0.5415566 0.5415618 -0.6430899 0.5415261 0.5414655 -0.5004262 0.6122291 0.6121676 -0.5000768 0.6123447 0.6123375 -0.3420641 0.6644863 0.6644172 -0.3417559 0.6645772 0.6644848 -0.1736377 0.6963562 0.6963749 -0.1734271 0.69642 0.6963636 -4.02555e-5 0.707013 0.7072005 -5.18039e-5 0.707025 0.7071887 7.12279e-5 0.7070989 -0.7071147 1.12202e-5 0.7069725 -0.7072411 -2.28432e-4 0.7069068 -0.7073067 -1.26344e-4 0.7072396 -0.706974 1.29981e-4 0.7068424 -0.7073711 4.56943e-5 0.7070914 -0.7071222 -1.3227e-5 0.7071033 -0.7071104 -3.86853e-5 0.7070501 -0.7071635 3.38845e-5 0.7070819 -0.7071318 -3.77266e-5 0.7071124 -0.7071013 -1.37891e-5 0.7071283 -0.7070853 1.78661e-5 0.7071866 -0.707027 -1.41674e-4 0.7070977 -0.7071159 -8.12318e-5 0.7070068 -0.7072069 2.77153e-4 0.706921 -0.7072926 -1.56203e-4 0.7072328 -0.7069808 5.48062e-5 0.7070177 -0.7071959 1.2828e-4 0.7069913 -0.7072222 -2.38178e-5 0.7070572 -0.7071564 2.0009e-4 0.7070831 -0.7071305 -2.09222e-5 0.7071233 -0.7070903 4.74053e-5 0.7067952 -0.7074183 1.37357e-5 0.7070984 -0.7071152 -3.24685e-5 0.7071285 -0.7070851 -2.95701e-5 0.7072883 -0.7069253 -7.17428e-5 0.7070659 -0.7071477 2.12158e-5 0.7071348 -0.7070789 1.12921e-5 0.7071339 -0.7070797 -4.30599e-5 0.706984 -0.7072296 5.63238e-6 0.707219 -0.7069946 -7.18283e-7 0.7078503 -0.7063625 -2.14841e-4 0.7074194 -0.706794 -2.78551e-4 0.706796 -0.7074174 2.11666e-4 0.7074934 -0.7067199 -8.53604e-5 0.7072718 -0.7069417 1.51416e-5 0.7071965 -0.707017 -7.50052e-5 0.7075338 -0.7066795 -2.09448e-4 0.7067937 -0.7074198 1.87612e-4 0.7072902 -0.7069233 9.80339e-6 0.7071717 -0.7070419 3.29435e-4 0.7070239 -0.7071896 5.94948e-5 0.7073941 -0.7068193 1.77318e-4 0.7071334 -0.7070803 2.58826e-4 0.7070834 -0.7071302 1.91656e-4 0.7070522 -0.7071614 1.78973e-5 0.7069817 -0.7072318 2.28047e-4 0.7069367 -0.7072768 1.46077e-4 0.7069306 -0.7072829 1.39083e-6 0.7071431 -0.7070705 -1.24933e-4 0.7074036 -0.7068098 -3.14948e-5 0.7067697 -0.7074438 -2.12574e-5 0.7073659 -0.7068477 -1.29362e-4 0.7070854 -0.7071282 -8.18874e-5 0.7070888 -0.7071249 4.59311e-5 0.7070986 -0.707115 0 0.7071098 -0.7071039 -4.586e-5 0.7071056 -0.7071079 7.11364e-5 0.7070915 -0.7071221 1.87931e-5 0.7071057 -0.7071079 1.22706e-5 0.7069526 -0.7072609 2.03715e-4 0.7054446 -0.7087652 1.16305e-5 0.7071396 -0.7070739 -1.14724e-4 0.7072999 -0.7069137 -1.07361e-4 0.7087234 -0.7054866 1.42752e-4 0.7071952 -0.7070183 1.05335e-4 0.7071768 -0.7070369 -7.9833e-6 0.7079846 -0.7062278 8.15483e-5 0.7071385 -0.707075 -2.27775e-6 0.7066876 -0.7075257 9.04594e-6 0.7079086 -0.706304 1.01763e-4 0.7056751 -0.7085356 8.6613e-7 0.7072311 -0.7069824 -1.31231e-4 0.7074323 -0.7067812 8.544e-5 0.7088111 -0.7053984 -3.59035e-5 0.7067999 -0.7074136 2.87744e-6 0.7072497 -0.706964 1.06491e-4 0.7053465 -0.7088628 -2.29746e-7 0.7070968 -0.7071168 -5.62828e-5 0.7075883 -0.7066251 -1.32932e-5 0.7070493 -0.7071643 -5.62347e-6 0.7068924 -0.7073212 -2.84923e-5 0.7068051 -0.7074084 0 0.7067249 -0.7074885 -1.41922e-6 0.7045383 -0.709666 -1.93283e-4 0.7071464 -0.7070671 1.20169e-4 0.7071855 -0.7070281 3.79304e-5 0.7072598 -0.7069538 -9.38988e-6 0.7072899 -0.7069236 -1.79435e-5 0.7070097 -0.7072039 2.29687e-7 0.707152 -0.7070615 4.78975e-5 0.7079464 -0.7062662 -5.17328e-5 0.7053782 -0.7088312 9.47188e-5 0.7074018 -0.7068117 6.54359e-5 0.7068545 -0.7073591 6.25903e-4 0.7062484 -0.7079639 2.48354e-4 0.7072248 -0.7069887 2.10991e-4 0.7054514 -0.7087583 -6.23395e-5 0.7077721 -0.7064409 2.24464e-4 0.7074366 -0.7067768 3.39798e-4 0.7070574 -0.7071561 1.27936e-5 0.7069626 -0.707251 3.47337e-5 0.7080374 -0.7061749 -6.16807e-5 0.7069522 -0.7072613 -4.46814e-5 0.7070447 -0.7071688 -1.19465e-6 0.7072931 -0.7069205 0 0.7080156 -0.7061969 -6.80513e-5 0.706687 -0.7075263 -7.44048e-5 0.7071197 -0.707094 3.81282e-4 0.7072116 -0.7070019 -6.26303e-4 0.706248 -0.7079643 1.67904e-4 0.7069831 -0.7072305 -2.04054e-4 0.7054444 -0.7087653 6.26605e-5 0.7067863 -0.7074271 -4.49845e-5 0.7077609 -0.7064521 -2.08521e-4 0.7060101 -0.7082018 2.00546e-4 0.707955 -0.7062575 -8.49973e-5 0.7074228 -0.7067907 1.03442e-4 0.7071138 -0.7070999 -6.35283e-5 0.708357 -0.7058544 -1.80336e-4 0.7075614 -0.7066519 -1.49758e-5 0.706883 -0.7073305 -2.46419e-6 0.7071732 -0.7070404 -3.00265e-5 0.7064912 -0.7077219 1.09522e-4 0.705371 -0.7088384 1.01181e-4 0.7070516 -0.707162 -1.07562e-4 0.7067615 -0.707452 9.37516e-5 0.7071751 -0.7070384 2.33899e-5 0.7073829 -0.7068306 -5.33625e-5 0.7053442 -0.708865 8.87358e-6 0.7070264 -0.7071871 6.33018e-4 0.7062515 -0.7079608 4.01959e-5 0.7070425 0.7071711 0.1737201 0.6962931 0.6964175 5.18709e-5 0.7069985 0.7072151 0.1736378 0.6963563 0.6963748 0.34223 0.6645007 0.6643173 0.3420637 0.6644846 0.6644191 0.5001451 0.6123074 0.6123189 0.5000838 0.6123102 0.6123663 0.6429753 0.5415931 0.5415346 0.6426884 0.5417457 0.5417225 0.7660337 0.4544984 0.4545586 0.7660125 0.4544815 0.4546113 0.8660116 0.3535324 0.3536081 0.8659678 0.3535974 0.3536506 0.9396609 0.2419111 0.241902 0.9396815 0.2418792 0.2418532 0.9847484 0.1230331 0.1230181 0.9847638 0.12296 0.1229675 1 1.04624e-5 8.82056e-6 1 6.89816e-5 7.1111e-5 0.984775 -0.1229154 -0.1229234 0.9847671 -0.1229467 -0.1229547 0.8658209 -0.3538306 -0.3537772 0.8660574 -0.35356 -0.3534687 0.7660421 -0.4545499 -0.4544932 0.7660795 -0.4546101 -0.4543698 0.6429436 -0.541547 -0.5416182 0.6430211 -0.5414711 -0.5416023 0.4999527 -0.6123731 -0.6124106 0.4998579 -0.6124149 -0.612446 0.3419908 -0.6644886 -0.6644526 0.3419845 -0.6645087 -0.6644356 0.1736294 -0.6963831 -0.6963502 0.1736957 -0.6964504 -0.6962663 -7.706e-6 -0.7071873 -0.7070263 3.66685e-7 -0.7070276 -0.707186 -0.1736444 -0.696455 -0.6962744 -0.1736392 -0.6963746 -0.6963561 -0.3419919 -0.6644703 -0.6644703 -0.3421022 -0.6644666 -0.6644173 -0.4998998 -0.6123953 -0.6124315 -0.4998416 -0.6124195 -0.6124548 -0.6430072 -0.5415138 -0.5415761 -0.642933 -0.5415208 -0.5416572 -0.7663804 -0.4542359 -0.4542367 -0.7661888 -0.4544511 -0.4543446 -0.8660606 -0.3535487 -0.3534721 -0.8659769 -0.3536017 -0.3536239 -0.9395601 -0.2421143 -0.2420901 -0.9396622 -0.2419028 -0.241905 -0.9847704 -0.1229326 -0.1229421 -0.984768 -0.1229349 -0.1229594 -1 1.69368e-5 6.20556e-6 -1 7.37788e-5 8.08627e-5 -0.9847499 0.1230297 0.1230094 -0.9847645 0.1229609 0.1229621 -0.9396686 0.2419061 0.2418769 -0.939683 0.2418556 0.2418715 -0.866012 0.3535457 0.353594 -0.8659574 0.3536008 0.3536726 -0.766001 0.4545238 0.4545885 -0.766016 0.4544798 0.4546074 -0.6426029 0.5417044 0.5418653 -0.642707 0.5417703 0.5416759 -0.5000678 0.6123493 0.6123402 -0.5001401 0.6123245 0.612306 -0.3417425 0.6645609 0.6645081 -0.3420597 0.6644317 0.664474 -0.1734212 0.6964397 0.6963453 -0.173358 0.6964811 0.6963196 -3.89665e-5 0.7071382 0.7070754 -5.11706e-5 0.7070326 0.707181 0.08949637 0.4809431 -0.8721722 0.1192705 0.4513688 -0.8843308 0.09343582 0.4852738 -0.8693556 0.08111453 0.4784004 -0.8743875 -0.03744739 0.5736603 -0.8182369 -0.07108366 0.4885274 -0.8696483 -7.10286e-4 0.481136 -0.8766457 0.03526908 0.6532199 -0.7563464 0.07229745 0.4883777 -0.8696323 0.1119379 0.6515306 -0.7503186 0.07603776 0.4919324 -0.8673067 0.09621 0.6509997 -0.7529562 0.1389585 0.6472656 -0.7494917 0.1594721 0.6390277 -0.7524708 0.08088731 0.4942543 -0.8655461 0.1995734 0.6109935 -0.7660663 0.08532983 0.4944412 -0.8650126 0.2123479 0.5980304 -0.7728312 0.09015238 0.4925286 -0.8656144 0.2245731 0.5843438 -0.7798137 0.2355511 0.5682342 -0.7884324 0.09349447 0.4892914 -0.8670945 0.9529321 0.2771177 -0.1229891 0.999289 -0.02891647 -0.02419734 0.9082117 0.3272484 0.2608832 0.8105859 0.1864345 -0.5551511 0.8125465 0.3822496 -0.4400607 0.3677194 0.3837187 -0.8470788 0.25299 0.5311987 -0.8085938 -0.04442232 0.8733764 -0.485016 -0.0362553 0.6616169 -0.748965 -0.03003937 0.9885025 -0.148191 0.1775292 0.9708962 -0.1607606 0.1161628 0.7312159 0.6721827 0.148079 0.9755415 -0.1624543 0.2750205 0.9467758 -0.1672703 0.3803913 0.6916244 0.6139693 0.3316048 0.9264055 -0.1783571 0.3712503 0.9091788 -0.1885925 0.4473187 0.8672267 -0.2186868 0.7344339 0.5067597 0.4514438 0.5651273 0.7697758 -0.2967766 0.5803478 0.7527679 -0.310704 0.5952667 0.735903 -0.3226519 0.6093667 0.7169535 -0.3386 0.6655216 0.6274329 -0.4042387 0.6898202 0.573884 -0.4413675 -0.002461671 0.935396 0.3535935 0.02269917 0.7351452 0.6775295 -0.003314435 0.9320617 0.3622844 0.008830428 0.5470361 -0.8370625 3.61521e-4 0.9348456 0.3550541 0.01177012 0.9857697 -0.167689 -0.007351398 0.9337123 0.357949 0.02564531 0.9852786 -0.1690219 0.0615819 0.544713 -0.8363585 -0.06580388 0.6059942 -0.7927427 -0.07055318 0.5475993 -0.8337609 -0.0293591 0.9958466 -0.08618372 -0.02467191 0.9217374 -0.3870291 -0.02786934 0.8482187 -0.5289126 -0.01482099 0.5953495 -0.8033301 -0.009049773 0.823534 -0.5671949 0.01301133 0.728851 -0.6845487 0.02999699 0.9162155 -0.3995613 0.05167227 0.7253308 -0.6864584 0.06126821 0.7210105 -0.6902102 -0.005892276 0.9440966 0.3296165 -0.02393305 0.996349 0.08195054 -0.03666687 0.9857823 -0.1639786 -0.04055756 0.9748565 -0.2191118 -0.05213332 0.88134 -0.4695976 -0.05824249 0.8170923 -0.5735573 -0.05581587 0.7968204 -0.6016328 -0.01377272 0.9996188 -0.02393072 -0.01658594 0.9919002 -0.1259326 -0.01781427 0.874771 -0.4842091 -0.01129472 0.9869765 -0.160468 0.01778078 0.9992004 -0.0358107 0.0336129 0.9538741 -0.2983198 0.04925876 0.8146393 -0.5778725 0.03467684 0.9521639 -0.3036144 -0.04344332 0.9715471 -0.2328281 -0.06351119 0.7804432 -0.6219926 -0.03926777 0.9815372 -0.1871978 -0.01296442 0.9961801 -0.08635538 -0.01566582 0.7766163 -0.6297792 0.07650309 0.9085117 0.4107967 0.09741526 0.8397934 -0.534095 0.06067031 0.8861984 -0.4593163 0.06318467 0.9971855 -0.04036027 -0.06600362 0.7159768 -0.694997 0.02628952 0.9977173 0.06220304 -0.08969908 0.4818621 -0.8716439 -0.1271323 0.4490425 -0.8844197 -0.0808798 0.4800769 -0.8734899 -0.09470319 0.4853147 -0.8691956 -0.07405871 0.4916902 -0.8676153 -0.06463396 0.5472623 -0.8344618 -0.07837557 0.4946529 -0.8655495 -0.07108318 0.4881682 -0.86985 -0.953872 0.2684812 -0.1343361 -0.91414 0.3178291 0.2516599 -0.9998949 -0.01182609 -0.008393228 -0.8182151 0.1970286 -0.5400962 -0.812874 0.3756406 -0.4451179 -0.3779988 0.3800038 -0.844224 -0.2714068 0.5319541 -0.8020993 -0.09616351 0.4900054 -0.8663991 -0.2647821 0.5525403 -0.7903099 -0.09417659 0.4941951 -0.864235 -0.2400857 0.5927159 -0.7687957 -0.08949285 0.4963748 -0.8634832 -0.2258341 0.6087745 -0.7605213 -0.2097303 0.6221923 -0.754248 -0.08372128 0.4961822 -0.8641725 -0.2386443 0.9707067 0.0278868 -0.009261071 0.7353722 0.6776002 -0.3883254 0.6727362 0.6297854 -0.04846668 0.9954278 0.0823071 -0.06090784 0.7794913 -0.623445 -0.1733406 0.6440474 -0.7450879 -0.7013089 0.5585687 -0.4429073 -0.6914933 0.5865973 -0.421593 -0.6294606 0.7042428 -0.3283618 -0.6868226 0.5361262 0.4907581 -0.5888646 0.7549077 -0.2887092 -0.568371 0.7768359 -0.2710731 -0.5466965 0.7969537 -0.2568811 -0.4469224 0.8701347 -0.2076683 -0.3895637 0.9016516 -0.1877886 0.3933777 -0.6746716 -0.6245576 0.02057456 -0.7335219 -0.6793544 0.02009302 -0.7335104 -0.6793812 0.4069356 -0.6702111 -0.6206614 0.7053116 -0.5202093 -0.4815785 0.7333455 -0.4988319 -0.4619212 0.9233326 -0.2817866 -0.2608704 0.9310411 -0.2678086 -0.2478733 1 -1.41714e-4 -1.0661e-4 1 -4.8697e-5 1.03191e-4 0.002654314 -0.7337903 -0.6793709 0.002658724 -0.7338079 -0.6793519 8.61306e-4 -0.7378567 -0.6749569 -9.13202e-4 -0.7404291 -0.672134 -0.002708494 -0.7307587 -0.6826305 -0.002689957 -0.7274155 -0.686192 8.64507e-4 -0.7335056 -0.6796829 0.002580285 -0.7337645 -0.6793991 -9.01242e-4 -0.733635 -0.6795431 -0.00270164 -0.7334512 -0.6797368 -1 0 0 -1 0 0 -1 0 0 -1 0 0 0.004194021 -0.1484452 -0.9889118 8.74305e-4 -0.7317323 -0.6815916 0.002615571 -0.7304348 -0.6829774 0.007221043 0.4607722 -0.8874891 0.002382695 0.460687 -0.8875595 6.61938e-5 -0.1500177 -0.9886834 -9.72382e-4 -0.7327066 -0.680544 -0.002621769 0.4609233 -0.8874362 -0.004351258 -0.1498928 -0.9886928 -0.007284462 0.4605399 -0.8876091 -0.002519249 -0.7337478 -0.6794173 -0.9200818 0.2874317 0.2661438 -1 2.52873e-5 2.61217e-5 -1 3.44962e-5 5.25787e-5 -0.9170207 0.2925681 0.2710664 -0.6895548 0.5312932 0.4921808 -0.6818662 0.5365651 0.4971484 -0.3681467 0.6822755 0.6316393 -0.3612295 0.6840813 0.6336766 0.0111491 0.7338289 0.679243 0.01121902 0.7332996 0.6798131 -0.02292352 0.7334748 0.6793301 0.02301806 0.7334727 0.6793292 0.02301776 0.7334741 0.6793276 -0.02292382 0.733474 0.6793309 0.9297522 0.2700971 0.2502171 1 4.97401e-5 3.22089e-5 1 6.02379e-6 -8.79466e-5 0.9273773 0.274571 0.2541304 0.7281586 0.5030431 0.4655455 0.7199577 0.5092795 0.471482 0.3649401 0.6833134 0.6323778 0.3806422 0.6785176 0.6282718 -0.02232539 0.7337328 0.6790713 -0.02257633 0.7337908 0.6790003 -0.863881 0.4019847 0.3035093 -0.8639348 0.402031 0.3032953 -0.8639898 0.4019568 0.3032365 -0.8639145 0.4020198 0.3033676 -0.8639171 0.4020226 0.3033567 -0.8639206 0.40201 0.3033632 0.5427594 -0.5624448 -0.6237533 0.4233555 -0.5884611 -0.6888279 0.5411334 -0.5633277 -0.624369 0.1569511 -0.6856455 -0.710814 -1.81578e-4 -0.693679 -0.7202843 -8.23662e-5 -0.6017895 -0.7986549 0.1546277 -0.6012642 -0.7839463 0.3048904 -0.6630863 -0.6836362 0.3025975 -0.5982862 -0.7419492 0.810254 -0.3990941 -0.4292 0.7595531 -0.4435889 -0.4757184 0.7600446 -0.442688 -0.4757728 0.7604613 -0.442119 -0.4756358 0.7643376 -0.4379704 -0.4732547 0.4647909 -0.6206357 -0.6314909 0.6090648 -0.5623956 -0.5592418 0.7338983 -0.4896587 -0.4707737 0.615023 -0.5350309 -0.5792139 0.698656 -0.4898876 -0.5214307 0.8368524 -0.4005373 -0.3731594 0.9150518 -0.2938337 -0.2763004 0.9710547 -0.1672518 -0.1705277 0.8997821 -0.2883259 -0.3275061 0.9556505 -0.141376 -0.2583506 0.996674 -0.0166465 -0.07977432 0.9788914 0.004417419 -0.2043337 0.9880721 0.1533045 -0.01453375 0.9801287 0.08472001 -0.1793613 0.9732745 0.1677247 -0.1568612 -0.9968811 0.06556105 -0.04393273 -0.9881497 0.1528502 -0.01404643 -0.9734342 0.1672357 -0.1563914 -0.9801213 0.02376109 -0.1969718 -0.7597337 -0.4433542 -0.4756488 -0.8104528 -0.3995314 -0.4284172 -0.7636618 -0.4392419 -0.4731674 -0.7595887 -0.4438755 -0.4753941 -0.7588821 -0.4449355 -0.4755318 -0.9967227 -0.01695626 -0.07909828 -0.9622753 -0.1148473 -0.2466505 -0.9380125 -0.1994497 -0.2834649 -0.9800719 -0.1348517 -0.1458563 -0.8996251 -0.2893832 -0.3270048 -0.3867624 -0.5928114 -0.706392 -0.5418574 -0.563161 -0.6238912 -0.5400996 -0.5640052 -0.6246524 -0.9474644 -0.2303719 -0.2219013 -0.9093353 -0.3042203 -0.2838298 -0.8556132 -0.3801476 -0.3513033 -0.7906075 -0.4458014 -0.419763 -0.6979973 -0.4910688 -0.5212017 -0.6145371 -0.5359323 -0.5788961 -0.7280287 -0.4942734 -0.4750453 -0.6507443 -0.5414 -0.5323702 -0.5561573 -0.586702 -0.588617 -0.4422465 -0.6281384 -0.6402034 -0.2265732 -0.60053 -0.7668302 -0.3089069 -0.6624339 -0.6824647 -0.1154357 -0.6014941 -0.7904933 -0.1592065 -0.6855054 -0.7104476 1.48792e-4 -0.6017991 -0.7986476 1.33017e-4 -0.693671 -0.720292 0.6929931 0.7206615 0.02018707 0.8650265 0.4931832 -0.09219282 0.7729901 0.6303348 -0.07186549 0.7061037 0.7078211 0.0201745 0.7199403 0.6937347 0.02045083 0.9320296 0.342262 -0.1190695 0.6823242 0.7307656 0.02038061 0.7376992 0.6747946 0.02126771 0.6709517 0.7412093 0.02080029 0.6674684 0.7443404 0.0210582 0.6608955 0.7482951 -0.05719828 0.6639319 0.7474923 0.02120798 0.6580369 0.7526772 0.02155613 0.6536281 0.7564991 0.02189821 0.7563966 0.6537165 0.02278542 0.9711456 0.182217 -0.1538612 0.6492987 0.7602027 0.02243155 0.5322597 0.8452854 -0.04682278 0.6450641 0.7637883 0.02279913 0.6404942 0.7676108 0.02325612 0.6354481 0.7717658 0.02415561 0.3909407 0.9195708 -0.03943437 0.7782863 0.6273871 0.02561324 0.9880596 0.1533893 -0.01449751 0.6308581 0.7754978 0.02493029 0.6271027 0.7785121 0.0257107 0.2376266 0.9707778 -0.03352767 0.6220562 0.7825199 0.02662527 0.6183558 0.7854026 0.02791148 0.1286019 0.9912336 -0.03029108 0.796193 0.6043345 0.02926599 0.6144939 0.7883681 0.02954775 2.39953e-4 0.9995876 -0.02871787 0.6121543 0.7901113 0.03148573 0.8087647 0.5871815 0.03343194 0.9635695 0.2671089 0.0136668 0.8362637 0.5463975 0.04596799 0.9217136 0.3860833 0.03719872 0.8693246 0.4911969 0.05477577 0.7993564 0.5966893 0.0706489 0.7378236 0.6718677 0.06488591 0.72022 0.6886708 0.08375996 0.6490681 0.7550252 0.09299284 0.5670153 0.8173801 0.1018998 0.6317168 0.7740916 0.04142558 0.4735271 0.8738555 0.1102207 0.3685051 0.9221445 0.1177014 0.2528948 0.9595213 0.1239485 0.6190457 0.7844386 0.03792786 0.1288636 0.983313 0.1284126 0.6127398 0.7895337 0.03444457 -3.30983e-5 0.9915 0.1301072 1 2.13374e-6 0 1 1.14393e-6 0 1 4.56671e-6 0 -1 -1.00458e-5 0 -1 4.01649e-6 0 -1 3.72923e-6 0 -1 9.35769e-6 0 0.6207631 -0.1209458 -0.7746131 0.5429334 -0.1596523 -0.8244603 0.5537651 -0.1590423 -0.8173431 0.6183325 -0.118151 -0.7769848 0.6767044 -0.07554072 -0.7323693 0.6695402 -0.07616978 -0.73886 0.6841292 -0.07484906 -0.7255101 0.5158579 -0.1610378 -0.8414022 0.5429121 -0.1596549 -0.8244738 0.4522888 -0.1025031 -0.8859616 0.4374687 -0.1033564 -0.8932742 1.91191e-5 0.7071538 -0.7070598 -1.62755e-4 0.7071645 -0.7070491 -1.97615e-4 0.7071453 -0.7070682 -1.8895e-5 0.7071452 -0.7070685 1.04924e-4 0.7071798 -0.7070338 -2.26929e-5 0.706505 -0.7077081 9.08929e-5 0.7071731 -0.7070406 -1.41271e-5 0.7074174 -0.7067961 -1.0895e-4 0.7070862 -0.7071274 7.46532e-5 0.7071308 -0.7070829 4.27942e-5 0.707376 -0.7068375 -1.11883e-5 0.7072093 -0.7070044 -3.22038e-5 0.7071011 -0.7071126 -9.24699e-6 0.7071481 -0.7070655 6.68053e-5 0.7071309 -0.7070827 -4.92451e-7 0.7072106 -0.707003 1.43093e-4 0.7071893 -0.7070243 -1.0551e-4 0.706983 -0.7072305 9.8349e-5 0.7072845 -0.7069291 8.95857e-5 0.7070507 -0.707163 5.9711e-5 0.7071362 -0.7070773 5.4003e-5 0.7068732 -0.7073403 2.30919e-4 0.7070021 -0.7072114 -1.80775e-5 0.7071363 -0.7070774 -8.88779e-5 0.7071077 -0.7071059 -9.6122e-5 0.7071288 -0.7070848 -1.00314e-4 0.7069782 -0.7072354 -2.29972e-4 0.706905 -0.7073085 7.12602e-6 0.7070127 -0.707201 5.63818e-5 0.7070466 -0.707167 1.66079e-5 0.7071413 -0.7070723 2.54957e-5 0.707134 -0.7070795 -3.92352e-5 0.7072131 -0.7070005 -3.21742e-5 0.7070562 -0.7071573 4.53888e-6 0.7069411 -0.7072725 1.47544e-4 0.7069626 -0.707251 1.21511e-4 0.7071056 -0.7071081 -1.04425e-4 0.707161 -0.7070525 3.83685e-4 0.7072622 -0.7069513 0 0.7070547 -0.7071589 1.00313e-4 0.7072073 -0.7070063 -1.93382e-5 0.7071234 -0.7070903 4.7626e-5 0.7071055 -0.7071082 0 0.7070316 -0.7071821 4.90684e-5 0.7069992 -0.7072144 1.27627e-5 0.706977 -0.7072366 -3.83673e-4 0.7072495 -0.706964 1.04427e-4 0.7071604 -0.7070532 -1.43094e-4 0.7071657 -0.7070479 -2.49996e-5 0.7071406 -0.707073 -1.26432e-4 0.7070774 -0.7071362 -1.47542e-4 0.7069631 -0.7072504 -9.46345e-5 0.7070685 -0.707145 -6.23143e-5 0.7068706 -0.7073429 -4.54247e-6 0.7069614 -0.7072522 -7.12791e-6 0.7070167 -0.7071969 -2.37006e-4 0.7070315 -0.707182 1.10498e-4 0.7069997 -0.707214 -1.4887e-4 0.7071415 -0.7070721 8.33429e-5 0.7070013 -0.7072122 8.37687e-5 0.7071329 -0.7070807 4.56115e-7 0.7070634 -0.7071502 -1.22999e-4 0.7070043 -0.7072093 2.49321e-5 0.707519 -0.7066944 -2.38098e-4 0.7073007 -0.7069128 4.30843e-5 0.7063849 -0.707828 -4.8353e-5 0.7070952 -0.7071185 -2.74351e-4 0.7073223 -0.7068912 6.839e-5 0.7070317 -0.7071819 1.00944e-6 0.70794 -0.7062727 -3.96366e-5 0.7072604 -0.7069532 5.84312e-5 0.7072945 -0.706919 9.67613e-5 0.7061998 -0.7080127 -2.79036e-4 0.7072964 -0.7069171 -1.089e-5 0.7069606 -0.707253 -1.90808e-4 0.7071748 -0.7070388 4.07474e-5 0.7065529 -0.7076603 -6.8569e-4 0.7084879 -0.7057227 3.03071e-5 0.7069066 -0.707307 -2.68567e-5 0.7058311 -0.7083803 -3.18792e-5 0.7074999 -0.7067135 1.87979e-5 0.7070823 -0.7071314 0 0.7073379 -0.7068756 1.40962e-4 0.706822 -0.7073915 1.73431e-5 0.7063437 -0.7078691 -1.94332e-5 0.7071209 -0.7070928 -6.24493e-5 0.7071756 -0.707038 -4.17592e-4 0.7073154 -0.7068981 1.7918e-5 0.7071107 -0.707103 -1.42645e-5 0.7061555 -0.7080568 3.29871e-5 0.7082902 -0.7059215 -1.66213e-5 0.706321 -0.7078917 2.20134e-4 0.7071927 -0.7070209 7.22185e-4 0.7072355 -0.7069777 1.90172e-4 0.7072146 -0.706999 2.33864e-5 0.7064205 -0.7077924 5.19827e-5 0.7072336 0.70698 0.1736754 0.6964749 0.6962468 5.23701e-5 0.7071969 0.7070167 0.1736606 0.6963487 0.6963767 0.3420398 0.6645183 0.6643977 0.3419756 0.6644415 0.6645075 0.4999056 0.6124225 0.6123995 0.4999168 0.6124213 0.6123916 0.6429328 0.5416104 0.5415677 0.6429228 0.5416461 0.541544 0.7662933 0.4543249 0.4542946 0.7662636 0.4543477 0.4543221 0.8660269 0.3535652 0.3535379 0.866066 0.3535173 0.3534901 0.9395639 0.2421053 0.242084 0.9397428 0.2417854 0.2417093 0.9847638 0.1229674 0.1229609 0.9847515 0.1230207 0.1230058 1 8.26e-5 7.40461e-5 1 8.84025e-6 7.7837e-6 0.9847682 -0.1229289 -0.1229646 0.9847676 -0.1229464 -0.122951 0.9396633 -0.2419099 -0.2418935 0.9396899 -0.2418565 -0.2418438 0.8660001 -0.3535907 -0.3535784 0.8658433 -0.3538987 -0.353654 0.7660184 -0.4545294 -0.4545537 0.765976 -0.4548659 -0.4542884 0.6427839 -0.5416737 -0.5416811 0.6428583 -0.5417025 -0.5415641 0.4998489 -0.6123706 -0.6124977 0.499823 -0.6124408 -0.6124486 0.3422644 -0.6643968 -0.6644034 0.3420915 -0.6644255 -0.6644638 0.173808 -0.6963737 -0.6963149 0.1736999 -0.6963561 -0.6963595 7.17094e-6 -0.7070323 -0.7071813 -2.24123e-5 -0.7070337 -0.70718 -0.173639 -0.696363 -0.6963678 -0.1737983 -0.6963395 -0.6963515 -0.342319 -0.6644703 -0.6643019 -0.342302 -0.6643269 -0.6644541 -0.4998322 -0.6124232 -0.6124588 -0.5000723 -0.6122828 -0.6124031 -0.6428005 -0.5416859 -0.5416492 -0.6427456 -0.5416769 -0.5417234 -0.7660384 -0.4546824 -0.4543666 -0.7660875 -0.4545801 -0.4543862 -0.8660907 -0.3534767 -0.3534703 -0.8660057 -0.35359 -0.3535651 -0.939665 -0.2419051 -0.2418916 -0.9396988 -0.2418541 -0.2418116 -0.9847666 -0.1229545 -0.1229509 -0.9847679 -0.1229306 -0.1229645 -1 1.4656e-5 8.67366e-6 -1 8.715e-5 7.83721e-5 -0.9847639 0.1229659 0.1229608 -0.9847508 0.1230285 0.1230035 -0.9395627 0.2421002 0.2420939 -0.9395642 0.2421029 0.2420853 -0.866013 0.3535729 0.3535643 -0.8660597 0.3535027 0.3535203 -0.7660724 0.4544958 0.4544961 -0.7660552 0.4544715 0.4545492 -0.6428952 0.5416319 0.541591 -0.6427655 0.5416876 0.5416892 -0.4998946 0.61246 0.6123709 -0.4999396 0.6124441 0.6123502 -0.3420274 0.6645093 0.664413 -0.3419914 0.6644172 0.6645238 -0.1735975 0.6964219 0.6963193 -0.1741445 0.6963277 0.6962769 -3.34233e-5 0.7072206 0.7069931 5.45159e-5 0.7072027 0.7070108 -0.3082782 -0.6215362 -0.7201787 -0.4528893 -0.5791913 -0.6778118 -0.3082012 -0.6214658 -0.7202724 -0.1560592 -0.6473873 -0.7460129 -2.69264e-5 -0.6560577 -0.7547108 -0.5863546 -0.5213414 -0.6199933 -0.7053731 -0.4494497 -0.5481275 -0.5863228 -0.521319 -0.620042 -0.3080158 -0.6216677 -0.7201775 -0.8070428 -0.3652784 -0.4639542 -0.8888455 -0.2709086 -0.3695433 -0.8069422 -0.3654763 -0.4639734 -0.5863311 -0.5213816 -0.6199815 -0.3082789 -0.6215479 -0.7201683 -0.9487358 -0.1686498 -0.2673156 -0.997566 0.0492838 -0.04932862 -0.9852858 -0.06102532 -0.1596492 -0.9487777 -0.1685941 -0.2672018 -0.8071328 -0.3651137 -0.4639275 -0.5861023 -0.521562 -0.6200463 -0.3083268 -0.6214595 -0.7202241 -3.46766e-5 -0.6559832 -0.7547756 -0.9487162 -0.1686828 -0.2673647 -0.9975627 0.04930055 -0.04937887 -0.807066 -0.3653281 -0.4638751 -0.5864011 -0.5212526 -0.6200239 -0.3083864 -0.6215385 -0.7201304 -0.948736 -0.1686889 -0.2672903 -0.8070193 -0.3653529 -0.4639367 -0.5863053 -0.5212684 -0.6201011 -0.3080318 -0.621546 -0.7202757 -0.9486967 -0.1687759 -0.2673752 -0.8070436 -0.3652893 -0.4639444 -0.5863802 -0.521389 -0.6199288 -0.3083811 -0.6215344 -0.7201362 -0.948724 -0.1686682 -0.2673461 -0.9665298 -0.1252329 -0.2239128 -0.8070505 -0.36528 -0.4639398 -0.8904102 -0.2686846 -0.3673939 -0.5863561 -0.5213375 -0.6199949 -0.6591469 -0.4801589 -0.5787684 -0.7231489 -0.436625 -0.5351768 -0.7816579 -0.3889384 -0.4875839 -0.3082693 -0.6215441 -0.7201757 -0.128174 -0.6500832 -0.7489748 -0.2503975 -0.6335707 -0.7320447 -0.3652969 -0.6070846 -0.7056957 -0.4719976 -0.5720545 -0.6707996 -0.570109 -0.5294292 -0.6282361 -0.9975528 0.04944103 -0.04943853 -0.9975589 0.04934298 -0.04941177 -0.9975527 0.04944473 -0.04943507 -0.9975598 0.04933887 -0.04939806 -0.9975613 0.04943907 -0.04926627 -0.997561 0.04947531 -0.04923897 0.9487428 -0.168657 -0.2672864 0.8888176 -0.270926 -0.3695976 0.9486202 -0.1687337 -0.2676733 0.9852834 -0.06102061 -0.1596659 0.9975647 0.04930424 -0.04933309 0.8070538 -0.3652953 -0.463922 0.7053949 -0.4494521 -0.5480976 0.8069648 -0.3654012 -0.4639936 0.9487445 -0.1686077 -0.2673115 0.5863547 -0.5213621 -0.6199756 0.4528803 -0.5792033 -0.6778076 0.5865704 -0.5211732 -0.6199304 0.807231 -0.3652005 -0.4636884 0.94875 -0.1686303 -0.267278 0.3082735 -0.6215556 -0.7201639 8.31876e-6 -0.6560517 -0.754716 0.1560481 -0.6473723 -0.7460282 0.3081852 -0.6217188 -0.7200609 0.5863502 -0.5213365 -0.6200014 0.8071449 -0.3651498 -0.463878 0.9487447 -0.1686882 -0.2672601 0.9975637 0.04929465 -0.04936444 0.3084657 -0.6213812 -0.7202323 0.5864384 -0.5213328 -0.6199212 0.8069033 -0.3655043 -0.4640193 0.9487226 -0.1686662 -0.2673527 0.3082548 -0.6214717 -0.7202444 0.5862659 -0.521435 -0.6199983 0.8069402 -0.365368 -0.4640623 0.9487949 -0.1685315 -0.2671806 0.3082845 -0.6215748 -0.7201427 2.90424e-5 -0.6560137 -0.7547491 0.5864053 -0.5212896 -0.6199888 0.8069725 -0.3652567 -0.4640936 0.948739 -0.1686334 -0.2673146 0.9801126 -0.08202505 -0.1806963 0.3085697 -0.6214613 -0.7201185 0.5863045 -0.5212674 -0.6201028 0.8070064 -0.3653355 -0.4639727 0.9487446 -0.1686353 -0.2672935 0.9331693 -0.1999967 -0.2986577 0.307987 -0.6214962 -0.7203378 0.5862661 -0.5213887 -0.6200371 0.8070477 -0.3652862 -0.4639396 0.8637158 -0.3035786 -0.4022875 0.777967 -0.3921586 -0.4908962 0.3083891 -0.621611 -0.7200667 0.586341 -0.5213428 -0.6200048 0.7238735 -0.435979 -0.5347238 0.6453601 -0.4885293 -0.5872389 0.5572107 -0.5357667 -0.6344055 0.4606037 -0.5763706 -0.675012 0.3082445 -0.6214987 -0.7202255 0.3573715 -0.6092932 -0.7078471 0.250115 -0.6335849 -0.7321289 0.1737729 -0.6452524 -0.7439438 0.09713655 -0.652699 -0.7513646 0.04841065 -0.6552204 -0.753885 0.7187245 -0.177917 -0.6721463 0.8569189 -0.3527986 -0.3757964 0.8869432 -0.385373 -0.2545969 0.8857683 -0.3585225 -0.2947478 0.8642776 -0.3048924 -0.4000813 0.6937325 -0.215018 -0.6873882 0.7378931 -0.1788936 -0.6507772 0.7465468 -0.1792724 -0.6407256 0.7756615 -0.1498374 -0.6131053 0.7172041 -0.2103646 -0.6643532 0.7561154 -0.1808321 -0.628959 0.7071042 -0.2212523 -0.6716035 0.6828404 -0.2480558 -0.6871662 0.7272531 -0.2096625 -0.653563 0.7180362 -0.2201516 -0.6602707 0.7382609 -0.210159 -0.6409401 0.7671552 -0.1831503 -0.6147594 0.72977 -0.2202602 -0.6472412 0.6840835 -0.2571794 -0.6825604 0.6673656 -0.2701947 -0.693987 0.7509884 -0.212022 -0.6253504 0.7006719 -0.2512466 -0.667783 0.7436751 -0.2219336 -0.630629 0.6981883 -0.2658155 -0.664737 0.6839264 -0.263748 -0.6802072 0.6585965 -0.2792479 -0.6987642 0.7210068 -0.2455651 -0.6479559 0.7067682 -0.2562815 -0.6593925 0.6525036 -0.2754209 -0.705962 0.657495 -0.2809678 -0.6991119 0.6976875 -0.2665215 -0.6649802 -0.01811391 0.1734465 -0.9846768 -0.008593618 0.1708167 -0.9852654 -0.02405399 0.1748453 -0.9843021 -0.04129207 0.1801397 -0.982774 -0.03097081 0.1764501 -0.9838222 -0.05622225 0.1898225 -0.9802075 -0.04616582 0.1821925 -0.9821785 -0.0689029 0.1998609 -0.9773986 -0.06886297 0.2016603 -0.9770318 -0.07926201 0.2149767 -0.9733974 -0.07792913 0.2102823 -0.9745299 -0.08538657 0.2305049 -0.9693177 -0.08598881 0.2217676 -0.9713007 -0.08579736 0.2471624 -0.9651682 -0.09095895 0.2364549 -0.9673756 -0.09004962 0.2494176 -0.9642001 -0.08672004 0.2799903 -0.956078 -0.09286504 0.2750553 -0.956933 -0.09221839 0.2667739 -0.9593371 -0.08515709 0.2950505 -0.9516794 -0.08793842 0.2851475 -0.9544411 -0.08535021 0.2981103 -0.950708 -0.08455163 0.2974503 -0.9509861 -0.08436501 0.2985744 -0.9506502 -0.08485829 0.2962322 -0.9513388 -0.08620494 0.2975619 -0.9508027 -0.001808106 0.1680746 -0.9857727 -0.008103966 0.1700445 -0.9854031 -5.65687e-4 0.167738 -0.9858314 -5.79677e-5 0.1676982 -0.9858384 -0.009569346 0.1709017 -0.9852417 -0.02424454 0.1750121 -0.9842678 -0.0421527 0.1804106 -0.9826878 -0.05753445 0.1903848 -0.9800223 -0.058425 0.1905065 -0.9799459 -0.07041805 0.202409 -0.9767661 -0.08090031 0.2159432 -0.9730487 -0.08810651 0.2324681 -0.9686052 -0.08780956 0.2507057 -0.9640727 -0.09103387 0.2585538 -0.9616979 -0.09351909 0.2614666 -0.9606713 -0.09534835 0.2633624 -0.9599735 -0.09665346 0.2653154 -0.9593049 -0.0938825 0.2689144 -0.9585776 -0.08761274 0.2814704 -0.9555619 0.7766374 -0.1469628 -0.6125653 0.71406 -0.1580361 -0.682014 0.7745118 -0.04873543 -0.6306794 0.06887549 0.8662301 -0.4948752 0.109112 0.7985689 -0.5919311 -1.04215e-4 0.7986314 -0.6018205 -4.4973e-4 0.8681663 -0.4962733 0.06891167 0.866021 -0.4952362 0.1002428 0.8633764 -0.4945024 0.1866847 0.8513671 -0.4902274 0.2170009 0.8474147 -0.4845606 0.2169359 0.7889801 -0.5748474 0.2173457 0.8473436 -0.4845303 0.31096 0.8175622 -0.4846607 0.3506887 0.8055949 -0.4775294 0.3260093 0.7629261 -0.5582669 0.3511924 0.8054387 -0.4774226 0.4276379 0.7639057 -0.4832951 0.5005514 0.7243863 -0.4740388 0.4342876 0.7172855 -0.5448815 0.5009954 0.7240279 -0.4741172 0.5349996 0.6899736 -0.4875571 0.5906583 0.6511648 -0.4765577 0.5375409 0.651246 -0.5356571 0.5912507 0.6507004 -0.4764575 0.6291468 0.5975067 -0.497152 0.6694282 0.5632513 -0.4843696 0.6310366 0.565233 -0.5313233 0.6698029 0.5624814 -0.4847462 0.7068936 0.4882887 -0.5117379 0.7338926 0.4637562 -0.4963183 0.7342435 0.4628188 -0.4966742 0.764588 0.3666851 -0.5300446 0.7831346 0.3557429 -0.5100462 0.7099214 0.4610604 -0.532386 0.7826964 0.354463 -0.5116077 0.8002716 0.2369505 -0.5508358 0.8193621 0.2121416 -0.5325803 0.7693743 0.3416805 -0.5397385 0.8039388 0.2128081 -0.5553335 0.8191128 0.2109773 -0.5334257 0.8103317 0.1687566 -0.5611451 0.8159587 0.1010159 -0.5692165 0.8255835 0.01805579 -0.5639911 0.8042849 0.07666099 -0.5892782 0.8245975 0.0169574 -0.5654658 0.8087307 -0.02482753 -0.587655 0.8044166 -0.08594793 -0.5878154 0.8036288 -0.086883 -0.5887548 -0.2757949 0.1327191 -0.9520099 -0.2914322 0.1694673 -0.9414607 -0.2728531 0.1393623 -0.9519084 -0.08012485 0.4837692 -0.8715201 -0.08054846 0.4821933 -0.8723541 -0.09124559 0.5485687 -0.8311118 -0.07889455 0.4848175 -0.8710498 -0.07801038 0.4862119 -0.8703519 -0.07635945 0.4871394 -0.8699796 -0.07482033 0.4880788 -0.8695868 -0.07332342 0.4885611 -0.8694434 -0.07147252 0.4887204 -0.8695081 -0.05150932 0.5568677 -0.8290026 -7.3746e-4 0.4887562 -0.8724203 -6.30284e-4 0.5597926 -0.8286327 0.04931378 0.5565658 -0.8293387 0.07153838 0.4881156 -0.8698422 0.09257382 0.5476258 -0.8315865 0.07408183 0.4875546 -0.869944 0.0764079 0.4866546 -0.8702466 0.07783365 0.4859338 -0.870523 0.0791853 0.4849285 -0.8709616 0.08019292 0.4835597 -0.8716301 0.0806747 0.4823467 -0.8722577 0.08136332 0.4811915 -0.8728315 0.1298019 0.5337473 -0.8356227 0.08128088 0.4792361 -0.8739144 0.2905905 0.1697848 -0.9416637 0.2735688 0.136817 -0.9520721 0.2712827 0.1406567 -0.9521667 0.2751885 0.132516 -0.9522137 -0.2650458 0.3559765 -0.8961202 -0.2922526 0.3365014 -0.8951845 -0.2786371 0.3709207 -0.8858776 -0.2612329 0.4047093 -0.8763378 -0.2410573 0.4365032 -0.8668081 -0.2411803 0.2982507 -0.9235143 -0.318529 0.2525516 -0.9136504 -0.3035692 0.2987462 -0.9047632 -0.2411636 0.2208595 -0.9450191 -0.2471575 0.1501629 -0.9572692 -0.2525685 0.1502088 -0.9558486 -0.2415248 0.1494494 -0.9588174 -0.2362841 0.1481798 -0.960319 -0.2317103 0.146466 -0.9616955 -0.2272506 0.1442372 -0.9630954 -0.2232789 0.1415356 -0.9644243 -0.2202298 0.138759 -0.9655283 -0.3042709 0.2087601 -0.9294291 -0.3185378 0.2525357 -0.9136518 -0.2411714 0.2208362 -0.9450227 0 0 -1 -0.3185398 0.25253 -0.9136525 -0.192229 0.4315406 -0.8813744 -0.2174309 0.4660314 -0.8576355 -0.1905529 0.4927306 -0.8490621 -0.1605762 0.5159864 -0.8414116 -0.2652443 0.157338 -0.9512573 -0.2688372 0.1443331 -0.9523102 -0.2633595 0.1476945 -0.9533248 -0.2571734 0.1496146 -0.9547132 -0.1590839 0.3262493 -0.9318014 -0.07480263 0.3691483 -0.9263553 -0.1586423 0.2004272 -0.9667789 -0.2141686 0.1299127 -0.9681191 -0.217622 0.1357023 -0.9665535 -0.2115073 0.1234986 -0.9695426 -0.2094365 0.1166228 -0.9708427 -0.2079461 0.1093794 -0.9720054 -0.2070122 0.1019345 -0.9730135 -0.09719401 0.4793573 -0.8722212 -0.08074229 0.4808756 -0.8730632 -0.08081364 0.4797977 -0.8736494 -0.1273448 0.5348724 -0.8352813 -0.1915948 0.08372157 -0.9778968 -0.1977554 0.02520829 -0.9799272 -0.2066138 0.09442466 -0.9738556 -0.1652339 -0.003464281 -0.9862483 -0.07264161 0.3409515 -0.9372702 -0.07361453 0.3673738 -0.9271556 -0.07422232 0.3657623 -0.927744 -0.07311624 0.3641837 -0.9284527 -0.07211482 0.3629502 -0.9290139 -0.07100361 0.3619909 -0.9294736 -0.06992489 0.3613704 -0.9297967 -0.06833118 0.3609742 -0.9300692 -0.06686967 0.3606343 -0.9303071 -0.06401759 0.3603627 -0.9306131 -0.07204502 0.1897419 -0.9791872 -0.002321124 0.3589975 -0.9333357 -0.09512865 0.03794556 -0.9947415 -0.05478304 -0.04726922 -0.9973788 -0.1209675 -0.0274055 -0.9922781 -0.08776521 -0.03982704 -0.9953447 0.1196616 0.4719644 -0.8734592 0.1611264 0.5156897 -0.8414882 0.1911872 0.4923817 -0.8491218 0.0753802 0.3688945 -0.9264096 0.01009339 0.1876373 -0.9821866 0.0372073 0.35958 -0.9323722 0.06271493 0.3597952 -0.9309212 0.09080779 0.3389077 -0.936427 0.07089543 0.361795 -0.9295582 0.07201808 0.362764 -0.9290941 0.07400375 0.3651956 -0.9279848 0.0747044 0.366742 -0.9273186 0.07504498 0.3672564 -0.9270874 0.01436704 0.02662706 -0.9995422 0.08679413 -0.04009032 -0.9954194 -0.01930272 -0.05120903 -0.9985014 0.01834768 -0.05122983 -0.9985184 0.05404859 -0.04743379 -0.9974111 0.2004501 0.4252659 -0.8825921 0.2177414 0.4659203 -0.857617 0.2409211 0.4365847 -0.8668051 0.08981239 0.1911038 -0.9774524 0.0665726 0.3603258 -0.9304481 0.06939893 0.3611 -0.9299412 0.1671391 0.3241094 -0.9311379 0.1167839 0.04469883 -0.992151 0.1750352 0.003041148 -0.9845576 0.1165798 -0.02936172 -0.9927473 0.1460055 -0.01475232 -0.9891739 0.2636388 0.3571236 -0.8960789 0.2611454 0.4046859 -0.8763746 0.2772361 0.3719176 -0.8858993 0.2912088 0.3363773 -0.8955712 0.1673575 0.201866 -0.9650086 0.2088886 0.1154026 -0.9711065 0.20708 0.1053562 -0.9726346 0.2115408 0.1239765 -0.9694743 0.2146621 0.1309905 -0.9678645 0.2165433 0.1343157 -0.9669893 0.2195807 0.1382964 -0.9657425 0.2237481 0.1419589 -0.9642533 0.1880584 0.01395338 -0.9820588 0.2402519 0.2985526 -0.9236587 0.3037081 0.2971711 -0.9052352 0.2020246 0.09046655 -0.9751932 0.2062788 0.09391152 -0.9739763 0.1994038 0.02595037 -0.9795737 0.2405713 0.2207272 -0.9452011 0.2290033 0.1451948 -0.9625363 0.2351579 0.1478719 -0.9606429 0.2414094 0.1496323 -0.9588178 0.2456032 0.1502848 -0.9576501 0.2496055 0.1504681 -0.9565858 0.2519656 0.1503879 -0.9559796 0.2643787 0.1566568 -0.9516106 0.2596969 0.1488069 -0.9541562 0.2542835 0.1501314 -0.9554059 0.2643796 0.1467146 -0.9531937 0.2683475 0.1440233 -0.9524951 0.3123873 0.2401422 -0.9191007 0.318242 0.2526956 -0.9137106 0.3123944 0.2401322 -0.9191008 0.3183748 0.252642 -0.9136791 0.3183211 0.2526794 -0.9136875 0.3037443 0.2095403 -0.9294258 0.3881948 -0.2895506 -0.8749088 0.4330067 -0.2885114 -0.853971 0.4789413 -0.2775264 -0.8328231 0.342838 -0.2887457 -0.8939173 0.3389011 -0.2792527 -0.8984231 0.2715955 -0.2839893 -0.9195575 0.1995388 -0.2753936 -0.9403949 0.1942078 -0.2646071 -0.9445986 0.1397886 -0.2647721 -0.9541252 0.08370381 -0.2566729 -0.9628669 0.04949855 -0.2528461 -0.9662395 0.02818244 -0.2521328 -0.9672823 -0.0326538 -0.2524154 -0.967068 -0.02917212 -0.2526318 -0.9671227 -0.08515846 -0.2570272 -0.9626449 -0.1417293 -0.2591464 -0.9553826 -0.1413559 -0.2652643 -0.9537575 -0.2501197 -0.2717144 -0.929307 -0.2111598 -0.2772056 -0.93732 -0.3579951 -0.280077 -0.8907281 -0.3177374 -0.2873589 -0.9035861 -0.4184929 -0.2805283 -0.86381 -0.4296545 -0.2892832 -0.8554018 -0.478043 -0.2777544 -0.833263 0.3716698 -0.2764685 -0.8862431 0.4780513 -0.2748401 -0.8342242 0.4784802 -0.2738983 -0.8342881 0.3382016 -0.2762099 -0.8996264 0.2620965 -0.2686897 -0.9268825 0.193692 -0.2607531 -0.9457756 0.1315799 -0.2527471 -0.9585436 0.04929488 -0.2479755 -0.9675114 3.22782e-5 -0.2464202 -0.9691632 -0.03257614 -0.2476809 -0.9682939 -0.09796589 -0.2502217 -0.9632195 -0.1412971 -0.2549353 -0.9565789 -0.1942986 -0.2602451 -0.945791 -0.2495472 -0.2684774 -0.9304011 -0.3384481 -0.275653 -0.8997047 -0.357199 -0.2771062 -0.891976 -0.4176389 -0.2777659 -0.8651149 -0.4779158 -0.2747231 -0.8343403 -0.4773558 -0.27552 -0.8343982 0.997565 0.04931241 -0.04932034 0.997565 0.04931539 -0.04931849 0.9975646 0.04931306 -0.04932707 0.9975645 0.04931038 -0.04933291 0.997565 0.04931014 -0.04932141 -0.9975609 0.04935133 -0.04936301 -0.9975628 0.04931008 -0.04936647 -0.9975607 0.04935109 -0.04936957 -0.997562 0.04933381 -0.04935818 -0.9975635 0.04929023 -0.04937297 -1 0 0 -1 0 0 -1 0 0 -1 0 0 -1 0 0 -1 0 0 -1 0 0 -1 0 0 0 -0.1505105 0.9886084 0 -0.03115695 0.9995146 0 -0.03115707 0.9995145 0 -0.150511 0.9886084 0 -0.2678166 0.9634699 0 -0.2678172 0.9634698 0 -0.3811511 0.9245128 0 -0.3811511 0.9245128 1 0 0 1 0 0 1 0 0 1 0 0 1 0 0 1 0 0 1 0 0 0 -1 -1.76061e-6 0 -1 2.69772e-4 0 -1 -2.56479e-5 0 -1 -1.48385e-6 0 -1 -1.41515e-5 0 -1 9.918e-6 0 -1 -1.31505e-5 0 -1 1.28662e-6 0 -1 1.69455e-5 0 -1 1.61257e-6 0 -1 -6.57975e-5 0 -1 -1.85152e-6 0 -1 -4.90928e-5 0 -1 -2.9677e-6 0 -1 1.88216e-5 0 -1 -1.02868e-5 0 -1 -2.78936e-6 0 -1 1.58382e-5 0 -1 1.88769e-6 0 -1 -1.15011e-5 0 -1 -1.28661e-6 0 -1 1.31505e-5 0 -1 -9.91796e-6 0 -1 1.41515e-5 0 -1 1.48386e-6 0 -1 2.5648e-5 0 -1 -2.69775e-4 0 -1 0 0 -1 2.14468e-6 0 -1 -1.58382e-5 0 -1 -2.69773e-4 0 -1 5.57873e-6 0 -1 4.9093e-5 0 -1 2.37293e-5 0 -1 2.96771e-6 0 -1 -1.88216e-5 -0.1639851 3.91953e-5 -0.9864629 -0.005149602 -3.82239e-6 -0.9999868 -0.005139172 2.53972e-6 -0.9999868 -0.178137 -2.44984e-6 -0.9840057 -0.3187476 2.92766e-5 -0.9478397 -0.3457656 -2.16989e-5 -0.938321 -0.4653801 -2.11e-5 -0.885111 -0.5029605 -2.12342e-6 -0.8643094 -0.6001604 -1.59815e-5 -0.7998797 -0.6449711 -4.25661e-6 -0.7642071 -0.7196822 3.23923e-5 -0.6943036 -0.7675097 4.96674e-6 -0.6410374 -0.8209021 5.23217e-6 -0.5710692 -0.866878 8.63243e-6 -0.4985204 -0.9012452 -2.5738e-5 -0.4333096 -0.940082 -4.31249e-6 -0.3409484 -0.9586691 4.0466e-5 -0.2845236 -0.9849116 -8.79471e-6 -0.1730585 -0.999526 4.89177e-7 0.03078496 -1 -1.08238e-5 8.3338e-6 -0.9849104 -2.52173e-6 0.1730657 -0.9917091 5.04707e-6 -0.1285035 -0.9797996 -1.92109e-6 0.1999821 -0.9400866 -3.70876e-6 0.3409358 -0.9995275 -3.80664e-6 0.03073799 -0.931661 3.26283e-7 0.3633289 -0.8668854 0 0.4985076 -0.8564683 9.5948e-7 0.5161995 -0.7675163 -4.68735e-6 0.6410294 -0.7564228 3.01335e-6 0.6540832 -0.6449831 -9.57493e-6 0.7641969 -0.634456 7.25675e-7 0.7729591 -0.5029883 -4.64846e-6 0.8642933 -0.4941051 -2.5474e-6 0.8694023 -0.3457922 -2.20884e-5 0.9383111 -0.3393151 5.39882e-6 0.9406729 -0.178149 -1.51402e-5 0.9840036 -0.174725 1.37514e-6 0.9846173 -0.00515443 8.93138e-7 0.9999868 -0.005134463 -4.06453e-6 0.9999869 -0.004787325 -0.2677733 0.9634701 -0.004484474 -0.3811486 0.9245029 -0.1421589 -0.378835 0.9144806 -0.9932025 -0.04704904 0.1064674 -0.9990404 -0.03115719 0.03078293 -0.9793263 -0.031152 0.1998741 -0.988142 -0.1111515 0.1059278 -0.994585 -0.0798332 0.06653946 -0.9966211 -0.06400775 0.05147176 -0.9981298 -0.04705411 0.03902602 -0.9986214 -0.03938865 0.03469806 -0.9788244 -0.1111259 0.1719126 -0.9738763 -0.1493678 0.1710389 -0.9838294 -0.04705256 0.1728168 -0.9613206 -0.1111356 0.2520151 -0.9505378 -0.1854008 0.2492077 -0.9227768 -0.1854543 0.3377718 -0.91631 -0.2188292 0.3353948 -0.9332429 -0.1111311 0.3416249 -0.8834871 -0.185411 0.4302017 -0.8707672 -0.2489128 0.4240363 -0.938022 -0.04706025 0.3433662 -0.9311966 -0.03117555 0.3631819 -0.8295223 -0.2489157 0.4999337 -0.8131936 -0.2759109 0.5124349 -0.8934885 -0.1111693 0.4351089 -0.856052 -0.03117829 0.5159486 -0.841602 -0.185439 0.5072658 -0.8511435 -0.1111462 0.5130315 -0.7513259 -0.2489105 0.61119 -0.7397425 -0.3011718 0.6017281 -0.8555287 -0.04704761 0.5156137 -0.7622854 -0.1854307 0.6201101 -0.7709503 -0.1111522 0.6271211 -0.7560659 -0.03115189 0.6537539 -0.6679218 -0.2489172 0.7013707 -0.6525671 -0.3233146 0.6852911 -0.6776582 -0.1854301 0.7116144 -0.6144637 -0.248916 0.748649 -0.5679549 -0.3396117 0.7497274 -0.6853051 -0.1111372 0.719726 -0.6341785 -0.03117585 0.7725579 -0.6234779 -0.185433 0.7595328 -0.4952639 -0.3233359 0.8063297 -0.4900133 -0.351329 0.7977814 -0.6305052 -0.1111443 0.7681864 -0.5068991 -0.248897 0.82529 -0.6337713 -0.04704356 0.7720888 -0.4145544 -0.3233351 0.8506463 -0.4085054 -0.361029 0.8383207 -0.5143467 -0.1854263 0.837296 -0.4243033 -0.2489265 0.8706333 -0.5201597 -0.1111449 0.8468063 -0.4938247 -0.03118354 0.8690022 -0.3211163 -0.3233381 0.890133 -0.277686 -0.3721704 0.8856521 -0.4305088 -0.1854279 0.8833339 -0.3286606 -0.2489254 0.9110535 -0.4353901 -0.1111552 0.8933534 -0.3391937 -0.03116458 0.9402003 -0.3334248 -0.1854229 0.9243626 -0.1653652 -0.3233109 0.9317319 -0.3372117 -0.1111441 0.9348451 -0.338952 -0.0470544 0.9396263 -0.1746773 -0.03116661 0.9841324 -0.1692816 -0.2489033 0.95362 -0.1717897 -0.1853673 0.9675368 -0.005006253 -0.1505373 0.9885917 -0.1736958 -0.1111643 0.9785051 -0.005138874 -0.03115195 0.9995015 -0.1745761 -0.04705691 0.9835187 0.1740493 4.48823e-4 0.9847369 0.163914 1.24022e-4 0.9864747 0.08991116 7.80895e-4 0.9959496 0.284615 2.61426e-4 0.9586419 0.3186737 9.25362e-6 0.9478645 0.3917229 2.87443e-5 0.9200832 0.4654599 -1.41673e-5 0.885069 0.4937333 1.38581e-6 0.8696134 0.6002219 2.27066e-5 0.7998337 0.5891484 -1.43745e-5 0.808025 0.6797058 -1.38804e-5 0.7334849 0.7196809 1.49459e-5 0.6943051 0.7633809 1.05929e-5 0.6459488 0.8209071 -8.47597e-6 0.5710619 0.8354949 -3.01562e-6 0.5494984 0.9012438 1.70078e-5 0.4333126 0.8975542 2.15817e-6 0.4409042 0.9446839 5.25109e-5 0.3279825 0.9586665 -1.64136e-5 0.2845323 0.9748523 -8.07829e-6 0.2228519 0.9917086 8.13557e-6 0.1285074 0.9916164 7.89948e-6 0.129217 0.9995268 2.68314e-6 -0.03076076 0.999728 5.54137e-7 -0.02332276 0.9995258 0 -0.03079396 0.9998981 -1.8528e-5 -0.01427233 0.9999999 2.0752e-5 -6.28347e-4 0.9997528 -3.20375e-7 0.02223402 0.9982053 1.28243e-6 0.05988544 0.005133748 7.52509e-4 0.9999865 -0.9995267 2.2389e-6 -0.03076684 -0.998962 -1.03759e-5 0.04555141 -0.9935996 9.88599e-6 0.1129598 -0.9999858 3.057e-5 0.005350232 -0.9999511 2.42703e-6 -0.009899079 -0.9997471 6.41798e-7 -0.02249026 -0.9996346 -1.7446e-6 -0.02703005 -0.9995265 -1.82656e-7 -0.03077208 -0.9917072 1.93063e-6 0.1285178 -0.980693 3.47849e-6 0.1955536 -0.9586659 -1.30152e-5 0.2845345 -0.9573649 -2.42988e-6 0.2888818 -0.9219127 3.78303e-6 0.3873978 -0.9012465 -5.98282e-6 0.4333067 -0.8726314 1.08359e-6 0.4883797 -0.820909 -6.98119e-6 0.5710592 -0.8049689 2.20356e-5 0.5933172 -0.7196929 1.13407e-5 0.6942926 -0.7196961 0 0.6942893 -0.6330355 2.70009e-5 0.7741229 -0.6001806 -6.95698e-6 0.7998645 -0.5506155 4.55752e-5 0.8347591 -0.4654676 6.59097e-6 0.885065 -0.4622431 5.24614e-6 0.8867533 -0.3190006 1.74701e-5 0.9477546 -0.3169152 3.35448e-5 0.948454 -0.1638313 -1.31341e-4 0.9864884 -0.1628296 -1.53208e-4 0.9866543 -0.005097687 -1.75413e-4 0.9999871 0.1747342 7.28629e-7 0.9846156 0.005154848 -4.0884e-6 0.9999867 0.005127549 4.20166e-6 0.9999869 0.1781359 2.48721e-6 0.9840059 0.339318 5.22041e-6 0.9406719 0.3457949 -2.28849e-5 0.9383102 0.4940621 6.34161e-6 0.8694267 0.5029873 -6.63521e-6 0.8642939 0.634462 1.9439e-6 0.7729541 0.6449889 -1.27349e-5 0.764192 0.7564265 2.89216e-6 0.6540789 0.7675183 -5.13741e-6 0.6410272 0.8564656 5.65546e-7 0.5162041 0.8668823 -1.91689e-6 0.4985129 0.9316413 -2.66993e-6 0.3633795 0.9400852 -4.70702e-6 0.3409399 0.9797992 -3.90026e-6 0.1999836 0.9849017 9.10019e-7 0.173115 0.9995262 2.2701e-7 0.03078395 1 -9.01893e-6 8.54069e-6 0.9849116 -9.24803e-6 -0.1730589 0.9917092 4.21645e-6 -0.1285032 0.9995275 -3.82468e-6 0.03073799 0.9586677 -8.71206e-6 -0.2845282 0.940082 -4.31621e-6 -0.3409488 0.9012463 2.35937e-5 -0.4333072 0.8668785 8.63709e-6 -0.4985198 0.820903 5.28386e-6 -0.5710676 0.76751 4.97978e-6 -0.6410371 0.7196826 3.24477e-5 -0.6943032 0.6449712 -4.25382e-6 -0.764207 0.6001611 -1.59424e-5 -0.7998793 0.5029603 -2.09874e-6 -0.8643096 0.4653806 -2.09818e-5 -0.8851107 0.3457656 -2.17208e-5 -0.938321 0.3187471 2.92803e-5 -0.9478398 0.178137 -2.44682e-6 -0.9840057 0.1639493 7.27659e-5 -0.9864688 0.005139172 2.55113e-6 -0.9999868 0.005149602 -3.80436e-6 -0.9999868 0.9982256 -0.04566341 0.03821694 0.9971672 -0.05862718 0.04712039 0.9793292 -0.03114461 0.1998612 0.9990419 -0.03115791 0.03073424 0.08045327 -0.312909 0.9463695 0.1515794 -0.3784813 0.9131131 0.07828736 -0.3804523 0.9214809 0.004465281 -0.3811445 0.9245048 0.004766821 -0.2677705 0.9634709 0.08232605 -0.2312414 0.969407 0.004960596 -0.1505433 0.988591 0.1555569 -0.3129451 0.9369459 0.2490885 -0.373986 0.8933586 0.0835976 -0.1571345 0.9840327 0.1593496 -0.2312558 0.9597544 0.08427751 -0.09429222 0.991971 0.005135118 -0.03114295 0.9995018 0.1746814 -0.03113234 0.9841328 0.2551038 -0.3129767 0.9148594 0.1617321 -0.1571544 0.9742408 0.2613273 -0.2312472 0.9371408 0.1630475 -0.09428066 0.9821032 0.3222904 -0.312965 0.8934103 0.3447582 -0.3671098 0.8639283 0.2652387 -0.1571646 0.9512875 0.3301339 -0.2312548 0.9151683 0.2673925 -0.09426707 0.9589656 0.3391724 -0.03115469 0.9402083 0.3351367 -0.15716 0.9289695 0.4449122 -0.3129502 0.8391158 0.5261059 -0.3462179 0.7767534 0.4374208 -0.3578872 0.8249726 0.3378158 -0.09428101 0.9364783 0.4557377 -0.2312626 0.8595469 0.532635 -0.3129562 0.7863577 0.462626 -0.1571644 0.8725117 0.5456187 -0.2312558 0.8054944 0.4663429 -0.09429353 0.8795642 0.4938246 -0.03114849 0.8690035 0.6025563 -0.3129526 0.734157 0.6131137 -0.3313893 0.7171282 0.5538432 -0.1571784 0.8176507 0.6172565 -0.2312529 0.7520084 0.5583309 -0.09430235 0.8242413 0.6341425 -0.03115826 0.7725882 0.6265687 -0.1571571 0.7633566 0.6316475 -0.09428256 0.7695014 0.7135717 -0.2312349 0.6613212 0.7722471 -0.2909483 0.5647862 0.6966185 -0.3129709 0.6455788 0.7243279 -0.1571643 0.6713036 0.730178 -0.09429812 0.6767186 0.7560532 -0.03117424 0.6537672 0.7853044 -0.2312594 0.5742963 0.7971271 -0.157171 0.5829972 0.8332361 -0.2312307 0.502245 0.8417152 -0.2635779 0.4712136 0.8035658 -0.09427911 0.587702 0.8560693 -0.03118634 0.5159194 0.8458178 -0.1571457 0.5098017 0.8526597 -0.09428501 0.5138888 0.9130003 -0.1571583 0.3764729 0.9414028 -0.1958311 0.2746106 0.8994297 -0.2312273 0.3708909 0.9203774 -0.09428149 0.3794951 0.9312015 -0.03117316 0.3631696 0.9480503 -0.1571326 0.2766046 0.9557082 -0.09429436 0.2788019 0.9676287 -0.1571356 0.1974922 0.9697873 -0.1571586 0.1865847 0.9754313 -0.09433096 0.1990872 0.9854679 -0.1203115 0.1199097 0.9882588 -0.09430581 0.120212 0.995406 -0.07407915 0.0606566 0.9920645 -0.09430694 0.08315199 0 1 -3.03306e-5 0 1 -1.68103e-6 0 1 -3.42627e-6 0 1 1.09827e-5 0 1 -1.22111e-5 0 1 -5.86221e-6 0 1 2.20719e-5 0 1 -5.5643e-5 0 1 8.76238e-5 0 1 -8.30655e-5 0 1 -1.2319e-6 0 1 -8.68478e-5 0 1 1.17698e-4 0 1 -5.38945e-5 0 1 3.12004e-5 0 1 4.32468e-6 0 1 -1.73284e-5 0 1 -3.23964e-6 0 1 -2.94765e-7 0 1 1.48587e-4 0 1 8.30611e-5 0 1 -8.76234e-5 0 1 5.56429e-5 0 1 -2.20717e-5 0 1 5.86221e-6 0 1 1.22111e-5 0 1 -1.09828e-5 0 1 3.42627e-6 0 1 -4.07334e-6 0 1 4.96501e-5 0 1 8.30647e-5 0 1 -5.84393e-6 0 1 -1.17698e-4 0 1 -2.60151e-5 0 1 5.38944e-5 0 1 -3.12002e-5 0 1 -4.32467e-6</float_array>
          <technique_common>
            <accessor source="#link3-mesh-normals-array" count="5756" stride="3">
              <param name="X" type="float"/>
              <param name="Y" type="float"/>
              <param name="Z" type="float"/>
            </accessor>
          </technique_common>
        </source>
        <vertices id="link3-mesh-vertices">
          <input semantic="POSITION" source="#link3-mesh-positions"/>
        </vertices>
        <triangles material="mat_1_005-material" count="1080">
          <input semantic="VERTEX" source="#link3-mesh-vertices" offset="0"/>
          <input semantic="NORMAL" source="#link3-mesh-normals" offset="1"/>
          <p>75 0 73 1 74 2 72 3 73 1 75 0 61 4 71 5 72 3 59 6 60 7 70 8 58 9 59 6 70 8 57 10 58 9 70 8 56 11 70 8 69 12 56 11 57 10 70 8 100 13 97 14 98 15 100 13 98 15 99 16 103 17 101 18 102 19 128 20 126 21 127 22 0 23 125 24 126 21 0 23 126 21 128 20 2 25 0 23 1 26 11 27 16 28 10 29 15 30 16 28 11 27 14 31 15 30 11 27 13 32 14 31 11 27 12 33 13 32 11 27 129 34 72 3 75 0 129 34 61 4 72 3 129 34 75 0 76 35 129 34 76 35 77 36 130 37 61 4 129 34 130 37 62 38 61 4 131 39 130 37 129 34 132 40 131 39 129 34 132 40 129 34 77 36 132 40 77 36 78 41 132 40 78 41 79 42 133 43 130 37 131 39 133 43 62 38 130 37 133 43 63 44 62 38 133 43 131 39 132 40 134 45 132 40 79 42 134 45 133 43 132 40 134 45 79 42 80 46 135 47 133 43 134 45 135 47 63 44 133 43 136 48 135 47 134 45 136 48 134 45 80 46 136 48 80 46 81 49 137 50 136 48 81 49 137 50 138 51 136 48 137 50 81 49 82 52 137 50 82 52 83 53 137 50 83 53 84 54 139 55 67 56 140 57 139 55 68 58 67 56 141 59 138 51 137 50 142 60 52 61 53 62 143 63 140 57 142 60 143 63 142 60 53 62 143 63 139 55 140 57 143 63 53 62 54 64 144 65 54 64 55 66 144 65 55 66 56 11 144 65 69 12 68 58 144 65 139 55 143 63 144 65 56 11 69 12 144 65 68 58 139 55 144 65 143 63 54 64 145 67 141 59 137 50 146 68 145 67 137 50 147 69 137 50 84 54 147 69 84 54 85 70 147 69 85 70 86 71 147 69 86 71 87 72 148 73 146 68 137 50 149 74 148 73 137 50 150 75 147 69 87 72 150 75 87 72 88 76 151 77 149 74 137 50 151 77 137 50 147 69 152 78 142 60 138 51 152 78 52 61 142 60 152 78 138 51 141 59 152 78 50 79 51 80 152 78 51 80 52 61 152 78 145 67 146 68 152 78 141 59 145 67 153 81 151 77 147 69 154 82 150 75 88 76 154 82 88 76 89 83 155 84 153 81 147 69 156 85 155 84 147 69 157 86 154 82 89 83 157 86 89 83 90 87 158 88 146 68 148 73 158 88 148 73 149 74 158 88 152 78 146 68 158 88 49 89 50 79 158 88 50 79 152 78 159 90 156 85 147 69 159 90 147 69 150 75 160 91 157 86 90 87 160 91 90 87 91 92 161 93 159 90 150 75 162 94 156 85 159 90 162 94 151 77 153 81 162 94 153 81 155 84 162 94 49 89 158 88 162 94 158 88 149 74 162 94 149 74 151 77 162 94 47 95 48 96 162 94 48 96 49 89 162 94 155 84 156 85 163 97 161 93 150 75 163 97 150 75 154 82 164 98 160 91 91 92 164 98 91 92 92 99 165 100 163 97 154 82 165 100 154 82 157 86 166 101 165 100 157 86 167 102 164 98 92 99 167 102 92 99 93 103 168 104 157 86 160 91 168 104 166 101 157 86 169 105 168 104 160 91 170 106 167 102 93 103 170 106 93 103 94 107 171 108 160 91 164 98 171 108 169 105 160 91 172 109 170 106 94 107 172 109 94 107 95 110 173 111 171 108 164 98 173 111 164 98 167 102 174 112 47 95 162 94 174 112 163 97 165 100 174 112 166 101 168 104 174 112 45 113 46 114 174 112 165 100 166 101 174 112 46 114 47 95 174 112 162 94 159 90 174 112 159 90 161 93 174 112 161 93 163 97 175 115 173 111 167 102 176 116 172 109 95 110 176 116 95 110 96 117 177 118 167 102 170 106 177 118 175 115 167 102 178 119 177 118 170 106 179 120 169 105 171 108 179 120 44 121 45 113 179 120 168 104 169 105 179 120 174 112 168 104 179 120 45 113 174 112 180 122 178 119 170 106 180 122 170 106 172 109 181 123 97 14 100 13 181 123 176 116 96 117 181 123 96 117 97 14 182 124 180 122 172 109 183 125 173 111 175 115 183 125 171 108 173 111 183 125 43 126 44 121 183 125 44 121 179 120 183 125 175 115 177 118 183 125 179 120 171 108 184 127 172 109 176 116 184 127 182 124 172 109 185 128 184 127 176 116 186 129 100 13 101 18 186 129 181 123 100 13 187 130 183 125 177 118 187 130 43 126 183 125 187 130 42 131 43 126 187 130 178 119 180 122 187 130 177 118 178 119 188 132 185 128 176 116 188 132 176 116 181 123 189 133 103 17 104 134 189 133 186 129 101 18 189 133 101 18 103 17 190 135 182 124 184 127 190 135 42 131 187 130 190 135 187 130 180 122 190 135 41 136 42 131 190 135 180 122 182 124 191 137 188 132 181 123 191 137 181 123 186 129 192 138 191 137 186 129 193 139 192 138 186 129 194 140 193 139 186 129 195 141 194 140 186 129 196 142 195 141 186 129 197 143 196 142 186 129 198 144 104 134 105 145 198 144 189 133 104 134 199 146 197 143 186 129 200 147 184 127 185 128 200 147 185 128 188 132 200 147 190 135 184 127 200 147 188 132 191 137 200 147 41 136 190 135 200 147 40 148 41 136 201 149 199 146 186 129 202 150 201 149 186 129 202 150 186 129 189 133 203 151 105 145 106 152 203 151 198 144 105 145 204 153 106 152 107 154 204 153 203 151 106 152 205 155 40 148 200 147 205 155 39 156 40 148 205 155 191 137 192 138 205 155 200 147 191 137 206 157 189 133 198 144 206 157 202 150 189 133 207 158 39 156 205 155 207 158 205 155 192 138 207 158 37 159 38 160 207 158 38 160 39 156 208 161 207 158 192 138 208 161 192 138 193 139 208 161 193 139 194 140 208 161 37 159 207 158 209 162 194 140 195 141 209 162 37 159 208 161 209 162 36 163 37 159 209 162 195 141 196 142 209 162 208 161 194 140 210 164 206 157 198 144 211 165 36 163 209 162 211 165 35 166 36 163 211 165 196 142 197 143 211 165 209 162 196 142 212 167 107 154 108 168 212 167 204 153 107 154 213 169 197 143 199 146 213 169 211 165 197 143 213 169 199 146 201 149 213 169 35 166 211 165 214 170 33 171 34 172 214 170 34 172 35 166 214 170 213 169 201 149 214 170 35 166 213 169 215 173 198 144 203 151 215 173 210 164 198 144 216 174 32 175 33 171 216 174 201 149 202 150 216 174 214 170 201 149 216 174 33 171 214 170 217 176 215 173 203 151 218 177 108 168 109 178 218 177 212 167 108 168 219 179 217 176 203 151 219 179 203 151 204 153 220 180 219 179 204 153 221 181 109 178 110 182 221 181 218 177 109 178 222 183 216 174 202 150 222 183 32 175 216 174 222 183 31 184 32 175 222 183 202 150 206 157 222 183 206 157 210 164 223 185 204 153 212 167 223 185 220 180 204 153 224 186 110 182 111 187 224 186 221 181 110 182 225 188 223 185 212 167 226 189 217 176 219 179 226 189 31 184 222 183 226 189 30 190 31 184 226 189 222 183 210 164 226 189 215 173 217 176 226 189 210 164 215 173 227 191 225 188 212 167 227 191 212 167 218 177 228 192 111 187 112 193 228 192 224 186 111 187 229 194 227 191 218 177 229 194 218 177 221 181 230 195 229 194 221 181 231 196 226 189 219 179 231 196 219 179 220 180 231 196 30 190 226 189 231 196 29 197 30 190 231 196 220 180 223 185 232 198 112 193 113 199 232 198 228 192 112 193 233 200 221 181 224 186 233 200 230 195 221 181 234 201 233 200 224 186 235 202 113 199 114 203 235 202 114 203 115 204 235 202 115 204 116 205 235 202 232 198 113 199 236 206 29 197 231 196 236 206 28 207 29 197 236 206 225 188 227 191 236 206 223 185 225 188 236 206 227 191 229 194 236 206 231 196 223 185 237 208 224 186 228 192 237 208 234 201 224 186 238 209 237 208 228 192 239 210 236 206 229 194 239 210 27 211 28 207 239 210 229 194 230 195 239 210 28 207 236 206 239 210 230 195 233 200 240 212 238 209 228 192 240 212 228 192 232 198 241 213 232 198 235 202 241 213 240 212 232 198 242 214 241 213 235 202 243 215 25 216 26 217 243 215 26 217 27 211 243 215 233 200 234 201 243 215 239 210 233 200 243 215 238 209 240 212 243 215 27 211 239 210 243 215 234 201 237 208 243 215 237 208 238 209 243 215 240 212 241 213 244 218 242 214 235 202 245 219 244 218 235 202 246 220 116 205 117 221 246 220 117 221 118 222 246 220 118 222 119 223 246 220 235 202 116 205 247 224 245 219 235 202 248 225 235 202 246 220 248 225 247 224 235 202 249 226 248 225 246 220 250 227 249 226 246 220 251 228 250 227 246 220 252 229 121 230 122 231 252 229 122 231 123 232 253 233 244 218 245 219 253 233 245 219 247 224 253 233 23 234 24 235 253 233 24 235 25 216 253 233 25 216 243 215 253 233 241 213 242 214 253 233 243 215 241 213 253 233 242 214 244 218 254 236 252 229 123 232 254 236 125 24 0 23 254 236 123 232 124 237 254 236 124 237 125 24 254 236 0 23 2 25 255 238 120 239 121 230 255 238 121 230 252 229 256 240 251 228 246 220 257 241 252 229 254 236 258 242 119 223 120 239 258 242 120 239 255 238 258 242 246 220 119 223 259 243 3 244 4 245 259 243 255 238 252 229 259 243 252 229 257 241 260 246 2 25 3 244 260 246 254 236 2 25 260 246 257 241 254 236 260 246 3 244 259 243 260 246 259 243 257 241 261 247 259 243 4 245 261 247 255 238 259 243 261 247 258 242 255 238 262 248 253 233 247 224 262 248 22 249 23 234 262 248 247 224 248 225 262 248 248 225 249 226 262 248 249 226 250 227 262 248 23 234 253 233 263 250 262 248 250 227 263 250 251 228 256 240 263 250 250 227 251 228 263 250 21 251 22 249 263 250 22 249 262 248 264 252 256 240 246 220 264 252 246 220 258 242 265 253 18 254 19 255 265 253 266 256 267 257 265 253 19 255 266 256 268 258 267 257 8 259 268 258 8 259 9 260 268 258 265 253 267 257 269 261 9 260 10 29 269 261 16 28 17 262 269 261 17 262 18 254 269 261 268 258 9 260 269 261 265 253 268 258 269 261 18 254 265 253 269 261 10 29 16 28 270 263 63 44 135 47 270 263 136 48 138 51 270 263 64 264 63 44 270 263 65 265 64 264 270 263 135 47 136 48 271 266 270 263 138 51 271 266 65 265 270 263 272 267 142 60 140 57 272 267 138 51 142 60 272 267 140 57 67 56 272 267 66 268 65 265 272 267 67 56 66 268 272 267 271 266 138 51 272 267 65 265 271 266 273 269 4 245 5 270 273 269 5 270 6 271 273 269 261 247 4 245 273 269 258 242 261 247 273 269 264 252 258 242 274 272 256 240 264 252 274 272 19 255 20 273 274 272 20 273 21 251 274 272 263 250 256 240 274 272 21 251 263 250 274 272 264 252 266 256 274 272 266 256 19 255 275 274 273 269 6 271 275 274 264 252 273 269 276 275 8 259 267 257 276 275 6 271 7 276 276 275 7 276 8 259 276 275 266 256 264 252 276 275 267 257 266 256 276 275 275 274 6 271 276 275 264 252 275 274 316 277 313 278 312 279 316 277 315 280 313 278 317 281 312 279 311 282 317 281 316 277 312 279 318 283 311 282 310 284 318 283 317 281 311 282 319 285 310 284 309 286 319 285 318 283 310 284 320 287 309 286 308 288 320 287 319 285 309 286 321 289 320 287 308 288 321 289 308 288 307 290 322 291 321 289 307 290 322 291 307 290 306 292 323 293 322 291 306 292 323 293 306 292 305 294 324 295 323 293 305 294 324 295 305 294 304 296 325 297 324 295 304 296 325 297 304 296 303 298 326 299 325 297 303 298 326 299 303 298 302 300 327 301 302 300 301 302 327 301 326 299 302 300 328 303 327 301 301 302 328 303 301 302 300 304 329 305 300 304 299 306 329 305 328 303 300 304 330 307 298 308 297 309 330 307 299 306 298 308 330 307 329 305 299 306 331 310 330 307 297 309 332 311 297 309 296 312 332 311 331 310 297 309 333 313 295 314 294 315 333 313 296 312 295 314 333 313 332 311 296 312 334 316 333 313 294 315 335 317 294 315 293 318 335 317 334 316 294 315 336 319 293 318 292 320 336 319 335 317 293 318 337 321 292 320 291 322 337 321 336 319 292 320 338 323 290 324 289 325 338 323 291 322 290 324 338 323 337 321 291 322 339 326 338 323 289 325 340 327 288 328 287 329 340 327 289 325 288 328 340 327 339 326 289 325 341 330 340 327 287 329 342 331 287 329 286 332 342 331 341 330 287 329 343 333 286 332 285 334 343 333 342 331 286 332 344 335 284 336 283 337 344 335 285 334 284 336 344 335 343 333 285 334 345 338 344 335 283 337 346 339 283 337 282 340 346 339 345 338 283 337 347 341 282 340 281 342 347 341 346 339 282 340 348 343 281 342 280 344 348 343 347 341 281 342 349 345 280 344 279 346 349 345 348 343 280 344 350 347 279 346 278 348 350 347 349 345 279 346 314 349 278 348 277 350 314 349 350 347 278 348 410 351 375 352 374 353 409 354 374 353 373 355 409 354 410 351 374 353 411 356 376 357 375 352 411 356 375 352 410 351 408 358 373 355 372 359 408 358 409 354 373 355 412 360 377 361 376 357 412 360 376 357 411 356 407 362 372 359 371 363 407 362 408 358 372 359 413 364 377 361 412 360 406 365 407 362 371 363 406 365 371 363 370 366 378 367 377 361 413 364 414 366 378 367 413 364 405 366 406 365 370 366 405 366 370 366 369 366 379 366 378 367 414 366 415 368 379 366 414 366 404 366 405 366 369 366 404 366 369 366 368 366 380 369 379 366 415 368 416 370 380 369 415 368 403 371 368 366 367 372 403 371 404 366 368 366 381 373 380 369 416 370 417 374 381 373 416 370 402 375 367 372 366 366 402 375 403 371 367 372 382 376 381 373 417 374 418 377 382 376 417 374 401 378 366 366 365 379 401 378 402 375 366 366 400 380 401 378 365 379 383 381 382 376 418 377 383 381 418 377 419 366 364 382 400 380 365 379 399 383 400 380 364 382 384 366 383 381 419 366 384 366 419 366 420 366 363 384 399 383 364 382 398 385 399 383 363 384 385 386 384 366 420 366 385 386 420 366 421 387 362 388 398 385 363 384 397 389 398 385 362 388 386 390 385 386 421 387 386 390 421 387 422 366 361 391 397 389 362 388 396 392 397 389 361 391 351 366 422 366 387 366 351 366 386 390 422 366 360 366 396 392 361 391 352 366 387 366 388 366 352 366 351 366 387 366 359 393 394 394 395 395 359 393 395 395 396 392 359 393 396 392 360 366 353 396 388 366 389 397 353 396 352 366 388 366 358 366 394 394 359 393 354 398 353 396 389 397 354 398 389 397 390 399 357 366 394 394 358 366 357 366 393 400 394 394 355 401 354 398 390 399 355 401 390 399 391 402 356 403 393 400 357 366 356 403 355 401 391 402 356 403 391 402 392 404 356 403 392 404 393 400 423 405 435 406 434 407 423 405 436 408 435 406 423 405 437 409 436 408 423 405 438 410 437 409 423 405 439 411 438 410 423 405 440 412 439 411 433 413 423 405 434 407 426 414 428 415 427 416 425 417 429 418 428 415 425 417 430 419 429 418 425 417 431 420 430 419 425 417 432 421 431 420 425 417 433 413 432 421 425 417 423 405 433 413 425 417 428 415 426 414 442 422 424 423 423 405 442 422 423 405 425 417 441 424 442 422 425 417 444 425 446 426 445 427 443 428 446 426 444 425 552 429 494 429 493 430 552 429 495 429 494 429 551 431 495 429 552 429 551 431 496 432 495 429 553 433 552 429 493 430 553 433 493 430 492 434 550 435 496 432 551 431 550 435 497 436 496 432 554 437 553 433 492 434 554 437 492 434 491 438 549 439 497 436 550 435 549 439 498 440 497 436 499 441 498 440 549 439 555 442 554 437 491 438 555 442 491 438 490 443 548 444 499 441 549 439 548 444 500 445 499 441 514 429 490 443 489 429 515 446 555 442 490 443 515 446 490 443 514 429 556 447 555 442 515 446 556 447 515 446 516 448 556 447 516 448 517 449 556 447 517 449 518 450 556 447 518 450 519 451 556 447 519 451 520 452 556 447 520 452 521 429 556 447 521 429 522 453 556 447 522 453 523 454 556 447 523 454 524 455 556 447 524 455 525 456 556 447 525 456 526 457 547 458 501 459 500 445 547 458 500 445 548 444 471 460 556 447 526 457 471 460 526 457 527 461 471 460 527 461 528 462 471 460 528 462 472 463 502 464 501 459 547 458 557 465 471 460 470 466 557 465 556 447 471 460 546 467 502 464 547 458 503 468 502 464 546 467 558 469 557 465 470 466 558 469 470 466 469 470 545 471 503 468 546 467 504 472 503 468 545 471 468 473 558 469 469 470 559 474 558 469 468 473 544 475 504 472 545 471 544 475 505 476 504 472 467 477 559 474 468 473 506 478 505 476 544 475 560 479 467 477 466 429 560 479 559 474 467 477 543 429 506 478 544 475 507 429 506 478 543 429 465 480 560 479 466 429 561 481 560 479 465 480 542 429 507 429 543 429 508 429 507 429 542 429 464 482 561 481 465 480 509 429 508 429 542 429 562 483 561 481 464 482 541 429 509 429 542 429 463 484 562 483 464 482 510 485 509 429 541 429 462 486 562 483 463 484 563 487 562 483 462 486 540 488 510 485 541 429 511 489 510 485 540 488 461 429 563 487 462 486 564 490 563 487 461 429 539 491 511 489 540 488 512 492 511 489 539 491 460 493 564 490 461 429 513 494 512 492 539 491 529 495 564 490 460 493 538 496 513 494 539 491 485 497 513 494 538 496 485 497 538 496 484 498 483 429 484 498 538 496 459 499 529 495 460 493 486 500 513 494 485 497 482 429 483 429 538 496 487 429 513 494 486 500 481 429 482 429 538 496 488 429 513 494 487 429 480 429 481 429 538 496 479 429 480 429 538 496 478 429 479 429 538 496 477 429 478 429 538 496 476 501 477 429 538 496 475 429 476 501 538 496 474 502 475 429 538 496 537 503 474 502 538 496 458 504 530 505 529 495 458 504 529 495 459 499 448 506 447 507 473 508 448 506 473 508 474 502 448 506 474 502 537 503 457 509 530 505 458 504 531 510 530 505 457 509 449 511 448 506 537 503 449 511 537 503 536 512 456 513 531 510 457 509 450 429 449 511 536 512 450 429 536 512 535 514 455 515 531 510 456 513 455 515 532 516 531 510 451 517 450 429 535 514 451 517 535 514 534 518 454 519 532 516 455 515 454 519 533 520 532 516 452 521 451 517 534 518 453 522 533 520 454 519 453 522 452 521 534 518 453 522 534 518 533 520 565 523 582 524 581 525 566 526 583 527 582 524 566 526 582 524 565 523 567 528 584 529 583 527 567 528 583 527 566 526 568 530 585 531 584 529 568 530 584 529 567 528 569 532 586 533 585 531 569 532 585 531 568 530 570 534 587 535 586 533 570 534 586 533 569 532 571 536 588 537 587 535 571 536 587 535 570 534 572 538 589 539 588 537 572 538 588 537 571 536 573 540 590 541 589 539 573 540 589 539 572 538 574 542 591 543 590 541 574 542 590 541 573 540 575 544 592 545 591 543 575 544 591 543 574 542 576 546 593 547 592 545 576 546 592 545 575 544 577 548 594 549 593 547 577 548 593 547 576 546 578 550 595 551 594 549 578 550 594 549 577 548 579 552 596 553 595 551 579 552 595 551 578 550 580 554 597 555 596 553 580 554 596 553 579 552 601 556 600 557 599 558 602 429 601 556 599 558 603 559 602 429 599 558 604 429 603 559 599 558 605 560 604 429 599 558 606 561 605 560 599 558 607 562 606 561 599 558 608 563 607 562 599 558 609 429 599 558 598 429 609 429 608 563 599 558 612 564 598 429 613 565 610 429 609 429 598 429 611 429 598 429 612 564 611 429 610 429 598 429 616 566 615 567 617 568 617 568 615 567 614 569 621 570 636 571 620 572 621 570 637 573 636 571 622 574 638 575 637 573 622 574 639 576 638 575 622 574 637 573 621 570 623 577 639 576 622 574 624 578 640 579 639 576 624 578 639 576 623 577 625 580 641 581 640 579 625 580 640 579 624 578 626 582 642 583 641 581 626 582 641 581 625 580 627 584 643 585 642 583 627 584 642 583 626 582 628 366 644 366 643 585 628 366 645 586 644 366 628 366 643 585 627 584 629 587 645 586 628 366 630 588 646 589 645 586 630 588 647 590 646 589 630 588 645 586 629 587 631 591 648 592 647 590 631 591 647 590 630 588 632 593 648 592 631 591 633 594 649 595 648 592 633 594 648 592 632 593 634 596 650 597 649 595 634 596 649 595 633 594 635 598 651 599 650 597 635 598 650 597 634 596 619 600 651 599 635 598 619 600 618 601 651 599 724 602 688 603 687 604 724 602 725 605 688 603 723 606 687 604 686 607 723 606 724 602 687 604 722 608 686 607 685 609 722 608 723 606 686 607 721 610 685 609 684 611 721 610 722 608 685 609 720 612 684 611 683 613 720 612 721 610 684 611 719 614 720 612 683 613 719 614 683 613 682 615 718 616 719 614 682 615 718 616 682 615 681 617 717 618 718 616 681 617 717 618 681 617 680 619 716 620 717 618 680 619 716 620 680 619 679 621 715 622 716 620 679 621 715 622 679 621 678 623 714 624 715 622 678 623 714 624 678 623 677 625 713 626 677 625 676 627 713 626 714 624 677 625 712 628 676 627 675 629 712 628 713 626 676 627 711 630 712 628 675 629 711 630 674 631 673 632 711 630 675 629 674 631 710 633 711 630 673 632 709 634 673 632 672 635 709 634 710 633 673 632 708 636 672 635 671 637 708 636 709 634 672 635 707 638 671 637 670 639 707 638 708 636 671 637 706 640 670 639 669 641 706 640 707 638 670 639 705 642 669 641 668 643 705 642 706 640 669 641 704 644 668 643 667 645 704 644 705 642 668 643 703 646 667 645 666 647 703 646 704 644 667 645 702 648 666 647 665 649 702 648 703 646 666 647 701 650 665 649 664 651 701 650 702 648 665 649 700 652 664 651 663 653 700 652 701 650 664 651 699 654 663 653 662 655 699 654 700 652 663 653 698 656 662 655 661 657 698 656 699 654 662 655 697 658 660 659 659 660 697 658 661 657 660 659 697 658 698 656 661 657 696 661 697 658 659 660 695 662 659 660 658 663 695 662 696 661 659 660 694 664 695 662 658 663 694 664 658 663 657 665 693 666 657 665 656 667 693 666 694 664 657 665 692 668 656 667 655 669 692 668 693 666 656 667 691 670 655 669 654 671 691 670 692 668 655 669 690 672 654 671 653 673 690 672 691 670 654 671 689 674 653 673 652 675 689 674 690 672 653 673 760 676 758 677 759 429 755 429 756 429 757 429 755 429 757 429 758 677 761 678 758 677 760 676 761 678 755 429 758 677 754 429 755 429 761 678 752 429 753 429 754 429 728 679 726 680 727 681 728 679 761 678 726 680 729 429 754 429 761 678 729 429 761 678 728 679 750 682 751 429 752 429 731 429 729 429 730 429 748 683 749 429 750 682 732 429 729 429 731 429 733 429 754 429 729 429 733 429 729 429 732 429 745 684 746 429 747 685 745 684 747 685 748 683 745 684 750 682 752 429 745 684 748 683 750 682 735 429 733 429 734 429 736 429 733 429 735 429 738 429 736 429 737 429 738 429 733 429 736 429 741 429 742 429 743 429 741 429 743 429 744 429 739 429 733 429 738 429 739 429 752 429 754 429 739 429 754 429 733 429 740 429 741 429 744 429 740 429 752 429 739 429 740 429 744 429 745 684 740 429 745 684 752 429 782 686 781 687 784 688 783 689 782 686 784 688 762 690 783 689 784 688 762 690 784 688 820 691 763 692 762 690 820 691 763 692 820 691 819 693 764 694 763 692 819 693 764 694 819 693 818 695 765 696 764 694 818 695 765 696 818 695 817 697 766 698 765 696 817 697 766 698 817 697 816 699 767 700 766 698 816 699 767 700 816 699 815 701 768 702 767 700 815 701 768 702 815 701 814 703 769 704 768 702 814 703 769 704 814 703 813 705 770 706 769 704 813 705 770 706 813 705 812 707 771 708 770 706 812 707 772 709 771 708 812 707 772 709 812 707 811 710 773 711 772 709 811 710 773 711 811 710 810 712 774 713 773 711 810 712 774 713 810 712 809 714 775 715 809 714 808 716 775 715 774 713 809 714 776 717 808 716 807 718 776 717 775 715 808 716 777 719 807 718 806 720 777 719 776 717 807 718 778 721 806 720 805 722 778 721 777 719 806 720 779 723 805 722 804 724 779 723 778 721 805 722 780 725 804 724 803 726 780 725 779 723 804 724 846 727 780 725 803 726 847 728 846 727 803 726 843 314 847 728 803 726 844 729 843 314 803 726 845 730 844 729 803 726 825 731 803 726 802 732 825 731 845 730 803 726 826 733 802 732 801 734 826 733 825 731 802 732 827 735 801 734 800 736 827 735 826 733 801 734 828 737 800 736 799 738 828 737 827 735 800 736 829 739 799 738 798 740 829 739 828 737 799 738 830 741 829 739 798 740 830 741 798 740 797 742 831 743 830 741 797 742 831 743 797 742 796 744 832 745 831 743 796 744 832 745 796 744 795 746 833 747 832 745 795 746 833 747 795 746 794 748 834 566 833 747 794 748 835 749 834 566 794 748 835 749 794 748 793 750 836 751 835 749 793 750 836 751 793 750 792 752 837 753 836 751 792 752 837 753 792 752 791 754 838 755 837 753 791 754 838 755 791 754 790 756 839 757 790 756 789 758 839 757 838 755 790 756 840 759 789 758 788 760 840 759 839 757 789 758 841 761 788 760 787 762 841 761 840 759 788 760 842 763 787 762 786 764 842 763 841 761 787 762 822 765 786 764 785 766 822 765 842 763 786 764 823 767 822 765 785 766 824 768 823 767 785 766 821 769 824 768 785 766 886 770 884 771 885 772 883 773 884 771 886 770 887 774 883 773 886 770 882 775 883 773 887 774 888 776 882 775 887 774 881 777 882 775 888 776 889 778 881 777 888 776 880 779 881 777 889 778 890 780 880 779 889 778 879 781 880 779 890 780 891 782 879 781 890 780 878 783 879 781 891 782 892 784 878 783 891 782 877 785 878 783 892 784 893 786 877 785 892 784 876 787 877 785 893 786 894 788 876 787 893 786 875 789 876 787 894 788 895 790 875 789 894 788 874 791 875 789 895 790 896 792 874 791 895 790 873 793 874 791 896 792 897 794 873 793 896 792 872 795 873 793 897 794 898 796 872 795 897 794 871 797 872 795 898 796 899 798 871 797 898 796 870 799 871 797 899 798 900 800 870 799 899 798 869 801 870 799 900 800 901 802 869 801 900 800 868 803 869 801 901 802 902 804 868 803 901 802 867 805 868 803 902 804 903 806 867 805 902 804 866 807 867 805 903 806 904 808 866 807 903 806 865 809 866 807 904 808 905 810 865 809 904 808 864 811 865 809 905 810 863 812 905 810 906 813 863 812 864 811 905 810 907 814 863 812 906 813 862 815 863 812 907 814 908 816 862 815 907 814 861 817 862 815 908 816 860 818 908 816 909 819 860 818 861 817 908 816 910 820 860 818 909 819 859 821 860 818 910 820 911 822 859 821 910 820 858 823 859 821 911 822 912 824 858 823 911 822 857 825 858 823 912 824 856 826 912 824 913 827 856 826 857 825 912 824 914 828 856 826 913 827 855 829 856 826 914 828 915 830 855 829 914 828 854 831 855 829 915 830 916 832 854 831 915 830 853 833 854 831 916 832 852 834 853 833 916 832 852 834 916 832 917 835 918 836 852 834 917 835 851 837 852 834 918 836 850 838 851 837 918 836 850 838 918 836 919 839 920 840 850 838 919 839 849 841 850 838 920 840 848 842 849 841 920 840 848 842 920 840 921 843 934 844 935 366 936 845 938 846 936 845 937 366 938 846 934 844 936 845 932 847 933 366 934 844 942 848 940 849 941 366 929 850 930 851 931 852 929 850 931 852 932 847 929 850 932 847 934 844 929 850 934 844 938 846 943 853 939 854 940 849 943 853 940 849 942 848 944 855 939 854 943 853 927 856 928 366 929 850 945 857 938 846 939 854 945 857 939 854 944 855 945 857 929 850 938 846 945 857 927 856 929 850 947 366 945 857 946 366 924 366 925 366 926 858 922 859 923 366 924 366 922 859 924 366 926 858 950 860 947 366 948 366 950 860 948 366 949 366 950 860 945 857 947 366 953 861 950 860 951 862 953 861 951 862 952 366 953 861 927 856 945 857 953 861 945 857 950 860 954 863 926 858 927 856 954 863 927 856 953 861 954 863 955 366 956 864 954 863 956 864 957 865 954 863 957 865 922 859 954 863 922 859 926 858</p>
        </triangles>
        <triangles material="mat_2_005-material" count="1428">
          <input semantic="VERTEX" source="#link3-mesh-vertices" offset="0"/>
          <input semantic="NORMAL" source="#link3-mesh-normals" offset="1"/>
          <p>1000 866 997 867 998 868 1000 866 998 868 999 869 1005 870 996 871 997 867 1005 870 997 867 1000 866 1017 872 1008 873 1007 874 1017 872 1009 875 1008 873 1017 872 1010 876 1009 875 1011 877 1010 876 1017 872 1004 878 994 879 995 880 1004 878 995 880 996 871 1004 878 996 871 1005 870 1012 881 1011 877 1017 872 1003 882 992 883 993 884 1003 882 993 884 994 879 1003 882 994 879 1004 878 1013 885 1012 881 1017 872 991 886 992 883 1003 882 1018 887 1013 885 1017 872 1018 887 1014 888 1013 885 958 889 1014 888 1018 887 958 889 1015 890 1014 888 958 889 1016 891 1015 890 958 889 1006 892 1016 891 958 889 1018 887 1019 893 958 889 1019 893 1020 894 958 889 1020 894 1021 895 958 889 1021 895 1022 896 967 897 985 898 986 899 967 897 986 899 987 900 968 901 967 897 987 900 969 902 987 900 988 903 969 902 988 903 989 904 969 902 968 901 987 900 970 905 989 904 990 906 970 905 990 906 991 886 970 905 1003 882 1002 907 970 905 969 902 989 904 970 905 991 886 1003 882 971 908 970 905 1002 907 971 908 1002 907 1001 909 972 910 971 908 1001 909 973 911 1001 909 1006 892 973 911 972 910 1001 909 974 912 973 911 1006 892 975 913 1006 892 958 889 975 913 974 912 1006 892 965 914 981 915 980 916 965 914 982 917 981 915 965 914 983 918 982 917 965 914 984 919 983 918 965 914 966 920 984 919 964 921 979 922 978 923 964 921 980 916 979 922 964 921 965 914 980 916 959 924 962 925 963 926 959 924 963 926 964 921 959 924 976 927 975 913 959 924 977 928 976 927 959 924 978 923 977 928 959 924 975 913 958 889 959 924 964 921 978 923 961 929 962 925 959 924 960 930 961 929 959 924 1028 931 1031 932 1032 933 1039 934 1032 933 1033 935 1040 936 1029 937 1028 931 1040 936 1028 931 1032 933 1040 936 1032 933 1039 934 1041 938 1033 935 1034 939 1041 938 1034 939 1035 940 1042 941 1033 935 1041 938 1042 941 1039 934 1033 935 1043 942 1035 940 1036 943 1044 944 1029 937 1040 936 1044 944 1040 936 1039 934 1044 944 1039 934 1042 941 1045 945 1035 940 1043 942 1046 946 1041 938 1035 940 1046 946 1035 940 1045 945 1047 947 1042 941 1041 938 1047 947 1041 938 1046 946 1048 948 1029 937 1044 944 1048 948 1044 944 1042 941 1048 948 1042 941 1047 947 1049 949 1036 943 1038 950 1049 949 1045 945 1043 942 1049 949 1043 942 1036 943 1049 949 1046 946 1045 945 1049 949 1047 947 1046 946 1050 951 1029 937 1048 948 1050 951 1048 948 1047 947 1050 951 1047 947 1049 949 1051 952 1049 949 1038 950 1052 953 1049 949 1051 952 1053 954 1049 949 1052 953 1054 955 1050 951 1049 949 1054 955 1049 949 1053 954 1055 956 1030 957 1029 937 1055 956 1029 937 1050 951 1055 956 1050 951 1054 955 1056 958 1038 950 1037 959 1056 958 1051 952 1038 950 1056 958 1052 953 1051 952 1056 958 1053 954 1052 953 1056 958 1054 955 1053 954 1057 960 1030 957 1055 956 1057 960 1055 956 1054 955 1057 960 1054 955 1056 958 1058 961 1056 958 1037 959 1059 962 1056 958 1058 961 1060 963 1056 958 1059 962 1061 964 1057 960 1056 958 1061 964 1056 958 1060 963 1062 965 1024 966 1023 967 1062 965 1023 967 1030 957 1062 965 1030 957 1057 960 1062 965 1057 960 1061 964 1063 968 1026 969 1025 970 1063 968 1027 971 1026 969 1063 968 1037 959 1027 971 1063 968 1058 961 1037 959 1063 968 1059 962 1058 961 1064 972 1059 962 1063 968 1064 972 1063 968 1025 970 1064 972 1060 963 1059 962 1065 973 1062 965 1061 964 1065 973 1064 972 1025 970 1065 973 1025 970 1024 966 1065 973 1060 963 1064 972 1065 973 1024 966 1062 965 1065 973 1061 964 1060 963 1068 974 1069 314 1070 975 1066 976 1070 975 1071 977 1066 976 1071 977 1072 978 1066 976 1072 978 1073 314 1066 976 1073 314 1067 314 1066 976 1068 974 1070 975 1077 979 1074 980 1075 981 1077 979 1076 982 1074 980 1080 983 1078 984 1079 985 1084 986 1081 987 1080 983 1084 986 1080 983 1079 985 1085 988 1082 989 1081 987 1085 988 1081 987 1084 986 1083 990 1082 989 1085 988 1099 991 1086 992 1087 993 1099 991 1097 994 1086 992 1100 995 1096 996 1097 994 1100 995 1097 994 1099 991 1101 997 1095 998 1096 996 1101 997 1096 996 1100 995 1102 999 1094 1000 1095 998 1102 999 1095 998 1101 997 1103 1001 1093 1002 1094 1000 1103 1001 1094 1000 1102 999 1104 1003 1092 1004 1093 1002 1104 1003 1093 1002 1103 1001 1105 1005 1091 1006 1092 1004 1105 1005 1092 1004 1104 1003 1106 1007 1090 1008 1091 1006 1106 1007 1091 1006 1105 1005 1107 1009 1089 1010 1090 1008 1107 1009 1090 1008 1106 1007 1098 1011 1088 1012 1089 1010 1098 1011 1089 1010 1107 1009 1108 1013 1109 1014 1110 1015 1108 1013 1110 1015 1111 1016 1120 1017 1112 1018 1113 1019 1120 1017 1118 1020 1112 1018 1121 1021 1117 1022 1118 1020 1121 1021 1118 1020 1120 1017 1122 1023 1116 1024 1117 1022 1122 1023 1117 1022 1121 1021 1123 1025 1115 1026 1116 1024 1123 1025 1116 1024 1122 1023 1119 1027 1114 1028 1115 1026 1119 1027 1115 1026 1123 1025 1133 1029 1142 1030 1134 1031 1132 1032 1142 1030 1133 1029 1136 1033 1143 1034 1142 1030 1136 1033 1141 1035 1143 1034 1131 1036 1142 1030 1132 1032 1137 1037 1136 1033 1142 1030 1130 1038 1142 1030 1131 1036 1138 1039 1137 1037 1142 1030 1129 1040 1142 1030 1130 1038 1139 1041 1138 1039 1142 1030 1128 1042 1142 1030 1129 1040 1140 1043 1139 1041 1142 1030 1127 1044 1142 1030 1128 1042 1135 1045 1140 1043 1142 1030 1126 1046 1142 1030 1127 1044 1125 1047 1142 1030 1126 1046 1124 1048 1135 1045 1142 1030 1124 1048 1142 1030 1125 1047 1164 1049 1145 1050 1144 1051 1164 1049 1162 1052 1161 1053 1164 1049 1163 1054 1162 1052 1164 1049 1144 1051 1163 1054 1165 1055 1156 1056 1155 1057 1165 1055 1157 1058 1156 1056 1165 1055 1158 1059 1157 1058 1165 1055 1159 1060 1158 1059 1165 1055 1160 1061 1159 1060 1165 1055 1161 1053 1160 1061 1165 1055 1164 1049 1161 1053 1154 1062 1165 1055 1155 1057 1153 1063 1165 1055 1154 1062 1152 1064 1165 1055 1153 1063 1151 1065 1165 1055 1152 1064 1150 1066 1165 1055 1151 1065 1149 1067 1165 1055 1150 1066 1148 1068 1165 1055 1149 1067 1147 1069 1146 1070 1165 1055 1147 1069 1165 1055 1148 1068 1167 1071 1185 1072 1166 1073 1187 1074 1184 1075 1185 1072 1187 1074 1185 1072 1167 1071 1188 1076 1183 1077 1184 1075 1188 1076 1184 1075 1187 1074 1189 1078 1182 1079 1183 1077 1189 1078 1183 1077 1188 1076 1190 1080 1182 1079 1189 1078 1191 1081 1181 1082 1182 1079 1191 1081 1182 1079 1190 1080 1192 1083 1180 1084 1181 1082 1192 1083 1181 1082 1191 1081 1193 1085 1179 1086 1180 1084 1193 1085 1180 1084 1192 1083 1194 1087 1178 1088 1179 1086 1194 1087 1179 1086 1193 1085 1195 1089 1177 1090 1178 1088 1195 1089 1178 1088 1194 1087 1196 1091 1176 1092 1177 1090 1196 1091 1177 1090 1195 1089 1197 1093 1175 1094 1176 1092 1197 1093 1176 1092 1196 1091 1198 1095 1174 1096 1175 1094 1198 1095 1175 1094 1197 1093 1199 1097 1173 1098 1174 1096 1199 1097 1174 1096 1198 1095 1200 1099 1172 1100 1173 1098 1200 1099 1173 1098 1199 1097 1201 1101 1172 1100 1200 1099 1201 1101 1171 1102 1172 1100 1202 1103 1170 1104 1171 1102 1202 1103 1171 1102 1201 1101 1203 1105 1170 1104 1202 1103 1203 1105 1169 1106 1170 1104 1186 1107 1168 1108 1169 1106 1186 1107 1169 1106 1203 1105 1207 1109 1204 1110 1205 1111 1207 1109 1206 1112 1204 1110 1210 1113 1208 1114 1209 1115 1214 1116 1211 1117 1210 1113 1214 1116 1210 1113 1209 1115 1215 1118 1212 1119 1211 1117 1215 1118 1211 1117 1214 1116 1213 1120 1212 1119 1215 1118 1283 1121 1236 1122 1235 1123 1282 1124 1236 1122 1283 1121 1284 1125 1235 1123 1234 1126 1284 1125 1283 1121 1235 1123 1281 1127 1237 1128 1236 1122 1281 1127 1236 1122 1282 1124 1285 1129 1234 1126 1233 1130 1285 1129 1284 1125 1234 1126 1280 1131 1238 1132 1237 1128 1280 1131 1237 1128 1281 1127 1286 1133 1285 1129 1233 1130 1279 1134 1238 1132 1280 1131 1279 1134 1239 1135 1238 1132 1279 1134 1240 1136 1239 1135 1287 1137 1286 1133 1233 1130 1287 1137 1233 1130 1232 1138 1278 1139 1240 1136 1279 1134 1278 1139 1241 1140 1240 1136 1278 1139 1216 1141 1241 1140 1277 1142 1216 1141 1278 1139 1217 1143 1216 1141 1277 1142 1288 1144 1232 1138 1231 1145 1288 1144 1287 1137 1232 1138 1276 1146 1217 1143 1277 1142 1289 1147 1288 1144 1231 1145 1218 1148 1217 1143 1276 1146 1266 1149 1289 1147 1231 1145 1275 1150 1218 1148 1276 1146 1230 1151 1266 1149 1231 1145 1230 1151 1267 1152 1266 1149 1230 1151 1264 1153 1267 1152 1219 1154 1218 1148 1275 1150 1263 1155 1264 1153 1230 1151 1274 1156 1219 1154 1275 1150 1220 1157 1219 1154 1274 1156 1262 1158 1264 1153 1263 1155 1273 1159 1220 1157 1274 1156 1221 1160 1220 1157 1273 1159 1261 1161 1264 1153 1262 1158 1272 1162 1222 1163 1221 1160 1272 1162 1221 1160 1273 1159 1223 1164 1222 1163 1272 1162 1271 1165 1223 1164 1272 1162 1224 1166 1223 1164 1271 1165 1270 1167 1224 1166 1271 1165 1225 1168 1224 1166 1270 1167 1226 1169 1225 1168 1270 1167 1269 1170 1226 1169 1270 1167 1227 1171 1226 1169 1269 1170 1265 1172 1264 1153 1261 1161 1228 1173 1268 1174 1290 1175 1228 1173 1227 1171 1268 1174 1229 1176 1290 1175 1265 1172 1229 1176 1228 1173 1290 1175 1242 1177 1265 1172 1261 1161 1242 1177 1229 1176 1265 1172 1250 1178 1252 1179 1251 1180 1243 1181 1242 1177 1261 1161 1243 1181 1261 1161 1260 1182 1249 1183 1252 1179 1250 1178 1249 1183 1253 1184 1252 1179 1244 1185 1243 1181 1260 1182 1244 1185 1259 1186 1258 1187 1244 1185 1260 1182 1259 1186 1248 1188 1253 1184 1249 1183 1248 1188 1254 1189 1253 1184 1247 1190 1254 1189 1248 1188 1247 1190 1255 1191 1254 1189 1245 1192 1244 1185 1258 1187 1245 1192 1258 1187 1257 1193 1246 1194 1245 1192 1257 1193 1246 1194 1256 1195 1255 1191 1246 1194 1257 1193 1256 1195 1246 1194 1255 1191 1247 1190 1269 1170 1268 1174 1227 1171 1319 1196 1320 1197 1321 1198 1319 1196 1321 1198 1322 1199 1318 1200 1322 1199 1323 1201 1318 1200 1319 1196 1322 1199 1317 1202 1318 1200 1323 1201 1316 1203 1317 1202 1323 1201 1324 1204 1315 1205 1316 1203 1324 1204 1316 1203 1323 1201 1314 1206 1315 1205 1324 1204 1313 1207 1314 1206 1324 1204 1325 1208 1313 1207 1324 1204 1312 1209 1313 1207 1325 1208 1311 1210 1325 1208 1326 1211 1311 1210 1312 1209 1325 1208 1310 1212 1311 1210 1326 1211 1327 1213 1310 1212 1326 1211 1309 1214 1310 1212 1327 1213 1328 1215 1309 1214 1327 1213 1308 1216 1309 1214 1328 1215 1307 1217 1308 1216 1328 1215 1329 1218 1307 1217 1328 1215 1306 1219 1307 1217 1329 1218 1330 1220 1306 1219 1329 1218 1331 1221 1306 1219 1330 1220 1332 1222 1306 1219 1331 1221 1333 1223 1306 1219 1332 1222 1305 1224 1336 1225 1337 1226 1305 1224 1337 1226 1338 1227 1305 1224 1338 1227 1339 1228 1340 1229 1305 1224 1339 1228 1304 1230 1305 1224 1340 1229 1341 1231 1304 1230 1340 1229 1303 1232 1304 1230 1341 1231 1342 1233 1303 1232 1341 1231 1302 1234 1303 1232 1342 1233 1301 1235 1302 1234 1342 1233 1301 1235 1342 1233 1343 1236 1300 1237 1301 1235 1343 1236 1300 1237 1343 1236 1344 1238 1299 1239 1300 1237 1344 1238 1298 1240 1299 1239 1344 1238 1298 1240 1344 1238 1345 1241 1297 1242 1298 1240 1345 1241 1296 1243 1297 1242 1345 1241 1295 1244 1296 1243 1345 1241 1346 1245 1295 1244 1345 1241 1294 1246 1295 1244 1346 1245 1293 1247 1294 1246 1346 1245 1347 1248 1293 1247 1346 1245 1292 1249 1293 1247 1347 1248 1348 1250 1292 1249 1347 1248 1291 1251 1292 1249 1348 1250 1305 1224 1306 1219 1336 1225 1336 1225 1306 1219 1335 1252 1335 1252 1306 1219 1334 1253 1334 1253 1306 1219 1333 1223 1358 1254 1355 1255 1354 1256 1358 1254 1354 1256 1359 1257 1357 1258 1350 1259 1349 1260 1360 1261 1351 1262 1350 1259 1360 1261 1352 1263 1351 1262 1360 1261 1350 1259 1357 1258 1363 1264 1352 1263 1360 1261 1413 1265 1352 1263 1363 1264 1362 1266 1414 1267 1413 1265 1362 1266 1413 1265 1363 1264 1361 1268 1399 1269 1414 1267 1361 1268 1414 1267 1362 1266 1365 1270 1400 1271 1366 1272 1364 1273 1400 1271 1365 1270 1401 1274 1400 1271 1364 1273 1369 1275 1401 1274 1364 1273 1381 1276 1409 1277 1408 1278 1381 1276 1408 1278 1382 1279 1387 1280 1409 1277 1381 1276 1410 1281 1409 1277 1387 1280 1386 1282 1410 1281 1387 1280 1412 1283 1411 1284 1385 1285 1384 1286 1397 1287 1396 1288 1384 1286 1398 1289 1397 1287 1384 1286 1396 1288 1412 1283 1384 1286 1412 1283 1385 1285 1388 1290 1393 1291 1398 1289 1388 1290 1398 1289 1384 1286 1394 1292 1393 1291 1388 1290 1391 1293 1394 1292 1388 1290 1395 1294 1394 1292 1391 1293 1390 1295 1395 1294 1391 1293 1415 1296 1354 1256 1353 1297 1415 1296 1359 1257 1354 1256 1416 1298 1353 429 1356 1299 1416 1300 1359 1257 1415 1296 1416 1300 1415 1296 1353 1297 1417 1301 1356 1302 1359 1257 1417 1301 1416 1300 1356 1302 1417 1301 1359 1257 1416 1300 1418 1303 1349 1260 1355 1255 1418 1303 1357 1258 1349 1260 1419 1304 1357 1258 1418 1303 1419 1304 1358 1254 1357 1258 1419 1304 1418 1303 1355 1255 1419 1304 1355 1255 1358 1254 1420 1305 1399 1269 1361 1268 1420 1305 1366 1272 1400 1271 1420 1305 1400 1271 1399 1269 1421 1306 1361 1268 1366 1272 1421 1306 1420 1305 1361 1268 1421 1306 1366 1272 1420 1305 1422 1307 1401 1274 1369 1275 1422 1307 1402 1308 1401 1274 1423 1309 1402 1308 1422 1307 1423 1309 1422 1307 1369 1275 1424 1310 1369 1275 1368 1311 1424 1310 1423 1309 1369 1275 1424 1310 1402 1308 1423 1309 1425 1312 1373 1313 1374 1314 1425 1312 1374 1314 1375 1315 1425 1312 1375 1315 1376 1316 1425 1312 1405 1317 1404 1318 1426 1319 1408 1278 1407 1320 1426 1319 1382 1279 1408 1278 1427 1321 1382 1279 1426 1319 1427 1321 1426 1319 1407 1320 1428 1322 1383 1323 1382 1279 1428 1322 1382 1279 1427 1321 1428 1322 1427 1321 1407 1320 1429 1324 1411 1284 1410 1281 1429 1324 1410 1281 1386 1282 1430 1325 1429 1324 1386 1282 1430 1325 1386 1282 1385 1285 1430 1325 1385 1285 1411 1284 1430 1325 1411 1284 1429 1324 1431 1326 1390 1295 1389 1327 1431 1328 1389 429 1392 1329 1431 1326 1392 1330 1395 1294 1431 1326 1395 1294 1390 1295 1432 1331 1424 1310 1368 1311 1432 1331 1402 1308 1424 1310 1433 1332 1368 1311 1367 1333 1433 1332 1403 1334 1402 1308 1433 1332 1432 1331 1368 1311 1433 1332 1402 1308 1432 1331 1434 1335 1433 1332 1367 1333 1434 1335 1403 1334 1433 1332 1435 1336 1434 1335 1367 1333 1435 1336 1367 1333 1370 1337 1435 1336 1404 1318 1403 1334 1435 1336 1403 1334 1434 1335 1436 1338 1425 1312 1404 1318 1436 1338 1370 1337 1371 1339 1436 1338 1371 1339 1372 1340 1436 1338 1372 1340 1373 1313 1436 1338 1435 1336 1370 1337 1436 1338 1404 1318 1435 1336 1436 1338 1373 1313 1425 1312 1437 1341 1425 1312 1376 1316 1437 1341 1405 1317 1425 1312 1437 1341 1376 1316 1377 1342 1437 1341 1377 1342 1378 1343 1437 1341 1378 1343 1379 1344 1437 1341 1379 1344 1380 1345 1438 1346 1405 1317 1437 1341 1438 1346 1437 1341 1380 1345 1438 1346 1406 1347 1405 1317 1439 1348 1438 1346 1380 1345 1439 1348 1406 1347 1438 1346 1440 1349 1406 1347 1439 1348 1440 1349 1380 1345 1383 1323 1440 1349 1439 1348 1380 1345 1440 1349 1407 1320 1406 1347 1441 1350 1440 1349 1383 1323 1441 1350 1407 1320 1440 1349 1441 1350 1383 1323 1428 1322 1441 1350 1428 1322 1407 1320 1442 1351 1447 1352 1444 1353 1474 1354 1442 1351 1443 1355 1473 1356 1447 1352 1442 1351 1473 1356 1442 1351 1474 1354 1472 1357 1446 1358 1447 1352 1472 1357 1447 1352 1473 1356 1471 1359 1445 1360 1446 1358 1471 1359 1446 1358 1472 1357 1470 1361 1448 1362 1445 1360 1470 1361 1445 1360 1471 1359 1469 1363 1450 1364 1451 1365 1469 1363 1451 1365 1448 1362 1469 1363 1448 1362 1470 1361 1468 1366 1449 1367 1450 1364 1468 1366 1450 1364 1469 1363 1467 1368 1454 1369 1449 1367 1467 1368 1449 1367 1468 1366 1466 1370 1453 1371 1454 1369 1466 1370 1454 1369 1467 1368 1465 1372 1452 1373 1453 1371 1465 1372 1453 1371 1466 1370 1464 1374 1457 1375 1452 1373 1464 1374 1452 1373 1465 1372 1463 1376 1456 1377 1457 1375 1463 1376 1457 1375 1464 1374 1462 1378 1455 1379 1456 1377 1462 1378 1456 1377 1463 1376 1461 1380 1458 1381 1455 1379 1461 1380 1455 1379 1462 1378 1459 1382 1458 1381 1461 1380 1460 1383 1459 1382 1461 1380 1522 1384 1475 1385 1476 1386 1521 1387 1522 1384 1476 1386 1520 1388 1476 1386 1477 1389 1520 1388 1521 1387 1476 1386 1519 1390 1477 1389 1478 1391 1519 1390 1520 1388 1477 1389 1518 1392 1519 1390 1478 1391 1479 1393 1518 1392 1478 1391 1517 1394 1518 1392 1479 1393 1480 1395 1517 1394 1479 1393 1516 1396 1517 1394 1480 1395 1481 1397 1516 1396 1480 1395 1515 1398 1516 1396 1481 1397 1482 1399 1515 1398 1481 1397 1514 1400 1482 1399 1483 1401 1514 1400 1515 1398 1482 1399 1484 1402 1514 1400 1483 1401 1513 1403 1514 1400 1484 1402 1513 1403 1484 1402 1512 1404 1485 1405 1508 1406 1509 1407 1485 1405 1509 1407 1510 1408 1485 1405 1510 1408 1511 1409 1485 1405 1511 1409 1512 1404 1485 1405 1512 1404 1484 1402 1486 1410 1508 1406 1485 1405 1507 1411 1508 1406 1486 1410 1487 1412 1507 1411 1486 1410 1506 1413 1487 1412 1488 1414 1506 1413 1507 1411 1487 1412 1489 1415 1506 1413 1488 1414 1505 1416 1489 1415 1490 1417 1505 1416 1506 1413 1489 1415 1504 1418 1505 1416 1490 1417 1504 1418 1490 1417 1491 1419 1504 1418 1491 1419 1492 1420 1503 1421 1492 1420 1493 1422 1503 1421 1504 1418 1492 1420 1502 1423 1493 1422 1494 1424 1502 1423 1503 1421 1493 1422 1501 1425 1494 1424 1495 1426 1501 1425 1502 1423 1494 1424 1500 1427 1495 1426 1496 1428 1500 1427 1501 1425 1495 1426 1499 1429 1496 1428 1497 1430 1499 1429 1497 1430 1498 1431 1499 1429 1500 1427 1496 1428 1607 1432 1530 1433 1531 1434 1607 1432 1531 1434 1532 1435 1606 1436 1528 1437 1529 1438 1606 1436 1529 1438 1530 1433 1606 1436 1530 1433 1607 1432 1608 1439 1532 1435 1533 1440 1608 1439 1533 1440 1534 1441 1608 1439 1607 1432 1532 1435 1605 1442 1527 1443 1528 1437 1605 1442 1528 1437 1606 1436 1609 1441 1534 1441 1535 1444 1609 1441 1608 1439 1534 1441 1604 1445 1525 1446 1526 1447 1604 1445 1526 1447 1527 1443 1604 1445 1527 1443 1605 1442 1601 1448 1523 1449 1524 1450 1600 1441 1601 1448 1524 1450 1599 1441 1600 1441 1524 1450 1598 1441 1599 1441 1524 1450 1597 1451 1598 1441 1524 1450 1610 1452 1535 1444 1536 1453 1610 1452 1536 1453 1537 1454 1610 1452 1537 1454 1538 1455 1610 1452 1609 1441 1535 1444 1603 1456 1524 1450 1525 1446 1603 1456 1525 1446 1604 1445 1585 1457 1586 1458 1587 1459 1585 1457 1587 1459 1588 1460 1585 1457 1588 1460 1589 1461 1585 1457 1589 1461 1590 1462 1585 1457 1590 1462 1591 1463 1611 1464 1538 1455 1539 1465 1611 1464 1610 1452 1538 1455 1602 1466 1524 1450 1603 1456 1602 1466 1591 1463 1592 1467 1602 1466 1585 1457 1591 1463 1602 1466 1592 1467 1593 1468 1602 1466 1597 1451 1524 1450 1602 1466 1593 1468 1594 1441 1602 1466 1594 1441 1595 1468 1602 1466 1595 1468 1596 1467 1602 1466 1596 1467 1597 1451 1548 1469 1611 1464 1539 1465 1612 1470 1611 1464 1548 1469 1637 1471 1585 1457 1602 1466 1637 1471 1584 1472 1585 1457 1583 1473 1584 1472 1637 1471 1547 1474 1612 1470 1548 1469 1613 1441 1612 1470 1547 1474 1636 1475 1583 1473 1637 1471 1582 1441 1583 1473 1636 1475 1546 1441 1613 1441 1547 1474 1614 1476 1613 1441 1546 1441 1635 1441 1582 1441 1636 1475 1635 1441 1581 1441 1582 1441 1580 1477 1581 1441 1635 1441 1545 1478 1614 1476 1546 1441 1615 1479 1614 1476 1545 1478 1634 1480 1580 1477 1635 1441 1579 1481 1580 1477 1634 1480 1633 1482 1579 1481 1634 1480 1544 1483 1615 1479 1545 1478 1544 1483 1616 1484 1615 1479 1578 1441 1579 1481 1633 1482 1632 1485 1578 1441 1633 1482 1543 1486 1616 1484 1544 1483 1543 1486 1617 1487 1616 1484 1577 1441 1578 1441 1632 1485 1576 1488 1632 1485 1631 1489 1576 1488 1577 1441 1632 1485 1542 1490 1617 1487 1543 1486 1542 1490 1618 1491 1617 1487 1575 1492 1631 1489 1630 1493 1575 1492 1576 1488 1631 1489 1541 1494 1618 1491 1542 1490 1541 1494 1619 1441 1618 1491 1574 1495 1630 1493 1629 1496 1574 1495 1575 1492 1630 1493 1551 1497 1619 1441 1541 1494 1551 1497 1552 1441 1620 1498 1551 1497 1620 1498 1619 1441 1553 1499 1620 1498 1552 1441 1550 1500 1551 1497 1541 1494 1554 1501 1620 1498 1553 1499 1549 1502 1550 1500 1541 1494 1555 1441 1620 1498 1554 1501 1540 1441 1549 1502 1541 1494 1556 1441 1620 1498 1555 1441 1557 1503 1620 1498 1556 1441 1558 1504 1620 1498 1557 1503 1559 1505 1620 1498 1558 1504 1560 1506 1620 1498 1559 1505 1565 1441 1574 1495 1629 1496 1561 1507 1620 1498 1560 1506 1621 1508 1620 1498 1561 1507 1566 1509 1629 1496 1628 1510 1566 1509 1565 1441 1629 1496 1573 1511 1561 1507 1562 1512 1573 1511 1562 1512 1563 1513 1573 1511 1563 1513 1564 1514 1573 1511 1621 1508 1561 1507 1573 1511 1622 1515 1621 1508 1567 1516 1628 1510 1627 1517 1567 1516 1566 1509 1628 1510 1572 1518 1622 1515 1573 1511 1572 1518 1623 1519 1622 1515 1568 1441 1627 1517 1626 1441 1568 1441 1567 1516 1627 1517 1571 1520 1624 1521 1623 1519 1571 1520 1623 1519 1572 1518 1569 1522 1626 1441 1625 1523 1569 1522 1568 1441 1626 1441 1570 1483 1625 1523 1624 1521 1570 1483 1624 1521 1571 1520 1570 1483 1569 1522 1625 1523 1674 1524 1675 1525 1694 1526 1673 1527 1694 1526 1693 1528 1673 1527 1674 1524 1694 1526 1672 1529 1693 1528 1692 1530 1672 1529 1673 1527 1693 1528 1671 1531 1692 1530 1691 1532 1671 1531 1672 1529 1692 1530 1670 1533 1691 1532 1690 1534 1670 1533 1671 1531 1691 1532 1669 1535 1670 1533 1690 1534 1669 1535 1690 1534 1689 1536 1668 1537 1669 1535 1689 1536 1668 1537 1689 1536 1688 1538 1667 1539 1668 1537 1688 1538 1667 1539 1688 1538 1687 1540 1666 1541 1667 1539 1687 1540 1666 1541 1687 1540 1686 1542 1665 1543 1666 1541 1686 1542 1665 1543 1686 1542 1685 1544 1664 1545 1665 1543 1685 1544 1664 1545 1685 1544 1684 1546 1663 1547 1664 1545 1684 1546 1663 1547 1684 1546 1683 1548 1662 1549 1663 1547 1683 1548 1662 1549 1683 1548 1682 1550 1661 1551 1662 1549 1682 1550 1661 1551 1682 1550 1681 1552 1660 1553 1661 1551 1681 1552 1660 1553 1681 1552 1680 1554 1659 1555 1680 1554 1679 1556 1659 1555 1660 1553 1680 1554 1658 1557 1659 1555 1679 1556 1658 1557 1679 1556 1678 1558 1657 1559 1678 1558 1677 1560 1657 1559 1658 1557 1678 1558 1656 1561 1677 1560 1676 1562 1656 1561 1657 1559 1677 1560 1655 1563 1656 1561 1676 1562 1655 1563 1676 1562 1712 1564 1654 1565 1655 1563 1712 1564 1654 1565 1712 1564 1711 1566 1653 1567 1654 1565 1711 1566 1653 1567 1711 1566 1710 1568 1652 1569 1653 1567 1710 1568 1652 1569 1710 1568 1709 1570 1651 1571 1652 1569 1709 1570 1651 1571 1709 1570 1708 1572 1650 1573 1708 1572 1707 1574 1650 1573 1651 1571 1708 1572 1649 1575 1707 1574 1706 1576 1649 1575 1650 1573 1707 1574 1648 1577 1706 1576 1705 1578 1648 1577 1649 1575 1706 1576 1647 1579 1705 1578 1704 1580 1647 1579 1648 1577 1705 1578 1646 1581 1704 1580 1703 1582 1646 1581 1647 1579 1704 1580 1645 1583 1703 1582 1702 1584 1645 1583 1646 1581 1703 1582 1644 1585 1702 1584 1701 1586 1644 1585 1645 1583 1702 1584 1643 1587 1644 1585 1701 1586 1643 1587 1701 1586 1700 1588 1642 1589 1643 1587 1700 1588 1642 1589 1700 1588 1699 1590 1641 1591 1642 1589 1699 1590 1641 1591 1699 1590 1698 1592 1640 1593 1641 1591 1698 1592 1640 1593 1698 1592 1697 1594 1639 1595 1640 1593 1697 1594 1639 1595 1697 1594 1696 1596 1638 1597 1639 1595 1696 1596 1638 1597 1696 1596 1695 1598 1749 1599 1750 1600 1751 1601 1749 1599 1751 1601 1752 1602 1748 1603 1752 1602 1753 1604 1748 1603 1749 1599 1752 1602 1747 1605 1753 1604 1754 1606 1747 1605 1748 1603 1753 1604 1746 1607 1754 1606 1755 1608 1746 1607 1747 1605 1754 1606 1745 1609 1755 1608 1756 1610 1745 1609 1746 1607 1755 1608 1744 1611 1756 1610 1757 1612 1744 1611 1745 1609 1756 1610 1743 1613 1744 1611 1757 1612 1743 1613 1757 1612 1758 1614 1742 1615 1743 1613 1758 1614 1742 1615 1758 1614 1759 1616 1741 1617 1742 1615 1759 1616 1741 1617 1759 1616 1760 1618 1740 1619 1741 1617 1760 1618 1740 1619 1760 1618 1761 1620 1739 1621 1740 1619 1761 1620 1739 1621 1761 1620 1762 1622 1738 1623 1739 1621 1762 1622 1738 1623 1762 1622 1763 1624 1737 1625 1738 1623 1763 1624 1737 1625 1763 1624 1764 1626 1736 1627 1737 1625 1764 1626 1736 1627 1764 1626 1765 1628 1735 1629 1736 1627 1765 1628 1735 1629 1765 1628 1766 1630 1734 1631 1735 1629 1766 1630 1734 1631 1766 1630 1767 1632 1733 1633 1734 1631 1767 1632 1733 1633 1767 1632 1768 1634 1732 1635 1733 1633 1768 1634 1732 1635 1768 1634 1769 1636 1731 1637 1732 1635 1769 1636 1731 1637 1769 1636 1770 1638 1730 1639 1731 1637 1770 1638 1771 1640 1730 1639 1770 1638 1729 1641 1730 1639 1771 1640 1772 1642 1729 1641 1771 1640 1728 1643 1729 1641 1772 1642 1773 1644 1728 1643 1772 1642 1727 1645 1728 1643 1773 1644 1774 1646 1727 1645 1773 1644 1726 1647 1727 1645 1774 1646 1775 1648 1726 1647 1774 1646 1725 1649 1726 1647 1775 1648 1776 1650 1725 1649 1775 1648 1724 1651 1725 1649 1776 1650 1777 1652 1724 1651 1776 1650 1723 1653 1724 1651 1777 1652 1778 1654 1723 1653 1777 1652 1722 1655 1723 1653 1778 1654 1779 1656 1722 1655 1778 1654 1721 1657 1722 1655 1779 1656 1780 1658 1721 1657 1779 1656 1720 1659 1721 1657 1780 1658 1781 1660 1720 1659 1780 1658 1719 1661 1720 1659 1781 1660 1782 1662 1719 1661 1781 1660 1718 1663 1719 1661 1782 1662 1783 1664 1718 1663 1782 1662 1717 1665 1718 1663 1783 1664 1784 1666 1717 1665 1783 1664 1716 1667 1717 1665 1784 1666 1785 1668 1716 1667 1784 1666 1715 1669 1716 1667 1785 1668 1786 1670 1715 1669 1785 1668 1714 1671 1715 1669 1786 1670 1787 1672 1714 1671 1786 1670 1713 1673 1714 1671 1787 1672 1822 1674 1821 1441 1820 1675 1816 1676 1818 1677 1817 1441 1816 1676 1819 1678 1818 1677 1814 1441 1816 1676 1815 1441 1789 1679 1823 1680 1822 1674 1789 1679 1788 1441 1823 1680 1813 1681 1820 1675 1819 1678 1813 1681 1822 1674 1820 1675 1813 1681 1819 1678 1816 1676 1813 1681 1816 1676 1814 1441 1811 1682 1813 1681 1812 1441 1811 1682 1789 1679 1822 1674 1811 1682 1822 1674 1813 1681 1792 1683 1790 1441 1789 1679 1792 1683 1791 1441 1790 1441 1795 1684 1793 1685 1792 1683 1795 1684 1794 1441 1793 1685 1795 1684 1792 1683 1789 1679 1807 1686 1809 1687 1808 1688 1807 1686 1810 1689 1809 1687 1806 1690 1811 1682 1810 1689 1806 1690 1810 1689 1807 1686 1797 1691 1796 1441 1795 1684 1804 1692 1806 1690 1805 1693 1804 1692 1789 1679 1811 1682 1804 1692 1811 1682 1806 1690 1800 1694 1798 1695 1797 1691 1800 1694 1799 1696 1798 1695 1800 1694 1795 1684 1789 1679 1800 1694 1797 1691 1795 1684 1800 1694 1789 1679 1804 1692 1802 1697 1800 1694 1804 1692 1802 1697 1804 1692 1803 1441 1801 1698 1800 1694 1802 1697 1827 1699 1826 1700 1825 1701 1828 1702 1825 1701 1824 1703 1828 1702 1827 1699 1825 1701 1834 1704 1832 1705 1833 1706 1831 1707 1834 1704 1835 1708 1831 1707 1832 1705 1834 1704 1862 1709 1830 1710 1829 1711 1862 1709 1829 1711 1831 1707 1861 1712 1831 1707 1835 1708 1861 1712 1862 1709 1831 1707 1860 1713 1835 1708 1836 1714 1860 1713 1861 1712 1835 1708 1859 1715 1836 1714 1837 1716 1859 1715 1860 1713 1836 1714 1858 1717 1837 1716 1838 1718 1858 1717 1859 1715 1837 1716 1857 1719 1838 1718 1839 1720 1857 1719 1858 1717 1838 1718 1856 1721 1839 1720 1840 1722 1856 1721 1857 1719 1839 1720 1855 1723 1840 1722 1841 1724 1855 1723 1856 1721 1840 1722 1846 1725 1843 1726 1844 1727 1846 1725 1844 1727 1845 1728 1854 1729 1841 1724 1842 1730 1854 1729 1855 1723 1841 1724 1853 1731 1854 1729 1842 1730 1852 1732 1842 1730 1843 1726 1852 1732 1843 1726 1846 1725 1852 1732 1853 1731 1842 1730 1851 1733 1852 1732 1846 1725 1850 1734 1846 1725 1847 1735 1850 1734 1847 1735 1848 1736 1850 1734 1848 1736 1849 1737 1850 1734 1851 1733 1846 1725 1867 1738 1865 1739 1866 1740 1864 1741 1865 1739 1863 1742 1863 1742 1865 1739 1867 1738 1933 429 1934 429 1943 429 1932 429 1933 429 1943 429 1931 429 1932 429 1943 429 1930 429 1931 429 1943 429 1929 429 1930 429 1943 429 1928 429 1929 429 1943 429 1927 429 1928 429 1943 429 1926 1743 1927 429 1943 429 1926 1743 1937 1744 1936 1745 1926 1743 1938 1746 1937 1744 1926 1743 1939 1747 1938 1746 1926 1743 1940 1748 1939 1747 1926 1743 1941 1749 1940 1748 1926 1743 1942 429 1941 1749 1926 1743 1943 429 1942 429 1944 1750 1926 1743 1936 1745 1944 1750 1936 1745 1935 1751 1878 1752 1944 1750 1879 1753 1911 1754 1910 1755 1919 1756 1911 1754 1919 1756 1920 1757 1911 1754 1920 1757 1921 1758 1911 1754 1921 1758 1922 1759 1911 1754 1922 1759 1923 1760 1911 1754 1923 1760 1924 1761 1911 1754 1924 1761 1925 1762 1911 1754 1925 1762 1926 1743 1912 1763 1911 1754 1926 1743 1913 1764 1912 1763 1926 1743 1914 1765 1913 1764 1926 1743 1915 1766 1914 1765 1926 1743 1916 1767 1915 1766 1926 1743 1917 429 1916 1767 1926 1743 1918 1768 1917 429 1926 1743 1882 429 1883 1769 1869 1770 1884 1771 1869 1770 1883 1769 1881 429 1882 429 1869 1770 1885 429 1869 1770 1884 1771 1880 429 1881 429 1869 1770 1886 1772 1869 1770 1885 429 1868 429 1880 429 1869 1770 1887 1773 1870 1774 1869 1770 1887 1773 1871 1775 1870 1774 1887 1773 1872 1776 1871 1775 1887 1773 1873 1777 1872 1776 1887 1773 1874 1778 1873 1777 1887 1773 1875 1779 1874 1778 1887 1773 1876 1780 1875 1779 1887 1773 1877 1781 1876 1780 1887 1773 1878 1752 1877 1781 1887 1773 1944 1750 1878 1752 1887 1773 1869 1770 1886 1772 1887 1773 1926 1743 1944 1750 1908 1782 1909 1783 1918 1768 1908 1782 1918 1768 1926 1743 1908 1782 1926 1743 1887 1773 1907 1784 1888 1785 1889 1786 1907 1784 1889 1786 1890 1787 1907 1784 1890 1787 1891 1788 1907 1784 1891 1788 1892 429 1907 1784 1892 429 1893 1789 1907 1784 1893 1789 1894 1790 1907 1784 1894 1790 1895 1791 1906 1792 1887 1773 1888 1785 1906 1792 1888 1785 1907 1784 1897 1793 1908 1782 1887 1773 1897 1793 1896 1794 1908 1782 1905 1795 1887 1773 1906 1792 1898 1796 1897 1793 1887 1773 1904 1797 1887 1773 1905 1795 1899 1798 1898 1796 1887 1773 1903 429 1887 1773 1904 1797 1900 1799 1899 1798 1887 1773 1902 429 1887 1773 1903 429 1901 429 1900 1799 1887 1773 1901 429 1887 1773 1902 429 1968 1800 1970 1801 1969 1802 1966 1803 1967 1804 1970 1801 1966 1803 1970 1801 1968 1800 1991 1805 1966 1803 1968 1800 1965 1806 1966 1803 1991 1805 1990 1807 1965 1806 1991 1805 1964 1808 1965 1806 1990 1807 1989 1809 1964 1808 1990 1807 1963 1810 1964 1808 1989 1809 1988 1811 1963 1810 1989 1809 1962 1812 1963 1810 1988 1811 1987 1813 1962 1812 1988 1811 1961 1814 1962 1812 1987 1813 1986 1815 1961 1814 1987 1813 1960 1816 1961 1814 1986 1815 1985 1817 1960 1816 1986 1815 1959 1818 1960 1816 1985 1817 1984 1819 1959 1818 1985 1817 1958 1820 1959 1818 1984 1819 1983 1821 1958 1820 1984 1819 1957 1822 1958 1820 1983 1821 1982 1823 1957 1822 1983 1821 1956 1824 1957 1822 1982 1823 1981 1825 1956 1824 1982 1823 1955 1826 1956 1824 1981 1825 1980 1827 1955 1826 1981 1825 1954 1828 1955 1826 1980 1827 1979 1829 1954 1828 1980 1827 1953 1830 1954 1828 1979 1829 1978 1831 1953 1830 1979 1829 1952 1832 1953 1830 1978 1831 1977 1833 1952 1832 1978 1831 1951 1834 1952 1832 1977 1833 1976 1835 1951 1834 1977 1833 1950 1836 1951 1834 1976 1835 1975 1837 1950 1836 1976 1835 1949 1838 1950 1836 1975 1837 1974 1839 1949 1838 1975 1837 1948 1840 1949 1838 1974 1839 1973 1841 1948 1840 1974 1839 1947 1842 1948 1840 1973 1841 1972 1843 1947 1842 1973 1841 1946 1844 1947 1842 1972 1843 1971 1845 1946 1844 1972 1843 1993 1846 1971 1845 1994 1847 1992 1848 1971 1845 1993 1846 1945 1849 1946 1844 1971 1845 1945 1849 1971 1845 1992 1848 2007 1850 2009 1851 2008 1852 2007 1850 2010 1853 2009 1851 2007 1850 2011 1854 2010 1853 2006 1855 2014 1856 2011 1854 2006 1855 2011 1854 2007 1850 2005 1857 2013 1858 2014 1856 2005 1857 2014 1856 2006 1855 2004 1859 2012 1860 2013 1858 2004 1859 2013 1858 2005 1857 2003 1861 2018 1862 2012 1860 2003 1861 2012 1860 2004 1859 2002 1863 2017 1864 2018 1862 2002 1863 2018 1862 2003 1861 2001 1865 2016 1866 2017 1864 2001 1865 2017 1864 2002 1863 2000 1867 2015 1868 2016 1866 2000 1867 2016 1866 2001 1865 1999 1869 2019 1870 2015 1868 1999 1869 2015 1868 2000 1867 1998 1871 2021 1872 2019 1870 1998 1871 2019 1870 1999 1869 1997 1873 2020 1874 2021 1872 1997 1873 2021 1872 1998 1871 1996 1875 1995 1876 2020 1874 1996 1875 2020 1874 1997 1873 2065 1877 2066 1878 2067 1879 2065 1877 2067 1879 2068 1880 2065 1877 2068 1880 2069 1881 2065 1877 2069 1881 2072 1882 2071 1883 2065 1877 2072 1882 2064 1884 2065 1877 2071 1883 2063 1885 2064 1884 2070 1886 2073 1887 2063 1885 2070 1886 2062 1888 2073 1887 2074 1889 2062 1888 2063 1885 2073 1887 2036 1890 2062 1888 2074 1889 2061 1891 2062 1888 2036 1890 2035 1892 2061 1891 2036 1890 2060 1893 2035 1892 2034 1894 2060 1893 2061 1891 2035 1892 2059 1895 2034 1894 2033 1896 2059 1895 2060 1893 2034 1894 2058 1897 2033 1896 2032 1898 2058 1897 2059 1895 2033 1896 2057 1899 2032 1898 2031 1900 2057 1899 2058 1897 2032 1898 2056 1901 2057 1899 2031 1900 2056 1901 2031 1900 2030 1902 2055 1903 2030 1902 2029 1904 2055 1903 2056 1901 2030 1902 2054 1905 2029 1904 2028 1906 2054 1905 2055 1903 2029 1904 2053 1907 2028 1906 2027 1908 2053 1907 2054 1905 2028 1906 2052 1909 2027 1908 2026 1910 2052 1909 2053 1907 2027 1908 2051 1911 2026 1910 2025 1912 2051 1911 2052 1909 2026 1910 2050 1913 2025 1912 2024 1914 2050 1913 2051 1911 2025 1912 2049 1915 2023 1916 2022 1917 2049 1915 2024 1914 2023 1916 2049 1915 2050 1913 2024 1914 2048 1918 2022 1917 2037 1919 2048 1918 2049 1915 2022 1917 2047 1920 2037 1919 2038 1921 2047 1920 2038 1921 2039 1922 2047 1920 2039 1922 2042 1923 2047 1920 2048 1918 2037 1919 2046 1924 2041 1925 2040 1926 2046 1924 2042 1923 2041 1925 2046 1924 2040 1926 2043 1927 2046 1924 2043 1927 2044 1928 2046 1924 2047 1920 2042 1923 2045 1929 2046 1924 2044 1928 2075 1930 2071 1883 2070 1886 2075 1930 2064 1884 2071 1883 2075 1930 2070 1886 2064 1884 2077 1931 2095 1932 2094 1933 2077 1931 2076 429 2095 1932 2093 429 2077 1931 2094 1933 2092 1934 2077 1931 2093 429 2091 1935 2077 1931 2092 1934 2090 429 2077 1931 2091 1935 2089 429 2077 1931 2090 429 2088 429 2077 1931 2089 429 2087 429 2078 1936 2077 1931 2087 429 2077 1931 2088 429 2080 1937 2079 1938 2078 1936 2086 429 2078 1936 2087 429 2081 1939 2080 1937 2078 1936 2085 429 2078 1936 2086 429 2082 429 2081 1939 2078 1936 2084 1940 2078 1936 2085 429 2083 1941 2082 429 2078 1936 2083 1941 2078 1936 2084 1940 2117 1942 2116 1943 2115 1944 2097 1945 2114 1946 2096 1947 2097 1945 2115 1944 2114 1946 2097 1945 2117 1942 2115 1944 2098 1948 2118 1949 2117 1942 2098 1948 2117 1942 2097 1945 2099 1950 2119 1951 2118 1949 2099 1950 2118 1949 2098 1948 2100 1952 2120 1953 2119 1951 2100 1952 2119 1951 2099 1950 2101 1954 2121 1955 2120 1953 2101 1954 2120 1953 2100 1952 2102 1956 2122 1957 2121 1955 2102 1956 2121 1955 2101 1954 2103 1958 2123 1959 2122 1957 2103 1958 2122 1957 2102 1956 2104 1960 2124 1961 2123 1959 2104 1960 2123 1959 2103 1958 2105 1962 2125 1963 2124 1961 2105 1962 2124 1961 2104 1960 2106 1964 2126 1965 2125 1963 2106 1964 2125 1963 2105 1962 2107 1966 2127 1967 2126 1965 2107 1966 2126 1965 2106 1964 2108 1968 2128 1969 2127 1967 2108 1968 2127 1967 2107 1966 2109 1970 2129 1971 2128 1969 2109 1970 2128 1969 2108 1968 2110 1972 2129 1971 2109 1970 2110 1972 2130 1973 2129 1971 2111 1974 2130 1973 2110 1972 2111 1974 2131 1975 2130 1973 2133 1976 2132 1977 2131 1975 2112 1978 2131 1975 2111 1974 2112 1978 2133 1976 2131 1975 2134 1979 2133 1976 2112 1978 2113 1980 2134 1979 2112 1978 2155 1981 2140 429 2139 429 2155 1981 2141 1982 2140 429 2155 1981 2142 1983 2141 1982 2154 1984 2143 1985 2142 1983 2154 1984 2144 1986 2143 1985 2154 1984 2145 1987 2144 1986 2154 1984 2142 1983 2155 1981 2138 429 2146 1988 2145 1987 2138 429 2147 1989 2146 1988 2138 429 2148 1990 2147 1989 2138 429 2145 1987 2154 1984 2137 1991 2149 1992 2148 1990 2137 1991 2150 1993 2149 1992 2137 1991 2151 1994 2150 1993 2137 1991 2148 1990 2138 429 2136 1995 2152 1996 2151 1994 2136 1995 2151 1994 2137 1991 2153 429 2152 1996 2136 1995 2135 429 2153 429 2136 1995 2156 1997 2173 1998 2172 1999 2157 2000 2174 2001 2173 1998 2157 2000 2173 1998 2156 1997 2158 2002 2175 2003 2174 2001 2158 2002 2174 2001 2157 2000 2159 2004 2176 2005 2175 2003 2159 2004 2175 2003 2158 2002 2160 2006 2177 2007 2176 2005 2160 2006 2176 2005 2159 2004 2161 2008 2178 2009 2177 2007 2161 2008 2177 2007 2160 2006 2162 2010 2179 2011 2178 2009 2162 2010 2178 2009 2161 2008 2163 2012 2180 2013 2179 2011 2163 2012 2179 2011 2162 2010 2164 2014 2181 2015 2180 2013 2164 2014 2180 2013 2163 2012 2165 2016 2182 2017 2181 2015 2165 2016 2181 2015 2164 2014 2166 2018 2183 2019 2182 2017 2166 2018 2182 2017 2165 2016 2167 2020 2184 2021 2183 2019 2167 2020 2183 2019 2166 2018 2168 2022 2185 2023 2184 2021 2168 2022 2184 2021 2167 2020 2169 2024 2186 2025 2185 2023 2169 2024 2185 2023 2168 2022 2170 2026 2187 2027 2186 2025 2170 2026 2186 2025 2169 2024 2171 2028 2188 2029 2187 2027 2171 2028 2187 2027 2170 2026 2203 2030 2192 2031 2191 2032 2189 2033 2202 2034 2203 2030 2189 2033 2203 2030 2191 2032 2209 2035 2189 2033 2190 2036 2210 2037 2200 2038 2201 2039 2210 2037 2201 2039 2202 2034 2210 2037 2202 2034 2189 2033 2210 2037 2189 2033 2209 2035 2211 2040 2199 2041 2200 2038 2211 2040 2200 2038 2210 2037 2212 2042 2197 2043 2198 2044 2212 2042 2198 2044 2199 2041 2212 2042 2199 2041 2211 2040 2213 2045 2196 2046 2197 2043 2213 2045 2197 2043 2212 2042 2214 2047 2195 2048 2196 2046 2214 2047 2196 2046 2213 2045 2204 2049 2193 2050 2194 2051 2215 2052 2195 2048 2214 2047 2216 2053 2194 2051 2195 2048 2216 2053 2204 2049 2194 2051 2216 2053 2195 2048 2215 2052 2217 2054 2204 2049 2216 2053 2218 2055 2204 2049 2217 2054 2219 2056 2204 2049 2218 2055 2208 2057 2205 1737 2206 2058 2208 2057 2206 2058 2207 2059 2208 2057 2207 2059 2204 2049 2208 2057 2204 2049 2219 2056 2240 2060 2221 2061 2220 708 2241 2062 2222 2063 2221 2061 2241 2062 2221 2061 2240 2060 2242 2064 2223 2065 2222 2063 2242 2064 2222 2063 2241 2062 2243 2066 2224 2067 2223 2065 2243 2066 2223 2065 2242 2064 2244 2068 2225 2069 2224 2067 2244 2068 2224 2067 2243 2066 2245 2070 2226 2071 2225 2069 2245 2070 2225 2069 2244 2068 2246 2072 2227 2073 2226 2071 2246 2072 2226 2071 2245 2070 2247 2074 2228 2075 2227 2073 2247 2074 2227 2073 2246 2072 2248 2076 2229 429 2228 2075 2248 2076 2230 2077 2229 429 2248 2076 2228 2075 2247 2074 2249 2078 2231 2079 2230 2077 2249 2078 2230 2077 2248 2076 2250 2080 2232 2081 2231 2079 2250 2080 2231 2079 2249 2078 2251 2082 2233 2083 2232 2081 2251 2082 2232 2081 2250 2080 2252 2084 2234 2085 2233 2083 2252 2084 2233 2083 2251 2082 2253 2086 2235 2087 2234 2085 2253 2086 2234 2085 2252 2084 2254 2088 2236 2089 2235 2087 2254 2088 2235 2087 2253 2086 2255 2090 2237 2091 2236 2089 2255 2090 2236 2089 2254 2088 2239 2092 2237 2091 2255 2090 2239 2092 2238 566 2237 2091 2260 2093 2256 2094 2261 566 2257 2095 2256 2094 2260 2093 2258 566 2257 2095 2260 2093 2259 566 2258 566 2260 2093 2264 2096 2263 708 2262 2097 2264 2096 2267 2098 2266 2099 2264 2096 2262 2097 2267 2098 2264 2096 2266 2099 2265 2100 2269 2101 2275 1441 2274 1441 2269 2101 2276 2102 2275 1441 2269 2101 2277 2103 2276 2102 2269 2101 2278 1441 2277 2103 2269 2101 2279 2104 2278 1441 2273 2105 2280 2106 2279 2104 2273 2105 2281 2107 2280 2106 2273 2105 2282 2108 2281 2107 2273 2105 2283 2109 2282 2108 2273 2105 2284 1441 2283 2109 2273 2105 2285 2110 2284 1441 2273 2105 2286 2111 2285 2110 2273 2105 2287 1441 2286 2111 2273 2105 2288 1441 2287 1441 2273 2105 2279 2104 2269 2101 2272 2112 2269 2101 2268 1441 2271 2113 2273 2105 2269 2101 2271 2113 2269 2101 2272 2112 2270 1441 2273 2105 2271 2113 2290 2114 2307 2115 2306 2116 2290 2114 2289 2117 2307 2115 2305 2118 2290 2114 2306 2116 2304 2119 2290 2114 2305 2118 2303 2120 2290 2114 2304 2119 2302 1441 2290 2114 2303 2120 2301 2121 2290 2114 2302 1441 2300 2122 2291 2123 2290 2114 2300 2122 2290 2114 2301 2121 2299 2124 2291 2123 2300 2122 2293 2125 2292 2126 2291 2123 2298 2127 2291 2123 2299 2124 2294 2128 2293 2125 2291 2123 2297 1441 2291 2123 2298 2127 2295 2129 2294 2128 2291 2123 2296 2130 2295 2129 2291 2123 2296 2130 2291 2123 2297 1441 2308 2131 2326 2132 2325 2133 2309 2134 2327 2135 2326 2132 2309 2134 2326 2132 2308 2131 2310 2136 2328 2137 2327 2135 2310 2136 2327 2135 2309 2134 2311 2138 2329 2139 2328 2137 2311 2138 2328 2137 2310 2136 2312 2140 2330 2141 2329 2139 2312 2140 2329 2139 2311 2138 2313 2142 2331 2143 2330 2141 2313 2142 2330 2141 2312 2140 2314 2144 2332 2145 2331 2143 2314 2144 2331 2143 2313 2142 2315 2146 2333 2147 2332 2145 2315 2146 2332 2145 2314 2144 2316 2148 2334 2149 2333 2147 2316 2148 2333 2147 2315 2146 2317 2150 2335 2151 2334 2149 2317 2150 2334 2149 2316 2148 2318 2152 2336 2153 2335 2151 2318 2152 2335 2151 2317 2150 2319 2154 2337 2155 2336 2153 2319 2154 2336 2153 2318 2152 2320 2156 2338 2157 2337 2155 2320 2156 2337 2155 2319 2154 2321 2158 2339 2159 2338 2157 2321 2158 2338 2157 2320 2156 2322 2160 2340 2161 2339 2159 2322 2160 2339 2159 2321 2158 2323 2162 2340 2161 2322 2160 2324 2163 2340 2161 2323 2162 2324 2163 2341 2164 2340 2161 2345 2165 2343 2166 2342 2167 2345 2165 2342 2167 2344 2168 2349 2169 2347 2170 2346 2171 2348 2172 2347 2170 2349 2169 2352 2173 2351 2174 2350 2175 2352 2173 2353 2176 2351 2174 2355 2177 2356 2177 2354 2177 2358 2178 2359 2179 2357 2180 2358 2178 2360 2181 2359 2179 2362 2182 2363 2182 2361 2182 2371 2183 2365 2184 2364 2185 2371 2183 2366 2186 2365 2184 2371 2183 2367 2187 2366 2186 2379 2188 2367 2187 2371 2183 2380 2189 2367 2187 2379 2188 2381 2190 2367 2187 2380 2189 2382 2191 2368 2192 2367 2187 2382 2191 2377 2193 2368 2192 2382 2191 2367 2187 2381 2190 2383 2194 2371 2183 2370 2195 2383 2194 2381 2190 2380 2189 2383 2194 2380 2189 2379 2188 2383 2194 2377 2193 2382 2191 2383 2194 2382 2191 2381 2190 2383 2194 2379 2188 2371 2183 2384 2196 2383 2194 2370 2195 2385 2197 2383 2194 2384 2196 2386 2198 2383 2194 2385 2197 2387 2199 2378 2200 2377 2193 2387 2199 2377 2193 2383 2194 2387 2199 2383 2194 2386 2198 2388 2201 2370 2195 2369 2202 2388 2201 2385 2197 2384 2196 2388 2201 2384 2196 2370 2195 2388 2201 2386 2198 2385 2197 2389 2203 2378 2200 2387 2199 2389 2203 2387 2199 2386 2198 2389 2203 2386 2198 2388 2201 2390 2204 2369 2202 2372 2205 2390 2204 2388 2201 2369 2202 2391 2206 2388 2201 2390 2204 2392 2207 2388 2201 2391 2206 2393 2208 2378 2200 2389 2203 2393 2208 2389 2203 2388 2201 2393 2208 2388 2201 2392 2207 2394 2209 2372 2205 2373 2210 2394 2209 2390 2204 2372 2205 2394 2209 2391 2206 2390 2204 2395 2211 2392 2207 2391 2206 2395 2211 2391 2206 2394 2209 2396 2212 2378 2200 2393 2208 2396 2212 2393 2208 2392 2207 2396 2212 2392 2207 2395 2211 2397 2213 2373 2210 2374 2214 2397 2213 2394 2209 2373 2210 2397 2213 2395 2211 2394 2209 2398 2215 2376 2216 2378 2200 2398 2215 2397 2213 2374 2214 2398 2215 2378 2200 2396 2212 2398 2215 2396 2212 2395 2211 2398 2215 2395 2211 2397 2213 2399 2217 2374 2214 2375 2218 2399 2217 2375 2218 2376 2216 2399 2217 2398 2215 2374 2214 2399 2217 2376 2216 2398 2215</p>
        </triangles>
        <triangles material="mat_3_005-material" count="3822">
          <input semantic="VERTEX" source="#link3-mesh-vertices" offset="0"/>
          <input semantic="NORMAL" source="#link3-mesh-normals" offset="1"/>
          <p>2423 2219 2425 2220 2424 2221 2422 2222 2426 2223 2425 2220 2422 2222 2425 2220 2423 2219 2421 2224 2427 2225 2426 2223 2421 2224 2426 2223 2422 2222 2420 2226 2428 2227 2427 2225 2420 2226 2427 2225 2421 2224 2419 2228 2429 2229 2428 2227 2419 2228 2428 2227 2420 2226 2418 2230 2430 2231 2429 2229 2418 2230 2431 2232 2430 2231 2418 2230 2429 2229 2419 2228 2417 2233 2432 2234 2431 2232 2417 2233 2431 2232 2418 2230 2416 2235 2433 2236 2432 2234 2416 2235 2434 2237 2433 2236 2416 2235 2432 2234 2417 2233 2415 2238 2435 2239 2434 2237 2415 2238 2434 2237 2416 2235 2414 2240 2436 2241 2435 2239 2414 2240 2435 2239 2415 2238 2413 2242 2437 2243 2436 2241 2413 2242 2436 2241 2414 2240 2412 2244 2437 2243 2413 2242 2411 2245 2437 2243 2412 2244 2411 2245 2438 2246 2437 2243 2410 2247 2438 2246 2411 2245 2410 2247 2439 2248 2438 2246 2401 2249 2445 2250 2444 2251 2401 2249 2400 2252 2445 2250 2402 2253 2401 2249 2444 2251 2409 2254 2439 2248 2410 2247 2403 2255 2402 2253 2444 2251 2403 2255 2444 2251 2443 2256 2408 2257 2439 2248 2409 2254 2408 2257 2440 2258 2439 2248 2404 2259 2403 2255 2443 2256 2404 2259 2443 2256 2442 2260 2407 2261 2440 2258 2408 2257 2407 2261 2441 2262 2440 2258 2405 2263 2404 2259 2442 2260 2405 2263 2442 2260 2441 2262 2406 2264 2405 2263 2441 2262 2406 2264 2441 2262 2407 2261 2446 566 2447 566 2448 566 2452 2265 2450 2266 2451 2267 2449 2268 2450 2266 2452 2265 2456 2269 2454 2270 2453 2271 2455 2272 2456 2269 2453 2271 2463 2273 2457 2274 2458 2275 2460 2276 2463 2273 2458 2275 2462 2277 2463 2273 2460 2276 2461 2278 2462 2277 2460 2276 2459 2279 2461 2278 2460 2276 2464 2280 2465 2281 2466 2282 2467 2283 2464 2280 2466 2282 2523 2284 2524 2285 2468 2286 2525 2287 2491 2288 2468 2286 2525 2287 2468 2286 2524 2285 2522 2289 2523 2284 2468 2286 2526 2290 2491 2288 2525 2287 2521 2291 2468 2286 2469 2292 2521 2291 2522 2289 2468 2286 2527 2293 2491 2288 2526 2290 2520 2294 2521 2291 2469 2292 2492 2295 2491 2288 2527 2293 2519 2296 2469 2292 2483 2297 2519 2296 2520 2294 2469 2292 2493 2298 2491 2288 2492 2295 2518 2299 2483 2297 2482 2300 2518 2299 2519 2296 2483 2297 2494 2301 2490 2302 2491 2288 2494 2301 2491 2288 2493 2298 2517 2303 2518 2299 2482 2300 2517 2303 2482 2300 2481 2304 2495 2305 2490 2302 2494 2301 2516 2306 2517 2303 2481 2304 2480 2307 2516 2306 2481 2304 2496 2308 2490 2302 2495 2305 2515 2309 2516 2306 2480 2307 2497 2310 2490 2302 2496 2308 2497 2310 2489 2311 2490 2302 2479 2312 2514 2313 2515 2309 2479 2312 2515 2309 2480 2307 2478 2314 2514 2313 2479 2312 2478 2314 2513 2315 2514 2313 2477 2316 2513 2315 2478 2314 2477 2316 2512 2317 2513 2315 2476 2318 2512 2317 2477 2316 2476 2318 2511 2319 2512 2317 2475 2320 2510 2321 2511 2319 2475 2320 2511 2319 2476 2318 2484 2322 2489 2311 2497 2310 2484 2322 2497 2310 2498 2323 2484 2322 2498 2323 2499 2324 2484 2322 2499 2324 2500 2325 2484 2322 2500 2325 2501 2326 2474 2327 2510 2321 2475 2320 2474 2327 2509 2328 2510 2321 2485 2329 2501 2326 2502 2330 2485 2329 2484 2322 2501 2326 2473 2331 2509 2328 2474 2327 2473 2331 2508 2332 2509 2328 2486 2333 2502 2330 2503 2334 2486 2333 2485 2329 2502 2330 2472 2335 2507 2336 2508 2332 2472 2335 2508 2332 2473 2331 2487 2337 2503 2334 2504 2338 2487 2337 2486 2333 2503 2334 2471 2339 2506 2340 2507 2336 2471 2339 2507 2336 2472 2335 2488 2341 2487 2337 2504 2338 2488 2341 2504 2338 2505 2342 2470 2343 2505 2342 2506 2340 2470 2343 2506 2340 2471 2339 2470 2343 2488 2341 2505 2342 2528 2344 2532 2345 2533 2346 2528 2344 2533 2346 2534 2347 2528 2344 2534 2347 2535 2348 2529 2349 2532 2345 2528 2344 2530 2350 2532 2345 2529 2349 2531 2351 2532 2345 2530 2350 2537 2352 2538 2353 2539 2354 2537 2352 2539 2354 2540 2355 2537 2352 2540 2355 2541 2356 2537 2352 2541 2356 2536 2357 2552 2358 2542 2359 2543 2360 2552 2358 2550 2361 2551 2362 2552 2358 2551 2362 2542 2359 2553 2363 2543 2360 2544 2364 2553 2363 2544 2364 2545 2365 2553 2363 2545 2365 2546 2366 2553 2363 2546 2366 2547 2367 2553 2363 2547 2367 2548 2368 2553 2363 2548 2368 2549 2369 2553 2363 2549 2369 2550 2361 2553 2363 2550 2361 2552 2358 2553 2363 2552 2358 2543 2360 2561 2370 2555 2371 2554 2372 2561 2370 2554 2372 2556 2373 2562 2374 2556 2373 2557 2375 2562 2374 2561 2370 2556 2373 2563 2376 2557 2375 2558 2377 2563 2376 2562 2374 2557 2375 2560 2378 2558 2377 2559 2379 2560 2378 2563 2376 2558 2377 2574 2380 2598 2381 2575 2382 2573 2383 2598 2381 2574 2380 2577 2384 2588 2385 2578 2386 2576 2387 2588 2385 2577 2384 2601 2388 2595 2389 2594 2390 2601 2388 2600 2391 2599 2392 2601 2388 2594 2390 2600 2391 2602 2393 2573 2383 2572 2394 2602 2393 2599 2392 2598 2381 2602 2393 2598 2381 2573 2383 2602 2393 2601 2388 2599 2392 2603 2395 2572 2394 2571 2396 2603 2395 2602 2393 2572 2394 2604 2397 2603 2395 2571 2396 2605 2398 2571 2396 2570 2399 2605 2398 2604 2397 2571 2396 2606 2400 2570 2399 2569 2401 2606 2400 2605 2398 2570 2399 2607 2402 2606 2400 2569 2401 2608 2403 2569 2401 2568 2404 2608 2403 2607 2402 2569 2401 2609 2405 2608 2403 2568 2404 2610 2406 2568 2404 2567 2407 2610 2406 2609 2405 2568 2404 2611 2408 2567 2407 2566 2409 2612 2410 2565 2411 2564 2412 2612 2410 2613 2413 2565 2411 2614 2414 2564 2412 2584 2415 2614 2414 2615 2416 2564 2412 2616 2417 2584 2415 2583 2418 2616 2417 2614 2414 2584 2415 2617 2419 2616 2417 2583 2418 2618 2420 2583 2418 2582 2421 2618 2420 2617 2419 2583 2418 2619 2422 2582 2421 2581 2423 2619 2422 2618 2420 2582 2421 2620 2424 2581 2423 2580 2425 2620 2424 2619 2422 2581 2423 2621 2426 2620 2424 2580 2425 2622 2427 2580 2425 2579 2428 2622 2427 2621 2426 2580 2425 2623 2429 2578 2386 2588 2385 2623 2429 2579 2428 2578 2386 2623 2429 2588 2385 2587 2430 2623 2429 2622 2427 2579 2428 2624 2431 2623 2429 2587 2430 2624 2431 2586 2432 2585 2433 2624 2431 2587 2430 2586 2432 2624 2431 2585 2433 2592 2434 2625 2435 2595 2389 2601 2388 2625 2435 2601 2388 2602 2393 2626 2436 2625 2435 2602 2393 2626 2436 2602 2393 2603 2395 2627 2437 2626 2436 2603 2395 2627 2437 2603 2395 2604 2397 2628 2438 2596 2439 2627 2437 2628 2438 2627 2437 2604 2397 2629 2440 2596 2439 2628 2438 2629 2440 2604 2397 2605 2398 2629 2440 2628 2438 2604 2397 2630 2441 2597 2442 2596 2439 2630 2441 2596 2439 2629 2440 2630 2441 2605 2398 2606 2400 2630 2441 2629 2440 2605 2398 2631 2443 2597 2442 2630 2441 2631 2443 2630 2441 2606 2400 2631 2443 2606 2400 2607 2402 2632 2444 2631 2443 2607 2402 2632 2444 2597 2442 2631 2443 2633 2445 2607 2402 2608 2403 2633 2445 2597 2442 2632 2444 2633 2445 2632 2444 2607 2402 2634 2446 2608 2403 2609 2405 2634 2446 2593 2447 2597 2442 2634 2446 2633 2445 2608 2403 2634 2446 2597 2442 2633 2445 2635 2448 2634 2446 2609 2405 2635 2448 2593 2447 2634 2446 2636 2449 2609 2405 2610 2406 2636 2449 2593 2447 2635 2448 2636 2449 2635 2448 2609 2405 2637 2450 2567 2407 2611 2408 2637 2450 2610 2406 2567 2407 2637 2450 2636 2449 2610 2406 2637 2450 2593 2447 2636 2449 2638 2451 2566 2409 2565 2411 2638 2451 2589 2452 2593 2447 2638 2451 2565 2411 2613 2413 2638 2451 2611 2408 2566 2409 2638 2451 2637 2450 2611 2408 2638 2451 2593 2447 2637 2450 2639 2453 2589 2452 2638 2451 2639 2453 2613 2413 2612 2410 2639 2453 2638 2451 2613 2413 2640 2454 2589 2452 2639 2453 2640 2454 2612 2410 2564 2412 2640 2454 2564 2412 2615 2416 2640 2454 2639 2453 2612 2410 2641 2455 2589 2452 2640 2454 2641 2455 2640 2454 2615 2416 2642 2456 2615 2416 2614 2414 2642 2456 2641 2455 2615 2416 2642 2456 2589 2452 2641 2455 2643 2457 2614 2414 2616 2417 2643 2457 2590 2458 2589 2452 2643 2457 2642 2456 2614 2414 2643 2457 2589 2452 2642 2456 2644 2459 2616 2417 2617 2419 2644 2459 2590 2458 2643 2457 2644 2459 2643 2457 2616 2417 2645 2460 2590 2458 2644 2459 2645 2460 2644 2459 2617 2419 2646 2461 2590 2458 2645 2460 2646 2461 2645 2460 2617 2419 2646 2461 2617 2419 2618 2420 2647 2462 2590 2458 2646 2461 2647 2462 2646 2461 2618 2420 2647 2462 2618 2420 2619 2422 2648 2463 2590 2458 2647 2462 2648 2463 2647 2462 2619 2422 2648 2463 2591 2464 2590 2458 2648 2463 2619 2422 2620 2424 2649 2465 2648 2463 2620 2424 2649 2465 2591 2464 2648 2463 2649 2465 2620 2424 2621 2426 2650 2466 2649 2465 2621 2426 2650 2466 2591 2464 2649 2465 2651 2467 2650 2466 2621 2426 2651 2467 2591 2464 2650 2466 2651 2467 2621 2426 2622 2427 2652 2468 2651 2467 2622 2427 2652 2468 2591 2464 2651 2467 2652 2468 2622 2427 2623 2429 2653 2469 2652 2468 2623 2429 2653 2469 2623 2429 2624 2431 2653 2469 2624 2431 2592 2434 2654 2470 2596 2439 2595 2389 2654 2470 2627 2437 2596 2439 2654 2470 2626 2436 2627 2437 2654 2470 2625 2435 2626 2436 2654 2470 2595 2389 2625 2435 2655 2471 2591 2464 2652 2468 2655 2471 2652 2468 2653 2469 2655 2471 2592 2434 2591 2464 2655 2471 2653 2469 2592 2434 2659 2472 2657 2473 2656 2474 2658 566 2659 2472 2656 2474 2661 2475 2660 2476 2662 2477 2661 2475 2662 2477 2663 2478 2673 2479 2669 2480 2670 2481 2668 2482 2669 2480 2673 2479 2672 2483 2668 2482 2673 2479 2667 2484 2668 2482 2672 2483 2671 2485 2667 2484 2672 2483 2666 2486 2667 2484 2671 2485 2665 2487 2671 2485 2664 2488 2665 2487 2666 2486 2671 2485 2674 2489 2675 708 2676 2490 2674 2489 2676 2490 2677 2491 2678 2492 2679 2493 2680 2494 2678 2492 2680 2494 2681 2495 2682 2496 2678 2492 2681 2495 2739 2497 2738 2498 2682 2496 2737 2499 2682 2496 2738 2498 2740 2500 2739 2497 2682 2496 2736 2501 2678 2492 2682 2496 2736 2501 2682 2496 2737 2499 2741 2502 2740 2500 2682 2496 2735 2503 2678 2492 2736 2501 2742 2504 2741 2502 2682 2496 2734 2505 2678 2492 2735 2503 2721 2506 2742 2504 2682 2496 2733 2507 2678 2492 2734 2505 2732 2508 2678 2492 2733 2507 2686 2509 2683 2510 2684 2511 2686 2509 2684 2511 2685 2512 2687 2513 2683 2510 2686 2509 2697 2514 2678 2492 2732 2508 2697 2514 2732 2508 2731 2515 2695 2516 2696 2517 2697 2514 2694 2518 2695 2516 2697 2514 2749 2519 2697 2514 2731 2515 2749 2519 2724 2520 2723 2521 2749 2519 2725 2522 2724 2520 2749 2519 2726 2523 2725 2522 2749 2519 2727 2524 2726 2523 2749 2519 2728 2525 2727 2524 2749 2519 2729 2526 2728 2525 2749 2519 2730 2527 2729 2526 2749 2519 2731 2515 2730 2527 2693 2528 2694 2518 2697 2514 2750 2529 2697 2514 2749 2519 2751 2530 2697 2514 2750 2529 2752 2531 2697 2514 2751 2530 2752 2531 2693 2528 2697 2514 2706 2532 2705 2533 2708 2534 2764 2535 2693 2528 2752 2531 2707 2536 2706 2532 2708 2534 2702 2537 2707 2536 2708 2534 2743 2538 2748 2539 2723 2521 2743 2538 2723 2521 2722 2540 2744 2541 2748 2539 2743 2538 2744 2541 2747 2542 2748 2539 2746 2543 2747 2542 2744 2541 2745 2544 2746 2543 2744 2541 2753 2545 2699 2546 2698 2547 2753 2545 2700 2548 2699 2546 2753 2545 2701 2549 2700 2548 2689 2550 2690 2551 2691 2552 2689 2550 2691 2552 2692 2553 2689 2550 2692 2553 2688 2554 2748 2539 2749 2519 2723 2521 2765 2555 2682 2496 2683 2510 2765 2555 2721 2506 2682 2496 2765 2555 2713 2556 2714 2557 2765 2555 2714 2557 2715 2558 2765 2555 2715 2558 2716 2559 2765 2555 2716 2559 2717 2560 2765 2555 2717 2560 2718 2561 2765 2555 2718 2561 2719 2562 2765 2555 2719 2562 2720 2563 2765 2555 2720 2563 2721 2506 2766 2564 2702 2537 2708 2534 2766 2564 2708 2534 2709 2565 2766 2564 2709 2565 2710 2566 2766 2564 2710 2566 2711 2567 2766 2564 2711 2567 2712 2568 2766 2564 2712 2568 2713 2556 2766 2564 2713 2556 2765 2555 2766 2564 2765 2555 2683 2510 2766 2564 2683 2510 2687 2513 2767 2569 2687 2513 2688 2554 2767 2569 2703 2570 2702 2537 2767 2569 2704 2571 2703 2570 2767 2569 2698 2547 2704 2571 2767 2569 2766 2564 2687 2513 2767 2569 2702 2537 2766 2564 2768 2572 2693 2528 2764 2535 2768 2572 2692 2553 2693 2528 2768 2572 2758 2573 2757 2574 2768 2572 2759 2575 2758 2573 2768 2572 2760 2576 2759 2575 2768 2572 2761 2577 2760 2576 2768 2572 2762 2578 2761 2577 2768 2572 2763 2579 2762 2578 2768 2572 2764 2535 2763 2579 2769 2580 2753 2545 2698 2547 2769 2580 2768 2572 2757 2574 2769 2580 2688 2554 2692 2553 2769 2580 2692 2553 2768 2572 2769 2580 2767 2569 2688 2554 2769 2580 2698 2547 2767 2569 2769 2580 2754 2581 2753 2545 2769 2580 2755 2582 2754 2581 2769 2580 2756 2583 2755 2582 2769 2580 2757 2574 2756 2583 2770 2584 2776 566 2777 2585 2791 2586 2770 2584 2777 2585 2771 2587 2770 2584 2791 2586 2772 2588 2791 2586 2790 2589 2772 2588 2771 2587 2791 2586 2773 2590 2772 2588 2790 2589 2774 2591 2790 2589 2789 2592 2774 2591 2773 2590 2790 2589 2775 2593 2789 2592 2788 2594 2775 2593 2774 2591 2789 2592 2802 2595 2788 2594 2787 2596 2802 2595 2775 2593 2788 2594 2803 2597 2787 2596 2786 2598 2803 2597 2802 2595 2787 2596 2799 2599 2786 2598 2785 2600 2799 2599 2803 2597 2786 2598 2800 2601 2785 2600 2784 2602 2800 2601 2799 2599 2785 2600 2801 2603 2784 2602 2783 2604 2801 2603 2800 2601 2784 2602 2796 2605 2783 2604 2782 2606 2796 2605 2801 2603 2783 2604 2797 2607 2782 2606 2781 2608 2797 2607 2796 2605 2782 2606 2798 2609 2781 2608 2780 2610 2798 2609 2797 2607 2781 2608 2795 2611 2780 2610 2779 2612 2795 2611 2798 2609 2780 2610 2794 2613 2795 2611 2779 2612 2778 2614 2794 2613 2779 2612 2792 2615 2794 2613 2778 2614 2793 2616 2794 2613 2792 2615 2811 566 2804 566 2805 566 2806 566 2811 566 2805 566 2810 2617 2811 566 2806 566 2807 2618 2810 2617 2806 566 2809 2619 2810 2617 2807 2618 2808 566 2809 2619 2807 2618 2813 2620 2839 2621 2840 708 2838 2622 2839 2621 2813 2620 2812 2623 2837 2624 2838 2622 2823 2625 2836 2626 2837 2624 2823 2625 2837 2624 2812 2623 2822 2627 2835 2628 2836 2626 2822 2627 2836 2626 2823 2625 2821 2629 2834 2630 2835 2628 2821 2629 2835 2628 2822 2627 2820 2631 2833 2632 2834 2630 2820 2631 2834 2630 2821 2629 2819 2633 2832 2634 2833 2632 2819 2633 2833 2632 2820 2631 2818 2635 2831 2636 2832 2634 2818 2635 2832 2634 2819 2633 2817 2637 2830 2638 2831 2636 2817 2637 2831 2636 2818 2635 2816 2639 2829 2640 2830 2638 2816 2639 2830 2638 2817 2637 2815 2641 2827 2642 2828 2643 2815 2641 2828 2643 2829 2640 2815 2641 2829 2640 2816 2639 2814 2644 2827 2642 2815 2641 2826 2645 2827 2642 2814 2644 2825 2646 2826 2645 2814 2644 2824 2647 2825 2646 2814 2644 2813 2620 2812 2623 2838 2622 2841 2648 2846 2649 2845 2650 2841 2648 2847 2651 2846 2649 2841 2648 2848 2652 2847 2651 2848 2652 2843 2653 2844 2654 2848 2652 2842 2655 2843 2653 2848 2652 2841 2648 2842 2655 2850 566 2851 566 2852 2656 2849 2657 2852 2656 2859 2658 2849 2657 2850 566 2852 2656 2865 2659 2858 2660 2857 2661 2865 2659 2859 2658 2858 2660 2865 2659 2849 2657 2859 2658 2866 2662 2857 2661 2856 2663 2866 2662 2865 2659 2857 2661 2867 2664 2856 2663 2855 2665 2867 2664 2866 2662 2856 2663 2864 2666 2855 2665 2854 2667 2864 2666 2867 2664 2855 2665 2861 2668 2864 2666 2854 2667 2862 2669 2861 2668 2854 2667 2853 2670 2863 2671 2862 2669 2853 2670 2862 2669 2854 2667 2860 2672 2863 2671 2853 2670 2902 2673 2889 2674 2890 2675 2902 2673 2890 2675 2891 2676 2901 2677 2888 2678 2889 2674 2901 2677 2889 2674 2902 2673 2900 2679 2887 2680 2888 2678 2900 2679 2888 2678 2901 2677 2899 2681 2886 2682 2887 2680 2899 2681 2887 2680 2900 2679 2898 2683 2886 2682 2899 2681 2897 2684 2885 2685 2886 2682 2897 2684 2886 2682 2898 2683 2896 2686 2884 2687 2885 2685 2896 2686 2885 2685 2897 2684 2895 2688 2883 2689 2884 2687 2895 2688 2884 2687 2896 2686 2894 2690 2882 2691 2883 2689 2894 2690 2883 2689 2895 2688 2893 2692 2881 2693 2882 2691 2893 2692 2882 2691 2894 2690 2892 2694 2881 2693 2893 2692 2880 2695 2881 2693 2892 2694 2903 2696 2880 2695 2892 2694 2908 2697 2879 2698 2880 2695 2908 2697 2880 2695 2903 2696 2907 2699 2879 2698 2908 2697 2907 2699 2878 2700 2879 2698 2906 2701 2878 2700 2907 2699 2906 2701 2877 2702 2878 2700 2905 2703 2876 2704 2877 2702 2905 2703 2877 2702 2906 2701 2904 2705 2875 2706 2876 2704 2904 2705 2876 2704 2905 2703 2914 2707 2874 2708 2875 2706 2914 2707 2875 2706 2904 2705 2913 2709 2873 2710 2874 2708 2913 2709 2874 2708 2914 2707 2912 2711 2872 2712 2873 2710 2912 2711 2873 2710 2913 2709 2911 2713 2871 2714 2872 2712 2911 2713 2872 2712 2912 2711 2910 2715 2870 2716 2871 2714 2910 2715 2871 2714 2911 2713 2909 2717 2870 2716 2910 2715 2915 2718 2870 2716 2909 2717 2869 2719 2870 2716 2915 2718 2869 2719 2915 2718 2916 2720 2868 2721 2869 2719 2916 2720 2923 2722 2930 2723 2937 2724 2922 2725 2937 2724 2936 2726 2922 2725 2923 2722 2937 2724 2919 2727 2920 2728 2934 2729 2943 2730 2919 2727 2934 2729 2918 2731 2919 2727 2943 2730 2942 2732 2918 2731 2943 2730 2917 2733 2918 2731 2942 2732 2948 2734 2941 2735 2940 2736 2948 2734 2949 2737 2941 2735 2947 2738 2948 2734 2940 2736 2950 2739 2927 2740 2928 2741 2950 2739 2928 2741 2929 2742 2950 2739 2929 2742 2933 2743 2951 2744 2950 2739 2933 2743 2951 2744 2927 2740 2950 2739 2952 2745 2926 2746 2927 2740 2952 2745 2932 2747 2926 2746 2953 2748 2925 2749 2926 2746 2953 2748 2932 2747 2931 2750 2953 2748 2926 2746 2932 2747 2954 2751 2924 2752 2925 2749 2954 2751 2931 2750 2924 2752 2954 2751 2925 2749 2953 2748 2954 2751 2953 2748 2931 2750 2955 2753 2923 2722 2924 2752 2955 2753 2931 2750 2930 2723 2955 2753 2924 2752 2931 2750 2955 2753 2930 2723 2923 2722 2956 2754 2921 2755 2922 2725 2956 2754 2936 2726 2935 2756 2956 2754 2922 2725 2936 2726 2956 2754 2935 2756 2921 2755 2957 2757 2920 2728 2921 2755 2957 2757 2935 2756 2934 2729 2957 2757 2921 2755 2935 2756 2957 2757 2934 2729 2920 2728 2958 2758 2942 2732 2941 2735 2958 2758 2949 2737 2917 2733 2958 2758 2917 2733 2942 2732 2958 2758 2941 2735 2949 2737 2959 2759 2946 2760 2947 2738 2959 2759 2947 2738 2940 2736 2960 2761 2946 2760 2961 2762 2962 2763 2933 2743 2932 2747 2962 2763 2952 2745 2927 2740 2962 2763 2932 2747 2952 2745 2962 2763 2927 2740 2951 2744 2962 2763 2951 2744 2933 2743 2963 2764 2940 2736 2939 2765 2963 2764 2959 2759 2940 2736 2963 2764 2961 2762 2946 2760 2963 2764 2946 2760 2959 2759 2964 2766 2961 2762 2963 2764 2964 2766 2963 2764 2939 2765 2965 2767 2964 2766 2939 2765 2965 2767 2961 2762 2964 2766 2965 2767 2960 2761 2961 2762 2966 2768 2945 2769 2946 2760 2966 2768 2946 2760 2960 2761 2967 2770 2945 2769 2966 2768 2967 2770 2965 2767 2939 2765 2967 2770 2960 2761 2965 2767 2967 2770 2966 2768 2960 2761 2967 2770 2939 2765 2938 2771 2968 2772 2967 2770 2969 2773 2968 2772 2945 2769 2967 2770 2970 2774 2967 2770 2938 2771 2970 2774 2969 2773 2967 2770 2971 2775 2968 2772 2969 2773 2971 2775 2945 2769 2968 2772 2971 2775 2970 2774 2938 2771 2971 2775 2969 2773 2970 2774 2971 2775 2938 2771 2944 2776 2971 2775 2944 2776 2945 2769 2982 2777 2976 2778 2977 2779 2982 2777 2983 2780 2984 2781 2985 2782 2983 2780 2982 2777 2985 2782 2982 2777 2977 2779 2986 2783 2973 2784 2972 2785 2986 2783 2984 2781 2983 2780 2986 2783 2972 2785 2984 2781 2987 2786 2977 2779 2980 2787 2987 2786 2973 2784 2986 2783 2987 2786 2980 2787 2973 2784 2987 2786 2985 2782 2977 2779 2987 2786 2983 2780 2985 2782 2987 2786 2986 2783 2983 2780 2988 2788 2974 2789 2973 2784 2988 2788 2973 2784 2980 2787 2989 2790 2990 2791 2988 2788 2989 2790 2988 2788 2980 2787 2991 2792 2974 2789 2988 2788 2991 2792 2988 2788 2990 2791 2992 2793 2980 2787 2979 2794 2992 2793 2974 2789 2991 2792 2992 2793 2989 2790 2980 2787 2992 2793 2979 2794 2974 2789 2992 2793 2990 2791 2989 2790 2992 2793 2991 2792 2990 2791 2993 2795 2975 2796 2974 2789 2993 2795 2974 2789 2979 2794 2994 2797 2995 2798 2993 2795 2994 2797 2993 2795 2979 2794 2996 2799 2975 2796 2993 2795 2996 2799 2993 2795 2995 2798 2997 2800 2979 2794 2978 2801 2997 2800 2978 2801 2981 2802 2997 2800 2981 2802 2975 2796 2997 2800 2994 2797 2979 2794 2997 2800 2995 2798 2994 2797 2997 2800 2975 2796 2996 2799 2997 2800 2996 2799 2995 2798 2998 2803 2972 2785 2976 2778 2998 2803 2982 2777 2984 2781 2998 2803 2984 2781 2972 2785 2998 2803 2976 2778 2982 2777 3009 2804 3002 2805 3005 2806 3009 2804 3010 2807 3011 2808 3009 2804 3012 2809 3010 2807 3009 2804 3011 2808 3002 2805 3013 2810 3003 2811 3002 2805 3013 2810 3011 2808 3010 2807 3013 2810 3008 2812 3003 2811 3013 2810 3002 2805 3011 2808 3014 2813 3006 2814 3008 2812 3014 2813 3012 2809 3006 2814 3014 2813 3010 2807 3012 2809 3014 2813 3013 2810 3010 2807 3014 2813 3008 2812 3013 2810 3015 2815 3008 2812 3007 2816 3015 2815 3003 2811 3008 2812 3015 2815 3016 2817 3003 2811 3015 2815 3017 2818 3016 2817 3018 2819 3004 2820 3003 2811 3018 2819 3007 2816 3004 2820 3018 2819 3003 2811 3016 2817 3018 2819 3016 2817 3017 2818 3019 2821 3015 2815 3007 2816 3019 2821 3017 2818 3015 2815 3019 2821 3007 2816 3018 2819 3019 2821 3018 2819 3017 2818 3020 2822 3007 2816 3000 2823 3020 2822 3004 2820 3007 2816 3020 2822 3021 2824 3004 2820 3020 2822 3022 2825 3021 2824 3023 2826 3000 2823 2999 2827 3023 2826 2999 2827 3001 2828 3023 2826 3001 2828 3004 2820 3023 2826 3004 2820 3021 2824 3023 2826 3021 2824 3022 2825 3024 2829 3000 2823 3023 2826 3024 2829 3020 2822 3000 2823 3024 2829 3022 2825 3020 2822 3024 2829 3023 2826 3022 2825 3025 2830 3005 2806 3006 2814 3025 2830 3006 2814 3012 2809 3025 2830 3009 2804 3005 2806 3025 2830 3012 2809 3009 2804 3059 2831 3028 2832 3040 2833 3059 2831 3057 2834 3058 2835 3059 2831 3058 2835 3028 2832 3059 2831 3040 2833 3057 2834 3060 2836 3040 2833 3039 2837 3060 2836 3056 2838 3057 2834 3060 2836 3057 2834 3040 2833 3060 2836 3039 2837 3056 2838 3061 2839 3039 2837 3038 2840 3061 2839 3055 2841 3056 2838 3061 2839 3056 2838 3039 2837 3061 2839 3038 2840 3055 2841 3062 2842 3038 2840 3037 2843 3062 2842 3054 2844 3055 2841 3062 2842 3055 2841 3038 2840 3062 2842 3037 2843 3054 2844 3063 2845 3037 2843 3036 2846 3063 2845 3053 2847 3054 2844 3063 2845 3054 2844 3037 2843 3063 2845 3036 2846 3053 2847 3064 2848 3036 2846 3035 2849 3064 2848 3052 2850 3053 2847 3064 2848 3053 2847 3036 2846 3064 2848 3035 2849 3052 2850 3065 2851 3035 2849 3034 2852 3065 2851 3051 2853 3052 2850 3065 2851 3052 2850 3035 2849 3065 2851 3034 2852 3051 2853 3066 2854 3034 2852 3033 2855 3066 2854 3050 2856 3051 2853 3066 2854 3051 2853 3034 2852 3066 2854 3033 2855 3050 2856 3067 2857 3033 2855 3032 2858 3067 2857 3049 2859 3050 2856 3067 2857 3050 2856 3033 2855 3067 2857 3032 2858 3049 2859 3068 2860 3032 2858 3031 2861 3068 2860 3048 2862 3049 2859 3068 2860 3049 2859 3032 2858 3068 2860 3031 2861 3048 2862 3069 2863 3031 2861 3043 2864 3069 2863 3048 2862 3031 2861 3070 2865 3048 2862 3069 2863 3070 2865 3069 2863 3043 2864 3071 2866 3070 2865 3043 2864 3071 2866 3043 2864 3042 2867 3071 2866 3048 2862 3070 2865 3072 2868 3071 2866 3042 2867 3072 2868 3048 2862 3071 2866 3072 2868 3042 2867 3041 2869 3072 2868 3041 2869 3046 2870 3072 2868 3047 2871 3048 2862 3073 2872 3072 2868 3046 2870 3073 2872 3047 2871 3072 2868 3073 2872 3046 2870 3045 2873 3074 2874 3047 2871 3073 2872 3074 2874 3073 2872 3045 2873 3074 2874 3045 2873 3044 2875 3074 2874 3044 2875 3047 2871 3075 2876 3076 2877 3077 2878 3078 2879 3027 2880 3030 2881 3078 2879 3076 2877 3027 2880 3078 2879 3077 2878 3076 2877 3079 2882 3075 2876 3077 2878 3079 2882 3077 2878 3078 2879 3079 2882 3058 2835 3026 2883 3079 2882 3026 2883 3075 2876 3079 2882 3078 2879 3030 2881 3080 2884 3030 2881 3029 2885 3080 2884 3079 2882 3030 2881 3080 2884 3081 2886 3079 2882 3080 2884 3029 2885 3081 2886 3082 2887 3081 2886 3029 2885 3083 2888 3058 2835 3079 2882 3083 2888 3079 2882 3081 2886 3083 2888 3082 2887 3084 2889 3083 2888 3081 2886 3082 2887 3085 2890 3029 2885 3028 2832 3085 2890 3084 2889 3082 2887 3085 2890 3082 2887 3029 2885 3086 2891 3084 2889 3085 2890 3086 2891 3083 2888 3084 2889 3086 2891 3058 2835 3083 2888 3087 2892 3027 2880 3076 2877 3087 2892 3076 2877 3075 2876 3088 2893 3086 2891 3085 2890 3088 2893 3058 2835 3086 2891 3089 2894 3026 2883 3027 2880 3089 2894 3075 2876 3026 2883 3089 2894 3027 2880 3087 2892 3089 2894 3087 2892 3075 2876 3090 2895 3028 2832 3058 2835 3090 2895 3088 2893 3085 2890 3090 2895 3058 2835 3088 2893 3090 2895 3085 2890 3028 2832 3101 2896 3098 2897 3092 2898 3102 2899 3092 2898 3091 2900 3102 2899 3091 2900 3095 2901 3102 2899 3101 2896 3092 2898 3102 2899 3103 2902 3098 2897 3102 2899 3104 2903 3103 2902 3102 2899 3098 2897 3101 2896 3105 2904 3099 2905 3098 2897 3105 2904 3095 2901 3099 2905 3105 2904 3098 2897 3103 2902 3105 2904 3103 2902 3104 2903 3106 2906 3102 2899 3095 2901 3106 2906 3104 2903 3102 2899 3106 2906 3095 2901 3105 2904 3106 2906 3105 2904 3104 2903 3107 2907 3099 2905 3095 2901 3107 2907 3108 2908 3099 2905 3107 2907 3109 2909 3108 2908 3110 2910 3100 2911 3099 2905 3110 2910 3099 2905 3108 2908 3110 2910 3108 2908 3109 2909 3111 2912 3095 2901 3094 2913 3111 2912 3100 2911 3110 2910 3111 2912 3094 2913 3100 2911 3111 2912 3107 2907 3095 2901 3111 2912 3109 2909 3107 2907 3111 2912 3110 2910 3109 2909 3112 2914 3097 2915 3100 2911 3112 2914 3100 2911 3094 2913 3113 2916 3114 2917 3112 2914 3113 2916 3112 2914 3094 2913 3115 2918 3097 2915 3112 2914 3115 2918 3112 2914 3114 2917 3116 2919 3094 2913 3093 2920 3116 2919 3093 2920 3096 2921 3116 2919 3096 2921 3097 2915 3116 2919 3113 2916 3094 2913 3116 2919 3114 2917 3113 2916 3116 2919 3097 2915 3115 2918 3116 2919 3115 2918 3114 2917 3123 2922 3124 2923 3122 2924 3125 2925 3120 2926 3119 2927 3125 2925 3119 2927 3126 2928 3125 2925 3127 2929 3120 2926 3125 2925 3126 2928 3128 2930 3129 2931 3121 2932 3120 2926 3129 2931 3120 2926 3127 2929 3130 2933 3122 2924 3118 2934 3130 2933 3127 2929 3123 2922 3130 2933 3123 2922 3122 2924 3131 2935 3117 2936 3121 2932 3131 2935 3121 2932 3132 2937 3131 2935 3132 2937 3133 2938 3134 2939 3130 2933 3118 2934 3134 2939 3133 2938 3130 2933 3134 2939 3131 2935 3133 2938 3135 2940 3126 2928 3119 2927 3135 2940 3124 2923 3126 2928 3136 2941 3126 2928 3124 2923 3136 2941 3128 2930 3126 2928 3136 2941 3123 2922 3128 2930 3136 2941 3124 2923 3123 2922 3137 2942 3123 2922 3127 2929 3137 2942 3128 2930 3123 2922 3137 2942 3127 2929 3125 2925 3137 2942 3125 2925 3128 2930 3138 2943 3127 2929 3130 2933 3138 2943 3129 2931 3127 2929 3139 2944 3121 2932 3130 2933 3139 2944 3130 2933 3133 2938 3139 2944 3132 2937 3121 2932 3139 2944 3133 2938 3132 2937 3140 2945 3134 2939 3118 2934 3140 2945 3131 2935 3134 2939 3141 2946 3119 2927 3122 2924 3141 2946 3135 2940 3119 2927 3141 2946 3122 2924 3124 2923 3141 2946 3124 2923 3135 2940 3142 2947 3121 2932 3129 2931 3142 2947 3130 2933 3121 2932 3142 2947 3138 2943 3130 2933 3142 2947 3129 2931 3138 2943 3143 2948 3118 2934 3117 2936 3143 2948 3140 2945 3118 2934 3143 2948 3117 2936 3131 2935 3143 2948 3131 2935 3140 2945 3156 2949 3145 2950 3146 2951 3156 2949 3155 2952 3145 2950 3157 2953 3156 2949 3146 2951 3161 2954 3144 2955 3145 2950 3161 2954 3155 2952 3154 2956 3161 2954 3154 2956 3144 2955 3161 2954 3145 2950 3155 2952 3162 2957 3146 2951 3147 2958 3162 2957 3158 2959 3157 2953 3162 2957 3157 2953 3146 2951 3163 2960 3147 2958 3148 2961 3163 2960 3159 2962 3158 2959 3163 2960 3148 2961 3159 2962 3163 2960 3162 2957 3147 2958 3163 2960 3158 2959 3162 2957 3164 2963 3148 2961 3149 2964 3164 2963 3159 2962 3148 2961 3165 2965 3160 2966 3159 2962 3165 2965 3164 2963 3149 2964 3165 2965 3159 2962 3164 2963 3166 2967 3149 2964 3150 2968 3166 2967 3165 2965 3149 2964 3166 2967 3167 2969 3165 2965 3168 2970 3166 2967 3150 2968 3168 2970 3167 2969 3166 2967 3169 2971 3160 2966 3165 2965 3169 2971 3150 2968 3160 2966 3169 2971 3165 2965 3167 2969 3169 2971 3167 2969 3168 2970 3169 2971 3168 2970 3150 2968 3170 2972 3150 2968 3151 2973 3170 2972 3160 2966 3150 2968 3171 2974 3170 2972 3172 2975 3171 2974 3160 2966 3170 2972 3173 2976 3170 2972 3151 2973 3173 2976 3172 2975 3170 2972 3174 2977 3153 2978 3160 2966 3174 2977 3173 2976 3151 2973 3174 2977 3160 2966 3171 2974 3174 2977 3171 2974 3172 2975 3174 2977 3172 2975 3173 2976 3175 2979 3151 2973 3152 2980 3176 2981 3175 2979 3152 2980 3176 2981 3177 2982 3175 2979 3178 2983 3152 2980 3153 2978 3178 2983 3153 2978 3174 2977 3178 2983 3176 2981 3152 2980 3178 2983 3174 2977 3177 2982 3178 2983 3177 2982 3176 2981 3179 2984 3151 2973 3175 2979 3179 2984 3177 2982 3174 2977 3179 2984 3174 2977 3151 2973 3179 2984 3175 2979 3177 2982 3190 2985 3191 2986 3192 2987 3193 2988 3181 2989 3180 2990 3193 2988 3192 2987 3191 2986 3193 2988 3180 2990 3192 2987 3194 2991 3184 2992 3189 2993 3194 2991 3190 2985 3184 2992 3194 2991 3193 2988 3191 2986 3194 2991 3191 2986 3190 2985 3195 2994 3182 2995 3181 2989 3196 2996 3197 2997 3195 2994 3198 2998 3182 2995 3195 2994 3198 2998 3195 2994 3197 2997 3199 2999 3189 2993 3188 3000 3199 2999 3196 2996 3189 2993 3199 2999 3197 2997 3196 2996 3199 2999 3198 2998 3197 2997 3200 3001 3183 3002 3182 2995 3201 3003 3202 3004 3200 3001 3203 3005 3183 3002 3200 3001 3203 3005 3200 3001 3202 3004 3204 3006 3188 3000 3187 3007 3204 3006 3201 3003 3188 3000 3204 3006 3202 3004 3201 3003 3204 3006 3203 3005 3202 3004 3205 3008 3185 3009 3184 2992 3205 3008 3186 3010 3185 3009 3205 3008 3180 2990 3186 3010 3205 3008 3190 2985 3192 2987 3205 3008 3184 2992 3190 2985 3205 3008 3192 2987 3180 2990 3206 3011 3194 2991 3189 2993 3206 3011 3181 2989 3193 2988 3206 3011 3189 2993 3181 2989 3206 3011 3193 2988 3194 2991 3207 3012 3181 2989 3189 2993 3207 3012 3189 2993 3196 2996 3207 3012 3195 2994 3181 2989 3207 3012 3196 2996 3195 2994 3208 3013 3182 2995 3198 2998 3208 3013 3198 2998 3199 2999 3209 3014 3188 3000 3201 3003 3209 3014 3182 2995 3188 3000 3209 3014 3200 3001 3182 2995 3209 3014 3201 3003 3200 3001 3210 3015 3183 3002 3203 3005 3210 3015 3203 3005 3204 3006 3211 3016 3188 3000 3182 2995 3211 3016 3182 2995 3208 3013 3211 3016 3199 2999 3188 3000 3211 3016 3208 3013 3199 2999 3212 3017 3187 3007 3183 3002 3212 3017 3204 3006 3187 3007 3212 3017 3183 3002 3210 3015 3212 3017 3210 3015 3204 3006 3265 3018 3217 3019 3216 3020 3266 3021 3225 3022 3224 3023 3266 3021 3263 3024 3264 3025 3266 3021 3264 3025 3225 3022 3266 3021 3224 3023 3263 3024 3267 3026 3224 3023 3223 3027 3267 3026 3262 3028 3263 3024 3267 3026 3263 3024 3224 3023 3267 3026 3223 3027 3262 3028 3268 3029 3223 3027 3222 3030 3268 3029 3261 3031 3262 3028 3268 3029 3262 3028 3223 3027 3268 3029 3222 3030 3261 3031 3269 3032 3222 3030 3221 3033 3269 3032 3261 3031 3222 3030 3270 3034 3221 3033 3220 3035 3271 3036 3220 3035 3219 3037 3272 3038 3257 3039 3273 3040 3272 3038 3265 3018 3256 3041 3272 3038 3256 3041 3257 3039 3272 3038 3273 3040 3217 3019 3272 3038 3217 3019 3265 3018 3274 3042 3256 3041 3265 3018 3274 3042 3265 3018 3216 3020 3275 3043 3216 3020 3215 3044 3275 3043 3215 3044 3255 3045 3276 3046 3215 3044 3214 3047 3276 3046 3214 3047 3254 3048 3277 3049 3214 3047 3213 3050 3278 3051 3213 3050 3228 3052 3279 3053 3280 3054 3278 3051 3281 3055 3228 3052 3227 3056 3281 3055 3282 3057 3228 3052 3281 3055 3283 3058 3282 3057 3284 3059 3252 3060 3253 3061 3284 3059 3279 3053 3283 3058 3284 3059 3253 3061 3279 3053 3285 3062 3227 3056 3226 3063 3286 3064 3284 3059 3285 3062 3287 3065 3226 3063 3238 3066 3287 3065 3251 3067 3252 3060 3287 3065 3288 3068 3226 3063 3287 3065 3252 3060 3288 3068 3289 3069 3238 3066 3237 3070 3289 3069 3250 3071 3251 3067 3289 3069 3287 3065 3238 3066 3289 3069 3251 3067 3287 3065 3290 3072 3250 3071 3289 3069 3290 3072 3289 3069 3237 3070 3291 3073 3235 3074 3292 3075 3291 3073 3292 3075 3248 3076 3291 3073 3236 3077 3235 3074 3293 3078 3236 3077 3291 3073 3293 3078 3291 3073 3248 3076 3294 3079 3295 3080 3247 3081 3294 3079 3292 3075 3235 3074 3294 3079 3248 3076 3292 3075 3294 3079 3235 3074 3295 3080 3294 3079 3247 3081 3248 3076 3296 3082 3243 3083 3244 3084 3296 3082 3231 3085 3243 3083 3297 3086 3242 3087 3243 3083 3297 3086 3230 3088 3242 3087 3298 3089 3229 3090 3239 3091 3298 3089 3239 3091 3240 3092 3298 3089 3240 3092 3241 3093 3298 3089 3241 3093 3242 3087 3299 3094 3270 3034 3260 3095 3299 3094 3260 3095 3261 3031 3299 3094 3221 3033 3270 3034 3299 3094 3261 3031 3269 3032 3299 3094 3269 3032 3221 3033 3300 3096 3260 3095 3270 3034 3300 3096 3220 3035 3271 3036 3300 3096 3271 3036 3259 3097 3300 3096 3259 3097 3260 3095 3300 3096 3270 3034 3220 3035 3301 3098 3259 3097 3271 3036 3301 3098 3219 3037 3302 3099 3301 3098 3302 3099 3258 3100 3301 3098 3271 3036 3219 3037 3301 3098 3258 3100 3259 3097 3303 3101 3219 3037 3218 3102 3303 3101 3304 3103 3258 3100 3303 3101 3302 3099 3219 3037 3303 3101 3258 3100 3302 3099 3303 3101 3218 3102 3304 3103 3305 3104 3258 3100 3304 3103 3305 3104 3304 3103 3218 3102 3305 3104 3257 3039 3258 3100 3305 3104 3218 3102 3306 3105 3305 3104 3306 3105 3257 3039 3307 3106 3273 3040 3257 3039 3307 3106 3218 3102 3217 3019 3307 3106 3217 3019 3273 3040 3307 3106 3306 3105 3218 3102 3307 3106 3257 3039 3306 3105 3308 3107 3216 3020 3275 3043 3308 3107 3255 3045 3256 3041 3308 3107 3256 3041 3274 3042 3308 3107 3274 3042 3216 3020 3308 3107 3275 3043 3255 3045 3309 3108 3215 3044 3276 3046 3309 3108 3254 3048 3255 3045 3309 3108 3276 3046 3254 3048 3309 3108 3255 3045 3215 3044 3310 3109 3253 3061 3254 3048 3310 3109 3254 3048 3214 3047 3310 3109 3214 3047 3277 3049 3311 3110 3277 3049 3213 3050 3311 3110 3312 3111 3253 3061 3311 3110 3213 3050 3312 3111 3311 3110 3253 3061 3310 3109 3311 3110 3310 3109 3277 3049 3313 3112 3278 3051 3280 3054 3313 3112 3279 3053 3253 3061 3313 3112 3280 3054 3279 3053 3314 3113 3278 3051 3228 3052 3314 3113 3279 3053 3278 3051 3315 3114 3283 3058 3279 3053 3315 3114 3279 3053 3314 3113 3315 3114 3228 3052 3282 3057 3315 3114 3314 3113 3228 3052 3315 3114 3282 3057 3283 3058 3316 3115 3281 3055 3227 3056 3316 3115 3283 3058 3281 3055 3316 3115 3284 3059 3283 3058 3317 3116 3284 3059 3316 3115 3317 3116 3316 3115 3227 3056 3317 3116 3285 3062 3284 3059 3317 3116 3227 3056 3285 3062 3318 3117 3252 3060 3284 3059 3318 3117 3284 3059 3286 3064 3318 3117 3286 3064 3285 3062 3319 3118 3250 3071 3290 3072 3319 3118 3249 3119 3250 3071 3319 3118 3290 3072 3237 3070 3319 3118 3320 3120 3249 3119 3319 3118 3237 3070 3320 3120 3321 3121 3236 3077 3322 3122 3321 3121 3237 3070 3236 3077 3321 3121 3249 3119 3320 3120 3321 3121 3320 3120 3237 3070 3321 3121 3322 3122 3249 3119 3323 3123 3236 3077 3293 3078 3323 3123 3293 3078 3248 3076 3323 3123 3322 3122 3236 3077 3323 3123 3248 3076 3249 3119 3323 3123 3249 3119 3322 3122 3324 3124 3247 3081 3295 3080 3324 3124 3234 3125 3325 3126 3324 3124 3325 3126 3247 3081 3324 3124 3235 3074 3234 3125 3324 3124 3295 3080 3235 3074 3326 3127 3327 3128 3234 3125 3326 3127 3246 3129 3327 3128 3326 3127 3328 3130 3246 3129 3326 3127 3233 3131 3328 3130 3326 3127 3234 3125 3233 3131 3329 3132 3325 3126 3234 3125 3329 3132 3247 3081 3325 3126 3329 3132 3234 3125 3327 3128 3329 3132 3327 3128 3246 3129 3329 3132 3246 3129 3247 3081 3330 3133 3246 3129 3328 3130 3330 3133 3328 3130 3233 3131 3330 3133 3233 3131 3331 3134 3330 3133 3331 3134 3245 3135 3330 3133 3245 3135 3246 3129 3332 3136 3233 3131 3232 3137 3332 3136 3331 3134 3233 3131 3332 3136 3245 3135 3331 3134 3332 3136 3333 3138 3245 3135 3332 3136 3232 3137 3333 3138 3334 3139 3245 3135 3333 3138 3334 3139 3244 3084 3245 3135 3334 3139 3333 3138 3232 3137 3335 3140 3244 3084 3334 3139 3335 3140 3334 3139 3232 3137 3335 3140 3232 3137 3231 3085 3335 3140 3231 3085 3296 3082 3335 3140 3296 3082 3244 3084 3336 3141 3231 3085 3230 3088 3336 3141 3230 3088 3297 3086 3336 3141 3297 3086 3243 3083 3336 3141 3243 3083 3231 3085 3337 3142 3230 3088 3229 3090 3337 3142 3298 3089 3242 3087 3337 3142 3242 3087 3230 3088 3337 3142 3229 3090 3298 3089 3338 3143 3253 3061 3312 3111 3338 3143 3312 3111 3213 3050 3338 3143 3213 3050 3278 3051 3338 3143 3313 3112 3253 3061 3338 3143 3278 3051 3313 3112 3339 3144 3226 3063 3288 3068 3339 3144 3285 3062 3226 3063 3339 3144 3318 3117 3285 3062 3339 3144 3288 3068 3252 3060 3339 3144 3252 3060 3318 3117 3361 3145 3362 3146 3363 3147 3361 3145 3363 3147 3364 3148 3366 3149 3360 3150 3361 3145 3366 3149 3361 3145 3364 3148 3366 3149 3364 3148 3365 3151 3367 3152 3359 3153 3360 3150 3367 3152 3360 3150 3366 3149 3368 3154 3357 3155 3358 3156 3368 3154 3358 3156 3359 3153 3368 3154 3359 3153 3367 3152 3369 3157 3355 3158 3356 3159 3369 3157 3356 3159 3357 3155 3369 3157 3357 3155 3368 3154 3370 3160 3354 3161 3355 3158 3370 3160 3355 3158 3369 3157 3371 3162 3353 3163 3354 3161 3371 3162 3354 3161 3370 3160 3352 3164 3371 3162 3372 3165 3352 3164 3353 3163 3371 3162 3351 3166 3352 3164 3372 3165 3423 3167 3382 3168 3383 3169 3423 3167 3383 3169 3384 3170 3428 3171 3380 3172 3381 3173 3428 3171 3381 3173 3382 3168 3428 3171 3382 3168 3423 3167 3424 3174 3423 3167 3384 3170 3424 3174 3384 3170 3385 3175 3424 3174 3385 3175 3386 3176 3427 3177 3379 3178 3380 3172 3427 3177 3380 3172 3428 3171 3425 3179 3386 3176 3387 3180 3425 3179 3387 3180 3388 3181 3425 3179 3388 3181 3389 3182 3425 3179 3424 3174 3386 3176 3426 3183 3377 3184 3378 3185 3426 3183 3378 3185 3379 3178 3426 3183 3379 3178 3427 3177 3350 3186 3372 3165 3373 3187 3350 3186 3351 3166 3372 3165 3349 3188 3350 3186 3373 3187 3348 3189 3349 3188 3373 3187 3347 3190 3348 3189 3373 3187 3448 3191 3389 3182 3390 3192 3448 3191 3425 3179 3389 3182 3431 3193 3376 3194 3377 3184 3431 3193 3377 3184 3426 3183 3346 3195 3347 3190 3373 3187 3346 3195 3373 3187 3374 3196 3449 3197 3390 3192 3391 3198 3449 3197 3448 3191 3390 3192 3450 3199 3449 3197 3391 3198 3450 3199 3391 3198 3392 3200 3450 3199 3392 3200 3393 3201 3450 3199 3393 3201 3394 3202 3345 3203 3346 3195 3374 3196 3451 3204 3450 3199 3394 3202 3451 3204 3394 3202 3395 3205 3451 3204 3395 3205 3396 3206 3397 3207 3451 3204 3396 3206 3446 3208 3451 3204 3397 3207 3430 3209 3376 3194 3431 3193 3430 3209 3375 3210 3376 3194 3398 3211 3446 3208 3397 3207 3344 3212 3345 3203 3374 3196 3344 3212 3374 3196 3375 3210 3399 3213 3446 3208 3398 3211 3400 3214 3447 3215 3446 3208 3400 3214 3446 3208 3399 3213 3343 3216 3344 3212 3375 3210 3401 3217 3447 3215 3400 3214 3429 3218 3375 3210 3430 3209 3429 3218 3343 3216 3375 3210 3402 3219 3445 3220 3447 3215 3402 3219 3447 3215 3401 3217 3403 3221 3444 3222 3445 3220 3403 3221 3445 3220 3402 3219 3417 3223 3342 3224 3343 3216 3417 3223 3343 3216 3429 3218 3417 3223 3434 3225 3433 3226 3417 3223 3429 3218 3434 3225 3418 3227 3341 3228 3342 3224 3418 3227 3342 3224 3417 3223 3422 3229 3340 3230 3341 3228 3404 3231 3442 3232 3443 3233 3404 3231 3443 3233 3444 3222 3404 3231 3444 3222 3403 3221 3419 3234 3341 3228 3418 3227 3419 3234 3422 3229 3341 3228 3421 3235 3422 3229 3419 3234 3416 3236 3417 3223 3433 3226 3416 3236 3433 3226 3432 3237 3416 3236 3437 3238 3436 3239 3416 3236 3432 3237 3437 3238 3420 3240 3421 3235 3419 3234 3405 3241 3441 3242 3442 3232 3405 3241 3442 3232 3404 3231 3415 3243 3416 3236 3436 3239 3415 3243 3436 3239 3435 3244 3406 3245 3441 3242 3405 3241 3407 3246 3441 3242 3406 3245 3414 3247 3415 3243 3435 3244 3414 3247 3435 3244 3438 3248 3413 3249 3414 3247 3438 3248 3408 3250 3440 3251 3441 3242 3408 3250 3441 3242 3407 3246 3412 3252 3413 3249 3438 3248 3412 3252 3438 3248 3439 3253 3409 3254 3440 3251 3408 3250 3411 3255 3412 3252 3439 3253 3410 3256 3440 3251 3409 3254 3410 3256 3411 3255 3439 3253 3410 3256 3439 3253 3440 3251 3458 3257 3453 3258 3454 3259 3459 3260 3452 3261 3453 3258 3459 3260 3453 3258 3458 3257 3460 3262 3454 3259 3455 3263 3461 3264 3462 3265 3460 3262 3463 3266 3454 3259 3460 3262 3463 3266 3460 3262 3462 3265 3464 3267 3456 3268 3457 3269 3464 3267 3458 3257 3454 3259 3464 3267 3462 3265 3461 3264 3464 3267 3461 3264 3456 3268 3465 3270 3459 3260 3458 3257 3465 3270 3464 3267 3457 3269 3465 3270 3458 3257 3464 3267 3466 3271 3459 3260 3465 3270 3466 3271 3465 3270 3457 3269 3467 3272 3455 3263 3456 3268 3467 3272 3461 3264 3460 3262 3467 3272 3460 3262 3455 3263 3467 3272 3456 3268 3461 3264 3468 3273 3464 3267 3454 3259 3468 3273 3454 3259 3463 3266 3468 3273 3463 3266 3462 3265 3468 3273 3462 3265 3464 3267 3469 3274 3457 3269 3452 3261 3469 3274 3466 3271 3457 3269 3469 3274 3452 3261 3459 3260 3469 3274 3459 3260 3466 3271 3490 3275 3492 3276 3493 3277 3491 3278 3493 3277 3494 3279 3491 3278 3490 3275 3493 3277 3489 3280 3494 3279 3495 3281 3489 3280 3491 3278 3494 3279 3487 3282 3495 3281 3496 3283 3487 3282 3489 3280 3495 3281 3488 3284 3496 3283 3470 3285 3488 3284 3487 3282 3496 3283 3483 3286 3472 3287 3473 3288 3481 3289 3473 3288 3474 3290 3481 3289 3483 3286 3473 3288 3480 3291 3474 3290 3475 3292 3480 3291 3481 3289 3474 3290 3479 3293 3475 3292 3476 3294 3479 3293 3480 3291 3475 3292 3478 3295 3476 3294 3477 3296 3478 3295 3479 3293 3476 3294 3497 3297 3484 3298 3488 3284 3497 3297 3488 3284 3470 3285 3498 3299 3470 3285 3471 3300 3498 3299 3485 3301 3484 3298 3498 3299 3497 3297 3470 3285 3498 3299 3484 3298 3497 3297 3499 3302 3486 3303 3485 3301 3499 3302 3471 3300 3486 3303 3499 3302 3485 3301 3498 3299 3499 3302 3498 3299 3471 3300 3500 3304 3471 3300 3472 3287 3500 3304 3482 3305 3486 3303 3500 3304 3486 3303 3471 3300 3501 3306 3483 3286 3482 3305 3501 3306 3482 3305 3500 3304 3501 3306 3500 3304 3472 3287 3501 3306 3472 3287 3483 3286 3510 3307 3502 3308 3506 3309 3510 3307 3511 3310 3512 3311 3513 3312 3512 3311 3511 3310 3513 3312 3503 3313 3512 3311 3514 3314 3506 3309 3515 3315 3514 3314 3510 3307 3506 3309 3514 3314 3511 3310 3510 3307 3516 3316 3506 3309 3505 3317 3516 3316 3515 3315 3506 3309 3517 3318 3509 3319 3503 3313 3517 3318 3503 3313 3513 3312 3517 3318 3513 3312 3515 3315 3518 3320 3505 3317 3504 3321 3518 3320 3504 3321 3519 3322 3518 3320 3519 3322 3520 3323 3521 3324 3509 3319 3517 3318 3521 3324 3520 3323 3519 3322 3521 3324 3517 3318 3520 3323 3522 3325 3503 3313 3502 3308 3522 3325 3512 3311 3503 3313 3522 3325 3502 3308 3510 3307 3522 3325 3510 3307 3512 3311 3523 3326 3514 3314 3515 3315 3523 3326 3515 3315 3513 3312 3523 3326 3513 3312 3511 3310 3523 3326 3511 3310 3514 3314 3524 3327 3515 3315 3516 3316 3524 3327 3517 3318 3515 3315 3525 3328 3505 3317 3518 3320 3525 3328 3517 3318 3505 3317 3525 3328 3520 3323 3517 3318 3525 3328 3518 3320 3520 3323 3526 3329 3504 3321 3507 3330 3526 3329 3507 3330 3508 3331 3526 3329 3508 3331 3509 3319 3526 3329 3509 3319 3521 3324 3526 3329 3519 3322 3504 3321 3526 3329 3521 3324 3519 3322 3527 3332 3516 3316 3505 3317 3527 3332 3505 3317 3517 3318 3527 3332 3524 3327 3516 3316 3527 3332 3517 3318 3524 3327 3541 3333 3536 3334 3535 3335 3541 3333 3537 3336 3536 3334 3542 3337 3537 3336 3541 3333 3543 3338 3535 3335 3534 3339 3543 3338 3541 3333 3535 3335 3544 3340 3541 3333 3543 3338 3544 3340 3542 3337 3541 3333 3545 3341 3533 3342 3532 3343 3545 3341 3534 3339 3533 3342 3545 3341 3543 3338 3534 3339 3546 3344 3532 3343 3531 3345 3546 3344 3545 3341 3532 3343 3546 3344 3543 3338 3545 3341 3546 3344 3544 3340 3543 3338 3547 3346 3538 3347 3537 3336 3547 3346 3537 3336 3542 3337 3548 3348 3547 3346 3542 3337 3548 3348 3542 3337 3544 3340 3549 3349 3538 3347 3547 3346 3550 3350 3544 3340 3546 3344 3550 3350 3546 3344 3531 3345 3550 3350 3548 3348 3544 3340 3551 3351 3547 3346 3548 3348 3551 3351 3549 3349 3547 3346 3552 3352 3539 3353 3538 3347 3552 3352 3538 3347 3549 3349 3553 3354 3531 3345 3530 3355 3553 3354 3550 3350 3531 3345 3553 3354 3548 3348 3550 3350 3553 3354 3551 3351 3548 3348 3554 3356 3549 3349 3551 3351 3554 3356 3552 3352 3549 3349 3555 3357 3540 3358 3539 3353 3555 3357 3539 3353 3552 3352 3556 3359 3553 3354 3530 3355 3556 3359 3551 3351 3553 3354 3556 3359 3554 3356 3551 3351 3557 3360 3528 3361 3540 3358 3557 3360 3552 3352 3554 3356 3557 3360 3540 3358 3555 3357 3557 3360 3555 3357 3552 3352 3558 3362 3529 3363 3528 3361 3558 3362 3530 3355 3529 3363 3558 3362 3528 3361 3557 3360 3558 3362 3556 3359 3530 3355 3558 3362 3554 3356 3556 3359 3558 3362 3557 3360 3554 3356 3570 3364 3564 3365 3565 3366 3571 3367 3563 3368 3564 3365 3572 3369 3567 3370 3568 3371 3572 3369 3573 3372 3562 3373 3574 3374 3561 3375 3562 3373 3574 3374 3562 3373 3573 3372 3575 3376 3574 3374 3573 3372 3575 3376 3572 3369 3568 3371 3575 3376 3573 3372 3572 3369 3576 3377 3566 3378 3567 3370 3576 3377 3571 3367 3564 3365 3577 3379 3576 3377 3567 3370 3577 3379 3567 3370 3563 3368 3577 3379 3563 3368 3571 3367 3577 3379 3571 3367 3576 3377 3578 3380 3562 3373 3563 3368 3578 3380 3567 3370 3572 3369 3578 3380 3563 3368 3567 3370 3578 3380 3572 3369 3562 3373 3579 3381 3574 3374 3575 3376 3579 3381 3561 3375 3574 3374 3579 3381 3568 3371 3561 3375 3579 3381 3575 3376 3568 3371 3580 3382 3560 3383 3561 3375 3580 3382 3581 3384 3560 3383 3582 3385 3561 3375 3568 3371 3582 3385 3580 3382 3561 3375 3582 3385 3581 3384 3580 3382 3583 3386 3568 3371 3569 3387 3583 3386 3560 3383 3581 3384 3583 3386 3582 3385 3568 3371 3583 3386 3581 3384 3582 3385 3583 3386 3584 3388 3560 3383 3583 3386 3585 3389 3584 3388 3586 3390 3559 3391 3560 3383 3586 3390 3569 3387 3559 3391 3586 3390 3560 3383 3584 3388 3586 3390 3584 3388 3585 3389 3587 3392 3583 3386 3569 3387 3587 3392 3585 3389 3583 3386 3587 3392 3569 3387 3586 3390 3587 3392 3586 3390 3585 3389 3588 3393 3564 3365 3570 3364 3588 3393 3576 3377 3564 3365 3589 3394 3566 3378 3576 3377 3589 3394 3588 3393 3570 3364 3589 3394 3576 3377 3588 3393 3590 3395 3565 3366 3566 3378 3590 3395 3570 3364 3565 3366 3590 3395 3566 3378 3589 3394 3590 3395 3589 3394 3570 3364 3599 3396 3600 3397 3601 3398 3598 3399 3601 3398 3602 3400 3598 3399 3599 3396 3601 3398 3597 3401 3602 3400 3603 3402 3597 3401 3598 3399 3602 3400 3596 3403 3603 3402 3604 3404 3596 3403 3597 3401 3603 3402 3595 3405 3596 3403 3604 3404 3605 3406 3595 3405 3604 3404 3594 3407 3605 3406 3606 3408 3594 3407 3606 3408 3607 3409 3594 3407 3595 3405 3605 3406 3593 3410 3594 3407 3607 3409 3592 3411 3607 3409 3608 3412 3592 3411 3593 3410 3607 3409 3591 3413 3608 3412 3609 3414 3591 3413 3592 3411 3608 3412 3630 3415 3591 3413 3609 3414 3629 3416 3630 3415 3609 3414 3628 3417 3629 3416 3609 3414 3610 3418 3627 3419 3628 3417 3610 3418 3628 3417 3609 3414 3626 3420 3627 3419 3610 3418 3625 3421 3610 3418 3611 3422 3625 3421 3611 3422 3612 3423 3625 3421 3626 3420 3610 3418 3624 3424 3612 3423 3613 3425 3624 3424 3625 3421 3612 3423 3623 3426 3624 3424 3613 3425 3623 3426 3613 3425 3614 3427 3622 3428 3623 3426 3614 3427 3622 3428 3614 3427 3615 3429 3621 3430 3622 3428 3615 3429 3621 3430 3615 3429 3616 3431 3621 3430 3616 3431 3617 3432 3618 3433 3621 3430 3617 3432 3620 3434 3621 3430 3618 3433 3620 3434 3618 3433 3619 3435 3634 3436 3633 3437 3635 3438 3633 3437 3632 3439 3635 3438 3632 3439 3631 3440 3635 3438 3638 3441 3637 3442 3631 3440 3637 3442 3636 3443 3631 3440 3636 3443 3635 3438 3631 3440 3654 3444 3656 3445 3655 3446 3658 3447 3657 3448 3656 3445 3658 3447 3656 3445 3654 3444 3653 3449 3658 3447 3654 3444 3659 3450 3658 3447 3653 3449 3652 3451 3659 3450 3653 3449 3660 3452 3659 3450 3652 3451 3649 3453 3651 3454 3650 3455 3648 3456 3651 3454 3649 3453 3647 3457 3652 3451 3651 3454 3647 3457 3660 3452 3652 3451 3647 3457 3651 3454 3648 3456 3641 3458 3642 3459 3660 3452 3640 3460 3660 3452 3647 3457 3640 3460 3641 3458 3660 3452 3646 3461 3640 3460 3647 3457 3639 3462 3640 3460 3646 3461 3643 3463 3639 3462 3646 3461 3645 3464 3643 3463 3646 3461 3644 3465 3643 3463 3645 3464 3662 3466 3663 3467 3664 3468 3662 3466 3664 3468 3665 3469 3671 3470 3668 3471 3669 3472 3671 3470 3669 3472 3670 3473 3696 3474 3661 3475 3662 3466 3674 3476 3672 3477 3673 3478 3693 3479 3694 3480 3695 3481 3693 3479 3695 3481 3696 3474 3675 3482 3672 3477 3674 3476 3677 3483 3675 3482 3676 3484 3690 3485 3665 3469 3666 3486 3690 3485 3691 3487 3692 3488 3690 3485 3692 3488 3693 3479 3690 3485 3696 3474 3662 3466 3690 3485 3662 3466 3665 3469 3690 3485 3693 3479 3696 3474 3679 3489 3677 3483 3678 3490 3688 3491 3666 3486 3667 3492 3688 3491 3689 3493 3690 3485 3688 3491 3690 3485 3666 3486 3680 3494 3675 3482 3677 3483 3680 3494 3677 3483 3679 3489 3687 3495 3667 3492 3668 3471 3687 3495 3688 3491 3667 3492 3682 3496 3680 3494 3681 3497 3682 3496 3675 3482 3680 3494 3685 3498 3671 3470 3672 3477 3685 3498 3686 3499 3687 3495 3685 3498 3687 3495 3668 3471 3685 3498 3668 3471 3671 3470 3685 3498 3672 3477 3675 3482 3684 3500 3685 3498 3675 3482 3684 3500 3675 3482 3682 3496 3684 3500 3682 3496 3683 3501 3734 3502 3736 3503 3735 3504 3733 3505 3737 3506 3736 3503 3733 3505 3736 3503 3734 3502 3732 3507 3738 3508 3737 3506 3732 3507 3737 3506 3733 3505 3731 3509 3739 3510 3738 3508 3731 3509 3738 3508 3732 3507 3730 3511 3740 3512 3739 3510 3730 3511 3739 3510 3731 3509 3729 3513 3741 3514 3740 3512 3729 3513 3740 3512 3730 3511 3728 3515 3741 3514 3729 3513 3728 3515 3742 3516 3741 3514 3727 3517 3742 3516 3728 3515 3727 3517 3743 3518 3742 3516 3726 3519 3743 3518 3727 3517 3726 3519 3744 3520 3743 3518 3725 3521 3744 3520 3726 3519 3725 3521 3745 3522 3744 3520 3724 3523 3745 3522 3725 3521 3724 3523 3746 3524 3745 3522 3723 3525 3746 3524 3724 3523 3723 3525 3747 3526 3746 3524 3722 3527 3747 3526 3723 3525 3722 3527 3748 3528 3747 3526 3721 3529 3748 3528 3722 3527 3721 3529 3749 3530 3748 3528 3720 3531 3749 3530 3721 3529 3720 3531 3750 3532 3749 3530 3719 3533 3750 3532 3720 3531 3719 3533 3751 3534 3750 3532 3718 3535 3751 3534 3719 3533 3718 3535 3752 3536 3751 3534 3717 3537 3752 3536 3718 3535 3717 3537 3753 3538 3752 3536 3716 3539 3753 3538 3717 3537 3716 3539 3754 3540 3753 3538 3715 3541 3754 3540 3716 3539 3715 3541 3755 3542 3754 3540 3714 3543 3756 3544 3755 3542 3714 3543 3755 3542 3715 3541 3713 3545 3756 3544 3714 3543 3712 3546 3756 3544 3713 3545 3712 3546 3757 3547 3756 3544 3712 3546 3758 3548 3757 3547 3711 3549 3758 3548 3712 3546 3710 3550 3759 3551 3758 3548 3710 3550 3760 3552 3759 3551 3710 3550 3758 3548 3711 3549 3709 3553 3760 3552 3710 3550 3708 3554 3761 3555 3760 3552 3708 3554 3762 3556 3761 3555 3708 3554 3760 3552 3709 3553 3707 3557 3762 3556 3708 3554 3706 3558 3763 3559 3762 3556 3706 3558 3764 3560 3763 3559 3706 3558 3762 3556 3707 3557 3705 3561 3765 3562 3764 3560 3705 3561 3764 3560 3706 3558 3704 3563 3765 3562 3705 3561 3703 3564 3765 3562 3704 3563 3703 3564 3766 3565 3765 3562 3703 3564 3767 3566 3766 3565 3702 3567 3767 3566 3703 3564 3701 3568 3767 3566 3702 3567 3701 3568 3768 3569 3767 3566 3701 3568 3769 3570 3768 3569 3700 3571 3769 3570 3701 3568 3699 3572 3769 3570 3700 3571 3699 3572 3770 3573 3769 3570 3698 3574 3770 3573 3699 3572 3698 3574 3697 3575 3770 3573 3776 3576 3771 3577 3775 3578 3776 3576 3774 3579 3773 3580 3776 3576 3773 3580 3772 3581 3776 3576 3772 3581 3771 3577 3797 3582 3787 3583 3786 3584 3797 3582 3788 3585 3787 3583 3797 3582 3789 3586 3788 3585 3798 3587 3790 3588 3789 3586 3798 3587 3791 3589 3790 3588 3798 3587 3789 3586 3797 3582 3799 3590 3797 3582 3786 3584 3800 3591 3792 3592 3791 3589 3800 3591 3793 3593 3792 3592 3800 3591 3791 3589 3798 3587 3801 3594 3798 3587 3797 3582 3801 3594 3797 3582 3799 3590 3802 3595 3799 3590 3786 3584 3803 3596 3794 3597 3793 3593 3803 3596 3795 3598 3794 3597 3803 3596 3796 3599 3795 3598 3803 3596 3793 3593 3800 3591 3804 3600 3800 3591 3798 3587 3804 3600 3803 3596 3800 3591 3804 3600 3798 3587 3801 3594 3805 3601 3804 3600 3801 3594 3805 3601 3799 3590 3802 3595 3805 3601 3801 3594 3799 3590 3806 3602 3805 3601 3802 3595 3806 3602 3802 3595 3786 3584 3807 3603 3777 3604 3796 3599 3807 3603 3803 3596 3804 3600 3807 3603 3796 3599 3803 3596 3808 3605 3804 3600 3805 3601 3809 3606 3805 3601 3806 3602 3810 3607 3786 3584 3785 3608 3810 3607 3806 3602 3786 3584 3811 3609 3777 3604 3807 3603 3811 3609 3807 3603 3804 3600 3811 3609 3804 3600 3808 3605 3812 3610 3778 3611 3777 3604 3812 3610 3808 3605 3805 3601 3812 3610 3777 3604 3811 3609 3812 3610 3805 3601 3809 3606 3812 3610 3811 3609 3808 3605 3813 3612 3809 3606 3806 3602 3813 3612 3806 3602 3810 3607 3814 3613 3810 3607 3785 3608 3815 3614 3779 3615 3778 3611 3815 3614 3778 3611 3812 3610 3815 3614 3812 3610 3809 3606 3815 3614 3809 3606 3813 3612 3816 3616 3779 3615 3815 3614 3816 3616 3813 3612 3810 3607 3816 3616 3810 3607 3814 3613 3816 3616 3815 3614 3813 3612 3817 3617 3814 3613 3785 3608 3818 3618 3780 3619 3779 3615 3818 3618 3779 3615 3816 3616 3818 3618 3816 3616 3814 3613 3818 3618 3814 3613 3817 3617 3819 3620 3818 3618 3817 3617 3819 3620 3781 3621 3780 3619 3819 3620 3782 3622 3781 3621 3819 3620 3783 3623 3782 3622 3819 3620 3784 3624 3783 3623 3819 3620 3785 3608 3784 3624 3819 3620 3817 3617 3785 3608 3819 3620 3780 3619 3818 3618 3850 3625 3840 3626 3839 3627 3850 3625 3841 3628 3840 3626 3850 3625 3842 3629 3841 3628 3851 3630 3843 3631 3842 3629 3851 3630 3844 3632 3843 3631 3851 3630 3842 3629 3850 3625 3852 3633 3850 3625 3839 3627 3853 3634 3845 3635 3844 3632 3853 3634 3846 3636 3845 3635 3853 3634 3844 3632 3851 3630 3854 3637 3850 3625 3852 3633 3854 3637 3851 3630 3850 3625 3855 3638 3839 3627 3838 3639 3855 3638 3852 3633 3839 3627 3856 3640 3847 3641 3846 3636 3856 3640 3848 3642 3847 3641 3856 3640 3849 3643 3848 3642 3856 3640 3846 3636 3853 3634 3857 3644 3856 3640 3853 3634 3857 3644 3853 3634 3851 3630 3857 3644 3851 3630 3854 3637 3858 3645 3857 3644 3854 3637 3858 3645 3852 3633 3855 3638 3858 3645 3854 3637 3852 3633 3859 3646 3855 3638 3838 3639 3860 3647 3849 3643 3856 3640 3860 3647 3856 3640 3857 3644 3861 3648 3857 3644 3858 3645 3862 3649 3858 3645 3855 3638 3862 3649 3855 3638 3859 3646 3863 3650 3859 3646 3838 3639 3863 3650 3862 3649 3859 3646 3864 3651 3849 3643 3860 3647 3864 3651 3857 3644 3861 3648 3864 3651 3860 3647 3857 3644 3865 3652 3861 3648 3858 3645 3865 3652 3858 3645 3862 3649 3866 3653 3862 3649 3863 3650 3867 3654 3863 3650 3838 3639 3868 3655 3861 3648 3865 3652 3868 3655 3849 3643 3864 3651 3868 3655 3864 3651 3861 3648 3869 3656 3865 3652 3862 3649 3869 3656 3862 3649 3866 3653 3870 3657 3863 3650 3867 3654 3870 3657 3866 3653 3863 3650 3870 3657 3869 3656 3866 3653 3871 3658 3867 3654 3838 3639 3871 3658 3838 3639 3837 3659 3872 3660 3865 3652 3869 3656 3872 3660 3849 3643 3868 3655 3872 3660 3820 3661 3849 3643 3872 3660 3868 3655 3865 3652 3873 3662 3869 3656 3870 3657 3874 3663 3873 3662 3870 3657 3874 3663 3870 3657 3867 3654 3874 3663 3867 3654 3871 3658 3875 3664 3837 3659 3836 3665 3875 3664 3871 3658 3837 3659 3875 3664 3874 3663 3871 3658 3876 3666 3872 3660 3869 3656 3876 3666 3820 3661 3872 3660 3876 3666 3869 3656 3873 3662 3877 3667 3873 3662 3874 3663 3878 3668 3835 3669 3834 3670 3878 3668 3836 3665 3835 3669 3878 3668 3874 3663 3875 3664 3878 3668 3875 3664 3836 3665 3879 3671 3876 3666 3873 3662 3879 3671 3873 3662 3877 3667 3879 3671 3820 3661 3876 3666 3880 3672 3874 3663 3878 3668 3880 3672 3877 3667 3874 3663 3881 3673 3879 3671 3877 3667 3881 3673 3820 3661 3879 3671 3881 3673 3877 3667 3880 3672 3882 3674 3830 3675 3829 3676 3882 3674 3831 3677 3830 3675 3882 3674 3832 3678 3831 3677 3882 3674 3833 3679 3832 3678 3882 3674 3834 3670 3833 3679 3882 3674 3878 3668 3834 3670 3882 3674 3881 3673 3880 3672 3882 3674 3880 3672 3878 3668 3883 3680 3821 3681 3820 3661 3883 3680 3822 3682 3821 3681 3883 3680 3823 3683 3822 3682 3883 3680 3824 3684 3823 3683 3883 3680 3825 3685 3824 3684 3883 3680 3826 3686 3825 3685 3883 3680 3827 3687 3826 3686 3883 3680 3828 3688 3827 3687 3883 3680 3829 3676 3828 3688 3883 3680 3882 3674 3829 3676 3883 3680 3820 3661 3881 3673 3883 3680 3881 3673 3882 3674 3887 3689 3884 3690 3886 3691 3885 3692 3884 3690 3887 3689 3893 3693 3888 3694 3892 3695 3893 3693 3891 3696 3890 3697 3893 3693 3890 3697 3889 3698 3893 3693 3889 3698 3888 3694 3923 3699 3913 3700 3912 3701 3923 3699 3914 3702 3913 3700 3923 3699 3915 3703 3914 3702 3924 3704 3916 3705 3915 3703 3924 3704 3917 3706 3916 3705 3924 3704 3915 3703 3923 3699 3925 3707 3924 3704 3923 3699 3925 3707 3923 3699 3912 3701 3926 3708 3918 3709 3917 3706 3926 3708 3919 3710 3918 3709 3926 3708 3917 3706 3924 3704 3927 3711 3924 3704 3925 3707 3928 3712 3925 3707 3912 3701 3929 3713 3920 3714 3919 3710 3929 3713 3921 3715 3920 3714 3929 3713 3922 3716 3921 3715 3929 3713 3919 3710 3926 3708 3930 3717 3924 3704 3927 3711 3930 3717 3926 3708 3924 3704 3930 3717 3929 3713 3926 3708 3931 3718 3927 3711 3925 3707 3931 3718 3925 3707 3928 3712 3932 3719 3928 3712 3912 3701 3932 3719 3931 3718 3928 3712 3933 3720 3929 3713 3930 3717 3933 3720 3922 3716 3929 3713 3934 3721 3930 3717 3927 3711 3934 3721 3933 3720 3930 3717 3934 3721 3927 3711 3931 3718 3935 3722 3931 3718 3932 3719 3936 3723 3912 3701 3911 3724 3936 3723 3932 3719 3912 3701 3937 3725 3894 3726 3922 3716 3937 3725 3933 3720 3934 3721 3937 3725 3922 3716 3933 3720 3938 3727 3934 3721 3931 3718 3938 3727 3931 3718 3935 3722 3938 3727 3937 3725 3934 3721 3939 3728 3935 3722 3932 3719 3939 3728 3932 3719 3936 3723 3940 3729 3939 3728 3936 3723 3940 3729 3936 3723 3911 3724 3941 3730 3937 3725 3938 3727 3941 3730 3894 3726 3937 3725 3942 3731 3938 3727 3935 3722 3942 3731 3935 3722 3939 3728 3943 3732 3939 3728 3940 3729 3944 3733 3940 3729 3911 3724 3945 3734 3894 3726 3941 3730 3945 3734 3938 3727 3942 3731 3945 3734 3941 3730 3938 3727 3946 3735 3942 3731 3939 3728 3946 3735 3939 3728 3943 3732 3947 3736 3943 3732 3940 3729 3947 3736 3940 3729 3944 3733 3948 3737 3944 3733 3911 3724 3949 3738 3894 3726 3945 3734 3949 3738 3945 3734 3942 3731 3949 3738 3942 3731 3946 3735 3950 3739 3946 3735 3943 3732 3950 3739 3943 3732 3947 3736 3951 3740 3947 3736 3944 3733 3951 3740 3944 3733 3948 3737 3952 3741 3901 3742 3900 3743 3952 3741 3902 3744 3901 3742 3952 3741 3903 3745 3902 3744 3952 3741 3904 3746 3903 3745 3952 3741 3905 3747 3904 3746 3952 3741 3906 3748 3905 3747 3952 3741 3907 3749 3906 3748 3952 3741 3908 3750 3907 3749 3952 3741 3909 3751 3908 3750 3952 3741 3910 3752 3909 3751 3952 3741 3911 3724 3910 3752 3952 3741 3948 3737 3911 3724 3953 3753 3895 3754 3894 3726 3953 3753 3950 3739 3895 3754 3953 3753 3894 3726 3949 3738 3953 3753 3949 3738 3946 3735 3953 3753 3946 3735 3950 3739 3954 3755 3896 3756 3895 3754 3954 3755 3897 3757 3896 3756 3954 3755 3895 3754 3950 3739 3954 3755 3950 3739 3947 3736 3954 3755 3947 3736 3951 3740 3955 3758 3898 3759 3897 3757 3955 3758 3899 3760 3898 3759 3955 3758 3900 3743 3899 3760 3955 3758 3897 3757 3954 3755 3955 3758 3951 3740 3948 3737 3955 3758 3948 3737 3952 3741 3955 3758 3954 3755 3951 3740 3955 3758 3952 3741 3900 3743 3977 3761 3967 3762 3966 3763 3977 3761 3968 3764 3967 3762 3977 3761 3969 3765 3968 3764 3978 3766 3970 3767 3969 3765 3978 3766 3971 3768 3970 3767 3978 3766 3969 3765 3977 3761 3979 3769 3966 3763 3965 3770 3979 3769 3977 3761 3966 3763 3980 3771 3972 3772 3971 3768 3980 3771 3973 3773 3972 3772 3980 3771 3971 3768 3978 3766 3981 3774 3978 3766 3977 3761 3981 3774 3977 3761 3979 3769 3982 3775 3979 3769 3965 3770 3983 3776 3974 3777 3973 3773 3983 3776 3975 3778 3974 3777 3983 3776 3976 3779 3975 3778 3983 3776 3973 3773 3980 3771 3984 3780 3980 3771 3978 3766 3984 3780 3983 3776 3980 3771 3984 3780 3978 3766 3981 3774 3985 3781 3979 3769 3982 3775 3985 3781 3981 3774 3979 3769 3986 3782 3965 3770 3964 3783 3986 3782 3982 3775 3965 3770 3987 3784 3976 3779 3983 3776 3987 3784 3983 3776 3984 3780 3988 3785 3981 3774 3985 3781 3988 3785 3984 3780 3981 3774 3988 3785 3987 3784 3984 3780 3989 3786 3985 3781 3982 3775 3989 3786 3986 3782 3964 3783 3989 3786 3982 3775 3986 3782 3989 3786 3988 3785 3985 3781 3990 3787 3976 3779 3987 3784 3990 3787 3987 3784 3988 3785 3991 3788 3988 3785 3989 3786 3992 3789 3964 3783 3963 3790 3992 3789 3989 3786 3964 3783 3993 3791 3976 3779 3990 3787 3993 3791 3990 3787 3988 3785 3993 3791 3988 3785 3991 3788 3994 3792 3991 3788 3989 3786 3994 3792 3989 3786 3992 3789 3995 3793 3956 3794 3976 3779 3995 3793 3976 3779 3993 3791 3995 3793 3993 3791 3991 3788 3995 3793 3991 3788 3994 3792 3996 3795 3963 3790 3962 3796 3996 3795 3992 3789 3963 3790 3996 3795 3994 3792 3992 3789 3996 3795 3995 3793 3994 3792 3997 3797 3956 3794 3995 3793 3997 3797 3995 3793 3996 3795 3998 3798 3962 3796 3961 3799 3998 3798 3996 3795 3962 3796 3998 3798 3997 3797 3996 3795 3999 3800 3956 3794 3997 3797 3999 3800 3997 3797 3998 3798 3999 3800 3998 3798 3961 3799 4000 3801 3957 3802 3956 3794 4000 3801 3958 3803 3957 3802 4000 3801 3961 3799 3960 3804 4000 3801 3999 3800 3961 3799 4000 3801 3956 3794 3999 3800 4001 3805 3959 3806 3958 3803 4001 3805 3960 3804 3959 3806 4001 3805 4000 3801 3960 3804 4001 3805 3958 3803 4000 3801 4057 3807 4015 3808 4016 3809 4056 3810 4016 3809 4017 3811 4056 3810 4057 3807 4016 3809 4058 3812 4013 3813 4014 3814 4058 3812 4014 3814 4015 3808 4058 3812 4015 3808 4057 3807 4055 3815 4017 3811 4018 3816 4055 3815 4056 3810 4017 3811 4059 3817 4012 3818 4013 3813 4059 3817 4013 3813 4058 3812 4054 3819 4018 3816 4019 3820 4054 3819 4055 3815 4018 3816 4060 3821 4011 3822 4012 3818 4060 3821 4012 3818 4059 3817 4053 3823 4019 3820 4020 3824 4053 3823 4054 3819 4019 3820 4025 3825 4011 3822 4060 3821 4025 3825 4010 3826 4011 3822 4052 3827 4020 3824 4021 3828 4052 3827 4053 3823 4020 3824 4026 3829 4009 3830 4010 3826 4026 3829 4010 3826 4025 3825 4051 3831 4021 3828 4022 3832 4051 3831 4052 3827 4021 3828 4027 3833 4009 3830 4026 3829 4027 3833 4008 3834 4009 3830 4050 3835 4022 3832 4023 3836 4050 3835 4051 3831 4022 3832 4028 3837 4007 3838 4008 3834 4028 3837 4008 3834 4027 3833 4049 3839 4050 3835 4023 3836 4049 3839 4023 3836 4024 3840 4029 3841 4006 3842 4007 3838 4029 3841 4007 3838 4028 3837 4048 3843 4049 3839 4024 3840 4030 3844 4006 3842 4029 3841 4047 3845 4048 3843 4024 3840 4005 3846 4006 3842 4030 3844 4031 3847 4005 3846 4030 3844 4046 3848 4047 3845 4024 3840 4045 3849 4046 3848 4024 3840 4004 3850 4031 3847 4032 3851 4004 3850 4005 3846 4031 3847 4033 3852 4004 3850 4032 3851 4003 3853 4033 3852 4034 3854 4003 3853 4034 3854 4035 3855 4003 3853 4035 3855 4036 3856 4003 3853 4036 3856 4037 3857 4003 3853 4037 3857 4038 3858 4003 3853 4038 3858 4039 3859 4003 3853 4004 3850 4033 3852 4002 3860 4039 3859 4040 3861 4002 3860 4040 3861 4041 3862 4002 3860 4041 3862 4042 3863 4002 3860 4042 3863 4043 3864 4002 3860 4043 3864 4044 3865 4002 3860 4044 3865 4045 3849 4002 3860 4045 3849 4024 3840 4002 3860 4003 3853 4039 3859 4066 3866 4064 3867 4065 3868 4063 3869 4064 3867 4066 3866 4062 3870 4063 3869 4066 3866 4061 3871 4063 3869 4062 3870 4101 3872 4083 3873 4084 3874 4101 3872 4084 3874 4085 3875 4101 3872 4085 3875 4071 3876 4102 3877 4081 3878 4082 3879 4102 3877 4082 3879 4083 3873 4102 3877 4083 3873 4101 3872 4103 3880 4071 3876 4070 3881 4103 3880 4101 3872 4071 3876 4104 3882 4079 3883 4080 3884 4104 3882 4080 3884 4081 3878 4104 3882 4081 3878 4102 3877 4105 3885 4101 3872 4103 3880 4105 3885 4102 3877 4101 3872 4106 3886 4103 3880 4070 3881 4107 3887 4077 3888 4078 3889 4107 3887 4078 3889 4079 3883 4107 3887 4079 3883 4104 3882 4108 3890 4104 3882 4102 3877 4108 3890 4102 3877 4105 3885 4108 3890 4107 3887 4104 3882 4109 3891 4103 3880 4106 3886 4109 3891 4105 3885 4103 3880 4110 3892 4070 3881 4069 3893 4110 3892 4106 3886 4070 3881 4111 3894 4075 3895 4076 3896 4111 3894 4076 3896 4077 3888 4111 3894 4077 3888 4107 3887 4112 3897 4107 3887 4108 3890 4113 3898 4108 3890 4105 3885 4113 3898 4105 3885 4109 3891 4114 3899 4106 3886 4110 3892 4114 3899 4109 3891 4106 3886 4115 3900 4072 3901 4073 3902 4115 3900 4073 3902 4074 3903 4115 3900 4074 3903 4075 3895 4115 3900 4075 3895 4111 3894 4116 3904 4069 3893 4068 3905 4116 3904 4110 3892 4069 3893 4117 3906 4111 3894 4107 3887 4117 3906 4107 3887 4112 3897 4118 3907 4117 3906 4112 3897 4118 3907 4108 3890 4113 3898 4118 3907 4112 3897 4108 3890 4119 3908 4109 3891 4114 3899 4119 3908 4113 3898 4109 3891 4120 3909 4110 3892 4116 3904 4120 3909 4114 3899 4110 3892 4120 3909 4116 3904 4068 3905 4121 3910 4072 3901 4115 3900 4121 3910 4115 3900 4111 3894 4121 3910 4111 3894 4117 3906 4122 3911 4117 3906 4118 3907 4123 3912 4118 3907 4113 3898 4123 3912 4122 3911 4118 3907 4123 3912 4113 3898 4119 3908 4124 3913 4114 3899 4120 3909 4124 3913 4119 3908 4114 3899 4125 3914 4120 3909 4068 3905 4126 3915 4072 3901 4121 3910 4126 3915 4121 3910 4117 3906 4126 3915 4117 3906 4122 3911 4127 3916 4122 3911 4123 3912 4128 3917 4123 3912 4119 3908 4128 3917 4119 3908 4124 3913 4129 3918 4124 3913 4120 3909 4129 3918 4120 3909 4125 3914 4130 3919 4068 3905 4067 3920 4130 3919 4125 3914 4068 3905 4130 3919 4067 3920 4100 3921 4131 3922 4086 3923 4072 3901 4131 3922 4072 3901 4126 3915 4131 3922 4126 3915 4122 3911 4131 3922 4122 3911 4127 3916 4132 3924 4127 3916 4123 3912 4132 3924 4123 3912 4128 3917 4133 3925 4128 3917 4124 3913 4133 3925 4124 3913 4129 3918 4134 3926 4100 3921 4087 3927 4134 3926 4125 3914 4130 3919 4134 3926 4133 3925 4129 3918 4134 3926 4129 3918 4125 3914 4134 3926 4130 3919 4100 3921 4135 3928 4086 3923 4131 3922 4135 3928 4131 3922 4127 3916 4135 3928 4127 3916 4132 3924 4136 3929 4132 3924 4128 3917 4136 3929 4128 3917 4133 3925 4137 3930 4133 3925 4134 3926 4138 3931 4087 3927 4088 3932 4138 3931 4134 3926 4087 3927 4139 3933 4135 3928 4132 3924 4139 3933 4132 3924 4136 3929 4139 3933 4086 3923 4135 3928 4140 3934 4133 3925 4137 3930 4140 3934 4136 3929 4133 3925 4141 3935 4088 3932 4089 3936 4141 3935 4089 3936 4090 3937 4141 3935 4137 3930 4134 3926 4141 3935 4138 3931 4088 3932 4141 3935 4134 3926 4138 3931 4142 3938 4086 3923 4139 3933 4142 3938 4139 3933 4136 3929 4142 3938 4136 3929 4140 3934 4143 3939 4090 3937 4091 3940 4143 3939 4091 3940 4092 3941 4143 3939 4092 3941 4093 3942 4143 3939 4093 3942 4094 3943 4143 3939 4141 3935 4090 3937 4143 3939 4140 3934 4137 3930 4143 3939 4137 3930 4141 3935 4143 3939 4142 3938 4140 3934 4144 3944 4142 3938 4143 3939 4144 3944 4094 3943 4095 3945 4144 3944 4095 3945 4096 3946 4144 3944 4096 3946 4097 3947 4144 3944 4097 3947 4098 3948 4144 3944 4098 3948 4099 3949 4144 3944 4099 3949 4086 3923 4144 3944 4086 3923 4142 3938 4144 3944 4143 3939 4094 3943 4158 3950 4150 3951 4151 3952 4158 3950 4151 3952 4145 3953 4159 3954 4147 3955 4148 3956 4159 3954 4148 3956 4149 3957 4159 3954 4149 3957 4150 3951 4159 3954 4150 3951 4158 3950 4160 3958 4158 3950 4145 3953 4161 3959 4158 3950 4160 3958 4161 3959 4147 3955 4159 3954 4161 3959 4159 3954 4158 3950 4162 3960 4160 3958 4145 3953 4163 3961 4161 3959 4160 3958 4163 3961 4160 3958 4162 3960 4163 3961 4147 3955 4161 3959 4164 3962 4145 3953 4146 3963 4164 3962 4162 3960 4145 3953 4164 3962 4163 3961 4162 3960 4165 3964 4152 3965 4147 3955 4165 3964 4147 3955 4163 3961 4165 3964 4163 3961 4164 3962 4166 3966 4164 3962 4146 3963 4167 3967 4152 3965 4165 3964 4167 3967 4165 3964 4164 3962 4167 3967 4164 3962 4166 3966 4168 3968 4166 3966 4146 3963 4169 3969 4152 3965 4167 3967 4169 3969 4167 3967 4166 3966 4169 3969 4166 3966 4168 3968 4170 3970 4168 3968 4146 3963 4171 3971 4157 3972 4152 3965 4171 3971 4152 3965 4169 3969 4171 3971 4169 3969 4168 3968 4171 3971 4168 3968 4170 3970 4172 3973 4146 3963 4153 3974 4172 3973 4153 3974 4154 3975 4172 3973 4154 3975 4155 3976 4172 3973 4170 3970 4146 3963 4172 3973 4171 3971 4170 3970 4173 3977 4155 3976 4156 3978 4173 3977 4156 3978 4157 3972 4173 3977 4172 3973 4155 3976 4173 3977 4157 3972 4171 3971 4173 3977 4171 3971 4172 3973 4184 3979 4174 3980 4178 3981 4185 3982 4178 3981 4179 3983 4186 3984 4175 3985 4174 3980 4186 3984 4176 3986 4175 3985 4186 3984 4177 3987 4176 3986 4186 3984 4174 3980 4184 3979 4187 3988 4179 3983 4180 3989 4187 3988 4180 3989 4181 3990 4188 3991 4185 3982 4179 3983 4188 3991 4179 3983 4187 3988 4189 3992 4184 3979 4178 3981 4189 3992 4178 3981 4185 3982 4190 3993 4188 3991 4187 3988 4191 3994 4181 3990 4182 3995 4191 3994 4187 3988 4181 3990 4192 3996 4184 3979 4189 3992 4192 3996 4177 3987 4186 3984 4192 3996 4186 3984 4184 3979 4193 3997 4185 3982 4188 3991 4193 3997 4189 3992 4185 3982 4194 3998 4183 3999 4177 3987 4194 3998 4177 3987 4192 3996 4194 3998 4192 3996 4189 3992 4194 3998 4189 3992 4193 3997 4195 4000 4188 3991 4190 3993 4195 4000 4193 3997 4188 3991 4196 4001 4182 3995 4183 3999 4196 4001 4191 3994 4182 3995 4196 4001 4195 4000 4190 3993 4196 4001 4190 3993 4187 3988 4196 4001 4187 3988 4191 3994 4197 4002 4183 3999 4194 3998 4197 4002 4194 3998 4193 3997 4197 4002 4193 3997 4195 4000 4198 4003 4196 4001 4183 3999 4198 4003 4195 4000 4196 4001 4199 4004 4197 4002 4195 4000 4199 4004 4183 3999 4197 4002 4199 4004 4198 4003 4183 3999 4199 4004 4195 4000 4198 4003 4202 4005 4200 4006 4201 4007 4215 4008 4216 4009 4229 4010 4214 4011 4215 4008 4228 4012 4213 4013 4214 4011 4226 4014 4212 4015 4213 4013 4225 4016 4211 4017 4212 4015 4224 4018 4209 4019 4210 4020 4221 4021 4208 4022 4209 4019 4220 4023 4207 4024 4208 4022 4234 4025 4206 4026 4233 4027 4232 4028 4206 4026 4232 4028 4235 4029 4206 4026 4207 4024 4233 4027 4205 4030 4206 4026 4235 4029 4204 4031 4205 4030 4235 4029 4203 4032 4204 4031 4235 4029 4236 4033 4217 4034 4218 4035 4236 4033 4218 4035 4219 4036 4236 4033 4219 4036 4231 4037 4236 4033 4231 4037 4217 4034 4237 4038 4216 4009 4217 4034 4237 4038 4231 4037 4230 4039 4237 4038 4217 4034 4231 4037 4237 4038 4230 4039 4216 4009 4238 4040 4230 4039 4229 4010 4238 4040 4216 4009 4230 4039 4238 4040 4229 4010 4216 4009 4239 4041 4229 4010 4228 4012 4239 4041 4215 4008 4229 4010 4239 4041 4228 4012 4215 4008 4240 4042 4227 4043 4226 4014 4240 4042 4228 4012 4227 4043 4240 4042 4214 4011 4228 4012 4240 4042 4226 4014 4214 4011 4241 4044 4226 4014 4225 4016 4241 4044 4213 4013 4226 4014 4241 4044 4225 4016 4213 4013 4242 4045 4225 4016 4224 4018 4242 4045 4212 4015 4225 4016 4242 4045 4224 4018 4212 4015 4243 4046 4224 4018 4223 4047 4243 4046 4223 4047 4211 4017 4243 4046 4211 4017 4224 4018 4244 4048 4210 4020 4211 4017 4244 4048 4222 4049 4221 4021 4244 4048 4223 4047 4222 4049 4244 4048 4211 4017 4223 4047 4244 4048 4221 4021 4210 4020 4245 4050 4221 4021 4220 4023 4245 4050 4209 4019 4221 4021 4245 4050 4220 4023 4209 4019 4246 4051 4220 4023 4234 4025 4246 4051 4234 4025 4208 4022 4246 4051 4208 4022 4220 4023 4247 4052 4234 4025 4233 4027 4247 4052 4207 4024 4234 4025 4247 4052 4233 4027 4207 4024 4290 4053 4262 4054 4263 4055 4289 4056 4290 4053 4263 4055 4291 4057 4261 4058 4262 4054 4291 4057 4262 4054 4290 4053 4288 4059 4263 4055 4264 4060 4288 4059 4289 4056 4263 4055 4292 4061 4261 4058 4291 4057 4287 4062 4288 4059 4264 4060 4293 4063 4260 4064 4261 4058 4293 4063 4261 4058 4292 4061 4286 4065 4264 4060 4265 4066 4286 4065 4287 4062 4264 4060 4285 4067 4286 4065 4265 4066 4294 4068 4260 4064 4293 4063 4284 4069 4265 4066 4266 4070 4284 4069 4285 4067 4265 4066 4295 4071 4260 4064 4294 4068 4283 4072 4284 4069 4266 4070 4282 4073 4283 4072 4266 4070 4282 4073 4266 4070 4267 4074 4281 4075 4282 4073 4267 4074 4259 4076 4295 4071 4296 4077 4259 4076 4260 4064 4295 4071 4280 4078 4281 4075 4267 4074 4280 4078 4267 4074 4268 4079 4279 4080 4280 4078 4268 4079 4278 4081 4279 4080 4268 4079 4278 4081 4268 4079 4269 4082 4258 4083 4296 4077 4297 4084 4258 4083 4259 4076 4296 4077 4277 4085 4278 4081 4269 4082 4277 4085 4269 4082 4270 4086 4257 4087 4258 4083 4297 4084 4257 4087 4297 4084 4298 4088 4276 4089 4270 4086 4271 4090 4276 4089 4277 4085 4270 4086 4256 4091 4257 4087 4298 4088 4256 4091 4298 4088 4299 4092 4275 4093 4271 4090 4248 4094 4275 4093 4276 4089 4271 4090 4255 4095 4256 4091 4299 4092 4274 4096 4275 4093 4248 4094 4254 4097 4255 4095 4299 4092 4300 4098 4254 4097 4299 4092 4253 4099 4254 4097 4300 4098 4252 4100 4300 4098 4272 4101 4252 4100 4253 4099 4300 4098 4251 4102 4252 4100 4272 4101 4250 4103 4272 4101 4273 4104 4250 4103 4251 4102 4272 4101 4249 4105 4274 4096 4248 4094 4249 4105 4273 4104 4274 4096 4249 4105 4250 4103 4273 4104 4301 4106 4320 4107 4302 4108 4301 4106 4321 4109 4320 4107 4331 4110 4307 4111 4319 4112 4331 4110 4319 4112 4330 4113 4332 4114 4308 4115 4307 4111 4332 4114 4309 4116 4308 4115 4332 4114 4307 4111 4331 4110 4333 4117 4330 4113 4329 4118 4333 4117 4331 4110 4330 4113 4334 4119 4310 4120 4309 4116 4334 4119 4311 4121 4310 4120 4334 4119 4309 4116 4332 4114 4334 4119 4332 4114 4331 4110 4334 4119 4333 4117 4311 4121 4334 4119 4331 4110 4333 4117 4335 4122 4328 4123 4327 4124 4335 4122 4329 4118 4328 4123 4335 4122 4311 4121 4333 4117 4335 4122 4333 4117 4329 4118 4336 4125 4312 4126 4311 4121 4336 4125 4313 4127 4312 4126 4336 4125 4314 4128 4313 4127 4336 4125 4335 4122 4314 4128 4336 4125 4311 4121 4335 4122 4337 4129 4326 4130 4325 4131 4337 4129 4327 4124 4326 4130 4337 4129 4335 4122 4327 4124 4337 4129 4314 4128 4335 4122 4338 4132 4315 4133 4314 4128 4338 4132 4316 4134 4315 4133 4338 4132 4314 4128 4337 4129 4338 4132 4337 4129 4316 4134 4339 4135 4303 4136 4318 4137 4339 4135 4325 4131 4324 4138 4339 4135 4337 4129 4325 4131 4339 4135 4316 4134 4337 4129 4340 4139 4317 4140 4316 4134 4340 4139 4318 4137 4317 4140 4340 4139 4339 4135 4318 4137 4340 4139 4316 4134 4339 4135 4341 4141 4305 4142 4304 4143 4341 4141 4323 4144 4322 4145 4341 4141 4324 4138 4323 4144 4341 4141 4339 4135 4324 4138 4341 4141 4322 4145 4305 4142 4341 4141 4303 4136 4339 4135 4342 4146 4304 4143 4303 4136 4342 4146 4341 4141 4304 4143 4342 4146 4303 4136 4341 4141 4343 4147 4301 4106 4306 4148 4343 4147 4322 4145 4321 4109 4343 4147 4305 4142 4322 4145 4343 4147 4321 4109 4301 4106 4344 4149 4306 4148 4305 4142 4344 4149 4343 4147 4306 4148 4344 4149 4305 4142 4343 4147 4382 4150 4384 4151 4383 4152 4381 4153 4385 4154 4384 4151 4381 4153 4384 4151 4382 4150 4380 4155 4386 4156 4385 4154 4380 4155 4385 4154 4381 4153 4379 4157 4387 4158 4386 4156 4379 4157 4386 4156 4380 4155 4378 4159 4388 4160 4387 4158 4378 4159 4387 4158 4379 4157 4377 4161 4389 4162 4388 4160 4377 4161 4388 4160 4378 4159 4376 4163 4389 4162 4377 4161 4376 4163 4390 4164 4389 4162 4375 4165 4390 4164 4376 4163 4375 4165 4391 4166 4390 4164 4374 4167 4391 4166 4375 4165 4374 4167 4392 4168 4391 4166 4373 4169 4392 4168 4374 4167 4373 4169 4393 4170 4392 4168 4372 4171 4393 4170 4373 4169 4372 4171 4394 4172 4393 4170 4371 4173 4394 4172 4372 4171 4371 4173 4395 4174 4394 4172 4370 4175 4395 4174 4371 4173 4370 4175 4396 4176 4395 4174 4369 4177 4396 4176 4370 4175 4369 4177 4397 4178 4396 4176 4368 4179 4397 4178 4369 4177 4368 4179 4398 4180 4397 4178 4367 4181 4398 4180 4368 4179 4367 4181 4399 4182 4398 4180 4366 4183 4399 4182 4367 4181 4365 4184 4399 4182 4366 4183 4365 4184 4400 4185 4399 4182 4365 4184 4401 4186 4400 4185 4364 4187 4401 4186 4365 4184 4364 4187 4402 4188 4401 4186 4363 4189 4402 4188 4364 4187 4363 4189 4403 4190 4402 4188 4362 4191 4404 4192 4403 4190 4362 4191 4403 4190 4363 4189 4361 4193 4405 4194 4404 4192 4361 4193 4404 4192 4362 4191 4360 4195 4406 4196 4405 4194 4360 4195 4405 4194 4361 4193 4359 4197 4406 4196 4360 4195 4358 4198 4407 4199 4406 4196 4358 4198 4408 4200 4407 4199 4358 4198 4406 4196 4359 4197 4357 4201 4408 4200 4358 4198 4356 4202 4409 4203 4408 4200 4356 4202 4410 4204 4409 4203 4356 4202 4408 4200 4357 4201 4355 4205 4410 4204 4356 4202 4354 4206 4411 4207 4410 4204 4354 4206 4412 4208 4411 4207 4354 4206 4410 4204 4355 4205 4353 4209 4413 4210 4412 4208 4353 4209 4412 4208 4354 4206 4352 4211 4413 4210 4353 4209 4351 4212 4413 4210 4352 4211 4351 4212 4414 4213 4413 4210 4351 4212 4415 4214 4414 4213 4350 4215 4415 4214 4351 4212 4350 4215 4416 4216 4415 4214 4349 4217 4416 4216 4350 4215 4348 4218 4416 4216 4349 4217 4348 4218 4417 4219 4416 4216 4347 4220 4417 4219 4348 4218 4347 4220 4418 4221 4417 4219 4346 4222 4418 4221 4347 4220 4346 4222 4345 4223 4418 4221 4474 4224 4438 4225 4439 4226 4473 4227 4439 4226 4440 4228 4473 4227 4474 4224 4439 4226 4475 4229 4437 4230 4438 4225 4475 4229 4438 4225 4474 4224 4472 4231 4440 4228 4441 4232 4472 4231 4473 4227 4440 4228 4476 4233 4436 4234 4437 4230 4476 4233 4437 4230 4475 4229 4471 4235 4472 4231 4441 4232 4477 4236 4435 4237 4436 4234 4477 4236 4436 4234 4476 4233 4470 4238 4441 4232 4419 4239 4470 4238 4471 4235 4441 4232 4442 4240 4434 4241 4435 4237 4442 4240 4435 4237 4477 4236 4469 4242 4470 4238 4419 4239 4443 4243 4433 4244 4434 4241 4443 4243 4434 4241 4442 4240 4468 4245 4469 4242 4419 4239 4444 4246 4433 4244 4443 4243 4444 4246 4432 4247 4433 4244 4467 4248 4468 4245 4419 4239 4445 4249 4432 4247 4444 4246 4445 4249 4431 4250 4432 4247 4466 4251 4467 4248 4419 4239 4430 4252 4431 4250 4445 4249 4446 4253 4430 4252 4445 4249 4465 4254 4466 4251 4419 4239 4464 4255 4465 4254 4419 4239 4429 4256 4430 4252 4446 4253 4429 4256 4446 4253 4447 4257 4428 4258 4429 4256 4447 4257 4428 4258 4447 4257 4448 4259 4427 4260 4448 4259 4449 4261 4427 4260 4428 4258 4448 4259 4426 4262 4449 4261 4450 4263 4426 4262 4427 4260 4449 4261 4425 4264 4426 4262 4450 4263 4425 4264 4450 4263 4451 4265 4424 4266 4451 4265 4452 4267 4424 4266 4425 4264 4451 4265 4423 4268 4452 4267 4453 4269 4423 4268 4424 4266 4452 4267 4422 4270 4453 4269 4454 4271 4422 4270 4423 4268 4453 4269 4421 4272 4454 4271 4455 4273 4421 4272 4455 4273 4456 4274 4421 4272 4456 4274 4457 4275 4421 4272 4457 4275 4458 4276 4421 4272 4422 4270 4454 4271 4420 4277 4464 4255 4419 4239 4420 4277 4458 4276 4459 4278 4420 4277 4459 4278 4460 4279 4420 4277 4460 4279 4461 4280 4420 4277 4461 4280 4462 4281 4420 4277 4462 4281 4463 4282 4420 4277 4463 4282 4464 4255 4420 4277 4421 4272 4458 4276 4481 4283 4482 4284 4483 4285 4479 4286 4480 4287 4481 4283 4487 4288 4485 4289 4486 4290 4510 4291 4478 4292 4479 4286 4510 4291 4511 4293 4512 4294 4510 4291 4512 4294 4513 4295 4510 4291 4513 4295 4478 4292 4510 4291 4481 4283 4483 4285 4510 4291 4479 4286 4481 4283 4508 4296 4509 4297 4510 4291 4494 4298 4492 4299 4493 4300 4507 4301 4483 4285 4484 4302 4507 4301 4484 4302 4485 4289 4507 4301 4510 4291 4483 4285 4507 4301 4508 4296 4510 4291 4506 4303 4507 4301 4485 4289 4505 4304 4506 4303 4485 4289 4497 4305 4494 4298 4495 4306 4497 4305 4495 4306 4496 4307 4504 4308 4487 4288 4488 4309 4504 4308 4485 4289 4487 4288 4504 4308 4505 4304 4485 4289 4503 4310 4504 4308 4488 4309 4500 4311 4490 4312 4491 4313 4500 4311 4491 4313 4492 4299 4500 4311 4497 4305 4498 4314 4500 4311 4498 4314 4499 4315 4500 4311 4492 4299 4494 4298 4500 4311 4494 4298 4497 4305 4501 4316 4490 4312 4500 4311 4501 4316 4503 4310 4488 4309 4501 4316 4488 4309 4489 4317 4501 4316 4489 4317 4490 4312 4501 4316 4502 4318 4503 4310 4517 4319 4518 4320 4519 4321 4517 4319 4519 4321 4520 4322 4521 4323 4517 4319 4520 4322 4523 4324 4521 4323 4522 4325 4524 4326 4521 4323 4523 4324 4549 4327 4514 4328 4515 4329 4549 4327 4515 4329 4516 4330 4549 4327 4516 4330 4517 4319 4527 4331 4524 4326 4525 4332 4527 4331 4525 4332 4526 4333 4527 4331 4521 4323 4524 4326 4545 4334 4546 4335 4547 4336 4545 4334 4547 4336 4548 4337 4545 4334 4548 4337 4549 4327 4545 4334 4549 4327 4517 4319 4529 4338 4527 4331 4528 4339 4530 4340 4527 4331 4529 4338 4542 4341 4543 4342 4544 4343 4542 4341 4544 4343 4545 4334 4542 4341 4517 4319 4521 4323 4542 4341 4545 4334 4517 4319 4534 4344 4530 4340 4531 4345 4534 4344 4531 4345 4532 4346 4534 4344 4532 4346 4533 4347 4539 4348 4540 4349 4541 4350 4539 4348 4541 4350 4542 4341 4539 4348 4521 4323 4527 4331 4539 4348 4542 4341 4521 4323 4536 4351 4534 4344 4535 4352 4536 4351 4530 4340 4534 4344 4537 4353 4539 4348 4527 4331 4537 4353 4530 4340 4536 4351 4537 4353 4538 4354 4539 4348 4537 4353 4527 4331 4530 4340 4587 4355 4589 4356 4588 4357 4586 4358 4590 4359 4589 4356 4586 4358 4589 4356 4587 4355 4585 4360 4591 4361 4590 4359 4585 4360 4590 4359 4586 4358 4584 4362 4592 4363 4591 4361 4584 4362 4591 4361 4585 4360 4583 4364 4593 4365 4592 4363 4583 4364 4592 4363 4584 4362 4582 4366 4594 4367 4593 4365 4582 4366 4593 4365 4583 4364 4581 4368 4594 4367 4582 4366 4581 4368 4595 4369 4594 4367 4580 4370 4595 4369 4581 4368 4580 4370 4596 4371 4595 4369 4579 4372 4596 4371 4580 4370 4579 4372 4597 4373 4596 4371 4578 4374 4597 4373 4579 4372 4578 4374 4598 4375 4597 4373 4577 4376 4598 4375 4578 4374 4577 4376 4599 4172 4598 4375 4576 4173 4599 4172 4577 4376 4576 4173 4600 4377 4599 4172 4575 4378 4600 4377 4576 4173 4575 4378 4601 4379 4600 4377 4574 4380 4601 4379 4575 4378 4574 4380 4602 4381 4601 4379 4573 4382 4602 4381 4574 4380 4573 4382 4603 4383 4602 4381 4572 4384 4603 4383 4573 4382 4572 4384 4604 4385 4603 4383 4571 4386 4604 4385 4572 4384 4571 4386 4605 4387 4604 4385 4570 4388 4605 4387 4571 4386 4570 4388 4606 4389 4605 4387 4569 4390 4606 4389 4570 4388 4568 4391 4606 4389 4569 4390 4568 4391 4607 4392 4606 4389 4568 4391 4608 4393 4607 4392 4567 4394 4609 4395 4608 4393 4567 4394 4608 4393 4568 4391 4566 4396 4609 4395 4567 4394 4565 4397 4609 4395 4566 4396 4565 4397 4610 4398 4609 4395 4565 4397 4611 4399 4610 4398 4564 4400 4611 4399 4565 4397 4563 4401 4612 4402 4611 4399 4563 4401 4613 4403 4612 4402 4563 4401 4611 4399 4564 4400 4562 4404 4614 4405 4613 4403 4562 4404 4613 4403 4563 4401 4561 4406 4615 4407 4614 4405 4561 4406 4614 4405 4562 4404 4560 4408 4616 4409 4615 4407 4560 4408 4615 4407 4561 4406 4559 4410 4617 4411 4616 4409 4559 4410 4616 4409 4560 4408 4558 4412 4618 4413 4617 4411 4558 4412 4617 4411 4559 4410 4557 4414 4618 4413 4558 4412 4556 4415 4618 4413 4557 4414 4556 4415 4619 4416 4618 4413 4556 4415 4620 4417 4619 4416 4555 4418 4620 4417 4556 4415 4554 4419 4620 4417 4555 4418 4554 4419 4621 4420 4620 4417 4554 4419 4622 4421 4621 4420 4553 4422 4622 4421 4554 4419 4553 4422 4623 4423 4622 4421 4552 4424 4623 4423 4553 4422 4551 4425 4623 4423 4552 4424 4551 4425 4550 4426 4623 4423 4635 4427 4646 4428 4636 4429 4634 4430 4646 4428 4635 4427 4647 4431 4633 4432 4643 4433 4648 4434 4643 4433 4642 4435 4649 4436 4642 4435 4641 4437 4649 4436 4650 4438 4642 4435 4651 4439 4649 4436 4641 4437 4652 4440 4641 4437 4640 4441 4652 4440 4651 4439 4641 4437 4653 4442 4640 4441 4639 4443 4653 4442 4652 4440 4640 4441 4654 4444 4639 4443 4638 4445 4654 4444 4653 4442 4639 4443 4655 4446 4654 4444 4638 4445 4656 4447 4638 4445 4637 4448 4656 4447 4655 4446 4638 4445 4657 4449 4628 4450 4627 4451 4657 4449 4644 4452 4628 4450 4658 4453 4645 4454 4644 4452 4658 4453 4644 4452 4657 4449 4659 4455 4637 4448 4636 4429 4659 4455 4646 4428 4645 4454 4659 4455 4656 4447 4637 4448 4659 4455 4636 4429 4646 4428 4659 4455 4645 4454 4658 4453 4660 4456 4647 4431 4661 4457 4660 4456 4633 4432 4647 4431 4660 4456 4661 4457 4662 4458 4663 4459 4624 4460 4664 4461 4663 4459 4650 4438 4649 4436 4663 4459 4664 4461 4650 4438 4665 4462 4625 4463 4624 4460 4665 4462 4663 4459 4649 4436 4665 4462 4649 4436 4651 4439 4665 4462 4624 4460 4663 4459 4666 4464 4625 4463 4665 4462 4666 4464 4665 4462 4651 4439 4667 4465 4625 4463 4666 4464 4667 4465 4666 4464 4651 4439 4667 4465 4651 4439 4652 4440 4668 4466 4626 4467 4625 4463 4668 4466 4625 4463 4667 4465 4668 4466 4667 4465 4652 4440 4668 4466 4652 4440 4653 4442 4669 4468 4626 4467 4668 4466 4669 4468 4668 4466 4653 4442 4669 4468 4653 4442 4654 4444 4670 4469 4669 4468 4654 4444 4670 4469 4626 4467 4669 4468 4670 4469 4654 4444 4655 4446 4671 4470 4626 4467 4670 4469 4671 4470 4670 4469 4655 4446 4672 4471 4626 4467 4671 4470 4672 4471 4671 4470 4655 4446 4672 4471 4655 4446 4656 4447 4673 4472 4627 4451 4626 4467 4673 4472 4626 4467 4672 4471 4673 4472 4672 4471 4656 4447 4673 4472 4656 4447 4659 4455 4674 4473 4627 4451 4673 4472 4674 4473 4673 4472 4659 4455 4674 4473 4657 4449 4627 4451 4674 4473 4658 4453 4657 4449 4674 4473 4659 4455 4658 4453 4675 4474 4624 4460 4629 4475 4675 4474 4676 4476 4662 4458 4675 4474 4629 4475 4676 4476 4677 4477 4643 4433 4648 4434 4678 4478 4624 4460 4675 4474 4678 4478 4675 4474 4679 4479 4680 4480 4678 4478 4681 4481 4680 4480 4624 4460 4678 4478 4682 4482 4648 4434 4642 4435 4683 4483 4632 4484 4633 4432 4684 4485 4662 4458 4676 4476 4684 4485 4660 4456 4662 4458 4685 4486 4662 4458 4661 4457 4686 4487 4661 4457 4647 4431 4686 4487 4685 4486 4661 4457 4687 4488 4647 4431 4643 4433 4688 4489 4643 4433 4677 4477 4688 4489 4687 4488 4643 4433 4689 4490 4648 4434 4679 4479 4689 4490 4677 4477 4648 4434 4689 4490 4679 4479 4688 4489 4689 4490 4688 4489 4677 4477 4690 4491 4679 4479 4648 4434 4691 4492 4648 4434 4682 4482 4691 4492 4690 4491 4648 4434 4691 4492 4681 4481 4690 4491 4692 4493 4642 4435 4650 4438 4692 4493 4682 4482 4642 4435 4693 4494 4629 4475 4630 4495 4693 4494 4676 4476 4629 4475 4694 4496 4676 4476 4693 4494 4694 4496 4693 4494 4695 4497 4696 4498 4695 4497 4697 4499 4696 4498 4694 4496 4695 4497 4696 4498 4697 4499 4683 4483 4698 4500 4633 4432 4660 4456 4698 4500 4683 4483 4633 4432 4698 4500 4694 4496 4696 4498 4698 4500 4684 4485 4676 4476 4698 4500 4660 4456 4684 4485 4698 4500 4676 4476 4694 4496 4698 4500 4696 4498 4683 4483 4699 4501 4675 4474 4662 4458 4699 4501 4662 4458 4685 4486 4700 4502 4699 4501 4685 4486 4700 4502 4675 4474 4699 4501 4700 4502 4685 4486 4686 4487 4701 4503 4686 4487 4647 4431 4701 4503 4647 4431 4687 4488 4702 4504 4679 4479 4675 4474 4702 4504 4688 4489 4679 4479 4703 4505 4678 4478 4679 4479 4703 4505 4679 4479 4690 4491 4703 4505 4681 4481 4678 4478 4703 4505 4690 4491 4681 4481 4704 4506 4682 4482 4705 4507 4704 4506 4680 4480 4681 4481 4704 4506 4681 4481 4691 4492 4704 4506 4705 4507 4680 4480 4704 4506 4691 4492 4682 4482 4706 4508 4705 4507 4682 4482 4706 4508 4680 4480 4705 4507 4706 4508 4682 4482 4692 4493 4707 4509 4630 4495 4631 4510 4707 4509 4693 4494 4630 4495 4708 4511 4693 4494 4707 4509 4708 4511 4697 4499 4695 4497 4708 4511 4683 4483 4697 4499 4708 4511 4695 4497 4693 4494 4709 4512 4675 4474 4700 4502 4709 4512 4700 4502 4686 4487 4709 4512 4702 4504 4675 4474 4709 4512 4701 4503 4702 4504 4709 4512 4686 4487 4701 4503 4710 4513 4701 4503 4687 4488 4710 4513 4688 4489 4702 4504 4710 4513 4702 4504 4701 4503 4710 4513 4687 4488 4688 4489 4711 4514 4664 4461 4624 4460 4712 4515 4713 4516 4692 4493 4712 4515 4714 4517 4713 4516 4712 4515 4711 4514 4714 4517 4712 4515 4664 4461 4711 4514 4712 4515 4692 4493 4650 4438 4712 4515 4650 4438 4664 4461 4715 4518 4631 4510 4632 4484 4715 4518 4708 4511 4707 4509 4715 4518 4632 4484 4683 4483 4715 4518 4707 4509 4631 4510 4715 4518 4683 4483 4708 4511 4716 4519 4680 4480 4706 4508 4716 4519 4706 4508 4692 4493 4716 4519 4692 4493 4713 4516 4716 4519 4713 4516 4714 4517 4716 4519 4714 4517 4711 4514 4716 4519 4711 4514 4624 4460 4716 4519 4624 4460 4680 4480 4734 4520 4724 4521 4725 4522 4733 4523 4724 4521 4734 4520 4727 4524 4737 4525 4728 4526 4726 4527 4737 4525 4727 4524 4738 4528 4718 4529 4717 4530 4738 4528 4717 4530 4722 4531 4739 4532 4722 4531 4723 4533 4739 4532 4738 4528 4722 4531 4740 4534 4723 4533 4724 4521 4740 4534 4733 4523 4732 4535 4740 4534 4724 4521 4733 4523 4740 4534 4739 4532 4723 4533 4741 4536 4732 4535 4731 4537 4741 4536 4740 4534 4732 4535 4742 4538 4731 4537 4730 4539 4742 4538 4741 4536 4731 4537 4743 4540 4742 4538 4730 4539 4744 4541 4730 4539 4729 4542 4744 4541 4743 4540 4730 4539 4745 4543 4721 4544 4720 4545 4745 4543 4735 4546 4721 4544 4745 4543 4736 4547 4735 4546 4746 4548 4729 4542 4728 4526 4746 4548 4737 4525 4736 4547 4746 4548 4736 4547 4745 4543 4746 4548 4744 4541 4729 4542 4746 4548 4728 4526 4737 4525 4747 4549 4739 4532 4740 4534 4747 4549 4718 4529 4738 4528 4747 4549 4738 4528 4739 4532 4748 4550 4740 4534 4741 4536 4748 4550 4747 4549 4740 4534 4748 4550 4718 4529 4747 4549 4749 4551 4719 4552 4718 4529 4749 4551 4741 4536 4742 4538 4749 4551 4718 4529 4748 4550 4749 4551 4748 4550 4741 4536 4750 4553 4742 4538 4743 4540 4750 4553 4749 4551 4742 4538 4750 4553 4719 4552 4749 4551 4751 4554 4719 4552 4750 4553 4751 4554 4750 4553 4743 4540 4752 4555 4743 4540 4744 4541 4752 4555 4751 4554 4743 4540 4752 4555 4719 4552 4751 4554 4753 4556 4720 4545 4719 4552 4753 4556 4744 4541 4746 4548 4753 4556 4719 4552 4752 4555 4753 4556 4752 4555 4744 4541 4754 4557 4746 4548 4745 4543 4754 4557 4745 4543 4720 4545 4754 4557 4720 4545 4753 4556 4754 4557 4753 4556 4746 4548 4760 4558 4756 4559 4755 4560 4764 4561 4756 4559 4760 4558 4759 4562 4764 4561 4760 4558 4763 4563 4764 4561 4759 4562 4758 4564 4763 4563 4759 4562 4762 4565 4763 4563 4758 4564 4761 4566 4758 4564 4757 4567 4761 4566 4762 4565 4758 4564 4765 4568 4766 4569 4767 4570 4765 4568 4767 4570 4768 4571 4770 4572 4768 4571 4769 4573 4770 4572 4765 4568 4768 4571 4773 4574 4774 4575 4765 4568 4772 4576 4773 4574 4765 4568 4771 4577 4765 4568 4770 4572 4771 4577 4772 4576 4765 4568 4777 4578 4776 708 4775 708 4777 4578 4782 4579 4776 708 4778 4580 4781 4581 4782 4579 4778 4580 4782 4579 4777 4578 4779 708 4780 708 4781 4581 4779 708 4781 4581 4778 4580 4791 4582 4786 4583 4785 4584 4791 4582 4785 4584 4788 4585 4791 4582 4788 4585 4790 4586 4791 4582 4790 4586 4786 4583 4792 4587 4787 4588 4786 4583 4792 4587 4790 4586 4789 4589 4792 4587 4786 4583 4790 4586 4792 4587 4789 4589 4787 4588 4793 4590 4784 4591 4783 4592 4793 4590 4783 4592 4787 4588 4793 4590 4789 4589 4784 4591 4793 4590 4787 4588 4789 4589 4800 4593 4794 4594 4799 4595 4795 4596 4794 4594 4800 4593 4801 4597 4795 4596 4800 4593 4796 4598 4795 4596 4801 4597 4802 4599 4796 4598 4801 4597 4797 4600 4796 4598 4802 4599 4803 4601 4797 4600 4802 4599 4798 4602 4797 4600 4803 4601 4805 4603 4807 4604 4806 4605 4805 4603 4804 4606 4807 4604 4811 4607 4812 4608 4813 4609 4811 4607 4813 4609 4817 4610 4810 4611 4817 4610 4816 4612 4810 4611 4811 4607 4817 4610 4809 4613 4816 4612 4815 4614 4809 4613 4810 4611 4816 4612 4808 4615 4815 4614 4814 4616 4808 4615 4809 4613 4815 4614 4821 4617 4818 4618 4820 4619 4819 4620 4818 4618 4822 4621 4822 4621 4818 4618 4823 4622 4823 4622 4818 4618 4821 4617 4847 4623 4845 4624 4846 4625 4840 4626 4841 4627 4842 4628 4840 4626 4842 4628 4843 4629 4839 4630 4843 4629 4844 4631 4839 4630 4840 4626 4843 4629 4825 4632 4850 4633 4851 4634 4825 4632 4851 4634 4852 4635 4825 4632 4852 4635 4824 4636 4838 4637 4844 4631 4845 4624 4838 4637 4839 4630 4844 4631 4837 4638 4845 4624 4847 4623 4837 4638 4838 4637 4845 4624 4836 4639 4847 4623 4848 4640 4836 4639 4848 4640 4849 4641 4836 4639 4837 4638 4847 4623 4835 4642 4849 4641 4850 4633 4835 4642 4836 4639 4849 4641 4834 4643 4850 4633 4825 4632 4834 4643 4835 4642 4850 4633 4833 4644 4825 4632 4826 4645 4833 4644 4826 4645 4827 4646 4833 4644 4834 4643 4825 4632 4832 4647 4827 4646 4828 4648 4832 4647 4833 4644 4827 4646 4831 4649 4828 4648 4829 4650 4831 4649 4829 4650 4830 4651 4831 4649 4832 4647 4828 4648 4880 4652 4881 4653 4882 4654 4880 4652 4882 4654 4883 4655 4856 4656 4853 4657 4855 4658 4857 4659 4853 4657 4856 4656 4858 4660 4853 4657 4857 4659 4879 4661 4883 4655 4884 4662 4879 4661 4884 4662 4885 4663 4879 4661 4880 4652 4883 4655 4878 4664 4885 4663 4854 4665 4878 4664 4879 4661 4885 4663 4863 4666 4861 4667 4862 4668 4877 4669 4854 4665 4853 4657 4877 4669 4853 4657 4858 4660 4877 4669 4878 4664 4854 4665 4876 4670 4877 4669 4858 4660 4875 4671 4876 4670 4858 4660 4874 4672 4858 4660 4859 4673 4874 4672 4859 4673 4860 4674 4874 4672 4875 4671 4858 4660 4873 4675 4860 4674 4861 4667 4873 4675 4874 4672 4860 4674 4872 4676 4861 4667 4863 4666 4872 4676 4873 4675 4861 4667 4871 4677 4872 4676 4863 4666 4870 4678 4863 4666 4864 4679 4870 4678 4871 4677 4863 4666 4869 4680 4864 4679 4865 4681 4869 4680 4870 4678 4864 4679 4868 4682 4865 4681 4866 4683 4868 4682 4869 4680 4865 4681 4867 4684 4868 4682 4866 4683 4929 4685 4902 4686 4903 4687 4929 4685 4930 4688 4902 4686 4931 4689 4901 4690 4902 4686 4931 4689 4902 4686 4930 4688 4928 4691 4929 4685 4903 4687 4932 4692 4901 4690 4931 4689 4927 4693 4928 4691 4903 4687 4926 4694 4903 4687 4904 4695 4926 4694 4927 4693 4903 4687 4925 4696 4926 4694 4904 4695 4924 4697 4925 4696 4904 4695 4923 4698 4924 4697 4904 4695 4933 4699 4900 4700 4901 4690 4933 4699 4901 4690 4932 4692 4922 4701 4904 4695 4905 4702 4922 4701 4923 4698 4904 4695 4921 4703 4922 4701 4905 4702 4920 4704 4921 4703 4905 4702 4919 4705 4920 4704 4905 4702 4919 4705 4905 4702 4906 4706 4934 4707 4899 4708 4900 4700 4934 4707 4900 4700 4933 4699 4918 4709 4919 4705 4906 4706 4917 4710 4918 4709 4906 4706 4917 4710 4906 4706 4907 4711 4916 4712 4917 4710 4907 4711 4915 4713 4916 4712 4907 4711 4915 4713 4907 4711 4908 4714 4935 4715 4899 4708 4934 4707 4914 4716 4915 4713 4908 4714 4914 4716 4908 4714 4887 4717 4913 4718 4914 4716 4887 4717 4936 4719 4898 4720 4899 4708 4936 4719 4899 4708 4935 4715 4937 4721 4897 4722 4898 4720 4937 4721 4898 4720 4936 4719 4896 4723 4897 4722 4937 4721 4895 4724 4896 4723 4937 4721 4895 4724 4937 4721 4909 4725 4894 4726 4895 4724 4909 4725 4893 4727 4894 4726 4909 4725 4892 4728 4909 4725 4910 4729 4892 4728 4893 4727 4909 4725 4891 4730 4892 4728 4910 4729 4890 4731 4891 4730 4910 4729 4889 4732 4910 4729 4911 4733 4889 4732 4890 4731 4910 4729 4888 4734 4911 4733 4912 4735 4888 4734 4889 4732 4911 4733 4886 4736 4888 4734 4912 4735 4886 4736 4913 4718 4887 4717 4886 4736 4912 4735 4913 4718 4938 4737 4939 566 4940 4738 4938 4737 4940 4738 4941 4739 4942 4740 4943 4740 4944 4740 4945 4741 4946 708 4947 4742 4945 4741 4947 4742 4948 4743 4952 4744 4949 4745 4950 4746 4952 4744 4955 4747 4949 4745 4953 4748 4954 4749 4955 4747 4951 4750 4955 4747 4952 4744 4951 4750 4953 4748 4955 4747 4959 4751 4957 4752 4956 4753 4959 4751 4956 4753 4958 4754 5016 4755 4962 4756 4963 4757 5016 4755 4963 4757 4964 4758 5017 4759 4962 4756 5016 4755 5015 4760 5016 4755 4964 4758 5018 4761 4962 4756 5017 4759 5014 4762 5015 4760 4964 4758 5019 4763 4961 4764 4962 4756 5019 4763 4962 4756 5018 4761 5013 4765 5014 4762 4964 4758 5020 4766 4961 4764 5019 4763 5012 4767 4964 4758 4974 4768 5012 4767 5013 4765 4964 4758 4985 4769 4961 4764 5020 4766 5011 4770 4974 4768 4973 4771 5011 4770 5012 4767 4974 4768 4986 4772 4961 4764 4985 4769 5010 4773 4973 4771 4972 4774 5010 4773 5011 4770 4973 4771 4987 4775 4961 4764 4986 4772 5009 4776 5010 4773 4972 4774 5009 4776 4972 4774 4971 4777 4988 4778 4961 4764 4987 4775 5008 4779 5009 4776 4971 4777 4970 4780 5008 4779 4971 4777 5007 4781 5008 4779 4970 4780 4969 4782 5006 4783 5007 4781 4969 4782 5007 4781 4970 4780 4960 4784 4961 4764 4988 4778 4960 4784 4988 4778 4989 4785 4960 4784 4989 4785 4990 4786 4960 4784 4990 4786 4991 4787 4960 4784 4991 4787 4992 4788 4968 4789 5006 4783 4969 4782 4968 4789 5005 4790 5006 4783 4967 4791 5005 4790 4968 4789 4967 4791 5004 4792 5005 4790 4966 4793 5003 4794 5004 4792 4966 4793 5004 4792 4967 4791 4975 4795 4960 4784 4992 4788 4975 4795 4992 4788 4993 4796 4975 4795 4993 4796 4994 4797 4965 4798 5003 4794 4966 4793 4976 4799 4994 4797 4995 4800 4976 4799 4975 4795 4994 4797 4984 4801 5002 4802 5003 4794 4984 4801 5003 4794 4965 4798 4977 4803 4995 4800 4996 4804 4977 4803 4976 4799 4995 4800 4983 4805 5002 4802 4984 4801 4983 4805 5001 4806 5002 4802 4978 4807 4996 4804 4997 4808 4978 4807 4977 4803 4996 4804 4982 4809 5000 4810 5001 4806 4982 4809 5001 4806 4983 4805 4979 4811 4978 4807 4997 4808 4979 4811 4997 4808 4998 4812 4981 4813 4999 4814 5000 4810 4981 4813 5000 4810 4982 4809 4980 4815 4998 4812 4999 4814 4980 4815 4979 4811 4998 4812 4980 4815 4999 4814 4981 4813 5027 4816 5025 4817 5026 4818 5023 4819 5024 4820 5025 4817 5031 4821 5029 4822 5030 3473 5056 4823 5021 4824 5022 4825 5054 4826 5055 4827 5056 4823 5034 4828 5031 4821 5032 4829 5034 4828 5032 4829 5033 4830 5036 4831 5034 4828 5035 4832 5051 4833 5022 4825 5023 4819 5051 4833 5052 4834 5053 4835 5051 4833 5053 4835 5054 4826 5051 4833 5056 4823 5022 4825 5051 4833 5054 4826 5056 4823 5050 4836 5027 4816 5028 4837 5050 4836 5028 4837 5029 4822 5050 4836 5025 4817 5027 4816 5050 4836 5023 4819 5025 4817 5050 4836 5051 4833 5023 4819 5038 4838 5036 4831 5037 4839 5038 4838 5034 4828 5036 4831 5049 4840 5050 4836 5029 4822 5049 4840 5029 4822 5031 4821 5049 4840 5031 4821 5034 4828 5047 4841 5048 4842 5049 4840 5042 4843 5038 4838 5039 4844 5042 4843 5039 4844 5040 4845 5042 4843 5040 4845 5041 4846 5042 4843 5034 4828 5038 4838 5044 4847 5034 4828 5042 4843 5044 4847 5042 4843 5043 4848 5044 4847 5045 4849 5046 4850 5044 4847 5046 4850 5047 4841 5044 4847 5049 4840 5034 4828 5044 4847 5047 4841 5049 4840 5094 4851 5096 4852 5095 4853 5093 4854 5097 4855 5096 4852 5093 4854 5096 4852 5094 4851 5092 4856 5098 4857 5097 4855 5092 4856 5097 4855 5093 4854 5091 4858 5099 4859 5098 4857 5091 4858 5098 4857 5092 4856 5090 4860 5100 4861 5099 4859 5090 4860 5099 4859 5091 4858 5089 4862 5101 4863 5100 4861 5089 4862 5100 4861 5090 4860 5088 4864 5101 4863 5089 4862 5088 4864 5102 4865 5101 4863 5087 4866 5102 4865 5088 4864 5087 4866 5103 4867 5102 4865 5086 4868 5103 4867 5087 4866 5086 4868 5104 4869 5103 4867 5085 4870 5104 4869 5086 4868 5085 4870 5105 4871 5104 4869 5084 4872 5105 4871 5085 4870 5084 4872 5106 4873 5105 4871 5083 4874 5106 4873 5084 4872 5083 4874 5107 4875 5106 4873 5082 4876 5107 4875 5083 4874 5082 4876 5108 4877 5107 4875 5081 4878 5108 4877 5082 4876 5081 4878 5109 4879 5108 4877 5080 4880 5109 4879 5081 4878 5080 4880 5110 4881 5109 4879 5079 4882 5110 4881 5080 4880 5079 4882 5111 4883 5110 4881 5078 4884 5111 4883 5079 4882 5078 4884 5112 4885 5111 4883 5077 4886 5112 4885 5078 4884 5076 4887 5112 4885 5077 4886 5076 4887 5113 4888 5112 4885 5075 4889 5113 4888 5076 4887 5075 4889 5114 4890 5113 4888 5075 4889 5115 4891 5114 4890 5074 4892 5116 4893 5115 4891 5074 4892 5115 4891 5075 4889 5073 4894 5116 4893 5074 4892 5072 4895 5117 4896 5116 4893 5072 4895 5118 4897 5117 4896 5072 4895 5116 4893 5073 4894 5071 4898 5118 4897 5072 4895 5070 4899 5119 4900 5118 4897 5070 4899 5120 4901 5119 4900 5070 4899 5118 4897 5071 4898 5069 4902 5120 4901 5070 4899 5068 4903 5121 4904 5120 4901 5068 4903 5120 4901 5069 4902 5067 4905 5122 4906 5121 4904 5067 4905 5123 4907 5122 4906 5067 4905 5121 4904 5068 4903 5066 4908 5123 4907 5067 4905 5065 4909 5124 4910 5123 4907 5065 4909 5125 4911 5124 4910 5065 4909 5123 4907 5066 4908 5064 4912 5126 4913 5125 4911 5064 4912 5125 4911 5065 4909 5063 4914 5126 4913 5064 4912 5062 4915 5127 4916 5126 4913 5062 4915 5128 4917 5127 4916 5062 4915 5126 4913 5063 4914 5061 4918 5128 4917 5062 4915 5061 4918 5129 4919 5128 4917 5060 4920 5129 4919 5061 4918 5059 4921 5129 4919 5060 4920 5059 4921 5130 4922 5129 4919 5059 4921 5057 4923 5130 4922 5058 4924 5057 4923 5059 4921 5154 4925 5148 4926 5149 4927 5154 4925 5149 4927 5150 4928 5154 4925 5150 4928 5140 4929 5155 4930 5146 4931 5147 4932 5155 4930 5147 4932 5148 4926 5155 4930 5148 4926 5154 4925 5156 4933 5154 4925 5140 4929 5157 4934 5144 4935 5145 4936 5157 4934 5145 4936 5146 4931 5157 4934 5146 4931 5155 4930 5158 4937 5154 4925 5156 4933 5158 4937 5155 4930 5154 4925 5159 4938 5158 4937 5156 4933 5159 4938 5156 4933 5140 4929 5160 4939 5141 4940 5142 4941 5160 4939 5142 4941 5143 4942 5160 4939 5143 4942 5144 4935 5160 4939 5144 4935 5157 4934 5161 4943 5157 4934 5155 4930 5161 4943 5155 4930 5158 4937 5162 4944 5158 4937 5159 4938 5163 4945 5140 4929 5134 4946 5163 4945 5159 4938 5140 4929 5164 4947 5151 4948 5141 4940 5164 4947 5157 4934 5161 4943 5164 4947 5141 4940 5160 4939 5164 4947 5160 4939 5157 4934 5165 4949 5161 4943 5158 4937 5165 4949 5158 4937 5162 4944 5166 4950 5162 4944 5159 4938 5166 4950 5159 4938 5163 4945 5167 4951 5163 4945 5134 4946 5168 4952 5151 4948 5164 4947 5168 4952 5164 4947 5161 4943 5168 4952 5161 4943 5165 4949 5169 4953 5165 4949 5162 4944 5169 4953 5162 4944 5166 4950 5169 4953 5168 4952 5165 4949 5170 4954 5166 4950 5163 4945 5170 4954 5163 4945 5167 4951 5171 4955 5167 4951 5134 4946 5172 4956 5151 4948 5168 4952 5172 4956 5168 4952 5169 4953 5173 4957 5169 4953 5166 4950 5173 4957 5166 4950 5170 4954 5174 4958 5173 4957 5170 4954 5174 4958 5170 4954 5167 4951 5174 4958 5167 4951 5171 4955 5175 4959 5171 4955 5134 4946 5176 4960 5169 4953 5173 4957 5176 4960 5152 4961 5151 4948 5176 4960 5151 4948 5172 4956 5176 4960 5173 4957 5152 4961 5176 4960 5172 4956 5169 4953 5177 4962 5173 4957 5174 4958 5177 4962 5153 4963 5152 4961 5177 4962 5152 4961 5173 4957 5178 4964 5131 4965 5132 4966 5178 4964 5132 4966 5133 4967 5178 4964 5171 4955 5175 4959 5178 4964 5153 4963 5177 4962 5178 4964 5133 4967 5153 4963 5178 4964 5174 4958 5171 4955 5178 4964 5177 4962 5174 4958 5179 4968 5134 4946 5135 4969 5179 4968 5135 4969 5136 4970 5179 4968 5136 4970 5137 4971 5179 4968 5137 4971 5138 4972 5179 4968 5138 4972 5139 4973 5179 4968 5139 4973 5131 4965 5179 4968 5175 4959 5134 4946 5179 4968 5131 4965 5178 4964 5179 4968 5178 4964 5175 4959 5182 4974 5180 4975 5181 4976 5183 4977 5185 4978 5180 4975 5183 4977 5180 4975 5182 4974 5183 4977 5184 4979 5185 4978 5212 4980 5195 4981 5196 4982 5212 4980 5196 4982 5197 4983 5212 4980 5197 4983 5186 4984 5213 4985 5193 4986 5194 4987 5213 4985 5194 4987 5195 4981 5213 4985 5195 4981 5212 4980 5214 4988 5212 4980 5186 4984 5215 4989 5191 4990 5192 4991 5215 4989 5192 4991 5193 4986 5215 4989 5193 4986 5213 4985 5216 4992 5213 4985 5212 4980 5216 4992 5212 4980 5214 4988 5217 4993 5214 4988 5186 4984 5218 4994 5188 4995 5189 4996 5218 4994 5189 4996 5190 4997 5218 4994 5190 4997 5191 4990 5218 4994 5191 4990 5215 4989 5219 4998 5213 4985 5216 4992 5219 4998 5215 4989 5213 4985 5220 4999 5216 4992 5214 4988 5220 4999 5214 4988 5217 4993 5221 5000 5186 4984 5187 5001 5221 5000 5217 4993 5186 4984 5222 5002 5215 4989 5219 4998 5222 5002 5218 4994 5215 4989 5222 5002 5188 4995 5218 4994 5223 5003 5216 4992 5220 4999 5223 5003 5219 4998 5216 4992 5224 5004 5220 4999 5217 4993 5224 5004 5223 5003 5220 4999 5224 5004 5217 4993 5221 5000 5225 5005 5221 5000 5187 5001 5226 5006 5188 4995 5222 5002 5226 5006 5222 5002 5219 4998 5226 5006 5219 4998 5223 5003 5227 5007 5223 5003 5224 5004 5228 5008 5224 5004 5221 5000 5228 5008 5221 5000 5225 5005 5229 5009 5225 5005 5187 5001 5230 5010 5198 5011 5188 4995 5230 5010 5188 4995 5226 5006 5230 5010 5226 5006 5223 5003 5230 5010 5223 5003 5227 5007 5231 5012 5227 5007 5224 5004 5231 5012 5224 5004 5228 5008 5232 5013 5225 5005 5229 5009 5232 5013 5228 5008 5225 5005 5233 5014 5187 5001 5199 5015 5233 5014 5232 5013 5229 5009 5233 5014 5229 5009 5187 5001 5234 5016 5227 5007 5231 5012 5234 5016 5230 5010 5227 5007 5234 5016 5198 5011 5230 5010 5235 5017 5228 5008 5232 5013 5235 5017 5231 5012 5228 5008 5236 5018 5232 5013 5233 5014 5237 5019 5199 5015 5200 5020 5237 5019 5233 5014 5199 5015 5238 5021 5234 5016 5231 5012 5238 5021 5198 5011 5234 5016 5238 5021 5231 5012 5235 5017 5239 5022 5238 5021 5235 5017 5239 5022 5235 5017 5232 5013 5239 5022 5232 5013 5236 5018 5240 5023 5236 5018 5233 5014 5240 5023 5200 5020 5201 5024 5240 5023 5201 5024 5202 5025 5240 5023 5233 5014 5237 5019 5240 5023 5237 5019 5200 5020 5240 5023 5239 5022 5236 5018 5241 5026 5238 5021 5239 5022 5241 5026 5198 5011 5238 5021 5242 5027 5202 5025 5203 5028 5242 5027 5203 5028 5204 5029 5242 5027 5204 5029 5205 5030 5242 5027 5205 5030 5206 5031 5242 5027 5240 5023 5202 5025 5242 5027 5239 5022 5240 5023 5243 5032 5242 5027 5206 5031 5243 5032 5206 5031 5207 5033 5243 5032 5207 5033 5208 5034 5243 5032 5208 5034 5209 5035 5243 5032 5209 5035 5210 5036 5243 5032 5210 5036 5211 5037 5243 5032 5211 5037 5198 5011 5243 5032 5198 5011 5241 5026 5243 5032 5239 5022 5242 5027 5243 5032 5241 5026 5239 5022 5254 5038 5244 5039 5245 5040 5254 5038 5245 5040 5246 5041 5254 5038 5246 5041 5247 5042 5254 5038 5253 5043 5244 5039 5255 5044 5253 5043 5254 5038 5255 5044 5254 5038 5247 5042 5256 5045 5247 5042 5248 5046 5256 5045 5255 5044 5247 5042 5257 5047 5253 5043 5255 5044 5258 5048 5256 5045 5248 5046 5259 5049 5252 5050 5253 5043 5259 5049 5253 5043 5257 5047 5260 5051 5255 5044 5256 5045 5260 5051 5257 5047 5255 5044 5260 5051 5256 5045 5258 5048 5260 5051 5259 5049 5257 5047 5261 5052 5252 5050 5259 5049 5261 5052 5259 5049 5260 5051 5262 5053 5260 5051 5258 5048 5263 5054 5258 5048 5248 5046 5264 5055 5261 5052 5260 5051 5264 5055 5260 5051 5262 5053 5265 5056 5251 5057 5252 5050 5265 5056 5252 5050 5261 5052 5266 5058 5263 5054 5248 5046 5266 5058 5262 5053 5258 5048 5266 5058 5258 5048 5263 5054 5267 5059 5251 5057 5265 5056 5267 5059 5261 5052 5264 5055 5267 5059 5265 5056 5261 5052 5268 5060 5248 5046 5249 5061 5268 5060 5264 5055 5262 5053 5268 5060 5266 5058 5248 5046 5268 5060 5262 5053 5266 5058 5268 5060 5267 5059 5264 5055 5269 5062 5250 5063 5251 5057 5269 5062 5251 5057 5267 5059 5270 5064 5267 5059 5268 5060 5270 5064 5268 5060 5249 5061 5270 5064 5269 5062 5267 5059 5271 5065 5249 5061 5250 5063 5271 5065 5270 5064 5249 5061 5271 5065 5250 5063 5269 5062 5271 5065 5269 5062 5270 5064 5272 5066 5273 5067 5274 5068 5286 5069 5297 5070 5298 5071 5299 5072 5287 5073 5298 5071 5300 5074 5288 5075 5299 5072 5290 5076 5300 5074 5301 5077 5302 5078 5291 5079 5301 5077 5303 5080 5292 5081 5302 5078 5304 5082 5293 5083 5303 5080 5294 5084 5293 5083 5304 5082 5307 5085 5282 5086 5306 5087 5278 5088 5283 5089 5307 5085 5280 5090 5276 5091 5275 5092 5280 5090 5277 5093 5276 5091 5280 5090 5278 5088 5277 5093 5279 5094 5283 5089 5278 5088 5279 5094 5278 5088 5280 5090 5308 5095 5285 5096 5284 5097 5308 5095 5284 5097 5296 5098 5308 5095 5296 5098 5297 5070 5308 5095 5297 5070 5285 5096 5309 5099 5286 5069 5285 5096 5309 5099 5285 5096 5297 5070 5309 5099 5297 5070 5286 5069 5310 5100 5287 5073 5286 5069 5310 5100 5286 5069 5298 5071 5310 5100 5298 5071 5287 5073 5311 5101 5288 5075 5287 5073 5311 5101 5287 5073 5299 5072 5311 5101 5299 5072 5288 5075 5312 5102 5289 5103 5288 5075 5312 5102 5290 5076 5289 5103 5312 5102 5288 5075 5300 5074 5312 5102 5300 5074 5290 5076 5313 5104 5291 5079 5290 5076 5313 5104 5290 5076 5301 5077 5313 5104 5301 5077 5291 5079 5314 5105 5292 5081 5291 5079 5314 5105 5291 5079 5302 5078 5314 5105 5302 5078 5292 5081 5315 5106 5293 5083 5292 5081 5315 5106 5292 5081 5303 5080 5315 5106 5303 5080 5293 5083 5316 5107 5295 5108 5294 5084 5316 5107 5304 5082 5305 5109 5316 5107 5294 5084 5304 5082 5316 5107 5305 5109 5295 5108 5317 5110 5281 5111 5295 5108 5317 5110 5305 5109 5306 5087 5317 5110 5295 5108 5305 5109 5317 5110 5306 5087 5281 5111 5318 5112 5282 5086 5281 5111 5318 5112 5281 5111 5306 5087 5318 5112 5306 5087 5282 5086 5319 5113 5283 5089 5282 5086 5319 5113 5282 5086 5307 5085 5319 5113 5307 5085 5283 5089 5330 5114 5334 5115 5346 5116 5347 5117 5336 5118 5335 5119 5347 5117 5335 5119 5329 5120 5348 5121 5328 5122 5327 5123 5348 5121 5329 5120 5328 5122 5348 5121 5347 5117 5329 5120 5349 5124 5337 5125 5336 5118 5349 5124 5336 5118 5347 5117 5350 5126 5327 5123 5326 5127 5350 5126 5348 5121 5327 5123 5350 5126 5349 5124 5347 5117 5350 5126 5347 5117 5348 5121 5351 5128 5338 5129 5337 5125 5351 5128 5337 5125 5349 5124 5352 5130 5326 5127 5325 5131 5352 5130 5351 5128 5349 5124 5352 5130 5350 5126 5326 5127 5352 5130 5349 5124 5350 5126 5353 5132 5339 5133 5338 5129 5353 5132 5338 5129 5351 5128 5353 5132 5351 5128 5352 5130 5354 5134 5325 5131 5324 5135 5354 5134 5353 5132 5352 5130 5354 5134 5352 5130 5325 5131 5355 5136 5340 5137 5339 5133 5355 5136 5339 5133 5353 5132 5356 5138 5324 5135 5323 5139 5356 5138 5354 5134 5324 5135 5356 5138 5353 5132 5354 5134 5356 5138 5355 5136 5353 5132 5357 5140 5341 5141 5340 5137 5357 5140 5340 5137 5355 5136 5358 5142 5323 5139 5322 5143 5358 5142 5357 5140 5355 5136 5358 5142 5356 5138 5323 5139 5358 5142 5355 5136 5356 5138 5359 5144 5341 5141 5357 5140 5360 5145 5322 5143 5321 5146 5360 5145 5358 5142 5322 5143 5360 5145 5357 5140 5358 5142 5360 5145 5359 5144 5357 5140 5361 5147 5342 5148 5341 5141 5361 5147 5341 5141 5359 5144 5361 5147 5359 5144 5360 5145 5362 5149 5321 5146 5320 5150 5362 5149 5320 5150 5361 5147 5362 5149 5360 5145 5321 5146 5362 5149 5361 5147 5360 5145 5363 5151 5343 5152 5342 5148 5363 5151 5344 5153 5343 5152 5363 5151 5361 5147 5320 5150 5363 5151 5342 5148 5361 5147 5364 5154 5333 5155 5332 5156 5364 5154 5320 5150 5333 5155 5364 5154 5363 5151 5320 5150 5364 5154 5332 5156 5363 5151 5365 5157 5344 5153 5363 5151 5365 5157 5345 5158 5344 5153 5365 5157 5363 5151 5332 5156 5366 5159 5365 5157 5332 5156 5366 5159 5332 5156 5331 5160 5366 5159 5331 5160 5365 5157 5367 5161 5345 5158 5365 5157 5367 5161 5346 5116 5345 5158 5367 5161 5365 5157 5331 5160 5367 5161 5330 5114 5346 5116 5368 5162 5331 5160 5330 5114 5368 5162 5367 5161 5331 5160 5368 5162 5330 5114 5367 5161 5377 5163 5390 5164 5378 5165 5472 5166 5473 5167 5403 5168 5471 5169 5472 5166 5403 5168 5470 5170 5471 5169 5403 5168 5469 5171 5470 5170 5403 5168 5468 5172 5469 5171 5403 5168 5467 5173 5468 5172 5403 5168 5466 5174 5467 5173 5403 5168 5404 5175 5466 5174 5403 5168 5465 5176 5466 5174 5404 5175 5465 5176 5404 5175 5405 5177 5406 5178 5465 5176 5405 5177 5464 5179 5406 5178 5407 5180 5464 5179 5465 5176 5406 5178 5463 5181 5464 5179 5407 5180 5462 5182 5463 5181 5407 5180 5461 5183 5462 5182 5407 5180 5460 5184 5461 5183 5407 5180 5459 5185 5460 5184 5407 5180 5458 5186 5459 5185 5407 5180 5457 5187 5458 5186 5407 5180 5408 5188 5457 5187 5407 5180 5408 5188 5456 5189 5457 5187 5420 5190 5427 5191 5426 5192 5420 5190 5421 5193 5427 5191 5496 5194 5395 5195 5396 5196 5496 5194 5396 5196 5397 5197 5496 5194 5397 5197 5398 5198 5497 5199 5393 5200 5394 5201 5497 5199 5394 5201 5395 5195 5497 5199 5395 5195 5496 5194 5497 5199 5496 5194 5398 5198 5498 5202 5383 5203 5382 5204 5498 5202 5384 5205 5383 5203 5498 5202 5385 5206 5384 5205 5498 5202 5386 5207 5385 5206 5498 5202 5387 5208 5386 5207 5498 5202 5388 5209 5387 5208 5498 5202 5389 5210 5388 5209 5498 5202 5390 5164 5391 5211 5498 5202 5391 5211 5392 5212 5498 5213 5392 5214 5393 5215 5498 5202 5393 5200 5497 5199 5499 5216 5398 5198 5399 5217 5499 5216 5399 5217 5400 5218 5499 5216 5400 5218 5401 5219 5500 5220 5379 5221 5378 5165 5500 5220 5380 5222 5379 5221 5500 5220 5381 5223 5380 5222 5500 5220 5382 5204 5381 5223 5500 5220 5498 5202 5382 5204 5500 5220 5390 5164 5498 5202 5500 5220 5378 5165 5390 5164 5501 5224 5497 5199 5398 5198 5501 5224 5401 5219 5476 5225 5501 5224 5398 5198 5499 5216 5501 5224 5499 5216 5401 5219 5502 5226 5372 5227 5371 5228 5502 5226 5373 5229 5372 5227 5502 5226 5374 5230 5373 5229 5502 5226 5375 5231 5374 5230 5502 5226 5376 5232 5375 5231 5502 5226 5371 5228 5389 5210 5502 5226 5389 5210 5498 5202 5502 5226 5497 5199 5501 5224 5502 5226 5498 5202 5497 5199 5503 5233 5473 5167 5474 5234 5503 5233 5474 5234 5475 5235 5503 5233 5475 5235 5476 5225 5503 5233 5476 5225 5401 5219 5503 5233 5401 5219 5402 5236 5503 5233 5402 5236 5403 5168 5503 5233 5403 5168 5473 5167 5504 5237 5370 5238 5369 5239 5504 5237 5369 5239 5376 5232 5504 5237 5502 5226 5443 5240 5504 5237 5443 5240 5370 5238 5504 5237 5376 5232 5502 5226 5505 5241 5501 5224 5476 5225 5505 5241 5476 5225 5477 5242 5505 5241 5477 5242 5478 5243 5505 5241 5478 5243 5479 5244 5505 5241 5479 5244 5480 5245 5505 5241 5480 5245 5481 5246 5505 5241 5481 5246 5482 5247 5505 5241 5482 5247 5483 5248 5505 5241 5483 5248 5484 5249 5505 5241 5484 5249 5485 5250 5506 5251 5485 5250 5486 5252 5506 5251 5501 5224 5505 5241 5506 5251 5443 5240 5502 5226 5506 5251 5505 5241 5485 5250 5506 5251 5502 5226 5501 5224 5507 5253 5506 5251 5446 5254 5507 5253 5443 5240 5506 5251 5507 5253 5444 5255 5443 5240 5507 5253 5445 5256 5444 5255 5507 5253 5446 5254 5445 5256 5508 5257 5408 5188 5409 5258 5508 5257 5409 5258 5410 5259 5508 5257 5456 5189 5408 5188 5508 5257 5455 5260 5456 5189 5509 5261 5486 5252 5487 5262 5509 5261 5487 5262 5488 5263 5509 5261 5446 5254 5506 5251 5509 5261 5506 5251 5486 5252 5510 5264 5491 5265 5492 5266 5510 5264 5492 5266 5493 5267 5510 5264 5493 5267 5494 5268 5510 5264 5494 5268 5495 5269 5510 5264 5495 5269 5455 5260 5510 5264 5455 5260 5508 5257 5510 5264 5508 5257 5410 5259 5511 5270 5509 5261 5450 5271 5511 5270 5447 5272 5446 5254 5511 5270 5448 5273 5447 5272 5511 5270 5449 5274 5448 5273 5511 5270 5450 5271 5449 5274 5511 5270 5446 5254 5509 5261 5512 5275 5410 5259 5411 5276 5512 5275 5411 5276 5412 5277 5513 5278 5488 5263 5489 5279 5513 5278 5489 5279 5490 5280 5513 5278 5490 5280 5491 5265 5513 5278 5491 5265 5510 5264 5513 5278 5509 5261 5488 5263 5513 5278 5450 5271 5509 5261 5514 5281 5512 5275 5412 5277 5514 5281 5510 5264 5410 5259 5514 5281 5410 5259 5512 5275 5515 5282 5513 5278 5453 5283 5515 5282 5450 5271 5513 5278 5515 5282 5451 5284 5450 5271 5515 5282 5452 5285 5451 5284 5515 5282 5453 5283 5452 5285 5516 5286 5412 5277 5413 5287 5516 5286 5413 5287 5414 5288 5516 5286 5414 5288 5415 5289 5517 5290 5453 5283 5513 5278 5517 5290 5430 5291 5429 5292 5517 5290 5431 5293 5430 5291 5517 5290 5432 5294 5431 5293 5517 5290 5433 5295 5432 5294 5517 5290 5434 5296 5433 5295 5517 5290 5435 5297 5434 5296 5517 5290 5454 5298 5453 5283 5517 5290 5513 5278 5510 5264 5517 5290 5510 5264 5514 5281 5518 5299 5415 5289 5416 5300 5518 5299 5412 5277 5516 5286 5518 5299 5516 5286 5415 5289 5518 5299 5514 5281 5412 5277 5519 5301 5517 5290 5429 5292 5519 5301 5454 5298 5517 5290 5519 5301 5429 5292 5428 5302 5519 5301 5428 5302 5442 5303 5519 5301 5442 5303 5454 5298 5520 5304 5514 5281 5518 5299 5520 5304 5436 5305 5435 5297 5520 5304 5437 5306 5436 5305 5520 5304 5438 5307 5437 5306 5520 5304 5439 5308 5438 5307 5520 5304 5440 5309 5439 5308 5520 5304 5441 5310 5440 5309 5520 5304 5517 5290 5514 5281 5520 5304 5435 5297 5517 5290 5521 5311 5441 5310 5520 5304 5521 5311 5423 5312 5422 5313 5521 5311 5424 5314 5423 5312 5521 5311 5425 5315 5424 5314 5521 5311 5426 5192 5425 5315 5521 5311 5422 5313 5441 5310 5521 5311 5420 5190 5426 5192 5521 5311 5520 5304 5420 5190 5522 5316 5416 5300 5417 5317 5522 5318 5417 5214 5418 5319 5522 5316 5418 5320 5419 5321 5522 5316 5419 5321 5420 5190 5522 5316 5518 5299 5416 5300 5522 5316 5520 5304 5518 5299 5522 5316 5420 5190 5520 5304 5545 5322 5546 5323 5523 5324 5544 5325 5523 5324 5524 5326 5544 5325 5545 5322 5523 5324 5543 5327 5544 5325 5524 5326 5542 5328 5524 5326 5525 5329 5542 5328 5543 5327 5524 5326 5541 5330 5542 5328 5525 5329 5540 5331 5525 5329 5526 5332 5540 5331 5541 5330 5525 5329 5539 5333 5526 5332 5527 5334 5539 5333 5540 5331 5526 5332 5538 5335 5539 5333 5527 5334 5537 5336 5527 5334 5528 5337 5537 5336 5538 5335 5527 5334 5536 5338 5528 5337 5529 5339 5536 5338 5537 5336 5528 5337 5535 5340 5529 5339 5530 5341 5535 5340 5536 5338 5529 5339 5534 5342 5530 5341 5531 5343 5534 5342 5535 5340 5530 5341 5533 5344 5531 5343 5532 5345 5533 5344 5534 5342 5531 5343 5552 5346 5547 5347 5548 5348 5558 5349 5547 5347 5552 5346 5551 5350 5558 5349 5552 5346 5559 5351 5558 5349 5551 5350 5550 5352 5559 5351 5551 5350 5560 5353 5559 5351 5550 5352 5549 5354 5560 5353 5550 5352 5561 5355 5560 5353 5549 5354 5556 5356 5561 5355 5549 5354 5562 5357 5561 5355 5556 5356 5555 5358 5562 5357 5556 5356 5563 5359 5562 5357 5555 5358 5554 5360 5563 5359 5555 5358 5564 5361 5563 5359 5554 5360 5565 5362 5564 5361 5554 5360 5553 5363 5565 5362 5554 5360 5557 5364 5565 5362 5553 5363 5569 5365 5566 5366 5567 5367 5569 5365 5567 5367 5568 5368 5570 5369 5566 5366 5569 5365 5572 5370 5575 5371 5571 5372 5573 5373 5574 5374 5575 5371 5573 5373 5575 5371 5572 5370</p>
        </triangles>
        <triangles material="mat_4_003-material" count="472">
          <input semantic="VERTEX" source="#link3-mesh-vertices" offset="0"/>
          <input semantic="NORMAL" source="#link3-mesh-normals" offset="1"/>
          <p>5578 429 5576 429 5579 429 5577 429 5576 429 5578 429 5587 5375 5583 5376 5584 5377 5587 5375 5586 5378 5583 5376 5588 5379 5584 5377 5585 5380 5588 5379 5587 5375 5584 5377 5589 5381 5585 5380 5582 5382 5589 5381 5588 5379 5585 5380 5580 708 5582 5382 5581 708 5580 708 5589 5381 5582 5382 5592 5383 5594 5384 5593 5385 5592 5383 5597 5386 5594 5384 5591 5387 5596 5388 5597 5386 5591 5387 5597 5386 5592 5383 5590 5389 5595 5390 5596 5388 5590 5389 5596 5388 5591 5387 5606 5391 5598 5392 5605 5393 5599 5394 5598 5392 5606 5391 5607 5395 5599 5394 5606 5391 5600 5396 5599 5394 5607 5395 5604 5397 5600 5396 5607 5395 5601 566 5600 5396 5604 5397 5603 566 5601 566 5604 5397 5602 566 5601 566 5603 566 5631 5398 5632 1441 5633 5399 5631 5398 5633 5399 5634 5400 5631 5398 5634 5400 5635 5401 5631 5398 5635 5401 5636 5402 5631 5398 5636 5402 5637 5403 5631 5398 5637 5403 5638 5404 5631 5398 5638 5404 5639 5405 5631 5398 5639 5405 5640 5406 5641 5407 5631 5398 5640 5406 5628 5408 5629 1441 5630 5409 5627 5410 5628 5408 5630 5409 5626 5411 5627 5410 5630 5409 5625 1441 5626 5411 5630 5409 5624 5412 5625 1441 5630 5409 5623 5413 5624 5412 5630 5409 5622 5414 5623 5413 5630 5409 5621 5415 5622 5414 5630 5409 5609 5416 5641 5407 5642 5417 5609 5416 5642 5417 5643 5418 5609 5416 5643 5418 5644 5419 5609 5416 5644 5419 5645 5420 5609 5416 5645 5420 5646 5421 5609 5416 5646 5421 5647 5422 5609 5416 5647 5422 5648 5423 5609 5416 5648 5423 5649 5424 5609 5416 5631 5398 5641 5407 5608 1441 5609 5416 5649 5424 5620 5425 5621 5415 5630 5409 5610 5426 5620 5425 5630 5409 5610 5426 5630 5409 5631 5398 5610 5426 5631 5398 5609 5416 5619 5427 5620 5425 5610 5426 5612 5428 5610 5426 5611 1441 5618 5429 5619 5427 5610 5426 5613 5430 5610 5426 5612 5428 5617 5431 5618 5429 5610 5426 5614 5432 5610 5426 5613 5430 5616 5433 5617 5431 5610 5426 5615 1441 5610 5426 5614 5432 5615 1441 5616 5433 5610 5426 5651 5434 5650 5435 5661 5436 5651 5434 5661 5436 5679 5437 5652 5438 5679 5437 5678 5439 5652 5438 5651 5434 5679 5437 5653 5440 5678 5439 5677 5441 5653 5440 5652 5438 5678 5439 5654 5442 5677 5441 5676 5443 5654 5442 5653 5440 5677 5441 5655 5444 5676 5443 5675 5445 5655 5444 5654 5442 5676 5443 5656 5446 5675 5445 5674 5447 5656 5446 5655 5444 5675 5445 5657 5448 5674 5447 5673 5449 5657 5448 5656 5446 5674 5447 5658 5450 5673 5449 5672 5451 5658 5450 5657 5448 5673 5449 5689 5452 5672 5451 5671 5453 5670 5454 5689 5452 5671 5453 5659 5455 5672 5451 5689 5452 5659 5455 5658 5450 5672 5451 5688 5456 5689 5452 5670 5454 5669 5457 5688 5456 5670 5454 5660 5458 5659 5455 5689 5452 5687 5459 5688 5456 5669 5457 5668 5460 5687 5459 5669 5457 5686 5461 5687 5459 5668 5460 5667 5462 5686 5461 5668 5460 5685 5463 5686 5461 5667 5462 5666 5464 5685 5463 5667 5462 5684 5465 5685 5463 5666 5464 5665 5466 5684 5465 5666 5464 5683 5467 5684 5465 5665 5466 5664 5468 5683 5467 5665 5466 5682 5469 5683 5467 5664 5468 5663 5470 5682 5469 5664 5468 5681 5471 5682 5469 5663 5470 5662 5472 5681 5471 5663 5470 5680 5473 5681 5471 5662 5472 5691 5474 5690 5475 5703 5476 5720 5477 5702 5478 5701 5479 5720 5477 5715 5480 5716 5481 5720 5477 5716 5481 5717 5482 5720 5477 5717 5482 5718 5483 5720 5477 5718 5483 5719 5484 5720 5477 5719 5484 5702 5478 5721 5485 5714 5486 5715 5480 5721 5485 5715 5480 5720 5477 5722 5487 5721 5485 5720 5477 5722 5487 5701 5479 5721 5485 5722 5487 5720 5477 5701 5479 5723 5488 5713 5489 5714 5486 5723 5488 5714 5486 5721 5485 5723 5488 5721 5485 5701 5479 5724 5490 5712 5491 5713 5489 5725 5492 5724 5490 5713 5489 5725 5492 5713 5489 5723 5488 5726 5493 5711 5494 5712 5491 5726 5493 5712 5491 5724 5490 5727 5495 5701 5479 5700 5496 5727 5495 5700 5496 5725 5492 5727 5495 5725 5492 5723 5488 5727 5495 5723 5488 5701 5479 5728 5497 5710 5498 5711 5494 5728 5497 5711 5494 5726 5493 5729 5499 5700 5496 5699 5500 5729 5499 5725 5492 5700 5496 5729 5499 5724 5490 5725 5492 5729 5499 5726 5493 5724 5490 5730 5501 5728 5497 5726 5493 5730 5501 5710 5498 5728 5497 5730 5501 5726 5493 5729 5499 5731 5502 5730 5501 5729 5499 5732 5503 5709 5504 5710 5498 5733 5505 5731 5502 5729 5499 5733 5505 5729 5499 5699 5500 5734 5506 5732 5503 5710 5498 5734 5506 5710 5498 5730 5501 5735 5507 5734 5506 5730 5501 5735 5507 5699 5500 5698 5508 5735 5507 5730 5501 5731 5502 5735 5507 5733 5505 5699 5500 5735 5507 5731 5502 5733 5505 5736 5509 5708 5510 5709 5504 5736 5509 5732 5503 5734 5506 5736 5509 5709 5504 5732 5503 5737 5511 5736 5509 5734 5506 5738 5512 5708 5510 5736 5509 5738 5512 5707 5513 5708 5510 5739 5514 5698 5508 5697 5515 5739 5514 5735 5507 5698 5508 5739 5514 5737 5511 5734 5506 5739 5514 5734 5506 5735 5507 5740 5516 5738 5512 5736 5509 5740 5516 5736 5509 5737 5511 5741 5517 5706 5518 5707 5513 5742 5519 5737 5511 5739 5514 5742 5519 5740 5516 5737 5511 5743 5520 5707 5513 5738 5512 5743 5520 5741 5517 5707 5513 5744 5521 5739 5514 5697 5515 5744 5521 5742 5519 5739 5514 5745 5522 5705 5523 5706 5518 5745 5522 5706 5518 5741 5517 5746 5524 5738 5512 5740 5516 5746 5524 5743 5520 5738 5512 5747 5525 5745 5522 5741 5517 5747 5525 5743 5520 5746 5524 5747 5525 5741 5517 5743 5520 5748 5526 5697 5515 5696 5527 5748 5526 5744 5521 5697 5515 5748 5526 5740 5516 5742 5519 5748 5526 5746 5524 5740 5516 5748 5526 5742 5519 5744 5521 5749 5528 5704 5529 5705 5523 5749 5528 5705 5523 5745 5522 5749 5528 5745 5522 5747 5525 5750 5530 5747 5525 5746 5524 5751 5531 5749 5528 5747 5525 5751 5531 5747 5525 5750 5530 5751 5531 5704 5529 5749 5528 5752 5532 5696 5527 5695 5533 5752 5532 5750 5530 5746 5524 5752 5532 5746 5524 5748 5526 5752 5532 5748 5526 5696 5527 5753 5534 5751 5531 5750 5530 5754 5535 5703 5476 5704 5529 5754 5535 5691 5474 5703 5476 5755 5536 5750 5530 5752 5532 5755 5536 5753 5534 5750 5530 5756 5537 5695 5533 5694 5538 5756 5537 5752 5532 5695 5533 5756 5537 5755 5536 5752 5532 5757 5539 5704 5529 5751 5531 5757 5539 5691 5474 5754 5535 5757 5539 5754 5535 5704 5529 5758 5540 5692 5541 5691 5474 5758 5540 5751 5531 5753 5534 5758 5540 5691 5474 5757 5539 5758 5540 5757 5539 5751 5531 5759 5542 5693 5543 5692 5541 5759 5542 5753 5534 5755 5536 5759 5542 5692 5541 5758 5540 5759 5542 5758 5540 5753 5534 5760 5544 5694 5538 5693 5543 5760 5544 5693 5543 5759 5542 5760 5544 5755 5536 5756 5537 5760 5544 5756 5537 5694 5538 5760 5544 5759 5542 5755 5536 5761 566 5763 566 5762 566 5761 566 5764 566 5763 566 5768 314 5765 314 5766 314 5768 314 5767 314 5765 314 5772 708 5770 708 5769 708 5772 708 5771 708 5770 708 5790 5545 5794 5546 5791 5547 5789 5548 5794 5546 5790 5545 5795 5549 5794 5546 5789 5548 5788 5550 5795 5549 5789 5548 5796 5551 5795 5549 5788 5550 5787 5552 5796 5551 5788 5550 5797 5553 5787 5552 5786 5554 5797 5553 5796 5551 5787 5552 5785 5555 5797 5553 5786 5554 5798 5556 5785 5555 5784 5557 5798 5556 5797 5553 5785 5555 5799 5558 5784 5557 5783 5559 5799 5558 5798 5556 5784 5557 5800 5560 5782 5561 5781 5562 5800 5560 5783 5559 5782 5561 5800 5560 5799 5558 5783 5559 5801 5563 5781 5562 5780 5564 5801 5563 5800 5560 5781 5562 5802 5565 5780 5564 5779 5566 5802 5565 5801 5563 5780 5564 5793 5567 5774 5568 5773 5569 5793 5567 5775 5570 5774 5568 5793 5567 5776 5571 5775 5570 5793 5567 5777 5572 5776 5571 5793 5567 5778 5573 5777 5572 5793 5567 5779 5566 5778 5573 5793 5567 5802 5565 5779 5566 5794 5546 5792 5574 5791 5547 5803 5575 5827 5576 5826 5577 5803 5575 5828 5578 5827 5576 5803 5575 5829 5579 5828 5578 5803 5575 5830 5580 5829 5579 5803 5575 5831 5581 5830 5580 5803 5575 5814 5582 5831 5581 5804 5583 5826 5577 5825 5584 5804 5583 5803 5575 5826 5577 5805 5585 5824 5586 5823 5587 5805 5585 5825 5584 5824 5586 5805 5585 5804 5583 5825 5584 5806 5588 5823 5587 5822 5589 5806 5588 5805 5585 5823 5587 5807 5590 5822 5589 5821 5591 5807 5590 5806 5588 5822 5589 5808 5592 5821 5591 5820 5593 5808 5592 5807 5590 5821 5591 5819 5594 5808 5592 5820 5593 5809 5595 5808 5592 5819 5594 5818 5596 5809 5595 5819 5594 5810 5597 5818 5596 5817 5598 5810 5597 5809 5595 5818 5596 5811 5599 5817 5598 5816 5600 5811 5599 5810 5597 5817 5598 5812 5601 5816 5600 5815 5602 5812 5601 5811 5599 5816 5600 5813 5603 5812 5601 5815 5602 5871 5604 5832 5605 5833 5606 5871 5604 5833 5606 5851 5607 5870 5608 5851 5607 5850 5609 5870 5608 5871 5604 5851 5607 5869 5610 5850 5609 5849 5611 5869 5610 5870 5608 5850 5609 5868 5612 5849 5611 5848 5613 5868 5612 5869 5610 5849 5611 5867 5614 5848 5613 5847 5615 5867 5614 5868 5612 5848 5613 5866 5616 5847 5615 5846 5617 5866 5616 5867 5614 5847 5615 5865 5618 5846 5617 5845 5619 5865 5618 5866 5616 5846 5617 5864 5620 5845 5619 5844 5621 5864 5620 5865 5618 5845 5619 5863 5622 5844 5621 5843 5623 5863 5622 5864 5620 5844 5621 5842 5624 5863 5622 5843 5623 5854 5625 5853 5626 5863 5622 5854 5625 5863 5622 5842 5624 5855 5627 5842 5624 5841 5628 5855 5627 5854 5625 5842 5624 5856 5629 5841 5628 5840 5630 5856 5629 5855 5627 5841 5628 5857 5631 5840 5630 5839 5632 5857 5631 5856 5629 5840 5630 5858 5633 5857 5631 5839 5632 5858 5633 5839 5632 5838 5634 5859 5635 5858 5633 5838 5634 5859 5635 5838 5634 5837 5636 5860 5637 5837 5636 5836 5638 5860 5637 5859 5635 5837 5636 5861 5639 5836 5638 5835 5640 5861 5639 5860 5637 5836 5638 5862 5641 5835 5640 5834 5642 5862 5641 5861 5639 5835 5640 5852 5643 5862 5641 5834 5642 5873 5644 5874 5645 5892 5646 5872 5647 5873 5644 5892 5646 5903 5648 5889 5649 5890 5650 5903 5648 5890 5650 5891 5651 5903 5648 5891 5651 5901 5652 5904 5653 5901 5652 5902 5654 5904 5653 5903 5648 5901 5652 5905 5655 5888 5656 5889 5649 5905 5655 5889 5649 5903 5648 5906 5657 5904 5653 5902 5654 5907 5658 5903 5648 5904 5653 5907 5658 5905 5655 5903 5648 5908 5659 5900 5660 5899 5661 5908 5659 5902 5654 5900 5660 5908 5659 5906 5657 5902 5654 5909 5662 5888 5656 5905 5655 5910 5663 5907 5658 5904 5653 5910 5663 5904 5653 5906 5657 5911 5664 5905 5655 5907 5658 5911 5664 5909 5662 5905 5655 5912 5665 5908 5659 5899 5661 5912 5665 5906 5657 5908 5659 5912 5665 5910 5663 5906 5657 5913 5666 5887 5667 5888 5656 5913 5666 5909 5662 5911 5664 5913 5666 5888 5656 5909 5662 5914 5668 5907 5658 5910 5663 5914 5668 5910 5663 5912 5665 5914 5668 5911 5664 5907 5658 5915 5669 5913 5666 5911 5664 5915 5669 5911 5664 5914 5668 5916 5670 5899 5661 5898 5671 5916 5670 5914 5668 5912 5665 5916 5670 5912 5665 5899 5661 5917 5672 5915 5669 5914 5668 5918 5673 5885 5674 5886 5675 5918 5673 5886 5675 5887 5667 5918 5673 5887 5667 5913 5666 5919 5676 5914 5668 5916 5670 5919 5676 5917 5672 5914 5668 5919 5676 5916 5670 5898 5671 5920 5677 5915 5669 5917 5672 5920 5677 5918 5673 5913 5666 5920 5677 5913 5666 5915 5669 5921 5678 5885 5674 5918 5673 5922 5679 5917 5672 5919 5676 5922 5679 5920 5677 5917 5672 5923 5680 5921 5678 5918 5673 5923 5680 5918 5673 5920 5677 5924 5681 5919 5676 5898 5671 5924 5681 5922 5679 5919 5676 5924 5681 5898 5671 5897 5682 5925 5683 5884 5684 5885 5674 5925 5683 5885 5674 5921 5678 5926 5685 5920 5677 5922 5679 5926 5685 5923 5680 5920 5677 5927 5686 5921 5678 5923 5680 5927 5686 5884 5684 5925 5683 5927 5686 5925 5683 5921 5678 5928 5687 5926 5685 5922 5679 5928 5687 5922 5679 5924 5681 5928 5687 5924 5681 5897 5682 5928 5687 5897 5682 5896 5688 5929 5689 5923 5680 5926 5685 5929 5689 5927 5686 5923 5680 5930 5690 5926 5685 5928 5687 5930 5690 5929 5689 5926 5685 5930 5690 5928 5687 5896 5688 5931 5691 5882 5692 5883 5693 5931 5691 5883 5693 5884 5684 5931 5691 5884 5684 5927 5686 5932 5694 5927 5686 5929 5689 5932 5694 5931 5691 5927 5686 5933 5695 5896 5688 5895 5696 5933 5695 5930 5690 5896 5688 5933 5695 5929 5689 5930 5690 5933 5695 5932 5694 5929 5689 5934 5697 5882 5692 5931 5691 5935 5698 5931 5691 5932 5694 5935 5698 5934 5697 5931 5691 5936 5699 5881 5700 5882 5692 5936 5699 5882 5692 5934 5697 5937 5701 5895 5696 5894 5702 5937 5701 5933 5695 5895 5696 5937 5701 5932 5694 5933 5695 5937 5701 5935 5698 5932 5694 5938 5703 5881 5700 5936 5699 5938 5703 5934 5697 5935 5698 5938 5703 5936 5699 5934 5697 5939 5704 5935 5698 5937 5701 5939 5704 5938 5703 5935 5698 5939 5704 5937 5701 5894 5702 5940 5705 5879 5706 5880 5707 5940 5705 5880 5707 5881 5700 5940 5705 5881 5700 5938 5703 5940 5705 5938 5703 5939 5704 5941 5708 5894 5702 5893 5709 5941 5708 5939 5704 5894 5702 5941 5708 5940 5705 5939 5704 5942 5710 5879 5706 5940 5705 5943 5711 5893 5709 5892 5646 5943 5711 5941 5708 5893 5709 5943 5711 5940 5705 5941 5708 5943 5711 5942 5710 5940 5705 5944 5712 5878 5713 5879 5706 5944 5712 5879 5706 5942 5710 5944 5712 5942 5710 5943 5711 5945 5714 5877 5715 5878 5713 5945 5714 5878 5713 5944 5712 5945 5714 5943 5711 5892 5646 5945 5714 5944 5712 5943 5711 5946 5716 5874 5645 5875 5717 5946 5716 5875 5717 5876 5718 5946 5716 5876 5718 5877 5715 5946 5716 5877 5715 5945 5714 5946 5716 5945 5714 5892 5646 5946 5716 5892 5646 5874 5645 5972 5719 5975 5720 5976 5721 5972 5719 5976 5721 5977 5722 5972 5719 5977 5722 5978 5723 5972 5719 5978 5723 5979 5724 5972 5719 5979 5724 5980 5725 5972 5719 5980 5725 5981 5726 5972 5719 5981 5726 5982 5727 5972 5719 5982 5727 5983 5728 5972 5719 5983 5728 5973 366 5974 5729 5975 5720 5972 5719 5962 5728 5971 5730 5961 366 5963 5731 5971 5730 5962 5728 5964 5732 5971 5730 5963 5731 5965 5733 5971 5730 5964 5732 5966 5734 5971 5730 5965 5733 5967 5735 5971 5730 5966 5734 5968 5736 5971 5730 5967 5735 5969 366 5971 5730 5968 5736 5970 366 5971 5730 5969 366 5951 5737 5971 5730 5970 366 5951 5737 5972 5719 5971 5730 5951 5737 5974 5729 5972 5719 5947 5738 5984 5739 5985 5740 5947 5738 5985 5740 5986 5741 5947 5738 5986 5741 5987 5742 5947 5738 5987 5742 5988 5743 5947 5738 5988 5743 5989 5744 5947 5738 5989 5744 5990 5745 5947 5738 5990 5745 5991 5746 5947 5738 5991 5746 5992 5747 5947 5738 5992 5747 5974 5729 5948 366 5984 5739 5947 5738 5949 5748 5974 5729 5951 5737 5949 5748 5947 5738 5974 5729 5952 366 5949 5748 5951 5737 5960 5749 5950 366 5949 5748 5953 5750 5949 5748 5952 366 5959 5751 5960 5749 5949 5748 5954 5752 5949 5748 5953 5750 5958 5753 5959 5751 5949 5748 5955 366 5949 5748 5954 5752 5957 5754 5958 5753 5949 5748 5956 5755 5949 5748 5955 366 5956 5755 5957 5754 5949 5748</p>
        </triangles>
      </mesh>
    </geometry>
  </library_geometries>
  <library_visual_scenes>
    <visual_scene id="Scene" name="Scene">
      <node id="link3" name="link3" type="NODE">
        <matrix sid="transform">1 0 0 0 0 7.54979e-8 -1 0 0 1 7.54979e-8 0 0 0 0 1</matrix>
        <instance_geometry url="#link3-mesh" name="link3">
          <bind_material>
            <technique_common>
              <instance_material symbol="mat_1_005-material" target="#mat_1_005-material"/>
              <instance_material symbol="mat_2_005-material" target="#mat_2_005-material"/>
              <instance_material symbol="mat_3_005-material" target="#mat_3_005-material"/>
              <instance_material symbol="mat_4_003-material" target="#mat_4_003-material"/>
            </technique_common>
          </bind_material>
        </instance_geometry>
      </node>
    </visual_scene>
  </library_visual_scenes>
  <scene>
    <instance_visual_scene url="#Scene"/>
  </scene>
</COLLADA>