# https://github.com/mikedh/trimesh
v 0.00321687 -0.08030575 0.93389398
v -0.00564092 -0.08052575 0.93367398
v 0.00000001 -0.08020001 0.93399978
v 0.00640631 -0.08062064 0.93357921
v -0.01113687 -0.08148241 0.93271738
v -0.00564092 -0.08052575 0.93367398
v 0.00640631 -0.08062064 0.93357921
v -0.00564092 -0.08052575 0.93367398
v 0.00321687 -0.08030575 0.93389398
v 0.01193905 -0.08167678 0.93252301
v -0.01636682 -0.08301424 0.93118560
v 0.01193905 -0.08167678 0.93252301
v -0.01113687 -0.08148241 0.93271738
v 0.00640631 -0.08062064 0.93357921
v 0.01774449 -0.08352583 0.93067402
v -0.02124588 -0.08504563 0.92915422
v 0.02364707 -0.08628368 0.92791623
v -0.02572428 -0.08749556 0.92670423
v -0.02124588 -0.08504563 0.92915422
v 0.02364707 -0.08628368 0.92791623
v 0.02987624 -0.09036177 0.92383802
v -0.02978168 -0.09028929 0.92391062
v -0.03341524 -0.09336125 0.92083848
v 0.03625751 -0.09623962 0.91796023
v -0.03761517 -0.09779787 0.91640192
v -0.03341524 -0.09336125 0.92083848
v 0.04159463 -0.10329860 0.91090131
v -0.04149584 -0.10314060 0.91105920
v -0.04452924 -0.10875151 0.90544832
v 0.04611940 -0.11264709 0.90155268
v -0.04704331 -0.11549151 0.89870840
v 0.04852343 -0.12238279 0.89181697
v -0.04852347 -0.12238330 0.89181650
v 0.04898078 -0.12782770 0.88637209
v -0.04877220 -0.13391919 0.88028067
v 0.04882974 -0.13328139 0.88091850
v 0.04725200 -0.14217100 0.87202883
v -0.04627989 -0.14529879 0.86890101
v 0.04442222 -0.14988010 0.86431980
v -0.04158780 -0.15511240 0.85908741
v 0.00561096 -0.17787780 0.83632201
v -0.00547622 -0.17789321 0.83630669
v -0.01082203 -0.17699000 0.83720982
v 0.00000002 -0.17820010 0.83599979
v 0.04137398 -0.15545250 0.85874742
v 0.01107915 -0.17693110 0.83726871
v 0.00561096 -0.17787780 0.83632201
v -0.01082203 -0.17699000 0.83720982
v 0.01628526 -0.17541461 0.83878517
v -0.01705370 -0.17513660 0.83906323
v 0.03748602 -0.16075620 0.85344362
v -0.03597907 -0.16246420 0.85173571
v 0.02114500 -0.17340291 0.84079701
v 0.02114500 -0.17340291 0.84079701
v -0.01705370 -0.17513660 0.83906323
v -0.02338265 -0.17226110 0.84193879
v 0.03328640 -0.16515860 0.84904128
v -0.02975092 -0.16813441 0.84606552
v 0.02560969 -0.17097500 0.84322488
v -0.02338265 -0.17226110 0.84193879
v 0.02965773 -0.16820540 0.84599441
v 0.02965773 -0.16820540 0.84599441
v 0.03149999 -0.18397041 0.86576980
v 0.03149999 -0.18389390 0.86503911
v 0.03149999 -0.18428370 0.86545622
v 0.03149999 -0.18457679 0.86577028
v 0.03149999 -0.18402790 0.86631918
v 0.03149999 -0.18457679 0.86577028
v 0.02249999 -0.18960799 0.86073911
v 0.02249999 -0.19002309 0.86032403
v 0.02249999 -0.18990479 0.85996521
v 0.02249999 -0.18946020 0.85947281
v 0.02868457 -0.18618651 0.86416060
v 0.02549501 -0.18818121 0.86216599
v 0.02543516 -0.18798360 0.86094922
v 0.02893384 -0.18582390 0.86311042
v 0.03149999 -0.18402790 0.86631918
v 0.03149999 -0.18397041 0.86576980
v 0.03149999 -0.18389390 0.86503911
v 0.02549501 -0.18818121 0.86216599
v 0.02249999 -0.18960799 0.86073911
v 0.02249999 -0.18946020 0.85947281
v 0.02543516 -0.18798360 0.86094922
v 0.02895339 -0.18308090 0.86726618
v 0.02863909 -0.18330321 0.86704391
v 0.03149999 -0.18402790 0.86631918
v 0.02827497 -0.18348350 0.86686373
v 0.02868457 -0.18618651 0.86416060
v 0.03149999 -0.18402790 0.86631918
v 0.02827497 -0.18348350 0.86686373
v 0.03149999 -0.18402790 0.86631918
v 0.02863909 -0.18330321 0.86704391
v 0.02920838 -0.18282349 0.86752361
v 0.02895339 -0.18308090 0.86726618
v 0.03149999 -0.18402790 0.86631918
v 0.02787216 -0.18361630 0.86673081
v 0.02868457 -0.18618651 0.86416060
v 0.02827497 -0.18348350 0.86686373
v 0.02939619 -0.18253860 0.86780852
v 0.03149999 -0.18402790 0.86631918
v 0.03149999 -0.18192190 0.86842519
v 0.02939619 -0.18253860 0.86780852
v 0.02920838 -0.18282349 0.86752361
v 0.03149999 -0.18402790 0.86631918
v 0.02744277 -0.18369770 0.86664951
v 0.02868457 -0.18618651 0.86416060
v 0.02787216 -0.18361630 0.86673081
v 0.02951123 -0.18223500 0.86811209
v 0.02939619 -0.18253860 0.86780852
v 0.03149999 -0.18192190 0.86842519
v 0.02699997 -0.18372500 0.86662209
v 0.02868457 -0.18618651 0.86416060
v 0.02744277 -0.18369770 0.86664951
v 0.02954997 -0.18192190 0.86842519
v 0.03149999 -0.18192190 0.86842519
v 0.03143639 -0.18138890 0.86895818
v 0.02954997 -0.18192190 0.86842519
v 0.02951123 -0.18223500 0.86811209
v 0.03149999 -0.18192190 0.86842519
v 0.02655716 -0.18369770 0.86664951
v 0.02868457 -0.18618651 0.86416060
v 0.02699997 -0.18372500 0.86662209
v 0.02951123 -0.18160880 0.86873829
v 0.03143639 -0.18138890 0.86895818
v 0.03124744 -0.18087099 0.86947608
v 0.02951123 -0.18160880 0.86873829
v 0.02954997 -0.18192190 0.86842519
v 0.03143639 -0.18138890 0.86895818
v 0.02612783 -0.18361630 0.86673081
v 0.02549501 -0.18818121 0.86216599
v 0.02868457 -0.18618651 0.86416060
v 0.02612783 -0.18361630 0.86673081
v 0.02868457 -0.18618651 0.86416060
v 0.02655716 -0.18369770 0.86664951
v 0.02939619 -0.18130520 0.86904192
v 0.02951123 -0.18160880 0.86873829
v 0.03124744 -0.18087099 0.86947608
v 0.02939619 -0.18130520 0.86904192
v 0.03124744 -0.18087099 0.86947608
v 0.03093852 -0.18038270 0.86996442
v 0.02572496 -0.18348350 0.86686373
v 0.02549501 -0.18818121 0.86216599
v 0.02612783 -0.18361630 0.86673081
v 0.02920838 -0.18102030 0.86932677
v 0.02939619 -0.18130520 0.86904192
v 0.03093852 -0.18038270 0.86996442
v 0.03051824 -0.17993800 0.87040907
v 0.02920838 -0.18102030 0.86932677
v 0.03093852 -0.18038270 0.86996442
v 0.02536090 -0.18330321 0.86704391
v 0.02549501 -0.18818121 0.86216599
v 0.02572496 -0.18348350 0.86686373
v 0.02895338 -0.18076290 0.86958420
v 0.02920838 -0.18102030 0.86932677
v 0.03051824 -0.17993800 0.87040907
v 0.02504660 -0.18308090 0.86726618
v 0.02549501 -0.18818121 0.86216599
v 0.02536090 -0.18330321 0.86704391
v 0.02249999 -0.18960799 0.86073911
v 0.02999856 -0.17954931 0.87079781
v 0.02895338 -0.18076290 0.86958420
v 0.03051824 -0.17993800 0.87040907
v 0.02999856 -0.17954931 0.87079781
v 0.02863909 -0.18054061 0.86980653
v 0.02895338 -0.18076290 0.86958420
v 0.02939411 -0.17922769 0.87111938
v 0.02863909 -0.18054061 0.86980653
v 0.02999856 -0.17954931 0.87079781
v 0.02939411 -0.17922769 0.87111938
v 0.02827496 -0.18036041 0.86998677
v 0.02863909 -0.18054061 0.86980653
v 0.02872206 -0.17898209 0.87136501
v 0.02827496 -0.18036041 0.86998677
v 0.02872206 -0.17898209 0.87136501
v 0.02787215 -0.18022750 0.87011957
v 0.02827496 -0.18036041 0.86998677
v 0.02800131 -0.17881970 0.87152737
v 0.02787215 -0.18022750 0.87011957
v 0.02872206 -0.17898209 0.87136501
v 0.02800131 -0.17881970 0.87152737
v 0.02744276 -0.18014620 0.87020087
v 0.02787215 -0.18022750 0.87011957
v 0.02725233 -0.17874490 0.87160218
v 0.02699997 -0.18011880 0.87022829
v 0.02744276 -0.18014620 0.87020087
v 0.02725233 -0.17874490 0.87160218
v 0.02744276 -0.18014620 0.87020087
v 0.02800131 -0.17881970 0.87152737
v 0.02249999 -0.18192190 0.86842519
v 0.02249999 -0.18192190 0.86842519
v 0.02504660 -0.18308090 0.86726618
v 0.02479161 -0.18282349 0.86752361
v 0.02249999 -0.18192190 0.86842519
v 0.02479161 -0.18282349 0.86752361
v 0.02460380 -0.18253860 0.86780852
v 0.02249999 -0.18192190 0.86842519
v 0.02460380 -0.18253860 0.86780852
v 0.02448870 -0.18223500 0.86811209
v 0.02249999 -0.18192190 0.86842519
v 0.02448870 -0.18223500 0.86811209
v 0.02444996 -0.18192190 0.86842519
v 0.02649613 -0.17875990 0.87158722
v 0.02699997 -0.18011880 0.87022829
v 0.02725233 -0.17874490 0.87160218
v 0.02649613 -0.17875990 0.87158722
v 0.02655715 -0.18014620 0.87020087
v 0.02699997 -0.18011880 0.87022829
v 0.02255537 -0.18142420 0.86892301
v 0.02444996 -0.18192190 0.86842519
v 0.02448870 -0.18160880 0.86873829
v 0.02255537 -0.18142420 0.86892301
v 0.02249999 -0.18192190 0.86842519
v 0.02444996 -0.18192190 0.86842519
v 0.02575422 -0.17886430 0.87148279
v 0.02655715 -0.18014620 0.87020087
v 0.02649613 -0.17875990 0.87158722
v 0.02575422 -0.17886430 0.87148279
v 0.02612782 -0.18022750 0.87011957
v 0.02655715 -0.18014620 0.87020087
v 0.02272023 -0.18093860 0.86940849
v 0.02255537 -0.18142420 0.86892301
v 0.02448870 -0.18160880 0.86873829
v 0.02272023 -0.18093860 0.86940849
v 0.02448870 -0.18160880 0.86873829
v 0.02460380 -0.18130520 0.86904192
v 0.02504749 -0.17905501 0.87129211
v 0.02612782 -0.18022750 0.87011957
v 0.02575422 -0.17886430 0.87148279
v 0.02504749 -0.17905501 0.87129211
v 0.02572495 -0.18036041 0.86998677
v 0.02612782 -0.18022750 0.87011957
v 0.02299047 -0.18047731 0.86986983
v 0.02460380 -0.18130520 0.86904192
v 0.02479161 -0.18102030 0.86932677
v 0.02299047 -0.18047731 0.86986983
v 0.02272023 -0.18093860 0.86940849
v 0.02460380 -0.18130520 0.86904192
v 0.02439596 -0.17932680 0.87102032
v 0.02572495 -0.18036041 0.86998677
v 0.02504749 -0.17905501 0.87129211
v 0.02439596 -0.17932680 0.87102032
v 0.02536090 -0.18054061 0.86980653
v 0.02572495 -0.18036041 0.86998677
v 0.02335943 -0.18005159 0.87029552
v 0.02299047 -0.18047731 0.86986983
v 0.02479161 -0.18102030 0.86932677
v 0.02335943 -0.18005159 0.87029552
v 0.02479161 -0.18102030 0.86932677
v 0.02504659 -0.18076290 0.86958420
v 0.02381803 -0.17967190 0.87067521
v 0.02504659 -0.18076290 0.86958420
v 0.02536090 -0.18054061 0.86980653
v 0.02381803 -0.17967190 0.87067521
v 0.02536090 -0.18054061 0.86980653
v 0.02439596 -0.17932680 0.87102032
v 0.02335943 -0.18005159 0.87029552
v 0.02504659 -0.18076290 0.86958420
v -0.03977816 -0.10901600 0.91445237
v -0.03400616 -0.10387800 0.92050421
v -0.03418057 -0.10354850 0.92056417
v -0.03435503 -0.10321920 0.92062461
v -0.03452955 -0.10288980 0.92068511
v -0.03959881 -0.10940900 0.91436362
v -0.03941958 -0.10980210 0.91427511
v -0.03924040 -0.11019530 0.91418678
v 0.03400761 -0.10387630 0.92050588
v 0.03924233 -0.11019300 0.91418922
v 0.03942156 -0.10979960 0.91427737
v 0.03960079 -0.10940640 0.91436601
v 0.03978020 -0.10901320 0.91445470
v 0.03453100 -0.10288790 0.92068672
v -0.00693945 -0.18686230 0.91542232
v -0.00693004 -0.18394209 0.92129397
v -0.00696020 -0.18385661 0.92121178
v -0.00697206 -0.18941680 0.90938348
v -0.00693004 -0.18951491 0.90947872
v -0.00701903 -0.18679181 0.91535062
v -0.00705473 -0.18380541 0.92115670
v -0.00720905 -0.18378220 0.92112541
v -0.00752286 -0.18376780 0.92110282
v -0.00752215 -0.18933600 0.90929443
v -0.00724838 -0.18935110 0.90930402
v -0.00710760 -0.18936519 0.90932530
v -0.00697021 -0.18682140 0.91538137
v 0.00700273 -0.18385370 0.92120951
v 0.00697173 -0.18394110 0.92129338
v 0.00697221 -0.18951391 0.90947831
v 0.00701369 -0.18941790 0.90938509
v 0.00709827 -0.18380070 0.92115241
v 0.00714250 -0.18936600 0.90932620
v 0.00725581 -0.18377590 0.92111921
v 0.00728299 -0.18935020 0.90930289
v 0.00756504 -0.18376049 0.92109561
v 0.00753863 -0.18933800 0.90928441
v -0.00749026 -0.18941531 0.90910077
v -0.00724838 -0.18935110 0.90930402
v -0.00752215 -0.18933600 0.90929443
v -0.00745724 -0.18945239 0.90901363
v 0.00752427 -0.18941420 0.90909570
v 0.00728299 -0.18935020 0.90930289
v 0.00748058 -0.18948260 0.90893120
v 0.00753863 -0.18933800 0.90928441
v -0.00692974 -0.18948330 0.90934491
v -0.00690232 -0.18956441 0.90932471
v -0.00693004 -0.18951491 0.90947872
v -0.00697206 -0.18941680 0.90938348
v -0.00696347 -0.18944059 0.90929240
v -0.00710760 -0.18936519 0.90932530
v -0.00704579 -0.18944541 0.90911371
v -0.00741212 -0.18949130 0.90892422
v -0.00699793 -0.18947899 0.90903300
v -0.00722126 -0.18961190 0.90865457
v -0.00693665 -0.18951289 0.90894830
v -0.00690780 -0.18952569 0.90891689
v -0.00711302 -0.18965790 0.90855777
v -0.00682102 -0.18955730 0.90885729
v -0.00695918 -0.18969551 0.90849102
v -0.00677602 -0.18956970 0.90883940
v -0.00669859 -0.18958700 0.90881521
v -0.00667880 -0.18973990 0.90842992
v -0.00658427 -0.18960460 0.90879238
v -0.00643162 -0.18961880 0.90877950
v -0.00629227 -0.18978161 0.90839171
v -0.00512336 -0.18968570 0.90880108
v -0.00370346 -0.18988781 0.90847689
v 0.00339516 -0.18975189 0.90884262
v 0.00021112 -0.18996111 0.90847838
v 0.00645991 -0.18976080 0.90841359
v 0.00142993 -0.18979470 0.90886313
v 0.00663491 -0.18960120 0.90879327
v 0.00675507 -0.18973590 0.90842402
v 0.00653203 -0.18961170 0.90878808
v 0.00675674 -0.18958209 0.90881091
v 0.00691636 -0.18971580 0.90844578
v 0.00680031 -0.18957271 0.90882272
v 0.00684168 -0.18956199 0.90883791
v 0.00706615 -0.18968670 0.90849191
v 0.00687309 -0.18955261 0.90885270
v 0.00717451 -0.18965660 0.90854812
v 0.00696392 -0.18951860 0.90891510
v 0.00729020 -0.18961270 0.90863788
v 0.00699343 -0.18950510 0.90894377
v 0.00702520 -0.18948890 0.90898103
v 0.00740035 -0.18955210 0.90877062
v 0.00707819 -0.18945549 0.90906692
v 0.00714250 -0.18936600 0.90932620
v 0.00700648 -0.18944040 0.90929502
v 0.00701369 -0.18941790 0.90938509
v -0.00692062 -0.18949340 0.90930361
v -0.00693475 -0.18947031 0.90921271
v -0.00691835 -0.18948290 0.90918010
v -0.00687556 -0.18950839 0.90911180
v -0.00685076 -0.18952000 0.90907907
v -0.00683968 -0.18952470 0.90906662
v -0.00680946 -0.18953680 0.90903783
v -0.00673918 -0.18956131 0.90899312
v -0.00672208 -0.18956630 0.90898567
v -0.00669168 -0.18965010 0.90910351
v -0.00669388 -0.18957371 0.90897441
v -0.00661008 -0.18958940 0.90895152
v -0.00653641 -0.18966940 0.90907413
v -0.00656114 -0.18959530 0.90894443
v -0.00649361 -0.18960130 0.90893942
v -0.00583903 -0.18963480 0.90894800
v -0.00255678 -0.18976110 0.90901542
v 0.00657846 -0.18966851 0.90907371
v 0.00401087 -0.18971740 0.90899372
v 0.00499149 -0.18967649 0.90897328
v 0.00656308 -0.18959770 0.90894341
v 0.00660773 -0.18959311 0.90894598
v 0.00670500 -0.18957800 0.90896088
v 0.00674065 -0.18964779 0.90910602
v 0.00674702 -0.18956840 0.90897381
v 0.00676258 -0.18956430 0.90897977
v 0.00677790 -0.18955991 0.90898663
v 0.00678994 -0.18955630 0.90899253
v 0.00686170 -0.18953070 0.90903997
v 0.00689288 -0.18951730 0.90906918
v 0.00690355 -0.18951230 0.90908092
v 0.00691564 -0.18950640 0.90909541
v 0.00693865 -0.18949440 0.90912700
v 0.00697585 -0.18947090 0.90919638
v 0.00696577 -0.18949100 0.90930748
v 0.00698091 -0.18946820 0.90938359
v 0.00697221 -0.18951391 0.90947831
v 0.00694741 -0.18956061 0.90933222
v -0.00690667 -0.18950680 0.90926671
v -0.00689970 -0.18951251 0.90925109
v -0.00688235 -0.18952450 0.90921760
v -0.00682287 -0.18961130 0.90919560
v -0.00683979 -0.18954711 0.90915477
v -0.00682764 -0.18955231 0.90914011
v -0.00682239 -0.18955450 0.90913433
v -0.00680862 -0.18955980 0.90912002
v 0.00686015 -0.18955390 0.90912497
v 0.00687309 -0.18960680 0.90920401
v 0.00687398 -0.18954800 0.90913939
v 0.00687893 -0.18954580 0.90914488
v 0.00688465 -0.18954310 0.90915161
v 0.00693508 -0.18951599 0.90922850
v 0.00695039 -0.18950510 0.90926242
v -0.00693004 -0.18394209 0.92129397
v -0.00693004 -0.18951491 0.90947872
v -0.00693004 -0.18975820 0.90970403
v -0.00693004 -0.18417630 0.92151082
v 0.00657846 -0.18993589 0.90932131
v -0.00653629 -0.18993680 0.90932173
v -0.00653641 -0.18966940 0.90907413
v 0.00657846 -0.18966851 0.90907371
v 0.00694616 -0.18981481 0.90956300
v 0.00697221 -0.18951391 0.90947831
v 0.00697221 -0.18975720 0.90970361
v 0.00694741 -0.18956061 0.90933222
v 0.00686969 -0.18986830 0.90944099
v 0.00687309 -0.18960680 0.90920401
v 0.00673790 -0.18991341 0.90935028
v 0.00674065 -0.18964779 0.90910602
v 0.00657846 -0.18966851 0.90907371
v 0.00657846 -0.18993589 0.90932131
v 0.00697173 -0.18394110 0.92129338
v 0.00697221 -0.18417530 0.92151028
v 0.00697221 -0.18975720 0.90970361
v 0.00697173 -0.18394110 0.92129338
v 0.00697221 -0.18975720 0.90970361
v 0.00697221 -0.18951391 0.90947831
v 0.00657846 -0.18993589 0.90932131
v 0.00673790 -0.18991341 0.90935028
v 0.00686969 -0.18986830 0.90944099
v 0.00694616 -0.18981481 0.90956300
v 0.00697221 -0.18975720 0.90970361
v 0.00462706 -0.18872739 0.91254932
v 0.00440122 -0.18883160 0.91233212
v 0.00414647 -0.18891750 0.91215843
v 0.00480826 -0.18861060 0.91279811
v 0.00388809 -0.18898091 0.91203541
v 0.00494047 -0.18848389 0.91307312
v 0.00359626 -0.18903030 0.91194648
v 0.00501610 -0.18835799 0.91335058
v 0.00329609 -0.18906020 0.91190213
v 0.00504132 -0.18823010 0.91363651
v 0.00118502 -0.18910670 0.91191351
v 0.00095434 -0.18910390 0.91192651
v 0.00671543 -0.18400230 0.92186087
v 0.00697221 -0.18417530 0.92151028
v 0.00693889 -0.18409720 0.92165649
v 0.00684436 -0.18403570 0.92178172
v 0.00656571 -0.18399690 0.92189288
v -0.00653629 -0.18993680 0.90932173
v 0.00069146 -0.18908671 0.91197282
v -0.00681154 -0.18987671 0.90942538
v -0.00668625 -0.18991640 0.90934688
v -0.00689922 -0.18982071 0.90955162
v -0.00345449 -0.18905801 0.91189140
v -0.00071129 -0.18850340 0.91332883
v -0.00074920 -0.18838130 0.91360551
v -0.00063384 -0.18861270 0.91307992
v -0.00050391 -0.18872550 0.91282183
v -0.00032514 -0.18883049 0.91257972
v -0.00010935 -0.18892050 0.91237062
v 0.00014849 -0.18899690 0.91219097
v 0.00038470 -0.18904600 0.91207337
v -0.00693004 -0.18975820 0.90970403
v -0.00396947 -0.18904039 0.91188347
v -0.00448440 -0.18902050 0.91187441
v -0.00499920 -0.18899821 0.91186428
v 0.00079343 -0.18608370 0.91845810
v 0.00079343 -0.18637259 0.91788220
v 0.00309910 -0.18632910 0.91786277
v -0.00499920 -0.18799721 0.91415882
v 0.00079343 -0.18579111 0.91903222
v 0.00079343 -0.18549509 0.91960442
v -0.00293962 -0.18701211 0.91647631
v -0.00345687 -0.18717690 0.91609091
v -0.00075128 -0.18705110 0.91649377
v -0.00313572 -0.18700980 0.91646659
v -0.00344477 -0.18712960 0.91619128
v -0.00341157 -0.18708880 0.91627961
v -0.00328754 -0.18703100 0.91641051
v -0.00311731 -0.18632810 0.91786140
v -0.00075128 -0.18579130 0.91903222
v -0.00075128 -0.18549520 0.91960442
v -0.00075128 -0.18608379 0.91845810
v -0.00075128 -0.18637270 0.91788232
v -0.00668113 -0.18400440 0.92185819
v -0.00681744 -0.18404330 0.92176789
v -0.00690083 -0.18410289 0.92164791
v -0.00693004 -0.18417630 0.92151082
v -0.00651906 -0.18399809 0.92189348
v 0.00649537 -0.18638889 0.91735739
v 0.00425436 -0.18645529 0.91750783
v 0.00442262 -0.18650991 0.91737992
v 0.00457348 -0.18657270 0.91723597
v 0.00470765 -0.18664400 0.91707581
v 0.00485297 -0.18674719 0.91684759
v 0.00495817 -0.18685940 0.91660392
v 0.00501527 -0.18696730 0.91637278
v 0.00504233 -0.18715660 0.91597372
v 0.00528444 -0.18455940 0.92104387
v 0.00334574 -0.18632799 0.91784620
v 0.00356491 -0.18633810 0.91780788
v 0.00379522 -0.18636189 0.91774011
v 0.00402762 -0.18640050 0.91764063
v 0.00002409 -0.18493091 0.92067868
v 0.00027853 -0.18549781 0.91960561
v -0.00023638 -0.18549781 0.91960561
v -0.00645022 -0.18638930 0.91735917
v -0.00439755 -0.18651700 0.91736531
v -0.00413857 -0.18643589 0.91755569
v -0.00460313 -0.18660900 0.91715580
v -0.00478326 -0.18672550 0.91689718
v -0.00490384 -0.18684530 0.91663623
v -0.00497119 -0.18695991 0.91639018
v -0.00499908 -0.18709180 0.91611117
v -0.00523822 -0.18455981 0.92104530
v -0.00335960 -0.18633001 0.91783887
v -0.00359504 -0.18634480 0.91778970
v -0.00390146 -0.18638520 0.91768092
v 0.00504126 -0.18784671 0.91376412
v 0.00504132 -0.18800020 0.91342312
v 0.00504132 -0.18823010 0.91363651
v 0.00504233 -0.18715660 0.91597372
v 0.00504126 -0.18784671 0.91376412
v 0.00504132 -0.18823010 0.91363651
v 0.00504841 -0.18690720 0.91577858
v 0.00503446 -0.18679141 0.91601747
v 0.00501527 -0.18696730 0.91637278
v 0.00499936 -0.18668909 0.91622669
v 0.00495507 -0.18661471 0.91637951
v 0.00495817 -0.18685940 0.91660392
v 0.00489457 -0.18654209 0.91652918
v 0.00485297 -0.18674719 0.91684759
v 0.00478412 -0.18644330 0.91673279
v 0.00470765 -0.18664400 0.91707581
v 0.00464381 -0.18635370 0.91692191
v 0.00457348 -0.18657270 0.91723597
v 0.00447829 -0.18627420 0.91709232
v 0.00442262 -0.18650991 0.91737992
v 0.00428815 -0.18620770 0.91724563
v 0.00425436 -0.18645529 0.91750783
v 0.00407733 -0.18615329 0.91737622
v 0.00402762 -0.18640050 0.91764063
v 0.00385036 -0.18611290 0.91748053
v 0.00379522 -0.18636189 0.91774011
v 0.00360836 -0.18608619 0.91755950
v 0.00356491 -0.18633810 0.91780788
v 0.00336035 -0.18607590 0.91760612
v 0.00334574 -0.18632799 0.91784620
v 0.00311042 -0.18607751 0.91762781
v 0.00309910 -0.18632910 0.91786277
v 0.00282093 -0.18608360 0.91763210
v 0.00079343 -0.18637259 0.91788220
v 0.00079343 -0.18614270 0.91766918
v 0.00078911 -0.18612041 0.91764861
v 0.00079343 -0.18585411 0.91824549
v 0.00079343 -0.18614270 0.91766918
v 0.00079343 -0.18637259 0.91788220
v 0.00079343 -0.18608370 0.91845810
v 0.00079343 -0.18556210 0.91882002
v 0.00079343 -0.18579111 0.91903222
v 0.00079343 -0.18526641 0.91939259
v 0.00079343 -0.18549509 0.91960442
v -0.00499914 -0.18876380 0.91165358
v -0.00499920 -0.18899821 0.91186428
v -0.00499920 -0.18878940 0.91167092
v -0.00499920 -0.18799721 0.91415882
v -0.00499920 -0.18899821 0.91186428
v -0.00499914 -0.18876380 0.91165358
v -0.00499920 -0.18687271 0.91588098
v -0.00499908 -0.18709180 0.91611117
v -0.00499920 -0.18799721 0.91415882
v -0.00498865 -0.18678430 0.91606271
v -0.00497119 -0.18695991 0.91639018
v -0.00495629 -0.18669520 0.91624510
v -0.00490384 -0.18684530 0.91663623
v -0.00487070 -0.18657050 0.91650242
v -0.00478326 -0.18672550 0.91689718
v -0.00472431 -0.18644240 0.91677129
v -0.00460313 -0.18660900 0.91715580
v -0.00452970 -0.18632950 0.91701329
v -0.00439755 -0.18651700 0.91736531
v -0.00429223 -0.18623430 0.91722292
v -0.00413857 -0.18643589 0.91755569
v -0.00401895 -0.18615940 0.91739368
v -0.00390146 -0.18638520 0.91768092
v -0.00371681 -0.18610729 0.91752088
v -0.00359504 -0.18634480 0.91778970
v -0.00339721 -0.18607980 0.91759968
v -0.00311731 -0.18632810 0.91786140
v -0.00335960 -0.18633001 0.91783887
v -0.00306891 -0.18607689 0.91762912
v -0.00075128 -0.18637270 0.91788232
v -0.00075128 -0.18614280 0.91766930
v -0.00074696 -0.18612050 0.91764861
v -0.00499914 -0.18876380 0.91165358
v -0.00499920 -0.18687271 0.91588098
v -0.00499920 -0.18799721 0.91415882
v -0.00345449 -0.18884930 0.91169822
v -0.00396947 -0.18904039 0.91188347
v -0.00345449 -0.18905801 0.91189140
v -0.00448440 -0.18902050 0.91187441
v -0.00499920 -0.18899821 0.91186428
v -0.00448440 -0.18881179 0.91168112
v -0.00499920 -0.18878940 0.91167092
v -0.00396947 -0.18883181 0.91169018
v -0.00345449 -0.18881661 0.91167790
v -0.00345449 -0.18884930 0.91169822
v -0.00345449 -0.18905801 0.91189140
v -0.00345461 -0.18692830 0.91590321
v -0.00345449 -0.18905801 0.91189140
v -0.00345687 -0.18717690 0.91609091
v -0.00345449 -0.18881661 0.91167790
v -0.00342230 -0.18687400 0.91604930
v -0.00344477 -0.18712960 0.91619128
v -0.00341157 -0.18708880 0.91627961
v -0.00334637 -0.18683290 0.91616422
v -0.00328754 -0.18703100 0.91641051
v -0.00322096 -0.18680631 0.91624779
v -0.00313572 -0.18700980 0.91646659
v -0.00306825 -0.18679990 0.91628081
v -0.00293962 -0.18701211 0.91647631
v -0.00277881 -0.18680669 0.91628373
v -0.00210301 -0.18681870 0.91628760
v -0.00075128 -0.18705110 0.91649377
v -0.00142716 -0.18682609 0.91628969
v -0.00075130 -0.18682911 0.91629010
v 0.00502671 -0.18809670 0.91321641
v 0.00501610 -0.18835799 0.91335058
v 0.00504132 -0.18823010 0.91363651
v 0.00504132 -0.18800020 0.91342312
v 0.00498398 -0.18819229 0.91301370
v 0.00494047 -0.18848389 0.91307312
v 0.00490035 -0.18830159 0.91278422
v 0.00480826 -0.18861060 0.91279811
v 0.00478281 -0.18840639 0.91256702
v 0.00462706 -0.18872739 0.91254932
v 0.00463475 -0.18850400 0.91236693
v 0.00445803 -0.18859330 0.91218662
v 0.00440122 -0.18883160 0.91233212
v 0.00425543 -0.18867230 0.91203058
v 0.00414647 -0.18891750 0.91215843
v 0.00402995 -0.18873890 0.91190302
v 0.00388809 -0.18898091 0.91203541
v 0.00375505 -0.18879670 0.91179740
v 0.00359626 -0.18903030 0.91194648
v 0.00343283 -0.18884030 0.91172588
v 0.00329609 -0.18906020 0.91190213
v 0.00311072 -0.18886130 0.91170400
v 0.00118502 -0.18910670 0.91191351
v 0.00117989 -0.18889850 0.91172069
v 0.00101729 -0.18889681 0.91172832
v 0.00095434 -0.18910390 0.91192651
v 0.00085237 -0.18888929 0.91174883
v 0.00069146 -0.18908671 0.91197282
v 0.00055829 -0.18886100 0.91181701
v 0.00038470 -0.18904600 0.91207337
v 0.00027840 -0.18881419 0.91192508
v 0.00014849 -0.18899690 0.91219097
v 0.00002416 -0.18874910 0.91207218
v -0.00010935 -0.18892050 0.91237062
v -0.00019773 -0.18866870 0.91225219
v -0.00032514 -0.18883049 0.91257972
v -0.00038739 -0.18857470 0.91246080
v -0.00050391 -0.18872550 0.91282183
v -0.00054120 -0.18846940 0.91269243
v -0.00063384 -0.18861270 0.91307992
v -0.00065554 -0.18835551 0.91294181
v -0.00071129 -0.18850340 0.91332883
v -0.00072677 -0.18823540 0.91320348
v -0.00074920 -0.18838130 0.91360551
v -0.00075128 -0.18811139 0.91347212
v -0.00075120 -0.18769319 0.91441548
v -0.00075128 -0.18705110 0.91649377
v -0.00075112 -0.18726550 0.91535479
v -0.00075130 -0.18682911 0.91629010
v 0.00151374 -0.18608379 0.91758847
v 0.00282093 -0.18608360 0.91763210
v 0.00078911 -0.18612041 0.91764861
v 0.00069220 -0.18609861 0.91753018
v 0.00223829 -0.18607751 0.91751993
v 0.00252845 -0.18606380 0.91757858
v 0.00295057 -0.18605150 0.91757131
v 0.00311042 -0.18607751 0.91762781
v 0.00309433 -0.18604849 0.91756850
v 0.00321777 -0.18604700 0.91755980
v 0.00336035 -0.18607590 0.91760612
v 0.00346901 -0.18605250 0.91753238
v 0.00360836 -0.18608619 0.91755950
v 0.00359012 -0.18605970 0.91750562
v 0.00356849 -0.18606891 0.91744941
v 0.00369318 -0.18606959 0.91747862
v 0.00385036 -0.18611290 0.91748053
v 0.00376667 -0.18608950 0.91739142
v 0.00381054 -0.18608420 0.91743678
v 0.00388898 -0.18609640 0.91740668
v 0.00391807 -0.18611290 0.91733092
v 0.00399990 -0.18611661 0.91735482
v 0.00407733 -0.18615329 0.91737622
v 0.00404830 -0.18613940 0.91726547
v 0.00406660 -0.18613081 0.91732061
v 0.00417109 -0.18615609 0.91725850
v 0.00428815 -0.18620770 0.91724563
v 0.00428821 -0.18620610 0.91710728
v 0.00429340 -0.18619139 0.91717529
v 0.00438716 -0.18622330 0.91710049
v 0.00447829 -0.18627420 0.91709232
v 0.00450070 -0.18629120 0.91691232
v 0.00449677 -0.18626709 0.91700000
v 0.00464381 -0.18635370 0.91692191
v 0.00457783 -0.18630511 0.91691577
v 0.00465454 -0.18634669 0.91682339
v 0.00478412 -0.18644330 0.91673279
v 0.00464930 -0.18637230 0.91673023
v 0.00472273 -0.18638951 0.91673028
v 0.00478543 -0.18643560 0.91662967
v 0.00489457 -0.18654209 0.91652918
v 0.00476749 -0.18646041 0.91653562
v 0.00483973 -0.18648240 0.91652948
v 0.00489374 -0.18653969 0.91640651
v 0.00495507 -0.18661471 0.91637951
v 0.00492121 -0.18657500 0.91633171
v 0.00494476 -0.18661100 0.91625589
v 0.00499936 -0.18668909 0.91622669
v 0.00497271 -0.18666700 0.91613781
v 0.00503446 -0.18679141 0.91601747
v 0.00499018 -0.18671690 0.91603351
v 0.00500281 -0.18677370 0.91591507
v 0.00504841 -0.18690720 0.91577858
v 0.00500585 -0.18749639 0.91437358
v 0.00500418 -0.18702880 0.91537672
v 0.00280328 -0.18605560 0.91754061
v 0.00307836 -0.18605991 0.91750461
v 0.00301482 -0.18604989 0.91753620
v 0.00308617 -0.18604840 0.91753441
v 0.00314738 -0.18604770 0.91753072
v 0.00483181 -0.18649191 0.91646981
v 0.00486519 -0.18657009 0.91629720
v 0.00488110 -0.18654850 0.91634732
v 0.00489391 -0.18656580 0.91631019
v 0.00490578 -0.18658330 0.91627282
v 0.00493558 -0.18663751 0.91615683
v 0.00491889 -0.18667810 0.91606569
v 0.00494696 -0.18666510 0.91609818
v 0.00495543 -0.18668941 0.91604668
v 0.00496318 -0.18671720 0.91598809
v 0.00497802 -0.18684420 0.91571969
v 0.00493588 -0.18717951 0.91499710
v 0.00497003 -0.18709680 0.91518360
v 0.00497224 -0.18733010 0.91468197
v 0.00503077 -0.18767031 0.91406840
v 0.00504126 -0.18784671 0.91376412
v 0.00497224 -0.18769680 0.91387540
v 0.00493582 -0.18790880 0.91338247
v 0.00503077 -0.18785191 0.91366398
v 0.00500585 -0.18786040 0.91356552
v 0.00497230 -0.18787751 0.91347080
v 0.00503112 -0.18792850 0.91349351
v 0.00504132 -0.18800020 0.91342312
v 0.00281192 -0.18605950 0.91759032
v 0.00312944 -0.18605170 0.91758353
v 0.00487079 -0.18650921 0.91649920
v 0.00497688 -0.18665670 0.91618872
v 0.00500895 -0.18674850 0.91599822
v 0.00502379 -0.18687010 0.91574430
v 0.00501974 -0.18776500 0.91381669
v 0.00499012 -0.18790570 0.91343230
v 0.00502624 -0.18794920 0.91342610
v 0.00498594 -0.18791740 0.91339910
v 0.00502487 -0.18795440 0.91340917
v 0.00498487 -0.18792030 0.91339082
v 0.00502451 -0.18795571 0.91340500
v 0.00498463 -0.18792111 0.91338879
v 0.00502445 -0.18795601 0.91340393
v 0.00498457 -0.18792120 0.91338831
v 0.00078307 -0.18604380 0.91776830
v 0.00076369 -0.18595850 0.91787881
v 0.00075115 -0.18595099 0.91787028
v 0.00078630 -0.18604930 0.91777343
v 0.00079343 -0.18614270 0.91766918
v 0.00072935 -0.18587820 0.91798937
v 0.00069223 -0.18581060 0.91810620
v 0.00069220 -0.18609861 0.91753018
v 0.00078630 -0.18590520 0.91806149
v 0.00079343 -0.18585411 0.91824549
v 0.00078630 -0.18583280 0.91820538
v 0.00072935 -0.18573339 0.91827691
v 0.00069222 -0.18551880 0.91868031
v 0.00072935 -0.18580590 0.91813308
v 0.00072935 -0.18558770 0.91856408
v 0.00076369 -0.18566871 0.91845399
v 0.00078630 -0.18561420 0.91863632
v 0.00079343 -0.18556210 0.91882002
v 0.00078630 -0.18576020 0.91834921
v 0.00078630 -0.18554090 0.91877967
v 0.00072935 -0.18544100 0.91885072
v 0.00069217 -0.18522321 0.91925251
v 0.00072935 -0.18551449 0.91870737
v 0.00072934 -0.18529350 0.91913700
v 0.00076368 -0.18537520 0.91902739
v 0.00078629 -0.18531971 0.91920930
v 0.00079343 -0.18526641 0.91939259
v 0.00078629 -0.18546741 0.91892308
v 0.00074403 -0.18605900 0.91764319
v 0.00076369 -0.18588640 0.91802281
v 0.00074748 -0.18584450 0.91807711
v 0.00076369 -0.18585031 0.91809469
v 0.00076369 -0.18581399 0.91816658
v 0.00076369 -0.18577780 0.91823852
v 0.00077687 -0.18578631 0.91825742
v 0.00076369 -0.18574139 0.91831040
v 0.00076369 -0.18559560 0.91859752
v 0.00074748 -0.18555340 0.91865170
v 0.00076369 -0.18555900 0.91866922
v 0.00076369 -0.18552241 0.91874093
v 0.00076369 -0.18548571 0.91881251
v 0.00077687 -0.18549410 0.91883153
v 0.00076369 -0.18544890 0.91888422
v 0.00076368 -0.18530130 0.91917038
v 0.00074747 -0.18525870 0.91922432
v 0.00077222 -0.18608619 0.91764420
v 0.00078911 -0.18612041 0.91764861
v 0.00077404 -0.18524911 0.91929722
v 0.00078963 -0.18524560 0.91937327
v 0.00073507 -0.18608370 0.91758293
v 0.00073639 -0.18522780 0.91927052
v 0.00076894 -0.18609710 0.91761333
v 0.00077007 -0.18523189 0.91931927
v 0.00073278 -0.18609010 0.91756791
v 0.00073354 -0.18522030 0.91928208
v 0.00076809 -0.18609980 0.91760552
v 0.00076902 -0.18522760 0.91932487
v 0.00073220 -0.18609160 0.91756409
v 0.00073282 -0.18521830 0.91928500
v 0.00076787 -0.18610060 0.91760361
v 0.00076876 -0.18522650 0.91932631
v 0.00073206 -0.18609200 0.91756308
v 0.00073264 -0.18521790 0.91928577
v -0.00074093 -0.18604390 0.91776842
v -0.00070902 -0.18595110 0.91787028
v -0.00072155 -0.18595859 0.91787893
v -0.00074415 -0.18590529 0.91806161
v -0.00075128 -0.18585430 0.91824561
v -0.00075128 -0.18614280 0.91766930
v -0.00068722 -0.18587831 0.91798937
v -0.00065007 -0.18609869 0.91753018
v -0.00065010 -0.18581070 0.91810632
v -0.00074415 -0.18583290 0.91820538
v -0.00068722 -0.18573350 0.91827703
v -0.00065009 -0.18551891 0.91868031
v -0.00068722 -0.18580601 0.91813320
v -0.00074415 -0.18561430 0.91863638
v -0.00075128 -0.18556219 0.91882002
v -0.00074415 -0.18576020 0.91834921
v -0.00072155 -0.18566880 0.91845411
v -0.00068722 -0.18558779 0.91856420
v -0.00074415 -0.18554100 0.91877979
v -0.00068722 -0.18544111 0.91885078
v -0.00065005 -0.18522330 0.91925251
v -0.00068722 -0.18551460 0.91870749
v -0.00074415 -0.18531971 0.91920942
v -0.00075128 -0.18526649 0.91939259
v -0.00074415 -0.18546750 0.91892308
v -0.00072155 -0.18537530 0.91902739
v -0.00068721 -0.18529360 0.91913700
v -0.00070190 -0.18605910 0.91764319
v -0.00072155 -0.18588650 0.91802281
v -0.00072155 -0.18585031 0.91809481
v -0.00072155 -0.18581420 0.91816658
v -0.00070535 -0.18584460 0.91807717
v -0.00073473 -0.18578640 0.91825747
v -0.00072155 -0.18577790 0.91823852
v -0.00072155 -0.18574160 0.91831040
v -0.00072155 -0.18559580 0.91859752
v -0.00072155 -0.18555920 0.91866922
v -0.00072155 -0.18552250 0.91874093
v -0.00070534 -0.18555351 0.91865170
v -0.00073473 -0.18549410 0.91883159
v -0.00072155 -0.18548580 0.91881257
v -0.00072155 -0.18544900 0.91888422
v -0.00072155 -0.18530139 0.91917038
v -0.00070534 -0.18525881 0.91922432
v -0.00073009 -0.18608630 0.91764420
v -0.00074696 -0.18612050 0.91764861
v -0.00073178 -0.18524911 0.91929710
v -0.00074737 -0.18524539 0.91937298
v -0.00069294 -0.18608379 0.91758293
v -0.00069417 -0.18522780 0.91927052
v -0.00072681 -0.18609720 0.91761333
v -0.00072776 -0.18523180 0.91931927
v -0.00069065 -0.18609010 0.91756791
v -0.00069129 -0.18522030 0.91928208
v -0.00072595 -0.18610001 0.91760558
v -0.00072670 -0.18522760 0.91932482
v -0.00069007 -0.18609171 0.91756421
v -0.00069057 -0.18521850 0.91928500
v -0.00072574 -0.18610071 0.91760367
v -0.00072643 -0.18522650 0.91932619
v -0.00068993 -0.18609209 0.91756320
v -0.00069039 -0.18521801 0.91928571
v -0.00414173 -0.18616080 0.91725862
v -0.00422852 -0.18620101 0.91711891
v -0.00397877 -0.18613429 0.91727787
v -0.00429223 -0.18623430 0.91722292
v -0.00426756 -0.18619780 0.91717207
v -0.00401895 -0.18615940 0.91739368
v -0.00400393 -0.18612780 0.91733748
v -0.00386189 -0.18610060 0.91740429
v -0.00369952 -0.18608680 0.91739869
v -0.00371681 -0.18610729 0.91752088
v -0.00371180 -0.18607850 0.91746151
v -0.00355570 -0.18606190 0.91750717
v -0.00339465 -0.18606010 0.91747761
v -0.00339721 -0.18607980 0.91759968
v -0.00339763 -0.18605129 0.91754103
v -0.00322978 -0.18604679 0.91756421
v -0.00306831 -0.18605570 0.91751069
v -0.00306891 -0.18607689 0.91762912
v -0.00306813 -0.18604840 0.91757292
v -0.00296496 -0.18605080 0.91757530
v -0.00286685 -0.18606099 0.91751391
v -0.00286262 -0.18605331 0.91757733
v -0.00276099 -0.18605590 0.91757888
v -0.00266532 -0.18606600 0.91751689
v -0.00245915 -0.18606380 0.91758221
v -0.00246386 -0.18607070 0.91751951
v -0.00185929 -0.18608290 0.91752571
v -0.00074696 -0.18612050 0.91764861
v -0.00130312 -0.18608630 0.91758978
v -0.00125472 -0.18609220 0.91752928
v -0.00100074 -0.18608980 0.91759151
v -0.00065007 -0.18609869 0.91753018
v -0.00498883 -0.18857360 0.91201037
v -0.00493036 -0.18850289 0.91203493
v -0.00496398 -0.18838550 0.91236782
v -0.00493036 -0.18820480 0.91272807
v -0.00489370 -0.18863191 0.91170722
v -0.00489507 -0.18803680 0.91309392
v -0.00498913 -0.18811560 0.91307223
v -0.00499920 -0.18687271 0.91588098
v -0.00499914 -0.18876380 0.91165358
v -0.00493090 -0.18773840 0.91378552
v -0.00489507 -0.18742070 0.91447151
v -0.00496487 -0.18744920 0.91448152
v -0.00493090 -0.18742719 0.91447288
v -0.00493090 -0.18726981 0.91481572
v -0.00498967 -0.18716350 0.91517973
v -0.00496487 -0.18713289 0.91516680
v -0.00493096 -0.18695110 0.91549963
v -0.00489364 -0.18678349 0.91583949
v -0.00498967 -0.18700340 0.91552150
v -0.00496428 -0.18680970 0.91585243
v -0.00493042 -0.18678880 0.91584241
v -0.00492893 -0.18676759 0.91588688
v -0.00498913 -0.18683940 0.91586620
v -0.00498758 -0.18681750 0.91591138
v -0.00498865 -0.18678430 0.91606271
v -0.00496040 -0.18676659 0.91594237
v -0.00492231 -0.18672590 0.91597342
v -0.00488071 -0.18670291 0.91601080
v -0.00491749 -0.18670520 0.91601658
v -0.00495170 -0.18672369 0.91602957
v -0.00498192 -0.18677370 0.91600221
v -0.00491164 -0.18668500 0.91605872
v -0.00497721 -0.18675169 0.91604602
v -0.00497149 -0.18673030 0.91608912
v -0.00493865 -0.18668200 0.91611493
v -0.00489609 -0.18664479 0.91614282
v -0.00485073 -0.18662550 0.91617662
v -0.00488631 -0.18662409 0.91618693
v -0.00491993 -0.18663929 0.91620469
v -0.00495551 -0.18668631 0.91618001
v -0.00495629 -0.18669520 0.91624510
v -0.00486986 -0.18659440 0.91625029
v -0.00494526 -0.18666451 0.91622531
v -0.00492792 -0.18663320 0.91629028
v -0.00488303 -0.18657871 0.91633272
v -0.00482337 -0.18652970 0.91639012
v -0.00475971 -0.18649890 0.91645050
v -0.00488470 -0.18657200 0.91641831
v -0.00487070 -0.18657050 0.91650242
v -0.00482903 -0.18651339 0.91647291
v -0.00479512 -0.18649819 0.91645849
v -0.00485579 -0.18653880 0.91648871
v -0.00476371 -0.18646750 0.91652513
v -0.00482373 -0.18650630 0.91655731
v -0.00472431 -0.18644240 0.91677129
v -0.00476204 -0.18645100 0.91660720
v -0.00469391 -0.18640950 0.91665322
v -0.00462298 -0.18638490 0.91670138
v -0.00475000 -0.18644370 0.91669053
v -0.00468509 -0.18639320 0.91673452
v -0.00465469 -0.18638159 0.91671520
v -0.00470952 -0.18641450 0.91675431
v -0.00461142 -0.18635400 0.91677642
v -0.00466512 -0.18638530 0.91681713
v -0.00452970 -0.18632950 0.91701329
v -0.00459425 -0.18633720 0.91685718
v -0.00452034 -0.18630309 0.91689050
v -0.00444458 -0.18628509 0.91692537
v -0.00447099 -0.18627910 0.91694492
v -0.00449632 -0.18628711 0.91696942
v -0.00451688 -0.18630460 0.91699362
v -0.00441722 -0.18625531 0.91699910
v -0.00446157 -0.18627951 0.91704911
v -0.00438444 -0.18623930 0.91707700
v -0.00430690 -0.18621249 0.91709727
v -0.00494788 -0.18859071 0.91185361
v -0.00494812 -0.18806329 0.91307729
v -0.00430618 -0.18621390 0.91716349
v -0.00498377 -0.18867360 0.91175210
v -0.00494359 -0.18864200 0.91172510
v -0.00498234 -0.18869850 0.91168761
v -0.00494252 -0.18865480 0.91169298
v -0.00498198 -0.18870470 0.91167140
v -0.00494222 -0.18865800 0.91168487
v -0.00498192 -0.18870620 0.91166741
v -0.00494216 -0.18865880 0.91168302
v -0.00497220 -0.18875110 0.91164893
v -0.00499914 -0.18876380 0.91165358
v -0.00499920 -0.18878940 0.91167092
v -0.00484358 -0.18875679 0.91165149
v -0.00448440 -0.18881179 0.91168112
v -0.00456665 -0.18867460 0.91167688
v -0.00444631 -0.18865091 0.91171658
v -0.00489370 -0.18863191 0.91170722
v -0.00479041 -0.18866530 0.91167229
v -0.00468807 -0.18871510 0.91165233
v -0.00458626 -0.18876800 0.91165662
v -0.00445483 -0.18867899 0.91167921
v -0.00446425 -0.18872410 0.91165668
v -0.00447432 -0.18877240 0.91165870
v -0.00434296 -0.18868360 0.91168118
v -0.00436239 -0.18877700 0.91166067
v -0.00411920 -0.18869230 0.91168523
v -0.00399886 -0.18866830 0.91172451
v -0.00424044 -0.18873310 0.91166067
v -0.00410501 -0.18878700 0.91166532
v -0.00396947 -0.18883181 0.91169018
v -0.00399063 -0.18869700 0.91168731
v -0.00387870 -0.18870120 0.91168910
v -0.00355135 -0.18868420 0.91173100
v -0.00398324 -0.18874280 0.91166520
v -0.00397633 -0.18879180 0.91166741
v -0.00386439 -0.18879589 0.91166931
v -0.00365494 -0.18870930 0.91169232
v -0.00375937 -0.18875110 0.91166872
v -0.00360702 -0.18880481 0.91167331
v -0.00345449 -0.18884930 0.91169822
v -0.00495867 -0.18871149 0.91164559
v -0.00494520 -0.18870381 0.91164720
v -0.00488095 -0.18870661 0.91164851
v -0.00481663 -0.18870950 0.91164982
v -0.00457619 -0.18871970 0.91165447
v -0.00435237 -0.18872860 0.91165882
v -0.00411187 -0.18873800 0.91166300
v -0.00387130 -0.18874700 0.91166699
v -0.00363074 -0.18875550 0.91167068
v -0.00357841 -0.18873300 0.91167969
v -0.00492553 -0.18866250 0.91166693
v -0.00491892 -0.18865959 0.91166967
v -0.00488679 -0.18866099 0.91167033
v -0.00356464 -0.18870340 0.91170222
v -0.00359265 -0.18876930 0.91166961
v -0.00351642 -0.18877579 0.91167051
v -0.00496207 -0.18871351 0.91164529
v -0.00354032 -0.18873601 0.91167939
v -0.00353335 -0.18871979 0.91168910
v -0.00348548 -0.18881580 0.91167748
v -0.00345449 -0.18881661 0.91167790
v -0.00492720 -0.18866330 0.91166621
v -0.00349377 -0.18876810 0.91167152
v -0.00496290 -0.18871400 0.91164517
v -0.00352208 -0.18871680 0.91169178
v -0.00492762 -0.18866339 0.91166610
v -0.00348811 -0.18876620 0.91167182
v -0.00496308 -0.18871410 0.91164517
v -0.00351928 -0.18871610 0.91169250
v -0.00492774 -0.18866350 0.91166598
v -0.00348668 -0.18876570 0.91167188
v -0.00496314 -0.18871410 0.91164517
v -0.00351862 -0.18871590 0.91169262
v -0.00346128 -0.18847850 0.91238141
v -0.00346128 -0.18862660 0.91203451
v -0.00345449 -0.18881661 0.91167790
v -0.00351594 -0.18825760 0.91275138
v -0.00355236 -0.18808991 0.91311699
v -0.00355135 -0.18868420 0.91173100
v -0.00351546 -0.18855540 0.91205871
v -0.00348286 -0.18843770 0.91239119
v -0.00351594 -0.18810681 0.91309702
v -0.00348286 -0.18813761 0.91308308
v -0.00351588 -0.18780150 0.91378647
v -0.00355230 -0.18747450 0.91449368
v -0.00346128 -0.18754230 0.91449678
v -0.00345461 -0.18692830 0.91590321
v -0.00351535 -0.18700550 0.91552287
v -0.00355129 -0.18683819 0.91586101
v -0.00351588 -0.18732350 0.91483921
v -0.00348280 -0.18718560 0.91519070
v -0.00346128 -0.18705641 0.91554648
v -0.00349794 -0.18864280 0.91187727
v -0.00348268 -0.18858600 0.91204453
v -0.00348268 -0.18851221 0.91221792
v -0.00348286 -0.18836311 0.91256428
v -0.00348280 -0.18766759 0.91413963
v -0.00348280 -0.18742810 0.91466582
v -0.00348262 -0.18702599 0.91553241
v -0.00347005 -0.18696021 0.91570967
v -0.00346516 -0.18872631 0.91177630
v -0.00351588 -0.18756400 0.91431350
v -0.00351588 -0.18744411 0.91457647
v -0.00350629 -0.18688890 0.91578048
v -0.00350205 -0.18869410 0.91174889
v -0.00348280 -0.18754821 0.91440290
v -0.00348280 -0.18748820 0.91453439
v -0.00349836 -0.18749461 0.91448897
v -0.00346742 -0.18690370 0.91583937
v -0.00346629 -0.18875121 0.91171169
v -0.00351588 -0.18750410 0.91444510
v -0.00351588 -0.18747410 0.91451079
v -0.00350408 -0.18685980 0.91584492
v -0.00350313 -0.18870690 0.91171682
v -0.00348280 -0.18751819 0.91446871
v -0.00346683 -0.18688950 0.91587192
v -0.00346659 -0.18875740 0.91169548
v -0.00350354 -0.18685250 0.91586101
v -0.00350337 -0.18871009 0.91170877
v -0.00346671 -0.18688600 0.91588002
v -0.00346665 -0.18875889 0.91169149
v -0.00350342 -0.18685070 0.91586512
v -0.00350348 -0.18871090 0.91170681
v -0.00346665 -0.18688510 0.91588199
v -0.00344179 -0.18685220 0.91599560
v -0.00345461 -0.18692830 0.91590321
v -0.00342230 -0.18687400 0.91604930
v -0.00345890 -0.18688180 0.91592097
v -0.00347398 -0.18683480 0.91594237
v -0.00342737 -0.18683849 0.91603142
v -0.00344811 -0.18680251 0.91601801
v -0.00349729 -0.18679380 0.91597372
v -0.00351678 -0.18676400 0.91601980
v -0.00355129 -0.18683819 0.91586101
v -0.00351290 -0.18682730 0.91590089
v -0.00341724 -0.18683080 0.91605151
v -0.00342564 -0.18678510 0.91605932
v -0.00348209 -0.18677559 0.91601390
v -0.00347118 -0.18676540 0.91603661
v -0.00346045 -0.18672250 0.91611159
v -0.00337831 -0.18680900 0.91610962
v -0.00334637 -0.18683290 0.91616422
v -0.00338124 -0.18676130 0.91611743
v -0.00335483 -0.18679930 0.91613603
v -0.00334601 -0.18674770 0.91615152
v -0.00344507 -0.18674611 0.91608000
v -0.00333802 -0.18679340 0.91615230
v -0.00342117 -0.18673220 0.91611153
v -0.00330947 -0.18678500 0.91617602
v -0.00322096 -0.18680631 0.91624779
v -0.00338499 -0.18671571 0.91614980
v -0.00338088 -0.18668780 0.91619062
v -0.00336514 -0.18670820 0.91616738
v -0.00324605 -0.18677180 0.91621542
v -0.00328259 -0.18673030 0.91619653
v -0.00322060 -0.18671970 0.91622633
v -0.00333153 -0.18669750 0.91619289
v -0.00321607 -0.18676759 0.91622889
v -0.00318508 -0.18676440 0.91623998
v -0.00315444 -0.18671361 0.91624600
v -0.00326697 -0.18668251 0.91623020
v -0.00324301 -0.18665481 0.91627032
v -0.00323246 -0.18667680 0.91624492
v -0.00319676 -0.18667249 0.91625702
v -0.00310986 -0.18676110 0.91625613
v -0.00306825 -0.18679990 0.91628081
v -0.00307129 -0.18676160 0.91625887
v -0.00307427 -0.18671240 0.91625577
v -0.00312279 -0.18666790 0.91627258
v -0.00308458 -0.18664190 0.91630930
v -0.00299983 -0.18676330 0.91625971
v -0.00307868 -0.18666770 0.91627640
v -0.00300757 -0.18666939 0.91627783
v -0.00285505 -0.18676651 0.91626132
v -0.00277881 -0.18680669 0.91628373
v -0.00293116 -0.18671560 0.91625798
v -0.00274496 -0.18667661 0.91628122
v -0.00203399 -0.18666629 0.91632289
v -0.00259213 -0.18677340 0.91626447
v -0.00210301 -0.18681870 0.91628760
v -0.00225429 -0.18677850 0.91626722
v -0.00240557 -0.18672910 0.91626412
v -0.00221948 -0.18668920 0.91628689
v -0.00205068 -0.18669160 0.91628939
v -0.00191645 -0.18678240 0.91626960
v -0.00142716 -0.18682609 0.91628969
v -0.00208537 -0.18678060 0.91626853
v -0.00157861 -0.18678521 0.91627163
v -0.00173019 -0.18673649 0.91627169
v -0.00153594 -0.18669941 0.91629440
v -0.00065009 -0.18668410 0.91633099
v -0.00188194 -0.18669370 0.91629177
v -0.00123231 -0.18678990 0.91627371
v -0.00075130 -0.18682911 0.91629010
v -0.00089451 -0.18679050 0.91627473
v -0.00103794 -0.18674579 0.91627592
v -0.00084392 -0.18670741 0.91629797
v -0.00348000 -0.18684970 0.91590798
v -0.00349717 -0.18684509 0.91588581
v -0.00346313 -0.18681830 0.91598082
v -0.00331537 -0.18673830 0.91617543
v -0.00311462 -0.18671221 0.91625267
v -0.00300346 -0.18671399 0.91625702
v -0.00279979 -0.18671919 0.91625971
v -0.00266836 -0.18672270 0.91626120
v -0.00223671 -0.18673140 0.91626620
v -0.00215231 -0.18673240 0.91626722
v -0.00206785 -0.18673339 0.91626811
v -0.00198345 -0.18673430 0.91626912
v -0.00189905 -0.18673509 0.91627002
v -0.00155715 -0.18673930 0.91627288
v -0.00148128 -0.18676370 0.91627008
v -0.00138406 -0.18674180 0.91627407
v -0.00086914 -0.18674590 0.91627711
v -0.00079737 -0.18676820 0.91627371
v -0.00346492 -0.18688370 0.91589218
v -0.00278930 -0.18676829 0.91626221
v -0.00276165 -0.18674520 0.91625828
v -0.00272356 -0.18677001 0.91626292
v -0.00275318 -0.18670830 0.91626340
v -0.00212757 -0.18678010 0.91626823
v -0.00200854 -0.18669210 0.91628999
v -0.00140546 -0.18678769 0.91627270
v -0.00072360 -0.18671590 0.91629249
v -0.00350205 -0.18684870 0.91587120
v -0.00073720 -0.18677370 0.91627377
v -0.00346635 -0.18688430 0.91588491
v -0.00069352 -0.18671811 0.91629118
v -0.00350325 -0.18684970 0.91586751
v -0.00072216 -0.18677510 0.91627377
v -0.00346665 -0.18688449 0.91588312
v -0.00068600 -0.18671870 0.91629088
v -0.00350354 -0.18684991 0.91586661
v -0.00071840 -0.18677540 0.91627377
v -0.00346677 -0.18688449 0.91588271
v -0.00068412 -0.18671881 0.91629082
v -0.00350360 -0.18685000 0.91586637
v -0.00071746 -0.18677551 0.91627377
v -0.00068825 -0.18792181 0.91366982
v -0.00072314 -0.18783811 0.91391492
v -0.00073937 -0.18785851 0.91392398
v -0.00074529 -0.18776490 0.91416472
v -0.00075120 -0.18769319 0.91441548
v -0.00075128 -0.18811139 0.91347212
v -0.00068824 -0.18770421 0.91415548
v -0.00065011 -0.18801960 0.91343123
v -0.00065020 -0.18758480 0.91440260
v -0.00074565 -0.18754910 0.91464251
v -0.00075112 -0.18726550 0.91535479
v -0.00074633 -0.18733540 0.91511190
v -0.00072467 -0.18740641 0.91486979
v -0.00068923 -0.18726550 0.91511601
v -0.00065019 -0.18713960 0.91536921
v -0.00068924 -0.18748800 0.91463262
v -0.00074670 -0.18711500 0.91558748
v -0.00075130 -0.18682911 0.91629010
v -0.00074741 -0.18689680 0.91605490
v -0.00072641 -0.18696530 0.91582042
v -0.00069039 -0.18681690 0.91607201
v -0.00065009 -0.18668410 0.91633099
v -0.00069039 -0.18704450 0.91559100
v -0.00073504 -0.18800920 0.91356778
v -0.00073770 -0.18806531 0.91345161
v -0.00072313 -0.18772900 0.91415763
v -0.00072313 -0.18767419 0.91427892
v -0.00072391 -0.18751320 0.91463512
v -0.00072352 -0.18756630 0.91451770
v -0.00072467 -0.18729490 0.91511142
v -0.00073764 -0.18725830 0.91523200
v -0.00072467 -0.18723890 0.91523212
v -0.00070865 -0.18711190 0.91547108
v -0.00072511 -0.18712860 0.91546983
v -0.00072555 -0.18707430 0.91558671
v -0.00072641 -0.18685129 0.91606081
v -0.00073921 -0.18681601 0.91617757
v -0.00069671 -0.18800370 0.91349471
v -0.00070064 -0.18803170 0.91343671
v -0.00074529 -0.18768260 0.91434669
v -0.00074529 -0.18765511 0.91440731
v -0.00068824 -0.18762200 0.91433728
v -0.00068824 -0.18759450 0.91439790
v -0.00072313 -0.18761930 0.91440010
v -0.00074538 -0.18762870 0.91446608
v -0.00068849 -0.18756799 0.91445661
v -0.00068923 -0.18718140 0.91529697
v -0.00068923 -0.18715329 0.91535729
v -0.00074642 -0.18719620 0.91541189
v -0.00074633 -0.18722320 0.91535342
v -0.00072467 -0.18718269 0.91535282
v -0.00070027 -0.18673810 0.91624862
v -0.00072313 -0.18764681 0.91433960
v -0.00072333 -0.18759280 0.91445887
v -0.00072467 -0.18719670 0.91532260
v -0.00072478 -0.18716910 0.91538203
v -0.00074170 -0.18677880 0.91626698
v -0.00074633 -0.18723020 0.91533828
v -0.00068930 -0.18714650 0.91537189
v -0.00070268 -0.18671849 0.91629291
v -0.00074228 -0.18676950 0.91628939
v -0.00070328 -0.18671361 0.91630387
v -0.00074242 -0.18676721 0.91629499
v -0.00070343 -0.18671240 0.91630667
v -0.00074245 -0.18676659 0.91629642
v 0.00416465 -0.18866190 0.91195381
v 0.00402995 -0.18873890 0.91190302
v 0.00425543 -0.18867230 0.91203058
v 0.00398202 -0.18861461 0.91188759
v 0.00409420 -0.18855450 0.91198617
v 0.00390382 -0.18860251 0.91189247
v 0.00405969 -0.18864080 0.91189790
v 0.00407918 -0.18858990 0.91193622
v 0.00405021 -0.18869410 0.91189188
v 0.00398065 -0.18866131 0.91185957
v 0.00325747 -0.18872070 0.91170472
v 0.00340881 -0.18868040 0.91175508
v 0.00310631 -0.18869869 0.91173762
v 0.00278272 -0.18873550 0.91170537
v 0.00246365 -0.18871450 0.91174632
v 0.00198241 -0.18875280 0.91171330
v 0.00230374 -0.18874660 0.91171050
v 0.00214429 -0.18879470 0.91168910
v 0.00182088 -0.18872710 0.91175210
v 0.00166293 -0.18885280 0.91169572
v 0.00311072 -0.18886130 0.91170400
v 0.00262685 -0.18883440 0.91168731
v 0.00117989 -0.18889850 0.91172069
v 0.00150336 -0.18876050 0.91171682
v 0.00117798 -0.18873639 0.91175479
v 0.00107540 -0.18876480 0.91172153
v 0.00096754 -0.18873410 0.91176611
v 0.00118156 -0.18876439 0.91171861
v 0.00110187 -0.18885890 0.91170073
v 0.00118263 -0.18885900 0.91169858
v 0.00118537 -0.18880920 0.91169572
v 0.00101729 -0.18889681 0.91172832
v 0.00035895 -0.18869880 0.91189289
v 0.00049057 -0.18869190 0.91187543
v 0.00021177 -0.18863860 0.91200399
v 0.00021805 -0.18867020 0.91196227
v 0.00011950 -0.18873720 0.91199148
v 0.00002416 -0.18874910 0.91207218
v 0.00027840 -0.18881419 0.91192508
v 0.00024830 -0.18876860 0.91192001
v -0.00073270 -0.18812720 0.91331768
v -0.00073770 -0.18806531 0.91345161
v -0.00075128 -0.18811139 0.91347212
v -0.00072677 -0.18823540 0.91320348
v 0.00497426 -0.18793359 0.91334063
v 0.00493582 -0.18790880 0.91338247
v 0.00492729 -0.18798541 0.91320938
v 0.00497027 -0.18797339 0.91325247
v 0.00500883 -0.18797490 0.91330397
v 0.00496502 -0.18799600 0.91320223
v 0.00502695 -0.18803430 0.91325903
v 0.00504132 -0.18800020 0.91342312
v 0.00503321 -0.18798660 0.91336250
v 0.00502671 -0.18809670 0.91321641
v 0.00495960 -0.18801570 0.91315901
v 0.00489862 -0.18806089 0.91304058
v 0.00499971 -0.18802141 0.91320157
v 0.00502111 -0.18805809 0.91320747
v 0.00494494 -0.18805490 0.91307300
v 0.00498690 -0.18806221 0.91311407
v 0.00501479 -0.18807910 0.91316342
v 0.00493367 -0.18807730 0.91302359
v 0.00499489 -0.18812650 0.91306162
v 0.00498398 -0.18819229 0.91301370
v 0.00491996 -0.18810120 0.91297132
v 0.00483556 -0.18815270 0.91283780
v 0.00496490 -0.18810850 0.91301352
v 0.00498237 -0.18815009 0.91301107
v 0.00496723 -0.18817531 0.91295791
v 0.00488724 -0.18814860 0.91286790
v 0.00493445 -0.18815750 0.91290778
v 0.00486602 -0.18817410 0.91281211
v 0.00492747 -0.18822969 0.91284251
v 0.00490035 -0.18830159 0.91278422
v 0.00484432 -0.18819749 0.91276097
v 0.00474192 -0.18824290 0.91264111
v 0.00489237 -0.18821040 0.91279399
v 0.00490429 -0.18825650 0.91278571
v 0.00479563 -0.18824349 0.91266090
v 0.00484540 -0.18825790 0.91269112
v 0.00488086 -0.18828081 0.91273379
v 0.00476678 -0.18826810 0.91260803
v 0.00474055 -0.18828860 0.91256392
v 0.00463314 -0.18832150 0.91247147
v 0.00478728 -0.18830870 0.91258329
v 0.00482436 -0.18833309 0.91262418
v 0.00478281 -0.18840639 0.91256702
v 0.00479312 -0.18835869 0.91257077
v 0.00468399 -0.18832859 0.91247767
v 0.00473137 -0.18835020 0.91249460
v 0.00476493 -0.18837990 0.91252607
v 0.00464846 -0.18835180 0.91242838
v 0.00473006 -0.18840469 0.91247457
v 0.00463475 -0.18850400 0.91236693
v 0.00457938 -0.18839210 0.91234273
v 0.00465901 -0.18839800 0.91239429
v 0.00449546 -0.18839930 0.91230619
v 0.00465466 -0.18845300 0.91237491
v 0.00454278 -0.18841150 0.91230142
v 0.00458713 -0.18843870 0.91230798
v 0.00461824 -0.18847381 0.91233152
v 0.00450076 -0.18843290 0.91225660
v 0.00457628 -0.18849680 0.91228467
v 0.00445803 -0.18859330 0.91218662
v 0.00440355 -0.18847840 0.91216290
v 0.00430198 -0.18848559 0.91212589
v 0.00450124 -0.18848270 0.91221708
v 0.00448705 -0.18854091 0.91219509
v 0.00435199 -0.18850011 0.91211867
v 0.00439973 -0.18852900 0.91212398
v 0.00443544 -0.18856440 0.91214848
v 0.00430317 -0.18851900 0.91208011
v 0.00438656 -0.18858489 0.91210771
v 0.00419851 -0.18855479 0.91200691
v 0.00430013 -0.18856780 0.91204560
v 0.00428422 -0.18862361 0.91203070
v 0.00414397 -0.18857160 0.91197288
v 0.00419195 -0.18860380 0.91197258
v 0.00422956 -0.18864200 0.91199392
v 0.00412674 -0.18862291 0.91193390
v 0.00394286 -0.18862399 0.91186959
v 0.00401022 -0.18870440 0.91187292
v 0.00387712 -0.18863849 0.91184223
v 0.00394304 -0.18872020 0.91184330
v 0.00375505 -0.18879670 0.91179740
v 0.00375666 -0.18866250 0.91179848
v 0.00366958 -0.18864760 0.91180873
v 0.00384553 -0.18869071 0.91180468
v 0.00380434 -0.18874860 0.91179162
v 0.00369515 -0.18867320 0.91177952
v 0.00372042 -0.18871421 0.91176361
v 0.00374074 -0.18876030 0.91177171
v 0.00361772 -0.18868490 0.91175902
v 0.00366081 -0.18877301 0.91174960
v 0.00343283 -0.18884030 0.91172588
v 0.00348367 -0.18870160 0.91173130
v 0.00356116 -0.18873760 0.91172367
v 0.00341614 -0.18870860 0.91172069
v 0.00342347 -0.18875270 0.91169959
v 0.00349875 -0.18879440 0.91171467
v 0.00342919 -0.18880160 0.91170353
v 0.00334545 -0.18878470 0.91168839
v 0.00318427 -0.18879510 0.91167760
v 0.00318219 -0.18876950 0.91167909
v 0.00310303 -0.18877180 0.91167867
v 0.00310697 -0.18882190 0.91168159
v 0.00294806 -0.18882629 0.91168362
v 0.00278582 -0.18878040 0.91168261
v 0.00270458 -0.18878230 0.91168338
v 0.00254466 -0.18876199 0.91169387
v 0.00246509 -0.18878800 0.91168600
v 0.00182255 -0.18880031 0.91169178
v 0.00174160 -0.18877751 0.91170120
v 0.00158306 -0.18880400 0.91169351
v 0.00150074 -0.18880500 0.91169411
v 0.00134058 -0.18885700 0.91169769
v 0.00108834 -0.18880939 0.91169852
v 0.00099022 -0.18880740 0.91170597
v 0.00097842 -0.18876269 0.91172951
v 0.00093811 -0.18876110 0.91173422
v 0.00090829 -0.18880390 0.91171592
v 0.00100334 -0.18885720 0.91170770
v 0.00096219 -0.18885569 0.91171187
v 0.00085237 -0.18888929 0.91174883
v 0.00083466 -0.18875620 0.91174918
v 0.00076557 -0.18872289 0.91179740
v 0.00087954 -0.18885159 0.91172278
v 0.00078311 -0.18875290 0.91175860
v 0.00080292 -0.18879850 0.91173297
v 0.00082640 -0.18884879 0.91173172
v 0.00071157 -0.18874671 0.91177440
v 0.00075225 -0.18884300 0.91174603
v 0.00055829 -0.18886100 0.91181701
v 0.00056939 -0.18873189 0.91181302
v 0.00065671 -0.18878530 0.91176599
v 0.00060507 -0.18882801 0.91178232
v 0.00049953 -0.18872289 0.91183603
v 0.00051211 -0.18876880 0.91180909
v 0.00053212 -0.18881930 0.91180462
v 0.00043128 -0.18871219 0.91186172
v 0.00037265 -0.18874630 0.91186219
v 0.00046053 -0.18880890 0.91182911
v 0.00029958 -0.18873140 0.91189528
v 0.00022856 -0.18871520 0.91193122
v 0.00032119 -0.18878449 0.91188550
v 0.00015527 -0.18865590 0.91199768
v 0.00016411 -0.18870130 0.91196668
v 0.00010136 -0.18868630 0.91200447
v 0.00002740 -0.18862100 0.91208160
v -0.00003502 -0.18856770 0.91217190
v 0.00005745 -0.18872119 0.91203141
v -0.00003345 -0.18860181 0.91212732
v -0.00002633 -0.18864930 0.91209322
v -0.00000681 -0.18870220 0.91207618
v -0.00008719 -0.18858279 0.91217172
v -0.00014326 -0.18856160 0.91222137
v -0.00024584 -0.18848100 0.91237408
v -0.00013567 -0.18861011 0.91218340
v -0.00011928 -0.18866310 0.91216493
v -0.00019773 -0.18866870 0.91225219
v -0.00017261 -0.18864220 0.91221207
v -0.00022788 -0.18861911 0.91226512
v -0.00024858 -0.18851660 0.91232687
v -0.00024507 -0.18856490 0.91228890
v -0.00029392 -0.18849421 0.91237873
v -0.00032397 -0.18857300 0.91236860
v -0.00038739 -0.18857470 0.91246080
v -0.00034025 -0.18846910 0.91243613
v -0.00033756 -0.18851881 0.91239381
v -0.00041672 -0.18838079 0.91260612
v -0.00036877 -0.18854880 0.91242272
v -0.00041449 -0.18852180 0.91248262
v -0.00042522 -0.18841679 0.91255587
v -0.00042716 -0.18846580 0.91251338
v -0.00046118 -0.18839170 0.91261339
v -0.00049236 -0.18846990 0.91259807
v -0.00054120 -0.18846940 0.91269243
v -0.00049687 -0.18836319 0.91267741
v -0.00054371 -0.18826909 0.91286278
v -0.00050091 -0.18841420 0.91262990
v -0.00052772 -0.18844309 0.91265768
v -0.00056316 -0.18841250 0.91272342
v -0.00055958 -0.18830471 0.91280890
v -0.00056903 -0.18835419 0.91276151
v -0.00058511 -0.18827760 0.91287071
v -0.00062092 -0.18835621 0.91284811
v -0.00065554 -0.18835551 0.91294181
v -0.00060927 -0.18824640 0.91294020
v -0.00062282 -0.18814801 0.91313940
v -0.00064588 -0.18832740 0.91291171
v -0.00067004 -0.18829390 0.91298270
v -0.00064775 -0.18818310 0.91308141
v -0.00066676 -0.18823311 0.91302848
v -0.00066177 -0.18815459 0.91314578
v -0.00070573 -0.18823460 0.91311347
v -0.00068590 -0.18812799 0.91322082
v -0.00065011 -0.18801960 0.91343123
v -0.00071932 -0.18820450 0.91317981
v -0.00069701 -0.18817469 0.91315931
v -0.00069835 -0.18806070 0.91337037
v -0.00070064 -0.18803170 0.91343671
v 0.00501014 -0.18795420 0.91334867
v 0.00502385 -0.18795900 0.91337770
v 0.00500514 -0.18799821 0.91325277
v 0.00499393 -0.18804181 0.91315782
v 0.00497677 -0.18808541 0.91306370
v 0.00495060 -0.18813311 0.91296041
v 0.00491448 -0.18818410 0.91285062
v 0.00490369 -0.18819730 0.91282219
v 0.00488128 -0.18822239 0.91276801
v 0.00486978 -0.18823430 0.91274220
v 0.00481732 -0.18828350 0.91263670
v 0.00480254 -0.18829609 0.91260988
v 0.00477381 -0.18831921 0.91256082
v 0.00476004 -0.18832950 0.91253859
v 0.00471397 -0.18836230 0.91246909
v 0.00469615 -0.18837430 0.91244388
v 0.00462379 -0.18841849 0.91235059
v 0.00460567 -0.18842870 0.91232920
v 0.00456633 -0.18844990 0.91228467
v 0.00454505 -0.18846101 0.91226190
v 0.00445147 -0.18850620 0.91216958
v 0.00442584 -0.18851770 0.91214663
v 0.00437541 -0.18853900 0.91210377
v 0.00435068 -0.18854880 0.91208398
v 0.00424679 -0.18858621 0.91200823
v 0.00421955 -0.18859510 0.91199023
v 0.00394745 -0.18866900 0.91184503
v 0.00391384 -0.18867651 0.91183090
v 0.00378342 -0.18870290 0.91178322
v 0.00368090 -0.18872060 0.91175252
v 0.00364120 -0.18872660 0.91174221
v 0.00349243 -0.18874560 0.91171062
v 0.00337817 -0.18872181 0.91170841
v 0.00338145 -0.18874399 0.91169751
v 0.00330110 -0.18875021 0.91168922
v 0.00322099 -0.18875530 0.91168392
v 0.00314368 -0.18872580 0.91170120
v 0.00310440 -0.18872690 0.91170150
v 0.00302668 -0.18874970 0.91168833
v 0.00302608 -0.18877400 0.91167963
v 0.00286509 -0.18877830 0.91168159
v 0.00258567 -0.18879810 0.91168302
v 0.00246407 -0.18874310 0.91170889
v 0.00182153 -0.18875560 0.91171467
v 0.00170221 -0.18881510 0.91169089
v 0.00142200 -0.18880610 0.91169453
v 0.00125893 -0.18878400 0.91170418
v 0.00126089 -0.18880810 0.91169542
v 0.00085560 -0.18880150 0.91172379
v 0.00082925 -0.18880010 0.91172832
v 0.00076622 -0.18879560 0.91174030
v 0.00072960 -0.18879250 0.91174817
v 0.00058400 -0.18877760 0.91178632
v 0.00054794 -0.18877330 0.91179740
v 0.00047678 -0.18876360 0.91182142
v 0.00044175 -0.18875811 0.91183442
v 0.00003646 -0.18866840 0.91204762
v 0.00000480 -0.18865900 0.91206998
v -0.00008196 -0.18863019 0.91213733
v -0.00010905 -0.18862019 0.91216010
v -0.00016389 -0.18859909 0.91220897
v -0.00019154 -0.18858799 0.91223520
v -0.00029238 -0.18854220 0.91234052
v -0.00031524 -0.18853059 0.91236693
v -0.00036093 -0.18850580 0.91242301
v -0.00038367 -0.18849270 0.91245282
v -0.00046522 -0.18844029 0.91257101
v -0.00048336 -0.18842730 0.91260028
v -0.00051904 -0.18839940 0.91266233
v -0.00053645 -0.18838450 0.91269511
v -0.00059684 -0.18832660 0.91282362
v -0.00060978 -0.18831261 0.91285503
v -0.00062207 -0.18829849 0.91288668
v -0.00063449 -0.18828230 0.91292179
v -0.00064609 -0.18826599 0.91295719
v -0.00068329 -0.18820401 0.91309363
v -0.00070791 -0.18816280 0.91319841
v -0.00071969 -0.18817741 0.91320860
v 0.00498398 -0.18792240 0.91337532
v 0.00306840 -0.18882300 0.91168213
v 0.00298728 -0.18878791 0.91167837
v 0.00129970 -0.18882041 0.91169339
v 0.00122042 -0.18885849 0.91169840
v 0.00502659 -0.18795520 0.91339630
v 0.00498624 -0.18791971 0.91338402
v 0.00502719 -0.18795431 0.91340101
v 0.00498678 -0.18791901 0.91338623
v 0.00502737 -0.18795399 0.91340220
v 0.00498690 -0.18791890 0.91338682
v 0.00502737 -0.18795399 0.91340238
v -0.00489507 -0.18803680 0.91309392
v -0.00489370 -0.18863191 0.91170722
v -0.00444631 -0.18865091 0.91171658
v -0.00399886 -0.18866830 0.91172451
v -0.00355236 -0.18808991 0.91311699
v -0.00489507 -0.18742070 0.91447151
v -0.00355135 -0.18868420 0.91173100
v -0.00355230 -0.18747450 0.91449368
v -0.00489364 -0.18678349 0.91583949
v -0.00355129 -0.18683819 0.91586101
v -0.00485073 -0.18662550 0.91617662
v -0.00488071 -0.18670291 0.91601080
v -0.00351678 -0.18676400 0.91601980
v -0.00462298 -0.18638490 0.91670138
v -0.00475971 -0.18649890 0.91645050
v -0.00346045 -0.18672250 0.91611159
v -0.00444458 -0.18628509 0.91692537
v -0.00338088 -0.18668780 0.91619062
v -0.00422852 -0.18620101 0.91711891
v -0.00397877 -0.18613429 0.91727787
v -0.00324301 -0.18665481 0.91627032
v -0.00369952 -0.18608680 0.91739869
v 0.00091703 -0.18818420 0.91305161
v -0.00024584 -0.18848100 0.91237408
v -0.00003502 -0.18856770 0.91217190
v 0.00021177 -0.18863860 0.91200399
v 0.00077966 -0.18812330 0.91319358
v -0.00054371 -0.18826909 0.91286278
v -0.00041672 -0.18838079 0.91260612
v 0.00103928 -0.18820630 0.91299802
v 0.00049057 -0.18869190 0.91187543
v 0.00076557 -0.18872289 0.91179740
v 0.00071533 -0.18806510 0.91332710
v -0.00062282 -0.18814801 0.91313940
v 0.00117876 -0.18821310 0.91297859
v 0.00096754 -0.18873410 0.91176611
v 0.00117798 -0.18873639 0.91175479
v 0.00182088 -0.18872710 0.91175210
v 0.00069224 -0.18801939 0.91343153
v -0.00065020 -0.18758480 0.91440260
v -0.00065011 -0.18801960 0.91343123
v -0.00339465 -0.18606010 0.91747761
v -0.00308458 -0.18664190 0.91630930
v -0.00306831 -0.18605570 0.91751069
v -0.00286685 -0.18606099 0.91751391
v -0.00266532 -0.18606600 0.91751689
v 0.00237586 -0.18819360 0.91296971
v 0.00246365 -0.18871450 0.91174632
v 0.00069224 -0.18758181 0.91440892
v -0.00065019 -0.18713960 0.91536921
v -0.00246386 -0.18607070 0.91751951
v -0.00203399 -0.18666629 0.91632289
v 0.00303878 -0.18817960 0.91295689
v 0.00310631 -0.18869869 0.91173762
v 0.00319357 -0.18816981 0.91296721
v 0.00340881 -0.18868040 0.91175508
v 0.00366958 -0.18864760 0.91180873
v 0.00390382 -0.18860251 0.91189247
v -0.00185929 -0.18608290 0.91752571
v 0.00337274 -0.18813720 0.91302657
v 0.00409420 -0.18855450 0.91198617
v 0.00430198 -0.18848559 0.91212589
v 0.00449546 -0.18839930 0.91230619
v 0.00350346 -0.18808000 0.91314530
v 0.00069223 -0.18713370 0.91538161
v -0.00065009 -0.18668410 0.91633099
v 0.00463314 -0.18832150 0.91247147
v -0.00125472 -0.18609220 0.91752928
v 0.00474192 -0.18824290 0.91264111
v 0.00483556 -0.18815270 0.91283780
v 0.00357010 -0.18802160 0.91327220
v -0.00065007 -0.18609869 0.91753018
v 0.00489862 -0.18806089 0.91304058
v 0.00069222 -0.18667510 0.91634941
v 0.00492729 -0.18798541 0.91320938
v 0.00359346 -0.18796280 0.91340357
v 0.00493582 -0.18790880 0.91338247
v 0.00359382 -0.18759480 0.91422689
v 0.00069220 -0.18609861 0.91753018
v -0.00065010 -0.18581070 0.91810632
v 0.00109549 -0.18667281 0.91634607
v 0.00149877 -0.18666901 0.91634160
v 0.00069223 -0.18581060 0.91810620
v -0.00065009 -0.18551891 0.91868031
v -0.00020264 -0.18522480 0.91925389
v -0.00065005 -0.18522330 0.91925251
v 0.00493588 -0.18717951 0.91499710
v 0.00359340 -0.18683641 0.91586298
v 0.00359376 -0.18721940 0.91504681
v 0.00069222 -0.18551880 0.91868031
v 0.00024477 -0.18522480 0.91925389
v 0.00223829 -0.18607751 0.91751993
v 0.00190200 -0.18666400 0.91633582
v 0.00230469 -0.18665759 0.91632891
v 0.00270738 -0.18664999 0.91632068
v 0.00069217 -0.18522321 0.91925251
v 0.00491889 -0.18667810 0.91606569
v 0.00356628 -0.18676880 0.91600800
v 0.00307836 -0.18605991 0.91750461
v 0.00310995 -0.18664099 0.91631138
v 0.00486519 -0.18657009 0.91629720
v 0.00476749 -0.18646041 0.91653562
v 0.00356849 -0.18606891 0.91744941
v 0.00327911 -0.18665010 0.91627967
v 0.00376667 -0.18608950 0.91739142
v 0.00464930 -0.18637230 0.91673023
v 0.00349148 -0.18671191 0.91613370
v 0.00391807 -0.18611290 0.91733092
v 0.00337787 -0.18666939 0.91623181
v 0.00450070 -0.18629120 0.91691232
v 0.00404830 -0.18613940 0.91726547
v 0.00428821 -0.18620610 0.91710728
v 0.00076335 -0.18696541 0.91578501
v 0.00069222 -0.18667510 0.91634941
v 0.00069223 -0.18713370 0.91538161
v 0.00076340 -0.18718180 0.91532761
v 0.00072944 -0.18792149 0.91366857
v 0.00069224 -0.18758181 0.91440892
v 0.00069224 -0.18801939 0.91343153
v 0.00072969 -0.18770400 0.91415352
v 0.00076379 -0.18783671 0.91390878
v 0.00078614 -0.18764760 0.91439527
v 0.00079343 -0.18811131 0.91347212
v 0.00079343 -0.18682000 0.91627979
v 0.00078639 -0.18797369 0.91368532
v 0.00078528 -0.18699890 0.91578132
v 0.00078527 -0.18688861 0.91601431
v 0.00076379 -0.18794380 0.91367149
v 0.00076373 -0.18767180 0.91427118
v 0.00074778 -0.18760370 0.91439360
v 0.00074837 -0.18677931 0.91615403
v 0.00072942 -0.18797420 0.91355038
v 0.00078636 -0.18802610 0.91357023
v 0.00072983 -0.18762110 0.91433650
v 0.00076996 -0.18683350 0.91607481
v 0.00078100 -0.18679389 0.91619229
v 0.00077694 -0.18803570 0.91350561
v 0.00076378 -0.18799570 0.91355592
v 0.00076370 -0.18763030 0.91436172
v 0.00074428 -0.18673080 0.91625100
v 0.00073865 -0.18801680 0.91346443
v 0.00076512 -0.18676130 0.91621500
v 0.00077981 -0.18676960 0.91623831
v 0.00077964 -0.18805860 0.91346538
v 0.00074324 -0.18671849 0.91627550
v 0.00074091 -0.18802740 0.91344351
v 0.00077950 -0.18676350 0.91624987
v 0.00078028 -0.18806431 0.91345543
v 0.00074297 -0.18671539 0.91628170
v 0.00074147 -0.18803009 0.91343832
v 0.00077943 -0.18676201 0.91625279
v 0.00078043 -0.18806569 0.91345292
v 0.00074291 -0.18671469 0.91628319
v 0.00078292 -0.18810160 0.91332322
v 0.00076638 -0.18807110 0.91339928
v 0.00071533 -0.18806510 0.91332710
v 0.00080963 -0.18812650 0.91326320
v 0.00077966 -0.18812330 0.91319358
v 0.00082315 -0.18816081 0.91332787
v 0.00085303 -0.18815240 0.91319633
v 0.00091306 -0.18817461 0.91312993
v 0.00103153 -0.18822929 0.91312242
v 0.00090665 -0.18820140 0.91320378
v 0.00091703 -0.18818420 0.91305161
v 0.00098276 -0.18819100 0.91308790
v 0.00103928 -0.18820630 0.91299802
v 0.00103767 -0.18819860 0.91306603
v 0.00112112 -0.18820560 0.91304982
v 0.00119008 -0.18824030 0.91309547
v 0.00117876 -0.18821310 0.91297859
v 0.00118502 -0.18820740 0.91304177
v 0.00142057 -0.18820530 0.91303557
v 0.00166221 -0.18823060 0.91308951
v 0.00201906 -0.18819609 0.91303229
v 0.00237586 -0.18819360 0.91296971
v 0.00206454 -0.18822370 0.91308641
v 0.00222005 -0.18819210 0.91303062
v 0.00246687 -0.18821540 0.91308260
v 0.00242116 -0.18818779 0.91302860
v 0.00262220 -0.18818310 0.91302651
v 0.00303878 -0.18817960 0.91295689
v 0.00286915 -0.18820550 0.91307813
v 0.00295378 -0.18817469 0.91302317
v 0.00312550 -0.18819679 0.91307998
v 0.00308408 -0.18817040 0.91302359
v 0.00319357 -0.18816981 0.91296721
v 0.00315620 -0.18816580 0.91302902
v 0.00322802 -0.18815801 0.91304058
v 0.00337274 -0.18813720 0.91302657
v 0.00325813 -0.18818399 0.91310221
v 0.00330623 -0.18814459 0.91306651
v 0.00337590 -0.18812519 0.91310710
v 0.00350346 -0.18808000 0.91314530
v 0.00338335 -0.18815041 0.91317970
v 0.00343247 -0.18810140 0.91316003
v 0.00347830 -0.18807320 0.91322488
v 0.00073090 -0.18803930 0.91341060
v 0.00069224 -0.18801939 0.91343153
v 0.00078568 -0.18808900 0.91343600
v 0.00079343 -0.18811131 0.91347212
v 0.00083803 -0.18815280 0.91326332
v 0.00353630 -0.18803020 0.91327411
v 0.00357010 -0.18802160 0.91327220
v 0.00350483 -0.18804879 0.91328222
v 0.00346841 -0.18808560 0.91326457
v 0.00346734 -0.18810520 0.91330069
v 0.00354816 -0.18801241 0.91331410
v 0.00359346 -0.18796280 0.91340357
v 0.00352402 -0.18801720 0.91335821
v 0.00348045 -0.18807480 0.91329223
v 0.00355782 -0.18798530 0.91337621
v 0.00350465 -0.18803290 0.91340190
v 0.00349631 -0.18805429 0.91344458
v 0.00077464 -0.18806849 0.91343969
v 0.00354238 -0.18798751 0.91339672
v 0.00073728 -0.18803480 0.91343093
v 0.00350984 -0.18801729 0.91341972
v 0.00077696 -0.18806820 0.91344970
v 0.00354643 -0.18798010 0.91340691
v 0.00073901 -0.18803380 0.91343600
v 0.00351103 -0.18801330 0.91342419
v 0.00077755 -0.18806811 0.91345221
v 0.00354739 -0.18797830 0.91340947
v 0.00073945 -0.18803351 0.91343731
v 0.00351133 -0.18801230 0.91342533
v 0.00077770 -0.18806811 0.91345280
v 0.00354762 -0.18797781 0.91341013
v 0.00073956 -0.18803351 0.91343760
v 0.00351139 -0.18801209 0.91342562
v 0.00077774 -0.18806811 0.91345292
v 0.00354768 -0.18797770 0.91341031
v 0.00355740 -0.18787859 0.91361302
v 0.00359346 -0.18796280 0.91340357
v 0.00359382 -0.18759480 0.91422689
v 0.00350334 -0.18783779 0.91384208
v 0.00350334 -0.18792979 0.91363609
v 0.00352474 -0.18780731 0.91382831
v 0.00349631 -0.18805429 0.91344458
v 0.00355752 -0.18769430 0.91402447
v 0.00355752 -0.18760151 0.91422999
v 0.00352468 -0.18762210 0.91423953
v 0.00355752 -0.18741450 0.91464031
v 0.00359376 -0.18721940 0.91504681
v 0.00350334 -0.18727741 0.91507202
v 0.00349631 -0.18692771 0.91590267
v 0.00355752 -0.18713111 0.91525340
v 0.00359340 -0.18683641 0.91586298
v 0.00354566 -0.18704110 0.91545987
v 0.00352468 -0.18705641 0.91546649
v 0.00350334 -0.18699120 0.91568410
v 0.00351216 -0.18795960 0.91352582
v 0.00352462 -0.18789931 0.91362238
v 0.00352468 -0.18776120 0.91393107
v 0.00352468 -0.18734130 0.91485387
v 0.00352468 -0.18719940 0.91516042
v 0.00353994 -0.18690041 0.91576731
v 0.00354470 -0.18684921 0.91586810
v 0.00354846 -0.18795121 0.91346031
v 0.00355752 -0.18727329 0.91494709
v 0.00355752 -0.18720230 0.91510028
v 0.00354011 -0.18723480 0.91505301
v 0.00350727 -0.18691079 0.91583341
v 0.00350948 -0.18688279 0.91588271
v 0.00350960 -0.18799780 0.91345030
v 0.00352468 -0.18727051 0.91500717
v 0.00352468 -0.18723489 0.91508383
v 0.00354625 -0.18796951 0.91342223
v 0.00355752 -0.18723790 0.91502368
v 0.00350900 -0.18800740 0.91343141
v 0.00354572 -0.18797401 0.91341257
v 0.00350882 -0.18800969 0.91342658
v 0.00354560 -0.18797520 0.91341031
v 0.00350882 -0.18801031 0.91342551
v 0.00347485 -0.18687239 0.91602087
v 0.00349631 -0.18692771 0.91590267
v 0.00350948 -0.18688279 0.91588271
v 0.00346501 -0.18686990 0.91604900
v 0.00346460 -0.18686131 0.91604489
v 0.00348695 -0.18682590 0.91600412
v 0.00354470 -0.18684921 0.91586810
v 0.00347628 -0.18681440 0.91602898
v 0.00352027 -0.18678780 0.91599917
v 0.00359340 -0.18683641 0.91586298
v 0.00356628 -0.18676880 0.91600800
v 0.00350870 -0.18677530 0.91602641
v 0.00349148 -0.18671191 0.91613370
v 0.00341554 -0.18682700 0.91612101
v 0.00337406 -0.18682469 0.91617322
v 0.00342544 -0.18677880 0.91610801
v 0.00337263 -0.18680800 0.91616428
v 0.00345327 -0.18673640 0.91611248
v 0.00338091 -0.18675910 0.91615278
v 0.00332518 -0.18679319 0.91619921
v 0.00325169 -0.18680200 0.91625041
v 0.00340469 -0.18671501 0.91616148
v 0.00337787 -0.18666939 0.91623181
v 0.00333174 -0.18674371 0.91618901
v 0.00324972 -0.18677831 0.91623622
v 0.00311048 -0.18679900 0.91628110
v 0.00335105 -0.18669820 0.91620088
v 0.00325342 -0.18672840 0.91622752
v 0.00310995 -0.18664099 0.91631138
v 0.00326569 -0.18668140 0.91624278
v 0.00327911 -0.18665010 0.91627967
v 0.00097129 -0.18673670 0.91626310
v 0.00109549 -0.18667281 0.91634607
v 0.00069222 -0.18667510 0.91634941
v 0.00135960 -0.18673520 0.91626340
v 0.00149877 -0.18666901 0.91634160
v 0.00175132 -0.18677250 0.91625720
v 0.00156577 -0.18681440 0.91627872
v 0.00233813 -0.18680750 0.91627902
v 0.00211407 -0.18668820 0.91629130
v 0.00230469 -0.18665759 0.91632891
v 0.00190200 -0.18666400 0.91633582
v 0.00192882 -0.18672940 0.91626340
v 0.00213792 -0.18677001 0.91625881
v 0.00127925 -0.18677430 0.91625518
v 0.00079343 -0.18682000 0.91627979
v 0.00146820 -0.18677370 0.91625601
v 0.00156225 -0.18677340 0.91625643
v 0.00182338 -0.18671130 0.91627598
v 0.00163211 -0.18671399 0.91627657
v 0.00212653 -0.18672679 0.91626310
v 0.00232901 -0.18672380 0.91626251
v 0.00231697 -0.18668410 0.91628933
v 0.00241919 -0.18668211 0.91628808
v 0.00233634 -0.18676840 0.91625953
v 0.00243630 -0.18676759 0.91625971
v 0.00262268 -0.18667790 0.91628551
v 0.00270738 -0.18664999 0.91632068
v 0.00253297 -0.18672080 0.91626161
v 0.00283010 -0.18676379 0.91626000
v 0.00311048 -0.18679900 0.91628110
v 0.00301571 -0.18667001 0.91627872
v 0.00310995 -0.18664099 0.91631138
v 0.00282236 -0.18667381 0.91628242
v 0.00292690 -0.18671480 0.91625828
v 0.00301875 -0.18676180 0.91625953
v 0.00080152 -0.18671981 0.91627753
v 0.00093150 -0.18675511 0.91625500
v 0.00120367 -0.18671840 0.91627723
v 0.00148989 -0.18671580 0.91627681
v 0.00178792 -0.18674120 0.91625941
v 0.00169332 -0.18674210 0.91625929
v 0.00243111 -0.18672229 0.91626209
v 0.00273354 -0.18671770 0.91626012
v 0.00277890 -0.18669429 0.91626900
v 0.00283136 -0.18671620 0.91625923
v 0.00301971 -0.18671340 0.91625708
v 0.00306507 -0.18673749 0.91625488
v 0.00084906 -0.18674579 0.91625810
v 0.00088801 -0.18677489 0.91625440
v 0.00080719 -0.18676470 0.91625363
v 0.00096501 -0.18678521 0.91625720
v 0.00112988 -0.18675490 0.91625541
v 0.00112261 -0.18671051 0.91628629
v 0.00124605 -0.18674511 0.91625857
v 0.00148197 -0.18674380 0.91625899
v 0.00155230 -0.18670200 0.91628999
v 0.00154771 -0.18673369 0.91626352
v 0.00159915 -0.18674290 0.91625923
v 0.00152882 -0.18674339 0.91625911
v 0.00158699 -0.18677840 0.91625762
v 0.00163426 -0.18677820 0.91625780
v 0.00272317 -0.18667580 0.91628402
v 0.00280787 -0.18672870 0.91625732
v 0.00304194 -0.18670100 0.91626012
v 0.00308634 -0.18667831 0.91627008
v 0.00075762 -0.18671571 0.91628212
v 0.00080664 -0.18674120 0.91626042
v 0.00080288 -0.18679090 0.91625941
v 0.00097141 -0.18675980 0.91625422
v 0.00156881 -0.18675560 0.91625613
v 0.00163545 -0.18674511 0.91625851
v 0.00309850 -0.18674330 0.91625518
v 0.00078513 -0.18673900 0.91626161
v 0.00078631 -0.18675029 0.91625631
v 0.00078639 -0.18676230 0.91625369
v 0.00310339 -0.18668060 0.91626823
v 0.00309260 -0.18670930 0.91625673
v 0.00074657 -0.18671480 0.91628331
v 0.00077431 -0.18673781 0.91626233
v 0.00079304 -0.18678950 0.91625881
v 0.00310685 -0.18674460 0.91625541
v 0.00076888 -0.18673719 0.91626263
v 0.00077563 -0.18674910 0.91625673
v 0.00078115 -0.18676160 0.91625381
v 0.00310762 -0.18668120 0.91626769
v 0.00074381 -0.18671450 0.91628361
v 0.00076616 -0.18673700 0.91626281
v 0.00079057 -0.18678920 0.91625857
v 0.00310893 -0.18674500 0.91625541
v 0.00076480 -0.18673681 0.91626292
v 0.00077295 -0.18674891 0.91625679
v 0.00077984 -0.18676150 0.91625381
v 0.00310870 -0.18668130 0.91626757
v 0.00074312 -0.18671440 0.91628373
v 0.00076412 -0.18673681 0.91626298
v 0.00078995 -0.18678910 0.91625851
v 0.00310941 -0.18674511 0.91625541
v 0.00311048 -0.18679900 0.91628110
v 0.00311054 -0.18700831 0.91647440
v 0.00327470 -0.18701939 0.91643888
v 0.00325169 -0.18680200 0.91625041
v 0.00340839 -0.18705970 0.91634440
v 0.00337406 -0.18682469 0.91617322
v 0.00347336 -0.18710680 0.91624051
v 0.00346501 -0.18686990 0.91604900
v 0.00349619 -0.18716420 0.91611803
v 0.00349631 -0.18692771 0.91590267
v 0.00349648 -0.18817849 0.91391629
v 0.00349631 -0.18805429 0.91344458
v 0.00349619 -0.18828920 0.91366762
v 0.00348188 -0.18833290 0.91356993
v 0.00346734 -0.18810520 0.91330069
v 0.00340487 -0.18839490 0.91343600
v 0.00338335 -0.18815041 0.91317970
v 0.00326009 -0.18844180 0.91334152
v 0.00325813 -0.18818399 0.91310221
v 0.00312550 -0.18819679 0.91307998
v 0.00307210 -0.18845969 0.91331547
v 0.00286915 -0.18820550 0.91307813
v 0.00246687 -0.18821540 0.91308260
v 0.00206454 -0.18822370 0.91308641
v 0.00110807 -0.18849450 0.91334122
v 0.00166221 -0.18823060 0.91308951
v 0.00119008 -0.18824030 0.91309547
v 0.00103153 -0.18822929 0.91312242
v 0.00100590 -0.18848240 0.91337162
v 0.00090665 -0.18820140 0.91320378
v 0.00091386 -0.18845700 0.91343188
v 0.00082315 -0.18816081 0.91332787
v 0.00084421 -0.18842250 0.91351181
v 0.00079343 -0.18811131 0.91347212
v 0.00080541 -0.18838200 0.91360438
v 0.00079216 -0.18832961 0.91372311
v 0.00079306 -0.18792699 0.91461921
v 0.00079343 -0.18682000 0.91627979
v 0.00079343 -0.18682000 0.91627979
v 0.00079306 -0.18792699 0.91461921
v 0.00079343 -0.18705080 0.91649348
v 0.00079343 -0.18705080 0.91649348
v 0.00156589 -0.18704200 0.91648948
v 0.00079343 -0.18682000 0.91627979
v 0.00233831 -0.18702780 0.91648310
v 0.00311054 -0.18700831 0.91647440
v 0.00311048 -0.18679900 0.91628110
v 0.00233813 -0.18680750 0.91627902
v 0.00156577 -0.18681440 0.91627872
v 0.00110807 -0.18849450 0.91334122
v 0.00091386 -0.18845700 0.91343188
v 0.00100590 -0.18848240 0.91337162
v 0.00080541 -0.18838200 0.91360438
v 0.00084421 -0.18842250 0.91351181
v 0.00079216 -0.18832961 0.91372311
v 0.00079306 -0.18792699 0.91461921
v 0.00307210 -0.18845969 0.91331547
v 0.00348188 -0.18833290 0.91356993
v 0.00326009 -0.18844180 0.91334152
v 0.00340487 -0.18839490 0.91343600
v 0.00349619 -0.18828920 0.91366762
v 0.00349648 -0.18817849 0.91391629
v 0.00156589 -0.18704200 0.91648948
v 0.00079343 -0.18705080 0.91649348
v 0.00233831 -0.18702780 0.91648310
v 0.00349619 -0.18716420 0.91611803
v 0.00311054 -0.18700831 0.91647440
v 0.00347336 -0.18710680 0.91624051
v 0.00327470 -0.18701939 0.91643888
v 0.00340839 -0.18705970 0.91634440
v 0.02951123 -0.18111379 0.86824328
v 0.02939619 -0.18204360 0.86731350
v 0.02951123 -0.18174011 0.86761707
v 0.02951123 -0.18111379 0.86824328
v 0.02951123 -0.18174011 0.86761707
v 0.02954997 -0.18142700 0.86793017
v 0.02655716 -0.18320259 0.86615449
v 0.02699997 -0.18323010 0.86612707
v 0.02744277 -0.18320259 0.86615449
v 0.02572496 -0.18298849 0.86636871
v 0.02612783 -0.18312129 0.86623591
v 0.02655716 -0.18320259 0.86615449
v 0.02863909 -0.18004569 0.86931151
v 0.02787216 -0.18312129 0.86623591
v 0.02827497 -0.18298849 0.86636871
v 0.02863909 -0.18004569 0.86931151
v 0.02827497 -0.18298849 0.86636871
v 0.02863909 -0.18280821 0.86654902
v 0.02863909 -0.18004569 0.86931151
v 0.02863909 -0.18280821 0.86654902
v 0.02895339 -0.18258600 0.86677122
v 0.02920838 -0.18232851 0.86702871
v 0.02863909 -0.18004569 0.86931151
v 0.02920838 -0.18232851 0.86702871
v 0.02939619 -0.18204360 0.86731350
v 0.02863909 -0.18004569 0.86931151
v 0.02951123 -0.18111379 0.86824328
v 0.02939619 -0.18081020 0.86854690
v 0.02863909 -0.18004569 0.86931151
v 0.02939619 -0.18081020 0.86854690
v 0.02920838 -0.18052541 0.86883181
v 0.02863909 -0.18004569 0.86931151
v 0.02920838 -0.18052541 0.86883181
v 0.02895338 -0.18026790 0.86908931
v 0.02939619 -0.18204360 0.86731350
v 0.02951123 -0.18111379 0.86824328
v 0.02504660 -0.18258600 0.86677122
v 0.02536090 -0.18280821 0.86654902
v 0.02572496 -0.18298849 0.86636871
v 0.02699997 -0.17962380 0.86973327
v 0.02787215 -0.17973261 0.86962461
v 0.02744276 -0.17965120 0.86970598
v 0.02448870 -0.18111379 0.86824328
v 0.02444996 -0.18142700 0.86793017
v 0.02448870 -0.18174011 0.86761707
v 0.02448870 -0.18111379 0.86824328
v 0.02448870 -0.18174011 0.86761707
v 0.02460380 -0.18204360 0.86731350
v 0.02448870 -0.18111379 0.86824328
v 0.02460380 -0.18204360 0.86731350
v 0.02479161 -0.18232851 0.86702871
v 0.02572495 -0.17986540 0.86949182
v 0.02744277 -0.18320259 0.86615449
v 0.02787216 -0.18312129 0.86623591
v 0.02572495 -0.17986540 0.86949182
v 0.02863909 -0.18004569 0.86931151
v 0.02827496 -0.17986540 0.86949182
v 0.02572495 -0.17986540 0.86949182
v 0.02827496 -0.17986540 0.86949182
v 0.02787215 -0.17973261 0.86962461
v 0.02572495 -0.17986540 0.86949182
v 0.02699997 -0.17962380 0.86973327
v 0.02655715 -0.17965120 0.86970598
v 0.02572495 -0.17986540 0.86949182
v 0.02655715 -0.17965120 0.86970598
v 0.02612782 -0.17973261 0.86962461
v 0.02572495 -0.17986540 0.86949182
v 0.02655716 -0.18320259 0.86615449
v 0.02744277 -0.18320259 0.86615449
v 0.02787216 -0.18312129 0.86623591
v 0.02863909 -0.18004569 0.86931151
v 0.02572495 -0.17986540 0.86949182
v 0.02787215 -0.17973261 0.86962461
v 0.02699997 -0.17962380 0.86973327
v 0.02504659 -0.18026790 0.86908931
v 0.02655716 -0.18320259 0.86615449
v 0.02572495 -0.17986540 0.86949182
v 0.02504659 -0.18026790 0.86908931
v 0.02572495 -0.17986540 0.86949182
v 0.02536090 -0.18004569 0.86931151
v 0.02504659 -0.18026790 0.86908931
v 0.02479161 -0.18052541 0.86883181
v 0.02460380 -0.18081020 0.86854690
v 0.02504659 -0.18026790 0.86908931
v 0.02460380 -0.18081020 0.86854690
v 0.02448870 -0.18111379 0.86824328
v 0.02504659 -0.18026790 0.86908931
v 0.02479161 -0.18232851 0.86702871
v 0.02504660 -0.18258600 0.86677122
v 0.02504659 -0.18026790 0.86908931
v 0.02572496 -0.18298849 0.86636871
v 0.02655716 -0.18320259 0.86615449
v 0.02504660 -0.18258600 0.86677122
v 0.02504659 -0.18026790 0.86908931
v 0.02448870 -0.18111379 0.86824328
v 0.02479161 -0.18232851 0.86702871
v 0.02699997 -0.18372500 0.86662209
v 0.02744277 -0.18320259 0.86615449
v 0.02699997 -0.18323010 0.86612707
v 0.02744277 -0.18369770 0.86664951
v 0.02787216 -0.18312129 0.86623591
v 0.02787216 -0.18361630 0.86673081
v 0.02827497 -0.18298849 0.86636871
v 0.02827497 -0.18348350 0.86686373
v 0.02863909 -0.18280821 0.86654902
v 0.02863909 -0.18330321 0.86704391
v 0.02895339 -0.18258600 0.86677122
v 0.02895339 -0.18308090 0.86726618
v 0.02920838 -0.18232851 0.86702871
v 0.02920838 -0.18282349 0.86752361
v 0.02939619 -0.18204360 0.86731350
v 0.02939619 -0.18253860 0.86780852
v 0.02951123 -0.18174011 0.86761707
v 0.02951123 -0.18223500 0.86811209
v 0.02954997 -0.18142700 0.86793017
v 0.02954997 -0.18192190 0.86842519
v 0.02951123 -0.18111379 0.86824328
v 0.02951123 -0.18160880 0.86873829
v 0.02939619 -0.18081020 0.86854690
v 0.02939619 -0.18130520 0.86904192
v 0.02920838 -0.18052541 0.86883181
v 0.02920838 -0.18102030 0.86932677
v 0.02895338 -0.18026790 0.86908931
v 0.02895338 -0.18076290 0.86958420
v 0.02863909 -0.18004569 0.86931151
v 0.02863909 -0.18054061 0.86980653
v 0.02827496 -0.17986540 0.86949182
v 0.02827496 -0.18036041 0.86998677
v 0.02787215 -0.17973261 0.86962461
v 0.02787215 -0.18022750 0.87011957
v 0.02744276 -0.17965120 0.86970598
v 0.02744276 -0.18014620 0.87020087
v 0.02699997 -0.17962380 0.86973327
v 0.02699997 -0.18011880 0.87022829
v 0.02655715 -0.17965120 0.86970598
v 0.02655715 -0.18014620 0.87020087
v 0.02612782 -0.17973261 0.86962461
v 0.02612782 -0.18022750 0.87011957
v 0.02572495 -0.17986540 0.86949182
v 0.02572495 -0.18036041 0.86998677
v 0.02536090 -0.18054061 0.86980653
v 0.02536090 -0.18004569 0.86931151
v 0.02504659 -0.18026790 0.86908931
v 0.02504659 -0.18076290 0.86958420
v 0.02479161 -0.18102030 0.86932677
v 0.02479161 -0.18052541 0.86883181
v 0.02460380 -0.18081020 0.86854690
v 0.02460380 -0.18130520 0.86904192
v 0.02448870 -0.18160880 0.86873829
v 0.02448870 -0.18111379 0.86824328
v 0.02444996 -0.18142700 0.86793017
v 0.02444996 -0.18192190 0.86842519
v 0.02448870 -0.18223500 0.86811209
v 0.02448870 -0.18174011 0.86761707
v 0.02460380 -0.18204360 0.86731350
v 0.02460380 -0.18253860 0.86780852
v 0.02479161 -0.18232851 0.86702871
v 0.02479161 -0.18282349 0.86752361
v 0.02504660 -0.18308090 0.86726618
v 0.02504660 -0.18258600 0.86677122
v 0.02536090 -0.18280821 0.86654902
v 0.02536090 -0.18330321 0.86704391
v 0.02572496 -0.18348350 0.86686373
v 0.02572496 -0.18298849 0.86636871
v 0.02612783 -0.18312129 0.86623591
v 0.02612783 -0.18361630 0.86673081
v 0.02655716 -0.18369770 0.86664951
v 0.02655716 -0.18320259 0.86615449
v 0.02699997 -0.18372500 0.86662209
v 0.02699997 -0.18323010 0.86612707
v 0.03830547 -0.11677550 0.91714311
v 0.03924233 -0.11019300 0.91418922
v 0.03789711 -0.11184060 0.91254163
v 0.03830547 -0.11677550 0.91714311
v 0.03978020 -0.10901320 0.91445470
v 0.03960079 -0.10940640 0.91436601
v 0.03830547 -0.11677550 0.91714311
v 0.03960079 -0.10940640 0.91436601
v 0.03942156 -0.10979960 0.91427737
v 0.03830547 -0.11677550 0.91714311
v 0.03942156 -0.10979960 0.91427737
v 0.03924233 -0.11019300 0.91418922
v 0.03303278 -0.11500420 0.91245210
v 0.03238732 -0.11322020 0.91116202
v 0.03174997 -0.11300520 0.91137689
v 0.03306437 -0.11336200 0.91102022
v 0.03376449 -0.11342720 0.91095501
v 0.03448624 -0.11505810 0.91239822
v 0.03447038 -0.11341410 0.91096812
v 0.03516466 -0.11332320 0.91105902
v 0.03300119 -0.11664640 0.91388398
v 0.03589213 -0.11479170 0.91266459
v 0.03583032 -0.11315640 0.91122568
v 0.03645087 -0.11291820 0.91146398
v 0.03450215 -0.11670200 0.91382837
v 0.03296954 -0.11828860 0.91531593
v 0.03711278 -0.11423120 0.91322511
v 0.03701109 -0.11261420 0.91176790
v 0.03749711 -0.11225210 0.91213012
v 0.03789711 -0.11184060 0.91254163
v 0.03595394 -0.11642700 0.91410351
v 0.03451801 -0.11834600 0.91525853
v 0.03293795 -0.11993080 0.91674781
v 0.03721446 -0.11584810 0.91468233
v 0.03830547 -0.11677550 0.91714311
v 0.03601575 -0.11806220 0.91554230
v 0.03453392 -0.11998990 0.91668868
v 0.03290636 -0.12157300 0.91817981
v 0.03098995 -0.12930660 0.92581671
v 0.03731621 -0.11746500 0.91613948
v 0.03607756 -0.11969750 0.91698122
v 0.03722203 -0.12076640 0.91878682
v 0.03454978 -0.12163390 0.91811877
v 0.03287477 -0.12321510 0.91961169
v 0.03613943 -0.12133270 0.91842002
v 0.03558207 -0.12458400 0.92094982
v 0.03456569 -0.12327780 0.91954899
v 0.03284318 -0.12485730 0.92104357
v 0.03458161 -0.12492170 0.92097920
v 0.03422303 -0.12676480 0.92254633
v 0.03281153 -0.12649950 0.92247552
v 0.03333021 -0.12783089 0.92351860
v 0.03240622 -0.12864821 0.92446709
v 0.03172553 -0.12906000 0.92513090
v 0.03135282 -0.12921239 0.92548251
v 0.02944500 -0.11114970 0.91640198
v 0.02979887 -0.10910920 0.91527289
v 0.03010285 -0.10865860 0.91572362
v 0.02959830 -0.10958800 0.91479421
v 0.02950615 -0.11008310 0.91429907
v 0.02936876 -0.11217850 0.91537321
v 0.02952463 -0.11058220 0.91380000
v 0.02965332 -0.11107310 0.91330898
v 0.02929175 -0.11271140 0.91800982
v 0.02974588 -0.11317360 0.91437811
v 0.02988905 -0.11154380 0.91283828
v 0.03022594 -0.11198260 0.91239947
v 0.02921290 -0.11377480 0.91694641
v 0.02913845 -0.11427310 0.91961747
v 0.02917332 -0.11913290 0.92695689
v 0.03053934 -0.11403760 0.91351402
v 0.03065581 -0.11237870 0.91200340
v 0.03116805 -0.11272250 0.91165972
v 0.03174997 -0.11300520 0.91137689
v 0.02960271 -0.11480340 0.91591781
v 0.02905703 -0.11537120 0.91851950
v 0.02898515 -0.11583490 0.92122543
v 0.03042293 -0.11569660 0.91502458
v 0.02945954 -0.11643330 0.91745740
v 0.02890116 -0.11696760 0.92009270
v 0.02883184 -0.11739660 0.92283320
v 0.03030646 -0.11735550 0.91653532
v 0.02931637 -0.11806320 0.91899711
v 0.02874536 -0.11856390 0.92166591
v 0.02867854 -0.11895830 0.92444098
v 0.03019000 -0.11901440 0.91804588
v 0.02917320 -0.11969300 0.92053682
v 0.02858949 -0.12016020 0.92323911
v 0.02852524 -0.12052000 0.92604882
v 0.02870101 -0.12067250 0.92741781
v 0.03007353 -0.12067330 0.91955650
v 0.03098995 -0.12930660 0.92581671
v 0.02903003 -0.12132280 0.92207652
v 0.02843363 -0.12175660 0.92481220
v 0.02837194 -0.12208180 0.92765647
v 0.02834684 -0.12226670 0.92777491
v 0.02995706 -0.12233220 0.92106712
v 0.02888686 -0.12295260 0.92361617
v 0.02827776 -0.12335290 0.92638540
v 0.02817327 -0.12352160 0.92796731
v 0.02810771 -0.12469840 0.92806840
v 0.02984059 -0.12399110 0.92257768
v 0.02874369 -0.12458250 0.92515588
v 0.02972413 -0.12565000 0.92408830
v 0.02860052 -0.12621230 0.92669553
v 0.02846599 -0.12738571 0.92789048
v 0.02862484 -0.12779930 0.92777872
v 0.02834040 -0.12695190 0.92797410
v 0.02821941 -0.12635259 0.92804658
v 0.02813894 -0.12566669 0.92808288
v 0.02960766 -0.12730891 0.92559892
v 0.03063632 -0.12934200 0.92613471
v 0.03027887 -0.12931430 0.92644823
v 0.02992845 -0.12921520 0.92674762
v 0.02962524 -0.12906060 0.92700011
v 0.02937645 -0.12887511 0.92720222
v 0.02915729 -0.12865700 0.92737621
v 0.02895910 -0.12840369 0.92752981
v 0.02879662 -0.12814400 0.92765260
v 0.03400761 -0.10387630 0.92050588
v 0.02917332 -0.11913290 0.92695689
v 0.03010285 -0.10865860 0.91572362
v 0.03453100 -0.10288790 0.92068672
v 0.02917332 -0.11913290 0.92695689
v 0.03400761 -0.10387630 0.92050588
v -0.02917401 -0.11912470 0.92694807
v -0.03400616 -0.10387800 0.92050421
v -0.03010283 -0.10865860 0.91572362
v -0.02917401 -0.11912470 0.92694807
v -0.03452955 -0.10288980 0.92068511
v -0.03435503 -0.10321920 0.92062461
v -0.02917401 -0.11912470 0.92694807
v -0.03435503 -0.10321920 0.92062461
v -0.03418057 -0.10354850 0.92056417
v -0.02917401 -0.11912470 0.92694807
v -0.03418057 -0.10354850 0.92056417
v -0.03400616 -0.10387800 0.92050421
v -0.03053944 -0.11403650 0.91351300
v -0.03116803 -0.11272250 0.91165972
v -0.03174995 -0.11300520 0.91137689
v -0.03065579 -0.11237870 0.91200340
v -0.03022592 -0.11198260 0.91239947
v -0.02974592 -0.11317250 0.91437691
v -0.02988903 -0.11154380 0.91283828
v -0.02965330 -0.11107310 0.91330898
v -0.03042303 -0.11569420 0.91502237
v -0.02936886 -0.11217740 0.91537201
v -0.02952461 -0.11058220 0.91380000
v -0.02950613 -0.11008310 0.91429907
v -0.02960287 -0.11480110 0.91591549
v -0.03030668 -0.11735180 0.91653198
v -0.02944510 -0.11114860 0.91640079
v -0.02959828 -0.10958800 0.91479421
v -0.02979885 -0.10910920 0.91527289
v -0.03010283 -0.10865860 0.91572362
v -0.02921312 -0.11377260 0.91694403
v -0.02945982 -0.11642980 0.91745412
v -0.03019027 -0.11900960 0.91804153
v -0.02929191 -0.11270920 0.91800737
v -0.02905737 -0.11536770 0.91851610
v -0.02931677 -0.11805840 0.91899258
v -0.03007393 -0.12066730 0.91955101
v -0.03099059 -0.12929280 0.92580438
v -0.02913873 -0.11426970 0.91961408
v -0.02917401 -0.11912470 0.92694807
v -0.02890162 -0.11696290 0.92008811
v -0.02917366 -0.11968710 0.92053121
v -0.02995752 -0.12232500 0.92106050
v -0.02898554 -0.11583040 0.92122072
v -0.02874587 -0.11855810 0.92166018
v -0.02903061 -0.12131570 0.92206979
v -0.02984117 -0.12398270 0.92257011
v -0.02883236 -0.11739090 0.92282742
v -0.02859013 -0.12015330 0.92323220
v -0.02888755 -0.12294440 0.92360842
v -0.02972476 -0.12564041 0.92407948
v -0.02867918 -0.11895150 0.92443401
v -0.02843438 -0.12174850 0.92480421
v -0.02874450 -0.12457300 0.92514688
v -0.02960835 -0.12729810 0.92558908
v -0.02881210 -0.12815760 0.92763072
v -0.02857016 -0.12765560 0.92780763
v -0.02899407 -0.12843961 0.92749262
v -0.02921782 -0.12870970 0.92731792
v -0.02946691 -0.12893599 0.92711842
v -0.02969258 -0.12908760 0.92693353
v -0.02990280 -0.12919120 0.92675799
v -0.03011881 -0.12926500 0.92657471
v -0.03033935 -0.12931029 0.92638421
v -0.03063594 -0.12932840 0.92612338
v -0.03081410 -0.12931789 0.92596412
v -0.02852599 -0.12051210 0.92604059
v -0.02851491 -0.12142550 0.92759430
v -0.02827863 -0.12334370 0.92637628
v -0.02817188 -0.12353590 0.92796022
v -0.02811693 -0.12526689 0.92807508
v -0.02860139 -0.12620170 0.92668551
v -0.02821605 -0.12631370 0.92803842
v -0.02839445 -0.12713949 0.92792869
v -0.03711270 -0.11422980 0.91322392
v -0.03749715 -0.11225210 0.91213012
v -0.03789709 -0.11184060 0.91254163
v -0.03701107 -0.11261420 0.91176790
v -0.03645085 -0.11291820 0.91146398
v -0.03589205 -0.11479030 0.91266340
v -0.03583030 -0.11315640 0.91122568
v -0.03516464 -0.11332320 0.91105902
v -0.03721432 -0.11584530 0.91467983
v -0.03830449 -0.11676440 0.91713268
v -0.03448622 -0.11505670 0.91239703
v -0.03447036 -0.11341410 0.91096812
v -0.03376447 -0.11342720 0.91095501
v -0.03595380 -0.11642420 0.91410100
v -0.03731589 -0.11746090 0.91613573
v -0.03303276 -0.11500280 0.91245091
v -0.03306435 -0.11336200 0.91102022
v -0.03238730 -0.11322020 0.91116202
v -0.03174995 -0.11300520 0.91137689
v -0.03450207 -0.11669920 0.91382593
v -0.03601561 -0.11805800 0.91553873
v -0.03741752 -0.11907650 0.91759169
v -0.03761159 -0.11954180 0.91821063
v -0.03300123 -0.11664360 0.91388148
v -0.03451799 -0.11834180 0.91525489
v -0.03607737 -0.11969190 0.91697627
v -0.03296964 -0.11828440 0.91531229
v -0.03453384 -0.11998430 0.91668391
v -0.03613912 -0.12132570 0.91841388
v -0.03663169 -0.12231820 0.91958648
v -0.03293805 -0.11992520 0.91674298
v -0.03454970 -0.12162690 0.91811281
v -0.03290646 -0.12156600 0.91817367
v -0.03099059 -0.12929280 0.92580438
v -0.03456561 -0.12326940 0.91954172
v -0.03544752 -0.12481710 0.92110121
v -0.03287493 -0.12320680 0.91960442
v -0.03458147 -0.12491200 0.92097068
v -0.03444658 -0.12643839 0.92228001
v -0.03284334 -0.12484760 0.92103511
v -0.03281175 -0.12648830 0.92246580
v -0.03157000 -0.12911640 0.92526668
v -0.03211634 -0.12882981 0.92474109
v -0.03351162 -0.12762100 0.92331219
v -0.03278016 -0.12812909 0.92389649
v -0.03279386 -0.12832600 0.92406332
v -0.03236084 -0.11163090 0.91275132
v -0.03116803 -0.11272250 0.91165972
v -0.03065579 -0.11237870 0.91200340
v -0.03204654 -0.11140860 0.91297358
v -0.03065579 -0.11237870 0.91200340
v -0.03022592 -0.11198260 0.91239947
v -0.03204654 -0.11140860 0.91297358
v -0.03236084 -0.11163090 0.91275132
v -0.03065579 -0.11237870 0.91200340
v -0.03272496 -0.11181110 0.91257101
v -0.03238730 -0.11322020 0.91116202
v -0.03174995 -0.11300520 0.91137689
v -0.03272496 -0.11181110 0.91257101
v -0.03174995 -0.11300520 0.91137689
v -0.03116803 -0.11272250 0.91165972
v -0.03272496 -0.11181110 0.91257101
v -0.03116803 -0.11272250 0.91165972
v -0.03236084 -0.11163090 0.91275132
v -0.03179161 -0.11115110 0.91323102
v -0.03022592 -0.11198260 0.91239947
v -0.02988903 -0.11154380 0.91283828
v -0.03179161 -0.11115110 0.91323102
v -0.03204654 -0.11140860 0.91297358
v -0.03022592 -0.11198260 0.91239947
v -0.03312783 -0.11194400 0.91243821
v -0.03306435 -0.11336200 0.91102022
v -0.03238730 -0.11322020 0.91116202
v -0.03312783 -0.11194400 0.91243821
v -0.03238730 -0.11322020 0.91116202
v -0.03272496 -0.11181110 0.91257101
v -0.03160374 -0.11086630 0.91351593
v -0.02988903 -0.11154380 0.91283828
v -0.02965330 -0.11107310 0.91330898
v -0.03160374 -0.11086630 0.91351593
v -0.03179161 -0.11115110 0.91323102
v -0.02988903 -0.11154380 0.91283828
v -0.03355716 -0.11202530 0.91235691
v -0.03376447 -0.11342720 0.91095501
v -0.03306435 -0.11336200 0.91102022
v -0.03355716 -0.11202530 0.91235691
v -0.03306435 -0.11336200 0.91102022
v -0.03312783 -0.11194400 0.91243821
v -0.03148870 -0.11056270 0.91381949
v -0.02965330 -0.11107310 0.91330898
v -0.02952461 -0.11058220 0.91380000
v -0.03148870 -0.11056270 0.91381949
v -0.03160374 -0.11086630 0.91351593
v -0.02965330 -0.11107310 0.91330898
v -0.03399996 -0.11205270 0.91232938
v -0.03376447 -0.11342720 0.91095501
v -0.03399996 -0.11205270 0.91232938
v -0.03447036 -0.11341410 0.91096812
v -0.03376447 -0.11342720 0.91095501
v -0.03144996 -0.11024960 0.91413260
v -0.02950613 -0.11008310 0.91429907
v -0.03144996 -0.11024960 0.91413260
v -0.03148870 -0.11056270 0.91381949
v -0.02952461 -0.11058220 0.91380000
v -0.03444277 -0.11202530 0.91235691
v -0.03516464 -0.11332320 0.91105902
v -0.03447036 -0.11341410 0.91096812
v -0.03444277 -0.11202530 0.91235691
v -0.03447036 -0.11341410 0.91096812
v -0.03148870 -0.10993650 0.91444570
v -0.02950613 -0.11008310 0.91429907
v -0.02959828 -0.10958800 0.91479421
v -0.03148870 -0.10993650 0.91444570
v -0.03144996 -0.11024960 0.91413260
v -0.02950613 -0.11008310 0.91429907
v -0.03487210 -0.11194400 0.91243821
v -0.03583030 -0.11315640 0.91122568
v -0.03516464 -0.11332320 0.91105902
v -0.03487210 -0.11194400 0.91243821
v -0.03516464 -0.11332320 0.91105902
v -0.03160374 -0.10963290 0.91474932
v -0.03160374 -0.10963290 0.91474932
v -0.02959828 -0.10958800 0.91479421
v -0.02979885 -0.10910920 0.91527289
v -0.03527497 -0.11181110 0.91257101
v -0.03645085 -0.11291820 0.91146398
v -0.03583030 -0.11315640 0.91122568
v -0.03527497 -0.11181110 0.91257101
v -0.03583030 -0.11315640 0.91122568
v -0.03487210 -0.11194400 0.91243821
v -0.03179161 -0.10934800 0.91503417
v -0.03160374 -0.10963290 0.91474932
v -0.02979885 -0.10910920 0.91527289
v -0.03179161 -0.10934800 0.91503417
v -0.02979885 -0.10910920 0.91527289
v -0.03010283 -0.10865860 0.91572362
v -0.03563909 -0.11163090 0.91275132
v -0.03701107 -0.11261420 0.91176790
v -0.03645085 -0.11291820 0.91146398
v -0.03563909 -0.11163090 0.91275132
v -0.03645085 -0.11291820 0.91146398
v -0.03527497 -0.11181110 0.91257101
v -0.03204654 -0.10909060 0.91529161
v -0.03179161 -0.10934800 0.91503417
v -0.03010283 -0.10865860 0.91572362
v -0.03595339 -0.11140860 0.91297358
v -0.03701107 -0.11261420 0.91176790
v -0.03563909 -0.11163090 0.91275132
v -0.03236084 -0.10886830 0.91551387
v -0.03204654 -0.10909060 0.91529161
v -0.03010283 -0.10865860 0.91572362
v -0.03749715 -0.11225210 0.91213012
v -0.03701107 -0.11261420 0.91176790
v -0.03595339 -0.11140860 0.91297358
v -0.03620832 -0.11115110 0.91323102
v -0.03749715 -0.11225210 0.91213012
v -0.03595339 -0.11140860 0.91297358
v -0.03272496 -0.10868800 0.91569412
v -0.03236084 -0.10886830 0.91551387
v -0.03010283 -0.10865860 0.91572362
v -0.03312783 -0.10855520 0.91582698
v -0.03272496 -0.10868800 0.91569412
v -0.03010283 -0.10865860 0.91572362
v -0.03789709 -0.11184060 0.91254163
v -0.03639619 -0.11086630 0.91351593
v -0.03789709 -0.11184060 0.91254163
v -0.03749715 -0.11225210 0.91213012
v -0.03620832 -0.11115110 0.91323102
v -0.03651123 -0.11056270 0.91381949
v -0.03789709 -0.11184060 0.91254163
v -0.03639619 -0.11086630 0.91351593
v -0.03924040 -0.11019530 0.91418678
v -0.03651123 -0.11056270 0.91381949
v -0.03654997 -0.11024960 0.91413260
v -0.03651123 -0.10993650 0.91444570
v -0.03924040 -0.11019530 0.91418678
v -0.03639619 -0.10963290 0.91474932
v -0.03924040 -0.11019530 0.91418678
v -0.03639619 -0.10963290 0.91474932
v -0.03620832 -0.10934800 0.91503417
v -0.03924040 -0.11019530 0.91418678
v -0.03620832 -0.10934800 0.91503417
v -0.03595339 -0.10909060 0.91529161
v -0.03924040 -0.11019530 0.91418678
v -0.03595339 -0.10909060 0.91529161
v -0.03563909 -0.10886830 0.91551387
v -0.03924040 -0.11019530 0.91418678
v -0.03789709 -0.11184060 0.91254163
v -0.03651123 -0.11056270 0.91381949
v -0.03400616 -0.10387800 0.92050421
v -0.03563909 -0.10886830 0.91551387
v -0.03527497 -0.10868800 0.91569412
v -0.03400616 -0.10387800 0.92050421
v -0.03527497 -0.10868800 0.91569412
v -0.03487210 -0.10855520 0.91582698
v -0.03400616 -0.10387800 0.92050421
v -0.03487210 -0.10855520 0.91582698
v -0.03444277 -0.10847380 0.91590828
v -0.03400616 -0.10387800 0.92050421
v -0.03444277 -0.10847380 0.91590828
v -0.03399996 -0.10844640 0.91593570
v -0.03400616 -0.10387800 0.92050421
v -0.03399996 -0.10844640 0.91593570
v -0.03355716 -0.10847380 0.91590828
v -0.03400616 -0.10387800 0.92050421
v -0.03355716 -0.10847380 0.91590828
v -0.03312783 -0.10855520 0.91582698
v -0.03400616 -0.10387800 0.92050421
v -0.03312783 -0.10855520 0.91582698
v -0.03010283 -0.10865860 0.91572362
v -0.03400616 -0.10387800 0.92050421
v -0.03924040 -0.11019530 0.91418678
v -0.03563909 -0.10886830 0.91551387
v 0.03163363 -0.18576831 0.86728191
v 0.03149999 -0.18402790 0.86631918
v 0.03149999 -0.18457679 0.86577028
v 0.03149999 -0.18192190 0.86842519
v 0.03202403 -0.18775700 0.87318909
v 0.03212995 -0.18829221 0.87479550
v 0.03139931 -0.18246040 0.87114072
v 0.03093852 -0.18038270 0.86996442
v 0.03124744 -0.18087099 0.86947608
v 0.03143639 -0.18138890 0.86895818
v 0.03149999 -0.18192190 0.86842519
v 0.03064401 -0.18149410 0.87210709
v 0.02999856 -0.17954931 0.87079781
v 0.03051824 -0.17993800 0.87040907
v 0.03155119 -0.18404990 0.87280542
v 0.03212995 -0.18829221 0.87479550
v 0.02947976 -0.18075830 0.87284279
v 0.02872206 -0.17898209 0.87136501
v 0.02939411 -0.17922769 0.87111938
v 0.03076984 -0.18305020 0.87380511
v 0.03170307 -0.18563931 0.87446988
v 0.02803715 -0.18033580 0.87326533
v 0.02725233 -0.17874490 0.87160218
v 0.02800131 -0.17881970 0.87152737
v 0.02956535 -0.18228900 0.87456608
v 0.03089561 -0.18460619 0.87550300
v 0.03185493 -0.18722869 0.87613451
v 0.03217841 -0.18917049 0.87722683
v 0.02647812 -0.18027391 0.87332731
v 0.02575422 -0.17886430 0.87148279
v 0.02649613 -0.17875990 0.87158722
v 0.02807291 -0.18185189 0.87500328
v 0.02965094 -0.18381970 0.87628949
v 0.03102143 -0.18616229 0.87720102
v 0.02497770 -0.18057960 0.87302160
v 0.02381803 -0.17967190 0.87067521
v 0.02439596 -0.17932680 0.87102032
v 0.02504749 -0.17905501 0.87129211
v 0.03200682 -0.18881820 0.87779909
v 0.03203990 -0.19014060 0.87961251
v 0.02646013 -0.18178789 0.87506729
v 0.02810873 -0.18336800 0.87674117
v 0.02973653 -0.18535040 0.87801290
v 0.03114720 -0.18771841 0.87889892
v 0.02490790 -0.18210410 0.87475109
v 0.02644213 -0.18330181 0.87680739
v 0.02814455 -0.18488410 0.87847912
v 0.02982213 -0.18688110 0.87973619
v 0.03127301 -0.18927450 0.88059688
v 0.02483810 -0.18362860 0.87648058
v 0.02642407 -0.18481579 0.87854749
v 0.02818038 -0.18640020 0.88021708
v 0.02990778 -0.18841180 0.88145959
v 0.03139878 -0.19083050 0.88229477
v 0.03150083 -0.19177561 0.88327432
v 0.03117670 -0.19161899 0.88367748
v 0.02476825 -0.18515310 0.87821019
v 0.02281483 -0.19330880 0.88573080
v 0.02640606 -0.18632969 0.88028753
v 0.02821614 -0.18791629 0.88195503
v 0.02999337 -0.18994240 0.88318300
v 0.03081812 -0.19147021 0.88404298
v 0.02469845 -0.18667760 0.87993968
v 0.02638806 -0.18784370 0.88202763
v 0.02825196 -0.18943240 0.88369298
v 0.03007896 -0.19147310 0.88490629
v 0.03000428 -0.19155709 0.88507628
v 0.02462865 -0.18820210 0.88166922
v 0.02637006 -0.18935759 0.88376772
v 0.02828778 -0.19094850 0.88543087
v 0.02914114 -0.19168310 0.88587892
v 0.02826513 -0.19183791 0.88646531
v 0.02455886 -0.18972670 0.88339871
v 0.02635200 -0.19087160 0.88550782
v 0.02740820 -0.19201130 0.88685280
v 0.02683683 -0.19213800 0.88701648
v 0.02621932 -0.19228470 0.88711017
v 0.02559830 -0.19244230 0.88711512
v 0.02448900 -0.19125120 0.88512832
v 0.02502562 -0.19259720 0.88703543
v 0.02451088 -0.19274510 0.88688833
v 0.02401985 -0.19289480 0.88667262
v 0.02356137 -0.19304331 0.88639349
v 0.02317001 -0.19317821 0.88608348
v 0.02296634 -0.18186919 0.87166601
v 0.02299047 -0.18047731 0.86986983
v 0.02335943 -0.18005159 0.87029552
v 0.02381803 -0.17967190 0.87067521
v 0.02250107 -0.18266350 0.87087172
v 0.02249999 -0.18192190 0.86842519
v 0.02255537 -0.18142420 0.86892301
v 0.02272023 -0.18093860 0.86940849
v 0.02282985 -0.18340750 0.87331569
v 0.02234878 -0.18422870 0.87249452
v 0.02269335 -0.18494581 0.87496549
v 0.02219655 -0.18579391 0.87411737
v 0.02255680 -0.18648410 0.87661523
v 0.02281483 -0.19330880 0.88573080
v 0.02204426 -0.18735909 0.87574029
v 0.02128215 -0.19423680 0.88074011
v 0.02242030 -0.18802240 0.87826502
v 0.02189203 -0.18892430 0.87736320
v 0.02228375 -0.18956070 0.87991482
v 0.02173974 -0.19048940 0.87898600
v 0.02214725 -0.19109900 0.88156450
v 0.02158745 -0.19205460 0.88060892
v 0.02128519 -0.19414490 0.88164461
v 0.02201076 -0.19263729 0.88321429
v 0.02228595 -0.19352280 0.88503122
v 0.02187373 -0.19371550 0.88425058
v 0.02157415 -0.19388410 0.88341391
v 0.02143522 -0.19361980 0.88223177
v 0.02138032 -0.19402730 0.88254040
v 0.03245515 -0.19039820 0.88183153
v 0.03150083 -0.19177561 0.88327432
v 0.03203990 -0.19014060 0.87961251
v 0.03300155 -0.18884461 0.87867540
v 0.03217841 -0.18917049 0.87722683
v 0.03298660 -0.19011340 0.88282651
v 0.03172351 -0.19166160 0.88370031
v 0.03193993 -0.19154690 0.88412923
v 0.03214813 -0.19143240 0.88456231
v 0.03356351 -0.18698370 0.87512457
v 0.03212995 -0.18829221 0.87479550
v 0.03202403 -0.18775700 0.87318909
v 0.03392239 -0.18763091 0.87797821
v 0.03420145 -0.18818890 0.88070017
v 0.03489275 -0.18630210 0.87721741
v 0.03493245 -0.18504231 0.87387532
v 0.03420103 -0.18470910 0.87097871
v 0.03474927 -0.18787549 0.88175118
v 0.03513307 -0.18695210 0.88006961
v 0.03568697 -0.18662940 0.88115412
v 0.03921361 -0.18207081 0.88036358
v 0.03610845 -0.18561330 0.87938869
v 0.03624268 -0.18436600 0.87611252
v 0.03666671 -0.18528581 0.88051140
v 0.03745425 -0.18368940 0.87841290
v 0.03801477 -0.18336371 0.87959403
v 0.03420103 -0.18470910 0.87097871
v 0.03202403 -0.18775700 0.87318909
v 0.03163363 -0.18576831 0.86728191
v 0.01700236 -0.17936639 0.92878038
v 0.01161022 -0.17877850 0.93109071
v 0.01285698 -0.17950150 0.92716771
v 0.02191759 -0.18020320 0.92563480
v 0.01680869 -0.18000270 0.92528492
v 0.02622487 -0.18125580 0.92174911
v 0.02380104 -0.18141620 0.92014289
v 0.02981086 -0.18249160 0.91723567
v 0.02671941 -0.18230380 0.91696382
v 0.03256352 -0.18388070 0.91221058
v 0.02918221 -0.18329141 0.91344661
v 0.03530879 -0.18694779 0.90120423
v 0.03440953 -0.18538640 0.90681791
v 0.03343344 -0.18668070 0.90148258
v 0.03522307 -0.18850270 0.89551860
v 0.03372343 -0.18786730 0.89724952
v 0.03415544 -0.19000660 0.88991892
v 0.03339310 -0.18911061 0.89271241
v 0.03214813 -0.19143240 0.88456231
v 0.03241182 -0.19031900 0.88827372
v 0.03081812 -0.19147021 0.88404298
v 0.03117670 -0.19161899 0.88367748
v 0.03193993 -0.19154690 0.88412923
v 0.03172351 -0.19166160 0.88370031
v 0.03150083 -0.19177561 0.88327432
v 0.00143404 -0.17860959 0.93133092
v 0.00589909 -0.17843610 0.93251318
v 0.00002502 -0.17832460 0.93300003
v -0.00002123 -0.17888170 0.92972553
v 0.00437261 -0.17894720 0.92941451
v 0.00711055 -0.17877281 0.93061221
v 0.00868870 -0.17914920 0.92855132
v 0.01124813 -0.17904650 0.92949182
v 0.01648689 -0.17962390 0.92725807
v 0.02127356 -0.18043961 0.92422682
v 0.02047748 -0.18064509 0.92293072
v 0.02547981 -0.18146530 0.92048222
v 0.02899088 -0.18267110 0.91612518
v 0.03170170 -0.18402590 0.91126931
v 0.03114249 -0.18436261 0.90964901
v 0.03353776 -0.18549350 0.90605021
v 0.03256704 -0.18549930 0.90563780
v 0.03445508 -0.18702181 0.90061063
v 0.03442074 -0.18854021 0.89509213
v 0.03343828 -0.19001280 0.88964862
v 0.02862484 -0.12779930 0.92777872
v 0.01004209 -0.16977490 0.93713301
v 0.01483459 -0.17007880 0.93553591
v 0.02879662 -0.12814400 0.92765260
v 0.02846599 -0.12738571 0.92789048
v 0.00509377 -0.16957641 0.93817192
v 0.02895910 -0.12840369 0.92752981
v 0.01941432 -0.17048059 0.93341982
v 0.02834040 -0.12695190 0.92797410
v 0.02915729 -0.12865700 0.92737621
v 0.02821941 -0.12635259 0.92804658
v 0.00003245 -0.16950440 0.93854761
v 0.02937645 -0.12887511 0.92720222
v 0.02372188 -0.17097710 0.93081057
v 0.02962524 -0.12906060 0.92700011
v 0.02813894 -0.12566669 0.92808288
v 0.02992845 -0.12921520 0.92674762
v 0.02770728 -0.17156060 0.92774671
v 0.02810771 -0.12469840 0.92806840
v 0.03027887 -0.12931430 0.92644823
v 0.03063632 -0.12934200 0.92613471
v 0.03131581 -0.17222600 0.92426139
v 0.03098995 -0.12930660 0.92581671
v 0.00000001 -0.08020001 0.93399978
v 0.02817327 -0.12352160 0.92796731
v 0.03135282 -0.12921239 0.92548251
v 0.03449142 -0.17297010 0.92039198
v 0.03172553 -0.12906000 0.92513090
v 0.03240622 -0.12864821 0.92446709
v 0.03719027 -0.17378440 0.91618937
v 0.00321687 -0.08030575 0.93389398
v 0.02834684 -0.12226670 0.92777491
v 0.03333021 -0.12783089 0.92351860
v 0.03937085 -0.17466269 0.91170788
v 0.00640631 -0.08062064 0.93357921
v 0.02870101 -0.12067250 0.92741781
v 0.03422303 -0.12676480 0.92254633
v 0.04100157 -0.17559621 0.90700930
v 0.01193905 -0.08167678 0.93252301
v 0.02917332 -0.11913290 0.92695689
v 0.03558207 -0.12458400 0.92094982
v 0.04205937 -0.17657679 0.90215868
v 0.01774449 -0.08352583 0.93067402
v 0.03722203 -0.12076640 0.91878682
v 0.02364707 -0.08628368 0.92791623
v 0.03453100 -0.10288790 0.92068672
v 0.02987624 -0.09036177 0.92383802
v 0.03625751 -0.09623962 0.91796023
v 0.03978020 -0.10901320 0.91445470
v 0.04159463 -0.10329860 0.91090131
v 0.04611940 -0.11264709 0.90155268
v 0.03830547 -0.11677550 0.91714311
v 0.04852343 -0.12238279 0.89181697
v 0.03921361 -0.18207081 0.88036358
v 0.03415544 -0.19000660 0.88991892
v 0.03214813 -0.19143240 0.88456231
v 0.03522307 -0.18850270 0.89551860
v 0.00305803 -0.17255400 0.93668151
v 0.00003245 -0.16950440 0.93854761
v 0.00002502 -0.17832460 0.93300003
v 0.00589909 -0.17843610 0.93251318
v 0.00306483 -0.17249390 0.93671530
v 0.00509377 -0.16957641 0.93817192
v 0.01004209 -0.16977490 0.93713301
v 0.01195372 -0.17290710 0.93481791
v 0.01161022 -0.17877850 0.93109071
v 0.01197851 -0.17284800 0.93484461
v 0.01483459 -0.17007880 0.93553591
v 0.01941432 -0.17048059 0.93341982
v 0.02279039 -0.17391440 0.92950130
v 0.01700236 -0.17936639 0.92878038
v 0.02191759 -0.18020320 0.92563480
v 0.02283533 -0.17385609 0.92951089
v 0.02372188 -0.17097710 0.93081057
v 0.02770728 -0.17156060 0.92774671
v 0.03131581 -0.17222600 0.92426139
v 0.03166492 -0.17544881 0.92140311
v 0.02622487 -0.18125580 0.92174911
v 0.02981086 -0.18249160 0.91723567
v 0.03172309 -0.17539041 0.92138880
v 0.03449142 -0.17297010 0.92039198
v 0.03719027 -0.17378440 0.91618937
v 0.03781147 -0.17739139 0.91115057
v 0.04205937 -0.17657679 0.90215868
v 0.04100157 -0.17559621 0.90700930
v 0.03256352 -0.18388070 0.91221058
v 0.03787376 -0.17733181 0.91110808
v 0.03937085 -0.17466269 0.91170788
v 0.04070450 -0.17958060 0.89959592
v 0.04170455 -0.17981830 0.88885242
v 0.04240723 -0.17810319 0.89576191
v 0.03440953 -0.18538640 0.90681791
v 0.03530879 -0.18694779 0.90120423
v 0.04076083 -0.17951880 0.89952451
v 0.04024239 -0.18183480 0.88769913
v 0.04068131 -0.18093219 0.88454562
v 0.04028422 -0.18176940 0.88760108
v -0.03399996 -0.11205270 0.91232938
v -0.03355716 -0.11153030 0.91186190
v -0.03399996 -0.11155770 0.91183448
v -0.03355716 -0.11202530 0.91235691
v -0.03312783 -0.11144900 0.91194332
v -0.03312783 -0.11194400 0.91243821
v -0.03272496 -0.11131620 0.91207612
v -0.03272496 -0.11181110 0.91257101
v -0.03236084 -0.11113590 0.91225642
v -0.03236084 -0.11163090 0.91275132
v -0.03204654 -0.11091360 0.91247863
v -0.03204654 -0.11140860 0.91297358
v -0.03179161 -0.11065620 0.91273612
v -0.03179161 -0.11115110 0.91323102
v -0.03160374 -0.11037130 0.91302091
v -0.03160374 -0.11086630 0.91351593
v -0.03148870 -0.11006770 0.91332448
v -0.03148870 -0.11056270 0.91381949
v -0.03144996 -0.10975460 0.91363758
v -0.03144996 -0.11024960 0.91413260
v -0.03148870 -0.10944150 0.91395080
v -0.03148870 -0.10993650 0.91444570
v -0.03160374 -0.10913790 0.91425431
v -0.03160374 -0.10963290 0.91474932
v -0.03179161 -0.10885310 0.91453922
v -0.03179161 -0.10934800 0.91503417
v -0.03204654 -0.10859560 0.91479671
v -0.03204654 -0.10909060 0.91529161
v -0.03236084 -0.10837340 0.91501892
v -0.03236084 -0.10886830 0.91551387
v -0.03272496 -0.10819300 0.91519922
v -0.03272496 -0.10868800 0.91569412
v -0.03312783 -0.10806020 0.91533202
v -0.03312783 -0.10855520 0.91582698
v -0.03355716 -0.10847380 0.91590828
v -0.03355716 -0.10797890 0.91541332
v -0.03399996 -0.10795150 0.91544068
v -0.03399996 -0.10844640 0.91593570
v -0.03444277 -0.10797890 0.91541332
v -0.03444277 -0.10847380 0.91590828
v -0.03487210 -0.10806020 0.91533202
v -0.03487210 -0.10855520 0.91582698
v -0.03527497 -0.10819300 0.91519922
v -0.03527497 -0.10868800 0.91569412
v -0.03563909 -0.10837340 0.91501892
v -0.03563909 -0.10886830 0.91551387
v -0.03595339 -0.10859560 0.91479671
v -0.03595339 -0.10909060 0.91529161
v -0.03620832 -0.10934800 0.91503417
v -0.03620832 -0.10885310 0.91453922
v -0.03639619 -0.10913790 0.91425431
v -0.03639619 -0.10963290 0.91474932
v -0.03651123 -0.10993650 0.91444570
v -0.03651123 -0.10944150 0.91395080
v -0.03654997 -0.10975460 0.91363758
v -0.03654997 -0.11024960 0.91413260
v -0.03651123 -0.11056270 0.91381949
v -0.03651123 -0.11006770 0.91332448
v -0.03639619 -0.11037130 0.91302091
v -0.03639619 -0.11086630 0.91351593
v -0.03620832 -0.11065620 0.91273612
v -0.03620832 -0.11115110 0.91323102
v -0.03595339 -0.11140860 0.91297358
v -0.03595339 -0.11091360 0.91247863
v -0.03563909 -0.11113590 0.91225642
v -0.03563909 -0.11163090 0.91275132
v -0.03527497 -0.11131620 0.91207612
v -0.03527497 -0.11181110 0.91257101
v -0.03487210 -0.11194400 0.91243821
v -0.03487210 -0.11144900 0.91194332
v -0.03444277 -0.11202530 0.91235691
v -0.03444277 -0.11153030 0.91186190
v -0.03399996 -0.11205270 0.91232938
v -0.03399996 -0.11155770 0.91183448
v 0.03563911 -0.11163090 0.91275132
v 0.03645087 -0.11291820 0.91146398
v 0.03701109 -0.11261420 0.91176790
v 0.03595341 -0.11140860 0.91297358
v 0.03701109 -0.11261420 0.91176790
v 0.03749711 -0.11225210 0.91213012
v 0.03595341 -0.11140860 0.91297358
v 0.03563911 -0.11163090 0.91275132
v 0.03701109 -0.11261420 0.91176790
v 0.03527499 -0.11181110 0.91257101
v 0.03583032 -0.11315640 0.91122568
v 0.03645087 -0.11291820 0.91146398
v 0.03527499 -0.11181110 0.91257101
v 0.03645087 -0.11291820 0.91146398
v 0.03563911 -0.11163090 0.91275132
v 0.03620834 -0.11115110 0.91323102
v 0.03749711 -0.11225210 0.91213012
v 0.03789711 -0.11184060 0.91254163
v 0.03620834 -0.11115110 0.91323102
v 0.03595341 -0.11140860 0.91297358
v 0.03749711 -0.11225210 0.91213012
v 0.03487212 -0.11194400 0.91243821
v 0.03516466 -0.11332320 0.91105902
v 0.03583032 -0.11315640 0.91122568
v 0.03487212 -0.11194400 0.91243821
v 0.03583032 -0.11315640 0.91122568
v 0.03527499 -0.11181110 0.91257101
v 0.03639621 -0.11086630 0.91351593
v 0.03620834 -0.11115110 0.91323102
v 0.03789711 -0.11184060 0.91254163
v 0.03444279 -0.11202530 0.91235691
v 0.03447038 -0.11341410 0.91096812
v 0.03516466 -0.11332320 0.91105902
v 0.03444279 -0.11202530 0.91235691
v 0.03516466 -0.11332320 0.91105902
v 0.03651125 -0.11056270 0.91381949
v 0.03789711 -0.11184060 0.91254163
v 0.03924233 -0.11019300 0.91418922
v 0.03651125 -0.11056270 0.91381949
v 0.03639621 -0.11086630 0.91351593
v 0.03789711 -0.11184060 0.91254163
v 0.03399998 -0.11205270 0.91232938
v 0.03376449 -0.11342720 0.91095501
v 0.03447038 -0.11341410 0.91096812
v 0.03399998 -0.11205270 0.91232938
v 0.03447038 -0.11341410 0.91096812
v 0.03444279 -0.11202530 0.91235691
v 0.03654999 -0.11024960 0.91413260
v 0.03355718 -0.11202530 0.91235691
v 0.03306437 -0.11336200 0.91102022
v 0.03376449 -0.11342720 0.91095501
v 0.03355718 -0.11202530 0.91235691
v 0.03376449 -0.11342720 0.91095501
v 0.03399998 -0.11205270 0.91232938
v 0.03651125 -0.10993650 0.91444570
v 0.03654999 -0.11024960 0.91413260
v 0.03924233 -0.11019300 0.91418922
v 0.03312785 -0.11194400 0.91243821
v 0.03238732 -0.11322020 0.91116202
v 0.03306437 -0.11336200 0.91102022
v 0.03312785 -0.11194400 0.91243821
v 0.03306437 -0.11336200 0.91102022
v 0.03639621 -0.10963290 0.91474932
v 0.03651125 -0.10993650 0.91444570
v 0.03924233 -0.11019300 0.91418922
v 0.03272498 -0.11181110 0.91257101
v 0.03238732 -0.11322020 0.91116202
v 0.03312785 -0.11194400 0.91243821
v 0.03272498 -0.11181110 0.91257101
v 0.03174997 -0.11300520 0.91137689
v 0.03238732 -0.11322020 0.91116202
v 0.03620834 -0.10934800 0.91503417
v 0.03639621 -0.10963290 0.91474932
v 0.03924233 -0.11019300 0.91418922
v 0.03116805 -0.11272250 0.91165972
v 0.03174997 -0.11300520 0.91137689
v 0.03272498 -0.11181110 0.91257101
v 0.03236086 -0.11163090 0.91275132
v 0.03116805 -0.11272250 0.91165972
v 0.03272498 -0.11181110 0.91257101
v 0.03595341 -0.10909060 0.91529161
v 0.03620834 -0.10934800 0.91503417
v 0.03924233 -0.11019300 0.91418922
v 0.03563911 -0.10886830 0.91551387
v 0.03595341 -0.10909060 0.91529161
v 0.03924233 -0.11019300 0.91418922
v 0.03065581 -0.11237870 0.91200340
v 0.03116805 -0.11272250 0.91165972
v 0.03236086 -0.11163090 0.91275132
v 0.03065581 -0.11237870 0.91200340
v 0.03236086 -0.11163090 0.91275132
v 0.03204656 -0.11140860 0.91297358
v 0.03022594 -0.11198260 0.91239947
v 0.03204656 -0.11140860 0.91297358
v 0.03179163 -0.11115110 0.91323102
v 0.03022594 -0.11198260 0.91239947
v 0.03065581 -0.11237870 0.91200340
v 0.03204656 -0.11140860 0.91297358
v 0.02988905 -0.11154380 0.91283828
v 0.03179163 -0.11115110 0.91323102
v 0.03160376 -0.11086630 0.91351593
v 0.02988905 -0.11154380 0.91283828
v 0.03022594 -0.11198260 0.91239947
v 0.03179163 -0.11115110 0.91323102
v 0.02965332 -0.11107310 0.91330898
v 0.03160376 -0.11086630 0.91351593
v 0.03148872 -0.11056270 0.91381949
v 0.02965332 -0.11107310 0.91330898
v 0.02988905 -0.11154380 0.91283828
v 0.03160376 -0.11086630 0.91351593
v 0.02952463 -0.11058220 0.91380000
v 0.02965332 -0.11107310 0.91330898
v 0.03148872 -0.11056270 0.91381949
v 0.03144998 -0.11024960 0.91413260
v 0.02950615 -0.11008310 0.91429907
v 0.03144998 -0.11024960 0.91413260
v 0.03148872 -0.10993650 0.91444570
v 0.02950615 -0.11008310 0.91429907
v 0.02952463 -0.11058220 0.91380000
v 0.03144998 -0.11024960 0.91413260
v 0.02959830 -0.10958800 0.91479421
v 0.02950615 -0.11008310 0.91429907
v 0.03148872 -0.10993650 0.91444570
v 0.03160376 -0.10963290 0.91474932
v 0.02979887 -0.10910920 0.91527289
v 0.03160376 -0.10963290 0.91474932
v 0.03179163 -0.10934800 0.91503417
v 0.02979887 -0.10910920 0.91527289
v 0.02959830 -0.10958800 0.91479421
v 0.03160376 -0.10963290 0.91474932
v 0.03010285 -0.10865860 0.91572362
v 0.03179163 -0.10934800 0.91503417
v 0.03204656 -0.10909060 0.91529161
v 0.03010285 -0.10865860 0.91572362
v 0.03204656 -0.10909060 0.91529161
v 0.03236086 -0.10886830 0.91551387
v 0.03010285 -0.10865860 0.91572362
v 0.03236086 -0.10886830 0.91551387
v 0.03272498 -0.10868800 0.91569412
v 0.03010285 -0.10865860 0.91572362
v 0.03272498 -0.10868800 0.91569412
v 0.03312785 -0.10855520 0.91582698
v 0.03010285 -0.10865860 0.91572362
v 0.02979887 -0.10910920 0.91527289
v 0.03179163 -0.10934800 0.91503417
v 0.03400761 -0.10387630 0.92050588
v 0.03563911 -0.10886830 0.91551387
v 0.03924233 -0.11019300 0.91418922
v 0.03400761 -0.10387630 0.92050588
v 0.03312785 -0.10855520 0.91582698
v 0.03355718 -0.10847380 0.91590828
v 0.03400761 -0.10387630 0.92050588
v 0.03355718 -0.10847380 0.91590828
v 0.03399998 -0.10844640 0.91593570
v 0.03400761 -0.10387630 0.92050588
v 0.03399998 -0.10844640 0.91593570
v 0.03444279 -0.10847380 0.91590828
v 0.03400761 -0.10387630 0.92050588
v 0.03444279 -0.10847380 0.91590828
v 0.03487212 -0.10855520 0.91582698
v 0.03400761 -0.10387630 0.92050588
v 0.03487212 -0.10855520 0.91582698
v 0.03527499 -0.10868800 0.91569412
v 0.03527499 -0.10868800 0.91569412
v 0.03563911 -0.10886830 0.91551387
v 0.03010285 -0.10865860 0.91572362
v 0.03312785 -0.10855520 0.91582698
v -0.03272496 -0.11131620 0.91207612
v -0.03236084 -0.11113590 0.91225642
v -0.03204654 -0.11091360 0.91247863
v -0.03144996 -0.10975460 0.91363758
v -0.03160374 -0.11037130 0.91302091
v -0.03148870 -0.11006770 0.91332448
v -0.03160374 -0.10913790 0.91425431
v -0.03179161 -0.11065620 0.91273612
v -0.03160374 -0.11037130 0.91302091
v -0.03160374 -0.10913790 0.91425431
v -0.03144996 -0.10975460 0.91363758
v -0.03148870 -0.10944150 0.91395080
v -0.03160374 -0.10913790 0.91425431
v -0.03160374 -0.11037130 0.91302091
v -0.03144996 -0.10975460 0.91363758
v -0.03527497 -0.11131620 0.91207612
v -0.03487210 -0.11144900 0.91194332
v -0.03444277 -0.11153030 0.91186190
v -0.03204654 -0.10859560 0.91479671
v -0.03160374 -0.10913790 0.91425431
v -0.03179161 -0.10885310 0.91453922
v -0.03563909 -0.11113590 0.91225642
v -0.03527497 -0.11131620 0.91207612
v -0.03444277 -0.11153030 0.91186190
v -0.03236084 -0.10837340 0.91501892
v -0.03160374 -0.10913790 0.91425431
v -0.03204654 -0.10859560 0.91479671
v -0.03236084 -0.10837340 0.91501892
v -0.03179161 -0.11065620 0.91273612
v -0.03160374 -0.10913790 0.91425431
v -0.03639619 -0.11037130 0.91302091
v -0.03620832 -0.11065620 0.91273612
v -0.03595339 -0.11091360 0.91247863
v -0.03639619 -0.11037130 0.91302091
v -0.03595339 -0.11091360 0.91247863
v -0.03563909 -0.11113590 0.91225642
v -0.03355716 -0.10797890 0.91541332
v -0.03272496 -0.10819300 0.91519922
v -0.03312783 -0.10806020 0.91533202
v -0.03399996 -0.10795150 0.91544068
v -0.03236084 -0.10837340 0.91501892
v -0.03272496 -0.10819300 0.91519922
v -0.03399996 -0.10795150 0.91544068
v -0.03272496 -0.10819300 0.91519922
v -0.03355716 -0.10797890 0.91541332
v -0.03444277 -0.10797890 0.91541332
v -0.03399996 -0.11155770 0.91183448
v -0.03355716 -0.11153030 0.91186190
v -0.03444277 -0.10797890 0.91541332
v -0.03355716 -0.11153030 0.91186190
v -0.03312783 -0.11144900 0.91194332
v -0.03444277 -0.10797890 0.91541332
v -0.03312783 -0.11144900 0.91194332
v -0.03272496 -0.11131620 0.91207612
v -0.03444277 -0.10797890 0.91541332
v -0.03204654 -0.11091360 0.91247863
v -0.03179161 -0.11065620 0.91273612
v -0.03444277 -0.10797890 0.91541332
v -0.03272496 -0.11131620 0.91207612
v -0.03204654 -0.11091360 0.91247863
v -0.03444277 -0.10797890 0.91541332
v -0.03179161 -0.11065620 0.91273612
v -0.03236084 -0.10837340 0.91501892
v -0.03444277 -0.10797890 0.91541332
v -0.03236084 -0.10837340 0.91501892
v -0.03399996 -0.10795150 0.91544068
v -0.03651123 -0.10944150 0.91395080
v -0.03654997 -0.10975460 0.91363758
v -0.03651123 -0.11006770 0.91332448
v -0.03527497 -0.10819300 0.91519922
v -0.03444277 -0.10797890 0.91541332
v -0.03487210 -0.10806020 0.91533202
v -0.03527497 -0.10819300 0.91519922
v -0.03399996 -0.11155770 0.91183448
v -0.03620832 -0.10885310 0.91453922
v -0.03639619 -0.10913790 0.91425431
v -0.03651123 -0.10944150 0.91395080
v -0.03620832 -0.10885310 0.91453922
v -0.03651123 -0.11006770 0.91332448
v -0.03639619 -0.11037130 0.91302091
v -0.03620832 -0.10885310 0.91453922
v -0.03651123 -0.10944150 0.91395080
v -0.03651123 -0.11006770 0.91332448
v -0.03563909 -0.10837340 0.91501892
v -0.03399996 -0.11155770 0.91183448
v -0.03527497 -0.10819300 0.91519922
v -0.03595339 -0.10859560 0.91479671
v -0.03399996 -0.11155770 0.91183448
v -0.03563909 -0.10837340 0.91501892
v -0.03595339 -0.10859560 0.91479671
v -0.03444277 -0.11153030 0.91186190
v -0.03399996 -0.11155770 0.91183448
v -0.03595339 -0.10859560 0.91479671
v -0.03563909 -0.11113590 0.91225642
v -0.03444277 -0.11153030 0.91186190
v -0.03595339 -0.10859560 0.91479671
v -0.03620832 -0.10885310 0.91453922
v -0.03639619 -0.11037130 0.91302091
v -0.03595339 -0.10859560 0.91479671
v -0.03639619 -0.11037130 0.91302091
v -0.03563909 -0.11113590 0.91225642
v 0.03527499 -0.11131620 0.91207612
v 0.03563911 -0.11113590 0.91225642
v 0.03595341 -0.11091360 0.91247863
v 0.03527499 -0.11131620 0.91207612
v 0.03595341 -0.11091360 0.91247863
v 0.03620834 -0.11065620 0.91273612
v 0.03639621 -0.11037130 0.91302091
v 0.03527499 -0.11131620 0.91207612
v 0.03620834 -0.11065620 0.91273612
v 0.03654999 -0.10975460 0.91363758
v 0.03639621 -0.11037130 0.91302091
v 0.03651125 -0.11006770 0.91332448
v 0.03651125 -0.10944150 0.91395080
v 0.03639621 -0.11037130 0.91302091
v 0.03654999 -0.10975460 0.91363758
v 0.03355718 -0.11153030 0.91186190
v 0.03399998 -0.11155770 0.91183448
v 0.03444279 -0.11153030 0.91186190
v 0.03355718 -0.11153030 0.91186190
v 0.03444279 -0.11153030 0.91186190
v 0.03487212 -0.11144900 0.91194332
v 0.03355718 -0.11153030 0.91186190
v 0.03487212 -0.11144900 0.91194332
v 0.03527499 -0.11131620 0.91207612
v 0.03272498 -0.11131620 0.91207612
v 0.03312785 -0.11144900 0.91194332
v 0.03355718 -0.11153030 0.91186190
v 0.03595341 -0.10859560 0.91479671
v 0.03651125 -0.10944150 0.91395080
v 0.03639621 -0.10913790 0.91425431
v 0.03595341 -0.10859560 0.91479671
v 0.03639621 -0.10913790 0.91425431
v 0.03620834 -0.10885310 0.91453922
v 0.03595341 -0.10859560 0.91479671
v 0.03639621 -0.11037130 0.91302091
v 0.03651125 -0.10944150 0.91395080
v 0.03204656 -0.11091360 0.91247863
v 0.03236086 -0.11113590 0.91225642
v 0.03272498 -0.11131620 0.91207612
v 0.03204656 -0.11091360 0.91247863
v 0.03527499 -0.11131620 0.91207612
v 0.03639621 -0.11037130 0.91302091
v 0.03204656 -0.11091360 0.91247863
v 0.03355718 -0.11153030 0.91186190
v 0.03527499 -0.11131620 0.91207612
v 0.03204656 -0.11091360 0.91247863
v 0.03272498 -0.11131620 0.91207612
v 0.03355718 -0.11153030 0.91186190
v 0.03444279 -0.10797890 0.91541332
v 0.03595341 -0.10859560 0.91479671
v 0.03563911 -0.10837340 0.91501892
v 0.03444279 -0.10797890 0.91541332
v 0.03563911 -0.10837340 0.91501892
v 0.03527499 -0.10819300 0.91519922
v 0.03444279 -0.10797890 0.91541332
v 0.03527499 -0.10819300 0.91519922
v 0.03487212 -0.10806020 0.91533202
v 0.03148872 -0.11006770 0.91332448
v 0.03160376 -0.11037130 0.91302091
v 0.03179163 -0.11065620 0.91273612
v 0.03148872 -0.11006770 0.91332448
v 0.03179163 -0.11065620 0.91273612
v 0.03204656 -0.11091360 0.91247863
v 0.03148872 -0.11006770 0.91332448
v 0.03204656 -0.11091360 0.91247863
v 0.03639621 -0.11037130 0.91302091
v 0.03312785 -0.10806020 0.91533202
v 0.03444279 -0.10797890 0.91541332
v 0.03399998 -0.10795150 0.91544068
v 0.03312785 -0.10806020 0.91533202
v 0.03399998 -0.10795150 0.91544068
v 0.03355718 -0.10797890 0.91541332
v 0.03312785 -0.10806020 0.91533202
v 0.03444279 -0.10797890 0.91541332
v 0.03160376 -0.10913790 0.91425431
v 0.03148872 -0.10944150 0.91395080
v 0.03144998 -0.10975460 0.91363758
v 0.03160376 -0.10913790 0.91425431
v 0.03144998 -0.10975460 0.91363758
v 0.03148872 -0.11006770 0.91332448
v 0.03160376 -0.10913790 0.91425431
v 0.03595341 -0.10859560 0.91479671
v 0.03236086 -0.10837340 0.91501892
v 0.03312785 -0.10806020 0.91533202
v 0.03272498 -0.10819300 0.91519922
v 0.03204656 -0.10859560 0.91479671
v 0.03312785 -0.10806020 0.91533202
v 0.03236086 -0.10837340 0.91501892
v 0.03204656 -0.10859560 0.91479671
v 0.03179163 -0.10885310 0.91453922
v 0.03160376 -0.10913790 0.91425431
v 0.03204656 -0.10859560 0.91479671
v 0.03160376 -0.10913790 0.91425431
v 0.03595341 -0.10859560 0.91479671
v 0.03204656 -0.10859560 0.91479671
v 0.03312785 -0.10806020 0.91533202
v 0.03399998 -0.11205270 0.91232938
v 0.03444279 -0.11153030 0.91186190
v 0.03399998 -0.11155770 0.91183448
v 0.03444279 -0.11202530 0.91235691
v 0.03487212 -0.11144900 0.91194332
v 0.03487212 -0.11194400 0.91243821
v 0.03527499 -0.11131620 0.91207612
v 0.03527499 -0.11181110 0.91257101
v 0.03563911 -0.11113590 0.91225642
v 0.03563911 -0.11163090 0.91275132
v 0.03595341 -0.11091360 0.91247863
v 0.03595341 -0.11140860 0.91297358
v 0.03620834 -0.11065620 0.91273612
v 0.03620834 -0.11115110 0.91323102
v 0.03639621 -0.11037130 0.91302091
v 0.03639621 -0.11086630 0.91351593
v 0.03651125 -0.11006770 0.91332448
v 0.03651125 -0.11056270 0.91381949
v 0.03654999 -0.10975460 0.91363758
v 0.03654999 -0.11024960 0.91413260
v 0.03651125 -0.10944150 0.91395080
v 0.03651125 -0.10993650 0.91444570
v 0.03639621 -0.10913790 0.91425431
v 0.03639621 -0.10963290 0.91474932
v 0.03620834 -0.10885310 0.91453922
v 0.03620834 -0.10934800 0.91503417
v 0.03595341 -0.10859560 0.91479671
v 0.03595341 -0.10909060 0.91529161
v 0.03563911 -0.10837340 0.91501892
v 0.03563911 -0.10886830 0.91551387
v 0.03527499 -0.10819300 0.91519922
v 0.03527499 -0.10868800 0.91569412
v 0.03487212 -0.10806020 0.91533202
v 0.03487212 -0.10855520 0.91582698
v 0.03444279 -0.10797890 0.91541332
v 0.03444279 -0.10847380 0.91590828
v 0.03399998 -0.10795150 0.91544068
v 0.03399998 -0.10844640 0.91593570
v 0.03355718 -0.10847380 0.91590828
v 0.03355718 -0.10797890 0.91541332
v 0.03312785 -0.10806020 0.91533202
v 0.03312785 -0.10855520 0.91582698
v 0.03272498 -0.10819300 0.91519922
v 0.03272498 -0.10868800 0.91569412
v 0.03236086 -0.10886830 0.91551387
v 0.03236086 -0.10837340 0.91501892
v 0.03204656 -0.10859560 0.91479671
v 0.03204656 -0.10909060 0.91529161
v 0.03179163 -0.10934800 0.91503417
v 0.03179163 -0.10885310 0.91453922
v 0.03160376 -0.10913790 0.91425431
v 0.03160376 -0.10963290 0.91474932
v 0.03148872 -0.10944150 0.91395080
v 0.03148872 -0.10993650 0.91444570
v 0.03144998 -0.10975460 0.91363758
v 0.03144998 -0.11024960 0.91413260
v 0.03148872 -0.11006770 0.91332448
v 0.03148872 -0.11056270 0.91381949
v 0.03160376 -0.11037130 0.91302091
v 0.03160376 -0.11086630 0.91351593
v 0.03179163 -0.11065620 0.91273612
v 0.03179163 -0.11115110 0.91323102
v 0.03204656 -0.11140860 0.91297358
v 0.03204656 -0.11091360 0.91247863
v 0.03236086 -0.11113590 0.91225642
v 0.03236086 -0.11163090 0.91275132
v 0.03272498 -0.11181110 0.91257101
v 0.03272498 -0.11131620 0.91207612
v 0.03312785 -0.11144900 0.91194332
v 0.03312785 -0.11194400 0.91243821
v 0.03355718 -0.11153030 0.91186190
v 0.03355718 -0.11202530 0.91235691
v 0.03399998 -0.11205270 0.91232938
v 0.03399998 -0.11155770 0.91183448
v -0.00751106 -0.18367951 0.92126572
v -0.00720905 -0.18378220 0.92112541
v -0.00746970 -0.18359680 0.92142242
v -0.00752286 -0.18376780 0.92110282
v 0.00329097 -0.18364160 0.92185467
v 0.00654329 -0.18329510 0.92209399
v 0.00001633 -0.18351670 0.92220509
v -0.00325028 -0.18369050 0.92179811
v -0.00652055 -0.18330289 0.92209899
v -0.00660072 -0.18353111 0.92170912
v -0.00677214 -0.18332051 0.92202991
v -0.00651990 -0.18352801 0.92172539
v -0.00670098 -0.18354011 0.92167962
v -0.00676392 -0.18354960 0.92165399
v -0.00700019 -0.18335471 0.92193371
v -0.00687687 -0.18357740 0.92158812
v -0.00715344 -0.18339340 0.92184031
v -0.00691490 -0.18359099 0.92155790
v -0.00728796 -0.18344741 0.92172188
v -0.00695191 -0.18360700 0.92152327
v -0.00698821 -0.18362591 0.92148298
v -0.00739781 -0.18351930 0.92157447
v -0.00693087 -0.18386041 0.92132431
v -0.00693004 -0.18394209 0.92129397
v -0.00690184 -0.18387911 0.92143732
v -0.00696020 -0.18385661 0.92121178
v -0.00695704 -0.18381611 0.92129099
v -0.00705473 -0.18380541 0.92115670
v -0.00705014 -0.18366960 0.92139220
v 0.00492801 -0.18369091 0.92170250
v 0.00329460 -0.18368660 0.92179662
v 0.00492956 -0.18374071 0.92168492
v -0.00655608 -0.18364920 0.92163831
v -0.00652121 -0.18364871 0.92164409
v -0.00663917 -0.18365370 0.92161840
v -0.00667600 -0.18365771 0.92160583
v -0.00669937 -0.18366110 0.92159623
v -0.00674252 -0.18366940 0.92157447
v -0.00681995 -0.18369280 0.92151892
v -0.00683342 -0.18369821 0.92150670
v -0.00684713 -0.18370400 0.92149341
v -0.00686131 -0.18371060 0.92147863
v -0.00691406 -0.18374041 0.92141229
v -0.00692056 -0.18384230 0.92135930
v -0.00693624 -0.18375710 0.92137557
v -0.00699882 -0.18374120 0.92132479
v 0.00248970 -0.18390010 0.92173570
v -0.00651912 -0.18378779 0.92169893
v 0.00656577 -0.18378650 0.92169827
v 0.00574650 -0.18376400 0.92167312
v -0.00079704 -0.18368220 0.92190248
v -0.00406717 -0.18384680 0.92171079
v -0.00161187 -0.18385109 0.92173761
v -0.00573318 -0.18375830 0.92168278
v -0.00489591 -0.18374020 0.92168963
v -0.00570880 -0.18351179 0.92184019
v -0.00653790 -0.18371530 0.92164880
v -0.00652085 -0.18371519 0.92165148
v -0.00658046 -0.18371619 0.92164052
v -0.00667475 -0.18378980 0.92166293
v -0.00665436 -0.18372139 0.92161947
v -0.00667082 -0.18372330 0.92161322
v -0.00668155 -0.18372481 0.92160863
v -0.00670193 -0.18372810 0.92159909
v -0.00677465 -0.18374610 0.92155230
v -0.00682078 -0.18382619 0.92156208
v -0.00680761 -0.18375809 0.92152297
v -0.00681363 -0.18376060 0.92151719
v -0.00681977 -0.18376321 0.92151099
v -0.00682620 -0.18376601 0.92150432
v -0.00685142 -0.18377820 0.92147571
v -0.00689624 -0.18380579 0.92141181
v -0.00690572 -0.18381330 0.92139471
v 0.00614657 -0.18352060 0.92176819
v 0.00655235 -0.18345670 0.92181081
v 0.00533773 -0.18372650 0.92167431
v 0.00289406 -0.18378980 0.92173189
v 0.00289287 -0.18376550 0.92174459
v 0.00125368 -0.18370581 0.92185688
v 0.00085080 -0.18379781 0.92176902
v -0.00120471 -0.18376429 0.92179233
v -0.00365834 -0.18376520 0.92171979
v -0.00530754 -0.18362451 0.92173523
v -0.00613873 -0.18357059 0.92172331
v 0.00636210 -0.18372160 0.92165440
v 0.00656755 -0.18367431 0.92164111
v 0.00595100 -0.18368191 0.92165983
v 0.00615574 -0.18366280 0.92165548
v 0.00594927 -0.18363699 0.92167568
v 0.00615288 -0.18360411 0.92168278
v 0.00574322 -0.18362170 0.92169893
v 0.00269248 -0.18384381 0.92172402
v 0.00269218 -0.18383090 0.92172492
v 0.00187446 -0.18379900 0.92175180
v 0.00167276 -0.18385001 0.92173660
v -0.00386272 -0.18380490 0.92170542
v -0.00552104 -0.18368840 0.92168319
v -0.00572644 -0.18362860 0.92170411
v -0.00573157 -0.18369129 0.92167592
v -0.00594078 -0.18366151 0.92167658
v -0.00634847 -0.18363661 0.92166507
v 0.00646354 -0.18364100 0.92164731
v 0.00656207 -0.18356560 0.92168051
v 0.00625844 -0.18366070 0.92165172
v 0.00574620 -0.18369029 0.92166591
v 0.00218310 -0.18384820 0.92173058
v 0.00146397 -0.18377560 0.92177618
v -0.00624881 -0.18361780 0.92167997
v -0.00635092 -0.18366890 0.92165917
v -0.00644146 -0.18372510 0.92166471
v 0.00650896 -0.18354601 0.92170250
v 0.00620325 -0.18358850 0.92169082
v -0.00620507 -0.18368921 0.92166573
v -0.00639729 -0.18367951 0.92165619
v -0.00617383 -0.18362820 0.92167950
v 0.00755717 -0.18368410 0.92123598
v 0.00725581 -0.18377590 0.92111921
v 0.00756504 -0.18376049 0.92109561
v 0.00752367 -0.18361150 0.92137319
v 0.00673302 -0.18329591 0.92206460
v 0.00655235 -0.18345670 0.92181081
v 0.00691278 -0.18331450 0.92200410
v 0.00654329 -0.18329510 0.92209399
v 0.00697287 -0.18385470 0.92132783
v 0.00693824 -0.18387270 0.92144370
v 0.00697173 -0.18394110 0.92129338
v 0.00700273 -0.18385370 0.92120951
v 0.00699951 -0.18381000 0.92129391
v 0.00709827 -0.18380070 0.92115241
v 0.00709851 -0.18366881 0.92138052
v 0.00745668 -0.18353420 0.92152369
v 0.00707270 -0.18364780 0.92142421
v 0.00736095 -0.18346409 0.92166561
v 0.00699748 -0.18360379 0.92151707
v 0.00723077 -0.18339960 0.92180210
v 0.00695635 -0.18358611 0.92155558
v 0.00691243 -0.18357030 0.92159063
v 0.00707843 -0.18334910 0.92191672
v 0.00664289 -0.18372799 0.92164522
v 0.00656577 -0.18378650 0.92169827
v 0.00671704 -0.18379050 0.92165917
v 0.00656755 -0.18367431 0.92164111
v 0.00664504 -0.18366960 0.92162907
v 0.00681575 -0.18354470 0.92165011
v 0.00696267 -0.18383510 0.92136502
v 0.00698187 -0.18375270 0.92137522
v 0.00697257 -0.18374491 0.92139232
v 0.00691898 -0.18371169 0.92146641
v 0.00688662 -0.18369710 0.92149961
v 0.00687052 -0.18369080 0.92151397
v 0.00685401 -0.18368500 0.92152768
v 0.00678207 -0.18366501 0.92157620
v 0.00667997 -0.18372791 0.92163283
v 0.00674380 -0.18365750 0.92159587
v 0.00671656 -0.18360090 0.92162877
v 0.00656207 -0.18356560 0.92168051
v 0.00660743 -0.18361530 0.92164612
v 0.00694944 -0.18380700 0.92139888
v 0.00694539 -0.18380350 0.92140681
v 0.00692429 -0.18378790 0.92144239
v 0.00684406 -0.18381980 0.92157298
v 0.00687118 -0.18376030 0.92150742
v 0.00685598 -0.18375421 0.92152220
v 0.00684865 -0.18375149 0.92152882
v 0.00684132 -0.18374890 0.92153519
v 0.00681014 -0.18373920 0.92155981
v 0.00674261 -0.18372390 0.92160112
v 0.00672479 -0.18372101 0.92160970
v -0.00668625 -0.18991640 0.90934688
v -0.00653641 -0.18966940 0.90907413
v -0.00653629 -0.18993680 0.90932173
v -0.00669168 -0.18965010 0.90910351
v -0.00681154 -0.18987671 0.90942538
v -0.00682287 -0.18961130 0.90919560
v -0.00689922 -0.18982071 0.90955162
v -0.00690232 -0.18956441 0.90932471
v -0.00693004 -0.18951491 0.90947872
v -0.00693004 -0.18975820 0.90970403
v -0.00075128 -0.18526649 0.91939259
v -0.00074737 -0.18524539 0.91937298
v -0.00023504 -0.18524811 0.91937429
v 0.00027730 -0.18524811 0.91937441
v 0.00079343 -0.18526641 0.91939259
v 0.00078963 -0.18524560 0.91937327
v -0.00023638 -0.18549781 0.91960561
v -0.00075128 -0.18549520 0.91960442
v 0.00027853 -0.18549781 0.91960561
v 0.00079343 -0.18549509 0.91960442
v -0.00075128 -0.18585430 0.91824561
v -0.00075128 -0.18637270 0.91788232
v -0.00075128 -0.18614280 0.91766930
v -0.00075128 -0.18608379 0.91845810
v -0.00075128 -0.18556219 0.91882002
v -0.00075128 -0.18579130 0.91903222
v -0.00075128 -0.18526649 0.91939259
v -0.00075128 -0.18549520 0.91960442
v -0.00044254 -0.18521650 0.91931552
v -0.00023504 -0.18524811 0.91937429
v -0.00074737 -0.18524539 0.91937298
v -0.00065005 -0.18522330 0.91925251
v -0.00020264 -0.18522480 0.91925389
v -0.00021879 -0.18521731 0.91931581
v 0.00000496 -0.18521750 0.91931587
v 0.00027730 -0.18524811 0.91937441
v 0.00024477 -0.18522480 0.91925389
v 0.00026098 -0.18521720 0.91931587
v 0.00048473 -0.18521640 0.91931552
v 0.00069217 -0.18522321 0.91925251
v 0.00078963 -0.18524560 0.91937327
v 0.00693824 -0.18387270 0.92144370
v 0.00697221 -0.18417530 0.92151028
v 0.00697173 -0.18394110 0.92129338
v 0.00693889 -0.18409720 0.92165649
v 0.00684406 -0.18381980 0.92157298
v 0.00684436 -0.18403570 0.92178172
v 0.00671704 -0.18379050 0.92165917
v 0.00671543 -0.18400230 0.92186087
v 0.00656577 -0.18378650 0.92169827
v 0.00656571 -0.18399690 0.92189288
v -0.00651912 -0.18378779 0.92169893
v 0.00656571 -0.18399690 0.92189288
v 0.00656577 -0.18378650 0.92169827
v -0.00651906 -0.18399809 0.92189348
v -0.00690184 -0.18387911 0.92143732
v -0.00693004 -0.18394209 0.92129397
v -0.00693004 -0.18417630 0.92151082
v -0.00690083 -0.18410289 0.92164791
v -0.00682078 -0.18382619 0.92156208
v -0.00681744 -0.18404330 0.92176789
v -0.00667475 -0.18378980 0.92166293
v -0.00668113 -0.18400440 0.92185819
v -0.00651912 -0.18378779 0.92169893
v -0.00651906 -0.18399809 0.92189348
v -0.03924040 -0.11019530 0.91418678
v -0.03789709 -0.11184060 0.91254163
v -0.03977816 -0.10901600 0.91445237
v -0.03830449 -0.11676440 0.91713268
v -0.03959881 -0.10940900 0.91436362
v -0.03959881 -0.10940900 0.91436362
v -0.03830449 -0.11676440 0.91713268
v -0.03941958 -0.10980210 0.91427511
v -0.03941958 -0.10980210 0.91427511
v -0.03830449 -0.11676440 0.91713268
v -0.03924040 -0.11019530 0.91418678
v -0.02249995 -0.18945120 0.85948169
v -0.01772014 -0.19159830 0.85792899
v -0.02249995 -0.18989439 0.85997331
v -0.00547622 -0.17789321 0.83630669
v 0.00000002 -0.17820010 0.83599979
v 0.00001174 -0.19424850 0.85490930
v -0.00638841 -0.19390850 0.85528910
v -0.01082203 -0.17699000 0.83720982
v -0.01263252 -0.19291790 0.85640961
v -0.03416704 -0.18471810 0.87098521
v -0.03149996 -0.18387030 0.86506271
v -0.03149996 -0.18419930 0.86541587
v -0.03149996 -0.18455200 0.86579508
v -0.03163569 -0.18575940 0.86733228
v -0.01705370 -0.17513660 0.83906323
v -0.02338265 -0.17226110 0.84193879
v -0.02975092 -0.16813441 0.84606552
v -0.02541402 -0.18798250 0.86095041
v -0.02892009 -0.18581460 0.86311948
v -0.03597907 -0.16246420 0.85173571
v -0.04158780 -0.15511240 0.85908741
v -0.04627989 -0.14529879 0.86890101
v -0.03918384 -0.18207470 0.88036531
v -0.04140078 -0.18016900 0.88749558
v -0.04877220 -0.13391919 0.88028067
v -0.04233614 -0.17837331 0.89466739
v -0.04852347 -0.12238330 0.89181650
v -0.04235135 -0.17745000 0.89848328
v -0.04202645 -0.17657889 0.90216058
v 0.04898078 -0.12782770 0.88637209
v 0.04852343 -0.12238279 0.89181697
v 0.04205937 -0.17657679 0.90215868
v 0.04240723 -0.17810319 0.89576191
v 0.03149999 -0.18457679 0.86577028
v 0.03420103 -0.18470910 0.87097871
v 0.03163363 -0.18576831 0.86728191
v 0.03149999 -0.18428370 0.86545622
v 0.04882974 -0.13328139 0.88091850
v 0.04170455 -0.17981830 0.88885242
v 0.03149999 -0.18389390 0.86503911
v 0.04725200 -0.14217100 0.87202883
v 0.04068131 -0.18093219 0.88454562
v 0.03921361 -0.18207081 0.88036358
v 0.01620473 -0.19204830 0.85741103
v 0.02249999 -0.18946020 0.85947281
v 0.02249999 -0.18990479 0.85996521
v 0.04442222 -0.14988010 0.86431980
v 0.04137398 -0.15545250 0.85874742
v 0.03748602 -0.16075620 0.85344362
v 0.03328640 -0.16515860 0.84904128
v 0.02893384 -0.18582390 0.86311042
v 0.02543516 -0.18798360 0.86094922
v 0.02965773 -0.16820540 0.84599441
v 0.02560969 -0.17097500 0.84322488
v 0.02114500 -0.17340291 0.84079701
v 0.01628526 -0.17541461 0.83878517
v 0.00943555 -0.19351131 0.85574001
v 0.01107915 -0.17693110 0.83726871
v 0.00475575 -0.19406110 0.85511929
v 0.00561096 -0.17787780 0.83632201
v 0.00001174 -0.19424850 0.85490930
v 0.00000002 -0.17820010 0.83599979
v -0.03211634 -0.12882981 0.92474109
v -0.03735720 -0.17385580 0.91583067
v -0.03331684 -0.17268240 0.92189091
v -0.03279386 -0.12832600 0.92406332
v -0.03351162 -0.12762100 0.92331219
v -0.04029201 -0.17516240 0.90918958
v -0.03157000 -0.12911640 0.92526668
v -0.03444658 -0.12643839 0.92228001
v -0.03099059 -0.12929280 0.92580438
v -0.03081410 -0.12931789 0.92596412
v -0.02829853 -0.17166451 0.92720240
v -0.03063594 -0.12932840 0.92612338
v -0.03033935 -0.12931029 0.92638421
v -0.03011881 -0.12926500 0.92657471
v -0.03544752 -0.12481710 0.92110121
v -0.04202645 -0.17657889 0.90216058
v -0.02990280 -0.12919120 0.92675799
v -0.02245614 -0.17082161 0.93162853
v -0.02969258 -0.12908760 0.92693353
v -0.02946691 -0.12893599 0.92711842
v -0.02921782 -0.12870970 0.92731792
v -0.01595734 -0.17016950 0.93506038
v -0.03663169 -0.12231820 0.91958648
v -0.04852347 -0.12238330 0.89181650
v -0.02899407 -0.12843961 0.92749262
v -0.02881210 -0.12815760 0.92763072
v -0.00897489 -0.16972411 0.93740129
v -0.02857016 -0.12765560 0.92780763
v -0.02839445 -0.12713949 0.92792869
v -0.00451533 -0.16956230 0.93824589
v -0.03761159 -0.11954180 0.91821063
v -0.02821605 -0.12631370 0.92803842
v 0.00003245 -0.16950440 0.93854761
v -0.02811693 -0.12526689 0.92807508
v -0.03830449 -0.11676440 0.91713268
v -0.04704331 -0.11549151 0.89870840
v -0.03977816 -0.10901600 0.91445237
v -0.04452924 -0.10875151 0.90544832
v -0.04149584 -0.10314060 0.91105920
v -0.03761517 -0.09779787 0.91640192
v -0.03452955 -0.10288980 0.92068511
v -0.03341524 -0.09336125 0.92083848
v -0.02978168 -0.09028929 0.92391062
v -0.02572428 -0.08749556 0.92670423
v -0.02917401 -0.11912470 0.92694807
v -0.02124588 -0.08504563 0.92915422
v -0.01636682 -0.08301424 0.93118560
v -0.01113687 -0.08148241 0.93271738
v -0.02851491 -0.12142550 0.92759430
v -0.00564092 -0.08052575 0.93367398
v -0.02817188 -0.12353590 0.92796022
v 0.00000001 -0.08020001 0.93399978
v -0.02249995 -0.18959790 0.86074930
v -0.02249995 -0.18945120 0.85948169
v -0.02249995 -0.18989439 0.85997331
v -0.02249995 -0.19001310 0.86033398
v -0.03149996 -0.18387030 0.86506271
v -0.03149996 -0.18393411 0.86568159
v -0.03149996 -0.18419930 0.86541587
v -0.03149996 -0.18400250 0.86634457
v -0.03149996 -0.18455200 0.86579508
v -0.03149996 -0.18393411 0.86568159
v -0.03149996 -0.18455200 0.86579508
v -0.03149996 -0.18419930 0.86541587
v -0.02867416 -0.18617350 0.86417359
v -0.02541402 -0.18798250 0.86095041
v -0.02547417 -0.18817879 0.86216831
v -0.02892009 -0.18581460 0.86311948
v -0.03149996 -0.18393411 0.86568159
v -0.03149996 -0.18387030 0.86506271
v -0.03149996 -0.18400250 0.86634457
v -0.02547417 -0.18817879 0.86216831
v -0.02541402 -0.18798250 0.86095041
v -0.02249995 -0.18945120 0.85948169
v -0.02249995 -0.18959790 0.86074930
v -0.02504656 -0.18308090 0.86726618
v -0.02547417 -0.18817879 0.86216831
v -0.02249995 -0.18959790 0.86074930
v -0.02504656 -0.18308090 0.86726618
v -0.02249995 -0.18959790 0.86074930
v -0.02249995 -0.18192190 0.86842519
v -0.02536086 -0.18330321 0.86704391
v -0.02547417 -0.18817879 0.86216831
v -0.02504656 -0.18308090 0.86726618
v -0.02479157 -0.18282349 0.86752361
v -0.02504656 -0.18308090 0.86726618
v -0.02249995 -0.18192190 0.86842519
v -0.02572498 -0.18348350 0.86686373
v -0.02547417 -0.18817879 0.86216831
v -0.02536086 -0.18330321 0.86704391
v -0.02460376 -0.18253860 0.86780852
v -0.02479157 -0.18282349 0.86752361
v -0.02249995 -0.18192190 0.86842519
v -0.02612779 -0.18361630 0.86673081
v -0.02867416 -0.18617350 0.86417359
v -0.02547417 -0.18817879 0.86216831
v -0.02612779 -0.18361630 0.86673081
v -0.02547417 -0.18817879 0.86216831
v -0.02572498 -0.18348350 0.86686373
v -0.02448872 -0.18223500 0.86811209
v -0.02460376 -0.18253860 0.86780852
v -0.02249995 -0.18192190 0.86842519
v -0.02655718 -0.18369770 0.86664951
v -0.02867416 -0.18617350 0.86417359
v -0.02612779 -0.18361630 0.86673081
v -0.02444998 -0.18192190 0.86842519
v -0.02249995 -0.18192190 0.86842519
v -0.02255539 -0.18142420 0.86892301
v -0.02444998 -0.18192190 0.86842519
v -0.02448872 -0.18223500 0.86811209
v -0.02249995 -0.18192190 0.86842519
v -0.02699999 -0.18372500 0.86662209
v -0.02867416 -0.18617350 0.86417359
v -0.02655718 -0.18369770 0.86664951
v -0.02448872 -0.18160880 0.86873829
v -0.02255539 -0.18142420 0.86892301
v -0.02272020 -0.18093860 0.86940849
v -0.02444998 -0.18192190 0.86842519
v -0.02744279 -0.18369770 0.86664951
v -0.02867416 -0.18617350 0.86417359
v -0.02699999 -0.18372500 0.86662209
v -0.02460376 -0.18130520 0.86904192
v -0.02272020 -0.18093860 0.86940849
v -0.02299044 -0.18047731 0.86986983
v -0.02460376 -0.18130520 0.86904192
v -0.02448872 -0.18160880 0.86873829
v -0.02272020 -0.18093860 0.86940849
v -0.02787212 -0.18361630 0.86673081
v -0.02867416 -0.18617350 0.86417359
v -0.02744279 -0.18369770 0.86664951
v -0.02479158 -0.18102030 0.86932677
v -0.02299044 -0.18047731 0.86986983
v -0.02335940 -0.18005159 0.87029552
v -0.02479158 -0.18102030 0.86932677
v -0.02460376 -0.18130520 0.86904192
v -0.02299044 -0.18047731 0.86986983
v -0.02827493 -0.18348350 0.86686373
v -0.02867416 -0.18617350 0.86417359
v -0.02787212 -0.18361630 0.86673081
v -0.02504656 -0.18076290 0.86958420
v -0.02479158 -0.18102030 0.86932677
v -0.02335940 -0.18005159 0.87029552
v -0.02381800 -0.17967190 0.87067521
v -0.02504656 -0.18076290 0.86958420
v -0.02335940 -0.18005159 0.87029552
v -0.02536087 -0.18054061 0.86980653
v -0.02504656 -0.18076290 0.86958420
v -0.02381800 -0.17967190 0.87067521
v -0.02435491 -0.17934760 0.87099952
v -0.02536087 -0.18054061 0.86980653
v -0.02381800 -0.17967190 0.87067521
v -0.02435491 -0.17934760 0.87099952
v -0.02572498 -0.18036041 0.86998677
v -0.02536087 -0.18054061 0.86980653
v -0.03149996 -0.18400250 0.86634457
v -0.02827493 -0.18348350 0.86686373
v -0.03149996 -0.18400250 0.86634457
v -0.02827493 -0.18348350 0.86686373
v -0.02863905 -0.18330321 0.86704391
v -0.03149996 -0.18400250 0.86634457
v -0.02863905 -0.18330321 0.86704391
v -0.02895335 -0.18308090 0.86726618
v -0.03149996 -0.18400250 0.86634457
v -0.02895335 -0.18308090 0.86726618
v -0.02920834 -0.18282349 0.86752361
v -0.03149996 -0.18400250 0.86634457
v -0.02920834 -0.18282349 0.86752361
v -0.02939615 -0.18253860 0.86780852
v -0.02495698 -0.17908680 0.87126040
v -0.02572498 -0.18036041 0.86998677
v -0.02435491 -0.17934760 0.87099952
v -0.02495698 -0.17908680 0.87126040
v -0.02612779 -0.18022750 0.87011957
v -0.02572498 -0.18036041 0.86998677
v -0.02560942 -0.17889570 0.87145138
v -0.02612779 -0.18022750 0.87011957
v -0.02495698 -0.17908680 0.87126040
v -0.02560942 -0.17889570 0.87145138
v -0.02655718 -0.18014620 0.87020087
v -0.02612779 -0.18022750 0.87011957
v -0.02629600 -0.17877910 0.87156802
v -0.02700000 -0.18011880 0.87022829
v -0.02655718 -0.18014620 0.87020087
v -0.02629600 -0.17877910 0.87156802
v -0.02655718 -0.18014620 0.87020087
v -0.02560942 -0.17889570 0.87145138
v -0.03149996 -0.18192190 0.86842519
v -0.02939615 -0.18253860 0.86780852
v -0.03149996 -0.18192190 0.86842519
v -0.02939615 -0.18253860 0.86780852
v -0.02951119 -0.18223500 0.86811209
v -0.03149996 -0.18192190 0.86842519
v -0.02951119 -0.18223500 0.86811209
v -0.02954993 -0.18192190 0.86842519
v -0.02700000 -0.17873991 0.87160718
v -0.02700000 -0.18011880 0.87022829
v -0.02629600 -0.17877910 0.87156802
v -0.03144452 -0.18142420 0.86892301
v -0.03149996 -0.18192190 0.86842519
v -0.02954993 -0.18192190 0.86842519
v -0.03144452 -0.18142420 0.86892301
v -0.02954993 -0.18192190 0.86842519
v -0.02951119 -0.18160880 0.86873829
v -0.02770393 -0.17877910 0.87156802
v -0.02744279 -0.18014620 0.87020087
v -0.02700000 -0.18011880 0.87022829
v -0.02770393 -0.17877910 0.87156802
v -0.02700000 -0.18011880 0.87022829
v -0.02700000 -0.17873991 0.87160718
v -0.03127972 -0.18093860 0.86940849
v -0.02951119 -0.18160880 0.86873829
v -0.02939615 -0.18130520 0.86904192
v -0.03127972 -0.18093860 0.86940849
v -0.03144452 -0.18142420 0.86892301
v -0.02951119 -0.18160880 0.86873829
v -0.02839057 -0.17889570 0.87145138
v -0.02744279 -0.18014620 0.87020087
v -0.02770393 -0.17877910 0.87156802
v -0.02839057 -0.17889570 0.87145138
v -0.02787212 -0.18022750 0.87011957
v -0.02744279 -0.18014620 0.87020087
v -0.03100947 -0.18047731 0.86986983
v -0.03127972 -0.18093860 0.86940849
v -0.02939615 -0.18130520 0.86904192
v -0.03100947 -0.18047731 0.86986983
v -0.02939615 -0.18130520 0.86904192
v -0.02920835 -0.18102030 0.86932677
v -0.02904293 -0.17908680 0.87126040
v -0.02827493 -0.18036041 0.86998677
v -0.02787212 -0.18022750 0.87011957
v -0.02904293 -0.17908680 0.87126040
v -0.02787212 -0.18022750 0.87011957
v -0.02839057 -0.17889570 0.87145138
v -0.03064053 -0.18005159 0.87029552
v -0.03100947 -0.18047731 0.86986983
v -0.02920835 -0.18102030 0.86932677
v -0.03064053 -0.18005159 0.87029552
v -0.02920835 -0.18102030 0.86932677
v -0.02895335 -0.18076290 0.86958420
v -0.02964501 -0.17934760 0.87099952
v -0.02827493 -0.18036041 0.86998677
v -0.02904293 -0.17908680 0.87126040
v -0.02964501 -0.17934760 0.87099952
v -0.02863906 -0.18054061 0.86980653
v -0.02827493 -0.18036041 0.86998677
v -0.03018193 -0.17967190 0.87067521
v -0.02895335 -0.18076290 0.86958420
v -0.02863906 -0.18054061 0.86980653
v -0.03018193 -0.17967190 0.87067521
v -0.03064053 -0.18005159 0.87029552
v -0.02895335 -0.18076290 0.86958420
v -0.03018193 -0.17967190 0.87067521
v -0.02863906 -0.18054061 0.86980653
v -0.02964501 -0.17934760 0.87099952
v -0.02479157 -0.18232851 0.86702871
v -0.02536086 -0.18280821 0.86654902
v -0.02504656 -0.18258600 0.86677122
v -0.02612779 -0.18312129 0.86623591
v -0.02572498 -0.18298849 0.86636871
v -0.02536086 -0.18280821 0.86654902
v -0.02448872 -0.18111379 0.86824328
v -0.02479157 -0.18232851 0.86702871
v -0.02460376 -0.18204360 0.86731350
v -0.02448872 -0.18111379 0.86824328
v -0.02460376 -0.18204360 0.86731350
v -0.02448872 -0.18174011 0.86761707
v -0.02448872 -0.18111379 0.86824328
v -0.02448872 -0.18174011 0.86761707
v -0.02444998 -0.18142700 0.86793017
v -0.02744279 -0.18320259 0.86615449
v -0.02699999 -0.18323010 0.86612707
v -0.02655718 -0.18320259 0.86615449
v -0.02504656 -0.18026790 0.86908931
v -0.02448872 -0.18111379 0.86824328
v -0.02460377 -0.18081020 0.86854690
v -0.02504656 -0.18026790 0.86908931
v -0.02460377 -0.18081020 0.86854690
v -0.02479158 -0.18052541 0.86883181
v -0.02895335 -0.18258600 0.86677122
v -0.02863905 -0.18280821 0.86654902
v -0.02827493 -0.18298849 0.86636871
v -0.02572498 -0.17986540 0.86949182
v -0.02504656 -0.18026790 0.86908931
v -0.02536087 -0.18004569 0.86931151
v -0.02920834 -0.18232851 0.86702871
v -0.02827493 -0.18298849 0.86636871
v -0.02787212 -0.18312129 0.86623591
v -0.02920834 -0.18232851 0.86702871
v -0.02787212 -0.18312129 0.86623591
v -0.02744279 -0.18320259 0.86615449
v -0.02920834 -0.18232851 0.86702871
v -0.02895335 -0.18258600 0.86677122
v -0.02827493 -0.18298849 0.86636871
v -0.02612779 -0.17973261 0.86962461
v -0.02504656 -0.18026790 0.86908931
v -0.02572498 -0.17986540 0.86949182
v -0.02939615 -0.18204360 0.86731350
v -0.02655718 -0.18320259 0.86615449
v -0.02612779 -0.18312129 0.86623591
v -0.02939615 -0.18204360 0.86731350
v -0.02536086 -0.18280821 0.86654902
v -0.02479157 -0.18232851 0.86702871
v -0.02939615 -0.18204360 0.86731350
v -0.02612779 -0.18312129 0.86623591
v -0.02536086 -0.18280821 0.86654902
v -0.02939615 -0.18204360 0.86731350
v -0.02744279 -0.18320259 0.86615449
v -0.02655718 -0.18320259 0.86615449
v -0.02939615 -0.18204360 0.86731350
v -0.02920834 -0.18232851 0.86702871
v -0.02744279 -0.18320259 0.86615449
v -0.02951119 -0.18174011 0.86761707
v -0.02479157 -0.18232851 0.86702871
v -0.02448872 -0.18111379 0.86824328
v -0.02951119 -0.18174011 0.86761707
v -0.02448872 -0.18111379 0.86824328
v -0.02504656 -0.18026790 0.86908931
v -0.02951119 -0.18174011 0.86761707
v -0.02939615 -0.18204360 0.86731350
v -0.02479157 -0.18232851 0.86702871
v -0.02951119 -0.18111379 0.86824328
v -0.02954993 -0.18142700 0.86793017
v -0.02951119 -0.18174011 0.86761707
v -0.02787212 -0.17973261 0.86962461
v -0.02655718 -0.17965120 0.86970598
v -0.02700000 -0.17962380 0.86973327
v -0.02787212 -0.17973261 0.86962461
v -0.02700000 -0.17962380 0.86973327
v -0.02744279 -0.17965120 0.86970598
v -0.02939616 -0.18081020 0.86854690
v -0.02951119 -0.18111379 0.86824328
v -0.02951119 -0.18174011 0.86761707
v -0.02827493 -0.17986540 0.86949182
v -0.02612779 -0.17973261 0.86962461
v -0.02655718 -0.17965120 0.86970598
v -0.02827493 -0.17986540 0.86949182
v -0.02504656 -0.18026790 0.86908931
v -0.02612779 -0.17973261 0.86962461
v -0.02827493 -0.17986540 0.86949182
v -0.02655718 -0.17965120 0.86970598
v -0.02787212 -0.17973261 0.86962461
v -0.02863906 -0.18004569 0.86931151
v -0.02504656 -0.18026790 0.86908931
v -0.02863906 -0.18004569 0.86931151
v -0.02951119 -0.18174011 0.86761707
v -0.02504656 -0.18026790 0.86908931
v -0.02895335 -0.18026790 0.86908931
v -0.02951119 -0.18174011 0.86761707
v -0.02939616 -0.18081020 0.86854690
v -0.02895335 -0.18026790 0.86908931
v -0.02920835 -0.18052541 0.86883181
v -0.02939616 -0.18081020 0.86854690
v -0.02699999 -0.18372500 0.86662209
v -0.02655718 -0.18320259 0.86615449
v -0.02699999 -0.18323010 0.86612707
v -0.02655718 -0.18369770 0.86664951
v -0.02612779 -0.18312129 0.86623591
v -0.02612779 -0.18361630 0.86673081
v -0.02572498 -0.18298849 0.86636871
v -0.02572498 -0.18348350 0.86686373
v -0.02536086 -0.18280821 0.86654902
v -0.02536086 -0.18330321 0.86704391
v -0.02504656 -0.18258600 0.86677122
v -0.02504656 -0.18308090 0.86726618
v -0.02479157 -0.18232851 0.86702871
v -0.02479157 -0.18282349 0.86752361
v -0.02460376 -0.18204360 0.86731350
v -0.02460376 -0.18253860 0.86780852
v -0.02448872 -0.18174011 0.86761707
v -0.02448872 -0.18223500 0.86811209
v -0.02444998 -0.18142700 0.86793017
v -0.02444998 -0.18192190 0.86842519
v -0.02448872 -0.18111379 0.86824328
v -0.02448872 -0.18160880 0.86873829
v -0.02460377 -0.18081020 0.86854690
v -0.02460376 -0.18130520 0.86904192
v -0.02479158 -0.18052541 0.86883181
v -0.02479158 -0.18102030 0.86932677
v -0.02504656 -0.18026790 0.86908931
v -0.02504656 -0.18076290 0.86958420
v -0.02536087 -0.18004569 0.86931151
v -0.02536087 -0.18054061 0.86980653
v -0.02572498 -0.17986540 0.86949182
v -0.02572498 -0.18036041 0.86998677
v -0.02612779 -0.17973261 0.86962461
v -0.02612779 -0.18022750 0.87011957
v -0.02655718 -0.17965120 0.86970598
v -0.02655718 -0.18014620 0.87020087
v -0.02700000 -0.17962380 0.86973327
v -0.02700000 -0.18011880 0.87022829
v -0.02744279 -0.17965120 0.86970598
v -0.02744279 -0.18014620 0.87020087
v -0.02787212 -0.18022750 0.87011957
v -0.02787212 -0.17973261 0.86962461
v -0.02827493 -0.17986540 0.86949182
v -0.02827493 -0.18036041 0.86998677
v -0.02863906 -0.18004569 0.86931151
v -0.02863906 -0.18054061 0.86980653
v -0.02895335 -0.18026790 0.86908931
v -0.02895335 -0.18076290 0.86958420
v -0.02920835 -0.18102030 0.86932677
v -0.02920835 -0.18052541 0.86883181
v -0.02939616 -0.18081020 0.86854690
v -0.02939615 -0.18130520 0.86904192
v -0.02951119 -0.18160880 0.86873829
v -0.02951119 -0.18111379 0.86824328
v -0.02954993 -0.18142700 0.86793017
v -0.02954993 -0.18192190 0.86842519
v -0.02951119 -0.18174011 0.86761707
v -0.02951119 -0.18223500 0.86811209
v -0.02939615 -0.18253860 0.86780852
v -0.02939615 -0.18204360 0.86731350
v -0.02920834 -0.18232851 0.86702871
v -0.02920834 -0.18282349 0.86752361
v -0.02895335 -0.18258600 0.86677122
v -0.02895335 -0.18308090 0.86726618
v -0.02863905 -0.18280821 0.86654902
v -0.02863905 -0.18330321 0.86704391
v -0.02827493 -0.18298849 0.86636871
v -0.02827493 -0.18348350 0.86686373
v -0.02787212 -0.18361630 0.86673081
v -0.02787212 -0.18312129 0.86623591
v -0.02744279 -0.18320259 0.86615449
v -0.02744279 -0.18369770 0.86664951
v -0.02699999 -0.18372500 0.86662209
v -0.02699999 -0.18323010 0.86612707
v -0.02843932 -0.18038531 0.87315333
v -0.02904293 -0.17908680 0.87126040
v -0.02839057 -0.17889570 0.87145138
v -0.02770393 -0.17877910 0.87156802
v -0.02700000 -0.17873991 0.87160718
v -0.02973776 -0.18085310 0.87268549
v -0.03018193 -0.17967190 0.87067521
v -0.02964501 -0.17934760 0.87099952
v -0.02848807 -0.18187490 0.87485522
v -0.03076819 -0.18158171 0.87195688
v -0.03100947 -0.18047731 0.86986983
v -0.03064053 -0.18005159 0.87029552
v -0.02983049 -0.18235859 0.87437153
v -0.02853683 -0.18336460 0.87655711
v -0.03142980 -0.18249990 0.87103868
v -0.03149996 -0.18192190 0.86842519
v -0.03144452 -0.18142420 0.86892301
v -0.03127972 -0.18093860 0.86940849
v -0.03089586 -0.18311191 0.87361819
v -0.02992324 -0.18386410 0.87605762
v -0.02858559 -0.18485419 0.87825900
v -0.02699999 -0.19209740 0.88697332
v -0.03157990 -0.18406120 0.87266898
v -0.03212665 -0.18825901 0.87476230
v -0.03102354 -0.18464211 0.87527961
v -0.03001604 -0.18536960 0.87774360
v -0.02863434 -0.18634380 0.87996078
v -0.03172997 -0.18562250 0.87429923
v -0.03115121 -0.18617231 0.87694091
v -0.03010878 -0.18687510 0.87942958
v -0.02868310 -0.18783340 0.88166273
v -0.03188007 -0.18718369 0.87592942
v -0.03127889 -0.18770240 0.87860233
v -0.03020153 -0.18838049 0.88111567
v -0.02873186 -0.18932310 0.88336462
v -0.03203015 -0.18874501 0.87755972
v -0.03215997 -0.18933921 0.87770623
v -0.03140657 -0.18923260 0.88026363
v -0.03193085 -0.19051720 0.88054252
v -0.03029427 -0.18988600 0.88280171
v -0.03079638 -0.19146870 0.88407117
v -0.03115669 -0.19161551 0.88370639
v -0.03148231 -0.19177049 0.88330531
v -0.02878067 -0.19081271 0.88506651
v -0.02775768 -0.19193450 0.88671148
v -0.02847431 -0.19179520 0.88633960
v -0.02914039 -0.19167981 0.88587552
v -0.02975104 -0.19158760 0.88533449
v -0.03030387 -0.19151770 0.88472921
v -0.03149996 -0.18400250 0.86634457
v -0.03163569 -0.18575940 0.86733228
v -0.03149996 -0.18455200 0.86579508
v -0.03149996 -0.18192190 0.86842519
v -0.03202181 -0.18773121 0.87317020
v -0.03212665 -0.18825901 0.87476230
v -0.02256719 -0.18253051 0.87107080
v -0.02299044 -0.18047731 0.86986983
v -0.02272020 -0.18093860 0.86940849
v -0.02255539 -0.18142420 0.86892301
v -0.02249995 -0.18192190 0.86842519
v -0.02322922 -0.18161181 0.87198949
v -0.02381800 -0.17967190 0.87067521
v -0.02335940 -0.18005159 0.87029552
v -0.02241412 -0.18412250 0.87273300
v -0.02426033 -0.18088271 0.87271857
v -0.02495698 -0.17908680 0.87126040
v -0.02435491 -0.17934760 0.87099952
v -0.02309904 -0.18317211 0.87368351
v -0.02226112 -0.18571439 0.87439531
v -0.02555965 -0.18041460 0.87318683
v -0.02700000 -0.17873991 0.87160718
v -0.02629600 -0.17877910 0.87156802
v -0.02560942 -0.17889570 0.87145138
v -0.02416578 -0.18241780 0.87443781
v -0.02296886 -0.18473230 0.87537748
v -0.02210805 -0.18730640 0.87605751
v -0.02128271 -0.19423079 0.88073409
v -0.02550993 -0.18193351 0.87492198
v -0.02407119 -0.18395279 0.87615693
v -0.02283869 -0.18629250 0.87707138
v -0.02195505 -0.18889830 0.87771982
v -0.02546022 -0.18345229 0.87665743
v -0.02397660 -0.18548781 0.87787610
v -0.02270851 -0.18785270 0.87876540
v -0.02180204 -0.19049031 0.87938201
v -0.02541051 -0.18497120 0.87839270
v -0.02699999 -0.19209740 0.88697332
v -0.02388201 -0.18702289 0.87959522
v -0.02257833 -0.18941291 0.88045943
v -0.02164898 -0.19208220 0.88104433
v -0.02132330 -0.19408169 0.88210648
v -0.02536074 -0.18649010 0.88012803
v -0.02378747 -0.18855789 0.88131428
v -0.02244816 -0.19097310 0.88215327
v -0.02149597 -0.19367421 0.88270652
v -0.02154789 -0.19389650 0.88331312
v -0.02531103 -0.18800899 0.88186330
v -0.02369288 -0.19009300 0.88303351
v -0.02231798 -0.19253340 0.88384730
v -0.02191833 -0.19368890 0.88434488
v -0.02239827 -0.19347119 0.88519728
v -0.02526132 -0.18952790 0.88359863
v -0.02359829 -0.19162799 0.88475257
v -0.02270803 -0.19334631 0.88560438
v -0.02316401 -0.19317719 0.88607442
v -0.02368185 -0.19300060 0.88647181
v -0.02425418 -0.19281980 0.88678271
v -0.02521161 -0.19104680 0.88533390
v -0.02486930 -0.19263890 0.88699597
v -0.02550975 -0.19246291 0.88710511
v -0.02596501 -0.19234490 0.88711983
v -0.02642236 -0.19223200 0.88708520
v -0.02671245 -0.19216339 0.88703853
v -0.03293744 -0.19013651 0.88283980
v -0.03148231 -0.19177049 0.88330531
v -0.03169975 -0.19165900 0.88372147
v -0.03191141 -0.19154669 0.88414037
v -0.03211728 -0.19143480 0.88456237
v -0.03193085 -0.19051720 0.88054252
v -0.03468928 -0.18791680 0.88177240
v -0.03563026 -0.18666910 0.88117421
v -0.03918384 -0.18207470 0.88036531
v -0.03361557 -0.18847790 0.87966061
v -0.03665857 -0.18526091 0.88050020
v -0.03304050 -0.18875660 0.87862921
v -0.03215997 -0.18933921 0.87770623
v -0.03454617 -0.18724491 0.87899190
v -0.03396694 -0.18753199 0.87792468
v -0.03556130 -0.18585180 0.87823892
v -0.03799509 -0.18335460 0.87958980
v -0.03497634 -0.18614750 0.87713122
v -0.03271303 -0.18809851 0.87584561
v -0.03212665 -0.18825901 0.87476230
v -0.03687583 -0.18396430 0.87722182
v -0.03372005 -0.18673500 0.87496477
v -0.03628026 -0.18427069 0.87605900
v -0.03416704 -0.18471810 0.87098521
v -0.03304366 -0.18702599 0.87390769
v -0.03202181 -0.18773121 0.87317020
v -0.03501485 -0.18488429 0.87377411
v -0.03434024 -0.18519139 0.87265348
v -0.03163569 -0.18575940 0.86733228
v -0.03202181 -0.18773121 0.87317020
v -0.03416704 -0.18471810 0.87098521
v -0.00871907 -0.17915919 0.92855382
v -0.00585143 -0.17842780 0.93251967
v -0.01156483 -0.17876969 0.93110007
v -0.01695636 -0.17936580 0.92878687
v -0.01287684 -0.17951000 0.92715508
v -0.02187631 -0.18020269 0.92564517
v -0.01681945 -0.18000869 0.92526472
v -0.02379302 -0.18142401 0.92011613
v -0.02618805 -0.18125550 0.92176211
v -0.02977142 -0.18249290 0.91724467
v -0.02670751 -0.18231070 0.91694063
v -0.03252754 -0.18387990 0.91221881
v -0.02916655 -0.18329780 0.91342747
v -0.03437816 -0.18537711 0.90682322
v -0.03111831 -0.18437360 0.90963310
v -0.03253464 -0.18551570 0.90562618
v -0.03412722 -0.19000350 0.88991863
v -0.03336022 -0.18911190 0.89274251
v -0.03519002 -0.18850429 0.89552218
v -0.03211728 -0.19143480 0.88456237
v -0.03238820 -0.19031531 0.88832241
v -0.03115669 -0.19161551 0.88370639
v -0.03169975 -0.19165900 0.88372147
v -0.03148231 -0.19177049 0.88330531
v -0.03191141 -0.19154669 0.88414037
v -0.03079638 -0.19146870 0.88407117
v -0.00143121 -0.17860980 0.93133217
v -0.00441031 -0.17895120 0.92942321
v 0.00002502 -0.17832460 0.93300003
v -0.00570463 -0.17871010 0.93088353
v -0.01125017 -0.17904790 0.92948961
v -0.01648699 -0.17962889 0.92724228
v -0.02127348 -0.18044680 0.92420411
v -0.02047876 -0.18065190 0.92290652
v -0.02547798 -0.18147489 0.92045230
v -0.02898500 -0.18268320 0.91608781
v -0.03168957 -0.18404099 0.91122460
v -0.03368137 -0.18569890 0.90532702
v -0.03339766 -0.18669289 0.90147501
v -0.03527568 -0.18694630 0.90120947
v -0.03450302 -0.18742470 0.89917523
v -0.03368935 -0.18787441 0.89724618
v -0.03437946 -0.18856120 0.89503193
v -0.03338717 -0.19003239 0.88958591
v -0.03918384 -0.18207470 0.88036531
v -0.03412722 -0.19000350 0.88991863
v -0.03519002 -0.18850429 0.89552218
v -0.03211728 -0.19143480 0.88456237
v -0.00301067 -0.17255379 0.93668228
v -0.00585143 -0.17842780 0.93251967
v 0.00002502 -0.17832460 0.93300003
v 0.00003245 -0.16950440 0.93854761
v -0.00301652 -0.17249361 0.93671620
v -0.00451533 -0.16956230 0.93824589
v -0.00897489 -0.16972411 0.93740129
v -0.01190935 -0.17290591 0.93482411
v -0.01156483 -0.17876969 0.93110007
v -0.01193331 -0.17284660 0.93485123
v -0.01595734 -0.17016950 0.93506038
v -0.02245614 -0.17082161 0.93162853
v -0.02275047 -0.17391270 0.92951047
v -0.01695636 -0.17936580 0.92878687
v -0.02187631 -0.18020269 0.92564517
v -0.02279476 -0.17385399 0.92952079
v -0.02829853 -0.17166451 0.92720240
v -0.03162948 -0.17544690 0.92141318
v -0.02618805 -0.18125550 0.92176211
v -0.02977142 -0.18249290 0.91724467
v -0.03168723 -0.17538790 0.92139977
v -0.03331684 -0.17268240 0.92189091
v -0.03735720 -0.17385580 0.91583067
v -0.03778062 -0.17738950 0.91116041
v -0.03252754 -0.18387990 0.91221881
v -0.03784284 -0.17732909 0.91111898
v -0.04029201 -0.17516240 0.90918958
v -0.04202645 -0.17657889 0.90216058
v -0.04067712 -0.17957909 0.89960402
v -0.03437816 -0.18537711 0.90682322
v -0.03527568 -0.18694630 0.90120947
v -0.04073380 -0.17951620 0.89953363
v -0.04235135 -0.17745000 0.89848328
v -0.04233614 -0.17837331 0.89466739
v -0.04021731 -0.18183370 0.88770461
v -0.04140078 -0.18016900 0.88749558
v -0.04026005 -0.18176720 0.88760757
v 0.03081812 -0.19147021 0.88404298
v 0.03241182 -0.19031900 0.88827372
v 0.03000428 -0.19155709 0.88507628
v 0.00745668 -0.18353420 0.92152369
v 0.00752367 -0.18361150 0.92137319
v 0.00868870 -0.17914920 0.92855132
v 0.00736095 -0.18346409 0.92166561
v 0.00723077 -0.18339960 0.92180210
v 0.00707843 -0.18334910 0.92191672
v 0.00691278 -0.18331450 0.92200410
v 0.00673302 -0.18329591 0.92206460
v 0.00654329 -0.18329510 0.92209399
v 0.00437261 -0.17894720 0.92941451
v 0.00001633 -0.18351670 0.92220509
v -0.00002123 -0.17888170 0.92972553
v -0.00441031 -0.17895120 0.92942321
v -0.00652055 -0.18330289 0.92209899
v -0.00871907 -0.17915919 0.92855382
v -0.00677214 -0.18332051 0.92202991
v -0.00700019 -0.18335471 0.92193371
v -0.00715344 -0.18339340 0.92184031
v -0.00728796 -0.18344741 0.92172188
v -0.00739781 -0.18351930 0.92157447
v -0.00746970 -0.18359680 0.92142242
v -0.00751106 -0.18367951 0.92126572
v -0.01287684 -0.17951000 0.92715508
v -0.00752286 -0.18376780 0.92110282
v -0.03238820 -0.19031531 0.88832241
v -0.03030387 -0.19151770 0.88472921
v -0.02975104 -0.19158760 0.88533449
v -0.03079638 -0.19146870 0.88407117
v 0.02832933 -0.18614790 0.90738368
v 0.03256704 -0.18549930 0.90563780
v 0.03114249 -0.18436261 0.90964901
v 0.02918221 -0.18329141 0.91344661
v 0.02671941 -0.18230380 0.91696382
v 0.02541859 -0.18920951 0.90118033
v 0.03372343 -0.18786730 0.89724952
v 0.03343344 -0.18668070 0.90148258
v 0.02542193 -0.19105290 0.89454198
v 0.02621932 -0.19228470 0.88711017
v 0.02683683 -0.19213800 0.88701648
v 0.02559830 -0.19244230 0.88711512
v 0.02502562 -0.19259720 0.88703543
v 0.02451088 -0.19274510 0.88688833
v 0.02401985 -0.19289480 0.88667262
v 0.02356137 -0.19304331 0.88639349
v 0.02317001 -0.19317821 0.88608348
v 0.03339310 -0.18911061 0.89271241
v 0.03372343 -0.18786730 0.89724952
v 0.01992460 -0.18460260 0.91575062
v 0.02380104 -0.18141620 0.92014289
v 0.02047748 -0.18064509 0.92293072
v 0.01680869 -0.18000270 0.92528492
v 0.02833994 -0.19162670 0.88765383
v 0.02914114 -0.19168310 0.88587892
v 0.02826513 -0.19183791 0.88646531
v 0.02740820 -0.19201130 0.88685280
v 0.01662155 -0.19003770 0.90435612
v 0.00753863 -0.18933800 0.90928441
v 0.01661570 -0.19340430 0.89222503
v 0.02228595 -0.19352280 0.88503122
v 0.02281483 -0.19330880 0.88573080
v 0.02187373 -0.19371550 0.88425058
v 0.02157415 -0.19388410 0.88341391
v 0.02138032 -0.19402730 0.88254040
v 0.02128519 -0.19414490 0.88164461
v 0.00932188 -0.18362141 0.92102277
v 0.00755717 -0.18368410 0.92123598
v 0.00756504 -0.18376049 0.92109561
v 0.01285698 -0.17950150 0.92716771
v 0.01990791 -0.19461560 0.87966990
v 0.02165647 -0.19465090 0.87275571
v 0.02128215 -0.19423680 0.88074011
v 0.01701958 -0.19554991 0.86950511
v 0.00747217 -0.19046640 0.90633702
v 0.00752427 -0.18941420 0.90909570
v 0.00748058 -0.18948260 0.90893120
v 0.00740035 -0.18955210 0.90877062
v 0.00729020 -0.18961270 0.90863788
v 0.00717451 -0.18965660 0.90854812
v 0.00706615 -0.18968670 0.90849191
v 0.00691636 -0.18971580 0.90844578
v 0.00675507 -0.18973590 0.90842402
v 0.00645991 -0.18976080 0.90841359
v 0.00747724 -0.19478850 0.89072722
v 0.00021112 -0.18996111 0.90847838
v 0.00933756 -0.19648080 0.87457788
v 0.00526549 -0.19674860 0.86540103
v 0.01241262 -0.19618601 0.86727631
v 0.00867488 -0.19653490 0.86609232
v -0.01158581 -0.18376470 0.92024767
v -0.01681945 -0.18000869 0.92526472
v -0.02047876 -0.18065190 0.92290652
v -0.00752215 -0.18933600 0.90929443
v -0.00102381 -0.19513230 0.89034152
v -0.00370346 -0.18988781 0.90847689
v -0.00629227 -0.18978161 0.90839171
v -0.00933014 -0.19040890 0.90604711
v -0.00711302 -0.18965790 0.90855777
v -0.00722126 -0.18961190 0.90865457
v -0.00741212 -0.18949130 0.90892422
v -0.00745724 -0.18945239 0.90901363
v -0.00749026 -0.18941531 0.90910077
v -0.00129763 -0.19697040 0.87329757
v -0.00856225 -0.19654140 0.86607420
v 0.00180043 -0.19686159 0.86505163
v -0.00168495 -0.19686310 0.86505002
v -0.00515102 -0.19675280 0.86539263
v -0.02084259 -0.18473899 0.91503572
v -0.02379302 -0.18142401 0.92011613
v -0.02670751 -0.18231070 0.91694063
v -0.00933872 -0.19459030 0.89094561
v -0.00667880 -0.18973990 0.90842992
v -0.00695918 -0.18969551 0.90849102
v -0.01748041 -0.18997870 0.90408528
v -0.01161197 -0.19620490 0.87531710
v -0.01806918 -0.19536650 0.87015373
v -0.01188377 -0.19623999 0.86709082
v -0.01506469 -0.19584660 0.86845630
v -0.02825413 -0.18614189 0.90744239
v -0.02916655 -0.18329780 0.91342747
v -0.03111831 -0.18437360 0.90963310
v -0.03253464 -0.18551570 0.90562618
v -0.01747451 -0.19321460 0.89242411
v -0.02154789 -0.19389650 0.88331312
v -0.02132330 -0.19408169 0.88210648
v -0.02191833 -0.19368890 0.88434488
v -0.02239827 -0.19347119 0.88519728
v -0.02270803 -0.19334631 0.88560438
v -0.02316401 -0.19317719 0.88607442
v -0.02368185 -0.19300060 0.88647181
v -0.01990620 -0.19501780 0.87140822
v -0.02533165 -0.18922099 0.90120101
v -0.03339766 -0.18669289 0.90147501
v -0.02082548 -0.19436251 0.88035440
v -0.02128271 -0.19423079 0.88073409
v -0.02165583 -0.19464409 0.87277430
v -0.02533368 -0.19107591 0.89452291
v -0.02425418 -0.19281980 0.88678271
v -0.02486930 -0.19263890 0.88699597
v -0.02550975 -0.19246291 0.88710511
v -0.02596501 -0.19234490 0.88711983
v -0.02642236 -0.19223200 0.88708520
v -0.02671245 -0.19216339 0.88703853
v -0.02826074 -0.19165470 0.88759410
v -0.02775768 -0.19193450 0.88671148
v -0.02699999 -0.19209740 0.88697332
v -0.02847431 -0.19179520 0.88633960
v -0.02914039 -0.19167981 0.88587552
v -0.03325102 -0.18832110 0.89614558
v -0.03368935 -0.18787441 0.89724618
v -0.03368935 -0.18787441 0.89724618
v -0.03336022 -0.18911190 0.89274251
v -0.01990620 -0.19501780 0.87140822
v -0.02165583 -0.19464409 0.87277430
v -0.02249995 -0.19001310 0.86033398
v -0.01806918 -0.19536650 0.87015373
v -0.01621399 -0.19213641 0.85773301
v -0.01506469 -0.19584660 0.86845630
v -0.01188377 -0.19623999 0.86709082
v -0.00944076 -0.19358739 0.85603178
v -0.00856225 -0.19654140 0.86607420
v -0.00515102 -0.19675280 0.86539263
v -0.00238268 -0.19427229 0.85524273
v -0.00168495 -0.19686310 0.86505002
v 0.00158496 -0.19429921 0.85521197
v 0.00180043 -0.19686159 0.86505163
v 0.00526549 -0.19674860 0.86540103
v 0.00690939 -0.19392911 0.85563809
v 0.00867488 -0.19653490 0.86609232
v 0.01211561 -0.19311561 0.85658431
v 0.01241262 -0.19618601 0.86727631
v 0.01711775 -0.19188640 0.85803509
v 0.01701958 -0.19554991 0.86950511
v 0.01986445 -0.19101050 0.85909611
v 0.02165647 -0.19465090 0.87275571
v 0.02249999 -0.19002309 0.86032403
v -0.01772014 -0.19159830 0.85792899
v -0.02249995 -0.19001310 0.86033398
v -0.02249995 -0.18989439 0.85997331
v -0.01621399 -0.19213641 0.85773301
v -0.01263252 -0.19291790 0.85640961
v -0.00944076 -0.19358739 0.85603178
v -0.00638841 -0.19390850 0.85528910
v -0.00238268 -0.19427229 0.85524273
v 0.00001174 -0.19424850 0.85490930
v 0.00158496 -0.19429921 0.85521197
v 0.00475575 -0.19406110 0.85511929
v 0.00690939 -0.19392911 0.85563809
v 0.00943555 -0.19351131 0.85574001
v 0.01211561 -0.19311561 0.85658431
v 0.01620473 -0.19204830 0.85741103
v 0.01711775 -0.19188640 0.85803509
v 0.01986445 -0.19101050 0.85909611
v 0.02249999 -0.18990479 0.85996521
v 0.02249999 -0.19002309 0.86032403
v -0.02165583 -0.19464409 0.87277430
v -0.02249995 -0.18192190 0.86842519
v -0.02249995 -0.18959790 0.86074930
v -0.02249995 -0.19001310 0.86033398
v -0.02128271 -0.19423079 0.88073409
v 0.02249999 -0.18960799 0.86073911
v 0.02165647 -0.19465090 0.87275571
v 0.02249999 -0.19002309 0.86032403
v 0.02249999 -0.18192190 0.86842519
v 0.02128215 -0.19423680 0.88074011
f 1 2 3
f 4 5 6
f 7 8 9
f 10 11 5
f 12 13 14
f 15 16 11
f 15 11 10
f 17 18 19
f 20 16 15
f 21 22 18
f 21 23 22
f 21 18 20
f 24 25 23
f 24 26 21
f 27 28 25
f 27 29 28
f 27 25 24
f 30 31 29
f 30 29 27
f 32 33 31
f 32 31 30
f 34 35 33
f 34 33 32
f 36 35 34
f 37 35 36
f 37 38 35
f 39 38 37
f 39 40 38
f 41 42 43
f 41 44 42
f 45 40 39
f 46 47 48
f 49 46 48
f 49 48 50
f 51 40 45
f 51 52 40
f 53 49 50
f 54 55 56
f 57 52 51
f 57 58 52
f 59 53 60
f 59 60 58
f 61 58 57
f 62 59 58
f 63 64 65
f 66 63 65
f 67 63 68
f 69 70 71
f 72 69 71
f 73 74 75
f 76 73 75
f 77 73 76
f 78 77 76
f 79 78 76
f 80 81 82
f 83 80 82
f 84 85 86
f 87 88 89
f 90 91 92
f 93 94 95
f 96 97 98
f 99 100 101
f 102 103 104
f 105 106 107
f 108 109 110
f 111 112 113
f 114 115 116
f 117 118 119
f 120 121 122
f 123 124 125
f 126 127 128
f 129 130 131
f 132 133 134
f 135 136 137
f 138 139 140
f 141 142 143
f 144 145 146
f 147 148 149
f 150 151 152
f 153 154 155
f 156 157 158
f 156 159 157
f 160 161 162
f 163 164 165
f 166 167 168
f 169 170 171
f 172 173 166
f 174 175 176
f 177 178 179
f 180 181 182
f 183 184 185
f 186 187 188
f 189 159 156
f 190 191 192
f 193 194 195
f 196 197 198
f 199 200 201
f 202 203 204
f 205 206 207
f 208 209 210
f 211 212 213
f 214 215 216
f 217 218 219
f 220 221 222
f 223 224 225
f 226 227 228
f 229 230 231
f 232 233 234
f 235 236 237
f 238 239 240
f 241 242 243
f 244 245 246
f 247 248 249
f 250 251 252
f 253 254 255
f 253 256 257
f 258 259 260
f 258 260 261
f 258 261 262
f 263 259 258
f 264 259 263
f 265 259 264
f 266 267 268
f 266 268 269
f 266 269 270
f 266 270 271
f 272 273 274
f 272 275 276
f 272 276 273
f 277 274 278
f 277 278 279
f 277 279 280
f 277 280 281
f 277 281 282
f 277 282 283
f 284 283 275
f 284 275 272
f 284 274 277
f 284 272 274
f 284 277 283
f 285 286 287
f 285 287 288
f 289 288 290
f 289 285 288
f 291 290 292
f 291 289 290
f 293 292 294
f 293 291 292
f 295 296 297
f 298 296 295
f 299 300 301
f 302 300 299
f 303 304 305
f 303 305 306
f 307 306 308
f 307 303 306
f 309 298 310
f 309 308 296
f 309 296 298
f 309 307 308
f 311 310 312
f 311 309 310
f 313 311 312
f 314 312 315
f 314 313 312
f 316 315 317
f 316 314 315
f 318 316 317
f 319 317 320
f 319 318 317
f 321 319 320
f 322 320 323
f 322 321 320
f 324 323 325
f 326 327 328
f 326 329 327
f 330 328 331
f 330 332 328
f 333 331 334
f 333 330 331
f 335 333 334
f 336 335 334
f 336 334 337
f 338 337 339
f 338 336 337
f 340 339 341
f 340 338 339
f 342 340 341
f 343 341 344
f 343 342 341
f 345 301 300
f 345 344 301
f 345 300 346
f 345 343 344
f 347 345 346
f 347 346 348
f 349 303 307
f 349 304 303
f 350 349 307
f 350 307 309
f 351 350 309
f 351 309 311
f 352 311 313
f 352 351 311
f 353 352 313
f 354 353 313
f 354 313 314
f 355 314 316
f 355 354 314
f 356 355 316
f 356 316 318
f 357 358 356
f 357 356 318
f 359 358 357
f 359 318 319
f 359 357 318
f 360 361 358
f 360 359 319
f 360 319 321
f 360 358 359
f 362 361 360
f 362 360 321
f 363 321 322
f 363 362 321
f 363 361 362
f 364 322 323
f 364 323 324
f 364 363 322
f 364 361 363
f 365 325 327
f 365 366 361
f 365 324 325
f 365 364 324
f 365 327 329
f 365 361 364
f 367 366 365
f 367 329 326
f 367 365 329
f 368 366 367
f 368 326 328
f 368 328 332
f 368 367 326
f 369 366 368
f 369 368 332
f 370 332 330
f 370 369 332
f 370 366 369
f 371 366 370
f 371 330 333
f 371 372 366
f 371 370 330
f 373 372 371
f 373 371 333
f 373 333 335
f 374 372 373
f 374 373 335
f 375 374 335
f 375 372 374
f 375 335 336
f 376 372 375
f 376 336 338
f 376 375 336
f 377 376 338
f 377 338 340
f 378 377 340
f 378 340 342
f 379 378 342
f 380 379 342
f 380 342 343
f 381 380 343
f 381 343 345
f 382 381 345
f 382 345 347
f 383 382 347
f 384 348 385
f 384 385 386
f 384 386 383
f 384 383 347
f 384 347 348
f 387 304 349
f 387 349 350
f 388 387 350
f 388 304 387
f 388 350 351
f 389 390 304
f 389 388 351
f 389 304 388
f 389 351 352
f 391 390 389
f 391 389 352
f 391 352 353
f 392 390 391
f 392 391 353
f 393 390 392
f 393 392 353
f 393 353 354
f 394 358 390
f 394 390 393
f 394 354 355
f 394 393 354
f 394 356 358
f 394 355 356
f 395 376 377
f 395 372 376
f 395 377 378
f 395 396 372
f 397 395 378
f 397 378 379
f 397 396 395
f 398 397 379
f 398 396 397
f 399 379 380
f 399 380 381
f 399 398 379
f 399 396 398
f 400 386 396
f 400 381 382
f 400 396 399
f 400 399 381
f 401 386 400
f 401 383 386
f 401 382 383
f 401 400 382
f 402 403 404
f 405 402 404
f 406 407 408
f 406 408 409
f 410 411 412
f 413 411 410
f 414 413 410
f 415 413 414
f 416 415 414
f 417 415 416
f 418 416 419
f 418 417 416
f 420 421 422
f 423 424 425
f 426 427 428
f 426 428 429
f 430 426 429
f 431 432 430
f 433 430 432
f 434 431 430
f 435 426 430
f 435 430 433
f 436 434 430
f 437 426 435
f 438 436 430
f 439 426 437
f 440 438 430
f 441 426 439
f 442 426 441
f 443 444 445
f 443 445 446
f 447 444 443
f 448 426 442
f 448 442 449
f 450 451 448
f 452 450 448
f 453 448 449
f 453 454 455
f 453 456 454
f 453 457 456
f 453 458 457
f 453 459 458
f 453 460 459
f 453 461 460
f 453 449 461
f 462 452 448
f 463 448 453
f 464 448 463
f 465 448 464
f 465 462 448
f 466 467 468
f 469 462 465
f 470 466 468
f 471 470 468
f 472 473 455
f 472 455 474
f 475 473 472
f 475 476 473
f 477 476 475
f 478 477 475
f 479 480 481
f 479 482 480
f 479 483 482
f 484 485 486
f 484 486 487
f 484 487 488
f 473 453 455
f 489 430 444
f 489 440 430
f 489 490 491
f 489 491 492
f 489 492 493
f 489 493 494
f 489 494 495
f 489 495 496
f 489 496 497
f 489 497 440
f 498 471 468
f 498 468 499
f 498 499 500
f 498 500 501
f 498 501 502
f 498 502 490
f 498 490 489
f 498 489 444
f 498 444 447
f 503 447 488
f 503 504 471
f 503 505 504
f 503 481 505
f 503 498 447
f 503 471 498
f 506 462 469
f 506 487 462
f 506 507 508
f 506 509 507
f 506 510 509
f 506 511 510
f 506 512 511
f 506 513 512
f 506 469 513
f 514 479 481
f 514 506 508
f 514 488 487
f 514 487 506
f 514 503 488
f 514 481 503
f 514 515 479
f 514 516 515
f 514 517 516
f 514 508 517
f 518 519 520
f 521 522 523
f 524 522 521
f 525 521 526
f 525 524 521
f 527 525 526
f 528 526 529
f 528 527 526
f 530 529 531
f 530 528 529
f 532 531 533
f 532 530 531
f 534 533 535
f 534 532 533
f 536 535 537
f 536 534 535
f 538 537 539
f 538 536 537
f 540 539 541
f 540 538 539
f 542 541 543
f 542 540 541
f 544 543 545
f 544 542 543
f 546 545 547
f 546 544 545
f 548 547 549
f 548 546 547
f 550 548 549
f 551 550 549
f 552 550 551
f 553 550 552
f 554 555 556
f 557 554 556
f 558 554 557
f 559 558 557
f 560 558 559
f 561 560 559
f 562 563 564
f 565 566 567
f 568 569 570
f 571 572 569
f 571 569 568
f 573 574 572
f 573 572 571
f 575 576 574
f 575 574 573
f 577 578 576
f 577 576 575
f 579 580 578
f 579 578 577
f 581 582 580
f 581 580 579
f 583 584 582
f 583 582 581
f 585 586 584
f 585 584 583
f 587 588 589
f 587 589 586
f 587 586 585
f 590 588 587
f 591 588 590
f 592 591 590
f 593 592 590
f 594 595 596
f 597 598 599
f 597 600 598
f 597 601 600
f 601 602 603
f 601 604 602
f 601 597 604
f 605 606 607
f 608 609 610
f 608 611 609
f 612 613 614
f 612 610 613
f 612 608 610
f 615 614 616
f 615 612 614
f 617 616 618
f 617 615 616
f 619 618 620
f 619 617 618
f 621 619 620
f 622 621 620
f 623 624 622
f 623 622 620
f 625 624 623
f 626 627 628
f 626 628 629
f 630 631 627
f 630 627 626
f 632 633 631
f 632 631 630
f 634 635 633
f 634 633 632
f 636 635 634
f 637 638 635
f 637 635 636
f 639 640 638
f 639 638 637
f 641 642 640
f 641 640 639
f 643 644 642
f 643 642 641
f 645 646 644
f 645 644 643
f 647 646 645
f 648 646 647
f 649 648 647
f 650 651 648
f 650 648 649
f 652 651 650
f 652 653 651
f 654 653 652
f 654 655 653
f 656 657 655
f 656 655 654
f 658 659 657
f 658 657 656
f 660 661 659
f 660 659 658
f 662 663 661
f 662 661 660
f 664 665 663
f 664 663 662
f 666 667 665
f 666 665 664
f 668 669 667
f 668 667 666
f 670 669 668
f 671 669 670
f 672 669 671
f 672 671 673
f 674 672 673
f 675 676 677
f 675 677 678
f 675 678 679
f 680 675 679
f 680 676 675
f 681 682 676
f 683 682 681
f 684 685 682
f 686 687 685
f 686 685 684
f 688 686 689
f 688 687 686
f 690 691 687
f 690 689 692
f 690 687 688
f 690 688 689
f 693 691 690
f 693 690 692
f 694 692 695
f 694 693 692
f 694 691 693
f 696 697 691
f 696 695 698
f 696 691 694
f 696 694 695
f 699 696 698
f 699 697 696
f 700 701 697
f 700 698 702
f 700 699 698
f 700 697 699
f 703 701 700
f 703 700 702
f 704 701 703
f 704 705 701
f 704 703 702
f 704 702 706
f 707 708 705
f 707 705 704
f 707 704 706
f 709 707 706
f 709 708 707
f 710 711 708
f 710 709 706
f 710 708 709
f 710 706 712
f 713 711 710
f 713 710 712
f 714 715 711
f 714 713 712
f 714 712 716
f 714 711 713
f 717 715 714
f 717 714 716
f 718 719 715
f 720 719 718
f 721 722 719
f 721 719 720
f 723 724 722
f 725 724 723
f 726 727 724
f 728 727 729
f 730 679 731
f 730 680 679
f 732 681 730
f 732 730 731
f 732 683 681
f 733 732 731
f 733 683 732
f 734 731 689
f 734 733 731
f 734 683 733
f 734 686 684
f 734 689 686
f 735 716 736
f 735 717 716
f 737 735 736
f 737 720 718
f 737 718 735
f 738 737 736
f 738 720 737
f 739 738 736
f 739 721 720
f 739 720 738
f 740 736 741
f 740 739 736
f 740 721 739
f 742 740 741
f 742 725 723
f 742 723 740
f 743 742 741
f 743 725 742
f 744 725 743
f 744 743 741
f 745 741 746
f 745 726 744
f 745 744 741
f 747 745 746
f 747 729 745
f 748 728 729
f 748 729 747
f 748 747 746
f 749 750 727
f 749 727 728
f 751 746 752
f 751 748 746
f 751 728 748
f 751 749 728
f 753 751 754
f 755 754 751
f 755 751 752
f 756 753 754
f 756 754 755
f 756 757 750
f 756 750 753
f 758 681 676
f 758 730 681
f 758 676 680
f 758 680 730
f 759 684 682
f 759 682 683
f 759 683 734
f 759 734 684
f 760 718 715
f 760 717 735
f 760 735 718
f 760 715 717
f 761 722 721
f 761 723 722
f 761 721 740
f 761 740 723
f 762 724 725
f 762 726 724
f 762 744 726
f 762 725 744
f 763 727 726
f 763 729 727
f 763 726 745
f 763 745 729
f 764 749 751
f 764 751 753
f 764 753 750
f 764 750 749
f 765 755 752
f 765 756 755
f 766 757 756
f 766 756 765
f 767 765 752
f 767 766 765
f 768 757 766
f 768 766 767
f 769 767 752
f 770 757 768
f 770 768 767
f 770 767 769
f 771 769 752
f 772 757 770
f 772 770 769
f 772 769 771
f 773 752 757
f 773 771 752
f 773 757 772
f 773 772 771
f 774 775 776
f 777 774 778
f 777 775 774
f 779 780 781
f 779 776 775
f 779 781 776
f 782 778 783
f 782 777 778
f 782 775 777
f 784 782 783
f 785 786 780
f 785 780 787
f 788 786 785
f 788 785 789
f 790 783 791
f 790 792 783
f 790 789 792
f 793 790 791
f 794 795 786
f 794 786 796
f 797 795 794
f 797 794 798
f 799 791 800
f 799 801 791
f 799 798 801
f 802 776 781
f 802 774 776
f 803 779 775
f 803 775 782
f 804 780 779
f 804 779 803
f 804 787 780
f 804 803 782
f 805 806 787
f 805 784 806
f 805 782 784
f 805 787 804
f 805 804 782
f 807 787 806
f 807 785 787
f 807 806 784
f 808 785 807
f 808 783 792
f 808 784 783
f 808 807 784
f 809 789 785
f 809 792 789
f 809 785 808
f 809 808 792
f 810 788 789
f 810 789 790
f 811 788 810
f 811 786 788
f 811 810 790
f 811 796 786
f 812 796 811
f 812 793 813
f 812 811 790
f 812 813 796
f 812 790 793
f 814 813 793
f 814 796 813
f 814 794 796
f 815 794 814
f 815 791 801
f 815 793 791
f 815 814 793
f 816 794 815
f 816 815 801
f 816 798 794
f 816 801 798
f 817 797 798
f 817 798 799
f 818 797 817
f 818 795 797
f 818 817 799
f 819 820 778
f 819 778 774
f 819 774 802
f 821 800 822
f 821 818 799
f 821 799 800
f 823 802 781
f 824 818 821
f 824 795 818
f 825 820 819
f 825 819 802
f 825 802 823
f 826 821 822
f 827 823 781
f 828 795 824
f 828 824 821
f 829 820 825
f 829 825 823
f 830 826 822
f 831 827 781
f 832 821 826
f 832 795 828
f 832 828 821
f 833 820 829
f 833 823 827
f 833 829 823
f 833 827 831
f 834 830 822
f 835 781 820
f 835 831 781
f 835 820 833
f 835 833 831
f 836 822 795
f 836 795 832
f 836 826 830
f 836 834 822
f 836 832 826
f 836 830 834
f 837 838 839
f 840 841 842
f 840 842 837
f 840 837 839
f 843 844 845
f 843 838 844
f 843 839 838
f 846 841 840
f 847 845 848
f 847 849 845
f 850 851 841
f 850 841 852
f 850 852 853
f 854 847 848
f 854 853 847
f 855 851 850
f 856 848 857
f 856 858 848
f 859 860 851
f 859 851 861
f 859 861 862
f 863 856 857
f 863 862 856
f 864 844 838
f 864 838 837
f 865 840 839
f 865 839 843
f 866 867 846
f 866 846 840
f 866 849 867
f 868 843 845
f 868 845 849
f 868 865 843
f 868 849 866
f 868 840 865
f 868 866 840
f 869 852 841
f 869 841 846
f 870 846 867
f 870 867 849
f 870 849 847
f 870 847 869
f 870 869 846
f 871 853 852
f 871 847 853
f 871 852 869
f 871 869 847
f 872 850 853
f 872 853 854
f 873 874 855
f 873 855 850
f 873 858 874
f 875 873 850
f 875 872 854
f 875 858 873
f 875 850 872
f 875 848 858
f 875 854 848
f 876 861 851
f 876 851 855
f 877 876 855
f 877 856 876
f 877 855 874
f 877 874 858
f 877 858 856
f 878 876 856
f 878 862 861
f 878 856 862
f 878 861 876
f 879 859 862
f 879 862 863
f 880 859 879
f 880 863 857
f 880 879 863
f 881 842 882
f 881 837 842
f 881 864 837
f 883 884 860
f 883 860 859
f 883 859 880
f 885 844 864
f 886 880 857
f 886 883 880
f 887 881 882
f 887 864 881
f 887 885 864
f 888 884 883
f 889 844 885
f 890 886 857
f 890 883 886
f 891 887 882
f 891 885 887
f 892 884 888
f 893 844 889
f 894 890 857
f 894 888 883
f 894 883 890
f 895 891 882
f 895 889 885
f 895 885 891
f 895 893 889
f 896 884 892
f 897 882 844
f 897 844 893
f 897 895 882
f 897 893 895
f 898 857 884
f 898 892 888
f 898 894 857
f 898 888 894
f 898 884 896
f 898 896 892
f 899 900 901
f 899 902 903
f 899 904 902
f 899 903 900
f 905 899 901
f 905 904 899
f 906 901 907
f 906 904 905
f 906 908 904
f 906 905 901
f 909 908 906
f 909 906 907
f 910 907 911
f 910 908 909
f 910 912 908
f 910 909 907
f 913 912 910
f 913 910 911
f 914 911 915
f 914 916 912
f 914 912 913
f 914 913 911
f 917 916 914
f 917 914 915
f 918 915 919
f 918 916 917
f 918 917 915
f 920 918 919
f 920 916 918
f 921 919 922
f 921 920 919
f 921 916 920
f 923 922 924
f 923 924 925
f 923 926 916
f 923 916 921
f 923 921 922
f 927 925 928
f 927 926 923
f 927 923 925
f 929 928 930
f 929 930 926
f 929 927 928
f 929 926 927
f 931 932 933
f 934 935 936
f 934 932 935
f 934 933 932
f 937 938 939
f 937 931 933
f 937 933 934
f 937 939 931
f 940 936 941
f 940 942 937
f 943 940 941
f 943 942 940
f 944 943 941
f 944 942 943
f 945 938 937
f 945 937 942
f 945 942 944
f 945 944 946
f 947 941 948
f 947 944 941
f 947 946 944
f 949 947 950
f 949 945 946
f 949 946 947
f 949 938 945
f 951 950 947
f 951 947 948
f 952 951 948
f 952 950 951
f 953 949 950
f 953 938 949
f 954 955 938
f 954 952 956
f 954 950 952
f 954 938 953
f 954 953 950
f 957 948 958
f 957 952 948
f 957 956 952
f 959 957 958
f 959 960 957
f 961 954 956
f 961 955 954
f 961 957 960
f 961 956 957
f 962 959 958
f 962 960 959
f 963 961 960
f 963 955 961
f 964 962 965
f 964 960 962
f 964 963 960
f 964 955 963
f 966 965 962
f 966 958 967
f 966 962 958
f 968 966 967
f 968 969 966
f 970 955 964
f 970 966 969
f 970 971 955
f 970 964 965
f 970 965 966
f 972 968 967
f 972 969 968
f 973 970 969
f 973 971 970
f 974 969 972
f 974 972 975
f 974 971 973
f 974 973 969
f 976 967 977
f 976 972 967
f 976 975 972
f 978 974 975
f 978 971 974
f 978 979 971
f 978 975 976
f 978 976 980
f 981 980 976
f 981 976 977
f 982 979 978
f 982 978 980
f 983 980 981
f 983 981 977
f 984 985 979
f 984 979 982
f 984 983 986
f 984 982 980
f 984 980 983
f 987 977 988
f 987 986 983
f 987 983 977
f 989 985 984
f 989 984 986
f 989 987 990
f 989 986 987
f 991 987 988
f 991 990 987
f 992 989 990
f 992 985 989
f 993 991 988
f 993 990 991
f 994 995 985
f 994 992 990
f 994 985 992
f 994 990 993
f 994 996 995
f 994 993 996
f 997 988 998
f 997 993 988
f 997 996 993
f 999 1000 997
f 999 997 998
f 1001 997 1000
f 1001 995 996
f 1001 996 997
f 1002 998 900
f 1002 999 998
f 1002 1000 999
f 1003 1001 1000
f 1003 1004 902
f 1003 902 995
f 1003 1000 1002
f 1003 995 1001
f 1003 1002 1004
f 1005 1002 900
f 1005 1004 1002
f 1005 900 903
f 1006 935 932
f 1006 932 931
f 1007 937 934
f 1007 940 937
f 1007 934 936
f 1007 936 940
f 1008 902 1004
f 1008 903 902
f 1008 1004 1005
f 1008 1005 903
f 1009 931 939
f 1009 1006 931
f 1010 935 1006
f 1010 1006 1009
f 1011 1009 939
f 1012 935 1010
f 1012 1010 1009
f 1012 1009 1011
f 1013 1011 939
f 1014 1012 1011
f 1014 935 1012
f 1015 1013 939
f 1016 939 935
f 1016 1013 1015
f 1016 1011 1013
f 1016 1014 1011
f 1016 935 1014
f 1016 1015 939
f 1017 1018 1019
f 1020 1019 1021
f 1020 1017 1019
f 1022 1023 1024
f 1022 1025 1026
f 1022 1024 1025
f 1027 1026 1020
f 1027 1020 1021
f 1028 1023 1022
f 1028 1022 1029
f 1030 1027 1021
f 1031 1023 1028
f 1032 1029 1030
f 1032 1030 1021
f 1033 1034 1023
f 1033 1023 1031
f 1033 1031 1035
f 1036 1021 1037
f 1036 1032 1021
f 1036 1035 1032
f 1038 1034 1033
f 1039 1040 1034
f 1039 1034 1038
f 1039 1038 1041
f 1042 1036 1037
f 1042 1041 1036
f 1043 1042 1037
f 1044 1040 1039
f 1044 1039 1045
f 1046 1037 1047
f 1046 1045 1043
f 1046 1043 1037
f 1048 1017 1049
f 1050 1049 1017
f 1050 1017 1020
f 1051 1026 1025
f 1051 1050 1020
f 1051 1020 1026
f 1052 1022 1026
f 1052 1029 1022
f 1052 1026 1027
f 1052 1030 1029
f 1052 1027 1030
f 1053 1032 1035
f 1053 1028 1029
f 1053 1035 1031
f 1053 1031 1028
f 1053 1029 1032
f 1054 1033 1035
f 1054 1036 1041
f 1054 1035 1036
f 1054 1038 1033
f 1054 1041 1038
f 1055 1043 1045
f 1055 1039 1041
f 1055 1045 1039
f 1055 1041 1042
f 1055 1042 1043
f 1056 1044 1045
f 1056 1045 1046
f 1057 1044 1056
f 1058 1059 1024
f 1058 1050 1059
f 1060 1025 1024
f 1060 1024 1059
f 1060 1059 1050
f 1060 1051 1025
f 1060 1050 1051
f 1061 1044 1057
f 1061 1040 1044
f 1062 1057 1056
f 1062 1056 1046
f 1063 1062 1046
f 1064 1017 1048
f 1065 1061 1057
f 1065 1057 1062
f 1065 1062 1063
f 1065 1066 1061
f 1067 1047 1068
f 1067 1046 1047
f 1067 1063 1046
f 1069 1050 1058
f 1069 1058 1024
f 1070 1065 1063
f 1070 1063 1067
f 1071 1017 1064
f 1072 1040 1061
f 1072 1061 1066
f 1072 1066 1065
f 1073 1050 1069
f 1073 1069 1024
f 1074 1070 1067
f 1075 1017 1071
f 1076 1040 1072
f 1076 1065 1070
f 1076 1072 1065
f 1077 1064 1048
f 1077 1050 1073
f 1077 1073 1024
f 1077 1071 1064
f 1077 1075 1071
f 1077 1048 1049
f 1077 1049 1050
f 1078 1067 1068
f 1078 1074 1067
f 1079 1024 1018
f 1079 1018 1017
f 1079 1075 1077
f 1079 1017 1075
f 1079 1077 1024
f 1080 1068 1040
f 1080 1040 1076
f 1080 1078 1068
f 1080 1070 1074
f 1080 1076 1070
f 1080 1074 1078
f 1081 1082 1083
f 1084 1085 1086
f 1084 1086 1087
f 1084 1087 1088
f 1089 1085 1084
f 1089 1084 1090
f 1091 1092 1085
f 1091 1085 1089
f 1091 1089 1090
f 1093 1083 1094
f 1093 1081 1083
f 1093 1090 1081
f 1095 1096 1092
f 1095 1092 1097
f 1095 1097 1098
f 1099 1093 1094
f 1099 1098 1093
f 1100 1087 1086
f 1101 1087 1100
f 1101 1100 1082
f 1102 1088 1087
f 1102 1081 1088
f 1102 1082 1081
f 1102 1087 1101
f 1102 1101 1082
f 1103 1081 1090
f 1103 1088 1081
f 1103 1090 1084
f 1103 1084 1088
f 1104 1091 1090
f 1104 1090 1093
f 1105 1093 1098
f 1105 1098 1097
f 1106 1095 1098
f 1106 1098 1099
f 1107 1099 1094
f 1107 1106 1099
f 1107 1095 1106
f 1108 1083 1082
f 1108 1082 1100
f 1109 1092 1091
f 1109 1091 1104
f 1110 1097 1092
f 1110 1105 1097
f 1111 1096 1095
f 1111 1095 1107
f 1112 1100 1086
f 1112 1108 1100
f 1113 1104 1093
f 1113 1109 1104
f 1114 1115 1093
f 1114 1093 1105
f 1114 1105 1110
f 1116 1107 1094
f 1116 1111 1107
f 1117 1083 1108
f 1118 1115 1092
f 1118 1092 1109
f 1118 1109 1113
f 1119 1092 1115
f 1119 1115 1114
f 1119 1110 1092
f 1119 1114 1110
f 1120 1096 1111
f 1120 1111 1116
f 1121 1117 1108
f 1121 1112 1086
f 1121 1108 1112
f 1122 1118 1113
f 1122 1093 1115
f 1122 1115 1118
f 1122 1113 1093
f 1123 1120 1116
f 1123 1116 1094
f 1124 1083 1117
f 1125 1096 1120
f 1125 1120 1123
f 1126 1117 1121
f 1126 1121 1086
f 1127 1125 1123
f 1127 1123 1094
f 1128 1083 1124
f 1129 1096 1125
f 1129 1125 1127
f 1130 1086 1083
f 1130 1124 1117
f 1130 1117 1126
f 1130 1126 1086
f 1130 1083 1128
f 1130 1128 1124
f 1131 1094 1096
f 1131 1127 1094
f 1131 1096 1129
f 1131 1129 1127
f 1132 1133 1134
f 1132 1135 1133
f 1132 1136 1135
f 1137 1132 1134
f 1137 1138 1132
f 1139 1140 1141
f 1139 1141 1142
f 1139 1142 1136
f 1143 1144 1138
f 1143 1138 1137
f 1143 1137 1134
f 1145 1140 1139
f 1146 1147 1140
f 1146 1138 1144
f 1146 1140 1145
f 1146 1145 1138
f 1148 1134 1149
f 1148 1150 1144
f 1148 1143 1134
f 1148 1144 1143
f 1151 1148 1149
f 1151 1152 1150
f 1151 1150 1148
f 1153 1144 1150
f 1153 1147 1146
f 1153 1146 1144
f 1154 1152 1151
f 1154 1151 1149
f 1155 1147 1153
f 1155 1153 1150
f 1156 1149 1157
f 1156 1154 1149
f 1156 1152 1154
f 1158 1155 1150
f 1158 1159 1147
f 1158 1147 1155
f 1158 1150 1152
f 1160 1159 1158
f 1160 1158 1152
f 1161 1162 1156
f 1161 1163 1162
f 1161 1156 1157
f 1164 1159 1160
f 1165 1163 1161
f 1165 1161 1157
f 1166 1165 1157
f 1166 1163 1165
f 1166 1167 1163
f 1168 1169 1159
f 1168 1164 1162
f 1168 1162 1163
f 1168 1159 1164
f 1170 1169 1168
f 1170 1168 1163
f 1171 1170 1163
f 1171 1169 1170
f 1171 1163 1167
f 1172 1157 1173
f 1172 1167 1166
f 1172 1166 1157
f 1174 1172 1173
f 1174 1175 1172
f 1176 1177 1169
f 1176 1169 1171
f 1176 1171 1167
f 1178 1174 1173
f 1179 1177 1176
f 1180 1177 1179
f 1180 1179 1175
f 1181 1173 1182
f 1181 1178 1173
f 1181 1183 1178
f 1184 1185 1177
f 1184 1177 1180
f 1184 1180 1183
f 1186 1182 1187
f 1188 1186 1187
f 1188 1189 1186
f 1190 1185 1184
f 1190 1184 1189
f 1191 1185 1190
f 1192 1187 1193
f 1192 1194 1187
f 1195 1196 1192
f 1195 1192 1193
f 1197 1198 1185
f 1197 1199 1196
f 1197 1185 1199
f 1200 1193 1201
f 1202 1200 1201
f 1202 1203 1200
f 1204 1197 1203
f 1204 1198 1197
f 1205 1135 1136
f 1205 1136 1142
f 1206 1205 1142
f 1207 1132 1138
f 1207 1136 1132
f 1207 1139 1136
f 1207 1138 1145
f 1207 1145 1139
f 1208 1152 1156
f 1208 1156 1162
f 1208 1160 1152
f 1208 1162 1164
f 1208 1164 1160
f 1209 1167 1172
f 1209 1172 1175
f 1209 1176 1167
f 1209 1175 1179
f 1209 1179 1176
f 1210 1175 1174
f 1210 1174 1178
f 1210 1178 1183
f 1210 1180 1175
f 1210 1183 1180
f 1211 1183 1181
f 1211 1184 1183
f 1212 1189 1184
f 1212 1186 1189
f 1213 1189 1188
f 1213 1190 1189
f 1214 1213 1188
f 1214 1190 1213
f 1214 1191 1190
f 1214 1215 1191
f 1216 1215 1194
f 1216 1194 1192
f 1217 1216 1192
f 1217 1199 1216
f 1217 1192 1196
f 1217 1196 1199
f 1218 1196 1195
f 1218 1197 1196
f 1219 1218 1195
f 1219 1197 1218
f 1219 1195 1193
f 1220 1197 1219
f 1220 1203 1197
f 1220 1200 1203
f 1221 1204 1203
f 1221 1203 1202
f 1222 1221 1202
f 1222 1202 1201
f 1222 1204 1221
f 1223 1135 1205
f 1223 1133 1135
f 1224 1181 1182
f 1224 1211 1181
f 1224 1225 1211
f 1226 1224 1182
f 1226 1186 1212
f 1226 1182 1186
f 1226 1225 1224
f 1227 1184 1211
f 1227 1212 1184
f 1227 1225 1226
f 1227 1226 1212
f 1227 1211 1225
f 1228 1215 1214
f 1228 1187 1194
f 1228 1188 1187
f 1228 1214 1188
f 1228 1194 1215
f 1229 1216 1199
f 1229 1185 1191
f 1229 1191 1215
f 1229 1215 1216
f 1229 1199 1185
f 1230 1219 1193
f 1230 1220 1219
f 1230 1200 1220
f 1230 1193 1200
f 1231 1204 1222
f 1231 1198 1204
f 1232 1206 1142
f 1232 1142 1141
f 1233 1222 1201
f 1233 1231 1222
f 1234 1133 1223
f 1234 1205 1206
f 1234 1223 1205
f 1235 1198 1231
f 1236 1232 1141
f 1237 1231 1233
f 1237 1233 1201
f 1238 1234 1206
f 1238 1133 1234
f 1239 1198 1235
f 1240 1236 1141
f 1241 1237 1201
f 1241 1231 1237
f 1242 1236 1240
f 1242 1206 1232
f 1242 1133 1238
f 1242 1232 1236
f 1242 1238 1206
f 1243 1198 1239
f 1244 1242 1240
f 1244 1141 1133
f 1244 1240 1141
f 1244 1133 1242
f 1245 1239 1235
f 1245 1231 1241
f 1245 1201 1198
f 1245 1198 1243
f 1245 1243 1239
f 1245 1235 1231
f 1245 1241 1201
f 1246 1247 1248
f 1249 1250 1251
f 1249 1248 1247
f 1249 1251 1248
f 1252 1253 1254
f 1252 1246 1253
f 1252 1247 1246
f 1255 1256 1250
f 1257 1255 1258
f 1257 1256 1255
f 1259 1254 1260
f 1259 1261 1254
f 1259 1258 1261
f 1262 1263 1256
f 1264 1263 1262
f 1264 1262 1265
f 1266 1260 1267
f 1266 1268 1260
f 1266 1265 1268
f 1269 1251 1270
f 1269 1248 1251
f 1269 1246 1248
f 1271 1249 1247
f 1271 1247 1252
f 1272 1249 1271
f 1272 1271 1252
f 1273 1258 1255
f 1273 1261 1258
f 1273 1274 1261
f 1273 1255 1274
f 1275 1257 1258
f 1275 1258 1259
f 1276 1256 1257
f 1276 1257 1275
f 1276 1275 1259
f 1277 1276 1259
f 1278 1260 1268
f 1278 1262 1279
f 1280 1262 1278
f 1280 1265 1262
f 1280 1278 1268
f 1280 1268 1265
f 1281 1264 1265
f 1281 1265 1266
f 1282 1264 1281
f 1282 1263 1264
f 1282 1281 1266
f 1283 1284 1253
f 1283 1270 1284
f 1283 1269 1270
f 1283 1253 1246
f 1283 1246 1269
f 1285 1250 1249
f 1285 1286 1250
f 1285 1249 1272
f 1287 1252 1254
f 1287 1288 1289
f 1287 1254 1288
f 1287 1272 1252
f 1290 1286 1289
f 1290 1255 1250
f 1290 1250 1286
f 1290 1274 1255
f 1291 1254 1261
f 1291 1288 1254
f 1291 1261 1274
f 1292 1277 1259
f 1292 1260 1293
f 1292 1259 1260
f 1294 1262 1256
f 1294 1279 1262
f 1294 1256 1295
f 1294 1295 1296
f 1297 1282 1266
f 1297 1266 1267
f 1298 1286 1285
f 1298 1285 1272
f 1298 1272 1287
f 1298 1289 1286
f 1298 1287 1289
f 1299 1291 1274
f 1299 1274 1290
f 1299 1288 1291
f 1299 1289 1288
f 1299 1290 1289
f 1300 1292 1293
f 1300 1277 1292
f 1300 1296 1295
f 1300 1293 1296
f 1301 1279 1294
f 1301 1294 1296
f 1301 1296 1293
f 1302 1282 1297
f 1302 1263 1282
f 1303 1277 1300
f 1303 1276 1277
f 1303 1300 1295
f 1303 1295 1256
f 1303 1256 1276
f 1304 1278 1279
f 1304 1293 1260
f 1304 1279 1301
f 1304 1301 1293
f 1304 1260 1278
f 1305 1297 1267
f 1306 1263 1302
f 1306 1302 1297
f 1306 1297 1305
f 1307 1305 1267
f 1308 1263 1306
f 1308 1306 1305
f 1309 1307 1267
f 1310 1267 1263
f 1310 1263 1308
f 1310 1305 1307
f 1310 1309 1267
f 1310 1308 1305
f 1310 1307 1309
f 1311 1312 1313
f 1314 1315 1316
f 1314 1317 1318
f 1314 1318 1315
f 1319 1312 1311
f 1320 1317 1314
f 1320 1319 1317
f 1321 1322 1323
f 1324 1323 1325
f 1326 1327 1325
f 1326 1328 1327
f 1326 1325 1329
f 1330 1331 1332
f 1330 1333 1331
f 1330 1332 1328
f 1334 1329 1335
f 1336 1335 1337
f 1336 1338 1335
f 1339 1340 1341
f 1339 1342 1333
f 1339 1333 1340
f 1343 1344 1345
f 1346 1343 1345
f 1347 1348 1349
f 1347 1349 1350
f 1351 1352 1353
f 1351 1353 1354
f 1355 1356 1357
f 1358 1355 1357
f 1358 1359 1355
f 1360 1358 1357
f 1361 1362 1363
f 1361 1364 1362
f 1361 1363 1359
f 1365 1360 1357
f 1365 1357 1366
f 1365 1367 1360
f 1368 1361 1367
f 1368 1364 1361
f 1369 1365 1366
f 1369 1370 1365
f 1371 1364 1368
f 1372 1369 1366
f 1373 1364 1371
f 1373 1374 1364
f 1373 1371 1370
f 1375 1366 1376
f 1375 1372 1366
f 1375 1377 1372
f 1378 1374 1373
f 1378 1373 1377
f 1379 1374 1378
f 1380 1375 1376
f 1380 1381 1375
f 1382 1380 1376
f 1383 1379 1381
f 1383 1374 1379
f 1383 1384 1374
f 1385 1376 1386
f 1385 1382 1376
f 1385 1387 1382
f 1388 1384 1383
f 1388 1383 1387
f 1389 1385 1386
f 1389 1390 1385
f 1391 1384 1388
f 1392 1389 1386
f 1393 1386 1394
f 1393 1392 1386
f 1393 1395 1392
f 1396 1397 1384
f 1396 1391 1390
f 1396 1384 1391
f 1398 1397 1396
f 1398 1396 1395
f 1399 1400 1393
f 1399 1393 1394
f 1401 1397 1398
f 1402 1399 1394
f 1403 1404 1397
f 1403 1397 1401
f 1403 1401 1400
f 1405 1406 1402
f 1405 1394 1407
f 1405 1402 1394
f 1408 1404 1403
f 1408 1403 1406
f 1409 1405 1407
f 1409 1410 1405
f 1411 1404 1408
f 1412 1409 1407
f 1413 1414 1404
f 1413 1404 1411
f 1413 1411 1410
f 1415 1407 1416
f 1415 1412 1407
f 1415 1417 1412
f 1418 1413 1417
f 1418 1414 1413
f 1419 1420 1415
f 1419 1415 1416
f 1421 1414 1418
f 1422 1419 1416
f 1423 1414 1421
f 1423 1421 1420
f 1423 1313 1414
f 1424 1416 1315
f 1424 1422 1416
f 1424 1425 1422
f 1426 1423 1425
f 1426 1313 1423
f 1427 1428 1424
f 1427 1315 1318
f 1427 1424 1315
f 1429 1313 1426
f 1429 1311 1313
f 1429 1428 1311
f 1430 1427 1318
f 1430 1428 1427
f 1430 1318 1317
f 1430 1311 1428
f 1430 1317 1319
f 1430 1319 1311
f 1431 1320 1314
f 1431 1314 1316
f 1432 1312 1319
f 1432 1319 1320
f 1433 1431 1316
f 1434 1432 1320
f 1434 1435 1312
f 1434 1312 1432
f 1436 1316 1437
f 1436 1438 1433
f 1436 1433 1316
f 1439 1434 1438
f 1439 1435 1434
f 1440 1441 1436
f 1440 1436 1437
f 1442 1435 1439
f 1443 1440 1437
f 1444 1445 1435
f 1444 1435 1442
f 1446 1437 1322
f 1446 1443 1437
f 1446 1447 1443
f 1448 1449 1446
f 1448 1446 1322
f 1450 1445 1444
f 1450 1444 1447
f 1451 1445 1450
f 1452 1331 1445
f 1452 1445 1451
f 1453 1331 1452
f 1453 1454 1455
f 1453 1456 1331
f 1453 1455 1456
f 1457 1332 1331
f 1457 1458 1332
f 1459 1332 1458
f 1459 1458 1324
f 1460 1324 1325
f 1460 1459 1324
f 1461 1327 1328
f 1461 1328 1332
f 1462 1328 1326
f 1462 1330 1328
f 1463 1329 1334
f 1464 1463 1334
f 1464 1465 1330
f 1464 1334 1465
f 1466 1333 1330
f 1466 1330 1465
f 1467 1341 1338
f 1467 1338 1336
f 1467 1339 1341
f 1467 1336 1468
f 1469 1336 1337
f 1469 1468 1336
f 1470 1468 1469
f 1470 1469 1337
f 1470 1471 1468
f 1472 1339 1467
f 1472 1467 1468
f 1472 1342 1339
f 1473 1342 1472
f 1473 1472 1468
f 1473 1474 1342
f 1473 1468 1471
f 1475 1471 1470
f 1475 1337 1476
f 1475 1470 1337
f 1477 1473 1471
f 1477 1474 1473
f 1478 1475 1476
f 1478 1479 1475
f 1480 1474 1477
f 1481 1478 1476
f 1482 1474 1480
f 1482 1483 1474
f 1482 1480 1479
f 1484 1476 1344
f 1484 1481 1476
f 1484 1485 1481
f 1486 1483 1482
f 1486 1482 1485
f 1487 1484 1344
f 1487 1488 1484
f 1489 1483 1486
f 1490 1487 1344
f 1490 1344 1343
f 1490 1343 1491
f 1492 1349 1483
f 1492 1489 1488
f 1492 1483 1489
f 1493 1346 1494
f 1493 1494 1350
f 1493 1491 1343
f 1493 1343 1346
f 1495 1493 1350
f 1495 1349 1492
f 1495 1350 1349
f 1495 1492 1491
f 1495 1491 1493
f 1496 1346 1345
f 1497 1494 1346
f 1497 1350 1494
f 1497 1347 1350
f 1497 1498 1347
f 1497 1346 1496
f 1497 1496 1498
f 1499 1345 1500
f 1499 1496 1345
f 1499 1498 1496
f 1501 1348 1347
f 1501 1347 1498
f 1502 1499 1500
f 1502 1503 1499
f 1504 1348 1501
f 1505 1502 1500
f 1506 1500 1507
f 1506 1505 1500
f 1506 1508 1505
f 1509 1510 1348
f 1509 1348 1504
f 1509 1504 1503
f 1511 1509 1508
f 1511 1510 1509
f 1512 1510 1511
f 1513 1506 1507
f 1513 1514 1506
f 1515 1513 1507
f 1516 1517 1510
f 1516 1510 1512
f 1516 1512 1514
f 1518 1515 1507
f 1518 1519 1515
f 1518 1507 1520
f 1521 1517 1516
f 1521 1516 1519
f 1522 1517 1521
f 1523 1518 1520
f 1523 1524 1518
f 1525 1523 1520
f 1526 1517 1522
f 1526 1527 1517
f 1526 1522 1524
f 1528 1525 1520
f 1528 1520 1529
f 1528 1530 1525
f 1531 1526 1530
f 1531 1527 1526
f 1532 1527 1531
f 1533 1534 1528
f 1533 1528 1529
f 1535 1533 1529
f 1536 1527 1532
f 1536 1537 1527
f 1536 1532 1534
f 1538 1529 1539
f 1538 1535 1529
f 1540 1537 1536
f 1541 1537 1540
f 1542 1538 1539
f 1542 1543 1538
f 1544 1542 1539
f 1545 1354 1537
f 1545 1541 1543
f 1545 1537 1541
f 1546 1539 1547
f 1546 1544 1539
f 1548 1545 1549
f 1548 1354 1545
f 1550 1547 1551
f 1550 1551 1352
f 1550 1352 1351
f 1550 1546 1547
f 1550 1351 1546
f 1552 1359 1363
f 1552 1355 1359
f 1552 1363 1553
f 1554 1359 1358
f 1554 1358 1360
f 1554 1367 1361
f 1554 1361 1359
f 1554 1360 1367
f 1555 1367 1365
f 1555 1365 1370
f 1555 1368 1367
f 1555 1371 1368
f 1555 1370 1371
f 1556 1370 1369
f 1556 1373 1370
f 1556 1372 1377
f 1556 1377 1373
f 1556 1369 1372
f 1557 1377 1375
f 1557 1375 1381
f 1557 1378 1377
f 1557 1381 1379
f 1557 1379 1378
f 1558 1383 1381
f 1558 1381 1380
f 1558 1380 1382
f 1559 1387 1383
f 1559 1382 1387
f 1559 1383 1558
f 1559 1558 1382
f 1560 1387 1385
f 1560 1388 1387
f 1561 1385 1390
f 1561 1390 1391
f 1561 1560 1385
f 1561 1391 1388
f 1561 1388 1560
f 1562 1396 1390
f 1562 1390 1389
f 1562 1389 1392
f 1563 1392 1395
f 1563 1396 1562
f 1563 1395 1396
f 1563 1562 1392
f 1564 1395 1393
f 1564 1398 1395
f 1565 1398 1564
f 1565 1393 1400
f 1565 1401 1398
f 1565 1564 1393
f 1565 1400 1401
f 1566 1400 1399
f 1566 1403 1400
f 1567 1402 1406
f 1567 1406 1403
f 1567 1403 1566
f 1567 1566 1399
f 1567 1399 1402
f 1568 1411 1408
f 1568 1406 1405
f 1568 1408 1406
f 1569 1568 1405
f 1569 1405 1410
f 1569 1411 1568
f 1569 1410 1411
f 1570 1410 1409
f 1570 1413 1410
f 1571 1570 1409
f 1571 1417 1413
f 1571 1412 1417
f 1571 1409 1412
f 1571 1413 1570
f 1572 1418 1417
f 1572 1417 1415
f 1572 1421 1418
f 1573 1420 1421
f 1573 1415 1420
f 1573 1572 1415
f 1573 1421 1572
f 1574 1423 1420
f 1574 1420 1419
f 1575 1422 1425
f 1575 1425 1423
f 1575 1423 1574
f 1575 1574 1419
f 1575 1419 1422
f 1576 1425 1424
f 1576 1426 1425
f 1576 1429 1426
f 1577 1424 1428
f 1577 1428 1429
f 1577 1576 1424
f 1577 1429 1576
f 1578 1434 1320
f 1578 1320 1431
f 1579 1431 1433
f 1579 1433 1438
f 1579 1438 1434
f 1579 1578 1431
f 1579 1434 1578
f 1580 1436 1441
f 1580 1442 1439
f 1580 1441 1442
f 1580 1439 1438
f 1580 1438 1436
f 1581 1442 1441
f 1581 1444 1442
f 1581 1441 1440
f 1581 1440 1443
f 1582 1444 1581
f 1582 1581 1443
f 1582 1443 1447
f 1582 1447 1444
f 1583 1447 1446
f 1583 1446 1449
f 1583 1450 1447
f 1583 1451 1450
f 1583 1449 1451
f 1584 1448 1322
f 1584 1322 1321
f 1585 1584 1452
f 1585 1451 1449
f 1585 1452 1451
f 1585 1449 1448
f 1585 1448 1584
f 1586 1452 1584
f 1586 1584 1321
f 1586 1453 1452
f 1587 1586 1321
f 1587 1453 1586
f 1587 1454 1453
f 1588 1323 1589
f 1588 1454 1587
f 1588 1587 1321
f 1588 1455 1454
f 1588 1589 1455
f 1588 1321 1323
f 1590 1323 1324
f 1590 1589 1323
f 1590 1455 1589
f 1591 1455 1590
f 1592 1458 1457
f 1592 1590 1324
f 1592 1324 1458
f 1593 1332 1459
f 1593 1459 1460
f 1593 1461 1332
f 1593 1460 1461
f 1594 1327 1461
f 1594 1325 1327
f 1594 1460 1325
f 1594 1461 1460
f 1595 1329 1463
f 1595 1463 1462
f 1595 1326 1329
f 1595 1462 1326
f 1596 1462 1463
f 1596 1464 1330
f 1596 1463 1464
f 1596 1330 1462
f 1597 1466 1465
f 1597 1465 1334
f 1598 1334 1335
f 1598 1338 1341
f 1598 1335 1338
f 1598 1597 1334
f 1599 1598 1341
f 1600 1471 1475
f 1600 1480 1477
f 1600 1477 1471
f 1601 1480 1600
f 1601 1475 1479
f 1601 1600 1475
f 1601 1479 1480
f 1602 1479 1478
f 1602 1482 1479
f 1603 1602 1478
f 1603 1482 1602
f 1603 1478 1481
f 1603 1481 1485
f 1603 1485 1482
f 1604 1485 1484
f 1604 1486 1485
f 1604 1489 1486
f 1605 1489 1604
f 1605 1484 1488
f 1605 1604 1484
f 1605 1488 1489
f 1606 1488 1487
f 1606 1492 1488
f 1607 1492 1606
f 1607 1487 1490
f 1607 1606 1487
f 1607 1490 1491
f 1607 1491 1492
f 1608 1504 1501
f 1608 1498 1499
f 1608 1501 1498
f 1609 1608 1499
f 1609 1499 1503
f 1609 1504 1608
f 1609 1503 1504
f 1610 1503 1502
f 1610 1502 1505
f 1610 1509 1503
f 1611 1610 1505
f 1611 1508 1509
f 1611 1505 1508
f 1611 1509 1610
f 1612 1511 1508
f 1612 1508 1506
f 1613 1612 1506
f 1613 1506 1514
f 1613 1511 1612
f 1613 1514 1512
f 1613 1512 1511
f 1614 1516 1514
f 1614 1513 1515
f 1614 1514 1513
f 1615 1515 1519
f 1615 1614 1515
f 1615 1516 1614
f 1615 1519 1516
f 1616 1521 1519
f 1616 1519 1518
f 1617 1518 1524
f 1617 1521 1616
f 1617 1522 1521
f 1617 1616 1518
f 1617 1524 1522
f 1618 1524 1523
f 1618 1523 1525
f 1618 1526 1524
f 1619 1525 1530
f 1619 1530 1526
f 1619 1618 1525
f 1619 1526 1618
f 1620 1530 1528
f 1620 1531 1530
f 1621 1528 1534
f 1621 1532 1531
f 1621 1620 1528
f 1621 1531 1620
f 1621 1534 1532
f 1622 1536 1534
f 1622 1534 1533
f 1623 1535 1624
f 1623 1533 1535
f 1623 1540 1536
f 1623 1536 1622
f 1623 1622 1533
f 1623 1624 1540
f 1625 1624 1535
f 1625 1541 1540
f 1625 1540 1624
f 1625 1535 1538
f 1626 1538 1543
f 1626 1543 1541
f 1626 1625 1538
f 1626 1541 1625
f 1627 1542 1544
f 1627 1543 1542
f 1627 1544 1549
f 1627 1545 1543
f 1627 1549 1545
f 1628 1549 1544
f 1628 1544 1546
f 1628 1548 1549
f 1629 1628 1546
f 1629 1354 1548
f 1629 1548 1628
f 1629 1351 1354
f 1629 1546 1351
f 1630 1356 1355
f 1630 1552 1553
f 1630 1355 1552
f 1631 1457 1331
f 1631 1455 1591
f 1631 1331 1456
f 1631 1456 1455
f 1632 1591 1590
f 1632 1457 1631
f 1632 1592 1457
f 1632 1590 1592
f 1632 1631 1591
f 1633 1466 1597
f 1633 1598 1599
f 1633 1597 1598
f 1634 1633 1599
f 1634 1599 1341
f 1634 1466 1633
f 1634 1333 1466
f 1634 1341 1340
f 1634 1340 1333
f 1635 1363 1362
f 1635 1553 1363
f 1636 1630 1553
f 1636 1356 1630
f 1637 1635 1362
f 1638 1636 1553
f 1638 1356 1636
f 1639 1637 1362
f 1640 1635 1637
f 1640 1638 1553
f 1640 1553 1635
f 1640 1356 1638
f 1640 1637 1639
f 1641 1639 1362
f 1641 1356 1640
f 1641 1640 1639
f 1641 1362 1356
f 1642 1643 1644
f 1642 1644 1645
f 1646 1647 1642
f 1646 1642 1645
f 1646 1645 1648
f 1649 1650 1647
f 1649 1647 1646
f 1651 1652 1653
f 1651 1653 1650
f 1651 1650 1649
f 1654 1655 1656
f 1654 1656 1652
f 1654 1652 1651
f 1657 1658 1655
f 1657 1655 1654
f 1659 1660 1658
f 1659 1658 1657
f 1661 1659 1662
f 1661 1660 1659
f 1663 1661 1662
f 1664 1665 1666
f 1664 1666 1667
f 1668 1669 1670
f 1668 1670 1665
f 1668 1665 1664
f 1671 1664 1667
f 1671 1667 1672
f 1671 1672 1673
f 1674 1675 1669
f 1674 1669 1668
f 1676 1673 1677
f 1676 1677 1678
f 1676 1678 1679
f 1676 1671 1673
f 1680 1681 1682
f 1680 1682 1675
f 1680 1675 1674
f 1683 1662 1684
f 1683 1663 1662
f 1685 1683 1684
f 1686 1685 1684
f 1687 1686 1684
f 1688 1679 1689
f 1688 1676 1679
f 1690 1691 1681
f 1690 1681 1680
f 1692 1687 1684
f 1692 1684 1693
f 1694 1689 1695
f 1694 1688 1689
f 1696 1694 1695
f 1696 1695 1697
f 1696 1697 1698
f 1696 1698 1699
f 1700 1692 1693
f 1701 1696 1699
f 1701 1699 1702
f 1701 1702 1703
f 1704 1701 1703
f 1705 1701 1704
f 1706 1691 1690
f 1706 1707 1691
f 1708 1705 1704
f 1709 1700 1693
f 1709 1693 1707
f 1710 1705 1708
f 1711 1712 1705
f 1711 1705 1710
f 1713 1709 1707
f 1714 1712 1711
f 1715 1707 1706
f 1715 1713 1707
f 1716 1717 1712
f 1716 1712 1714
f 1718 1719 1717
f 1718 1717 1716
f 1720 1721 1713
f 1720 1713 1715
f 1720 1722 1723
f 1720 1715 1722
f 1724 1725 1721
f 1724 1721 1720
f 1726 1727 1725
f 1728 1729 1730
f 1728 1730 1719
f 1728 1719 1718
f 1731 1725 1724
f 1731 1726 1725
f 1732 1726 1731
f 1733 1720 1723
f 1733 1723 1734
f 1733 1735 1736
f 1733 1734 1735
f 1737 1732 1731
f 1738 1739 1729
f 1738 1729 1728
f 1740 1733 1736
f 1740 1736 1741
f 1742 1739 1738
f 1743 1739 1742
f 1744 1740 1741
f 1744 1741 1745
f 1746 1744 1745
f 1747 1748 1739
f 1747 1739 1743
f 1749 1746 1745
f 1749 1745 1750
f 1751 1748 1747
f 1752 1749 1750
f 1753 1748 1751
f 1753 1752 1750
f 1753 1750 1748
f 1754 1755 1756
f 1754 1756 1757
f 1758 1759 1760
f 1761 1759 1758
f 1761 1758 1762
f 1763 1764 1765
f 1763 1762 1766
f 1763 1766 1764
f 1767 1754 1757
f 1767 1757 1763
f 1767 1763 1765
f 1768 1754 1767
f 1768 1767 1765
f 1769 1762 1758
f 1769 1766 1762
f 1770 1761 1762
f 1770 1762 1763
f 1771 1756 1759
f 1771 1757 1756
f 1771 1763 1757
f 1772 1755 1754
f 1773 1758 1760
f 1774 1764 1766
f 1774 1766 1769
f 1775 1771 1759
f 1775 1759 1761
f 1775 1761 1770
f 1776 1754 1768
f 1776 1772 1754
f 1777 1768 1765
f 1777 1776 1768
f 1777 1772 1776
f 1778 1764 1774
f 1779 1769 1758
f 1779 1758 1773
f 1779 1774 1769
f 1779 1773 1778
f 1779 1778 1774
f 1780 1770 1763
f 1780 1763 1771
f 1780 1771 1775
f 1780 1775 1770
f 1781 1755 1772
f 1782 1773 1760
f 1782 1778 1773
f 1783 1772 1777
f 1783 1781 1772
f 1784 1777 1765
f 1784 1783 1777
f 1785 1764 1778
f 1785 1778 1782
f 1786 1755 1781
f 1786 1781 1783
f 1786 1783 1784
f 1787 1782 1760
f 1787 1785 1782
f 1788 1784 1765
f 1788 1786 1784
f 1789 1764 1785
f 1790 1755 1786
f 1791 1787 1760
f 1791 1785 1787
f 1791 1789 1785
f 1792 1790 1786
f 1792 1788 1765
f 1792 1786 1788
f 1793 1789 1791
f 1793 1760 1764
f 1793 1791 1760
f 1793 1764 1789
f 1794 1790 1792
f 1794 1792 1765
f 1794 1765 1755
f 1794 1755 1790
f 1795 1796 1797
f 1798 1797 1799
f 1798 1795 1797
f 1798 1800 1795
f 1801 1798 1799
f 1802 1803 1804
f 1802 1799 1805
f 1802 1801 1799
f 1802 1804 1801
f 1806 1805 1807
f 1806 1802 1805
f 1806 1803 1802
f 1808 1806 1807
f 1808 1803 1806
f 1809 1810 1803
f 1809 1807 1811
f 1809 1803 1808
f 1809 1808 1807
f 1812 1809 1811
f 1812 1810 1809
f 1813 1814 1810
f 1813 1810 1812
f 1813 1812 1811
f 1815 1811 1816
f 1815 1817 1814
f 1815 1813 1811
f 1815 1814 1813
f 1818 1819 1817
f 1818 1817 1815
f 1818 1815 1816
f 1820 1819 1818
f 1820 1818 1816
f 1821 1816 1822
f 1821 1823 1819
f 1821 1819 1820
f 1821 1820 1816
f 1824 1825 1823
f 1824 1821 1822
f 1824 1823 1821
f 1826 1822 1827
f 1826 1825 1824
f 1826 1824 1822
f 1828 1826 1827
f 1828 1825 1826
f 1829 1828 1827
f 1829 1827 1830
f 1829 1831 1825
f 1829 1825 1828
f 1832 1829 1830
f 1832 1831 1829
f 1833 1832 1830
f 1833 1830 1834
f 1833 1831 1832
f 1833 1835 1831
f 1836 1833 1834
f 1836 1835 1833
f 1837 1836 1834
f 1838 1839 1797
f 1838 1797 1796
f 1840 1800 1841
f 1840 1796 1795
f 1840 1795 1800
f 1842 1804 1800
f 1842 1798 1801
f 1842 1801 1804
f 1842 1800 1798
f 1843 1834 1844
f 1843 1845 1837
f 1843 1837 1834
f 1846 1847 1835
f 1846 1835 1836
f 1846 1836 1837
f 1846 1837 1845
f 1848 1844 1849
f 1848 1843 1844
f 1848 1850 1845
f 1848 1845 1843
f 1851 1847 1846
f 1851 1845 1850
f 1851 1846 1845
f 1852 1848 1849
f 1852 1850 1848
f 1853 1854 1847
f 1853 1847 1851
f 1853 1851 1850
f 1855 1838 1796
f 1855 1796 1840
f 1856 1850 1852
f 1856 1853 1850
f 1857 1839 1838
f 1857 1838 1855
f 1858 1854 1853
f 1858 1853 1856
f 1859 1855 1840
f 1860 1856 1852
f 1860 1852 1849
f 1861 1839 1857
f 1861 1857 1855
f 1862 1854 1858
f 1862 1858 1856
f 1863 1859 1840
f 1864 1860 1849
f 1865 1839 1861
f 1865 1861 1855
f 1866 1854 1862
f 1866 1862 1856
f 1867 1863 1840
f 1868 1864 1849
f 1869 1855 1859
f 1869 1839 1865
f 1869 1859 1863
f 1869 1865 1855
f 1869 1863 1867
f 1870 1856 1860
f 1870 1860 1864
f 1870 1854 1866
f 1870 1866 1856
f 1870 1864 1868
f 1871 1841 1839
f 1871 1840 1841
f 1871 1839 1869
f 1871 1867 1840
f 1871 1869 1867
f 1872 1849 1854
f 1872 1868 1849
f 1872 1854 1870
f 1872 1870 1868
f 1873 1874 1875
f 1876 1877 1878
f 1876 1879 1877
f 1880 1873 1875
f 1880 1878 1873
f 1881 1880 1875
f 1881 1882 1880
f 1883 1875 1884
f 1883 1881 1875
f 1883 1882 1881
f 1885 1886 1879
f 1885 1879 1876
f 1885 1876 1882
f 1887 1884 1888
f 1887 1888 1889
f 1887 1889 1890
f 1891 1886 1885
f 1891 1890 1889
f 1891 1885 1890
f 1892 1877 1879
f 1893 1878 1877
f 1893 1873 1878
f 1893 1877 1892
f 1893 1892 1873
f 1894 1880 1882
f 1894 1882 1876
f 1894 1876 1878
f 1894 1878 1880
f 1895 1882 1883
f 1895 1885 1882
f 1896 1890 1885
f 1896 1887 1890
f 1897 1888 1898
f 1897 1889 1888
f 1897 1891 1889
f 1899 1874 1873
f 1899 1873 1892
f 1900 1883 1884
f 1900 1895 1883
f 1901 1884 1887
f 1901 1902 1884
f 1901 1887 1896
f 1903 1898 1904
f 1903 1904 1886
f 1903 1886 1891
f 1903 1897 1898
f 1903 1891 1897
f 1905 1892 1879
f 1905 1899 1892
f 1906 1885 1895
f 1906 1902 1885
f 1906 1895 1900
f 1907 1885 1902
f 1907 1896 1885
f 1907 1902 1901
f 1907 1901 1896
f 1908 1874 1899
f 1908 1899 1905
f 1909 1884 1902
f 1909 1900 1884
f 1909 1902 1906
f 1909 1906 1900
f 1910 1905 1879
f 1910 1908 1905
f 1911 1908 1910
f 1911 1874 1908
f 1912 1910 1879
f 1913 1874 1911
f 1913 1911 1910
f 1913 1910 1912
f 1914 1912 1879
f 1914 1879 1874
f 1914 1913 1912
f 1914 1874 1913
f 1915 1916 1917
f 1915 1918 1916
f 1919 1918 1915
f 1920 1917 1921
f 1920 1915 1917
f 1922 1915 1920
f 1922 1919 1915
f 1923 1924 1925
f 1923 1921 1924
f 1923 1920 1921
f 1926 1925 1927
f 1926 1923 1925
f 1926 1920 1923
f 1926 1922 1920
f 1928 1929 1918
f 1928 1918 1919
f 1930 1928 1919
f 1930 1919 1922
f 1931 1929 1928
f 1932 1922 1926
f 1932 1926 1927
f 1932 1930 1922
f 1933 1928 1930
f 1933 1931 1928
f 1934 1935 1929
f 1934 1929 1931
f 1936 1927 1937
f 1936 1932 1927
f 1936 1930 1932
f 1936 1933 1930
f 1938 1931 1933
f 1938 1934 1931
f 1939 1940 1935
f 1939 1935 1934
f 1941 1936 1937
f 1941 1933 1936
f 1941 1938 1933
f 1942 1943 1940
f 1942 1934 1938
f 1942 1940 1939
f 1942 1939 1934
f 1944 1945 1943
f 1944 1937 1945
f 1944 1943 1942
f 1944 1941 1937
f 1944 1938 1941
f 1944 1942 1938
f 1946 1947 1948
f 1949 1950 1947
f 1951 1952 1953
f 1954 1955 1956
f 1954 1956 1957
f 1958 1957 1951
f 1958 1951 1953
f 1959 1960 1952
f 1961 1959 1952
f 1961 1949 1959
f 1962 1961 1952
f 1963 1956 1950
f 1963 1950 1964
f 1963 1957 1956
f 1965 1954 1957
f 1965 1957 1958
f 1965 1966 1954
f 1967 1955 1954
f 1967 1954 1966
f 1968 1955 1967
f 1969 1958 1953
f 1969 1965 1958
f 1969 1966 1965
f 1970 1969 1953
f 1970 1966 1969
f 1971 1972 1955
f 1971 1955 1968
f 1971 1968 1973
f 1974 1953 1975
f 1974 1970 1953
f 1974 1973 1970
f 1976 1977 1972
f 1976 1972 1978
f 1976 1978 1979
f 1980 1974 1975
f 1980 1979 1974
f 1981 1946 1948
f 1982 1946 1981
f 1983 1949 1947
f 1984 1950 1949
f 1985 1964 1986
f 1985 1951 1957
f 1985 1986 1951
f 1985 1963 1964
f 1985 1957 1963
f 1987 1968 1967
f 1987 1967 1966
f 1987 1973 1968
f 1987 1970 1973
f 1987 1966 1970
f 1988 1971 1973
f 1988 1973 1974
f 1989 1978 1972
f 1990 1978 1989
f 1990 1979 1978
f 1990 1974 1979
f 1991 1976 1979
f 1991 1979 1980
f 1992 1991 1980
f 1992 1980 1975
f 1993 1994 1982
f 1993 1982 1981
f 1993 1995 1994
f 1996 1982 1994
f 1996 1959 1997
f 1996 1994 1960
f 1996 1960 1959
f 1998 1997 1983
f 1998 1947 1946
f 1998 1983 1947
f 1998 1946 1997
f 1999 1997 1959
f 1999 1983 1997
f 1999 1949 1983
f 1999 1959 1949
f 2000 1984 1949
f 2000 1949 1961
f 2000 1961 1962
f 2001 2002 2003
f 2001 1964 1950
f 2001 1984 2002
f 2001 1950 1984
f 2001 2003 1964
f 2004 1984 2000
f 2004 2002 1984
f 2004 2000 1962
f 2005 1962 1952
f 2006 1952 1951
f 2006 2003 2005
f 2006 1951 1986
f 2006 2005 1952
f 2007 1988 1989
f 2007 1989 1972
f 2007 1972 1971
f 2007 1971 1988
f 2008 1989 1988
f 2008 1988 1974
f 2008 1974 1990
f 2008 1990 1989
f 2009 1976 1991
f 2009 1991 1992
f 2010 1976 2009
f 2010 1977 1976
f 2011 1981 1948
f 2012 1993 1981
f 2012 1995 1993
f 2013 1960 1994
f 2013 1994 1995
f 2014 1946 1982
f 2014 1996 1997
f 2014 1997 1946
f 2014 1982 1996
f 2015 2003 2002
f 2015 2002 2004
f 2015 2004 1962
f 2015 2005 2003
f 2015 1962 2005
f 2016 1986 1964
f 2016 1964 2003
f 2016 2006 1986
f 2016 2003 2006
f 2017 1992 1975
f 2018 1981 2011
f 2018 2012 1981
f 2019 2012 2018
f 2019 1995 2012
f 2020 1995 2019
f 2020 2013 1995
f 2021 1977 2010
f 2022 1992 2017
f 2022 2021 2010
f 2022 2009 1992
f 2022 2010 2009
f 2023 2011 1948
f 2024 2019 2018
f 2024 2018 2011
f 2025 2013 2020
f 2025 1960 2013
f 2026 2017 1975
f 2026 2022 2017
f 2027 2024 2011
f 2028 2024 2027
f 2028 2019 2024
f 2028 2020 2019
f 2029 2020 2028
f 2030 1977 2021
f 2030 2021 2022
f 2031 2023 1948
f 2032 2027 2011
f 2032 2011 2023
f 2033 1960 2025
f 2033 2025 2020
f 2034 2026 1975
f 2034 2022 2026
f 2035 2032 2023
f 2036 2028 2027
f 2036 2027 2032
f 2036 2032 2035
f 2037 2029 2028
f 2037 2028 2036
f 2038 2030 2022
f 2038 1977 2030
f 2039 1948 1960
f 2039 2031 1948
f 2040 2023 2031
f 2040 2035 2023
f 2040 2031 2039
f 2040 2036 2035
f 2040 2037 2036
f 2040 2039 2037
f 2041 1960 2033
f 2041 2029 2037
f 2041 2020 2029
f 2041 2033 2020
f 2041 2039 1960
f 2041 2037 2039
f 2042 1975 1977
f 2042 2034 1975
f 2042 2022 2034
f 2042 1977 2038
f 2042 2038 2022
f 2043 2044 2045
f 2046 2045 2047
f 2046 2043 2045
f 2048 2047 2049
f 2048 2046 2047
f 2050 2049 2051
f 2050 2048 2049
f 2052 2050 2051
f 2053 2052 2051
f 2054 2053 2055
f 2054 2055 2056
f 2054 2052 2053
f 2057 2056 2058
f 2057 2054 2056
f 2059 2058 2060
f 2059 2057 2058
f 2061 2059 2060
f 2062 2060 2063
f 2062 2061 2060
f 2064 2062 2063
f 2065 2064 2063
f 2066 2065 2063
f 2067 2068 2066
f 2067 2066 2063
f 2069 2068 2067
f 2070 2069 2067
f 2070 2067 2071
f 2072 2071 2073
f 2072 2070 2071
f 2074 2073 2075
f 2074 2072 2073
f 2076 2074 2075
f 2076 2075 2077
f 2076 2077 2078
f 2079 2076 2078
f 2080 2076 2079
f 2081 2082 2083
f 2084 2085 2086
f 2085 2087 2086
f 2087 2088 2086
f 2089 2090 2088
f 2090 2091 2088
f 2091 2086 2088
f 2092 2093 2094
f 2095 2096 2093
f 2095 2093 2092
f 2097 2095 2092
f 2098 2097 2092
f 2099 2098 2092
f 2100 2101 2102
f 2100 2099 2101
f 2103 2099 2100
f 2104 2098 2099
f 2104 2099 2103
f 2105 2106 2098
f 2107 2098 2104
f 2107 2105 2098
f 2108 2107 2104
f 2109 2107 2108
f 2110 2109 2108
f 2111 2109 2110
f 2112 2111 2110
f 2113 2114 2115
f 2116 2117 2118
f 2119 2120 2121
f 2122 2123 2124
f 2125 2126 2127
f 2128 2129 2130
f 2131 2132 2133
f 2131 2133 2134
f 2135 2136 2137
f 2138 2139 2140
f 2141 2142 2143
f 2144 2145 2146
f 2128 2147 2148
f 2149 2150 2151
f 2152 2153 2154
f 2155 2156 2157
f 2158 2159 2160
f 2161 2162 2163
f 2164 2165 2166
f 2167 2168 2169
f 2170 2171 2172
f 2173 2174 2175
f 2176 2177 2178
f 2179 2180 2181
f 2179 2182 2183
f 2184 2185 2186
f 2187 2188 2189
f 2190 2191 2192
f 2193 2194 2195
f 2196 2197 2198
f 2199 2200 2201
f 2202 2203 2204
f 2202 2205 2203
f 2206 2207 2208
f 2209 2210 2211
f 2212 2213 2210
f 2212 2210 2209
f 2214 2215 2213
f 2214 2213 2212
f 2216 2217 2215
f 2216 2215 2214
f 2218 2219 2217
f 2218 2217 2216
f 2220 2221 2219
f 2220 2219 2218
f 2222 2221 2220
f 2222 2223 2221
f 2224 2223 2222
f 2224 2225 2223
f 2226 2225 2224
f 2226 2227 2225
f 2228 2227 2226
f 2228 2229 2227
f 2230 2229 2228
f 2230 2231 2229
f 2232 2231 2230
f 2232 2233 2231
f 2234 2233 2232
f 2234 2235 2233
f 2236 2235 2234
f 2236 2237 2235
f 2238 2237 2236
f 2238 2239 2237
f 2240 2239 2238
f 2240 2241 2239
f 2242 2241 2240
f 2242 2243 2241
f 2244 2243 2242
f 2244 2245 2243
f 2246 2245 2244
f 2246 2247 2245
f 2248 2247 2246
f 2248 2249 2247
f 2250 2251 2249
f 2250 2249 2248
f 2252 2251 2250
f 2253 2251 2252
f 2253 2254 2251
f 2253 2255 2254
f 2256 2255 2253
f 2257 2258 2255
f 2257 2259 2258
f 2257 2255 2256
f 2260 2259 2257
f 2261 2262 2259
f 2261 2263 2262
f 2261 2259 2260
f 2264 2263 2261
f 2265 2266 2263
f 2265 2267 2266
f 2265 2263 2264
f 2268 2269 2267
f 2268 2267 2265
f 2270 2269 2268
f 2271 2269 2270
f 2271 2272 2269
f 2271 2273 2272
f 2274 2273 2271
f 2275 2273 2274
f 2275 2276 2273
f 2275 2277 2276
f 2278 2277 2275
f 2279 2277 2278
f 2279 2280 2277
f 2281 2280 2279
f 2281 2282 2280
f 2283 2284 2285
f 2286 2287 2288
f 2289 2290 2291
f 2292 2293 2294
f 2295 2296 2297
f 2295 2298 2296
f 2295 2299 2298
f 2300 2301 2299
f 2300 2302 2301
f 2300 2299 2295
f 2303 2295 2297
f 2304 2305 2302
f 2304 2306 2305
f 2304 2302 2300
f 2307 2300 2295
f 2307 2295 2303
f 2308 2303 2297
f 2309 2310 2306
f 2309 2311 2310
f 2309 2312 2311
f 2309 2306 2304
f 2313 2304 2300
f 2313 2300 2307
f 2314 2303 2308
f 2314 2307 2303
f 2315 2308 2297
f 2316 2317 2312
f 2316 2312 2309
f 2316 2309 2304
f 2316 2304 2313
f 2318 2313 2307
f 2318 2307 2314
f 2318 2316 2313
f 2319 2314 2308
f 2319 2308 2315
f 2319 2318 2314
f 2320 2297 2321
f 2320 2315 2297
f 2322 2317 2316
f 2322 2316 2318
f 2323 2324 2317
f 2323 2317 2322
f 2323 2318 2319
f 2323 2322 2318
f 2325 2319 2315
f 2325 2315 2320
f 2326 2320 2321
f 2326 2325 2320
f 2327 2328 2324
f 2327 2324 2323
f 2327 2323 2319
f 2327 2319 2325
f 2329 2328 2327
f 2329 2325 2326
f 2329 2327 2325
f 2330 2326 2321
f 2331 2332 2328
f 2331 2328 2329
f 2331 2329 2326
f 2331 2326 2330
f 2333 2331 2330
f 2333 2334 2332
f 2333 2335 2334
f 2333 2336 2335
f 2333 2337 2336
f 2333 2321 2337
f 2333 2330 2321
f 2333 2332 2331
f 2338 2339 2340
f 2338 2341 2339
f 2338 2342 2341
f 2343 2344 2342
f 2343 2345 2344
f 2343 2342 2338
f 2346 2338 2340
f 2347 2348 2345
f 2347 2349 2348
f 2347 2345 2343
f 2350 2338 2346
f 2350 2343 2338
f 2351 2340 2352
f 2351 2346 2340
f 2353 2354 2349
f 2353 2355 2354
f 2353 2356 2355
f 2353 2349 2347
f 2357 2347 2343
f 2357 2343 2350
f 2358 2346 2351
f 2358 2350 2346
f 2359 2351 2352
f 2360 2356 2353
f 2360 2353 2347
f 2360 2347 2357
f 2361 2350 2358
f 2361 2357 2350
f 2361 2360 2357
f 2362 2358 2351
f 2362 2351 2359
f 2363 2359 2352
f 2363 2362 2359
f 2364 2356 2360
f 2364 2360 2361
f 2365 2361 2358
f 2365 2358 2362
f 2366 2362 2363
f 2367 2363 2352
f 2368 2364 2361
f 2368 2361 2365
f 2368 2356 2364
f 2369 2365 2362
f 2369 2362 2366
f 2370 2363 2367
f 2370 2366 2363
f 2370 2369 2366
f 2371 2367 2352
f 2371 2352 2372
f 2371 2370 2367
f 2373 2356 2368
f 2373 2374 2356
f 2373 2368 2365
f 2373 2365 2369
f 2375 2369 2370
f 2375 2373 2369
f 2376 2370 2371
f 2377 2372 2378
f 2377 2371 2372
f 2379 2374 2373
f 2379 2373 2375
f 2380 2370 2376
f 2380 2375 2370
f 2381 2376 2371
f 2381 2382 2383
f 2381 2378 2382
f 2381 2371 2377
f 2381 2377 2378
f 2384 2374 2379
f 2384 2379 2375
f 2384 2375 2380
f 2385 2380 2376
f 2385 2376 2381
f 2386 2374 2384
f 2386 2384 2380
f 2386 2380 2385
f 2387 2388 2389
f 2387 2390 2388
f 2387 2391 2390
f 2387 2392 2391
f 2387 2383 2392
f 2387 2381 2383
f 2387 2385 2381
f 2393 2394 2374
f 2393 2395 2394
f 2393 2396 2395
f 2393 2397 2396
f 2393 2398 2397
f 2393 2399 2398
f 2393 2400 2399
f 2393 2401 2400
f 2393 2389 2401
f 2393 2387 2389
f 2393 2374 2386
f 2393 2386 2385
f 2393 2385 2387
f 2402 2403 2404
f 2405 2406 2407
f 2408 2409 2410
f 2411 2412 2413
f 2414 2415 2416
f 2417 2418 2419
f 2420 2421 2422
f 2420 2423 2421
f 2420 2424 2423
f 2425 2426 2424
f 2425 2427 2426
f 2425 2424 2420
f 2428 2420 2422
f 2429 2430 2427
f 2429 2431 2430
f 2429 2427 2425
f 2432 2420 2428
f 2432 2425 2420
f 2433 2428 2422
f 2434 2435 2431
f 2434 2436 2435
f 2434 2437 2436
f 2434 2431 2429
f 2438 2425 2432
f 2438 2429 2425
f 2439 2432 2428
f 2439 2428 2433
f 2440 2433 2422
f 2441 2429 2438
f 2441 2434 2429
f 2441 2437 2434
f 2442 2432 2439
f 2442 2438 2432
f 2443 2433 2440
f 2443 2439 2433
f 2444 2422 2445
f 2444 2440 2422
f 2446 2447 2437
f 2446 2438 2442
f 2446 2441 2438
f 2446 2437 2441
f 2448 2442 2439
f 2448 2439 2443
f 2449 2448 2443
f 2449 2443 2440
f 2449 2440 2444
f 2450 2444 2445
f 2451 2442 2448
f 2451 2447 2446
f 2451 2446 2442
f 2452 2448 2449
f 2453 2449 2444
f 2453 2444 2450
f 2454 2450 2445
f 2455 2447 2451
f 2455 2448 2452
f 2455 2451 2448
f 2456 2452 2449
f 2456 2449 2453
f 2457 2453 2450
f 2457 2450 2454
f 2458 2454 2445
f 2459 2452 2456
f 2459 2447 2455
f 2459 2455 2452
f 2460 2456 2453
f 2460 2453 2457
f 2461 2457 2454
f 2461 2454 2458
f 2462 2463 2464
f 2462 2465 2463
f 2462 2466 2465
f 2462 2467 2466
f 2462 2468 2467
f 2462 2469 2468
f 2462 2470 2469
f 2462 2471 2470
f 2462 2472 2471
f 2462 2473 2472
f 2462 2445 2473
f 2462 2458 2445
f 2474 2475 2447
f 2474 2460 2475
f 2474 2447 2459
f 2474 2459 2456
f 2474 2456 2460
f 2476 2477 2475
f 2476 2478 2477
f 2476 2475 2460
f 2476 2460 2457
f 2476 2457 2461
f 2479 2480 2478
f 2479 2481 2480
f 2479 2464 2481
f 2479 2478 2476
f 2479 2461 2458
f 2479 2458 2462
f 2479 2476 2461
f 2479 2462 2464
f 2482 2483 2484
f 2482 2485 2483
f 2482 2486 2485
f 2487 2488 2486
f 2487 2489 2488
f 2487 2486 2482
f 2490 2484 2491
f 2490 2482 2484
f 2492 2493 2489
f 2492 2494 2493
f 2492 2489 2487
f 2495 2487 2482
f 2495 2482 2490
f 2496 2495 2490
f 2496 2490 2491
f 2497 2498 2494
f 2497 2499 2498
f 2497 2500 2499
f 2497 2494 2492
f 2501 2492 2487
f 2501 2487 2495
f 2502 2495 2496
f 2503 2491 2504
f 2503 2496 2491
f 2503 2502 2496
f 2505 2497 2492
f 2505 2492 2501
f 2505 2500 2497
f 2506 2495 2502
f 2506 2501 2495
f 2507 2503 2504
f 2507 2502 2503
f 2508 2500 2505
f 2508 2505 2501
f 2508 2501 2506
f 2509 2506 2502
f 2509 2502 2507
f 2509 2508 2506
f 2510 2504 2511
f 2510 2507 2504
f 2510 2509 2507
f 2512 2500 2508
f 2512 2508 2509
f 2513 2509 2510
f 2514 2515 2500
f 2514 2500 2512
f 2514 2512 2509
f 2514 2509 2513
f 2516 2511 2517
f 2516 2510 2511
f 2516 2513 2510
f 2518 2515 2514
f 2518 2514 2513
f 2518 2513 2516
f 2519 2517 2520
f 2519 2516 2517
f 2521 2516 2519
f 2521 2518 2516
f 2521 2519 2520
f 2521 2515 2518
f 2522 2523 2515
f 2522 2524 2523
f 2522 2520 2525
f 2522 2521 2520
f 2522 2515 2521
f 2526 2527 2524
f 2526 2525 2527
f 2526 2522 2525
f 2526 2524 2522
f 2528 2529 2530
f 2531 2532 2533
f 2534 2535 2536
f 2537 2538 2539
f 2540 2541 2542
f 2543 2544 2545
f 2546 2547 2548
f 2549 2550 2551
f 2552 2553 2554
f 2555 2556 2557
f 2558 2559 2560
f 2561 2562 2563
f 2564 2565 2566
f 2567 2568 2569
f 2570 2571 2572
f 2573 2574 2575
f 2576 2577 2567
f 2578 2579 2580
f 2581 2572 2582
f 2583 2584 2585
f 2586 2587 2588
f 2589 2590 2576
f 2591 2592 2593
f 2594 2595 2596
f 2597 2598 2599
f 2600 2601 2589
f 2602 2591 2593
f 2603 2604 2605
f 2606 2607 2608
f 2609 2610 2611
f 2612 2613 2614
f 2615 2616 2617
f 2618 2619 2620
f 2621 2622 2623
f 2624 2625 2626
f 2627 2628 2629
f 2630 2631 2632
f 2633 2634 2635
f 2636 2637 2638
f 2639 2640 2641
f 2642 2643 2644
f 2645 2636 2646
f 2647 2648 2649
f 2650 2651 2652
f 2653 2654 2655
f 2653 2655 2656
f 2657 2656 2658
f 2659 2660 2661
f 2662 2663 2664
f 2665 2666 2667
f 2668 2669 2670
f 2671 2672 2673
f 2674 2675 2676
f 2677 2678 2679
f 2680 2681 2682
f 2683 2684 2685
f 2686 2687 2688
f 2689 2690 2691
f 2692 2693 2694
f 2695 2696 2697
f 2698 2696 2695
f 2699 2698 2695
f 2700 2698 2699
f 2701 2702 2703
f 2701 2703 2704
f 2701 2704 2705
f 2706 2707 2708
f 2706 2708 2702
f 2706 2702 2701
f 2709 2705 2710
f 2709 2701 2705
f 2711 2712 2713
f 2711 2713 2707
f 2711 2707 2706
f 2714 2701 2709
f 2714 2706 2701
f 2715 2709 2710
f 2716 2717 2718
f 2716 2718 2712
f 2716 2712 2711
f 2719 2711 2706
f 2719 2706 2714
f 2720 2709 2715
f 2720 2714 2709
f 2721 2710 2722
f 2721 2715 2710
f 2723 2724 2725
f 2723 2725 2717
f 2723 2717 2716
f 2726 2711 2719
f 2726 2716 2711
f 2727 2719 2714
f 2727 2714 2720
f 2728 2715 2721
f 2728 2720 2715
f 2729 2730 2731
f 2729 2731 2732
f 2729 2732 2724
f 2729 2724 2723
f 2733 2722 2734
f 2733 2721 2722
f 2735 2729 2723
f 2735 2716 2726
f 2735 2723 2716
f 2736 2726 2719
f 2736 2719 2727
f 2737 2720 2728
f 2737 2727 2720
f 2738 2737 2728
f 2738 2721 2733
f 2738 2728 2721
f 2738 2733 2734
f 2739 2730 2729
f 2739 2729 2735
f 2740 2735 2726
f 2740 2726 2736
f 2740 2739 2735
f 2741 2736 2727
f 2741 2727 2737
f 2742 2737 2738
f 2743 2738 2734
f 2744 2730 2739
f 2744 2739 2740
f 2745 2744 2740
f 2745 2740 2736
f 2745 2736 2741
f 2746 2737 2742
f 2746 2741 2737
f 2747 2742 2738
f 2747 2738 2743
f 2748 2734 2749
f 2748 2749 2750
f 2748 2743 2734
f 2751 2752 2730
f 2751 2730 2744
f 2751 2744 2745
f 2753 2745 2741
f 2753 2741 2746
f 2754 2746 2742
f 2754 2742 2747
f 2755 2750 2756
f 2755 2747 2743
f 2755 2748 2750
f 2755 2743 2748
f 2757 2752 2751
f 2757 2745 2753
f 2757 2751 2745
f 2758 2746 2754
f 2758 2753 2746
f 2759 2754 2747
f 2759 2747 2755
f 2760 2756 2761
f 2760 2755 2756
f 2762 2752 2757
f 2762 2757 2753
f 2762 2753 2758
f 2763 2754 2759
f 2763 2758 2754
f 2763 2762 2758
f 2764 2761 2765
f 2764 2765 2766
f 2764 2759 2755
f 2764 2755 2760
f 2764 2760 2761
f 2764 2763 2759
f 2767 2752 2762
f 2767 2762 2763
f 2768 2766 2769
f 2768 2769 2770
f 2768 2770 2771
f 2768 2771 2772
f 2768 2764 2766
f 2768 2763 2764
f 2773 2772 2774
f 2773 2774 2775
f 2773 2775 2776
f 2773 2776 2777
f 2773 2777 2778
f 2773 2778 2752
f 2773 2768 2772
f 2773 2752 2767
f 2773 2767 2763
f 2773 2763 2768
f 2779 2780 2781
f 2779 2781 2782
f 2783 2784 2785
f 2783 2785 2786
f 2783 2786 2780
f 2783 2780 2779
f 2787 2779 2782
f 2788 2779 2787
f 2788 2784 2783
f 2788 2783 2779
f 2789 2787 2782
f 2790 2788 2787
f 2790 2787 2789
f 2790 2784 2788
f 2791 2782 2792
f 2791 2789 2782
f 2793 2794 2784
f 2793 2790 2789
f 2793 2784 2790
f 2793 2789 2791
f 2795 2791 2792
f 2796 2794 2793
f 2796 2793 2791
f 2796 2791 2795
f 2797 2795 2792
f 2798 2794 2796
f 2798 2796 2795
f 2798 2795 2797
f 2799 2797 2792
f 2800 2801 2794
f 2800 2794 2798
f 2800 2798 2797
f 2800 2797 2799
f 2802 2792 2803
f 2802 2803 2804
f 2802 2804 2805
f 2802 2799 2792
f 2806 2805 2807
f 2806 2807 2801
f 2806 2802 2805
f 2806 2801 2800
f 2806 2800 2799
f 2806 2799 2802
f 2808 2809 2810
f 2811 2810 2812
f 2813 2814 2809
f 2813 2815 2814
f 2813 2816 2815
f 2813 2809 2808
f 2817 2812 2818
f 2817 2818 2819
f 2820 2811 2812
f 2820 2812 2817
f 2821 2808 2810
f 2821 2810 2811
f 2822 2820 2817
f 2823 2819 2824
f 2823 2817 2819
f 2825 2808 2821
f 2825 2816 2813
f 2825 2813 2808
f 2826 2811 2820
f 2826 2821 2811
f 2827 2828 2816
f 2827 2816 2825
f 2827 2825 2821
f 2827 2821 2826
f 2829 2820 2822
f 2829 2826 2820
f 2830 2824 2828
f 2830 2823 2824
f 2830 2829 2822
f 2830 2822 2817
f 2830 2817 2823
f 2831 2828 2827
f 2831 2827 2826
f 2831 2826 2829
f 2832 2830 2828
f 2832 2831 2829
f 2832 2829 2830
f 2833 2828 2831
f 2833 2832 2828
f 2833 2831 2832
f 2834 2835 2836
f 2837 2838 2839
f 2840 2837 2841
f 2842 2840 2843
f 2844 2842 2845
f 2846 2844 2847
f 2848 2849 2850
f 2851 2848 2852
f 2853 2851 2854
f 2855 2856 2857
f 2855 2857 2858
f 2855 2853 2856
f 2859 2855 2858
f 2860 2859 2858
f 2861 2860 2858
f 2862 2863 2864
f 2862 2864 2865
f 2862 2865 2866
f 2862 2866 2863
f 2867 2838 2863
f 2867 2866 2868
f 2867 2863 2866
f 2867 2868 2838
f 2869 2868 2839
f 2869 2838 2868
f 2869 2839 2838
f 2870 2839 2841
f 2870 2837 2839
f 2870 2841 2837
f 2871 2872 2843
f 2871 2841 2872
f 2871 2840 2841
f 2871 2843 2840
f 2873 2843 2845
f 2873 2842 2843
f 2873 2845 2842
f 2874 2845 2847
f 2874 2844 2845
f 2874 2847 2844
f 2875 2847 2876
f 2875 2876 2846
f 2875 2846 2847
f 2877 2849 2846
f 2877 2878 2850
f 2877 2876 2878
f 2877 2846 2876
f 2877 2850 2849
f 2879 2850 2852
f 2879 2848 2850
f 2879 2852 2848
f 2880 2852 2854
f 2880 2854 2851
f 2880 2851 2852
f 2881 2854 2856
f 2881 2853 2854
f 2881 2856 2853
f 2882 2883 2884
f 2885 2882 2884
f 2886 2887 2883
f 2886 2883 2882
f 2888 2884 2889
f 2888 2885 2884
f 2890 2887 2886
f 2891 2888 2889
f 2892 2893 2887
f 2892 2887 2890
f 2894 2889 2895
f 2894 2891 2889
f 2896 2894 2895
f 2897 2893 2892
f 2898 2895 2899
f 2898 2896 2895
f 2900 2893 2897
f 2901 2898 2899
f 2902 2901 2899
f 2902 2899 2903
f 2904 2902 2903
f 2905 2900 2906
f 2905 2893 2900
f 2907 2904 2903
f 2907 2903 2908
f 2909 2907 2908
f 2910 2909 2908
f 2910 2908 2911
f 2912 2906 2913
f 2912 2905 2906
f 2914 2910 2911
f 2914 2911 2915
f 2916 2912 2913
f 2916 2913 2917
f 2918 2915 2919
f 2918 2914 2915
f 2920 2916 2917
f 2920 2917 2921
f 2922 2919 2923
f 2922 2918 2919
f 2924 2920 2921
f 2925 2922 2923
f 2926 2924 2921
f 2927 2926 2921
f 2928 2926 2927
f 2929 2927 2930
f 2929 2928 2927
f 2931 2929 2930
f 2932 2930 2933
f 2932 2931 2930
f 2934 2925 2923
f 2934 2933 2925
f 2934 2932 2933
f 2935 2936 2937
f 2935 2938 2936
f 2939 2940 2941
f 2939 2941 2942
f 2943 2944 2940
f 2943 2945 2944
f 2943 2940 2939
f 2946 2942 2947
f 2946 2939 2942
f 2948 2949 2945
f 2948 2950 2949
f 2948 2945 2943
f 2948 2943 2939
f 2948 2946 2950
f 2948 2939 2946
f 2951 2952 2953
f 2951 2947 2952
f 2951 2950 2946
f 2951 2946 2947
f 2954 2955 2950
f 2954 2956 2955
f 2954 2957 2956
f 2954 2951 2957
f 2954 2950 2951
f 2958 2959 2960
f 2958 2953 2959
f 2958 2951 2953
f 2958 2957 2951
f 2961 2962 2957
f 2961 2963 2962
f 2961 2957 2958
f 2961 2958 2963
f 2964 2965 2966
f 2964 2960 2967
f 2964 2958 2960
f 2964 2963 2958
f 2968 2969 2963
f 2968 2966 2969
f 2968 2964 2966
f 2968 2963 2964
f 2970 2971 2972
f 2970 2973 2974
f 2970 2967 2973
f 2970 2964 2967
f 2970 2974 2971
f 2970 2965 2964
f 2975 2972 2965
f 2975 2970 2972
f 2975 2965 2970
f 2976 2935 2977
f 2976 2974 2938
f 2976 2971 2974
f 2976 2938 2935
f 2978 2977 2971
f 2978 2976 2977
f 2978 2971 2976
f 2979 2980 2981
f 2982 2983 2980
f 2982 2980 2979
f 2984 2985 2983
f 2984 2983 2982
f 2986 2987 2985
f 2986 2985 2984
f 2988 2989 2987
f 2988 2987 2986
f 2990 2991 2989
f 2990 2989 2988
f 2992 2991 2990
f 2992 2993 2991
f 2994 2993 2992
f 2994 2995 2993
f 2996 2995 2994
f 2996 2997 2995
f 2998 2997 2996
f 2998 2999 2997
f 3000 2999 2998
f 3000 3001 2999
f 3002 3001 3000
f 3002 3003 3001
f 3004 3003 3002
f 3004 3005 3003
f 3006 3005 3004
f 3006 3007 3005
f 3008 3007 3006
f 3008 3009 3007
f 3010 3009 3008
f 3010 3011 3009
f 3012 3011 3010
f 3013 3011 3012
f 3013 3014 3011
f 3013 3015 3014
f 3016 3015 3013
f 3016 3017 3015
f 3018 3017 3016
f 3018 3019 3017
f 3020 3021 3019
f 3020 3019 3018
f 3022 3023 3021
f 3022 3021 3020
f 3024 3025 3023
f 3024 3023 3022
f 3026 3025 3024
f 3027 3028 3025
f 3027 3029 3028
f 3027 3025 3026
f 3030 3029 3027
f 3031 3032 3029
f 3031 3033 3032
f 3031 3029 3030
f 3034 3033 3031
f 3035 3036 3033
f 3035 3037 3036
f 3035 3033 3034
f 3038 3039 3037
f 3038 3037 3035
f 3040 3039 3038
f 3041 3039 3040
f 3041 3042 3039
f 3041 3043 3042
f 3044 3043 3041
f 3044 3045 3043
f 3046 3045 3044
f 3047 3045 3046
f 3047 3048 3045
f 3049 3048 3047
f 3049 3050 3048
f 3051 3050 3049
f 3051 3052 3050
f 3053 3054 3055
f 3056 3057 3058
f 3059 3060 3061
f 3062 3063 3064
f 3065 3066 3067
f 3068 3069 3070
f 3071 3072 3073
f 3074 3075 3076
f 3077 3078 3079
f 3080 3081 3082
f 3083 3084 3085
f 3086 3087 3077
f 3088 3089 3090
f 3091 3092 3093
f 3094 3095 3096
f 3097 3098 3099
f 3100 3088 3090
f 3101 3102 3103
f 3104 3105 3106
f 3107 3108 3109
f 3110 3111 3112
f 3113 3114 3104
f 3115 3116 3117
f 3118 3119 3120
f 3121 3122 3123
f 3124 3125 3126
f 3127 3128 3129
f 3130 3131 3132
f 3133 3134 3135
f 3136 3137 3138
f 3139 3140 3141
f 3142 3143 3144
f 3145 3146 3147
f 3148 3149 3150
f 3151 3152 3153
f 3154 3155 3156
f 3157 3158 3159
f 3160 3161 3162
f 3163 3164 3165
f 3163 3165 3166
f 3167 3168 3169
f 3170 3171 3172
f 3173 3174 3175
f 3173 3175 3176
f 3177 3178 3179
f 3180 3181 3182
f 3183 3184 3185
f 3186 3187 3188
f 3189 3190 3191
f 3192 3193 3194
f 3195 3196 3197
f 3198 3199 3200
f 3201 3202 3203
f 3204 3205 3206
f 3207 3208 3209
f 3210 3211 3212
f 3213 3214 3215
f 3207 3216 3217
f 3198 3218 3219
f 3220 3221 3222
f 3223 3224 3225
f 3226 3227 3228
f 3229 3230 3231
f 3232 3233 3234
f 3235 3236 3237
f 3238 3239 3240
f 3241 3242 3243
f 3244 3245 3246
f 3247 3248 3249
f 3250 3251 3252
f 3253 3254 3255
f 3256 3257 3258
f 3259 3260 3261
f 3262 3263 3264
f 3265 3266 3267
f 3268 3269 3270
f 3271 3272 3273
f 3274 3275 3276
f 3277 3278 3279
f 3280 3281 3282
f 3283 3284 3285
f 3286 3287 3288
f 3289 3290 3291
f 3292 3293 3280
f 3294 3295 3296
f 3297 3298 3299
f 3300 3301 3302
f 3303 3304 3305
f 3306 3307 3308
f 3309 3310 3311
f 3312 3313 3314
f 3315 3316 3317
f 3318 3319 3320
f 3321 3322 3323
f 3324 3325 3326
f 3327 3328 3329
f 3330 3331 3332
f 3333 3334 3335
f 3336 3337 3338
f 3339 3340 3341
f 3342 3343 3344
f 3345 3346 3347
f 3348 3349 3350
f 3351 3352 3353
f 3354 3355 3356
f 3357 3358 3359
f 3360 3361 3362
f 3363 3364 3365
f 3366 3367 3368
f 3369 3370 3371
f 3372 3373 3374
f 3375 3376 3377
f 3378 3379 3380
f 3381 3382 3383
f 3384 3385 3386
f 3387 3388 3389
f 3390 3391 3392
f 3393 3351 3394
f 3395 3396 3397
f 3398 3399 3400
f 3401 3386 3402
f 3401 3384 3386
f 3403 3404 3405
f 3406 3407 3408
f 3409 3410 3411
f 3412 3413 3414
f 3415 3402 3416
f 3417 3418 3419
f 3420 3421 3418
f 3420 3418 3417
f 3422 3423 3421
f 3422 3421 3420
f 3424 3425 3423
f 3424 3423 3422
f 3426 3427 3425
f 3426 3425 3424
f 3428 3429 3427
f 3428 3427 3426
f 3430 3429 3428
f 3430 3431 3429
f 3432 3431 3430
f 3432 3433 3431
f 3434 3433 3432
f 3434 3435 3433
f 3436 3435 3434
f 3436 3437 3435
f 3438 3437 3436
f 3438 3439 3437
f 3440 3439 3438
f 3440 3441 3439
f 3442 3441 3440
f 3442 3443 3441
f 3444 3443 3442
f 3444 3445 3443
f 3446 3445 3444
f 3446 3447 3445
f 3448 3447 3446
f 3448 3449 3447
f 3450 3449 3448
f 3450 3451 3449
f 3452 3451 3450
f 3452 3453 3451
f 3454 3453 3452
f 3455 3453 3454
f 3455 3456 3453
f 3455 3457 3456
f 3458 3459 3457
f 3458 3457 3455
f 3460 3459 3458
f 3461 3459 3460
f 3461 3462 3459
f 3461 3463 3462
f 3464 3463 3461
f 3465 3466 3463
f 3465 3467 3466
f 3465 3463 3464
f 3468 3469 3467
f 3468 3467 3465
f 3470 3471 3469
f 3470 3469 3468
f 3472 3473 3471
f 3472 3471 3470
f 3474 3475 3473
f 3474 3473 3472
f 3476 3477 3475
f 3476 3475 3474
f 3478 3477 3476
f 3479 3477 3478
f 3479 3480 3477
f 3479 3481 3480
f 3482 3481 3479
f 3483 3481 3482
f 3483 3484 3481
f 3483 3485 3484
f 3486 3485 3483
f 3486 3487 3485
f 3488 3487 3486
f 3489 3487 3488
f 3489 3490 3487
f 3491 3492 3493
f 3494 3492 3491
f 3495 3496 3497
f 3498 3497 3499
f 3500 3499 3501
f 3500 3502 3499
f 3503 3500 3501
f 3504 3501 3505
f 3504 3503 3501
f 3506 3505 3507
f 3506 3504 3505
f 3508 3507 3509
f 3508 3506 3507
f 3510 3508 3509
f 3511 3509 3512
f 3511 3510 3509
f 3513 3514 3515
f 3513 3516 3514
f 3517 3518 3516
f 3517 3516 3513
f 3519 3512 3493
f 3519 3511 3512
f 3519 3493 3492
f 3520 3495 3521
f 3520 3496 3495
f 3520 3521 3522
f 3523 3502 3500
f 3523 3524 3502
f 3525 3523 3500
f 3525 3500 3503
f 3526 3525 3503
f 3527 3526 3503
f 3527 3503 3504
f 3528 3527 3504
f 3528 3504 3506
f 3529 3528 3506
f 3529 3506 3508
f 3530 3529 3508
f 3530 3508 3510
f 3531 3530 3510
f 3532 3531 3510
f 3532 3510 3511
f 3533 3532 3511
f 3533 3511 3519
f 3534 3513 3515
f 3534 3517 3513
f 3535 3533 3519
f 3535 3517 3534
f 3536 3492 3518
f 3536 3535 3519
f 3536 3517 3535
f 3536 3519 3492
f 3536 3518 3517
f 3537 3538 3539
f 3537 3539 3540
f 3537 3540 3522
f 3541 3497 3498
f 3542 3538 3537
f 3542 3537 3543
f 3544 3542 3545
f 3544 3538 3542
f 3546 3498 3499
f 3547 3538 3548
f 3547 3548 3524
f 3547 3524 3523
f 3549 3550 3538
f 3549 3523 3525
f 3549 3547 3523
f 3549 3538 3547
f 3551 3549 3525
f 3551 3525 3526
f 3551 3550 3549
f 3552 3550 3551
f 3552 3551 3526
f 3553 3550 3552
f 3553 3526 3527
f 3553 3552 3526
f 3554 3527 3528
f 3554 3550 3553
f 3554 3553 3527
f 3555 3556 3550
f 3555 3550 3554
f 3555 3554 3528
f 3555 3528 3529
f 3557 3529 3530
f 3557 3556 3555
f 3557 3555 3529
f 3558 3557 3530
f 3558 3530 3531
f 3558 3556 3557
f 3559 3558 3531
f 3559 3556 3558
f 3560 3531 3532
f 3560 3559 3531
f 3560 3556 3559
f 3561 3515 3556
f 3561 3532 3533
f 3561 3556 3560
f 3561 3560 3532
f 3562 3533 3535
f 3562 3515 3561
f 3562 3561 3533
f 3563 3562 3535
f 3563 3535 3534
f 3563 3534 3515
f 3563 3515 3562
f 3564 3565 3496
f 3566 3522 3540
f 3566 3520 3522
f 3567 3522 3521
f 3568 3567 3521
f 3568 3521 3495
f 3569 3495 3497
f 3570 3569 3497
f 3570 3497 3541
f 3571 3543 3570
f 3571 3570 3541
f 3571 3541 3498
f 3571 3498 3543
f 3572 3543 3498
f 3573 3545 3572
f 3573 3572 3498
f 3573 3498 3546
f 3574 3499 3502
f 3574 3546 3499
f 3575 3539 3576
f 3575 3540 3539
f 3577 3540 3575
f 3577 3575 3578
f 3579 3578 3580
f 3579 3580 3564
f 3579 3577 3578
f 3581 3579 3564
f 3581 3564 3496
f 3581 3520 3566
f 3581 3496 3520
f 3582 3522 3567
f 3582 3537 3522
f 3583 3567 3568
f 3583 3582 3567
f 3583 3537 3582
f 3584 3568 3495
f 3584 3495 3569
f 3585 3570 3543
f 3585 3543 3537
f 3586 3543 3572
f 3586 3572 3545
f 3586 3542 3543
f 3586 3545 3542
f 3587 3573 3546
f 3587 3544 3545
f 3587 3545 3573
f 3587 3546 3588
f 3589 3587 3588
f 3589 3544 3587
f 3590 3589 3588
f 3590 3546 3574
f 3590 3588 3546
f 3590 3544 3589
f 3591 3502 3524
f 3592 3576 3593
f 3592 3575 3576
f 3594 3575 3592
f 3594 3578 3575
f 3595 3566 3540
f 3595 3540 3577
f 3595 3577 3579
f 3595 3579 3581
f 3595 3581 3566
f 3596 3584 3585
f 3596 3583 3568
f 3596 3568 3584
f 3596 3537 3583
f 3596 3585 3537
f 3597 3584 3569
f 3597 3569 3570
f 3597 3585 3584
f 3597 3570 3585
f 3598 3574 3502
f 3598 3591 3599
f 3598 3502 3591
f 3600 3548 3538
f 3600 3524 3548
f 3601 3565 3564
f 3601 3593 3565
f 3601 3592 3593
f 3602 3580 3578
f 3602 3592 3601
f 3602 3601 3564
f 3602 3564 3580
f 3602 3578 3594
f 3602 3594 3592
f 3603 3600 3538
f 3603 3544 3590
f 3603 3599 3600
f 3603 3598 3599
f 3603 3538 3544
f 3604 3600 3599
f 3604 3599 3591
f 3604 3591 3524
f 3604 3524 3600
f 3605 3603 3590
f 3605 3598 3603
f 3605 3590 3574
f 3605 3574 3598
f 3606 3607 3608
f 3609 3607 3606
f 3610 3611 3612
f 3613 3611 3610
f 3614 3615 3616
f 3614 3616 3617
f 3618 3617 3619
f 3618 3614 3617
f 3620 3619 3607
f 3620 3609 3621
f 3620 3607 3609
f 3620 3618 3619
f 3622 3621 3623
f 3622 3620 3621
f 3624 3623 3625
f 3624 3622 3623
f 3626 3624 3625
f 3627 3625 3628
f 3627 3626 3625
f 3629 3630 3631
f 3629 3632 3630
f 3633 3632 3629
f 3634 3628 3612
f 3634 3627 3628
f 3634 3612 3611
f 3635 3615 3614
f 3635 3614 3618
f 3636 3618 3620
f 3636 3635 3618
f 3637 3620 3622
f 3637 3636 3620
f 3638 3622 3624
f 3638 3637 3622
f 3639 3624 3626
f 3639 3638 3624
f 3640 3639 3626
f 3641 3626 3627
f 3641 3640 3626
f 3642 3627 3634
f 3642 3641 3627
f 3643 3629 3631
f 3643 3633 3629
f 3644 3642 3634
f 3644 3633 3643
f 3645 3611 3646
f 3645 3634 3611
f 3645 3644 3634
f 3645 3633 3644
f 3647 3646 3632
f 3647 3632 3633
f 3647 3645 3646
f 3647 3633 3645
f 3648 3615 3635
f 3648 3635 3636
f 3649 3648 3636
f 3649 3615 3648
f 3649 3636 3637
f 3650 3651 3615
f 3650 3615 3649
f 3650 3649 3637
f 3650 3637 3638
f 3652 3651 3650
f 3652 3650 3638
f 3652 3638 3639
f 3653 3652 3639
f 3653 3651 3652
f 3653 3639 3640
f 3654 3653 3640
f 3654 3651 3653
f 3655 3651 3654
f 3655 3654 3640
f 3655 3640 3641
f 3656 3631 3651
f 3656 3651 3655
f 3656 3655 3641
f 3656 3641 3642
f 3657 3631 3656
f 3657 3656 3642
f 3657 3642 3644
f 3658 3657 3644
f 3658 3631 3657
f 3658 3643 3631
f 3658 3644 3643
f 3659 3660 3661
f 3662 3660 3659
f 3663 3662 3659
f 3664 3662 3663
f 3665 3664 3663
f 3666 3664 3665
f 3667 3665 3668
f 3667 3666 3665
f 3669 3670 3671
f 3669 3671 3672
f 3673 3672 3674
f 3673 3669 3672
f 3675 3676 3669
f 3677 3675 3669
f 3678 3669 3673
f 3678 3677 3669
f 3679 3680 3681
f 3679 3682 3680
f 3683 3684 3682
f 3683 3682 3679
f 3685 3686 3684
f 3685 3684 3683
f 3687 3688 3689
f 3687 3689 3690
f 3687 3690 3691
f 3692 3687 3691
f 3692 3688 3687
f 3693 3694 3688
f 3693 3691 3695
f 3693 3688 3692
f 3693 3692 3691
f 3696 3694 3693
f 3696 3693 3695
f 3697 3698 3699
f 3697 3699 3694
f 3697 3695 3698
f 3697 3696 3695
f 3697 3694 3696
f 3700 3701 3702
f 3703 3701 3700
f 3704 3703 3700
f 3705 3703 3704
f 3706 3705 3704
f 3707 3705 3706
f 3708 3707 3706
f 3709 3707 3708
f 3710 3711 3712
f 3710 3713 3711
f 3714 3715 3716
f 3714 3716 3717
f 3718 3717 3719
f 3718 3714 3717
f 3720 3719 3721
f 3720 3718 3719
f 3722 3721 3723
f 3722 3720 3721
f 3724 2491 3725
f 3726 3727 3728
f 3729 3730 3731
f 3732 3733 3734
f 3735 3736 3737
f 3738 3739 3740
f 3738 3740 3741
f 3742 3741 3743
f 3742 3738 3741
f 3744 3745 3746
f 3744 3746 3747
f 3744 3747 3748
f 3749 3743 3736
f 3749 3742 3743
f 3750 3736 3735
f 3750 3749 3736
f 3751 3735 3752
f 3751 3752 3753
f 3751 3750 3735
f 3754 3753 3745
f 3754 3751 3753
f 3755 3745 3744
f 3755 3754 3745
f 3756 3744 3757
f 3756 3757 3758
f 3756 3755 3744
f 3759 3758 3760
f 3759 3756 3758
f 3761 3760 3762
f 3761 3762 3763
f 3761 3759 3760
f 3764 3765 3766
f 3764 3766 3767
f 3768 3769 3770
f 3771 3769 3768
f 3772 3767 3773
f 3772 3764 3767
f 3774 3769 3771
f 3775 3773 3776
f 3775 3776 3777
f 3775 3772 3773
f 3778 3779 3780
f 3781 3777 3769
f 3781 3775 3777
f 3781 3769 3774
f 3782 3781 3774
f 3783 3782 3774
f 3784 3774 3785
f 3784 3785 3786
f 3784 3783 3774
f 3787 3786 3779
f 3787 3784 3786
f 3788 3787 3779
f 3789 3779 3778
f 3789 3788 3779
f 3790 3778 3791
f 3790 3789 3778
f 3792 3791 3793
f 3792 3790 3791
f 3794 3793 3795
f 3794 3792 3793
f 3796 3794 3795
f 3797 3798 3799
f 3797 3800 3798
f 3801 3802 3798
f 3801 3798 3800
f 3803 3797 3799
f 3804 3802 3801
f 3805 3803 3799
f 3806 3799 3807
f 3806 3805 3799
f 3808 3806 3807
f 3809 3808 3807
f 3810 3809 3807
f 3811 3812 3802
f 3811 3802 3804
f 3813 3807 3814
f 3813 3810 3807
f 3815 3813 3814
f 3816 3815 3814
f 3817 3816 3814
f 3817 3814 3818
f 3819 3820 3812
f 3819 3812 3811
f 3821 3817 3818
f 3822 3821 3818
f 3822 3818 3823
f 3824 3822 3823
f 3825 3824 3823
f 3825 3823 3826
f 3827 3820 3819
f 3828 3825 3826
f 3828 3826 3829
f 3830 3828 3829
f 3831 3832 3820
f 3831 3820 3827
f 3833 3834 3832
f 3833 3832 3831
f 3835 3834 3833
f 3836 3835 3833
f 3836 3833 3837
f 3838 3836 3837
f 3839 3838 3837
f 3840 3837 3841
f 3840 3839 3837
f 3842 3840 3841
f 3843 3842 3841
f 3844 3841 3845
f 3844 3843 3841
f 3846 3845 3847
f 3846 3844 3845
f 3848 3846 3847
f 3848 3830 3829
f 3848 3847 3830
f 3849 3850 3851
f 3849 3851 3852
f 3853 3854 3855
f 3854 3856 3857
f 3858 3859 3860
f 3861 3862 3863
f 3861 3864 3862
f 3865 3866 3864
f 3867 3864 3861
f 3867 3865 3864
f 3868 3869 3870
f 3868 3870 3871
f 3872 3873 3874
f 3875 3876 3877
f 3878 3879 3880
f 3881 3882 3883
f 3884 3885 3886
f 3887 3888 3889
f 3890 3891 3892
f 3893 3894 3895
f 3896 3897 3898
f 3899 3900 3901
f 3902 3903 3904
f 3905 3906 3907
f 3908 3909 3910
f 3911 3912 3913
f 3911 3914 3912
f 3915 3916 3917
f 3918 3919 3920
f 3921 3922 3923
f 3924 3925 3926
f 3927 3928 3929
f 3930 3931 3932
f 3933 3934 3935
f 3936 3937 3938
f 3939 3940 3941
f 3942 3943 3944
f 3945 3946 3947
f 3948 3949 3950
f 3951 3925 3952
f 3953 3954 3955
f 3956 3957 3958
f 3959 3960 3961
f 3962 3963 3964
f 3965 3966 3967
f 3968 3969 3970
f 3971 3972 3973
f 3974 3975 3976
f 3977 3978 3979
f 3980 3981 3982
f 3983 3951 3984
f 3985 3986 3987
f 3988 3989 3990
f 3991 3992 3993
f 3994 3995 3996
f 3997 3998 3999
f 4000 4001 4002
f 4003 4004 4005
f 4006 4007 4008
f 4009 4010 4011
f 4012 4013 4014
f 4015 4016 4017
f 4018 4019 4020
f 4021 4022 4023
f 4024 4025 4026
f 4027 4028 4029
f 4030 4031 4032
f 4033 4034 4035
f 4036 4037 4038
f 4039 4040 4041
f 4042 4043 4044
f 4045 4046 4047
f 4048 4049 4050
f 4051 4052 4053
f 4054 4055 4056
f 4057 4058 4059
f 4060 4061 4062
f 4063 4064 4065
f 4066 4067 4068
f 4069 4070 4071
f 4072 4073 4074
f 4075 4076 4077
f 4078 4079 4080
f 4081 4082 4083
f 4084 4085 4086
f 4087 4088 4089
f 4090 4091 4092
f 4093 4094 4095
f 4096 4097 4098
f 4099 4100 4101
f 4102 4103 4104
f 4105 4106 4107
f 4108 4109 4110
f 4111 4112 4113
f 4114 4115 4116
f 4117 4118 4119
f 4120 4121 4122
f 4123 4124 4125
f 4126 4127 4128
f 4129 4130 4131
f 4132 4133 4134
f 4135 4136 4137
f 4138 4139 4129
f 4140 4141 4142
f 4143 4144 4138
f 4143 4145 4144
f 4146 4147 4148
f 4149 4150 4151
f 4152 4153 4150
f 4152 4150 4149
f 4154 4155 4153
f 4154 4153 4152
f 4156 4157 4155
f 4156 4155 4154
f 4158 4159 4157
f 4158 4157 4156
f 4160 4161 4159
f 4160 4159 4158
f 4162 4161 4160
f 4162 4163 4161
f 4164 4163 4162
f 4164 4165 4163
f 4166 4165 4164
f 4166 4167 4165
f 4168 4167 4166
f 4168 4169 4167
f 4170 4169 4168
f 4170 4171 4169
f 4172 4171 4170
f 4172 4173 4171
f 4174 4173 4172
f 4174 4175 4173
f 4176 4175 4174
f 4176 4177 4175
f 4178 4177 4176
f 4178 4179 4177
f 4180 4179 4178
f 4180 4181 4179
f 4182 4181 4180
f 4182 4183 4181
f 4184 4183 4182
f 4184 4185 4183
f 4186 4185 4184
f 4186 4187 4185
f 4188 4187 4186
f 4189 4187 4188
f 4189 4190 4187
f 4189 4191 4190
f 4192 4193 4191
f 4192 4191 4189
f 4194 4195 4193
f 4194 4193 4192
f 4196 4195 4194
f 4197 4198 4195
f 4197 4199 4198
f 4197 4195 4196
f 4200 4199 4197
f 4201 4202 4199
f 4201 4203 4202
f 4201 4199 4200
f 4204 4205 4203
f 4204 4203 4201
f 4206 4205 4204
f 4207 4208 4205
f 4207 4209 4208
f 4207 4205 4206
f 4210 4211 4209
f 4210 4209 4207
f 4212 4211 4210
f 4212 4213 4211
f 4214 4213 4212
f 4214 4215 4213
f 4216 4215 4214
f 4217 4215 4216
f 4217 4218 4215
f 4217 4219 4218
f 4220 4219 4217
f 4221 4219 4220
f 4221 4222 4219
f 4223 4224 4225
f 4223 4225 4226
f 4223 4226 4227
f 4228 4229 4230
f 4228 4230 4224
f 4228 4224 4223
f 4231 4223 4227
f 4232 4233 4234
f 4232 4234 4229
f 4232 4229 4228
f 4235 4223 4231
f 4235 4228 4223
f 4236 4231 4227
f 4237 4238 4239
f 4237 4239 4240
f 4237 4240 4233
f 4237 4233 4232
f 4241 4232 4228
f 4241 4228 4235
f 4242 4235 4231
f 4242 4231 4236
f 4243 4227 4244
f 4243 4236 4227
f 4245 4246 4238
f 4245 4232 4241
f 4245 4238 4237
f 4245 4237 4232
f 4247 4241 4235
f 4247 4235 4242
f 4248 4242 4236
f 4248 4236 4243
f 4249 4248 4243
f 4249 4243 4244
f 4250 4246 4245
f 4250 4245 4241
f 4250 4241 4247
f 4251 4247 4242
f 4251 4242 4248
f 4251 4250 4247
f 4252 4248 4249
f 4252 4251 4248
f 4253 4249 4244
f 4253 4252 4249
f 4254 4246 4250
f 4254 4250 4251
f 4255 4251 4252
f 4256 4252 4253
f 4257 4253 4244
f 4258 4251 4255
f 4258 4259 4246
f 4258 4246 4254
f 4258 4255 4259
f 4258 4254 4251
f 4260 4255 4252
f 4260 4261 4259
f 4260 4252 4256
f 4260 4259 4255
f 4262 4263 4264
f 4262 4264 4265
f 4262 4256 4253
f 4262 4261 4260
f 4262 4260 4256
f 4262 4265 4261
f 4262 4253 4257
f 4266 4244 4267
f 4266 4267 4268
f 4266 4268 4269
f 4266 4269 4270
f 4266 4270 4271
f 4266 4271 4263
f 4266 4262 4257
f 4266 4257 4244
f 4266 4263 4262
f 4272 4273 4274
f 4275 4276 4273
f 4275 4273 4272
f 4275 4277 4276
f 4278 4279 4280
f 4278 4280 4281
f 4278 4281 4282
f 4283 4284 4285
f 4283 4285 4279
f 4283 4279 4278
f 4286 4278 4282
f 4287 4288 4289
f 4287 4289 4284
f 4287 4284 4283
f 4290 4283 4278
f 4290 4278 4286
f 4291 4290 4286
f 4291 4286 4282
f 4292 4293 4294
f 4292 4294 4295
f 4292 4295 4288
f 4292 4288 4287
f 4296 4283 4290
f 4296 4287 4283
f 4297 4290 4291
f 4298 4282 4299
f 4298 4291 4282
f 4300 4287 4296
f 4300 4292 4287
f 4300 4293 4292
f 4301 4290 4297
f 4301 4296 4290
f 4302 4297 4291
f 4302 4291 4298
f 4303 4298 4299
f 4304 4293 4300
f 4304 4300 4296
f 4304 4296 4301
f 4305 4301 4297
f 4305 4297 4302
f 4306 4302 4298
f 4306 4298 4303
f 4307 4303 4299
f 4307 4306 4303
f 4308 4309 4293
f 4308 4293 4304
f 4308 4301 4305
f 4308 4304 4301
f 4310 4305 4302
f 4310 4302 4306
f 4311 4306 4307
f 4312 4299 4313
f 4312 4311 4307
f 4312 4307 4299
f 4314 4305 4310
f 4314 4308 4305
f 4314 4309 4308
f 4315 4314 4310
f 4315 4306 4311
f 4315 4310 4306
f 4316 4315 4311
f 4316 4311 4312
f 4317 4313 4318
f 4317 4312 4313
f 4319 4309 4314
f 4319 4314 4315
f 4320 4315 4316
f 4321 4318 4322
f 4321 4322 4323
f 4321 4312 4317
f 4321 4320 4316
f 4321 4317 4318
f 4321 4316 4312
f 4324 4319 4315
f 4324 4315 4320
f 4324 4309 4319
f 4325 4323 4326
f 4325 4326 4327
f 4325 4327 4328
f 4325 4328 4329
f 4325 4320 4321
f 4325 4321 4323
f 4330 4325 4329
f 4330 4329 4331
f 4330 4331 4332
f 4330 4332 4333
f 4330 4333 4334
f 4330 4334 4335
f 4330 4335 4309
f 4330 4324 4320
f 4330 4309 4324
f 4330 4320 4325
f 4336 4337 4338
f 4336 4338 4339
f 4336 4339 4340
f 4336 4341 4337
f 4342 4341 4336
f 4342 4336 4340
f 4343 4340 4344
f 4343 4342 4340
f 4345 4341 4342
f 4346 4343 4344
f 4347 4348 4341
f 4347 4341 4345
f 4349 4342 4343
f 4349 4345 4342
f 4349 4343 4346
f 4350 4348 4347
f 4350 4347 4345
f 4350 4345 4349
f 4351 4349 4346
f 4352 4346 4344
f 4352 4351 4346
f 4353 4350 4349
f 4353 4349 4351
f 4354 4355 4348
f 4354 4348 4350
f 4356 4352 4344
f 4356 4351 4352
f 4357 4355 4354
f 4357 4350 4353
f 4357 4354 4350
f 4358 4344 4359
f 4358 4353 4351
f 4358 4356 4344
f 4358 4351 4356
f 4358 4357 4353
f 4360 4361 4355
f 4360 4355 4357
f 4362 4357 4358
f 4362 4358 4359
f 4363 4359 4361
f 4363 4362 4359
f 4363 4361 4360
f 4363 4360 4357
f 4363 4357 4362
f 4364 4365 4366
f 4367 4368 4369
f 4370 4371 4369
f 4372 4373 4370
f 4374 4372 4375
f 4376 4377 4375
f 4378 4379 4376
f 4380 4381 4378
f 4382 4381 4380
f 4383 4384 4385
f 4386 4387 4383
f 4388 4389 4390
f 4388 4391 4389
f 4388 4386 4391
f 4392 4387 4386
f 4392 4386 4388
f 4393 4394 2865
f 4393 2865 4395
f 4393 4395 4368
f 4393 4368 4394
f 4396 4367 4394
f 4396 4394 4368
f 4396 4368 4367
f 4397 4371 4367
f 4397 4367 4369
f 4397 4369 4371
f 4398 4373 4371
f 4398 4371 4370
f 4398 4370 4373
f 4399 4400 4373
f 4399 4374 4400
f 4399 4373 4372
f 4399 4372 4374
f 4401 4377 4374
f 4401 4374 4375
f 4401 4375 4377
f 4402 4379 4377
f 4402 4377 4376
f 4402 4376 4379
f 4403 4381 4379
f 4403 4379 4378
f 4403 4378 4381
f 4404 4405 4382
f 4404 4380 4406
f 4404 4382 4380
f 4404 4406 4405
f 4407 4408 4405
f 4407 4406 4385
f 4407 4405 4406
f 4407 4385 4408
f 4409 4384 4408
f 4409 4408 4385
f 4409 4385 4384
f 4410 4387 4384
f 4410 4384 4383
f 4410 4383 4387
f 4411 4412 4413
f 4411 4414 4412
f 4415 4416 4417
f 4415 4417 4418
f 4419 4420 4421
f 4419 4418 4420
f 4419 4415 4418
f 4422 4423 4416
f 4422 4416 4415
f 4424 4425 4426
f 4424 4421 4425
f 4424 4419 4421
f 4424 4422 4415
f 4424 4415 4419
f 4427 4428 4423
f 4427 4429 4428
f 4427 4423 4422
f 4430 4426 4431
f 4430 4431 4427
f 4430 4424 4426
f 4430 4427 4422
f 4430 4422 4424
f 4432 4433 4429
f 4432 4434 4433
f 4432 4427 4431
f 4432 4429 4427
f 4435 4436 4437
f 4435 4431 4436
f 4435 4432 4431
f 4435 4437 4432
f 4438 4439 4434
f 4438 4434 4432
f 4438 4432 4437
f 4440 4441 4442
f 4440 4437 4441
f 4440 4438 4437
f 4440 4442 4438
f 4443 4444 4439
f 4443 4445 4444
f 4443 4438 4442
f 4443 4439 4438
f 4446 4447 4448
f 4446 4442 4447
f 4446 4448 4443
f 4446 4443 4442
f 4449 4448 4450
f 4449 4413 4445
f 4449 4443 4448
f 4449 4445 4443
f 4449 4411 4413
f 4451 4450 4411
f 4451 4411 4449
f 4451 4449 4450
f 4452 4453 4454
f 4455 4456 4457
f 4458 4455 4457
f 4459 4458 4457
f 4460 4459 4457
f 4461 4460 4457
f 4462 4461 4457
f 4463 4462 4457
f 4464 4463 4457
f 4465 4463 4464
f 4465 4464 4466
f 4467 4465 4466
f 4468 4467 4469
f 4468 4465 4467
f 4470 4468 4469
f 4471 4470 4469
f 4472 4471 4469
f 4473 4472 4469
f 4474 4473 4469
f 4475 4474 4469
f 4476 4475 4469
f 4477 4476 4469
f 4477 4478 4476
f 4479 4480 4481
f 4479 4482 4480
f 4483 4484 4485
f 4483 4485 4486
f 4483 4486 4487
f 4488 4489 4490
f 4488 4490 4484
f 4488 4484 4483
f 4488 4483 4487
f 4491 4492 4493
f 4491 4494 4492
f 4491 4495 4494
f 4491 4496 4495
f 4491 4497 4496
f 4491 4498 4497
f 4491 4499 4498
f 4491 4453 4500
f 4491 4500 4501
f 4491 4501 4489
f 4491 4489 4488
f 4502 4487 4503
f 4502 4503 4504
f 4502 4504 4505
f 4506 4507 4454
f 4506 4508 4507
f 4506 4509 4508
f 4506 4493 4509
f 4506 4491 4493
f 4506 4453 4491
f 4506 4454 4453
f 4510 4488 4487
f 4510 4505 4511
f 4510 4487 4502
f 4510 4502 4505
f 4512 4513 4514
f 4512 4515 4513
f 4512 4516 4515
f 4512 4517 4516
f 4512 4518 4517
f 4512 4514 4499
f 4512 4499 4491
f 4512 4488 4510
f 4512 4491 4488
f 4519 4456 4520
f 4519 4520 4521
f 4519 4521 4511
f 4519 4511 4505
f 4519 4505 4522
f 4519 4522 4457
f 4519 4457 4456
f 4523 4524 4525
f 4523 4525 4518
f 4523 4512 4526
f 4523 4526 4524
f 4523 4518 4512
f 4527 4510 4511
f 4527 4511 4528
f 4527 4528 4529
f 4527 4529 4530
f 4527 4530 4531
f 4527 4531 4532
f 4527 4532 4533
f 4527 4533 4534
f 4527 4534 4535
f 4527 4535 4536
f 4537 4536 4538
f 4537 4510 4527
f 4537 4526 4512
f 4537 4527 4536
f 4537 4512 4510
f 4539 4537 4540
f 4539 4526 4537
f 4539 4541 4526
f 4539 4542 4541
f 4539 4540 4542
f 4543 4477 4544
f 4543 4544 4545
f 4543 4478 4477
f 4543 4546 4478
f 4547 4538 4548
f 4547 4548 4549
f 4547 4540 4537
f 4547 4537 4538
f 4550 4551 4552
f 4550 4552 4553
f 4550 4553 4554
f 4550 4554 4555
f 4550 4555 4546
f 4550 4546 4543
f 4550 4543 4545
f 4556 4547 4557
f 4556 4558 4540
f 4556 4559 4558
f 4556 4560 4559
f 4556 4557 4560
f 4556 4540 4547
f 4561 4545 4562
f 4561 4562 4563
f 4564 4549 4565
f 4564 4565 4566
f 4564 4566 4551
f 4564 4551 4550
f 4564 4547 4549
f 4564 4557 4547
f 4567 4561 4563
f 4567 4550 4545
f 4567 4545 4561
f 4568 4564 4569
f 4568 4557 4564
f 4568 4570 4557
f 4568 4571 4570
f 4568 4569 4571
f 4572 4563 4573
f 4572 4573 4574
f 4572 4574 4575
f 4576 4569 4564
f 4576 4577 4578
f 4576 4579 4577
f 4576 4580 4579
f 4576 4581 4580
f 4576 4582 4581
f 4576 4583 4582
f 4576 4584 4569
f 4576 4564 4550
f 4576 4550 4567
f 4585 4575 4586
f 4585 4563 4572
f 4585 4576 4567
f 4585 4572 4575
f 4585 4567 4563
f 4587 4576 4578
f 4587 4584 4576
f 4587 4578 4588
f 4587 4588 4589
f 4587 4589 4584
f 4590 4576 4585
f 4590 4591 4583
f 4590 4592 4591
f 4590 4593 4592
f 4590 4594 4593
f 4590 4595 4594
f 4590 4596 4595
f 4590 4583 4576
f 4597 4596 4590
f 4597 4598 4599
f 4597 4600 4598
f 4597 4601 4600
f 4597 4481 4601
f 4597 4599 4596
f 4597 4479 4481
f 4597 4590 4479
f 4602 4586 4603
f 4602 4603 4604
f 4602 4604 4605
f 4602 4605 4479
f 4602 4585 4586
f 4602 4590 4585
f 4602 4479 4590
f 4606 4607 4608
f 4609 4608 4610
f 4609 4606 4608
f 4611 4609 4610
f 4612 4610 4613
f 4612 4611 4610
f 4614 4612 4613
f 4615 4613 4616
f 4615 4614 4613
f 4617 4616 4618
f 4617 4615 4616
f 4619 4617 4618
f 4620 4618 4621
f 4620 4619 4618
f 4622 4621 4623
f 4622 4620 4621
f 4624 4623 4625
f 4624 4622 4623
f 4626 4625 4627
f 4626 4624 4625
f 4628 4627 4629
f 4628 4626 4627
f 4630 4631 4632
f 4633 4631 4630
f 4634 4633 4630
f 4635 4633 4634
f 4636 4635 4634
f 4637 4635 4636
f 4638 4637 4636
f 4639 4637 4638
f 4640 4639 4638
f 4641 4639 4640
f 4642 4641 4640
f 4643 4641 4642
f 4644 4643 4642
f 4645 4643 4644
f 4646 4645 4644
f 4647 4646 4644
f 4648 4646 4647
f 4649 4650 4651
f 4649 4651 4652
f 4653 4650 4649
f 4654 4655 4656
f 4657 4658 4655
f 4657 4655 4654

