# https://github.com/mikedh/trimesh
v 0.00212735 0.08944278 -0.05895614
v -0.00753438 0.08988267 -0.05851626
v -0.00195098 0.08943051 -0.05896842
v 0.00825685 0.08999174 -0.05840718
v -0.01295638 0.09083569 -0.05756324
v -0.00753438 0.08988267 -0.05851626
v 0.00825685 0.08999174 -0.05840718
v -0.00753438 0.08988267 -0.05851626
v 0.00212735 0.08944278 -0.05895614
v 0.01461476 0.09123152 -0.05716741
v 0.01820975 0.09227252 -0.05612641
v -0.01822531 0.09226989 -0.05612903
v 0.01820975 0.09227252 -0.05612641
v -0.01824206 0.09227532 -0.05612361
v -0.01822531 0.09226989 -0.05612903
v -0.02390998 0.09445410 -0.05394476
v -0.01824206 0.09227532 -0.05612361
v 0.01820975 0.09227252 -0.05612641
v -0.01295638 0.09083569 -0.05756324
v 0.01461476 0.09123152 -0.05716741
v 0.01822829 0.09227836 -0.05612051
v -0.02390998 0.09445410 -0.05394476
v 0.01820975 0.09227252 -0.05612641
v 0.02496993 0.09492874 -0.05347019
v -0.03125810 0.09836357 -0.05003535
v -0.02390998 0.09445410 -0.05394476
v 0.01822829 0.09227836 -0.05612051
v 0.03108972 0.09825164 -0.05014729
v 0.03656077 0.10210070 -0.04629820
v -0.03882062 0.10397830 -0.04442059
v 0.04138910 0.10635870 -0.04204028
v -0.04448801 0.10965320 -0.03874570
v 0.04557853 0.11094300 -0.03745591
v -0.04916501 0.11578940 -0.03260952
v 0.04915779 0.11577950 -0.03261941
v -0.04916501 0.11578940 -0.03260952
v -0.04917526 0.11580490 -0.03259408
v 0.04916793 0.11579480 -0.03260409
v 0.05469524 0.12627780 -0.02212119
v -0.04917526 0.11580490 -0.03259408
v 0.04916793 0.11579480 -0.03260409
v -0.05469977 0.12628660 -0.02211225
v 0.05793052 0.13723210 -0.01116687
v -0.05793213 0.13723950 -0.01115936
v 0.05899924 0.14839821 -0.00000072
v -0.05899971 0.14840379 0.00000495
v -0.01228547 0.20608281 0.05768388
v -0.01820433 0.20453531 0.05613631
v -0.01822257 0.20452930 0.05613040
v 0.05793768 0.15956441 0.01116555
v -0.05470353 0.17052110 0.02212220
v -0.05793845 0.15956829 0.01116943
v -0.00610954 0.20701110 0.05861216
v -0.01228547 0.20608281 0.05768388
v -0.01822257 0.20452930 0.05613040
v 0.05470365 0.17051910 0.02212023
v 0.00635910 0.20706540 0.05866646
v 0.00017535 0.20741270 0.05901384
v -0.00610954 0.20701110 0.05861216
v 0.01240813 0.20609149 0.05769264
v 0.00635910 0.20706540 0.05866646
v 0.04918116 0.18100341 0.03260445
v -0.04918158 0.18100360 0.03260463
v 0.04918116 0.18100341 0.03260445
v -0.04917067 0.18102001 0.03262102
v -0.04918158 0.18100360 0.03260463
v 0.04917269 0.18101610 0.03261715
v -0.04559266 0.18585961 0.03746068
v -0.04917067 0.18102001 0.03262102
v 0.04917269 0.18101610 0.03261715
v 0.01821047 0.20453830 0.05613940
v 0.01240813 0.20609149 0.05769264
v -0.00610954 0.20701110 0.05861216
v 0.01822906 0.20453221 0.05613327
v 0.01821047 0.20453830 0.05613940
v -0.00610954 0.20701110 0.05861216
v 0.02297759 0.20275180 0.05435287
v -0.00610954 0.20701110 0.05861216
v -0.01822257 0.20452930 0.05613040
v -0.02496230 0.20186970 0.05347084
v 0.01822906 0.20453221 0.05613327
v 0.04229384 0.18954960 0.04115068
v -0.03657227 0.19470631 0.04630732
v -0.04140228 0.19044630 0.04204744
v 0.02744585 0.20063950 0.05224061
v -0.02496230 0.20186970 0.05347084
v -0.03109365 0.19855350 0.05015450
v 0.03522431 0.19574019 0.04734128
v 0.03438103 0.19112210 0.02424681
v 0.03419780 0.19098440 0.02361547
v 0.02778464 0.19504569 0.02307653
v 0.03467541 0.19120251 0.02492880
v 0.03538858 0.18889460 0.02079117
v 0.03154104 0.19079509 0.01882565
v 0.03509682 0.18915591 0.02089726
v 0.03650897 0.18307281 0.01110267
v 0.03569948 0.18864080 0.02073508
v 0.03602403 0.18839720 0.02072572
v 0.03635776 0.18816601 0.02075976
v 0.03885853 0.18336350 0.01512444
v 0.03669577 0.18794940 0.02083337
v 0.03714722 0.18768510 0.02098721
v 0.03753650 0.18747900 0.02116757
v 0.03985977 0.18341009 0.01671737
v 0.03802722 0.18724790 0.02145653
v 0.03855723 0.18703599 0.02184873
v 0.03896141 0.18690351 0.02220964
v 0.03942930 0.18678820 0.02270728
v 0.03967493 0.18674770 0.02301108
v 0.03990411 0.18672620 0.02332854
v 0.04476928 0.18644001 0.03049504
v 0.04123157 0.19073920 0.03479290
v 0.04208832 0.19167639 0.03869789
v 0.04892897 0.18317270 0.03019666
v 0.04476648 0.18644020 0.03049093
v 0.01975524 0.20340879 0.03825575
v 0.02333468 0.19894570 0.02697682
v 0.01814424 0.20235521 0.03038674
v 0.02456039 0.19851050 0.02774596
v 0.02023148 0.20437060 0.04410016
v 0.01814520 0.20661700 0.05363583
v 0.02047258 0.20482710 0.04707187
v 0.02287161 0.20485190 0.05184793
v 0.02731823 0.20274641 0.04973924
v 0.02792090 0.19836029 0.03339862
v 0.03509581 0.19120941 0.02564519
v 0.03073263 0.19822720 0.03813183
v 0.03231650 0.19072621 0.01992851
v 0.03411155 0.19080409 0.02304720
v 0.03410708 0.19059411 0.02254897
v 0.03416448 0.19037861 0.02214366
v 0.03426420 0.19016419 0.02181410
v 0.03441047 0.18992940 0.02151775
v 0.03460139 0.18967900 0.02126240
v 0.03483253 0.18941879 0.02105426
v 0.03215944 0.19815759 0.04053449
v 0.03505676 0.19785380 0.04486089
v 0.04475235 0.11791960 -0.03802895
v 0.04891645 0.11821330 -0.03478181
v 0.04518449 0.11317520 -0.03980165
v 0.04121446 0.11362140 -0.04232746
v 0.04078811 0.10842280 -0.04455405
v 0.03990411 0.12505759 -0.03831058
v 0.03650921 0.13729070 -0.03467965
v 0.03813010 0.12686139 -0.03878945
v 0.03756976 0.12720230 -0.03904914
v 0.03866523 0.12644690 -0.03858339
v 0.03916662 0.12596940 -0.03843277
v 0.03955262 0.12553009 -0.03835082
v 0.03699302 0.12746041 -0.03935974
v 0.03640997 0.12762110 -0.03971958
v 0.03189367 0.13002311 -0.04194658
v 0.03411602 0.12594800 -0.04213464
v 0.03410553 0.12543391 -0.04236197
v 0.03419804 0.12638210 -0.04188871
v 0.03433364 0.12673590 -0.04163724
v 0.03455215 0.10997180 -0.04777097
v 0.03604471 0.10430200 -0.04867583
v 0.03068941 0.10058010 -0.05240845
v 0.03509581 0.12274510 -0.04279810
v 0.03438544 0.12918711 -0.04049795
v 0.03452688 0.12704261 -0.04136288
v 0.03477287 0.12729220 -0.04107362
v 0.03506243 0.12747809 -0.04077899
v 0.03528231 0.12756871 -0.04057693
v 0.03551602 0.12762940 -0.04037749
v 0.03581464 0.12766430 -0.04014122
v 0.03610956 0.12765980 -0.03992486
v 0.03165990 0.11865200 -0.04660677
v 0.03467649 0.12346060 -0.04279202
v 0.03447240 0.12390700 -0.04274803
v 0.03430956 0.12435810 -0.04267305
v 0.02702808 0.10464550 -0.05311304
v 0.02471596 0.09732401 -0.05559438
v 0.01815050 0.09478998 -0.05821639
v 0.02998805 0.12393210 -0.04575198
v 0.02844828 0.12599580 -0.04597353
v 0.03419882 0.12477290 -0.04257619
v 0.03413760 0.12511081 -0.04247647
v 0.02551597 0.11367870 -0.05158370
v 0.02461969 0.11914860 -0.05052804
v 0.02136331 0.11999330 -0.05197536
v 0.02440273 0.12225880 -0.04971009
v 0.01876211 0.11798850 -0.05370372
v 0.01814794 0.11800560 -0.05395776
v -0.03410106 0.19067280 0.02271240
v -0.02931880 0.19345780 0.02151572
v -0.03233891 0.18980861 0.01787775
v -0.03412538 0.19050810 0.02236843
v -0.03411424 0.19081479 0.02306771
v -0.03418970 0.19032089 0.02204084
v -0.03415906 0.19092920 0.02341234
v -0.03429543 0.19011310 0.02173745
v -0.03425741 0.19104540 0.02385205
v -0.03447961 0.19480060 0.03411054
v -0.03484600 0.19121590 0.02524262
v -0.03509676 0.19120800 0.02564769
v -0.03699421 0.18776810 0.02093154
v -0.03641015 0.18812940 0.02077060
v -0.03623765 0.18363760 0.01171594
v -0.03821510 0.19097200 0.03029352
v -0.03993177 0.18341900 0.01683843
v -0.03643733 0.18325680 0.01133501
v -0.03653579 0.18306600 0.01114416
v -0.03633797 0.18344730 0.01152557
v -0.03757244 0.18745610 0.02119088
v -0.03813356 0.18719620 0.02153384
v -0.03866815 0.18699010 0.02194827
v -0.03916865 0.18683940 0.02242499
v -0.03955382 0.18675780 0.02286392
v -0.03990441 0.18671790 0.02333599
v -0.04383265 0.18340459 0.02275145
v -0.04168492 0.18661819 0.02595454
v -0.04109150 0.18665190 0.02508163
v -0.04049795 0.18668529 0.02420884
v -0.02151644 0.20104770 0.03130853
v -0.02220690 0.19977979 0.02781784
v -0.02582758 0.19688959 0.02493590
v -0.01814323 0.20235430 0.03038924
v -0.02174890 0.20161550 0.03406870
v -0.01814496 0.20510539 0.04440557
v -0.02225822 0.20276110 0.04010504
v -0.02457314 0.20205390 0.04135119
v -0.02741050 0.19659939 0.02686458
v -0.02806967 0.19711110 0.02960973
v -0.03441756 0.19113889 0.02434235
v -0.03462374 0.19119529 0.02482163
v -0.02952045 0.19809879 0.03546720
v -0.03023809 0.19834851 0.03765028
v -0.03437805 0.18891250 0.01919782
v -0.03589469 0.18849149 0.02072471
v -0.03545159 0.18884221 0.02077513
v -0.03508430 0.18916979 0.02090191
v -0.03485023 0.18940289 0.02103978
v -0.03462898 0.18964919 0.02123099
v -0.03444260 0.18988781 0.02146524
v -0.03484600 0.19121590 0.02524262
v -0.03509581 0.18686929 0.02998495
v -0.03509676 0.19120800 0.02564769
v -0.03471505 0.18654810 0.02966392
v -0.03462374 0.19119529 0.02482163
v -0.03441876 0.18618520 0.02930098
v -0.03441756 0.19113889 0.02434235
v -0.03425741 0.19104540 0.02385205
v -0.03421610 0.18579140 0.02890717
v -0.03415906 0.19092920 0.02341234
v -0.03411322 0.18537870 0.02849447
v -0.03411424 0.19081479 0.02306771
v -0.03410106 0.19067280 0.02271240
v -0.03411322 0.18495969 0.02807545
v -0.03412538 0.19050810 0.02236843
v -0.03421616 0.18454701 0.02766275
v -0.03418970 0.19032089 0.02204084
v -0.03429543 0.19011310 0.02173745
v -0.03441888 0.18415309 0.02726900
v -0.03444260 0.18988781 0.02146524
v -0.03462898 0.18964919 0.02123099
v -0.03471517 0.18379030 0.02690607
v -0.03485023 0.18940289 0.02103978
v -0.03509610 0.18346921 0.02658504
v -0.03508430 0.18916979 0.02090191
v -0.03545159 0.18884221 0.02077513
v -0.03555011 0.18319990 0.02631568
v -0.03589469 0.18849149 0.02072471
v -0.03606331 0.18299030 0.02610617
v -0.03641015 0.18812940 0.02077060
v -0.03662025 0.18284699 0.02596282
v -0.03699421 0.18776810 0.02093154
v -0.03720384 0.18277431 0.02589005
v -0.03757244 0.18745610 0.02119088
v -0.03779649 0.18277420 0.02589005
v -0.03813356 0.18719620 0.02153384
v -0.03838014 0.18284699 0.02596276
v -0.03866815 0.18699010 0.02194827
v -0.03893703 0.18299030 0.02610605
v -0.03916865 0.18683940 0.02242499
v -0.03945028 0.18319979 0.02631556
v -0.03955382 0.18675780 0.02286392
v -0.03990429 0.18346910 0.02658492
v -0.03990441 0.18671790 0.02333599
v -0.03990387 0.12506780 -0.03832107
v -0.03945010 0.12208500 -0.03479921
v -0.03990381 0.12181550 -0.03506880
v -0.03942775 0.12569150 -0.03838354
v -0.03893691 0.12229440 -0.03458976
v -0.03889310 0.12625310 -0.03851985
v -0.03838002 0.12243770 -0.03444647
v -0.03831219 0.12674271 -0.03872668
v -0.03779637 0.12251040 -0.03437376
v -0.03769612 0.12714840 -0.03900134
v -0.03720378 0.12251040 -0.03437376
v -0.03705680 0.12745510 -0.03934133
v -0.03662019 0.12243770 -0.03444653
v -0.03673267 0.12756561 -0.03953492
v -0.03640884 0.12764350 -0.03974324
v -0.03606331 0.12229430 -0.03458988
v -0.03589433 0.12769240 -0.04010796
v -0.03555011 0.12208480 -0.03479939
v -0.03562140 0.12767440 -0.04032069
v -0.03535926 0.12762161 -0.04054021
v -0.03509616 0.12181550 -0.03506875
v -0.03510624 0.12752970 -0.04076945
v -0.03488808 0.12740840 -0.04098474
v -0.03471523 0.12149440 -0.03538978
v -0.03470349 0.12726420 -0.04118418
v -0.03454041 0.12709101 -0.04137945
v -0.03441888 0.12113150 -0.03575265
v -0.03440135 0.12689100 -0.04156768
v -0.03428816 0.12666720 -0.04174613
v -0.03421622 0.12073780 -0.03614640
v -0.03420186 0.12642340 -0.04191273
v -0.03414243 0.12616320 -0.04206603
v -0.03411328 0.12032510 -0.03655910
v -0.03410917 0.12589090 -0.04220485
v -0.03410363 0.12551451 -0.04236680
v -0.03411322 0.11990610 -0.03697812
v -0.03413450 0.12516230 -0.04249191
v -0.03421604 0.11949340 -0.03739082
v -0.03421568 0.12472360 -0.04261696
v -0.03435808 0.12423190 -0.04272049
v -0.03441870 0.11909960 -0.03778457
v -0.03454798 0.12374950 -0.04278683
v -0.03471493 0.11873670 -0.03814750
v -0.03478002 0.12328120 -0.04281830
v -0.03493261 0.12301670 -0.04282128
v -0.03509581 0.11841580 -0.03846865
v -0.03509610 0.12275910 -0.04281234
v -0.02476745 0.20399921 0.05101484
v -0.01814496 0.20510539 0.04440557
v -0.02457314 0.20205390 0.04135119
v -0.01814073 0.20661069 0.05363512
v -0.03087037 0.20070210 0.04771858
v -0.03023809 0.19834851 0.03765028
v -0.03633737 0.19686520 0.04388290
v -0.03447961 0.19480060 0.03411054
v -0.04122924 0.19073831 0.03478997
v -0.03821510 0.19097200 0.03029352
v -0.04116368 0.19260851 0.03962796
v -0.04476314 0.18643740 0.03048855
v -0.04168492 0.18661819 0.02595454
v -0.04383265 0.18340459 0.02275145
v -0.04535144 0.18802141 0.03504163
v -0.04892855 0.18317600 0.03019607
v -0.03705680 0.12745510 -0.03934133
v -0.03619956 0.13670960 -0.03525704
v -0.03673267 0.12756561 -0.03953492
v -0.03640884 0.12764350 -0.03974324
v -0.03769612 0.12714840 -0.03900134
v -0.03831219 0.12674271 -0.03872668
v -0.03650343 0.13729329 -0.03467327
v -0.03640311 0.13709851 -0.03486812
v -0.03630185 0.13690400 -0.03506267
v -0.03889310 0.12625310 -0.03851985
v -0.04383879 0.12564459 -0.03501361
v -0.03942775 0.12569150 -0.03838354
v -0.03990387 0.12506780 -0.03832107
v -0.03420186 0.12642340 -0.04191273
v -0.03428816 0.12666720 -0.04174613
v -0.03171867 0.12976471 -0.04220247
v -0.03414243 0.12616320 -0.04206603
v -0.03410917 0.12589090 -0.04220485
v -0.03410363 0.12551451 -0.04236680
v -0.04168969 0.12244460 -0.03822350
v -0.03439855 0.12919270 -0.04055261
v -0.03589433 0.12769240 -0.04010796
v -0.03562140 0.12767440 -0.04032069
v -0.03535926 0.12762161 -0.04054021
v -0.03510624 0.12752970 -0.04076945
v -0.03488808 0.12740840 -0.04098474
v -0.03470349 0.12726420 -0.04118418
v -0.03454041 0.12709101 -0.04137945
v -0.03440135 0.12689100 -0.04156768
v -0.02998805 0.12393730 -0.04578334
v -0.03413450 0.12516230 -0.04249191
v -0.02575010 0.12340670 -0.04855948
v -0.03086781 0.12110960 -0.04624307
v -0.03421568 0.12472360 -0.04261696
v -0.03435808 0.12423190 -0.04272049
v -0.03454798 0.12374950 -0.04278683
v -0.03478002 0.12328120 -0.04281830
v -0.03493261 0.12301670 -0.04282128
v -0.03509610 0.12275910 -0.04281234
v -0.03270703 0.11547180 -0.04707121
v -0.03262460 0.11267440 -0.04803341
v -0.03821659 0.11810970 -0.04257702
v -0.02460855 0.11914530 -0.05053460
v -0.02216523 0.12055060 -0.05141472
v -0.02508431 0.11621720 -0.05111104
v -0.01814448 0.11800470 -0.05396485
v -0.01814442 0.10398750 -0.05671226
v -0.02258467 0.10599350 -0.05471354
v -0.02606201 0.11035540 -0.05218017
v -0.02668535 0.10829860 -0.05240195
v -0.04476827 0.11790630 -0.03803914
v -0.04891955 0.11821600 -0.03477680
v -0.04168969 0.12244460 -0.03822350
v -0.04512315 0.11310970 -0.03988468
v -0.04218924 0.11333370 -0.04180389
v -0.04123193 0.11360660 -0.04233831
v -0.04117679 0.10881360 -0.04418534
v -0.03788727 0.11280930 -0.04481512
v -0.03821659 0.11810970 -0.04257702
v -0.03262460 0.11267440 -0.04803341
v -0.03904527 0.11008290 -0.04506224
v -0.03639197 0.10458020 -0.04840707
v -0.03459584 0.10983580 -0.04779714
v -0.03554826 0.10702080 -0.04813021
v -0.03100627 0.10703890 -0.05060368
v -0.02668535 0.10829860 -0.05240195
v -0.03173989 0.10414960 -0.05100911
v -0.03095901 0.10080220 -0.05227935
v -0.02705657 0.10447610 -0.05314636
v -0.02755731 0.10153550 -0.05359947
v -0.02481174 0.09741079 -0.05557185
v -0.02331364 0.10249480 -0.05513542
v -0.02258467 0.10599350 -0.05471354
v -0.01814442 0.10398750 -0.05671226
v -0.01815426 0.09477192 -0.05821043
v -0.02359354 0.09953272 -0.05560904
v 0.03679770 0.13727310 -0.03401565
v 0.03650921 0.13729070 -0.03467965
v 0.03691655 0.13757150 -0.03330534
v 0.03810822 0.13490731 -0.03430837
v 0.03959238 0.13242200 -0.03450852
v 0.04284244 0.12753370 -0.03438907
v 0.04113525 0.12996720 -0.03463101
v 0.04270833 0.12752961 -0.03470891
v 0.04891645 0.11821330 -0.03478181
v 0.04430109 0.12510391 -0.03475528
v 0.04590821 0.12268730 -0.03477728
v 0.04892456 0.11821530 -0.03475952
v 0.04752588 0.12027770 -0.03478038
v 0.00246918 0.16633160 -0.00795007
v 0.00269318 0.16615450 -0.00812721
v 0.00255656 0.16624430 -0.00803733
v 0.00239950 0.16643991 -0.00784176
v 0.00285530 0.16608550 -0.00819618
v 0.00235349 0.16657379 -0.00770789
v 0.00304532 0.16603450 -0.00824714
v 0.00285530 0.16608550 -0.00819618
v 0.00235349 0.16657379 -0.00770789
v 0.00234020 0.16667090 -0.00761074
v 0.00304532 0.16603450 -0.00824714
v 0.00235349 0.16657379 -0.00770789
v 0.00330853 0.16599689 -0.00828481
v 0.00233865 0.16680430 -0.00747740
v 0.00369799 0.16598620 -0.00829542
v 0.00330853 0.16599689 -0.00828481
v 0.00233865 0.16680430 -0.00747740
v 0.00475216 0.16634379 -0.00793791
v 0.00463945 0.16623370 -0.00804800
v 0.00455630 0.16617800 -0.00810367
v 0.00482732 0.16646950 -0.00781214
v 0.00455630 0.16617800 -0.00810367
v 0.00445437 0.16612630 -0.00815534
v 0.00482732 0.16646950 -0.00781214
v 0.00485379 0.16654579 -0.00773591
v 0.00445437 0.16612630 -0.00815534
v 0.00427550 0.16606340 -0.00821823
v 0.00482732 0.16646950 -0.00781214
v 0.00487006 0.16662841 -0.00765324
v 0.00427550 0.16606340 -0.00821823
v 0.00405413 0.16601670 -0.00826496
v 0.00487006 0.16662841 -0.00765324
v 0.00487584 0.16685110 -0.00743055
v 0.00233865 0.16680430 -0.00747740
v 0.00233865 0.16726990 -0.00701183
v 0.00487584 0.16685110 -0.00743055
v 0.00405413 0.16601670 -0.00826496
v 0.00369799 0.16598620 -0.00829542
v 0.00369799 0.16598620 -0.00829542
v 0.00487584 0.16685110 -0.00743055
v 0.00487006 0.16662841 -0.00765324
v 0.00405413 0.16601670 -0.00826496
v 0.00487584 0.16726990 -0.00701183
v 0.00487584 0.16685110 -0.00743055
v 0.00233865 0.16726990 -0.00701183
v 0.00230312 0.15438721 -0.01989459
v 0.00247365 0.15419990 -0.02008187
v 0.00237960 0.15428381 -0.01999801
v 0.00262171 0.15411191 -0.02016997
v 0.00224942 0.15451370 -0.01976805
v 0.00275117 0.15405940 -0.02022242
v 0.00222534 0.15466049 -0.01962125
v 0.00289959 0.15401670 -0.02026516
v 0.00275117 0.15405940 -0.02022242
v 0.00222534 0.15466049 -0.01962125
v 0.00306618 0.15398420 -0.02029758
v 0.00289959 0.15401670 -0.02026516
v 0.00222534 0.15466049 -0.01962125
v 0.00256073 0.15526161 -0.01902014
v 0.00234187 0.15507430 -0.01920741
v 0.00243652 0.15517470 -0.01910704
v 0.00256073 0.15526161 -0.01902014
v 0.00227469 0.15495890 -0.01932287
v 0.00234187 0.15507430 -0.01920741
v 0.00271869 0.15533531 -0.01894646
v 0.00223535 0.15482810 -0.01945364
v 0.00290376 0.15539160 -0.01889008
v 0.00222534 0.15466049 -0.01962125
v 0.00223535 0.15482810 -0.01945364
v 0.00290376 0.15539160 -0.01889008
v 0.00306618 0.15398420 -0.02029758
v 0.00222534 0.15466049 -0.01962125
v 0.00290376 0.15539160 -0.01889008
v 0.00317532 0.15543880 -0.01884287
v 0.00324875 0.15396230 -0.02031946
v 0.00306618 0.15398420 -0.02029758
v 0.00317532 0.15543880 -0.01884287
v 0.00306618 0.15398420 -0.02029758
v 0.00290376 0.15539160 -0.01889008
v 0.00357300 0.15546010 -0.01882159
v 0.00448459 0.15394901 -0.02033281
v 0.00357300 0.15546010 -0.01882159
v 0.00324875 0.15396230 -0.02031946
v 0.00317532 0.15543880 -0.01884287
v 0.00552499 0.15546010 -0.01882153
v 0.00643027 0.15394901 -0.02033275
v 0.00448459 0.15394901 -0.02033281
v 0.00357300 0.15546010 -0.01882159
v 0.00766069 0.15432809 -0.01995366
v 0.00756603 0.15422881 -0.02005290
v 0.00744158 0.15414301 -0.02013874
v 0.00772798 0.15444240 -0.01983934
v 0.00744158 0.15414301 -0.02013874
v 0.00728291 0.15407030 -0.02021139
v 0.00772798 0.15444240 -0.01983934
v 0.00776750 0.15457210 -0.01970958
v 0.00728291 0.15407030 -0.02021139
v 0.00709760 0.15401520 -0.02026653
v 0.00776750 0.15457210 -0.01970958
v 0.00772798 0.15444240 -0.01983934
v 0.00728291 0.15407030 -0.02021139
v 0.00675625 0.15544620 -0.01883548
v 0.00682616 0.15396941 -0.02031230
v 0.00643027 0.15394901 -0.02033275
v 0.00675625 0.15544620 -0.01883548
v 0.00643027 0.15394901 -0.02033275
v 0.00552499 0.15546010 -0.01882153
v 0.00777793 0.15473869 -0.01954293
v 0.00776750 0.15457210 -0.01970958
v 0.00709760 0.15401520 -0.02026653
v 0.00693995 0.15542340 -0.01885825
v 0.00709760 0.15401520 -0.02026653
v 0.00682616 0.15396941 -0.02031230
v 0.00693995 0.15542340 -0.01885825
v 0.00682616 0.15396941 -0.02031230
v 0.00675625 0.15544620 -0.01883548
v 0.00710732 0.15538970 -0.01889193
v 0.00777793 0.15473869 -0.01954293
v 0.00709760 0.15401520 -0.02026653
v 0.00710732 0.15538970 -0.01889193
v 0.00710732 0.15538970 -0.01889193
v 0.00775462 0.15488510 -0.01939660
v 0.00777793 0.15473869 -0.01954293
v 0.00725651 0.15534550 -0.01893615
v 0.00775462 0.15488510 -0.01939660
v 0.00710732 0.15538970 -0.01889193
v 0.00738645 0.15529130 -0.01899039
v 0.00770211 0.15501180 -0.01926988
v 0.00753355 0.15520141 -0.01908022
v 0.00762665 0.15511630 -0.01916539
v 0.00602227 0.15810210 -0.01617944
v 0.00592792 0.15815359 -0.01612788
v 0.00584274 0.15821651 -0.01606500
v 0.00576806 0.15829180 -0.01598978
v 0.00612479 0.15806100 -0.01622056
v 0.00630808 0.15801400 -0.01626747
v 0.00576806 0.15829180 -0.01598978
v 0.00568604 0.15841600 -0.01586556
v 0.00630808 0.15801400 -0.01626747
v 0.00563496 0.15855131 -0.01573020
v 0.00630808 0.15801400 -0.01626747
v 0.00568604 0.15841600 -0.01586556
v 0.00650686 0.15798990 -0.01629167
v 0.00748277 0.15823790 -0.01604354
v 0.00730979 0.15811279 -0.01616877
v 0.00718379 0.15805911 -0.01622235
v 0.00740749 0.15817329 -0.01610815
v 0.00757849 0.15836249 -0.01591902
v 0.00700372 0.15801311 -0.01626849
v 0.00762439 0.15845920 -0.01582229
v 0.00700372 0.15801311 -0.01626849
v 0.00679070 0.15798859 -0.01629292
v 0.00762439 0.15845920 -0.01582229
v 0.00757849 0.15836249 -0.01591902
v 0.00700372 0.15801311 -0.01626849
v 0.00765580 0.15856659 -0.01571488
v 0.00563496 0.15855131 -0.01573020
v 0.00560790 0.15874130 -0.01554018
v 0.00765580 0.15856659 -0.01571488
v 0.00679070 0.15798859 -0.01629292
v 0.00650686 0.15798990 -0.01629167
v 0.00765580 0.15856659 -0.01571488
v 0.00650686 0.15798990 -0.01629167
v 0.00563496 0.15855131 -0.01573020
v 0.00765580 0.15856659 -0.01571488
v 0.00679070 0.15798859 -0.01629292
v 0.00767594 0.15881760 -0.01546388
v 0.00560790 0.15874130 -0.01554018
v 0.00560725 0.15932640 -0.01495498
v 0.00767594 0.15881760 -0.01546388
v 0.00765580 0.15856659 -0.01571488
v 0.00560790 0.15874130 -0.01554018
v 0.00767594 0.15932640 -0.01495498
v 0.00767594 0.15881760 -0.01546388
v 0.00560725 0.15932640 -0.01495498
v 0.00263888 0.15829369 -0.01598793
v 0.00255912 0.15833990 -0.01594161
v 0.00248694 0.15839830 -0.01588326
v 0.00242424 0.15847149 -0.01581007
v 0.00281948 0.15822840 -0.01605314
v 0.00235945 0.15860140 -0.01568025
v 0.00301409 0.15819331 -0.01608824
v 0.00233793 0.15868761 -0.01559394
v 0.00232816 0.15877900 -0.01550251
v 0.00330204 0.15817890 -0.01610273
v 0.00301409 0.15819331 -0.01608824
v 0.00232816 0.15877900 -0.01550251
v 0.00417131 0.15844139 -0.01584011
v 0.00407559 0.15835690 -0.01592463
v 0.00399268 0.15830749 -0.01597404
v 0.00423974 0.15854250 -0.01573908
v 0.00389016 0.15826359 -0.01601791
v 0.00428021 0.15865891 -0.01562261
v 0.00389016 0.15826359 -0.01601791
v 0.00373870 0.15822101 -0.01606059
v 0.00428021 0.15865891 -0.01562261
v 0.00423974 0.15854250 -0.01573908
v 0.00389016 0.15826359 -0.01601791
v 0.00429296 0.15879110 -0.01549047
v 0.00232816 0.15877900 -0.01550251
v 0.00232726 0.15932649 -0.01495504
v 0.00429296 0.15879110 -0.01549047
v 0.00353897 0.15819040 -0.01609116
v 0.00330204 0.15817890 -0.01610273
v 0.00429296 0.15879110 -0.01549047
v 0.00373870 0.15822101 -0.01606059
v 0.00353897 0.15819040 -0.01609116
v 0.00429296 0.15879110 -0.01549047
v 0.00330204 0.15817890 -0.01610273
v 0.00232816 0.15877900 -0.01550251
v 0.00429296 0.15879110 -0.01549047
v 0.00429296 0.15932649 -0.01495504
v 0.03383880 0.16146120 -0.01281970
v 0.03339749 0.15482301 -0.01945757
v 0.03326469 0.16131710 -0.01296389
v 0.03334951 0.16814290 -0.00613844
v 0.00230306 0.16238710 -0.01189434
v 0.00247359 0.16219980 -0.01208162
v 0.00237960 0.16228370 -0.01199775
v 0.00262171 0.16211180 -0.01216971
v 0.00224936 0.16251360 -0.01176786
v 0.00275141 0.16205920 -0.01222229
v 0.00262171 0.16211180 -0.01216971
v 0.00224936 0.16251360 -0.01176786
v 0.00222528 0.16266049 -0.01162105
v 0.00289947 0.16201660 -0.01226484
v 0.00275141 0.16205920 -0.01222229
v 0.00222528 0.16266049 -0.01162105
v 0.00306571 0.16198421 -0.01229727
v 0.00289947 0.16201660 -0.01226484
v 0.00222528 0.16266049 -0.01162105
v 0.00256067 0.16326170 -0.01101982
v 0.00234187 0.16307430 -0.01120716
v 0.00243646 0.16317479 -0.01110678
v 0.00227469 0.16295891 -0.01132261
v 0.00271863 0.16333529 -0.01094615
v 0.00223535 0.16282821 -0.01145339
v 0.00227469 0.16295891 -0.01132261
v 0.00271863 0.16333529 -0.01094615
v 0.00290370 0.16339169 -0.01088976
v 0.00222528 0.16266049 -0.01162105
v 0.00223535 0.16282821 -0.01145339
v 0.00290370 0.16339169 -0.01088976
v 0.00306571 0.16198421 -0.01229727
v 0.00222528 0.16266049 -0.01162105
v 0.00290370 0.16339169 -0.01088976
v 0.00223535 0.16282821 -0.01145339
v 0.00271863 0.16333529 -0.01094615
v 0.00317526 0.16343890 -0.01084262
v 0.00324863 0.16196220 -0.01231920
v 0.00306571 0.16198421 -0.01229727
v 0.00317526 0.16343890 -0.01084262
v 0.00306571 0.16198421 -0.01229727
v 0.00290370 0.16339169 -0.01088976
v 0.00357300 0.16346020 -0.01082128
v 0.00448453 0.16194890 -0.01233249
v 0.00324863 0.16196220 -0.01231920
v 0.00357300 0.16346020 -0.01082128
v 0.00324863 0.16196220 -0.01231920
v 0.00317526 0.16343890 -0.01084262
v 0.00552505 0.16346020 -0.01082128
v 0.00643021 0.16194890 -0.01233249
v 0.00448453 0.16194890 -0.01233249
v 0.00766069 0.16232800 -0.01195341
v 0.00756598 0.16222870 -0.01205265
v 0.00744152 0.16214290 -0.01213848
v 0.00772792 0.16244230 -0.01183909
v 0.00744152 0.16214290 -0.01213848
v 0.00728291 0.16207030 -0.01221114
v 0.00772792 0.16244230 -0.01183909
v 0.00776744 0.16257210 -0.01170933
v 0.00728291 0.16207030 -0.01221114
v 0.00709754 0.16201510 -0.01226627
v 0.00776744 0.16257210 -0.01170933
v 0.00772792 0.16244230 -0.01183909
v 0.00728291 0.16207030 -0.01221114
v 0.00675690 0.16344620 -0.01083523
v 0.00682616 0.16196930 -0.01231205
v 0.00643021 0.16194890 -0.01233249
v 0.00675690 0.16344620 -0.01083523
v 0.00643021 0.16194890 -0.01233249
v 0.00552505 0.16346020 -0.01082128
v 0.00777787 0.16273870 -0.01154273
v 0.00776744 0.16257210 -0.01170933
v 0.00709754 0.16201510 -0.01226627
v 0.00694078 0.16342340 -0.01085811
v 0.00709754 0.16201510 -0.01226627
v 0.00682616 0.16196930 -0.01231205
v 0.00694078 0.16342340 -0.01085811
v 0.00710768 0.16338970 -0.01089173
v 0.00777787 0.16273870 -0.01154273
v 0.00709754 0.16201510 -0.01226627
v 0.00710768 0.16338970 -0.01089173
v 0.00709754 0.16201510 -0.01226627
v 0.00694078 0.16342340 -0.01085811
v 0.00710768 0.16338970 -0.01089173
v 0.00775456 0.16288510 -0.01139634
v 0.00777787 0.16273870 -0.01154273
v 0.00725645 0.16334561 -0.01093584
v 0.00775456 0.16288510 -0.01139634
v 0.00710768 0.16338970 -0.01089173
v 0.00738651 0.16329131 -0.01099014
v 0.00770211 0.16301180 -0.01126962
v 0.00753355 0.16320150 -0.01107996
v 0.00762665 0.16311631 -0.01116514
v 0.04048007 0.14723700 -0.02364087
v 0.03691655 0.13757150 -0.03330534
v 0.03640782 0.13852820 -0.03306567
v 0.03594261 0.13947390 -0.03268110
v 0.03540599 0.14071470 -0.03201025
v 0.03485906 0.14240891 -0.03085577
v 0.03441661 0.14460909 -0.02909141
v 0.03369247 0.15066899 -0.02355086
v 0.03339749 0.15482301 -0.01945757
v 0.04194664 0.15717430 -0.01370435
v 0.03383880 0.16146120 -0.01281970
v 0.04147160 0.16701689 -0.00386244
v 0.03334951 0.16814290 -0.00613844
v 0.03980499 0.17445301 0.00357342
v 0.03402578 0.17504950 0.00100481
v 0.03488028 0.17930040 0.00602657
v 0.03543388 0.18044570 0.00771695
v 0.03611004 0.18123420 0.00924098
v 0.03650259 0.18152200 0.01002478
v 0.03692513 0.18170390 0.01082408
v 0.00233865 0.16645069 -0.00712383
v 0.00233865 0.16691630 -0.00665832
v 0.00233865 0.16726990 -0.00701183
v 0.00233865 0.16680430 -0.00747740
v 0.00234014 0.16631880 -0.00725573
v 0.00233865 0.16645069 -0.00712383
v 0.00234020 0.16667090 -0.00761074
v 0.00235349 0.16622031 -0.00735438
v 0.00235349 0.16657379 -0.00770789
v 0.00239950 0.16643991 -0.00784176
v 0.00239950 0.16608641 -0.00748825
v 0.00246918 0.16597800 -0.00759655
v 0.00246918 0.16633160 -0.00795007
v 0.00255656 0.16624430 -0.00803733
v 0.00255656 0.16589080 -0.00768375
v 0.00269318 0.16580090 -0.00777370
v 0.00269318 0.16615450 -0.00812721
v 0.00285530 0.16608550 -0.00819618
v 0.00285530 0.16573200 -0.00784260
v 0.00304526 0.16568100 -0.00789362
v 0.00304532 0.16603450 -0.00824714
v 0.00330853 0.16564330 -0.00793123
v 0.00330853 0.16599689 -0.00828481
v 0.00369793 0.16563269 -0.00794184
v 0.00369799 0.16598620 -0.00829542
v 0.00405413 0.16566309 -0.00791138
v 0.00405413 0.16601670 -0.00826496
v 0.00427550 0.16606340 -0.00821823
v 0.00427550 0.16570990 -0.00786471
v 0.00445437 0.16612630 -0.00815534
v 0.00445437 0.16577271 -0.00780183
v 0.00455630 0.16582440 -0.00775009
v 0.00455630 0.16617800 -0.00810367
v 0.00463945 0.16623370 -0.00804800
v 0.00463945 0.16588010 -0.00769442
v 0.00475216 0.16634379 -0.00793791
v 0.00475216 0.16599020 -0.00758433
v 0.00482732 0.16646950 -0.00781214
v 0.00482726 0.16611589 -0.00745857
v 0.00485379 0.16654579 -0.00773591
v 0.00485414 0.16619360 -0.00738096
v 0.00487006 0.16662841 -0.00765324
v 0.00487030 0.16627640 -0.00729811
v 0.00487584 0.16685110 -0.00743055
v 0.00487584 0.16649750 -0.00707704
v 0.00487584 0.16726990 -0.00701183
v 0.00487584 0.16685110 -0.00743055
v 0.00487584 0.16691630 -0.00665826
v 0.00487584 0.16691630 -0.00665826
v 0.00487584 0.16726990 -0.00701183
v 0.00233865 0.16726990 -0.00701183
v 0.00487584 0.16691630 -0.00665826
v 0.00233865 0.16726990 -0.00701183
v 0.00233865 0.16691630 -0.00665832
v 0.00552499 0.15510660 -0.01846802
v 0.00357300 0.15546010 -0.01882159
v 0.00357300 0.15510660 -0.01846802
v 0.00552499 0.15546010 -0.01882153
v 0.00357300 0.15546010 -0.01882159
v 0.00552499 0.15510660 -0.01846802
v 0.00675625 0.15544620 -0.01883548
v 0.00675625 0.15509260 -0.01848191
v 0.00693995 0.15506980 -0.01850473
v 0.00552499 0.15510660 -0.01846802
v 0.00552499 0.15546010 -0.01882153
v 0.00693995 0.15542340 -0.01885825
v 0.00710732 0.15503620 -0.01853841
v 0.00710732 0.15538970 -0.01889193
v 0.00725651 0.15499189 -0.01858264
v 0.00725651 0.15534550 -0.01893615
v 0.00738645 0.15493770 -0.01863682
v 0.00738645 0.15529130 -0.01899039
v 0.00753355 0.15520141 -0.01908022
v 0.00753355 0.15484791 -0.01872670
v 0.00762665 0.15511630 -0.01916539
v 0.00762665 0.15476270 -0.01881182
v 0.00770211 0.15501180 -0.01926988
v 0.00770211 0.15465820 -0.01891636
v 0.00775462 0.15453149 -0.01904302
v 0.00775462 0.15488510 -0.01939660
v 0.00777787 0.15438519 -0.01918941
v 0.00777793 0.15473869 -0.01954293
v 0.00776750 0.15421860 -0.01935601
v 0.00776750 0.15457210 -0.01970958
v 0.00772798 0.15408880 -0.01948577
v 0.00772798 0.15444240 -0.01983934
v 0.00766069 0.15397450 -0.01960009
v 0.00766069 0.15432809 -0.01995366
v 0.00756598 0.15387520 -0.01969939
v 0.00756603 0.15422881 -0.02005290
v 0.00744158 0.15378940 -0.01978516
v 0.00744158 0.15414301 -0.02013874
v 0.00728291 0.15371680 -0.01985782
v 0.00728291 0.15407030 -0.02021139
v 0.00709760 0.15401520 -0.02026653
v 0.00709760 0.15366159 -0.01991301
v 0.00682616 0.15361580 -0.01995879
v 0.00682616 0.15396941 -0.02031230
v 0.00643027 0.15394901 -0.02033275
v 0.00643021 0.15359540 -0.01997923
v 0.00448459 0.15394901 -0.02033281
v 0.00643027 0.15394901 -0.02033275
v 0.00643021 0.15359540 -0.01997923
v 0.00448459 0.15394901 -0.02033281
v 0.00643021 0.15359540 -0.01997923
v 0.00448459 0.15359540 -0.01997923
v 0.00324875 0.15396230 -0.02031946
v 0.00448459 0.15359540 -0.01997923
v 0.00324875 0.15360869 -0.01996594
v 0.00448459 0.15394901 -0.02033281
v 0.00306618 0.15398420 -0.02029758
v 0.00306618 0.15363060 -0.01994407
v 0.00289959 0.15401670 -0.02026516
v 0.00289953 0.15366310 -0.01991158
v 0.00275117 0.15405940 -0.02022242
v 0.00275117 0.15370581 -0.01986891
v 0.00262171 0.15411191 -0.02016997
v 0.00262171 0.15375830 -0.01981639
v 0.00247365 0.15419990 -0.02008187
v 0.00247359 0.15384629 -0.01972836
v 0.00237960 0.15428381 -0.01999801
v 0.00237960 0.15393031 -0.01964443
v 0.00230312 0.15438721 -0.01989459
v 0.00230312 0.15403371 -0.01954102
v 0.00224942 0.15451370 -0.01976805
v 0.00224942 0.15416020 -0.01941454
v 0.00222534 0.15466049 -0.01962125
v 0.00222534 0.15430699 -0.01926773
v 0.00223535 0.15482810 -0.01945364
v 0.00223535 0.15447460 -0.01910006
v 0.00227469 0.15495890 -0.01932287
v 0.00227469 0.15460530 -0.01896929
v 0.00234187 0.15507430 -0.01920741
v 0.00234187 0.15472069 -0.01885390
v 0.00243652 0.15517470 -0.01910704
v 0.00243652 0.15482110 -0.01875352
v 0.00256073 0.15526161 -0.01902014
v 0.00256073 0.15490811 -0.01866656
v 0.00271869 0.15498170 -0.01859289
v 0.00271869 0.15533531 -0.01894646
v 0.00290376 0.15503810 -0.01853650
v 0.00290376 0.15539160 -0.01889008
v 0.00317532 0.15543880 -0.01884287
v 0.00317532 0.15508530 -0.01848936
v 0.00357300 0.15546010 -0.01882159
v 0.00357300 0.15510660 -0.01846802
v 0.00767594 0.15932640 -0.01495498
v 0.00560725 0.15932640 -0.01495498
v 0.00560725 0.15897290 -0.01460146
v 0.00767594 0.15897290 -0.01460146
v 0.00767594 0.15932640 -0.01495498
v 0.00560725 0.15897290 -0.01460146
v 0.00767594 0.15881760 -0.01546388
v 0.00767594 0.15897290 -0.01460146
v 0.00767594 0.15846400 -0.01511037
v 0.00767594 0.15932640 -0.01495498
v 0.00765580 0.15856659 -0.01571488
v 0.00767594 0.15846400 -0.01511037
v 0.00765580 0.15821300 -0.01536130
v 0.00767594 0.15881760 -0.01546388
v 0.00762439 0.15845920 -0.01582229
v 0.00762439 0.15810560 -0.01546871
v 0.00757849 0.15836249 -0.01591902
v 0.00757843 0.15800890 -0.01556551
v 0.00748271 0.15788440 -0.01568996
v 0.00748277 0.15823790 -0.01604354
v 0.00740749 0.15781979 -0.01575464
v 0.00740749 0.15817329 -0.01610815
v 0.00730979 0.15811279 -0.01616877
v 0.00730979 0.15775920 -0.01581519
v 0.00718379 0.15805911 -0.01622235
v 0.00718379 0.15770561 -0.01586884
v 0.00700372 0.15801311 -0.01626849
v 0.00700372 0.15765950 -0.01591491
v 0.00679070 0.15763500 -0.01593941
v 0.00679070 0.15798859 -0.01629292
v 0.00650686 0.15798990 -0.01629167
v 0.00650686 0.15763630 -0.01593816
v 0.00630808 0.15801400 -0.01626747
v 0.00630808 0.15766050 -0.01591396
v 0.00612479 0.15806100 -0.01622056
v 0.00612479 0.15770739 -0.01586699
v 0.00602227 0.15810210 -0.01617944
v 0.00602227 0.15774851 -0.01582592
v 0.00592792 0.15780009 -0.01577436
v 0.00592792 0.15815359 -0.01612788
v 0.00584274 0.15786301 -0.01571148
v 0.00584274 0.15821651 -0.01606500
v 0.00576806 0.15793820 -0.01563620
v 0.00576806 0.15829180 -0.01598978
v 0.00568604 0.15841600 -0.01586556
v 0.00568604 0.15806240 -0.01551198
v 0.00563496 0.15855131 -0.01573020
v 0.00563496 0.15819781 -0.01537662
v 0.00560790 0.15874130 -0.01554018
v 0.00560790 0.15838771 -0.01518666
v 0.00560725 0.15932640 -0.01495498
v 0.00560725 0.15897290 -0.01460146
v 0.00429296 0.15897290 -0.01460146
v 0.00429296 0.15932649 -0.01495504
v 0.00232726 0.15932649 -0.01495504
v 0.00429296 0.15897290 -0.01460146
v 0.00232726 0.15932649 -0.01495504
v 0.00232726 0.15897290 -0.01460152
v 0.00429296 0.15843751 -0.01513695
v 0.00429296 0.15932649 -0.01495504
v 0.00429296 0.15897290 -0.01460146
v 0.00429296 0.15879110 -0.01549047
v 0.00429296 0.15843751 -0.01513695
v 0.00428021 0.15830541 -0.01526904
v 0.00429296 0.15879110 -0.01549047
v 0.00428021 0.15865891 -0.01562261
v 0.00423974 0.15818889 -0.01538550
v 0.00423974 0.15854250 -0.01573908
v 0.00417131 0.15808789 -0.01548653
v 0.00417131 0.15844139 -0.01584011
v 0.00407559 0.15800330 -0.01557111
v 0.00407559 0.15835690 -0.01592463
v 0.00399268 0.15830749 -0.01597404
v 0.00399268 0.15795390 -0.01562052
v 0.00389016 0.15826359 -0.01601791
v 0.00389016 0.15791009 -0.01566433
v 0.00373870 0.15822101 -0.01606059
v 0.00373870 0.15786740 -0.01570707
v 0.00353897 0.15783679 -0.01573765
v 0.00353897 0.15819040 -0.01609116
v 0.00330204 0.15782531 -0.01574915
v 0.00330204 0.15817890 -0.01610273
v 0.00301409 0.15819331 -0.01608824
v 0.00301409 0.15783980 -0.01573473
v 0.00281948 0.15787479 -0.01569962
v 0.00281948 0.15822840 -0.01605314
v 0.00263888 0.15794010 -0.01563435
v 0.00263888 0.15829369 -0.01598793
v 0.00255912 0.15798640 -0.01558810
v 0.00255912 0.15833990 -0.01594161
v 0.00248688 0.15804480 -0.01552975
v 0.00248694 0.15839830 -0.01588326
v 0.00242424 0.15811791 -0.01545655
v 0.00242424 0.15847149 -0.01581007
v 0.00235945 0.15860140 -0.01568025
v 0.00235945 0.15824780 -0.01532667
v 0.00233793 0.15833411 -0.01524037
v 0.00233793 0.15868761 -0.01559394
v 0.00232816 0.15877900 -0.01550251
v 0.00232816 0.15842550 -0.01514899
v 0.00232726 0.15932649 -0.01495504
v 0.00232726 0.15897290 -0.01460152
v 0.03339749 0.15482301 -0.01945757
v 0.03258609 0.16198421 -0.01359081
v 0.03326469 0.16131710 -0.01296389
v 0.03289705 0.15258510 -0.02298974
v 0.03369247 0.15066899 -0.02355086
v 0.03352338 0.14655121 -0.02875989
v 0.03441661 0.14460909 -0.02909141
v 0.03413277 0.14304259 -0.03172999
v 0.03485906 0.14240891 -0.03085577
v 0.03482198 0.14081180 -0.03329151
v 0.03540599 0.14071470 -0.03201025
v 0.03549730 0.13926660 -0.03410649
v 0.03594261 0.13947390 -0.03268110
v 0.03640782 0.13852820 -0.03306567
v 0.03600513 0.13826691 -0.03446549
v 0.03691655 0.13757150 -0.03330534
v 0.03650921 0.13729070 -0.03467965
v 0.03334951 0.16814290 -0.00613844
v 0.03326469 0.16131710 -0.01296389
v 0.03289717 0.17138299 -0.00419158
v 0.03402578 0.17504950 0.00100481
v 0.03341382 0.17659611 0.00121933
v 0.03390753 0.17942169 0.00445861
v 0.03488028 0.17930040 0.00602657
v 0.03449249 0.18116900 0.00676215
v 0.03543388 0.18044570 0.00771695
v 0.03496634 0.18196370 0.00802952
v 0.03611004 0.18123420 0.00924098
v 0.03556180 0.18259470 0.00931573
v 0.03650259 0.18152200 0.01002478
v 0.03625130 0.18299340 0.01061642
v 0.03692513 0.18170390 0.01082408
v 0.00552505 0.16346020 -0.01082128
v 0.00357300 0.16346020 -0.01082128
v 0.00357300 0.16310669 -0.01046776
v 0.00552505 0.16346020 -0.01082128
v 0.00357300 0.16310669 -0.01046776
v 0.00605798 0.16310661 -0.01046770
v 0.00675690 0.16344620 -0.01083523
v 0.00605798 0.16310661 -0.01046770
v 0.00655377 0.16310480 -0.01046955
v 0.00685710 0.16308179 -0.01049256
v 0.00552505 0.16346020 -0.01082128
v 0.00694078 0.16342340 -0.01085811
v 0.00710356 0.16303720 -0.01053720
v 0.00710768 0.16338970 -0.01089173
v 0.00725645 0.16334561 -0.01093584
v 0.00728565 0.16298130 -0.01059299
v 0.00738651 0.16329131 -0.01099014
v 0.00743657 0.16291140 -0.01066291
v 0.00753355 0.16320150 -0.01107996
v 0.00752836 0.16285180 -0.01072251
v 0.00760412 0.16278639 -0.01078790
v 0.00762665 0.16311631 -0.01116514
v 0.00769466 0.16267100 -0.01090335
v 0.00770211 0.16301180 -0.01126962
v 0.00775194 0.16254060 -0.01103377
v 0.00775456 0.16288510 -0.01139634
v 0.00777787 0.16238479 -0.01118952
v 0.00777787 0.16273870 -0.01154273
v 0.00776911 0.16222771 -0.01134657
v 0.00776744 0.16257210 -0.01170933
v 0.00773263 0.16209979 -0.01147443
v 0.00772792 0.16244230 -0.01183909
v 0.00768727 0.16201261 -0.01156169
v 0.00766069 0.16232800 -0.01195341
v 0.00762987 0.16193710 -0.01163715
v 0.00756598 0.16222870 -0.01205265
v 0.00756449 0.16187391 -0.01170039
v 0.00744152 0.16214290 -0.01213848
v 0.00743324 0.16178469 -0.01178956
v 0.00728291 0.16207030 -0.01221114
v 0.00727260 0.16171300 -0.01186138
v 0.00709754 0.16201510 -0.01226627
v 0.00707465 0.16165631 -0.01191800
v 0.00692236 0.16162831 -0.01194602
v 0.00682616 0.16196930 -0.01231205
v 0.00675583 0.16160880 -0.01196551
v 0.00643021 0.16194890 -0.01233249
v 0.00643021 0.16159540 -0.01197898
v 0.00448453 0.16194890 -0.01233249
v 0.00643021 0.16194890 -0.01233249
v 0.00643021 0.16159540 -0.01197898
v 0.00319529 0.16161381 -0.01196056
v 0.00448453 0.16194890 -0.01233249
v 0.00643021 0.16159540 -0.01197898
v 0.00324863 0.16196220 -0.01231920
v 0.00306571 0.16198421 -0.01229727
v 0.00295746 0.16165011 -0.01192420
v 0.00289947 0.16201660 -0.01226484
v 0.00275040 0.16170600 -0.01186841
v 0.00275141 0.16205920 -0.01222229
v 0.00262171 0.16211180 -0.01216971
v 0.00259256 0.16177270 -0.01180171
v 0.00247359 0.16219980 -0.01208162
v 0.00246209 0.16185500 -0.01171940
v 0.00237960 0.16228370 -0.01199775
v 0.00236183 0.16195020 -0.01162415
v 0.00230306 0.16238710 -0.01189434
v 0.00229239 0.16205290 -0.01152145
v 0.00224936 0.16251360 -0.01176786
v 0.00224364 0.16218150 -0.01139289
v 0.00222528 0.16266049 -0.01162105
v 0.00222433 0.16233440 -0.01124006
v 0.00223535 0.16282821 -0.01145339
v 0.00223941 0.16249500 -0.01107949
v 0.00227469 0.16295891 -0.01132261
v 0.00228500 0.16262780 -0.01094657
v 0.00234187 0.16307430 -0.01120716
v 0.00233495 0.16271140 -0.01086300
v 0.00239539 0.16278289 -0.01079154
v 0.00243646 0.16317479 -0.01110678
v 0.00252265 0.16288510 -0.01068937
v 0.00256067 0.16326170 -0.01101982
v 0.00267047 0.16296241 -0.01061195
v 0.00271863 0.16333529 -0.01094615
v 0.00283754 0.16302089 -0.01055353
v 0.00290370 0.16339169 -0.01088976
v 0.00307089 0.16307120 -0.01050323
v 0.00317526 0.16343890 -0.01084262
v 0.00332171 0.16309860 -0.01047581
v 0.00357300 0.16346020 -0.01082128
v 0.00357300 0.16310669 -0.01046776
v 0.02924877 0.14188240 -0.03369307
v 0.02924948 0.13370740 -0.04094529
v 0.02790057 0.13522020 -0.04006773
v 0.02707678 0.13605779 -0.03944557
v 0.02630066 0.13678160 -0.03879415
v 0.03413277 0.14304259 -0.03172999
v 0.03143471 0.14717190 -0.02840322
v 0.03482198 0.14081180 -0.03329151
v 0.03549730 0.13926660 -0.03410649
v 0.03022783 0.13248789 -0.04145950
v 0.03600513 0.13826691 -0.03446549
v 0.03112500 0.13124500 -0.04180645
v 0.03352338 0.14655121 -0.02875989
v 0.03650921 0.13729070 -0.03467965
v 0.03189367 0.13002311 -0.04194658
v 0.03289705 0.15258510 -0.02298974
v 0.02380633 0.13341700 -0.04215902
v 0.02224391 0.12793221 -0.04719084
v 0.02163285 0.12926070 -0.04620045
v 0.02106535 0.13039491 -0.04518109
v 0.02318757 0.12568030 -0.04852026
v 0.02707678 0.13605779 -0.03944557
v 0.02630066 0.13678160 -0.03879415
v 0.02790057 0.13522020 -0.04006773
v 0.02844828 0.12599580 -0.04597353
v 0.02440273 0.12225880 -0.04971009
v 0.02384400 0.12393750 -0.04926836
v 0.02924948 0.13370740 -0.04094529
v 0.03022783 0.13248789 -0.04145950
v 0.03112500 0.13124500 -0.04180645
v 0.03189367 0.13002311 -0.04194658
v 0.03650897 0.18307281 0.01110267
v 0.03077644 0.19068711 0.01762884
v 0.03154104 0.19079509 0.01882565
v 0.03625130 0.18299340 0.01061642
v 0.02984040 0.19041561 0.01644998
v 0.02879631 0.19000240 0.01532119
v 0.03556180 0.18259470 0.00931573
v 0.02891737 0.18274550 0.00717068
v 0.03496634 0.18196370 0.00802952
v 0.03449249 0.18116900 0.00676215
v 0.02734583 0.18926880 0.01394939
v 0.02646583 0.18872510 0.01319986
v 0.02565026 0.18813071 0.01255565
v 0.03390753 0.17942169 0.00445861
v 0.03131788 0.17713641 0.00156170
v 0.03341382 0.17659611 0.00121933
v 0.03289717 0.17138299 -0.00419158
v 0.03692513 0.18170390 0.01082408
v 0.03625130 0.18299340 0.01061642
v 0.03650897 0.18307281 0.01110267
v 0.03885853 0.18336350 0.01512444
v 0.04892897 0.18317270 0.03019666
v 0.04242783 0.18274429 0.02020627
v 0.03985977 0.18341009 0.01671737
v 0.04893559 0.18315411 0.03019535
v 0.04291820 0.13962550 -0.02696102
v 0.04284244 0.12753370 -0.03438907
v 0.03691655 0.13757150 -0.03330534
v 0.04048007 0.14723700 -0.02364087
v 0.04659068 0.13531440 -0.02667582
v 0.05030310 0.13107060 -0.02627164
v 0.05446225 0.12876330 -0.02421396
v 0.04892456 0.11821530 -0.03475952
v 0.05763697 0.13956660 -0.01340556
v 0.04611325 0.15420911 -0.01217013
v 0.04194664 0.15717430 -0.01370435
v 0.04147160 0.16701689 -0.00386244
v 0.05035990 0.15137020 -0.01041787
v 0.05762094 0.16191910 0.00895482
v 0.05869919 0.15068381 -0.00227123
v 0.05458283 0.14856210 -0.00865358
v 0.04406750 0.17218129 0.00573921
v 0.03980499 0.17445301 0.00357342
v 0.04797154 0.17138229 0.00950706
v 0.04216492 0.17739150 0.01085227
v 0.03692513 0.18170390 0.01082408
v 0.04242783 0.18274429 0.02020627
v 0.05190241 0.17051390 0.01324492
v 0.05442702 0.17271900 0.01974499
v 0.04570621 0.17719950 0.01521104
v 0.04932785 0.17688870 0.01955002
v 0.04893559 0.18315411 0.03019535
v 0.00255656 0.16589080 -0.00768375
v 0.00156188 0.16515730 -0.00841731
v 0.00136524 0.16534381 -0.00823074
v 0.00269318 0.16580090 -0.00777370
v 0.00178993 0.16500190 -0.00857264
v 0.00156188 0.16515730 -0.00841731
v 0.00269318 0.16580090 -0.00777370
v 0.00208998 0.16485700 -0.00871748
v 0.00178993 0.16500190 -0.00857264
v 0.00269318 0.16580090 -0.00777370
v 0.00156188 0.16515730 -0.00841731
v 0.00255656 0.16589080 -0.00768375
v 0.00246918 0.16597800 -0.00759655
v 0.00136524 0.16534381 -0.00823074
v 0.00119603 0.16557950 -0.00799507
v 0.00246918 0.16597800 -0.00759655
v 0.00255656 0.16589080 -0.00768375
v 0.00136524 0.16534381 -0.00823074
v 0.00285530 0.16573200 -0.00784260
v 0.00246346 0.16473749 -0.00883704
v 0.00208998 0.16485700 -0.00871748
v 0.00285530 0.16573200 -0.00784260
v 0.00208998 0.16485700 -0.00871748
v 0.00269318 0.16580090 -0.00777370
v 0.00239950 0.16608641 -0.00748825
v 0.00109345 0.16580179 -0.00777280
v 0.00103146 0.16602930 -0.00754523
v 0.00239950 0.16608641 -0.00748825
v 0.00119603 0.16557950 -0.00799507
v 0.00109345 0.16580179 -0.00777280
v 0.00239950 0.16608641 -0.00748825
v 0.00246918 0.16597800 -0.00759655
v 0.00119603 0.16557950 -0.00799507
v 0.00304526 0.16568100 -0.00789362
v 0.00289524 0.16465600 -0.00891852
v 0.00246346 0.16473749 -0.00883704
v 0.00304526 0.16568100 -0.00789362
v 0.00246346 0.16473749 -0.00883704
v 0.00285530 0.16573200 -0.00784260
v 0.00235349 0.16622031 -0.00735438
v 0.00103146 0.16602930 -0.00754523
v 0.00100315 0.16627529 -0.00729930
v 0.00235349 0.16622031 -0.00735438
v 0.00239950 0.16608641 -0.00748825
v 0.00103146 0.16602930 -0.00754523
v 0.00234014 0.16631880 -0.00725573
v 0.00235349 0.16622031 -0.00735438
v 0.00100315 0.16627529 -0.00729930
v 0.00330853 0.16564330 -0.00793123
v 0.00337410 0.16461670 -0.00895780
v 0.00289524 0.16465600 -0.00891852
v 0.00330853 0.16564330 -0.00793123
v 0.00289524 0.16465600 -0.00891852
v 0.00304526 0.16568100 -0.00789362
v 0.00233865 0.16645069 -0.00712383
v 0.00234014 0.16631880 -0.00725573
v 0.00100315 0.16627529 -0.00729930
v 0.00369793 0.16563269 -0.00794184
v 0.00386935 0.16461970 -0.00895476
v 0.00337410 0.16461670 -0.00895780
v 0.00369793 0.16563269 -0.00794184
v 0.00337410 0.16461670 -0.00895780
v 0.00330853 0.16564330 -0.00793123
v 0.00405413 0.16566309 -0.00791138
v 0.00386935 0.16461970 -0.00895476
v 0.00369793 0.16563269 -0.00794184
v 0.00405413 0.16566309 -0.00791138
v 0.00435722 0.16466621 -0.00890827
v 0.00386935 0.16461970 -0.00895476
v 0.00233865 0.16691630 -0.00665832
v 0.00233865 0.16645069 -0.00712383
v 0.00100315 0.16627529 -0.00729930
v 0.00100130 0.16791029 -0.00566435
v 0.00233865 0.16691630 -0.00665832
v 0.00100315 0.16627529 -0.00729930
v 0.00427550 0.16570990 -0.00786471
v 0.00483048 0.16476581 -0.00880867
v 0.00435722 0.16466621 -0.00890827
v 0.00405413 0.16566309 -0.00791138
v 0.00445437 0.16577271 -0.00780183
v 0.00483048 0.16476581 -0.00880867
v 0.00427550 0.16570990 -0.00786471
v 0.00445437 0.16577271 -0.00780183
v 0.00518674 0.16489160 -0.00868285
v 0.00483048 0.16476581 -0.00880867
v 0.00445437 0.16577271 -0.00780183
v 0.00545537 0.16503020 -0.00854427
v 0.00518674 0.16489160 -0.00868285
v 0.00455630 0.16582440 -0.00775009
v 0.00545537 0.16503020 -0.00854427
v 0.00445437 0.16577271 -0.00780183
v 0.00566947 0.16518240 -0.00839216
v 0.00545537 0.16503020 -0.00854427
v 0.00455630 0.16582440 -0.00775009
v 0.00566947 0.16518240 -0.00839216
v 0.00455630 0.16582440 -0.00775009
v 0.00463945 0.16588010 -0.00769442
v 0.00582766 0.16533260 -0.00824189
v 0.00566947 0.16518240 -0.00839216
v 0.00463945 0.16588010 -0.00769442
v 0.00475216 0.16599020 -0.00758433
v 0.00596154 0.16550200 -0.00807250
v 0.00582766 0.16533260 -0.00824189
v 0.00475216 0.16599020 -0.00758433
v 0.00596154 0.16550200 -0.00807250
v 0.00482726 0.16611589 -0.00745857
v 0.00596154 0.16550200 -0.00807250
v 0.00482726 0.16611589 -0.00745857
v 0.00485414 0.16619360 -0.00738096
v 0.00487584 0.16691630 -0.00665826
v 0.00233865 0.16691630 -0.00665832
v 0.00100130 0.16791029 -0.00566435
v 0.00621301 0.16646381 -0.00711077
v 0.00596154 0.16550200 -0.00807250
v 0.00485414 0.16619360 -0.00738096
v 0.00621301 0.16646381 -0.00711077
v 0.00485414 0.16619360 -0.00738096
v 0.00487030 0.16627640 -0.00729811
v 0.00621301 0.16646381 -0.00711077
v 0.00487030 0.16627640 -0.00729811
v 0.00487584 0.16649750 -0.00707704
v 0.00621301 0.16691630 -0.00665826
v 0.00621301 0.16646381 -0.00711077
v 0.00487584 0.16649750 -0.00707704
v 0.00621301 0.16691630 -0.00665826
v 0.00487584 0.16649750 -0.00707704
v 0.00487584 0.16691630 -0.00665826
v 0.00900179 0.16545340 -0.00812095
v 0.00900179 0.16436240 -0.00921196
v 0.00596154 0.16550200 -0.00807250
v 0.00900179 0.16545340 -0.00812095
v 0.00900173 0.16791029 -0.00566423
v 0.00900179 0.16691630 -0.00665826
v 0.00621301 0.16691630 -0.00665826
v 0.00900173 0.16791029 -0.00566423
v 0.00487584 0.16691630 -0.00665826
v 0.00100130 0.16791029 -0.00566435
v 0.00487584 0.16691630 -0.00665826
v 0.00244772 0.14467460 -0.02890056
v 0.00137526 0.14402400 -0.02955120
v 0.00118136 0.14421339 -0.02936184
v 0.00244772 0.14467460 -0.02890056
v 0.00156891 0.14388600 -0.02968919
v 0.00137526 0.14402400 -0.02955120
v 0.00257581 0.14459769 -0.02897751
v 0.00176471 0.14377891 -0.02979636
v 0.00156891 0.14388600 -0.02968919
v 0.00257581 0.14459769 -0.02897751
v 0.00198126 0.14368680 -0.02988845
v 0.00176471 0.14377891 -0.02979636
v 0.00257581 0.14459769 -0.02897751
v 0.00156891 0.14388600 -0.02968919
v 0.00244772 0.14467460 -0.02890056
v 0.00234872 0.14476541 -0.02880972
v 0.00118136 0.14421339 -0.02936184
v 0.00102925 0.14443021 -0.02914506
v 0.00234872 0.14476541 -0.02880972
v 0.00244772 0.14467460 -0.02890056
v 0.00118136 0.14421339 -0.02936184
v 0.00273734 0.14453450 -0.02904063
v 0.00221777 0.14360970 -0.02996557
v 0.00198126 0.14368680 -0.02988845
v 0.00273734 0.14453450 -0.02904063
v 0.00256270 0.14352991 -0.03004533
v 0.00221777 0.14360970 -0.02996557
v 0.00273734 0.14453450 -0.02904063
v 0.00198126 0.14368680 -0.02988845
v 0.00257581 0.14459769 -0.02897751
v 0.00227505 0.14487250 -0.02870267
v 0.00234872 0.14476541 -0.02880972
v 0.00102925 0.14443021 -0.02914506
v 0.00227505 0.14487250 -0.02870267
v 0.00102925 0.14443021 -0.02914506
v 0.00092079 0.14467449 -0.02890062
v 0.00294054 0.14448540 -0.02908974
v 0.00256270 0.14352991 -0.03004533
v 0.00273734 0.14453450 -0.02904063
v 0.00294054 0.14448540 -0.02908974
v 0.00290126 0.14348049 -0.03009468
v 0.00256270 0.14352991 -0.03004533
v 0.00222254 0.14501239 -0.02856272
v 0.00227505 0.14487250 -0.02870267
v 0.00092079 0.14467449 -0.02890062
v 0.00222254 0.14501239 -0.02856272
v 0.00092079 0.14467449 -0.02890062
v 0.00085779 0.14494680 -0.02862834
v 0.00326455 0.14444670 -0.02912837
v 0.00290126 0.14348049 -0.03009468
v 0.00294054 0.14448540 -0.02908974
v 0.00326455 0.14444670 -0.02912837
v 0.00326455 0.14345230 -0.03012293
v 0.00290126 0.14348049 -0.03009468
v 0.00220156 0.14520280 -0.02837228
v 0.00220156 0.14520280 -0.02837228
v 0.00085779 0.14494680 -0.02862834
v 0.00084219 0.14524610 -0.02832907
v 0.00221854 0.14534460 -0.02823054
v 0.00084219 0.14524610 -0.02832907
v 0.00087550 0.14553531 -0.02803987
v 0.00221854 0.14534460 -0.02823054
v 0.00220156 0.14520280 -0.02837228
v 0.00084219 0.14524610 -0.02832907
v 0.00226432 0.14546271 -0.02811241
v 0.00095576 0.14579500 -0.02778011
v 0.00108021 0.14602600 -0.02754908
v 0.00087550 0.14553531 -0.02803987
v 0.00221854 0.14534460 -0.02823054
v 0.00233603 0.14556280 -0.02801233
v 0.00233603 0.14556280 -0.02801233
v 0.00108021 0.14602600 -0.02754908
v 0.00124127 0.14622369 -0.02735143
v 0.00243252 0.14564741 -0.02792775
v 0.00233603 0.14556280 -0.02801233
v 0.00124127 0.14622369 -0.02735143
v 0.00142133 0.14638160 -0.02719348
v 0.00243252 0.14564741 -0.02792775
v 0.00124127 0.14622369 -0.02735143
v 0.00164926 0.14652801 -0.02704715
v 0.00243252 0.14564741 -0.02792775
v 0.00142133 0.14638160 -0.02719348
v 0.00164926 0.14652801 -0.02704715
v 0.00255495 0.14571840 -0.02785670
v 0.00243252 0.14564741 -0.02792775
v 0.00193244 0.14665800 -0.02691704
v 0.00255495 0.14571840 -0.02785670
v 0.00164926 0.14652801 -0.02704715
v 0.00193244 0.14665800 -0.02691704
v 0.00270367 0.14577571 -0.02779942
v 0.00255495 0.14571840 -0.02785670
v 0.00225764 0.14676060 -0.02681446
v 0.00270367 0.14577571 -0.02779942
v 0.00193244 0.14665800 -0.02691704
v 0.00225764 0.14676060 -0.02681446
v 0.00290507 0.14582381 -0.02775132
v 0.00270367 0.14577571 -0.02779942
v 0.00274652 0.14685100 -0.02672410
v 0.00290507 0.14582381 -0.02775132
v 0.00225764 0.14676060 -0.02681446
v 0.00274652 0.14685100 -0.02672410
v 0.00311434 0.14585081 -0.02772426
v 0.00290507 0.14582381 -0.02775132
v 0.00673914 0.14442401 -0.02915114
v 0.00727910 0.14336570 -0.03020948
v 0.00673914 0.14331260 -0.03026252
v 0.00334644 0.14688860 -0.02668642
v 0.00334489 0.14586210 -0.02771300
v 0.00311434 0.14585081 -0.02772426
v 0.00334644 0.14688860 -0.02668642
v 0.00311434 0.14585081 -0.02772426
v 0.00274652 0.14685100 -0.02672410
v 0.00693589 0.14444570 -0.02912944
v 0.00727910 0.14336570 -0.03020948
v 0.00673914 0.14442401 -0.02915114
v 0.00711334 0.14447840 -0.02909672
v 0.00773406 0.14346440 -0.03011071
v 0.00727910 0.14336570 -0.03020948
v 0.00711334 0.14447840 -0.02909672
v 0.00727910 0.14336570 -0.03020948
v 0.00693589 0.14444570 -0.02912944
v 0.00729257 0.14453059 -0.02904450
v 0.00807840 0.14358550 -0.02998965
v 0.00773406 0.14346440 -0.03011071
v 0.00729257 0.14453059 -0.02904450
v 0.00835198 0.14372399 -0.02985113
v 0.00807840 0.14358550 -0.02998965
v 0.00729257 0.14453059 -0.02904450
v 0.00773406 0.14346440 -0.03011071
v 0.00711334 0.14447840 -0.02909672
v 0.00551551 0.14586250 -0.02771252
v 0.00744712 0.14460090 -0.02897417
v 0.00850135 0.14382270 -0.02975237
v 0.00835198 0.14372399 -0.02985113
v 0.00744712 0.14460090 -0.02897417
v 0.00835198 0.14372399 -0.02985113
v 0.00729257 0.14453059 -0.02904450
v 0.00866532 0.14395919 -0.02961593
v 0.00744712 0.14460090 -0.02897417
v 0.00754339 0.14466511 -0.02890998
v 0.00866532 0.14395919 -0.02961593
v 0.00850135 0.14382270 -0.02975237
v 0.00744712 0.14460090 -0.02897417
v 0.00881100 0.14411770 -0.02945739
v 0.00754339 0.14466511 -0.02890998
v 0.00763780 0.14475660 -0.02881848
v 0.00881100 0.14411770 -0.02945739
v 0.00866532 0.14395919 -0.02961593
v 0.00754339 0.14466511 -0.02890998
v 0.00891143 0.14426100 -0.02931404
v 0.00881100 0.14411770 -0.02945739
v 0.00763780 0.14475660 -0.02881848
v 0.00901467 0.14446349 -0.02911156
v 0.00763780 0.14475660 -0.02881848
v 0.00772005 0.14488859 -0.02868640
v 0.00901467 0.14446349 -0.02911156
v 0.00891143 0.14426100 -0.02931404
v 0.00763780 0.14475660 -0.02881848
v 0.00909621 0.14472340 -0.02885168
v 0.00901467 0.14446349 -0.02911156
v 0.00772005 0.14488859 -0.02868640
v 0.00909621 0.14472340 -0.02885168
v 0.00772005 0.14488859 -0.02868640
v 0.00776356 0.14502721 -0.02854788
v 0.00913596 0.14501961 -0.02855545
v 0.00909621 0.14472340 -0.02885168
v 0.00776356 0.14502721 -0.02854788
v 0.00913596 0.14501961 -0.02855545
v 0.00776356 0.14502721 -0.02854788
v 0.00777864 0.14520630 -0.02836877
v 0.00677824 0.14688540 -0.02668958
v 0.00646472 0.14586250 -0.02771252
v 0.00551551 0.14586250 -0.02771252
v 0.00677824 0.14688540 -0.02668958
v 0.00692934 0.14584599 -0.02772897
v 0.00646472 0.14586250 -0.02771252
v 0.00677824 0.14688540 -0.02668958
v 0.00551551 0.14586250 -0.02771252
v 0.00334644 0.14688860 -0.02668642
v 0.00912845 0.14533870 -0.02823632
v 0.00913596 0.14501961 -0.02855545
v 0.00777864 0.14520630 -0.02836877
v 0.00912845 0.14533870 -0.02823632
v 0.00777864 0.14520630 -0.02836877
v 0.00775975 0.14534740 -0.02822768
v 0.00717658 0.14685540 -0.02671957
v 0.00692934 0.14584599 -0.02772897
v 0.00677824 0.14688540 -0.02668958
v 0.00907302 0.14562380 -0.02795118
v 0.00912845 0.14533870 -0.02823632
v 0.00775975 0.14534740 -0.02822768
v 0.00907302 0.14562380 -0.02795118
v 0.00775975 0.14534740 -0.02822768
v 0.00771075 0.14546920 -0.02810585
v 0.00751376 0.14680231 -0.02677267
v 0.00692934 0.14584599 -0.02772897
v 0.00717658 0.14685540 -0.02671957
v 0.00717098 0.14580600 -0.02776902
v 0.00897539 0.14587180 -0.02770322
v 0.00907302 0.14562380 -0.02795118
v 0.00771075 0.14546920 -0.02810585
v 0.00897539 0.14587180 -0.02770322
v 0.00771075 0.14546920 -0.02810585
v 0.00762600 0.14558080 -0.02799421
v 0.00782400 0.14672540 -0.02684950
v 0.00782400 0.14672540 -0.02684950
v 0.00735187 0.14575110 -0.02782392
v 0.00717098 0.14580600 -0.02776902
v 0.00884122 0.14608520 -0.02748978
v 0.00897539 0.14587180 -0.02770322
v 0.00762600 0.14558080 -0.02799421
v 0.00805467 0.14664580 -0.02692914
v 0.00735187 0.14575110 -0.02782392
v 0.00827736 0.14654450 -0.02703046
v 0.00735187 0.14575110 -0.02782392
v 0.00805467 0.14664580 -0.02692914
v 0.00827736 0.14654450 -0.02703046
v 0.00750089 0.14567859 -0.02789646
v 0.00735187 0.14575110 -0.02782392
v 0.00867635 0.14626680 -0.02730822
v 0.00884122 0.14608520 -0.02748978
v 0.00762600 0.14558080 -0.02799421
v 0.00867635 0.14626680 -0.02730822
v 0.00762600 0.14558080 -0.02799421
v 0.00750089 0.14567859 -0.02789646
v 0.00848651 0.14641900 -0.02715599
v 0.00750089 0.14567859 -0.02789646
v 0.00827736 0.14654450 -0.02703046
v 0.00848651 0.14641900 -0.02715599
v 0.00867635 0.14626680 -0.02730822
v 0.00750089 0.14567859 -0.02789646
v 0.00325006 0.14036350 -0.03321182
v 0.00263834 0.13989320 -0.03368216
v 0.00233185 0.13994659 -0.03362882
v 0.00325006 0.14036350 -0.03321182
v 0.00294030 0.13986330 -0.03371208
v 0.00263834 0.13989320 -0.03368216
v 0.00325006 0.14036350 -0.03321182
v 0.00326449 0.13985200 -0.03372341
v 0.00294030 0.13986330 -0.03371208
v 0.00242597 0.14104450 -0.03253084
v 0.00136626 0.14037180 -0.03320360
v 0.00119328 0.14053360 -0.03304183
v 0.00242597 0.14104450 -0.03253084
v 0.00156784 0.14023320 -0.03334224
v 0.00136626 0.14037180 -0.03320360
v 0.00233555 0.14112200 -0.03245335
v 0.00119328 0.14053360 -0.03304183
v 0.00105095 0.14071991 -0.03285545
v 0.00242597 0.14104450 -0.03253084
v 0.00254834 0.14097691 -0.03259849
v 0.00179642 0.14011650 -0.03345894
v 0.00156784 0.14023320 -0.03334224
v 0.00254834 0.14097691 -0.03259849
v 0.00205129 0.14002100 -0.03355437
v 0.00179642 0.14011650 -0.03345894
v 0.00254834 0.14097691 -0.03259849
v 0.00227225 0.14120610 -0.03236925
v 0.00105095 0.14071991 -0.03285545
v 0.00094228 0.14093269 -0.03264266
v 0.00227225 0.14120610 -0.03236925
v 0.00233555 0.14112200 -0.03245335
v 0.00105095 0.14071991 -0.03285545
v 0.00270760 0.14092250 -0.03265285
v 0.00233185 0.13994659 -0.03362882
v 0.00205129 0.14002100 -0.03355437
v 0.00270760 0.14092250 -0.03265285
v 0.00325006 0.14036350 -0.03321182
v 0.00233185 0.13994659 -0.03362882
v 0.00254834 0.14097691 -0.03259849
v 0.00223148 0.14129430 -0.03228110
v 0.00094228 0.14093269 -0.03264266
v 0.00087096 0.14117441 -0.03240102
v 0.00223148 0.14129430 -0.03228110
v 0.00227225 0.14120610 -0.03236925
v 0.00094228 0.14093269 -0.03264266
v 0.00290441 0.14088599 -0.03268933
v 0.00325006 0.14036350 -0.03321182
v 0.00220376 0.14142850 -0.03214681
v 0.00087096 0.14117441 -0.03240102
v 0.00084186 0.14144740 -0.03212791
v 0.00220376 0.14142850 -0.03214681
v 0.00223148 0.14129430 -0.03228110
v 0.00087096 0.14117441 -0.03240102
v 0.00321048 0.14074270 -0.03283262
v 0.00315017 0.14087030 -0.03270506
v 0.00321048 0.14074270 -0.03283262
v 0.00290441 0.14088599 -0.03268933
v 0.00220835 0.14157771 -0.03199762
v 0.00084186 0.14144740 -0.03212791
v 0.00085778 0.14170811 -0.03186726
v 0.00220835 0.14157771 -0.03199762
v 0.00220376 0.14142850 -0.03214681
v 0.00084186 0.14144740 -0.03212791
v 0.00224298 0.14170440 -0.03187090
v 0.00085778 0.14170811 -0.03186726
v 0.00091580 0.14195190 -0.03162348
v 0.00224298 0.14170440 -0.03187090
v 0.00220835 0.14157771 -0.03199762
v 0.00085778 0.14170811 -0.03186726
v 0.00224298 0.14170440 -0.03187090
v 0.00091580 0.14195190 -0.03162348
v 0.00101459 0.14217940 -0.03139597
v 0.00229907 0.14180650 -0.03176879
v 0.00224298 0.14170440 -0.03187090
v 0.00101459 0.14217940 -0.03139597
v 0.00229907 0.14180650 -0.03176879
v 0.00101459 0.14217940 -0.03139597
v 0.00115275 0.14238749 -0.03118783
v 0.00236523 0.14188281 -0.03169250
v 0.00229907 0.14180650 -0.03176879
v 0.00115275 0.14238749 -0.03118783
v 0.00236523 0.14188281 -0.03169250
v 0.00115275 0.14238749 -0.03118783
v 0.00134450 0.14258710 -0.03098821
v 0.00243413 0.14193860 -0.03163671
v 0.00236523 0.14188281 -0.03169250
v 0.00134450 0.14258710 -0.03098821
v 0.00153404 0.14272940 -0.03084588
v 0.00243413 0.14193860 -0.03163671
v 0.00134450 0.14258710 -0.03098821
v 0.00257647 0.14201240 -0.03156292
v 0.00243413 0.14193860 -0.03163671
v 0.00153404 0.14272940 -0.03084588
v 0.00176960 0.14285859 -0.03071665
v 0.00257647 0.14201240 -0.03156292
v 0.00153404 0.14272940 -0.03084588
v 0.00198644 0.14294450 -0.03063076
v 0.00257647 0.14201240 -0.03156292
v 0.00176960 0.14285859 -0.03071665
v 0.00227267 0.14302149 -0.03055381
v 0.00257647 0.14201240 -0.03156292
v 0.00198644 0.14294450 -0.03063076
v 0.00227267 0.14302149 -0.03055381
v 0.00275153 0.14205860 -0.03151667
v 0.00257647 0.14201240 -0.03156292
v 0.00261199 0.14307100 -0.03050422
v 0.00275153 0.14205860 -0.03151667
v 0.00227267 0.14302149 -0.03055381
v 0.00261199 0.14307100 -0.03050422
v 0.00285035 0.14207040 -0.03150492
v 0.00275153 0.14205860 -0.03151667
v 0.00294900 0.14308430 -0.03049093
v 0.00308448 0.14207040 -0.03150492
v 0.00295597 0.14207441 -0.03150099
v 0.00294900 0.14308430 -0.03049093
v 0.00294900 0.14308430 -0.03049093
v 0.00295597 0.14207441 -0.03150099
v 0.00285035 0.14207040 -0.03150492
v 0.00617880 0.14103840 -0.03253692
v 0.00544584 0.14015560 -0.03341978
v 0.00508505 0.14039481 -0.03318053
v 0.00598669 0.14117990 -0.03239536
v 0.00508505 0.14039481 -0.03318053
v 0.00460613 0.14084160 -0.03273373
v 0.00598669 0.14117990 -0.03239536
v 0.00617880 0.14103840 -0.03253692
v 0.00508505 0.14039481 -0.03318053
v 0.00337183 0.14305601 -0.03051924
v 0.00320983 0.14205161 -0.03152370
v 0.00308448 0.14207040 -0.03150492
v 0.00337183 0.14305601 -0.03051924
v 0.00308448 0.14207040 -0.03150492
v 0.00294900 0.14308430 -0.03049093
v 0.00639486 0.14091910 -0.03265619
v 0.00544584 0.14015560 -0.03341978
v 0.00617880 0.14103840 -0.03253692
v 0.00639486 0.14091910 -0.03265619
v 0.00573242 0.14002040 -0.03355497
v 0.00544584 0.14015560 -0.03341978
v 0.00579423 0.14135420 -0.03222113
v 0.00460613 0.14084160 -0.03273373
v 0.00403327 0.14150740 -0.03206789
v 0.00579423 0.14135420 -0.03222113
v 0.00598669 0.14117990 -0.03239536
v 0.00460613 0.14084160 -0.03273373
v 0.00650209 0.14087580 -0.03269958
v 0.00604099 0.13992190 -0.03365343
v 0.00573242 0.14002040 -0.03355497
v 0.00650209 0.14087580 -0.03269958
v 0.00573242 0.14002040 -0.03355497
v 0.00639486 0.14091910 -0.03265619
v 0.00661033 0.14084250 -0.03273278
v 0.00636369 0.13986219 -0.03371310
v 0.00604099 0.13992190 -0.03365343
v 0.00661033 0.14084250 -0.03273278
v 0.00671548 0.14082040 -0.03275495
v 0.00678504 0.13983659 -0.03373879
v 0.00636369 0.13986219 -0.03371310
v 0.00671548 0.14082040 -0.03275495
v 0.00636369 0.13986219 -0.03371310
v 0.00661033 0.14084250 -0.03273278
v 0.00370514 0.14299230 -0.03058290
v 0.00320983 0.14205161 -0.03152370
v 0.00337183 0.14305601 -0.03051924
v 0.00682259 0.14080800 -0.03276729
v 0.00678504 0.13983659 -0.03373879
v 0.00671548 0.14082040 -0.03275495
v 0.00693506 0.14080580 -0.03276950
v 0.00713652 0.13985281 -0.03372257
v 0.00678504 0.13983659 -0.03373879
v 0.00693506 0.14080580 -0.03276950
v 0.00678504 0.13983659 -0.03373879
v 0.00682259 0.14080800 -0.03276729
v 0.00396955 0.14291000 -0.03066521
v 0.00336105 0.14200780 -0.03156745
v 0.00320983 0.14205161 -0.03152370
v 0.00396955 0.14291000 -0.03066521
v 0.00320983 0.14205161 -0.03152370
v 0.00370514 0.14299230 -0.03058290
v 0.00511616 0.14211120 -0.03146404
v 0.00403327 0.14150740 -0.03206789
v 0.00373047 0.14179450 -0.03178089
v 0.00579423 0.14135420 -0.03222113
v 0.00422364 0.14279960 -0.03077566
v 0.00352633 0.14193159 -0.03164368
v 0.00336105 0.14200780 -0.03156745
v 0.00422364 0.14279960 -0.03077566
v 0.00336105 0.14200780 -0.03156745
v 0.00396955 0.14291000 -0.03066521
v 0.00705796 0.14081261 -0.03276270
v 0.00754315 0.13991950 -0.03365588
v 0.00713652 0.13985281 -0.03372257
v 0.00705796 0.14081261 -0.03276270
v 0.00713652 0.13985281 -0.03372257
v 0.00693506 0.14080580 -0.03276950
v 0.00470239 0.14249220 -0.03108310
v 0.00373047 0.14179450 -0.03178089
v 0.00362813 0.14186920 -0.03170609
v 0.00470239 0.14249220 -0.03108310
v 0.00511616 0.14211120 -0.03146404
v 0.00373047 0.14179450 -0.03178089
v 0.00446570 0.14266160 -0.03091371
v 0.00362813 0.14186920 -0.03170609
v 0.00352633 0.14193159 -0.03164368
v 0.00446570 0.14266160 -0.03091371
v 0.00352633 0.14193159 -0.03164368
v 0.00422364 0.14279960 -0.03077566
v 0.00470239 0.14249220 -0.03108310
v 0.00724310 0.14084290 -0.03273242
v 0.00792473 0.14003120 -0.03354412
v 0.00754315 0.13991950 -0.03365588
v 0.00724310 0.14084290 -0.03273242
v 0.00754315 0.13991950 -0.03365588
v 0.00705796 0.14081261 -0.03276270
v 0.00738931 0.14089000 -0.03268527
v 0.00824976 0.14017490 -0.03340041
v 0.00792473 0.14003120 -0.03354412
v 0.00738931 0.14089000 -0.03268527
v 0.00792473 0.14003120 -0.03354412
v 0.00724310 0.14084290 -0.03273242
v 0.00751466 0.14095549 -0.03261983
v 0.00824976 0.14017490 -0.03340041
v 0.00738931 0.14089000 -0.03268527
v 0.00852555 0.14034890 -0.03322643
v 0.00824976 0.14017490 -0.03340041
v 0.00751466 0.14095549 -0.03261983
v 0.00761914 0.14103960 -0.03253561
v 0.00852555 0.14034890 -0.03322643
v 0.00751466 0.14095549 -0.03261983
v 0.00874466 0.14054319 -0.03303205
v 0.00852555 0.14034890 -0.03322643
v 0.00761914 0.14103960 -0.03253561
v 0.00874466 0.14054319 -0.03303205
v 0.00761914 0.14103960 -0.03253561
v 0.00770175 0.14114401 -0.03243118
v 0.00890851 0.14074831 -0.03282701
v 0.00874466 0.14054319 -0.03303205
v 0.00770175 0.14114401 -0.03243118
v 0.00903404 0.14097960 -0.03259563
v 0.00770175 0.14114401 -0.03243118
v 0.00775951 0.14127000 -0.03230524
v 0.00903404 0.14097960 -0.03259563
v 0.00890851 0.14074831 -0.03282701
v 0.00770175 0.14114401 -0.03243118
v 0.00911736 0.14123350 -0.03234177
v 0.00903404 0.14097960 -0.03259563
v 0.00775951 0.14127000 -0.03230524
v 0.00911736 0.14123350 -0.03234177
v 0.00775951 0.14127000 -0.03230524
v 0.00778764 0.14141260 -0.03216272
v 0.00915098 0.14143130 -0.03214389
v 0.00911736 0.14123350 -0.03234177
v 0.00778764 0.14141260 -0.03216272
v 0.00915098 0.14143130 -0.03214389
v 0.00778764 0.14141260 -0.03216272
v 0.00778109 0.14159590 -0.03197938
v 0.00916189 0.14163560 -0.03193962
v 0.00774485 0.14172719 -0.03184807
v 0.00692880 0.14329670 -0.03027850
v 0.00673920 0.14217940 -0.03139585
v 0.00673914 0.14329711 -0.03027802
v 0.00692880 0.14329670 -0.03027850
v 0.00702566 0.14215989 -0.03141528
v 0.00673920 0.14217940 -0.03139585
v 0.00714976 0.14328580 -0.03028935
v 0.00702566 0.14215989 -0.03141528
v 0.00692880 0.14329670 -0.03027850
v 0.00912768 0.14198880 -0.03158646
v 0.00916189 0.14163560 -0.03193962
v 0.00774485 0.14172719 -0.03184807
v 0.00912768 0.14198880 -0.03158646
v 0.00774485 0.14172719 -0.03184807
v 0.00768262 0.14184080 -0.03173440
v 0.00745648 0.14325181 -0.03032332
v 0.00722945 0.14212030 -0.03145498
v 0.00702566 0.14215989 -0.03141528
v 0.00745648 0.14325181 -0.03032332
v 0.00702566 0.14215989 -0.03141528
v 0.00714976 0.14328580 -0.03028935
v 0.00774485 0.14319681 -0.03037828
v 0.00722945 0.14212030 -0.03145498
v 0.00745648 0.14325181 -0.03032332
v 0.00903129 0.14228889 -0.03128635
v 0.00759560 0.14193730 -0.03163790
v 0.00796330 0.14313699 -0.03043812
v 0.00722945 0.14212030 -0.03145498
v 0.00774485 0.14319681 -0.03037828
v 0.00796330 0.14313699 -0.03043812
v 0.00734138 0.14208481 -0.03149044
v 0.00722945 0.14212030 -0.03145498
v 0.00889933 0.14251710 -0.03105807
v 0.00903129 0.14228889 -0.03128635
v 0.00759560 0.14193730 -0.03163790
v 0.00817811 0.14305881 -0.03051638
v 0.00734138 0.14208481 -0.03149044
v 0.00796330 0.14313699 -0.03043812
v 0.00874978 0.14269130 -0.03088390
v 0.00889933 0.14251710 -0.03105807
v 0.00759560 0.14193730 -0.03163790
v 0.00874978 0.14269130 -0.03088390
v 0.00759560 0.14193730 -0.03163790
v 0.00748283 0.14201839 -0.03155678
v 0.00838417 0.14295989 -0.03061527
v 0.00734138 0.14208481 -0.03149044
v 0.00817811 0.14305881 -0.03051638
v 0.00838417 0.14295989 -0.03061527
v 0.00748283 0.14201839 -0.03155678
v 0.00734138 0.14208481 -0.03149044
v 0.00857639 0.14283811 -0.03073704
v 0.00874978 0.14269130 -0.03088390
v 0.00748283 0.14201839 -0.03155678
v 0.00857639 0.14283811 -0.03073704
v 0.00748283 0.14201839 -0.03155678
v 0.00838417 0.14295989 -0.03061527
v 0.00900179 0.14749409 -0.02608078
v 0.00100148 0.14749409 -0.02608090
v 0.00100148 0.14848810 -0.02508687
v 0.00900179 0.14848810 -0.02508676
v 0.00233859 0.15009020 -0.02348470
v 0.00233859 0.14895070 -0.02462422
v 0.00100130 0.14895080 -0.02462422
v 0.00100124 0.15224791 -0.02132689
v 0.00233859 0.15110850 -0.02246642
v 0.00233859 0.15009020 -0.02348470
v 0.00233859 0.15224791 -0.02132689
v 0.00233859 0.15110850 -0.02246642
v 0.00100124 0.15224791 -0.02132689
v 0.00900173 0.15009020 -0.02348464
v 0.00900173 0.15110840 -0.02246636
v 0.00900173 0.15009020 -0.02348464
v 0.00247359 0.15384629 -0.01972836
v 0.00141024 0.15316761 -0.02040714
v 0.00125921 0.15330970 -0.02026504
v 0.00247359 0.15384629 -0.01972836
v 0.00158268 0.15304080 -0.02053397
v 0.00141024 0.15316761 -0.02040714
v 0.00262171 0.15375830 -0.01981639
v 0.00158268 0.15304080 -0.02053397
v 0.00247359 0.15384629 -0.01972836
v 0.00177532 0.15292910 -0.02064561
v 0.00262171 0.15375830 -0.01981639
v 0.00198692 0.15283260 -0.02074211
v 0.00177532 0.15292910 -0.02064561
v 0.00237960 0.15393031 -0.01964443
v 0.00247359 0.15384629 -0.01972836
v 0.00125921 0.15330970 -0.02026504
v 0.00237960 0.15393031 -0.01964443
v 0.00113076 0.15346710 -0.02010762
v 0.00102609 0.15363990 -0.01993489
v 0.00237960 0.15393031 -0.01964443
v 0.00125921 0.15330970 -0.02026504
v 0.00113076 0.15346710 -0.02010762
v 0.00275117 0.15370581 -0.01986891
v 0.00221634 0.15275130 -0.02082347
v 0.00198692 0.15283260 -0.02074211
v 0.00275117 0.15370581 -0.01986891
v 0.00198692 0.15283260 -0.02074211
v 0.00262171 0.15375830 -0.01981639
v 0.00230312 0.15403371 -0.01954102
v 0.00237960 0.15393031 -0.01964443
v 0.00102609 0.15363990 -0.01993489
v 0.00094397 0.15383530 -0.01973938
v 0.00289953 0.15366310 -0.01991158
v 0.00246233 0.15268500 -0.02088975
v 0.00289953 0.15366310 -0.01991158
v 0.00221634 0.15275130 -0.02082347
v 0.00275117 0.15370581 -0.01986891
v 0.00224942 0.15416020 -0.01941454
v 0.00088000 0.15411100 -0.01946371
v 0.00306618 0.15363060 -0.01994407
v 0.00246233 0.15268500 -0.02088975
v 0.00289953 0.15366310 -0.01991158
v 0.00306618 0.15363060 -0.01994407
v 0.00281405 0.15261979 -0.02095490
v 0.00246233 0.15268500 -0.02088975
v 0.00222534 0.15430699 -0.01926773
v 0.00088000 0.15411100 -0.01946371
v 0.00086544 0.15441290 -0.01916182
v 0.00222534 0.15430699 -0.01926773
v 0.00224942 0.15416020 -0.01941454
v 0.00088000 0.15411100 -0.01946371
v 0.00324875 0.15360869 -0.01996594
v 0.00340283 0.15257140 -0.02100330
v 0.00281405 0.15261979 -0.02095490
v 0.00324875 0.15360869 -0.01996594
v 0.00281405 0.15261979 -0.02095490
v 0.00306618 0.15363060 -0.01994407
v 0.00223535 0.15447460 -0.01910006
v 0.00086544 0.15441290 -0.01916182
v 0.00090104 0.15470441 -0.01887029
v 0.00223535 0.15447460 -0.01910006
v 0.00222534 0.15430699 -0.01926773
v 0.00086544 0.15441290 -0.01916182
v 0.00227469 0.15460530 -0.01896929
v 0.00090104 0.15470441 -0.01887029
v 0.00098438 0.15496869 -0.01860600
v 0.00227469 0.15460530 -0.01896929
v 0.00234187 0.15472069 -0.01885390
v 0.00098438 0.15496869 -0.01860600
v 0.00111276 0.15520570 -0.01836889
v 0.00234187 0.15472069 -0.01885390
v 0.00227469 0.15460530 -0.01896929
v 0.00098438 0.15496869 -0.01860600
v 0.00243652 0.15482110 -0.01875352
v 0.00111276 0.15520570 -0.01836889
v 0.00128353 0.15541570 -0.01815891
v 0.00243652 0.15482110 -0.01875352
v 0.00234187 0.15472069 -0.01885390
v 0.00111276 0.15520570 -0.01836889
v 0.00149399 0.15559870 -0.01797598
v 0.00243652 0.15482110 -0.01875352
v 0.00128353 0.15541570 -0.01815891
v 0.00256073 0.15490811 -0.01866656
v 0.00243652 0.15482110 -0.01875352
v 0.00149399 0.15559870 -0.01797598
v 0.00448459 0.15359540 -0.01997923
v 0.00459844 0.15256910 -0.02100563
v 0.00340283 0.15257140 -0.02100330
v 0.00448459 0.15359540 -0.01997923
v 0.00340283 0.15257140 -0.02100330
v 0.00174147 0.15575460 -0.01782006
v 0.00271869 0.15498170 -0.01859289
v 0.00256073 0.15490811 -0.01866656
v 0.00174147 0.15575460 -0.01782006
v 0.00256073 0.15490811 -0.01866656
v 0.00149399 0.15559870 -0.01797598
v 0.00205666 0.15589620 -0.01767838
v 0.00271869 0.15498170 -0.01859289
v 0.00174147 0.15575460 -0.01782006
v 0.00205666 0.15589620 -0.01767838
v 0.00290376 0.15503810 -0.01853650
v 0.00271869 0.15498170 -0.01859289
v 0.00245214 0.15601480 -0.01755982
v 0.00290376 0.15503810 -0.01853650
v 0.00205666 0.15589620 -0.01767838
v 0.00643021 0.15359540 -0.01997923
v 0.00643027 0.15256910 -0.02100557
v 0.00459844 0.15256910 -0.02100563
v 0.00643021 0.15359540 -0.01997923
v 0.00459844 0.15256910 -0.02100563
v 0.00292712 0.15609691 -0.01747763
v 0.00317532 0.15508530 -0.01848936
v 0.00292712 0.15609691 -0.01747763
v 0.00290376 0.15503810 -0.01853650
v 0.00245214 0.15601480 -0.01755982
v 0.00682616 0.15361580 -0.01995879
v 0.00707424 0.15260489 -0.02096968
v 0.00643027 0.15256910 -0.02100557
v 0.00643021 0.15359540 -0.01997923
v 0.00357300 0.15613300 -0.01744157
v 0.00357300 0.15510660 -0.01846802
v 0.00317532 0.15508530 -0.01848936
v 0.00357300 0.15613300 -0.01744157
v 0.00317532 0.15508530 -0.01848936
v 0.00292712 0.15609691 -0.01747763
v 0.00709760 0.15366159 -0.01991301
v 0.00759882 0.15269890 -0.02087581
v 0.00728291 0.15371680 -0.01985782
v 0.00797897 0.15281790 -0.02075672
v 0.00759882 0.15269890 -0.02087581
v 0.00728291 0.15371680 -0.01985782
v 0.00828254 0.15295820 -0.02061647
v 0.00797897 0.15281790 -0.02075672
v 0.00728291 0.15371680 -0.01985782
v 0.00759882 0.15269890 -0.02087581
v 0.00709760 0.15366159 -0.01991301
v 0.00744158 0.15378940 -0.01978516
v 0.00828254 0.15295820 -0.02061647
v 0.00728291 0.15371680 -0.01985782
v 0.00854587 0.15312980 -0.02044481
v 0.00828254 0.15295820 -0.02061647
v 0.00744158 0.15378940 -0.01978516
v 0.00756598 0.15387520 -0.01969939
v 0.00854587 0.15312980 -0.02044481
v 0.00744158 0.15378940 -0.01978516
v 0.00874555 0.15331140 -0.02026325
v 0.00854587 0.15312980 -0.02044481
v 0.00756598 0.15387520 -0.01969939
v 0.00874555 0.15331140 -0.02026325
v 0.00756598 0.15387520 -0.01969939
v 0.00766069 0.15397450 -0.01960009
v 0.00889283 0.15349670 -0.02007788
v 0.00766069 0.15397450 -0.01960009
v 0.00521588 0.15613291 -0.01744157
v 0.00357300 0.15510660 -0.01846802
v 0.00357300 0.15613300 -0.01744157
v 0.00552499 0.15510660 -0.01846802
v 0.00900745 0.15370290 -0.01987171
v 0.00889283 0.15349670 -0.02007788
v 0.00766069 0.15397450 -0.01960009
v 0.00900745 0.15370290 -0.01987171
v 0.00766069 0.15397450 -0.01960009
v 0.00772798 0.15408880 -0.01948577
v 0.00908750 0.15392999 -0.01964455
v 0.00900745 0.15370290 -0.01987171
v 0.00772798 0.15408880 -0.01948577
v 0.00908750 0.15392999 -0.01964455
v 0.00772798 0.15408880 -0.01948577
v 0.00776750 0.15421860 -0.01935601
v 0.00913107 0.15417820 -0.01939636
v 0.00776750 0.15421860 -0.01935601
v 0.00777787 0.15438519 -0.01918941
v 0.00913107 0.15417820 -0.01939636
v 0.00908750 0.15392999 -0.01964455
v 0.00776750 0.15421860 -0.01935601
v 0.00913644 0.15444461 -0.01912993
v 0.00913107 0.15417820 -0.01939636
v 0.00777787 0.15438519 -0.01918941
v 0.00913644 0.15444461 -0.01912993
v 0.00777787 0.15438519 -0.01918941
v 0.00775462 0.15453149 -0.01904302
v 0.00683635 0.15611920 -0.01745527
v 0.00552499 0.15510660 -0.01846802
v 0.00521588 0.15613291 -0.01744157
v 0.00683635 0.15611920 -0.01745527
v 0.00675625 0.15509260 -0.01848191
v 0.00552499 0.15510660 -0.01846802
v 0.00910342 0.15469860 -0.01887589
v 0.00913644 0.15444461 -0.01912993
v 0.00775462 0.15453149 -0.01904302
v 0.00720572 0.15607980 -0.01749461
v 0.00675625 0.15509260 -0.01848191
v 0.00683635 0.15611920 -0.01745527
v 0.00720572 0.15607980 -0.01749461
v 0.00693995 0.15506980 -0.01850473
v 0.00675625 0.15509260 -0.01848191
v 0.00903392 0.15493180 -0.01864278
v 0.00910342 0.15469860 -0.01887589
v 0.00775462 0.15453149 -0.01904302
v 0.00903392 0.15493180 -0.01864278
v 0.00775462 0.15453149 -0.01904302
v 0.00770211 0.15465820 -0.01891636
v 0.00755090 0.15601480 -0.01755976
v 0.00693995 0.15506980 -0.01850473
v 0.00720572 0.15607980 -0.01749461
v 0.00755090 0.15601480 -0.01755976
v 0.00710732 0.15503620 -0.01853841
v 0.00693995 0.15506980 -0.01850473
v 0.00895268 0.15510410 -0.01847040
v 0.00903392 0.15493180 -0.01864278
v 0.00770211 0.15465820 -0.01891636
v 0.00895268 0.15510410 -0.01847040
v 0.00770211 0.15465820 -0.01891636
v 0.00762665 0.15476270 -0.01881182
v 0.00786918 0.15592380 -0.01765072
v 0.00710732 0.15503620 -0.01853841
v 0.00755090 0.15601480 -0.01755976
v 0.00786918 0.15592380 -0.01765072
v 0.00725651 0.15499189 -0.01858264
v 0.00710732 0.15503620 -0.01853841
v 0.00885749 0.15525280 -0.01832175
v 0.00895268 0.15510410 -0.01847040
v 0.00762665 0.15476270 -0.01881182
v 0.00812745 0.15582120 -0.01775330
v 0.00725651 0.15499189 -0.01858264
v 0.00786918 0.15592380 -0.01765072
v 0.00812745 0.15582120 -0.01775330
v 0.00738645 0.15493770 -0.01863682
v 0.00725651 0.15499189 -0.01858264
v 0.00874436 0.15538970 -0.01818478
v 0.00885749 0.15525280 -0.01832175
v 0.00762665 0.15476270 -0.01881182
v 0.00874436 0.15538970 -0.01818478
v 0.00762665 0.15476270 -0.01881182
v 0.00753355 0.15484791 -0.01872670
v 0.00830477 0.15573069 -0.01784378
v 0.00738645 0.15493770 -0.01863682
v 0.00812745 0.15582120 -0.01775330
v 0.00861400 0.15551500 -0.01805949
v 0.00874436 0.15538970 -0.01818478
v 0.00753355 0.15484791 -0.01872670
v 0.00846720 0.15562870 -0.01794582
v 0.00738645 0.15493770 -0.01863682
v 0.00830477 0.15573069 -0.01784378
v 0.00846720 0.15562870 -0.01794582
v 0.00861400 0.15551500 -0.01805949
v 0.00753355 0.15484791 -0.01872670
v 0.00846720 0.15562870 -0.01794582
v 0.00753355 0.15484791 -0.01872670
v 0.00738645 0.15493770 -0.01863682
v 0.00255912 0.15798640 -0.01558810
v 0.00160259 0.15723430 -0.01634025
v 0.00139666 0.15739930 -0.01617521
v 0.00248688 0.15804480 -0.01552975
v 0.00139666 0.15739930 -0.01617521
v 0.00122672 0.15759420 -0.01598030
v 0.00255912 0.15798640 -0.01558810
v 0.00263888 0.15794010 -0.01563435
v 0.00185043 0.15709230 -0.01648223
v 0.00160259 0.15723430 -0.01634025
v 0.00263888 0.15794010 -0.01563435
v 0.00160259 0.15723430 -0.01634025
v 0.00255912 0.15798640 -0.01558810
v 0.00263888 0.15794010 -0.01563435
v 0.00210172 0.15698890 -0.01658564
v 0.00185043 0.15709230 -0.01648223
v 0.00242424 0.15811791 -0.01545655
v 0.00122672 0.15759420 -0.01598030
v 0.00110376 0.15781000 -0.01576447
v 0.00242424 0.15811791 -0.01545655
v 0.00248688 0.15804480 -0.01552975
v 0.00122672 0.15759420 -0.01598030
v 0.00281948 0.15787479 -0.01569962
v 0.00237715 0.15690900 -0.01666551
v 0.00210172 0.15698890 -0.01658564
v 0.00281948 0.15787479 -0.01569962
v 0.00267434 0.15685309 -0.01672136
v 0.00237715 0.15690900 -0.01666551
v 0.00281948 0.15787479 -0.01569962
v 0.00210172 0.15698890 -0.01658564
v 0.00263888 0.15794010 -0.01563435
v 0.00235945 0.15824780 -0.01532667
v 0.00103158 0.15803020 -0.01554423
v 0.00100285 0.15824720 -0.01532721
v 0.00235945 0.15824780 -0.01532667
v 0.00110376 0.15781000 -0.01576447
v 0.00103158 0.15803020 -0.01554423
v 0.00235945 0.15824780 -0.01532667
v 0.00242424 0.15811791 -0.01545655
v 0.00110376 0.15781000 -0.01576447
v 0.00301409 0.15783980 -0.01573473
v 0.00267434 0.15685309 -0.01672136
v 0.00281948 0.15787479 -0.01569962
v 0.00301409 0.15783980 -0.01573473
v 0.00299120 0.15682191 -0.01675260
v 0.00267434 0.15685309 -0.01672136
v 0.00233793 0.15833411 -0.01524037
v 0.00235945 0.15824780 -0.01532667
v 0.00100285 0.15824720 -0.01532721
v 0.00232816 0.15842550 -0.01514899
v 0.00100285 0.15824720 -0.01532721
v 0.00100142 0.15868160 -0.01489281
v 0.00232816 0.15842550 -0.01514899
v 0.00233793 0.15833411 -0.01524037
v 0.00100285 0.15824720 -0.01532721
v 0.00330204 0.15782531 -0.01574915
v 0.00331938 0.15681639 -0.01675814
v 0.00299120 0.15682191 -0.01675260
v 0.00330204 0.15782531 -0.01574915
v 0.00365168 0.15684050 -0.01673400
v 0.00331938 0.15681639 -0.01675814
v 0.00330204 0.15782531 -0.01574915
v 0.00299120 0.15682191 -0.01675260
v 0.00301409 0.15783980 -0.01573473
v 0.00353897 0.15783679 -0.01573765
v 0.00365168 0.15684050 -0.01673400
v 0.00353897 0.15783679 -0.01573765
v 0.00398302 0.15689769 -0.01667678
v 0.00365168 0.15684050 -0.01673400
v 0.00373870 0.15786740 -0.01570707
v 0.00430071 0.15698980 -0.01658469
v 0.00398302 0.15689769 -0.01667678
v 0.00373870 0.15786740 -0.01570707
v 0.00398302 0.15689769 -0.01667678
v 0.00353897 0.15783679 -0.01573765
v 0.00232726 0.15897290 -0.01460152
v 0.00232816 0.15842550 -0.01514899
v 0.00100142 0.15868160 -0.01489281
v 0.00389016 0.15791009 -0.01566433
v 0.00456309 0.15710330 -0.01647126
v 0.00430071 0.15698980 -0.01658469
v 0.00389016 0.15791009 -0.01566433
v 0.00474238 0.15720950 -0.01636499
v 0.00456309 0.15710330 -0.01647126
v 0.00389016 0.15791009 -0.01566433
v 0.00430071 0.15698980 -0.01658469
v 0.00373870 0.15786740 -0.01570707
v 0.00100142 0.15996690 -0.01360750
v 0.00399268 0.15795390 -0.01562052
v 0.00474238 0.15720950 -0.01636499
v 0.00389016 0.15791009 -0.01566433
v 0.00489861 0.15733241 -0.01624208
v 0.00474238 0.15720950 -0.01636499
v 0.00399268 0.15795390 -0.01562052
v 0.00407559 0.15800330 -0.01557111
v 0.00489861 0.15733241 -0.01624208
v 0.00399268 0.15795390 -0.01562052
v 0.00417131 0.15808789 -0.01548653
v 0.00489861 0.15733241 -0.01624208
v 0.00407559 0.15800330 -0.01557111
v 0.00423974 0.15818889 -0.01538550
v 0.00489861 0.15733241 -0.01624208
v 0.00417131 0.15808789 -0.01548653
v 0.00592792 0.15780009 -0.01577436
v 0.00504988 0.15715580 -0.01641863
v 0.00489861 0.15733241 -0.01624208
v 0.00584274 0.15786301 -0.01571148
v 0.00592792 0.15780009 -0.01577436
v 0.00489861 0.15733241 -0.01624208
v 0.00602227 0.15774851 -0.01582592
v 0.00523376 0.15700389 -0.01657062
v 0.00504988 0.15715580 -0.01641863
v 0.00602227 0.15774851 -0.01582592
v 0.00504988 0.15715580 -0.01641863
v 0.00592792 0.15780009 -0.01577436
v 0.00429296 0.15897290 -0.01460146
v 0.00232726 0.15897290 -0.01460152
v 0.00100142 0.15996690 -0.01360750
v 0.00576806 0.15793820 -0.01563620
v 0.00584274 0.15786301 -0.01571148
v 0.00489861 0.15733241 -0.01624208
v 0.00612479 0.15770739 -0.01586699
v 0.00544620 0.15687650 -0.01669794
v 0.00523376 0.15700389 -0.01657062
v 0.00612479 0.15770739 -0.01586699
v 0.00568336 0.15677390 -0.01680064
v 0.00544620 0.15687650 -0.01669794
v 0.00612479 0.15770739 -0.01586699
v 0.00523376 0.15700389 -0.01657062
v 0.00602227 0.15774851 -0.01582592
v 0.00568604 0.15806240 -0.01551198
v 0.00489861 0.15733241 -0.01624208
v 0.00423974 0.15818889 -0.01538550
v 0.00568604 0.15806240 -0.01551198
v 0.00576806 0.15793820 -0.01563620
v 0.00489861 0.15733241 -0.01624208
v 0.00630808 0.15766050 -0.01591396
v 0.00594139 0.15669610 -0.01687836
v 0.00568336 0.15677390 -0.01680064
v 0.00630808 0.15766050 -0.01591396
v 0.00621641 0.15664360 -0.01693087
v 0.00594139 0.15669610 -0.01687836
v 0.00630808 0.15766050 -0.01591396
v 0.00568336 0.15677390 -0.01680064
v 0.00612479 0.15770739 -0.01586699
v 0.00563496 0.15819781 -0.01537662
v 0.00423974 0.15818889 -0.01538550
v 0.00428021 0.15830541 -0.01526904
v 0.00563496 0.15819781 -0.01537662
v 0.00568604 0.15806240 -0.01551198
v 0.00423974 0.15818889 -0.01538550
v 0.00650686 0.15763630 -0.01593816
v 0.00650442 0.15661681 -0.01695770
v 0.00621641 0.15664360 -0.01693087
v 0.00650686 0.15763630 -0.01593816
v 0.00621641 0.15664360 -0.01693087
v 0.00630808 0.15766050 -0.01591396
v 0.00560790 0.15838771 -0.01518666
v 0.00563496 0.15819781 -0.01537662
v 0.00428021 0.15830541 -0.01526904
v 0.00560790 0.15838771 -0.01518666
v 0.00428021 0.15830541 -0.01526904
v 0.00429296 0.15843751 -0.01513695
v 0.00679070 0.15763500 -0.01593941
v 0.00650442 0.15661681 -0.01695770
v 0.00650686 0.15763630 -0.01593816
v 0.00679070 0.15763500 -0.01593941
v 0.00680578 0.15661560 -0.01695889
v 0.00650442 0.15661681 -0.01695770
v 0.00679070 0.15763500 -0.01593941
v 0.00709987 0.15663590 -0.01693850
v 0.00680578 0.15661560 -0.01695889
v 0.00700372 0.15765950 -0.01591491
v 0.00737453 0.15667590 -0.01689857
v 0.00709987 0.15663590 -0.01693850
v 0.00700372 0.15765950 -0.01591491
v 0.00762963 0.15673420 -0.01684027
v 0.00737453 0.15667590 -0.01689857
v 0.00700372 0.15765950 -0.01591491
v 0.00709987 0.15663590 -0.01693850
v 0.00679070 0.15763500 -0.01593941
v 0.00718379 0.15770561 -0.01586884
v 0.00762963 0.15673420 -0.01684027
v 0.00700372 0.15765950 -0.01591491
v 0.00718379 0.15770561 -0.01586884
v 0.00786483 0.15680981 -0.01676464
v 0.00762963 0.15673420 -0.01684027
v 0.00718379 0.15770561 -0.01586884
v 0.00807965 0.15690181 -0.01667267
v 0.00786483 0.15680981 -0.01676464
v 0.00730979 0.15775920 -0.01581519
v 0.00807965 0.15690181 -0.01667267
v 0.00718379 0.15770561 -0.01586884
v 0.00730979 0.15775920 -0.01581519
v 0.00827378 0.15700930 -0.01656520
v 0.00807965 0.15690181 -0.01667267
v 0.00560725 0.15897290 -0.01460146
v 0.00560790 0.15838771 -0.01518666
v 0.00429296 0.15843751 -0.01513695
v 0.00560725 0.15897290 -0.01460146
v 0.00429296 0.15843751 -0.01513695
v 0.00429296 0.15897290 -0.01460146
v 0.00560725 0.15897290 -0.01460146
v 0.00429296 0.15897290 -0.01460146
v 0.00100142 0.15996690 -0.01360750
v 0.00740749 0.15781979 -0.01575464
v 0.00827378 0.15700930 -0.01656520
v 0.00730979 0.15775920 -0.01581519
v 0.00844663 0.15713149 -0.01644289
v 0.00827378 0.15700930 -0.01656520
v 0.00740749 0.15781979 -0.01575464
v 0.00859773 0.15726800 -0.01630640
v 0.00844663 0.15713149 -0.01644289
v 0.00740749 0.15781979 -0.01575464
v 0.00859773 0.15726800 -0.01630640
v 0.00740749 0.15781979 -0.01575464
v 0.00748271 0.15788440 -0.01568996
v 0.00872624 0.15741810 -0.01615631
v 0.00859773 0.15726800 -0.01630640
v 0.00748271 0.15788440 -0.01568996
v 0.00883150 0.15758140 -0.01599299
v 0.00872624 0.15741810 -0.01615631
v 0.00748271 0.15788440 -0.01568996
v 0.00883150 0.15758140 -0.01599299
v 0.00748271 0.15788440 -0.01568996
v 0.00757843 0.15800890 -0.01556551
v 0.00891250 0.15775740 -0.01581692
v 0.00883150 0.15758140 -0.01599299
v 0.00757843 0.15800890 -0.01556551
v 0.00891250 0.15775740 -0.01581692
v 0.00757843 0.15800890 -0.01556551
v 0.00762439 0.15810560 -0.01546871
v 0.00896823 0.15794590 -0.01562845
v 0.00891250 0.15775740 -0.01581692
v 0.00762439 0.15810560 -0.01546871
v 0.00896823 0.15794590 -0.01562845
v 0.00762439 0.15810560 -0.01546871
v 0.00765580 0.15821300 -0.01536130
v 0.00896823 0.15794590 -0.01562845
v 0.00765580 0.15821300 -0.01536130
v 0.00767594 0.15846400 -0.01511037
v 0.00900167 0.15894280 -0.01463145
v 0.00896823 0.15794590 -0.01562845
v 0.00767594 0.15846400 -0.01511037
v 0.00900167 0.15894280 -0.01463145
v 0.00767594 0.15846400 -0.01511037
v 0.00767594 0.15897290 -0.01460146
v 0.00900167 0.15996690 -0.01360738
v 0.00560725 0.15897290 -0.01460146
v 0.00100142 0.15996690 -0.01360750
v 0.00900167 0.15996690 -0.01360738
v 0.00900167 0.15894280 -0.01463145
v 0.00767594 0.15897290 -0.01460146
v 0.00900167 0.15996690 -0.01360738
v 0.00767594 0.15897290 -0.01460146
v 0.00560725 0.15897290 -0.01460146
v 0.01814490 0.16198410 -0.01359015
v 0.02924877 0.14188240 -0.03369307
v 0.02630066 0.13678160 -0.03879415
v 0.03143471 0.14717190 -0.02840322
v 0.01814490 0.16198410 -0.01359015
v 0.02380633 0.13341700 -0.04215902
v 0.02106535 0.13039491 -0.04518109
v 0.02380633 0.13341700 -0.04215902
v 0.02106535 0.13039491 -0.04518109
v 0.01814508 0.12777241 -0.04780375
v 0.03289705 0.15258510 -0.02298974
v 0.03258609 0.16198421 -0.01359081
v 0.03289705 0.15258510 -0.02298974
v 0.01814490 0.16198410 -0.01359015
v 0.03289717 0.17138299 -0.00419158
v 0.03258609 0.16198421 -0.01359081
v 0.01814490 0.16198410 -0.01359015
v 0.03131788 0.17713641 0.00156170
v 0.03289717 0.17138299 -0.00419158
v 0.01814490 0.16198410 -0.01359015
v 0.02891737 0.18274550 0.00717068
v 0.02565026 0.18813071 0.01255565
v 0.02266955 0.19188000 0.01630491
v 0.02565026 0.18813071 0.01255565
v 0.01814490 0.16198410 -0.01359015
v 0.02052539 0.19410039 0.01852530
v 0.02266955 0.19188000 0.01630491
v 0.01814305 0.19619609 0.02062183
v 0.02052539 0.19410039 0.01852530
v 0.01814490 0.16198410 -0.01359015
v 0.00246209 0.16185500 -0.01171940
v 0.00142753 0.16115379 -0.01242053
v 0.00122362 0.16135000 -0.01222443
v 0.00259256 0.16177270 -0.01180171
v 0.00187379 0.16088051 -0.01269388
v 0.00167489 0.16098380 -0.01259052
v 0.00259256 0.16177270 -0.01180171
v 0.00167489 0.16098380 -0.01259052
v 0.00142753 0.16115379 -0.01242053
v 0.00259256 0.16177270 -0.01180171
v 0.00142753 0.16115379 -0.01242053
v 0.00246209 0.16185500 -0.01171940
v 0.00236183 0.16195020 -0.01162415
v 0.00122362 0.16135000 -0.01222443
v 0.00106609 0.16156830 -0.01200610
v 0.00236183 0.16195020 -0.01162415
v 0.00246209 0.16185500 -0.01171940
v 0.00122362 0.16135000 -0.01222443
v 0.00275040 0.16170600 -0.01186841
v 0.00249130 0.16067770 -0.01289659
v 0.00208694 0.16079360 -0.01278078
v 0.00275040 0.16170600 -0.01186841
v 0.00208694 0.16079360 -0.01278078
v 0.00187379 0.16088051 -0.01269388
v 0.00259256 0.16177270 -0.01180171
v 0.00229239 0.16205290 -0.01152145
v 0.00236183 0.16195020 -0.01162415
v 0.00106609 0.16156830 -0.01200610
v 0.00229239 0.16205290 -0.01152145
v 0.00106609 0.16156830 -0.01200610
v 0.00095669 0.16180021 -0.01177418
v 0.00295746 0.16165011 -0.01192420
v 0.00249130 0.16067770 -0.01289659
v 0.00275040 0.16170600 -0.01186841
v 0.00295746 0.16165011 -0.01192420
v 0.00300419 0.16059670 -0.01297765
v 0.00249130 0.16067770 -0.01289659
v 0.00224364 0.16218150 -0.01139289
v 0.00229239 0.16205290 -0.01152145
v 0.00095669 0.16180021 -0.01177418
v 0.00224364 0.16218150 -0.01139289
v 0.00095669 0.16180021 -0.01177418
v 0.00089099 0.16204301 -0.01153141
v 0.00224364 0.16218150 -0.01139289
v 0.00089099 0.16204301 -0.01153141
v 0.00086490 0.16229790 -0.01127660
v 0.00319529 0.16161381 -0.01196056
v 0.00300419 0.16059670 -0.01297765
v 0.00295746 0.16165011 -0.01192420
v 0.00222433 0.16233440 -0.01124006
v 0.00086490 0.16229790 -0.01127660
v 0.00087620 0.16255490 -0.01101952
v 0.00222433 0.16233440 -0.01124006
v 0.00224364 0.16218150 -0.01139289
v 0.00086490 0.16229790 -0.01127660
v 0.00223941 0.16249500 -0.01107949
v 0.00087620 0.16255490 -0.01101952
v 0.00092547 0.16280220 -0.01077228
v 0.00223941 0.16249500 -0.01107949
v 0.00222433 0.16233440 -0.01124006
v 0.00087620 0.16255490 -0.01101952
v 0.00228500 0.16262780 -0.01094657
v 0.00092547 0.16280220 -0.01077228
v 0.00101542 0.16303711 -0.01053732
v 0.00228500 0.16262780 -0.01094657
v 0.00223941 0.16249500 -0.01107949
v 0.00092547 0.16280220 -0.01077228
v 0.00233495 0.16271140 -0.01086300
v 0.00101542 0.16303711 -0.01053732
v 0.00115073 0.16325980 -0.01031464
v 0.00233495 0.16271140 -0.01086300
v 0.00228500 0.16262780 -0.01094657
v 0.00101542 0.16303711 -0.01053732
v 0.00239539 0.16278289 -0.01079154
v 0.00115073 0.16325980 -0.01031464
v 0.00133449 0.16346601 -0.01010853
v 0.00239539 0.16278289 -0.01079154
v 0.00233495 0.16271140 -0.01086300
v 0.00115073 0.16325980 -0.01031464
v 0.00252265 0.16288510 -0.01068937
v 0.00156158 0.16364640 -0.00992805
v 0.00252265 0.16288510 -0.01068937
v 0.00133449 0.16346601 -0.01010853
v 0.00182867 0.16379920 -0.00977534
v 0.00252265 0.16288510 -0.01068937
v 0.00156158 0.16364640 -0.00992805
v 0.00182867 0.16379920 -0.00977534
v 0.00267047 0.16296241 -0.01061195
v 0.00252265 0.16288510 -0.01068937
v 0.00643021 0.16056910 -0.01300519
v 0.00300419 0.16059670 -0.01297765
v 0.00319529 0.16161381 -0.01196056
v 0.00212699 0.16392151 -0.00965291
v 0.00267047 0.16296241 -0.01061195
v 0.00182867 0.16379920 -0.00977534
v 0.00212699 0.16392151 -0.00965291
v 0.00283754 0.16302089 -0.01055353
v 0.00267047 0.16296241 -0.01061195
v 0.00244647 0.16401350 -0.00956100
v 0.00283754 0.16302089 -0.01055353
v 0.00212699 0.16392151 -0.00965291
v 0.00244647 0.16401350 -0.00956100
v 0.00307089 0.16307120 -0.01050323
v 0.00283754 0.16302089 -0.01055353
v 0.00278103 0.16407751 -0.00949693
v 0.00332171 0.16309860 -0.01047581
v 0.00307089 0.16307120 -0.01050323
v 0.00278103 0.16407751 -0.00949693
v 0.00307089 0.16307120 -0.01050323
v 0.00244647 0.16401350 -0.00956100
v 0.00643021 0.16159540 -0.01197898
v 0.00643021 0.16056910 -0.01300519
v 0.00319529 0.16161381 -0.01196056
v 0.00317496 0.16411979 -0.00945461
v 0.00332171 0.16309860 -0.01047581
v 0.00278103 0.16407751 -0.00949693
v 0.00675583 0.16160880 -0.01196551
v 0.00710535 0.16060850 -0.01296573
v 0.00643021 0.16056910 -0.01300519
v 0.00675583 0.16160880 -0.01196551
v 0.00643021 0.16056910 -0.01300519
v 0.00643021 0.16159540 -0.01197898
v 0.00692236 0.16162831 -0.01194602
v 0.00758243 0.16069411 -0.01288014
v 0.00710535 0.16060850 -0.01296573
v 0.00692236 0.16162831 -0.01194602
v 0.00710535 0.16060850 -0.01296573
v 0.00675583 0.16160880 -0.01196551
v 0.00707465 0.16165631 -0.01191800
v 0.00357300 0.16413300 -0.00944144
v 0.00357300 0.16310669 -0.01046776
v 0.00332171 0.16309860 -0.01047581
v 0.00357300 0.16413300 -0.00944144
v 0.00332171 0.16309860 -0.01047581
v 0.00317496 0.16411979 -0.00945461
v 0.00727260 0.16171300 -0.01186138
v 0.00795782 0.16080891 -0.01276534
v 0.00727260 0.16171300 -0.01186138
v 0.00814915 0.16088970 -0.01268452
v 0.00795782 0.16080891 -0.01276534
v 0.00727260 0.16171300 -0.01186138
v 0.00743324 0.16178469 -0.01178956
v 0.00832814 0.16098380 -0.01259046
v 0.00814915 0.16088970 -0.01268452
v 0.00743324 0.16178469 -0.01178956
v 0.00814915 0.16088970 -0.01268452
v 0.00727260 0.16171300 -0.01186138
v 0.00853753 0.16112380 -0.01245051
v 0.00832814 0.16098380 -0.01259046
v 0.00743324 0.16178469 -0.01178956
v 0.00756449 0.16187391 -0.01170039
v 0.00853753 0.16112380 -0.01245051
v 0.00743324 0.16178469 -0.01178956
v 0.00605798 0.16310661 -0.01046770
v 0.00357300 0.16310669 -0.01046776
v 0.00357300 0.16413300 -0.00944144
v 0.00871771 0.16128300 -0.01229125
v 0.00853753 0.16112380 -0.01245051
v 0.00756449 0.16187391 -0.01170039
v 0.00762987 0.16193710 -0.01163715
v 0.00889075 0.16149481 -0.01207941
v 0.00871771 0.16128300 -0.01229125
v 0.00762987 0.16193710 -0.01163715
v 0.00889075 0.16149481 -0.01207941
v 0.00762987 0.16193710 -0.01163715
v 0.00768727 0.16201261 -0.01156169
v 0.00902373 0.16174190 -0.01183241
v 0.00889075 0.16149481 -0.01207941
v 0.00768727 0.16201261 -0.01156169
v 0.00902373 0.16174190 -0.01183241
v 0.00768727 0.16201261 -0.01156169
v 0.00773263 0.16209979 -0.01147443
v 0.00911546 0.16206130 -0.01151293
v 0.00902373 0.16174190 -0.01183241
v 0.00773263 0.16209979 -0.01147443
v 0.00911546 0.16206130 -0.01151293
v 0.00773263 0.16209979 -0.01147443
v 0.00776911 0.16222771 -0.01134657
v 0.00642204 0.16413300 -0.00944137
v 0.00655377 0.16310480 -0.01046955
v 0.00605798 0.16310661 -0.01046770
v 0.00642204 0.16413300 -0.00944137
v 0.00913894 0.16236100 -0.01121330
v 0.00911546 0.16206130 -0.01151293
v 0.00776911 0.16222771 -0.01134657
v 0.00913894 0.16236100 -0.01121330
v 0.00776911 0.16222771 -0.01134657
v 0.00777787 0.16238479 -0.01118952
v 0.00699943 0.16410530 -0.00946909
v 0.00655377 0.16310480 -0.01046955
v 0.00642204 0.16413300 -0.00944137
v 0.00699943 0.16410530 -0.00946909
v 0.00685710 0.16308179 -0.01049256
v 0.00655377 0.16310480 -0.01046955
v 0.00911933 0.16261150 -0.01096278
v 0.00913894 0.16236100 -0.01121330
v 0.00777787 0.16238479 -0.01118952
v 0.00911933 0.16261150 -0.01096278
v 0.00777787 0.16238479 -0.01118952
v 0.00775194 0.16254060 -0.01103377
v 0.00907171 0.16282250 -0.01075184
v 0.00911933 0.16261150 -0.01096278
v 0.00775194 0.16254060 -0.01103377
v 0.00907171 0.16282250 -0.01075184
v 0.00775194 0.16254060 -0.01103377
v 0.00769466 0.16267100 -0.01090335
v 0.00751233 0.16402359 -0.00955075
v 0.00685710 0.16308179 -0.01049256
v 0.00699943 0.16410530 -0.00946909
v 0.00751233 0.16402359 -0.00955075
v 0.00710356 0.16303720 -0.01053720
v 0.00685710 0.16308179 -0.01049256
v 0.00898498 0.16304260 -0.01053178
v 0.00907171 0.16282250 -0.01075184
v 0.00769466 0.16267100 -0.01090335
v 0.00791728 0.16390690 -0.00966740
v 0.00710356 0.16303720 -0.01053720
v 0.00751233 0.16402359 -0.00955075
v 0.00791728 0.16390690 -0.00966740
v 0.00728565 0.16298130 -0.01059299
v 0.00710356 0.16303720 -0.01053720
v 0.00885665 0.16325399 -0.01032030
v 0.00898498 0.16304260 -0.01053178
v 0.00769466 0.16267100 -0.01090335
v 0.00885665 0.16325399 -0.01032030
v 0.00769466 0.16267100 -0.01090335
v 0.00760412 0.16278639 -0.01078790
v 0.00822645 0.16377310 -0.00980127
v 0.00728565 0.16298130 -0.01059299
v 0.00791728 0.16390690 -0.00966740
v 0.00822645 0.16377310 -0.00980127
v 0.00743657 0.16291140 -0.01066291
v 0.00728565 0.16298130 -0.01059299
v 0.00868595 0.16344941 -0.01012498
v 0.00885665 0.16325399 -0.01032030
v 0.00760412 0.16278639 -0.01078790
v 0.00868595 0.16344941 -0.01012498
v 0.00760412 0.16278639 -0.01078790
v 0.00752836 0.16285180 -0.01072251
v 0.00847316 0.16362460 -0.00994980
v 0.00743657 0.16291140 -0.01066291
v 0.00822645 0.16377310 -0.00980127
v 0.00847316 0.16362460 -0.00994980
v 0.00868595 0.16344941 -0.01012498
v 0.00752836 0.16285180 -0.01072251
v 0.00847316 0.16362460 -0.00994980
v 0.00752836 0.16285180 -0.01072251
v 0.01814508 0.12777241 -0.04780375
v 0.02106535 0.13039491 -0.04518109
v 0.02163285 0.12926070 -0.04620045
v 0.01808470 0.12650010 -0.04897046
v 0.02224391 0.12793221 -0.04719084
v 0.02318757 0.12568030 -0.04852026
v 0.01801401 0.12292060 -0.05164951
v 0.02136331 0.11999330 -0.05197536
v 0.02384400 0.12393750 -0.04926836
v 0.02440273 0.12225880 -0.04971009
v 0.01803624 0.12080250 -0.05287158
v 0.01808130 0.11943740 -0.05349278
v 0.01814794 0.11800560 -0.05395776
v 0.01814466 0.19739050 0.02187377
v 0.02052539 0.19410039 0.01852530
v 0.01814305 0.19619609 0.02062183
v 0.02569282 0.19196860 0.01674628
v 0.02879631 0.19000240 0.01532119
v 0.02734583 0.18926880 0.01394939
v 0.02646583 0.18872510 0.01319986
v 0.02266955 0.19188000 0.01630491
v 0.02755552 0.19340010 0.01953434
v 0.02778464 0.19504569 0.02307653
v 0.03154104 0.19079509 0.01882565
v 0.03077644 0.19068711 0.01762884
v 0.02984040 0.19041561 0.01644998
v 0.02343881 0.19437151 0.01915538
v 0.02474617 0.19616739 0.02226507
v 0.02333468 0.19894570 0.02697682
v 0.02092319 0.19664060 0.02142995
v 0.01814377 0.19897620 0.02381294
v 0.01814395 0.20036970 0.02585786
v 0.02160561 0.19873349 0.02478915
v 0.01814234 0.20182620 0.02869635
v 0.01814424 0.20235521 0.03038674
v 0.01821047 0.20453830 0.05613940
v 0.01814520 0.20661700 0.05363583
v 0.01813113 0.20661169 0.05365002
v 0.01822906 0.20453221 0.05613327
v 0.02297759 0.20275180 0.05435287
v 0.01814520 0.20661700 0.05363583
v 0.01822906 0.20453221 0.05613327
v 0.02287161 0.20485190 0.05184793
v 0.02744585 0.20063950 0.05224061
v 0.02731823 0.20274641 0.04973924
v 0.03522431 0.19574019 0.04734128
v 0.03505676 0.19785380 0.04486089
v 0.04229384 0.18954960 0.04115068
v 0.04208832 0.19167639 0.03869789
v 0.04917269 0.18101610 0.03261715
v 0.04892897 0.18317270 0.03019666
v 0.04918116 0.18100341 0.03260445
v 0.04893559 0.18315411 0.03019535
v 0.04892897 0.18317270 0.03019666
v 0.04917269 0.18101610 0.03261715
v 0.05442702 0.17271900 0.01974499
v 0.04893559 0.18315411 0.03019535
v 0.04918116 0.18100341 0.03260445
v 0.05470365 0.17051910 0.02212023
v 0.05762094 0.16191910 0.00895482
v 0.05793768 0.15956441 0.01116555
v 0.05869919 0.15068381 -0.00227123
v 0.05899924 0.14839821 -0.00000072
v 0.05763697 0.13956660 -0.01340556
v 0.05793052 0.13723210 -0.01116687
v 0.05446225 0.12876330 -0.02421396
v 0.05469524 0.12627780 -0.02212119
v 0.04892456 0.11821530 -0.03475952
v 0.04916793 0.11579480 -0.03260409
v 0.04915779 0.11577950 -0.03261941
v 0.04892456 0.11821530 -0.03475952
v 0.04916793 0.11579480 -0.03260409
v 0.04891645 0.11821330 -0.03478181
v 0.04557853 0.11094300 -0.03745591
v 0.04518449 0.11317520 -0.03980165
v 0.04891645 0.11821330 -0.03478181
v 0.04915779 0.11577950 -0.03261941
v 0.04138910 0.10635870 -0.04204028
v 0.04078811 0.10842280 -0.04455405
v 0.03656077 0.10210070 -0.04629820
v 0.03604471 0.10430200 -0.04867583
v 0.03108972 0.09825164 -0.05014729
v 0.03068941 0.10058010 -0.05240845
v 0.02496993 0.09492874 -0.05347019
v 0.02471596 0.09732401 -0.05559438
v 0.01822829 0.09227836 -0.05612051
v 0.01815050 0.09478998 -0.05821639
v 0.01820975 0.09227252 -0.05612641
v 0.01813721 0.09477591 -0.05821079
v 0.01815050 0.09478998 -0.05821639
v 0.01822829 0.09227836 -0.05612051
v 0.01455867 0.09372365 -0.05923748
v 0.01813721 0.09477591 -0.05821079
v 0.01820975 0.09227252 -0.05612641
v 0.01461476 0.09123152 -0.05716741
v 0.00550145 0.18042959 0.00685435
v 0.00550145 0.17901540 0.00544018
v 0.00550145 0.17936900 0.00508666
v 0.00550145 0.18078320 0.00650078
v 0.00900173 0.16791029 -0.00566423
v 0.00900179 0.16826390 -0.00601780
v 0.00900179 0.16726980 -0.00701177
v 0.00900179 0.16691630 -0.00665826
v 0.00900179 0.16726980 -0.00701177
v 0.00621301 0.16726990 -0.00701183
v 0.00621301 0.16691630 -0.00665826
v 0.00900179 0.16691630 -0.00665826
v 0.00900179 0.16726980 -0.00701177
v 0.00621301 0.16691630 -0.00665826
v 0.00621301 0.16691630 -0.00665826
v 0.00621301 0.16726990 -0.00701183
v 0.00621301 0.16681740 -0.00746429
v 0.00621301 0.16646381 -0.00711077
v 0.00900179 0.16580699 -0.00847453
v 0.00621301 0.16646381 -0.00711077
v 0.00621301 0.16681740 -0.00746429
v 0.00900179 0.16580699 -0.00847453
v 0.00900179 0.16545340 -0.00812095
v 0.00621301 0.16646381 -0.00711077
v 0.00900179 0.16545340 -0.00812095
v 0.00900179 0.16580699 -0.00847453
v 0.00900179 0.16471601 -0.00956547
v 0.00900179 0.16436240 -0.00921196
v 0.00900179 0.16471601 -0.00956547
v 0.00596154 0.16585550 -0.00842607
v 0.00596154 0.16550200 -0.00807250
v 0.00900179 0.16436240 -0.00921196
v 0.00900179 0.16471601 -0.00956547
v 0.00596154 0.16550200 -0.00807250
v 0.00596154 0.16585550 -0.00842607
v 0.00582766 0.16533260 -0.00824189
v 0.00596154 0.16550200 -0.00807250
v 0.00582766 0.16568610 -0.00859541
v 0.00566947 0.16518240 -0.00839216
v 0.00566947 0.16553590 -0.00874567
v 0.00545537 0.16538380 -0.00889784
v 0.00518674 0.16489160 -0.00868285
v 0.00545537 0.16503020 -0.00854427
v 0.00518674 0.16524521 -0.00903642
v 0.00483048 0.16476581 -0.00880867
v 0.00483054 0.16511939 -0.00916219
v 0.00435722 0.16466621 -0.00890827
v 0.00435722 0.16501980 -0.00926179
v 0.00386935 0.16497330 -0.00930834
v 0.00386935 0.16461970 -0.00895476
v 0.00337410 0.16497029 -0.00931132
v 0.00289524 0.16465600 -0.00891852
v 0.00337410 0.16461670 -0.00895780
v 0.00289524 0.16500950 -0.00927210
v 0.00246346 0.16509099 -0.00919062
v 0.00246346 0.16473749 -0.00883704
v 0.00208998 0.16521060 -0.00907105
v 0.00178993 0.16500190 -0.00857264
v 0.00208998 0.16485700 -0.00871748
v 0.00178993 0.16535550 -0.00892621
v 0.00156188 0.16515730 -0.00841731
v 0.00156188 0.16551080 -0.00877082
v 0.00136524 0.16569731 -0.00858432
v 0.00119603 0.16557950 -0.00799507
v 0.00136524 0.16534381 -0.00823074
v 0.00119603 0.16593300 -0.00834864
v 0.00109345 0.16580179 -0.00777280
v 0.00109345 0.16615529 -0.00812632
v 0.00103146 0.16602930 -0.00754523
v 0.00103098 0.16638540 -0.00789636
v 0.00100315 0.16627529 -0.00729930
v 0.00100315 0.16662890 -0.00765282
v 0.00100130 0.16791029 -0.00566435
v 0.00100136 0.16826390 -0.00601786
v 0.00900173 0.16791029 -0.00566423
v 0.00100130 0.16791029 -0.00566435
v 0.00100136 0.16826390 -0.00601786
v 0.00900179 0.16826390 -0.00601780
v 0.00900173 0.16791029 -0.00566423
v 0.00100136 0.16826390 -0.00601786
v 0.00900131 0.18219750 0.00862217
v 0.00900131 0.18255100 0.00826865
v 0.00900137 0.16982239 -0.00445932
v 0.00900137 0.16946881 -0.00410581
v 0.00326163 0.16447860 -0.00980294
v 0.00357300 0.16413300 -0.00944144
v 0.00317496 0.16411979 -0.00945461
v 0.00357300 0.16448660 -0.00979495
v 0.00296390 0.16445470 -0.00982684
v 0.00278103 0.16407751 -0.00949693
v 0.00258052 0.16439620 -0.00988537
v 0.00244647 0.16401350 -0.00956100
v 0.00222772 0.16430780 -0.00997370
v 0.00212699 0.16392151 -0.00965291
v 0.00190842 0.16418961 -0.01009196
v 0.00182867 0.16379920 -0.00977534
v 0.00162560 0.16404130 -0.01024025
v 0.00156158 0.16364640 -0.00992805
v 0.00138235 0.16386279 -0.01041877
v 0.00133449 0.16346601 -0.01010853
v 0.00118172 0.16365381 -0.01062774
v 0.00115073 0.16325980 -0.01031464
v 0.00102711 0.16341400 -0.01086753
v 0.00101542 0.16303711 -0.01053732
v 0.00092190 0.16314299 -0.01113849
v 0.00092547 0.16280220 -0.01077228
v 0.00087620 0.16255490 -0.01101952
v 0.00086956 0.16284040 -0.01144111
v 0.00086490 0.16229790 -0.01127660
v 0.00087360 0.16251799 -0.01176351
v 0.00089099 0.16204301 -0.01153141
v 0.00093382 0.16222160 -0.01205992
v 0.00095669 0.16180021 -0.01177418
v 0.00104707 0.16195519 -0.01232624
v 0.00106609 0.16156830 -0.01200610
v 0.00121027 0.16171899 -0.01256239
v 0.00122362 0.16135000 -0.01222443
v 0.00142056 0.16151300 -0.01276838
v 0.00142753 0.16115379 -0.01242053
v 0.00167489 0.16133730 -0.01294410
v 0.00167489 0.16098380 -0.01259052
v 0.00850487 0.16145280 -0.01282858
v 0.00832814 0.16133730 -0.01294404
v 0.00832814 0.16098380 -0.01259046
v 0.00853753 0.16112380 -0.01245051
v 0.00866205 0.16158231 -0.01269900
v 0.00871771 0.16128300 -0.01229125
v 0.00884175 0.16177990 -0.01250141
v 0.00889075 0.16149481 -0.01207941
v 0.00898117 0.16200270 -0.01227861
v 0.00902373 0.16174190 -0.01183241
v 0.00907791 0.16225010 -0.01203125
v 0.00911546 0.16206130 -0.01151293
v 0.00912994 0.16252141 -0.01175993
v 0.00913894 0.16236100 -0.01121330
v 0.00913548 0.16281360 -0.01146781
v 0.00911933 0.16261150 -0.01096278
v 0.00909465 0.16309130 -0.01119017
v 0.00907171 0.16282250 -0.01075184
v 0.00900972 0.16334330 -0.01093810
v 0.00898498 0.16304260 -0.01053178
v 0.00888318 0.16357011 -0.01071137
v 0.00885665 0.16325399 -0.01032030
v 0.00871748 0.16377160 -0.01050990
v 0.00868595 0.16344941 -0.01012498
v 0.00849706 0.16396110 -0.01032042
v 0.00847316 0.16362460 -0.00994980
v 0.00828540 0.16409519 -0.01018631
v 0.00822645 0.16377310 -0.00980127
v 0.00796348 0.16424340 -0.01003813
v 0.00791728 0.16390690 -0.00966740
v 0.00756878 0.16436410 -0.00991738
v 0.00751233 0.16402359 -0.00955075
v 0.00709260 0.16444860 -0.00983298
v 0.00699943 0.16410530 -0.00946909
v 0.00660694 0.16448399 -0.00979745
v 0.00642204 0.16413300 -0.00944137
v 0.00578350 0.16448660 -0.00979495
v 0.00357300 0.16413300 -0.00944144
v 0.00578350 0.16448660 -0.00979495
v 0.00642204 0.16413300 -0.00944137
v 0.00357300 0.16448660 -0.00979495
v 0.00578350 0.16448660 -0.00979495
v 0.00357300 0.16413300 -0.00944144
v 0.01647347 0.19555920 0.02127623
v 0.01814305 0.19619609 0.02062183
v 0.01814490 0.16198410 -0.01359015
v 0.01647347 0.19555920 0.02127623
v 0.01814490 0.16198410 -0.01359015
v 0.01647394 0.16133730 -0.01294392
v 0.01814466 0.19739050 0.02187377
v 0.01814305 0.19619609 0.02062183
v 0.01647347 0.19555920 0.02127623
v 0.01654917 0.19677059 0.02248752
v 0.00308448 0.14242390 -0.03185850
v 0.00295597 0.14242791 -0.03185451
v 0.00295597 0.14207441 -0.03150099
v 0.00308448 0.14207040 -0.03150492
v 0.00320983 0.14240520 -0.03187721
v 0.00320983 0.14205161 -0.03152370
v 0.00336105 0.14236140 -0.03192096
v 0.00336105 0.14200780 -0.03156745
v 0.00352633 0.14193159 -0.03164368
v 0.00352633 0.14228520 -0.03199720
v 0.00362813 0.14222281 -0.03205960
v 0.00362813 0.14186920 -0.03170609
v 0.00373047 0.14214800 -0.03213441
v 0.00373047 0.14179450 -0.03178089
v 0.00403327 0.14186101 -0.03242146
v 0.00403327 0.14150740 -0.03206789
v 0.00460613 0.14119519 -0.03308725
v 0.00460613 0.14084160 -0.03273373
v 0.00508505 0.14074840 -0.03353404
v 0.00508505 0.14039481 -0.03318053
v 0.00544584 0.14050910 -0.03377330
v 0.00544584 0.14015560 -0.03341978
v 0.00573236 0.14037400 -0.03390848
v 0.00573242 0.14002040 -0.03355497
v 0.00604093 0.14027549 -0.03400695
v 0.00604099 0.13992190 -0.03365343
v 0.00636363 0.14021580 -0.03406661
v 0.00636369 0.13986219 -0.03371310
v 0.00678468 0.14019009 -0.03409236
v 0.00678504 0.13983659 -0.03373879
v 0.00713307 0.14020599 -0.03407645
v 0.00713652 0.13985281 -0.03372257
v 0.00753301 0.14027080 -0.03401166
v 0.00754315 0.13991950 -0.03365588
v 0.00790894 0.14037900 -0.03390341
v 0.00792473 0.14003120 -0.03354412
v 0.00823104 0.14051870 -0.03376376
v 0.00824976 0.14017490 -0.03340041
v 0.00850672 0.14068849 -0.03359389
v 0.00852555 0.14034890 -0.03322643
v 0.00872815 0.14087960 -0.03340280
v 0.00874466 0.14054319 -0.03303205
v 0.00889570 0.14108290 -0.03319948
v 0.00890851 0.14074831 -0.03282701
v 0.00902587 0.14131460 -0.03296774
v 0.00903404 0.14097960 -0.03259563
v 0.00911385 0.14157230 -0.03271007
v 0.00911736 0.14123350 -0.03234177
v 0.00914997 0.14177591 -0.03250640
v 0.00915098 0.14143130 -0.03214389
v 0.00916189 0.14198920 -0.03229314
v 0.00916189 0.14163560 -0.03193962
v 0.00315017 0.14122389 -0.03305858
v 0.00315017 0.14087030 -0.03270506
v 0.00290441 0.14088599 -0.03268933
v 0.00290441 0.14123960 -0.03304290
v 0.00270766 0.14127600 -0.03300642
v 0.00270760 0.14092250 -0.03265285
v 0.00254834 0.14097691 -0.03259849
v 0.00254834 0.14133041 -0.03295207
v 0.00242597 0.14104450 -0.03253084
v 0.00242597 0.14139810 -0.03288435
v 0.00233555 0.14112200 -0.03245335
v 0.00233555 0.14147560 -0.03280693
v 0.00227225 0.14155960 -0.03272283
v 0.00227225 0.14120610 -0.03236925
v 0.00223148 0.14129430 -0.03228110
v 0.00223148 0.14164780 -0.03263467
v 0.00220376 0.14142850 -0.03214681
v 0.00220376 0.14178210 -0.03250038
v 0.00220835 0.14193121 -0.03235119
v 0.00220835 0.14157771 -0.03199762
v 0.00224298 0.14170440 -0.03187090
v 0.00224298 0.14205800 -0.03222447
v 0.00229907 0.14180650 -0.03176879
v 0.00229907 0.14216010 -0.03212231
v 0.00236523 0.14223640 -0.03204602
v 0.00236523 0.14188281 -0.03169250
v 0.00243413 0.14229220 -0.03199028
v 0.00243413 0.14193860 -0.03163671
v 0.00257647 0.14236590 -0.03191643
v 0.00257647 0.14201240 -0.03156292
v 0.00275153 0.14241220 -0.03187024
v 0.00275153 0.14205860 -0.03151667
v 0.00285035 0.14207040 -0.03150492
v 0.00285035 0.14242390 -0.03185844
v 0.00295597 0.14242791 -0.03185451
v 0.00295597 0.14207441 -0.03150099
v 0.00325006 0.14071710 -0.03356540
v 0.00325006 0.14036350 -0.03321182
v 0.00321048 0.14074270 -0.03283262
v 0.00321048 0.14109629 -0.03318619
v 0.00326270 0.14018790 -0.03374111
v 0.00318414 0.14101221 -0.03291666
v 0.00326425 0.13998410 -0.03376811
v 0.00326449 0.13985200 -0.03372341
v 0.00326425 0.14016090 -0.03394484
v 0.00326443 0.13999590 -0.03384459
v 0.00326443 0.14017271 -0.03402137
v 0.00315940 0.14108901 -0.03292834
v 0.00315017 0.14087030 -0.03270506
v 0.00315017 0.14122389 -0.03305858
v 0.00315940 0.14091220 -0.03275156
v 0.00316816 0.14094961 -0.03280252
v 0.00316816 0.14112639 -0.03297924
v 0.00315940 0.14117740 -0.03301668
v 0.00326449 0.13992110 -0.03378683
v 0.00326449 0.14009790 -0.03396362
v 0.00326449 0.14018629 -0.03405201
v 0.00318783 0.14084870 -0.03277081
v 0.00318789 0.14115810 -0.03308016
v 0.00326449 0.13988590 -0.03375589
v 0.00326449 0.13997421 -0.03384423
v 0.00326449 0.14015099 -0.03402101
v 0.00326449 0.14019521 -0.03406524
v 0.00317025 0.14086990 -0.03272753
v 0.00317025 0.14120141 -0.03305894
v 0.00326449 0.13986871 -0.03373986
v 0.00326449 0.13991290 -0.03378403
v 0.00326449 0.14008971 -0.03396081
v 0.00326449 0.14017810 -0.03404921
v 0.00326449 0.14020009 -0.03407132
v 0.00316054 0.14087290 -0.03271347
v 0.00316054 0.14121550 -0.03305596
v 0.00326449 0.13986030 -0.03373169
v 0.00326449 0.13988240 -0.03375381
v 0.00326449 0.13997079 -0.03384220
v 0.00326449 0.14014751 -0.03401893
v 0.00326449 0.14019170 -0.03406316
v 0.00326449 0.14017810 -0.03404921
v 0.00326449 0.14019521 -0.03406524
v 0.00326449 0.14019170 -0.03406316
v 0.00326449 0.14020281 -0.03407418
v 0.00318831 0.14082821 -0.03275269
v 0.00318831 0.14117619 -0.03310066
v 0.00326449 0.13985610 -0.03372758
v 0.00326449 0.13986710 -0.03373867
v 0.00326449 0.13986030 -0.03373169
v 0.00326449 0.13986871 -0.03373986
v 0.00326449 0.13986710 -0.03373867
v 0.00326449 0.13986710 -0.03373867
v 0.00326449 0.13986871 -0.03373986
v 0.00326449 0.13988240 -0.03375381
v 0.00326449 0.13991140 -0.03378283
v 0.00326449 0.14008820 -0.03395962
v 0.00326449 0.14020550 -0.03407698
v 0.00326449 0.14017650 -0.03404802
v 0.00326449 0.14019860 -0.03407007
v 0.00326449 0.14020410 -0.03407561
v 0.00317055 0.14086001 -0.03271818
v 0.00317055 0.14121071 -0.03306895
v 0.00316066 0.14086799 -0.03270876
v 0.00316066 0.14122020 -0.03306090
v 0.00318837 0.14082560 -0.03275036
v 0.00318837 0.14117850 -0.03310322
v 0.00317055 0.14085869 -0.03271698
v 0.00317055 0.14121190 -0.03307020
v 0.00673920 0.14253300 -0.03174942
v 0.00673920 0.14217940 -0.03139585
v 0.00702566 0.14215989 -0.03141528
v 0.00702566 0.14251350 -0.03176879
v 0.00722945 0.14247380 -0.03180849
v 0.00722945 0.14212030 -0.03145498
v 0.00734138 0.14243831 -0.03184401
v 0.00734138 0.14208481 -0.03149044
v 0.00748283 0.14201839 -0.03155678
v 0.00748283 0.14237200 -0.03191030
v 0.00759560 0.14193730 -0.03163790
v 0.00759560 0.14229091 -0.03199142
v 0.00768262 0.14184080 -0.03173440
v 0.00768262 0.14219441 -0.03208792
v 0.00774485 0.14172719 -0.03184807
v 0.00774485 0.14208069 -0.03220158
v 0.00778109 0.14159590 -0.03197938
v 0.00778109 0.14194940 -0.03233289
v 0.00778764 0.14141260 -0.03216272
v 0.00778764 0.14176610 -0.03251624
v 0.00775951 0.14127000 -0.03230524
v 0.00775951 0.14162360 -0.03265881
v 0.00770175 0.14114401 -0.03243118
v 0.00770175 0.14149760 -0.03278475
v 0.00761914 0.14103960 -0.03253561
v 0.00761914 0.14139320 -0.03288918
v 0.00751466 0.14095549 -0.03261983
v 0.00751466 0.14130899 -0.03297340
v 0.00738931 0.14089000 -0.03268527
v 0.00738931 0.14124361 -0.03303879
v 0.00724310 0.14084290 -0.03273242
v 0.00724310 0.14119640 -0.03308600
v 0.00705796 0.14081261 -0.03276270
v 0.00705796 0.14116620 -0.03311622
v 0.00693506 0.14080580 -0.03276950
v 0.00693506 0.14115940 -0.03312307
v 0.00682259 0.14080800 -0.03276729
v 0.00682259 0.14116161 -0.03312081
v 0.00671548 0.14082040 -0.03275495
v 0.00671548 0.14117390 -0.03310847
v 0.00661033 0.14084250 -0.03273278
v 0.00661033 0.14119610 -0.03308635
v 0.00650209 0.14087580 -0.03269958
v 0.00650209 0.14122930 -0.03305310
v 0.00639486 0.14091910 -0.03265619
v 0.00639486 0.14127269 -0.03300970
v 0.00617880 0.14103840 -0.03253692
v 0.00617880 0.14139190 -0.03289043
v 0.00598669 0.14117990 -0.03239536
v 0.00598669 0.14153349 -0.03274893
v 0.00579423 0.14135420 -0.03222113
v 0.00579423 0.14170770 -0.03257471
v 0.00511622 0.14246480 -0.03181761
v 0.00511616 0.14211120 -0.03146404
v 0.00470239 0.14284571 -0.03143662
v 0.00470239 0.14249220 -0.03108310
v 0.00446570 0.14301510 -0.03126722
v 0.00446570 0.14266160 -0.03091371
v 0.00422364 0.14315310 -0.03112924
v 0.00422364 0.14279960 -0.03077566
v 0.00396955 0.14326359 -0.03101879
v 0.00396955 0.14291000 -0.03066521
v 0.00370514 0.14334591 -0.03093647
v 0.00370514 0.14299230 -0.03058290
v 0.00337183 0.14340959 -0.03087276
v 0.00337183 0.14305601 -0.03051924
v 0.00294900 0.14343791 -0.03084450
v 0.00294900 0.14308430 -0.03049093
v 0.00261205 0.14342460 -0.03085780
v 0.00261199 0.14307100 -0.03050422
v 0.00227267 0.14337499 -0.03090733
v 0.00227267 0.14302149 -0.03055381
v 0.00198644 0.14329800 -0.03098434
v 0.00198644 0.14294450 -0.03063076
v 0.00176960 0.14321220 -0.03107017
v 0.00176960 0.14285859 -0.03071665
v 0.00153410 0.14308301 -0.03119939
v 0.00153404 0.14272940 -0.03084588
v 0.00134450 0.14294070 -0.03134173
v 0.00134450 0.14258710 -0.03098821
v 0.00115275 0.14274099 -0.03154134
v 0.00115275 0.14238749 -0.03118783
v 0.00101459 0.14253300 -0.03174948
v 0.00101459 0.14217940 -0.03139597
v 0.00091581 0.14230540 -0.03197699
v 0.00091580 0.14195190 -0.03162348
v 0.00085779 0.14206170 -0.03222078
v 0.00085778 0.14170811 -0.03186726
v 0.00084186 0.14180100 -0.03248143
v 0.00084186 0.14144740 -0.03212791
v 0.00087096 0.14152800 -0.03275454
v 0.00087096 0.14117441 -0.03240102
v 0.00094228 0.14128630 -0.03299617
v 0.00094228 0.14093269 -0.03264266
v 0.00105095 0.14107350 -0.03320902
v 0.00105095 0.14071991 -0.03285545
v 0.00119328 0.14088720 -0.03339534
v 0.00119328 0.14053360 -0.03304183
v 0.00136626 0.14072540 -0.03355711
v 0.00136626 0.14037180 -0.03320360
v 0.00156784 0.14058670 -0.03369581
v 0.00156784 0.14023320 -0.03334224
v 0.00179642 0.14047000 -0.03381246
v 0.00179642 0.14011650 -0.03345894
v 0.00205123 0.14037460 -0.03390789
v 0.00205129 0.14002100 -0.03355437
v 0.00233185 0.14030020 -0.03398233
v 0.00233185 0.13994659 -0.03362882
v 0.00263828 0.14024679 -0.03403574
v 0.00263834 0.13989320 -0.03368216
v 0.00294024 0.14021690 -0.03406560
v 0.00294030 0.13986330 -0.03371208
v 0.00326449 0.14020550 -0.03407698
v 0.00326449 0.13985200 -0.03372341
v 0.00673914 0.14365070 -0.03063160
v 0.00673914 0.14329711 -0.03027802
v 0.00673920 0.14217940 -0.03139585
v 0.00673920 0.14253300 -0.03174942
v 0.00673914 0.14442401 -0.02915114
v 0.00673914 0.14331260 -0.03026252
v 0.00673914 0.14366619 -0.03061610
v 0.00673914 0.14477751 -0.02950465
v 0.00326455 0.14480031 -0.02948194
v 0.00326455 0.14444670 -0.02912837
v 0.00294054 0.14448540 -0.02908974
v 0.00294054 0.14483900 -0.02944326
v 0.00273734 0.14453450 -0.02904063
v 0.00273734 0.14488810 -0.02939414
v 0.00257581 0.14495119 -0.02933102
v 0.00257581 0.14459769 -0.02897751
v 0.00244772 0.14467460 -0.02890056
v 0.00244778 0.14502820 -0.02925413
v 0.00234872 0.14476541 -0.02880972
v 0.00234872 0.14511900 -0.02916330
v 0.00227505 0.14487250 -0.02870267
v 0.00227505 0.14522600 -0.02905625
v 0.00222254 0.14501239 -0.02856272
v 0.00222254 0.14536600 -0.02891629
v 0.00220156 0.14520280 -0.02837228
v 0.00220156 0.14555641 -0.02872586
v 0.00221854 0.14569820 -0.02858406
v 0.00221854 0.14534460 -0.02823054
v 0.00226432 0.14581630 -0.02846598
v 0.00226432 0.14546271 -0.02811241
v 0.00233603 0.14556280 -0.02801233
v 0.00233603 0.14591640 -0.02836591
v 0.00243252 0.14564741 -0.02792775
v 0.00243252 0.14600091 -0.02828127
v 0.00255495 0.14571840 -0.02785670
v 0.00255495 0.14607190 -0.02821028
v 0.00270367 0.14577571 -0.02779942
v 0.00270367 0.14612930 -0.02815300
v 0.00290507 0.14582381 -0.02775132
v 0.00290507 0.14617731 -0.02810490
v 0.00311434 0.14585081 -0.02772426
v 0.00311440 0.14620440 -0.02807784
v 0.00334489 0.14586210 -0.02771300
v 0.00334495 0.14621571 -0.02806651
v 0.00551551 0.14586250 -0.02771252
v 0.00551551 0.14621601 -0.02806609
v 0.00646472 0.14586250 -0.02771252
v 0.00551551 0.14621601 -0.02806609
v 0.00551551 0.14586250 -0.02771252
v 0.00646478 0.14621601 -0.02806609
v 0.00551551 0.14621601 -0.02806609
v 0.00646472 0.14586250 -0.02771252
v 0.00646478 0.14621601 -0.02806609
v 0.00646472 0.14586250 -0.02771252
v 0.00692934 0.14584599 -0.02772897
v 0.00692934 0.14619960 -0.02808254
v 0.00717098 0.14580600 -0.02776902
v 0.00717098 0.14615950 -0.02812260
v 0.00735187 0.14575110 -0.02782392
v 0.00735193 0.14610460 -0.02817749
v 0.00750089 0.14567859 -0.02789646
v 0.00750089 0.14603209 -0.02825003
v 0.00762600 0.14558080 -0.02799421
v 0.00762600 0.14593440 -0.02834773
v 0.00771075 0.14546920 -0.02810585
v 0.00771075 0.14582270 -0.02845942
v 0.00775975 0.14534740 -0.02822768
v 0.00775975 0.14570090 -0.02858120
v 0.00777864 0.14520630 -0.02836877
v 0.00777870 0.14555991 -0.02872234
v 0.00776356 0.14502721 -0.02854788
v 0.00776362 0.14538071 -0.02890145
v 0.00772005 0.14488859 -0.02868640
v 0.00772005 0.14524220 -0.02903997
v 0.00763780 0.14475660 -0.02881848
v 0.00763780 0.14511010 -0.02917200
v 0.00754339 0.14466511 -0.02890998
v 0.00754339 0.14501861 -0.02926355
v 0.00744712 0.14460090 -0.02897417
v 0.00744712 0.14495450 -0.02932769
v 0.00729257 0.14453059 -0.02904450
v 0.00729263 0.14488420 -0.02939802
v 0.00711334 0.14447840 -0.02909672
v 0.00711340 0.14483200 -0.02945023
v 0.00693589 0.14444570 -0.02912944
v 0.00693589 0.14479920 -0.02948296
v 0.00673914 0.14442401 -0.02915114
v 0.00673914 0.14477751 -0.02950465
v 0.00326455 0.14444670 -0.02912837
v 0.00326455 0.14480031 -0.02948194
v 0.00326455 0.14380580 -0.03047651
v 0.00326455 0.14345230 -0.03012293
v 0.00706309 0.14369071 -0.03059154
v 0.00673914 0.14331260 -0.03026252
v 0.00727910 0.14336570 -0.03020948
v 0.00673914 0.14366619 -0.03061610
v 0.00743860 0.14374730 -0.03053492
v 0.00773406 0.14346440 -0.03011071
v 0.00770319 0.14380930 -0.03047293
v 0.00796902 0.14389519 -0.03038704
v 0.00807840 0.14358550 -0.02998965
v 0.00822753 0.14400880 -0.03027349
v 0.00835198 0.14372399 -0.02985113
v 0.00846994 0.14415380 -0.03012835
v 0.00850135 0.14382270 -0.02975237
v 0.00868773 0.14433441 -0.02994781
v 0.00866532 0.14395919 -0.02961593
v 0.00881100 0.14411770 -0.02945739
v 0.00887221 0.14455409 -0.02972805
v 0.00891143 0.14426100 -0.02931404
v 0.00901467 0.14481699 -0.02946519
v 0.00901467 0.14446349 -0.02911156
v 0.00909621 0.14472340 -0.02885168
v 0.00910646 0.14512680 -0.02915537
v 0.00913596 0.14501961 -0.02855545
v 0.00913900 0.14548729 -0.02879482
v 0.00912845 0.14533870 -0.02823632
v 0.00910818 0.14583030 -0.02845185
v 0.00907302 0.14562380 -0.02795118
v 0.00902128 0.14612530 -0.02815675
v 0.00897539 0.14587180 -0.02770322
v 0.00888628 0.14637630 -0.02790582
v 0.00884122 0.14608520 -0.02748978
v 0.00871116 0.14658681 -0.02769529
v 0.00867635 0.14626680 -0.02730822
v 0.00850391 0.14676040 -0.02752166
v 0.00848651 0.14641900 -0.02715599
v 0.00827229 0.14690070 -0.02738136
v 0.00827736 0.14654450 -0.02703046
v 0.00805467 0.14664580 -0.02692914
v 0.00802410 0.14701121 -0.02727085
v 0.00782400 0.14672540 -0.02684950
v 0.00776714 0.14709550 -0.02718663
v 0.00751376 0.14680231 -0.02677267
v 0.00750905 0.14715680 -0.02712529
v 0.00717658 0.14685540 -0.02671957
v 0.00717652 0.14720890 -0.02707314
v 0.00683927 0.14723650 -0.02704566
v 0.00677824 0.14688540 -0.02668958
v 0.00377607 0.14724240 -0.02703976
v 0.00334644 0.14688860 -0.02668642
v 0.00290895 0.14722160 -0.02706056
v 0.00274652 0.14685100 -0.02672410
v 0.00238228 0.14714350 -0.02713865
v 0.00225764 0.14676060 -0.02681446
v 0.00199467 0.14703450 -0.02724766
v 0.00193244 0.14665800 -0.02691704
v 0.00173658 0.14692670 -0.02735555
v 0.00164926 0.14652801 -0.02704715
v 0.00148803 0.14678290 -0.02749925
v 0.00142133 0.14638160 -0.02719348
v 0.00127095 0.14660680 -0.02767539
v 0.00124127 0.14622369 -0.02735143
v 0.00109535 0.14640170 -0.02788060
v 0.00108021 0.14602600 -0.02754908
v 0.00096358 0.14616691 -0.02811539
v 0.00095576 0.14579500 -0.02778011
v 0.00087828 0.14590180 -0.02838045
v 0.00087550 0.14553531 -0.02803987
v 0.00084238 0.14560580 -0.02867650
v 0.00084219 0.14524610 -0.02832907
v 0.00085809 0.14529830 -0.02898401
v 0.00085779 0.14494680 -0.02862834
v 0.00092079 0.14467449 -0.02890062
v 0.00092381 0.14501910 -0.02926313
v 0.00102925 0.14443021 -0.02914506
v 0.00103748 0.14476940 -0.02951288
v 0.00118136 0.14421339 -0.02936184
v 0.00119710 0.14454889 -0.02973341
v 0.00137526 0.14402400 -0.02955120
v 0.00140059 0.14435720 -0.02992510
v 0.00156891 0.14388600 -0.02968919
v 0.00159746 0.14422220 -0.03006011
v 0.00176471 0.14377891 -0.02979636
v 0.00180226 0.14411470 -0.03016763
v 0.00198126 0.14368680 -0.02988845
v 0.00202876 0.14402311 -0.03025925
v 0.00221777 0.14360970 -0.02996557
v 0.00227618 0.14394720 -0.03033512
v 0.00256270 0.14352991 -0.03004533
v 0.00254357 0.14388710 -0.03039526
v 0.00289094 0.14383531 -0.03044706
v 0.00290126 0.14348049 -0.03009468
v 0.00326455 0.14380580 -0.03047651
v 0.00326455 0.14345230 -0.03012293
v 0.00706309 0.14369071 -0.03059154
v 0.00673914 0.14365070 -0.03063160
v 0.00673914 0.14366619 -0.03061610
v 0.00716019 0.14363860 -0.03064364
v 0.00673914 0.14365070 -0.03063160
v 0.00706309 0.14369071 -0.03059154
v 0.00743860 0.14374730 -0.03053492
v 0.00762039 0.14357720 -0.03070509
v 0.00716019 0.14363860 -0.03064364
v 0.00743860 0.14374730 -0.03053492
v 0.00716019 0.14363860 -0.03064364
v 0.00706309 0.14369071 -0.03059154
v 0.00770319 0.14380930 -0.03047293
v 0.00801075 0.14347510 -0.03080713
v 0.00762039 0.14357720 -0.03070509
v 0.00770319 0.14380930 -0.03047293
v 0.00762039 0.14357720 -0.03070509
v 0.00743860 0.14374730 -0.03053492
v 0.00796902 0.14389519 -0.03038704
v 0.00801075 0.14347510 -0.03080713
v 0.00770319 0.14380930 -0.03047293
v 0.00822753 0.14400880 -0.03027349
v 0.00831699 0.14334869 -0.03093355
v 0.00801075 0.14347510 -0.03080713
v 0.00822753 0.14400880 -0.03027349
v 0.00801075 0.14347510 -0.03080713
v 0.00796902 0.14389519 -0.03038704
v 0.00846994 0.14415380 -0.03012835
v 0.00854713 0.14321260 -0.03106969
v 0.00831699 0.14334869 -0.03093355
v 0.00846994 0.14415380 -0.03012835
v 0.00831699 0.14334869 -0.03093355
v 0.00822753 0.14400880 -0.03027349
v 0.00868773 0.14433441 -0.02994781
v 0.00873321 0.14306089 -0.03122133
v 0.00854713 0.14321260 -0.03106969
v 0.00868773 0.14433441 -0.02994781
v 0.00887221 0.14455409 -0.02972805
v 0.00889319 0.14287910 -0.03140318
v 0.00873321 0.14306089 -0.03122133
v 0.00887221 0.14455409 -0.02972805
v 0.00873321 0.14306089 -0.03122133
v 0.00868773 0.14433441 -0.02994781
v 0.00913900 0.14548729 -0.02879482
v 0.00916171 0.14201590 -0.03226637
v 0.00914729 0.14222410 -0.03205817
v 0.00910646 0.14512680 -0.02915537
v 0.00910646 0.14512680 -0.02915537
v 0.00914729 0.14222410 -0.03205817
v 0.00911111 0.14241420 -0.03186815
v 0.00910646 0.14512680 -0.02915537
v 0.00911111 0.14241420 -0.03186815
v 0.00902116 0.14266440 -0.03161793
v 0.00910646 0.14512680 -0.02915537
v 0.00902116 0.14266440 -0.03161793
v 0.00901467 0.14481699 -0.02946519
v 0.00901467 0.14481699 -0.02946519
v 0.00902116 0.14266440 -0.03161793
v 0.00889319 0.14287910 -0.03140318
v 0.00901467 0.14481699 -0.02946519
v 0.00889319 0.14287910 -0.03140318
v 0.00887221 0.14455409 -0.02972805
v 0.00916171 0.14201590 -0.03226637
v 0.00916189 0.14198920 -0.03229314
v 0.00914729 0.14222410 -0.03205817
v 0.00912768 0.14198880 -0.03158646
v 0.00911111 0.14241420 -0.03186815
v 0.00903129 0.14228889 -0.03128635
v 0.00902116 0.14266440 -0.03161793
v 0.00889933 0.14251710 -0.03105807
v 0.00889319 0.14287910 -0.03140318
v 0.00874978 0.14269130 -0.03088390
v 0.00873321 0.14306089 -0.03122133
v 0.00857639 0.14283811 -0.03073704
v 0.00854713 0.14321260 -0.03106969
v 0.00838417 0.14295989 -0.03061527
v 0.00831699 0.14334869 -0.03093355
v 0.00817811 0.14305881 -0.03051638
v 0.00801075 0.14347510 -0.03080713
v 0.00796330 0.14313699 -0.03043812
v 0.00774485 0.14319681 -0.03037828
v 0.00762039 0.14357720 -0.03070509
v 0.00745648 0.14325181 -0.03032332
v 0.00716019 0.14363860 -0.03064364
v 0.00714976 0.14328580 -0.03028935
v 0.00692880 0.14329670 -0.03027850
v 0.00673914 0.14365070 -0.03063160
v 0.00673914 0.14329711 -0.03027802
v 0.00900179 0.14848810 -0.02508676
v 0.00100148 0.14848810 -0.02508687
v 0.00100148 0.14884169 -0.02544039
v 0.00900179 0.14884160 -0.02544033
v 0.00900179 0.14848810 -0.02508676
v 0.00100148 0.14884169 -0.02544039
v 0.00900179 0.14848810 -0.02508676
v 0.00900179 0.14884160 -0.02544033
v 0.00900179 0.14784770 -0.02643436
v 0.00900179 0.14749409 -0.02608078
v 0.00900179 0.14784770 -0.02643436
v 0.00100148 0.14784770 -0.02643442
v 0.00100148 0.14749409 -0.02608090
v 0.00900179 0.14749409 -0.02608078
v 0.00900179 0.14784770 -0.02643436
v 0.00100148 0.14749409 -0.02608090
v 0.00100148 0.14884169 -0.02544039
v 0.00100148 0.14749409 -0.02608090
v 0.00100148 0.14784770 -0.02643442
v 0.00100148 0.14848810 -0.02508687
v 0.00900173 0.15110840 -0.02246636
v 0.00233859 0.15110850 -0.02246642
v 0.00233859 0.15146200 -0.02281993
v 0.00900173 0.15146200 -0.02281987
v 0.00900173 0.15146200 -0.02281987
v 0.00900173 0.15044370 -0.02383816
v 0.00900173 0.15009020 -0.02348464
v 0.00900173 0.15110840 -0.02246636
v 0.00900173 0.15009020 -0.02348464
v 0.00900173 0.15044370 -0.02383816
v 0.00233859 0.15044370 -0.02383822
v 0.00233859 0.15009020 -0.02348470
v 0.00233859 0.15009020 -0.02348470
v 0.00233859 0.15044370 -0.02383822
v 0.00233859 0.14930430 -0.02497774
v 0.00233859 0.14895070 -0.02462422
v 0.00233859 0.14895070 -0.02462422
v 0.00233859 0.14930430 -0.02497774
v 0.00100130 0.14930430 -0.02497774
v 0.00233859 0.14895070 -0.02462422
v 0.00100130 0.14930430 -0.02497774
v 0.00100130 0.14895080 -0.02462422
v 0.00100124 0.15224791 -0.02132689
v 0.00100130 0.14895080 -0.02462422
v 0.00100130 0.14930430 -0.02497774
v 0.00100130 0.15260150 -0.02168041
v 0.00233859 0.15260141 -0.02168041
v 0.00100124 0.15224791 -0.02132689
v 0.00100130 0.15260150 -0.02168041
v 0.00233859 0.15260141 -0.02168041
v 0.00233859 0.15224791 -0.02132689
v 0.00100124 0.15224791 -0.02132689
v 0.00233859 0.15224791 -0.02132689
v 0.00233859 0.15260141 -0.02168041
v 0.00233859 0.15146200 -0.02281993
v 0.00233859 0.15110850 -0.02246642
v 0.00292712 0.15609691 -0.01747763
v 0.00357300 0.15648650 -0.01779508
v 0.00357300 0.15613300 -0.01744157
v 0.00292718 0.15645050 -0.01783114
v 0.00245214 0.15636830 -0.01791334
v 0.00245214 0.15601480 -0.01755982
v 0.00205666 0.15624981 -0.01803189
v 0.00205666 0.15589620 -0.01767838
v 0.00174147 0.15610820 -0.01817357
v 0.00174147 0.15575460 -0.01782006
v 0.00149399 0.15595220 -0.01832950
v 0.00149399 0.15559870 -0.01797598
v 0.00128353 0.15576930 -0.01851242
v 0.00128353 0.15541570 -0.01815891
v 0.00111276 0.15555930 -0.01872241
v 0.00111276 0.15520570 -0.01836889
v 0.00098439 0.15532230 -0.01895952
v 0.00098438 0.15496869 -0.01860600
v 0.00090105 0.15505800 -0.01922380
v 0.00090104 0.15470441 -0.01887029
v 0.00086544 0.15476640 -0.01951539
v 0.00086544 0.15441290 -0.01916182
v 0.00088001 0.15446450 -0.01981729
v 0.00088000 0.15411100 -0.01946371
v 0.00094398 0.15418890 -0.02009290
v 0.00094397 0.15383530 -0.01973938
v 0.00102609 0.15363990 -0.01993489
v 0.00102860 0.15398850 -0.02029323
v 0.00113076 0.15346710 -0.02010762
v 0.00113392 0.15381619 -0.02046561
v 0.00125921 0.15330970 -0.02026504
v 0.00126296 0.15365919 -0.02062261
v 0.00141024 0.15316761 -0.02040714
v 0.00141460 0.15351760 -0.02076429
v 0.00158268 0.15304080 -0.02053397
v 0.00158757 0.15339109 -0.02089071
v 0.00177532 0.15292910 -0.02064561
v 0.00178075 0.15327990 -0.02100193
v 0.00198692 0.15283260 -0.02074211
v 0.00199288 0.15318380 -0.02109801
v 0.00221634 0.15275130 -0.02082347
v 0.00222272 0.15310290 -0.02117896
v 0.00246233 0.15268500 -0.02088975
v 0.00246918 0.15303700 -0.02124488
v 0.00281405 0.15261979 -0.02095490
v 0.00282144 0.15297240 -0.02130943
v 0.00340283 0.15257140 -0.02100330
v 0.00339830 0.15292510 -0.02135670
v 0.00460255 0.15292270 -0.02135914
v 0.00459844 0.15256910 -0.02100563
v 0.00643027 0.15256910 -0.02100557
v 0.00460255 0.15292270 -0.02135914
v 0.00459844 0.15256910 -0.02100563
v 0.00643027 0.15292260 -0.02135914
v 0.00460255 0.15292270 -0.02135914
v 0.00643027 0.15256910 -0.02100557
v 0.00707424 0.15260489 -0.02096968
v 0.00643027 0.15292260 -0.02135914
v 0.00643027 0.15256910 -0.02100557
v 0.00707424 0.15295850 -0.02132326
v 0.00759882 0.15269890 -0.02087581
v 0.00759882 0.15305240 -0.02122932
v 0.00797897 0.15281790 -0.02075672
v 0.00797897 0.15317149 -0.02111029
v 0.00828254 0.15331170 -0.02097004
v 0.00828254 0.15295820 -0.02061647
v 0.00854587 0.15348341 -0.02079832
v 0.00854587 0.15312980 -0.02044481
v 0.00874555 0.15331140 -0.02026325
v 0.00874555 0.15366501 -0.02061676
v 0.00889283 0.15349670 -0.02007788
v 0.00889283 0.15385030 -0.02043145
v 0.00900745 0.15405640 -0.02022522
v 0.00900745 0.15370290 -0.01987171
v 0.00908750 0.15392999 -0.01964455
v 0.00908750 0.15428360 -0.01999807
v 0.00913107 0.15417820 -0.01939636
v 0.00913107 0.15453170 -0.01974993
v 0.00913644 0.15479819 -0.01948350
v 0.00913644 0.15444461 -0.01912993
v 0.00910348 0.15505220 -0.01922947
v 0.00910342 0.15469860 -0.01887589
v 0.00903392 0.15493180 -0.01864278
v 0.00903392 0.15528530 -0.01899629
v 0.00895268 0.15545771 -0.01882392
v 0.00895268 0.15510410 -0.01847040
v 0.00885749 0.15525280 -0.01832175
v 0.00885749 0.15560630 -0.01867526
v 0.00874436 0.15538970 -0.01818478
v 0.00874436 0.15574330 -0.01853829
v 0.00861400 0.15586860 -0.01841300
v 0.00861400 0.15551500 -0.01805949
v 0.00846720 0.15598230 -0.01829934
v 0.00846720 0.15562870 -0.01794582
v 0.00830477 0.15573069 -0.01784378
v 0.00830477 0.15608430 -0.01819729
v 0.00812745 0.15617470 -0.01810687
v 0.00812745 0.15582120 -0.01775330
v 0.00786918 0.15627740 -0.01800423
v 0.00786918 0.15592380 -0.01765072
v 0.00755090 0.15636830 -0.01791328
v 0.00755090 0.15601480 -0.01755976
v 0.00720572 0.15607980 -0.01749461
v 0.00720572 0.15643340 -0.01784819
v 0.00683635 0.15611920 -0.01745527
v 0.00683635 0.15647280 -0.01780885
v 0.00521588 0.15613291 -0.01744157
v 0.00521588 0.15648650 -0.01779508
v 0.00357300 0.15613300 -0.01744157
v 0.00357300 0.15648650 -0.01779508
v 0.00521588 0.15648650 -0.01779508
v 0.00357300 0.15613300 -0.01744157
v 0.00900167 0.16032040 -0.01396095
v 0.00100142 0.15996690 -0.01360750
v 0.00100142 0.16032051 -0.01396101
v 0.00900167 0.16032040 -0.01396095
v 0.00900167 0.15996690 -0.01360738
v 0.00100142 0.15996690 -0.01360750
v 0.00504988 0.15750940 -0.01677221
v 0.00489861 0.15768591 -0.01659566
v 0.00489861 0.15733241 -0.01624208
v 0.00504988 0.15715580 -0.01641863
v 0.00523376 0.15735750 -0.01692414
v 0.00523376 0.15700389 -0.01657062
v 0.00544620 0.15723009 -0.01705151
v 0.00544620 0.15687650 -0.01669794
v 0.00568336 0.15677390 -0.01680064
v 0.00568336 0.15712740 -0.01715415
v 0.00594139 0.15669610 -0.01687836
v 0.00594139 0.15704970 -0.01723194
v 0.00621641 0.15664360 -0.01693087
v 0.00621641 0.15699720 -0.01728445
v 0.00650442 0.15661681 -0.01695770
v 0.00650442 0.15697031 -0.01731127
v 0.00680578 0.15661560 -0.01695889
v 0.00680578 0.15696910 -0.01731246
v 0.00709987 0.15663590 -0.01693850
v 0.00709987 0.15698950 -0.01729208
v 0.00737453 0.15667590 -0.01689857
v 0.00737458 0.15702949 -0.01725208
v 0.00762963 0.15673420 -0.01684027
v 0.00762963 0.15708780 -0.01719379
v 0.00786483 0.15680981 -0.01676464
v 0.00786483 0.15716340 -0.01711821
v 0.00807965 0.15690181 -0.01667267
v 0.00807965 0.15725531 -0.01702624
v 0.00827378 0.15736280 -0.01691871
v 0.00827378 0.15700930 -0.01656520
v 0.00844663 0.15748510 -0.01679646
v 0.00844663 0.15713149 -0.01644289
v 0.00859773 0.15726800 -0.01630640
v 0.00859773 0.15762161 -0.01665997
v 0.00872624 0.15777171 -0.01650983
v 0.00872624 0.15741810 -0.01615631
v 0.00883150 0.15758140 -0.01599299
v 0.00883150 0.15793490 -0.01634657
v 0.00891250 0.15775740 -0.01581692
v 0.00891250 0.15811101 -0.01617050
v 0.00896823 0.15794590 -0.01562845
v 0.00896823 0.15829951 -0.01598197
v 0.00900167 0.15894280 -0.01463145
v 0.00900167 0.15929639 -0.01498502
v 0.00900167 0.16032040 -0.01396095
v 0.00900167 0.15929639 -0.01498502
v 0.00900167 0.15894280 -0.01463145
v 0.00900167 0.15996690 -0.01360738
v 0.00100142 0.15868160 -0.01489281
v 0.00100142 0.16032051 -0.01396101
v 0.00100142 0.15996690 -0.01360750
v 0.00100142 0.15903521 -0.01524639
v 0.00100285 0.15824720 -0.01532721
v 0.00100285 0.15860081 -0.01568073
v 0.00103158 0.15803020 -0.01554423
v 0.00103158 0.15838380 -0.01589781
v 0.00110376 0.15781000 -0.01576447
v 0.00110376 0.15816361 -0.01611799
v 0.00122672 0.15794779 -0.01633381
v 0.00122672 0.15759420 -0.01598030
v 0.00139666 0.15775290 -0.01652872
v 0.00139666 0.15739930 -0.01617521
v 0.00160259 0.15723430 -0.01634025
v 0.00160259 0.15758780 -0.01669383
v 0.00185043 0.15709230 -0.01648223
v 0.00185048 0.15744589 -0.01683580
v 0.00210172 0.15734240 -0.01693916
v 0.00210172 0.15698890 -0.01658564
v 0.00237715 0.15690900 -0.01666551
v 0.00237715 0.15726259 -0.01701903
v 0.00267434 0.15720670 -0.01707494
v 0.00267434 0.15685309 -0.01672136
v 0.00299120 0.15682191 -0.01675260
v 0.00299120 0.15717550 -0.01710611
v 0.00331938 0.15681639 -0.01675814
v 0.00331938 0.15716989 -0.01711171
v 0.00365168 0.15684050 -0.01673400
v 0.00365168 0.15719409 -0.01708751
v 0.00398302 0.15689769 -0.01667678
v 0.00398302 0.15725130 -0.01703029
v 0.00430071 0.15734330 -0.01693826
v 0.00430071 0.15698980 -0.01658469
v 0.00456309 0.15710330 -0.01647126
v 0.00456309 0.15745680 -0.01682478
v 0.00474238 0.15756300 -0.01671850
v 0.00474238 0.15720950 -0.01636499
v 0.00489861 0.15768591 -0.01659566
v 0.00489861 0.15733241 -0.01624208
v 0.01654952 0.12590580 -0.04837727
v 0.01814508 0.12777241 -0.04780375
v 0.01808470 0.12650010 -0.04897046
v 0.01647382 0.12711710 -0.04716593
v 0.01814508 0.12777241 -0.04780375
v 0.01647394 0.16133730 -0.01294392
v 0.01814490 0.16198410 -0.01359015
v 0.01647382 0.12711710 -0.04716593
v 0.01647394 0.16133730 -0.01294392
v 0.01814508 0.12777241 -0.04780375
v 0.00710535 0.16060850 -0.01296573
v 0.00643021 0.16092271 -0.01335871
v 0.00643021 0.16056910 -0.01300519
v 0.00710928 0.16096260 -0.01331877
v 0.00758243 0.16069411 -0.01288014
v 0.00758666 0.16104870 -0.01323264
v 0.00795782 0.16080891 -0.01276534
v 0.00795936 0.16116300 -0.01311832
v 0.00814915 0.16088970 -0.01268452
v 0.00814950 0.16124339 -0.01303791
v 0.00832814 0.16098380 -0.01259046
v 0.00832814 0.16133730 -0.01294404
v 0.00167489 0.16133730 -0.01294410
v 0.00167489 0.16098380 -0.01259052
v 0.00187379 0.16088051 -0.01269388
v 0.00196201 0.16119550 -0.01308596
v 0.00208694 0.16079360 -0.01278078
v 0.00227600 0.16108610 -0.01319539
v 0.00249130 0.16067770 -0.01289659
v 0.00261146 0.16100660 -0.01327484
v 0.00300419 0.16059670 -0.01297765
v 0.00296295 0.16095451 -0.01332688
v 0.00470388 0.16092271 -0.01335877
v 0.00643021 0.16056910 -0.01300519
v 0.00643021 0.16092271 -0.01335871
v 0.00470388 0.16092271 -0.01335877
v 0.01803624 0.12080250 -0.05287158
v 0.01693886 0.12251770 -0.05121600
v 0.01801401 0.12292060 -0.05164951
v 0.01713263 0.12037490 -0.05253773
v 0.01808130 0.11943740 -0.05349278
v 0.01728004 0.11906400 -0.05316156
v 0.01814794 0.11800560 -0.05395776
v 0.01743668 0.11772760 -0.05362468
v 0.01676011 0.12434580 -0.04982084
v 0.01801401 0.12292060 -0.05164951
v 0.01693886 0.12251770 -0.05121600
v 0.01808470 0.12650010 -0.04897046
v 0.01654952 0.12590580 -0.04837727
v 0.01746273 0.11709140 -0.05378741
v 0.01743668 0.11772760 -0.05362468
v 0.01814794 0.11800560 -0.05395776
v 0.01783770 0.11494820 -0.05444920
v 0.01787596 0.11202090 -0.05506789
v 0.01783525 0.10394340 -0.05654281
v 0.01791560 0.10908770 -0.05565828
v 0.01795762 0.10614940 -0.05622261
v 0.01815050 0.09478998 -0.05821639
v 0.01804959 0.10026120 -0.05728608
v 0.01813721 0.09477591 -0.05821079
v 0.01694387 0.19964580 0.02592796
v 0.01814377 0.19897620 0.02381294
v 0.01676559 0.19828340 0.02413308
v 0.01814395 0.20036970 0.02585786
v 0.01734423 0.20174250 0.02981394
v 0.01814234 0.20182620 0.02869635
v 0.01714193 0.20098990 0.02812892
v 0.01814424 0.20235521 0.03038674
v 0.01746147 0.20218210 0.03130233
v 0.01740545 0.19779210 0.02295744
v 0.01814466 0.19739050 0.02187377
v 0.01654917 0.19677059 0.02248752
v 0.01757395 0.20030349 0.02634853
v 0.01774549 0.20192890 0.02965664
v 0.01783329 0.20280211 0.03324913
v 0.01788812 0.20367099 0.03738957
v 0.01794600 0.20448419 0.04154121
v 0.01814520 0.20661700 0.05363583
v 0.01813113 0.20661169 0.05365002
v 0.01800900 0.20525099 0.04570150
v 0.01807665 0.20598041 0.04986840
v 0.00603718 0.20917000 0.05620145
v 0.00017367 0.20948260 0.05651974
v 0.00017535 0.20741270 0.05901384
v 0.00635910 0.20706540 0.05866646
v 0.01182258 0.20827509 0.05531179
v 0.01240813 0.20609149 0.05769264
v 0.01813113 0.20661169 0.05365002
v 0.01821047 0.20453830 0.05613940
v -0.01783025 0.10395740 -0.05654305
v -0.01746636 0.11709110 -0.05378395
v -0.01383888 0.11539300 -0.05548560
v -0.00921732 0.10886280 -0.05788987
v -0.01177698 0.10195950 -0.05851888
v -0.01037240 0.11418980 -0.05668908
v -0.00668967 0.11336380 -0.05751550
v -0.00290936 0.11279960 -0.05808007
v 0.00000833 0.11230520 -0.05830246
v 0.00028099 0.11263200 -0.05824762
v 0.00432926 0.11289870 -0.05798077
v -0.00922334 0.10340450 -0.05877542
v -0.00530344 0.10077160 -0.05968892
v 0.00001034 0.10764960 -0.05903333
v 0.00000803 0.10235410 -0.05977857
v 0.00008907 0.10041900 -0.06003278
v 0.00508863 0.10070640 -0.05974644
v 0.00923502 0.10869440 -0.05793869
v 0.00826824 0.11361350 -0.05726581
v 0.01202499 0.11471590 -0.05616319
v 0.01356124 0.10995880 -0.05666434
v 0.01746273 0.11709140 -0.05378741
v 0.01783525 0.10394340 -0.05654281
v 0.01482099 0.11581520 -0.05506372
v 0.00923800 0.10331010 -0.05880230
v 0.00996870 0.10151730 -0.05894386
v 0.01362031 0.10445480 -0.05765968
v 0.01399403 0.10257830 -0.05789309
v 0.01676011 0.12434580 -0.04982084
v 0.01484972 0.12474930 -0.04953390
v 0.01654952 0.12590580 -0.04837727
v 0.01693886 0.12251770 -0.05121600
v 0.01303005 0.12366800 -0.05061519
v 0.01713263 0.12037490 -0.05253773
v 0.01069319 0.12250210 -0.05178123
v 0.01482099 0.11581520 -0.05506372
v 0.01728004 0.11906400 -0.05316156
v 0.01743668 0.11772760 -0.05362468
v 0.01746273 0.11709140 -0.05378741
v 0.01202499 0.11471590 -0.05616319
v 0.00820494 0.12152050 -0.05276292
v -0.00005864 0.11927620 -0.05493700
v -0.00007815 0.12011600 -0.05416762
v 0.00000037 0.12011580 -0.05416786
v 0.00284165 0.12028400 -0.05399960
v 0.00826824 0.11361350 -0.05726581
v 0.00558215 0.12076660 -0.05351686
v -0.00000824 0.11832050 -0.05568480
v 0.00010628 0.11662410 -0.05677324
v 0.00432926 0.11289870 -0.05798077
v 0.00019364 0.11528030 -0.05744856
v 0.00025889 0.11393240 -0.05795460
v 0.00028099 0.11263200 -0.05824762
v -0.00281113 0.11948810 -0.05472898
v -0.00275284 0.12031480 -0.05396884
v -0.00007815 0.12011600 -0.05416762
v -0.00005864 0.11927620 -0.05493700
v -0.00284010 0.11858680 -0.05543988
v -0.00000824 0.11832050 -0.05568480
v -0.00285429 0.11697660 -0.05649566
v 0.00010628 0.11662410 -0.05677324
v -0.00285619 0.11540770 -0.05729657
v 0.00019364 0.11528030 -0.05744856
v 0.00025889 0.11393240 -0.05795460
v -0.00286788 0.11414090 -0.05777490
v -0.00290936 0.11279960 -0.05808007
v 0.00028099 0.11263200 -0.05824762
v -0.01650482 0.12631831 -0.04796528
v -0.01413071 0.12430410 -0.04997956
v -0.01655203 0.12591261 -0.04837101
v -0.01647853 0.12672500 -0.04755860
v -0.01413071 0.12430410 -0.04997956
v -0.01650482 0.12631831 -0.04796528
v -0.01647329 0.12713200 -0.04715150
v -0.01167625 0.12295960 -0.05132412
v -0.01413071 0.12430410 -0.04997956
v -0.01647329 0.12713200 -0.04715150
v -0.01413071 0.12430410 -0.04997956
v -0.01647853 0.12672500 -0.04755860
v 0.00000037 0.12011580 -0.05416786
v -0.00007815 0.12011600 -0.05416762
v -0.00275284 0.12031480 -0.05396884
v -0.00900543 0.14012469 -0.03415793
v -0.00906545 0.12186460 -0.05241906
v -0.01167625 0.12295960 -0.05132412
v -0.01647329 0.12713200 -0.04715150
v -0.00900543 0.14115269 -0.03312987
v -0.00900543 0.14012469 -0.03415793
v -0.00900549 0.14496429 -0.02931815
v -0.00889087 0.14358070 -0.03070187
v -0.00889087 0.14253640 -0.03174620
v -0.00900549 0.14496429 -0.02931815
v -0.00900543 0.14115269 -0.03312987
v -0.00900549 0.14496429 -0.02931815
v -0.00889087 0.14253640 -0.03174620
v -0.00900543 0.14115269 -0.03312987
v 0.01647382 0.12711710 -0.04716593
v 0.01303005 0.12366800 -0.05061519
v 0.01069319 0.12250210 -0.05178123
v 0.01647382 0.12711710 -0.04716593
v 0.01484972 0.12474930 -0.04953390
v 0.01303005 0.12366800 -0.05061519
v 0.01647382 0.12711710 -0.04716593
v 0.01654952 0.12590580 -0.04837727
v 0.01484972 0.12474930 -0.04953390
v -0.00859004 0.14682020 -0.02746212
v -0.00841761 0.14669339 -0.02758896
v -0.00900549 0.14599229 -0.02829009
v -0.00822502 0.14658169 -0.02770060
v -0.00900549 0.14599229 -0.02829009
v -0.00841761 0.14669339 -0.02758896
v -0.00874108 0.14696230 -0.02732002
v -0.00859004 0.14682020 -0.02746212
v -0.00900549 0.14599229 -0.02829009
v -0.00801337 0.14648530 -0.02779710
v -0.00900549 0.14599229 -0.02829009
v -0.00822502 0.14658169 -0.02770060
v -0.00886953 0.14711970 -0.02716267
v -0.00874108 0.14696230 -0.02732002
v -0.00900549 0.14599229 -0.02829009
v -0.00778401 0.14640389 -0.02787846
v -0.00900549 0.14599229 -0.02829009
v -0.00801337 0.14648530 -0.02779710
v -0.00897419 0.14729241 -0.02698987
v -0.00753796 0.14633760 -0.02794480
v -0.00900549 0.14599229 -0.02829009
v -0.00778401 0.14640389 -0.02787846
v -0.00905639 0.14748789 -0.02679443
v -0.00897419 0.14729241 -0.02698987
v -0.00900549 0.14599229 -0.02829009
v -0.00912035 0.14776351 -0.02651876
v -0.00905639 0.14748789 -0.02679443
v -0.00900549 0.14599229 -0.02829009
v 0.00156784 0.14058670 -0.03369581
v -0.00099178 0.14133300 -0.03294950
v 0.00136626 0.14072540 -0.03355711
v 0.00119328 0.14088720 -0.03339534
v 0.00136626 0.14072540 -0.03355711
v -0.00099178 0.14133300 -0.03294950
v 0.00179642 0.14047000 -0.03381246
v -0.00900543 0.14012469 -0.03415793
v -0.00099178 0.14133300 -0.03294950
v 0.00179642 0.14047000 -0.03381246
v -0.00099178 0.14133300 -0.03294950
v 0.00156784 0.14058670 -0.03369581
v 0.00105095 0.14107350 -0.03320902
v 0.00119328 0.14088720 -0.03339534
v -0.00099178 0.14133300 -0.03294950
v 0.00205123 0.14037460 -0.03390789
v -0.00900543 0.14012469 -0.03415793
v 0.00179642 0.14047000 -0.03381246
v 0.00205123 0.14037460 -0.03390789
v 0.00233185 0.14030020 -0.03398233
v -0.00454509 0.12059230 -0.05369138
v -0.00629109 0.12099350 -0.05329018
v 0.00233185 0.14030020 -0.03398233
v -0.00629109 0.12099350 -0.05329018
v 0.00233185 0.14030020 -0.03398233
v -0.00906545 0.12186460 -0.05241906
v 0.00205123 0.14037460 -0.03390789
v 0.00094228 0.14128630 -0.03299617
v 0.00105095 0.14107350 -0.03320902
v -0.00099178 0.14133300 -0.03294950
v 0.00263828 0.14024679 -0.03403574
v -0.00275284 0.12031480 -0.05396884
v 0.00284165 0.12028400 -0.05399960
v 0.00000037 0.12011580 -0.05416786
v 0.00263828 0.14024679 -0.03403574
v 0.00558215 0.12076660 -0.05351686
v 0.00284165 0.12028400 -0.05399960
v 0.00263828 0.14024679 -0.03403574
v -0.00454509 0.12059230 -0.05369138
v 0.00233185 0.14030020 -0.03398233
v 0.00000037 0.12011580 -0.05416786
v -0.00275284 0.12031480 -0.05396884
v 0.00087096 0.14152800 -0.03275454
v 0.00094228 0.14128630 -0.03299617
v -0.00099178 0.14133300 -0.03294950
v 0.00294024 0.14021690 -0.03406560
v 0.00558215 0.12076660 -0.05351686
v 0.00263828 0.14024679 -0.03403574
v 0.00294024 0.14021690 -0.03406560
v 0.00820494 0.12152050 -0.05276292
v 0.00084186 0.14180100 -0.03248143
v -0.00099179 0.14239350 -0.03188902
v 0.00084186 0.14180100 -0.03248143
v 0.00087096 0.14152800 -0.03275454
v -0.00099178 0.14133300 -0.03294950
v 0.00326449 0.14020550 -0.03407698
v 0.00326449 0.14020550 -0.03407698
v 0.00820494 0.12152050 -0.05276292
v 0.00294024 0.14021690 -0.03406560
v 0.00085779 0.14206170 -0.03222078
v 0.00084186 0.14180100 -0.03248143
v -0.00099179 0.14239350 -0.03188902
v 0.00091581 0.14230540 -0.03197699
v 0.00085779 0.14206170 -0.03222078
v -0.00099179 0.14239350 -0.03188902
v 0.00254834 0.14133041 -0.03295207
v 0.00242597 0.14139810 -0.03288435
v 0.00233555 0.14147560 -0.03280693
v 0.00227225 0.14155960 -0.03272283
v 0.00223148 0.14164780 -0.03263467
v 0.00270766 0.14127600 -0.03300642
v 0.00254834 0.14133041 -0.03295207
v 0.00223148 0.14164780 -0.03263467
v 0.00101459 0.14253300 -0.03174948
v 0.00091581 0.14230540 -0.03197699
v -0.00099179 0.14239350 -0.03188902
v 0.00220376 0.14178210 -0.03250038
v 0.00270766 0.14127600 -0.03300642
v 0.00223148 0.14164780 -0.03263467
v 0.00220376 0.14178210 -0.03250038
v 0.00290441 0.14123960 -0.03304290
v 0.00270766 0.14127600 -0.03300642
v 0.00115275 0.14274099 -0.03154134
v -0.00099180 0.14372361 -0.03055882
v 0.00115275 0.14274099 -0.03154134
v 0.00101459 0.14253300 -0.03174948
v -0.00099179 0.14239350 -0.03188902
v 0.00134450 0.14294070 -0.03134173
v 0.00115275 0.14274099 -0.03154134
v -0.00099180 0.14372361 -0.03055882
v 0.00257647 0.14236590 -0.03191643
v 0.00236523 0.14223640 -0.03204602
v 0.00243413 0.14229220 -0.03199028
v 0.00508505 0.14074840 -0.03353404
v 0.00326449 0.14020550 -0.03407698
v 0.00325006 0.14071710 -0.03356540
v 0.00275153 0.14241220 -0.03187024
v 0.00229907 0.14216010 -0.03212231
v 0.00544584 0.14050910 -0.03377330
v 0.00326449 0.14020550 -0.03407698
v 0.00508505 0.14074840 -0.03353404
v 0.00573236 0.14037400 -0.03390848
v 0.00326449 0.14020550 -0.03407698
v 0.00544584 0.14050910 -0.03377330
v 0.00285035 0.14242390 -0.03185844
v 0.00224298 0.14205800 -0.03222447
v 0.00460613 0.14119519 -0.03308725
v 0.00508505 0.14074840 -0.03353404
v 0.00325006 0.14071710 -0.03356540
v 0.00321048 0.14109629 -0.03318619
v 0.00460613 0.14119519 -0.03308725
v 0.00321048 0.14109629 -0.03318619
v 0.00315017 0.14122389 -0.03305858
v 0.00295597 0.14242791 -0.03185451
v 0.00220835 0.14193121 -0.03235119
v 0.00604093 0.14027549 -0.03400695
v 0.00326449 0.14020550 -0.03407698
v 0.00573236 0.14037400 -0.03390848
v -0.00240153 0.14635150 -0.02793079
v -0.00099180 0.14478400 -0.02949827
v -0.00292611 0.14625759 -0.02802473
v 0.00320983 0.14240520 -0.03187721
v 0.00220835 0.14193121 -0.03235119
v 0.00295597 0.14242791 -0.03185451
v 0.00320983 0.14240520 -0.03187721
v 0.00295597 0.14242791 -0.03185451
v 0.00308448 0.14242390 -0.03185850
v 0.00403327 0.14186101 -0.03242146
v 0.00460613 0.14119519 -0.03308725
v 0.00315017 0.14122389 -0.03305858
v 0.00636363 0.14021580 -0.03406661
v 0.00326449 0.14020550 -0.03407698
v 0.00604093 0.14027549 -0.03400695
v 0.00636363 0.14021580 -0.03406661
v 0.00336105 0.14236140 -0.03192096
v 0.00220835 0.14193121 -0.03235119
v 0.00320983 0.14240520 -0.03187721
v 0.00352633 0.14228520 -0.03199720
v 0.00290441 0.14123960 -0.03304290
v 0.00220376 0.14178210 -0.03250038
v 0.00352633 0.14228520 -0.03199720
v 0.00220835 0.14193121 -0.03235119
v 0.00336105 0.14236140 -0.03192096
v 0.00352633 0.14228520 -0.03199720
v 0.00220376 0.14178210 -0.03250038
v 0.00220835 0.14193121 -0.03235119
v 0.00373047 0.14214800 -0.03213441
v 0.00403327 0.14186101 -0.03242146
v 0.00315017 0.14122389 -0.03305858
v 0.00362813 0.14222281 -0.03205960
v 0.00290441 0.14123960 -0.03304290
v 0.00352633 0.14228520 -0.03199720
v 0.00362813 0.14222281 -0.03205960
v 0.00373047 0.14214800 -0.03213441
v 0.00315017 0.14122389 -0.03305858
v 0.00362813 0.14222281 -0.03205960
v 0.00315017 0.14122389 -0.03305858
v 0.00290441 0.14123960 -0.03304290
v -0.00839770 0.15088670 -0.02339547
v -0.00825882 0.14940710 -0.02487510
v -0.00850630 0.14925119 -0.02503103
v -0.00860363 0.15105170 -0.02323037
v -0.00839770 0.15088670 -0.02339547
v -0.00850630 0.14925119 -0.02503103
v -0.00860363 0.15105170 -0.02323037
v -0.00850630 0.14925119 -0.02503103
v -0.00871682 0.14906830 -0.02521395
v -0.00814980 0.15074471 -0.02353745
v -0.00825882 0.14940710 -0.02487510
v -0.00839770 0.15088670 -0.02339547
v -0.00814980 0.15074471 -0.02353745
v -0.00794363 0.14954880 -0.02473342
v -0.00825882 0.14940710 -0.02487510
v 0.00678468 0.14019009 -0.03409236
v 0.01647382 0.12711710 -0.04716593
v 0.00636363 0.14021580 -0.03406661
v -0.00202137 0.14647050 -0.02781176
v -0.00877350 0.15124670 -0.02303546
v -0.00871682 0.14906830 -0.02521395
v -0.00888759 0.14885829 -0.02542394
v -0.00877350 0.15124670 -0.02303546
v -0.00860363 0.15105170 -0.02323037
v -0.00871682 0.14906830 -0.02521395
v -0.00789851 0.15064131 -0.02364081
v -0.00794363 0.14954880 -0.02473342
v -0.00814980 0.15074471 -0.02353745
v -0.00762308 0.15056150 -0.02372068
v -0.00754815 0.14966729 -0.02461493
v -0.00794363 0.14954880 -0.02473342
v -0.00762308 0.15056150 -0.02372068
v -0.00794363 0.14954880 -0.02473342
v -0.00789851 0.15064131 -0.02364081
v -0.00889653 0.15146241 -0.02281963
v -0.00888759 0.14885829 -0.02542394
v -0.00901598 0.14862120 -0.02566105
v -0.00877350 0.15124670 -0.02303546
v 0.00713307 0.14020599 -0.03407645
v 0.01647382 0.12711710 -0.04716593
v 0.00678468 0.14019009 -0.03409236
v -0.00732589 0.15050560 -0.02377659
v -0.00707316 0.14974950 -0.02453273
v -0.00754815 0.14966729 -0.02461493
v -0.00732589 0.15050560 -0.02377659
v -0.00754815 0.14966729 -0.02461493
v -0.00762308 0.15056150 -0.02372068
v -0.00896871 0.15168270 -0.02259945
v -0.00901598 0.14862120 -0.02566105
v -0.00909930 0.14835690 -0.02592533
v -0.00896871 0.15168270 -0.02259945
v 0.00140059 0.14435720 -0.02992510
v 0.00134450 0.14294070 -0.03134173
v -0.00099180 0.14372361 -0.03055882
v 0.00140059 0.14435720 -0.02992510
v 0.00153410 0.14308301 -0.03119939
v 0.00134450 0.14294070 -0.03134173
v 0.00159746 0.14422220 -0.03006011
v 0.00153410 0.14308301 -0.03119939
v 0.00140059 0.14435720 -0.02992510
v 0.00159746 0.14422220 -0.03006011
v 0.00176960 0.14321220 -0.03107017
v 0.00153410 0.14308301 -0.03119939
v 0.00180226 0.14411470 -0.03016763
v 0.00176960 0.14321220 -0.03107017
v 0.00159746 0.14422220 -0.03006011
v 0.00180226 0.14411470 -0.03016763
v 0.00198644 0.14329800 -0.03098434
v 0.00176960 0.14321220 -0.03107017
v 0.00119710 0.14454889 -0.02973341
v -0.00099180 0.14372361 -0.03055882
v -0.00099180 0.14478400 -0.02949827
v 0.00119710 0.14454889 -0.02973341
v 0.00140059 0.14435720 -0.02992510
v -0.00099180 0.14372361 -0.03055882
v -0.00171781 0.14661071 -0.02767151
v -0.00099180 0.14478400 -0.02949827
v -0.00202137 0.14647050 -0.02781176
v 0.00202876 0.14402311 -0.03025925
v 0.00198644 0.14329800 -0.03098434
v 0.00180226 0.14411470 -0.03016763
v 0.00202876 0.14402311 -0.03025925
v 0.00227267 0.14337499 -0.03090733
v 0.00198644 0.14329800 -0.03098434
v 0.00103748 0.14476940 -0.02951288
v 0.00119710 0.14454889 -0.02973341
v -0.00099180 0.14478400 -0.02949827
v -0.00700903 0.15047440 -0.02380776
v -0.00707316 0.14974950 -0.02453273
v 0.00227618 0.14394720 -0.03033512
v 0.00227267 0.14337499 -0.03090733
v 0.00202876 0.14402311 -0.03025925
v 0.00753301 0.14027080 -0.03401166
v 0.00713307 0.14020599 -0.03407645
v 0.00092381 0.14501910 -0.02926313
v 0.00103748 0.14476940 -0.02951288
v 0.00254357 0.14388710 -0.03039526
v 0.00227267 0.14337499 -0.03090733
v 0.00227618 0.14394720 -0.03033512
v 0.00254357 0.14388710 -0.03039526
v 0.00261205 0.14342460 -0.03085780
v 0.00227267 0.14337499 -0.03090733
v -0.00668079 0.15046880 -0.02381336
v -0.00642735 0.14978550 -0.02449667
v -0.00668079 0.15046880 -0.02381336
v 0.00289094 0.14383531 -0.03044706
v 0.00261205 0.14342460 -0.03085780
v 0.00254357 0.14388710 -0.03039526
v 0.00294900 0.14343791 -0.03084450
v 0.00085809 0.14529830 -0.02898401
v 0.00092381 0.14501910 -0.02926313
v -0.00099180 0.14478400 -0.02949827
v 0.00790894 0.14037900 -0.03390341
v 0.01647382 0.12711710 -0.04716593
v 0.00753301 0.14027080 -0.03401166
v -0.00634849 0.15049300 -0.02378916
v -0.00642735 0.14978550 -0.02449667
v -0.00668079 0.15046880 -0.02381336
v 0.00693506 0.14115940 -0.03312307
v 0.00682259 0.14116161 -0.03312081
v 0.00671548 0.14117390 -0.03310847
v 0.00661033 0.14119610 -0.03308635
v 0.00326455 0.14380580 -0.03047651
v 0.00396955 0.14326359 -0.03101879
v 0.00370514 0.14334591 -0.03093647
v 0.00326455 0.14380580 -0.03047651
v 0.00370514 0.14334591 -0.03093647
v 0.00337183 0.14340959 -0.03087276
v 0.00326455 0.14380580 -0.03047651
v 0.00337183 0.14340959 -0.03087276
v 0.00294900 0.14343791 -0.03084450
v 0.00326455 0.14380580 -0.03047651
v 0.00084238 0.14560580 -0.02867650
v 0.00085809 0.14529830 -0.02898401
v -0.00099180 0.14478400 -0.02949827
v 0.00084238 0.14560580 -0.02867650
v -0.00099180 0.14478400 -0.02949827
v -0.00171781 0.14661071 -0.02767151
v -0.00601715 0.15055010 -0.02373194
v -0.00642735 0.14978550 -0.02449667
v -0.00634849 0.15049300 -0.02378916
v 0.00823104 0.14051870 -0.03376376
v 0.00790894 0.14037900 -0.03390341
v -0.00478452 0.14978550 -0.02449667
v 0.00087828 0.14590180 -0.02838045
v 0.00084238 0.14560580 -0.02867650
v -0.00171781 0.14661071 -0.02767151
v 0.00087828 0.14590180 -0.02838045
v -0.00171781 0.14661071 -0.02767151
v -0.00145447 0.14678240 -0.02749979
v -0.00569951 0.15064220 -0.02363985
v -0.00478452 0.14978550 -0.02449667
v 0.00850672 0.14068849 -0.03359389
v 0.01647382 0.12711710 -0.04716593
v 0.00823104 0.14051870 -0.03376376
v 0.00234872 0.14511900 -0.02916330
v 0.00257581 0.14495119 -0.02933102
v 0.00244778 0.14502820 -0.02925413
v 0.00761914 0.14139320 -0.03288918
v 0.00751466 0.14130899 -0.03297340
v 0.00738931 0.14124361 -0.03303879
v 0.00724310 0.14119640 -0.03308600
v 0.00227505 0.14522600 -0.02905625
v 0.00273734 0.14488810 -0.02939414
v 0.00096358 0.14616691 -0.02811539
v 0.00087828 0.14590180 -0.02838045
v -0.00145447 0.14678240 -0.02749979
v 0.00096358 0.14616691 -0.02811539
v -0.00145447 0.14678240 -0.02749979
v -0.00125474 0.14696400 -0.02731829
v 0.00222254 0.14536600 -0.02891629
v 0.00294054 0.14483900 -0.02944326
v 0.00273734 0.14488810 -0.02939414
v 0.00222254 0.14536600 -0.02891629
v 0.00273734 0.14488810 -0.02939414
v 0.00227505 0.14522600 -0.02905625
v 0.00770175 0.14149760 -0.03278475
v 0.00705796 0.14116620 -0.03311622
v 0.00872815 0.14087960 -0.03340280
v 0.01647382 0.12711710 -0.04716593
v 0.00850672 0.14068849 -0.03359389
v 0.00326455 0.14480031 -0.02948194
v 0.00396955 0.14326359 -0.03101879
v 0.00326455 0.14380580 -0.03047651
v 0.00775951 0.14162360 -0.03265881
v 0.00705796 0.14116620 -0.03311622
v 0.00693506 0.14115940 -0.03312307
v 0.00775951 0.14162360 -0.03265881
v 0.00770175 0.14149760 -0.03278475
v 0.00705796 0.14116620 -0.03311622
v 0.00109535 0.14640170 -0.02788060
v 0.00096358 0.14616691 -0.02811539
v -0.00125474 0.14696400 -0.02731829
v 0.00109535 0.14640170 -0.02788060
v -0.00125474 0.14696400 -0.02731829
v -0.00110745 0.14714929 -0.02713292
v 0.00109535 0.14640170 -0.02788060
v -0.00110745 0.14714929 -0.02713292
v -0.00099290 0.14735539 -0.02692675
v 0.00778764 0.14176610 -0.03251624
v 0.00775951 0.14162360 -0.03265881
v 0.00693506 0.14115940 -0.03312307
v 0.00778764 0.14176610 -0.03251624
v 0.00693506 0.14115940 -0.03312307
v 0.00661033 0.14119610 -0.03308635
v 0.00778764 0.14176610 -0.03251624
v 0.00661033 0.14119610 -0.03308635
v 0.00650209 0.14122930 -0.03305310
v 0.00778764 0.14176610 -0.03251624
v 0.00650209 0.14122930 -0.03305310
v 0.00639486 0.14127269 -0.03300970
v -0.00476664 0.15065619 -0.02362585
v -0.00569951 0.15064220 -0.02363985
v -0.00543719 0.15075570 -0.02352643
v -0.00476664 0.15065619 -0.02362585
v 0.00673920 0.14253300 -0.03174942
v 0.00617880 0.14139190 -0.03289043
v 0.00598669 0.14153349 -0.03274893
v 0.00673920 0.14253300 -0.03174942
v 0.00598669 0.14153349 -0.03274893
v 0.00579423 0.14170770 -0.03257471
v 0.00673920 0.14253300 -0.03174942
v 0.00579423 0.14170770 -0.03257471
v 0.00511622 0.14246480 -0.03181761
v -0.00495040 0.15080820 -0.02347385
v -0.00476664 0.15065619 -0.02362585
v -0.00543719 0.15075570 -0.02352643
v -0.00495040 0.15080820 -0.02347385
v -0.00543719 0.15075570 -0.02352643
v -0.00525790 0.15086190 -0.02342015
v -0.00455415 0.15052889 -0.02375316
v -0.00478452 0.14978550 -0.02449667
v -0.00476664 0.15065619 -0.02362585
v 0.00889570 0.14108290 -0.03319948
v 0.01647382 0.12711710 -0.04716593
v 0.00872815 0.14087960 -0.03340280
v -0.00431699 0.15042619 -0.02385586
v -0.00478452 0.14978550 -0.02449667
v -0.00455415 0.15052889 -0.02375316
v -0.00510162 0.15098479 -0.02329730
v -0.00495040 0.15080820 -0.02347385
v -0.00525790 0.15086190 -0.02342015
v 0.00778109 0.14194940 -0.03233289
v 0.00639486 0.14127269 -0.03300970
v 0.00617880 0.14139190 -0.03289043
v 0.00778109 0.14194940 -0.03233289
v 0.00778764 0.14176610 -0.03251624
v 0.00639486 0.14127269 -0.03300970
v -0.00405890 0.15034850 -0.02393358
v -0.00431699 0.15042619 -0.02385586
v 0.00702566 0.14251350 -0.03176879
v 0.00617880 0.14139190 -0.03289043
v 0.00673920 0.14253300 -0.03174942
v 0.00702566 0.14251350 -0.03176879
v 0.00778109 0.14194940 -0.03233289
v 0.00617880 0.14139190 -0.03289043
v 0.00127095 0.14660680 -0.02767539
v 0.00109535 0.14640170 -0.02788060
v -0.00099290 0.14735539 -0.02692675
v 0.00722945 0.14247380 -0.03180849
v 0.00774485 0.14208069 -0.03220158
v 0.00778109 0.14194940 -0.03233289
v 0.00702566 0.14251350 -0.03176879
v -0.00378388 0.15029600 -0.02398610
v -0.00316405 0.14977179 -0.02451038
v -0.00478452 0.14978550 -0.02449667
v -0.00378388 0.15029600 -0.02398610
v 0.00734138 0.14243831 -0.03184401
v 0.00768262 0.14219441 -0.03208792
v 0.00774485 0.14208069 -0.03220158
v 0.00734138 0.14243831 -0.03184401
v 0.00748283 0.14237200 -0.03191030
v 0.00759560 0.14229091 -0.03199142
v 0.00768262 0.14219441 -0.03208792
v 0.00734138 0.14243831 -0.03184401
v 0.00902587 0.14131460 -0.03296774
v 0.01647382 0.12711710 -0.04716593
v 0.00889570 0.14108290 -0.03319948
v 0.00243252 0.14600091 -0.02828127
v 0.00226432 0.14581630 -0.02846598
v 0.00233603 0.14591640 -0.02836591
v -0.00349587 0.15026920 -0.02401292
v -0.00316405 0.14977179 -0.02451038
v -0.00378388 0.15029600 -0.02398610
v 0.00255495 0.14607190 -0.02821028
v 0.00221854 0.14569820 -0.02858406
v -0.00319445 0.15026800 -0.02401411
v 0.00911385 0.14157230 -0.03271007
v 0.01647382 0.12711710 -0.04716593
v 0.00902587 0.14131460 -0.03296774
v 0.00270367 0.14612930 -0.02815300
v 0.00220156 0.14555641 -0.02872586
v 0.00290507 0.14617731 -0.02810490
v 0.00294054 0.14483900 -0.02944326
v 0.00222254 0.14536600 -0.02891629
v 0.00290507 0.14617731 -0.02810490
v 0.00220156 0.14555641 -0.02872586
v 0.00270367 0.14612930 -0.02815300
v 0.00290507 0.14617731 -0.02810490
v 0.00222254 0.14536600 -0.02891629
v 0.00220156 0.14555641 -0.02872586
v -0.00290042 0.15028840 -0.02399373
v -0.00279468 0.14973240 -0.02454972
v -0.00316405 0.14977179 -0.02451038
v -0.00290042 0.15028840 -0.02399373
v 0.00914997 0.14177591 -0.03250640
v 0.01647382 0.12711710 -0.04716593
v 0.00911385 0.14157230 -0.03271007
v 0.00311440 0.14620440 -0.02807784
v 0.00326455 0.14480031 -0.02948194
v 0.00673914 0.14365070 -0.03063160
v 0.00511622 0.14246480 -0.03181761
v 0.00470239 0.14284571 -0.03143662
v 0.00673914 0.14365070 -0.03063160
v 0.00470239 0.14284571 -0.03143662
v 0.00446570 0.14301510 -0.03126722
v 0.00673914 0.14365070 -0.03063160
v 0.00673920 0.14253300 -0.03174942
v 0.00511622 0.14246480 -0.03181761
v 0.00673914 0.14366619 -0.03061610
v 0.00446570 0.14301510 -0.03126722
v 0.00422364 0.14315310 -0.03112924
v 0.00673914 0.14366619 -0.03061610
v 0.00673914 0.14365070 -0.03063160
v 0.00446570 0.14301510 -0.03126722
v 0.00916189 0.14198920 -0.03229314
v 0.01647382 0.12711710 -0.04716593
v 0.00914997 0.14177591 -0.03250640
v -0.00262564 0.15032829 -0.02395373
v -0.00244957 0.14966729 -0.02461481
v -0.00279468 0.14973240 -0.02454972
v -0.00262564 0.15032829 -0.02395373
v -0.00279468 0.14973240 -0.02454972
v -0.00290042 0.15028840 -0.02399373
v 0.00100148 0.14784770 -0.02643442
v 0.00127095 0.14660680 -0.02767539
v -0.00099290 0.14735539 -0.02692675
v 0.00100148 0.14784770 -0.02643442
v 0.00199467 0.14703450 -0.02724766
v 0.00173658 0.14692670 -0.02735555
v 0.00173658 0.14692670 -0.02735555
v 0.00148803 0.14678290 -0.02749925
v 0.00100148 0.14784770 -0.02643442
v 0.00148803 0.14678290 -0.02749925
v 0.00127095 0.14660680 -0.02767539
v 0.00100148 0.14784770 -0.02643442
v -0.00099290 0.14735539 -0.02692675
v -0.00091286 0.14758261 -0.02669960
v 0.00100148 0.14784770 -0.02643442
v -0.00091286 0.14758261 -0.02669960
v -0.00086927 0.14783069 -0.02645140
v 0.00100148 0.14784770 -0.02643442
v -0.00086927 0.14783069 -0.02645140
v -0.00086393 0.14809720 -0.02618497
v 0.00100148 0.14784770 -0.02643442
v -0.00086393 0.14809720 -0.02618497
v -0.00089691 0.14835121 -0.02593094
v 0.00334495 0.14621571 -0.02806651
v 0.00326455 0.14480031 -0.02948194
v 0.00311440 0.14620440 -0.02807784
v -0.00237060 0.15038660 -0.02389544
v -0.00213122 0.14957640 -0.02470570
v -0.00244957 0.14966729 -0.02461481
v -0.00237060 0.15038660 -0.02389544
v -0.00244957 0.14966729 -0.02461481
v -0.00262564 0.15032829 -0.02395373
v 0.00238228 0.14714350 -0.02713865
v 0.00199467 0.14703450 -0.02724766
v 0.00100148 0.14784770 -0.02643442
v -0.00213540 0.15046220 -0.02381980
v -0.00213122 0.14957640 -0.02470570
v -0.00237060 0.15038660 -0.02389544
v -0.00192058 0.15055420 -0.02372783
v -0.00187296 0.14947380 -0.02480834
v -0.00213122 0.14957640 -0.02470570
v -0.00192058 0.15055420 -0.02372783
v -0.00213122 0.14957640 -0.02470570
v -0.00213540 0.15046220 -0.02381980
v 0.00290895 0.14722160 -0.02706056
v 0.00238228 0.14714350 -0.02713865
v 0.00100148 0.14784770 -0.02643442
v -0.00172645 0.15066171 -0.02362036
v -0.00153315 0.14928129 -0.02500081
v -0.00169563 0.14938331 -0.02489876
v -0.00172645 0.15066171 -0.02362036
v -0.00169563 0.14938331 -0.02489876
v -0.00187296 0.14947380 -0.02480834
v -0.00172645 0.15066171 -0.02362036
v -0.00187296 0.14947380 -0.02480834
v -0.00192058 0.15055420 -0.02372783
v 0.00673914 0.14477751 -0.02950465
v 0.00422364 0.14315310 -0.03112924
v 0.00396955 0.14326359 -0.03101879
v 0.00673914 0.14366619 -0.03061610
v 0.00100148 0.14884169 -0.02544039
v -0.00096646 0.14858440 -0.02569776
v -0.00104767 0.14875680 -0.02552533
v 0.00100148 0.14884169 -0.02544039
v 0.00100148 0.14784770 -0.02643442
v -0.00089691 0.14835121 -0.02593094
v 0.00100148 0.14884169 -0.02544039
v -0.00089691 0.14835121 -0.02593094
v -0.00096646 0.14858440 -0.02569776
v -0.00155359 0.15078400 -0.02349805
v -0.00153315 0.14928129 -0.02500081
v -0.00172645 0.15066171 -0.02362036
v -0.01647365 0.16133741 -0.01294428
v -0.00909930 0.14835690 -0.02592533
v -0.00913495 0.14806540 -0.02621686
v -0.01647365 0.16133741 -0.01294428
v -0.00912035 0.14776351 -0.02651876
v -0.00900549 0.14599229 -0.02829009
v -0.01647365 0.16133741 -0.01294428
v -0.00913495 0.14806540 -0.02621686
v -0.00912035 0.14776351 -0.02651876
v -0.01647365 0.16133741 -0.01294428
v -0.00900549 0.14599229 -0.02829009
v -0.00899887 0.15559950 -0.01868242
v -0.00899887 0.15462160 -0.01966029
v -0.01647365 0.16133741 -0.01294428
v -0.00899887 0.15462160 -0.01966029
v -0.00899887 0.15361939 -0.02066266
v -0.01647365 0.16133741 -0.01294428
v -0.00899887 0.15361939 -0.02066266
v -0.00899887 0.15233400 -0.02194803
v -0.01647365 0.16133741 -0.01294428
v -0.00899887 0.15233400 -0.02194803
v -0.00899738 0.15189970 -0.02238237
v -0.01647365 0.16133741 -0.01294428
v -0.00899738 0.15189970 -0.02238237
v -0.00896871 0.15168270 -0.02259945
v -0.01647365 0.16133741 -0.01294428
v -0.00896871 0.15168270 -0.02259945
v -0.00909930 0.14835690 -0.02592533
v 0.00100130 0.14930430 -0.02497774
v -0.00104767 0.14875680 -0.02552533
v -0.00114286 0.14890540 -0.02537673
v 0.00100130 0.14930430 -0.02497774
v -0.00114286 0.14890540 -0.02537673
v -0.00125605 0.14904240 -0.02523976
v 0.00100130 0.14930430 -0.02497774
v -0.00125605 0.14904240 -0.02523976
v -0.00138640 0.14916770 -0.02511447
v 0.00100130 0.14930430 -0.02497774
v -0.00138640 0.14916770 -0.02511447
v -0.00153315 0.14928129 -0.02500081
v 0.00100130 0.14930430 -0.02497774
v -0.00153315 0.14928129 -0.02500081
v -0.00155359 0.15078400 -0.02349805
v 0.00100130 0.14930430 -0.02497774
v 0.00100148 0.14884169 -0.02544039
v -0.00104767 0.14875680 -0.02552533
v 0.00100130 0.14930430 -0.02497774
v -0.00155359 0.15078400 -0.02349805
v -0.00140256 0.15092050 -0.02336156
v 0.00551551 0.14621601 -0.02806609
v 0.00551551 0.14621601 -0.02806609
v 0.00326455 0.14480031 -0.02948194
v 0.00334495 0.14621571 -0.02806651
v -0.00127399 0.15107051 -0.02321147
v 0.00100130 0.14930430 -0.02497774
v -0.00140256 0.15092050 -0.02336156
v 0.00763780 0.14511010 -0.02917200
v 0.00754339 0.14501861 -0.02926355
v 0.00744712 0.14495450 -0.02932769
v 0.00772005 0.14524220 -0.02903997
v 0.00729263 0.14488420 -0.02939802
v 0.00711340 0.14483200 -0.02945023
v -0.00899887 0.15711869 -0.01716315
v -0.00899887 0.15559950 -0.01868242
v 0.00646478 0.14621601 -0.02806609
v 0.00673914 0.14477751 -0.02950465
v 0.00551551 0.14621601 -0.02806609
v 0.00776362 0.14538071 -0.02890145
v 0.00772005 0.14524220 -0.02903997
v 0.00711340 0.14483200 -0.02945023
v 0.00233859 0.14930430 -0.02497774
v 0.00692934 0.14619960 -0.02808254
v 0.00777870 0.14555991 -0.02872234
v 0.00776362 0.14538071 -0.02890145
v 0.00692934 0.14619960 -0.02808254
v 0.00711340 0.14483200 -0.02945023
v 0.00693589 0.14479920 -0.02948296
v 0.00692934 0.14619960 -0.02808254
v 0.00693589 0.14479920 -0.02948296
v 0.00673914 0.14477751 -0.02950465
v 0.00692934 0.14619960 -0.02808254
v 0.00673914 0.14477751 -0.02950465
v 0.00646478 0.14621601 -0.02806609
v 0.00692934 0.14619960 -0.02808254
v 0.00776362 0.14538071 -0.02890145
v 0.00711340 0.14483200 -0.02945023
v 0.00717098 0.14615950 -0.02812260
v 0.00775975 0.14570090 -0.02858120
v 0.00777870 0.14555991 -0.02872234
v 0.00717098 0.14615950 -0.02812260
v 0.00735193 0.14610460 -0.02817749
v 0.00771075 0.14582270 -0.02845942
v 0.00775975 0.14570090 -0.02858120
v 0.00717098 0.14615950 -0.02812260
v 0.00750089 0.14603209 -0.02825003
v 0.00762600 0.14593440 -0.02834773
v 0.00771075 0.14582270 -0.02845942
v 0.00750089 0.14603209 -0.02825003
v 0.00771075 0.14582270 -0.02845942
v 0.00735193 0.14610460 -0.02817749
v -0.00899887 0.15810460 -0.01617717
v -0.00899887 0.15711869 -0.01716315
v -0.00899887 0.15910690 -0.01517480
v -0.00899887 0.15810460 -0.01617717
v 0.00100130 0.15260150 -0.02168041
v -0.00103205 0.15159830 -0.02268362
v -0.00099858 0.15259530 -0.02168667
v 0.00100130 0.15260150 -0.02168041
v -0.00099858 0.15259530 -0.02168667
v -0.00099859 0.15361930 -0.02066260
v -0.00899893 0.16010091 -0.01418077
v -0.00899887 0.15910690 -0.01517480
v 0.00900179 0.14784770 -0.02643436
v 0.00910818 0.14583030 -0.02845185
v 0.00902128 0.14612530 -0.02815675
v 0.00900179 0.14784770 -0.02643436
v 0.00902128 0.14612530 -0.02815675
v 0.00888628 0.14637630 -0.02790582
v 0.00900179 0.14784770 -0.02643436
v 0.00888628 0.14637630 -0.02790582
v 0.00871116 0.14658681 -0.02769529
v 0.00900179 0.14784770 -0.02643436
v 0.00871116 0.14658681 -0.02769529
v 0.00850391 0.14676040 -0.02752166
v 0.00827229 0.14690070 -0.02738136
v 0.00900179 0.14784770 -0.02643436
v 0.00827229 0.14690070 -0.02738136
v 0.00802410 0.14701121 -0.02727085
v 0.00900179 0.14784770 -0.02643436
v 0.00802410 0.14701121 -0.02727085
v 0.00776714 0.14709550 -0.02718663
v 0.00900179 0.14784770 -0.02643436
v 0.00776714 0.14709550 -0.02718663
v 0.00750905 0.14715680 -0.02712529
v 0.00900179 0.14784770 -0.02643436
v 0.00750905 0.14715680 -0.02712529
v 0.00717652 0.14720890 -0.02707314
v 0.00141460 0.15351760 -0.02076429
v 0.00158757 0.15339109 -0.02089071
v 0.00100130 0.15260150 -0.02168041
v 0.00178075 0.15327990 -0.02100193
v 0.00100130 0.15260150 -0.02168041
v 0.00158757 0.15339109 -0.02089071
v 0.00126296 0.15365919 -0.02062261
v -0.00099859 0.15361930 -0.02066260
v 0.00126296 0.15365919 -0.02062261
v 0.00141460 0.15351760 -0.02076429
v 0.00100130 0.15260150 -0.02168041
v 0.00199288 0.15318380 -0.02109801
v 0.00100130 0.15260150 -0.02168041
v 0.00178075 0.15327990 -0.02100193
v 0.00199288 0.15318380 -0.02109801
v 0.00233859 0.15260141 -0.02168041
v 0.00113392 0.15381619 -0.02046561
v 0.00222272 0.15310290 -0.02117896
v 0.00233859 0.15260141 -0.02168041
v 0.00199288 0.15318380 -0.02109801
v 0.00102860 0.15398850 -0.02029323
v 0.00113392 0.15381619 -0.02046561
v -0.00099859 0.15361930 -0.02066260
v 0.00246918 0.15303700 -0.02124488
v 0.00233859 0.15260141 -0.02168041
v 0.00222272 0.15310290 -0.02117896
v 0.00094398 0.15418890 -0.02009290
v 0.00102860 0.15398850 -0.02029323
v -0.00099859 0.15361930 -0.02066260
v 0.00094398 0.15418890 -0.02009290
v -0.00099858 0.15462160 -0.01966023
v 0.00282144 0.15297240 -0.02130943
v 0.00088001 0.15446450 -0.01981729
v 0.00094398 0.15418890 -0.02009290
v -0.00099858 0.15462160 -0.01966023
v 0.00339830 0.15292510 -0.02135670
v 0.00233859 0.15260141 -0.02168041
v 0.00282144 0.15297240 -0.02130943
v 0.00339830 0.15292510 -0.02135670
v 0.00233859 0.15146200 -0.02281993
v 0.00233859 0.15260141 -0.02168041
v 0.00086544 0.15476640 -0.01951539
v 0.00088001 0.15446450 -0.01981729
v -0.00099858 0.15462160 -0.01966023
v 0.00090105 0.15505800 -0.01922380
v 0.00086544 0.15476640 -0.01951539
v -0.00099858 0.15462160 -0.01966023
v 0.00090105 0.15505800 -0.01922380
v -0.00099858 0.15462160 -0.01966023
v -0.00099859 0.15560751 -0.01867425
v 0.00098439 0.15532230 -0.01895952
v 0.00090105 0.15505800 -0.01922380
v -0.00099859 0.15560751 -0.01867425
v 0.00460255 0.15292270 -0.02135914
v 0.00233859 0.15146200 -0.02281993
v 0.00339830 0.15292510 -0.02135670
v 0.00111276 0.15555930 -0.01872241
v 0.00098439 0.15532230 -0.01895952
v -0.00099859 0.15560751 -0.01867425
v 0.00128353 0.15576930 -0.01851242
v 0.00111276 0.15555930 -0.01872241
v -0.00099859 0.15560751 -0.01867425
v 0.00128353 0.15576930 -0.01851242
v -0.00099859 0.15560751 -0.01867425
v -0.00099860 0.15712669 -0.01715499
v 0.00900173 0.15044370 -0.02383816
v 0.00233859 0.14930430 -0.02497774
v 0.00233859 0.15044370 -0.02383822
v 0.00900179 0.14884160 -0.02544033
v 0.00149399 0.15595220 -0.01832950
v 0.00128353 0.15576930 -0.01851242
v -0.00099860 0.15712669 -0.01715499
v -0.00501376 0.16133741 -0.01294416
v -0.00899893 0.16010091 -0.01418077
v 0.00707424 0.15295850 -0.02132326
v 0.00900173 0.15146200 -0.02281987
v 0.00643027 0.15292260 -0.02135914
v 0.00759882 0.15305240 -0.02122932
v 0.00900173 0.15146200 -0.02281987
v 0.00707424 0.15295850 -0.02132326
v 0.00160259 0.15758780 -0.01669383
v 0.00174147 0.15610820 -0.01817357
v 0.00149399 0.15595220 -0.01832950
v 0.00160259 0.15758780 -0.01669383
v 0.00149399 0.15595220 -0.01832950
v 0.00139666 0.15775290 -0.01652872
v 0.00160259 0.15758780 -0.01669383
v -0.00099860 0.15712669 -0.01715499
v 0.00185048 0.15744589 -0.01683580
v 0.00205666 0.15624981 -0.01803189
v 0.00174147 0.15610820 -0.01817357
v 0.00185048 0.15744589 -0.01683580
v 0.00174147 0.15610820 -0.01817357
v 0.00160259 0.15758780 -0.01669383
v 0.00797897 0.15317149 -0.02111029
v 0.00900173 0.15146200 -0.02281987
v 0.00759882 0.15305240 -0.02122932
v 0.00122672 0.15794779 -0.01633381
v -0.00099860 0.15712669 -0.01715499
v -0.00099860 0.15810449 -0.01617711
v 0.00122672 0.15794779 -0.01633381
v 0.00139666 0.15775290 -0.01652872
v -0.00099860 0.15712669 -0.01715499
v 0.00210172 0.15734240 -0.01693916
v 0.00205666 0.15624981 -0.01803189
v 0.00185048 0.15744589 -0.01683580
v 0.00237715 0.15726259 -0.01701903
v 0.00245214 0.15636830 -0.01791334
v 0.00205666 0.15624981 -0.01803189
v 0.00237715 0.15726259 -0.01701903
v 0.00205666 0.15624981 -0.01803189
v 0.00210172 0.15734240 -0.01693916
v 0.00110376 0.15816361 -0.01611799
v 0.00122672 0.15794779 -0.01633381
v -0.00099860 0.15810449 -0.01617711
v 0.00267434 0.15720670 -0.01707494
v 0.00292718 0.15645050 -0.01783114
v 0.00245214 0.15636830 -0.01791334
v 0.00267434 0.15720670 -0.01707494
v 0.00245214 0.15636830 -0.01791334
v 0.00237715 0.15726259 -0.01701903
v 0.00103158 0.15838380 -0.01589781
v 0.00110376 0.15816361 -0.01611799
v -0.00099860 0.15810449 -0.01617711
v 0.00828254 0.15331170 -0.02097004
v 0.00900173 0.15146200 -0.02281987
v 0.00797897 0.15317149 -0.02111029
v 0.00299120 0.15717550 -0.01710611
v 0.00292718 0.15645050 -0.01783114
v 0.00267434 0.15720670 -0.01707494
v 0.00100285 0.15860081 -0.01568073
v -0.00099863 0.15910690 -0.01517474
v 0.00100285 0.15860081 -0.01568073
v 0.00103158 0.15838380 -0.01589781
v -0.00099860 0.15810449 -0.01617711
v 0.00331938 0.15716989 -0.01711171
v 0.00357300 0.15648650 -0.01779508
v 0.00292718 0.15645050 -0.01783114
v 0.00331938 0.15716989 -0.01711171
v 0.00292718 0.15645050 -0.01783114
v 0.00299120 0.15717550 -0.01710611
v 0.00854587 0.15348341 -0.02079832
v 0.00900173 0.15146200 -0.02281987
v 0.00828254 0.15331170 -0.02097004
v 0.00100142 0.15903521 -0.01524639
v -0.00099863 0.15910690 -0.01517474
v -0.00099864 0.16010080 -0.01418066
v 0.00100142 0.15903521 -0.01524639
v 0.00100285 0.15860081 -0.01568073
v -0.00099863 0.15910690 -0.01517474
v 0.00365168 0.15719409 -0.01708751
v 0.00357300 0.15648650 -0.01779508
v 0.00331938 0.15716989 -0.01711171
v 0.00874555 0.15366501 -0.02061676
v 0.00854587 0.15348341 -0.02079832
v -0.00099879 0.16063979 -0.01364177
v -0.00099864 0.16010080 -0.01418066
v -0.00501376 0.16133741 -0.01294416
v 0.00398302 0.15725130 -0.01703029
v 0.00357300 0.15648650 -0.01779508
v 0.00365168 0.15719409 -0.01708751
v 0.00889283 0.15385030 -0.02043145
v 0.00900173 0.15146200 -0.02281987
v 0.00874555 0.15366501 -0.02061676
v 0.00521588 0.15648650 -0.01779508
v 0.00357300 0.15648650 -0.01779508
v 0.00398302 0.15725130 -0.01703029
v 0.00430071 0.15734330 -0.01693826
v 0.00521588 0.15648650 -0.01779508
v 0.00398302 0.15725130 -0.01703029
v 0.00900745 0.15405640 -0.02022522
v 0.00900173 0.15146200 -0.02281987
v 0.00889283 0.15385030 -0.02043145
v 0.00908750 0.15428360 -0.01999807
v 0.00900173 0.15146200 -0.02281987
v 0.00900745 0.15405640 -0.02022522
v 0.00100142 0.16032051 -0.01396101
v 0.00100142 0.15903521 -0.01524639
v -0.00099864 0.16010080 -0.01418066
v 0.00100142 0.16032051 -0.01396101
v -0.00099864 0.16010080 -0.01418066
v -0.00099879 0.16063979 -0.01364177
v 0.00100142 0.16032051 -0.01396101
v -0.00099879 0.16063979 -0.01364177
v -0.00099880 0.16133741 -0.01294410
v 0.00523376 0.15735750 -0.01692414
v 0.00521588 0.15648650 -0.01779508
v 0.00430071 0.15734330 -0.01693826
v 0.00523376 0.15735750 -0.01692414
v 0.00430071 0.15734330 -0.01693826
v 0.00456309 0.15745680 -0.01682478
v 0.00504988 0.15750940 -0.01677221
v 0.00523376 0.15735750 -0.01692414
v 0.00456309 0.15745680 -0.01682478
v 0.00504988 0.15750940 -0.01677221
v 0.00456309 0.15745680 -0.01682478
v 0.00474238 0.15756300 -0.01671850
v 0.00544620 0.15723009 -0.01705151
v 0.00521588 0.15648650 -0.01779508
v 0.00523376 0.15735750 -0.01692414
v 0.00568336 0.15712740 -0.01715415
v 0.00521588 0.15648650 -0.01779508
v 0.00544620 0.15723009 -0.01705151
v 0.00489861 0.15768591 -0.01659566
v 0.00504988 0.15750940 -0.01677221
v 0.00474238 0.15756300 -0.01671850
v 0.00594139 0.15704970 -0.01723194
v 0.00521588 0.15648650 -0.01779508
v 0.00568336 0.15712740 -0.01715415
v 0.00621641 0.15699720 -0.01728445
v 0.00683635 0.15647280 -0.01780885
v 0.00521588 0.15648650 -0.01779508
v 0.00621641 0.15699720 -0.01728445
v 0.00521588 0.15648650 -0.01779508
v 0.00594139 0.15704970 -0.01723194
v 0.00650442 0.15697031 -0.01731127
v 0.00683635 0.15647280 -0.01780885
v 0.00621641 0.15699720 -0.01728445
v 0.00680578 0.15696910 -0.01731246
v 0.00683635 0.15647280 -0.01780885
v 0.00650442 0.15697031 -0.01731127
v 0.00709987 0.15698950 -0.01729208
v 0.00720572 0.15643340 -0.01784819
v 0.00683635 0.15647280 -0.01780885
v 0.00709987 0.15698950 -0.01729208
v 0.00683635 0.15647280 -0.01780885
v 0.00680578 0.15696910 -0.01731246
v 0.00737458 0.15702949 -0.01725208
v 0.00755090 0.15636830 -0.01791328
v 0.00720572 0.15643340 -0.01784819
v 0.00737458 0.15702949 -0.01725208
v 0.00720572 0.15643340 -0.01784819
v 0.00709987 0.15698950 -0.01729208
v 0.00762963 0.15708780 -0.01719379
v 0.00786918 0.15627740 -0.01800423
v 0.00755090 0.15636830 -0.01791328
v 0.00762963 0.15708780 -0.01719379
v 0.00755090 0.15636830 -0.01791328
v 0.00737458 0.15702949 -0.01725208
v 0.00167489 0.16133730 -0.01294410
v -0.00099880 0.16133741 -0.01294410
v 0.00196201 0.16119550 -0.01308596
v 0.00100142 0.16032051 -0.01396101
v 0.00167489 0.16133730 -0.01294410
v 0.00227600 0.16108610 -0.01319539
v 0.00100142 0.16032051 -0.01396101
v 0.00196201 0.16119550 -0.01308596
v 0.00786483 0.15716340 -0.01711821
v 0.00786918 0.15627740 -0.01800423
v 0.00762963 0.15708780 -0.01719379
v 0.00261146 0.16100660 -0.01327484
v 0.00100142 0.16032051 -0.01396101
v 0.00227600 0.16108610 -0.01319539
v 0.00807965 0.15725531 -0.01702624
v 0.00807965 0.15725531 -0.01702624
v 0.00812745 0.15617470 -0.01810687
v 0.00786918 0.15627740 -0.01800423
v 0.00296295 0.16095451 -0.01332688
v 0.00100142 0.16032051 -0.01396101
v 0.00261146 0.16100660 -0.01327484
v 0.00827378 0.15736280 -0.01691871
v 0.00846720 0.15598230 -0.01829934
v 0.00830477 0.15608430 -0.01819729
v 0.00827378 0.15736280 -0.01691871
v 0.00812745 0.15617470 -0.01810687
v 0.00807965 0.15725531 -0.01702624
v 0.00827378 0.15736280 -0.01691871
v 0.00830477 0.15608430 -0.01819729
v 0.00812745 0.15617470 -0.01810687
v 0.00844663 0.15748510 -0.01679646
v 0.00846720 0.15598230 -0.01829934
v 0.00827378 0.15736280 -0.01691871
v 0.00844663 0.15748510 -0.01679646
v 0.00861400 0.15586860 -0.01841300
v 0.00846720 0.15598230 -0.01829934
v 0.00859773 0.15762161 -0.01665997
v 0.00861400 0.15586860 -0.01841300
v 0.00844663 0.15748510 -0.01679646
v 0.00859773 0.15762161 -0.01665997
v 0.00874436 0.15574330 -0.01853829
v 0.00861400 0.15586860 -0.01841300
v 0.00872624 0.15777171 -0.01650983
v 0.00874436 0.15574330 -0.01853829
v 0.00872624 0.15777171 -0.01650983
v 0.00885749 0.15560630 -0.01867526
v 0.00874436 0.15574330 -0.01853829
v 0.00883150 0.15793490 -0.01634657
v 0.00885749 0.15560630 -0.01867526
v 0.00872624 0.15777171 -0.01650983
v 0.00883150 0.15793490 -0.01634657
v 0.00895268 0.15545771 -0.01882392
v 0.00885749 0.15560630 -0.01867526
v 0.00891250 0.15811101 -0.01617050
v 0.00895268 0.15545771 -0.01882392
v 0.00883150 0.15793490 -0.01634657
v 0.00900167 0.16032040 -0.01396095
v 0.00710928 0.16096260 -0.01331877
v 0.00758666 0.16104870 -0.01323264
v 0.00795936 0.16116300 -0.01311832
v 0.00900167 0.16032040 -0.01396095
v 0.00758666 0.16104870 -0.01323264
v 0.00814950 0.16124339 -0.01303791
v 0.00900167 0.16032040 -0.01396095
v 0.00795936 0.16116300 -0.01311832
v 0.00832814 0.16133730 -0.01294404
v 0.00900167 0.16032040 -0.01396095
v 0.00814950 0.16124339 -0.01303791
v 0.01647394 0.16133730 -0.01294392
v 0.00900167 0.16032040 -0.01396095
v 0.00832814 0.16133730 -0.01294404
v 0.00900173 0.15146200 -0.02281987
v 0.00908750 0.15428360 -0.01999807
v 0.01647394 0.16133730 -0.01294392
v 0.01647394 0.16133730 -0.01294392
v 0.00900179 0.14784770 -0.02643436
v 0.00900179 0.14884160 -0.02544033
v 0.01647394 0.16133730 -0.01294392
v 0.00913900 0.14548729 -0.02879482
v 0.00910818 0.14583030 -0.02845185
v 0.01647394 0.16133730 -0.01294392
v 0.00910818 0.14583030 -0.02845185
v 0.00900179 0.14784770 -0.02643436
v 0.01647394 0.16133730 -0.01294392
v 0.00891250 0.15811101 -0.01617050
v 0.00896823 0.15829951 -0.01598197
v 0.00896823 0.15829951 -0.01598197
v 0.00900167 0.15929639 -0.01498502
v 0.00900167 0.15929639 -0.01498502
v 0.01647394 0.16133730 -0.01294392
v 0.00908750 0.15428360 -0.01999807
v 0.00913107 0.15453170 -0.01974993
v 0.01647394 0.16133730 -0.01294392
v 0.00913107 0.15453170 -0.01974993
v 0.00913644 0.15479819 -0.01948350
v 0.01647394 0.16133730 -0.01294392
v 0.00913644 0.15479819 -0.01948350
v 0.00910348 0.15505220 -0.01922947
v 0.01647394 0.16133730 -0.01294392
v 0.00910348 0.15505220 -0.01922947
v 0.00903392 0.15528530 -0.01899629
v 0.01647394 0.16133730 -0.01294392
v 0.00903392 0.15528530 -0.01899629
v 0.00895268 0.15545771 -0.01882392
v 0.00895268 0.15545771 -0.01882392
v 0.00891250 0.15811101 -0.01617050
v 0.00916189 0.14198920 -0.03229314
v 0.01647394 0.16133730 -0.01294392
v 0.00916189 0.14198920 -0.03229314
v 0.00916171 0.14201590 -0.03226637
v 0.00916171 0.14201590 -0.03226637
v 0.00913900 0.14548729 -0.02879482
v 0.00100142 0.16032051 -0.01396101
v 0.00470388 0.16092271 -0.01335877
v 0.00470388 0.16092271 -0.01335877
v 0.00100142 0.16032051 -0.01396101
v 0.00296295 0.16095451 -0.01332688
v 0.00900167 0.16032040 -0.01396095
v 0.00470388 0.16092271 -0.01335877
v 0.00643021 0.16092271 -0.01335871
v 0.00900167 0.16032040 -0.01396095
v 0.00643021 0.16092271 -0.01335871
v 0.00710928 0.16096260 -0.01331877
v -0.00103205 0.15159830 -0.02268362
v -0.00103205 0.15159830 -0.02268362
v 0.00100130 0.14930430 -0.02497774
v -0.00108778 0.15140989 -0.02287214
v -0.00108778 0.15140989 -0.02287214
v 0.00100130 0.14930430 -0.02497774
v -0.00116879 0.15123381 -0.02304822
v -0.00116879 0.15123381 -0.02304822
v 0.00233859 0.15146200 -0.02281993
v 0.00460255 0.15292270 -0.02135914
v 0.00460255 0.15292270 -0.02135914
v 0.00643027 0.15292260 -0.02135914
v 0.00100148 0.14784770 -0.02643442
v 0.00900179 0.14784770 -0.02643436
v 0.00377607 0.14724240 -0.02703976
v 0.00683927 0.14723650 -0.02704566
v 0.00683927 0.14723650 -0.02704566
v 0.00900179 0.14784770 -0.02643436
v 0.00717652 0.14720890 -0.02707314
v 0.00100148 0.14784770 -0.02643442
v 0.00377607 0.14724240 -0.02703976
v 0.00290895 0.14722160 -0.02706056
v 0.00900179 0.14884160 -0.02544033
v 0.00100148 0.14884169 -0.02544039
v 0.00233859 0.14930430 -0.02497774
v -0.00362265 0.14426810 -0.03001427
v -0.00889087 0.14358070 -0.03070187
v -0.00900549 0.14496429 -0.02931815
v -0.00889087 0.14253640 -0.03174620
v -0.00362265 0.14181641 -0.03246605
v -0.00099179 0.14239350 -0.03188902
v -0.00666994 0.14307070 -0.03121185
v -0.00099180 0.14478400 -0.02949827
v -0.00900549 0.14599229 -0.02829009
v -0.00718623 0.14627250 -0.02800989
v -0.00718623 0.14627250 -0.02800989
v -0.00900549 0.14599229 -0.02829009
v -0.00753796 0.14633760 -0.02794480
v -0.00099180 0.14478400 -0.02949827
v -0.00718623 0.14627250 -0.02800989
v -0.00659752 0.14622410 -0.02805829
v -0.00659752 0.14622410 -0.02805829
v -0.00540185 0.14622170 -0.02806061
v -0.00099180 0.14478400 -0.02949827
v -0.00540185 0.14622170 -0.02806061
v -0.00357008 0.14622170 -0.02806061
v -0.00099180 0.14478400 -0.02949827
v -0.00357008 0.14622170 -0.02806061
v -0.00292611 0.14625759 -0.02802473
v -0.00099864 0.16010080 -0.01418066
v -0.00899893 0.16010091 -0.01418077
v -0.00501376 0.16133741 -0.01294416
v -0.00639307 0.15724801 -0.01703381
v -0.00099860 0.15712669 -0.01715499
v -0.00447315 0.15669850 -0.01758325
v -0.00099860 0.15810449 -0.01617711
v -0.00899887 0.15810460 -0.01617717
v -0.00099863 0.15910690 -0.01517474
v -0.00899887 0.15910690 -0.01517480
v -0.00523883 0.15593880 -0.01834303
v -0.00363886 0.15546200 -0.01881980
v -0.00899887 0.15559950 -0.01868242
v -0.00523883 0.15593880 -0.01834303
v -0.00899887 0.15462160 -0.01966029
v -0.00899887 0.15361939 -0.02066266
v -0.00099858 0.15462160 -0.01966023
v -0.00099859 0.15560751 -0.01867425
v -0.00447315 0.15669850 -0.01758325
v -0.00099860 0.15712669 -0.01715499
v -0.00899893 0.16309650 -0.01118516
v -0.00899893 0.16202991 -0.01225179
v -0.01647365 0.16133741 -0.01294428
v -0.00501376 0.16133741 -0.01294416
v -0.01647365 0.16133741 -0.01294428
v -0.00899893 0.16202991 -0.01225179
v -0.00821036 0.16535550 -0.00892627
v -0.00899893 0.16309650 -0.01118516
v -0.00843841 0.16551089 -0.00877094
v -0.00863504 0.16569740 -0.00858438
v -0.00843841 0.16551089 -0.00877094
v -0.00899893 0.16309650 -0.01118516
v -0.00791031 0.16521069 -0.00907111
v -0.00899893 0.16309650 -0.01118516
v -0.00821036 0.16535550 -0.00892627
v -0.00880426 0.16593310 -0.00834870
v -0.00880426 0.16593310 -0.00834870
v -0.00863504 0.16569740 -0.00858438
v -0.00899893 0.16309650 -0.01118516
v -0.00753683 0.16509110 -0.00919068
v -0.00899893 0.16309650 -0.01118516
v -0.00791031 0.16521069 -0.00907111
v -0.00890684 0.16615540 -0.00812644
v -0.00880426 0.16593310 -0.00834870
v -0.01647365 0.16133741 -0.01294428
v -0.00710511 0.16500960 -0.00927216
v -0.00899893 0.16309650 -0.01118516
v -0.00753683 0.16509110 -0.00919068
v -0.00896931 0.16638540 -0.00789642
v -0.00899714 0.16662900 -0.00765294
v -0.00896931 0.16638540 -0.00789642
v -0.01647365 0.16133741 -0.01294428
v -0.00662631 0.16497029 -0.00931144
v -0.00899893 0.16309650 -0.01118516
v -0.00710511 0.16500960 -0.00927216
v -0.00613111 0.16497330 -0.00930840
v -0.00899893 0.16309650 -0.01118516
v -0.00662631 0.16497029 -0.00931144
v -0.00403887 0.16402949 -0.01025223
v -0.00613111 0.16497330 -0.00930840
v -0.00564325 0.16501980 -0.00926191
v -0.00403887 0.16402949 -0.01025223
v -0.00899893 0.16309650 -0.01118516
v -0.00613111 0.16497330 -0.00930840
v -0.00516993 0.16511939 -0.00916231
v -0.00403887 0.16402949 -0.01025223
v -0.00564325 0.16501980 -0.00926191
v -0.00245011 0.16322580 -0.01105576
v -0.00099880 0.16167420 -0.01260733
v -0.00245011 0.16190040 -0.01238113
v -0.00481367 0.16524521 -0.00903654
v -0.00403887 0.16402949 -0.01025223
v -0.00516993 0.16511939 -0.00916231
v -0.00899893 0.16826400 -0.00601798
v -0.00899714 0.16662900 -0.00765294
v -0.00454497 0.16538380 -0.00889796
v -0.00403887 0.16402949 -0.01025223
v -0.00481367 0.16524521 -0.00903654
v -0.00433093 0.16553590 -0.00874579
v -0.00403887 0.16402949 -0.01025223
v -0.00454497 0.16538380 -0.00889796
v 0.00167489 0.16133730 -0.01294410
v -0.00099880 0.16133741 -0.01294410
v 0.00142056 0.16151300 -0.01276838
v 0.00121027 0.16171899 -0.01256239
v 0.00142056 0.16151300 -0.01276838
v -0.00099880 0.16133741 -0.01294410
v 0.00104707 0.16195519 -0.01232624
v -0.00099880 0.16133741 -0.01294410
v -0.00099880 0.16167420 -0.01260733
v 0.00104707 0.16195519 -0.01232624
v 0.00121027 0.16171899 -0.01256239
v -0.00099880 0.16133741 -0.01294410
v -0.00417274 0.16568621 -0.00859553
v -0.00403887 0.16402949 -0.01025223
v -0.00433093 0.16553590 -0.00874579
v -0.00099881 0.16345210 -0.01082944
v -0.00099880 0.16167420 -0.01260733
v -0.00245011 0.16322580 -0.01105576
v 0.00093382 0.16222160 -0.01205992
v 0.00104707 0.16195519 -0.01232624
v -0.00099880 0.16167420 -0.01260733
v 0.00087360 0.16251799 -0.01176351
v -0.00099880 0.16167420 -0.01260733
v -0.00099881 0.16345210 -0.01082944
v 0.00087360 0.16251799 -0.01176351
v 0.00093382 0.16222160 -0.01205992
v -0.00099880 0.16167420 -0.01260733
v 0.00086956 0.16284040 -0.01144111
v 0.00087360 0.16251799 -0.01176351
v -0.00099881 0.16345210 -0.01082944
v -0.00899893 0.16982250 -0.00445950
v -0.00899893 0.16826400 -0.00601798
v 0.00092190 0.16314299 -0.01113849
v 0.00086956 0.16284040 -0.01144111
v -0.00099881 0.16345210 -0.01082944
v 0.00102711 0.16341400 -0.01086753
v 0.00092190 0.16314299 -0.01113849
v -0.00099881 0.16345210 -0.01082944
v 0.00118172 0.16365381 -0.01062774
v 0.00102711 0.16341400 -0.01086753
v -0.00099881 0.16345210 -0.01082944
v 0.00118172 0.16365381 -0.01062774
v -0.00099881 0.16345210 -0.01082944
v -0.00099874 0.16460130 -0.00968033
v 0.00138235 0.16386279 -0.01041877
v 0.00118172 0.16365381 -0.01062774
v -0.00099874 0.16460130 -0.00968033
v 0.00138235 0.16386279 -0.01041877
v -0.00099874 0.16460130 -0.00968033
v -0.00099874 0.16463070 -0.00965101
v 0.00162560 0.16404130 -0.01024025
v -0.00099869 0.16726990 -0.00701189
v -0.00099868 0.16580710 -0.00847465
v -0.00378728 0.16681740 -0.00746441
v -0.00099869 0.16726990 -0.00701189
v -0.00378728 0.16681740 -0.00746441
v -0.00378728 0.16726990 -0.00701189
v 0.00156188 0.16551080 -0.00877082
v 0.00162560 0.16404130 -0.01024025
v -0.00099874 0.16463070 -0.00965101
v 0.00178993 0.16535550 -0.00892621
v 0.00162560 0.16404130 -0.01024025
v 0.00156188 0.16551080 -0.00877082
v 0.00178993 0.16535550 -0.00892621
v 0.00190842 0.16418961 -0.01009196
v 0.00162560 0.16404130 -0.01024025
v 0.00136524 0.16569731 -0.00858432
v -0.00099874 0.16463070 -0.00965101
v 0.00136524 0.16569731 -0.00858432
v 0.00156188 0.16551080 -0.00877082
v -0.00099874 0.16463070 -0.00965101
v 0.00208998 0.16521060 -0.00907105
v 0.00190842 0.16418961 -0.01009196
v 0.00178993 0.16535550 -0.00892621
v 0.00208998 0.16521060 -0.00907105
v 0.00222772 0.16430780 -0.00997370
v 0.00190842 0.16418961 -0.01009196
v 0.00119603 0.16593300 -0.00834864
v 0.00136524 0.16569731 -0.00858432
v -0.00099868 0.16580710 -0.00847465
v 0.00246346 0.16509099 -0.00919062
v 0.00222772 0.16430780 -0.00997370
v 0.00208998 0.16521060 -0.00907105
v 0.00246346 0.16509099 -0.00919062
v 0.00258052 0.16439620 -0.00988537
v 0.00222772 0.16430780 -0.00997370
v 0.00109345 0.16615529 -0.00812632
v 0.00289524 0.16500950 -0.00927210
v 0.00258052 0.16439620 -0.00988537
v 0.00246346 0.16509099 -0.00919062
v 0.00289524 0.16500950 -0.00927210
v 0.00296390 0.16445470 -0.00982684
v 0.00258052 0.16439620 -0.00988537
v 0.00289524 0.16500950 -0.00927210
v 0.00326163 0.16447860 -0.00980294
v 0.00296390 0.16445470 -0.00982684
v 0.00103098 0.16638540 -0.00789636
v 0.00109345 0.16615529 -0.00812632
v -0.00099868 0.16580710 -0.00847465
v 0.00100315 0.16662890 -0.00765282
v -0.00099868 0.16580710 -0.00847465
v -0.00099869 0.16726990 -0.00701189
v 0.00100315 0.16662890 -0.00765282
v 0.00103098 0.16638540 -0.00789636
v -0.00099868 0.16580710 -0.00847465
v 0.00337410 0.16497029 -0.00931132
v 0.00326163 0.16447860 -0.00980294
v 0.00337410 0.16497029 -0.00931132
v 0.00357300 0.16448660 -0.00979495
v 0.00326163 0.16447860 -0.00980294
v 0.00386935 0.16497330 -0.00930834
v 0.00357300 0.16448660 -0.00979495
v 0.00337410 0.16497029 -0.00931132
v 0.00435722 0.16501980 -0.00926179
v 0.00357300 0.16448660 -0.00979495
v 0.00386935 0.16497330 -0.00930834
v 0.00578350 0.16448660 -0.00979495
v 0.00435722 0.16501980 -0.00926179
v 0.00483054 0.16511939 -0.00916219
v 0.00578350 0.16448660 -0.00979495
v 0.00357300 0.16448660 -0.00979495
v 0.00435722 0.16501980 -0.00926179
v 0.00518674 0.16524521 -0.00903642
v 0.00578350 0.16448660 -0.00979495
v 0.00483054 0.16511939 -0.00916219
v 0.00100136 0.16826390 -0.00601786
v -0.00099869 0.16826390 -0.00601786
v 0.00100136 0.16826390 -0.00601786
v 0.00545537 0.16538380 -0.00889784
v 0.00518674 0.16524521 -0.00903642
v 0.00566947 0.16553590 -0.00874567
v 0.00660694 0.16448399 -0.00979745
v 0.00578350 0.16448660 -0.00979495
v 0.00566947 0.16553590 -0.00874567
v 0.00578350 0.16448660 -0.00979495
v 0.00582766 0.16568610 -0.00859541
v 0.00660694 0.16448399 -0.00979745
v 0.00566947 0.16553590 -0.00874567
v 0.00582766 0.16568610 -0.00859541
v 0.00709260 0.16444860 -0.00983298
v 0.00660694 0.16448399 -0.00979745
v 0.00596154 0.16585550 -0.00842607
v 0.00709260 0.16444860 -0.00983298
v 0.00582766 0.16568610 -0.00859541
v 0.00900179 0.16471601 -0.00956547
v 0.00796348 0.16424340 -0.01003813
v 0.00756878 0.16436410 -0.00991738
v 0.00900179 0.16471601 -0.00956547
v 0.00828540 0.16409519 -0.01018631
v 0.00796348 0.16424340 -0.01003813
v 0.00900179 0.16471601 -0.00956547
v 0.00849706 0.16396110 -0.01032042
v 0.00828540 0.16409519 -0.01018631
v 0.00900179 0.16471601 -0.00956547
v 0.00871748 0.16377160 -0.01050990
v 0.00849706 0.16396110 -0.01032042
v 0.00900179 0.16471601 -0.00956547
v 0.00888318 0.16357011 -0.01071137
v 0.00871748 0.16377160 -0.01050990
v 0.00900179 0.16471601 -0.00956547
v 0.00900972 0.16334330 -0.01093810
v 0.00888318 0.16357011 -0.01071137
v 0.01647394 0.16133730 -0.01294392
v 0.00900972 0.16334330 -0.01093810
v 0.00900179 0.16471601 -0.00956547
v 0.01647394 0.16133730 -0.01294392
v 0.00900179 0.16471601 -0.00956547
v 0.00900179 0.16580699 -0.00847453
v 0.00909465 0.16309130 -0.01119017
v 0.00900972 0.16334330 -0.01093810
v 0.01647394 0.16133730 -0.01294392
v 0.00913548 0.16281360 -0.01146781
v 0.00909465 0.16309130 -0.01119017
v 0.01647394 0.16133730 -0.01294392
v 0.00912994 0.16252141 -0.01175993
v 0.00913548 0.16281360 -0.01146781
v 0.01647394 0.16133730 -0.01294392
v 0.00907791 0.16225010 -0.01203125
v 0.00912994 0.16252141 -0.01175993
v 0.01647394 0.16133730 -0.01294392
v 0.00898117 0.16200270 -0.01227861
v 0.00907791 0.16225010 -0.01203125
v 0.00884175 0.16177990 -0.01250141
v 0.00898117 0.16200270 -0.01227861
v 0.00866205 0.16158231 -0.01269900
v 0.00884175 0.16177990 -0.01250141
v 0.01647394 0.16133730 -0.01294392
v 0.00850487 0.16145280 -0.01282858
v 0.00866205 0.16158231 -0.01269900
v 0.00832814 0.16133730 -0.01294404
v 0.00900179 0.16726980 -0.00701177
v 0.00900179 0.16580699 -0.00847453
v 0.00621301 0.16681740 -0.00746429
v 0.00900179 0.16726980 -0.00701177
v 0.00621301 0.16681740 -0.00746429
v 0.00621301 0.16726990 -0.00701183
v 0.00900179 0.16726980 -0.00701177
v 0.00900179 0.16580699 -0.00847453
v 0.00900179 0.16826390 -0.00601780
v 0.01647394 0.16133730 -0.01294392
v 0.00900179 0.16726980 -0.00701177
v 0.00900137 0.16982239 -0.00445932
v 0.01647394 0.16133730 -0.01294392
v 0.00900179 0.16826390 -0.00601780
v -0.00899899 0.18255121 0.00826847
v -0.00899893 0.16982250 -0.00445950
v -0.01647365 0.19554460 0.02126115
v -0.01411283 0.19838190 0.02409833
v -0.01647365 0.19554460 0.02126115
v -0.01647889 0.19595180 0.02166819
v -0.01411283 0.19838190 0.02409833
v -0.01647889 0.19595180 0.02166819
v -0.01650518 0.19635850 0.02207487
v -0.01411283 0.19838190 0.02409833
v -0.01650518 0.19635850 0.02207487
v -0.01655238 0.19676420 0.02248060
v 0.00900131 0.18255100 0.00826865
v 0.00900137 0.16982239 -0.00445932
v -0.01164472 0.19973280 0.02544921
v -0.00899899 0.18255121 0.00826847
v -0.01164472 0.19973280 0.02544921
v -0.01647365 0.19554460 0.02126115
v -0.01411283 0.19838190 0.02409833
v -0.01006150 0.20043120 0.02614742
v -0.00899899 0.18255121 0.00826847
v -0.01164472 0.19973280 0.02544921
v -0.00807822 0.20115300 0.02686923
v -0.00899899 0.18255121 0.00826847
v -0.01006150 0.20043120 0.02614742
v -0.00629145 0.20168340 0.02739971
v -0.00899899 0.18255121 0.00826847
v -0.00807822 0.20115300 0.02686923
v -0.00444764 0.20209950 0.02781581
v -0.00629145 0.20168340 0.02739971
v -0.00275302 0.20236211 0.02807843
v 0.00000000 0.20256110 0.02827745
v -0.00275302 0.20236211 0.02807843
v -0.00007856 0.20256090 0.02827721
v 0.00284123 0.20239291 0.02810931
v 0.00284123 0.20239291 0.02810931
v -0.00275302 0.20236211 0.02807843
v 0.00000000 0.20256110 0.02827745
v 0.00558174 0.20191009 0.02762663
v 0.00820452 0.20115620 0.02687281
v 0.00558174 0.20191009 0.02762663
v 0.01069277 0.20017450 0.02589124
v 0.00820452 0.20115620 0.02687281
v 0.01069277 0.20017450 0.02589124
v 0.01647347 0.19555920 0.02127623
v 0.01302969 0.19900849 0.02472525
v 0.01647347 0.19555920 0.02127623
v 0.01069277 0.20017450 0.02589124
v 0.01484930 0.19792721 0.02364408
v 0.01647347 0.19555920 0.02127623
v 0.01302969 0.19900849 0.02472525
v 0.01654917 0.19677059 0.02248752
v 0.01484930 0.19792721 0.02364408
v -0.00099869 0.16826390 -0.00601786
v -0.00899893 0.16826400 -0.00601798
v -0.00899893 0.16982250 -0.00445950
v -0.00403887 0.16585560 -0.00842619
v -0.00403887 0.16402949 -0.01025223
v -0.00417274 0.16568621 -0.00859553
v 0.00100136 0.16826390 -0.00601786
v -0.00899893 0.16982250 -0.00445950
v 0.00100136 0.16826390 -0.00601786
v -0.00099869 0.16826390 -0.00601786
v 0.00900179 0.16826390 -0.00601780
v 0.00900137 0.16982239 -0.00445932
v 0.00596154 0.16585550 -0.00842607
v 0.00900179 0.16471601 -0.00956547
v 0.00756878 0.16436410 -0.00991738
v 0.00596154 0.16585550 -0.00842607
v 0.00756878 0.16436410 -0.00991738
v 0.00709260 0.16444860 -0.00983298
v -0.01419442 0.20772851 0.05476230
v -0.01812738 0.20660560 0.05364906
v -0.01820433 0.20453531 0.05613631
v -0.01228547 0.20608281 0.05768388
v -0.00994086 0.20859370 0.05556452
v -0.00610954 0.20701110 0.05861216
v -0.00290972 0.20937230 0.05640912
v 0.00017535 0.20741270 0.05901384
v 0.00017367 0.20948260 0.05651974
v -0.00290972 0.20818990 0.04787427
v -0.00290972 0.20937230 0.05640912
v 0.00017367 0.20948260 0.05651974
v 0.00603718 0.20917000 0.05620145
v 0.01182258 0.20827509 0.05531179
v 0.00028052 0.20664100 0.03576123
v -0.00290966 0.20647340 0.03559362
v 0.00426549 0.20638201 0.03550231
v 0.00812805 0.20569250 0.03481274
v 0.01813113 0.20661169 0.05365002
v 0.01274091 0.20429890 0.03341913
v 0.01746147 0.20218210 0.03130233
v -0.00275302 0.20236211 0.02807843
v -0.00005907 0.20333029 0.02911698
v -0.00007856 0.20256090 0.02827721
v -0.00281382 0.20316739 0.02895861
v -0.00000867 0.20407800 0.03007280
v -0.00284213 0.20390260 0.02990150
v -0.00285465 0.20496240 0.03154450
v 0.00019318 0.20584179 0.03311294
v 0.00010584 0.20516650 0.03176915
v -0.00285691 0.20573920 0.03309929
v 0.00025842 0.20634790 0.03446078
v -0.00286943 0.20619030 0.03432428
v 0.00028052 0.20664100 0.03576123
v -0.00290966 0.20647340 0.03559362
v 0.01676559 0.19828340 0.02413308
v 0.01654917 0.19677059 0.02248752
v 0.01484930 0.19792721 0.02364408
v 0.01694387 0.19964580 0.02592796
v 0.01302969 0.19900849 0.02472525
v 0.01714193 0.20098990 0.02812892
v 0.01069277 0.20017450 0.02589124
v 0.01274091 0.20429890 0.03341913
v 0.01746147 0.20218210 0.03130233
v 0.01734423 0.20174250 0.02981394
v 0.00820452 0.20115620 0.02687281
v -0.00005907 0.20333029 0.02911698
v 0.00284123 0.20239291 0.02810931
v 0.00000000 0.20256110 0.02827745
v -0.00007856 0.20256090 0.02827721
v 0.00812805 0.20569250 0.03481274
v 0.00558174 0.20191009 0.02762663
v -0.00000867 0.20407800 0.03007280
v 0.00010584 0.20516650 0.03176915
v 0.00426549 0.20638201 0.03550231
v 0.00019318 0.20584179 0.03311294
v 0.00025842 0.20634790 0.03446078
v 0.00028052 0.20664100 0.03576123
v 0.00900131 0.18219750 0.00862217
v -0.00899905 0.18219760 0.00862199
v -0.00899899 0.18255121 0.00826847
v 0.00900131 0.18255100 0.00826865
v 0.00900131 0.18219750 0.00862217
v -0.00899899 0.18255121 0.00826847
v 0.00900137 0.16982239 -0.00445932
v -0.00899893 0.16982250 -0.00445950
v -0.00899893 0.16946889 -0.00410599
v 0.00900137 0.16946881 -0.00410581
v 0.00900137 0.16982239 -0.00445932
v -0.00899893 0.16946889 -0.00410599
v -0.00200421 0.17159310 -0.00198179
v -0.00899893 0.16946889 -0.00410599
v -0.00230163 0.17177990 -0.00179511
v -0.00255746 0.17200130 -0.00157368
v -0.00230163 0.17177990 -0.00179511
v -0.00899893 0.16946889 -0.00410599
v -0.00165701 0.17143761 -0.00213736
v -0.00899893 0.16946889 -0.00410599
v -0.00200421 0.17159310 -0.00198179
v -0.00275570 0.17224319 -0.00133181
v -0.00255746 0.17200130 -0.00157368
v -0.00899893 0.16946889 -0.00410599
v -0.00131398 0.17133300 -0.00224197
v -0.00899893 0.16946889 -0.00410599
v -0.00165701 0.17143761 -0.00213736
v -0.00288862 0.17248400 -0.00109106
v -0.00275570 0.17224319 -0.00133181
v -0.00899893 0.16946889 -0.00410599
v -0.00094672 0.17126510 -0.00230980
v -0.00899893 0.16946889 -0.00410599
v -0.00131398 0.17133300 -0.00224197
v -0.00297540 0.17276150 -0.00081348
v -0.00288862 0.17248400 -0.00109106
v -0.00899893 0.16946889 -0.00410599
v -0.00055972 0.17123739 -0.00233757
v -0.00549889 0.17512611 0.00155091
v -0.00299883 0.17308059 -0.00049442
v -0.00297540 0.17276150 -0.00081348
v -0.00549889 0.17512611 0.00155091
v -0.00297540 0.17276150 -0.00081348
v -0.00899893 0.16946889 -0.00410599
v -0.00299883 0.17512611 0.00155097
v -0.00299883 0.17308059 -0.00049442
v -0.00549889 0.17512611 0.00155091
v -0.00299883 0.17771380 0.00413847
v -0.00299883 0.17654040 0.00296521
v -0.00549894 0.17654040 0.00296521
v 0.00900137 0.16946881 -0.00410581
v -0.00055972 0.17123739 -0.00233757
v 0.00302189 0.17123690 -0.00233799
v 0.00900137 0.16946881 -0.00410581
v 0.00302189 0.17123690 -0.00233799
v 0.00345212 0.17126539 -0.00230938
v 0.00900137 0.16946881 -0.00410581
v 0.00345212 0.17126539 -0.00230938
v 0.00385725 0.17134310 -0.00223172
v 0.00900137 0.16946881 -0.00410581
v 0.00385725 0.17134310 -0.00223172
v 0.00424224 0.17146960 -0.00210529
v 0.00900137 0.16946881 -0.00410581
v 0.00424224 0.17146960 -0.00210529
v 0.00453371 0.17160760 -0.00196719
v 0.00900137 0.16946881 -0.00410581
v 0.00453371 0.17160760 -0.00196719
v 0.00484586 0.17181119 -0.00176364
v 0.00900137 0.16946881 -0.00410581
v 0.00484586 0.17181119 -0.00176364
v 0.00508821 0.17203060 -0.00154424
v -0.00899893 0.16946889 -0.00410599
v -0.00899905 0.18219760 0.00862199
v -0.00549894 0.17654040 0.00296521
v -0.00549889 0.17512611 0.00155091
v -0.00899905 0.18219760 0.00862199
v 0.00527984 0.17227590 -0.00129902
v 0.00900137 0.16946881 -0.00410581
v 0.00508821 0.17203060 -0.00154424
v 0.00541538 0.17254290 -0.00103199
v 0.00900137 0.16946881 -0.00410581
v 0.00527984 0.17227590 -0.00129902
v 0.00548917 0.17282780 -0.00074708
v 0.00900137 0.16946881 -0.00410581
v 0.00541538 0.17254290 -0.00103199
v -0.00297767 0.17889290 0.00531757
v 0.00550151 0.17313179 -0.00044316
v -0.00289237 0.17917390 0.00559855
v -0.00297767 0.17889290 0.00531757
v -0.00899905 0.18219760 0.00862199
v -0.00099878 0.17809120 0.00451601
v 0.00113761 0.17654040 0.00296527
v -0.00099877 0.17654040 0.00296521
v -0.00276113 0.17941520 0.00583982
v -0.00289237 0.17917390 0.00559855
v -0.00899905 0.18219760 0.00862199
v -0.00254273 0.17968009 0.00610471
v -0.00276113 0.17941520 0.00583982
v -0.00899905 0.18219760 0.00862199
v -0.00090491 0.17886810 0.00529283
v -0.00099551 0.17870250 0.00512725
v -0.00096536 0.17878920 0.00521392
v -0.00227392 0.17990670 0.00633126
v -0.00254273 0.17968009 0.00610471
v -0.00899905 0.18219760 0.00862199
v -0.00051092 0.17901529 0.00544006
v -0.00099551 0.17870250 0.00512725
v -0.00090491 0.17886810 0.00529283
v -0.00051092 0.17901529 0.00544006
v -0.00099878 0.17809120 0.00451601
v -0.00099878 0.17860819 0.00503290
v -0.00051092 0.17901529 0.00544006
v -0.00099878 0.17860819 0.00503290
v -0.00099551 0.17870250 0.00512725
v -0.00051092 0.17901529 0.00544006
v -0.00090491 0.17886810 0.00529283
v -0.00078111 0.17895371 0.00537843
v -0.00065461 0.17899790 0.00542265
v 0.00550121 0.17479920 0.00122422
v 0.00550151 0.17313179 -0.00044316
v -0.00195163 0.18010069 0.00652528
v -0.00227392 0.17990670 0.00633126
v -0.00899905 0.18219760 0.00862199
v -0.00159878 0.18024980 0.00667441
v -0.00124848 0.18034880 0.00677341
v -0.00159878 0.18024980 0.00667441
v -0.00899905 0.18219760 0.00862199
v -0.00084755 0.18041261 0.00683725
v -0.00124848 0.18034880 0.00677341
v -0.00899905 0.18219760 0.00862199
v -0.00039174 0.18042959 0.00685429
v -0.00084755 0.18041261 0.00683725
v -0.00899905 0.18219760 0.00862199
v 0.00233650 0.17901540 0.00544018
v 0.00113761 0.17654040 0.00296527
v -0.00099878 0.17809120 0.00451601
v 0.00233650 0.17901540 0.00544018
v -0.00099878 0.17809120 0.00451601
v -0.00051092 0.17901529 0.00544006
v 0.00233650 0.17901540 0.00544018
v 0.00364536 0.17648120 0.00290608
v 0.00325799 0.17653120 0.00295609
v 0.00325799 0.17653120 0.00295609
v 0.00550145 0.17901540 0.00544018
v 0.00537205 0.17533541 0.00176042
v 0.00521040 0.17560109 0.00202602
v 0.00501001 0.17582519 0.00225019
v 0.00550145 0.17901540 0.00544018
v 0.00501001 0.17582519 0.00225019
v 0.00474083 0.17604230 0.00246722
v 0.00550145 0.17901540 0.00544018
v 0.00474083 0.17604230 0.00246722
v 0.00441569 0.17623051 0.00265545
v 0.00550145 0.17901540 0.00544018
v 0.00441569 0.17623051 0.00265545
v 0.00404823 0.17637840 0.00280327
v 0.00550145 0.17901540 0.00544018
v 0.00404823 0.17637840 0.00280327
v 0.00364536 0.17648120 0.00290608
v 0.00364536 0.17648120 0.00290608
v 0.00900131 0.18219750 0.00862217
v 0.00550145 0.18042959 0.00685435
v -0.00039174 0.18042959 0.00685429
v 0.00900131 0.18219750 0.00862217
v 0.00545829 0.17510130 0.00152636
v 0.00537205 0.17533541 0.00176042
v 0.00900131 0.18219750 0.00862217
v 0.00550145 0.18042959 0.00685435
v 0.00900137 0.16946881 -0.00410581
v 0.00900131 0.18219750 0.00862217
v 0.00550121 0.17479920 0.00122422
v 0.00545829 0.17510130 0.00152636
v -0.00039173 0.18078320 0.00650072
v -0.00039174 0.18042959 0.00685429
v 0.00550145 0.18042959 0.00685435
v -0.00039173 0.18078320 0.00650072
v -0.00084755 0.18041261 0.00683725
v -0.00039174 0.18042959 0.00685429
v -0.00039173 0.18078320 0.00650072
v 0.00550145 0.18042959 0.00685435
v 0.00550145 0.18078320 0.00650078
v -0.00084754 0.18076620 0.00648367
v -0.00124848 0.18034880 0.00677341
v -0.00124848 0.18070240 0.00641990
v -0.00159878 0.18060330 0.00632089
v -0.00159878 0.18024980 0.00667441
v -0.00195163 0.18010069 0.00652528
v -0.00195163 0.18045419 0.00617176
v -0.00227392 0.17990670 0.00633126
v -0.00227392 0.18026020 0.00597775
v -0.00254273 0.18003359 0.00575113
v -0.00254273 0.17968009 0.00610471
v -0.00276113 0.17976880 0.00548631
v -0.00276113 0.17941520 0.00583982
v -0.00289237 0.17952751 0.00524503
v -0.00289237 0.17917390 0.00559855
v -0.00297767 0.17889290 0.00531757
v -0.00297767 0.17924650 0.00496405
v -0.00299883 0.17771380 0.00413847
v -0.00299883 0.17806730 0.00378495
v -0.00299883 0.17654040 0.00296521
v -0.00299883 0.17806730 0.00378495
v -0.00299883 0.17689399 0.00261170
v -0.00099878 0.17809120 0.00451601
v -0.00099877 0.17654040 0.00296521
v -0.00099877 0.17689399 0.00261170
v -0.00099878 0.17844480 0.00416243
v -0.00099878 0.17860819 0.00503290
v -0.00099878 0.17896180 0.00467938
v -0.00099551 0.17870250 0.00512725
v -0.00099878 0.17860819 0.00503290
v -0.00099878 0.17896180 0.00467938
v -0.00099550 0.17905609 0.00477368
v -0.00096536 0.17878920 0.00521392
v -0.00096535 0.17914280 0.00486034
v -0.00090490 0.17922170 0.00493926
v -0.00090491 0.17886810 0.00529283
v -0.00078111 0.17930730 0.00502485
v -0.00078111 0.17895371 0.00537843
v -0.00065461 0.17899790 0.00542265
v -0.00065308 0.17935190 0.00506943
v -0.00051457 0.17936879 0.00508642
v -0.00051092 0.17901529 0.00544006
v 0.00233650 0.17936900 0.00508660
v 0.00233650 0.17901540 0.00544018
v 0.00550145 0.17936900 0.00508666
v 0.00550145 0.17901540 0.00544018
v 0.00233650 0.17901540 0.00544018
v 0.00550145 0.17936900 0.00508666
v -0.00299883 0.17343420 -0.00084794
v -0.00299883 0.17308059 -0.00049442
v -0.00299883 0.17512611 0.00155097
v -0.00299883 0.17343420 -0.00084794
v -0.00297540 0.17276150 -0.00081348
v -0.00299883 0.17308059 -0.00049442
v -0.00299883 0.17547970 0.00119740
v -0.00297540 0.17311510 -0.00116706
v -0.00288862 0.17248400 -0.00109106
v -0.00288862 0.17283750 -0.00144458
v -0.00275570 0.17224319 -0.00133181
v -0.00275570 0.17259680 -0.00168538
v -0.00255746 0.17200130 -0.00157368
v -0.00255746 0.17235491 -0.00192720
v -0.00230163 0.17177990 -0.00179511
v -0.00230163 0.17213340 -0.00214863
v -0.00200421 0.17159310 -0.00198179
v -0.00200421 0.17194670 -0.00233537
v -0.00165701 0.17143761 -0.00213736
v -0.00165701 0.17179111 -0.00249088
v -0.00131398 0.17133300 -0.00224197
v -0.00131398 0.17168650 -0.00259548
v -0.00094672 0.17126510 -0.00230980
v -0.00094672 0.17161870 -0.00266331
v -0.00055972 0.17123739 -0.00233757
v -0.00055972 0.17159089 -0.00269109
v 0.00302189 0.17123690 -0.00233799
v 0.00302809 0.17159051 -0.00269145
v 0.00345212 0.17126539 -0.00230938
v 0.00345212 0.17161900 -0.00266290
v 0.00385725 0.17169669 -0.00258529
v 0.00385725 0.17134310 -0.00223172
v 0.00424224 0.17146960 -0.00210529
v 0.00424224 0.17182310 -0.00245881
v 0.00453371 0.17196120 -0.00232077
v 0.00453371 0.17160760 -0.00196719
v 0.00484586 0.17216469 -0.00211722
v 0.00484586 0.17181119 -0.00176364
v 0.00508821 0.17203060 -0.00154424
v 0.00508821 0.17238420 -0.00189775
v 0.00527990 0.17262940 -0.00165260
v 0.00527984 0.17227590 -0.00129902
v 0.00541538 0.17289650 -0.00138557
v 0.00541538 0.17254290 -0.00103199
v 0.00548917 0.17318140 -0.00110060
v 0.00548917 0.17282780 -0.00074708
v 0.00550151 0.17348529 -0.00079668
v 0.00550151 0.17313179 -0.00044316
v 0.00550121 0.17479920 0.00122422
v 0.00550109 0.17515831 0.00087619
v 0.00545829 0.17510130 0.00152636
v 0.00545829 0.17545490 0.00117278
v 0.00537205 0.17568900 0.00140685
v 0.00537205 0.17533541 0.00176042
v 0.00521040 0.17595460 0.00167251
v 0.00521040 0.17560109 0.00202602
v 0.00501001 0.17617880 0.00189662
v 0.00501001 0.17582519 0.00225019
v 0.00474083 0.17639580 0.00211370
v 0.00474083 0.17604230 0.00246722
v 0.00441569 0.17658409 0.00230187
v 0.00441569 0.17623051 0.00265545
v 0.00404823 0.17673200 0.00244975
v 0.00404823 0.17637840 0.00280327
v 0.00364536 0.17683481 0.00255251
v 0.00364536 0.17648120 0.00290608
v 0.00325799 0.17688480 0.00260252
v 0.00325799 0.17653120 0.00295609
v 0.00113761 0.17689399 0.00261170
v 0.00113761 0.17654040 0.00296527
v -0.00099877 0.17689399 0.00261170
v 0.00113761 0.17654040 0.00296527
v 0.00113761 0.17689399 0.00261170
v -0.00099877 0.17689399 0.00261170
v -0.00099877 0.17654040 0.00296521
v 0.00113761 0.17654040 0.00296527
v -0.00084527 0.17310330 -0.00117880
v -0.00200421 0.17194670 -0.00233537
v -0.00230163 0.17213340 -0.00214863
v -0.00092095 0.17316870 -0.00111341
v -0.00092095 0.17316870 -0.00111341
v -0.00255746 0.17235491 -0.00192720
v -0.00275570 0.17259680 -0.00168538
v -0.00092095 0.17316870 -0.00111341
v -0.00230163 0.17213340 -0.00214863
v -0.00255746 0.17235491 -0.00192720
v -0.00074980 0.17305230 -0.00122976
v -0.00165701 0.17179111 -0.00249088
v -0.00200421 0.17194670 -0.00233537
v -0.00074980 0.17305230 -0.00122976
v -0.00064539 0.17302009 -0.00126201
v -0.00165701 0.17179111 -0.00249088
v -0.00074980 0.17305230 -0.00122976
v -0.00064539 0.17302009 -0.00126201
v -0.00131398 0.17168650 -0.00259548
v -0.00165701 0.17179111 -0.00249088
v -0.00064539 0.17302009 -0.00126201
v -0.00094672 0.17161870 -0.00266331
v -0.00131398 0.17168650 -0.00259548
v -0.00097973 0.17326120 -0.00102085
v -0.00288862 0.17283750 -0.00144458
v -0.00297540 0.17311510 -0.00116706
v -0.00097973 0.17326120 -0.00102085
v -0.00275570 0.17259680 -0.00168538
v -0.00288862 0.17283750 -0.00144458
v -0.00097973 0.17326120 -0.00102085
v -0.00092095 0.17316870 -0.00111341
v -0.00275570 0.17259680 -0.00168538
v -0.00053014 0.17300530 -0.00127679
v -0.00055972 0.17159089 -0.00269109
v -0.00094672 0.17161870 -0.00266331
v -0.00053014 0.17300530 -0.00127679
v -0.00094672 0.17161870 -0.00266331
v -0.00064539 0.17302009 -0.00126201
v -0.00099858 0.17334890 -0.00093323
v -0.00097973 0.17326120 -0.00102085
v -0.00297540 0.17311510 -0.00116706
v -0.00099858 0.17334890 -0.00093323
v -0.00297540 0.17311510 -0.00116706
v -0.00299883 0.17343420 -0.00084794
v -0.00099875 0.17366150 -0.00062060
v -0.00299883 0.17547970 0.00119740
v -0.00099875 0.17366150 -0.00062060
v -0.00299883 0.17343420 -0.00084794
v -0.00099876 0.17547970 0.00119746
v -0.00099875 0.17366150 -0.00062060
v -0.00299883 0.17547970 0.00119740
v -0.00299883 0.17689399 0.00261170
v -0.00299883 0.17547970 0.00119740
v -0.00549889 0.17547970 0.00119740
v -0.00299883 0.17689399 0.00261170
v -0.00549889 0.17547970 0.00119740
v -0.00549889 0.17689399 0.00261164
v 0.00259775 0.17300460 -0.00127745
v -0.00055972 0.17159089 -0.00269109
v -0.00053014 0.17300530 -0.00127679
v 0.00302809 0.17159051 -0.00269145
v 0.00311363 0.17301349 -0.00126851
v 0.00345212 0.17161900 -0.00266290
v 0.00302809 0.17159051 -0.00269145
v 0.00311363 0.17301349 -0.00126851
v 0.00385725 0.17169669 -0.00258529
v 0.00345212 0.17161900 -0.00266290
v 0.00311363 0.17301349 -0.00126851
v 0.00302809 0.17159051 -0.00269145
v 0.00259775 0.17300460 -0.00127745
v 0.00329185 0.17307030 -0.00121170
v 0.00385725 0.17169669 -0.00258529
v 0.00311363 0.17301349 -0.00126851
v 0.00329185 0.17307030 -0.00121170
v 0.00424224 0.17182310 -0.00245881
v 0.00385725 0.17169669 -0.00258529
v 0.00329185 0.17307030 -0.00121170
v 0.00453371 0.17196120 -0.00232077
v 0.00424224 0.17182310 -0.00245881
v 0.00484586 0.17216469 -0.00211722
v 0.00453371 0.17196120 -0.00232077
v 0.00329185 0.17307030 -0.00121170
v 0.00484586 0.17216469 -0.00211722
v 0.00329185 0.17307030 -0.00121170
v 0.00338590 0.17313211 -0.00114989
v 0.00508821 0.17238420 -0.00189775
v 0.00484586 0.17216469 -0.00211722
v 0.00338590 0.17313211 -0.00114989
v 0.00508821 0.17238420 -0.00189775
v 0.00338590 0.17313211 -0.00114989
v 0.00345516 0.17320950 -0.00107253
v -0.00099877 0.17689399 0.00261170
v -0.00099877 0.17689399 0.00261170
v -0.00299883 0.17547970 0.00119740
v -0.00299883 0.17689399 0.00261170
v -0.00099877 0.17689399 0.00261170
v -0.00299883 0.17689399 0.00261170
v -0.00299883 0.17806730 0.00378495
v 0.00527990 0.17262940 -0.00165260
v 0.00508821 0.17238420 -0.00189775
v 0.00345516 0.17320950 -0.00107253
v 0.00541538 0.17289650 -0.00138557
v 0.00527990 0.17262940 -0.00165260
v 0.00345516 0.17320950 -0.00107253
v 0.00541538 0.17289650 -0.00138557
v 0.00345516 0.17320950 -0.00107253
v 0.00348806 0.17327660 -0.00100541
v 0.00548917 0.17318140 -0.00110060
v 0.00541538 0.17289650 -0.00138557
v 0.00348806 0.17327660 -0.00100541
v 0.00548917 0.17318140 -0.00110060
v 0.00348806 0.17327660 -0.00100541
v 0.00350124 0.17334920 -0.00093287
v 0.00550151 0.17348529 -0.00079668
v 0.00548917 0.17318140 -0.00110060
v 0.00350124 0.17334920 -0.00093287
v 0.00350142 0.17441030 0.00012821
v 0.00113761 0.17689399 0.00261170
v 0.00302803 0.17547780 0.00119555
v -0.00099876 0.17547970 0.00119746
v -0.00099878 0.17844480 0.00416243
v -0.00297767 0.17924650 0.00496405
v -0.00099878 0.17896180 0.00467938
v -0.00099878 0.17844480 0.00416243
v -0.00297767 0.17924650 0.00496405
v -0.00099550 0.17905609 0.00477368
v -0.00297767 0.17924650 0.00496405
v -0.00289237 0.17952751 0.00524503
v -0.00099550 0.17905609 0.00477368
v -0.00099878 0.17896180 0.00467938
v -0.00297767 0.17924650 0.00496405
v -0.00096535 0.17914280 0.00486034
v -0.00289237 0.17952751 0.00524503
v -0.00276113 0.17976880 0.00548631
v -0.00096535 0.17914280 0.00486034
v -0.00099550 0.17905609 0.00477368
v -0.00289237 0.17952751 0.00524503
v -0.00090490 0.17922170 0.00493926
v -0.00096535 0.17914280 0.00486034
v -0.00276113 0.17976880 0.00548631
v -0.00090490 0.17922170 0.00493926
v -0.00276113 0.17976880 0.00548631
v -0.00254273 0.18003359 0.00575113
v -0.00227392 0.18026020 0.00597775
v -0.00090490 0.17922170 0.00493926
v -0.00254273 0.18003359 0.00575113
v -0.00078111 0.17930730 0.00502485
v -0.00090490 0.17922170 0.00493926
v -0.00227392 0.18026020 0.00597775
v 0.00550109 0.17515831 0.00087619
v 0.00350142 0.17441030 0.00012821
v 0.00350112 0.17513791 0.00085580
v 0.00550151 0.17348529 -0.00079668
v -0.00195163 0.18045419 0.00617176
v -0.00078111 0.17930730 0.00502485
v -0.00227392 0.18026020 0.00597775
v 0.00325799 0.17688480 0.00260252
v 0.00302803 0.17547780 0.00119555
v 0.00113761 0.17689399 0.00261170
v 0.00545829 0.17545490 0.00117278
v 0.00550109 0.17515831 0.00087619
v 0.00350112 0.17513791 0.00085580
v 0.00545829 0.17545490 0.00117278
v 0.00350112 0.17513791 0.00085580
v 0.00346136 0.17526440 0.00098229
v 0.00364536 0.17683481 0.00255251
v 0.00364536 0.17683481 0.00255251
v 0.00321102 0.17544580 0.00116366
v 0.00302803 0.17547780 0.00119555
v -0.00159878 0.18060330 0.00632089
v -0.00065308 0.17935190 0.00506943
v -0.00078111 0.17930730 0.00502485
v -0.00159878 0.18060330 0.00632089
v -0.00078111 0.17930730 0.00502485
v -0.00195163 0.18045419 0.00617176
v 0.00537205 0.17568900 0.00140685
v 0.00545829 0.17545490 0.00117278
v 0.00346136 0.17526440 0.00098229
v 0.00404823 0.17673200 0.00244975
v 0.00321102 0.17544580 0.00116366
v 0.00364536 0.17683481 0.00255251
v 0.00521040 0.17595460 0.00167251
v 0.00537205 0.17568900 0.00140685
v 0.00346136 0.17526440 0.00098229
v 0.00441569 0.17658409 0.00230187
v 0.00321102 0.17544580 0.00116366
v 0.00404823 0.17673200 0.00244975
v 0.00441569 0.17658409 0.00230187
v 0.00336003 0.17537150 0.00108933
v 0.00321102 0.17544580 0.00116366
v 0.00501001 0.17617880 0.00189662
v 0.00521040 0.17595460 0.00167251
v 0.00346136 0.17526440 0.00098229
v 0.00501001 0.17617880 0.00189662
v 0.00346136 0.17526440 0.00098229
v 0.00336003 0.17537150 0.00108933
v 0.00474083 0.17639580 0.00211370
v 0.00336003 0.17537150 0.00108933
v 0.00441569 0.17658409 0.00230187
v 0.00474083 0.17639580 0.00211370
v 0.00501001 0.17617880 0.00189662
v 0.00336003 0.17537150 0.00108933
v -0.00124848 0.18070240 0.00641990
v -0.00065308 0.17935190 0.00506943
v -0.00159878 0.18060330 0.00632089
v -0.00084754 0.18076620 0.00648367
v -0.00051457 0.17936879 0.00508642
v -0.00065308 0.17935190 0.00506943
v -0.00084754 0.18076620 0.00648367
v -0.00065308 0.17935190 0.00506943
v -0.00124848 0.18070240 0.00641990
v -0.00039173 0.18078320 0.00650072
v -0.00051457 0.17936879 0.00508642
v 0.00233650 0.17936900 0.00508660
v -0.00051457 0.17936879 0.00508642
v -0.00039173 0.18078320 0.00650072
v 0.00550145 0.18078320 0.00650078
v 0.00550145 0.17936900 0.00508666
v 0.00550145 0.18078320 0.00650078
v 0.00233650 0.17936900 0.00508660
v -0.00039173 0.18078320 0.00650072
v 0.00302803 0.17512420 0.00154912
v -0.00099877 0.17512611 0.00155097
v -0.00099876 0.17547970 0.00119746
v 0.00302803 0.17547780 0.00119555
v 0.00302803 0.17547780 0.00119555
v 0.00321102 0.17509229 0.00151724
v 0.00302803 0.17512420 0.00154912
v 0.00321102 0.17544580 0.00116366
v 0.00336003 0.17501789 0.00144285
v 0.00336003 0.17537150 0.00108933
v 0.00346136 0.17491090 0.00133580
v 0.00346136 0.17526440 0.00098229
v 0.00350106 0.17478570 0.00121069
v 0.00350112 0.17513791 0.00085580
v 0.00350142 0.17405680 0.00048178
v 0.00350142 0.17441030 0.00012821
v 0.00350124 0.17334920 -0.00093287
v 0.00350124 0.17299560 -0.00057936
v 0.00348806 0.17327660 -0.00100541
v 0.00348806 0.17292300 -0.00065184
v 0.00345516 0.17320950 -0.00107253
v 0.00338590 0.17277861 -0.00079632
v 0.00345516 0.17285590 -0.00071901
v 0.00338590 0.17313211 -0.00114989
v 0.00329179 0.17271671 -0.00085813
v 0.00329185 0.17307030 -0.00121170
v 0.00311357 0.17265999 -0.00091493
v 0.00311363 0.17301349 -0.00126851
v 0.00259775 0.17265110 -0.00092387
v 0.00259775 0.17300460 -0.00127745
v -0.00053014 0.17300530 -0.00127679
v -0.00053374 0.17265190 -0.00092304
v -0.00064539 0.17302009 -0.00126201
v -0.00064979 0.17266750 -0.00090748
v -0.00074980 0.17305230 -0.00122976
v -0.00075467 0.17270079 -0.00087416
v -0.00084527 0.17310330 -0.00117880
v -0.00084729 0.17275110 -0.00082392
v -0.00092095 0.17316870 -0.00111341
v -0.00097974 0.17290770 -0.00066733
v -0.00092095 0.17281510 -0.00075990
v -0.00097973 0.17326120 -0.00102085
v -0.00099851 0.17299330 -0.00058168
v -0.00099858 0.17334890 -0.00093323
v -0.00099876 0.17330800 -0.00026709
v -0.00099875 0.17366150 -0.00062060
v -0.00099877 0.17512611 0.00155097
v -0.00099876 0.17330800 -0.00026709
v -0.00099875 0.17366150 -0.00062060
v -0.00099876 0.17547970 0.00119746
v -0.00053374 0.17265190 -0.00092304
v -0.00075467 0.17270079 -0.00087416
v -0.00084729 0.17275110 -0.00082392
v -0.00064979 0.17266750 -0.00090748
v -0.00099851 0.17299330 -0.00058168
v -0.00092095 0.17281510 -0.00075990
v -0.00097974 0.17290770 -0.00066733
v -0.00099851 0.17299330 -0.00058168
v -0.00084729 0.17275110 -0.00082392
v -0.00092095 0.17281510 -0.00075990
v -0.00099851 0.17299330 -0.00058168
v -0.00099876 0.17330800 -0.00026709
v -0.00053374 0.17265190 -0.00092304
v -0.00099851 0.17299330 -0.00058168
v 0.00259775 0.17265110 -0.00092387
v -0.00053374 0.17265190 -0.00092304
v -0.00099876 0.17330800 -0.00026709
v 0.00350124 0.17299560 -0.00057936
v 0.00311357 0.17265999 -0.00091493
v 0.00259775 0.17265110 -0.00092387
v 0.00350124 0.17299560 -0.00057936
v 0.00329179 0.17271671 -0.00085813
v 0.00311357 0.17265999 -0.00091493
v 0.00350124 0.17299560 -0.00057936
v 0.00338590 0.17277861 -0.00079632
v 0.00329179 0.17271671 -0.00085813
v 0.00345516 0.17285590 -0.00071901
v 0.00348806 0.17292300 -0.00065184
v 0.00350142 0.17405680 0.00048178
v 0.00259775 0.17265110 -0.00092387
v -0.00099876 0.17330800 -0.00026709
v 0.00350124 0.17299560 -0.00057936
v 0.00302803 0.17512420 0.00154912
v -0.00099877 0.17512611 0.00155097
v 0.00302803 0.17512420 0.00154912
v 0.00350106 0.17478570 0.00121069
v 0.00350142 0.17405680 0.00048178
v 0.00302803 0.17512420 0.00154912
v -0.00099876 0.17330800 -0.00026709
v 0.00321102 0.17509229 0.00151724
v 0.00350106 0.17478570 0.00121069
v 0.00302803 0.17512420 0.00154912
v 0.00336003 0.17501789 0.00144285
v 0.00346136 0.17491090 0.00133580
v 0.00350106 0.17478570 0.00121069
v 0.00336003 0.17501789 0.00144285
v 0.00350106 0.17478570 0.00121069
v 0.00321102 0.17509229 0.00151724
v -0.01369547 0.09883880 -0.05858820
v -0.01292312 0.09332013 -0.05961722
v -0.01814144 0.09475940 -0.05820620
v -0.01783025 0.10395740 -0.05654305
v -0.01177698 0.10195950 -0.05851888
v -0.00924629 0.09781861 -0.05959850
v -0.00749481 0.09236651 -0.06057894
v -0.00530344 0.10077160 -0.05968892
v -0.00465882 0.09718096 -0.06022971
v -0.00193697 0.09192085 -0.06103497
v 0.00008907 0.10041900 -0.06003278
v 0.00000444 0.09693968 -0.06046742
v 0.00365549 0.09201556 -0.06094706
v 0.00467044 0.09716272 -0.06024652
v 0.00918245 0.09262955 -0.06033426
v 0.00508863 0.10070640 -0.05974644
v 0.00925565 0.09780597 -0.05960994
v 0.00996870 0.10151730 -0.05894386
v 0.01369965 0.09882736 -0.05859768
v 0.01783525 0.10394340 -0.05654281
v 0.01813721 0.09477591 -0.05821079
v 0.01455867 0.09372365 -0.05923748
v 0.01399403 0.10257830 -0.05789309
v 0.00918245 0.09262955 -0.06033426
v 0.01455867 0.09372365 -0.05923748
v 0.01461476 0.09123152 -0.05716741
v 0.00825685 0.08999174 -0.05840718
v 0.00365549 0.09201556 -0.06094706
v 0.00212735 0.08944278 -0.05895614
v -0.00193697 0.09192085 -0.06103497
v -0.00195098 0.08943051 -0.05896842
v -0.00764376 0.14760940 -0.02667295
v -0.00743991 0.14744270 -0.02683961
v -0.00758088 0.14754340 -0.02673888
v -0.00769967 0.14769070 -0.02659153
v -0.00728673 0.14737180 -0.02691042
v -0.00775260 0.14781910 -0.02646321
v -0.00709247 0.14731370 -0.02696865
v -0.00777531 0.14796831 -0.02631396
v -0.00693846 0.14728381 -0.02699846
v -0.00709247 0.14731370 -0.02696865
v -0.00777531 0.14796831 -0.02631396
v -0.00709247 0.14731370 -0.02696865
v -0.00775260 0.14781910 -0.02646321
v -0.00738865 0.14858790 -0.02569431
v -0.00764322 0.14839271 -0.02588957
v -0.00752759 0.14850290 -0.02577936
v -0.00772023 0.14826980 -0.02601248
v -0.00722647 0.14865389 -0.02562832
v -0.00776285 0.14813760 -0.02614468
v -0.00702685 0.14870630 -0.02557593
v -0.00777531 0.14796831 -0.02631396
v -0.00776285 0.14813760 -0.02614468
v -0.00702685 0.14870630 -0.02557593
v -0.00693846 0.14728381 -0.02699846
v -0.00777531 0.14796831 -0.02631396
v -0.00702685 0.14870630 -0.02557593
v -0.00776285 0.14813760 -0.02614468
v -0.00722647 0.14865389 -0.02562832
v -0.00674152 0.14874640 -0.02553582
v -0.00676954 0.14726290 -0.02701944
v -0.00693846 0.14728381 -0.02699846
v -0.00674152 0.14874640 -0.02553582
v -0.00642729 0.14724790 -0.02703434
v -0.00676954 0.14726290 -0.02701944
v -0.00674152 0.14874640 -0.02553582
v -0.00693846 0.14728381 -0.02699846
v -0.00702685 0.14870630 -0.02557593
v -0.00234151 0.14762460 -0.02665758
v -0.00245214 0.14751320 -0.02676904
v -0.00258654 0.14742690 -0.02685534
v -0.00226921 0.14774869 -0.02653354
v -0.00274640 0.14735900 -0.02692329
v -0.00357008 0.14875931 -0.02552288
v -0.00326037 0.14726000 -0.02702224
v -0.00642729 0.14724790 -0.02703434
v -0.00357008 0.14875931 -0.02552288
v -0.00642729 0.14724790 -0.02703434
v -0.00674152 0.14874640 -0.02553582
v -0.00223100 0.14788181 -0.02640044
v -0.00274640 0.14735900 -0.02692329
v -0.00294429 0.14730480 -0.02697736
v -0.00223100 0.14788181 -0.02640044
v -0.00226921 0.14774869 -0.02653354
v -0.00274640 0.14735900 -0.02692329
v -0.00329685 0.14874969 -0.02553248
v -0.00222313 0.14805000 -0.02623218
v -0.00223100 0.14788181 -0.02640044
v -0.00294429 0.14730480 -0.02697736
v -0.00303376 0.14871810 -0.02556407
v -0.00294429 0.14730480 -0.02697736
v -0.00326037 0.14726000 -0.02702224
v -0.00303376 0.14871810 -0.02556407
v -0.00326037 0.14726000 -0.02702224
v -0.00329685 0.14874969 -0.02553248
v -0.00290990 0.14869291 -0.02558922
v -0.00222313 0.14805000 -0.02623218
v -0.00294429 0.14730480 -0.02697736
v -0.00290990 0.14869291 -0.02558922
v -0.00294429 0.14730480 -0.02697736
v -0.00303376 0.14871810 -0.02556407
v -0.00279629 0.14866200 -0.02562016
v -0.00222313 0.14805000 -0.02623218
v -0.00290990 0.14869291 -0.02558922
v -0.00224888 0.14819489 -0.02608728
v -0.00263184 0.14859900 -0.02568316
v -0.00227535 0.14826570 -0.02601653
v -0.00224888 0.14819489 -0.02608728
v -0.00263184 0.14859900 -0.02568316
v -0.00224888 0.14819489 -0.02608728
v -0.00279629 0.14866200 -0.02562016
v -0.00231129 0.14833280 -0.02594935
v -0.00249070 0.14851800 -0.02576410
v -0.00236905 0.14841020 -0.02587205
v -0.00736147 0.15159249 -0.02268958
v -0.00744122 0.15163881 -0.02264332
v -0.00751352 0.15169710 -0.02258497
v -0.00757623 0.15177029 -0.02251178
v -0.00718081 0.15152720 -0.02275484
v -0.00764102 0.15190010 -0.02238196
v -0.00718081 0.15152720 -0.02275484
v -0.00757623 0.15177029 -0.02251178
v -0.00698614 0.15149219 -0.02278989
v -0.00718081 0.15152720 -0.02275484
v -0.00764102 0.15190010 -0.02238196
v -0.00766259 0.15198641 -0.02229565
v -0.00767237 0.15207779 -0.02220427
v -0.00669795 0.15147769 -0.02280437
v -0.00698614 0.15149219 -0.02278989
v -0.00767237 0.15207779 -0.02220427
v -0.00582909 0.15174030 -0.02254176
v -0.00592482 0.15165570 -0.02262628
v -0.00600767 0.15160631 -0.02267569
v -0.00576067 0.15184130 -0.02244073
v -0.00611019 0.15156250 -0.02271956
v -0.00572020 0.15195780 -0.02232432
v -0.00611019 0.15156250 -0.02271956
v -0.00626159 0.15151981 -0.02276223
v -0.00572020 0.15195780 -0.02232432
v -0.00576067 0.15184130 -0.02244073
v -0.00611019 0.15156250 -0.02271956
v -0.00570744 0.15208980 -0.02219218
v -0.00767237 0.15207779 -0.02220427
v -0.00767326 0.15262520 -0.02165681
v -0.00570744 0.15208980 -0.02219218
v -0.00646132 0.15148930 -0.02279281
v -0.00669795 0.15147769 -0.02280437
v -0.00570744 0.15208980 -0.02219218
v -0.00626159 0.15151981 -0.02276223
v -0.00646132 0.15148930 -0.02279281
v -0.00570744 0.15208980 -0.02219218
v -0.00669795 0.15147769 -0.02280437
v -0.00767237 0.15207779 -0.02220427
v -0.00570744 0.15208980 -0.02219218
v -0.00572020 0.15195780 -0.02232432
v -0.00626159 0.15151981 -0.02276223
v -0.00570744 0.15262520 -0.02165675
v -0.00397801 0.15140089 -0.02288115
v -0.00407237 0.15145241 -0.02282965
v -0.00415754 0.15151531 -0.02276670
v -0.00423223 0.15159050 -0.02269148
v -0.00387549 0.15135971 -0.02292227
v -0.00369215 0.15131280 -0.02296924
v -0.00423223 0.15159050 -0.02269148
v -0.00431430 0.15171480 -0.02256727
v -0.00369215 0.15131280 -0.02296924
v -0.00436538 0.15185010 -0.02243191
v -0.00369215 0.15131280 -0.02296924
v -0.00431430 0.15171480 -0.02256727
v -0.00349337 0.15128860 -0.02299344
v -0.00251752 0.15153681 -0.02274525
v -0.00269043 0.15141150 -0.02287048
v -0.00281644 0.15135790 -0.02292412
v -0.00259274 0.15147211 -0.02280986
v -0.00242180 0.15166120 -0.02262073
v -0.00299650 0.15131180 -0.02297019
v -0.00237584 0.15175800 -0.02252399
v -0.00299650 0.15131180 -0.02297019
v -0.00320953 0.15128730 -0.02299469
v -0.00237584 0.15175800 -0.02252399
v -0.00242180 0.15166120 -0.02262073
v -0.00299650 0.15131180 -0.02297019
v -0.00234443 0.15186539 -0.02241659
v -0.00436538 0.15185010 -0.02243191
v -0.00439250 0.15204030 -0.02224171
v -0.00234443 0.15186539 -0.02241659
v -0.00320953 0.15128730 -0.02299469
v -0.00349337 0.15128860 -0.02299344
v -0.00234443 0.15186539 -0.02241659
v -0.00349337 0.15128860 -0.02299344
v -0.00436538 0.15185010 -0.02243191
v -0.00234443 0.15186539 -0.02241659
v -0.00232428 0.15211630 -0.02216565
v -0.00439250 0.15204030 -0.02224171
v -0.00439310 0.15262520 -0.02165675
v -0.00232428 0.15211630 -0.02216565
v -0.00234443 0.15186539 -0.02241659
v -0.00439250 0.15204030 -0.02224171
v -0.00232428 0.15262520 -0.02165675
v -0.00439310 0.15262520 -0.02165675
v -0.03327089 0.16155860 -0.01272338
v -0.03339672 0.15495241 -0.01932924
v -0.03384214 0.16159990 -0.01268202
v -0.03335195 0.16816500 -0.00611734
v -0.03327089 0.16155860 -0.01272338
v -0.03384214 0.16159990 -0.01268202
v -0.00753123 0.16633169 -0.00795013
v -0.00730723 0.16615450 -0.00812733
v -0.00744384 0.16624451 -0.00803739
v -0.00760090 0.16644000 -0.00784182
v -0.00714511 0.16608560 -0.00819623
v -0.00764692 0.16657390 -0.00770795
v -0.00695503 0.16603459 -0.00824726
v -0.00714511 0.16608560 -0.00819623
v -0.00764692 0.16657390 -0.00770795
v -0.00714511 0.16608560 -0.00819623
v -0.00760090 0.16644000 -0.00784182
v -0.00766021 0.16667099 -0.00761086
v -0.00695503 0.16603459 -0.00824726
v -0.00764692 0.16657390 -0.00770795
v -0.00669181 0.16599689 -0.00828493
v -0.00695503 0.16603459 -0.00824726
v -0.00766021 0.16667099 -0.00761086
v -0.00766176 0.16680440 -0.00747752
v -0.00669181 0.16599689 -0.00828493
v -0.00766021 0.16667099 -0.00761086
v -0.00630230 0.16598630 -0.00829548
v -0.00669181 0.16599689 -0.00828493
v -0.00766176 0.16680440 -0.00747752
v -0.00524825 0.16634379 -0.00793797
v -0.00536090 0.16623370 -0.00804806
v -0.00544405 0.16617811 -0.00810373
v -0.00517315 0.16646960 -0.00781226
v -0.00554591 0.16612630 -0.00815547
v -0.00514668 0.16654579 -0.00773603
v -0.00572479 0.16606340 -0.00821835
v -0.00513035 0.16662841 -0.00765336
v -0.00572479 0.16606340 -0.00821835
v -0.00594616 0.16601680 -0.00826502
v -0.00513035 0.16662841 -0.00765336
v -0.00512463 0.16685119 -0.00743067
v -0.00766176 0.16680440 -0.00747752
v -0.00766176 0.16727000 -0.00701195
v -0.00512463 0.16685119 -0.00743067
v -0.00594616 0.16601680 -0.00826502
v -0.00630230 0.16598630 -0.00829548
v -0.00512463 0.16685119 -0.00743067
v -0.00630230 0.16598630 -0.00829548
v -0.00766176 0.16680440 -0.00747752
v -0.00512463 0.16685119 -0.00743067
v -0.00513035 0.16662841 -0.00765336
v -0.00594616 0.16601680 -0.00826502
v -0.00512463 0.16727000 -0.00701195
v -0.00512463 0.16685119 -0.00743067
v -0.00766176 0.16727000 -0.00701195
v -0.00527286 0.16279760 -0.01148408
v -0.00527286 0.16232871 -0.01195293
v -0.00723898 0.16255510 -0.01172655
v -0.00378728 0.16210251 -0.01217907
v -0.00378728 0.16302380 -0.01125776
v -0.00378728 0.16210251 -0.01217907
v -0.00527286 0.16279760 -0.01148408
v -0.03689813 0.18173701 0.01085966
v -0.03625416 0.18139720 0.00962120
v -0.03550994 0.18052471 0.00788796
v -0.03658628 0.18162240 0.01029026
v -0.04075765 0.17086349 -0.00001431
v -0.03407907 0.17542690 0.00143319
v -0.03335195 0.16816500 -0.00611734
v -0.03483271 0.17912160 0.00581419
v -0.04199802 0.16045770 -0.01042056
v -0.03384214 0.16159990 -0.01268202
v -0.04121804 0.15081850 -0.02006006
v -0.03339672 0.15495241 -0.01932924
v -0.03388053 0.14872991 -0.02541309
v -0.03947681 0.14386021 -0.02701854
v -0.03458195 0.14370640 -0.02986919
v -0.03499853 0.14202020 -0.03116101
v -0.03557497 0.14037250 -0.03222918
v -0.03599917 0.13935290 -0.03276562
v -0.03640717 0.13848500 -0.03311502
v -0.03689545 0.13753460 -0.03334420
v -0.00642729 0.14724790 -0.02703434
v -0.00642729 0.14689440 -0.02668082
v -0.00676954 0.14690930 -0.02666586
v -0.00676954 0.14726290 -0.02701944
v -0.00693846 0.14693020 -0.02664494
v -0.00693846 0.14728381 -0.02699846
v -0.00709247 0.14696009 -0.02661508
v -0.00709247 0.14731370 -0.02696865
v -0.00728673 0.14701830 -0.02655690
v -0.00728673 0.14737180 -0.02691042
v -0.00743991 0.14744270 -0.02683961
v -0.00743991 0.14708909 -0.02648603
v -0.00758088 0.14754340 -0.02673888
v -0.00758088 0.14718990 -0.02638536
v -0.00764376 0.14725579 -0.02631944
v -0.00764376 0.14760940 -0.02667295
v -0.00769967 0.14733709 -0.02623802
v -0.00769967 0.14769070 -0.02659153
v -0.00775260 0.14781910 -0.02646321
v -0.00775260 0.14746550 -0.02610963
v -0.00777531 0.14796831 -0.02631396
v -0.00777531 0.14761481 -0.02596038
v -0.00776285 0.14813760 -0.02614468
v -0.00776285 0.14778399 -0.02579116
v -0.00772023 0.14826980 -0.02601248
v -0.00772023 0.14791620 -0.02565896
v -0.00764322 0.14803921 -0.02553600
v -0.00764322 0.14839271 -0.02588957
v -0.00752759 0.14850290 -0.02577936
v -0.00752759 0.14814930 -0.02542585
v -0.00738865 0.14858790 -0.02569431
v -0.00738865 0.14823429 -0.02534079
v -0.00722647 0.14830039 -0.02527475
v -0.00722647 0.14865389 -0.02562832
v -0.00702685 0.14870630 -0.02557593
v -0.00702685 0.14835270 -0.02522242
v -0.00674152 0.14874640 -0.02553582
v -0.00674152 0.14839290 -0.02518224
v -0.00357008 0.14875931 -0.02552288
v -0.00357008 0.14840570 -0.02516937
v -0.00329685 0.14874969 -0.02553248
v -0.00357008 0.14875931 -0.02552288
v -0.00357008 0.14840570 -0.02516937
v -0.00329691 0.14839610 -0.02517896
v -0.00303376 0.14871810 -0.02556407
v -0.00303376 0.14836460 -0.02521049
v -0.00290996 0.14833941 -0.02523571
v -0.00290990 0.14869291 -0.02558922
v -0.00279629 0.14830850 -0.02526658
v -0.00279629 0.14866200 -0.02562016
v -0.00263184 0.14824550 -0.02532958
v -0.00263184 0.14859900 -0.02568316
v -0.00249070 0.14851800 -0.02576410
v -0.00249070 0.14816450 -0.02541059
v -0.00236905 0.14805660 -0.02551847
v -0.00236905 0.14841020 -0.02587205
v -0.00231129 0.14797930 -0.02559584
v -0.00231129 0.14833280 -0.02594935
v -0.00227535 0.14826570 -0.02601653
v -0.00227535 0.14791210 -0.02566295
v -0.00224888 0.14819489 -0.02608728
v -0.00224888 0.14784130 -0.02573376
v -0.00222313 0.14805000 -0.02623218
v -0.00222313 0.14769641 -0.02587860
v -0.00223100 0.14752820 -0.02604693
v -0.00223100 0.14788181 -0.02640044
v -0.00226921 0.14774869 -0.02653354
v -0.00226927 0.14739510 -0.02618002
v -0.00234151 0.14762460 -0.02665758
v -0.00234151 0.14727101 -0.02630406
v -0.00245214 0.14715961 -0.02641546
v -0.00245214 0.14751320 -0.02676904
v -0.00258654 0.14707330 -0.02650177
v -0.00258654 0.14742690 -0.02685534
v -0.00274640 0.14735900 -0.02692329
v -0.00274640 0.14700539 -0.02656972
v -0.00294429 0.14695130 -0.02662384
v -0.00294429 0.14730480 -0.02697736
v -0.00326037 0.14726000 -0.02702224
v -0.00326037 0.14690641 -0.02666866
v -0.00642729 0.14724790 -0.02703434
v -0.00642729 0.14689440 -0.02668082
v -0.00570744 0.15227160 -0.02130323
v -0.00570744 0.15262520 -0.02165675
v -0.00767326 0.15262520 -0.02165681
v -0.00570744 0.15227160 -0.02130323
v -0.00767326 0.15262520 -0.02165681
v -0.00767326 0.15227170 -0.02130323
v -0.00570744 0.15173630 -0.02183866
v -0.00570744 0.15262520 -0.02165675
v -0.00570744 0.15227160 -0.02130323
v -0.00570744 0.15208980 -0.02219218
v -0.00572020 0.15195780 -0.02232432
v -0.00570744 0.15173630 -0.02183866
v -0.00572020 0.15160421 -0.02197074
v -0.00570744 0.15208980 -0.02219218
v -0.00576067 0.15184130 -0.02244073
v -0.00576067 0.15148769 -0.02208721
v -0.00582909 0.15138669 -0.02218818
v -0.00582909 0.15174030 -0.02254176
v -0.00592482 0.15130220 -0.02227276
v -0.00592482 0.15165570 -0.02262628
v -0.00600767 0.15160631 -0.02267569
v -0.00600767 0.15125281 -0.02232217
v -0.00611019 0.15120891 -0.02236598
v -0.00611019 0.15156250 -0.02271956
v -0.00626159 0.15116630 -0.02240866
v -0.00626159 0.15151981 -0.02276223
v -0.00646132 0.15113570 -0.02243930
v -0.00646132 0.15148930 -0.02279281
v -0.00669795 0.15147769 -0.02280437
v -0.00669795 0.15112410 -0.02245080
v -0.00698614 0.15113860 -0.02243638
v -0.00698614 0.15149219 -0.02278989
v -0.00718081 0.15117370 -0.02240127
v -0.00718081 0.15152720 -0.02275484
v -0.00736147 0.15123890 -0.02233606
v -0.00736147 0.15159249 -0.02268958
v -0.00744122 0.15128520 -0.02228975
v -0.00744122 0.15163881 -0.02264332
v -0.00751352 0.15169710 -0.02258497
v -0.00751352 0.15134349 -0.02223140
v -0.00757623 0.15177029 -0.02251178
v -0.00757623 0.15141670 -0.02215826
v -0.00764108 0.15154649 -0.02202838
v -0.00764102 0.15190010 -0.02238196
v -0.00766259 0.15163291 -0.02194213
v -0.00766259 0.15198641 -0.02229565
v -0.00767237 0.15207779 -0.02220427
v -0.00767237 0.15172420 -0.02185070
v -0.00767326 0.15262520 -0.02165681
v -0.00767326 0.15227170 -0.02130323
v -0.00232428 0.15262520 -0.02165675
v -0.00439310 0.15262520 -0.02165675
v -0.00439310 0.15227160 -0.02130323
v -0.00232428 0.15227160 -0.02130317
v -0.00232428 0.15262520 -0.02165675
v -0.00439310 0.15227160 -0.02130323
v -0.00232428 0.15176280 -0.02181208
v -0.00232428 0.15262520 -0.02165675
v -0.00232428 0.15227160 -0.02130317
v -0.00232428 0.15211630 -0.02216565
v -0.00232428 0.15176280 -0.02181208
v -0.00234443 0.15151189 -0.02206301
v -0.00232428 0.15211630 -0.02216565
v -0.00234443 0.15186539 -0.02241659
v -0.00237584 0.15175800 -0.02252399
v -0.00237590 0.15140450 -0.02217042
v -0.00242180 0.15166120 -0.02262073
v -0.00242180 0.15130770 -0.02226722
v -0.00251752 0.15118320 -0.02239167
v -0.00251752 0.15153681 -0.02274525
v -0.00259274 0.15147211 -0.02280986
v -0.00259280 0.15111861 -0.02245634
v -0.00269043 0.15105800 -0.02251696
v -0.00269043 0.15141150 -0.02287048
v -0.00281644 0.15135790 -0.02292412
v -0.00281644 0.15100430 -0.02257055
v -0.00299650 0.15131180 -0.02297019
v -0.00299650 0.15095820 -0.02261668
v -0.00320953 0.15093380 -0.02264118
v -0.00320953 0.15128730 -0.02299469
v -0.00349337 0.15128860 -0.02299344
v -0.00349337 0.15093510 -0.02263987
v -0.00369221 0.15095930 -0.02261567
v -0.00369215 0.15131280 -0.02296924
v -0.00387549 0.15135971 -0.02292227
v -0.00387549 0.15100621 -0.02256876
v -0.00397801 0.15140089 -0.02288115
v -0.00397801 0.15104730 -0.02252763
v -0.00407237 0.15145241 -0.02282965
v -0.00407237 0.15109891 -0.02247607
v -0.00415754 0.15151531 -0.02276670
v -0.00415754 0.15116170 -0.02241319
v -0.00423223 0.15159050 -0.02269148
v -0.00423223 0.15123700 -0.02233791
v -0.00431430 0.15136120 -0.02221369
v -0.00431430 0.15171480 -0.02256727
v -0.00436538 0.15149650 -0.02207833
v -0.00436538 0.15185010 -0.02243191
v -0.00439250 0.15168670 -0.02188813
v -0.00439250 0.15204030 -0.02224171
v -0.00439310 0.15227160 -0.02130323
v -0.00439310 0.15262520 -0.02165675
v -0.02381086 0.19055250 0.01497602
v -0.02246648 0.19481400 0.01948225
v -0.02109509 0.19353659 0.01795995
v -0.02931880 0.19345780 0.02151572
v -0.02541249 0.19681130 0.02411454
v -0.02495741 0.19663189 0.02327430
v -0.02582758 0.19688959 0.02493590
v -0.03117835 0.18290950 0.00759929
v -0.02616035 0.18741640 0.01184010
v -0.02920436 0.18216380 0.00658768
v -0.03321158 0.18348250 0.00898397
v -0.03233891 0.18980861 0.01787775
v -0.03492516 0.18372761 0.01040780
v -0.03561419 0.18372419 0.01106351
v -0.03623765 0.18363760 0.01171594
v -0.02674579 0.19256040 0.01788336
v -0.02382719 0.19593090 0.02139759
v -0.03487664 0.18185800 0.00783062
v -0.03321158 0.18348250 0.00898397
v -0.03117835 0.18290950 0.00759929
v -0.03419238 0.18041390 0.00569469
v -0.02920436 0.18216380 0.00658768
v -0.03139370 0.17688151 0.00130558
v -0.03548014 0.18252020 0.00915104
v -0.03492516 0.18372761 0.01040780
v -0.03600019 0.18286400 0.01014077
v -0.03561419 0.18372419 0.01106351
v -0.03633797 0.18344730 0.01152557
v -0.03623765 0.18363760 0.01171594
v -0.03643733 0.18325680 0.01133501
v -0.03653579 0.18306600 0.01114416
v -0.03355890 0.17760269 0.00230432
v -0.03289699 0.17138450 -0.00419140
v -0.03658628 0.18162240 0.01029026
v -0.03689813 0.18173701 0.01085966
v -0.03653579 0.18306600 0.01114416
v -0.03600019 0.18286400 0.01014077
v -0.03625416 0.18139720 0.00962120
v -0.03548014 0.18252020 0.00915104
v -0.03550994 0.18052471 0.00788796
v -0.03487664 0.18185800 0.00783062
v -0.03483271 0.17912160 0.00581419
v -0.03419238 0.18041390 0.00569469
v -0.03355890 0.17760269 0.00230432
v -0.03407907 0.17542690 0.00143319
v -0.03289699 0.17138450 -0.00419140
v -0.03335195 0.16816500 -0.00611734
v -0.03258955 0.16198450 -0.01359117
v -0.03327089 0.16155860 -0.01272338
v -0.03339672 0.15495241 -0.01932924
v -0.03327089 0.16155860 -0.01272338
v -0.03289699 0.15258449 -0.02299141
v -0.03388053 0.14872991 -0.02541309
v -0.03361785 0.14563900 -0.02958220
v -0.03458195 0.14370640 -0.02986919
v -0.03410279 0.14303461 -0.03173637
v -0.03499853 0.14202020 -0.03116101
v -0.03474116 0.14089470 -0.03325176
v -0.03557497 0.14037250 -0.03222918
v -0.03523600 0.13974109 -0.03389507
v -0.03599917 0.13935290 -0.03276562
v -0.03582471 0.13857430 -0.03437590
v -0.03640717 0.13848500 -0.03311502
v -0.03650343 0.13729329 -0.03467327
v -0.03689545 0.13753460 -0.03334420
v -0.00766176 0.16645080 -0.00712395
v -0.00766176 0.16691640 -0.00665837
v -0.00766176 0.16727000 -0.00701195
v -0.00766176 0.16680440 -0.00747752
v -0.00766033 0.16631889 -0.00725585
v -0.00766021 0.16667099 -0.00761086
v -0.00764692 0.16622031 -0.00735444
v -0.00764692 0.16657390 -0.00770795
v -0.00760090 0.16644000 -0.00784182
v -0.00760090 0.16608641 -0.00748831
v -0.00753123 0.16597810 -0.00759661
v -0.00753123 0.16633169 -0.00795013
v -0.00744384 0.16624451 -0.00803739
v -0.00744384 0.16589090 -0.00768387
v -0.00730723 0.16580090 -0.00777376
v -0.00730723 0.16615450 -0.00812733
v -0.00714511 0.16608560 -0.00819623
v -0.00714511 0.16573200 -0.00784272
v -0.00695509 0.16568100 -0.00789368
v -0.00695503 0.16603459 -0.00824726
v -0.00669181 0.16564330 -0.00793135
v -0.00669181 0.16599689 -0.00828493
v -0.00630230 0.16598630 -0.00829548
v -0.00630230 0.16563269 -0.00794196
v -0.00594616 0.16601680 -0.00826502
v -0.00594616 0.16566320 -0.00791150
v -0.00572479 0.16570990 -0.00786477
v -0.00572479 0.16606340 -0.00821835
v -0.00554591 0.16577271 -0.00780189
v -0.00554591 0.16612630 -0.00815547
v -0.00544405 0.16582450 -0.00775021
v -0.00544405 0.16617811 -0.00810373
v -0.00536090 0.16623370 -0.00804806
v -0.00536090 0.16588020 -0.00769454
v -0.00524825 0.16634379 -0.00793797
v -0.00524825 0.16599020 -0.00758445
v -0.00517315 0.16646960 -0.00781226
v -0.00517315 0.16611600 -0.00745869
v -0.00514668 0.16654579 -0.00773603
v -0.00514627 0.16619360 -0.00738108
v -0.00513035 0.16662841 -0.00765336
v -0.00513017 0.16627650 -0.00729823
v -0.00512463 0.16685119 -0.00743067
v -0.00512463 0.16649760 -0.00707716
v -0.00512463 0.16727000 -0.00701195
v -0.00512463 0.16685119 -0.00743067
v -0.00512463 0.16691640 -0.00665837
v -0.00512463 0.16727000 -0.00701195
v -0.00766176 0.16727000 -0.00701195
v -0.00766176 0.16691640 -0.00665837
v -0.00512463 0.16691640 -0.00665837
v -0.00512463 0.16727000 -0.00701195
v -0.00766176 0.16691640 -0.00665837
v -0.00378728 0.16267030 -0.01090419
v -0.00378728 0.16174890 -0.01182556
v -0.00378728 0.16210251 -0.01217907
v -0.00378728 0.16302380 -0.01125776
v -0.00378728 0.16210251 -0.01217907
v -0.00378728 0.16174890 -0.01182556
v -0.00527286 0.16197520 -0.01159936
v -0.00378728 0.16210251 -0.01217907
v -0.00527286 0.16197520 -0.01159936
v -0.00527286 0.16232871 -0.01195293
v -0.00723898 0.16255510 -0.01172655
v -0.00527286 0.16232871 -0.01195293
v -0.00527286 0.16197520 -0.01159936
v -0.00723898 0.16220149 -0.01137298
v -0.00527286 0.16279760 -0.01148408
v -0.00723898 0.16220149 -0.01137298
v -0.00527286 0.16244400 -0.01113051
v -0.00723898 0.16255510 -0.01172655
v -0.00378728 0.16302380 -0.01125776
v -0.00527286 0.16279760 -0.01148408
v -0.00527286 0.16244400 -0.01113051
v -0.00378728 0.16267030 -0.01090419
v -0.00378728 0.16302380 -0.01125776
v -0.00527286 0.16244400 -0.01113051
v -0.03474116 0.14089470 -0.03325176
v -0.03123611 0.14075901 -0.03453636
v -0.03290963 0.13963510 -0.03502285
v -0.03523600 0.13974109 -0.03389507
v -0.03411722 0.13868900 -0.03526026
v -0.03410279 0.14303461 -0.03173637
v -0.03019958 0.14134230 -0.03416669
v -0.02920413 0.14180540 -0.03377074
v -0.03582471 0.13857430 -0.03437590
v -0.03523004 0.13770010 -0.03534990
v -0.03630185 0.13690400 -0.03506267
v -0.03619956 0.13670960 -0.03525704
v -0.03640311 0.13709851 -0.03486812
v -0.03650343 0.13729329 -0.03467327
v -0.03361785 0.14563900 -0.02958220
v -0.03139358 0.14708750 -0.02848845
v -0.03289699 0.15258449 -0.02299141
v -0.03740322 0.13616030 -0.03418815
v -0.03689545 0.13753460 -0.03334420
v -0.03650343 0.13729329 -0.03467327
v -0.03923952 0.13336471 -0.03390944
v -0.04112726 0.12996390 -0.03463590
v -0.04383879 0.12564459 -0.03501361
v -0.04429572 0.12511070 -0.03475463
v -0.04892885 0.11822270 -0.03475582
v -0.04751861 0.12029190 -0.03477728
v -0.04891955 0.11821600 -0.03477680
v -0.04884022 0.11834250 -0.03476732
v -0.04255259 0.17639260 0.00982451
v -0.03689813 0.18173701 0.01085966
v -0.04075765 0.17086349 -0.00001431
v -0.03924500 0.18230981 0.01501989
v -0.04795885 0.17599420 0.01627653
v -0.05761563 0.16195761 0.00898635
v -0.05437773 0.17283911 0.01987266
v -0.04893743 0.18315230 0.03019291
v -0.04979580 0.17579921 0.01841086
v -0.04580634 0.16383290 -0.00265092
v -0.04199802 0.16045770 -0.01042056
v -0.05207741 0.16144539 0.00180614
v -0.05417406 0.16061769 0.00328874
v -0.05869966 0.15081599 -0.00215906
v -0.04578500 0.15104680 -0.01543343
v -0.04121804 0.15081850 -0.02006006
v -0.05206447 0.14659040 -0.01304322
v -0.05444943 0.12872981 -0.02424937
v -0.05766886 0.13973530 -0.01324206
v -0.05416512 0.14510851 -0.01221394
v -0.03936928 0.14265390 -0.02795928
v -0.03947681 0.14386021 -0.02701854
v -0.03689545 0.13753460 -0.03334420
v -0.03923952 0.13336471 -0.03390944
v -0.04254001 0.13856770 -0.02799189
v -0.04795193 0.13211329 -0.02759140
v -0.04892885 0.11822270 -0.03475582
v -0.04979348 0.12997749 -0.02739596
v -0.03924500 0.18230981 0.01501989
v -0.03653579 0.18306600 0.01114416
v -0.03689813 0.18173701 0.01085966
v -0.03993177 0.18341900 0.01683843
v -0.04383265 0.18340459 0.02275145
v -0.04893743 0.18315230 0.03019291
v -0.04892855 0.18317600 0.03019607
v -0.00743991 0.14708909 -0.02648603
v -0.00841767 0.14633980 -0.02723544
v -0.00859004 0.14646660 -0.02710860
v -0.00743991 0.14708909 -0.02648603
v -0.00822502 0.14622819 -0.02734708
v -0.00841767 0.14633980 -0.02723544
v -0.00758088 0.14718990 -0.02638536
v -0.00743991 0.14708909 -0.02648603
v -0.00859004 0.14646660 -0.02710860
v -0.00758088 0.14718990 -0.02638536
v -0.00874108 0.14660870 -0.02696651
v -0.00886953 0.14676610 -0.02680909
v -0.00758088 0.14718990 -0.02638536
v -0.00859004 0.14646660 -0.02710860
v -0.00874108 0.14660870 -0.02696651
v -0.00764376 0.14725579 -0.02631944
v -0.00886953 0.14676610 -0.02680909
v -0.00897419 0.14693891 -0.02663636
v -0.00764376 0.14725579 -0.02631944
v -0.00728673 0.14701830 -0.02655690
v -0.00801343 0.14613169 -0.02744352
v -0.00822502 0.14622819 -0.02734708
v -0.00728673 0.14701830 -0.02655690
v -0.00778401 0.14605030 -0.02752494
v -0.00801343 0.14613169 -0.02744352
v -0.00728673 0.14701830 -0.02655690
v -0.00822502 0.14622819 -0.02734708
v -0.00743991 0.14708909 -0.02648603
v -0.00769967 0.14733709 -0.02623802
v -0.00897419 0.14693891 -0.02663636
v -0.00905639 0.14713430 -0.02644085
v -0.00769967 0.14733709 -0.02623802
v -0.00764376 0.14725579 -0.02631944
v -0.00897419 0.14693891 -0.02663636
v -0.00709247 0.14696009 -0.02661508
v -0.00753796 0.14598399 -0.02759122
v -0.00778401 0.14605030 -0.02752494
v -0.00709247 0.14696009 -0.02661508
v -0.00778401 0.14605030 -0.02752494
v -0.00728673 0.14701830 -0.02655690
v -0.00775260 0.14746550 -0.02610963
v -0.00769967 0.14733709 -0.02623802
v -0.00905639 0.14713430 -0.02644085
v -0.00775260 0.14746550 -0.02610963
v -0.00905639 0.14713430 -0.02644085
v -0.00912035 0.14741001 -0.02616524
v -0.00693846 0.14693020 -0.02664494
v -0.00718623 0.14591891 -0.02765631
v -0.00753796 0.14598399 -0.02759122
v -0.00693846 0.14693020 -0.02664494
v -0.00753796 0.14598399 -0.02759122
v -0.00709247 0.14696009 -0.02661508
v -0.00777531 0.14761481 -0.02596038
v -0.00775260 0.14746550 -0.02610963
v -0.00912035 0.14741001 -0.02616524
v -0.00777531 0.14761481 -0.02596038
v -0.00912035 0.14741001 -0.02616524
v -0.00913495 0.14771180 -0.02586334
v -0.00676954 0.14690930 -0.02666586
v -0.00659752 0.14587051 -0.02770471
v -0.00676954 0.14690930 -0.02666586
v -0.00718623 0.14591891 -0.02765631
v -0.00693846 0.14693020 -0.02664494
v -0.00776285 0.14778399 -0.02579116
v -0.00913495 0.14771180 -0.02586334
v -0.00909930 0.14800340 -0.02557176
v -0.00776285 0.14778399 -0.02579116
v -0.00777531 0.14761481 -0.02596038
v -0.00913495 0.14771180 -0.02586334
v -0.00642729 0.14689440 -0.02668082
v -0.00540185 0.14586809 -0.02770704
v -0.00659752 0.14587051 -0.02770471
v -0.00642729 0.14689440 -0.02668082
v -0.00659752 0.14587051 -0.02770471
v -0.00676954 0.14690930 -0.02666586
v -0.00772023 0.14791620 -0.02565896
v -0.00909930 0.14800340 -0.02557176
v -0.00901598 0.14826770 -0.02530747
v -0.00772023 0.14791620 -0.02565896
v -0.00776285 0.14778399 -0.02579116
v -0.00909930 0.14800340 -0.02557176
v -0.00764322 0.14803921 -0.02553600
v -0.00888759 0.14850470 -0.02507036
v -0.00871682 0.14871471 -0.02486038
v -0.00764322 0.14803921 -0.02553600
v -0.00901598 0.14826770 -0.02530747
v -0.00888759 0.14850470 -0.02507036
v -0.00764322 0.14803921 -0.02553600
v -0.00772023 0.14791620 -0.02565896
v -0.00901598 0.14826770 -0.02530747
v -0.00752759 0.14814930 -0.02542585
v -0.00764322 0.14803921 -0.02553600
v -0.00871682 0.14871471 -0.02486038
v -0.00850636 0.14889760 -0.02467751
v -0.00752759 0.14814930 -0.02542585
v -0.00871682 0.14871471 -0.02486038
v -0.00738865 0.14823429 -0.02534079
v -0.00752759 0.14814930 -0.02542585
v -0.00850636 0.14889760 -0.02467751
v -0.00825882 0.14905350 -0.02452158
v -0.00738865 0.14823429 -0.02534079
v -0.00850636 0.14889760 -0.02467751
v -0.00794363 0.14919519 -0.02437990
v -0.00738865 0.14823429 -0.02534079
v -0.00825882 0.14905350 -0.02452158
v -0.00794363 0.14919519 -0.02437990
v -0.00722647 0.14830039 -0.02527475
v -0.00738865 0.14823429 -0.02534079
v -0.00754815 0.14931370 -0.02426135
v -0.00702685 0.14835270 -0.02522242
v -0.00722647 0.14830039 -0.02527475
v -0.00754815 0.14931370 -0.02426135
v -0.00722647 0.14830039 -0.02527475
v -0.00794363 0.14919519 -0.02437990
v -0.00707316 0.14939590 -0.02417916
v -0.00702685 0.14835270 -0.02522242
v -0.00754815 0.14931370 -0.02426135
v -0.00674152 0.14839290 -0.02518224
v -0.00326037 0.14690641 -0.02666866
v -0.00357008 0.14586809 -0.02770704
v -0.00540185 0.14586809 -0.02770704
v -0.00292611 0.14590400 -0.02767115
v -0.00326037 0.14690641 -0.02666866
v -0.00294429 0.14695130 -0.02662384
v -0.00240153 0.14599790 -0.02757728
v -0.00292611 0.14590400 -0.02767115
v -0.00294429 0.14695130 -0.02662384
v -0.00292611 0.14590400 -0.02767115
v -0.00326037 0.14690641 -0.02666866
v -0.00642735 0.14943200 -0.02414309
v -0.00674152 0.14839290 -0.02518224
v -0.00707316 0.14939590 -0.02417916
v -0.00274640 0.14700539 -0.02656972
v -0.00202137 0.14611700 -0.02745819
v -0.00240153 0.14599790 -0.02757728
v -0.00274640 0.14700539 -0.02656972
v -0.00240153 0.14599790 -0.02757728
v -0.00294429 0.14695130 -0.02662384
v -0.00258654 0.14707330 -0.02650177
v -0.00171781 0.14625721 -0.02731800
v -0.00202137 0.14611700 -0.02745819
v -0.00258654 0.14707330 -0.02650177
v -0.00202137 0.14611700 -0.02745819
v -0.00274640 0.14700539 -0.02656972
v -0.00145447 0.14642879 -0.02714627
v -0.00171781 0.14625721 -0.02731800
v -0.00258654 0.14707330 -0.02650177
v -0.00245214 0.14715961 -0.02641546
v -0.00145447 0.14642879 -0.02714627
v -0.00258654 0.14707330 -0.02650177
v -0.00125480 0.14661039 -0.02696472
v -0.00245214 0.14715961 -0.02641546
v -0.00234151 0.14727101 -0.02630406
v -0.00125480 0.14661039 -0.02696472
v -0.00145447 0.14642879 -0.02714627
v -0.00245214 0.14715961 -0.02641546
v -0.00110751 0.14679570 -0.02677941
v -0.00125480 0.14661039 -0.02696472
v -0.00234151 0.14727101 -0.02630406
v -0.00478476 0.14943200 -0.02414309
v -0.00357008 0.14840570 -0.02516937
v -0.00674152 0.14839290 -0.02518224
v -0.00478476 0.14943200 -0.02414309
v -0.00099291 0.14700191 -0.02657318
v -0.00110751 0.14679570 -0.02677941
v -0.00234151 0.14727101 -0.02630406
v -0.00099291 0.14700191 -0.02657318
v -0.00234151 0.14727101 -0.02630406
v -0.00226927 0.14739510 -0.02618002
v -0.00091287 0.14722900 -0.02634602
v -0.00099291 0.14700191 -0.02657318
v -0.00226927 0.14739510 -0.02618002
v -0.00091287 0.14722900 -0.02634602
v -0.00226927 0.14739510 -0.02618002
v -0.00223100 0.14752820 -0.02604693
v -0.00086927 0.14747719 -0.02609789
v -0.00091287 0.14722900 -0.02634602
v -0.00223100 0.14752820 -0.02604693
v -0.00086927 0.14747719 -0.02609789
v -0.00223100 0.14752820 -0.02604693
v -0.00222313 0.14769641 -0.02587860
v -0.00086394 0.14774370 -0.02583146
v -0.00086927 0.14747719 -0.02609789
v -0.00222313 0.14769641 -0.02587860
v -0.00316453 0.14941821 -0.02415680
v -0.00357008 0.14840570 -0.02516937
v -0.00329691 0.14839610 -0.02517896
v -0.00089692 0.14799760 -0.02557742
v -0.00086394 0.14774370 -0.02583146
v -0.00222313 0.14769641 -0.02587860
v -0.00089692 0.14799760 -0.02557742
v -0.00222313 0.14769641 -0.02587860
v -0.00224888 0.14784130 -0.02573376
v -0.00089692 0.14799760 -0.02557742
v -0.00224888 0.14784130 -0.02573376
v -0.00227535 0.14791210 -0.02566295
v -0.00279516 0.14937890 -0.02419608
v -0.00329691 0.14839610 -0.02517896
v -0.00316453 0.14941821 -0.02415680
v -0.00279516 0.14937890 -0.02419608
v -0.00303376 0.14836460 -0.02521049
v -0.00329691 0.14839610 -0.02517896
v -0.00096646 0.14823081 -0.02534425
v -0.00089692 0.14799760 -0.02557742
v -0.00227535 0.14791210 -0.02566295
v -0.00096646 0.14823081 -0.02534425
v -0.00227535 0.14791210 -0.02566295
v -0.00231129 0.14797930 -0.02559584
v -0.00244993 0.14931379 -0.02426117
v -0.00303376 0.14836460 -0.02521049
v -0.00279516 0.14937890 -0.02419608
v -0.00244993 0.14931379 -0.02426117
v -0.00279629 0.14830850 -0.02526658
v -0.00290996 0.14833941 -0.02523571
v -0.00244993 0.14931379 -0.02426117
v -0.00290996 0.14833941 -0.02523571
v -0.00303376 0.14836460 -0.02521049
v -0.00104785 0.14840350 -0.02517151
v -0.00236905 0.14805660 -0.02551847
v -0.00213164 0.14922290 -0.02435207
v -0.00279629 0.14830850 -0.02526658
v -0.00244993 0.14931379 -0.02426117
v -0.00213164 0.14922290 -0.02435207
v -0.00263184 0.14824550 -0.02532958
v -0.00279629 0.14830850 -0.02526658
v -0.00114310 0.14855210 -0.02502292
v -0.00187331 0.14912030 -0.02445465
v -0.00125629 0.14868900 -0.02488595
v -0.00114310 0.14855210 -0.02502292
v -0.00236905 0.14805660 -0.02551847
v -0.00125629 0.14868900 -0.02488595
v -0.00236905 0.14805660 -0.02551847
v -0.00249070 0.14816450 -0.02541059
v -0.00169593 0.14902990 -0.02454507
v -0.00169593 0.14902990 -0.02454507
v -0.00249070 0.14816450 -0.02541059
v -0.00263184 0.14824550 -0.02532958
v -0.00138664 0.14881431 -0.02476072
v -0.00125629 0.14868900 -0.02488595
v -0.00249070 0.14816450 -0.02541059
v -0.00153345 0.14892790 -0.02464705
v -0.00249070 0.14816450 -0.02541059
v -0.00169593 0.14902990 -0.02454507
v -0.00138664 0.14881431 -0.02476072
v -0.00744122 0.15128520 -0.02228975
v -0.00839770 0.15053310 -0.02304190
v -0.00860363 0.15069820 -0.02287685
v -0.00751352 0.15134349 -0.02223140
v -0.00744122 0.15128520 -0.02228975
v -0.00860363 0.15069820 -0.02287685
v -0.00877350 0.15089311 -0.02268189
v -0.00736147 0.15123890 -0.02233606
v -0.00839770 0.15053310 -0.02304190
v -0.00744122 0.15128520 -0.02228975
v -0.00736147 0.15123890 -0.02233606
v -0.00814980 0.15039110 -0.02318388
v -0.00839770 0.15053310 -0.02304190
v -0.00736147 0.15123890 -0.02233606
v -0.00789851 0.15028781 -0.02328729
v -0.00814980 0.15039110 -0.02318388
v -0.00757623 0.15141670 -0.02215826
v -0.00757623 0.15141670 -0.02215826
v -0.00877350 0.15089311 -0.02268189
v -0.00889653 0.15110891 -0.02246612
v -0.00718081 0.15117370 -0.02240127
v -0.00762308 0.15020791 -0.02336716
v -0.00789851 0.15028781 -0.02328729
v -0.00718081 0.15117370 -0.02240127
v -0.00732589 0.15015200 -0.02342301
v -0.00762308 0.15020791 -0.02336716
v -0.00718081 0.15117370 -0.02240127
v -0.00789851 0.15028781 -0.02328729
v -0.00736147 0.15123890 -0.02233606
v -0.00764108 0.15154649 -0.02202838
v -0.00896871 0.15132910 -0.02224588
v -0.00899738 0.15154611 -0.02202886
v -0.00764108 0.15154649 -0.02202838
v -0.00889653 0.15110891 -0.02246612
v -0.00896871 0.15132910 -0.02224588
v -0.00764108 0.15154649 -0.02202838
v -0.00757623 0.15141670 -0.02215826
v -0.00889653 0.15110891 -0.02246612
v -0.00698614 0.15113860 -0.02243638
v -0.00700903 0.15012079 -0.02345424
v -0.00732589 0.15015200 -0.02342301
v -0.00698614 0.15113860 -0.02243638
v -0.00732589 0.15015200 -0.02342301
v -0.00718081 0.15117370 -0.02240127
v -0.00766259 0.15163291 -0.02194213
v -0.00764108 0.15154649 -0.02202838
v -0.00899738 0.15154611 -0.02202886
v -0.00767237 0.15172420 -0.02185070
v -0.00899738 0.15154611 -0.02202886
v -0.00899887 0.15198050 -0.02159446
v -0.00767237 0.15172420 -0.02185070
v -0.00669795 0.15112410 -0.02245080
v -0.00700903 0.15012079 -0.02345424
v -0.00698614 0.15113860 -0.02243638
v -0.00669795 0.15112410 -0.02245080
v -0.00668079 0.15011521 -0.02345979
v -0.00700903 0.15012079 -0.02345424
v -0.00669795 0.15112410 -0.02245080
v -0.00634849 0.15013941 -0.02343565
v -0.00668079 0.15011521 -0.02345979
v -0.00646132 0.15113570 -0.02243930
v -0.00634849 0.15013941 -0.02343565
v -0.00669795 0.15112410 -0.02245080
v -0.00646132 0.15113570 -0.02243930
v -0.00601715 0.15019660 -0.02337843
v -0.00634849 0.15013941 -0.02343565
v -0.00626159 0.15116630 -0.02240866
v -0.00569957 0.15028870 -0.02328634
v -0.00601715 0.15019660 -0.02337843
v -0.00626159 0.15116630 -0.02240866
v -0.00601715 0.15019660 -0.02337843
v -0.00646132 0.15113570 -0.02243930
v -0.00767326 0.15227170 -0.02130323
v -0.00611019 0.15120891 -0.02236598
v -0.00543719 0.15040210 -0.02317291
v -0.00569957 0.15028870 -0.02328634
v -0.00611019 0.15120891 -0.02236598
v -0.00525790 0.15050840 -0.02306663
v -0.00543719 0.15040210 -0.02317291
v -0.00611019 0.15120891 -0.02236598
v -0.00569957 0.15028870 -0.02328634
v -0.00626159 0.15116630 -0.02240866
v -0.00899887 0.15326580 -0.02030915
v -0.00767326 0.15227170 -0.02130323
v -0.00899887 0.15198050 -0.02159446
v -0.00600767 0.15125281 -0.02232217
v -0.00525790 0.15050840 -0.02306663
v -0.00611019 0.15120891 -0.02236598
v -0.00510162 0.15063120 -0.02294373
v -0.00592482 0.15130220 -0.02227276
v -0.00510162 0.15063120 -0.02294373
v -0.00600767 0.15125281 -0.02232217
v -0.00582909 0.15138669 -0.02218818
v -0.00510162 0.15063120 -0.02294373
v -0.00592482 0.15130220 -0.02227276
v -0.00576067 0.15148769 -0.02208721
v -0.00510162 0.15063120 -0.02294373
v -0.00582909 0.15138669 -0.02218818
v -0.00407237 0.15109891 -0.02247607
v -0.00495040 0.15045460 -0.02312034
v -0.00510162 0.15063120 -0.02294373
v -0.00415754 0.15116170 -0.02241319
v -0.00407237 0.15109891 -0.02247607
v -0.00510162 0.15063120 -0.02294373
v -0.00397801 0.15104730 -0.02252763
v -0.00476664 0.15030269 -0.02327227
v -0.00495040 0.15045460 -0.02312034
v -0.00397801 0.15104730 -0.02252763
v -0.00495040 0.15045460 -0.02312034
v -0.00407237 0.15109891 -0.02247607
v -0.00570744 0.15227160 -0.02130323
v -0.00767326 0.15227170 -0.02130323
v -0.00899887 0.15326580 -0.02030915
v -0.00423223 0.15123700 -0.02233791
v -0.00387549 0.15100621 -0.02256876
v -0.00455415 0.15017530 -0.02339965
v -0.00476664 0.15030269 -0.02327227
v -0.00387549 0.15100621 -0.02256876
v -0.00431699 0.15007269 -0.02350229
v -0.00455415 0.15017530 -0.02339965
v -0.00387549 0.15100621 -0.02256876
v -0.00476664 0.15030269 -0.02327227
v -0.00397801 0.15104730 -0.02252763
v -0.00431430 0.15136120 -0.02221369
v -0.00510162 0.15063120 -0.02294373
v -0.00576067 0.15148769 -0.02208721
v -0.00431430 0.15136120 -0.02221369
v -0.00423223 0.15123700 -0.02233791
v -0.00510162 0.15063120 -0.02294373
v -0.00369221 0.15095930 -0.02261567
v -0.00405890 0.14999489 -0.02358007
v -0.00431699 0.15007269 -0.02350229
v -0.00369221 0.15095930 -0.02261567
v -0.00378388 0.14994250 -0.02363252
v -0.00405890 0.14999489 -0.02358007
v -0.00369221 0.15095930 -0.02261567
v -0.00431699 0.15007269 -0.02350229
v -0.00387549 0.15100621 -0.02256876
v -0.00436538 0.15149650 -0.02207833
v -0.00576067 0.15148769 -0.02208721
v -0.00572020 0.15160421 -0.02197074
v -0.00431430 0.15136120 -0.02221369
v -0.00349337 0.15093510 -0.02263987
v -0.00349587 0.14991561 -0.02365934
v -0.00349337 0.15093510 -0.02263987
v -0.00378388 0.14994250 -0.02363252
v -0.00369221 0.15095930 -0.02261567
v -0.00439250 0.15168670 -0.02188813
v -0.00436538 0.15149650 -0.02207833
v -0.00572020 0.15160421 -0.02197074
v -0.00439250 0.15168670 -0.02188813
v -0.00572020 0.15160421 -0.02197074
v -0.00570744 0.15173630 -0.02183866
v -0.00320953 0.15093380 -0.02264118
v -0.00319451 0.14991450 -0.02366054
v -0.00349587 0.14991561 -0.02365934
v -0.00320953 0.15093380 -0.02264118
v -0.00290042 0.14993480 -0.02364015
v -0.00319451 0.14991450 -0.02366054
v -0.00320953 0.15093380 -0.02264118
v -0.00349587 0.14991561 -0.02365934
v -0.00349337 0.15093510 -0.02263987
v -0.00299650 0.15095820 -0.02261668
v -0.00290042 0.14993480 -0.02364015
v -0.00320953 0.15093380 -0.02264118
v -0.00299650 0.15095820 -0.02261668
v -0.00262570 0.14997479 -0.02360022
v -0.00290042 0.14993480 -0.02364015
v -0.00299650 0.15095820 -0.02261668
v -0.00237060 0.15003310 -0.02354186
v -0.00262570 0.14997479 -0.02360022
v -0.00281644 0.15100430 -0.02257055
v -0.00213540 0.15010870 -0.02346628
v -0.00237060 0.15003310 -0.02354186
v -0.00281644 0.15100430 -0.02257055
v -0.00192058 0.15020069 -0.02337431
v -0.00213540 0.15010870 -0.02346628
v -0.00281644 0.15100430 -0.02257055
v -0.00237060 0.15003310 -0.02354186
v -0.00299650 0.15095820 -0.02261668
v -0.00269043 0.15105800 -0.02251696
v -0.00172645 0.15030810 -0.02326679
v -0.00192058 0.15020069 -0.02337431
v -0.00269043 0.15105800 -0.02251696
v -0.00192058 0.15020069 -0.02337431
v -0.00281644 0.15100430 -0.02257055
v -0.00439310 0.15227160 -0.02130323
v -0.00439310 0.15227160 -0.02130323
v -0.00570744 0.15173630 -0.02183866
v -0.00570744 0.15227160 -0.02130323
v -0.00439310 0.15227160 -0.02130323
v -0.00570744 0.15227160 -0.02130323
v -0.00899887 0.15326580 -0.02030915
v -0.00259280 0.15111861 -0.02245634
v -0.00172645 0.15030810 -0.02326679
v -0.00269043 0.15105800 -0.02251696
v -0.00155359 0.15043040 -0.02314448
v -0.00172645 0.15030810 -0.02326679
v -0.00259280 0.15111861 -0.02245634
v -0.00140256 0.15056691 -0.02300804
v -0.00155359 0.15043040 -0.02314448
v -0.00259280 0.15111861 -0.02245634
v -0.00140256 0.15056691 -0.02300804
v -0.00259280 0.15111861 -0.02245634
v -0.00251752 0.15118320 -0.02239167
v -0.00127399 0.15071701 -0.02285796
v -0.00140256 0.15056691 -0.02300804
v -0.00251752 0.15118320 -0.02239167
v -0.00116879 0.15088020 -0.02269464
v -0.00127399 0.15071701 -0.02285796
v -0.00251752 0.15118320 -0.02239167
v -0.00116879 0.15088020 -0.02269464
v -0.00251752 0.15118320 -0.02239167
v -0.00242180 0.15130770 -0.02226722
v -0.00108778 0.15105630 -0.02251863
v -0.00116879 0.15088020 -0.02269464
v -0.00242180 0.15130770 -0.02226722
v -0.00108778 0.15105630 -0.02251863
v -0.00242180 0.15130770 -0.02226722
v -0.00237590 0.15140450 -0.02217042
v -0.00103205 0.15124480 -0.02233010
v -0.00108778 0.15105630 -0.02251863
v -0.00237590 0.15140450 -0.02217042
v -0.00103205 0.15124480 -0.02233010
v -0.00237590 0.15140450 -0.02217042
v -0.00234443 0.15151189 -0.02206301
v -0.00232428 0.15176280 -0.02181208
v -0.00099859 0.15224171 -0.02133309
v -0.00103205 0.15124480 -0.02233010
v -0.00232428 0.15176280 -0.02181208
v -0.00099859 0.15224171 -0.02133309
v -0.00232428 0.15176280 -0.02181208
v -0.00232428 0.15227160 -0.02130317
v -0.00099859 0.15326570 -0.02030903
v -0.00099859 0.15224171 -0.02133309
v -0.00232428 0.15227160 -0.02130317
v -0.00099859 0.15326570 -0.02030903
v -0.00232428 0.15227160 -0.02130317
v -0.00439310 0.15227160 -0.02130323
v -0.00099859 0.15326570 -0.02030903
v -0.00439310 0.15227160 -0.02130323
v -0.00899887 0.15326580 -0.02030915
v -0.00639313 0.15689440 -0.01668024
v -0.00899887 0.15676510 -0.01680958
v -0.00899887 0.15775099 -0.01582366
v -0.00447315 0.15634499 -0.01722973
v -0.00363886 0.15510850 -0.01846623
v -0.00523883 0.15558520 -0.01798951
v -0.00447315 0.15634499 -0.01722973
v -0.00523883 0.15558520 -0.01798951
v -0.00639313 0.15689440 -0.01668024
v -0.00099859 0.15426800 -0.01930665
v -0.00899887 0.15426810 -0.01930677
v -0.00363886 0.15510850 -0.01846623
v -0.00099859 0.15525401 -0.01832073
v -0.00099859 0.15426800 -0.01930665
v -0.00363886 0.15510850 -0.01846623
v -0.00099860 0.15775099 -0.01582354
v -0.00899887 0.15676510 -0.01680958
v -0.00099860 0.15677319 -0.01680141
v -0.00639313 0.15689440 -0.01668024
v -0.00099860 0.15775099 -0.01582354
v -0.00447315 0.15634499 -0.01722973
v -0.00099859 0.15525401 -0.01832073
v -0.00363886 0.15510850 -0.01846623
v -0.00899887 0.15524590 -0.01832890
v -0.00363886 0.15510850 -0.01846623
v -0.00899887 0.15426810 -0.01930677
v -0.00099864 0.15875331 -0.01482117
v -0.00899893 0.15875331 -0.01482129
v -0.00899893 0.15974730 -0.01382720
v -0.00099864 0.15974730 -0.01382714
v -0.00099864 0.15875331 -0.01482117
v -0.00899893 0.15974730 -0.01382720
v -0.00666994 0.14271709 -0.03085827
v -0.00889087 0.14218280 -0.03139263
v -0.00889087 0.14322710 -0.03034830
v -0.00362265 0.14146291 -0.03211253
v -0.00900543 0.13977119 -0.03380441
v -0.00900549 0.14079919 -0.03277635
v -0.00099179 0.14097950 -0.03259593
v -0.00900543 0.13977119 -0.03380441
v -0.00362265 0.14146291 -0.03211253
v -0.00099179 0.14203990 -0.03153544
v -0.00362265 0.14391451 -0.02966076
v -0.00900549 0.14461070 -0.02896463
v -0.00900549 0.14563870 -0.02793657
v -0.00099181 0.14443050 -0.02914476
v -0.00099181 0.14443050 -0.02914476
v -0.00099180 0.14337000 -0.03020524
v -0.00362265 0.14391451 -0.02966076
v -0.00666994 0.14271709 -0.03085827
v -0.00099179 0.14203990 -0.03153544
v -0.01814484 0.19619130 0.02061450
v -0.02246648 0.19481400 0.01948225
v -0.01814466 0.19739120 0.02187663
v -0.02382719 0.19593090 0.02139759
v -0.01814407 0.19849309 0.02318507
v -0.02220690 0.19977979 0.02781784
v -0.02495741 0.19663189 0.02327430
v -0.02541249 0.19681130 0.02411454
v -0.01814371 0.19951691 0.02455663
v -0.01814234 0.20090130 0.02676683
v -0.01814287 0.20174970 0.02851843
v -0.01814323 0.20235430 0.03038924
v -0.01814711 0.16198491 -0.01359176
v -0.03289699 0.15258449 -0.02299141
v -0.03258955 0.16198450 -0.01359117
v -0.01814711 0.16198491 -0.01359176
v -0.03258955 0.16198450 -0.01359117
v -0.03289699 0.17138450 -0.00419140
v -0.01814711 0.16198491 -0.01359176
v -0.02633935 0.13681810 -0.03875803
v -0.02920413 0.14180540 -0.03377074
v -0.01814711 0.16198491 -0.01359176
v -0.02267688 0.13210019 -0.04347622
v -0.02633935 0.13681810 -0.03875803
v -0.01814711 0.16198491 -0.01359176
v -0.01814448 0.12777869 -0.04779809
v -0.02267688 0.13210019 -0.04347622
v -0.03139358 0.14708750 -0.02848845
v -0.03289699 0.15258449 -0.02299141
v -0.02920413 0.14180540 -0.03377074
v -0.03139370 0.17688151 0.00130558
v -0.03289699 0.17138450 -0.00419140
v -0.02920436 0.18216380 0.00658768
v -0.03139370 0.17688151 0.00130558
v -0.02616035 0.18741640 0.01184010
v -0.02920436 0.18216380 0.00658768
v -0.02381086 0.19055250 0.01497602
v -0.02109509 0.19353659 0.01795995
v -0.02381086 0.19055250 0.01497602
v -0.01814484 0.19619130 0.02061450
v -0.01814711 0.16198491 -0.01359176
v -0.02109509 0.19353659 0.01795995
v -0.00744384 0.16589090 -0.00768387
v -0.00843847 0.16515730 -0.00841737
v -0.00863504 0.16534390 -0.00823087
v -0.00730723 0.16580090 -0.00777376
v -0.00821036 0.16500190 -0.00857276
v -0.00843847 0.16515730 -0.00841737
v -0.00730723 0.16580090 -0.00777376
v -0.00791031 0.16485710 -0.00871760
v -0.00821036 0.16500190 -0.00857276
v -0.00730723 0.16580090 -0.00777376
v -0.00843847 0.16515730 -0.00841737
v -0.00744384 0.16589090 -0.00768387
v -0.00753123 0.16597810 -0.00759661
v -0.00863504 0.16534390 -0.00823087
v -0.00880426 0.16557960 -0.00799519
v -0.00753123 0.16597810 -0.00759661
v -0.00744384 0.16589090 -0.00768387
v -0.00863504 0.16534390 -0.00823087
v -0.00714511 0.16573200 -0.00784272
v -0.00753683 0.16473749 -0.00883716
v -0.00791031 0.16485710 -0.00871760
v -0.00714511 0.16573200 -0.00784272
v -0.00791031 0.16485710 -0.00871760
v -0.00730723 0.16580090 -0.00777376
v -0.00760090 0.16608641 -0.00748831
v -0.00890684 0.16580179 -0.00777286
v -0.00896883 0.16602939 -0.00754535
v -0.00760090 0.16608641 -0.00748831
v -0.00880426 0.16557960 -0.00799519
v -0.00890684 0.16580179 -0.00777286
v -0.00760090 0.16608641 -0.00748831
v -0.00880426 0.16557960 -0.00799519
v -0.00695509 0.16568100 -0.00789368
v -0.00710511 0.16465610 -0.00891864
v -0.00753683 0.16473749 -0.00883716
v -0.00695509 0.16568100 -0.00789368
v -0.00753683 0.16473749 -0.00883716
v -0.00714511 0.16573200 -0.00784272
v -0.00764692 0.16622031 -0.00735444
v -0.00896883 0.16602939 -0.00754535
v -0.00899714 0.16627529 -0.00729942
v -0.00764692 0.16622031 -0.00735444
v -0.00760090 0.16608641 -0.00748831
v -0.00896883 0.16602939 -0.00754535
v -0.00766033 0.16631889 -0.00725585
v -0.00764692 0.16622031 -0.00735444
v -0.00899714 0.16627529 -0.00729942
v -0.00669181 0.16564330 -0.00793135
v -0.00662631 0.16461679 -0.00895786
v -0.00710511 0.16465610 -0.00891864
v -0.00669181 0.16564330 -0.00793135
v -0.00710511 0.16465610 -0.00891864
v -0.00695509 0.16568100 -0.00789368
v -0.00766176 0.16645080 -0.00712395
v -0.00766033 0.16631889 -0.00725585
v -0.00899714 0.16627529 -0.00729942
v -0.00630230 0.16563269 -0.00794196
v -0.00613111 0.16461980 -0.00895488
v -0.00662631 0.16461679 -0.00895786
v -0.00630230 0.16563269 -0.00794196
v -0.00662631 0.16461679 -0.00895786
v -0.00669181 0.16564330 -0.00793135
v -0.00594616 0.16566320 -0.00791150
v -0.00613111 0.16461980 -0.00895488
v -0.00630230 0.16563269 -0.00794196
v -0.00594616 0.16566320 -0.00791150
v -0.00564325 0.16466621 -0.00890839
v -0.00613111 0.16461980 -0.00895488
v -0.00766176 0.16691640 -0.00665837
v -0.00766176 0.16645080 -0.00712395
v -0.00899714 0.16627529 -0.00729942
v -0.00899899 0.16791040 -0.00566441
v -0.00766176 0.16691640 -0.00665837
v -0.00899714 0.16627529 -0.00729942
v -0.00572479 0.16570990 -0.00786477
v -0.00516993 0.16476581 -0.00880879
v -0.00564325 0.16466621 -0.00890839
v -0.00572479 0.16570990 -0.00786477
v -0.00564325 0.16466621 -0.00890839
v -0.00594616 0.16566320 -0.00791150
v -0.00554591 0.16577271 -0.00780189
v -0.00516993 0.16476581 -0.00880879
v -0.00572479 0.16570990 -0.00786477
v -0.00554591 0.16577271 -0.00780189
v -0.00481367 0.16489170 -0.00868297
v -0.00516993 0.16476581 -0.00880879
v -0.00554591 0.16577271 -0.00780189
v -0.00454497 0.16503030 -0.00854439
v -0.00481367 0.16489170 -0.00868297
v -0.00544405 0.16582450 -0.00775021
v -0.00454497 0.16503030 -0.00854439
v -0.00554591 0.16577271 -0.00780189
v -0.00433093 0.16518240 -0.00839227
v -0.00454497 0.16503030 -0.00854439
v -0.00544405 0.16582450 -0.00775021
v -0.00433093 0.16518240 -0.00839227
v -0.00544405 0.16582450 -0.00775021
v -0.00536090 0.16588020 -0.00769454
v -0.00417274 0.16533270 -0.00824201
v -0.00433093 0.16518240 -0.00839227
v -0.00536090 0.16588020 -0.00769454
v -0.00417274 0.16533270 -0.00824201
v -0.00536090 0.16588020 -0.00769454
v -0.00524825 0.16599020 -0.00758445
v -0.00403887 0.16550200 -0.00807261
v -0.00417274 0.16533270 -0.00824201
v -0.00524825 0.16599020 -0.00758445
v -0.00403887 0.16550200 -0.00807261
v -0.00524825 0.16599020 -0.00758445
v -0.00517315 0.16611600 -0.00745869
v -0.00403887 0.16550200 -0.00807261
v -0.00517315 0.16611600 -0.00745869
v -0.00514627 0.16619360 -0.00738108
v -0.00512463 0.16691640 -0.00665837
v -0.00766176 0.16691640 -0.00665837
v -0.00899899 0.16791040 -0.00566441
v -0.00378728 0.16646390 -0.00711083
v -0.00403887 0.16550200 -0.00807261
v -0.00514627 0.16619360 -0.00738108
v -0.00378728 0.16646390 -0.00711083
v -0.00514627 0.16619360 -0.00738108
v -0.00513017 0.16627650 -0.00729823
v -0.00378728 0.16646390 -0.00711083
v -0.00513017 0.16627650 -0.00729823
v -0.00512463 0.16649760 -0.00707716
v -0.00378728 0.16691640 -0.00665837
v -0.00378728 0.16646390 -0.00711083
v -0.00512463 0.16649760 -0.00707716
v -0.00378728 0.16691640 -0.00665837
v -0.00512463 0.16649760 -0.00707716
v -0.00512463 0.16691640 -0.00665837
v -0.00099868 0.16545349 -0.00812107
v -0.00099875 0.16427711 -0.00929743
v -0.00403887 0.16550200 -0.00807261
v -0.00378728 0.16646390 -0.00711083
v -0.00099870 0.16791040 -0.00566435
v -0.00099869 0.16691630 -0.00665832
v -0.00378728 0.16691640 -0.00665837
v -0.00099870 0.16791040 -0.00566435
v -0.00512463 0.16691640 -0.00665837
v -0.00899899 0.16791040 -0.00566441
v -0.00099870 0.16791040 -0.00566435
v -0.00099874 0.16463070 -0.00965101
v -0.00403887 0.16585560 -0.00842619
v -0.00403887 0.16550200 -0.00807261
v -0.00099875 0.16427711 -0.00929743
v -0.00099874 0.16463070 -0.00965101
v -0.00403887 0.16550200 -0.00807261
v -0.00723898 0.16220149 -0.01137298
v -0.00899893 0.16167630 -0.01189827
v -0.00899893 0.16274300 -0.01083159
v -0.00527286 0.16197520 -0.01159936
v -0.00899893 0.16167630 -0.01189827
v -0.00723898 0.16220149 -0.01137298
v -0.00527286 0.16244400 -0.01113051
v -0.00723898 0.16220149 -0.01137298
v -0.00899893 0.16274300 -0.01083159
v -0.00099879 0.16028620 -0.01328819
v -0.00527286 0.16197520 -0.01159936
v -0.00378728 0.16174890 -0.01182556
v -0.00099879 0.16028620 -0.01328819
v -0.00899893 0.16167630 -0.01189827
v -0.00527286 0.16197520 -0.01159936
v -0.00245011 0.16154680 -0.01202762
v -0.00099879 0.16028620 -0.01328819
v -0.00378728 0.16174890 -0.01182556
v -0.00099880 0.16132060 -0.01225376
v -0.00099879 0.16028620 -0.01328819
v -0.00245011 0.16154680 -0.01202762
v -0.00245011 0.16287230 -0.01070225
v -0.00378728 0.16174890 -0.01182556
v -0.00378728 0.16267030 -0.01090419
v -0.00245011 0.16287230 -0.01070225
v -0.00245011 0.16154680 -0.01202762
v -0.00378728 0.16174890 -0.01182556
v -0.00099874 0.16424780 -0.00932676
v -0.00099881 0.16309860 -0.01047593
v -0.00245011 0.16287230 -0.01070225
v -0.00099874 0.16424780 -0.00932676
v -0.00527286 0.16244400 -0.01113051
v -0.00099874 0.16424780 -0.00932676
v -0.00099874 0.16424780 -0.00932676
v -0.00245011 0.16287230 -0.01070225
v -0.00378728 0.16267030 -0.01090419
v -0.01814371 0.19951691 0.02455663
v -0.01678240 0.19838449 0.02425640
v -0.01814407 0.19849309 0.02318507
v -0.01696401 0.19982210 0.02617985
v -0.01715862 0.20105740 0.02825748
v -0.01814234 0.20090130 0.02676683
v -0.01814287 0.20174970 0.02851843
v -0.01734173 0.20177950 0.02991163
v -0.01746666 0.20217720 0.03130209
v -0.01814323 0.20235430 0.03038924
v -0.01740455 0.19778740 0.02295541
v -0.01655238 0.19676420 0.02248060
v -0.01814466 0.19739120 0.02187663
v -0.01757019 0.20030400 0.02634394
v -0.01773643 0.20192690 0.02965384
v -0.01783257 0.20280060 0.03324526
v -0.01788747 0.20367099 0.03738486
v -0.01814496 0.20510539 0.04440557
v -0.01783072 0.20493621 0.04443573
v -0.01794570 0.20448481 0.04153585
v -0.01800811 0.20525169 0.04569566
v -0.01807391 0.20597950 0.04986232
v -0.01814073 0.20661069 0.05363512
v -0.01812738 0.20660560 0.05364906
v -0.02633935 0.13681810 -0.03875803
v -0.03019958 0.14134230 -0.03416669
v -0.02920413 0.14180540 -0.03377074
v -0.03236615 0.13843760 -0.03619605
v -0.03411722 0.13868900 -0.03526026
v -0.03290963 0.13963510 -0.03502285
v -0.03123611 0.14075901 -0.03453636
v -0.03414404 0.13682260 -0.03659516
v -0.03171867 0.12976471 -0.04220247
v -0.03619956 0.13670960 -0.03525704
v -0.03523004 0.13770010 -0.03534990
v -0.02870112 0.13286550 -0.04180485
v -0.03003388 0.13079670 -0.04267573
v -0.02575010 0.12340670 -0.04855948
v -0.02500736 0.12869430 -0.04600095
v -0.02267688 0.13210019 -0.04347622
v -0.02588433 0.12633690 -0.04718643
v -0.02216523 0.12055060 -0.05141472
v -0.02062034 0.12489660 -0.04983460
v -0.01814448 0.12777869 -0.04779809
v -0.01814448 0.12651721 -0.04899907
v -0.01814448 0.12384130 -0.05112898
v -0.01814448 0.12163090 -0.05251777
v -0.01814448 0.12521119 -0.05010414
v -0.02094238 0.12231700 -0.05125916
v -0.01814448 0.11800470 -0.05396485
v -0.01850610 0.12074190 -0.05285984
v -0.01814448 0.11986740 -0.05336672
v -0.01824206 0.09227532 -0.05612361
v -0.01815426 0.09477192 -0.05821043
v -0.01814144 0.09475940 -0.05820620
v -0.01822531 0.09226989 -0.05612903
v -0.02390998 0.09445410 -0.05394476
v -0.02481174 0.09741079 -0.05557185
v -0.01815426 0.09477192 -0.05821043
v -0.01824206 0.09227532 -0.05612361
v -0.03125810 0.09836357 -0.05003535
v -0.03095901 0.10080220 -0.05227935
v -0.03639197 0.10458020 -0.04840707
v -0.03882062 0.10397830 -0.04442059
v -0.04117679 0.10881360 -0.04418534
v -0.04448801 0.10965320 -0.03874570
v -0.04512315 0.11310970 -0.03988468
v -0.04916501 0.11578940 -0.03260952
v -0.04891955 0.11821600 -0.03477680
v -0.04917526 0.11580490 -0.03259408
v -0.04891955 0.11821600 -0.03477680
v -0.04916501 0.11578940 -0.03260952
v -0.04892885 0.11822270 -0.03475582
v -0.05469977 0.12628660 -0.02211225
v -0.05444943 0.12872981 -0.02424937
v -0.04892885 0.11822270 -0.03475582
v -0.04917526 0.11580490 -0.03259408
v -0.05793213 0.13723950 -0.01115936
v -0.05766886 0.13973530 -0.01324206
v -0.05899971 0.14840379 0.00000495
v -0.05869966 0.15081599 -0.00215906
v -0.05793845 0.15956829 0.01116943
v -0.05761563 0.16195761 0.00898635
v -0.05470353 0.17052110 0.02212220
v -0.05437773 0.17283911 0.01987266
v -0.04918158 0.18100360 0.03260463
v -0.04893743 0.18315230 0.03019291
v -0.04917067 0.18102001 0.03262102
v -0.04893743 0.18315230 0.03019291
v -0.04918158 0.18100360 0.03260463
v -0.04892855 0.18317600 0.03019607
v -0.04559266 0.18585961 0.03746068
v -0.04892855 0.18317600 0.03019607
v -0.04917067 0.18102001 0.03262102
v -0.04535144 0.18802141 0.03504163
v -0.04140228 0.19044630 0.04204744
v -0.04116368 0.19260851 0.03962796
v -0.03657227 0.19470631 0.04630732
v -0.03633737 0.19686520 0.04388290
v -0.03109365 0.19855350 0.05015450
v -0.03087037 0.20070210 0.04771858
v -0.02496230 0.20186970 0.05347084
v -0.02476745 0.20399921 0.05101484
v -0.01822257 0.20452930 0.05613040
v -0.01814073 0.20661069 0.05363512
v -0.01647365 0.16133741 -0.01294428
v -0.01814448 0.12777869 -0.04779809
v -0.01814711 0.16198491 -0.01359176
v -0.01647365 0.16133741 -0.01294428
v -0.01647329 0.12713200 -0.04715150
v -0.01814448 0.12777869 -0.04779809
v -0.01814448 0.12777869 -0.04779809
v -0.01647329 0.12713200 -0.04715150
v -0.01647853 0.12672500 -0.04755860
v -0.01814448 0.12651721 -0.04899907
v -0.01650482 0.12631831 -0.04796528
v -0.01655203 0.12591261 -0.04837101
v -0.01413071 0.12430410 -0.04997956
v -0.01167625 0.12295960 -0.05132412
v -0.01235675 0.12118560 -0.05284762
v -0.01686710 0.12326940 -0.05067521
v -0.01655203 0.12591261 -0.04837101
v -0.01713901 0.12032580 -0.05256551
v -0.01293540 0.11919180 -0.05412387
v -0.01731050 0.11873900 -0.05329108
v -0.01346981 0.11701990 -0.05509483
v -0.01365429 0.11621510 -0.05533128
v -0.01746636 0.11709110 -0.05378395
v -0.01383888 0.11539300 -0.05548560
v -0.00906545 0.12186460 -0.05241906
v -0.01235675 0.12118560 -0.05284762
v -0.01167625 0.12295960 -0.05132412
v -0.00281113 0.11948810 -0.05472898
v -0.00454509 0.12059230 -0.05369138
v -0.00275284 0.12031480 -0.05396884
v -0.01037240 0.11418980 -0.05668908
v -0.01383888 0.11539300 -0.05548560
v -0.01365429 0.11621510 -0.05533128
v -0.00284010 0.11858680 -0.05543988
v -0.01052153 0.11852130 -0.05490434
v -0.01293540 0.11919180 -0.05412387
v -0.01089280 0.11655400 -0.05585664
v -0.01346981 0.11701990 -0.05509483
v -0.00805718 0.11775790 -0.05565506
v -0.00629109 0.12099350 -0.05329018
v -0.00829798 0.11580870 -0.05659139
v -0.00668967 0.11336380 -0.05751550
v -0.00548869 0.11719030 -0.05621325
v -0.00285429 0.11697660 -0.05649566
v -0.00285619 0.11540770 -0.05729657
v -0.00560689 0.11525450 -0.05713748
v -0.00286788 0.11414090 -0.05777490
v -0.00290936 0.11279960 -0.05808007
v -0.00707316 0.14974950 -0.02453273
v -0.00642735 0.14978550 -0.02449667
v -0.00642735 0.14943200 -0.02414309
v -0.00707316 0.14939590 -0.02417916
v -0.00754815 0.14931370 -0.02426135
v -0.00754815 0.14966729 -0.02461493
v -0.00794363 0.14919519 -0.02437990
v -0.00794363 0.14954880 -0.02473342
v -0.00825882 0.14905350 -0.02452158
v -0.00825882 0.14940710 -0.02487510
v -0.00850636 0.14889760 -0.02467751
v -0.00850630 0.14925119 -0.02503103
v -0.00871682 0.14871471 -0.02486038
v -0.00871682 0.14906830 -0.02521395
v -0.00888759 0.14850470 -0.02507036
v -0.00888759 0.14885829 -0.02542394
v -0.00901598 0.14826770 -0.02530747
v -0.00901598 0.14862120 -0.02566105
v -0.00909930 0.14800340 -0.02557176
v -0.00909930 0.14835690 -0.02592533
v -0.00913495 0.14806540 -0.02621686
v -0.00913495 0.14771180 -0.02586334
v -0.00912035 0.14741001 -0.02616524
v -0.00912035 0.14776351 -0.02651876
v -0.00905639 0.14713430 -0.02644085
v -0.00905639 0.14748789 -0.02679443
v -0.00897419 0.14693891 -0.02663636
v -0.00897419 0.14729241 -0.02698987
v -0.00886953 0.14676610 -0.02680909
v -0.00886953 0.14711970 -0.02716267
v -0.00874108 0.14660870 -0.02696651
v -0.00874108 0.14696230 -0.02732002
v -0.00859004 0.14646660 -0.02710860
v -0.00859004 0.14682020 -0.02746212
v -0.00841767 0.14633980 -0.02723544
v -0.00841761 0.14669339 -0.02758896
v -0.00822502 0.14622819 -0.02734708
v -0.00822502 0.14658169 -0.02770060
v -0.00801343 0.14613169 -0.02744352
v -0.00801337 0.14648530 -0.02779710
v -0.00778401 0.14605030 -0.02752494
v -0.00778401 0.14640389 -0.02787846
v -0.00753796 0.14598399 -0.02759122
v -0.00753796 0.14633760 -0.02794480
v -0.00718623 0.14591891 -0.02765631
v -0.00718623 0.14627250 -0.02800989
v -0.00659752 0.14587051 -0.02770471
v -0.00659752 0.14622410 -0.02805829
v -0.00540185 0.14586809 -0.02770704
v -0.00540185 0.14622170 -0.02806061
v -0.00357008 0.14586809 -0.02770704
v -0.00540185 0.14622170 -0.02806061
v -0.00540185 0.14586809 -0.02770704
v -0.00357008 0.14622170 -0.02806061
v -0.00540185 0.14622170 -0.02806061
v -0.00357008 0.14586809 -0.02770704
v -0.00292611 0.14590400 -0.02767115
v -0.00357008 0.14622170 -0.02806061
v -0.00357008 0.14586809 -0.02770704
v -0.00292611 0.14625759 -0.02802473
v -0.00240153 0.14599790 -0.02757728
v -0.00240153 0.14635150 -0.02793079
v -0.00202137 0.14647050 -0.02781176
v -0.00202137 0.14611700 -0.02745819
v -0.00171781 0.14661071 -0.02767151
v -0.00171781 0.14625721 -0.02731800
v -0.00145447 0.14642879 -0.02714627
v -0.00145447 0.14678240 -0.02749979
v -0.00125474 0.14696400 -0.02731829
v -0.00125480 0.14661039 -0.02696472
v -0.00110745 0.14714929 -0.02713292
v -0.00110751 0.14679570 -0.02677941
v -0.00099291 0.14700191 -0.02657318
v -0.00099290 0.14735539 -0.02692675
v -0.00091286 0.14758261 -0.02669960
v -0.00091287 0.14722900 -0.02634602
v -0.00086927 0.14783069 -0.02645140
v -0.00086927 0.14747719 -0.02609789
v -0.00086394 0.14774370 -0.02583146
v -0.00086393 0.14809720 -0.02618497
v -0.00089692 0.14799760 -0.02557742
v -0.00089691 0.14835121 -0.02593094
v -0.00096646 0.14858440 -0.02569776
v -0.00096646 0.14823081 -0.02534425
v -0.00104767 0.14875680 -0.02552533
v -0.00104785 0.14840350 -0.02517151
v -0.00114286 0.14890540 -0.02537673
v -0.00114310 0.14855210 -0.02502292
v -0.00125605 0.14904240 -0.02523976
v -0.00125629 0.14868900 -0.02488595
v -0.00138640 0.14916770 -0.02511447
v -0.00138664 0.14881431 -0.02476072
v -0.00153315 0.14928129 -0.02500081
v -0.00153345 0.14892790 -0.02464705
v -0.00169563 0.14938331 -0.02489876
v -0.00169593 0.14902990 -0.02454507
v -0.00187296 0.14947380 -0.02480834
v -0.00187331 0.14912030 -0.02445465
v -0.00213122 0.14957640 -0.02470570
v -0.00213164 0.14922290 -0.02435207
v -0.00244957 0.14966729 -0.02461481
v -0.00244993 0.14931379 -0.02426117
v -0.00279468 0.14973240 -0.02454972
v -0.00279516 0.14937890 -0.02419608
v -0.00316405 0.14977179 -0.02451038
v -0.00316453 0.14941821 -0.02415680
v -0.00478452 0.14978550 -0.02449667
v -0.00478476 0.14943200 -0.02414309
v -0.00642735 0.14978550 -0.02449667
v -0.00478476 0.14943200 -0.02414309
v -0.00642735 0.14943200 -0.02414309
v -0.00642735 0.14978550 -0.02449667
v -0.00478452 0.14978550 -0.02449667
v -0.00478476 0.14943200 -0.02414309
v -0.00495040 0.15080820 -0.02347385
v -0.00510162 0.15098479 -0.02329730
v -0.00510162 0.15063120 -0.02294373
v -0.00495040 0.15045460 -0.02312034
v -0.00476664 0.15030269 -0.02327227
v -0.00476664 0.15065619 -0.02362585
v -0.00455415 0.15017530 -0.02339965
v -0.00455415 0.15052889 -0.02375316
v -0.00431699 0.15042619 -0.02385586
v -0.00431699 0.15007269 -0.02350229
v -0.00405890 0.15034850 -0.02393358
v -0.00405890 0.14999489 -0.02358007
v -0.00378388 0.14994250 -0.02363252
v -0.00378388 0.15029600 -0.02398610
v -0.00349587 0.14991561 -0.02365934
v -0.00349587 0.15026920 -0.02401292
v -0.00319451 0.14991450 -0.02366054
v -0.00319445 0.15026800 -0.02401411
v -0.00290042 0.14993480 -0.02364015
v -0.00290042 0.15028840 -0.02399373
v -0.00262564 0.15032829 -0.02395373
v -0.00262570 0.14997479 -0.02360022
v -0.00237060 0.15003310 -0.02354186
v -0.00237060 0.15038660 -0.02389544
v -0.00213540 0.15046220 -0.02381980
v -0.00213540 0.15010870 -0.02346628
v -0.00192058 0.15020069 -0.02337431
v -0.00192058 0.15055420 -0.02372783
v -0.00172645 0.15030810 -0.02326679
v -0.00172645 0.15066171 -0.02362036
v -0.00155359 0.15078400 -0.02349805
v -0.00155359 0.15043040 -0.02314448
v -0.00140256 0.15056691 -0.02300804
v -0.00140256 0.15092050 -0.02336156
v -0.00127399 0.15071701 -0.02285796
v -0.00127399 0.15107051 -0.02321147
v -0.00116879 0.15088020 -0.02269464
v -0.00116879 0.15123381 -0.02304822
v -0.00108778 0.15105630 -0.02251863
v -0.00108778 0.15140989 -0.02287214
v -0.00103205 0.15124480 -0.02233010
v -0.00103205 0.15159830 -0.02268362
v -0.00099858 0.15259530 -0.02168667
v -0.00099859 0.15224171 -0.02133309
v -0.00099859 0.15326570 -0.02030903
v -0.00099858 0.15259530 -0.02168667
v -0.00099859 0.15224171 -0.02133309
v -0.00099859 0.15361930 -0.02066260
v -0.00899887 0.15198050 -0.02159446
v -0.00899887 0.15361939 -0.02066266
v -0.00899887 0.15326580 -0.02030915
v -0.00899887 0.15233400 -0.02194803
v -0.00899738 0.15154611 -0.02202886
v -0.00899738 0.15189970 -0.02238237
v -0.00896871 0.15132910 -0.02224588
v -0.00896871 0.15168270 -0.02259945
v -0.00889653 0.15146241 -0.02281963
v -0.00889653 0.15110891 -0.02246612
v -0.00877350 0.15124670 -0.02303546
v -0.00877350 0.15089311 -0.02268189
v -0.00860363 0.15105170 -0.02323037
v -0.00860363 0.15069820 -0.02287685
v -0.00839770 0.15053310 -0.02304190
v -0.00839770 0.15088670 -0.02339547
v -0.00814980 0.15039110 -0.02318388
v -0.00814980 0.15074471 -0.02353745
v -0.00789851 0.15028781 -0.02328729
v -0.00789851 0.15064131 -0.02364081
v -0.00762308 0.15020791 -0.02336716
v -0.00762308 0.15056150 -0.02372068
v -0.00732589 0.15050560 -0.02377659
v -0.00732589 0.15015200 -0.02342301
v -0.00700903 0.15047440 -0.02380776
v -0.00700903 0.15012079 -0.02345424
v -0.00668079 0.15046880 -0.02381336
v -0.00668079 0.15011521 -0.02345979
v -0.00634849 0.15049300 -0.02378916
v -0.00634849 0.15013941 -0.02343565
v -0.00601715 0.15055010 -0.02373194
v -0.00601715 0.15019660 -0.02337843
v -0.00569951 0.15064220 -0.02363985
v -0.00569957 0.15028870 -0.02328634
v -0.00543719 0.15040210 -0.02317291
v -0.00543719 0.15075570 -0.02352643
v -0.00525790 0.15086190 -0.02342015
v -0.00525790 0.15050840 -0.02306663
v -0.00510162 0.15098479 -0.02329730
v -0.00510162 0.15063120 -0.02294373
v -0.00099859 0.15326570 -0.02030903
v -0.00899887 0.15326580 -0.02030915
v -0.00899887 0.15361939 -0.02066266
v -0.00099859 0.15361930 -0.02066260
v -0.00099859 0.15326570 -0.02030903
v -0.00899887 0.15361939 -0.02066266
v -0.00099859 0.15560751 -0.01867425
v -0.00447315 0.15634499 -0.01722973
v -0.00447315 0.15669850 -0.01758325
v -0.00099859 0.15525401 -0.01832073
v -0.00099859 0.15525401 -0.01832073
v -0.00099859 0.15560751 -0.01867425
v -0.00099858 0.15462160 -0.01966023
v -0.00099859 0.15426800 -0.01930665
v -0.00099858 0.15462160 -0.01966023
v -0.00899887 0.15462160 -0.01966029
v -0.00899887 0.15426810 -0.01930677
v -0.00099859 0.15426800 -0.01930665
v -0.00099858 0.15462160 -0.01966023
v -0.00899887 0.15426810 -0.01930677
v -0.00899887 0.15559950 -0.01868242
v -0.00899887 0.15426810 -0.01930677
v -0.00899887 0.15462160 -0.01966029
v -0.00899887 0.15524590 -0.01832890
v -0.00899887 0.15524590 -0.01832890
v -0.00363886 0.15546200 -0.01881980
v -0.00363886 0.15510850 -0.01846623
v -0.00899887 0.15559950 -0.01868242
v -0.00363886 0.15510850 -0.01846623
v -0.00523883 0.15593880 -0.01834303
v -0.00523883 0.15558520 -0.01798951
v -0.00363886 0.15546200 -0.01881980
v -0.00523883 0.15558520 -0.01798951
v -0.00523883 0.15593880 -0.01834303
v -0.00899887 0.15711869 -0.01716315
v -0.00523883 0.15558520 -0.01798951
v -0.00899887 0.15711869 -0.01716315
v -0.00899887 0.15676510 -0.01680958
v -0.00899887 0.15810460 -0.01617717
v -0.00899887 0.15676510 -0.01680958
v -0.00899887 0.15711869 -0.01716315
v -0.00899887 0.15775099 -0.01582366
v -0.00099860 0.15810449 -0.01617711
v -0.00899887 0.15775099 -0.01582366
v -0.00899887 0.15810460 -0.01617717
v -0.00099860 0.15810449 -0.01617711
v -0.00099860 0.15775099 -0.01582354
v -0.00899887 0.15775099 -0.01582366
v -0.00099860 0.15775099 -0.01582354
v -0.00099860 0.15810449 -0.01617711
v -0.00099860 0.15712669 -0.01715499
v -0.00099860 0.15677319 -0.01680141
v -0.00099860 0.15677319 -0.01680141
v -0.00639307 0.15724801 -0.01703381
v -0.00639313 0.15689440 -0.01668024
v -0.00099860 0.15712669 -0.01715499
v -0.00639313 0.15689440 -0.01668024
v -0.00447315 0.15669850 -0.01758325
v -0.00447315 0.15634499 -0.01722973
v -0.00639307 0.15724801 -0.01703381
v -0.00099864 0.16010080 -0.01418066
v -0.00899893 0.15974730 -0.01382720
v -0.00899893 0.16010091 -0.01418077
v -0.00099864 0.16010080 -0.01418066
v -0.00099864 0.15974730 -0.01382714
v -0.00899893 0.15974730 -0.01382720
v -0.00099864 0.15974730 -0.01382714
v -0.00099864 0.16010080 -0.01418066
v -0.00099863 0.15910690 -0.01517474
v -0.00099864 0.15875331 -0.01482117
v -0.00099863 0.15910690 -0.01517474
v -0.00899887 0.15910690 -0.01517480
v -0.00899893 0.15875331 -0.01482129
v -0.00099864 0.15875331 -0.01482117
v -0.00099863 0.15910690 -0.01517474
v -0.00899893 0.15875331 -0.01482129
v -0.00899893 0.15974730 -0.01382720
v -0.00899893 0.15875331 -0.01482129
v -0.00899887 0.15910690 -0.01517480
v -0.00899893 0.16010091 -0.01418077
v -0.00362265 0.14391451 -0.02966076
v -0.00900549 0.14496429 -0.02931815
v -0.00900549 0.14461070 -0.02896463
v -0.00362265 0.14426810 -0.03001427
v -0.00900549 0.14599229 -0.02829009
v -0.00900549 0.14461070 -0.02896463
v -0.00900549 0.14496429 -0.02931815
v -0.00900549 0.14563870 -0.02793657
v -0.00099180 0.14478400 -0.02949827
v -0.00900549 0.14563870 -0.02793657
v -0.00900549 0.14599229 -0.02829009
v -0.00099180 0.14478400 -0.02949827
v -0.00099181 0.14443050 -0.02914476
v -0.00900549 0.14563870 -0.02793657
v -0.00099181 0.14443050 -0.02914476
v -0.00099180 0.14478400 -0.02949827
v -0.00099180 0.14372361 -0.03055882
v -0.00099180 0.14337000 -0.03020524
v -0.00099180 0.14372361 -0.03055882
v -0.00666994 0.14307070 -0.03121185
v -0.00666994 0.14271709 -0.03085827
v -0.00099180 0.14337000 -0.03020524
v -0.00666994 0.14271709 -0.03085827
v -0.00099179 0.14239350 -0.03188902
v -0.00099179 0.14203990 -0.03153544
v -0.00666994 0.14307070 -0.03121185
v -0.00099179 0.14239350 -0.03188902
v -0.00099178 0.14133300 -0.03294950
v -0.00099179 0.14097950 -0.03259593
v -0.00099179 0.14203990 -0.03153544
v -0.00099178 0.14133300 -0.03294950
v -0.00900543 0.14012469 -0.03415793
v -0.00900543 0.13977119 -0.03380441
v -0.00099179 0.14097950 -0.03259593
v -0.00099178 0.14133300 -0.03294950
v -0.00900543 0.13977119 -0.03380441
v -0.00900543 0.14115269 -0.03312987
v -0.00900543 0.13977119 -0.03380441
v -0.00900543 0.14012469 -0.03415793
v -0.00900549 0.14079919 -0.03277635
v -0.00900543 0.14115269 -0.03312987
v -0.00362265 0.14181641 -0.03246605
v -0.00362265 0.14146291 -0.03211253
v -0.00900549 0.14079919 -0.03277635
v -0.00362265 0.14146291 -0.03211253
v -0.00889087 0.14253640 -0.03174620
v -0.00889087 0.14218280 -0.03139263
v -0.00362265 0.14181641 -0.03246605
v -0.00889087 0.14322710 -0.03034830
v -0.00889087 0.14218280 -0.03139263
v -0.00889087 0.14253640 -0.03174620
v -0.00889087 0.14358070 -0.03070187
v -0.00889087 0.14322710 -0.03034830
v -0.00362265 0.14426810 -0.03001427
v -0.00362265 0.14391451 -0.02966076
v -0.00889087 0.14358070 -0.03070187
v -0.01411283 0.19838190 0.02409833
v -0.01235049 0.20128950 0.02726966
v -0.01203078 0.20057420 0.02636009
v -0.01164472 0.19973280 0.02544921
v -0.01678240 0.19838449 0.02425640
v -0.01655238 0.19676420 0.02248060
v -0.01696401 0.19982210 0.02617985
v -0.01283770 0.20235179 0.02890157
v -0.01715862 0.20105740 0.02825748
v -0.01319622 0.20305391 0.03027266
v -0.01734173 0.20177950 0.02991163
v -0.01368069 0.20375350 0.03230762
v -0.01351028 0.20355400 0.03157401
v -0.01746666 0.20217720 0.03130209
v -0.01383894 0.20387760 0.03300046
v -0.01647889 0.19595180 0.02166819
v -0.01814484 0.19619130 0.02061450
v -0.01814466 0.19739120 0.02187663
v -0.01647365 0.19554460 0.02126115
v -0.01650518 0.19635850 0.02207487
v -0.01655238 0.19676420 0.02248060
v -0.01814484 0.19619130 0.02061450
v -0.01647365 0.16133741 -0.01294428
v -0.01814711 0.16198491 -0.01359176
v -0.01647365 0.19554460 0.02126115
v -0.01647365 0.16133741 -0.01294428
v -0.01814484 0.19619130 0.02061450
v -0.00501376 0.16133741 -0.01294416
v -0.00899893 0.16202991 -0.01225179
v -0.00899893 0.16167630 -0.01189827
v -0.00099879 0.16028620 -0.01328819
v -0.00099879 0.16063979 -0.01364177
v -0.00501376 0.16133741 -0.01294416
v -0.00099879 0.16028620 -0.01328819
v -0.00899893 0.16274300 -0.01083159
v -0.00899893 0.16167630 -0.01189827
v -0.00899893 0.16202991 -0.01225179
v -0.00899893 0.16309650 -0.01118516
v -0.00403887 0.16402949 -0.01025223
v -0.00899893 0.16274300 -0.01083159
v -0.00899893 0.16309650 -0.01118516
v -0.00099874 0.16460130 -0.00968033
v -0.00099874 0.16424780 -0.00932676
v -0.00403887 0.16402949 -0.01025223
v -0.00099874 0.16424780 -0.00932676
v -0.00899893 0.16274300 -0.01083159
v -0.00403887 0.16402949 -0.01025223
v -0.00403887 0.16585560 -0.00842619
v -0.00417274 0.16533270 -0.00824201
v -0.00403887 0.16550200 -0.00807261
v -0.00417274 0.16568621 -0.00859553
v -0.00433093 0.16553590 -0.00874579
v -0.00454497 0.16503030 -0.00854439
v -0.00433093 0.16518240 -0.00839227
v -0.00454497 0.16538380 -0.00889796
v -0.00481367 0.16489170 -0.00868297
v -0.00481367 0.16524521 -0.00903654
v -0.00516993 0.16511939 -0.00916231
v -0.00564325 0.16466621 -0.00890839
v -0.00516993 0.16476581 -0.00880879
v -0.00564325 0.16501980 -0.00926191
v -0.00613111 0.16461980 -0.00895488
v -0.00613111 0.16497330 -0.00930840
v -0.00662631 0.16497029 -0.00931144
v -0.00710511 0.16465610 -0.00891864
v -0.00662631 0.16461679 -0.00895786
v -0.00710511 0.16500960 -0.00927216
v -0.00753683 0.16473749 -0.00883716
v -0.00753683 0.16509110 -0.00919068
v -0.00791031 0.16485710 -0.00871760
v -0.00791031 0.16521069 -0.00907111
v -0.00821036 0.16535550 -0.00892627
v -0.00843847 0.16515730 -0.00841737
v -0.00821036 0.16500190 -0.00857276
v -0.00843841 0.16551089 -0.00877094
v -0.00863504 0.16534390 -0.00823087
v -0.00863504 0.16569740 -0.00858438
v -0.00880426 0.16557960 -0.00799519
v -0.00880426 0.16593310 -0.00834870
v -0.00890684 0.16580179 -0.00777286
v -0.00890684 0.16615540 -0.00812644
v -0.00896883 0.16602939 -0.00754535
v -0.00896931 0.16638540 -0.00789642
v -0.00899714 0.16627529 -0.00729942
v -0.00899714 0.16662900 -0.00765294
v -0.00899899 0.16791040 -0.00566441
v -0.00899893 0.16826400 -0.00601798
v -0.00099870 0.16791040 -0.00566435
v -0.00899899 0.16791040 -0.00566441
v -0.00899893 0.16826400 -0.00601798
v -0.00099869 0.16826390 -0.00601786
v -0.00099870 0.16791040 -0.00566435
v -0.00899893 0.16826400 -0.00601798
v -0.00099870 0.16791040 -0.00566435
v -0.00099869 0.16826390 -0.00601786
v -0.00099869 0.16726990 -0.00701189
v -0.00099869 0.16691630 -0.00665832
v -0.00099869 0.16726990 -0.00701189
v -0.00378728 0.16726990 -0.00701189
v -0.00378728 0.16691640 -0.00665837
v -0.00099869 0.16691630 -0.00665832
v -0.00099869 0.16726990 -0.00701189
v -0.00378728 0.16691640 -0.00665837
v -0.00378728 0.16691640 -0.00665837
v -0.00378728 0.16726990 -0.00701189
v -0.00378728 0.16681740 -0.00746441
v -0.00378728 0.16646390 -0.00711083
v -0.00099868 0.16580710 -0.00847465
v -0.00378728 0.16646390 -0.00711083
v -0.00378728 0.16681740 -0.00746441
v -0.00099868 0.16580710 -0.00847465
v -0.00099868 0.16545349 -0.00812107
v -0.00378728 0.16646390 -0.00711083
v -0.00099868 0.16545349 -0.00812107
v -0.00099874 0.16463070 -0.00965101
v -0.00099875 0.16427711 -0.00929743
v -0.00099868 0.16580710 -0.00847465
v -0.00099874 0.16463070 -0.00965101
v -0.00099874 0.16460130 -0.00968033
v -0.00403887 0.16402949 -0.01025223
v -0.00403887 0.16402949 -0.01025223
v -0.00403887 0.16585560 -0.00842619
v -0.00099874 0.16424780 -0.00932676
v -0.00099874 0.16460130 -0.00968033
v -0.00099881 0.16345210 -0.01082944
v -0.00099881 0.16309860 -0.01047593
v -0.00099881 0.16345210 -0.01082944
v -0.00245011 0.16322580 -0.01105576
v -0.00245011 0.16287230 -0.01070225
v -0.00099881 0.16309860 -0.01047593
v -0.00099881 0.16345210 -0.01082944
v -0.00245011 0.16287230 -0.01070225
v -0.00245011 0.16287230 -0.01070225
v -0.00245011 0.16322580 -0.01105576
v -0.00245011 0.16190040 -0.01238113
v -0.00245011 0.16154680 -0.01202762
v -0.00099880 0.16167420 -0.01260733
v -0.00099880 0.16132060 -0.01225376
v -0.00245011 0.16154680 -0.01202762
v -0.00099880 0.16167420 -0.01260733
v -0.00245011 0.16154680 -0.01202762
v -0.00245011 0.16190040 -0.01238113
v -0.00099880 0.16133741 -0.01294410
v -0.00099879 0.16063979 -0.01364177
v -0.00099879 0.16028620 -0.01328819
v -0.00099880 0.16132060 -0.01225376
v -0.00099880 0.16167420 -0.01260733
v -0.01822257 0.20452930 0.05613040
v -0.01812738 0.20660560 0.05364906
v -0.01814073 0.20661069 0.05363512
v -0.01820433 0.20453531 0.05613631
v -0.01440078 0.20703880 0.05083733
v -0.01310789 0.20653060 0.04608631
v -0.01783072 0.20493621 0.04443573
v -0.01812738 0.20660560 0.05364906
v -0.01419442 0.20772851 0.05476230
v -0.01067042 0.20791060 0.05174726
v -0.00809783 0.20757990 0.04722213
v -0.00994086 0.20859370 0.05556452
v -0.00682056 0.20848770 0.05235970
v -0.00290972 0.20937230 0.05640912
v -0.00487179 0.20870081 0.05258375
v -0.00290972 0.20818990 0.04787427
v -0.01244783 0.20567340 0.04026931
v -0.01383894 0.20387760 0.03300046
v -0.01746666 0.20217720 0.03130209
v -0.01783072 0.20493621 0.04443573
v -0.01310789 0.20653060 0.04608631
v -0.00809783 0.20757990 0.04722213
v -0.00992435 0.20520070 0.03432381
v -0.01182132 0.20463750 0.03376042
v -0.00872457 0.20657089 0.04125982
v -0.00290966 0.20647340 0.03559362
v -0.00668967 0.20590800 0.03502964
v -0.01006150 0.20043120 0.02614742
v -0.01164472 0.19973280 0.02544921
v -0.01203078 0.20057420 0.02636009
v -0.01182132 0.20463750 0.03376042
v -0.01368069 0.20375350 0.03230762
v -0.01383894 0.20387760 0.03300046
v -0.01351028 0.20355400 0.03157401
v -0.00281382 0.20316739 0.02895861
v -0.00275302 0.20236211 0.02807843
v -0.00444764 0.20209950 0.02781581
v -0.01008403 0.20203219 0.02797371
v -0.00807822 0.20115300 0.02686923
v -0.01235049 0.20128950 0.02726966
v -0.01049715 0.20325410 0.02982950
v -0.01283770 0.20235179 0.02890157
v -0.01319622 0.20305391 0.03027266
v -0.00774509 0.20276740 0.02871567
v -0.00629145 0.20168340 0.02739971
v -0.01087528 0.20421819 0.03180831
v -0.00992435 0.20520070 0.03432381
v -0.00801885 0.20397609 0.03056144
v -0.00532967 0.20336750 0.02932173
v -0.00284213 0.20390260 0.02990150
v -0.00826996 0.20493150 0.03253006
v -0.00668967 0.20590800 0.03502964
v -0.00547034 0.20456570 0.03115981
v -0.00285691 0.20573920 0.03309929
v -0.00285465 0.20496240 0.03154450
v -0.00559372 0.20550109 0.03310739
v -0.00290966 0.20647340 0.03559362
v -0.00286943 0.20619030 0.03432428
v -0.00899905 0.18219760 0.00862199
v -0.00899893 0.16946889 -0.00410599
v -0.00899893 0.16982250 -0.00445950
v -0.00899899 0.18255121 0.00826847
v -0.00299883 0.17654040 0.00296521
v -0.00299883 0.17689399 0.00261170
v -0.00549889 0.17689399 0.00261164
v -0.00299883 0.17654040 0.00296521
v -0.00549889 0.17689399 0.00261164
v -0.00549894 0.17654040 0.00296521
v -0.00549894 0.17654040 0.00296521
v -0.00549889 0.17689399 0.00261164
v -0.00549889 0.17547970 0.00119740
v -0.00549889 0.17512611 0.00155091
v -0.00299883 0.17547970 0.00119740
v -0.00549889 0.17512611 0.00155091
v -0.00549889 0.17547970 0.00119740
v -0.00299883 0.17547970 0.00119740
v -0.00299883 0.17512611 0.00155097
v -0.00549889 0.17512611 0.00155091
v -0.01814448 0.12384130 -0.05112898
v -0.01814448 0.12521119 -0.05010414
v -0.01686710 0.12326940 -0.05067521
v -0.01814448 0.11986740 -0.05336672
v -0.01814448 0.12163090 -0.05251777
v -0.01713901 0.12032580 -0.05256551
v -0.01731050 0.11873900 -0.05329108
v -0.01740819 0.12544359 -0.04939460
v -0.01814448 0.12651721 -0.04899907
v -0.01655203 0.12591261 -0.04837101
v -0.01757401 0.12205330 -0.05191618
v -0.01773864 0.11874190 -0.05353564
v -0.01814448 0.11800470 -0.05396485
v -0.01746636 0.11709110 -0.05378395
v -0.01783430 0.11515030 -0.05440884
v -0.01788866 0.11101050 -0.05527853
v -0.01783025 0.10395740 -0.05654305
v -0.01814442 0.10398750 -0.05671226
v -0.01794660 0.10685950 -0.05609273
v -0.01800853 0.10269910 -0.05685663
v -0.01807588 0.09853088 -0.05757564
v -0.01814144 0.09475940 -0.05820620
v -0.01815426 0.09477192 -0.05821043
v -0.00749481 0.09236651 -0.06057894
v -0.00193697 0.09192085 -0.06103497
v -0.00195098 0.08943051 -0.05896842
v -0.00753438 0.08988267 -0.05851626
v -0.01295638 0.09083569 -0.05756324
v -0.01292312 0.09332013 -0.05961722
v -0.01822531 0.09226989 -0.05612903
v -0.01814144 0.09475940 -0.05820620
v -0.03894627 0.18395050 0.02706629
v -0.03945028 0.18319979 0.02631556
v -0.03990429 0.18346910 0.02658492
v -0.03922355 0.18414660 0.02726238
v -0.03862494 0.18379140 0.02690720
v -0.03893703 0.18299030 0.02610605
v -0.03945028 0.18319979 0.02631556
v -0.03862494 0.18379140 0.02690720
v -0.03945028 0.18319979 0.02631556
v -0.03894627 0.18395050 0.02706629
v -0.03944849 0.18437371 0.02748954
v -0.03922355 0.18414660 0.02726238
v -0.03990429 0.18346910 0.02658492
v -0.03826951 0.18367420 0.02679002
v -0.03838014 0.18284699 0.02596276
v -0.03893703 0.18299030 0.02610605
v -0.03826951 0.18367420 0.02679002
v -0.03893703 0.18299030 0.02610605
v -0.03862494 0.18379140 0.02690720
v -0.03961426 0.18462510 0.02774089
v -0.03789067 0.18360239 0.02671819
v -0.03779649 0.18277420 0.02589005
v -0.03838014 0.18284699 0.02596276
v -0.03789067 0.18360239 0.02671819
v -0.03838014 0.18284699 0.02596276
v -0.03826951 0.18367420 0.02679002
v -0.03971576 0.18489300 0.02800875
v -0.04337030 0.18592019 0.02903598
v -0.03971576 0.18489300 0.02800875
v -0.03961426 0.18462510 0.02774089
v -0.03990429 0.18346910 0.02658492
v -0.03749996 0.18357830 0.02669405
v -0.03720384 0.18277431 0.02589005
v -0.03779649 0.18277420 0.02589005
v -0.03749996 0.18357830 0.02669405
v -0.03779649 0.18277420 0.02589005
v -0.03789067 0.18360239 0.02671819
v -0.03974997 0.18516921 0.02828502
v -0.03971576 0.18489300 0.02800875
v -0.04337030 0.18592019 0.02903598
v -0.03710925 0.18360239 0.02671825
v -0.03662025 0.18284699 0.02596282
v -0.03720384 0.18277431 0.02589005
v -0.03710925 0.18360239 0.02671825
v -0.03720384 0.18277431 0.02589005
v -0.03749996 0.18357830 0.02669405
v -0.03971576 0.18544550 0.02856129
v -0.03974997 0.18516921 0.02828502
v -0.03673040 0.18367420 0.02679002
v -0.03606331 0.18299030 0.02610617
v -0.03662025 0.18284699 0.02596282
v -0.03673040 0.18367420 0.02679002
v -0.03662025 0.18284699 0.02596282
v -0.03710925 0.18360239 0.02671825
v -0.03961426 0.18571340 0.02882921
v -0.03971576 0.18544550 0.02856129
v -0.04337030 0.18592019 0.02903598
v -0.03637498 0.18379140 0.02690720
v -0.03555011 0.18319990 0.02631568
v -0.03606331 0.18299030 0.02610617
v -0.03637498 0.18379140 0.02690720
v -0.03606331 0.18299030 0.02610617
v -0.03673040 0.18367420 0.02679002
v -0.03944855 0.18596470 0.02908051
v -0.03961426 0.18571340 0.02882921
v -0.04337030 0.18592019 0.02903598
v -0.03605371 0.18395050 0.02706629
v -0.03555011 0.18319990 0.02631568
v -0.03637498 0.18379140 0.02690720
v -0.03922355 0.18619190 0.02930772
v -0.03944855 0.18596470 0.02908051
v -0.04337030 0.18592019 0.02903598
v -0.03509610 0.18346921 0.02658504
v -0.03555011 0.18319990 0.02631568
v -0.03605371 0.18395050 0.02706629
v -0.03577637 0.18414660 0.02726238
v -0.03509610 0.18346921 0.02658504
v -0.03605371 0.18395050 0.02706629
v -0.03894627 0.18638800 0.02950382
v -0.03922355 0.18619190 0.02930772
v -0.04337030 0.18592019 0.02903598
v -0.03471517 0.18379030 0.02690607
v -0.03509610 0.18346921 0.02658504
v -0.03577637 0.18414660 0.02726238
v -0.03555142 0.18437371 0.02748954
v -0.03441888 0.18415309 0.02726900
v -0.03471517 0.18379030 0.02690607
v -0.03555142 0.18437371 0.02748954
v -0.03441888 0.18415309 0.02726900
v -0.03555142 0.18437371 0.02748954
v -0.03538566 0.18462510 0.02774089
v -0.03421616 0.18454701 0.02766275
v -0.03441888 0.18415309 0.02726900
v -0.03538566 0.18462510 0.02774089
v -0.03528416 0.18489300 0.02800875
v -0.03411322 0.18495969 0.02807545
v -0.03421616 0.18454701 0.02766275
v -0.03528416 0.18489300 0.02800875
v -0.03411322 0.18495969 0.02807545
v -0.03528416 0.18489300 0.02800875
v -0.03524994 0.18516921 0.02828502
v -0.03411322 0.18537870 0.02849447
v -0.03411322 0.18537870 0.02849447
v -0.03524994 0.18516921 0.02828502
v -0.03528416 0.18544550 0.02856135
v -0.03421610 0.18579140 0.02890717
v -0.03411322 0.18537870 0.02849447
v -0.03528416 0.18544550 0.02856135
v -0.03421610 0.18579140 0.02890717
v -0.03528416 0.18544550 0.02856135
v -0.03538566 0.18571340 0.02882921
v -0.03441876 0.18618520 0.02930098
v -0.03538566 0.18571340 0.02882921
v -0.03555142 0.18596479 0.02908056
v -0.03441876 0.18618520 0.02930098
v -0.03471505 0.18654810 0.02966392
v -0.03555142 0.18596479 0.02908056
v -0.03577637 0.18619190 0.02930772
v -0.03471505 0.18654810 0.02966392
v -0.03441876 0.18618520 0.02930098
v -0.03555142 0.18596479 0.02908056
v -0.03509581 0.18686929 0.02998495
v -0.03577637 0.18619190 0.02930772
v -0.03605371 0.18638800 0.02950382
v -0.03509581 0.18686929 0.02998495
v -0.03605371 0.18638800 0.02950382
v -0.03637498 0.18654710 0.02966290
v -0.03509581 0.18686929 0.02998495
v -0.03471505 0.18654810 0.02966392
v -0.03577637 0.18619190 0.02930772
v -0.03509581 0.18686929 0.02998495
v -0.03637498 0.18654710 0.02966290
v -0.03673040 0.18666430 0.02978008
v -0.03710925 0.18673611 0.02985185
v -0.03986805 0.19024371 0.03335946
v -0.03986805 0.19024371 0.03335946
v -0.03749996 0.18676031 0.02987605
v -0.03789067 0.18673611 0.02985185
v -0.03986805 0.19024371 0.03335946
v -0.03789067 0.18673611 0.02985185
v -0.03826951 0.18666430 0.02978008
v -0.03986805 0.19024371 0.03335946
v -0.03826951 0.18666430 0.02978008
v -0.03862500 0.18654710 0.02966290
v -0.03862500 0.18654710 0.02966290
v -0.03894627 0.18638800 0.02950382
v -0.03710925 0.18673611 0.02985185
v -0.03749996 0.18676031 0.02987605
v -0.03986805 0.19024371 0.03335946
v -0.03509581 0.18686929 0.02998495
v -0.03710925 0.18673611 0.02985185
v -0.03894591 0.11889670 -0.03798753
v -0.03986871 0.11504030 -0.04184395
v -0.04337358 0.11936190 -0.03752225
v -0.03922325 0.11909280 -0.03779143
v -0.03944820 0.11931990 -0.03756427
v -0.03922325 0.11909280 -0.03779143
v -0.04337358 0.11936190 -0.03752225
v -0.03862464 0.11873760 -0.03814661
v -0.03986871 0.11504030 -0.04184395
v -0.03894591 0.11889670 -0.03798753
v -0.03826916 0.11862040 -0.03826379
v -0.03986871 0.11504030 -0.04184395
v -0.03862464 0.11873760 -0.03814661
v -0.03961396 0.11957130 -0.03731292
v -0.03944820 0.11931990 -0.03756427
v -0.03789037 0.11854860 -0.03833562
v -0.03986871 0.11504030 -0.04184395
v -0.03826916 0.11862040 -0.03826379
v -0.03971546 0.11983910 -0.03704506
v -0.03961396 0.11957130 -0.03731292
v -0.04337358 0.11936190 -0.03752225
v -0.03749966 0.11852440 -0.03835976
v -0.03986871 0.11504030 -0.04184395
v -0.03789037 0.11854860 -0.03833562
v -0.03974962 0.12011540 -0.03676879
v -0.03971546 0.11983910 -0.03704506
v -0.04337358 0.11936190 -0.03752225
v -0.03971546 0.12039170 -0.03649252
v -0.03974962 0.12011540 -0.03676879
v -0.04337358 0.11936190 -0.03752225
v -0.03710895 0.11854860 -0.03833562
v -0.03986871 0.11504030 -0.04184395
v -0.03749966 0.11852440 -0.03835976
v -0.03509581 0.11841580 -0.03846865
v -0.03710895 0.11854860 -0.03833562
v -0.03673011 0.11862040 -0.03826379
v -0.03509581 0.11841580 -0.03846865
v -0.03673011 0.11862040 -0.03826379
v -0.03637462 0.11873760 -0.03814661
v -0.03509581 0.11841580 -0.03846865
v -0.03637462 0.11873760 -0.03814661
v -0.03605335 0.11889670 -0.03798753
v -0.03509581 0.11841580 -0.03846865
v -0.03986871 0.11504030 -0.04184395
v -0.03710895 0.11854860 -0.03833562
v -0.03990381 0.12181550 -0.03506880
v -0.03922325 0.12113810 -0.03574609
v -0.03944820 0.12091090 -0.03597331
v -0.03990381 0.12181550 -0.03506880
v -0.03944820 0.12091090 -0.03597331
v -0.03961396 0.12065960 -0.03622460
v -0.03990381 0.12181550 -0.03506880
v -0.03961396 0.12065960 -0.03622460
v -0.03971546 0.12039170 -0.03649252
v -0.03990381 0.12181550 -0.03506880
v -0.03971546 0.12039170 -0.03649252
v -0.03577601 0.11909280 -0.03779143
v -0.03509581 0.11841580 -0.03846865
v -0.03605335 0.11889670 -0.03798753
v -0.03894591 0.12133420 -0.03554999
v -0.03922325 0.12113810 -0.03574609
v -0.03990381 0.12181550 -0.03506880
v -0.03471493 0.11873670 -0.03814750
v -0.03577601 0.11909280 -0.03779143
v -0.03555107 0.11931990 -0.03756427
v -0.03471493 0.11873670 -0.03814750
v -0.03509581 0.11841580 -0.03846865
v -0.03577601 0.11909280 -0.03779143
v -0.03945010 0.12208500 -0.03479921
v -0.03862464 0.12149330 -0.03539091
v -0.03894591 0.12133420 -0.03554999
v -0.03945010 0.12208500 -0.03479921
v -0.03894591 0.12133420 -0.03554999
v -0.03990381 0.12181550 -0.03506880
v -0.03441870 0.11909960 -0.03778457
v -0.03471493 0.11873670 -0.03814750
v -0.03555107 0.11931990 -0.03756427
v -0.03441870 0.11909960 -0.03778457
v -0.03555107 0.11931990 -0.03756427
v -0.03538531 0.11957130 -0.03731292
v -0.03893691 0.12229440 -0.03458976
v -0.03862464 0.12149330 -0.03539091
v -0.03945010 0.12208500 -0.03479921
v -0.03826922 0.12161050 -0.03527373
v -0.03421604 0.11949340 -0.03739082
v -0.03441870 0.11909960 -0.03778457
v -0.03538531 0.11957130 -0.03731292
v -0.03421604 0.11949340 -0.03739082
v -0.03538531 0.11957130 -0.03731292
v -0.03528380 0.11983910 -0.03704506
v -0.03838002 0.12243770 -0.03444647
v -0.03789037 0.12168220 -0.03520196
v -0.03826922 0.12161050 -0.03527373
v -0.03893691 0.12229440 -0.03458976
v -0.03411322 0.11990610 -0.03697812
v -0.03421604 0.11949340 -0.03739082
v -0.03528380 0.11983910 -0.03704506
v -0.03411322 0.11990610 -0.03697812
v -0.03528380 0.11983910 -0.03704506
v -0.03524965 0.12011540 -0.03676879
v -0.03779637 0.12251040 -0.03437376
v -0.03749966 0.12170640 -0.03517776
v -0.03789037 0.12168220 -0.03520196
v -0.03779637 0.12251040 -0.03437376
v -0.03838002 0.12243770 -0.03444647
v -0.03411328 0.12032510 -0.03655910
v -0.03411322 0.11990610 -0.03697812
v -0.03524965 0.12011540 -0.03676879
v -0.03411328 0.12032510 -0.03655910
v -0.03524965 0.12011540 -0.03676879
v -0.03528386 0.12039170 -0.03649252
v -0.03720378 0.12251040 -0.03437376
v -0.03749966 0.12170640 -0.03517776
v -0.03779637 0.12251040 -0.03437376
v -0.03720378 0.12251040 -0.03437376
v -0.03710895 0.12168220 -0.03520196
v -0.03749966 0.12170640 -0.03517776
v -0.03421622 0.12073780 -0.03614640
v -0.03528386 0.12039170 -0.03649252
v -0.03538537 0.12065960 -0.03622460
v -0.03421622 0.12073780 -0.03614640
v -0.03411328 0.12032510 -0.03655910
v -0.03528386 0.12039170 -0.03649252
v -0.03662019 0.12243770 -0.03444653
v -0.03673011 0.12161050 -0.03527373
v -0.03710895 0.12168220 -0.03520196
v -0.03441888 0.12113150 -0.03575265
v -0.03421622 0.12073780 -0.03614640
v -0.03538537 0.12065960 -0.03622460
v -0.03441888 0.12113150 -0.03575265
v -0.03538537 0.12065960 -0.03622460
v -0.03555107 0.12091100 -0.03597325
v -0.03606331 0.12229430 -0.03458988
v -0.03637462 0.12149330 -0.03539091
v -0.03673011 0.12161050 -0.03527373
v -0.03606331 0.12229430 -0.03458988
v -0.03673011 0.12161050 -0.03527373
v -0.03662019 0.12243770 -0.03444653
v -0.03471523 0.12149440 -0.03538978
v -0.03555107 0.12091100 -0.03597325
v -0.03577607 0.12113810 -0.03574609
v -0.03471523 0.12149440 -0.03538978
v -0.03441888 0.12113150 -0.03575265
v -0.03555107 0.12091100 -0.03597325
v -0.03555011 0.12208480 -0.03479939
v -0.03637462 0.12149330 -0.03539091
v -0.03606331 0.12229430 -0.03458988
v -0.03605335 0.12133420 -0.03554999
v -0.03509616 0.12181550 -0.03506875
v -0.03605335 0.12133420 -0.03554999
v -0.03555011 0.12208480 -0.03479939
v -0.03509616 0.12181550 -0.03506875
v -0.03577607 0.12113810 -0.03574609
v -0.03605335 0.12133420 -0.03554999
v -0.03509616 0.12181550 -0.03506875
v -0.03471523 0.12149440 -0.03538978
v -0.03577607 0.12113810 -0.03574609
v -0.04168969 0.12244460 -0.03822350
v -0.03990381 0.12181550 -0.03506880
v -0.04337358 0.11936190 -0.03752225
v -0.04168969 0.12244460 -0.03822350
v -0.04337358 0.11936190 -0.03752225
v -0.04377621 0.11904220 -0.03777194
v -0.04168969 0.12244460 -0.03822350
v -0.04377621 0.11904220 -0.03777194
v -0.04402047 0.11881280 -0.03788805
v -0.04168969 0.12244460 -0.03822350
v -0.04402047 0.11881280 -0.03788805
v -0.04425734 0.11856240 -0.03797250
v -0.03990387 0.12506780 -0.03832107
v -0.03990381 0.12181550 -0.03506880
v -0.04168969 0.12244460 -0.03822350
v -0.04476827 0.11790630 -0.03803914
v -0.04168969 0.12244460 -0.03822350
v -0.04461944 0.11811660 -0.03803896
v -0.04446274 0.11831990 -0.03802055
v -0.04425734 0.11856240 -0.03797250
v -0.03821659 0.11810970 -0.04257702
v -0.04093599 0.11401200 -0.04232507
v -0.04061108 0.11438760 -0.04224127
v -0.03821659 0.11810970 -0.04257702
v -0.04061108 0.11438760 -0.04224127
v -0.04026597 0.11472360 -0.04208916
v -0.04006820 0.11489020 -0.04197609
v -0.03821659 0.11810970 -0.04257702
v -0.04026597 0.11472360 -0.04208916
v -0.03986871 0.11504030 -0.04184395
v -0.03821659 0.11810970 -0.04257702
v -0.04006820 0.11489020 -0.04197609
v -0.03509581 0.11841580 -0.03846865
v -0.03509610 0.12275910 -0.04281234
v -0.03821659 0.11810970 -0.04257702
v -0.03509581 0.11841580 -0.03846865
v -0.03821659 0.11810970 -0.04257702
v -0.04123193 0.11360660 -0.04233831
v -0.04093599 0.11401200 -0.04232507
v -0.03821510 0.19097200 0.03029352
v -0.03986805 0.19024371 0.03335946
v -0.04022401 0.19046681 0.03363984
v -0.03821510 0.19097200 0.03029352
v -0.04022401 0.19046681 0.03363984
v -0.04057031 0.19062650 0.03396987
v -0.03821510 0.19097200 0.03029352
v -0.04057031 0.19062650 0.03396987
v -0.04089754 0.19071850 0.03434067
v -0.03509581 0.18686929 0.02998495
v -0.03986805 0.19024371 0.03335946
v -0.03821510 0.19097200 0.03029352
v -0.03509676 0.19120800 0.02564769
v -0.04122924 0.19073831 0.03478997
v -0.03821510 0.19097200 0.03029352
v -0.04106849 0.19073939 0.03456145
v -0.04089754 0.19071850 0.03434067
v -0.04168492 0.18661819 0.02595454
v -0.04445815 0.18641840 0.03007626
v -0.04412549 0.18632820 0.02969586
v -0.04168492 0.18661819 0.02595454
v -0.04412549 0.18632820 0.02969586
v -0.04388678 0.18622750 0.02945911
v -0.04168492 0.18661819 0.02595454
v -0.04388678 0.18622750 0.02945911
v -0.04363030 0.18608950 0.02923434
v -0.04337030 0.18592019 0.02903598
v -0.04168492 0.18661819 0.02595454
v -0.04363030 0.18608950 0.02923434
v -0.03990429 0.18346910 0.02658492
v -0.04109150 0.18665190 0.02508163
v -0.04168492 0.18661819 0.02595454
v -0.03990429 0.18346910 0.02658492
v -0.04049795 0.18668529 0.02420884
v -0.04109150 0.18665190 0.02508163
v -0.03990429 0.18346910 0.02658492
v -0.03990441 0.18671790 0.02333599
v -0.04049795 0.18668529 0.02420884
v -0.04337030 0.18592019 0.02903598
v -0.04168492 0.18661819 0.02595454
v -0.04476314 0.18643740 0.03048855
v -0.04445815 0.18641840 0.03007626
v -0.03986871 0.11504030 -0.04184395
v -0.04377621 0.11904220 -0.03777194
v -0.04337358 0.11936190 -0.03752225
v -0.04402047 0.11881280 -0.03788805
v -0.04425734 0.11856240 -0.03797250
v -0.04446274 0.11831990 -0.03802055
v -0.04461944 0.11811660 -0.03803896
v -0.04006820 0.11489020 -0.04197609
v -0.04476827 0.11790630 -0.03803914
v -0.04026597 0.11472360 -0.04208916
v -0.04061108 0.11438760 -0.04224127
v -0.04093599 0.11401200 -0.04232507
v -0.04123193 0.11360660 -0.04233831
v -0.04106849 0.19073939 0.03456145
v -0.04476314 0.18643740 0.03048855
v -0.04122924 0.19073831 0.03478997
v -0.04089754 0.19071850 0.03434067
v -0.04057031 0.19062650 0.03396987
v -0.04022401 0.19046681 0.03363984
v -0.03986805 0.19024371 0.03335946
v -0.04445815 0.18641840 0.03007626
v -0.04412549 0.18632820 0.02969586
v -0.04388678 0.18622750 0.02945911
v -0.04363030 0.18608950 0.02923434
v -0.04337030 0.18592019 0.02903598
v 0.03985375 0.11505130 -0.04183292
v 0.03509581 0.12274510 -0.04279810
v 0.03509581 0.11841560 -0.03846859
v 0.04020965 0.11477100 -0.04205596
v 0.03509581 0.12274510 -0.04279810
v 0.03985375 0.11505130 -0.04183292
v 0.03509581 0.12274510 -0.04279810
v 0.04105371 0.11384980 -0.04232853
v 0.04121446 0.11362140 -0.04232746
v 0.04088288 0.11407050 -0.04230761
v 0.03509581 0.12274510 -0.04279810
v 0.04055577 0.11444120 -0.04221558
v 0.04088288 0.11407050 -0.04230761
v 0.03509581 0.12274510 -0.04279810
v 0.04020965 0.11477100 -0.04205596
v 0.04055577 0.11444120 -0.04221558
v 0.04335951 0.11937230 -0.03751188
v 0.03990411 0.12181560 -0.03506857
v 0.03990411 0.12505759 -0.03831058
v 0.04361951 0.11917390 -0.03768122
v 0.04335951 0.11937230 -0.03751188
v 0.03990411 0.12505759 -0.03831058
v 0.04387599 0.11894910 -0.03781914
v 0.04361951 0.11917390 -0.03768122
v 0.03990411 0.12505759 -0.03831058
v 0.04475235 0.11791960 -0.03802895
v 0.04444736 0.11833190 -0.03801000
v 0.03990411 0.12505759 -0.03831058
v 0.04444736 0.11833190 -0.03801000
v 0.04411470 0.11871240 -0.03791987
v 0.03990411 0.12505759 -0.03831058
v 0.04411470 0.11871240 -0.03791987
v 0.04387599 0.11894910 -0.03781914
v 0.03990411 0.12505759 -0.03831058
v 0.03805041 0.12436740 -0.03627574
v 0.03640997 0.12239290 -0.03449130
v 0.03640997 0.12762110 -0.03971958
v 0.03990411 0.12181560 -0.03506857
v 0.03947132 0.12207390 -0.03481030
v 0.03898400 0.12227800 -0.03460615
v 0.03845608 0.12242260 -0.03446155
v 0.03790163 0.12250270 -0.03438150
v 0.03733569 0.12251630 -0.03436785
v 0.03686672 0.12247740 -0.03440684
v 0.03990411 0.12505759 -0.03831058
v 0.03699302 0.12746041 -0.03935974
v 0.03756976 0.12720230 -0.03904914
v 0.03813010 0.12686139 -0.03878945
v 0.03866523 0.12644690 -0.03858339
v 0.03916662 0.12596940 -0.03843277
v 0.03955262 0.12553009 -0.03835082
v 0.03640997 0.12239290 -0.03449130
v 0.03610956 0.12765980 -0.03992486
v 0.03640997 0.12762110 -0.03971958
v 0.03590267 0.12223790 -0.03464627
v 0.03581464 0.12766430 -0.04014122
v 0.03543758 0.12202690 -0.03485727
v 0.03528231 0.12756871 -0.04057693
v 0.03551602 0.12762940 -0.04037749
v 0.03502690 0.12176540 -0.03511875
v 0.03477287 0.12729220 -0.04107362
v 0.03506243 0.12747809 -0.04077899
v 0.03468161 0.12146040 -0.03542381
v 0.03452688 0.12704261 -0.04136288
v 0.03441077 0.12111980 -0.03576439
v 0.03433364 0.12673590 -0.04163724
v 0.03422152 0.12075260 -0.03613156
v 0.03419804 0.12638210 -0.04188871
v 0.03411889 0.12036870 -0.03651547
v 0.03410553 0.12543391 -0.04236197
v 0.03411602 0.12594800 -0.04213464
v 0.03410553 0.11997810 -0.03690612
v 0.03439730 0.12129710 -0.03991657
v 0.03509581 0.12274510 -0.04279810
v 0.03410553 0.11997810 -0.03690612
v 0.03417950 0.11959920 -0.03728497
v 0.03433722 0.11923340 -0.03765082
v 0.03451150 0.11896920 -0.03791505
v 0.03472608 0.11872550 -0.03815865
v 0.03490167 0.11856510 -0.03831911
v 0.03410553 0.12543391 -0.04236197
v 0.03467649 0.12346060 -0.04279202
v 0.03447240 0.12390700 -0.04274803
v 0.03430956 0.12435810 -0.04267305
v 0.03419882 0.12477290 -0.04257619
v 0.03413760 0.12511081 -0.04247647
v 0.03577667 0.12113830 -0.03574591
v 0.03468161 0.12146040 -0.03542381
v 0.03502690 0.12176540 -0.03511875
v 0.03605401 0.12133440 -0.03554981
v 0.03502690 0.12176540 -0.03511875
v 0.03543758 0.12202690 -0.03485727
v 0.03605401 0.12133440 -0.03554981
v 0.03577667 0.12113830 -0.03574591
v 0.03502690 0.12176540 -0.03511875
v 0.03555172 0.12091110 -0.03597307
v 0.03441077 0.12111980 -0.03576439
v 0.03468161 0.12146040 -0.03542381
v 0.03555172 0.12091110 -0.03597307
v 0.03468161 0.12146040 -0.03542381
v 0.03577667 0.12113830 -0.03574591
v 0.03637528 0.12149350 -0.03539073
v 0.03543758 0.12202690 -0.03485727
v 0.03590267 0.12223790 -0.03464627
v 0.03637528 0.12149350 -0.03539073
v 0.03605401 0.12133440 -0.03554981
v 0.03543758 0.12202690 -0.03485727
v 0.03538596 0.12065980 -0.03622442
v 0.03422152 0.12075260 -0.03613156
v 0.03441077 0.12111980 -0.03576439
v 0.03538596 0.12065980 -0.03622442
v 0.03441077 0.12111980 -0.03576439
v 0.03555172 0.12091110 -0.03597307
v 0.03673076 0.12161070 -0.03527355
v 0.03590267 0.12223790 -0.03464627
v 0.03640997 0.12239290 -0.03449130
v 0.03673076 0.12161070 -0.03527355
v 0.03637528 0.12149350 -0.03539073
v 0.03590267 0.12223790 -0.03464627
v 0.03528445 0.12039190 -0.03649234
v 0.03411889 0.12036870 -0.03651547
v 0.03422152 0.12075260 -0.03613156
v 0.03528445 0.12039190 -0.03649234
v 0.03422152 0.12075260 -0.03613156
v 0.03538596 0.12065980 -0.03622442
v 0.03710961 0.12168240 -0.03520178
v 0.03686672 0.12247740 -0.03440684
v 0.03733569 0.12251630 -0.03436785
v 0.03710961 0.12168240 -0.03520178
v 0.03640997 0.12239290 -0.03449130
v 0.03686672 0.12247740 -0.03440684
v 0.03710961 0.12168240 -0.03520178
v 0.03673076 0.12161070 -0.03527355
v 0.03640997 0.12239290 -0.03449130
v 0.03525030 0.12011560 -0.03676861
v 0.03410553 0.11997810 -0.03690612
v 0.03411889 0.12036870 -0.03651547
v 0.03528445 0.12039190 -0.03649234
v 0.03750032 0.12170660 -0.03517758
v 0.03733569 0.12251630 -0.03436785
v 0.03790163 0.12250270 -0.03438150
v 0.03750032 0.12170660 -0.03517758
v 0.03710961 0.12168240 -0.03520178
v 0.03733569 0.12251630 -0.03436785
v 0.03528445 0.11983930 -0.03704488
v 0.03410553 0.11997810 -0.03690612
v 0.03525030 0.12011560 -0.03676861
v 0.03528445 0.11983930 -0.03704488
v 0.03417950 0.11959920 -0.03728497
v 0.03410553 0.11997810 -0.03690612
v 0.03789103 0.12168240 -0.03520178
v 0.03790163 0.12250270 -0.03438150
v 0.03845608 0.12242260 -0.03446155
v 0.03789103 0.12168240 -0.03520178
v 0.03750032 0.12170660 -0.03517758
v 0.03790163 0.12250270 -0.03438150
v 0.03538596 0.11957150 -0.03731274
v 0.03417950 0.11959920 -0.03728497
v 0.03528445 0.11983930 -0.03704488
v 0.03538596 0.11957150 -0.03731274
v 0.03433722 0.11923340 -0.03765082
v 0.03417950 0.11959920 -0.03728497
v 0.03826981 0.12161070 -0.03527355
v 0.03845608 0.12242260 -0.03446155
v 0.03898400 0.12227800 -0.03460615
v 0.03826981 0.12161070 -0.03527355
v 0.03789103 0.12168240 -0.03520178
v 0.03845608 0.12242260 -0.03446155
v 0.03555172 0.11932010 -0.03756409
v 0.03451150 0.11896920 -0.03791505
v 0.03433722 0.11923340 -0.03765082
v 0.03555172 0.11932010 -0.03756409
v 0.03433722 0.11923340 -0.03765082
v 0.03538596 0.11957150 -0.03731274
v 0.03862529 0.12149350 -0.03539073
v 0.03826981 0.12161070 -0.03527355
v 0.03898400 0.12227800 -0.03460615
v 0.03472608 0.11872550 -0.03815865
v 0.03451150 0.11896920 -0.03791505
v 0.03555172 0.11932010 -0.03756409
v 0.03947132 0.12207390 -0.03481030
v 0.03862529 0.12149350 -0.03539073
v 0.03898400 0.12227800 -0.03460615
v 0.03577673 0.11909300 -0.03779125
v 0.03490167 0.11856510 -0.03831911
v 0.03472608 0.11872550 -0.03815865
v 0.03577673 0.11909300 -0.03779125
v 0.03472608 0.11872550 -0.03815865
v 0.03555172 0.11932010 -0.03756409
v 0.03894656 0.12133440 -0.03554981
v 0.03862529 0.12149350 -0.03539073
v 0.03947132 0.12207390 -0.03481030
v 0.03509581 0.11841560 -0.03846859
v 0.03490167 0.11856510 -0.03831911
v 0.03577673 0.11909300 -0.03779125
v 0.03990411 0.12181560 -0.03506857
v 0.03894656 0.12133440 -0.03554981
v 0.03947132 0.12207390 -0.03481030
v 0.03605401 0.11889690 -0.03798735
v 0.03509581 0.11841560 -0.03846859
v 0.03577673 0.11909300 -0.03779125
v 0.03922390 0.12113830 -0.03574591
v 0.03894656 0.12133440 -0.03554981
v 0.03990411 0.12181560 -0.03506857
v 0.03637528 0.11873780 -0.03814643
v 0.03509581 0.11841560 -0.03846859
v 0.03605401 0.11889690 -0.03798735
v 0.03944885 0.12091110 -0.03597307
v 0.03922390 0.12113830 -0.03574591
v 0.03990411 0.12181560 -0.03506857
v 0.03673076 0.11862060 -0.03826361
v 0.03509581 0.11841560 -0.03846859
v 0.03637528 0.11873780 -0.03814643
v 0.03961461 0.12065980 -0.03622442
v 0.03944885 0.12091110 -0.03597307
v 0.03990411 0.12181560 -0.03506857
v 0.03710961 0.11854880 -0.03833538
v 0.03509581 0.11841560 -0.03846859
v 0.03673076 0.11862060 -0.03826361
v 0.03971612 0.12039190 -0.03649228
v 0.03961461 0.12065980 -0.03622442
v 0.03990411 0.12181560 -0.03506857
v 0.04335951 0.11937230 -0.03751188
v 0.03894656 0.11889690 -0.03798735
v 0.03922390 0.11909300 -0.03779125
v 0.04335951 0.11937230 -0.03751188
v 0.03922390 0.11909300 -0.03779125
v 0.03944885 0.11932010 -0.03756409
v 0.04335951 0.11937230 -0.03751188
v 0.03944885 0.11932010 -0.03756409
v 0.03961461 0.11957150 -0.03731274
v 0.04335951 0.11937230 -0.03751188
v 0.03961461 0.11957150 -0.03731274
v 0.03971612 0.11983930 -0.03704488
v 0.04335951 0.11937230 -0.03751188
v 0.03971612 0.11983930 -0.03704488
v 0.03975027 0.12011560 -0.03676855
v 0.04335951 0.11937230 -0.03751188
v 0.03975027 0.12011560 -0.03676855
v 0.03971612 0.12039190 -0.03649228
v 0.04335951 0.11937230 -0.03751188
v 0.03971612 0.12039190 -0.03649228
v 0.03990411 0.12181560 -0.03506857
v 0.03985375 0.11505130 -0.04183292
v 0.03710961 0.11854880 -0.03833538
v 0.03750032 0.11852460 -0.03835958
v 0.03985375 0.11505130 -0.04183292
v 0.03750032 0.11852460 -0.03835958
v 0.03789103 0.11854880 -0.03833538
v 0.03985375 0.11505130 -0.04183292
v 0.03789103 0.11854880 -0.03833538
v 0.03826987 0.11862060 -0.03826361
v 0.03985375 0.11505130 -0.04183292
v 0.03826987 0.11862060 -0.03826361
v 0.03862529 0.11873780 -0.03814643
v 0.03985375 0.11505130 -0.04183292
v 0.03862529 0.11873780 -0.03814643
v 0.03894656 0.11889690 -0.03798735
v 0.03509581 0.11841560 -0.03846859
v 0.03710961 0.11854880 -0.03833538
v 0.03894656 0.11889690 -0.03798735
v 0.04105371 0.11384980 -0.04232853
v 0.04475235 0.11791960 -0.03802895
v 0.04121446 0.11362140 -0.04232746
v 0.04088288 0.11407050 -0.04230761
v 0.04055577 0.11444120 -0.04221558
v 0.04020965 0.11477100 -0.04205596
v 0.03985375 0.11505130 -0.04183292
v 0.04444736 0.11833190 -0.03801000
v 0.04411470 0.11871240 -0.03791987
v 0.04387599 0.11894910 -0.03781914
v 0.04361951 0.11917390 -0.03768122
v 0.04335951 0.11937230 -0.03751188
v 0.04337388 0.18592291 0.02903872
v 0.03990411 0.18672620 0.02332854
v 0.03990411 0.18346940 0.02658522
v 0.04377824 0.18617360 0.02935993
v 0.03990411 0.18672620 0.02332854
v 0.04337388 0.18592291 0.02903872
v 0.04476648 0.18644020 0.03049093
v 0.03990411 0.18672620 0.02332854
v 0.04460370 0.18643869 0.03026223
v 0.04443079 0.18641549 0.03004086
v 0.04443079 0.18641549 0.03004086
v 0.03990411 0.18672620 0.02332854
v 0.04413080 0.18633160 0.02970051
v 0.04413080 0.18633160 0.02970051
v 0.03990411 0.18672620 0.02332854
v 0.04377824 0.18617360 0.02935993
v 0.03471487 0.18654840 0.02966421
v 0.03467541 0.19120251 0.02492880
v 0.03509581 0.19120941 0.02564519
v 0.03509581 0.18686950 0.02998524
v 0.03441852 0.18618549 0.02930128
v 0.03438103 0.19112210 0.02424681
v 0.03421580 0.18579170 0.02890747
v 0.03419780 0.19098440 0.02361547
v 0.03411293 0.18537900 0.02849477
v 0.03411155 0.19080409 0.02304720
v 0.03411293 0.18495990 0.02807569
v 0.03410708 0.19059411 0.02254897
v 0.03416448 0.19037861 0.02214366
v 0.03421580 0.18454720 0.02766299
v 0.03426420 0.19016419 0.02181410
v 0.03441852 0.18415339 0.02726918
v 0.03441047 0.18992940 0.02151775
v 0.03460139 0.18967900 0.02126240
v 0.03471487 0.18379050 0.02690625
v 0.03483253 0.18941879 0.02105426
v 0.03509581 0.18346940 0.02658522
v 0.03509682 0.18915591 0.02089726
v 0.03538858 0.18889460 0.02079117
v 0.03554981 0.18320011 0.02631586
v 0.03569948 0.18864080 0.02073508
v 0.03606307 0.18299051 0.02610629
v 0.03602403 0.18839720 0.02072572
v 0.03635776 0.18816601 0.02075976
v 0.03662002 0.18284720 0.02596300
v 0.03669577 0.18794940 0.02083337
v 0.03714722 0.18768510 0.02098721
v 0.03720366 0.18277439 0.02589023
v 0.03753650 0.18747900 0.02116757
v 0.03779631 0.18277439 0.02589023
v 0.03802722 0.18724790 0.02145653
v 0.03837996 0.18284720 0.02596300
v 0.03855723 0.18703599 0.02184873
v 0.03893691 0.18299051 0.02610635
v 0.03896141 0.18690351 0.02220964
v 0.03942930 0.18678820 0.02270728
v 0.03945016 0.18320011 0.02631586
v 0.03967493 0.18674770 0.02301108
v 0.03990411 0.18346940 0.02658522
v 0.03990411 0.18672620 0.02332854
v 0.03986918 0.19024470 0.03336054
v 0.03509581 0.18686950 0.02998524
v 0.03509581 0.19120941 0.02564519
v 0.04006856 0.19037680 0.03351044
v 0.03986918 0.19024470 0.03336054
v 0.03509581 0.19120941 0.02564519
v 0.04026621 0.19048980 0.03367698
v 0.04006856 0.19037680 0.03351044
v 0.03509581 0.19120941 0.02564519
v 0.03509581 0.19120941 0.02564519
v 0.04123157 0.19073920 0.03479290
v 0.04093581 0.19072580 0.03438794
v 0.03509581 0.19120941 0.02564519
v 0.04093581 0.19072580 0.03438794
v 0.04061108 0.19064189 0.03401261
v 0.03509581 0.19120941 0.02564519
v 0.04061108 0.19064189 0.03401261
v 0.04026621 0.19048980 0.03367698
v 0.03605371 0.18395071 0.02706646
v 0.03554981 0.18320011 0.02631586
v 0.03509581 0.18346940 0.02658522
v 0.03577637 0.18414681 0.02726256
v 0.03509581 0.18346940 0.02658522
v 0.03471487 0.18379050 0.02690625
v 0.03577637 0.18414681 0.02726256
v 0.03605371 0.18395071 0.02706646
v 0.03509581 0.18346940 0.02658522
v 0.03637498 0.18379159 0.02690738
v 0.03606307 0.18299051 0.02610629
v 0.03554981 0.18320011 0.02631586
v 0.03637498 0.18379159 0.02690738
v 0.03554981 0.18320011 0.02631586
v 0.03605371 0.18395071 0.02706646
v 0.03555142 0.18437390 0.02748972
v 0.03471487 0.18379050 0.02690625
v 0.03441852 0.18415339 0.02726918
v 0.03555142 0.18437390 0.02748972
v 0.03577637 0.18414681 0.02726256
v 0.03471487 0.18379050 0.02690625
v 0.03673040 0.18367440 0.02679020
v 0.03662002 0.18284720 0.02596300
v 0.03606307 0.18299051 0.02610629
v 0.03673040 0.18367440 0.02679020
v 0.03606307 0.18299051 0.02610629
v 0.03637498 0.18379159 0.02690738
v 0.03538566 0.18462530 0.02774107
v 0.03441852 0.18415339 0.02726918
v 0.03421580 0.18454720 0.02766299
v 0.03538566 0.18462530 0.02774107
v 0.03555142 0.18437390 0.02748972
v 0.03441852 0.18415339 0.02726918
v 0.03710925 0.18360260 0.02671843
v 0.03720366 0.18277439 0.02589023
v 0.03662002 0.18284720 0.02596300
v 0.03710925 0.18360260 0.02671843
v 0.03662002 0.18284720 0.02596300
v 0.03673040 0.18367440 0.02679020
v 0.03528416 0.18489310 0.02800893
v 0.03421580 0.18454720 0.02766299
v 0.03411293 0.18495990 0.02807569
v 0.03528416 0.18489310 0.02800893
v 0.03538566 0.18462530 0.02774107
v 0.03421580 0.18454720 0.02766299
v 0.03749996 0.18357840 0.02669423
v 0.03779631 0.18277439 0.02589023
v 0.03720366 0.18277439 0.02589023
v 0.03749996 0.18357840 0.02669423
v 0.03720366 0.18277439 0.02589023
v 0.03710925 0.18360260 0.02671843
v 0.03524994 0.18516940 0.02828520
v 0.03411293 0.18495990 0.02807569
v 0.03411293 0.18537900 0.02849477
v 0.03524994 0.18516940 0.02828520
v 0.03528416 0.18489310 0.02800893
v 0.03411293 0.18495990 0.02807569
v 0.03789067 0.18360260 0.02671843
v 0.03837996 0.18284720 0.02596300
v 0.03779631 0.18277439 0.02589023
v 0.03789067 0.18360260 0.02671843
v 0.03779631 0.18277439 0.02589023
v 0.03528416 0.18544570 0.02856153
v 0.03524994 0.18516940 0.02828520
v 0.03411293 0.18537900 0.02849477
v 0.03528416 0.18544570 0.02856153
v 0.03421580 0.18579170 0.02890747
v 0.03826951 0.18367440 0.02679020
v 0.03837996 0.18284720 0.02596300
v 0.03826951 0.18367440 0.02679020
v 0.03893691 0.18299051 0.02610635
v 0.03837996 0.18284720 0.02596300
v 0.03538566 0.18571360 0.02882939
v 0.03421580 0.18579170 0.02890747
v 0.03441852 0.18618549 0.02930128
v 0.03538566 0.18571360 0.02882939
v 0.03528416 0.18544570 0.02856153
v 0.03421580 0.18579170 0.02890747
v 0.03862500 0.18379159 0.02690738
v 0.03945016 0.18320011 0.02631586
v 0.03893691 0.18299051 0.02610635
v 0.03862500 0.18379159 0.02690738
v 0.03893691 0.18299051 0.02610635
v 0.03826951 0.18367440 0.02679020
v 0.03555142 0.18596500 0.02908074
v 0.03538566 0.18571360 0.02882939
v 0.03441852 0.18618549 0.02930128
v 0.03555142 0.18596500 0.02908074
v 0.03441852 0.18618549 0.02930128
v 0.03471487 0.18654840 0.02966421
v 0.03894627 0.18395071 0.02706646
v 0.03945016 0.18320011 0.02631586
v 0.03862500 0.18379159 0.02690738
v 0.03577637 0.18619210 0.02930790
v 0.03555142 0.18596500 0.02908074
v 0.03471487 0.18654840 0.02966421
v 0.03509581 0.18686950 0.02998524
v 0.03577637 0.18619210 0.02930790
v 0.03471487 0.18654840 0.02966421
v 0.03990411 0.18346940 0.02658522
v 0.03945016 0.18320011 0.02631586
v 0.03894627 0.18395071 0.02706646
v 0.03922355 0.18414681 0.02726256
v 0.03990411 0.18346940 0.02658522
v 0.03894627 0.18395071 0.02706646
v 0.03605371 0.18638819 0.02950400
v 0.03577637 0.18619210 0.02930790
v 0.03509581 0.18686950 0.02998524
v 0.03944855 0.18437390 0.02748972
v 0.03990411 0.18346940 0.02658522
v 0.03922355 0.18414681 0.02726256
v 0.03637498 0.18654729 0.02966308
v 0.03605371 0.18638819 0.02950400
v 0.03509581 0.18686950 0.02998524
v 0.03961426 0.18462530 0.02774107
v 0.03990411 0.18346940 0.02658522
v 0.03944855 0.18437390 0.02748972
v 0.03673040 0.18666451 0.02978026
v 0.03637498 0.18654729 0.02966308
v 0.03509581 0.18686950 0.02998524
v 0.03971576 0.18489310 0.02800899
v 0.03990411 0.18346940 0.02658522
v 0.03961426 0.18462530 0.02774107
v 0.03710925 0.18673620 0.02985203
v 0.03673040 0.18666451 0.02978026
v 0.03509581 0.18686950 0.02998524
v 0.04337388 0.18592291 0.02903872
v 0.03971576 0.18489310 0.02800899
v 0.03974997 0.18516940 0.02828526
v 0.04337388 0.18592291 0.02903872
v 0.03990411 0.18346940 0.02658522
v 0.03971576 0.18489310 0.02800899
v 0.04337388 0.18592291 0.02903872
v 0.03974997 0.18516940 0.02828526
v 0.03971576 0.18544570 0.02856153
v 0.04337388 0.18592291 0.02903872
v 0.03971576 0.18544570 0.02856153
v 0.03961426 0.18571360 0.02882939
v 0.04337388 0.18592291 0.02903872
v 0.03961426 0.18571360 0.02882939
v 0.03944849 0.18596500 0.02908074
v 0.03944849 0.18596500 0.02908074
v 0.03922355 0.18619210 0.02930790
v 0.04337388 0.18592291 0.02903872
v 0.03922355 0.18619210 0.02930790
v 0.03894627 0.18638819 0.02950400
v 0.03986918 0.19024470 0.03336054
v 0.03749996 0.18676040 0.02987623
v 0.03710925 0.18673620 0.02985203
v 0.03986918 0.19024470 0.03336054
v 0.03710925 0.18673620 0.02985203
v 0.03986918 0.19024470 0.03336054
v 0.03894627 0.18638819 0.02950400
v 0.03862494 0.18654729 0.02966308
v 0.03986918 0.19024470 0.03336054
v 0.03862494 0.18654729 0.02966308
v 0.03826951 0.18666451 0.02978026
v 0.03986918 0.19024470 0.03336054
v 0.03826951 0.18666451 0.02978026
v 0.03789067 0.18673620 0.02985203
v 0.03986918 0.19024470 0.03336054
v 0.03789067 0.18673620 0.02985203
v 0.03749996 0.18676040 0.02987623
v 0.03986918 0.19024470 0.03336054
v 0.04377824 0.18617360 0.02935993
v 0.04337388 0.18592291 0.02903872
v 0.04413080 0.18633160 0.02970051
v 0.04443079 0.18641549 0.03004086
v 0.04460370 0.18643869 0.03026223
v 0.04006856 0.19037680 0.03351044
v 0.04476648 0.18644020 0.03049093
v 0.04026621 0.19048980 0.03367698
v 0.04476928 0.18644001 0.03049504
v 0.04061108 0.19064189 0.03401261
v 0.04093581 0.19072580 0.03438794
v 0.04123157 0.19073920 0.03479290
f 1 2 3
f 4 5 6
f 7 8 9
f 10 5 4
f 11 12 5
f 13 14 15
f 11 16 17
f 18 19 20
f 21 22 23
f 24 25 26
f 24 26 27
f 28 25 24
f 29 25 28
f 29 30 25
f 31 32 30
f 31 30 29
f 33 32 31
f 33 34 32
f 35 36 33
f 35 37 36
f 38 37 35
f 39 40 41
f 39 42 40
f 43 42 39
f 43 44 42
f 45 44 43
f 45 46 44
f 47 48 49
f 50 46 45
f 50 51 52
f 50 52 46
f 53 54 55
f 56 51 50
f 57 58 59
f 60 61 53
f 62 51 56
f 62 63 51
f 64 65 66
f 67 68 69
f 70 65 64
f 71 72 73
f 74 75 76
f 77 78 79
f 77 79 80
f 77 81 78
f 82 83 84
f 82 84 68
f 82 68 67
f 85 77 86
f 85 86 87
f 88 83 82
f 88 87 83
f 88 85 87
f 89 90 91
f 92 89 91
f 93 94 95
f 96 93 97
f 96 97 98
f 96 98 99
f 96 94 93
f 100 99 101
f 100 101 102
f 100 102 103
f 100 96 99
f 104 103 105
f 104 105 106
f 104 106 107
f 104 107 108
f 104 108 109
f 104 109 110
f 104 100 103
f 111 112 113
f 114 104 110
f 114 111 113
f 114 110 115
f 114 115 111
f 116 117 118
f 119 91 117
f 120 118 121
f 120 116 118
f 122 123 124
f 122 121 123
f 122 120 121
f 125 126 92
f 125 91 119
f 125 119 117
f 125 117 116
f 125 92 91
f 127 125 116
f 127 112 126
f 127 116 120
f 127 120 122
f 127 126 125
f 128 94 91
f 128 90 129
f 128 129 130
f 128 130 131
f 128 131 132
f 128 132 133
f 128 133 134
f 128 134 135
f 128 135 95
f 128 91 90
f 128 95 94
f 136 137 113
f 136 124 137
f 136 113 112
f 136 112 127
f 136 127 122
f 136 122 124
f 138 139 140
f 141 140 142
f 141 138 140
f 143 139 138
f 144 145 146
f 144 147 145
f 144 148 147
f 144 149 148
f 144 143 149
f 144 139 143
f 150 144 146
f 151 144 150
f 152 153 154
f 152 155 153
f 152 156 155
f 157 158 159
f 157 142 158
f 157 160 141
f 157 141 142
f 161 156 152
f 161 152 144
f 161 162 156
f 161 163 162
f 161 164 163
f 161 165 164
f 161 166 165
f 161 167 166
f 161 168 167
f 161 151 168
f 161 144 151
f 169 160 157
f 169 170 160
f 169 171 170
f 169 172 171
f 173 174 175
f 173 159 174
f 173 157 159
f 176 152 154
f 176 177 152
f 176 178 172
f 176 179 178
f 176 154 179
f 176 172 169
f 180 173 175
f 180 157 173
f 180 169 157
f 180 176 169
f 181 182 183
f 181 183 177
f 181 177 176
f 181 176 180
f 181 180 182
f 184 175 185
f 184 185 182
f 184 180 175
f 184 182 180
f 186 187 188
f 189 186 188
f 190 187 186
f 191 189 188
f 192 187 190
f 193 191 188
f 194 187 192
f 195 196 197
f 198 199 200
f 201 195 197
f 202 198 200
f 202 203 204
f 202 205 203
f 202 200 205
f 202 206 198
f 202 207 206
f 202 208 207
f 202 209 208
f 202 210 209
f 202 211 210
f 212 211 202
f 212 213 214
f 212 214 215
f 212 215 211
f 216 217 218
f 216 219 217
f 220 221 219
f 220 219 216
f 222 223 221
f 222 221 220
f 224 218 187
f 224 216 218
f 225 220 216
f 225 224 187
f 225 216 224
f 225 194 226
f 225 226 227
f 225 227 196
f 225 187 194
f 225 196 195
f 228 229 223
f 228 195 229
f 228 222 220
f 228 223 222
f 228 225 195
f 228 220 225
f 230 188 200
f 230 199 231
f 230 231 232
f 230 232 233
f 230 233 234
f 230 234 235
f 230 235 236
f 230 236 193
f 230 193 188
f 230 200 199
f 237 238 239
f 237 240 238
f 241 242 240
f 241 240 237
f 243 242 241
f 244 245 242
f 244 242 243
f 246 247 245
f 246 245 244
f 248 247 246
f 249 250 247
f 249 247 248
f 251 252 250
f 251 250 249
f 253 252 251
f 254 255 252
f 254 252 253
f 256 255 254
f 257 258 255
f 257 255 256
f 259 260 258
f 259 258 257
f 261 260 259
f 262 263 260
f 262 260 261
f 264 263 262
f 264 265 263
f 266 265 264
f 266 267 265
f 268 267 266
f 268 269 267
f 270 271 269
f 270 269 268
f 272 273 271
f 272 271 270
f 274 275 273
f 274 273 272
f 276 277 275
f 276 275 274
f 278 279 277
f 278 277 276
f 280 279 278
f 281 282 283
f 284 285 282
f 284 282 281
f 286 287 285
f 286 285 284
f 288 289 287
f 288 287 286
f 290 291 289
f 290 289 288
f 292 293 291
f 292 291 290
f 294 293 292
f 295 296 293
f 295 293 294
f 297 298 296
f 297 296 295
f 299 298 297
f 300 301 298
f 300 298 299
f 302 301 300
f 303 304 301
f 303 301 302
f 305 304 303
f 306 304 305
f 306 307 304
f 308 307 306
f 309 310 307
f 309 307 308
f 311 310 309
f 312 310 311
f 312 313 310
f 314 313 312
f 315 313 314
f 315 316 313
f 317 316 315
f 317 318 316
f 319 318 317
f 320 318 319
f 320 321 318
f 322 321 320
f 322 323 321
f 324 323 322
f 325 326 323
f 325 323 324
f 327 326 325
f 328 329 330
f 328 331 329
f 332 330 333
f 332 328 330
f 334 333 335
f 334 332 333
f 336 335 337
f 338 334 335
f 338 335 336
f 339 340 341
f 342 336 339
f 342 338 336
f 343 342 339
f 343 339 341
f 344 345 346
f 347 346 345
f 348 345 344
f 349 350 351
f 349 351 352
f 349 352 345
f 349 345 348
f 353 354 350
f 353 350 349
f 355 354 353
f 356 354 355
f 357 358 359
f 360 357 359
f 361 360 359
f 362 361 359
f 363 354 356
f 364 365 347
f 364 366 365
f 364 367 366
f 364 368 367
f 364 369 368
f 364 370 369
f 364 371 370
f 364 372 371
f 364 358 372
f 364 345 359
f 364 347 345
f 364 359 358
f 373 362 359
f 373 374 362
f 373 359 375
f 376 377 374
f 376 373 375
f 376 378 377
f 376 379 378
f 376 380 379
f 376 381 380
f 376 382 381
f 376 374 373
f 383 382 376
f 383 384 385
f 383 385 382
f 386 375 387
f 388 383 376
f 388 387 389
f 388 389 390
f 388 390 391
f 388 375 386
f 388 376 375
f 388 386 387
f 392 384 383
f 392 393 384
f 392 391 393
f 392 383 388
f 392 388 391
f 394 395 354
f 394 354 396
f 397 395 394
f 398 394 399
f 398 400 397
f 398 397 394
f 398 399 400
f 401 399 402
f 401 402 403
f 404 405 400
f 404 400 399
f 404 399 401
f 406 404 401
f 406 401 403
f 407 404 406
f 407 405 404
f 408 403 409
f 408 406 403
f 410 411 405
f 410 406 408
f 410 405 407
f 410 407 406
f 412 408 409
f 413 414 411
f 413 410 408
f 413 411 410
f 413 408 412
f 415 409 416
f 415 416 417
f 415 417 418
f 415 412 409
f 419 418 414
f 419 414 413
f 419 415 418
f 419 413 412
f 419 412 415
f 420 421 422
f 423 421 420
f 423 420 422
f 424 422 425
f 424 423 422
f 424 421 423
f 426 424 425
f 426 421 424
f 427 428 421
f 427 421 426
f 427 426 425
f 429 428 427
f 429 427 425
f 430 425 431
f 430 429 425
f 430 428 429
f 432 431 428
f 432 430 431
f 432 428 430
f 433 434 435
f 436 437 434
f 436 434 433
f 438 439 440
f 441 437 436
f 442 443 444
f 445 443 442
f 446 445 442
f 447 448 449
f 450 451 452
f 453 454 455
f 456 450 452
f 457 458 459
f 457 460 458
f 461 462 463
f 464 457 459
f 465 466 467
f 468 469 470
f 465 471 466
f 472 473 474
f 475 476 477
f 478 479 480
f 478 481 479
f 482 483 481
f 482 481 478
f 484 485 486
f 487 488 489
f 490 483 482
f 491 492 493
f 494 495 496
f 497 498 495
f 497 495 494
f 499 500 501
f 502 503 504
f 505 498 497
f 506 507 508
f 509 510 511
f 512 513 507
f 514 515 516
f 517 518 519
f 517 519 520
f 521 522 523
f 524 525 526
f 527 521 523
f 528 529 530
f 531 532 533
f 534 535 536
f 537 538 539
f 540 541 542
f 543 544 545
f 546 547 548
f 549 550 551
f 552 544 543
f 553 554 555
f 556 557 558
f 559 557 556
f 559 560 557
f 561 560 559
f 561 562 560
f 563 564 565
f 566 563 565
f 567 563 566
f 568 569 570
f 571 567 566
f 572 573 574
f 575 573 572
f 576 577 578
f 576 579 577
f 580 578 581
f 580 576 578
f 582 583 584
f 585 586 587
f 588 589 590
f 591 592 593
f 594 595 596
f 597 585 598
f 599 600 601
f 602 603 604
f 605 606 607
f 608 609 610
f 611 608 610
f 612 608 611
f 613 612 611
f 614 612 613
f 615 614 613
f 616 614 615
f 617 618 619
f 620 621 622
f 623 622 624
f 623 620 622
f 625 626 627
f 628 629 630
f 631 632 633
f 634 635 636
f 637 638 639
f 640 641 642
f 643 625 627
f 644 631 633
f 645 646 647
f 648 645 647
f 649 650 651
f 649 652 650
f 653 654 655
f 656 652 649
f 657 658 659
f 660 661 662
f 663 654 653
f 664 665 666
f 664 667 665
f 668 669 670
f 671 667 664
f 672 673 674
f 675 676 677
f 678 679 680
f 681 682 683
f 684 685 686
f 687 688 689
f 690 691 692
f 693 694 695
f 693 695 690
f 696 697 698
f 699 700 701
f 702 696 698
f 703 704 705
f 706 707 708
f 709 710 711
f 712 713 714
f 715 716 717
f 718 719 720
f 721 710 709
f 722 723 724
f 725 726 727
f 728 729 730
f 731 732 733
f 734 732 731
f 734 735 732
f 736 735 734
f 736 737 735
f 738 739 740
f 738 740 741
f 738 741 742
f 738 742 743
f 738 743 744
f 738 744 745
f 738 745 746
f 747 746 748
f 747 738 746
f 749 748 750
f 749 747 748
f 751 750 752
f 751 749 750
f 753 751 752
f 754 751 753
f 755 751 754
f 756 751 755
f 757 751 756
f 758 759 760
f 761 762 763
f 761 758 760
f 764 765 762
f 764 762 761
f 766 765 764
f 767 768 765
f 767 769 768
f 767 765 766
f 770 769 767
f 771 772 769
f 771 773 772
f 771 769 770
f 774 773 771
f 775 776 773
f 775 777 776
f 775 773 774
f 778 779 777
f 778 777 775
f 780 781 779
f 780 779 778
f 782 783 781
f 782 781 780
f 784 783 782
f 785 783 784
f 785 786 783
f 787 786 785
f 787 788 786
f 787 789 788
f 790 789 787
f 791 789 790
f 791 792 789
f 793 792 791
f 793 794 792
f 795 794 793
f 795 796 794
f 797 796 795
f 797 798 796
f 799 798 797
f 799 800 798
f 801 800 799
f 801 802 800
f 803 802 804
f 803 805 802
f 806 807 808
f 809 810 811
f 812 813 814
f 815 816 817
f 818 819 820
f 818 821 819
f 818 822 821
f 823 820 824
f 823 818 820
f 825 824 826
f 825 823 824
f 827 826 828
f 827 825 826
f 829 827 828
f 830 828 831
f 830 829 828
f 832 831 833
f 832 830 831
f 834 835 836
f 834 833 835
f 834 832 833
f 837 836 838
f 837 834 836
f 839 838 840
f 839 837 838
f 841 840 842
f 841 839 840
f 843 842 844
f 843 841 842
f 845 843 844
f 845 844 846
f 847 845 846
f 847 846 848
f 849 847 848
f 849 848 850
f 851 849 850
f 852 851 850
f 852 853 854
f 852 850 853
f 855 852 854
f 856 854 857
f 856 855 854
f 858 859 860
f 861 862 863
f 864 865 866
f 864 867 865
f 868 866 869
f 868 864 866
f 870 869 871
f 870 868 869
f 872 871 873
f 872 870 871
f 874 873 875
f 874 872 873
f 876 875 877
f 876 874 875
f 878 877 879
f 878 876 877
f 880 879 881
f 880 878 879
f 882 881 883
f 882 880 881
f 884 883 885
f 884 882 883
f 886 885 887
f 886 884 885
f 888 887 889
f 888 886 887
f 890 888 889
f 890 889 891
f 892 891 893
f 892 890 891
f 894 895 896
f 894 893 895
f 894 892 893
f 897 896 898
f 897 894 896
f 899 897 898
f 900 898 901
f 900 899 898
f 902 901 903
f 902 900 901
f 904 905 906
f 907 908 909
f 910 911 912
f 910 913 911
f 914 915 916
f 914 917 915
f 918 916 919
f 918 914 916
f 920 921 922
f 920 919 921
f 920 918 919
f 923 922 924
f 923 920 922
f 925 923 924
f 926 924 927
f 926 925 924
f 928 927 929
f 928 926 927
f 930 931 932
f 930 929 931
f 930 928 929
f 933 930 932
f 934 932 935
f 934 933 932
f 936 935 937
f 936 934 935
f 938 936 937
f 938 937 939
f 940 941 942
f 940 939 941
f 940 938 939
f 943 942 944
f 943 940 942
f 945 944 946
f 945 943 944
f 947 945 946
f 948 946 949
f 948 947 946
f 950 949 951
f 950 948 949
f 952 951 953
f 952 950 951
f 954 953 955
f 954 952 953
f 956 957 958
f 959 960 961
f 962 963 964
f 965 966 967
f 968 963 962
f 969 967 970
f 969 965 967
f 971 970 972
f 971 969 970
f 973 972 974
f 973 971 972
f 975 973 974
f 976 974 977
f 976 975 974
f 978 977 979
f 978 976 977
f 980 981 982
f 980 979 981
f 980 978 979
f 983 982 984
f 983 980 982
f 985 983 984
f 986 987 988
f 986 984 987
f 986 985 984
f 989 988 990
f 989 986 988
f 991 989 990
f 991 990 992
f 993 991 992
f 993 992 994
f 995 993 994
f 995 994 996
f 997 995 996
f 998 997 996
f 998 999 1000
f 998 996 999
f 1001 998 1000
f 1002 1001 1000
f 1002 1000 1003
f 1004 1002 1003
f 1004 1003 1005
f 1006 1007 1008
f 1009 1007 1006
f 1010 1009 1006
f 1011 1009 1010
f 1012 1011 1010
f 1013 1012 1014
f 1013 1011 1012
f 1015 1014 1016
f 1015 1013 1014
f 1017 1018 1019
f 1017 1016 1018
f 1017 1015 1016
f 1020 1019 1021
f 1020 1017 1019
f 1022 1020 1021
f 1023 1024 1007
f 1025 1023 1007
f 1026 1025 1027
f 1026 1023 1025
f 1028 1026 1027
f 1029 1028 1030
f 1029 1026 1028
f 1031 1030 1032
f 1031 1029 1030
f 1033 1032 1034
f 1033 1031 1032
f 1035 1034 1036
f 1035 1033 1034
f 1037 1035 1036
f 1038 1039 1040
f 1041 1042 1043
f 1044 1045 1046
f 1044 1046 1047
f 1044 1048 1045
f 1049 1047 1050
f 1049 1044 1047
f 1051 1049 1050
f 1052 1050 1053
f 1052 1051 1050
f 1054 1053 1055
f 1054 1052 1053
f 1056 1055 1057
f 1056 1057 1058
f 1056 1054 1055
f 1059 1058 1060
f 1059 1056 1058
f 1061 1060 1062
f 1061 1059 1060
f 1063 1062 1064
f 1063 1061 1062
f 1065 1064 1066
f 1065 1063 1064
f 1067 1066 1068
f 1067 1065 1066
f 1069 1067 1068
f 1069 1068 1070
f 1071 1069 1070
f 1071 1070 1072
f 1073 1071 1072
f 1073 1072 1074
f 1075 1073 1074
f 1075 1074 1076
f 1077 1075 1076
f 1077 1076 1078
f 1079 1077 1078
f 1079 1078 1080
f 1079 1080 1081
f 1082 1079 1081
f 1082 1081 1083
f 1084 1082 1083
f 1084 1083 1085
f 1086 1087 1088
f 1089 1090 1091
f 1092 1090 1089
f 1093 1089 1094
f 1093 1092 1089
f 1095 1094 1096
f 1095 1093 1094
f 1097 1095 1096
f 1098 1096 1099
f 1098 1097 1096
f 1100 1099 1101
f 1100 1098 1099
f 1102 1101 1103
f 1102 1100 1101
f 1104 1103 1105
f 1104 1102 1103
f 1106 1105 1107
f 1106 1104 1105
f 1108 1107 1109
f 1108 1106 1107
f 1110 1109 1111
f 1110 1108 1109
f 1112 1111 1113
f 1112 1110 1111
f 1114 1113 1115
f 1114 1115 1116
f 1114 1112 1113
f 1117 1114 1116
f 1117 1116 1118
f 1119 1117 1118
f 1119 1118 1120
f 1121 1119 1120
f 1121 1120 1122
f 1123 1121 1122
f 1123 1122 1124
f 1125 1123 1124
f 1125 1124 1126
f 1127 1126 1128
f 1127 1125 1126
f 1129 1130 1131
f 1129 1131 1132
f 1129 1132 1133
f 1134 1129 1135
f 1134 1136 1129
f 1137 1138 1130
f 1137 1130 1129
f 1137 1129 1136
f 1139 1140 1138
f 1139 1138 1137
f 1141 1134 1135
f 1142 1143 1140
f 1142 1140 1139
f 1144 1141 1135
f 1145 1146 1147
f 1145 1147 1148
f 1149 1146 1145
f 1150 1145 1151
f 1152 1145 1150
f 1153 1154 1155
f 1153 1155 1149
f 1153 1149 1145
f 1156 1145 1152
f 1156 1153 1145
f 1157 1153 1156
f 1158 1153 1157
f 1159 1153 1158
f 1160 1161 1162
f 1163 1164 1161
f 1163 1165 1164
f 1163 1161 1160
f 1166 1165 1163
f 1167 1166 1168
f 1167 1168 1169
f 1167 1170 1165
f 1167 1171 1170
f 1167 1172 1171
f 1167 1165 1166
f 1173 1167 1169
f 1174 1173 1175
f 1174 1167 1173
f 1176 1174 1175
f 1177 1178 1179
f 1180 1177 1179
f 1181 1182 1183
f 1184 1182 1181
f 1182 1177 1180
f 1182 1180 1183
f 1185 1186 1187
f 1185 1187 1188
f 1189 1186 1185
f 1189 1185 1188
f 1190 1191 1192
f 1190 1193 1191
f 1190 1192 1186
f 1190 1189 1193
f 1190 1186 1189
f 1194 1188 1195
f 1194 1195 1196
f 1197 1198 1199
f 1197 1193 1189
f 1197 1188 1194
f 1197 1189 1188
f 1197 1196 1198
f 1197 1194 1196
f 1200 1199 1193
f 1200 1197 1199
f 1200 1193 1197
f 1201 1196 1202
f 1203 1196 1201
f 1203 1198 1196
f 1204 1205 1206
f 1204 1202 1205
f 1204 1201 1202
f 1207 1208 1198
f 1207 1198 1203
f 1209 1203 1201
f 1209 1204 1206
f 1209 1201 1204
f 1209 1207 1203
f 1210 1206 1211
f 1210 1211 1208
f 1210 1208 1207
f 1210 1207 1209
f 1210 1209 1206
f 1212 1213 1214
f 1215 1216 1217
f 1218 1219 1220
f 1221 1222 1223
f 1224 1225 1226
f 1227 1228 1229
f 1230 1231 1232
f 1233 1234 1235
f 1236 1237 1238
f 1239 1240 1241
f 1242 1243 1244
f 1245 1246 1247
f 1248 1249 1250
f 1251 1252 1253
f 1254 1255 1256
f 1257 1258 1259
f 1260 1261 1262
f 1263 1264 1265
f 1266 1267 1268
f 1269 1270 1271
f 1272 1273 1274
f 1275 1276 1277
f 1278 1279 1280
f 1281 1282 1283
f 1284 1285 1286
f 1287 1288 1289
f 1287 1289 1290
f 1291 1292 1293
f 1294 1295 1296
f 1297 1298 1299
f 1300 1301 1302
f 1303 1304 1305
f 1306 1307 1308
f 1309 1310 1311
f 1309 1311 1312
f 1313 1314 1315
f 1316 1312 1317
f 1318 1319 1320
f 1321 1322 1323
f 1324 1325 1326
f 1327 1328 1329
f 1330 1331 1332
f 1333 1334 1335
f 1336 1337 1338
f 1339 1340 1341
f 1342 1325 1324
f 1343 1344 1345
f 1346 1347 1348
f 1343 1345 1349
f 1350 1351 1352
f 1353 1354 1355
f 1356 1357 1358
f 1359 1360 1361
f 1362 1363 1364
f 1365 1366 1367
f 1368 1369 1370
f 1371 1372 1373
f 1374 1375 1376
f 1377 1378 1379
f 1380 1381 1382
f 1383 1384 1385
f 1386 1387 1388
f 1389 1390 1391
f 1392 1393 1394
f 1395 1396 1397
f 1398 1399 1400
f 1401 1402 1403
f 1404 1395 1397
f 1405 1406 1407
f 1408 1409 1410
f 1411 1412 1413
f 1414 1415 1416
f 1414 1417 1415
f 1414 1418 1417
f 1419 1414 1416
f 1420 1421 1422
f 1423 1424 1425
f 1426 1427 1428
f 1429 1430 1431
f 1432 1433 1434
f 1435 1436 1437
f 1438 1439 1440
f 1441 1442 1443
f 1444 1445 1446
f 1447 1448 1449
f 1450 1451 1452
f 1453 1454 1455
f 1456 1457 1458
f 1459 1460 1461
f 1462 1463 1464
f 1465 1466 1467
f 1468 1469 1470
f 1471 1472 1473
f 1474 1475 1476
f 1477 1478 1479
f 1480 1457 1456
f 1481 1482 1483
f 1484 1485 1486
f 1487 1488 1489
f 1490 1491 1492
f 1493 1494 1495
f 1496 1497 1498
f 1499 1500 1501
f 1502 1503 1504
f 1505 1506 1507
f 1508 1509 1510
f 1511 1512 1513
f 1514 1515 1516
f 1517 1518 1519
f 1520 1521 1522
f 1523 1524 1525
f 1526 1527 1528
f 1529 1530 1531
f 1532 1533 1534
f 1535 1536 1537
f 1538 1539 1540
f 1541 1542 1543
f 1544 1545 1546
f 1544 1547 1545
f 1548 1549 1550
f 1551 1552 1553
f 1554 1547 1544
f 1555 1556 1557
f 1558 1559 1560
f 1561 1562 1554
f 1563 1564 1565
f 1566 1567 1568
f 1569 1570 1571
f 1572 1573 1574
f 1575 1576 1577
f 1578 1579 1580
f 1581 1582 1583
f 1584 1585 1586
f 1587 1588 1589
f 1590 1591 1592
f 1593 1594 1595
f 1596 1597 1598
f 1596 1599 1597
f 1600 1601 1602
f 1603 1604 1605
f 1606 1594 1593
f 1607 1608 1609
f 1610 1611 1612
f 1613 1614 1615
f 1616 1617 1618
f 1613 1615 1619
f 1620 1621 1622
f 1623 1624 1625
f 1626 1627 1613
f 1628 1629 1630
f 1631 1632 1633
f 1634 1627 1626
f 1635 1636 1637
f 1638 1639 1640
f 1641 1642 1643
f 1644 1645 1646
f 1647 1648 1649
f 1650 1651 1652
f 1653 1654 1655
f 1656 1657 1658
f 1659 1660 1661
f 1662 1663 1664
f 1665 1666 1667
f 1668 1669 1670
f 1671 1672 1673
f 1674 1675 1676
f 1677 1678 1679
f 1680 1681 1682
f 1683 1684 1685
f 1686 1687 1688
f 1689 1690 1691
f 1692 1693 1694
f 1695 1690 1689
f 1696 1697 1698
f 1699 1700 1701
f 1702 1703 1704
f 1705 1706 1707
f 1708 1709 1710
f 1711 1712 1713
f 1714 1715 1716
f 1717 1718 1719
f 1720 1721 1722
f 1723 1724 1725
f 1726 1727 1728
f 1729 1730 1731
f 1732 1733 1734
f 1735 1727 1726
f 1736 1737 1738
f 1739 1740 1741
f 1742 1743 1744
f 1745 1746 1747
f 1748 1749 1750
f 1751 1752 1753
f 1754 1755 1756
f 1757 1758 1759
f 1760 1761 1762
f 1760 1763 1761
f 1764 1765 1766
f 1767 1768 1769
f 1770 1771 1772
f 1773 1774 1775
f 1776 1777 1778
f 1779 1780 1781
f 1782 1783 1784
f 1785 1786 1787
f 1782 1788 1783
f 1789 1790 1791
f 1792 1793 1794
f 1795 1796 1797
f 1798 1799 1800
f 1801 1802 1803
f 1804 1805 1806
f 1807 1808 1809
f 1810 1811 1812
f 1813 1814 1815
f 1816 1817 1818
f 1819 1820 1821
f 1822 1823 1824
f 1825 1826 1827
f 1828 1829 1830
f 1831 1832 1833
f 1834 1835 1836
f 1837 1834 1836
f 1837 1836 1838
f 1839 1840 1841
f 1842 1843 1844
f 1845 1846 1847
f 1848 1849 1850
f 1851 1852 1853
f 1854 1855 1856
f 1857 1858 1859
f 1860 1861 1862
f 1863 1851 1853
f 1863 1853 1864
f 1865 1866 1867
f 1868 1869 1870
f 1871 1872 1873
f 1874 1875 1876
f 1877 1878 1879
f 1880 1881 1882
f 1883 1884 1885
f 1886 1887 1888
f 1889 1890 1891
f 1892 1893 1894
f 1895 1896 1897
f 1898 1895 1897
f 1899 1900 1901
f 1902 1899 1901
f 1902 1903 1904
f 1905 1906 1907
f 1908 1899 1906
f 1909 1910 1903
f 1911 1912 1913
f 1914 1915 1916
f 1917 1918 1919
f 1917 1920 1918
f 1921 1922 1923
f 1924 1925 1926
f 1927 1928 1929
f 1930 1931 1932
f 1933 1934 1935
f 1936 1937 1938
f 1939 1940 1941
f 1939 1941 1942
f 1943 1944 1934
f 1945 1946 1947
f 1948 1942 1949
f 1948 1939 1942
f 1950 1951 1952
f 1953 1954 1955
f 1956 1957 1958
f 1959 1960 1961
f 1962 1963 1964
f 1965 1966 1967
f 1968 1969 1970
f 1971 1972 1973
f 1974 1975 1976
f 1977 1968 1970
f 1978 1979 1980
f 1981 1982 1983
f 1984 1985 1986
f 1987 1988 1989
f 1990 1991 1992
f 1993 1994 1995
f 1996 1997 1998
f 1999 2000 1965
f 2001 2002 2003
f 2004 2005 2006
f 2007 2008 2009
f 2010 2011 2012
f 2013 2014 2015
f 2016 2017 2018
f 2019 2020 1999
f 2021 2022 2014
f 2023 2024 2025
f 2026 2027 2028
f 2026 2028 2029
f 2030 2031 2032
f 2033 2034 2035
f 2036 2037 2027
f 2036 2027 2026
f 2038 2039 2040
f 2041 2042 2043
f 2044 2045 2046
f 2047 2048 2049
f 2050 2051 2052
f 2053 2054 2055
f 2056 2057 2058
f 2059 2060 2061
f 2062 2056 2063
f 2064 2065 2066
f 2064 2067 2065
f 2068 2069 2070
f 2071 2072 2073
f 2074 2075 2076
f 2077 2078 2079
f 2080 2081 2082
f 2083 2084 2085
f 2086 2087 2088
f 2089 2090 2091
f 2092 2093 2094
f 2095 2096 2097
f 2098 2099 2100
f 2101 2102 2103
f 2104 2105 2106
f 2107 2108 2109
f 2110 2111 2112
f 2113 2114 2115
f 2116 2117 2118
f 2119 2120 2121
f 2122 2123 2124
f 2125 2126 2127
f 2128 2129 2130
f 2131 2132 2133
f 2134 2135 2136
f 2137 2138 2139
f 2140 2141 2142
f 2143 2144 2145
f 2146 2147 2148
f 2149 2150 2151
f 2152 2153 2154
f 2155 2156 2157
f 2158 2159 2160
f 2161 2162 2163
f 2164 2165 2166
f 2164 2167 2165
f 2168 2169 2170
f 2171 2172 2173
f 2174 2175 2176
f 2177 2178 2179
f 2180 2181 2182
f 2183 2184 2185
f 2186 2187 2188
f 2189 2190 2191
f 2192 2193 2194
f 2195 2196 2197
f 2198 2199 2200
f 2201 2202 2203
f 2204 2205 2206
f 2207 2208 2209
f 2210 2211 2212
f 2213 2214 2215
f 2216 2217 2218
f 2219 2220 2221
f 2222 2223 2224
f 2225 2226 2222
f 2227 2228 2229
f 2230 2231 2232
f 2233 2234 2235
f 2236 2237 2238
f 2239 2240 2241
f 2242 2243 2244
f 2245 2246 2247
f 2248 2236 2238
f 2249 2250 2251
f 2252 2253 2254
f 2255 2256 2257
f 2258 2259 2260
f 2261 2262 2263
f 2264 2265 2266
f 2267 2268 2269
f 2270 2271 2272
f 2273 2274 2275
f 2276 2277 2278
f 2279 2280 2281
f 2282 2283 2284
f 2285 2286 2287
f 2288 2289 2290
f 2291 2292 2293
f 2294 2295 2296
f 2297 2298 2299
f 2300 2301 2302
f 2303 2304 2305
f 2306 2307 2308
f 2309 2310 2311
f 2312 2313 2314
f 2315 2316 2317
f 2318 2319 2320
f 2321 2322 2323
f 2324 2325 2326
f 2327 2328 2329
f 2330 2331 2332
f 2333 2334 2335
f 2336 2337 2338
f 2339 2340 2341
f 2342 2343 2344
f 2345 2346 2347
f 2348 2349 2350
f 2351 2352 2353
f 2354 2355 2356
f 2357 2358 2359
f 2360 2361 2362
f 2363 2364 2365
f 2366 2367 2368
f 2369 2370 2371
f 2372 2373 2374
f 2375 2376 2377
f 2378 2379 2380
f 2381 2382 2383
f 2384 2385 2386
f 2387 2388 2389
f 2390 2391 2392
f 2393 2394 2395
f 2396 2397 2398
f 2399 2400 2401
f 2402 2403 2404
f 2405 2406 2407
f 2408 2409 2410
f 2411 2412 2413
f 2414 2415 2416
f 2417 2418 2419
f 2417 2420 2418
f 2421 2422 2423
f 2417 2419 2424
f 2417 2425 2426
f 2427 2420 2417
f 2428 2429 2430
f 2431 2432 2433
f 2434 2435 2436
f 2437 2434 2436
f 2438 2437 2436
f 2439 2440 2441
f 2442 2443 2436
f 2444 2445 2446
f 2447 2448 2449
f 2450 2451 2452
f 2453 2454 2455
f 2456 2457 2458
f 2459 2460 2461
f 2462 2463 2464
f 2465 2466 2467
f 2468 2469 2470
f 2468 2470 2471
f 2472 2473 2474
f 2475 2476 2477
f 2478 2479 2480
f 2481 2482 2483
f 2484 2485 2486
f 2487 2488 2489
f 2490 2491 2492
f 2493 2494 2495
f 2496 2497 2498
f 2499 2500 2501
f 2502 2503 2504
f 2505 2506 2507
f 2508 2509 2510
f 2511 2512 2513
f 2514 2515 2516
f 2517 2518 2519
f 2520 2521 2522
f 2523 2524 2525
f 2526 2520 2522
f 2527 2528 2529
f 2530 2531 2532
f 2533 2534 2535
f 2536 2537 2538
f 2539 2540 2541
f 2542 2543 2544
f 2545 2546 2547
f 2548 2549 2550
f 2551 2552 2553
f 2554 2555 2556
f 2557 2558 2559
f 2560 2561 2562
f 2563 2564 2565
f 2566 2567 2568
f 2569 2570 2571
f 2572 2573 2574
f 2575 2570 2569
f 2576 2577 2578
f 2579 2580 2581
f 2582 2583 2570
f 2584 2585 2586
f 2587 2570 2575
f 2588 2589 2590
f 2591 2592 2593
f 2594 2595 2596
f 2597 2598 2599
f 2600 2601 2602
f 2603 2604 2605
f 2603 2605 2606
f 2607 2608 2609
f 2610 2611 2612
f 2613 2614 2615
f 2616 2617 2618
f 2619 2620 2621
f 2622 2623 2624
f 2625 2626 2627
f 2628 2600 2602
f 2629 2630 2631
f 2632 2633 2634
f 2635 2636 2637
f 2638 2639 2640
f 2641 2642 2643
f 2644 2645 2646
f 2647 2648 2649
f 2650 2651 2652
f 2653 2654 2655
f 2656 2657 2658
f 2659 2660 2661
f 2662 2663 2664
f 2665 2666 2667
f 2668 2669 2670
f 2671 2672 2673
f 2674 2675 2676
f 2677 2678 2679
f 2680 2681 2682
f 2683 2684 2685
f 2686 2687 2688
f 2689 2690 2691
f 2692 2693 2678
f 2694 2695 2696
f 2697 2698 2699
f 2697 2696 2698
f 2697 2694 2696
f 2700 2697 2699
f 2701 2702 2703
f 2701 2699 2702
f 2701 2700 2699
f 2704 2700 2701
f 2705 2704 2701
f 2706 2705 2701
f 2707 2708 2709
f 2710 2711 2712
f 2710 2712 2713
f 2710 2713 1172
f 2710 1172 2714
f 2715 2716 2717
f 2715 2717 2718
f 2715 2718 2719
f 2715 2719 2711
f 2715 2711 2710
f 2720 2714 2708
f 2720 2710 2714
f 2721 2722 2716
f 2721 2715 2710
f 2721 2716 2715
f 2721 2710 2720
f 2723 2724 2725
f 2723 2707 2724
f 2723 2721 2720
f 2723 2720 2708
f 2723 2708 2707
f 2726 2727 2728
f 2726 2725 2727
f 2726 2728 2722
f 2726 2722 2721
f 2726 2723 2725
f 2726 2721 2723
f 2729 2730 2731
f 2732 2730 2729
f 2733 2734 2735
f 2733 2736 2734
f 2737 2738 2736
f 2737 2736 2733
f 2739 2740 2738
f 2739 2738 2737
f 2741 2742 2740
f 2741 2740 2739
f 2743 2744 2742
f 2743 2742 2741
f 2745 2746 2747
f 2745 2747 2748
f 2749 2750 2751
f 2752 2749 2751
f 2753 2749 2752
f 2754 2753 2752
f 2755 2753 2754
f 2756 2755 2754
f 2757 2755 2756
f 2758 2757 2756
f 2759 2757 2758
f 2760 2759 2758
f 2761 2759 2760
f 2762 2761 2760
f 2763 2764 2765
f 2763 2766 2764
f 2767 2768 2769
f 2767 2769 2770
f 2771 2772 2768
f 2771 2768 2767
f 2773 2774 2772
f 2773 2772 2771
f 2775 2776 2774
f 2775 2774 2773
f 2777 2778 2776
f 2777 2776 2775
f 2779 2780 2778
f 2779 2778 2777
f 2781 2782 2783
f 2781 2783 2784
f 2785 2786 2787
f 2788 2785 2787
f 2789 2790 2791
f 2792 2789 2791
f 2793 2794 2795
f 2793 2795 2796
f 2797 2798 2799
f 2800 2801 2802
f 2803 2804 2805
f 2803 2805 2806
f 2807 2808 2809
f 2810 2811 2812
f 2813 2814 2815
f 2813 2815 2816
f 2817 2818 2819
f 2820 2821 2822
f 2823 2824 2825
f 2826 2827 2824
f 2826 2824 2823
f 2828 2827 2826
f 2829 2830 2831
f 2829 2831 2827
f 2829 2827 2828
f 2832 2833 2830
f 2832 2830 2829
f 2834 2835 2833
f 2834 2833 2832
f 2836 2835 2834
f 2837 2838 2835
f 2837 2835 2836
f 2839 2840 2841
f 2839 2841 2838
f 2839 2838 2837
f 2842 2840 2839
f 2843 2844 2840
f 2843 2840 2842
f 2845 2846 2847
f 2845 2847 2844
f 2845 2844 2843
f 2848 2849 2846
f 2848 2846 2845
f 2850 2849 2848
f 2851 2852 2853
f 2851 2853 2849
f 2851 2849 2850
f 2854 2855 2852
f 2854 2852 2851
f 2856 2855 2854
f 2856 2857 2855
f 2858 2857 2856
f 2858 2859 2857
f 2860 2859 2858
f 2861 2859 2860
f 2862 2861 2860
f 2863 2864 2865
f 2866 2867 2868
f 2869 2870 2871
f 2869 2871 2872
f 2873 2874 2875
f 2873 2876 2874
f 2877 2875 2878
f 2877 2873 2875
f 2879 2878 2880
f 2879 2877 2878
f 2881 2880 2882
f 2881 2879 2880
f 2883 2882 2884
f 2883 2881 2882
f 2885 2884 2886
f 2885 2883 2884
f 2887 2886 2888
f 2887 2885 2886
f 2889 2888 2890
f 2889 2887 2888
f 2891 2890 2892
f 2891 2889 2890
f 2893 2894 2895
f 2893 2892 2894
f 2893 2891 2892
f 2896 2895 2897
f 2896 2893 2895
f 2898 2897 2899
f 2898 2896 2897
f 2900 2899 2901
f 2900 2898 2899
f 2902 2901 2903
f 2902 2900 2901
f 2904 2903 2905
f 2904 2902 2903
f 2906 2905 2907
f 2906 2904 2905
f 2908 2907 2909
f 2908 2906 2907
f 2910 2911 2912
f 2910 2912 2913
f 2914 2913 2915
f 2914 2910 2913
f 2916 2915 2917
f 2916 2914 2915
f 2918 2917 2919
f 2918 2916 2917
f 2920 2919 2921
f 2920 2918 2919
f 2922 2921 2923
f 2922 2920 2921
f 2924 2923 2925
f 2924 2922 2923
f 2926 2925 2927
f 2926 2924 2925
f 2928 2927 2929
f 2928 2926 2927
f 2930 2929 2931
f 2930 2928 2929
f 2932 2931 2933
f 2932 2930 2931
f 2934 2933 2935
f 2934 2932 2933
f 2936 2935 2937
f 2936 2934 2935
f 2938 2937 2939
f 2938 2936 2937
f 2940 2938 2939
f 2940 2939 2941
f 2942 2940 2941
f 2942 2941 2943
f 2944 2942 2943
f 2944 2943 2945
f 2946 2944 2945
f 2947 2948 2949
f 2950 2951 2952
f 2953 2954 2955
f 2956 2957 2958
f 2959 2960 2961
f 2959 2961 2962
f 2963 2964 2965
f 2963 2965 2966
f 2967 2966 2968
f 2967 2963 2966
f 2969 2968 2970
f 2969 2970 2971
f 2969 2967 2968
f 2972 2969 2971
f 2973 2971 2974
f 2973 2972 2971
f 2975 2974 2976
f 2975 2973 2974
f 2977 2976 2978
f 2977 2975 2976
f 2979 2978 2980
f 2979 2977 2978
f 2981 2980 2982
f 2981 2979 2980
f 2983 2982 2984
f 2983 2981 2982
f 2985 2984 2986
f 2985 2983 2984
f 2987 2985 2986
f 2987 2986 2988
f 2989 2987 2988
f 2989 2988 2990
f 2991 2989 2990
f 2991 2990 2992
f 2993 2992 2994
f 2993 2991 2992
f 2995 2993 2994
f 2995 2994 2996
f 2997 2996 2998
f 2997 2995 2996
f 2999 2998 3000
f 2999 2997 2998
f 3001 3000 3002
f 3001 2999 3000
f 3003 3002 3004
f 3003 3001 3002
f 3005 3004 3006
f 3005 3003 3004
f 3007 3006 3008
f 3007 3005 3006
f 3009 3008 3010
f 3009 3007 3008
f 3011 3010 3012
f 3011 3009 3010
f 3013 3012 3014
f 3013 3011 3012
f 3015 3016 3017
f 3018 3015 3017
f 3019 3017 3020
f 3019 3020 3021
f 3019 3018 3017
f 3022 3021 3023
f 3022 3019 3021
f 3024 3023 3025
f 3024 3022 3023
f 3026 3024 3025
f 3027 3025 3028
f 3027 3028 3029
f 3027 3026 3025
f 3030 3029 3031
f 3030 3027 3029
f 3032 3030 3031
f 3033 3031 3034
f 3033 3034 3035
f 3033 3032 3031
f 3036 3035 3037
f 3036 3033 3035
f 3038 3036 3037
f 3039 3037 3040
f 3039 3038 3037
f 3041 3040 3042
f 3041 3039 3040
f 3043 3042 3044
f 3043 3041 3042
f 3045 3044 3046
f 3045 3046 3047
f 3045 3043 3044
f 3048 3045 3047
f 3049 3048 3047
f 3049 3047 3050
f 3051 3052 3053
f 3054 3051 3053
f 3055 3052 3051
f 3056 3054 3053
f 3057 3058 3052
f 3057 3052 3055
f 3059 3057 3055
f 3059 3055 3051
f 3060 3057 3059
f 3061 3059 3051
f 3062 3063 3064
f 3062 3065 3063
f 3062 3056 3066
f 3062 3067 3056
f 3062 3066 3065
f 3068 3062 3064
f 3068 3067 3062
f 3069 3057 3060
f 3070 3060 3059
f 3070 3059 3061
f 3071 3061 3051
f 3072 3056 3053
f 3072 3066 3056
f 3073 3054 3056
f 3073 3056 3067
f 3074 3057 3069
f 3075 3069 3060
f 3076 3070 3061
f 3076 3061 3071
f 3077 3071 3051
f 3078 3065 3066
f 3078 3066 3072
f 3079 3067 3068
f 3079 3073 3067
f 3080 3057 3074
f 3081 3074 3069
f 3082 3060 3070
f 3082 3075 3060
f 3083 3076 3071
f 3083 3071 3077
f 3084 3077 3051
f 3085 3063 3065
f 3085 3065 3078
f 3086 3068 3064
f 3086 3079 3068
f 3087 3057 3080
f 3088 3080 3074
f 3089 3069 3075
f 3089 3081 3069
f 3090 3082 3070
f 3090 3070 3076
f 3091 3092 3093
f 3094 3077 3084
f 3095 3084 3051
f 3096 3072 3053
f 3096 3078 3072
f 3097 3054 3073
f 3097 3073 3079
f 3098 3057 3087
f 3098 3058 3057
f 3099 3100 3101
f 3102 3098 3087
f 3102 3058 3098
f 3103 3104 3105
f 3106 3088 3074
f 3106 3058 3102
f 3106 3102 3088
f 3106 3081 3089
f 3106 3074 3081
f 3107 3108 3058
f 3107 3089 3075
f 3107 3106 3089
f 3107 3058 3106
f 3107 3082 3090
f 3107 3075 3082
f 3109 3108 3107
f 3109 3090 3076
f 3109 3107 3090
f 3109 3076 3083
f 3109 3083 3094
f 3110 3094 3084
f 3110 3084 3095
f 3110 3109 3094
f 3110 3108 3109
f 3111 3051 3108
f 3111 3110 3095
f 3111 3108 3110
f 3111 3095 3051
f 3112 3078 3096
f 3112 3085 3078
f 3113 3097 3079
f 3113 3079 3086
f 3114 3085 3112
f 3114 3063 3085
f 3115 3086 3064
f 3115 3113 3086
f 3116 3096 3053
f 3117 3054 3097
f 3118 3053 3063
f 3118 3112 3096
f 3118 3063 3114
f 3118 3114 3112
f 3118 3116 3053
f 3118 3096 3116
f 3119 3064 3054
f 3119 3054 3117
f 3119 3097 3113
f 3119 3113 3115
f 3119 3117 3097
f 3119 3115 3064
f 3120 3121 3122
f 3123 3120 3122
f 3124 3123 3122
f 3124 3122 3125
f 3126 3124 3125
f 3126 3125 3127
f 3126 3127 3128
f 3129 3126 3128
f 3129 3128 3130
f 3131 3129 3130
f 3131 3130 3132
f 3133 3131 3132
f 3133 3132 3134
f 3135 3133 3134
f 3135 3134 3136
f 3137 3135 3136
f 3137 3136 3138
f 3139 3137 3138
f 3139 3138 3140
f 3141 3139 3140
f 3141 3140 3142
f 3143 3141 3142
f 3143 3142 3144
f 3145 3143 3144
f 3145 3144 3146
f 3147 3146 3148
f 3147 3145 3146
f 3149 3148 3150
f 3149 3147 3148
f 3151 3150 3152
f 3151 3149 3150
f 3153 3152 3154
f 3153 3151 3152
f 3155 3154 3156
f 3155 3153 3154
f 3157 3156 3158
f 3157 3155 3156
f 3159 3158 3160
f 3159 3157 3158
f 3161 3160 3162
f 3161 3159 3160
f 3163 3161 3162
f 3163 3162 3164
f 3165 3163 3164
f 3165 3164 3166
f 3167 3165 3166
f 3167 3166 3168
f 3169 3167 3168
f 3169 3168 3170
f 3171 3169 3170
f 3172 3171 3170
f 3172 3170 3173
f 3174 3172 3173
f 3174 3173 3175
f 3176 3174 3175
f 3176 3175 3177
f 3178 3176 3177
f 3178 3177 3179
f 3180 3178 3179
f 3180 3179 3181
f 3182 3180 3181
f 3182 3181 3183
f 3184 3182 3183
f 3184 3183 3185
f 3186 3184 3185
f 3186 3185 3187
f 3188 3186 3187
f 3188 3187 3189
f 3190 3188 3189
f 3190 3189 3191
f 3192 3190 3191
f 3192 3191 3193
f 3194 3192 3193
f 3194 3193 3195
f 3196 3194 3195
f 3196 3195 3197
f 3198 3196 3197
f 3198 3197 3199
f 3200 3198 3199
f 3200 3199 3201
f 3202 3200 3201
f 3202 3201 3203
f 3204 3202 3203
f 3204 3203 3205
f 3206 3205 3207
f 3206 3204 3205
f 3208 3207 3209
f 3208 3206 3207
f 3210 3209 3211
f 3210 3208 3209
f 3212 3211 3213
f 3212 3210 3211
f 3214 3213 3215
f 3214 3212 3213
f 3216 3214 3215
f 3216 3215 3217
f 3218 3217 3219
f 3218 3216 3217
f 3220 3219 3221
f 3220 3218 3219
f 3222 3221 3223
f 3222 3220 3221
f 3224 3223 3225
f 3224 3222 3223
f 3226 3225 3227
f 3226 3224 3225
f 3228 3227 3229
f 3228 3226 3227
f 3230 3229 3231
f 3230 3228 3229
f 3232 3231 3233
f 3232 3230 3231
f 3234 3235 3236
f 3234 3236 3237
f 3238 3239 3240
f 3241 3238 3240
f 3242 3243 3244
f 3245 3244 3246
f 3245 3242 3244
f 3247 3245 3246
f 3248 3246 3249
f 3248 3249 3250
f 3248 3247 3246
f 3251 3250 3252
f 3251 3248 3250
f 3253 3252 3254
f 3253 3251 3252
f 3255 3253 3254
f 3255 3254 3256
f 3257 3255 3256
f 3257 3256 3258
f 3259 3257 3258
f 3260 3259 3258
f 3260 3258 3261
f 3262 3260 3261
f 3262 3261 3263
f 3262 3263 3264
f 3265 3262 3264
f 3265 3264 3266
f 3267 3265 3266
f 3267 3266 3268
f 3269 3267 3268
f 3269 3268 3270
f 3271 3269 3270
f 3271 3270 3272
f 3273 3271 3272
f 3273 3272 3274
f 3275 3273 3274
f 3275 3274 3276
f 3277 3275 3276
f 3278 3277 3276
f 3279 3277 3278
f 3280 3281 3282
f 3283 3284 3285
f 3286 3287 3288
f 3289 3286 3288
f 3289 3288 3290
f 3291 3290 3292
f 3291 3289 3290
f 3293 3292 3294
f 3293 3291 3292
f 3295 3294 3296
f 3295 3293 3294
f 3297 3296 3298
f 3297 3295 3296
f 3299 3298 3300
f 3299 3297 3298
f 3301 3300 3302
f 3301 3299 3300
f 3303 3302 3304
f 3303 3301 3302
f 3305 3304 3306
f 3305 3303 3304
f 3307 3306 3308
f 3307 3305 3306
f 3309 3308 3310
f 3309 3307 3308
f 3311 3309 3310
f 3311 3310 3312
f 3313 3311 3312
f 3313 3312 3314
f 3315 3313 3314
f 3315 3314 3316
f 3317 3315 3316
f 3317 3316 3318
f 3319 3317 3318
f 3319 3318 3320
f 3321 3319 3320
f 3322 3323 3324
f 3322 3324 3325
f 3326 3327 3328
f 3326 3329 3327
f 3330 3328 3331
f 3330 3326 3328
f 3332 3330 3331
f 3333 3332 3331
f 3333 3331 3334
f 3335 3334 3336
f 3335 3333 3334
f 3337 3336 3338
f 3337 3335 3336
f 3339 3338 3340
f 3339 3340 3341
f 3339 3337 3338
f 3342 3341 3343
f 3342 3339 3341
f 3344 3343 3345
f 3344 3345 3346
f 3344 3342 3343
f 3347 3346 3348
f 3347 3344 3346
f 3349 3348 3350
f 3349 3347 3348
f 3351 3350 3352
f 3351 3349 3350
f 3353 3352 3354
f 3353 3351 3352
f 3355 3354 3356
f 3355 3353 3354
f 3357 3356 3358
f 3357 3355 3356
f 3359 3358 3360
f 3359 3357 3358
f 3361 3360 3362
f 3361 3362 3363
f 3361 3359 3360
f 3364 3363 3365
f 3364 3361 3363
f 3366 3365 3367
f 3366 3364 3365
f 3368 3367 3369
f 3368 3366 3367
f 3370 3368 3369
f 3371 3369 3372
f 3371 3370 3369
f 3373 3372 3374
f 3373 3371 3372
f 3375 3374 3376
f 3375 3373 3374
f 3377 3376 3378
f 3377 3375 3376
f 3379 3378 3380
f 3379 3377 3378
f 3381 3379 3380
f 3381 3380 3382
f 3383 3381 3382
f 3383 3382 3384
f 3385 3383 3384
f 3385 3384 3386
f 3387 3385 3386
f 3387 3386 3388
f 3389 3387 3388
f 3389 3388 3390
f 3391 3389 3390
f 3391 3390 3392
f 3393 3391 3392
f 3393 3392 3394
f 3395 3394 3396
f 3395 3393 3394
f 3395 3396 3397
f 3398 3397 3399
f 3398 3395 3397
f 3400 3399 3401
f 3400 3398 3399
f 3402 3401 3403
f 3402 3400 3401
f 3404 3403 3405
f 3404 3402 3403
f 3406 3405 3407
f 3406 3404 3405
f 3408 3407 3409
f 3408 3406 3407
f 3410 3409 3411
f 3410 3408 3409
f 3412 3411 3413
f 3412 3410 3411
f 3414 3412 3413
f 3415 3413 3416
f 3415 3414 3413
f 3417 3416 3418
f 3417 3415 3416
f 3419 3420 3421
f 3422 3423 3424
f 3425 3426 3427
f 3428 3429 3430
f 3431 3432 3433
f 3434 3435 3436
f 3437 3438 3439
f 3440 3441 3442
f 3443 3444 3445
f 3446 3447 3448
f 3449 3450 3451
f 3452 3453 3454
f 3455 3447 3446
f 3456 3457 3458
f 3459 3460 3461
f 3462 3463 3464
f 3462 3464 3465
f 3466 3467 3468
f 3469 3470 3471
f 3472 3473 3474
f 3475 3476 3477
f 3478 3479 3480
f 3481 3482 3014
f 3483 3014 3484
f 3483 3481 3014
f 3485 3484 3486
f 3485 3483 3484
f 3487 3486 3488
f 3487 3485 3486
f 3489 3488 3490
f 3489 3487 3488
f 3491 3490 3492
f 3491 3489 3490
f 3493 3492 3494
f 3493 3491 3492
f 3495 3494 3496
f 3495 3493 3494
f 3497 3496 3498
f 3497 3498 3499
f 3497 3495 3496
f 3500 3499 3501
f 3500 3497 3499
f 3502 3501 3503
f 3502 3503 3504
f 3502 3500 3501
f 3505 3504 3506
f 3505 3502 3504
f 3507 3508 3509
f 3510 3511 3512
f 3513 3514 3515
f 3513 3515 3516
f 3517 3518 3519
f 3520 3521 3522
f 3523 3524 3525
f 3523 3526 3524
f 3527 3528 3529
f 3530 3527 3529
f 3531 3532 3533
f 3534 3531 3533
f 3535 3536 3537
f 3535 3537 3538
f 3539 3540 3541
f 3539 3541 3542
f 3543 3544 3545
f 3546 3547 3548
f 3549 3550 3551
f 3552 3549 3551
f 3553 3554 3555
f 3556 3557 3558
f 3559 3560 3561
f 3559 3561 3562
f 3563 3564 3565
f 3566 3564 3563
f 3567 3563 3568
f 3567 3566 3563
f 3569 3568 3570
f 3569 3567 3568
f 3571 3570 3572
f 3571 3569 3570
f 3573 3572 3574
f 3573 3571 3572
f 3575 3574 3576
f 3575 3573 3574
f 3577 3576 3578
f 3577 3575 3576
f 3579 3578 3580
f 3579 3577 3578
f 3581 3580 3582
f 3581 3579 3580
f 3583 3582 3584
f 3583 3581 3582
f 3585 3584 3586
f 3585 3583 3584
f 3587 3585 3586
f 3587 3586 3588
f 3587 3588 3589
f 3590 3587 3589
f 3590 3589 3591
f 3592 3590 3591
f 3592 3591 3593
f 3594 3592 3593
f 3594 3593 3595
f 3596 3594 3595
f 3596 3595 3597
f 3598 3596 3597
f 3598 3597 3599
f 3600 3598 3599
f 3600 3599 3601
f 3602 3600 3601
f 3602 3601 3603
f 3604 3602 3603
f 3604 3603 3605
f 3606 3604 3605
f 3606 3605 3607
f 3608 3606 3607
f 3609 3608 3607
f 3610 3608 3609
f 3611 3609 3612
f 3611 3610 3609
f 3613 3614 3615
f 3616 3617 3618
f 3619 3620 3621
f 3622 3620 3619
f 3623 3622 3619
f 3624 3623 3625
f 3624 3622 3623
f 3626 3624 3625
f 3627 3625 3628
f 3627 3626 3625
f 3629 3628 3630
f 3629 3630 3631
f 3629 3627 3628
f 3632 3631 3633
f 3632 3629 3631
f 3634 3632 3633
f 3635 3633 3636
f 3635 3636 3637
f 3635 3634 3633
f 3638 3637 3639
f 3638 3635 3637
f 3640 3638 3639
f 3641 3640 3639
f 3641 3639 3642
f 3643 3641 3642
f 3643 3642 3644
f 3643 3644 3645
f 3646 3643 3645
f 3647 3646 3645
f 3647 3645 3648
f 3647 3648 3649
f 3650 3647 3649
f 3650 3649 3651
f 3652 3650 3651
f 3653 3651 3654
f 3653 3652 3651
f 3655 3654 3656
f 3655 3656 3657
f 3655 3653 3654
f 3658 3655 3657
f 3659 3657 3660
f 3659 3658 3657
f 3661 3660 3662
f 3661 3659 3660
f 3663 3662 3664
f 3663 3664 3665
f 3663 3661 3662
f 3666 3665 3667
f 3666 3663 3665
f 3668 3666 3667
f 3669 3668 3667
f 3670 3668 3669
f 3671 3670 3669
f 3672 3673 3674
f 3675 3676 3677
f 3678 3679 3680
f 3681 3682 3683
f 3681 3683 3684
f 3685 3684 3686
f 3685 3681 3684
f 3687 3686 3688
f 3687 3688 3689
f 3687 3685 3686
f 3690 3689 3691
f 3690 3687 3689
f 3692 3691 3693
f 3692 3690 3691
f 3694 3693 3695
f 3694 3692 3693
f 3696 3695 3697
f 3696 3694 3695
f 3698 3697 3699
f 3698 3696 3697
f 3700 3699 3701
f 3700 3698 3699
f 3702 3701 3703
f 3702 3700 3701
f 3704 3703 3705
f 3704 3702 3703
f 3706 3705 3707
f 3706 3704 3705
f 3708 3706 3707
f 3709 3707 3710
f 3709 3708 3707
f 3711 3709 3710
f 3711 3710 3712
f 3711 3712 3713
f 3714 3711 3713
f 3715 3714 3713
f 3715 3713 3716
f 3715 3716 3717
f 3718 3715 3717
f 3718 3717 3719
f 3720 3718 3719
f 3720 3719 3721
f 3722 3720 3721
f 3723 3722 3721
f 3724 3722 3723
f 3725 3726 3727
f 3725 3727 3728
f 3729 3730 3731
f 3732 3730 3729
f 3733 3732 3729
f 3734 3733 3735
f 3734 3732 3733
f 3736 3735 3737
f 3736 3734 3735
f 3738 3736 3737
f 3739 3737 3740
f 3739 3738 3737
f 3741 3740 3742
f 3741 3742 3743
f 3741 3739 3740
f 3744 3743 3745
f 3744 3741 3743
f 3746 3744 3745
f 3747 3745 3748
f 3747 3748 3749
f 3747 3746 3745
f 3750 3747 3749
f 3751 3749 3752
f 3751 3752 3753
f 3751 3750 3749
f 3754 3753 3755
f 3754 3751 3753
f 3756 3755 3757
f 3756 3754 3755
f 3758 3757 3759
f 3758 3756 3757
f 3760 3758 3759
f 3761 3760 3759
f 3761 3759 3762
f 3761 3762 3763
f 3764 3761 3763
f 3765 3764 3763
f 3765 3763 3766
f 3767 3766 3768
f 3767 3765 3766
f 3769 3770 3771
f 3772 3770 3769
f 3773 3774 3775
f 3776 3777 3778
f 3779 3780 3781
f 3782 3779 3783
f 3782 3780 3779
f 3784 3783 3785
f 3784 3782 3783
f 3786 3785 3787
f 3786 3784 3785
f 3788 3787 3789
f 3788 3786 3787
f 3790 3788 3789
f 3791 3792 3793
f 3794 3793 3795
f 3794 3791 3793
f 3796 3795 3797
f 3796 3794 3795
f 3798 3797 3799
f 3798 3796 3797
f 3800 3798 3799
f 3801 3800 3799
f 3802 3801 3799
f 3803 3804 3781
f 3805 3806 3807
f 3808 3806 3805
f 3809 3808 3805
f 3810 3808 3809
f 3811 3810 3809
f 3812 3810 3811
f 3813 3814 3815
f 3816 3814 3813
f 3817 3816 3813
f 3818 3819 3820
f 3821 3818 3820
f 3822 3823 3818
f 3822 3818 3821
f 3822 3821 3820
f 3824 3823 3822
f 3824 3822 3820
f 3825 3820 3826
f 3825 3824 3820
f 3825 3823 3824
f 3827 3826 3828
f 3827 3828 3823
f 3827 3823 3825
f 3827 3825 3826
f 3829 3830 3831
f 3832 3830 3829
f 3833 3834 3835
f 3836 3833 3837
f 3838 3830 3839
f 3838 3839 3840
f 3838 3840 3831
f 3838 3831 3830
f 3841 3834 3832
f 3841 3829 3835
f 3841 3832 3829
f 3841 3835 3834
f 3842 3836 3834
f 3842 3834 3833
f 3842 3833 3836
f 3843 3836 3837
f 3844 3836 3843
f 3844 3843 3837
f 3845 3846 3836
f 3845 3837 3847
f 3845 3836 3844
f 3845 3844 3837
f 3848 3845 3847
f 3848 3846 3845
f 3849 3847 3846
f 3849 3848 3847
f 3849 3846 3848
f 3850 3851 3852
f 3853 3850 3852
f 3854 3850 3853
f 3855 3854 3853
f 3856 3854 3855
f 3857 3856 3855
f 3858 3859 3860
f 3861 3862 3858
f 3861 3860 3863
f 3861 3863 3864
f 3861 3864 3865
f 3861 3858 3860
f 3866 3865 3867
f 3866 3867 3868
f 3869 3870 3862
f 3869 3862 3861
f 3869 3861 3870
f 3871 3861 3865
f 3871 3865 3866
f 3871 3866 3868
f 3871 3870 3861
f 3872 3873 3870
f 3872 3874 3873
f 3872 3870 3871
f 3872 3871 3874
f 3875 3868 3876
f 3875 3876 3877
f 3875 3874 3871
f 3875 3871 3868
f 3878 3879 3880
f 3878 3877 3881
f 3878 3881 3879
f 3878 3875 3877
f 3882 3883 3874
f 3882 3875 3878
f 3882 3874 3875
f 3884 3885 3883
f 3884 3880 3885
f 3884 3882 3878
f 3884 3878 3880
f 3884 3883 3882
f 3886 3887 3888
f 3889 3890 3887
f 3889 3887 3886
f 3891 3890 3889
f 3892 3890 3891
f 3893 3891 3894
f 3893 3894 3895
f 3893 3895 3896
f 3893 3892 3891
f 3897 3898 3892
f 3897 3892 3893
f 3899 3900 3901
f 3899 3901 3902
f 3903 3904 3898
f 3903 3898 3897
f 3905 3899 3902
f 3906 3905 3902
f 3907 3902 3904
f 3907 3904 3903
f 3907 3906 3902
f 3908 3906 3907
f 3909 3908 3907
f 3910 3909 3907
f 3911 3912 3913
f 3911 3913 3914
f 3915 3914 3916
f 3915 3911 3914
f 3917 3916 3918
f 3917 3915 3916
f 3919 3920 3921
f 3919 3918 3920
f 3919 3917 3918
f 3922 3919 3921
f 3923 3921 3924
f 3923 3922 3921
f 3925 3926 3927
f 3928 3929 3930
f 3931 3932 3933
f 3934 3935 3936
f 3937 3938 3939
f 3940 3941 3942
f 3940 3942 3943
f 3944 3945 3931
f 3946 3947 3948
f 3949 3950 3943
f 3951 3952 3953
f 3954 3955 3956
f 3957 3958 3959
f 3960 3961 3962
f 3963 3964 3965
f 3966 3967 3968
f 3969 3970 3971
f 3972 3973 3974
f 3975 3976 3977
f 3978 3979 3980
f 3981 3975 3977
f 3982 3983 3984
f 3985 3986 3987
f 3988 3989 3990
f 3991 3992 3993
f 3994 3995 3996
f 3997 3998 3999
f 4000 4001 4002
f 4003 4004 4005
f 4006 4007 4008
f 4009 3941 3945
f 4010 4011 4012
f 4013 4014 3941
f 4015 4016 4017
f 4018 4019 4020
f 4021 4022 4011
f 4021 4023 4024
f 4025 4026 4027
f 4028 4029 4030
f 4025 4031 4032
f 4033 4034 4035
f 4036 4037 4038
f 4039 4040 4026
f 4041 3999 4042
f 4043 4044 4045
f 4046 3956 4040
f 4047 4048 4049
f 4046 3957 3956
f 4050 4051 4052
f 4053 4054 4055
f 4056 4057 4058
f 4059 4056 4058
f 4060 4061 4062
f 4063 4056 4059
f 4064 4065 4066
f 4067 4068 4069
f 4070 4071 4072
f 4073 4042 4074
f 4075 4076 4077
f 4078 4079 4080
f 4081 4082 4083
f 4084 4085 4086
f 4087 4082 4081
f 4087 4088 4082
f 4089 4090 4091
f 4092 4093 4094
f 4095 4088 4087
f 4095 4096 4088
f 4097 4098 4099
f 4097 4099 4100
f 4101 4102 4103
f 4104 4096 4095
f 4104 4105 4096
f 4106 4107 4108
f 4109 4110 4111
f 4112 4113 4114
f 4115 4116 4117
f 4118 4119 4120
f 4121 4122 4123
f 4124 3954 4046
f 4125 4126 4127
f 4128 4129 4130
f 4131 4132 4133
f 4134 4135 4136
f 4137 4138 4139
f 4140 4141 4142
f 4143 4144 4145
f 4146 4147 4148
f 4149 4150 4151
f 4152 4153 4154
f 4155 4156 4157
f 4158 4159 4160
f 4161 4162 4163
f 4164 4165 4166
f 4167 4110 4109
f 4168 4169 4170
f 4171 4172 4173
f 4174 4175 4176
f 4177 4178 4179
f 4180 4181 4182
f 4183 4184 4185
f 4183 4186 4184
f 4187 4188 4189
f 4190 4191 4192
f 4193 4194 4195
f 4196 4197 4198
f 4199 4183 4185
f 4200 4201 4202
f 4203 4204 4205
f 4206 4207 4208
f 4209 4210 4211
f 4212 4213 4214
f 4215 4216 4217
f 4218 4219 4220
f 4221 4222 4223
f 4224 4225 4226
f 4227 4228 4229
f 4230 4231 4232
f 4233 4234 4235
f 4236 4237 4193
f 4238 4239 4240
f 4241 3957 4242
f 4243 4244 4220
f 4245 4246 4247
f 4248 4249 4250
f 4251 4252 4191
f 4253 4237 4236
f 4254 4255 4256
f 4254 4257 4255
f 4258 4259 4260
f 4261 4262 4263
f 4264 4265 4266
f 4267 4268 4269
f 4267 4269 4270
f 4271 4272 4273
f 4274 4275 4276
f 4277 4278 4279
f 4280 4257 4254
f 4281 4282 4283
f 4284 4285 4286
f 4287 4288 4289
f 4290 3960 4291
f 4292 4288 4287
f 4293 4294 4295
f 4296 4297 4298
f 4299 4300 4287
f 4301 4302 4303
f 4304 4305 4306
f 4307 4308 4309
f 4307 4309 4310
f 4311 4305 4304
f 4311 4312 4305
f 4313 4314 4315
f 4316 4317 4318
f 4319 4320 4321
f 4322 4323 4324
f 4325 4310 4326
f 4325 4307 4310
f 4327 4328 4329
f 4330 4331 4332
f 4333 4334 4335
f 4336 4337 4338
f 4339 4340 4341
f 4342 4343 4344
f 4345 4346 4347
f 4348 4349 4350
f 4351 4352 4353
f 4354 4355 4356
f 4357 4358 4359
f 4360 4361 4362
f 4363 4300 4299
f 4364 4365 4366
f 4367 4368 4369
f 4370 4371 4372
f 4373 4374 4375
f 4376 4377 4378
f 4379 4380 4381
f 4382 4383 4384
f 4385 4386 4387
f 4388 4389 4390
f 4391 4392 4393
f 4394 4395 4396
f 4397 4292 4398
f 4399 4400 4401
f 4402 4403 4404
f 4405 4406 4407
f 4408 4409 4410
f 4408 4410 4411
f 4412 4413 4414
f 4415 4292 4397
f 4416 4417 4418
f 4419 4409 4408
f 4420 4421 4422
f 4420 4422 4423
f 4424 4425 4426
f 4427 4428 4429
f 4430 4431 4432
f 4433 4428 4427
f 4433 4434 4428
f 4435 4431 4430
f 4436 4437 4438
f 4439 4434 4433
f 4439 4440 4434
f 4441 4442 4443
f 4444 4445 4446
f 4447 4448 4449
f 4450 4451 4452
f 4453 4431 4435
f 4454 4455 4456
f 4457 4442 4441
f 4457 4458 4442
f 4459 4460 4461
f 4462 4463 4464
f 4465 4466 4467
f 4468 4469 4470
f 4471 4472 4473
f 4474 4475 4476
f 4477 4478 4479
f 4480 4481 4482
f 4483 4484 4485
f 4486 4487 4488
f 4483 4489 4490
f 4491 4492 4493
f 4494 4495 4496
f 4497 4498 4499
f 4500 4501 4502
f 4503 4504 4505
f 4506 4507 4508
f 4509 4510 4511
f 4512 4513 4514
f 4515 4516 4517
f 4518 4519 4520
f 4521 4522 4523
f 4524 4525 4526
f 4527 4528 4529
f 4530 4531 4532
f 4533 4534 4535
f 4536 4537 4538
f 4539 4331 4330
f 4539 4540 4541
f 4539 4542 4540
f 4543 4544 4545
f 4546 4547 4548
f 4549 4550 4551
f 4552 4553 4554
f 4555 4556 4557
f 4558 4559 4560
f 4561 4562 4563
f 4564 4565 3949
f 4564 4566 4567
f 4568 4569 4570
f 4571 4572 4573
f 4574 4575 4576
f 4577 4578 4579
f 4580 4581 4582
f 4564 3949 3943
f 4583 4584 4585
f 4586 4587 4588
f 4589 4590 4591
f 4592 4593 4594
f 4595 4596 4597
f 4598 4599 4600
f 4601 4602 4603
f 4604 4539 4330
f 4605 4606 4607
f 4608 4609 4610
f 4611 4612 4613
f 4614 4611 4613
f 4614 4613 4615
f 4614 4615 4616
f 4617 4618 4580
f 4619 4620 4621
f 4622 4623 4624
f 4625 4599 4598
f 4626 4627 4628
f 4629 4630 4631
f 4632 4633 4634
f 4635 4636 4637
f 4638 4639 4640
f 4641 4642 4643
f 4644 4627 4626
f 4645 4646 4647
f 4645 4647 4648
f 4649 4650 4651
f 4652 4653 4654
f 4655 4656 4558
f 4657 4658 4580
f 4659 4660 4661
f 4662 4663 4664
f 4665 4666 4564
f 4667 4668 4669
f 4670 4671 4672
f 4673 4674 4675
f 4676 4677 4678
f 4676 4678 4679
f 4680 4681 4682
f 4683 4684 4685
f 4686 4687 4688
f 4689 4690 4691
f 4692 4693 4694
f 4695 4696 4697
f 4698 4659 4699
f 4700 4701 4702
f 4703 4704 4705
f 4706 4707 4702
f 4708 4698 4699
f 4709 4710 4711
f 4712 4713 4714
f 4715 4716 4717
f 4718 4719 4720
f 4721 4664 4722
f 4723 4716 4715
f 4724 4725 4726
f 4727 4728 4729
f 4730 4731 4732
f 4733 4734 4735
f 4736 4737 4738
f 4739 4740 4741
f 4742 4743 4744
f 4745 4746 4747
f 4748 4749 4750
f 4751 4752 4753
f 4754 4755 4756
f 4757 4758 4759
f 4757 4760 4758
f 4761 4762 4763
f 4764 4765 4571
f 4766 4767 4768
f 4769 4770 4771
f 4772 4773 4774
f 4775 4776 4756
f 4777 4778 4779
f 4780 4781 4782
f 4783 4784 4785
f 4786 4787 4788
f 4789 4790 4791
f 4792 4793 4794
f 4795 4796 4797
f 4798 4799 4800
f 4801 4802 4803
f 4804 4805 4806
f 4807 4808 4809
f 4810 4811 4812
f 4813 4814 4815
f 4816 4817 4818
f 4819 4820 4821
f 4822 4791 4823
f 4824 4825 4826
f 4827 4828 4829
f 4830 4831 4832
f 4833 4834 4835
f 4836 4837 4838
f 4839 4840 4841
f 4842 4843 4844
f 4845 4817 4846
f 4847 4848 4849
f 4850 4851 4852
f 4853 4854 4855
f 4856 4857 4858
f 4859 4860 4861
f 4862 4863 4864
f 4865 4866 4867
f 4868 4869 4870
f 4871 4872 4873
f 4874 4875 4876
f 4877 4878 4879
f 4880 4881 4882
f 4883 4884 4885
f 4886 4887 4888
f 4889 4890 4891
f 4892 4893 4894
f 4895 4896 4897
f 4898 4899 4900
f 4901 4902 4903
f 4904 4905 4906
f 4907 4908 4909
f 4910 4911 4912
f 4913 4914 4915
f 4916 4917 4918
f 4919 4920 4921
f 4922 4923 4924
f 4925 4926 4927
f 4928 4929 4930
f 4931 4868 4932
f 4933 4934 4935
f 4936 4937 4938
f 4939 4940 4941
f 4942 4943 4944
f 4945 4940 4939
f 4946 4947 4948
f 4949 4950 4951
f 4952 4953 4954
f 4955 4956 4957
f 4958 4959 4960
f 4961 4962 4963
f 4964 4965 4966
f 4967 4968 4969
f 4970 4971 4972
f 4973 4974 4967
f 4975 4976 4977
f 4978 4979 4980
f 4981 4982 4983
f 4984 4985 4986
f 4987 4988 4989
f 4990 4991 4992
f 4993 4994 4995
f 4996 4997 4998
f 4999 5000 5001
f 4999 5002 5003
f 5004 4757 4817
f 5005 5006 5007
f 5008 5009 5010
f 4999 4760 4757
f 5011 5012 5013
f 5014 5015 5016
f 4999 5017 5018
f 4999 5019 5000
f 5020 5021 5022
f 5023 5024 5025
f 5026 5027 5028
f 5029 5030 5031
f 5032 5033 5034
f 4999 5035 5036
f 5004 3954 5037
f 5038 5039 5040
f 5004 5041 5042
f 5000 5043 5044
f 5045 5046 5047
f 5048 5049 5050
f 5051 5052 5053
f 4662 4595 5054
f 5055 5056 5057
f 5058 5059 5060
f 5061 4609 4608
f 5002 5062 5063
f 5002 5064 5065
f 5066 5067 5068
f 5068 5067 5069
f 5070 5071 5072
f 5073 5074 5075
f 5076 5077 5078
f 5079 5080 5081
f 5082 5083 3950
f 5084 5085 4202
f 5086 5087 5088
f 5089 5090 5091
f 5092 5093 5094
f 4285 5095 5096
f 5097 5098 5099
f 5100 5101 5102
f 5103 5104 5105
f 5106 5107 5108
f 5109 5110 5111
f 5111 5110 5112
f 4617 5113 4566
f 5114 5115 5116
f 5117 4740 4572
f 5118 5119 4664
f 5120 5121 5122
f 5123 5124 5125
f 5126 5127 5128
f 5129 5130 5131
f 5132 5133 5134
f 5135 5136 5137
f 5138 5123 5127
f 5139 5140 5141
f 5142 5143 5144
f 5145 5146 5147
f 5148 5149 5150
f 5151 5145 5147
f 5152 5153 5154
f 5155 5156 5157
f 5158 5159 5160
f 5161 5162 5163
f 5164 5165 5166
f 5167 5168 5169
f 5170 5171 5172
f 5173 5174 5175
f 5176 5177 5147
f 5178 5179 5180
f 5181 5182 5183
f 5184 5185 5186
f 5187 5188 5189
f 5190 5191 5192
f 5193 5194 5195
f 5196 5197 5198
f 5199 5200 5201
f 5202 5203 5204
f 5205 5206 5207
f 5208 5209 5210
f 5211 5212 5213
f 5214 5215 5147
f 5216 5217 5218
f 5219 5220 5221
f 5222 5223 5224
f 5225 5226 5227
f 5228 5229 5230
f 5231 5232 5233
f 5234 5231 5233
f 5235 5236 5237
f 5238 5239 5240
f 5241 5242 5243
f 5244 5245 5246
f 5247 5248 5249
f 5250 5251 5236
f 5252 5253 5254
f 5255 5256 5257
f 5258 5259 5260
f 5261 5262 5263
f 5264 5265 5266
f 5267 5268 5269
f 5270 5261 5263
f 5271 5272 5273
f 5274 5275 5276
f 5277 5278 5279
f 5280 5281 5282
f 5283 5284 5285
f 5286 5287 5288
f 5289 5290 5271
f 5291 5292 5293
f 5294 5295 5296
f 5297 5298 5299
f 5300 5301 5302
f 5303 5304 5305
f 5306 5307 5308
f 5309 5238 5310
f 5311 5283 5285
f 5312 5303 5313
f 5314 5315 5316
f 5317 5318 5312
f 5319 5320 5321
f 5322 5323 5324
f 5325 5326 5327
f 5328 5329 5330
f 5331 5332 5333
f 5334 5335 5336
f 5337 5338 5339
f 5340 5341 5342
f 5343 5344 5345
f 5346 5347 5348
f 5349 5350 5351
f 5032 5352 5353
f 5354 5355 5356
f 5357 5358 5359
f 5360 5361 5362
f 5363 5364 5365
f 4999 5366 5367
f 5349 5368 5369
f 5370 5371 5372
f 5370 5373 5371
f 5374 5375 5376
f 5377 5378 5379
f 5380 5346 5381
f 5382 5383 5384
f 5385 5386 5387
f 5388 5389 5127
f 5390 5388 5127
f 5391 5392 5393
f 5394 5395 5396
f 5397 5398 5399
f 5400 5346 5401
f 5402 5403 5390
f 5404 5405 5406
f 5407 5408 5409
f 5410 5411 5412
f 5413 5414 5415
f 5416 5403 5417
f 5418 5403 5416
f 5418 5400 5403
f 5419 5420 5421
f 5422 5400 5418
f 5423 5424 5425
f 5426 5400 5422
f 5427 5400 5428
f 5429 5400 5430
f 5431 5432 5400
f 5433 5434 5435
f 5436 5437 5438
f 5439 5432 5440
f 5441 5442 5443
f 5444 5445 5446
f 5432 5357 5400
f 5443 5401 5447
f 5448 5449 5450
f 5451 5447 5452
f 5453 5454 5455
f 5456 5457 5458
f 5459 5460 5461
f 5462 5463 5459
f 5462 5459 5461
f 5464 5465 5463
f 5464 5463 5462
f 5466 5467 5465
f 5466 5465 5464
f 5468 5469 5470
f 5468 5470 5471
f 5472 5468 5471
f 5473 5474 5468
f 5475 5468 5472
f 5475 5473 5468
f 5476 5472 5477
f 5476 5475 5472
f 5478 5476 5477
f 5479 5478 5477
f 5480 5481 5482
f 5483 5484 5481
f 5483 5481 5480
f 5485 5484 5483
f 5486 5487 5488
f 5486 5488 5484
f 5486 5484 5485
f 5489 5490 5487
f 5489 5487 5486
f 5491 5492 5490
f 5491 5490 5489
f 5493 5492 5491
f 5494 5495 5496
f 5497 5496 5498
f 5497 5494 5496
f 5499 5498 5500
f 5499 5497 5498
f 5501 5502 5503
f 5501 5503 5499
f 5501 5500 5504
f 5501 5499 5500
f 5505 5506 5507
f 5505 5507 5508
f 5509 5504 5510
f 5509 5501 5504
f 5511 5506 5505
f 5512 5506 5511
f 5513 5510 5506
f 5513 5509 5510
f 5513 5506 5512
f 5514 5513 5512
f 5515 5513 5514
f 5516 5513 5515
f 5517 5518 5519
f 5520 5521 5522
f 5523 5524 5525
f 5526 5527 5528
f 5529 5530 5531
f 5532 5533 5534
f 5535 5536 5537
f 5538 5539 5540
f 5541 5542 5543
f 5544 5545 5546
f 5547 5548 5549
f 5550 5551 5552
f 5553 5548 5547
f 5554 5555 5556
f 5557 5558 5559
f 5560 5561 5562
f 5563 5564 5565
f 5566 5567 5568
f 5569 5570 5571
f 5572 5573 5574
f 5575 5576 5577
f 5578 5579 5580
f 5581 5582 5583
f 5584 5585 5586
f 5566 5587 5567
f 5588 5589 5590
f 5591 5562 5587
f 5592 5593 5594
f 5595 5596 5597
f 5598 5599 5600
f 5601 5563 5565
f 5601 5565 5591
f 5602 5599 5598
f 5603 5604 5605
f 5606 5607 5608
f 5609 5610 5611
f 5612 5613 5614
f 5615 5616 5617
f 5618 5619 5620
f 5621 5622 5623
f 5624 5625 5626
f 5627 5628 5629
f 5630 5631 5632
f 5630 5632 5633
f 5634 5566 5635
f 5636 5637 5638
f 5639 5636 5638
f 5640 5641 5642
f 5643 5644 5645
f 5646 5647 5648
f 5649 5650 5651
f 5652 5653 5654
f 5655 5656 5657
f 5652 5658 5650
f 5659 5660 5661
f 5659 5661 5662
f 5663 5664 5665
f 5666 5667 5668
f 5669 5670 5671
f 5672 5673 5674
f 5659 5675 5652
f 5676 5677 5678
f 5679 5680 5681
f 5682 5659 5683
f 5682 5660 5659
f 5682 5678 5591
f 5682 5684 5634
f 5685 5686 5687
f 5688 5689 5690
f 5691 5692 5693
f 5694 5695 5696
f 5697 5698 5692
f 5697 5692 5691
f 5699 5698 5697
f 5700 5701 5698
f 5700 5702 5701
f 5700 5698 5699
f 5703 5704 5702
f 5703 5702 5700
f 5705 5704 5703
f 5706 5707 5704
f 5706 5704 5705
f 5708 5709 5707
f 5708 5707 5706
f 5710 5711 5709
f 5710 5712 5711
f 5710 5709 5708
f 5713 5712 5710
f 5714 5712 5713
f 5715 5714 5713
f 5716 5714 5717
f 5718 5716 5717
f 5719 5720 5721
f 5722 5719 5721
f 5723 5719 5722
f 5724 5725 5726
f 5727 5723 5722
f 5728 5729 5725
f 5728 5725 5724
f 5730 5729 5728
f 5731 5732 5729
f 5731 5729 5730
f 5733 5734 5732
f 5733 5735 5734
f 5733 5732 5731
f 5736 5735 5733
f 5737 5738 5735
f 5737 5735 5736
f 5739 5740 5738
f 5739 5738 5737
f 5741 5742 5743
f 5744 5740 5739
f 5745 5746 5747
f 5748 5749 5750
f 5745 5747 5751
f 5752 5753 5749
f 5752 5749 5748
f 5754 5755 5753
f 5754 5753 5752
f 5756 5757 5755
f 5756 5755 5754
f 5758 5759 5757
f 5758 5757 5756
f 5760 5761 5759
f 5760 5759 5758
f 5762 5761 5760
f 5762 5763 5761
f 5764 5763 5762
f 5764 5765 5763
f 5766 5765 5764
f 5766 5767 5765
f 5768 5767 5766
f 5768 5769 5767
f 5770 5769 5768
f 5771 5769 5770
f 5772 5773 5771
f 5772 5771 5770
f 5774 5773 5772
f 5775 5776 5773
f 5775 5777 5776
f 5775 5773 5774
f 5778 5777 5775
f 5779 5780 5777
f 5779 5777 5778
f 5781 5782 5780
f 5781 5783 5782
f 5781 5780 5779
f 5784 5783 5781
f 5785 5786 5783
f 5785 5783 5784
f 5787 5788 5786
f 5787 5786 5785
f 5789 5790 5788
f 5789 5788 5787
f 5791 5792 5790
f 5791 5790 5789
f 5793 5792 5791
f 5794 5795 5793
f 5794 5793 5791
f 5796 5795 5794
f 5797 5798 5795
f 5797 5795 5796
f 5799 5800 5798
f 5799 5798 5797
f 5801 5802 5800
f 5801 5800 5799
f 5803 5804 5802
f 5803 5802 5801
f 5805 5806 5804
f 5805 5804 5803
f 5807 5808 5806
f 5807 5806 5805
f 5809 5810 5808
f 5809 5808 5807
f 5811 5812 5810
f 5811 5810 5809
f 5813 5814 5812
f 5813 5812 5811
f 5815 5816 5817
f 5818 5819 5820
f 5821 5822 5823
f 5824 5821 5823
f 5825 5826 5827
f 5828 5829 5830
f 5831 5832 5833
f 5834 5822 5821
f 5835 5836 5837
f 5838 5839 5840
f 5841 5842 5843
f 5844 5845 5846
f 5847 5848 5849
f 5850 5851 5852
f 5853 5854 5855
f 5856 5857 5858
f 5859 5860 5861
f 5862 5863 5864
f 5865 5862 5864
f 5866 5867 5868
f 5869 5870 5871
f 5872 5873 5874
f 5875 5876 5877
f 5878 5879 5880
f 5878 5881 5879
f 5882 5883 5884
f 5885 5886 5887
f 5888 5889 5890
f 5891 5892 5893
f 5894 5895 5896
f 5897 5898 5899
f 5900 5901 5902
f 5903 5904 5905
f 5906 5907 5908
f 5909 5910 5911
f 5912 5869 5871
f 5913 5914 5915
f 5916 5917 5918
f 5919 5920 5921
f 5922 5923 5924
f 5925 5926 5927
f 5928 5929 5930
f 5931 5932 5933
f 5934 5935 5936
f 5934 5936 5937
f 5938 5939 5940
f 5938 5940 5916
f 5941 5916 5918
f 5941 5918 5942
f 5943 5944 5945
f 5946 5947 5948
f 5949 5950 5951
f 5952 5953 5954
f 5955 5956 5957
f 5958 5959 5960
f 5961 5962 5963
f 5964 5965 5966
f 5967 5968 5969
f 5970 5971 5972
f 5970 5973 5971
f 5974 5975 5976
f 5977 5978 5979
f 5980 5981 5982
f 5983 5984 5985
f 5986 5978 5977
f 5987 5988 5989
f 5990 5991 5992
f 5993 5994 5995
f 5996 5997 5998
f 5999 6000 6001
f 6002 6003 6004
f 6005 6006 6007
f 6008 6009 6010
f 6011 6012 6013
f 6014 6015 6016
f 6017 6018 6019
f 6020 6021 6022
f 6023 6024 6025
f 6026 6027 6028
f 6029 6030 6031
f 6032 6033 6029
f 6034 6035 6036
f 6037 6038 6034
f 6039 6040 6041
f 6042 6043 6044
f 6045 6042 6044
f 6046 6047 6048
f 6049 6050 6047
f 6049 6047 6046
f 6051 6052 6050
f 6051 6050 6049
f 6053 6054 6052
f 6053 6052 6051
f 6055 6054 6053
f 6056 6054 6055
f 6057 6056 6055
f 6058 6059 6056
f 6058 6056 6057
f 6060 6061 6059
f 6060 6059 6058
f 6062 6063 6064
f 6062 6064 6061
f 6062 6061 6060
f 6065 6066 6063
f 6065 6063 6062
f 6067 6068 6066
f 6067 6066 6065
f 6069 6068 6067
f 6070 6068 6069
f 6071 6070 6069
f 6072 6073 6070
f 6072 6070 6071
f 6074 6073 6072
f 6074 6075 6073
f 6076 6075 6074
f 6076 6077 6075
f 6078 6077 6076
f 6078 6079 6077
f 6080 6079 6078
f 6080 6081 6082
f 6080 6082 6079
f 6083 6081 6080
f 6083 6084 6081
f 6085 6084 6083
f 6085 6086 6084
f 6087 6086 6085
f 6088 6089 6090
f 6091 6088 6090
f 6092 6093 6094
f 6092 6095 6093
f 6096 6097 6098
f 6099 6100 6101
f 6102 6092 6094
f 6103 6104 6105
f 6106 6107 6108
f 6109 6110 6111
f 6112 6113 6114
f 6115 6116 6117
f 6115 6118 6116
f 6115 6119 6118
f 6120 6121 6122
f 6120 6123 6121
f 6124 6122 6125
f 6126 6127 6128
f 6129 6120 6130
f 6131 6132 6133
f 6134 6135 6136
f 6137 6138 6139
f 6140 6141 6142
f 6140 6142 6143
f 6140 6143 6144
f 6145 6146 6141
f 6145 6144 6147
f 6145 6140 6144
f 6145 6141 6140
f 6148 6149 6146
f 6148 6147 6150
f 6148 6146 6145
f 6148 6145 6147
f 6151 6152 6149
f 6151 6148 6150
f 6151 6149 6148
f 6153 6154 6152
f 6153 6150 6155
f 6153 6152 6151
f 6153 6151 6150
f 6156 6155 6157
f 6156 6153 6155
f 6156 6154 6153
f 6158 6159 6160
f 6158 6160 6161
f 6158 6161 6154
f 6158 6157 6162
f 6158 6162 6159
f 6158 6154 6156
f 6158 6156 6157
f 6163 6164 6165
f 6166 6163 6165
f 6167 6163 6166
f 6168 6167 6166
f 6169 6167 6168
f 6170 6169 6168
f 6171 6172 6173
f 6174 6175 6172
f 6174 6172 6171
f 6176 6177 6175
f 6176 6175 6174
f 6178 6179 6180
f 6181 6182 6183
f 6184 6185 6186
f 6184 6187 6185
f 6188 6189 6187
f 6188 6187 6184
f 6190 6191 6192
f 6193 6194 6195
f 6196 6197 6198
f 6199 6200 6201
f 6202 6203 6204
f 6205 6206 6207
f 6208 6209 6210
f 6211 6210 6212
f 6211 6208 6210
f 6213 6214 6215
f 6216 6217 6218
f 6219 6220 6221
f 6222 6223 6224
f 6225 6214 6213
f 6226 6227 6228
f 6229 6230 6231
f 6232 6233 6234
f 6235 6236 6237
f 6238 6239 6240
f 6241 6242 6243
f 6241 6244 6242
f 6245 6246 6247
f 6248 6249 6250
f 6245 6251 6246
f 6252 6253 6251
f 6252 6251 6245
f 6254 6255 6256
f 6257 6254 6256
f 6258 6254 6257
f 6259 6260 6261
f 6262 6263 6264
f 6265 6262 6264
f 6266 6262 6265
f 6267 6268 6269
f 6270 6271 6272
f 6273 6272 6274
f 6273 6270 6272
f 6275 6276 6277
f 6278 6279 6280
f 6281 6282 6283
f 6284 6285 6286
f 6287 6288 6289
f 6290 6291 6292
f 6293 6294 6295
f 6296 6281 6283
f 6297 6298 6299
f 6300 6297 6299
f 6301 6297 6300
f 6302 6303 6304
f 6305 6301 6300
f 6306 6307 6308
f 6309 6307 6306
f 6310 6311 6312
f 6310 6313 6311
f 6314 6312 6315
f 6314 6310 6312
f 6316 6317 6318
f 6319 6320 6321
f 6322 6323 6324
f 6325 6326 6327
f 6328 6329 6330
f 6331 6316 6318
f 6332 6333 6334
f 6335 6336 6337
f 6338 6335 6339
f 6340 6341 6342
f 6343 6344 6345
f 6346 6347 6348
f 6349 6350 6347
f 6349 6347 6346
f 6351 6352 6353
f 6354 6355 6356
f 6357 6358 6359
f 6360 6361 6362
f 6363 6364 6365
f 6366 6367 6368
f 6369 6370 6371
f 6372 6371 6373
f 6372 6369 6371
f 6374 6373 6375
f 6374 6372 6373
f 6376 6377 6378
f 6379 6374 6375
f 6380 6381 6382
f 6383 6384 6385
f 6386 6387 6388
f 6389 6390 6391
f 6392 6393 6394
f 6395 6396 6397
f 6398 6396 6395
f 6399 6400 6401
f 6402 6403 6404
f 6402 6405 6403
f 6406 6407 6408
f 6406 6409 6407
f 6406 6404 6409
f 6406 6402 6404
f 6410 6408 6411
f 6410 6406 6408
f 6412 6411 6413
f 6412 6410 6411
f 6414 6412 6413
f 6415 6414 6416
f 6415 6412 6414
f 6417 6415 6416
f 6418 6415 6417
f 6419 6415 6418
f 6420 6415 6419
f 6421 6415 6420
f 6422 6423 6424
f 6425 6424 6426
f 6425 6422 6424
f 6427 6426 6428
f 6427 6425 6426
f 6429 6428 6430
f 6429 6427 6428
f 6431 6429 6430
f 6432 6430 6433
f 6432 6431 6430
f 6434 6435 6436
f 6434 6433 6435
f 6434 6432 6433
f 6437 6436 6438
f 6437 6434 6436
f 6439 6437 6438
f 6440 6438 6441
f 6440 6439 6438
f 6442 6441 6443
f 6442 6440 6441
f 6444 6443 6445
f 6444 6442 6443
f 6446 6447 6448
f 6446 6445 6447
f 6446 6444 6445
f 6449 6446 6448
f 6450 6449 6448
f 6450 6448 6451
f 6452 6450 6451
f 6452 6453 6454
f 6452 6451 6453
f 6455 6452 6454
f 6456 6455 6454
f 6456 6454 6457
f 6458 6456 6457
f 6458 6457 6459
f 6460 6458 6459
f 6460 6459 6461
f 6462 6463 6464
f 6462 6464 6465
f 6466 6467 6468
f 6466 6465 6467
f 6466 6462 6465
f 6469 6468 6470
f 6469 6466 6468
f 6471 6470 6472
f 6471 6469 6470
f 6473 6471 6472
f 6474 6475 6476
f 6474 6472 6475
f 6474 6473 6472
f 6477 6476 6478
f 6477 6474 6476
f 6479 6477 6478
f 6480 6478 6481
f 6480 6479 6478
f 6482 6481 6483
f 6482 6480 6481
f 6484 6485 6486
f 6484 6483 6485
f 6484 6482 6483
f 6487 6484 6486
f 6488 6487 6486
f 6488 6486 6489
f 6490 6488 6489
f 6490 6491 6492
f 6490 6489 6491
f 6493 6490 6492
f 6493 6492 6494
f 6495 6493 6494
f 6496 6497 6498
f 6496 6494 6497
f 6496 6495 6494
f 6499 6496 6498
f 6500 6498 6501
f 6500 6499 6498
f 6502 6501 6503
f 6502 6500 6501
f 6504 6505 6506
f 6507 6508 6509
f 6510 6511 6512
f 6513 6511 6510
f 6514 6515 6516
f 6514 6517 6515
f 6518 6519 6520
f 6518 6516 6519
f 6518 6514 6516
f 6521 6520 6522
f 6521 6518 6520
f 6523 6521 6522
f 6524 6525 6526
f 6524 6522 6525
f 6524 6523 6522
f 6527 6526 6528
f 6527 6524 6526
f 6529 6528 6530
f 6529 6527 6528
f 6531 6529 6530
f 6532 6533 6534
f 6532 6530 6533
f 6532 6531 6530
f 6535 6534 6536
f 6535 6532 6534
f 6537 6536 6538
f 6537 6535 6536
f 6539 6537 6538
f 6539 6538 6540
f 6541 6539 6540
f 6542 6540 6543
f 6542 6541 6540
f 6544 6542 6543
f 6544 6545 6546
f 6544 6543 6545
f 6547 6546 6548
f 6547 6544 6546
f 6549 6547 6548
f 6550 6548 6551
f 6550 6549 6548
f 6552 6551 6553
f 6552 6550 6551
f 6554 6555 6556
f 6557 6558 6559
f 6560 6561 6562
f 6563 6564 6565
f 6566 6561 6560
f 6567 6563 6565
f 6568 6565 6569
f 6568 6567 6565
f 6570 6571 6572
f 6570 6569 6571
f 6570 6568 6569
f 6573 6570 6572
f 6574 6575 6576
f 6574 6572 6575
f 6574 6573 6572
f 6577 6574 6576
f 6578 6576 6579
f 6578 6577 6576
f 6580 6581 6582
f 6580 6579 6581
f 6580 6578 6579
f 6583 6580 6582
f 6584 6585 6586
f 6584 6582 6585
f 6584 6583 6582
f 6587 6584 6586
f 6588 6587 6586
f 6588 6586 6589
f 6590 6588 6589
f 6590 6589 6591
f 6592 6590 6591
f 6592 6591 6593
f 6594 6592 6593
f 6594 6593 6595
f 6596 6594 6595
f 6596 6597 6598
f 6596 6595 6597
f 6599 6596 6598
f 6599 6598 6600
f 6601 6599 6600
f 6601 6600 6602
f 6603 6601 6602
f 6604 6603 6602
f 6605 6603 6604
f 6606 6607 6608
f 6609 6610 6611
f 6609 6612 6610
f 6613 6614 6615
f 6616 6614 6613
f 6616 6617 6614
f 6618 6617 6616
f 6619 6617 6618
f 6620 6617 6619
f 6621 6617 6609
f 6621 6622 6607
f 6621 6611 6622
f 6621 6606 6614
f 6621 6607 6606
f 6621 6609 6611
f 6621 6614 6617
f 6623 6624 6625
f 6626 6625 6627
f 6626 6627 6628
f 6626 6623 6625
f 6629 6630 6624
f 6629 6624 6623
f 6631 6632 6630
f 6631 6630 6629
f 6633 6634 6632
f 6635 6633 6632
f 6635 6632 6631
f 6636 6635 6631
f 6637 6626 6628
f 6638 6637 6628
f 6639 6640 6641
f 6639 6641 6642
f 6643 6642 6644
f 6643 6639 6642
f 6645 6644 6646
f 6645 6643 6644
f 6647 6646 6648
f 6647 6645 6646
f 6649 6647 6648
f 6650 6647 6649
f 6651 6650 6649
f 6652 6650 6651
f 6653 6652 6651
f 6654 6652 6653
f 6655 6656 6653
f 6657 6655 6653
f 6658 6655 6657
f 6659 6658 6657
f 6660 6658 6659
f 6661 6660 6659
f 6662 6660 6661
f 6663 6664 6662
f 6663 6662 6661
f 6665 6666 6664
f 6665 6664 6663
f 6667 6668 6666
f 6667 6666 6665
f 6669 6670 6668
f 6669 6668 6667
f 6671 6672 6673
f 6674 6675 6671
f 6674 6671 6673
f 6676 6677 6675
f 6676 6675 6674
f 6678 6677 6676
f 6679 6680 6677
f 6679 6681 6680
f 6679 6677 6678
f 6682 6681 6679
f 6683 6684 6681
f 6683 6685 6684
f 6683 6681 6682
f 6686 6685 6683
f 6687 6688 6685
f 6687 6689 6688
f 6687 6685 6686
f 6690 6691 6689
f 6690 6689 6687
f 6692 6691 6690
f 6693 6694 6691
f 6693 6691 6692
f 6695 6696 6694
f 6695 6697 6696
f 6695 6694 6693
f 6698 6697 6695
f 6698 6699 6697
f 6700 6699 6698
f 6700 6701 6699
f 6702 6701 6700
f 6703 6701 6702
f 6703 6704 6701
f 6705 6704 6703
f 6705 6706 6704
f 6707 6706 6705
f 6707 6708 6706
f 6709 6708 6707
f 6709 6710 6708
f 6711 6710 6709
f 6711 6712 6710
f 6713 6712 6711
f 6713 6714 6712
f 6715 6714 6716
f 6715 6717 6714
f 6718 6719 6720
f 6721 6722 6723
f 6724 6725 6726
f 6727 6724 6726
f 6728 6729 6730
f 6731 6732 6733
f 6734 6735 6736
f 6734 6736 6737
f 6738 6739 6740
f 6738 6741 6739
f 6742 6743 6744
f 6745 6746 6747
f 6748 6749 6750
f 6751 6750 6752
f 6751 6748 6750
f 6753 6754 6749
f 6753 6755 6754
f 6753 6749 6748
f 6756 6752 6757
f 6756 6751 6752
f 6758 6757 6759
f 6760 6756 6757
f 6760 6757 6758
f 6761 6756 6760
f 6762 6763 6755
f 6762 6755 6753
f 6764 6763 6762
f 6765 6766 6767
f 6765 6768 6766
f 6765 6767 6768
f 6769 6767 6770
f 6769 6768 6767
f 6771 6772 6768
f 6771 6768 6769
f 6771 6769 6770
f 6773 6770 6774
f 6773 6771 6770
f 6773 6772 6771
f 6775 6774 6772
f 6775 6772 6773
f 6775 6773 6774
f 6776 6777 6778
f 6776 6779 6777
f 6780 6781 6782
f 6780 6783 6779
f 6780 6776 6778
f 6780 6779 6776
f 6784 6782 6783
f 6784 6783 6780
f 6784 6780 6782
f 6785 6778 6786
f 6787 6780 6778
f 6787 6778 6785
f 6787 6785 6786
f 6787 6781 6780
f 6788 6789 6781
f 6788 6781 6787
f 6788 6787 6789
f 6790 6786 6791
f 6792 6793 6794
f 6792 6790 6791
f 6792 6786 6790
f 6792 6787 6786
f 6792 6789 6787
f 6795 6794 6789
f 6795 6792 6794
f 6795 6789 6792
f 6796 6797 6798
f 6796 6798 6799
f 6800 6791 6797
f 6800 6797 6796
f 6800 6796 6799
f 6801 6799 6802
f 6801 6800 6799
f 6801 6793 6792
f 6801 6792 6791
f 6801 6791 6800
f 6803 6802 6793
f 6803 6793 6801
f 6803 6801 6802
f 6804 6805 6806
f 6807 6805 6804
f 6808 6807 6804
f 6809 6808 6804
f 6810 6808 6809
f 6811 6812 6813
f 6814 6815 6816
f 6817 6818 6819
f 6820 6821 6822
f 6823 6824 6825
f 6826 6827 6828
f 6829 6820 6822
f 6830 6831 6832
f 6833 6834 6835
f 6836 6837 6838
f 6839 6840 6841
f 6842 6843 6844
f 6845 6846 6847
f 6848 6849 6850
f 6851 6852 6853
f 6854 6855 6856
f 6857 6858 6859
f 6860 6861 6862
f 6863 6864 6865
f 6866 6867 6868
f 6869 6870 6858
f 6871 6872 6873
f 6874 6875 6876
f 6877 6878 6879
f 6880 6881 6882
f 6883 6884 6885
f 6886 6887 6888
f 6889 6890 6891
f 6892 6893 6894
f 6895 6896 6897
f 6898 6899 6900
f 6901 6902 6903
f 6904 6905 6906
f 6907 6908 6909
f 6910 6911 6912
f 6913 6914 6915
f 6916 6917 6918
f 6919 6920 6921
f 6922 6923 6924
f 6925 6926 6927
f 6925 6928 6926
f 6929 6930 6931
f 6929 6932 6930
f 6933 6881 6880
f 6934 6935 6936
f 6937 6938 6939
f 6940 6941 6942
f 6943 6944 6945
f 6946 6947 6948
f 6949 6950 6951
f 6952 6953 6954
f 6955 6956 6957
f 6958 6959 6960
f 6961 6962 6963
f 6964 6965 6966
f 6967 6968 6969
f 6970 6971 6972
f 6973 6941 6940
f 6974 6975 6976
f 6977 6978 6979
f 6980 6981 6982
f 6983 6984 6985
f 6986 6987 6988
f 6989 6990 6991
f 6992 6993 6994
f 6995 6996 6973
f 6995 6997 6996
f 6998 6999 7000
f 7001 7002 7003
f 7004 7005 7006
f 7007 7008 7009
f 7010 7011 7012
f 7013 7014 7015
f 7016 7017 7018
f 7019 7020 7021
f 7022 7023 7024
f 7025 7026 7027
f 7028 7016 7018
f 7028 7018 7029
f 7030 7031 7032
f 7033 7034 7035
f 7036 7028 7029
f 7037 7034 7033
f 7038 7039 7040
f 7041 7042 7043
f 7044 7034 7037
f 7045 7046 7047
f 7048 7049 7050
f 7051 7052 7053
f 7051 7054 7052
f 7055 7056 7057
f 7058 7059 7060
f 7058 7060 7061
f 7062 7063 7064
f 7065 7066 7067
f 7068 7069 7070
f 7071 7058 7061
f 7072 7073 7074
f 7075 7076 7077
f 7078 7079 7080
f 7081 7082 7083
f 7084 7085 7086
f 7087 7088 7089
f 7090 7091 7092
f 7093 7094 7095
f 7096 7097 7098
f 7099 7100 7101
f 7102 7103 7104
f 7105 7099 7101
f 7106 7107 7108
f 7109 7110 7111
f 7112 7113 7114
f 7115 7116 7117
f 7118 7119 7120
f 7121 7122 7123
f 7124 7125 7126
f 7127 7102 7104
f 7128 7129 7130
f 7131 7132 7133
f 7134 7135 7136
f 7137 7138 7139
f 7140 7141 7142
f 7143 7141 7140
f 7144 7145 7146
f 7147 7148 7149
f 7150 7151 7152
f 7153 7154 7155
f 7156 7157 7158
f 7159 7160 7161
f 7162 7163 7164
f 7165 7166 7167
f 7168 7156 7158
f 7169 7170 7171
f 7172 7173 7174
f 7175 7176 7177
f 7178 7179 7180
f 7181 7182 7183
f 7184 7185 7186
f 7187 7188 7189
f 7190 7191 7192
f 7193 7194 7195
f 7193 7196 7194
f 7197 7198 7188
f 7199 7200 7201
f 7202 7203 7204
f 7205 7206 7207
f 7208 7209 7210
f 7211 7212 7213
f 7214 7215 7216
f 7217 7218 7219
f 7220 7221 7222
f 7223 7224 7225
f 7226 7227 7228
f 7229 7230 7231
f 7232 7233 7234
f 7235 7236 7237
f 7238 7239 7240
f 7241 7205 7207
f 7242 7243 7244
f 7245 7246 7247
f 7248 7249 7250
f 7251 7252 7253
f 7254 7255 7256
f 7257 7258 7259
f 7260 7261 7262
f 7263 7264 7265
f 7266 7267 7268
f 7269 7270 7271
f 7272 7273 7274
f 7275 7276 7277
f 7278 7279 7280
f 7278 7280 7281
f 7282 7283 7284
f 7285 7286 7287
f 7288 7289 7290
f 7291 7292 7293
f 7294 7295 7296
f 7297 7298 7299
f 7300 7301 7302
f 7303 7304 7305
f 7306 7307 7308
f 7309 7310 7311
f 7312 7297 7299
f 7304 7313 7305
f 7314 7315 7316
f 7317 7318 7319
f 7320 7321 7322
f 7323 7324 7325
f 7326 7327 7328
f 7329 7330 7331
f 7332 7333 7334
f 7335 7336 7337
f 7338 7335 7337
f 7339 7340 7341
f 7342 7339 7341
f 7343 7344 7339
f 7332 7330 7329
f 7331 7345 7329
f 7344 7346 7339
f 7329 7347 7332
f 7348 6608 7349
f 7350 7349 7351
f 7350 7348 7349
f 7352 7350 7351
f 7353 7351 7354
f 7353 7354 7355
f 7353 7355 6612
f 7353 7356 7352
f 7353 7352 7351
f 7357 7356 7353
f 7358 7357 7353
f 7359 7358 7353
f 7360 7361 7362
f 7363 7364 7365
f 7366 7367 7368
f 7369 7370 7371
f 7372 7373 7374
f 7372 7375 7376
f 7372 7377 7375
f 7378 7372 7379
f 7380 7372 7381
f 7382 7372 7383
f 7384 7372 7382
f 7385 7372 7386
f 7387 7388 7389
f 7390 7391 7392
f 7393 7394 7395
f 7396 7397 7398
f 7399 7400 7401
f 7402 7403 7404
f 7405 7406 7407
f 7408 7409 7410
f 7411 7412 7413
f 7414 7415 7416
f 7417 7418 7419
f 7420 7405 7421
f 7422 7423 7424
f 7425 7426 7427
f 7428 7429 7430
f 7431 7432 7433
f 7434 7435 7436
f 7437 7438 7439
f 7440 7441 7442
f 7443 7444 7445
f 7446 7447 7448
f 7449 7450 7451
f 7452 7453 7454
f 7455 7456 7457
f 7458 7459 7460
f 7461 7462 7463
f 7464 7465 7466
f 7467 7468 7469
f 7470 7471 7472
f 7473 7474 7475
f 7476 7477 7478
f 7479 7480 7481
f 7482 7483 7484
f 7485 7486 7487
f 7488 7489 7490
f 7491 7492 7493
f 7494 7495 7496
f 7497 7498 7499
f 7500 7501 7502
f 7503 7504 7505
f 7506 7507 7508
f 7509 7510 7511
f 7512 7513 7514
f 7515 7516 7517
f 7518 7519 7520
f 7521 7522 7523
f 7521 7523 7524
f 7525 7526 7527
f 7528 7529 7530
f 7531 7518 7520
f 7532 7533 7534
f 7535 7536 7537
f 7538 7539 7540
f 7541 7542 7543
f 7544 7545 7546
f 7547 7548 7549
f 7550 7551 7552
f 7553 7554 7555
f 7556 7557 7558
f 7559 7560 7561
f 7562 7563 7564
f 7565 7566 7567
f 7568 7561 7569
f 7570 7544 7546
f 7571 7572 7573
f 7574 7575 7576
f 7577 7575 7574
f 7578 7579 7580
f 7581 7578 7580
f 7582 7581 7583
f 7584 7575 7585
f 7584 7585 7586
f 7584 7586 7576
f 7584 7576 7575
f 7587 7578 7577
f 7587 7574 7579
f 7587 7577 7574
f 7587 7579 7578
f 7588 7580 7583
f 7588 7581 7580
f 7588 7583 7581
f 7589 7582 7583
f 7590 7583 7591
f 7590 7592 7582
f 7590 7582 7589
f 7590 7589 7583
f 7593 7590 7591
f 7593 7592 7590
f 7593 7591 7592
f 7594 7592 7591
f 7595 7591 7596
f 7595 7596 7597
f 7595 7597 7592
f 7595 7594 7591
f 7595 7592 7594
f 7598 7599 7600
f 7601 7602 7603
f 7601 7603 7604
f 7601 7604 7599
f 7601 7599 7598
f 7605 7606 7607
f 7605 7607 7608
f 7605 7608 7602
f 7605 7602 7601
f 7609 7601 7598
f 7610 7611 7606
f 7610 7601 7609
f 7610 7606 7605
f 7610 7605 7601
f 7612 7598 7613
f 7612 7609 7598
f 7614 7615 7611
f 7614 7611 7610
f 7614 7610 7609
f 7614 7609 7612
f 7616 7613 7617
f 7616 7617 7618
f 7616 7619 7620
f 7616 7621 7619
f 7616 7618 7621
f 7616 7612 7613
f 7622 7623 7615
f 7622 7614 7612
f 7622 7615 7614
f 7622 7612 7616
f 7622 7616 7620
f 7624 7625 7623
f 7624 7620 7625
f 7624 7622 7620
f 7624 7623 7622
f 7626 7627 7628
f 7626 7628 7629
f 7630 7631 7632
f 7630 7632 7633
f 7634 7635 7631
f 7634 7631 7630
f 7636 7635 7634
f 7637 7636 7634
f 7638 7636 7637
f 7639 7640 7638
f 7639 7638 7637
f 7641 7642 7640
f 7641 7640 7639
f 7643 7644 7645
f 7643 7646 7644
f 7647 7648 7649
f 7647 7649 7650
f 7651 7652 7648
f 7651 7648 7647
f 7653 7654 7652
f 7653 7652 7651
f 7655 7656 7654
f 7655 7654 7653
f 7657 7658 7656
f 7657 7656 7655
f 7659 7660 7658
f 7659 7658 7657
f 7661 7662 7663
f 7661 7664 7662
f 7665 7666 7667
f 7665 7668 7666
f 7669 7670 7668
f 7669 7668 7665
f 7671 7672 7670
f 7671 7670 7669
f 7673 7674 7672
f 7673 7672 7671
f 7675 7676 7674
f 7675 7674 7673
f 7677 7678 7676
f 7677 7676 7675
f 7679 7680 7681
f 7682 7683 7684
f 7685 7686 7687
f 7688 7687 7689
f 7688 7689 7690
f 7688 7685 7687
f 7691 7692 7693
f 7694 7695 7691
f 7694 7691 7693
f 7696 7693 7697
f 7696 7694 7693
f 7698 7697 7699
f 7698 7699 7700
f 7698 7696 7697
f 7701 7700 7702
f 7701 7698 7700
f 7703 7704 7705
f 7706 7707 7708
f 7709 7710 7711
f 7712 7707 7706
f 7713 7714 7704
f 7713 7704 7703
f 7715 7716 7714
f 7715 7711 7716
f 7715 7714 7713
f 7715 7709 7711
f 7717 7703 7718
f 7717 7713 7703
f 7719 7720 7709
f 7719 7709 7715
f 7719 7715 7713
f 7719 7713 7717
f 7721 7718 7707
f 7721 7722 7723
f 7721 7712 7722
f 7721 7717 7718
f 7721 7707 7712
f 7724 7725 7726
f 7724 7723 7725
f 7724 7726 7720
f 7724 7721 7723
f 7724 7720 7719
f 7724 7719 7717
f 7724 7717 7721
f 7727 7728 7729
f 7727 7729 7730
f 7727 7730 7731
f 7732 7731 7733
f 7732 7727 7731
f 7734 7733 7735
f 7734 7732 7733
f 7736 7735 7737
f 7736 7734 7735
f 7738 7737 7739
f 7738 7736 7737
f 7740 7739 7741
f 7740 7738 7739
f 7742 7741 7743
f 7742 7740 7741
f 7744 7743 7745
f 7744 7742 7743
f 7746 7744 7745
f 7747 7745 7748
f 7747 7748 7749
f 7747 7746 7745
f 7750 7747 7749
f 7750 7749 7751
f 7752 7750 7751
f 7752 7751 7753
f 7754 7752 7753
f 7754 7753 7755
f 7756 7754 7755
f 7756 7755 7757
f 7758 7756 7757
f 7758 7757 7759
f 7760 7758 7759
f 7760 7759 7761
f 7762 7760 7761
f 7762 7761 7763
f 7764 7762 7763
f 7764 7763 7765
f 7766 7764 7765
f 7766 7765 7767
f 7768 7766 7767
f 7768 7767 7769
f 7770 7768 7769
f 7770 7769 7771
f 7772 7770 7771
f 7773 7772 7771
f 7774 7772 7773
f 7775 7774 7773
f 7776 7774 7775
f 7777 7778 7779
f 7780 7781 7782
f 7783 7784 7785
f 7786 7784 7783
f 7787 7786 7783
f 7788 7786 7787
f 7789 7787 7790
f 7789 7788 7787
f 7791 7790 7792
f 7791 7792 7793
f 7791 7789 7790
f 7794 7791 7793
f 7795 7793 7796
f 7795 7794 7793
f 7797 7796 7798
f 7797 7798 7799
f 7797 7795 7796
f 7800 7797 7799
f 7801 7799 7802
f 7801 7800 7799
f 7803 7802 7804
f 7803 7804 7805
f 7803 7801 7802
f 7806 7803 7805
f 7806 7805 7807
f 7808 7806 7807
f 7809 7808 7807
f 7809 7807 7810
f 7811 7810 7812
f 7811 7809 7810
f 7813 7811 7812
f 7813 7812 7814
f 7815 7814 7816
f 7815 7813 7814
f 7817 7816 7818
f 7817 7815 7816
f 7819 7818 7820
f 7819 7817 7818
f 7821 7820 7822
f 7821 7819 7820
f 7823 7822 7824
f 7823 7821 7822
f 7825 7824 7826
f 7825 7823 7824
f 7827 7826 7828
f 7827 7825 7826
f 7829 7828 7830
f 7829 7827 7828
f 7831 7830 7832
f 7831 7829 7830
f 7833 7832 7834
f 7833 7831 7832
f 7835 7836 7837
f 7838 7839 7840
f 7841 7842 7843
f 7841 7843 7844
f 7841 7844 7845
f 7846 7845 7847
f 7846 7841 7845
f 7848 7846 7847
f 7849 7847 7850
f 7849 7848 7847
f 7851 7850 7852
f 7851 7852 7853
f 7851 7849 7850
f 7854 7853 7855
f 7854 7851 7853
f 7856 7855 7857
f 7856 7854 7855
f 7858 7857 7859
f 7858 7856 7857
f 7860 7858 7859
f 7861 7859 7862
f 7861 7862 7863
f 7861 7860 7859
f 7864 7861 7863
f 7865 7863 7866
f 7865 7866 7867
f 7865 7864 7863
f 7868 7865 7867
f 7868 7867 7869
f 7870 7868 7869
f 7871 7870 7869
f 7871 7869 7872
f 7871 7872 7873
f 7874 7871 7873
f 7874 7873 7875
f 7876 7874 7875
f 7876 7875 7877
f 7878 7876 7877
f 7878 7877 7879
f 7880 7878 7879
f 7880 7879 7881
f 7882 7880 7881
f 7883 7882 7881
f 7883 7881 7884
f 7885 7886 7887
f 7888 7886 7885
f 7889 7890 7891
f 7892 7890 7889
f 7893 7892 7889
f 7894 7893 7895
f 7894 7892 7893
f 7896 7894 7895
f 7897 7895 7898
f 7897 7896 7895
f 7899 7898 7900
f 7899 7897 7898
f 7901 7900 7902
f 7901 7902 7903
f 7901 7899 7900
f 7904 7903 7905
f 7904 7901 7903
f 7906 7905 7907
f 7906 7904 7905
f 7908 7907 7909
f 7908 7906 7907
f 7910 7908 7909
f 7911 7909 7912
f 7911 7910 7909
f 7913 7912 7914
f 7913 7911 7912
f 7915 7914 7916
f 7915 7913 7914
f 7917 7916 7918
f 7917 7915 7916
f 7919 7917 7918
f 7919 7918 7920
f 7921 7919 7920
f 7921 7920 7922
f 7921 7922 7923
f 7924 7921 7923
f 7925 7924 7923
f 7925 7923 7926
f 7927 7925 7926
f 7927 7926 7928
f 7929 7930 7931
f 7932 7933 7934
f 7935 7936 7937
f 7935 7938 7936
f 7939 7940 7941
f 7939 7941 7942
f 7943 7944 7945
f 7946 7947 7948
f 7949 7950 7951
f 7949 7952 7950
f 7953 7954 7955
f 7956 7954 7953
f 7957 7958 7959
f 7960 7958 7957
f 7961 7962 7963
f 7964 7965 7966
f 7967 7968 7969
f 7967 7970 7968
f 7971 7972 7973
f 7974 7975 7976
f 7977 7978 7979
f 7977 7979 7980
f 7981 7982 7983
f 7984 7982 7981
f 7985 7986 7987
f 7988 7986 7985
f 7989 7990 7991
f 7992 7993 7994
f 7995 7996 7997
f 7995 7997 7998
f 7999 8000 8001
f 8002 8003 8004
f 8005 8006 8007
f 8008 8005 8007
f 8009 8010 8011
f 8012 8010 8009
f 8013 8014 8015
f 8013 8016 8014
f 8017 8018 8019
f 8020 8021 8022
f 8023 8024 8025
f 8023 8025 8026
f 8027 8028 8029
f 8027 8029 8030
f 8031 8032 8033
f 8034 8032 8031
f 8035 8036 8037
f 8038 8035 8037
f 8039 8040 8041
f 8042 8043 8044
f 8045 8046 8047
f 8045 8048 8046
f 8049 8050 8051
f 8049 8051 8052
f 8053 8054 8055
f 8056 8054 8053
f 8057 8058 8059
f 8060 8057 8059
f 8061 8062 8063
f 8064 8062 8061
f 8065 8066 8067
f 8065 8067 8068
f 8069 8065 8070
f 8071 8072 8066
f 8071 8066 8065
f 8071 8065 8069
f 8073 8074 8072
f 8073 8072 8071
f 8075 8076 8077
f 8075 8077 8074
f 8075 8074 8073
f 8078 8079 8076
f 8078 8076 8075
f 8080 8081 8082
f 8080 8083 8081
f 8084 8080 8082
f 8085 8084 8082
f 8086 8087 8088
f 8089 8090 8091
f 8092 8093 8094
f 8095 8096 8097
f 8094 8098 8092
f 8099 8100 8101
f 8102 8099 8101
f 8103 8104 8105
f 8106 8107 8108
f 8109 8110 8111
f 8112 8113 8114
f 8115 8113 8112
f 8116 8117 8118
f 8116 8118 8113
f 8116 8113 8115
f 8119 8120 8117
f 8119 8117 8116
f 8121 8120 8119
f 8122 8123 8124
f 8122 8124 8120
f 8122 8120 8121
f 8125 8126 8123
f 8125 8123 8122
f 8127 8126 8125
f 8128 8129 8130
f 8128 8130 8126
f 8128 8126 8127
f 8131 8132 8129
f 8131 8129 8128
f 8133 8134 8132
f 8133 8132 8131
f 8135 8134 8133
f 8136 8137 8138
f 8136 8138 8134
f 8136 8134 8135
f 8139 8140 8137
f 8139 8137 8136
f 8141 8142 8140
f 8141 8140 8139
f 8143 8142 8141
f 8143 8144 8142
f 8145 8144 8143
f 8145 8146 8144
f 8147 8146 8145
f 8147 8148 8146
f 8149 8148 8147
f 8150 8148 8149
f 8151 8150 8149
f 8152 8153 8154
f 8155 8156 8157
f 8158 8159 8160
f 8158 8160 8161
f 8162 8163 8164
f 8165 8166 8167
f 8168 8169 8170
f 8168 8170 8171
f 8172 8173 8174
f 8175 8176 8177
f 8178 8179 8180
f 8178 8181 8179
f 8182 8183 8184
f 5243 8185 8186
f 8187 8188 8189
f 8187 8189 8190
f 8191 8192 8193
f 8194 8195 8196
f 8197 8198 8199
f 8197 8199 8200
f 8201 8202 8203
f 8204 8205 8206
f 8207 8208 8209
f 8210 8211 8207
f 8210 8207 8209
f 8212 8213 8214
f 8215 8213 8212
f 8216 8217 8218
f 8216 8218 8219
f 8216 8219 8220
f 8221 8222 8217
f 8221 8220 8223
f 8221 8217 8216
f 8221 8216 8220
f 8224 8223 8225
f 8224 8222 8221
f 8224 8221 8223
f 8226 8225 8227
f 8226 8227 8222
f 8226 8222 8224
f 8226 8224 8225
f 8228 8229 8230
f 8228 8230 8231
f 8228 8231 8232
f 8228 8232 8233
f 8228 8234 8235
f 8228 8235 8229
f 8236 8233 8227
f 8236 8227 8237
f 8236 8237 8238
f 8236 8238 8234
f 8236 8234 8228
f 8236 8228 8233
f 8239 8240 8241
f 8242 8243 8244
f 8242 8245 8243
f 8246 8247 8248
f 8249 8250 8239
f 8249 8241 8251
f 8249 8239 8241
f 8252 8253 8254
f 8252 8251 8253
f 8252 8249 8251
f 8255 8256 8250
f 8255 8249 8252
f 8255 8250 8249
f 8257 8242 8258
f 8257 8254 8245
f 8257 8252 8254
f 8257 8245 8242
f 8259 8252 8257
f 8259 8255 8252
f 8260 8261 8246
f 8260 8248 8256
f 8260 8256 8255
f 8260 8246 8248
f 8262 8258 8263
f 8262 8259 8257
f 8262 8257 8258
f 8264 8265 8266
f 8264 8266 8261
f 8264 8255 8259
f 8264 8260 8255
f 8264 8261 8260
f 8267 8263 8268
f 8267 8268 8269
f 8267 8269 8265
f 8267 8262 8263
f 8267 8259 8262
f 8267 8264 8259
f 8267 8265 8264
f 8270 8271 8272
f 8273 8270 8272
f 8274 8275 8276
f 8277 8278 8279
f 8280 8281 8282
f 8280 8282 8283
f 8284 8285 8286
f 8287 8288 8289
f 8290 8291 8292
f 8293 8294 8295
f 8296 8293 8295
f 8297 8291 8298
f 8297 8298 8299
f 8297 8299 8292
f 8297 8292 8291
f 8300 8294 8290
f 8300 8292 8295
f 8300 8290 8292
f 8300 8295 8294
f 8301 8302 8293
f 8301 8296 8303
f 8301 8293 8296
f 8301 8303 8302
f 8304 8302 8303
f 8305 8303 8306
f 8305 8307 8302
f 8305 8304 8303
f 8305 8302 8304
f 8308 8305 8306
f 8308 8307 8305
f 8308 8306 8307
f 8309 8307 8306
f 8310 8306 8311
f 8310 8311 8312
f 8310 8312 8307
f 8310 8309 8306
f 8310 8307 8309
f 8313 8314 8315
f 8316 8313 8315
f 8317 8318 8313
f 8317 8313 8316
f 8319 8320 8318
f 8319 8318 8317
f 8321 8322 8323
f 8324 8321 8323
f 8325 8326 8327
f 8328 8329 8330
f 8331 8332 8333
f 8334 8335 8336
f 8337 8338 8339
f 8340 8331 8333
f 8341 8342 8343
f 8344 8345 8346
f 8347 8333 8348
f 8349 8350 8351
f 8352 8353 8354
f 8355 8356 8357
f 8358 8359 8360
f 8361 8362 8363
f 8364 8365 8366
f 8367 8368 8348
f 8369 8370 8371
f 8372 8373 8374
f 8375 8376 8377
f 8378 8379 8380
f 8381 8382 8383
f 8384 8385 8386
f 8387 8388 8389
f 8390 8391 8392
f 8393 8394 8395
f 8396 8397 8398
f 8399 8400 8401
f 8402 8403 8404
f 8402 8404 8405
f 8406 8407 8408
f 8409 8410 8411
f 8412 8413 8414
f 8412 8414 8415
f 8416 8417 8418
f 8419 8420 8421
f 8422 8419 8421
f 8423 8424 8425
f 8426 8427 8428
f 8429 8430 8431
f 8432 8433 8434
f 8435 8429 8431
f 8436 8437 8438
f 8439 8440 8441
f 8442 8443 8444
f 8445 8446 8447
f 8448 8449 8450
f 8451 8452 8453
f 8451 8453 8454
f 8455 8399 8401
f 8456 8457 8458
f 8459 8460 8461
f 8462 8463 8464
f 8456 8465 8466
f 8462 8467 8468
f 8469 8470 8471
f 8472 8473 8474
f 8472 8474 8475
f 8476 8477 8478
f 8479 8480 8481
f 8482 8483 8484
f 8485 8486 8474
f 8487 8488 8489
f 8490 8491 8492
f 8493 8494 8495
f 8496 8497 8498
f 8499 8500 8501
f 8502 8503 8504
f 8505 8506 8507
f 8508 8509 8510
f 8511 8512 8513
f 8514 8515 8516
f 8517 8518 8519
f 8520 8521 8522
f 8523 8524 8525
f 8526 8527 8492
f 8528 8529 8530
f 8531 8532 8533
f 8534 8535 8536
f 8537 8538 8539
f 8540 8541 8542
f 8543 8544 8545
f 8546 8547 8548
f 8549 8550 8551
f 8552 8553 8554
f 8552 8555 8553
f 8556 8557 8558
f 8559 8560 8561
f 8562 8563 8564
f 8562 8564 8565
f 8566 8567 8568
f 8569 8570 8571
f 8572 8573 8574
f 8575 8563 8576
f 8577 8578 8579
f 8580 8581 8582
f 8583 8584 8585
f 8586 8587 8588
f 8589 8590 8591
f 8592 8593 8594
f 8595 8596 8597
f 8595 8587 8586
f 8598 8599 8600
f 8601 8602 8603
f 8604 8605 8606
f 8607 8608 8609
f 8610 8611 8612
f 8613 8614 8615
f 8616 8617 8618
f 8616 8619 8617
f 8620 8621 8622
f 8623 8624 8625
f 8626 8627 8628
f 8629 8630 8631
f 8632 8633 8634
f 8635 8636 8637
f 8638 8639 8640
f 8641 8642 8643
f 8644 8645 8646
f 8646 8645 8647
f 8647 8645 8648
f 8649 8650 8651
f 8652 8653 8654
f 8655 8656 8657
f 8658 8659 8660
f 8661 8662 8663
f 8664 8659 8658
f 8665 8666 8667
f 8668 8669 8670
f 8671 8672 8673
f 8674 8675 8676
f 8677 8678 8679
f 8680 8677 8679
f 8681 8682 8683
f 8683 8682 8684
f 8685 8686 8687
f 8688 8689 8690
f 8691 8692 8693
f 8694 8695 8696
f 8697 8698 8699
f 8700 8701 8702
f 8703 8704 8705
f 8697 8699 8706
f 8707 8708 8709
f 8710 8711 8712
f 8710 8713 8711
f 8710 8714 8713
f 8710 8715 8714
f 8710 8716 8715
f 8717 8718 8716
f 8717 8716 8710
f 8719 8718 8717
f 8720 8718 8719
f 8721 8718 8720
f 8722 8718 8721
f 8723 8724 8725
f 8726 8724 8723
f 8727 8724 8726
f 8728 8724 8727
f 8729 8730 8724
f 8729 8731 8730
f 8729 8732 8731
f 8729 8733 8732
f 8729 8734 8733
f 8729 8724 8728
f 8735 8736 8737
f 8738 8739 8740
f 8741 8742 8743
f 8741 8744 8742
f 8745 8746 8747
f 8748 8749 8750
f 8751 8752 8753
f 8754 8755 8756
f 8757 8758 8759
f 8760 8761 8762
f 8763 8764 8765
f 8766 8767 8768
f 8769 8770 8771
f 8769 8772 8773
f 8769 8773 8774
f 8769 8774 8775
f 8769 8775 8776
f 8769 8776 8777
f 8769 8777 8778
f 8769 8778 8770
f 8769 8779 8772
f 8769 8771 8780
f 8769 8780 8781
f 8769 8781 8782
f 8769 8782 8783
f 8769 8783 8784
f 8769 8784 8785
f 8769 8785 8779
f 8786 8787 8788
f 8789 8790 8787
f 8789 8787 8786
f 8791 8792 8793
f 8791 8793 8790
f 8791 8790 8789
f 8794 8795 8796
f 8794 8796 8792
f 8794 8792 8791
f 8797 8798 8795
f 8797 8795 8794
f 8799 8800 8798
f 8799 8798 8797
f 8801 8802 8800
f 8801 8800 8799
f 8803 8804 8805
f 8803 8805 8802
f 8803 8802 8801
f 8806 8804 8803
f 8807 8737 8808
f 8807 8809 8810
f 8807 8810 8811
f 8807 8811 8812
f 8807 8812 8813
f 8807 8813 8814
f 8807 8814 8737
f 8807 8815 8809
f 8807 8808 8816
f 8807 8816 8817
f 8807 8817 8818
f 8807 8818 8819
f 8807 8819 8820
f 8807 8820 8815
f 8821 8822 8823
f 8824 8825 8826
f 8827 8828 8829
f 8830 8831 8832
f 8833 8834 8835
f 8836 8837 8838
f 8839 8840 8841
f 8842 8843 8844
f 8845 8846 8847
f 8848 8849 8850
f 8851 8852 8853
f 8854 8855 8856
f 8857 8858 8859
f 8860 8861 8862
f 8863 8864 8865
f 8866 8867 8868
f 8869 8870 8871
f 8869 8871 8872
f 8873 8874 8875
f 8876 8877 8878
f 8879 8880 8881
f 8882 8883 8884
f 8885 8886 8887
f 8888 8889 8890
f 8891 8892 8893
f 8894 8895 8896
f 8897 8898 8899
f 8900 8901 8902
f 8903 8904 8905
f 8906 8907 8908
f 8909 8910 8911
f 8912 8913 8914
f 8915 8916 8917
f 8918 8919 8920
f 8921 8922 8923
f 8924 8925 8926
f 8927 8928 8929
f 8930 8931 8932
f 8933 8934 8935
f 8936 8937 8938
f 8939 8940 8941
f 8942 8943 8944
f 8945 8946 8947
f 8948 8949 8950
f 8951 8952 8953
f 8954 8955 8956
f 8957 8958 8959
f 8960 8961 8962
f 8963 8964 8965
f 8966 8967 8968
f 8969 8970 8971
f 8972 8973 8974
f 8975 8976 8977
f 8978 8979 8980
f 8981 8982 8983
f 8984 8985 8986
f 8987 8988 8989
f 8990 8991 8992
f 8984 8993 8994
f 8984 8995 8975
f 8996 8997 8998
f 8999 8997 8996
f 9000 8997 8999
f 9001 8997 9000
f 9002 9003 8997
f 9002 9004 9003
f 9002 9005 9004
f 9002 9006 9005
f 9002 9007 9006
f 9002 8997 9001
f 9008 9009 9010
f 9011 9012 9013
f 9014 9015 9016
f 9016 9015 9017
f 9018 9019 9020
f 9021 9022 9023
f 9024 9025 9026
f 9024 9026 9027
f 9028 9029 9025
f 9028 9025 9024
f 9030 9031 9029
f 9030 9029 9028
f 9032 9033 9031
f 9032 9031 9030
f 9034 9035 9033
f 9034 9036 9035
f 9034 9033 9032
f 9037 9038 9036
f 9037 9036 9034
f 9039 9040 9038
f 9039 9041 9040
f 9039 9038 9037
f 9042 9043 9041
f 9042 9041 9039
f 9044 9045 9043
f 9044 9046 9045
f 9044 9043 9042
f 9047 9048 9046
f 9047 9046 9044
f 9049 9050 9048
f 9049 9051 9050
f 9049 9048 9047
f 9052 9051 9049
f 9052 9053 9051
f 9052 9054 9053
f 9055 9054 9052
f 9055 9056 9054
f 9057 9056 9055
f 9057 9058 9056
f 9059 9058 9057
f 9059 9060 9058
f 9061 9060 9059
f 9061 9062 9060
f 9061 9063 9062
f 9064 9065 9063
f 9064 9063 9061
f 9066 9067 9065
f 9066 9065 9064
f 9068 9069 9070
f 9071 9072 9073
f 9074 9075 9076
f 9077 9078 9079
f 9080 9081 9082
f 9083 9084 9085
f 9086 9087 9088
f 9089 9090 9091
f 9092 9093 9094
f 9095 9096 9097
f 9098 9099 9100
f 9101 9102 9103
f 9104 9105 9106
f 9107 9108 9109
f 9110 9111 9112
f 9113 9114 9115
f 9116 9117 9118
f 9119 9120 9121
f 9122 9123 9124
f 9125 9126 9127
f 9128 9129 9130
f 9131 9132 9133
f 9134 9135 9136
f 9137 9138 9139
f 9140 9141 9142
f 9143 9144 9145
f 9146 9147 9134
f 9148 9149 9150
f 9151 9139 9152
f 9153 9154 9146
f 9155 9156 9157
f 9158 9159 9160
f 9161 9162 9163
f 9164 9165 9166
f 9167 9168 9169
f 9170 9171 9172
f 9173 9174 9175
f 9176 9177 9178
f 9179 9180 9181
f 9182 9183 9184
f 9185 9186 9187
f 9188 9189 9190
f 9191 9192 9193
f 9194 9195 9196
f 9197 9198 9199
f 9200 9201 9202
f 9203 9204 9205
f 9206 9207 9208
f 9209 9210 9211
f 9212 9213 9214
f 9215 9216 9217
f 9218 9219 9220
f 9221 9222 9223
f 9224 9225 9226
f 9221 9227 9228
f 9229 9230 9231
f 9232 9233 9234
f 9235 9236 9182
f 9237 9224 9238
f 9237 9238 9239
f 9240 9241 9242
f 9243 9244 9245
f 9246 9247 9248
f 9249 9250 9251
f 9249 9252 9250
f 9249 9253 9252
f 9249 9254 9253
f 9255 9256 9254
f 9255 9254 9249
f 9257 9258 9256
f 9257 9256 9255
f 9259 9258 9257
f 9260 9258 9259
f 9261 9258 9260

