# https://github.com/mikedh/trimesh
v 0.03371191 -0.23592000 0.57885641
v 0.03814692 -0.23411800 0.58065939
v 0.03306091 -0.23788200 0.57689440
v 0.03899593 -0.23177500 0.58300138
v 0.04264689 -0.22999500 0.58478141
v 0.02799190 -0.23943700 0.57533938
v 0.02738893 -0.24119800 0.57357842
v 0.04377491 -0.22705700 0.58771938
v 0.04775489 -0.22407401 0.59070241
v 0.02190793 -0.24228200 0.57249540
v 0.02115894 -0.24395791 0.57081842
v 0.04798592 -0.22182700 0.59295040
v 0.01554090 -0.24441589 0.57036042
v 0.01445091 -0.24604400 0.56873238
v 0.05234790 -0.21697600 0.59780139
v 0.00897289 -0.24581400 0.56896341
v 0.00734491 -0.24735700 0.56742042
v 0.05262590 -0.21417300 0.60060340
v 0.05578989 -0.20953800 0.60523838
v 0.00228793 -0.24645600 0.56832141
v -0.00000005 -0.24780700 0.56696939
v 0.05535889 -0.20790400 0.60687238
v -0.00442605 -0.24633400 0.56844342
v 0.05812592 -0.20188700 0.61288941
v -0.00695204 -0.24740399 0.56737339
v 0.05734891 -0.20136200 0.61341542
v 0.05804992 -0.19698600 0.61779141
v -0.01108305 -0.24545000 0.56932741
v 0.05897390 -0.19543301 0.61934441
v -0.01372705 -0.24621899 0.56855839
v 0.05804991 -0.19258089 0.62219638
v 0.05842387 -0.18941100 0.62536639
v -0.01830803 -0.24358800 0.57118940
v -0.02103101 -0.24400599 0.57077038
v 0.05734890 -0.18820500 0.62657237
v -0.02598701 -0.24046899 0.57430840
v 0.05601788 -0.18097199 0.63380438
v -0.02847402 -0.24062800 0.57414943
v 0.05288189 -0.17590401 0.63887340
v -0.03315304 -0.23630489 0.57847238
v -0.03598104 -0.23582400 0.57895237
v 0.05164092 -0.17166001 0.64311641
v -0.04034202 -0.23055200 0.58422440
v 0.04662788 -0.16591699 0.64886039
v -0.04335706 -0.22926299 0.58551443
v 0.04543692 -0.16291700 0.65185940
v -0.04717104 -0.22293800 0.59183842
v -0.04954301 -0.22157000 0.59320641
v 0.03940088 -0.15815100 0.65662539
v 0.03818893 -0.15578400 0.65899342
v -0.05308901 -0.21324000 0.60153741
v 0.03180092 -0.15237001 0.66240638
v -0.05434303 -0.21300390 0.60177243
v 0.03024488 -0.15022700 0.66454941
v 0.02424091 -0.14827600 0.66650039
v -0.05737005 -0.20480201 0.60997540
v 0.02285593 -0.14656700 0.66820937
v -0.05734901 -0.20136200 0.61341542
v 0.01699292 -0.14556690 0.66921037
v -0.05877005 -0.19838201 0.61639440
v -0.05805002 -0.19698600 0.61779141
v 0.01529693 -0.14402600 0.67075038
v 0.01021587 -0.14395800 0.67081940
v -0.05878502 -0.19167800 0.62309939
v -0.05805003 -0.19258089 0.62219638
v 0.00802088 -0.14258400 0.67219341
v -0.05734902 -0.18820500 0.62657237
v 0.00512689 -0.14329000 0.67148739
v 0.00403291 -0.14218099 0.67259538
v -0.00000006 -0.14306600 0.67171037
v -0.05656802 -0.18253300 0.63224441
v -0.00000107 -0.14204600 0.67273140
v -0.05467401 -0.17989001 0.63488740
v -0.00654405 -0.14342991 0.67134643
v -0.00732905 -0.14249399 0.67228240
v -0.05265104 -0.17346901 0.64130741
v -0.05080001 -0.17206100 0.64271641
v -0.01300603 -0.14451800 0.67025942
v -0.01445704 -0.14381200 0.67096537
v -0.01930904 -0.14631499 0.66846138
v -0.04788702 -0.16597900 0.64879739
v -0.04581302 -0.16488899 0.64988738
v -0.02122104 -0.14592101 0.66885543
v -0.02537304 -0.14880100 0.66597641
v -0.04354906 -0.16081201 0.65396440
v -0.04140805 -0.16003790 0.65473938
v -0.02748405 -0.14870889 0.66606838
v -0.03112405 -0.15194400 0.66283339
v -0.03865802 -0.15617500 0.65860140
v -0.03649103 -0.15570500 0.65907240
v -0.03328704 -0.15212999 0.66264743
v -0.03249101 -0.24777500 0.60294241
v -0.03104405 -0.24814700 0.60257041
v -0.03065406 -0.24812301 0.60259438
v -0.03027503 -0.24805100 0.60266638
v -0.02991901 -0.24793400 0.60278338
v -0.02959804 -0.24777500 0.60294241
v -0.02932106 -0.24757899 0.60313839
v -0.02909605 -0.24735101 0.60336542
v -0.02893005 -0.24709991 0.60361642
v -0.02882902 -0.24683200 0.60388440
v -0.02879404 -0.24655600 0.60416138
v -0.02882902 -0.24628000 0.60443741
v -0.02893005 -0.24601200 0.60470539
v -0.02909605 -0.24575999 0.60495639
v -0.02932106 -0.24553300 0.60518342
v -0.02959804 -0.24533699 0.60537940
v -0.02991901 -0.24517800 0.60553843
v -0.03027503 -0.24506100 0.60565639
v -0.03065406 -0.24498899 0.60572737
v -0.03104405 -0.24496500 0.60575241
v -0.03143506 -0.24498899 0.60572737
v -0.03181402 -0.24506100 0.60565639
v -0.03216903 -0.24517800 0.60553843
v -0.03249101 -0.24533699 0.60537940
v -0.03276806 -0.24553300 0.60518342
v -0.03299300 -0.24575999 0.60495639
v -0.03315900 -0.24601200 0.60470539
v -0.03326003 -0.24628000 0.60443741
v -0.03329401 -0.24655600 0.60416138
v -0.03326003 -0.24683200 0.60388440
v -0.03315900 -0.24709991 0.60361642
v -0.03299300 -0.24735101 0.60336542
v -0.03276806 -0.24757899 0.60313839
v -0.03216903 -0.24793400 0.60278338
v -0.03181402 -0.24805100 0.60266638
v -0.03143506 -0.24812301 0.60259438
v 0.02959788 -0.24777500 0.60294241
v 0.03104389 -0.24814700 0.60257041
v 0.03143490 -0.24812301 0.60259438
v 0.03181392 -0.24805100 0.60266638
v 0.03216893 -0.24793400 0.60278338
v 0.03249091 -0.24777500 0.60294241
v 0.03276790 -0.24757899 0.60313839
v 0.03299290 -0.24735101 0.60336542
v 0.03315890 -0.24709991 0.60361642
v 0.03325993 -0.24683200 0.60388440
v 0.03329391 -0.24655600 0.60416138
v 0.03325993 -0.24628000 0.60443741
v 0.03315890 -0.24601200 0.60470539
v 0.03299290 -0.24575999 0.60495639
v 0.03276790 -0.24553300 0.60518342
v 0.03249091 -0.24533699 0.60537940
v 0.03216893 -0.24517800 0.60553843
v 0.03181392 -0.24506100 0.60565639
v 0.03143490 -0.24498899 0.60572737
v 0.03104389 -0.24496500 0.60575241
v 0.03065390 -0.24498899 0.60572737
v 0.03027493 -0.24506100 0.60565639
v 0.02991891 -0.24517800 0.60553843
v 0.02959788 -0.24533699 0.60537940
v 0.02932090 -0.24553300 0.60518342
v 0.02909589 -0.24575999 0.60495639
v 0.02892989 -0.24601200 0.60470539
v 0.02882892 -0.24628000 0.60443741
v 0.02879394 -0.24655600 0.60416138
v 0.02882892 -0.24683200 0.60388440
v 0.02892989 -0.24709991 0.60361642
v 0.02909589 -0.24735101 0.60336542
v 0.02932090 -0.24757899 0.60313839
v 0.02991891 -0.24793400 0.60278338
v 0.03027493 -0.24805100 0.60266638
v 0.03065390 -0.24812301 0.60259438
v 0.03154587 -0.16776700 0.65942937
v 0.03147190 -0.16761801 0.65957743
v 0.03136789 -0.16747899 0.65971643
v 0.03027391 -0.16695300 0.66024143
v 0.03071993 -0.16705599 0.66013938
v 0.03051489 -0.16699500 0.66019940
v 0.03091090 -0.16713800 0.66005743
v 0.03108292 -0.16723700 0.65995842
v 0.03158790 -0.16792201 0.65927440
v 0.03123688 -0.16735099 0.65984440
v 0.02999991 -0.16693801 0.66025639
v 0.03159988 -0.16808000 0.65911740
v 0.03135490 -0.16867800 0.65852040
v 0.03153890 -0.16839100 0.65880638
v 0.03158491 -0.16823700 0.65896040
v 0.03146189 -0.16853900 0.65865839
v 0.02910989 -0.16712700 0.66006738
v 0.02950888 -0.16698900 0.66020542
v 0.02930188 -0.16704801 0.66014743
v 0.02972590 -0.16695300 0.66024143
v 0.03122091 -0.16880400 0.65839541
v 0.02893489 -0.16722500 0.65996939
v 0.02986288 -0.16694200 0.66025239
v 0.03106492 -0.16891600 0.65828240
v 0.03049093 -0.16915201 0.65804738
v 0.03069788 -0.16909400 0.65810537
v 0.03088992 -0.16901401 0.65818441
v 0.02846091 -0.16775000 0.65944642
v 0.02864491 -0.16746400 0.65973139
v 0.02853792 -0.16760200 0.65959340
v 0.03027391 -0.16918799 0.65801138
v 0.02841490 -0.16790500 0.65929240
v 0.02877891 -0.16733800 0.65985739
v 0.03013688 -0.16920000 0.65799940
v 0.02839988 -0.16806200 0.65913540
v 0.02999991 -0.16920300 0.65799642
v 0.02927988 -0.16908599 0.65811342
v 0.02948492 -0.16914700 0.65805238
v 0.02972590 -0.16918799 0.65801138
v 0.02863192 -0.16866300 0.65853542
v 0.02845388 -0.16837400 0.65882337
v 0.02852791 -0.16852300 0.65867442
v 0.02841192 -0.16821900 0.65897739
v 0.02908891 -0.16900399 0.65819442
v 0.02876293 -0.16879000 0.65840840
v 0.02891689 -0.16890401 0.65829438
v -0.03144604 -0.16964300 0.65826142
v -0.03000003 -0.17001501 0.65788841
v -0.02960902 -0.16999100 0.65791237
v -0.02923005 -0.16991900 0.65798438
v -0.02887505 -0.16980200 0.65810138
v -0.02855402 -0.16964300 0.65826142
v -0.02827602 -0.16944700 0.65845740
v -0.02805101 -0.16922000 0.65868437
v -0.02788603 -0.16896901 0.65893543
v -0.02778404 -0.16870090 0.65920341
v -0.02775007 -0.16842400 0.65947938
v -0.02778404 -0.16814800 0.65975642
v -0.02788603 -0.16787989 0.66002339
v -0.02805101 -0.16762900 0.66027540
v -0.02827602 -0.16740200 0.66050237
v -0.02855402 -0.16720600 0.66069841
v -0.02887505 -0.16704699 0.66085738
v -0.02923005 -0.16692901 0.66097438
v -0.02960902 -0.16685800 0.66104639
v -0.03000003 -0.16683300 0.66107041
v -0.03039103 -0.16685800 0.66104639
v -0.03077006 -0.16692901 0.66097438
v -0.03112506 -0.16704699 0.66085738
v -0.03144604 -0.16720600 0.66069841
v -0.03172403 -0.16740200 0.66050237
v -0.03194904 -0.16762900 0.66027540
v -0.03211401 -0.16787989 0.66002339
v -0.03221606 -0.16814800 0.65975642
v -0.03225004 -0.16842400 0.65947938
v -0.03221606 -0.16870090 0.65920341
v -0.03211401 -0.16896901 0.65893543
v -0.03194904 -0.16922000 0.65868437
v -0.03172402 -0.16944700 0.65845740
v -0.03112506 -0.16980200 0.65810138
v -0.03077006 -0.16991900 0.65798438
v -0.03039103 -0.16999100 0.65791237
v 0.00460989 -0.24509600 0.64762241
v 0.00422490 -0.24490599 0.64803737
v 0.00410593 -0.24490300 0.64805341
v 0.00433690 -0.24492100 0.64799738
v 0.00444788 -0.24495301 0.64792442
v 0.00455988 -0.24501701 0.64778638
v 0.00461090 -0.24580599 0.64616638
v 0.00411493 -0.24688891 0.64389038
v 0.00459492 -0.24671391 0.64422941
v 0.00461090 -0.24665990 0.64434743
v 0.00454492 -0.24676700 0.64412040
v 0.00445289 -0.24681900 0.64401340
v 0.00432992 -0.24685900 0.64393640
v 0.00422490 -0.24687900 0.64390242
v 0.00102490 -0.24595600 0.64605337
v 0.00102490 -0.24496400 0.64808440
v 0.00252289 -0.24692900 0.64391041
v 0.00102592 -0.24675100 0.64435440
v 0.00161290 -0.24694400 0.64391738
v 0.00107193 -0.24682590 0.64419037
v 0.00144393 -0.24694200 0.64392638
v 0.00117988 -0.24688800 0.64405137
v 0.00130189 -0.24692300 0.64397138
v -0.00590104 -0.24723600 0.64194638
v -0.00645005 -0.24721099 0.64193338
v -0.00659704 -0.24735200 0.64186341
v -0.00535202 -0.24725901 0.64195740
v -0.00468504 -0.24741800 0.64190942
v -0.00480306 -0.24728000 0.64196843
v -0.00088107 -0.24378400 0.64954239
v -0.00088207 -0.24258099 0.65180242
v -0.00093607 -0.24257900 0.65186739
v -0.00095907 -0.24379100 0.64963740
v 0.00162292 -0.24481601 0.64793938
v 0.00102490 -0.24482299 0.64794338
v 0.00102490 -0.24496400 0.64808440
v 0.00221992 -0.24480700 0.64793539
v 0.00281793 -0.24479599 0.64792937
v 0.00410593 -0.24490300 0.64805341
v 0.00400090 -0.24476500 0.64791441
v 0.00420988 -0.24476300 0.64789939
v 0.00422490 -0.24490599 0.64803737
v 0.00430888 -0.24477400 0.64786839
v 0.00433690 -0.24492100 0.64799738
v 0.00439888 -0.24479499 0.64781940
v 0.00444788 -0.24495301 0.64792442
v 0.00449091 -0.24483000 0.64774138
v 0.00455988 -0.24501701 0.64778638
v 0.00455791 -0.24487300 0.64764941
v 0.00459892 -0.24492399 0.64754242
v 0.00460989 -0.24509600 0.64762241
v 0.00461793 -0.24498500 0.64741337
v 0.00460989 -0.24562789 0.64610142
v 0.00461090 -0.24580599 0.64616638
v 0.00461591 -0.24651900 0.64420640
v 0.00461090 -0.24665990 0.64434743
v 0.00461591 -0.24651900 0.64420640
v 0.00461090 -0.24665990 0.64434743
v 0.00459492 -0.24671391 0.64422941
v 0.00459290 -0.24657600 0.64408338
v 0.00454492 -0.24676700 0.64412040
v 0.00451291 -0.24664800 0.64393342
v 0.00445289 -0.24681900 0.64401340
v 0.00442189 -0.24669001 0.64384842
v 0.00432992 -0.24685900 0.64393640
v 0.00431192 -0.24672200 0.64378637
v 0.00422490 -0.24687900 0.64390242
v 0.00421089 -0.24673900 0.64375740
v 0.00411493 -0.24688891 0.64389038
v 0.00410390 -0.24674700 0.64374840
v 0.00252289 -0.24692900 0.64391041
v 0.00160092 -0.24679700 0.64377040
v 0.00161290 -0.24694400 0.64391738
v 0.00145388 -0.24679700 0.64377940
v 0.00144393 -0.24694200 0.64392638
v 0.00132787 -0.24678300 0.64381438
v 0.00130189 -0.24692300 0.64397138
v 0.00121188 -0.24675401 0.64387941
v 0.00117988 -0.24688800 0.64405137
v 0.00111991 -0.24671300 0.64396942
v 0.00107193 -0.24682590 0.64419037
v 0.00105489 -0.24666101 0.64408243
v 0.00102592 -0.24675100 0.64435440
v 0.00102592 -0.24660300 0.64420938
v 0.00102490 -0.24609700 0.64530641
v 0.00102490 -0.24595600 0.64605337
v 0.00102490 -0.24482299 0.64794338
v 0.00102490 -0.24496400 0.64808440
v -0.00563502 -0.24740990 0.64188540
v -0.00661301 -0.24738500 0.64185941
v -0.00467002 -0.24744700 0.64190543
v -0.00468504 -0.24741800 0.64190942
v -0.00659704 -0.24735200 0.64186341
v -0.00100106 -0.24382000 0.64969438
v -0.00093607 -0.24257900 0.65186739
v -0.00098407 -0.24259789 0.65193039
v -0.00095907 -0.24379100 0.64963740
v -0.00082507 -0.24300800 0.65099341
v -0.00082307 -0.24260201 0.65174341
v -0.00088207 -0.24258099 0.65180242
v -0.00082507 -0.24340899 0.65024042
v -0.00088107 -0.24378400 0.64954239
v -0.00082307 -0.24380399 0.64948440
v 0.00156689 -0.24668901 0.64363140
v 0.00160092 -0.24679700 0.64377040
v 0.00145388 -0.24679700 0.64377940
v 0.00091493 -0.24522699 0.64669842
v 0.00082293 -0.24454300 0.64803439
v 0.00082493 -0.24582000 0.64541137
v 0.00098393 -0.24649800 0.64408439
v 0.00102592 -0.24660300 0.64420938
v 0.00097393 -0.24646901 0.64414442
v 0.00099593 -0.24652199 0.64403039
v 0.00101590 -0.24654900 0.64397138
v 0.00105489 -0.24666101 0.64408243
v 0.00105292 -0.24658300 0.64389741
v 0.00111991 -0.24671300 0.64396942
v 0.00088293 -0.24652299 0.64389539
v 0.00098593 -0.24659400 0.64373839
v 0.00108892 -0.24660701 0.64384741
v 0.00114489 -0.24663401 0.64378941
v 0.00121188 -0.24675401 0.64387941
v 0.00112993 -0.24664700 0.64361739
v 0.00119388 -0.24665201 0.64375043
v 0.00124789 -0.24666600 0.64371639
v 0.00132787 -0.24678300 0.64381438
v 0.00129289 -0.24668200 0.64353442
v 0.00132388 -0.24668100 0.64368039
v 0.00138289 -0.24668799 0.64366239
v 0.00143093 -0.24667791 0.64357239
v 0.00141192 -0.24669591 0.64350140
v 0.00148988 -0.24668001 0.64356440
v 0.00153488 -0.24669901 0.64349037
v 0.00101191 -0.24568000 0.64598542
v 0.00102490 -0.24609700 0.64530641
v 0.00102490 -0.24482299 0.64794338
v 0.00101191 -0.24503900 0.64730239
v 0.00097293 -0.24527000 0.64669639
v 0.00091093 -0.24552600 0.64606541
v 0.00101090 -0.24614300 0.64500439
v 0.00091293 -0.24600799 0.64504337
v 0.00097893 -0.24620689 0.64471239
v 0.00082793 -0.24641100 0.64414138
v 0.00097693 -0.24592300 0.64531839
v 0.00091193 -0.24629600 0.64442343
v 0.00094093 -0.24649800 0.64398342
v 0.00084893 -0.24647000 0.64401138
v 0.00093893 -0.24479000 0.64760739
v 0.00097493 -0.24512599 0.64699638
v 0.00094793 -0.24572399 0.64568442
v 0.00099693 -0.24603190 0.64515740
v 0.00098693 -0.24643300 0.64429343
v 0.00101090 -0.24481700 0.64774042
v 0.00097293 -0.24482600 0.64759040
v 0.00098293 -0.24491391 0.64743942
v 0.00100690 -0.24590001 0.64547741
v 0.00092493 -0.24640501 0.64420438
v 0.00097193 -0.24470900 0.64781338
v 0.00097493 -0.24467400 0.64788640
v 0.00094093 -0.24584100 0.64542538
v 0.00090593 -0.24462201 0.64790243
v 0.00091193 -0.24460700 0.64793438
v 0.00251389 -0.24472500 0.64788139
v 0.00221992 -0.24480700 0.64793539
v 0.00281793 -0.24479599 0.64792937
v 0.00187290 -0.24466600 0.64788538
v 0.00215292 -0.24453001 0.64802140
v 0.00148791 -0.24454001 0.64802641
v 0.00218892 -0.24465699 0.64788538
v 0.00156093 -0.24467300 0.64788538
v 0.00129891 -0.24474999 0.64788538
v 0.00102490 -0.24482299 0.64794338
v 0.00162292 -0.24481601 0.64793938
v 0.00265992 -0.24461100 0.64789939
v 0.00281793 -0.24464799 0.64787740
v 0.00281793 -0.24451500 0.64802039
v 0.00234092 -0.24461900 0.64790338
v 0.00205189 -0.24473400 0.64788240
v 0.00174493 -0.24474201 0.64788240
v 0.00138891 -0.24464200 0.64790541
v 0.00142789 -0.24471191 0.64787740
v 0.00113791 -0.24471401 0.64787942
v 0.00097493 -0.24467400 0.64788640
v 0.00111491 -0.24467701 0.64788538
v 0.00108588 -0.24463800 0.64790839
v 0.00082293 -0.24454300 0.64803439
v 0.00091193 -0.24460700 0.64793438
v 0.00274188 -0.24469900 0.64787441
v 0.00242991 -0.24467000 0.64787740
v 0.00227988 -0.24471000 0.64787740
v 0.00152689 -0.24476400 0.64789140
v 0.00119692 -0.24469300 0.64788038
v 0.00325090 -0.24456701 0.64792043
v 0.00370592 -0.24449401 0.64800543
v 0.00281793 -0.24451500 0.64802039
v 0.00432790 -0.24469700 0.64781040
v 0.00420988 -0.24476300 0.64789939
v 0.00430888 -0.24477400 0.64786839
v 0.00439888 -0.24479499 0.64781940
v 0.00443691 -0.24465500 0.64774740
v 0.00429791 -0.24461401 0.64782637
v 0.00423491 -0.24460700 0.64784437
v 0.00442690 -0.24457289 0.64781642
v 0.00454492 -0.24454591 0.64783442
v 0.00441391 -0.24450301 0.64793140
v 0.00302291 -0.24471100 0.64787441
v 0.00281793 -0.24464799 0.64787740
v 0.00281793 -0.24479599 0.64792937
v 0.00346989 -0.24455801 0.64791942
v 0.00324089 -0.24463101 0.64787340
v 0.00363291 -0.24469300 0.64786541
v 0.00400090 -0.24476500 0.64791441
v 0.00394190 -0.24468701 0.64786142
v 0.00387192 -0.24461500 0.64786142
v 0.00407189 -0.24468400 0.64785939
v 0.00413788 -0.24460700 0.64785540
v 0.00406891 -0.24454300 0.64790541
v 0.00426591 -0.24448290 0.64798439
v 0.00379193 -0.24454901 0.64791143
v 0.00420088 -0.24453899 0.64789939
v 0.00431991 -0.24454699 0.64787138
v 0.00292492 -0.24460500 0.64789742
v 0.00313491 -0.24463589 0.64787441
v 0.00355488 -0.24462201 0.64786839
v 0.00367189 -0.24458399 0.64788538
v 0.00371290 -0.24461700 0.64786541
v 0.00443691 -0.24465500 0.64774740
v 0.00439888 -0.24479499 0.64781940
v 0.00449091 -0.24483000 0.64774138
v 0.00178588 -0.24669100 0.64363742
v 0.00160092 -0.24679700 0.64377040
v 0.00156689 -0.24668901 0.64363140
v 0.00177193 -0.24667791 0.64355838
v 0.00153488 -0.24669901 0.64349037
v 0.00198293 -0.24669500 0.64348340
v 0.00200391 -0.24668901 0.64363438
v 0.00222188 -0.24668600 0.64363140
v 0.00410390 -0.24674700 0.64374840
v 0.00350392 -0.24665900 0.64361441
v 0.00369787 -0.24665301 0.64361137
v 0.00389290 -0.24664700 0.64360738
v 0.00408691 -0.24664000 0.64360839
v 0.00417888 -0.24663500 0.64361638
v 0.00421089 -0.24673900 0.64375740
v 0.00409389 -0.24664401 0.64346242
v 0.00428891 -0.24662390 0.64348942
v 0.00422991 -0.24663000 0.64362442
v 0.00428093 -0.24662390 0.64363641
v 0.00431192 -0.24672200 0.64378637
v 0.00443888 -0.24659400 0.64354140
v 0.00434888 -0.24661200 0.64366043
v 0.00440389 -0.24659801 0.64368743
v 0.00442189 -0.24669001 0.64384842
v 0.00453091 -0.24656700 0.64359438
v 0.00444389 -0.24658599 0.64371240
v 0.00449193 -0.24656799 0.64375043
v 0.00451291 -0.24664800 0.64393342
v 0.00461090 -0.24653400 0.64365941
v 0.00452388 -0.24655300 0.64378238
v 0.00455290 -0.24653700 0.64381742
v 0.00467593 -0.24649601 0.64373642
v 0.00459790 -0.24650399 0.64388639
v 0.00459290 -0.24657600 0.64408338
v 0.00472290 -0.24645600 0.64382041
v 0.00461591 -0.24648599 0.64392841
v 0.00463188 -0.24646500 0.64397240
v 0.00461591 -0.24651900 0.64420640
v 0.00475991 -0.24641100 0.64391440
v 0.00464690 -0.24643700 0.64403141
v 0.00465489 -0.24641401 0.64407742
v 0.00466293 -0.24636900 0.64417040
v 0.00465489 -0.24618700 0.64455438
v 0.00460989 -0.24562789 0.64610142
v 0.00465691 -0.24572600 0.64553243
v 0.00464291 -0.24484099 0.64734137
v 0.00461793 -0.24498500 0.64741337
v 0.00464690 -0.24489200 0.64723539
v 0.00463790 -0.24481601 0.64739239
v 0.00479889 -0.24477600 0.64734942
v 0.00478190 -0.24472091 0.64746040
v 0.00462693 -0.24478599 0.64745641
v 0.00475693 -0.24467900 0.64754939
v 0.00459892 -0.24492399 0.64754242
v 0.00461692 -0.24476700 0.64749640
v 0.00459892 -0.24474201 0.64754939
v 0.00455791 -0.24487300 0.64764941
v 0.00456393 -0.24471000 0.64761943
v 0.00453288 -0.24469000 0.64766240
v 0.00454688 -0.24461700 0.64772040
v 0.00467193 -0.24460199 0.64770943
v 0.00454492 -0.24454591 0.64783442
v 0.00210393 -0.24667400 0.64355940
v 0.00232488 -0.24667101 0.64355642
v 0.00243193 -0.24668799 0.64347738
v 0.00254691 -0.24666700 0.64355242
v 0.00287992 -0.24667899 0.64347237
v 0.00319791 -0.24665301 0.64354438
v 0.00328493 -0.24666891 0.64346838
v 0.00339592 -0.24664700 0.64354241
v 0.00368893 -0.24665700 0.64346439
v 0.00359291 -0.24664190 0.64353943
v 0.00379092 -0.24663600 0.64353639
v 0.00398892 -0.24662890 0.64353341
v 0.00471288 -0.24635801 0.64408243
v 0.00478488 -0.24636500 0.64401340
v 0.00480289 -0.24627300 0.64421242
v 0.00471688 -0.24621899 0.64437437
v 0.00471688 -0.24604000 0.64476240
v 0.00480193 -0.24590699 0.64500141
v 0.00471592 -0.24580500 0.64526039
v 0.00471592 -0.24547490 0.64595538
v 0.00480289 -0.24523290 0.64641643
v 0.00462091 -0.24534200 0.64648342
v 0.00465590 -0.24539800 0.64621443
v 0.00471592 -0.24530600 0.64630443
v 0.00471092 -0.24513499 0.64665240
v 0.00480092 -0.24488799 0.64712238
v 0.00461090 -0.24501000 0.64714938
v 0.00463689 -0.24506190 0.64689338
v 0.00470388 -0.24496500 0.64699543
v 0.00470889 -0.24482401 0.64728141
v 0.00462890 -0.24466600 0.64761341
v 0.00463593 -0.24553201 0.64601040
v 0.00465590 -0.24531400 0.64638638
v 0.00468290 -0.24526501 0.64643037
v 0.00465393 -0.24523000 0.64655739
v 0.00467193 -0.24492399 0.64711541
v 0.00471592 -0.24522100 0.64647943
v -0.00563502 -0.24745600 0.64188141
v -0.00662905 -0.24742700 0.64185941
v -0.00464207 -0.24751200 0.64190239
v -0.00467002 -0.24744700 0.64190543
v -0.00661301 -0.24738500 0.64185941
v -0.00661403 -0.24555400 0.64574242
v -0.00666105 -0.24488799 0.64740139
v -0.00664204 -0.24639000 0.64412338
v -0.00659203 -0.24553099 0.64573842
v -0.00659805 -0.24682800 0.64300740
v -0.00662905 -0.24742700 0.64185941
v -0.00661301 -0.24738500 0.64185941
v -0.00659704 -0.24735200 0.64186341
v -0.00645005 -0.24721099 0.64193338
v -0.00652605 -0.24510001 0.64654338
v -0.00645005 -0.24470900 0.64731240
v -0.00662201 -0.24496900 0.64696842
v -0.00659501 -0.24494091 0.64695841
v -0.00652504 -0.24481089 0.64712942
v -0.00662505 -0.24483199 0.64725739
v -0.00664401 -0.24481700 0.64736640
v -0.00659805 -0.24475800 0.64733642
v -0.00659704 -0.24480300 0.64724439
v -0.00652903 -0.24472000 0.64731842
v -0.00146407 -0.24377900 0.64960343
v -0.00101506 -0.24383900 0.64971638
v -0.00204306 -0.24382700 0.64971042
v -0.00145805 -0.24377701 0.64958739
v -0.00191402 -0.24379300 0.64947838
v -0.00143706 -0.24377801 0.64955539
v -0.00082307 -0.24380399 0.64948440
v -0.00197804 -0.24377200 0.64960039
v -0.00252306 -0.24376300 0.64959538
v -0.00307101 -0.24380700 0.64970040
v -0.00300401 -0.24377300 0.64946741
v -0.00303703 -0.24375200 0.64959037
v -0.00358301 -0.24374899 0.64962542
v -0.00409901 -0.24378000 0.64968640
v -0.00409603 -0.24373400 0.64961642
v -0.00358206 -0.24373791 0.64958340
v -0.00409406 -0.24372099 0.64953339
v -0.00409406 -0.24374300 0.64945239
v -0.00122606 -0.24379100 0.64964437
v -0.00121903 -0.24378601 0.64962941
v -0.00100106 -0.24382000 0.64969438
v -0.00102102 -0.24378200 0.64955342
v -0.00088107 -0.24378400 0.64954239
v -0.00095907 -0.24379100 0.64963740
v -0.00422102 -0.24373201 0.64961338
v -0.00409901 -0.24378000 0.64968640
v -0.00435304 -0.24377801 0.64967239
v -0.00409603 -0.24373400 0.64961642
v -0.00443601 -0.24372301 0.64955240
v -0.00466203 -0.24379100 0.64962339
v -0.00458502 -0.24372891 0.64952737
v -0.00450706 -0.24374400 0.64941639
v -0.00476902 -0.24374300 0.64948738
v -0.00498306 -0.24382401 0.64953542
v -0.00485402 -0.24377100 0.64933538
v -0.00492406 -0.24376000 0.64944142
v -0.00508004 -0.24378289 0.64938539
v -0.00525504 -0.24387100 0.64942640
v -0.00514805 -0.24381600 0.64922142
v -0.00521105 -0.24380600 0.64932942
v -0.00535905 -0.24383689 0.64925343
v -0.00559902 -0.24395791 0.64923739
v -0.00542402 -0.24388100 0.64906842
v -0.00552404 -0.24387901 0.64915740
v -0.00561505 -0.24390601 0.64909542
v -0.00559502 -0.24393301 0.64894742
v -0.00574201 -0.24394891 0.64900142
v -0.00585901 -0.24405000 0.64904541
v -0.00575906 -0.24399500 0.64881039
v -0.00582802 -0.24398100 0.64892942
v -0.00597602 -0.24404600 0.64879042
v -0.00611204 -0.24411701 0.64864039
v -0.00602406 -0.24412300 0.64852941
v -0.00623107 -0.24419300 0.64848238
v -0.00615102 -0.24419300 0.64875340
v -0.00657606 -0.24461900 0.64761239
v -0.00655901 -0.24456900 0.64771438
v -0.00663101 -0.24470700 0.64774638
v -0.00656104 -0.24468300 0.64743042
v -0.00659805 -0.24475800 0.64733642
v -0.00652903 -0.24472000 0.64731842
v -0.00644004 -0.24461000 0.64751238
v -0.00652301 -0.24466801 0.64742041
v -0.00645005 -0.24470900 0.64731240
v -0.00415504 -0.24371900 0.64953041
v -0.00409406 -0.24374300 0.64945239
v -0.00409406 -0.24372099 0.64953339
v -0.00586706 -0.24400701 0.64879841
v -0.00607305 -0.24411000 0.64877838
v -0.00612801 -0.24414501 0.64850342
v -0.00631803 -0.24426700 0.64845842
v -0.00638204 -0.24435800 0.64842337
v -0.00632506 -0.24426500 0.64833540
v -0.00622505 -0.24421200 0.64836240
v -0.00620901 -0.24425200 0.64825439
v -0.00640303 -0.24433900 0.64831442
v -0.00630504 -0.24427800 0.64822340
v -0.00639706 -0.24433100 0.64819843
v -0.00648206 -0.24442200 0.64814842
v -0.00653803 -0.24452791 0.64809042
v -0.00646805 -0.24441200 0.64803243
v -0.00636905 -0.24434300 0.64808738
v -0.00633204 -0.24437900 0.64798838
v -0.00654202 -0.24450199 0.64798838
v -0.00642705 -0.24441700 0.64793342
v -0.00641203 -0.24451600 0.64770538
v -0.00651705 -0.24448401 0.64788443
v -0.00659102 -0.24458900 0.64781737
v -0.00646805 -0.24448800 0.64778739
v -0.00649702 -0.24455300 0.64765441
v -0.00664001 -0.24474791 0.64750743
v -0.00666105 -0.24488799 0.64740139
v -0.00663602 -0.24477600 0.64741242
v -0.00664401 -0.24481700 0.64736640
v -0.00101506 -0.24383900 0.64971638
v -0.00102102 -0.24263500 0.65198040
v -0.00102502 -0.24388500 0.64976239
v -0.00100106 -0.24382000 0.64969438
v 0.00082293 -0.24300800 0.65099341
v 0.00082293 -0.24260101 0.65174341
v 0.00027393 -0.24260400 0.65174443
v 0.00454492 -0.24454591 0.64783442
v 0.00559789 -0.24393091 0.64894342
v 0.00542689 -0.24387801 0.64906442
v 0.00576192 -0.24399300 0.64880639
v 0.00441391 -0.24450301 0.64793140
v 0.00514990 -0.24381299 0.64921838
v 0.00485593 -0.24376801 0.64933342
v 0.00467193 -0.24460199 0.64770943
v 0.00603193 -0.24412499 0.64851642
v 0.00622189 -0.24426000 0.64822841
v 0.00426591 -0.24448290 0.64798439
v 0.00450790 -0.24374200 0.64941537
v 0.00409389 -0.24374101 0.64945138
v 0.00475693 -0.24467900 0.64754939
v 0.00632590 -0.24436601 0.64800543
v 0.00641388 -0.24451700 0.64769340
v 0.00478190 -0.24472091 0.64746040
v 0.00643993 -0.24460889 0.64750642
v 0.00479889 -0.24477600 0.64734942
v 0.00644893 -0.24470501 0.64731038
v -0.00027507 -0.24260400 0.65174443
v 0.00370592 -0.24449401 0.64800543
v 0.00300390 -0.24377100 0.64946640
v 0.00480092 -0.24488799 0.64712238
v 0.00644893 -0.24523000 0.64623839
v 0.00281793 -0.24451500 0.64802039
v 0.00191391 -0.24379189 0.64947742
v 0.00480289 -0.24523290 0.64641643
v 0.00644893 -0.24574500 0.64516038
v -0.00082507 -0.24300800 0.65099341
v 0.00082293 -0.24340799 0.65023941
v -0.00082307 -0.24260201 0.65174341
v 0.00215292 -0.24453001 0.64802140
v -0.00082507 -0.24340899 0.65024042
v 0.00082293 -0.24380399 0.64948338
v 0.00148791 -0.24454001 0.64802641
v 0.00480193 -0.24590699 0.64500141
v 0.00644988 -0.24624801 0.64407742
v 0.00082293 -0.24454300 0.64803439
v -0.00082307 -0.24380399 0.64948440
v 0.00480289 -0.24627300 0.64421242
v 0.00478488 -0.24636500 0.64401340
v 0.00641692 -0.24642099 0.64370340
v 0.00475991 -0.24641100 0.64391440
v 0.00632990 -0.24656899 0.64338839
v 0.00472290 -0.24645600 0.64382041
v 0.00620592 -0.24669591 0.64312238
v 0.00467593 -0.24649601 0.64373642
v 0.00606191 -0.24680100 0.64290440
v 0.00461090 -0.24653400 0.64365941
v 0.00588388 -0.24690300 0.64269841
v 0.00453091 -0.24656700 0.64359438
v -0.00082307 -0.24454400 0.64803541
v 0.00559688 -0.24702600 0.64245337
v 0.00443888 -0.24659400 0.64354140
v 0.00527591 -0.24712899 0.64225638
v 0.00428891 -0.24662390 0.64348942
v -0.00191205 -0.24453300 0.64802939
v -0.00191402 -0.24379300 0.64947838
v 0.00493890 -0.24720700 0.64211440
v 0.00457388 -0.24726400 0.64201939
v 0.00409389 -0.24664401 0.64346242
v 0.00433290 -0.24728800 0.64198738
v -0.00300103 -0.24451201 0.64801937
v -0.00300401 -0.24377300 0.64946741
v 0.00408989 -0.24730100 0.64197940
v 0.00368893 -0.24665700 0.64346439
v -0.00082307 -0.24580000 0.64545542
v 0.00082493 -0.24582000 0.64541137
v -0.00082307 -0.24518000 0.64674842
v 0.00323791 -0.24732700 0.64198643
v 0.00328493 -0.24666891 0.64346838
v 0.00287992 -0.24667899 0.64347237
v -0.00409001 -0.24448290 0.64800340
v -0.00409406 -0.24374300 0.64945239
v -0.00423401 -0.24448501 0.64798743
v -0.00450706 -0.24374400 0.64941639
v 0.00238592 -0.24734500 0.64199638
v 0.00243193 -0.24668799 0.64347738
v 0.00198293 -0.24669500 0.64348340
v -0.00437104 -0.24450199 0.64794439
v -0.00485402 -0.24377100 0.64933538
v -0.00514805 -0.24381600 0.64922142
v -0.00449001 -0.24452899 0.64787942
v -0.00542402 -0.24388100 0.64906842
v -0.00559502 -0.24393301 0.64894742
v -0.00457704 -0.24456000 0.64780939
v -0.00082307 -0.24640600 0.64415443
v 0.00082793 -0.24641100 0.64414138
v -0.00575906 -0.24399500 0.64881039
v 0.00153393 -0.24735589 0.64200741
v 0.00153488 -0.24669901 0.64349037
v -0.00080307 -0.24653400 0.64387238
v 0.00084893 -0.24647000 0.64401138
v 0.00121993 -0.24735101 0.64202839
v 0.00141192 -0.24669591 0.64350140
v -0.00074107 -0.24665990 0.64359742
v 0.00088293 -0.24652299 0.64389539
v -0.00602406 -0.24412300 0.64852941
v -0.00469303 -0.24462500 0.64767140
v 0.00091493 -0.24732891 0.64208639
v -0.00063907 -0.24678101 0.64333040
v 0.00062093 -0.24728900 0.64218140
v 0.00129289 -0.24668200 0.64353442
v -0.00050207 -0.24689201 0.64308238
v 0.00098593 -0.24659400 0.64373839
v 0.00034793 -0.24723600 0.64230740
v 0.00112993 -0.24664700 0.64361739
v -0.00033307 -0.24699400 0.64285439
v 0.00009793 -0.24716800 0.64246142
v -0.00013207 -0.24708700 0.64264542
v -0.00620901 -0.24425200 0.64825439
v -0.00633204 -0.24437900 0.64798838
v -0.00477206 -0.24469900 0.64751339
v -0.00641203 -0.24451600 0.64770538
v -0.00644004 -0.24461000 0.64751238
v -0.00480306 -0.24478200 0.64734340
v -0.00645005 -0.24470900 0.64731240
v -0.00480306 -0.24564400 0.64556539
v -0.00480306 -0.24647699 0.64377338
v -0.00535202 -0.24725901 0.64195740
v -0.00480306 -0.24728000 0.64196843
v -0.00590104 -0.24723600 0.64194638
v -0.00645005 -0.24721099 0.64193338
v -0.00003807 -0.24473201 0.64766443
v -0.00356805 -0.24455200 0.64794540
v -0.00300103 -0.24451201 0.64801937
v -0.00409001 -0.24448290 0.64800340
v -0.00304603 -0.24464400 0.64791542
v -0.00357806 -0.24459089 0.64792043
v -0.00358605 -0.24463700 0.64790440
v -0.00359201 -0.24473099 0.64790940
v -0.00385004 -0.24472991 0.64790738
v -0.00409901 -0.24480300 0.64795238
v -0.00248301 -0.24457289 0.64796442
v -0.00191205 -0.24453300 0.64802939
v -0.00203603 -0.24473099 0.64792240
v -0.00102502 -0.24481200 0.64794642
v -0.00127202 -0.24472800 0.64792442
v -0.00095707 -0.24464799 0.64793837
v -0.00149804 -0.24465001 0.64793640
v -0.00117105 -0.24458501 0.64797843
v -0.00082307 -0.24454400 0.64803541
v -0.00396901 -0.24458399 0.64791238
v -0.00409001 -0.24454300 0.64793241
v -0.00409305 -0.24462999 0.64789641
v -0.00397306 -0.24463201 0.64789838
v -0.00372105 -0.24466000 0.64789939
v -0.00371801 -0.24463589 0.64790243
v -0.00225901 -0.24464890 0.64792842
v -0.00198406 -0.24461301 0.64794838
v -0.00403607 -0.24472900 0.64790541
v -0.00409603 -0.24472301 0.64790338
v -0.00209003 -0.24457900 0.64797038
v -0.00477206 -0.24469900 0.64751339
v -0.00480306 -0.24478200 0.64734340
v -0.00472903 -0.24479800 0.64735037
v -0.00409603 -0.24472301 0.64790338
v -0.00427901 -0.24479900 0.64791441
v -0.00409901 -0.24480300 0.64795238
v -0.00461304 -0.24486400 0.64750040
v -0.00462603 -0.24489400 0.64739841
v -0.00461101 -0.24496099 0.64743137
v -0.00458806 -0.24489801 0.64759141
v -0.00465005 -0.24479701 0.64747441
v -0.00466704 -0.24483700 0.64737040
v -0.00452906 -0.24479499 0.64767939
v -0.00450706 -0.24484690 0.64773637
v -0.00455701 -0.24471700 0.64766240
v -0.00446206 -0.24476799 0.64775538
v -0.00438505 -0.24481089 0.64785540
v -0.00448405 -0.24468400 0.64774239
v -0.00429404 -0.24473600 0.64786738
v -0.00430303 -0.24464200 0.64785641
v -0.00409305 -0.24462999 0.64789641
v -0.00466305 -0.24468701 0.64759040
v -0.00469303 -0.24462500 0.64767140
v -0.00456804 -0.24462689 0.64772242
v -0.00457704 -0.24456000 0.64780939
v -0.00448906 -0.24459299 0.64779639
v -0.00449001 -0.24452899 0.64787942
v -0.00438803 -0.24456391 0.64786142
v -0.00437104 -0.24450199 0.64794439
v -0.00427401 -0.24454699 0.64790642
v -0.00423401 -0.24448501 0.64798743
v -0.00415402 -0.24453799 0.64793241
v -0.00409001 -0.24448290 0.64800340
v -0.00409001 -0.24454300 0.64793241
v -0.00473106 -0.24693500 0.64285338
v -0.00480306 -0.24647699 0.64377338
v -0.00480306 -0.24728000 0.64196843
v -0.00468504 -0.24741800 0.64190942
v -0.00471705 -0.24694900 0.64285040
v -0.00468301 -0.24699099 0.64284438
v -0.00467002 -0.24744700 0.64190543
v -0.00464207 -0.24751200 0.64190239
v -0.00468206 -0.24657400 0.64374143
v -0.00473505 -0.24522600 0.64647138
v -0.00480306 -0.24478200 0.64734340
v -0.00480306 -0.24564400 0.64556539
v -0.00470203 -0.24524100 0.64648038
v -0.00473404 -0.24610201 0.64464742
v -0.00463903 -0.24575900 0.64557338
v -0.00461101 -0.24496099 0.64743137
v -0.00467306 -0.24526300 0.64648843
v -0.00462901 -0.24510500 0.64695841
v -0.00467205 -0.24515299 0.64671540
v -0.00469905 -0.24491701 0.64714640
v -0.00472903 -0.24479800 0.64735037
v -0.00466901 -0.24494000 0.64715838
v -0.00462603 -0.24494800 0.64729142
v -0.00462603 -0.24489400 0.64739841
v -0.00466704 -0.24483700 0.64737040
v -0.00662905 -0.24742700 0.64185941
v -0.00462705 -0.24761000 0.64195442
v -0.00464207 -0.24751200 0.64190239
v -0.00665903 -0.24759001 0.64193141
v -0.00664204 -0.24639000 0.64412338
v -0.00666105 -0.24488799 0.64740139
v -0.00667005 -0.24497689 0.64745939
v -0.00665903 -0.24759001 0.64193141
v -0.00662905 -0.24742700 0.64185941
v -0.00204306 -0.24382700 0.64971042
v -0.00101506 -0.24383900 0.64971638
v -0.00102502 -0.24388500 0.64976239
v -0.00307101 -0.24380700 0.64970040
v -0.00423205 -0.24384201 0.64973539
v -0.00409901 -0.24378000 0.64968640
v -0.00435304 -0.24377801 0.64967239
v -0.00449603 -0.24384899 0.64971042
v -0.00466203 -0.24379100 0.64962339
v -0.00475603 -0.24386500 0.64966643
v -0.00498306 -0.24382401 0.64953542
v -0.00512004 -0.24391399 0.64955741
v -0.00525504 -0.24387100 0.64942640
v -0.00549501 -0.24399900 0.64937639
v -0.00559902 -0.24395791 0.64923739
v -0.00583106 -0.24411400 0.64914340
v -0.00585901 -0.24405000 0.64904541
v -0.00612002 -0.24425299 0.64886338
v -0.00615102 -0.24419300 0.64875340
v -0.00635206 -0.24441400 0.64854640
v -0.00638204 -0.24435800 0.64842337
v -0.00652402 -0.24459200 0.64819938
v -0.00653803 -0.24452791 0.64809042
v -0.00663101 -0.24478100 0.64783442
v -0.00663101 -0.24470700 0.64774638
v -0.00667005 -0.24497689 0.64745939
v -0.00666105 -0.24488799 0.64740139
v -0.00102502 -0.24388500 0.64976239
v -0.00102102 -0.24263500 0.65198040
v -0.00102502 -0.24267700 0.65202242
v -0.00102502 -0.24395899 0.64983642
v 0.00057993 -0.24257991 0.65186840
v 0.00027393 -0.24260400 0.65174443
v 0.00082293 -0.24260101 0.65174341
v 0.00094693 -0.24257800 0.65186638
v 0.00101590 -0.24263389 0.65197939
v 0.00033693 -0.24263801 0.65198141
v 0.00030593 -0.24258099 0.65186942
v 0.00003093 -0.24258199 0.65186942
v -0.00027507 -0.24260400 0.65174443
v -0.00034207 -0.24263801 0.65198243
v -0.00030807 -0.24258199 0.65186942
v -0.00061207 -0.24258800 0.65190041
v -0.00102102 -0.24263500 0.65198040
v -0.00098407 -0.24259789 0.65193039
v -0.00093607 -0.24257900 0.65186739
v -0.00058207 -0.24258099 0.65186840
v -0.00071807 -0.24257900 0.65181839
v -0.00088207 -0.24258099 0.65180242
v -0.00082307 -0.24260201 0.65174341
v 0.00092893 -0.24358299 0.64997637
v 0.00082293 -0.24340799 0.65023941
v 0.00082293 -0.24380399 0.64948338
v 0.00093293 -0.24378289 0.64960438
v 0.00101489 -0.24383900 0.64971638
v 0.00093093 -0.24338301 0.65035337
v 0.00082293 -0.24300800 0.65099341
v 0.00101590 -0.24263389 0.65197939
v 0.00093993 -0.24278000 0.65148437
v 0.00094693 -0.24257800 0.65186638
v 0.00082293 -0.24260101 0.65174341
v 0.00146389 -0.24377801 0.64960343
v 0.00093293 -0.24378289 0.64960438
v 0.00082293 -0.24380399 0.64948338
v 0.00101489 -0.24383900 0.64971638
v 0.00191391 -0.24379189 0.64947742
v 0.00204289 -0.24382600 0.64971042
v 0.00197792 -0.24377100 0.64959937
v 0.00252289 -0.24376100 0.64959443
v 0.00300390 -0.24377100 0.64946640
v 0.00307089 -0.24380501 0.64969939
v 0.00303692 -0.24375001 0.64958942
v 0.00358188 -0.24373600 0.64958137
v 0.00409389 -0.24374101 0.64945138
v 0.00409490 -0.24371800 0.64953238
v 0.00409591 -0.24373101 0.64961439
v 0.00358290 -0.24374691 0.64962339
v 0.00409889 -0.24377701 0.64968443
v 0.00431091 -0.24372891 0.64960438
v 0.00409889 -0.24377701 0.64968443
v 0.00409591 -0.24373101 0.64961439
v 0.00453490 -0.24378000 0.64964640
v 0.00470788 -0.24373500 0.64950138
v 0.00450790 -0.24374200 0.64941537
v 0.00485593 -0.24376801 0.64933342
v 0.00495792 -0.24381889 0.64954239
v 0.00452388 -0.24372301 0.64953738
v 0.00491190 -0.24375591 0.64944440
v 0.00506789 -0.24377801 0.64938837
v 0.00514990 -0.24381299 0.64921838
v 0.00535691 -0.24389000 0.64937639
v 0.00526089 -0.24381299 0.64930439
v 0.00540793 -0.24384500 0.64922643
v 0.00542689 -0.24387801 0.64906442
v 0.00571889 -0.24399389 0.64915341
v 0.00558388 -0.24389300 0.64911741
v 0.00559789 -0.24393091 0.64894342
v 0.00567293 -0.24392100 0.64905238
v 0.00576192 -0.24395201 0.64898342
v 0.00576192 -0.24399300 0.64880639
v 0.00591493 -0.24401399 0.64884841
v 0.00618589 -0.24415900 0.64854240
v 0.00606090 -0.24408500 0.64869839
v 0.00603193 -0.24412499 0.64851642
v 0.00628889 -0.24423189 0.64839339
v 0.00629390 -0.24428301 0.64856339
v 0.00638491 -0.24431600 0.64822137
v 0.00622189 -0.24426000 0.64822841
v 0.00643993 -0.24437401 0.64810342
v 0.00648791 -0.24446000 0.64821440
v 0.00656992 -0.24459299 0.64765638
v 0.00641388 -0.24451700 0.64769340
v 0.00643993 -0.24460889 0.64750642
v 0.00654590 -0.24453500 0.64777440
v 0.00658393 -0.24464200 0.64755738
v 0.00664592 -0.24475800 0.64764041
v 0.00652290 -0.24466500 0.64741641
v 0.00644893 -0.24470501 0.64731038
v 0.00652892 -0.24471600 0.64731640
v 0.00659788 -0.24475400 0.64733541
v 0.00664091 -0.24475400 0.64748639
v 0.00664389 -0.24481399 0.64736438
v 0.00665993 -0.24488400 0.64739943
v 0.00419891 -0.24371600 0.64952737
v 0.00409490 -0.24371800 0.64953238
v 0.00409389 -0.24374101 0.64945138
v 0.00441289 -0.24371700 0.64950937
v 0.00591290 -0.24402399 0.64875340
v 0.00590688 -0.24402800 0.64894140
v 0.00603491 -0.24412601 0.64888042
v 0.00616288 -0.24416400 0.64845443
v 0.00618893 -0.24417301 0.64864039
v 0.00640393 -0.24433599 0.64831042
v 0.00636089 -0.24433000 0.64810741
v 0.00632590 -0.24436601 0.64800543
v 0.00641591 -0.24439600 0.64796942
v 0.00650889 -0.24445300 0.64807940
v 0.00660193 -0.24463300 0.64787942
v 0.00650090 -0.24445499 0.64793938
v 0.00646389 -0.24447300 0.64780837
v 0.00656593 -0.24453799 0.64791238
v 0.00660193 -0.24460889 0.64776838
v 0.00598789 -0.24405301 0.64882338
v 0.00652588 -0.24497899 0.64677942
v 0.00644893 -0.24470501 0.64731038
v 0.00644893 -0.24523000 0.64623839
v 0.00652588 -0.24600700 0.64462340
v 0.00644893 -0.24574500 0.64516038
v 0.00644988 -0.24624801 0.64407742
v 0.00662589 -0.24491601 0.64708138
v 0.00659788 -0.24488600 0.64706743
v 0.00662589 -0.24517800 0.64654440
v 0.00665993 -0.24541000 0.64632440
v 0.00665993 -0.24488400 0.64739943
v 0.00652588 -0.24537000 0.64597338
v 0.00659788 -0.24527900 0.64626139
v 0.00664592 -0.24547200 0.64602238
v 0.00659788 -0.24553791 0.64572340
v 0.00652588 -0.24562700 0.64543438
v 0.00659788 -0.24579389 0.64518338
v 0.00664592 -0.24572900 0.64548337
v 0.00665993 -0.24592499 0.64524537
v 0.00662589 -0.24620201 0.64438438
v 0.00665993 -0.24642999 0.64416039
v 0.00662589 -0.24595000 0.64492643
v 0.00659788 -0.24617299 0.64437139
v 0.00652588 -0.24478100 0.64718139
v 0.00652892 -0.24471600 0.64731640
v 0.00654489 -0.24518199 0.64638042
v 0.00654489 -0.24582490 0.64503342
v 0.00652588 -0.24619500 0.64421737
v 0.00652892 -0.24625900 0.64408243
v 0.00659788 -0.24478699 0.64726841
v 0.00664389 -0.24481399 0.64736438
v 0.00659788 -0.24475400 0.64733541
v 0.00663090 -0.24528401 0.64634740
v 0.00663090 -0.24586301 0.64513338
v 0.00659788 -0.24626601 0.64416742
v 0.00664389 -0.24635801 0.64412743
v 0.00659788 -0.24629800 0.64410043
v 0.00651890 -0.24634799 0.64388841
v 0.00659788 -0.24629800 0.64410043
v 0.00652892 -0.24625900 0.64408243
v 0.00644988 -0.24624801 0.64407742
v 0.00641692 -0.24642099 0.64370340
v 0.00663990 -0.24644600 0.64395243
v 0.00662989 -0.24660400 0.64380938
v 0.00665993 -0.24642999 0.64416039
v 0.00664389 -0.24635801 0.64412743
v 0.00656992 -0.24647591 0.64372939
v 0.00433189 -0.24743500 0.64186943
v 0.00443989 -0.24742600 0.64187843
v 0.00433290 -0.24728800 0.64198738
v 0.00421691 -0.24735001 0.64190841
v 0.00408989 -0.24730100 0.64197940
v 0.00408989 -0.24736001 0.64190239
v 0.00420589 -0.24754500 0.64187038
v 0.00409889 -0.24762601 0.64191741
v 0.00431991 -0.24761701 0.64192438
v 0.00409591 -0.24754301 0.64186841
v 0.00409192 -0.24744700 0.64186239
v 0.00647891 -0.24647200 0.64362442
v 0.00660092 -0.24658300 0.64367938
v 0.00653893 -0.24677600 0.64346838
v 0.00653291 -0.24655800 0.64355838
v 0.00643593 -0.24654999 0.64346141
v 0.00632990 -0.24656899 0.64338839
v 0.00648290 -0.24663900 0.64339340
v 0.00655592 -0.24666700 0.64350742
v 0.00637889 -0.24662600 0.64330143
v 0.00649590 -0.24675100 0.64334142
v 0.00638992 -0.24694100 0.64314443
v 0.00641692 -0.24671900 0.64322942
v 0.00631488 -0.24669300 0.64316338
v 0.00620592 -0.24669591 0.64312238
v 0.00634593 -0.24678800 0.64309043
v 0.00624490 -0.24675301 0.64303839
v 0.00627488 -0.24684501 0.64297140
v 0.00642193 -0.24683300 0.64317840
v 0.00617188 -0.24680699 0.64292538
v 0.00606191 -0.24680100 0.64290440
v 0.00634992 -0.24689791 0.64304841
v 0.00607687 -0.24686900 0.64279842
v 0.00588388 -0.24690300 0.64269841
v 0.00617188 -0.24691799 0.64282441
v 0.00607991 -0.24697299 0.64271241
v 0.00624991 -0.24697500 0.64289641
v 0.00618488 -0.24709500 0.64284641
v 0.00598389 -0.24692100 0.64269239
v 0.00595588 -0.24704000 0.64257938
v 0.00614888 -0.24704100 0.64276743
v 0.00585288 -0.24698600 0.64256138
v 0.00559688 -0.24702600 0.64245337
v 0.00602591 -0.24711099 0.64263040
v 0.00593192 -0.24723500 0.64258039
v 0.00570190 -0.24704801 0.64243537
v 0.00565791 -0.24716400 0.64233339
v 0.00580490 -0.24710600 0.64244539
v 0.00588388 -0.24717900 0.64249742
v 0.00554991 -0.24710400 0.64232641
v 0.00527591 -0.24712899 0.64225638
v 0.00573790 -0.24724101 0.64238042
v 0.00563592 -0.24735799 0.64235240
v 0.00538188 -0.24715699 0.64222538
v 0.00530088 -0.24727599 0.64212340
v 0.00548888 -0.24722090 0.64222437
v 0.00557590 -0.24729900 0.64227039
v 0.00520492 -0.24720401 0.64213639
v 0.00493890 -0.24720700 0.64211440
v 0.00512189 -0.24731900 0.64204538
v 0.00538892 -0.24735799 0.64216441
v 0.00525791 -0.24747100 0.64214742
v 0.00502891 -0.24724400 0.64206541
v 0.00493789 -0.24735589 0.64198142
v 0.00519991 -0.24740700 0.64207739
v 0.00484693 -0.24727800 0.64200640
v 0.00457388 -0.24726400 0.64201939
v 0.00501591 -0.24744700 0.64200842
v 0.00488788 -0.24754889 0.64201641
v 0.00465691 -0.24730800 0.64195943
v 0.00474292 -0.24739000 0.64192939
v 0.00456888 -0.24741200 0.64189643
v 0.00482190 -0.24748200 0.64195240
v 0.00450993 -0.24732600 0.64193439
v 0.00464690 -0.24750599 0.64191443
v 0.00453890 -0.24759801 0.64194638
v 0.00449288 -0.24752399 0.64189142
v 0.00438291 -0.24753401 0.64187938
v 0.00421191 -0.24744201 0.64186341
v 0.00588191 -0.24707399 0.64251143
v 0.00557488 -0.24719299 0.64227742
v 0.00539589 -0.24724901 0.64217240
v 0.00484091 -0.24737389 0.64195341
v 0.00366390 -0.24736799 0.64191341
v 0.00408989 -0.24730100 0.64197940
v 0.00323791 -0.24732700 0.64198643
v 0.00160688 -0.24755201 0.64188743
v 0.00153488 -0.24750200 0.64189041
v 0.00153590 -0.24759801 0.64189643
v 0.00160790 -0.24760200 0.64189738
v 0.00153691 -0.24768101 0.64194542
v 0.00168193 -0.24767700 0.64194340
v 0.00303591 -0.24738400 0.64192140
v 0.00326091 -0.24747100 0.64187437
v 0.00306088 -0.24757700 0.64188439
v 0.00328791 -0.24764900 0.64192939
v 0.00260991 -0.24739300 0.64192641
v 0.00238592 -0.24734500 0.64199638
v 0.00283492 -0.24748001 0.64187938
v 0.00248790 -0.24758799 0.64189041
v 0.00214088 -0.24767099 0.64193940
v 0.00211090 -0.24740089 0.64193141
v 0.00153393 -0.24735589 0.64200741
v 0.00232393 -0.24739800 0.64192939
v 0.00226188 -0.24749000 0.64188540
v 0.00220192 -0.24759300 0.64189237
v 0.00198788 -0.24759600 0.64189440
v 0.00183589 -0.24749701 0.64188838
v 0.00183690 -0.24754889 0.64188540
v 0.00198889 -0.24761900 0.64190340
v 0.00168389 -0.24740700 0.64193439
v 0.00153393 -0.24741390 0.64193040
v 0.00175888 -0.24762200 0.64190441
v 0.00398392 -0.24735799 0.64190841
v 0.00409192 -0.24744700 0.64186239
v 0.00408989 -0.24736001 0.64190239
v 0.00387889 -0.24745400 0.64186639
v 0.00398988 -0.24757500 0.64188039
v 0.00409889 -0.24762601 0.64191741
v 0.00388092 -0.24750599 0.64186341
v 0.00377190 -0.24743100 0.64187437
v 0.00358492 -0.24758700 0.64188641
v 0.00356990 -0.24743700 0.64187741
v 0.00347591 -0.24751700 0.64186841
v 0.00335592 -0.24739601 0.64190239
v 0.00338191 -0.24759200 0.64188939
v 0.00304789 -0.24747600 0.64187741
v 0.00254888 -0.24748591 0.64188242
v 0.00240493 -0.24748801 0.64188439
v 0.00215590 -0.24749200 0.64188641
v 0.00204891 -0.24749400 0.64188743
v 0.00172091 -0.24751100 0.64188743
v 0.00367791 -0.24751200 0.64186639
v 0.00336892 -0.24749400 0.64186943
v 0.00246692 -0.24739499 0.64192742
v 0.00209493 -0.24759389 0.64189339
v 0.00137091 -0.24740900 0.64194041
v 0.00153488 -0.24750200 0.64189041
v 0.00153393 -0.24741390 0.64193040
v 0.00153393 -0.24735589 0.64200741
v 0.00121993 -0.24735101 0.64202839
v 0.00131589 -0.24760200 0.64190739
v 0.00110090 -0.24767201 0.64198339
v 0.00153691 -0.24768101 0.64194542
v 0.00153590 -0.24759801 0.64189643
v 0.00115091 -0.24749400 0.64191937
v 0.00048693 -0.24741501 0.64210337
v 0.00061993 -0.24743800 0.64205140
v 0.00062093 -0.24728900 0.64218140
v 0.00021593 -0.24735500 0.64223742
v 0.00034093 -0.24738500 0.64217043
v 0.00034793 -0.24723600 0.64230740
v -0.00086307 -0.24676999 0.64351338
v -0.00088407 -0.24695399 0.64349037
v -0.00080907 -0.24683490 0.64337140
v -0.00091307 -0.24668500 0.64369643
v -0.00074107 -0.24665990 0.64359742
v -0.00094207 -0.24661601 0.64384240
v -0.00098907 -0.24677400 0.64385939
v -0.00089307 -0.24648491 0.64401442
v -0.00080307 -0.24653400 0.64387238
v -0.00082307 -0.24640600 0.64415443
v -0.00090007 -0.24641900 0.64416039
v -0.00096607 -0.24645790 0.64417839
v -0.00100404 -0.24661200 0.64401740
v -0.00102502 -0.24658699 0.64423740
v -0.00100904 -0.24651800 0.64420539
v 0.00134188 -0.24750100 0.64189839
v 0.00110591 -0.24739900 0.64197141
v 0.00091493 -0.24732891 0.64208639
v 0.00098693 -0.24748200 0.64194840
v 0.00094793 -0.24738599 0.64200342
v 0.00103891 -0.24758799 0.64194340
v 0.00084593 -0.24737599 0.64202839
v 0.00069293 -0.24735589 0.64207637
v 0.00077793 -0.24745999 0.64200038
v 0.00082493 -0.24756800 0.64199138
v 0.00067593 -0.24762601 0.64208341
v 0.00071993 -0.24755500 0.64202142
v 0.00048093 -0.24731991 0.64215940
v 0.00057193 -0.24753200 0.64207238
v 0.00040693 -0.24757899 0.64218539
v 0.00036293 -0.24749200 0.64215940
v 0.00021393 -0.24726000 0.64229637
v 0.00009793 -0.24716800 0.64246142
v 0.00008193 -0.24731900 0.64231843
v 0.00023493 -0.24746300 0.64222437
v 0.00015193 -0.24751900 0.64231539
v 0.00008493 -0.24722400 0.64237839
v 0.00010293 -0.24742790 0.64229941
v 0.00000493 -0.24719889 0.64243537
v -0.00008307 -0.24726591 0.64243537
v 0.00001693 -0.24740200 0.64235538
v -0.00018507 -0.24740990 0.64254743
v -0.00011407 -0.24715801 0.64252943
v -0.00013207 -0.24708700 0.64264542
v -0.00020407 -0.24722090 0.64253438
v -0.00014807 -0.24734600 0.64247543
v -0.00024207 -0.24710600 0.64264542
v -0.00028507 -0.24729100 0.64259338
v -0.00047507 -0.24727701 0.64282542
v -0.00034607 -0.24705800 0.64275342
v -0.00033307 -0.24699400 0.64285439
v -0.00034807 -0.24715801 0.64267141
v -0.00045107 -0.24710600 0.64278638
v -0.00044207 -0.24700700 0.64286739
v -0.00054507 -0.24705100 0.64290440
v -0.00042707 -0.24722500 0.64273542
v -0.00052907 -0.24695399 0.64298540
v -0.00050207 -0.24689201 0.64308238
v -0.00052907 -0.24716900 0.64285243
v -0.00061907 -0.24688891 0.64312738
v -0.00072807 -0.24691591 0.64319742
v -0.00065407 -0.24697700 0.64306641
v -0.00063907 -0.24678101 0.64333040
v -0.00064607 -0.24709401 0.64301139
v -0.00071107 -0.24712400 0.64314342
v -0.00068807 -0.24683090 0.64325643
v -0.00073807 -0.24702300 0.64316040
v -0.00075607 -0.24676099 0.64340937
v -0.00082607 -0.24694000 0.64333439
v -0.00092107 -0.24681900 0.64358741
v -0.00086307 -0.24659289 0.64377940
v 0.00127793 -0.24740700 0.64194840
v 0.00088193 -0.24747200 0.64197242
v -0.00027707 -0.24718989 0.64260238
v -0.00089207 -0.24490491 0.64733642
v -0.00082307 -0.24518000 0.64674842
v -0.00093207 -0.24614391 0.64479142
v -0.00096207 -0.24586500 0.64543939
v -0.00096407 -0.24616900 0.64479637
v -0.00089607 -0.24612500 0.64479238
v -0.00082307 -0.24640600 0.64415443
v -0.00082307 -0.24580000 0.64545542
v -0.00089207 -0.24505900 0.64702439
v -0.00095707 -0.24496400 0.64730042
v -0.00100302 -0.24533100 0.64668739
v -0.00102502 -0.24481200 0.64794642
v -0.00102502 -0.24658699 0.64423740
v -0.00100201 -0.24488300 0.64760542
v -0.00089407 -0.24551401 0.64608443
v -0.00100904 -0.24623001 0.64481938
v -0.00101006 -0.24637701 0.64450842
v -0.00092607 -0.24469700 0.64779139
v -0.00095707 -0.24464799 0.64793837
v -0.00095707 -0.24488799 0.64745539
v -0.00095707 -0.24518900 0.64684141
v -0.00092607 -0.24523500 0.64669943
v -0.00095807 -0.24541201 0.64638340
v -0.00096507 -0.24624400 0.64463741
v -0.00093307 -0.24636500 0.64431840
v -0.00096607 -0.24645790 0.64417839
v -0.00090007 -0.24641900 0.64416039
v -0.00096507 -0.24638900 0.64432740
v -0.00089307 -0.24528700 0.64655638
v -0.00101101 -0.24648491 0.64428139
v -0.00100904 -0.24651800 0.64420539
v -0.00102502 -0.24496500 0.64808440
v -0.00409901 -0.24480300 0.64795238
v -0.00410503 -0.24490491 0.64805442
v -0.00102502 -0.24481200 0.64794642
v -0.00409901 -0.24480300 0.64795238
v -0.00423401 -0.24490701 0.64803940
v -0.00410503 -0.24490491 0.64805442
v -0.00427901 -0.24479900 0.64791441
v -0.00435203 -0.24492501 0.64799339
v -0.00438505 -0.24481089 0.64785540
v -0.00450104 -0.24498001 0.64787138
v -0.00450706 -0.24484690 0.64773637
v -0.00458502 -0.24504299 0.64773738
v -0.00458806 -0.24489801 0.64759141
v -0.00461101 -0.24511699 0.64758742
v -0.00461101 -0.24496099 0.64743137
v -0.00462705 -0.24761000 0.64195442
v -0.00461101 -0.24770799 0.64200640
v -0.00461101 -0.24511699 0.64758742
v -0.00461101 -0.24496099 0.64743137
v -0.00464207 -0.24751200 0.64190239
v -0.00563705 -0.24763700 0.64196241
v -0.00666105 -0.24762300 0.64196342
v -0.00461101 -0.24770799 0.64200640
v -0.00462705 -0.24761000 0.64195442
v -0.00665903 -0.24759001 0.64193141
v -0.00665903 -0.24759001 0.64193141
v -0.00667005 -0.24497689 0.64745939
v -0.00667303 -0.24504200 0.64751542
v -0.00666105 -0.24762300 0.64196342
v -0.00423205 -0.24384201 0.64973539
v -0.00335002 -0.24398901 0.64989740
v -0.00428706 -0.24397589 0.64985538
v -0.00475603 -0.24386500 0.64966643
v -0.00457203 -0.24398100 0.64982438
v -0.00480902 -0.24399389 0.64977843
v -0.00449603 -0.24384899 0.64971042
v -0.00503605 -0.24401800 0.64971042
v -0.00512004 -0.24391399 0.64955741
v -0.00526702 -0.24405600 0.64961541
v -0.00568801 -0.24416700 0.64935941
v -0.00549501 -0.24399900 0.64937639
v -0.00548601 -0.24410591 0.64949739
v -0.00583106 -0.24411400 0.64914340
v -0.00587505 -0.24423701 0.64920139
v -0.00629902 -0.24446800 0.64870340
v -0.00612002 -0.24425299 0.64886338
v -0.00607806 -0.24433300 0.64899337
v -0.00635206 -0.24441400 0.64854640
v -0.00649601 -0.24464200 0.64833641
v -0.00652402 -0.24459200 0.64819938
v -0.00656902 -0.24473600 0.64814037
v -0.00663101 -0.24478100 0.64783442
v -0.00667005 -0.24497689 0.64745939
v -0.00667303 -0.24504200 0.64751542
v -0.00191402 -0.24394700 0.64983541
v -0.00102502 -0.24388500 0.64976239
v -0.00102502 -0.24395899 0.64983642
v -0.00102502 -0.24403200 0.64990938
v -0.00324803 -0.24392299 0.64982641
v -0.00435805 -0.24391000 0.64978743
v -0.00541001 -0.24403100 0.64948338
v -0.00607502 -0.24428000 0.64895540
v -0.00662803 -0.24481000 0.64788139
v -0.00662303 -0.24483401 0.64793837
v -0.00102502 -0.24323200 0.65141839
v -0.00102502 -0.24267700 0.65202242
v -0.00102502 -0.24282300 0.65216839
v -0.00102502 -0.24363400 0.65066540
v -0.00102502 -0.24403200 0.64990938
v 0.00034193 -0.24282689 0.65217042
v 0.00101590 -0.24263389 0.65197939
v 0.00102490 -0.24282300 0.65216839
v 0.00033693 -0.24263801 0.65198141
v -0.00034207 -0.24282689 0.65217042
v -0.00034207 -0.24263801 0.65198243
v -0.00102502 -0.24267700 0.65202242
v -0.00102502 -0.24282300 0.65216839
v -0.00102102 -0.24263500 0.65198040
v 0.00102490 -0.24323089 0.65141839
v 0.00102490 -0.24282300 0.65216839
v 0.00101590 -0.24263389 0.65197939
v 0.00102490 -0.24363400 0.65066540
v 0.00101489 -0.24383900 0.64971638
v 0.00102490 -0.24403100 0.64990938
v 0.00307089 -0.24380501 0.64969939
v 0.00409889 -0.24377701 0.64968443
v 0.00410891 -0.24396899 0.64987743
v 0.00204689 -0.24383900 0.64972442
v 0.00101489 -0.24383900 0.64971638
v 0.00204289 -0.24382600 0.64971042
v 0.00204993 -0.24386790 0.64975542
v 0.00102490 -0.24403100 0.64990938
v 0.00444788 -0.24396899 0.64985138
v 0.00410891 -0.24396899 0.64987743
v 0.00409889 -0.24377701 0.64968443
v 0.00453490 -0.24378000 0.64964640
v 0.00478089 -0.24398801 0.64978439
v 0.00495792 -0.24381889 0.64954239
v 0.00510192 -0.24402800 0.64967841
v 0.00535691 -0.24389000 0.64937639
v 0.00540591 -0.24408700 0.64953542
v 0.00568688 -0.24416301 0.64935941
v 0.00571889 -0.24399389 0.64915341
v 0.00593990 -0.24425600 0.64915138
v 0.00603491 -0.24412601 0.64888042
v 0.00615889 -0.24436399 0.64891440
v 0.00629390 -0.24428301 0.64856339
v 0.00634188 -0.24448501 0.64865541
v 0.00648493 -0.24461700 0.64837742
v 0.00648791 -0.24446000 0.64821440
v 0.00658793 -0.24475691 0.64808643
v 0.00660193 -0.24463300 0.64787942
v 0.00664693 -0.24490400 0.64778638
v 0.00664592 -0.24475800 0.64764041
v 0.00665993 -0.24505401 0.64748341
v 0.00665993 -0.24488400 0.64739943
v 0.00665993 -0.24592499 0.64524537
v 0.00665993 -0.24642999 0.64416039
v 0.00665993 -0.24657200 0.64430338
v 0.00665993 -0.24607600 0.64536840
v 0.00665993 -0.24541000 0.64632440
v 0.00665993 -0.24557000 0.64642841
v 0.00665993 -0.24488400 0.64739943
v 0.00665993 -0.24505401 0.64748341
v -0.00102901 -0.24581000 0.64636242
v -0.00102502 -0.24481200 0.64794642
v -0.00102502 -0.24496500 0.64808440
v -0.00098107 -0.24693599 0.64395243
v -0.00102502 -0.24658699 0.64423740
v -0.00098907 -0.24677400 0.64385939
v -0.00088407 -0.24695399 0.64349037
v -0.00087407 -0.24709800 0.64359641
v -0.00073807 -0.24722590 0.64331341
v -0.00071107 -0.24712400 0.64314342
v -0.00058507 -0.24733301 0.64307541
v -0.00047507 -0.24727701 0.64282542
v -0.00041107 -0.24742700 0.64286542
v -0.00018507 -0.24740990 0.64254743
v -0.00021807 -0.24750900 0.64267939
v -0.00001607 -0.24757800 0.64252442
v 0.00015193 -0.24751900 0.64231539
v 0.00028893 -0.24765500 0.64234638
v 0.00040693 -0.24757899 0.64218539
v 0.00067893 -0.24771900 0.64219540
v 0.00067593 -0.24762601 0.64208341
v 0.00110090 -0.24767201 0.64198339
v 0.00116092 -0.24775989 0.64209139
v 0.00153691 -0.24768101 0.64194542
v 0.00168193 -0.24767700 0.64194340
v 0.00214088 -0.24767099 0.64193940
v 0.00396693 -0.24772391 0.64202040
v 0.00328791 -0.24764900 0.64192939
v 0.00409889 -0.24762601 0.64191741
v 0.00440890 -0.24769600 0.64204741
v 0.00431991 -0.24761701 0.64192438
v 0.00453890 -0.24759801 0.64194638
v 0.00486088 -0.24764290 0.64212441
v 0.00488788 -0.24754889 0.64201641
v 0.00524891 -0.24757101 0.64224941
v 0.00525791 -0.24747100 0.64214742
v 0.00550390 -0.24750300 0.64237338
v 0.00563592 -0.24735799 0.64235240
v 0.00572390 -0.24743100 0.64251339
v 0.00593192 -0.24723500 0.64258039
v 0.00594193 -0.24733999 0.64269239
v 0.00610793 -0.24725600 0.64286238
v 0.00618488 -0.24709500 0.64284641
v 0.00626892 -0.24715389 0.64306939
v 0.00638992 -0.24694100 0.64314443
v 0.00642091 -0.24703200 0.64332241
v 0.00653893 -0.24677600 0.64346838
v 0.00654793 -0.24689201 0.64361638
v 0.00662989 -0.24660400 0.64380938
v 0.00663191 -0.24673800 0.64394343
v 0.00665993 -0.24657200 0.64430338
v 0.00665993 -0.24642999 0.64416039
v 0.00920093 -0.24095100 0.65471441
v 0.00895793 -0.24078891 0.65502840
v 0.00885391 -0.24076600 0.65508437
v 0.00903493 -0.24081700 0.65496939
v 0.00913692 -0.24087700 0.65485042
v 0.00922191 -0.24103400 0.65456939
v 0.00873393 -0.24075399 0.65512341
v 0.00860793 -0.24075501 0.65513939
v 0.00593990 -0.24425600 0.64915138
v 0.00568688 -0.24416301 0.64935941
v 0.00540591 -0.24408700 0.64953542
v 0.00615889 -0.24436399 0.64891440
v 0.00510192 -0.24402800 0.64967841
v 0.00634188 -0.24448501 0.64865541
v 0.00478089 -0.24398801 0.64978439
v 0.00648493 -0.24461700 0.64837742
v 0.00444788 -0.24396899 0.64985138
v 0.00658793 -0.24475691 0.64808643
v 0.00664693 -0.24490400 0.64778638
v 0.00102490 -0.24282300 0.65216839
v 0.00410891 -0.24396899 0.64987743
v 0.00665993 -0.24505401 0.64748341
v 0.00102490 -0.24323089 0.65141839
v 0.00665993 -0.24557000 0.64642841
v 0.00102490 -0.24363400 0.65066540
v 0.00102490 -0.24403100 0.64990938
v -0.00335002 -0.24398901 0.64989740
v -0.00102502 -0.24403200 0.64990938
v -0.00102502 -0.24363400 0.65066540
v -0.00102502 -0.24323200 0.65141839
v -0.00102502 -0.24282300 0.65216839
v 0.00922192 -0.24861200 0.63915437
v 0.00665993 -0.24607600 0.64536840
v 0.00665993 -0.24657200 0.64430338
v 0.00663191 -0.24673800 0.64394343
v 0.00654793 -0.24689201 0.64361638
v 0.00642091 -0.24703200 0.64332241
v 0.00626892 -0.24715389 0.64306939
v 0.00610793 -0.24725600 0.64286238
v 0.00594193 -0.24733999 0.64269239
v 0.00572390 -0.24743100 0.64251339
v 0.00550390 -0.24750300 0.64237338
v 0.00524891 -0.24757101 0.64224941
v -0.00428706 -0.24397589 0.64985538
v -0.00457203 -0.24398100 0.64982438
v -0.00860804 -0.24076100 0.65514243
v -0.00480902 -0.24399389 0.64977843
v 0.00863588 -0.24888900 0.63858342
v 0.00921089 -0.24866000 0.63903838
v 0.00917793 -0.24870691 0.63892943
v 0.00912589 -0.24875100 0.63883138
v 0.00899792 -0.24881500 0.63869637
v 0.00882888 -0.24886391 0.63860941
v 0.00486088 -0.24764290 0.64212441
v 0.00440890 -0.24769600 0.64204741
v 0.00396693 -0.24772391 0.64202040
v -0.00503605 -0.24401800 0.64971042
v -0.00526702 -0.24405600 0.64961541
v -0.00917303 -0.24091800 0.65478837
v -0.00905406 -0.24083100 0.65495342
v -0.00911605 -0.24086700 0.65488237
v -0.00892603 -0.24078600 0.65505141
v -0.00410503 -0.24490491 0.64805442
v -0.00102901 -0.24581000 0.64636242
v -0.00102502 -0.24496500 0.64808440
v -0.00921005 -0.24097601 0.65468240
v -0.00922203 -0.24103899 0.65457243
v -0.00877404 -0.24076100 0.65511638
v -0.00548601 -0.24410591 0.64949739
v -0.00435203 -0.24492501 0.64799339
v -0.00423401 -0.24490701 0.64803940
v -0.00568801 -0.24416700 0.64935941
v -0.00450104 -0.24498001 0.64787138
v -0.00587505 -0.24423701 0.64920139
v -0.00461101 -0.24511699 0.64758742
v -0.00458502 -0.24504299 0.64773738
v -0.00607806 -0.24433300 0.64899337
v -0.00098107 -0.24693599 0.64395243
v 0.00116092 -0.24775989 0.64209139
v -0.00629902 -0.24446800 0.64870340
v -0.00649601 -0.24464200 0.64833641
v -0.00656902 -0.24473600 0.64814037
v -0.00662303 -0.24483401 0.64793837
v -0.00667303 -0.24504200 0.64751542
v -0.00461101 -0.24770799 0.64200640
v 0.00067893 -0.24771900 0.64219540
v 0.00028893 -0.24765500 0.64234638
v -0.00001607 -0.24757800 0.64252442
v -0.00021807 -0.24750900 0.64267939
v -0.00041107 -0.24742700 0.64286542
v -0.00058507 -0.24733301 0.64307541
v -0.00073807 -0.24722590 0.64331341
v -0.00087407 -0.24709800 0.64359641
v -0.00922203 -0.24861801 0.63915741
v -0.00666105 -0.24762300 0.64196342
v -0.00863605 -0.24889401 0.63858539
v -0.00919401 -0.24869300 0.63897640
v -0.00887602 -0.24885800 0.63862938
v -0.00875902 -0.24888100 0.63859439
v -0.00911104 -0.24876601 0.63881338
v -0.00897705 -0.24882790 0.63868338
v -0.00003807 -0.24241500 0.65291542
v -0.00034207 -0.24282689 0.65217042
v 0.00034193 -0.24282689 0.65217042
v -0.03065406 -0.24847600 0.60294741
v -0.03104405 -0.24814700 0.60257041
v -0.03104405 -0.24850000 0.60292339
v -0.03065406 -0.24812301 0.60259438
v -0.03027503 -0.24840499 0.60301942
v -0.03027503 -0.24805100 0.60266638
v -0.02991901 -0.24828701 0.60313642
v -0.02991901 -0.24793400 0.60278338
v -0.02959804 -0.24812789 0.60329539
v -0.02959804 -0.24777500 0.60294241
v -0.02932106 -0.24793200 0.60349143
v -0.02932106 -0.24757899 0.60313839
v -0.02909605 -0.24770500 0.60371941
v -0.02909605 -0.24735101 0.60336542
v -0.02893005 -0.24745400 0.60397041
v -0.02893005 -0.24709991 0.60361642
v -0.02882902 -0.24718601 0.60423839
v -0.02882902 -0.24683200 0.60388440
v -0.02879404 -0.24690901 0.60451442
v -0.02879404 -0.24655600 0.60416138
v -0.02882902 -0.24663290 0.60479039
v -0.02882902 -0.24628000 0.60443741
v -0.02893005 -0.24636500 0.60505837
v -0.02893005 -0.24601200 0.60470539
v -0.02909605 -0.24611400 0.60531038
v -0.02909605 -0.24575999 0.60495639
v -0.02932106 -0.24588700 0.60553741
v -0.02932106 -0.24553300 0.60518342
v -0.02959804 -0.24569100 0.60573339
v -0.02959804 -0.24533699 0.60537940
v -0.02991901 -0.24553201 0.60589242
v -0.02991901 -0.24517800 0.60553843
v -0.03027503 -0.24541400 0.60600942
v -0.03027503 -0.24506100 0.60565639
v -0.03065406 -0.24534300 0.60608143
v -0.03065406 -0.24498899 0.60572737
v -0.03104405 -0.24531791 0.60610539
v -0.03104405 -0.24496500 0.60575241
v -0.03143506 -0.24534300 0.60608143
v -0.03143506 -0.24498899 0.60572737
v -0.03181402 -0.24541400 0.60600942
v -0.03181402 -0.24506100 0.60565639
v -0.03216903 -0.24553201 0.60589242
v -0.03216903 -0.24517800 0.60553843
v -0.03249101 -0.24569100 0.60573339
v -0.03249101 -0.24533699 0.60537940
v -0.03276806 -0.24588700 0.60553741
v -0.03276806 -0.24553300 0.60518342
v -0.03299300 -0.24611400 0.60531038
v -0.03299300 -0.24575999 0.60495639
v -0.03315900 -0.24636500 0.60505837
v -0.03315900 -0.24601200 0.60470539
v -0.03326003 -0.24663290 0.60479039
v -0.03326003 -0.24628000 0.60443741
v -0.03329401 -0.24690901 0.60451442
v -0.03329401 -0.24655600 0.60416138
v -0.03326003 -0.24718601 0.60423839
v -0.03326003 -0.24683200 0.60388440
v -0.03315900 -0.24745400 0.60397041
v -0.03315900 -0.24709991 0.60361642
v -0.03299300 -0.24770500 0.60371941
v -0.03299300 -0.24735101 0.60336542
v -0.03276806 -0.24793200 0.60349143
v -0.03276806 -0.24757899 0.60313839
v -0.03249101 -0.24812789 0.60329539
v -0.03249101 -0.24777500 0.60294241
v -0.03216903 -0.24828701 0.60313642
v -0.03216903 -0.24793400 0.60278338
v -0.03181402 -0.24840499 0.60301942
v -0.03181402 -0.24805100 0.60266638
v -0.03143506 -0.24847600 0.60294741
v -0.03143506 -0.24812301 0.60259438
v -0.03104405 -0.24850000 0.60292339
v -0.03104405 -0.24814700 0.60257041
v 0.03143490 -0.24847600 0.60294741
v 0.03104389 -0.24814700 0.60257041
v 0.03104389 -0.24850000 0.60292339
v 0.03143490 -0.24812301 0.60259438
v 0.03181392 -0.24840499 0.60301942
v 0.03181392 -0.24805100 0.60266638
v 0.03216893 -0.24828701 0.60313642
v 0.03216893 -0.24793400 0.60278338
v 0.03249091 -0.24812789 0.60329539
v 0.03249091 -0.24777500 0.60294241
v 0.03276790 -0.24793200 0.60349143
v 0.03276790 -0.24757899 0.60313839
v 0.03299290 -0.24770500 0.60371941
v 0.03299290 -0.24735101 0.60336542
v 0.03315890 -0.24745400 0.60397041
v 0.03315890 -0.24709991 0.60361642
v 0.03325993 -0.24718601 0.60423839
v 0.03325993 -0.24683200 0.60388440
v 0.03329391 -0.24690901 0.60451442
v 0.03329391 -0.24655600 0.60416138
v 0.03325993 -0.24663290 0.60479039
v 0.03325993 -0.24628000 0.60443741
v 0.03315890 -0.24636500 0.60505837
v 0.03315890 -0.24601200 0.60470539
v 0.03299290 -0.24611400 0.60531038
v 0.03299290 -0.24575999 0.60495639
v 0.03276790 -0.24588700 0.60553741
v 0.03276790 -0.24553300 0.60518342
v 0.03249091 -0.24569100 0.60573339
v 0.03249091 -0.24533699 0.60537940
v 0.03216893 -0.24553201 0.60589242
v 0.03216893 -0.24517800 0.60553843
v 0.03181392 -0.24541400 0.60600942
v 0.03181392 -0.24506100 0.60565639
v 0.03143490 -0.24534300 0.60608143
v 0.03143490 -0.24498899 0.60572737
v 0.03104389 -0.24531791 0.60610539
v 0.03104389 -0.24496500 0.60575241
v 0.03065390 -0.24534300 0.60608143
v 0.03065390 -0.24498899 0.60572737
v 0.03027493 -0.24541400 0.60600942
v 0.03027493 -0.24506100 0.60565639
v 0.02991891 -0.24553201 0.60589242
v 0.02991891 -0.24517800 0.60553843
v 0.02959788 -0.24569100 0.60573339
v 0.02959788 -0.24533699 0.60537940
v 0.02932090 -0.24588700 0.60553741
v 0.02932090 -0.24553300 0.60518342
v 0.02909589 -0.24611400 0.60531038
v 0.02909589 -0.24575999 0.60495639
v 0.02892989 -0.24636500 0.60505837
v 0.02892989 -0.24601200 0.60470539
v 0.02882892 -0.24663290 0.60479039
v 0.02882892 -0.24628000 0.60443741
v 0.02879394 -0.24690901 0.60451442
v 0.02879394 -0.24655600 0.60416138
v 0.02882892 -0.24718601 0.60423839
v 0.02882892 -0.24683200 0.60388440
v 0.02892989 -0.24745400 0.60397041
v 0.02892989 -0.24709991 0.60361642
v 0.02909589 -0.24770500 0.60371941
v 0.02909589 -0.24735101 0.60336542
v 0.02932090 -0.24793200 0.60349143
v 0.02932090 -0.24757899 0.60313839
v 0.02959788 -0.24812789 0.60329539
v 0.02959788 -0.24777500 0.60294241
v 0.02991891 -0.24828701 0.60313642
v 0.02991891 -0.24793400 0.60278338
v 0.03027493 -0.24840499 0.60301942
v 0.03027493 -0.24805100 0.60266638
v 0.03065390 -0.24847600 0.60294741
v 0.03065390 -0.24812301 0.60259438
v 0.03104389 -0.24850000 0.60292339
v 0.03104389 -0.24814700 0.60257041
v -0.00875902 -0.24888100 0.63859439
v -0.00863605 -0.24882101 0.63851237
v -0.00863605 -0.24889401 0.63858539
v -0.00876003 -0.24880800 0.63852137
v -0.00887805 -0.24878600 0.63855839
v -0.00887602 -0.24885800 0.63862938
v -0.00897902 -0.24876000 0.63861638
v -0.00897705 -0.24882790 0.63868338
v -0.00911206 -0.24870400 0.63875341
v -0.00911104 -0.24876601 0.63881338
v -0.00919401 -0.24863800 0.63892138
v -0.00919401 -0.24869300 0.63897640
v -0.00922203 -0.24856500 0.63910443
v -0.00922203 -0.24861801 0.63915741
v -0.00922203 -0.24438889 0.64827943
v -0.00922203 -0.24856500 0.63910443
v -0.00922203 -0.24861801 0.63915741
v -0.00877404 -0.24076100 0.65511638
v -0.00860804 -0.24076100 0.65514243
v -0.00860804 -0.24070300 0.65508538
v -0.00877303 -0.24070600 0.65506041
v -0.00892603 -0.24078600 0.65505141
v -0.00892603 -0.24073200 0.65499741
v -0.00905406 -0.24083100 0.65495342
v -0.00905501 -0.24077991 0.65490240
v -0.00911605 -0.24086700 0.65488237
v -0.00911605 -0.24081700 0.65483242
v -0.00917303 -0.24091800 0.65478837
v -0.00917303 -0.24086800 0.65473843
v -0.00921005 -0.24097601 0.65468240
v -0.00921005 -0.24092700 0.65463239
v -0.00922203 -0.24103899 0.65457243
v -0.00922203 -0.24098900 0.65452242
v 0.00000393 -0.24099700 0.65523541
v -0.00860804 -0.24070300 0.65508538
v -0.00860804 -0.24076100 0.65514243
v 0.00860793 -0.24075501 0.65513939
v 0.00860793 -0.24069799 0.65508240
v 0.00920093 -0.24095100 0.65471441
v 0.00922191 -0.24103400 0.65456939
v 0.00922191 -0.24098399 0.65452039
v 0.00919390 -0.24089000 0.65468442
v 0.00914789 -0.24083599 0.65478039
v 0.00913692 -0.24087700 0.65485042
v 0.00908393 -0.24078891 0.65486640
v 0.00903493 -0.24081700 0.65496939
v 0.00894690 -0.24073100 0.65498042
v 0.00895793 -0.24078891 0.65502840
v 0.00885391 -0.24076600 0.65508437
v 0.00882292 -0.24070500 0.65504038
v 0.00873393 -0.24075399 0.65512341
v 0.00871688 -0.24069600 0.65507042
v 0.00860793 -0.24075501 0.65513939
v 0.00860793 -0.24069799 0.65508240
v -0.00863605 -0.24889401 0.63858539
v 0.00863588 -0.24881600 0.63851041
v 0.00863588 -0.24888900 0.63858342
v -0.00863605 -0.24882101 0.63851237
v 0.00878090 -0.24879900 0.63852340
v 0.00863588 -0.24888900 0.63858342
v 0.00863588 -0.24881600 0.63851041
v 0.00882888 -0.24886391 0.63860941
v 0.00893790 -0.24876601 0.63858640
v 0.00899792 -0.24881500 0.63869637
v 0.00906593 -0.24872200 0.63869238
v 0.00912589 -0.24875100 0.63883138
v 0.00915790 -0.24866900 0.63882738
v 0.00917793 -0.24870691 0.63892943
v 0.00919891 -0.24862701 0.63893437
v 0.00921089 -0.24866000 0.63903838
v 0.00922192 -0.24856000 0.63910139
v 0.00922192 -0.24861200 0.63915437
v 0.00922191 -0.24098399 0.65452039
v 0.00922191 -0.24103400 0.65456939
v 0.00922191 -0.24350300 0.64996541
v -0.02932106 -0.24793200 0.60349143
v -0.02749406 -0.25222501 0.59919941
v -0.02749406 -0.24690901 0.60451442
v -0.02959804 -0.24812789 0.60329539
v -0.02991901 -0.24828701 0.60313642
v -0.02909605 -0.24770500 0.60371941
v -0.03027503 -0.24840499 0.60301942
v -0.02893005 -0.24745400 0.60397041
v -0.03065406 -0.24847600 0.60294741
v -0.02882902 -0.24718601 0.60423839
v -0.02879404 -0.24690901 0.60451442
v -0.03291701 -0.24956401 0.60186040
v -0.03104405 -0.24850000 0.60292339
v -0.03143506 -0.24847600 0.60294741
v -0.02882902 -0.24663290 0.60479039
v -0.02754806 -0.24647400 0.60495043
v -0.03181402 -0.24840499 0.60301942
v -0.02893005 -0.24636500 0.60505837
v -0.02770905 -0.24605100 0.60537338
v -0.03216903 -0.24828701 0.60313642
v -0.02909605 -0.24611400 0.60531038
v -0.02797000 -0.24565400 0.60576940
v -0.03249101 -0.24812789 0.60329539
v -0.02932106 -0.24588700 0.60553741
v -0.02832501 -0.24529600 0.60612839
v -0.02959804 -0.24569100 0.60573339
v -0.02876304 -0.24498700 0.60643739
v -0.02991901 -0.24553201 0.60589242
v -0.03459404 -0.24852289 0.60290140
v -0.03276806 -0.24793200 0.60349143
v -0.03299300 -0.24770500 0.60371941
v -0.02926903 -0.24473600 0.60668838
v -0.03315900 -0.24745400 0.60397041
v -0.03027503 -0.24541400 0.60600942
v -0.02983002 -0.24455100 0.60687339
v -0.03065406 -0.24534300 0.60608143
v -0.03042804 -0.24443699 0.60698640
v -0.03104405 -0.24531791 0.60610539
v -0.03459404 -0.24690901 0.60451442
v -0.03326003 -0.24718601 0.60423839
v -0.03329401 -0.24690901 0.60451442
v -0.03104405 -0.24439900 0.60702437
v -0.03143506 -0.24534300 0.60608143
v -0.03454004 -0.24647400 0.60495043
v -0.03326003 -0.24663290 0.60479039
v -0.03166102 -0.24443699 0.60698640
v -0.03181402 -0.24541400 0.60600942
v -0.03438000 -0.24605100 0.60537338
v -0.03315900 -0.24636500 0.60505837
v -0.03225903 -0.24455100 0.60687339
v -0.03216903 -0.24553201 0.60589242
v -0.03411905 -0.24565400 0.60576940
v -0.03299300 -0.24611400 0.60531038
v -0.03281902 -0.24473600 0.60668838
v -0.03249101 -0.24569100 0.60573339
v -0.03376405 -0.24529600 0.60612839
v -0.03276806 -0.24588700 0.60553741
v -0.03332602 -0.24498700 0.60643739
v 0.03276790 -0.24793200 0.60349143
v 0.03314692 -0.24939600 0.60202742
v 0.03459388 -0.24847600 0.60294741
v 0.03249091 -0.24812789 0.60329539
v 0.03216893 -0.24828701 0.60313642
v 0.03299290 -0.24770500 0.60371941
v 0.03181392 -0.24840499 0.60301942
v 0.03315890 -0.24745400 0.60397041
v 0.03459388 -0.24690901 0.60451442
v 0.03143490 -0.24847600 0.60294741
v 0.03077591 -0.25065199 0.60077238
v 0.03325993 -0.24718601 0.60423839
v 0.03104389 -0.24850000 0.60292339
v 0.03329391 -0.24690901 0.60451442
v 0.03065390 -0.24847600 0.60294741
v 0.03325993 -0.24663290 0.60479039
v 0.03453988 -0.24647400 0.60495043
v 0.03027493 -0.24840499 0.60301942
v 0.03315890 -0.24636500 0.60505837
v 0.03437990 -0.24605100 0.60537338
v 0.02991891 -0.24828701 0.60313642
v 0.03299290 -0.24611400 0.60531038
v 0.03411890 -0.24565400 0.60576940
v 0.02959788 -0.24812789 0.60329539
v 0.02749390 -0.25220600 0.59921741
v 0.03276790 -0.24588700 0.60553741
v 0.03376389 -0.24529600 0.60612839
v 0.02932090 -0.24793200 0.60349143
v 0.03249091 -0.24569100 0.60573339
v 0.03332592 -0.24498700 0.60643739
v 0.03216893 -0.24553201 0.60589242
v 0.03281892 -0.24473600 0.60668838
v 0.03181392 -0.24541400 0.60600942
v 0.03225893 -0.24455100 0.60687339
v 0.03143490 -0.24534300 0.60608143
v 0.03166092 -0.24443699 0.60698640
v 0.03104389 -0.24531791 0.60610539
v 0.02749390 -0.24690901 0.60451442
v 0.02909589 -0.24770500 0.60371941
v 0.02892989 -0.24745400 0.60397041
v 0.02882892 -0.24718601 0.60423839
v 0.02879394 -0.24690901 0.60451442
v 0.03104389 -0.24439900 0.60702437
v 0.03065390 -0.24534300 0.60608143
v 0.02754790 -0.24647400 0.60495043
v 0.02882892 -0.24663290 0.60479039
v 0.03042794 -0.24443699 0.60698640
v 0.03027493 -0.24541400 0.60600942
v 0.02770889 -0.24605100 0.60537338
v 0.02892989 -0.24636500 0.60505837
v 0.02982992 -0.24455100 0.60687339
v 0.02991891 -0.24553201 0.60589242
v 0.02796990 -0.24565400 0.60576940
v 0.02909589 -0.24611400 0.60531038
v 0.02926893 -0.24473600 0.60668838
v 0.02959788 -0.24569100 0.60573339
v 0.02832491 -0.24529600 0.60612839
v 0.02932090 -0.24588700 0.60553741
v 0.02876294 -0.24498700 0.60643739
v -0.03470306 -0.25147799 0.60943139
v -0.03470604 -0.25141099 0.60913539
v -0.03470604 -0.25141099 0.60913539
v -0.02764903 -0.24695300 0.60611743
v -0.02754806 -0.24647400 0.60495043
v -0.02749406 -0.24690901 0.60451442
v -0.02770905 -0.24605100 0.60537338
v -0.02797000 -0.24565400 0.60576940
v -0.02815603 -0.24624901 0.60682142
v -0.02832501 -0.24529600 0.60612839
v -0.02763002 -0.24777099 0.60694540
v -0.02894603 -0.24569000 0.60738039
v -0.02876304 -0.24498700 0.60643739
v -0.02926903 -0.24473600 0.60668838
v -0.02814005 -0.24706300 0.60765338
v -0.02761005 -0.24859001 0.60777342
v -0.02994101 -0.24533200 0.60773838
v -0.02983002 -0.24455100 0.60687339
v -0.03042804 -0.24443699 0.60698640
v -0.02893405 -0.24650200 0.60821539
v -0.02812301 -0.24787800 0.60848439
v -0.02759104 -0.24940901 0.60860038
v -0.02734403 -0.25302100 0.61062640
v -0.03104405 -0.24520800 0.60786241
v -0.03104405 -0.24439900 0.60702437
v -0.03166102 -0.24443699 0.60698640
v -0.02993505 -0.24614100 0.60857540
v -0.02892201 -0.24731299 0.60904938
v -0.02810703 -0.24869300 0.60931641
v -0.02757202 -0.25022799 0.60942841
v -0.03214805 -0.24533200 0.60773838
v -0.03225903 -0.24455100 0.60687339
v -0.03281902 -0.24473600 0.60668838
v -0.03104405 -0.24601699 0.60869938
v -0.02992903 -0.24695100 0.60941237
v -0.02891003 -0.24812500 0.60988438
v -0.02809005 -0.24950799 0.61014837
v -0.02755205 -0.25104600 0.61025637
v -0.03314303 -0.24569000 0.60738039
v -0.03332602 -0.24498700 0.60643739
v -0.03376405 -0.24529600 0.60612839
v -0.03215401 -0.24614100 0.60857540
v -0.03104405 -0.24682590 0.60953742
v -0.02992205 -0.24775989 0.61024940
v -0.02889805 -0.24893589 0.61071938
v -0.02807401 -0.25032201 0.61097938
v -0.02753304 -0.25186500 0.61108339
v -0.02736406 -0.25293899 0.61116540
v -0.02743904 -0.25284299 0.61169642
v -0.03393303 -0.24624901 0.60682142
v -0.03411905 -0.24565400 0.60576940
v -0.03315501 -0.24650200 0.60821539
v -0.03216003 -0.24695100 0.60941237
v -0.03104405 -0.24763501 0.61037540
v -0.02991603 -0.24857000 0.61108643
v -0.02888601 -0.24974801 0.61155438
v -0.02805702 -0.25113699 0.61181140
v -0.02751403 -0.25268400 0.61191142
v -0.02755003 -0.25274900 0.61214340
v -0.03444003 -0.24695300 0.60611743
v -0.03438000 -0.24605100 0.60537338
v -0.03454004 -0.24647400 0.60495043
v -0.03459404 -0.24690901 0.60451442
v -0.03394900 -0.24706300 0.60765338
v -0.03316705 -0.24731299 0.60904938
v -0.03216700 -0.24775989 0.61024940
v -0.03104405 -0.24844299 0.61121237
v -0.02991001 -0.24937899 0.61192340
v -0.02887403 -0.25055999 0.61238939
v -0.02804105 -0.25195199 0.61264342
v -0.02791004 -0.25253099 0.61298043
v -0.02816205 -0.25240999 0.61335641
v -0.02770703 -0.25264499 0.61257339
v -0.03445904 -0.24777099 0.60694540
v -0.03396605 -0.24787800 0.60848439
v -0.03317903 -0.24812500 0.60988438
v -0.03217302 -0.24857000 0.61108643
v -0.03104405 -0.24925201 0.61205041
v -0.02990304 -0.25018901 0.61275941
v -0.02886204 -0.25137100 0.61322337
v -0.02892004 -0.25210801 0.61405140
v -0.02920203 -0.25201100 0.61420637
v -0.02865802 -0.25220400 0.61386442
v -0.02842604 -0.25229600 0.61365640
v -0.03447901 -0.24859001 0.60777342
v -0.03470503 -0.25137800 0.60898340
v -0.03398202 -0.24869300 0.60931641
v -0.03319101 -0.24893589 0.61071938
v -0.03217904 -0.24937899 0.61192340
v -0.03104405 -0.25006101 0.61288738
v -0.02989702 -0.25099799 0.61359638
v -0.03013305 -0.25173101 0.61445439
v -0.03045802 -0.25164500 0.61446142
v -0.02981304 -0.25182101 0.61440939
v -0.02950202 -0.25191501 0.61432642
v -0.03449802 -0.24940901 0.60860038
v -0.03399901 -0.24950799 0.61014837
v -0.03320305 -0.24974801 0.61155438
v -0.03218500 -0.25018901 0.61275941
v -0.03104405 -0.25086999 0.61372542
v -0.03124003 -0.25146100 0.61433041
v -0.03167503 -0.25137299 0.61416841
v -0.03082804 -0.25155500 0.61442542
v -0.03451704 -0.25022799 0.60942841
v -0.03470604 -0.25141099 0.60913539
v -0.03470306 -0.25147799 0.60943139
v -0.03401504 -0.25032201 0.61097938
v -0.03406303 -0.25110599 0.61171341
v -0.03441905 -0.25113800 0.61081940
v -0.03321503 -0.25055999 0.61238939
v -0.03357302 -0.25111601 0.61254239
v -0.03302203 -0.25116301 0.61320740
v -0.03219204 -0.25099799 0.61359638
v -0.03264605 -0.25121000 0.61355537
v -0.03217904 -0.25128099 0.61389643
v -0.03453700 -0.25104600 0.61025637
v -0.03461204 -0.25136399 0.61021739
v -0.03469406 -0.25154701 0.60971838
v -0.03452800 -0.25125101 0.61052239
v -0.02749406 -0.25222501 0.59919941
v -0.02751003 -0.25272900 0.59743541
v -0.02750902 -0.25275099 0.59750342
v -0.02744602 -0.25397500 0.60134238
v -0.02749406 -0.24690901 0.60451442
v -0.02734403 -0.25302100 0.61062640
v -0.02744602 -0.25397500 0.60134238
v -0.02750902 -0.25275099 0.59750342
v -0.02492301 -0.25355101 0.59570241
v -0.02213804 -0.25526500 0.59745443
v -0.02219103 -0.25427201 0.59407938
v -0.00564205 -0.25662801 0.58872139
v -0.00996106 -0.25696799 0.59231842
v -0.01141004 -0.25614300 0.58984143
v -0.00345003 -0.25734600 0.59117937
v 0.00089894 -0.25678599 0.58834243
v 0.00191493 -0.25738400 0.59106541
v 0.00672991 -0.25719300 0.59163940
v 0.00812293 -0.25644901 0.58910441
v 0.01509190 -0.25563699 0.59091640
v 0.01148391 -0.25682399 0.59275538
v 0.01606089 -0.25628600 0.59437537
v 0.02042389 -0.25558400 0.59649342
v 0.02162290 -0.25437701 0.59372443
v 0.02407092 -0.25482699 0.59877539
v 0.02750993 -0.25271299 0.59745741
v 0.02754391 -0.25269800 0.59747142
v 0.02744592 -0.25395399 0.60140741
v -0.02150904 -0.25522101 0.59646541
v -0.01696102 -0.25535399 0.59163642
v -0.01625405 -0.25626999 0.59442538
v -0.02151005 -0.25523099 0.59650338
v -0.01476304 -0.25633299 0.59328640
v -0.01476406 -0.25634101 0.59332043
v 0.00749893 -0.25703099 0.59127438
v 0.00749893 -0.25703800 0.59130639
v 0.02749390 -0.25220600 0.59921741
v 0.02744592 -0.25395399 0.60140741
v 0.02750993 -0.25271299 0.59745741
v 0.02749390 -0.24690901 0.60451442
v 0.02734393 -0.25300601 0.61061043
v 0.03440190 -0.24696900 0.60630238
v 0.03453988 -0.24647400 0.60495043
v 0.03459388 -0.24690901 0.60451442
v 0.03437990 -0.24605100 0.60537338
v 0.03411890 -0.24565400 0.60576940
v 0.03378094 -0.24620999 0.60706240
v 0.03376389 -0.24529600 0.60612839
v 0.03332592 -0.24498700 0.60643739
v 0.03442294 -0.24788800 0.60723239
v 0.03470290 -0.25130001 0.60890538
v 0.03283090 -0.24564590 0.60762638
v 0.03281892 -0.24473600 0.60668838
v 0.03225893 -0.24455100 0.60687339
v 0.03379894 -0.24712300 0.60799640
v 0.03444493 -0.24880590 0.60816139
v 0.03166491 -0.24534599 0.60792643
v 0.03166092 -0.24443699 0.60698640
v 0.03104389 -0.24439900 0.60702437
v 0.03284193 -0.24655600 0.60856438
v 0.03381592 -0.24803700 0.60893142
v 0.03446591 -0.24972500 0.60909140
v 0.03042388 -0.24534599 0.60792643
v 0.03042794 -0.24443699 0.60698640
v 0.02982992 -0.24455100 0.60687339
v 0.03166891 -0.24625400 0.60886639
v 0.03285391 -0.24746600 0.60950238
v 0.03383393 -0.24895100 0.60986543
v 0.03448791 -0.25064299 0.61002040
v 0.03455788 -0.25128800 0.61042643
v 0.03438789 -0.25111401 0.61089641
v 0.03463293 -0.25140199 0.61012441
v 0.03468293 -0.25151601 0.60981840
v 0.02925790 -0.24564590 0.60762638
v 0.02926893 -0.24473600 0.60668838
v 0.02876294 -0.24498700 0.60643739
v 0.03041989 -0.24625400 0.60886639
v 0.03167290 -0.24716200 0.60980642
v 0.03286493 -0.24837600 0.61044037
v 0.03385091 -0.24986400 0.61080039
v 0.03416890 -0.25109100 0.61146641
v 0.02830691 -0.24620999 0.60706240
v 0.02832491 -0.24529600 0.60612839
v 0.02796990 -0.24565400 0.60576940
v 0.02924693 -0.24655600 0.60856438
v 0.03041590 -0.24716200 0.60980642
v 0.03167689 -0.24807000 0.61074638
v 0.03287590 -0.24928591 0.61137837
v 0.03386891 -0.25077799 0.61173439
v 0.03389591 -0.25108600 0.61201239
v 0.03356392 -0.25109801 0.61253637
v 0.02768690 -0.24696900 0.60630238
v 0.02770889 -0.24605100 0.60537338
v 0.02754790 -0.24647400 0.60495043
v 0.02749390 -0.24690901 0.60451442
v 0.02828992 -0.24712300 0.60799640
v 0.02923489 -0.24746600 0.60950238
v 0.03041190 -0.24807000 0.61074638
v 0.03168089 -0.24897800 0.61168641
v 0.03288788 -0.25019601 0.61231643
v 0.03317893 -0.25112900 0.61302042
v 0.03279293 -0.25117299 0.61340940
v 0.02766592 -0.24788800 0.60723239
v 0.02827293 -0.24803700 0.60893142
v 0.02922392 -0.24837600 0.61044037
v 0.03040791 -0.24897800 0.61168641
v 0.03168488 -0.24988601 0.61262637
v 0.02764392 -0.24880590 0.60816139
v 0.02734393 -0.25300601 0.61061043
v 0.02825493 -0.24895100 0.60986543
v 0.02921188 -0.24928591 0.61137837
v 0.03040392 -0.24988601 0.61262637
v 0.03168893 -0.25079399 0.61356640
v 0.03157193 -0.25137499 0.61419439
v 0.03121889 -0.25144899 0.61431938
v 0.03199089 -0.25129601 0.61399138
v 0.03243292 -0.25122300 0.61370438
v 0.02762288 -0.24972500 0.60909140
v 0.02823788 -0.24986400 0.61080039
v 0.02920092 -0.25019601 0.61231643
v 0.03039992 -0.25079399 0.61356640
v 0.03021491 -0.25169200 0.61444241
v 0.02991593 -0.25177500 0.61441141
v 0.03051889 -0.25161299 0.61444139
v 0.03082091 -0.25153899 0.61440837
v 0.02760089 -0.25064299 0.61002040
v 0.02821988 -0.25077799 0.61173439
v 0.02918989 -0.25110599 0.61325443
v 0.02872593 -0.25216299 0.61390138
v 0.02850491 -0.25224799 0.61371541
v 0.02906090 -0.25204301 0.61411840
v 0.02933890 -0.25195000 0.61425042
v 0.02962292 -0.25186101 0.61434740
v 0.02757991 -0.25156200 0.61095041
v 0.02739990 -0.25287101 0.61145240
v 0.02820290 -0.25169101 0.61266840
v 0.02814490 -0.25240201 0.61331737
v 0.02782590 -0.25256100 0.61280942
v 0.02755791 -0.25248000 0.61187941
v 0.02756894 -0.25272000 0.61218739
v 0.00879789 -0.24870500 0.63840443
v 0.00878090 -0.24879900 0.63852340
v 0.00863588 -0.24881600 0.63851041
v 0.00953388 -0.24881800 0.63748538
v 0.00919491 -0.24869700 0.63783842
v 0.00930691 -0.24888191 0.63736939
v 0.00928492 -0.24416500 0.64826041
v 0.00923693 -0.24503490 0.64672440
v 0.00927991 -0.24496900 0.64665842
v 0.00922191 -0.24511699 0.64680541
v 0.00933188 -0.24412391 0.64823139
v 0.00943691 -0.24488400 0.64657241
v 0.00954289 -0.24403889 0.64818841
v 0.00960088 -0.24484900 0.64653838
v 0.01025390 -0.24480399 0.64649242
v 0.01025390 -0.24277200 0.65046138
v 0.00951493 -0.24174801 0.65242338
v 0.01024693 -0.24059400 0.65435141
v 0.00948388 -0.24069799 0.65424943
v 0.01020091 -0.24046101 0.65458637
v 0.00947088 -0.24064089 0.65436143
v 0.01011288 -0.24033700 0.65481341
v 0.00945390 -0.24058691 0.65447438
v 0.00943291 -0.24053700 0.65458143
v 0.00998593 -0.24022301 0.65502739
v 0.00940490 -0.24050000 0.65465939
v 0.00938189 -0.24047799 0.65470642
v 0.00932092 -0.24043299 0.65479940
v 0.00982189 -0.24012400 0.65522242
v 0.00928688 -0.24041399 0.65483940
v 0.00922489 -0.24038400 0.65489739
v 0.00967688 -0.24006100 0.65535343
v 0.00915593 -0.24035899 0.65494740
v 0.00909990 -0.24034300 0.65497941
v 0.00951493 -0.24000791 0.65546942
v 0.00902093 -0.24032401 0.65501338
v 0.00897289 -0.24031600 0.65502942
v 0.00892389 -0.24031000 0.65504140
v 0.00927192 -0.23995391 0.65559840
v 0.00880391 -0.24029800 0.65506041
v 0.00870192 -0.24029000 0.65507442
v 0.00860888 -0.24028499 0.65508538
v 0.00905591 -0.23992690 0.65567738
v 0.00851488 -0.24028300 0.65509641
v 0.00885290 -0.23991700 0.65572542
v 0.00864488 -0.23992100 0.65575141
v 0.00785488 -0.24031600 0.65513343
v 0.00721592 -0.24001101 0.65579838
v 0.00209391 -0.24056999 0.65528041
v 0.00444293 -0.24014300 0.65586537
v 0.00000093 -0.24022400 0.65590739
v -0.00209504 -0.24057101 0.65528142
v -0.00445103 -0.24014500 0.65586740
v -0.00655102 -0.24040200 0.65518439
v -0.00889504 -0.23992300 0.65572041
v -0.00862801 -0.24029090 0.65508640
v -0.00915706 -0.23994300 0.65564740
v -0.00874906 -0.24029900 0.65507042
v -0.00940305 -0.23998500 0.65553743
v -0.00886905 -0.24030900 0.65505338
v -0.00894403 -0.24031800 0.65503943
v -0.00962704 -0.24004801 0.65539539
v -0.00905305 -0.24033700 0.65500343
v -0.00912106 -0.24035500 0.65496939
v -0.00921607 -0.24038699 0.65490639
v -0.00982302 -0.24013001 0.65522438
v -0.00927204 -0.24041191 0.65485638
v -0.00930303 -0.24042900 0.65482342
v -0.00935304 -0.24046201 0.65475643
v -0.00995004 -0.24020401 0.65507942
v -0.00938105 -0.24048300 0.65471041
v -0.00940501 -0.24050701 0.65466142
v -0.01005601 -0.24028590 0.65492243
v -0.00943303 -0.24054401 0.65458339
v -0.00944602 -0.24056800 0.65453041
v -0.00952905 -0.24624801 0.64362741
v -0.01024502 -0.24831100 0.63862443
v -0.00952404 -0.24235600 0.65135640
v -0.00951105 -0.24830291 0.63884538
v -0.01021206 -0.24839000 0.63843441
v -0.01015704 -0.24846891 0.63824940
v -0.00950002 -0.24834201 0.63875937
v -0.00948703 -0.24838100 0.63867438
v -0.01006007 -0.24856099 0.63803840
v -0.00946802 -0.24842700 0.63857442
v -0.00944501 -0.24846201 0.63849139
v -0.00993102 -0.24865000 0.63784438
v -0.00940603 -0.24850200 0.63839841
v -0.00936001 -0.24853501 0.63831937
v -0.00929504 -0.24857000 0.63823539
v -0.00977206 -0.24873200 0.63767040
v -0.00922805 -0.24859700 0.63816941
v -0.00913906 -0.24862400 0.63810343
v -0.00958502 -0.24880590 0.63752139
v -0.00908803 -0.24863601 0.63807440
v -0.00903201 -0.24864700 0.63804841
v -0.00892502 -0.24866191 0.63801342
v -0.00937503 -0.24887000 0.63740242
v -0.00886505 -0.24866600 0.63800138
v -0.00878006 -0.24867301 0.63798642
v -0.00920504 -0.24891099 0.63733441
v -0.00869405 -0.24867991 0.63797438
v -0.00860703 -0.24868700 0.63796443
v -0.00902706 -0.24894300 0.63728738
v -0.00852102 -0.24869300 0.63795638
v -0.00884401 -0.24896801 0.63726038
v -0.00865805 -0.24898501 0.63725537
v -0.00445002 -0.24890891 0.63806039
v 0.00000393 -0.24926101 0.63739640
v 0.00652188 -0.24881101 0.63800538
v 0.00445390 -0.24890600 0.63805938
v 0.00440789 -0.24918690 0.63735843
v 0.00880492 -0.24896801 0.63725537
v 0.00874889 -0.24867991 0.63832742
v 0.00884992 -0.24865000 0.63827741
v 0.00858891 -0.24868301 0.63796037
v 0.00906188 -0.24893300 0.63729239
v 0.00903589 -0.24864900 0.63801438
v 0.00892491 -0.24863490 0.63815743
v 0.00925190 -0.24379601 0.64908743
v 0.00922191 -0.24350300 0.64996541
v 0.00931192 -0.24372400 0.64904141
v 0.00925494 -0.24072200 0.65447342
v 0.00925792 -0.24074800 0.65441942
v 0.00923991 -0.24068400 0.65455341
v 0.00922793 -0.24066500 0.65459239
v 0.00921893 -0.24065299 0.65461642
v 0.00919688 -0.24063000 0.65466237
v 0.00916892 -0.24060699 0.65470839
v 0.00913888 -0.24058600 0.65475041
v 0.00912190 -0.24057600 0.65476942
v 0.00909293 -0.24056099 0.65479940
v 0.00902790 -0.24053399 0.65485239
v -0.00907302 -0.24055900 0.65481943
v -0.00901305 -0.24053600 0.65486437
v -0.00910002 -0.24057201 0.65479439
v -0.00911605 -0.24058001 0.65477842
v -0.00914502 -0.24059699 0.65474540
v -0.00916904 -0.24061300 0.65471143
v -0.00919604 -0.24063499 0.65466738
v -0.00920802 -0.24064700 0.65464342
v -0.00921905 -0.24065889 0.65461940
v -0.00923705 -0.24068400 0.65456837
v -0.00924706 -0.24070300 0.65452838
v -0.00925105 -0.24071500 0.65450239
v -0.00925701 -0.24074100 0.65444940
v -0.00930506 -0.24528100 0.64595640
v -0.00930702 -0.24336199 0.64974540
v -0.00930202 -0.24739601 0.64131141
v -0.00928705 -0.24837799 0.63896543
v -0.00928401 -0.24839690 0.63892239
v -0.00928103 -0.24841601 0.63888037
v -0.00927806 -0.24843800 0.63883042
v -0.00927305 -0.24845600 0.63878840
v -0.00925505 -0.24849100 0.63870442
v -0.00923901 -0.24851100 0.63865638
v -0.00920105 -0.24854299 0.63857538
v -0.00917702 -0.24855889 0.63853741
v -0.00914704 -0.24857600 0.63849437
v -0.00908404 -0.24860300 0.63842642
v -0.00904905 -0.24861500 0.63839543
v -0.00900507 -0.24862701 0.63836342
v -0.00887805 -0.24878600 0.63855839
v -0.00897902 -0.24876000 0.63861638
v -0.00895506 -0.24863900 0.63833439
v -0.00892901 -0.24864390 0.63832140
v -0.00890201 -0.24864900 0.63830841
v -0.00876003 -0.24880800 0.63852137
v -0.00884401 -0.24865800 0.63828838
v -0.00878906 -0.24866401 0.63827437
v -0.00863605 -0.24882101 0.63851237
v -0.00872802 -0.24866900 0.63826638
v -0.00869905 -0.24866900 0.63826537
v -0.00865602 -0.24867091 0.63826239
v -0.00861305 -0.24867301 0.63825941
v -0.00857001 -0.24867500 0.63825738
v -0.00852704 -0.24867700 0.63825542
v -0.00653201 -0.24879099 0.63830441
v 0.00218690 -0.24894489 0.63839138
v 0.00653392 -0.24878700 0.63830239
v 0.00754893 -0.24872801 0.63826841
v 0.00856090 -0.24867000 0.63825440
v 0.00924593 -0.24359889 0.64949042
v 0.00969392 -0.24323000 0.64968038
v 0.00953692 -0.24305101 0.65007043
v 0.00924188 -0.24304800 0.65052539
v 0.00924492 -0.24335700 0.64994740
v 0.00968790 -0.24265300 0.65075338
v 0.00922692 -0.24178000 0.65281439
v 0.00922191 -0.24098399 0.65452039
v 0.00929791 -0.24260600 0.65112239
v 0.00922090 -0.24112900 0.65394437
v 0.00927592 -0.24130800 0.65341443
v 0.00966490 -0.24092700 0.65380138
v 0.00921792 -0.24088290 0.65439039
v 0.00926292 -0.24080400 0.65430743
v 0.00926089 -0.24077600 0.65436339
v 0.00921691 -0.24086900 0.65441841
v 0.00921691 -0.24085400 0.65444642
v 0.00921589 -0.24084100 0.65447342
v 0.00935388 -0.24074300 0.65426242
v 0.00920588 -0.24079791 0.65455538
v 0.00919390 -0.24089000 0.65468442
v 0.00919593 -0.24077800 0.65459538
v 0.00918991 -0.24076800 0.65461439
v 0.00918591 -0.24076100 0.65462643
v 0.00916493 -0.24073701 0.65467340
v 0.00914789 -0.24083599 0.65478039
v 0.00915289 -0.24072500 0.65469640
v 0.00913888 -0.24071200 0.65472043
v 0.00910992 -0.24068990 0.65476340
v 0.00908393 -0.24078891 0.65486640
v 0.00909293 -0.24067999 0.65478343
v 0.00908393 -0.24067400 0.65479338
v 0.00906992 -0.24066600 0.65480840
v 0.00900591 -0.24063800 0.65486538
v 0.00894690 -0.24073100 0.65498042
v 0.00897092 -0.24062499 0.65489042
v 0.00899190 -0.24052200 0.65487540
v 0.00895190 -0.24061900 0.65490139
v 0.00893790 -0.24061500 0.65490937
v 0.00896490 -0.24051400 0.65489042
v 0.00887990 -0.24060100 0.65493840
v 0.00882292 -0.24070500 0.65504038
v 0.00890690 -0.24050100 0.65491742
v 0.00884891 -0.24059591 0.65495139
v 0.00886589 -0.24049290 0.65493238
v 0.00882793 -0.24059200 0.65495843
v 0.00880289 -0.24058899 0.65496540
v 0.00871688 -0.24069600 0.65507042
v 0.00881690 -0.24048699 0.65494537
v 0.00875193 -0.24058400 0.65497839
v 0.00879193 -0.24048389 0.65495038
v 0.00873888 -0.24058300 0.65498042
v 0.00872690 -0.24058200 0.65498239
v 0.00876689 -0.24048200 0.65495437
v 0.00870091 -0.24058200 0.65498638
v 0.00860793 -0.24069799 0.65508240
v 0.00871688 -0.24048001 0.65495938
v 0.00864792 -0.24058101 0.65499038
v 0.00865591 -0.24047799 0.65496242
v 0.00861693 -0.24058200 0.65499038
v 0.00859088 -0.24058200 0.65499139
v 0.00899190 -0.24041800 0.65493041
v 0.00856793 -0.24058300 0.65499240
v 0.00860489 -0.24047700 0.65496540
v 0.00854492 -0.24058300 0.65499240
v 0.00855792 -0.24047600 0.65496743
v 0.00851190 -0.24047600 0.65496939
v 0.00893188 -0.24040499 0.65495342
v 0.00890792 -0.24040100 0.65496039
v 0.00888390 -0.24039800 0.65496743
v 0.00887191 -0.24039599 0.65496939
v 0.00885892 -0.24039499 0.65497237
v 0.00883490 -0.24039200 0.65497738
v 0.00838393 -0.24058799 0.65499741
v 0.00819290 -0.24048200 0.65498239
v 0.00880993 -0.24039100 0.65498042
v 0.00874990 -0.24038599 0.65498638
v 0.00871992 -0.24038400 0.65498942
v 0.00869388 -0.24038300 0.65499139
v 0.00867093 -0.24038200 0.65499341
v 0.00861991 -0.24037901 0.65499741
v 0.00859690 -0.24037901 0.65499938
v 0.00855088 -0.24037699 0.65500242
v 0.00807292 -0.24060200 0.65500641
v 0.00850392 -0.24037591 0.65500641
v 0.00834388 -0.24037699 0.65501642
v 0.00802189 -0.24039391 0.65503138
v 0.00769890 -0.24041601 0.65504539
v 0.00755990 -0.24052390 0.65500641
v 0.00705290 -0.24045800 0.65507042
v 0.00654692 -0.24039800 0.65518337
v 0.00591588 -0.24073100 0.65507740
v 0.00000393 -0.24099700 0.65523541
v 0.00378192 -0.24043600 0.65538639
v 0.00485188 -0.24057400 0.65513837
v 0.00265092 -0.24064989 0.65517938
v 0.00159091 -0.24087299 0.65515143
v 0.00320292 -0.24073200 0.65512443
v 0.00051193 -0.24088401 0.65515637
v 0.00102592 -0.24077600 0.65514439
v 0.00053193 -0.24050000 0.65542042
v 0.00000193 -0.24059100 0.65529042
v -0.00052907 -0.24050000 0.65542042
v -0.00158703 -0.24087401 0.65515143
v -0.00050607 -0.24088401 0.65515637
v -0.00102305 -0.24077600 0.65514541
v -0.00378501 -0.24043800 0.65538740
v -0.00265002 -0.24065100 0.65518039
v -0.00591606 -0.24073400 0.65507942
v -0.00860804 -0.24070300 0.65508538
v -0.00320106 -0.24073400 0.65512443
v -0.00705605 -0.24046201 0.65507239
v -0.00807404 -0.24060801 0.65500939
v -0.00756204 -0.24052900 0.65500838
v -0.00816804 -0.24021500 0.65525639
v -0.00808906 -0.24039300 0.65503138
v -0.00857305 -0.24058799 0.65499443
v -0.00856804 -0.24048200 0.65496939
v -0.00862801 -0.24048300 0.65496641
v -0.00860303 -0.24058799 0.65499443
v -0.00868803 -0.24048500 0.65496337
v -0.00863403 -0.24058691 0.65499341
v -0.00865406 -0.24058691 0.65499240
v -0.00872701 -0.24048600 0.65496141
v -0.00873303 -0.24058899 0.65498441
v -0.00877303 -0.24070600 0.65506041
v -0.00880307 -0.24049100 0.65495038
v -0.00858801 -0.24038400 0.65500242
v -0.00877201 -0.24059200 0.65497738
v -0.00885903 -0.24049900 0.65493637
v -0.00880003 -0.24059500 0.65497041
v -0.00864804 -0.24038599 0.65499741
v -0.00883805 -0.24060000 0.65495843
v -0.00892603 -0.24073200 0.65499741
v -0.00893002 -0.24051300 0.65491039
v -0.00867802 -0.24038699 0.65499538
v -0.00873804 -0.24039100 0.65499038
v -0.00891101 -0.24061500 0.65492737
v -0.00896501 -0.24052100 0.65489340
v -0.00892806 -0.24062000 0.65491939
v -0.00876802 -0.24039300 0.65498739
v -0.00878703 -0.24039391 0.65498543
v -0.00895303 -0.24062701 0.65490443
v -0.00882506 -0.24039701 0.65498137
v -0.00886201 -0.24040100 0.65497440
v -0.00901603 -0.24064900 0.65486038
v -0.00905501 -0.24077991 0.65490240
v -0.00904506 -0.24066199 0.65483642
v -0.00891703 -0.24040900 0.65496039
v -0.00905901 -0.24066789 0.65482342
v -0.00906705 -0.24067201 0.65481538
v -0.00894403 -0.24041399 0.65495139
v -0.00909704 -0.24068899 0.65478140
v -0.00911605 -0.24081700 0.65483242
v -0.00911104 -0.24069799 0.65476441
v -0.00912404 -0.24070700 0.65474743
v -0.00913804 -0.24071801 0.65472537
v -0.00917303 -0.24086800 0.65473843
v -0.00916403 -0.24074200 0.65467942
v -0.00917005 -0.24074800 0.65466738
v -0.00917601 -0.24075501 0.65465438
v -0.00918603 -0.24076800 0.65462941
v -0.00921005 -0.24092700 0.65463239
v -0.00920206 -0.24079500 0.65457737
v -0.00920605 -0.24080500 0.65455741
v -0.00920903 -0.24081200 0.65454340
v -0.00921505 -0.24083900 0.65448940
v -0.00922203 -0.24098900 0.65452242
v -0.00921607 -0.24085300 0.65446240
v -0.00966501 -0.24092500 0.65381938
v -0.00923103 -0.24217001 0.65214139
v -0.00922203 -0.24128400 0.65369141
v -0.00928002 -0.24161489 0.65289742
v -0.00922203 -0.24438889 0.64827943
v -0.00924605 -0.24387100 0.64899337
v -0.00924504 -0.24482401 0.64711338
v -0.00924003 -0.24592300 0.64483041
v -0.00922203 -0.24856500 0.63910443
v -0.00924003 -0.24797200 0.64019442
v -0.00923204 -0.24845500 0.63903242
v -0.00923103 -0.24846400 0.63901138
v -0.00923103 -0.24847300 0.63898939
v -0.00923001 -0.24848400 0.63896441
v -0.00922906 -0.24849400 0.63894242
v -0.00921702 -0.24852900 0.63885438
v -0.00919401 -0.24863800 0.63892138
v -0.00920605 -0.24854700 0.63881141
v -0.00919806 -0.24855700 0.63878638
v -0.00918203 -0.24857301 0.63874441
v -0.00911206 -0.24870400 0.63875341
v -0.00914001 -0.24860600 0.63866442
v -0.00912803 -0.24861290 0.63864440
v -0.00911206 -0.24862200 0.63862342
v -0.00908303 -0.24863601 0.63858640
v 0.00940991 -0.24338301 0.64954138
v 0.00935090 -0.24302600 0.65027243
v 0.00930792 -0.24323601 0.64996243
v 0.00940192 -0.24281900 0.65059137
v 0.00946093 -0.24261200 0.65091842
v 0.00932688 -0.24173900 0.65258741
v 0.00943291 -0.24110200 0.65357637
v 0.00936789 -0.24099000 0.65381438
v 0.00926990 -0.24092200 0.65408242
v 0.00931293 -0.24088900 0.65405542
v 0.00803691 -0.24049100 0.65498739
v 0.00647187 -0.24059100 0.65504539
v 0.00538290 -0.24064800 0.65507841
v 0.00347990 -0.24058001 0.65520942
v 0.00211388 -0.24075900 0.65513742
v 0.00183392 -0.24071500 0.65515739
v 0.00078193 -0.24063399 0.65523642
v 0.00051893 -0.24068300 0.65519542
v 0.00026193 -0.24063700 0.65523839
v -0.00025507 -0.24073200 0.65516442
v 0.00000293 -0.24078099 0.65514737
v -0.00051507 -0.24068300 0.65519542
v -0.00077907 -0.24063499 0.65523738
v -0.00183207 -0.24071600 0.65515840
v -0.00211102 -0.24076100 0.65513837
v -0.00348103 -0.24058200 0.65521038
v -0.00485301 -0.24057700 0.65513939
v -0.00538301 -0.24065100 0.65507942
v -0.00647306 -0.24059500 0.65504742
v -0.00784605 -0.24036500 0.65508342
v -0.00807106 -0.24049400 0.65498942
v -0.00832003 -0.24048300 0.65497941
v -0.00942504 -0.24080300 0.65410542
v -0.00937003 -0.24106801 0.65369439
v -0.00943601 -0.24125700 0.65332341
v -0.00933605 -0.24223700 0.65172237
v -0.00934505 -0.24605900 0.64421940
v -0.00960904 -0.24805100 0.63941538
v -0.00934702 -0.24810800 0.63951242
v 0.00930989 -0.24348100 0.64950240
v 0.00930888 -0.24335900 0.64973241
v 0.00930393 -0.24292301 0.65054339
v 0.00926489 -0.24175200 0.65269142
v 0.00927192 -0.24104699 0.65386039
v 0.00925494 -0.24100199 0.65398842
v 0.00650293 -0.24049100 0.65509039
v 0.00621188 -0.24055500 0.65507042
v 0.00605893 -0.24064000 0.65505642
v 0.00595290 -0.24052100 0.65510738
v 0.00623793 -0.24032900 0.65532440
v 0.00170988 -0.24079201 0.65513742
v 0.00064393 -0.24075399 0.65515339
v 0.00051493 -0.24077991 0.65514642
v 0.00038693 -0.24075601 0.65515441
v -0.00012507 -0.24080600 0.65514338
v 0.00000293 -0.24088500 0.65515637
v -0.00038107 -0.24080600 0.65514338
v -0.00051007 -0.24077991 0.65514642
v -0.00064007 -0.24075501 0.65515339
v -0.00170701 -0.24079300 0.65513742
v -0.00491404 -0.24039599 0.65536338
v -0.00606006 -0.24064399 0.65505838
v -0.00621402 -0.24055900 0.65507138
v -0.00595504 -0.24052501 0.65510941
v -0.00650602 -0.24049500 0.65509140
v -0.00846403 -0.24038100 0.65501142
v -0.00928402 -0.24081300 0.65425539
v -0.00929206 -0.24102400 0.65386838
v -0.00927305 -0.24116400 0.65367341
v -0.00929504 -0.24125201 0.65348142
v -0.00937307 -0.24797399 0.63979638
v -0.00924903 -0.24831000 0.63930041
v 0.00924492 -0.24341699 0.64983338
v 0.00592792 -0.24062100 0.65506238
v 0.00579190 -0.24048300 0.65515441
v 0.00019393 -0.24081901 0.65514338
v -0.00006007 -0.24089800 0.65516239
v -0.00018807 -0.24089800 0.65516239
v -0.00514203 -0.24051800 0.65517437
v -0.00592804 -0.24062400 0.65506440
v -0.00922101 -0.24088790 0.65436041
v -0.00922405 -0.24099299 0.65416640
v -0.00929206 -0.24796189 0.63999242
v -0.00935202 -0.24828200 0.63906741
v 0.00009893 -0.24090500 0.65516537
v 0.00022793 -0.24072590 0.65516841
v -0.00929403 -0.24088290 0.65410942
v 0.00893790 -0.24876601 0.63858640
v 0.00878090 -0.24879900 0.63852340
v 0.00879789 -0.24870500 0.63840443
v 0.00970793 -0.24875499 0.63760841
v 0.00919491 -0.24869700 0.63783842
v 0.00953388 -0.24881800 0.63748538
v 0.00981892 -0.24870600 0.63770843
v 0.00895292 -0.24867301 0.63846737
v 0.00906593 -0.24872200 0.63869238
v 0.00897193 -0.24864390 0.63841039
v 0.00884992 -0.24865000 0.63827741
v 0.00892491 -0.24863490 0.63815743
v 0.00903791 -0.24862500 0.63845837
v 0.00907988 -0.24860901 0.63849741
v 0.00910992 -0.24858589 0.63843238
v 0.00903589 -0.24864900 0.63801438
v 0.00944591 -0.24845800 0.63848639
v 0.00991691 -0.24865501 0.63781643
v 0.01005190 -0.24856500 0.63801342
v 0.00946689 -0.24842501 0.63856143
v 0.00948793 -0.24837300 0.63867742
v 0.01016288 -0.24845700 0.63826042
v 0.00950891 -0.24831000 0.63881642
v 0.01023888 -0.24832900 0.63856339
v 0.00953192 -0.24823301 0.63898939
v 0.00953293 -0.24807701 0.63937640
v 0.01027190 -0.24817200 0.63894337
v 0.01025289 -0.24783590 0.63976842
v 0.00965393 -0.24577700 0.64457339
v 0.01025390 -0.24671800 0.64238143
v 0.01025390 -0.24480399 0.64649242
v 0.00911391 -0.24863000 0.63865739
v 0.00915790 -0.24866900 0.63882738
v 0.00914389 -0.24861100 0.63870442
v 0.00915093 -0.24859101 0.63867140
v 0.00925690 -0.24848300 0.63870639
v 0.00926590 -0.24846800 0.63874543
v 0.00927788 -0.24843501 0.63882238
v 0.00928188 -0.24840900 0.63888037
v 0.00928593 -0.24837799 0.63894939
v 0.00929290 -0.24833889 0.63903338
v 0.00929791 -0.24826100 0.63921940
v 0.00930190 -0.24801300 0.63982642
v 0.00953293 -0.24756099 0.64062339
v 0.00929988 -0.24630900 0.64375138
v 0.00958789 -0.24578100 0.64459139
v 0.00952888 -0.24578699 0.64461142
v 0.00933790 -0.24538200 0.64566040
v 0.00920892 -0.24853700 0.63881838
v 0.00919891 -0.24862701 0.63893437
v 0.00921393 -0.24852900 0.63883841
v 0.00922692 -0.24849699 0.63891840
v 0.00922192 -0.24856000 0.63910139
v 0.00922990 -0.24848001 0.63895839
v 0.00923092 -0.24846700 0.63898838
v 0.00923193 -0.24845199 0.63902342
v 0.00923389 -0.24843290 0.63906538
v 0.00923491 -0.24839400 0.63915843
v 0.00923890 -0.24826901 0.63945538
v 0.00923991 -0.24745101 0.64141339
v 0.00922191 -0.24511699 0.64680541
v 0.00924093 -0.24570391 0.64528042
v 0.00930292 -0.24540401 0.64568639
v 0.00924289 -0.24524701 0.64623642
v 0.00923693 -0.24503490 0.64672440
v 0.00934691 -0.24814500 0.63940442
v 0.00934792 -0.24747691 0.64101142
v 0.00960589 -0.24702100 0.64184242
v 0.00934589 -0.24572100 0.64493042
v 0.00936693 -0.24571200 0.64491743
v 0.00931692 -0.24505290 0.64638942
v 0.00927991 -0.24496900 0.64665842
v 0.00937391 -0.24502189 0.64635640
v 0.00960088 -0.24484900 0.64653838
v 0.00943691 -0.24488400 0.64657241
v 0.00937289 -0.24720500 0.64160639
v 0.00929189 -0.24731800 0.64150339
v -0.03291701 -0.24956401 0.60186040
v -0.03459404 -0.24852289 0.60290140
v -0.03457801 -0.24920399 0.60085839
v -0.02754401 -0.25271401 0.59744942
v -0.02749406 -0.25222501 0.59919941
v -0.02751003 -0.25272900 0.59743541
v -0.03459404 -0.24852289 0.60290140
v -0.03468804 -0.25112399 0.60782743
v -0.03459404 -0.24952801 0.60189539
v -0.03457801 -0.24920399 0.60085839
v -0.03459404 -0.24690901 0.60451442
v -0.03470503 -0.25137800 0.60898340
v -0.00516605 -0.23303600 0.66837740
v -0.00010207 -0.23310800 0.66863340
v -0.00010207 -0.23292200 0.66874337
v -0.00640303 -0.23328391 0.66806942
v -0.01014006 -0.23334099 0.66739041
v -0.01254606 -0.23375200 0.66657442
v -0.01531201 -0.23385701 0.66571641
v -0.01846307 -0.23449899 0.66418940
v -0.02021902 -0.23456500 0.66342342
v -0.02393007 -0.23550300 0.66097939
v -0.02477407 -0.23545399 0.66054142
v -0.02880704 -0.23674800 0.65700239
v -0.02846103 -0.23638500 0.65751940
v -0.03125107 -0.23725900 0.65468442
v -0.03298306 -0.23820300 0.65235537
v -0.03418004 -0.23840199 0.65098041
v -0.03635602 -0.23984189 0.64711839
v -0.03662806 -0.23963989 0.64696938
v -0.03855501 -0.24095100 0.64270240
v -0.03880703 -0.24162599 0.64141637
v -0.03970902 -0.24205101 0.63912642
v -0.04027205 -0.24350500 0.63541240
v -0.04079901 -0.24394099 0.63302642
v -0.04070305 -0.24505100 0.63047338
v -0.04081105 -0.24589300 0.62684542
v -0.04048901 -0.24649900 0.62584943
v -0.03976106 -0.24784701 0.62075537
v -0.03968507 -0.24792901 0.62127841
v -0.03830801 -0.24932100 0.61682940
v -0.03770702 -0.24973200 0.61490339
v -0.03669600 -0.25046301 0.61318338
v -0.03470306 -0.25147799 0.60943139
v -0.03469406 -0.25154701 0.60971838
v 0.03106492 -0.16891600 0.65828240
v 0.03144592 -0.16929100 0.65790838
v 0.03172391 -0.16909499 0.65810442
v 0.03122091 -0.16880400 0.65839541
v 0.03088992 -0.16901401 0.65818441
v 0.03112488 -0.16945089 0.65774941
v 0.03135490 -0.16867800 0.65852040
v 0.03194892 -0.16886801 0.65833139
v 0.03069788 -0.16909400 0.65810537
v 0.03076988 -0.16956800 0.65763241
v 0.03146189 -0.16853900 0.65865839
v 0.03211390 -0.16861591 0.65858239
v 0.03049093 -0.16915201 0.65804738
v 0.03039091 -0.16964000 0.65756041
v 0.03153890 -0.16839100 0.65880638
v 0.03221589 -0.16834800 0.65884942
v 0.03027391 -0.16918799 0.65801138
v 0.03158491 -0.16823700 0.65896040
v 0.03224992 -0.16807100 0.65912539
v 0.03013688 -0.16920000 0.65799940
v 0.02999991 -0.16966400 0.65753639
v 0.03159988 -0.16808000 0.65911740
v 0.02999991 -0.16920300 0.65799642
v 0.03158790 -0.16792201 0.65927440
v 0.03221589 -0.16779500 0.65940142
v 0.02972590 -0.16918799 0.65801138
v 0.02960890 -0.16964000 0.65756041
v 0.03154587 -0.16776700 0.65942937
v 0.03211390 -0.16752601 0.65966940
v 0.02948492 -0.16914700 0.65805238
v 0.02922987 -0.16956800 0.65763241
v 0.03147190 -0.16761801 0.65957743
v 0.03194892 -0.16727500 0.65992039
v 0.02927988 -0.16908599 0.65811342
v 0.02887493 -0.16945089 0.65774941
v 0.03136789 -0.16747899 0.65971643
v 0.02908891 -0.16900399 0.65819442
v 0.03172391 -0.16704699 0.66014743
v 0.02855390 -0.16929100 0.65790838
v 0.03123688 -0.16735099 0.65984440
v 0.02891689 -0.16890401 0.65829438
v 0.03108292 -0.16723700 0.65995842
v 0.03144592 -0.16685100 0.66034341
v 0.02827590 -0.16909499 0.65810442
v 0.02876293 -0.16879000 0.65840840
v 0.03091090 -0.16713800 0.66005743
v 0.02863192 -0.16866300 0.65853542
v 0.03112488 -0.16669200 0.66050237
v 0.03071993 -0.16705599 0.66013938
v 0.02805089 -0.16886801 0.65833139
v 0.02852791 -0.16852300 0.65867442
v 0.03076988 -0.16657500 0.66061938
v 0.03051489 -0.16699500 0.66019940
v 0.02788591 -0.16861591 0.65858239
v 0.02845388 -0.16837400 0.65882337
v 0.03039091 -0.16650300 0.66069043
v 0.03027391 -0.16695300 0.66024143
v 0.02778392 -0.16834800 0.65884942
v 0.02841192 -0.16821900 0.65897739
v 0.02999991 -0.16647799 0.66071540
v 0.02986288 -0.16694200 0.66025239
v 0.02999991 -0.16693801 0.66025639
v 0.02774989 -0.16807100 0.65912539
v 0.02839988 -0.16806200 0.65913540
v 0.02841490 -0.16790500 0.65929240
v 0.02960890 -0.16650300 0.66069043
v 0.02950888 -0.16698900 0.66020542
v 0.02972590 -0.16695300 0.66024143
v 0.02778392 -0.16779500 0.65940142
v 0.02846091 -0.16775000 0.65944642
v 0.02922987 -0.16657500 0.66061938
v 0.02930188 -0.16704801 0.66014743
v 0.02788591 -0.16752601 0.65966940
v 0.02853792 -0.16760200 0.65959340
v 0.02887493 -0.16669200 0.66050237
v 0.02910989 -0.16712700 0.66006738
v 0.02805089 -0.16727500 0.65992039
v 0.02864491 -0.16746400 0.65973139
v 0.02855390 -0.16685100 0.66034341
v 0.02893489 -0.16722500 0.65996939
v 0.02827590 -0.16704699 0.66014743
v 0.02877891 -0.16733800 0.65985739
v 0.03469992 -0.25126001 0.60871941
v 0.03459388 -0.24690901 0.60451442
v 0.03459388 -0.24847600 0.60294741
v 0.03457791 -0.24916400 0.60090142
v 0.03470290 -0.25130001 0.60890538
v 0.02754391 -0.25223300 0.59907043
v 0.02749390 -0.25220600 0.59921741
v 0.02750993 -0.25271299 0.59745741
v 0.02754391 -0.25269800 0.59747142
v 0.02921892 -0.25156501 0.59948242
v 0.03077591 -0.25065199 0.60077238
v 0.03089190 -0.25085801 0.59993142
v 0.03457791 -0.24916400 0.60090142
v 0.03191889 -0.25034001 0.60043943
v 0.03314692 -0.24939600 0.60202742
v 0.03281689 -0.24986701 0.60090041
v 0.03369290 -0.24937800 0.60137838
v 0.03459388 -0.24847600 0.60294741
v -0.02276902 -0.25134301 0.58546239
v -0.02754401 -0.24958301 0.58793342
v -0.02754401 -0.24943800 0.58751041
v -0.02751003 -0.25272900 0.59743541
v -0.02754401 -0.25271401 0.59744942
v -0.02492301 -0.25355101 0.59570241
v -0.02750902 -0.25275099 0.59750342
v -0.02124701 -0.25238401 0.58659238
v -0.01770102 -0.25286800 0.58382243
v -0.02128802 -0.25285700 0.58816242
v -0.02132003 -0.25323099 0.58942538
v -0.02136003 -0.25367799 0.59095341
v -0.02139805 -0.25410101 0.59243041
v -0.01696102 -0.25535399 0.59163642
v -0.02219103 -0.25427201 0.59407938
v -0.01444601 -0.25404701 0.58451039
v -0.01013003 -0.25434300 0.58223039
v -0.01449500 -0.25443199 0.58590442
v -0.01453404 -0.25473601 0.58702642
v -0.01458202 -0.25509799 0.58838439
v -0.01141004 -0.25614300 0.58984143
v -0.01462702 -0.25543901 0.58969742
v -0.00549006 -0.25520101 0.58304739
v -0.00230800 -0.25499699 0.58151841
v -0.00551604 -0.25553301 0.58430243
v -0.00553702 -0.25579399 0.58531243
v 0.00089894 -0.25678599 0.58834243
v -0.00556105 -0.25610200 0.58653641
v -0.00558405 -0.25639200 0.58771938
v -0.00564205 -0.25662801 0.58872139
v 0.00546891 -0.25489700 0.58194238
v 0.00556190 -0.25482401 0.58171141
v 0.00549693 -0.25519899 0.58305538
v 0.01328791 -0.25383601 0.58280540
v 0.00552291 -0.25553101 0.58431339
v 0.00554491 -0.25579199 0.58532637
v 0.00556988 -0.25610101 0.58655441
v 0.00812293 -0.25644901 0.58910441
v 0.00559390 -0.25639099 0.58774042
v 0.01445091 -0.25405300 0.58455938
v 0.02067990 -0.25203899 0.58477938
v 0.01450193 -0.25444299 0.58597338
v 0.01454288 -0.25475100 0.58711243
v 0.01459194 -0.25511599 0.58849239
v 0.01463992 -0.25545999 0.58982641
v 0.01509190 -0.25563699 0.59091640
v 0.02124691 -0.25240701 0.58668637
v 0.02128894 -0.25288999 0.58829439
v 0.02132291 -0.25327200 0.58958942
v 0.02136392 -0.25372699 0.59115940
v 0.02735490 -0.24966399 0.58784342
v 0.02754391 -0.24945900 0.58758539
v 0.02140493 -0.25415799 0.59267741
v 0.02162290 -0.25437701 0.59372443
v 0.02735591 -0.25021499 0.58946937
v 0.02735794 -0.25082701 0.59130841
v 0.02735991 -0.25131300 0.59279042
v 0.02754391 -0.25269800 0.59747142
v 0.02736193 -0.25189099 0.59458542
v 0.02736390 -0.25244099 0.59632242
v -0.00560105 -0.23398601 0.66505438
v -0.00010207 -0.23310800 0.66863340
v -0.00640303 -0.23328391 0.66806942
v -0.00010207 -0.23384100 0.66550940
v -0.01104003 -0.23437600 0.66381240
v -0.01254606 -0.23375200 0.66657442
v -0.01622903 -0.23498300 0.66189039
v -0.01846307 -0.23449899 0.66418940
v -0.02109903 -0.23579399 0.65932339
v -0.02393007 -0.23550300 0.66097939
v -0.02556204 -0.23679900 0.65614641
v -0.02880704 -0.23674800 0.65700239
v -0.02864104 -0.23769000 0.65333241
v -0.03298306 -0.23820300 0.65235537
v -0.03144604 -0.23870000 0.65014237
v -0.03635602 -0.23984189 0.64711839
v -0.03395503 -0.23984601 0.64652038
v -0.03607504 -0.24112900 0.64246941
v -0.03880703 -0.24162599 0.64141637
v -0.03767405 -0.24250500 0.63812143
v -0.04027205 -0.24350500 0.63541240
v -0.03868705 -0.24393091 0.63361239
v -0.04070305 -0.24505100 0.63047338
v -0.03909206 -0.24538700 0.62900841
v -0.04048901 -0.24649900 0.62584943
v -0.03887504 -0.24684800 0.62438840
v -0.03968507 -0.24792901 0.62127841
v -0.03804801 -0.24828900 0.61983240
v -0.03830801 -0.24932100 0.61682940
v -0.03663103 -0.24968299 0.61542243
v -0.03669600 -0.25046301 0.61318338
v -0.03561001 -0.25042099 0.61308742
v -0.03452800 -0.25125101 0.61052239
v -0.03461204 -0.25136399 0.61021739
v -0.03469406 -0.25154701 0.60971838
v -0.03441905 -0.25113800 0.61081940
v 0.00927192 -0.23995391 0.65559840
v 0.01711291 -0.23512200 0.66144842
v 0.00905591 -0.23992690 0.65567738
v 0.00885290 -0.23991700 0.65572542
v 0.01160991 -0.23443900 0.66361439
v 0.00864488 -0.23992100 0.65575141
v 0.00951493 -0.24000791 0.65546942
v 0.00967688 -0.24006100 0.65535343
v 0.02223592 -0.23603900 0.65854943
v 0.00982189 -0.24012400 0.65522242
v 0.00998593 -0.24022301 0.65502739
v 0.01011288 -0.24033700 0.65481341
v 0.01020091 -0.24046101 0.65458637
v 0.01024693 -0.24059400 0.65435141
v 0.02685689 -0.23717199 0.65496838
v 0.01025390 -0.24277200 0.65046138
v 0.03086292 -0.23849989 0.65077341
v -0.01622903 -0.23498300 0.66189039
v -0.00889504 -0.23992300 0.65572041
v -0.01104003 -0.23437600 0.66381240
v -0.00940305 -0.23998500 0.65553743
v -0.00915706 -0.23994300 0.65564740
v -0.02109903 -0.23579399 0.65932339
v -0.01005601 -0.24028590 0.65492243
v -0.00995004 -0.24020401 0.65507942
v -0.00982302 -0.24013001 0.65522438
v -0.00962704 -0.24004801 0.65539539
v 0.01023888 -0.24832900 0.63856339
v 0.03665387 -0.24162699 0.64089543
v 0.01027190 -0.24817200 0.63894337
v 0.01016288 -0.24845700 0.63826042
v 0.03827792 -0.24335399 0.63543642
v 0.01005190 -0.24856500 0.63801342
v 0.00991691 -0.24865501 0.63781643
v -0.03144604 -0.23870000 0.65014237
v -0.02864104 -0.23769000 0.65333241
v 0.03356392 -0.25109801 0.61253637
v 0.03554589 -0.25041300 0.61311239
v 0.03317893 -0.25112900 0.61302042
v 0.03279293 -0.25117299 0.61340940
v 0.03389591 -0.25108600 0.61201239
v 0.03243292 -0.25122300 0.61370438
v 0.03416890 -0.25109100 0.61146641
v 0.03199089 -0.25129601 0.61399138
v 0.03438789 -0.25111401 0.61089641
v -0.03767405 -0.24250500 0.63812143
v -0.00993102 -0.24865000 0.63784438
v -0.01006007 -0.24856099 0.63803840
v -0.01015704 -0.24846891 0.63824940
v -0.01021206 -0.24839000 0.63843441
v -0.01024502 -0.24831100 0.63862443
v -0.03561001 -0.25042099 0.61308742
v -0.03302203 -0.25116301 0.61320740
v -0.03264605 -0.25121000 0.61355537
v -0.03217904 -0.25128099 0.61389643
v -0.03357302 -0.25111601 0.61254239
v -0.03406303 -0.25110599 0.61171341
v -0.03441905 -0.25113800 0.61081940
v 0.00434488 -0.23566601 0.66279542
v 0.00582892 -0.23400100 0.66500437
v -0.00010207 -0.23384100 0.66550940
v 0.00444293 -0.24014300 0.65586537
v 0.00721592 -0.24001101 0.65579838
v -0.00442004 -0.23566601 0.66279542
v -0.00445103 -0.24014500 0.65586740
v -0.00560105 -0.23398601 0.66505438
v 0.03124290 -0.24186701 0.64409542
v 0.03415889 -0.23999500 0.64605039
v 0.01025390 -0.24671800 0.64238143
v 0.01025289 -0.24783590 0.63976842
v 0.03381490 -0.24668799 0.63030243
v 0.03898888 -0.24512599 0.62983340
v 0.03877592 -0.24691400 0.62418038
v 0.00981892 -0.24870600 0.63770843
v 0.00970793 -0.24875499 0.63760841
v -0.02399003 -0.23707800 0.65630943
v -0.02556204 -0.23679900 0.65614641
v 0.01137794 -0.25075200 0.63165039
v 0.00953388 -0.24881800 0.63748538
v 0.00930691 -0.24888191 0.63736939
v 0.00906188 -0.24893300 0.63729239
v 0.00880492 -0.24896801 0.63725537
v 0.00440789 -0.24918690 0.63735843
v 0.00000393 -0.24926101 0.63739640
v 0.03124291 -0.25106499 0.61636138
v 0.03654594 -0.24969099 0.61539739
v 0.03788191 -0.24840100 0.61947542
v 0.02906090 -0.25204301 0.61411840
v 0.02933890 -0.25195000 0.61425042
v 0.02962292 -0.25186101 0.61434740
v 0.02991593 -0.25177500 0.61441141
v 0.03021491 -0.25169200 0.61444241
v 0.03051889 -0.25161299 0.61444139
v 0.03082091 -0.25153899 0.61440837
v 0.03121889 -0.25144899 0.61431938
v 0.03157193 -0.25137499 0.61419439
v -0.03131806 -0.24186701 0.64409542
v -0.03395503 -0.23984601 0.64652038
v -0.03607504 -0.24112900 0.64246941
v -0.01145303 -0.25075200 0.63165039
v -0.00920504 -0.24891099 0.63733441
v -0.00937503 -0.24887000 0.63740242
v -0.00958502 -0.24880590 0.63752139
v -0.00865805 -0.24898501 0.63725537
v -0.00884401 -0.24896801 0.63726038
v -0.00902706 -0.24894300 0.63728738
v 0.01051289 -0.25398001 0.62031442
v 0.02739990 -0.25287101 0.61145240
v 0.02756894 -0.25272000 0.61218739
v 0.02782590 -0.25256100 0.61280942
v 0.02814490 -0.25240201 0.61331737
v 0.02850491 -0.25224799 0.61371541
v 0.02872593 -0.25216299 0.61390138
v 0.02391589 -0.25452501 0.60370839
v 0.02042389 -0.25558400 0.59649342
v 0.02407092 -0.25482699 0.59877539
v 0.02744592 -0.25395399 0.60140741
v 0.02734393 -0.25300601 0.61061043
v -0.03389006 -0.24668799 0.63030243
v -0.00977206 -0.24873200 0.63767040
v -0.03887504 -0.24684800 0.62438840
v -0.03868705 -0.24393091 0.63361239
v -0.03909206 -0.24538700 0.62900841
v -0.01058804 -0.25398001 0.62031442
v -0.03804801 -0.24828900 0.61983240
v -0.02920203 -0.25201100 0.61420637
v -0.02892004 -0.25210801 0.61405140
v -0.02865802 -0.25220400 0.61386442
v -0.02842604 -0.25229600 0.61365640
v -0.02816205 -0.25240999 0.61335641
v -0.02791004 -0.25253099 0.61298043
v -0.02770703 -0.25264499 0.61257339
v -0.02755003 -0.25274900 0.61214340
v -0.02743904 -0.25284299 0.61169642
v 0.00804592 -0.25617200 0.60891438
v -0.03131805 -0.25106499 0.61636138
v -0.03663103 -0.24968299 0.61542243
v -0.03167503 -0.25137299 0.61416841
v -0.03124003 -0.25146100 0.61433041
v -0.03082804 -0.25155500 0.61442542
v -0.03045802 -0.25164500 0.61446142
v -0.03013305 -0.25173101 0.61445439
v -0.02981304 -0.25182101 0.61440939
v -0.02950202 -0.25191501 0.61432642
v -0.00812101 -0.25617200 0.60891438
v -0.02736406 -0.25293899 0.61116540
v -0.02734403 -0.25302100 0.61062640
v 0.00434489 -0.25727001 0.59766239
v 0.00672991 -0.25719300 0.59163940
v 0.01148391 -0.25682399 0.59275538
v 0.01606089 -0.25628600 0.59437537
v 0.00219489 -0.25739601 0.59215337
v 0.00191493 -0.25738400 0.59106541
v -0.02399103 -0.25452501 0.60370839
v -0.02744602 -0.25397500 0.60134238
v -0.02213804 -0.25526500 0.59745443
v -0.00442003 -0.25727001 0.59766239
v -0.01625405 -0.25626999 0.59442538
v -0.00996106 -0.25696799 0.59231842
v -0.00345003 -0.25734600 0.59117937
v -0.00227003 -0.25739601 0.59215337
v -0.03387205 -0.24674401 0.59273243
v -0.03468202 -0.24626400 0.59320742
v -0.03464304 -0.24571200 0.59180540
v -0.03299503 -0.24724790 0.59223741
v -0.03484301 -0.24750100 0.59668338
v -0.03496002 -0.24896900 0.60109341
v -0.03121303 -0.24823400 0.59127140
v -0.02754401 -0.24958301 0.58793342
v -0.03402905 -0.24798700 0.59621042
v -0.03488301 -0.24803001 0.59820539
v -0.03313606 -0.24849300 0.59573138
v -0.03406905 -0.24851900 0.59773338
v -0.02940004 -0.24919000 0.59033543
v -0.03490506 -0.24862400 0.59994239
v -0.03457801 -0.24920399 0.60085839
v -0.03317206 -0.24902500 0.59726042
v -0.03130703 -0.24947301 0.59481740
v -0.03409104 -0.24911501 0.59947139
v -0.03319304 -0.24962100 0.59900641
v -0.03133206 -0.25000200 0.59636837
v -0.02944003 -0.25041601 0.59394038
v -0.02754401 -0.25271401 0.59744942
v -0.03134905 -0.25059599 0.59814042
v -0.02945302 -0.25094000 0.59551638
v -0.02946304 -0.25152901 0.59731841
v -0.03459404 -0.24952801 0.60189539
v -0.03495000 -0.24930800 0.60211539
v -0.03495406 -0.24919590 0.60177439
v -0.03495805 -0.24908300 0.60143441
v -0.03457801 -0.24920399 0.60085839
v -0.03496002 -0.24896900 0.60109341
v -0.03468804 -0.25112399 0.60782743
v -0.03495000 -0.24930800 0.60211539
v -0.03459404 -0.24952801 0.60189539
v -0.00370204 -0.23267300 0.66873342
v -0.00010207 -0.23292200 0.66874337
v -0.00010207 -0.23261900 0.66892242
v -0.00516605 -0.23303600 0.66837740
v -0.00742602 -0.23284000 0.66819042
v -0.01014006 -0.23334099 0.66739041
v -0.01316201 -0.23330000 0.66669840
v -0.01531201 -0.23385701 0.66571641
v -0.01934903 -0.23409189 0.66410142
v -0.02021902 -0.23456500 0.66342342
v -0.02313303 -0.23476090 0.66190839
v -0.02477407 -0.23545399 0.66054142
v -0.02792805 -0.23587500 0.65827042
v -0.02846103 -0.23638500 0.65751940
v -0.03190606 -0.23710100 0.65424943
v -0.03125107 -0.23725900 0.65468442
v -0.03418004 -0.23840199 0.65098041
v -0.03568904 -0.23868100 0.64905840
v -0.03855501 -0.24095100 0.64270240
v -0.03811407 -0.24010099 0.64440238
v -0.04016006 -0.24194400 0.63836437
v -0.03970902 -0.24205101 0.63912642
v -0.04079901 -0.24394099 0.63302642
v -0.04102002 -0.24347900 0.63337243
v -0.04107105 -0.24547701 0.62713540
v -0.04081105 -0.24589300 0.62684542
v -0.03995305 -0.24761300 0.62066442
v -0.03976106 -0.24784701 0.62075537
v -0.03804903 -0.24942000 0.61523741
v -0.03770702 -0.24973200 0.61490339
v -0.03470604 -0.25141099 0.60913539
v -0.03470306 -0.25147799 0.60943139
v -0.03592002 -0.23885600 0.64861941
v 0.03039091 -0.17034391 0.65826643
v 0.02999991 -0.16966400 0.65753639
v 0.02999991 -0.17036900 0.65824240
v 0.03039091 -0.16964000 0.65756041
v 0.03076988 -0.17027301 0.65833843
v 0.03076988 -0.16956800 0.65763241
v 0.03112488 -0.17015500 0.65845537
v 0.03112488 -0.16945089 0.65774941
v 0.03144592 -0.16999599 0.65861440
v 0.03144592 -0.16929100 0.65790838
v 0.03172391 -0.16980000 0.65881139
v 0.03172391 -0.16909499 0.65810442
v 0.03194892 -0.16957299 0.65903842
v 0.03194892 -0.16886801 0.65833139
v 0.03211390 -0.16932200 0.65928942
v 0.03211390 -0.16861591 0.65858239
v 0.03221589 -0.16905400 0.65955740
v 0.03221589 -0.16834800 0.65884942
v 0.03224992 -0.16877800 0.65983337
v 0.03224992 -0.16807100 0.65912539
v 0.03221589 -0.16850100 0.66010940
v 0.03221589 -0.16779500 0.65940142
v 0.03211390 -0.16823301 0.66037738
v 0.03211390 -0.16752601 0.65966940
v 0.03194892 -0.16798200 0.66062939
v 0.03194892 -0.16727500 0.65992039
v 0.03172391 -0.16775499 0.66085643
v 0.03172391 -0.16704699 0.66014743
v 0.03144592 -0.16755900 0.66105241
v 0.03144592 -0.16685100 0.66034341
v 0.03112488 -0.16740000 0.66121137
v 0.03112488 -0.16669200 0.66050237
v 0.03076988 -0.16728200 0.66132838
v 0.03076988 -0.16657500 0.66061938
v 0.03039091 -0.16721091 0.66140038
v 0.03039091 -0.16650300 0.66069043
v 0.02999991 -0.16718701 0.66142440
v 0.02999991 -0.16647799 0.66071540
v 0.02960890 -0.16721091 0.66140038
v 0.02960890 -0.16650300 0.66069043
v 0.02922987 -0.16728200 0.66132838
v 0.02922987 -0.16657500 0.66061938
v 0.02887493 -0.16740000 0.66121137
v 0.02887493 -0.16669200 0.66050237
v 0.02855390 -0.16755900 0.66105241
v 0.02855390 -0.16685100 0.66034341
v 0.02827590 -0.16775499 0.66085643
v 0.02827590 -0.16704699 0.66014743
v 0.02805089 -0.16798200 0.66062939
v 0.02805089 -0.16727500 0.65992039
v 0.02788591 -0.16823301 0.66037738
v 0.02788591 -0.16752601 0.65966940
v 0.02778392 -0.16850100 0.66010940
v 0.02778392 -0.16779500 0.65940142
v 0.02774989 -0.16877800 0.65983337
v 0.02774989 -0.16807100 0.65912539
v 0.02778392 -0.16905400 0.65955740
v 0.02778392 -0.16834800 0.65884942
v 0.02788591 -0.16932200 0.65928942
v 0.02788591 -0.16861591 0.65858239
v 0.02805089 -0.16957299 0.65903842
v 0.02805089 -0.16886801 0.65833139
v 0.02827590 -0.16980000 0.65881139
v 0.02827590 -0.16909499 0.65810442
v 0.02855390 -0.16999599 0.65861440
v 0.02855390 -0.16929100 0.65790838
v 0.02887493 -0.17015500 0.65845537
v 0.02887493 -0.16945089 0.65774941
v 0.02922987 -0.17027301 0.65833843
v 0.02922987 -0.16956800 0.65763241
v 0.02960890 -0.17034391 0.65826643
v 0.02960890 -0.16964000 0.65756041
v 0.02999991 -0.17036900 0.65824240
v 0.02999991 -0.16966400 0.65753639
v -0.02960902 -0.17034499 0.65826643
v -0.03000003 -0.17001501 0.65788841
v -0.03000003 -0.17036900 0.65824240
v -0.02960902 -0.16999100 0.65791237
v -0.02923005 -0.17027301 0.65833843
v -0.02923005 -0.16991900 0.65798438
v -0.02887505 -0.17015600 0.65845537
v -0.02887505 -0.16980200 0.65810138
v -0.02855402 -0.16999701 0.65861440
v -0.02855402 -0.16964300 0.65826142
v -0.02827602 -0.16980091 0.65881038
v -0.02827602 -0.16944700 0.65845740
v -0.02805101 -0.16957299 0.65903741
v -0.02805101 -0.16922000 0.65868437
v -0.02788603 -0.16932200 0.65928942
v -0.02788603 -0.16896901 0.65893543
v -0.02778404 -0.16905400 0.65955740
v -0.02778404 -0.16870090 0.65920341
v -0.02775007 -0.16877800 0.65983337
v -0.02775007 -0.16842400 0.65947938
v -0.02778404 -0.16850200 0.66010940
v -0.02778404 -0.16814800 0.65975642
v -0.02788603 -0.16823401 0.66037738
v -0.02788603 -0.16787989 0.66002339
v -0.02805101 -0.16798200 0.66062838
v -0.02805101 -0.16762900 0.66027540
v -0.02827602 -0.16775499 0.66085643
v -0.02827602 -0.16740200 0.66050237
v -0.02855402 -0.16755900 0.66105241
v -0.02855402 -0.16720600 0.66069841
v -0.02887505 -0.16740000 0.66121137
v -0.02887505 -0.16704699 0.66085738
v -0.02923005 -0.16728289 0.66132838
v -0.02923005 -0.16692901 0.66097438
v -0.02960902 -0.16721091 0.66140038
v -0.02960902 -0.16685800 0.66104639
v -0.03000003 -0.16718701 0.66142440
v -0.03000003 -0.16683300 0.66107041
v -0.03039103 -0.16721091 0.66140038
v -0.03039103 -0.16685800 0.66104639
v -0.03077006 -0.16728289 0.66132838
v -0.03077006 -0.16692901 0.66097438
v -0.03112506 -0.16740000 0.66121137
v -0.03112506 -0.16704699 0.66085738
v -0.03144604 -0.16755900 0.66105241
v -0.03144604 -0.16720600 0.66069841
v -0.03172403 -0.16775499 0.66085643
v -0.03172403 -0.16740200 0.66050237
v -0.03194904 -0.16798200 0.66062838
v -0.03194904 -0.16762900 0.66027540
v -0.03211401 -0.16823401 0.66037738
v -0.03211401 -0.16787989 0.66002339
v -0.03221606 -0.16850200 0.66010940
v -0.03221606 -0.16814800 0.65975642
v -0.03225004 -0.16877800 0.65983337
v -0.03225004 -0.16842400 0.65947938
v -0.03221606 -0.16905400 0.65955740
v -0.03221606 -0.16870090 0.65920341
v -0.03211401 -0.16932200 0.65928942
v -0.03211401 -0.16896901 0.65893543
v -0.03194904 -0.16957299 0.65903741
v -0.03194904 -0.16922000 0.65868437
v -0.03172402 -0.16980091 0.65881038
v -0.03172402 -0.16944700 0.65845740
v -0.03144604 -0.16999701 0.65861440
v -0.03144604 -0.16964300 0.65826142
v -0.03112506 -0.17015600 0.65845537
v -0.03112506 -0.16980200 0.65810138
v -0.03077006 -0.17027301 0.65833843
v -0.03077006 -0.16991900 0.65798438
v -0.03039103 -0.17034499 0.65826643
v -0.03039103 -0.16999100 0.65791237
v -0.03000003 -0.17036900 0.65824240
v -0.03000003 -0.17001501 0.65788841
v 0.03461689 -0.24558100 0.59146339
v 0.03469992 -0.25126001 0.60871941
v 0.03457791 -0.24916400 0.60090142
v 0.02932591 -0.25130799 0.59646243
v 0.02754391 -0.25269800 0.59747142
v 0.02930791 -0.25041500 0.59373039
v 0.02754391 -0.24945900 0.58758539
v 0.03331691 -0.24930200 0.59846842
v 0.02927489 -0.24946091 0.59088439
v 0.03325993 -0.24837901 0.59576643
v 0.03314990 -0.24739100 0.59295440
v -0.00732905 -0.14249399 0.67228240
v -0.00757402 -0.14243500 0.67329639
v -0.00000006 -0.14196689 0.67376739
v -0.00000107 -0.14204600 0.67273140
v -0.01445704 -0.14381200 0.67096537
v -0.01491701 -0.14380400 0.67192042
v -0.02122104 -0.14592101 0.66885543
v -0.02183806 -0.14597900 0.66973341
v -0.02748405 -0.14870889 0.66606838
v -0.02824705 -0.14885201 0.66684341
v -0.03328704 -0.15212999 0.66264743
v -0.03407007 -0.15230390 0.66337442
v -0.03865802 -0.15617500 0.65860140
v -0.03927505 -0.15622100 0.65943742
v -0.04257201 -0.15920790 0.65643638
v -0.04354906 -0.16081201 0.65396440
v -0.04513502 -0.16186801 0.65376341
v -0.04788702 -0.16597900 0.64879739
v -0.05223804 -0.17149800 0.64409441
v -0.05265104 -0.17346901 0.64130741
v -0.05737406 -0.18266000 0.63289541
v -0.05656802 -0.18253300 0.63224441
v -0.05878502 -0.19167800 0.62309939
v -0.05973303 -0.19267900 0.62284237
v -0.05973302 -0.19806400 0.61742342
v -0.05877005 -0.19838201 0.61639440
v -0.05737005 -0.20480201 0.60997540
v -0.05777203 -0.20683099 0.60861838
v -0.05434303 -0.21300390 0.60177243
v -0.05391704 -0.21615800 0.59927642
v -0.04954301 -0.22157000 0.59320641
v -0.04829602 -0.22502799 0.59040242
v -0.04335706 -0.22926299 0.58551443
v -0.04080401 -0.23315500 0.58228439
v -0.03598104 -0.23582400 0.57895237
v -0.03328805 -0.23893400 0.57652140
v -0.02847402 -0.24062800 0.57414943
v -0.02602403 -0.24298200 0.57248938
v -0.02103101 -0.24400599 0.57077038
v -0.01875906 -0.24584900 0.56963742
v -0.01372705 -0.24621899 0.56855839
v -0.01174204 -0.24765800 0.56783742
v -0.00695204 -0.24740399 0.56737339
v -0.00592702 -0.24850699 0.56699342
v -0.00000005 -0.24780700 0.56696939
v -0.00000005 -0.24879500 0.56670839
v 0.00734491 -0.24735700 0.56742042
v 0.00760592 -0.24832000 0.56717539
v -0.00000005 -0.24780700 0.56696939
v 0.01445091 -0.24604400 0.56873238
v 0.01497090 -0.24693391 0.56854141
v 0.02115894 -0.24395791 0.57081842
v 0.02193189 -0.24472700 0.57071942
v 0.02738893 -0.24119800 0.57357842
v 0.02836991 -0.24181689 0.57359940
v 0.03306091 -0.23788200 0.57689440
v 0.03421593 -0.23832600 0.57706141
v 0.03814692 -0.23411800 0.58065939
v 0.03943688 -0.23436990 0.58099341
v 0.04264689 -0.22999500 0.58478141
v 0.04273189 -0.23136289 0.58398843
v 0.04522789 -0.22875901 0.58658642
v 0.04775489 -0.22407401 0.59070241
v 0.05182094 -0.21992899 0.59541339
v 0.05234790 -0.21697600 0.59780139
v 0.05677993 -0.20973700 0.60563338
v 0.05578989 -0.20953800 0.60523838
v 0.05812592 -0.20188700 0.61288941
v 0.05932993 -0.20084199 0.61458743
v 0.05897390 -0.19543301 0.61934441
v 0.05984687 -0.19451401 0.62099242
v 0.05842387 -0.18941100 0.62536639
v 0.05901187 -0.18842500 0.62715840
v 0.05601788 -0.18097199 0.63380438
v 0.05668890 -0.18076800 0.63488638
v 0.05334789 -0.17349400 0.64220941
v 0.05164092 -0.17166001 0.64311641
v 0.04847091 -0.16594300 0.64979339
v 0.04543692 -0.16291700 0.65185940
v 0.04248690 -0.15917499 0.65657538
v 0.03818893 -0.15578400 0.65899342
v 0.03561389 -0.15341400 0.66233742
v 0.03024488 -0.15022700 0.66454941
v 0.02792990 -0.14871290 0.66703337
v 0.02285593 -0.14656700 0.66820937
v 0.02016091 -0.14538001 0.67036140
v 0.01529693 -0.14402600 0.67075038
v 0.01255190 -0.14326601 0.67247140
v 0.00802088 -0.14258400 0.67219341
v 0.00633889 -0.14229600 0.67343938
v 0.00403291 -0.14218099 0.67259538
v -0.00000006 -0.14196689 0.67376739
v -0.00000107 -0.14204600 0.67273140
v 0.03114290 -0.24721301 0.58849341
v 0.02754391 -0.24923100 0.58692241
v 0.02754391 -0.24911600 0.58659142
v 0.02754391 -0.24934500 0.58725339
v 0.02754391 -0.24945900 0.58758539
v 0.03461689 -0.24558100 0.59146339
v 0.03322691 -0.24602289 0.58972740
v 0.03393192 -0.24564400 0.59023541
v 0.03460092 -0.24549900 0.59123439
v 0.03458393 -0.24541600 0.59100538
v 0.03456688 -0.24533300 0.59077638
v -0.02293502 -0.25101200 0.58469439
v -0.02754401 -0.24922600 0.58689541
v -0.02754401 -0.24911989 0.58658743
v -0.02754401 -0.24933200 0.58720243
v -0.02754401 -0.24943800 0.58751041
v -0.01770102 -0.25286800 0.58382243
v -0.01718305 -0.25277001 0.58293742
v -0.01068102 -0.25407100 0.58163643
v -0.01013003 -0.25434300 0.58223039
v -0.00316506 -0.25478899 0.58091837
v -0.00230800 -0.25499699 0.58151841
v 0.00465591 -0.25470701 0.58100140
v 0.00556190 -0.25482401 0.58171141
v 0.01341391 -0.25360101 0.58211040
v 0.01328791 -0.25383601 0.58280540
v 0.02043194 -0.25184801 0.58385938
v 0.02067990 -0.25203899 0.58477938
v 0.02754391 -0.24911600 0.58659142
v 0.02754391 -0.24923100 0.58692241
v 0.02754391 -0.24934500 0.58725339
v 0.02754391 -0.24945900 0.58758539
v -0.03389101 -0.24566300 0.59018940
v -0.03464304 -0.24571200 0.59180540
v -0.03461902 -0.24558599 0.59146237
v -0.03459303 -0.24546000 0.59111941
v -0.03456704 -0.24533400 0.59077638
v -0.03325103 -0.24600400 0.58971739
v -0.03102003 -0.24728701 0.58842039
v -0.02754401 -0.24943800 0.58751041
v -0.02754401 -0.24958301 0.58793342
v -0.02754401 -0.24933200 0.58720243
v -0.02754401 -0.24922600 0.58689541
v -0.02754401 -0.24911989 0.58658743
v 0.00535089 -0.23323800 0.66822141
v -0.00010207 -0.23310800 0.66863340
v -0.00010207 -0.23384100 0.66550940
v 0.00582892 -0.23400100 0.66500437
v 0.01765590 -0.23439100 0.66453838
v 0.01163691 -0.23367301 0.66683042
v 0.01160991 -0.23443900 0.66361439
v 0.01711291 -0.23512200 0.66144842
v 0.02825492 -0.23660900 0.65745038
v 0.02323788 -0.23537500 0.66139340
v 0.02223592 -0.23603900 0.65854943
v 0.02685689 -0.23717199 0.65496838
v 0.03845989 -0.24138400 0.64219642
v 0.03587287 -0.23961499 0.64784843
v 0.03415889 -0.23999500 0.64605039
v 0.03665387 -0.24162699 0.64089543
v 0.04062092 -0.24500300 0.63063240
v 0.04001790 -0.24318400 0.63644338
v 0.03827792 -0.24335399 0.63543642
v 0.03898888 -0.24512599 0.62983340
v 0.03773994 -0.24970700 0.61559939
v 0.03888291 -0.24874000 0.61868942
v 0.03788191 -0.24840100 0.61947542
v 0.03654594 -0.24969099 0.61539739
v 0.03632391 -0.25064000 0.61261541
v 0.01012992 -0.23392101 0.66565138
v 0.01966190 -0.23511989 0.66183138
v 0.02790492 -0.23699000 0.65588439
v 0.03086292 -0.23849989 0.65077341
v 0.03252488 -0.23805200 0.65284038
v 0.03430092 -0.23942700 0.64813942
v 0.03837990 -0.24227890 0.63907540
v 0.03982693 -0.24535391 0.62930143
v 0.03877592 -0.24691400 0.62418038
v 0.04026591 -0.24685800 0.62470442
v 0.03852493 -0.24843700 0.61950141
v 0.03579993 -0.25062501 0.61254740
v 0.03554589 -0.25041300 0.61311239
v 0.03438789 -0.25111401 0.61089641
v 0.03455788 -0.25128800 0.61042643
v 0.03463293 -0.25140199 0.61012441
v 0.03468293 -0.25151601 0.60981840
v -0.00715804 -0.23049100 0.66960537
v -0.00010207 -0.23032100 0.67022341
v -0.00010207 -0.22918500 0.67083341
v -0.00593304 -0.22697200 0.67163241
v -0.00010207 -0.22803999 0.67142540
v -0.00010207 -0.22688600 0.67200142
v -0.01167106 -0.22722401 0.67056042
v -0.01401805 -0.23096000 0.66789341
v -0.01696205 -0.22760899 0.66890842
v -0.02051001 -0.23170900 0.66514838
v -0.02395206 -0.22837700 0.66559643
v -0.02646505 -0.23271900 0.66143841
v -0.02940303 -0.22923601 0.66191143
v -0.03430204 -0.23027191 0.65747839
v -0.03172801 -0.23396499 0.65685439
v -0.03814702 -0.23132899 0.65292537
v -0.03615801 -0.23541801 0.65151638
v -0.04221706 -0.23284701 0.64638239
v -0.03965103 -0.23703800 0.64556837
v -0.04507105 -0.23443399 0.63956141
v -0.04211807 -0.23878600 0.63915640
v -0.04634505 -0.23552500 0.63487142
v -0.04345005 -0.24061389 0.63244241
v -0.04723906 -0.23720200 0.62765938
v -0.04358302 -0.24250790 0.62561440
v -0.04701006 -0.23875700 0.62096941
v -0.04595701 -0.24021800 0.61469042
v -0.04259901 -0.24443300 0.61886340
v -0.04425405 -0.24156991 0.60888338
v -0.04057501 -0.24631999 0.61233842
v -0.04058902 -0.24348301 0.60066241
v -0.03809802 -0.24784701 0.60704839
v -0.03495406 -0.24919590 0.60177439
v -0.03495000 -0.24930800 0.60211539
v -0.03495805 -0.24908300 0.60143441
v -0.03496002 -0.24896900 0.60109341
v -0.03561603 -0.24530891 0.59284937
v -0.03464304 -0.24571200 0.59180540
v -0.03965103 -0.23703800 0.64556837
v -0.03568904 -0.23868100 0.64905840
v -0.03615801 -0.23541801 0.65151638
v -0.04211807 -0.23878600 0.63915640
v -0.04016006 -0.24194400 0.63836437
v -0.03811407 -0.24010099 0.64440238
v -0.04259901 -0.24443300 0.61886340
v -0.04107105 -0.24547701 0.62713540
v -0.04358302 -0.24250790 0.62561440
v -0.03470604 -0.25141099 0.60913539
v -0.03804903 -0.24942000 0.61523741
v -0.03809802 -0.24784701 0.60704839
v -0.03470503 -0.25137800 0.60898340
v -0.03468804 -0.25112399 0.60782743
v -0.03495000 -0.24930800 0.60211539
v -0.00371802 -0.23212589 0.66905439
v -0.00742602 -0.23284000 0.66819042
v -0.00370204 -0.23267300 0.66873342
v -0.00010207 -0.23261900 0.66892242
v -0.00010207 -0.23109099 0.66979742
v -0.00010207 -0.23032100 0.67022341
v -0.00010207 -0.23185700 0.66936338
v -0.00715804 -0.23049100 0.66960537
v -0.01125603 -0.23135599 0.66835338
v -0.01316201 -0.23330000 0.66669840
v -0.01401805 -0.23096000 0.66789341
v -0.01830005 -0.23207000 0.66581339
v -0.01934903 -0.23409189 0.66410142
v -0.02051001 -0.23170900 0.66514838
v -0.02386403 -0.23426101 0.66186541
v -0.02792805 -0.23587500 0.65827042
v -0.02313303 -0.23476090 0.66190839
v -0.02646505 -0.23271900 0.66143841
v -0.02478605 -0.23309501 0.66215241
v -0.02942001 -0.23557501 0.65743142
v -0.03190606 -0.23710100 0.65424943
v -0.03052204 -0.23440400 0.65747643
v -0.03172801 -0.23396499 0.65685439
v -0.03533107 -0.23596101 0.65191942
v -0.03816102 -0.23914200 0.64540440
v -0.03946507 -0.23794900 0.64482743
v -0.04105806 -0.24171001 0.63675541
v -0.04102002 -0.24347900 0.63337243
v -0.04345005 -0.24061389 0.63244241
v -0.04299103 -0.24299289 0.62696439
v -0.04082201 -0.24655899 0.62110639
v -0.03995305 -0.24761300 0.62066442
v -0.04180603 -0.24540500 0.61880338
v -0.04057501 -0.24631999 0.61233842
v -0.03843902 -0.24886000 0.61396837
v 0.03359889 -0.17258389 0.66269243
v 0.03367090 -0.17195991 0.66279739
v 0.03367090 -0.17195991 0.66279739
v 0.03359889 -0.17258389 0.66269243
v 0.03367090 -0.17195991 0.66279739
v 0.03359889 -0.17258389 0.66269243
v 0.02928888 -0.18052100 0.66608942
v 0.02973991 -0.18029600 0.66580242
v 0.02973991 -0.18029600 0.66580242
v 0.03291189 -0.17104501 0.65924340
v 0.03238088 -0.17058800 0.65802240
v 0.03180593 -0.17091100 0.65770042
v 0.03278589 -0.17027800 0.65833342
v 0.03306491 -0.16997799 0.65863341
v 0.03328389 -0.16963001 0.65898043
v 0.03343993 -0.16921000 0.65940142
v 0.03349989 -0.16877800 0.65983337
v 0.03101390 -0.17252199 0.65858740
v 0.03104990 -0.17121200 0.65739942
v 0.03085291 -0.17125300 0.65735841
v 0.03300893 -0.17288999 0.66106540
v 0.03367090 -0.17195991 0.66279739
v 0.03359889 -0.17258389 0.66269243
v 0.03052389 -0.17268500 0.65869838
v 0.03004193 -0.17124400 0.65736741
v 0.02994191 -0.17272291 0.65875143
v 0.02948689 -0.17122200 0.65738839
v 0.02919191 -0.17118900 0.65742141
v 0.03307288 -0.17423990 0.66238439
v 0.03337490 -0.17393801 0.66284341
v 0.03126293 -0.17527001 0.66129041
v 0.03308391 -0.17476401 0.66286743
v 0.03250390 -0.17643701 0.66348940
v 0.03300088 -0.17522401 0.66312242
v 0.03094088 -0.17582700 0.66162342
v 0.03046989 -0.17594799 0.66174239
v 0.02724391 -0.17203189 0.65985441
v 0.02718490 -0.17024700 0.65836442
v 0.02688688 -0.16990300 0.65870839
v 0.02756291 -0.17055491 0.65805638
v 0.02795088 -0.17078391 0.65782738
v 0.03148388 -0.17725100 0.66327941
v 0.03181087 -0.17779490 0.66404241
v 0.03151690 -0.17801800 0.66401142
v 0.03103887 -0.17914189 0.66482037
v 0.03181087 -0.17779490 0.66404241
v 0.03151690 -0.17801800 0.66401142
v 0.03181087 -0.17779490 0.66404241
v 0.03181087 -0.17779490 0.66404241
v 0.02654588 -0.17095800 0.66072440
v 0.02654588 -0.16916899 0.65944242
v 0.02649992 -0.16877800 0.65983337
v 0.02666890 -0.16953000 0.65908140
v 0.03077489 -0.17829500 0.66392642
v 0.03000092 -0.18013100 0.66563642
v 0.03037989 -0.17984900 0.66539937
v 0.03102987 -0.17897090 0.66456038
v 0.03103887 -0.17914189 0.66482037
v 0.03103887 -0.17914189 0.66482037
v 0.03102987 -0.17897090 0.66456038
v 0.03080290 -0.17918400 0.66475540
v 0.03069293 -0.17954700 0.66517937
v 0.03103887 -0.17914189 0.66482037
v 0.03056091 -0.17968901 0.66528141
v 0.02637493 -0.17438200 0.66412640
v 0.02720290 -0.17598300 0.66346741
v 0.02610391 -0.17678700 0.66784239
v 0.02717089 -0.17882600 0.66608143
v 0.02776491 -0.18057600 0.66699642
v 0.02808493 -0.18066500 0.66681337
v 0.02650690 -0.17922300 0.66767943
v 0.02665191 -0.17952099 0.66760641
v 0.02713388 -0.17983200 0.66704142
v 0.02749192 -0.18044600 0.66715139
v 0.02724188 -0.18026900 0.66729140
v 0.02702188 -0.18005399 0.66741139
v 0.02682590 -0.17980400 0.66751641
v 0.02625191 -0.17686591 0.66659939
v 0.02634793 -0.17878500 0.66775638
v 0.02610790 -0.17730500 0.66785240
v 0.02620488 -0.17778701 0.66752040
v 0.02622592 -0.17829999 0.66781139
v 0.02614593 -0.17778701 0.66784340
v 0.02858293 -0.17268690 0.65909541
v 0.02830088 -0.17094199 0.65766943
v 0.02861690 -0.17105100 0.65755939
v 0.02893090 -0.17113701 0.65747339
v 0.02874988 -0.17459200 0.66076940
v 0.03099691 -0.17696799 0.66268837
v 0.02896791 -0.17651901 0.66245842
v 0.03096389 -0.17857590 0.66418737
v 0.02910488 -0.17790100 0.66369539
v 0.02919292 -0.17925300 0.66492939
v 0.02886593 -0.18064991 0.66635042
v 0.02928888 -0.18052100 0.66608942
v 0.02844488 -0.18069489 0.66660339
v 0.02973991 -0.18029600 0.66580242
v 0.03101092 -0.17836300 0.66398841
v 0.03093588 -0.17785300 0.66351342
v 0.03101593 -0.17824601 0.66388041
v 0.03099489 -0.17771401 0.66338342
v 0.03100389 -0.17800190 0.66365242
v 0.03101491 -0.17811100 0.66375637
v 0.03100591 -0.17763500 0.66331041
v 0.03100693 -0.17753901 0.66322142
v 0.03100889 -0.17777900 0.66344440
v 0.03118491 -0.17766200 0.66344738
v 0.03100889 -0.17774300 0.66341138
v 0.03101092 -0.17786300 0.66352338
v 0.03101187 -0.17794700 0.66360140
v 0.03101390 -0.17802900 0.66367841
v 0.03106790 -0.17783000 0.66352940
v 0.03107190 -0.17786799 0.66356742
v 0.03102791 -0.17793700 0.66360539
v 0.03101390 -0.17784201 0.66350842
v 0.02649992 -0.16268800 0.66592240
v 0.02610391 -0.17678700 0.66784239
v 0.02649992 -0.16877800 0.65983337
v 0.02652192 -0.16106901 0.66663837
v 0.02656692 -0.15782990 0.66807139
v 0.02654492 -0.15944900 0.66735440
v 0.03172391 -0.16980000 0.65881139
v 0.03238088 -0.17058800 0.65802240
v 0.03278589 -0.17027800 0.65833342
v 0.03144592 -0.16999599 0.65861440
v 0.03180593 -0.17091100 0.65770042
v 0.03194892 -0.16957299 0.65903842
v 0.03306491 -0.16997799 0.65863341
v 0.03112488 -0.17015500 0.65845537
v 0.03211390 -0.16932200 0.65928942
v 0.03328389 -0.16963001 0.65898043
v 0.03343993 -0.16921000 0.65940142
v 0.03076988 -0.17027301 0.65833843
v 0.03085291 -0.17125300 0.65735841
v 0.03104990 -0.17121200 0.65739942
v 0.03221589 -0.16905400 0.65955740
v 0.03039091 -0.17034391 0.65826643
v 0.03004193 -0.17124400 0.65736741
v 0.03224992 -0.16877800 0.65983337
v 0.03349989 -0.16877800 0.65983337
v 0.02999991 -0.17036900 0.65824240
v 0.02948689 -0.17122200 0.65738839
v 0.03221589 -0.16850100 0.66010940
v 0.02960890 -0.17034391 0.65826643
v 0.02919191 -0.17118900 0.65742141
v 0.03211390 -0.16823301 0.66037738
v 0.02922987 -0.17027301 0.65833843
v 0.02861690 -0.17105100 0.65755939
v 0.02893090 -0.17113701 0.65747339
v 0.03349989 -0.16709889 0.66151237
v 0.03194892 -0.16798200 0.66062939
v 0.02887493 -0.17015500 0.65845537
v 0.02830088 -0.17094199 0.65766943
v 0.02795088 -0.17078391 0.65782738
v 0.03172391 -0.16775499 0.66085643
v 0.02855390 -0.16999599 0.65861440
v 0.02756291 -0.17055491 0.65805638
v 0.03144592 -0.16755900 0.66105241
v 0.02827590 -0.16980000 0.65881139
v 0.02718490 -0.17024700 0.65836442
v 0.03112488 -0.16740000 0.66121137
v 0.02805089 -0.16957299 0.65903842
v 0.03076988 -0.16728200 0.66132838
v 0.02688688 -0.16990300 0.65870839
v 0.02788591 -0.16932200 0.65928942
v 0.03039091 -0.16721091 0.66140038
v 0.02666890 -0.16953000 0.65908140
v 0.02778392 -0.16905400 0.65955740
v 0.02654588 -0.16916899 0.65944242
v 0.02774989 -0.16877800 0.65983337
v 0.02649992 -0.16877800 0.65983337
v 0.02805089 -0.16798200 0.66062939
v 0.02827590 -0.16775499 0.66085643
v 0.02788591 -0.16823301 0.66037738
v 0.02778392 -0.16850100 0.66010940
v 0.02649992 -0.16268800 0.66592240
v 0.02999991 -0.16718701 0.66142440
v 0.02960890 -0.16721091 0.66140038
v 0.02922987 -0.16728200 0.66132838
v 0.02887493 -0.16740000 0.66121137
v 0.02855390 -0.16755900 0.66105241
v 0.03367090 -0.17195991 0.66279739
v 0.03348487 -0.16587400 0.66214138
v 0.03349989 -0.16709889 0.66151237
v 0.03349989 -0.16877800 0.65983337
v 0.03347092 -0.16464899 0.66277140
v 0.03345590 -0.16342300 0.66340041
v -0.03338503 -0.17070800 0.66002041
v -0.03355002 -0.16877800 0.65983337
v -0.03370207 -0.17184700 0.66290241
v -0.03349601 -0.16921400 0.65939742
v -0.03333604 -0.16963600 0.65897441
v -0.03307402 -0.17003299 0.65857840
v -0.03276002 -0.17147399 0.65925437
v -0.03271906 -0.17039099 0.65821940
v -0.03228205 -0.17070100 0.65791041
v -0.03343403 -0.17177901 0.66106641
v -0.03180104 -0.17204300 0.65868640
v -0.03177505 -0.17095201 0.65765941
v -0.03121405 -0.17113701 0.65747440
v -0.03280001 -0.17255600 0.66028941
v -0.03348302 -0.17285000 0.66211241
v -0.03369003 -0.17257300 0.66292739
v -0.03362107 -0.17329291 0.66299438
v -0.03062605 -0.17234500 0.65838343
v -0.03061604 -0.17125000 0.65736139
v -0.03000003 -0.17128800 0.65732342
v -0.03182703 -0.17313300 0.65971237
v -0.03284007 -0.17363890 0.66132438
v -0.02937406 -0.17234500 0.65838343
v -0.02938401 -0.17125000 0.65736139
v -0.02878606 -0.17113701 0.65747440
v -0.03063505 -0.17343999 0.65940541
v -0.03185302 -0.17422400 0.66073942
v -0.03288006 -0.17472100 0.66235942
v -0.03337103 -0.17457400 0.66320539
v -0.02819901 -0.17204300 0.65868640
v -0.02822506 -0.17095201 0.65765941
v -0.02771806 -0.17070100 0.65791041
v -0.02936506 -0.17343999 0.65940541
v -0.03064405 -0.17453501 0.66042739
v -0.03188002 -0.17531499 0.66176540
v -0.03292006 -0.17580400 0.66339439
v -0.03298705 -0.17581090 0.66351038
v -0.03249204 -0.17699000 0.66388643
v -0.02724003 -0.17147399 0.65925437
v -0.02728104 -0.17039099 0.65821940
v -0.02692604 -0.17003299 0.65857840
v -0.02817302 -0.17313300 0.65971237
v -0.02935606 -0.17453501 0.66042739
v -0.03065305 -0.17563000 0.66145039
v -0.03190606 -0.17640500 0.66279238
v -0.02661502 -0.17070800 0.66002041
v -0.02666401 -0.16963600 0.65897441
v -0.02650404 -0.16921400 0.65939742
v -0.02645003 -0.16877800 0.65983337
v -0.02720004 -0.17255600 0.66028941
v -0.02814704 -0.17422400 0.66073942
v -0.02934706 -0.17563000 0.66145039
v -0.03066206 -0.17672500 0.66247243
v -0.03193205 -0.17749600 0.66381937
v -0.03188806 -0.17809300 0.66432840
v -0.02656602 -0.17177901 0.66106641
v -0.02716004 -0.17363890 0.66132438
v -0.02812004 -0.17531499 0.66176540
v -0.02933806 -0.17672500 0.66247243
v -0.03067106 -0.17782000 0.66349441
v -0.02651703 -0.17285000 0.66211241
v -0.02712005 -0.17472100 0.66235942
v -0.02809405 -0.17640500 0.66279238
v -0.02932906 -0.17782000 0.66349441
v -0.03068006 -0.17891499 0.66451639
v -0.03125405 -0.17898200 0.66477638
v -0.03071802 -0.17957801 0.66514337
v -0.02646803 -0.17392200 0.66315842
v -0.02605402 -0.17680000 0.66785538
v -0.02708005 -0.17580400 0.66339439
v -0.02806806 -0.17749600 0.66381937
v -0.02932006 -0.17891499 0.66451639
v -0.03019404 -0.18004200 0.66549242
v -0.02641803 -0.17499299 0.66420442
v -0.02704006 -0.17688601 0.66442943
v -0.02804201 -0.17858700 0.66484541
v -0.02931106 -0.18001100 0.66553938
v -0.02937805 -0.18053900 0.66601640
v -0.02907002 -0.18065500 0.66620839
v -0.02977204 -0.18033300 0.66576642
v -0.02636903 -0.17606400 0.66525042
v -0.02700007 -0.17796800 0.66546440
v -0.02801603 -0.17967699 0.66587240
v -0.02779501 -0.18066300 0.66696739
v -0.02749705 -0.18053100 0.66713637
v -0.02810806 -0.18073700 0.66678637
v -0.02842903 -0.18075900 0.66659641
v -0.02875202 -0.18073000 0.66640240
v -0.02632004 -0.17713600 0.66629642
v -0.02609604 -0.17784700 0.66785640
v -0.02696007 -0.17905100 0.66649842
v -0.02669101 -0.17971800 0.66757238
v -0.02645707 -0.17926800 0.66769141
v -0.02695006 -0.18007299 0.66743642
v -0.02722203 -0.18034101 0.66728842
v -0.02627104 -0.17820700 0.66734242
v -0.02625101 -0.17867000 0.66779041
v -0.03355002 -0.16716400 0.66144741
v -0.03370207 -0.17184700 0.66290241
v -0.03355002 -0.16877800 0.65983337
v -0.03353506 -0.16594490 0.66207439
v -0.03352105 -0.16472501 0.66270238
v -0.03350603 -0.16350500 0.66333038
v -0.02855402 -0.16999701 0.65861440
v -0.02822506 -0.17095201 0.65765941
v -0.02771806 -0.17070100 0.65791041
v -0.02827602 -0.16980091 0.65881038
v -0.02728104 -0.17039099 0.65821940
v -0.02887505 -0.17015600 0.65845537
v -0.02878606 -0.17113701 0.65747440
v -0.02805101 -0.16957299 0.65903741
v -0.02692604 -0.17003299 0.65857840
v -0.02923005 -0.17027301 0.65833843
v -0.02938401 -0.17125000 0.65736139
v -0.02788603 -0.16932200 0.65928942
v -0.02666401 -0.16963600 0.65897441
v -0.02650404 -0.16921400 0.65939742
v -0.02960902 -0.17034499 0.65826643
v -0.03000003 -0.17128800 0.65732342
v -0.02778404 -0.16905400 0.65955740
v -0.02645003 -0.16877800 0.65983337
v -0.03000003 -0.17036900 0.65824240
v -0.03061604 -0.17125000 0.65736139
v -0.02775007 -0.16877800 0.65983337
v -0.03039103 -0.17034499 0.65826643
v -0.03121405 -0.17113701 0.65747440
v -0.02778404 -0.16850200 0.66010940
v -0.02788603 -0.16823401 0.66037738
v -0.03077006 -0.17027301 0.65833843
v -0.03177505 -0.17095201 0.65765941
v -0.02805101 -0.16798200 0.66062838
v -0.03112506 -0.17015600 0.65845537
v -0.03228205 -0.17070100 0.65791041
v -0.02827602 -0.16775499 0.66085643
v -0.03144604 -0.16999701 0.65861440
v -0.03271906 -0.17039099 0.65821940
v -0.03172402 -0.16980091 0.65881038
v -0.03307402 -0.17003299 0.65857840
v -0.03194904 -0.16957299 0.65903741
v -0.03333604 -0.16963600 0.65897441
v -0.03211401 -0.16932200 0.65928942
v -0.03349601 -0.16921400 0.65939742
v -0.03221606 -0.16905400 0.65955740
v -0.03355002 -0.16877800 0.65983337
v -0.03225004 -0.16877800 0.65983337
v -0.03221606 -0.16850200 0.66010940
v -0.03211401 -0.16823401 0.66037738
v -0.02645003 -0.16267900 0.66593140
v -0.03039103 -0.16721091 0.66140038
v -0.03000003 -0.16718701 0.66142440
v -0.02960902 -0.16721091 0.66140038
v -0.02923005 -0.16728289 0.66132838
v -0.02887505 -0.16740000 0.66121137
v -0.02855402 -0.16755900 0.66105241
v -0.03355002 -0.16716400 0.66144741
v -0.03194904 -0.16798200 0.66062838
v -0.03172403 -0.16775499 0.66085643
v -0.03144604 -0.16755900 0.66105241
v -0.03112506 -0.16740000 0.66121137
v -0.03077006 -0.16728289 0.66132838
v -0.02647203 -0.16109399 0.66664642
v -0.02645003 -0.16267900 0.66593140
v -0.02645003 -0.16877800 0.65983337
v -0.02651405 -0.15792499 0.66807538
v -0.02649307 -0.15951000 0.66736042
v 0.03458393 -0.24541600 0.59100538
v 0.03456688 -0.24533300 0.59077638
v 0.03539592 -0.24499699 0.59164941
v 0.03460092 -0.24549900 0.59123439
v 0.03461689 -0.24558100 0.59146339
v 0.03598893 -0.24478801 0.59239542
v 0.03718192 -0.24782801 0.60399741
v 0.03727991 -0.24436700 0.59423041
v 0.03469992 -0.25126001 0.60871941
v 0.03632391 -0.25064000 0.61261541
v 0.03470290 -0.25130001 0.60890538
v 0.03468293 -0.25151601 0.60981840
v -0.04257201 -0.15920790 0.65643638
v -0.04513502 -0.16186801 0.65376341
v -0.04513502 -0.16257501 0.65447038
v -0.04104304 -0.15847400 0.65859038
v -0.03927505 -0.15622100 0.65943742
v -0.03655207 -0.15476900 0.66231441
v -0.03407007 -0.15230390 0.66337442
v -0.03109806 -0.15113901 0.66596240
v -0.02824705 -0.14885201 0.66684341
v -0.02662903 -0.14874800 0.66836542
v -0.02183806 -0.14597900 0.66973341
v -0.02185106 -0.14669000 0.67043543
v -0.01677602 -0.14500700 0.67212838
v -0.01491701 -0.14380400 0.67192042
v -0.01133805 -0.14372800 0.67341441
v -0.00757402 -0.14243500 0.67329639
v -0.00403803 -0.14280590 0.67434043
v -0.00000006 -0.14196689 0.67376739
v 0.00335991 -0.14276589 0.67438239
v 0.00633889 -0.14229600 0.67343938
v 0.01072490 -0.14361900 0.67353040
v 0.01255190 -0.14326601 0.67247140
v 0.01779091 -0.14531399 0.67183942
v 0.02016091 -0.14538001 0.67036140
v 0.02490693 -0.14797001 0.66918838
v 0.02792990 -0.14871290 0.66703337
v 0.03281289 -0.15222400 0.66494042
v 0.03561389 -0.15341400 0.66233742
v 0.04035192 -0.15790200 0.65926337
v 0.04248690 -0.15917499 0.65657538
v 0.04787588 -0.16587900 0.65127438
v 0.04847091 -0.16594300 0.64979339
v 0.05334789 -0.17349400 0.64220941
v 0.05408388 -0.17559899 0.64151138
v 0.05668890 -0.18076800 0.63488638
v 0.05783688 -0.18479501 0.63224441
v 0.05901187 -0.18842500 0.62715840
v 0.05957389 -0.19205201 0.62491143
v 0.05984687 -0.19451401 0.62099242
v 0.05974489 -0.19862500 0.61825043
v 0.05932993 -0.20084199 0.61458743
v 0.05745090 -0.20855001 0.60824442
v 0.05677993 -0.20973700 0.60563338
v 0.05379892 -0.21713901 0.59962338
v 0.05182094 -0.21992899 0.59541339
v 0.05005289 -0.22335801 0.59339643
v 0.04522789 -0.22875901 0.58658642
v 0.04522789 -0.22946601 0.58729339
v 0.04273189 -0.23136289 0.58398843
v 0.04522789 -0.22946601 0.58729339
v 0.04120893 -0.23351599 0.58325440
v 0.03943688 -0.23436990 0.58099341
v 0.03681493 -0.23717500 0.57961440
v 0.03421593 -0.23832600 0.57706141
v 0.03377790 -0.23932600 0.57747638
v 0.03046293 -0.24137500 0.57544440
v 0.02836991 -0.24181689 0.57359940
v 0.02498192 -0.24416700 0.57267940
v 0.02193189 -0.24472700 0.57071942
v 0.01907790 -0.24645001 0.57042342
v 0.01497090 -0.24693391 0.56854141
v 0.01282794 -0.24814101 0.56875539
v 0.00760592 -0.24832000 0.56717539
v 0.00630791 -0.24917500 0.56773639
v -0.00000005 -0.24879500 0.56670839
v -0.00034306 -0.24950100 0.56741643
v -0.00592702 -0.24850699 0.56699342
v -0.00698202 -0.24910299 0.56781238
v -0.01174204 -0.24765800 0.56783742
v -0.01417504 -0.24783801 0.56906939
v -0.01875906 -0.24584900 0.56963742
v -0.02173005 -0.24551301 0.57138139
v -0.02602403 -0.24298200 0.57248938
v -0.02939503 -0.24197200 0.57490641
v -0.03328805 -0.23893400 0.57652140
v -0.03678004 -0.23718800 0.57967341
v -0.04080401 -0.23315500 0.58228439
v -0.04437904 -0.23035599 0.58649242
v -0.04829602 -0.22502799 0.59040242
v -0.05041401 -0.22278200 0.59406137
v -0.05391704 -0.21615800 0.59927642
v -0.05607502 -0.21220490 0.60464942
v -0.05777203 -0.20683099 0.60861838
v -0.05953901 -0.20031901 0.61657238
v -0.05973302 -0.19806400 0.61742342
v -0.05984604 -0.19515100 0.62177438
v -0.05973303 -0.19267900 0.62284237
v -0.05937707 -0.19085290 0.62609738
v -0.05737406 -0.18266000 0.63289541
v -0.05706703 -0.18248400 0.63448739
v -0.05223804 -0.17149800 0.64409441
v -0.05225807 -0.17223901 0.64476639
v -0.04513502 -0.16257501 0.65447038
v -0.04513502 -0.16186801 0.65376341
v -0.03678004 -0.23718800 0.57967341
v -0.03102003 -0.24728701 0.58842039
v -0.03325103 -0.24600400 0.58971739
v -0.03389101 -0.24566300 0.59018940
v -0.03456704 -0.24533400 0.59077638
v -0.02939503 -0.24197200 0.57490641
v -0.02754401 -0.24911989 0.58658743
v -0.02293502 -0.25101200 0.58469439
v -0.02173005 -0.24551301 0.57138139
v -0.01718305 -0.25277001 0.58293742
v -0.01417504 -0.24783801 0.56906939
v -0.01068102 -0.25407100 0.58163643
v -0.00698202 -0.24910299 0.56781238
v -0.00316506 -0.25478899 0.58091837
v -0.00034306 -0.24950100 0.56741643
v 0.00465591 -0.25470701 0.58100140
v 0.00630791 -0.24917500 0.56773639
v 0.01282794 -0.24814101 0.56875539
v 0.01341391 -0.25360101 0.58211040
v 0.01907790 -0.24645001 0.57042342
v 0.02043194 -0.25184801 0.58385938
v 0.02498192 -0.24416700 0.57267940
v 0.02754391 -0.24911600 0.58659142
v 0.03046293 -0.24137500 0.57544440
v 0.03114290 -0.24721301 0.58849341
v 0.03377790 -0.23932600 0.57747638
v 0.03322691 -0.24602289 0.58972740
v 0.03681493 -0.23717500 0.57961440
v 0.03456688 -0.24533300 0.59077638
v 0.03393192 -0.24564400 0.59023541
v -0.00593304 -0.22697200 0.67163241
v -0.00010207 -0.22663400 0.67212439
v -0.00010207 -0.22650801 0.67218542
v -0.00010207 -0.22676000 0.67206240
v -0.00010207 -0.22688600 0.67200142
v -0.00714105 -0.22662801 0.67165840
v -0.01167106 -0.22722401 0.67056042
v -0.01403206 -0.22698100 0.67011541
v -0.01696205 -0.22760899 0.66890842
v -0.02062606 -0.22756200 0.66758043
v -0.02395206 -0.22837700 0.66559643
v -0.02677506 -0.22836199 0.66409242
v -0.02940303 -0.22923601 0.66191143
v -0.03232902 -0.22935900 0.65973938
v -0.03430204 -0.23027191 0.65747839
v -0.03740203 -0.23060200 0.65431440
v -0.03814702 -0.23132899 0.65292537
v -0.04183203 -0.23211800 0.64769238
v -0.04221706 -0.23284701 0.64638239
v -0.04480505 -0.23360001 0.64122838
v -0.04507105 -0.23443399 0.63956141
v -0.04683601 -0.23522800 0.63412040
v -0.04634505 -0.23552500 0.63487142
v -0.04723906 -0.23720200 0.62765938
v -0.04764204 -0.23696101 0.62655640
v -0.04701006 -0.23875700 0.62096941
v -0.04715602 -0.23873200 0.61882842
v -0.04595701 -0.24021800 0.61469042
v -0.04522203 -0.24067800 0.61033440
v -0.04425405 -0.24156991 0.60888338
v -0.04143004 -0.24277499 0.60117841
v -0.04058902 -0.24348301 0.60066241
v -0.03541504 -0.24497899 0.59164941
v -0.03561603 -0.24530891 0.59284937
v -0.03461902 -0.24558599 0.59146237
v -0.03464304 -0.24571200 0.59180540
v -0.03459303 -0.24546000 0.59111941
v -0.03456704 -0.24533400 0.59077638
v 0.03872890 -0.24852701 0.61423641
v 0.03888291 -0.24874000 0.61868942
v 0.03773994 -0.24970700 0.61559939
v 0.03632391 -0.25064000 0.61261541
v 0.03928590 -0.24751800 0.61148143
v 0.03718192 -0.24782801 0.60399741
v 0.04082488 -0.24649300 0.62094039
v 0.04026591 -0.24685800 0.62470442
v 0.04065490 -0.24346890 0.60091639
v 0.03727991 -0.24436700 0.59423041
v 0.04114593 -0.24289100 0.60067540
v 0.04419792 -0.24133000 0.60748839
v 0.04171889 -0.24544390 0.61862338
v 0.04639394 -0.23962800 0.61491740
v 0.04080993 -0.24519500 0.62923437
v 0.04062092 -0.24500300 0.63063240
v 0.04170090 -0.24438401 0.62788337
v 0.04285889 -0.24328300 0.62604940
v 0.04747688 -0.23787400 0.62257141
v 0.04145991 -0.24261700 0.63372540
v 0.04001790 -0.24318400 0.63644338
v 0.04276090 -0.24146600 0.63233542
v 0.04740692 -0.23625800 0.62962443
v 0.03895288 -0.24145900 0.64124441
v 0.03845989 -0.24138400 0.64219642
v 0.03996890 -0.24054600 0.64062738
v 0.04129588 -0.23933400 0.63980341
v 0.04662091 -0.23507001 0.63481241
v 0.04521590 -0.23391099 0.63987237
v 0.03616088 -0.23948200 0.64762139
v 0.03587287 -0.23961499 0.64784843
v 0.03707891 -0.23853800 0.64740038
v 0.03252488 -0.23805200 0.65284038
v 0.03827887 -0.23728999 0.64710039
v 0.04309189 -0.23271200 0.64510441
v 0.03916591 -0.23116501 0.65185541
v 0.03218490 -0.23644499 0.65446037
v 0.02825492 -0.23660900 0.65745038
v 0.03326393 -0.23522700 0.65447140
v 0.03432589 -0.22981890 0.65773243
v 0.02700591 -0.23495600 0.65949142
v 0.02323788 -0.23537500 0.66139340
v 0.02793490 -0.23375800 0.65973240
v 0.02857893 -0.22866490 0.66277039
v 0.01706391 -0.23316599 0.66554338
v 0.01163691 -0.23367301 0.66683042
v 0.01765590 -0.23439100 0.66453838
v 0.01766991 -0.23199300 0.66606343
v 0.02206993 -0.22773500 0.66683042
v 0.01498889 -0.22705600 0.66979140
v 0.01153892 -0.23257700 0.66753542
v 0.00535089 -0.23323800 0.66822141
v 0.01195192 -0.23141401 0.66813737
v 0.00752389 -0.22664490 0.67158741
v 0.00431889 -0.23214699 0.66898239
v 0.00419891 -0.23301600 0.66847843
v 0.00133491 -0.23294500 0.66870737
v -0.00010207 -0.23310800 0.66863340
v -0.00010207 -0.23261900 0.66892242
v -0.00010207 -0.23292200 0.66874337
v 0.00447488 -0.23099490 0.66963041
v 0.00137490 -0.23207800 0.66921341
v -0.00010207 -0.23185700 0.66936338
v 0.00142688 -0.23092900 0.66986442
v -0.00010207 -0.22918500 0.67083341
v -0.00010207 -0.23109099 0.66979742
v 0.00500292 -0.22693600 0.67173737
v -0.00010207 -0.22650801 0.67218542
v -0.00010207 -0.22803999 0.67142540
v 0.00160289 -0.22687900 0.67197943
v -0.00010207 -0.22663400 0.67212439
v -0.00010207 -0.22676000 0.67206240
v -0.00010207 -0.22688600 0.67200142
v 0.03365689 -0.17190300 0.66289538
v 0.03365588 -0.17190900 0.66299039
v 0.03367090 -0.17195991 0.66279739
v 0.03359591 -0.16767401 0.66338038
v 0.03345590 -0.16342300 0.66340041
v 0.03380292 -0.16257100 0.66390741
v 0.03365790 -0.16241500 0.66385043
v 0.03355389 -0.16269700 0.66373938
v 0.03371190 -0.16275901 0.66386241
v 0.03388589 -0.16238800 0.66393143
v 0.03375089 -0.16224800 0.66390640
v 0.03395491 -0.16224401 0.66393840
v 0.03387892 -0.16210000 0.66394341
v 0.03400188 -0.16215999 0.66393638
v 0.03404390 -0.16202100 0.66393340
v 0.03420489 -0.16206799 0.66386038
v 0.03357189 -0.16555400 0.66353840
v 0.03369492 -0.16768000 0.66353041
v 0.03373187 -0.16768099 0.66356438
v 0.03361493 -0.16767600 0.66341943
v 0.03363692 -0.16767700 0.66345739
v 0.03366291 -0.16767900 0.66349441
v 0.03377592 -0.16768099 0.66359842
v 0.03382891 -0.16768201 0.66362941
v 0.03355890 -0.16555400 0.66351342
v 0.03354787 -0.16555300 0.66349143
v 0.03353887 -0.16555201 0.66346937
v 0.03404188 -0.16487800 0.66381842
v 0.03444093 -0.17191200 0.66335839
v 0.03416091 -0.16980000 0.66356742
v 0.03356587 -0.16290900 0.66373843
v 0.03347891 -0.16305600 0.66358042
v 0.03351390 -0.16309400 0.66365039
v 0.03398293 -0.16241600 0.66392940
v 0.03402692 -0.16232100 0.66392642
v 0.03374493 -0.17086101 0.66332942
v 0.03383690 -0.16874300 0.66356438
v 0.03410392 -0.16980200 0.66357040
v 0.03404992 -0.16980299 0.66356742
v 0.03381693 -0.16874300 0.66355240
v 0.03379690 -0.16874200 0.66353941
v 0.03377687 -0.16874200 0.66352540
v 0.03376990 -0.16522001 0.66375041
v 0.03375691 -0.16522001 0.66374338
v 0.03374493 -0.16522001 0.66373640
v 0.03373390 -0.16522001 0.66373038
v 0.03362488 -0.16415800 0.66371441
v 0.03418791 -0.17139199 0.66347837
v 0.03435891 -0.17191701 0.66340542
v 0.03426790 -0.17192100 0.66343641
v 0.03417390 -0.17192300 0.66344839
v 0.03388690 -0.17033491 0.66348439
v 0.03388392 -0.17086489 0.66344541
v 0.03387987 -0.17033400 0.66348040
v 0.03375488 -0.17086200 0.66334242
v 0.03379791 -0.17086300 0.66338438
v 0.03384089 -0.17086400 0.66341841
v 0.03382188 -0.16452000 0.66381240
v 0.03374087 -0.16399001 0.66380739
v 0.03350090 -0.16379100 0.66355938
v 0.03352791 -0.16370900 0.66362339
v 0.03399789 -0.16303100 0.66390240
v 0.03389787 -0.17166100 0.66339737
v 0.03407889 -0.17192499 0.66344339
v 0.03398692 -0.17192601 0.66341943
v 0.03389990 -0.17192601 0.66337937
v 0.03413093 -0.17139401 0.66347939
v 0.03407692 -0.17139500 0.66347539
v 0.03385490 -0.17166001 0.66336942
v 0.03382289 -0.17192391 0.66332340
v 0.03381288 -0.17165890 0.66333538
v 0.03375792 -0.17192200 0.66325343
v 0.03390091 -0.17113000 0.66343641
v 0.03389388 -0.17113000 0.66343242
v 0.03359389 -0.16389200 0.66370040
v 0.03372591 -0.16337401 0.66383541
v 0.03371888 -0.16306700 0.66384840
v 0.03376388 -0.16297300 0.66387439
v 0.03369688 -0.17178489 0.66316539
v 0.03370791 -0.17191800 0.66317338
v 0.03369092 -0.17178400 0.66315240
v 0.03367292 -0.17191400 0.66308439
v 0.03352087 -0.16340099 0.66363740
v 0.03365588 -0.17190900 0.66299039
v 0.03365689 -0.17190300 0.66289538
v 0.03367090 -0.17195991 0.66279739
v 0.02973991 -0.18029600 0.66580242
v 0.03000092 -0.18013100 0.66563642
v 0.02761387 -0.18083391 0.66719538
v 0.02776491 -0.18057600 0.66699642
v 0.02749192 -0.18044600 0.66715139
v 0.02726489 -0.18063600 0.66739041
v 0.02724188 -0.18026900 0.66729140
v 0.02609389 -0.17678900 0.66793239
v 0.02610790 -0.17730500 0.66785240
v 0.02610391 -0.17678700 0.66784239
v 0.02606689 -0.17679100 0.66801941
v 0.02582490 -0.17679100 0.66827840
v 0.02583992 -0.17749301 0.66824639
v 0.02590292 -0.17679200 0.66823143
v 0.03366690 -0.17223801 0.66304141
v 0.03367292 -0.17191400 0.66308439
v 0.03359889 -0.17258389 0.66269243
v 0.03367692 -0.17223901 0.66308039
v 0.03368991 -0.17224100 0.66311741
v 0.03370791 -0.17191800 0.66317338
v 0.03370588 -0.17224200 0.66315538
v 0.03131389 -0.17919400 0.66498637
v 0.03159987 -0.17936100 0.66492039
v 0.03162789 -0.17881300 0.66479141
v 0.03103887 -0.17914189 0.66482037
v 0.03114789 -0.17943600 0.66511339
v 0.03082489 -0.18009000 0.66537142
v 0.03078091 -0.17979500 0.66533542
v 0.03069293 -0.17954700 0.66517937
v 0.03056091 -0.17968901 0.66528141
v 0.03070890 -0.17986800 0.66538239
v 0.03061288 -0.17994900 0.66543943
v 0.03037989 -0.17984900 0.66539937
v 0.03041589 -0.18009999 0.66555440
v 0.03000092 -0.18013100 0.66563642
v 0.03008192 -0.18059590 0.66580039
v 0.03006291 -0.18034600 0.66576338
v 0.02973991 -0.18029600 0.66580242
v 0.02992391 -0.18042991 0.66584539
v 0.02958190 -0.18060701 0.66604739
v 0.02928888 -0.18052100 0.66608942
v 0.02934491 -0.18091600 0.66622043
v 0.02933591 -0.18070599 0.66619039
v 0.02911192 -0.18077400 0.66632038
v 0.02886593 -0.18064991 0.66635042
v 0.02894890 -0.18100891 0.66644537
v 0.02892392 -0.18081801 0.66642940
v 0.02869892 -0.18084700 0.66655737
v 0.02844488 -0.18069489 0.66660339
v 0.02845489 -0.18103500 0.66672337
v 0.02846687 -0.18085501 0.66669041
v 0.02827292 -0.18084291 0.66679943
v 0.02808493 -0.18066500 0.66681337
v 0.02797388 -0.18095900 0.66699338
v 0.02804791 -0.18080500 0.66692638
v 0.02699989 -0.18020301 0.66751641
v 0.02702188 -0.18005399 0.66741139
v 0.02694290 -0.18036801 0.66757238
v 0.02686393 -0.18004499 0.66759342
v 0.02682590 -0.17980400 0.66751641
v 0.02665293 -0.18003000 0.66773641
v 0.02676290 -0.17991100 0.66765040
v 0.02666687 -0.17976700 0.66770440
v 0.02665191 -0.17952099 0.66760641
v 0.02639692 -0.17961501 0.66788441
v 0.02655190 -0.17956500 0.66776842
v 0.02647489 -0.17941000 0.66781241
v 0.02650690 -0.17922300 0.66767943
v 0.02620392 -0.17918999 0.66799939
v 0.02638590 -0.17920500 0.66786343
v 0.02630192 -0.17897899 0.66791141
v 0.02634793 -0.17878500 0.66775638
v 0.02605789 -0.17876101 0.66808939
v 0.02623790 -0.17877100 0.66794938
v 0.02617293 -0.17852101 0.66798842
v 0.02622592 -0.17829999 0.66781139
v 0.02591788 -0.17814989 0.66818237
v 0.02611291 -0.17822590 0.66802537
v 0.02607291 -0.17796201 0.66805238
v 0.02614593 -0.17778701 0.66784340
v 0.02603989 -0.17764400 0.66807538
v 0.02602589 -0.17739590 0.66808742
v 0.02596992 -0.17679200 0.66817141
v 0.02602589 -0.17679200 0.66809940
v 0.03387290 -0.17208800 0.66335237
v 0.03372693 -0.17224400 0.66319239
v 0.03389990 -0.17192601 0.66337937
v 0.03382289 -0.17192391 0.66332340
v 0.03375792 -0.17192200 0.66325343
v 0.03391492 -0.17208900 0.66337842
v 0.03396087 -0.17208990 0.66340041
v 0.03398692 -0.17192601 0.66341943
v 0.03401291 -0.17209101 0.66341943
v 0.03407889 -0.17192499 0.66344339
v 0.03417593 -0.17237200 0.66343039
v 0.03439289 -0.17307290 0.66334242
v 0.03444093 -0.17191200 0.66335839
v 0.03411889 -0.17237000 0.66343039
v 0.03364789 -0.17301400 0.66314042
v 0.03337490 -0.17393801 0.66284341
v 0.03367090 -0.17267400 0.66311538
v 0.03385591 -0.17279600 0.66335237
v 0.03414893 -0.17293200 0.66343141
v 0.03411292 -0.17328200 0.66344440
v 0.03356492 -0.17369001 0.66321540
v 0.03379291 -0.17347901 0.66339439
v 0.03351688 -0.17396800 0.66325539
v 0.03402692 -0.17385800 0.66348439
v 0.03419393 -0.17425300 0.66342938
v 0.03345191 -0.17429499 0.66330940
v 0.03300088 -0.17522401 0.66312242
v 0.03370487 -0.17404000 0.66345340
v 0.03397089 -0.17414300 0.66351342
v 0.03389489 -0.17448001 0.66355342
v 0.03329187 -0.17494100 0.66343439
v 0.03356093 -0.17469791 0.66354841
v 0.03320890 -0.17522500 0.66349739
v 0.03373390 -0.17507000 0.66364241
v 0.03384393 -0.17545700 0.66361541
v 0.03311687 -0.17551491 0.66356641
v 0.03339987 -0.17527400 0.66365337
v 0.03364193 -0.17536099 0.66369343
v 0.03353989 -0.17565900 0.66375142
v 0.03289490 -0.17613401 0.66373241
v 0.03250390 -0.17643701 0.66348940
v 0.03320592 -0.17585699 0.66378039
v 0.03277289 -0.17643900 0.66382140
v 0.03296393 -0.17647800 0.66393840
v 0.03331589 -0.17624190 0.66388142
v 0.03336793 -0.17664000 0.66388643
v 0.03266590 -0.17669000 0.66390038
v 0.03181087 -0.17779490 0.66404241
v 0.03318291 -0.17655399 0.66396040
v 0.03306591 -0.17681190 0.66402942
v 0.03284192 -0.17766200 0.66419238
v 0.03281491 -0.17731901 0.66417837
v 0.03273791 -0.17698500 0.66408539
v 0.03236788 -0.17769299 0.66432238
v 0.03213489 -0.17774200 0.66427839
v 0.03261792 -0.17767499 0.66429538
v 0.03200489 -0.17796201 0.66436839
v 0.03234088 -0.17812900 0.66446042
v 0.03225392 -0.17856599 0.66453737
v 0.03178793 -0.17830400 0.66451943
v 0.03209990 -0.17813900 0.66449338
v 0.03219389 -0.17834900 0.66454738
v 0.03194987 -0.17869100 0.66469342
v 0.03108090 -0.17925300 0.66501641
v 0.03419589 -0.17200699 0.66344237
v 0.03435891 -0.17191701 0.66340542
v 0.03426790 -0.17192100 0.66343641
v 0.03417390 -0.17192300 0.66344839
v 0.03389191 -0.17230600 0.66335940
v 0.03384190 -0.17252199 0.66332740
v 0.03384488 -0.17296700 0.66335940
v 0.03383088 -0.17313799 0.66336840
v 0.03375291 -0.17375989 0.66342139
v 0.03363788 -0.17437001 0.66349739
v 0.03348487 -0.17498700 0.66359842
v 0.03330689 -0.17556700 0.66371441
v 0.03308892 -0.17616899 0.66385639
v 0.03285390 -0.17673300 0.66401041
v 0.03223693 -0.17791800 0.66440642
v 0.03216892 -0.17802900 0.66444939
v 0.03198689 -0.17831200 0.66456538
v 0.03187090 -0.17848299 0.66463941
v 0.03367292 -0.17253800 0.66309643
v 0.03400093 -0.17244799 0.66340840
v 0.03399288 -0.17272399 0.66341043
v 0.02629792 -0.16730990 0.66819137
v 0.02610391 -0.17678700 0.66784239
v 0.02656692 -0.15782990 0.66807139
v 0.02606689 -0.17679100 0.66801941
v 0.02609389 -0.17678900 0.66793239
v 0.02627789 -0.16730990 0.66823339
v 0.02602589 -0.17679200 0.66809940
v 0.02625489 -0.16730990 0.66827440
v 0.02630490 -0.15699600 0.66850841
v 0.02582490 -0.17679100 0.66827840
v 0.02590292 -0.17679200 0.66823143
v 0.02596992 -0.17679200 0.66817141
v 0.02649688 -0.15741500 0.66832942
v 0.02655392 -0.15754899 0.66819942
v 0.02650690 -0.15730999 0.66831839
v 0.02645993 -0.15727399 0.66838342
v 0.02637988 -0.15705800 0.66846240
v 0.02644592 -0.15715399 0.66840237
v 0.03348487 -0.16587400 0.66214138
v 0.02652192 -0.16106901 0.66663837
v 0.02649992 -0.16268800 0.66592240
v 0.03349989 -0.16709889 0.66151237
v 0.03347092 -0.16464899 0.66277140
v 0.02654492 -0.15944900 0.66735440
v 0.03345590 -0.16342300 0.66340041
v 0.03347891 -0.16305600 0.66358042
v 0.02656692 -0.15782990 0.66807139
v 0.03355389 -0.16269700 0.66373938
v 0.02655392 -0.15754899 0.66819942
v 0.03365790 -0.16241500 0.66385043
v 0.02650690 -0.15730999 0.66831839
v 0.03375089 -0.16224800 0.66390640
v 0.03387892 -0.16210000 0.66394341
v 0.02644592 -0.15715399 0.66840237
v 0.03420489 -0.16206799 0.66386038
v 0.02630490 -0.15699600 0.66850841
v 0.02637988 -0.15705800 0.66846240
v 0.03404390 -0.16202100 0.66393340
v -0.02620303 -0.16736400 0.66828138
v -0.02585202 -0.17680500 0.66824442
v -0.02577507 -0.17680401 0.66829139
v -0.02592003 -0.17680500 0.66818440
v -0.02597504 -0.17680500 0.66811240
v -0.02625203 -0.15710691 0.66851240
v -0.02622705 -0.16736400 0.66824138
v -0.02601707 -0.17680401 0.66803241
v -0.02651405 -0.15792499 0.66807538
v -0.02624607 -0.16736400 0.66819942
v -0.02604305 -0.17680199 0.66794538
v -0.02605402 -0.17680000 0.66785538
v -0.02644503 -0.15751800 0.66833341
v -0.02649307 -0.15759100 0.66823339
v -0.02643805 -0.15736499 0.66834939
v -0.02639806 -0.15734901 0.66839939
v -0.02636706 -0.15721890 0.66843343
v -0.02733802 -0.18076500 0.66733438
v -0.02722203 -0.18034101 0.66728842
v -0.02749705 -0.18053100 0.66713637
v -0.02764105 -0.18092000 0.66716540
v -0.02779501 -0.18066300 0.66696739
v -0.02803105 -0.18104000 0.66694742
v -0.02810806 -0.18073700 0.66678637
v -0.02591407 -0.17726500 0.66817439
v -0.02580702 -0.17774300 0.66824138
v -0.02577507 -0.17680401 0.66829139
v -0.02585202 -0.17680500 0.66824442
v -0.02592003 -0.17680500 0.66818440
v -0.02599906 -0.17779601 0.66808039
v -0.02609604 -0.17784700 0.66785640
v -0.02605205 -0.17820901 0.66804540
v -0.02625101 -0.17867000 0.66779041
v -0.02595102 -0.17859501 0.66813838
v -0.02613806 -0.17863201 0.66799140
v -0.02623206 -0.17896689 0.66793537
v -0.02645707 -0.17926800 0.66769141
v -0.02617305 -0.17928700 0.66800040
v -0.02634507 -0.17927501 0.66787040
v -0.02648407 -0.17957599 0.66779238
v -0.02669101 -0.17971800 0.66757238
v -0.02648705 -0.17990200 0.66781640
v -0.02661407 -0.17980500 0.66771841
v -0.02674007 -0.17999300 0.66764742
v -0.02695006 -0.18007299 0.66743642
v -0.02677106 -0.18028399 0.66765338
v -0.02688306 -0.18017299 0.66756737
v -0.02701103 -0.18031000 0.66749543
v -0.02705407 -0.18056101 0.66749442
v -0.02845704 -0.18091400 0.66667843
v -0.02842903 -0.18075900 0.66659641
v -0.02845501 -0.18109100 0.66670841
v -0.02861905 -0.18091001 0.66658539
v -0.02875202 -0.18073000 0.66640240
v -0.02879905 -0.18107900 0.66651440
v -0.02879202 -0.18089300 0.66648740
v -0.02894306 -0.18086800 0.66640037
v -0.02907002 -0.18065500 0.66620839
v -0.02912002 -0.18102691 0.66633242
v -0.02911305 -0.18082900 0.66630238
v -0.02931606 -0.18076690 0.66618443
v -0.02937805 -0.18053900 0.66601640
v -0.02954804 -0.18089899 0.66608840
v -0.02947807 -0.18070389 0.66608942
v -0.02969104 -0.18060800 0.66596442
v -0.02977204 -0.18033300 0.66576642
v -0.03001904 -0.18068589 0.66581839
v -0.02991104 -0.18049289 0.66583538
v -0.03013902 -0.18035200 0.66570139
v -0.03019404 -0.18004200 0.66549242
v -0.03046804 -0.18041191 0.66555840
v -0.03034704 -0.18020700 0.66557640
v -0.03062403 -0.17998800 0.66541040
v -0.03071802 -0.17957801 0.66514337
v -0.03104704 -0.17995800 0.66522241
v -0.03089702 -0.17974301 0.66524541
v -0.03115701 -0.17948200 0.66508740
v -0.03125405 -0.17898200 0.66477638
v -0.03159207 -0.17942201 0.66490340
v -0.03143703 -0.17917199 0.66491640
v -0.03176802 -0.17876600 0.66471440
v -0.03228306 -0.17858800 0.66449541
v -0.03236103 -0.17787100 0.66434240
v -0.03209507 -0.17830400 0.66451138
v -0.03188806 -0.17809300 0.66432840
v -0.03285002 -0.17770299 0.66416138
v -0.03374701 -0.17221589 0.66308242
v -0.03369003 -0.17257300 0.66292739
v -0.03370207 -0.17184700 0.66290241
v -0.03371405 -0.17185190 0.66299939
v -0.03374505 -0.17185690 0.66309237
v -0.03376704 -0.17221799 0.66312039
v -0.03379303 -0.17186090 0.66317737
v -0.03424304 -0.17218401 0.66337341
v -0.03411603 -0.17186500 0.66338140
v -0.03421402 -0.17186300 0.66338837
v -0.03402203 -0.17186590 0.66335541
v -0.03428703 -0.17218500 0.66336739
v -0.03431105 -0.17185999 0.66337639
v -0.03432905 -0.17218500 0.66335839
v -0.03440403 -0.17185600 0.66334641
v -0.03448903 -0.17185190 0.66329843
v -0.03448003 -0.17251800 0.66327637
v -0.02601206 -0.17702900 0.66803139
v -0.02605402 -0.17680000 0.66785538
v -0.02597504 -0.17680500 0.66811240
v -0.02601707 -0.17680401 0.66803241
v -0.02604305 -0.17680199 0.66794538
v -0.03182905 -0.17841600 0.66454440
v -0.03242301 -0.17741500 0.66414040
v -0.03249204 -0.17699000 0.66388643
v -0.03256803 -0.17712900 0.66404039
v -0.03267502 -0.17730300 0.66414541
v -0.03298503 -0.17711200 0.66406041
v -0.03364002 -0.17609391 0.66370142
v -0.03277903 -0.17750099 0.66418242
v -0.03299707 -0.17614500 0.66374141
v -0.03304702 -0.17651699 0.66391242
v -0.03275007 -0.17674200 0.66391641
v -0.03298705 -0.17581090 0.66351038
v -0.03335803 -0.17630801 0.66384143
v -0.03310906 -0.17584200 0.66366142
v -0.03328907 -0.17590700 0.66375840
v -0.03348302 -0.17599900 0.66376841
v -0.03321504 -0.17553499 0.66358542
v -0.03360003 -0.17568500 0.66370040
v -0.03340202 -0.17491101 0.66344738
v -0.03337103 -0.17457400 0.66320539
v -0.03350102 -0.17528300 0.66362441
v -0.03387802 -0.17481890 0.66354340
v -0.03421306 -0.17433099 0.66338438
v -0.03358006 -0.17416500 0.66331440
v -0.03362107 -0.17329291 0.66299438
v -0.03351104 -0.17448400 0.66336739
v -0.03373402 -0.17442100 0.66347742
v -0.03399306 -0.17437699 0.66348040
v -0.03406602 -0.17404690 0.66344237
v -0.03368902 -0.17352100 0.66322738
v -0.03386205 -0.17377201 0.66339737
v -0.03372305 -0.17324790 0.66319841
v -0.03416407 -0.17348590 0.66339439
v -0.03442204 -0.17318200 0.66328841
v -0.03374105 -0.17306900 0.66318238
v -0.03393602 -0.17321999 0.66335142
v -0.03396803 -0.17285700 0.66333342
v -0.03420203 -0.17320301 0.66337842
v -0.03376704 -0.17270900 0.66315740
v -0.03398406 -0.17254201 0.66332543
v -0.03422206 -0.17301700 0.66337138
v -0.03377306 -0.17255300 0.66314942
v -0.03424805 -0.17269400 0.66336441
v -0.03425705 -0.17253201 0.66336441
v -0.03396606 -0.17220300 0.66331542
v -0.03393405 -0.17186500 0.66331142
v -0.03385704 -0.17186400 0.66325140
v -0.03207004 -0.17849091 0.66457540
v -0.03259903 -0.17744701 0.66419238
v -0.03277301 -0.17711000 0.66408342
v -0.03286707 -0.17691401 0.66402441
v -0.03317207 -0.17621399 0.66383243
v -0.03339904 -0.17559700 0.66368842
v -0.03362602 -0.17485490 0.66354543
v -0.03368204 -0.17463900 0.66351038
v -0.03377002 -0.17426001 0.66345543
v -0.03380304 -0.17409800 0.66343439
v -0.03390306 -0.17349701 0.66337240
v -0.03273904 -0.17757300 0.66420639
v -0.03261405 -0.17703301 0.66400939
v -0.03266006 -0.17693600 0.66397738
v -0.03348505 -0.17459100 0.66338640
v -0.03364104 -0.16768500 0.66330743
v -0.03370207 -0.17184700 0.66290241
v -0.03350603 -0.16350500 0.66333038
v -0.03376203 -0.16283099 0.66379237
v -0.03355205 -0.16299801 0.66357338
v -0.03365904 -0.16261300 0.66373539
v -0.03382706 -0.16270199 0.66382641
v -0.03388702 -0.16257200 0.66384840
v -0.03376907 -0.16237690 0.66382039
v -0.03397601 -0.16237600 0.66386640
v -0.03387105 -0.16223200 0.66386139
v -0.03403705 -0.16225600 0.66386741
v -0.03402203 -0.16211000 0.66387540
v -0.03408503 -0.16218300 0.66386241
v -0.03412205 -0.16208600 0.66385537
v -0.03425502 -0.16213100 0.66378939
v -0.03358805 -0.16559801 0.66340041
v -0.03359705 -0.16559900 0.66342139
v -0.03366005 -0.16768689 0.66334742
v -0.03360801 -0.16560000 0.66344440
v -0.03362202 -0.16560100 0.66347039
v -0.03382402 -0.16769201 0.66353142
v -0.03377902 -0.16769101 0.66349739
v -0.03370904 -0.16768900 0.66342437
v -0.03368204 -0.16768800 0.66338640
v -0.03374105 -0.16768999 0.66346139
v -0.03387802 -0.16769300 0.66356337
v -0.03409302 -0.16491500 0.66375041
v -0.03448903 -0.17185190 0.66329843
v -0.03421002 -0.16977499 0.66350442
v -0.03356403 -0.16317090 0.66358042
v -0.03351604 -0.16325191 0.66345543
v -0.03359901 -0.16304401 0.66364342
v -0.03403407 -0.16248401 0.66385943
v -0.03406602 -0.16241799 0.66385740
v -0.03409302 -0.16235299 0.66385442
v -0.03384405 -0.16873500 0.66347438
v -0.03386503 -0.16873600 0.66348839
v -0.03415101 -0.16977701 0.66350740
v -0.03388607 -0.16873600 0.66350043
v -0.03390806 -0.16873600 0.66351140
v -0.03393101 -0.16873600 0.66352242
v -0.03395605 -0.16873600 0.66353238
v -0.03378301 -0.16526200 0.66366142
v -0.03379404 -0.16526200 0.66366839
v -0.03380602 -0.16526200 0.66367543
v -0.03382003 -0.16526200 0.66368341
v -0.03367602 -0.16421691 0.66364539
v -0.03372204 -0.17133400 0.66309541
v -0.03379303 -0.17186090 0.66317737
v -0.03374505 -0.17185690 0.66309237
v -0.03371405 -0.17185190 0.66299939
v -0.03381001 -0.17081989 0.66328841
v -0.03420907 -0.17134100 0.66341841
v -0.03421402 -0.17186300 0.66338837
v -0.03411603 -0.17186500 0.66338140
v -0.03402203 -0.17186590 0.66335541
v -0.03426706 -0.17134000 0.66341341
v -0.03440403 -0.17185600 0.66334641
v -0.03431105 -0.17185999 0.66337639
v -0.03399205 -0.17082299 0.66341341
v -0.03396505 -0.17030101 0.66343641
v -0.03385502 -0.17082100 0.66333038
v -0.03390002 -0.17082199 0.66336542
v -0.03394603 -0.17082199 0.66339242
v -0.03387206 -0.16456801 0.66374338
v -0.03379106 -0.16404700 0.66373843
v -0.03355103 -0.16386200 0.66349041
v -0.03357905 -0.16377901 0.66355437
v -0.03404903 -0.16309100 0.66383338
v -0.03390806 -0.17134400 0.66333240
v -0.03393405 -0.17186500 0.66331142
v -0.03385704 -0.17186400 0.66325140
v -0.03364402 -0.16395600 0.66363138
v -0.03377705 -0.16343901 0.66376537
v -0.03376907 -0.16313501 0.66377938
v -0.03380101 -0.16307101 0.66379738
v -0.03357106 -0.16347501 0.66356742
v -0.03360706 -0.16334800 0.66363043
v -0.03353506 -0.16594490 0.66207439
v -0.03355002 -0.16716400 0.66144741
v -0.02645003 -0.16267900 0.66593140
v -0.02647203 -0.16109399 0.66664642
v -0.03352105 -0.16472501 0.66270238
v -0.02649307 -0.15951000 0.66736042
v -0.03350603 -0.16350500 0.66333038
v -0.03351604 -0.16325191 0.66345543
v -0.02651405 -0.15792499 0.66807538
v -0.03355205 -0.16299801 0.66357338
v -0.03365904 -0.16261300 0.66373539
v -0.02649307 -0.15759100 0.66823339
v -0.03376907 -0.16237690 0.66382039
v -0.02643805 -0.15736499 0.66834939
v -0.03387105 -0.16223200 0.66386139
v -0.02636706 -0.15721890 0.66843343
v -0.03402203 -0.16211000 0.66387540
v -0.03412205 -0.16208600 0.66385537
v -0.02625203 -0.15710691 0.66851240
v -0.03425502 -0.16213100 0.66378939
v -0.03678004 -0.23718800 0.57967341
v -0.03456704 -0.24533400 0.59077638
v -0.03541504 -0.24497899 0.59164941
v -0.04437904 -0.23035599 0.58649242
v -0.04143004 -0.24277499 0.60117841
v -0.05041401 -0.22278200 0.59406137
v -0.04522203 -0.24067800 0.61033440
v -0.05607502 -0.21220490 0.60464942
v -0.04715602 -0.23873200 0.61882842
v -0.04764204 -0.23696101 0.62655640
v -0.05953901 -0.20031901 0.61657238
v -0.04683601 -0.23522800 0.63412040
v -0.05984604 -0.19515100 0.62177438
v -0.04480505 -0.23360001 0.64122838
v -0.05937707 -0.19085290 0.62609738
v -0.04183203 -0.23211800 0.64769238
v -0.05706703 -0.18248400 0.63448739
v -0.03740203 -0.23060200 0.65431440
v -0.05225807 -0.17223901 0.64476639
v -0.03232902 -0.22935900 0.65973938
v -0.03228306 -0.17858800 0.66449541
v -0.02677506 -0.22836199 0.66409242
v -0.03159207 -0.17942201 0.66490340
v -0.03104704 -0.17995800 0.66522241
v -0.03285002 -0.17770299 0.66416138
v -0.03046804 -0.18041191 0.66555840
v -0.03001904 -0.18068589 0.66581839
v -0.03364002 -0.17609391 0.66370142
v -0.02954804 -0.18089899 0.66608840
v -0.02062606 -0.22756200 0.66758043
v -0.02912002 -0.18102691 0.66633242
v -0.02879905 -0.18107900 0.66651440
v -0.02845501 -0.18109100 0.66670841
v -0.04513502 -0.16257501 0.65447038
v -0.03421306 -0.17433099 0.66338438
v -0.03442204 -0.17318200 0.66328841
v -0.02803105 -0.18104000 0.66694742
v -0.03448003 -0.17251800 0.66327637
v -0.02764105 -0.18092000 0.66716540
v -0.02733802 -0.18076500 0.66733438
v -0.02705407 -0.18056101 0.66749442
v -0.01403206 -0.22698100 0.67011541
v -0.02677106 -0.18028399 0.66765338
v -0.02648705 -0.17990200 0.66781640
v -0.02617305 -0.17928700 0.66800040
v -0.02595102 -0.17859501 0.66813838
v -0.00714105 -0.22662801 0.67165840
v -0.02580702 -0.17774300 0.66824138
v -0.02577507 -0.17680401 0.66829139
v -0.04104304 -0.15847400 0.65859038
v -0.03448903 -0.17185190 0.66329843
v -0.03425502 -0.16213100 0.66378939
v -0.03655207 -0.15476900 0.66231441
v -0.03109806 -0.15113901 0.66596240
v -0.02625203 -0.15710691 0.66851240
v -0.02662903 -0.14874800 0.66836542
v -0.02185106 -0.14669000 0.67043543
v -0.01677602 -0.14500700 0.67212838
v -0.01133805 -0.14372800 0.67341441
v -0.00403803 -0.14280590 0.67434043
v -0.00010207 -0.22650801 0.67218542
v 0.00335991 -0.14276589 0.67438239
v 0.00752389 -0.22664490 0.67158741
v 0.01072490 -0.14361900 0.67353040
v 0.02605789 -0.17876101 0.66808939
v 0.01498889 -0.22705600 0.66979140
v 0.02591788 -0.17814989 0.66818237
v 0.02620392 -0.17918999 0.66799939
v 0.02583992 -0.17749301 0.66824639
v 0.02639692 -0.17961501 0.66788441
v 0.02582490 -0.17679100 0.66827840
v 0.02665293 -0.18003000 0.66773641
v 0.02694290 -0.18036801 0.66757238
v 0.02726489 -0.18063600 0.66739041
v 0.02206993 -0.22773500 0.66683042
v 0.02761387 -0.18083391 0.66719538
v 0.02797388 -0.18095900 0.66699338
v 0.02845489 -0.18103500 0.66672337
v 0.02894890 -0.18100891 0.66644537
v 0.01779091 -0.14531399 0.67183942
v 0.02934491 -0.18091600 0.66622043
v 0.03008192 -0.18059590 0.66580039
v 0.02857893 -0.22866490 0.66277039
v 0.03082489 -0.18009000 0.66537142
v 0.03159987 -0.17936100 0.66492039
v 0.02630490 -0.15699600 0.66850841
v 0.03225392 -0.17856599 0.66453737
v 0.03284192 -0.17766200 0.66419238
v 0.02490693 -0.14797001 0.66918838
v 0.03336793 -0.17664000 0.66388643
v 0.03432589 -0.22981890 0.65773243
v 0.03281289 -0.15222400 0.66494042
v 0.03420489 -0.16206799 0.66386038
v 0.04035192 -0.15790200 0.65926337
v 0.03444093 -0.17191200 0.66335839
v 0.03439289 -0.17307290 0.66334242
v 0.04787588 -0.16587900 0.65127438
v 0.03419393 -0.17425300 0.66342938
v 0.03384393 -0.17545700 0.66361541
v 0.05408388 -0.17559899 0.64151138
v 0.03916591 -0.23116501 0.65185541
v 0.05783688 -0.18479501 0.63224441
v 0.04309189 -0.23271200 0.64510441
v 0.05957389 -0.19205201 0.62491143
v 0.04521590 -0.23391099 0.63987237
v 0.05974489 -0.19862500 0.61825043
v 0.04662091 -0.23507001 0.63481241
v 0.04740692 -0.23625800 0.62962443
v 0.05745090 -0.20855001 0.60824442
v 0.04747688 -0.23787400 0.62257141
v 0.04639394 -0.23962800 0.61491740
v 0.05379892 -0.21713901 0.59962338
v 0.04419792 -0.24133000 0.60748839
v 0.05005289 -0.22335801 0.59339643
v 0.04114593 -0.24289100 0.60067540
v 0.04522789 -0.22946601 0.58729339
v 0.03727991 -0.24436700 0.59423041
v 0.04120893 -0.23351599 0.58325440
v 0.03598893 -0.24478801 0.59239542
v 0.03681493 -0.23717500 0.57961440
v 0.03489888 -0.24518789 0.59109437
v 0.03539592 -0.24499699 0.59164941
v 0.03456688 -0.24533300 0.59077638
f 1 2 3
f 4 2 1
f 4 5 2
f 6 1 3
f 6 3 7
f 8 5 4
f 9 5 8
f 10 6 7
f 10 7 11
f 12 9 8
f 13 11 14
f 13 10 11
f 15 9 12
f 16 14 17
f 16 13 14
f 18 15 12
f 19 15 18
f 20 16 17
f 21 20 17
f 22 19 18
f 23 20 21
f 24 19 22
f 25 23 21
f 26 24 22
f 27 24 26
f 28 23 25
f 29 24 27
f 30 28 25
f 31 29 27
f 32 29 31
f 33 28 30
f 34 33 30
f 35 32 31
f 36 33 34
f 37 32 35
f 38 36 34
f 39 37 35
f 40 36 38
f 41 40 38
f 42 37 39
f 43 40 41
f 44 42 39
f 45 43 41
f 46 42 44
f 47 43 45
f 48 47 45
f 49 46 44
f 50 46 49
f 51 47 48
f 52 50 49
f 53 51 48
f 54 50 52
f 55 54 52
f 56 51 53
f 57 54 55
f 58 51 56
f 59 57 55
f 60 58 56
f 61 58 60
f 62 57 59
f 63 62 59
f 64 61 60
f 64 65 61
f 66 62 63
f 67 65 64
f 68 66 63
f 69 66 68
f 70 69 68
f 71 67 64
f 72 69 70
f 73 67 71
f 74 72 70
f 75 72 74
f 76 73 71
f 77 73 76
f 78 75 74
f 79 75 78
f 80 79 78
f 81 77 76
f 81 82 77
f 83 79 80
f 84 83 80
f 85 86 82
f 85 82 81
f 87 84 88
f 87 83 84
f 89 90 86
f 89 86 85
f 91 87 88
f 91 88 90
f 91 90 89
f 92 93 94
f 92 94 95
f 92 95 96
f 92 96 97
f 92 97 98
f 92 98 99
f 92 99 100
f 92 100 101
f 92 101 102
f 92 102 103
f 92 103 104
f 92 104 105
f 92 105 106
f 92 106 107
f 92 107 108
f 92 108 109
f 92 109 110
f 92 110 111
f 92 111 112
f 92 112 113
f 92 113 114
f 92 114 115
f 92 115 116
f 92 116 117
f 92 117 118
f 92 118 119
f 92 119 120
f 92 120 121
f 92 121 122
f 92 122 123
f 92 123 124
f 92 125 126
f 92 126 127
f 92 127 93
f 128 129 130
f 128 130 131
f 128 131 132
f 128 132 133
f 128 133 134
f 128 134 135
f 128 135 136
f 128 136 137
f 128 137 138
f 128 138 139
f 128 139 140
f 128 140 141
f 128 141 142
f 128 142 143
f 128 143 144
f 128 144 145
f 128 145 146
f 128 146 147
f 128 147 148
f 128 148 149
f 128 149 150
f 128 150 151
f 128 151 152
f 128 152 153
f 128 153 154
f 128 154 155
f 128 155 156
f 128 156 157
f 128 157 158
f 128 158 159
f 128 159 160
f 128 161 162
f 128 162 163
f 128 163 129
f 164 165 166
f 167 168 169
f 167 170 168
f 167 171 170
f 172 166 173
f 172 164 166
f 174 171 167
f 175 173 171
f 175 172 173
f 175 171 174
f 176 177 178
f 176 179 177
f 180 181 182
f 180 183 181
f 184 178 175
f 184 176 178
f 185 186 183
f 185 174 186
f 185 183 180
f 187 184 175
f 188 189 190
f 191 192 193
f 194 188 190
f 194 190 187
f 195 192 191
f 195 196 192
f 197 194 187
f 198 196 195
f 198 185 196
f 198 174 185
f 199 175 174
f 199 174 198
f 199 187 175
f 199 197 187
f 200 201 202
f 203 204 205
f 203 206 204
f 207 200 202
f 208 198 206
f 208 206 203
f 209 199 198
f 209 202 199
f 209 198 208
f 209 207 202
f 210 211 212
f 210 212 213
f 210 213 214
f 210 214 215
f 210 215 216
f 210 216 217
f 210 217 218
f 210 218 219
f 210 219 220
f 210 220 221
f 210 221 222
f 210 222 223
f 210 223 224
f 210 224 225
f 210 225 226
f 210 226 227
f 210 227 228
f 210 228 229
f 210 229 230
f 210 230 231
f 210 231 232
f 210 232 233
f 210 233 234
f 210 234 235
f 210 235 236
f 210 236 237
f 210 237 238
f 210 238 239
f 210 239 240
f 210 240 241
f 210 241 242
f 210 243 244
f 210 244 245
f 210 245 211
f 246 247 248
f 246 249 247
f 246 250 249
f 246 251 250
f 252 246 248
f 253 254 255
f 253 256 254
f 253 257 256
f 253 258 257
f 253 259 258
f 260 248 261
f 260 252 248
f 262 255 252
f 262 253 255
f 262 252 260
f 263 264 262
f 263 262 260
f 265 266 264
f 265 264 263
f 267 268 266
f 267 266 265
f 269 270 271
f 272 269 271
f 273 272 271
f 274 272 273
f 275 276 277
f 275 277 278
f 279 280 281
f 282 279 281
f 283 282 281
f 284 283 281
f 285 283 284
f 286 284 287
f 286 285 284
f 288 287 289
f 288 286 287
f 290 289 291
f 290 288 289
f 292 291 293
f 292 290 291
f 294 292 293
f 295 293 296
f 295 294 293
f 297 295 296
f 298 296 299
f 298 297 296
f 300 299 301
f 300 298 299
f 302 303 304
f 305 304 306
f 305 302 304
f 307 306 308
f 307 305 306
f 309 308 310
f 309 307 308
f 311 310 312
f 311 309 310
f 313 312 314
f 313 311 312
f 315 313 314
f 316 315 314
f 317 316 318
f 317 315 316
f 319 318 320
f 319 317 318
f 321 320 322
f 321 319 320
f 323 322 324
f 323 321 322
f 325 324 326
f 325 323 324
f 327 326 328
f 327 325 326
f 329 327 328
f 330 329 328
f 331 330 328
f 332 331 333
f 332 330 331
f 334 335 336
f 334 336 337
f 334 337 338
f 334 338 335
f 339 340 341
f 342 340 339
f 343 344 345
f 346 343 345
f 347 346 345
f 348 346 347
f 349 350 351
f 352 353 354
f 355 356 357
f 358 356 355
f 359 360 356
f 359 356 358
f 361 362 360
f 361 363 364
f 361 359 363
f 361 360 359
f 365 361 364
f 365 362 361
f 366 367 362
f 366 364 368
f 366 362 365
f 366 365 364
f 369 367 366
f 369 366 368
f 370 371 367
f 370 368 372
f 370 367 369
f 370 369 368
f 373 371 370
f 373 370 372
f 374 351 371
f 374 349 351
f 374 373 372
f 374 371 373
f 375 372 376
f 375 374 372
f 375 349 374
f 377 376 378
f 377 378 349
f 377 375 376
f 377 349 375
f 379 380 381
f 379 381 382
f 379 382 383
f 384 352 354
f 384 383 352
f 384 379 383
f 385 356 380
f 386 387 385
f 386 354 388
f 386 389 354
f 390 387 386
f 390 386 388
f 391 392 363
f 391 363 359
f 391 355 357
f 391 359 358
f 391 357 392
f 391 358 355
f 393 353 352
f 394 393 352
f 394 352 383
f 394 383 382
f 395 379 384
f 395 384 354
f 396 386 385
f 396 389 386
f 396 380 389
f 396 385 380
f 397 385 387
f 397 387 390
f 397 356 385
f 397 357 356
f 398 393 399
f 398 382 381
f 400 399 393
f 400 393 394
f 400 398 399
f 400 382 398
f 400 394 382
f 401 379 395
f 401 380 379
f 401 389 380
f 402 390 388
f 402 388 392
f 402 357 397
f 402 392 357
f 402 397 390
f 403 381 404
f 403 393 398
f 403 398 381
f 405 395 354
f 405 401 395
f 405 389 401
f 405 354 389
f 406 407 353
f 406 404 407
f 406 403 404
f 406 353 393
f 406 393 403
f 408 409 410
f 411 412 413
f 411 414 412
f 415 411 413
f 416 417 418
f 419 420 421
f 422 421 412
f 422 419 421
f 422 412 414
f 423 414 411
f 423 409 414
f 424 418 409
f 424 415 418
f 424 411 415
f 424 409 423
f 424 423 411
f 425 415 413
f 425 416 426
f 425 426 415
f 427 428 417
f 427 417 416
f 429 428 427
f 430 413 431
f 430 431 432
f 430 432 428
f 430 425 413
f 430 428 429
f 433 410 420
f 433 408 410
f 433 420 419
f 433 419 408
f 434 408 419
f 434 419 422
f 435 408 434
f 435 409 408
f 435 414 409
f 435 422 414
f 435 434 422
f 436 416 418
f 436 418 415
f 436 426 416
f 436 415 426
f 437 416 425
f 437 427 416
f 437 429 427
f 437 425 430
f 437 430 429
f 438 439 440
f 441 442 443
f 441 443 444
f 441 444 445
f 446 442 441
f 446 447 442
f 448 449 450
f 448 445 449
f 448 446 441
f 448 441 445
f 451 452 453
f 454 439 438
f 454 438 455
f 456 453 457
f 456 451 453
f 456 455 451
f 458 459 456
f 458 456 457
f 460 457 442
f 460 447 461
f 460 442 447
f 460 458 457
f 460 461 458
f 462 463 439
f 462 459 458
f 462 439 464
f 462 464 459
f 462 458 461
f 465 463 462
f 465 461 447
f 465 462 461
f 466 450 463
f 466 463 465
f 466 448 450
f 466 447 446
f 466 446 448
f 466 465 447
f 467 440 452
f 467 438 440
f 467 452 451
f 468 455 438
f 468 451 455
f 468 438 467
f 468 467 451
f 469 454 455
f 469 455 456
f 470 454 469
f 470 439 454
f 470 464 439
f 470 469 456
f 471 456 459
f 471 459 464
f 471 470 456
f 471 464 470
f 472 473 474
f 475 476 477
f 478 477 479
f 478 479 480
f 478 475 477
f 481 475 478
f 481 478 480
f 481 476 475
f 482 483 476
f 482 476 481
f 484 483 482
f 485 483 484
f 486 483 485
f 487 483 486
f 488 489 483
f 488 483 487
f 488 490 491
f 488 487 490
f 492 489 488
f 492 488 491
f 493 494 489
f 493 491 495
f 493 489 492
f 493 492 491
f 496 494 493
f 496 493 495
f 497 498 494
f 497 495 499
f 497 494 496
f 497 496 495
f 500 497 499
f 500 498 497
f 501 502 498
f 501 500 499
f 501 499 503
f 501 498 500
f 504 502 501
f 504 501 503
f 505 504 503
f 505 503 506
f 505 502 504
f 507 508 502
f 507 506 509
f 507 505 506
f 507 502 505
f 510 508 507
f 510 507 509
f 511 512 508
f 511 509 513
f 511 508 510
f 511 510 509
f 514 511 513
f 514 512 511
f 515 514 513
f 515 512 514
f 516 512 515
f 517 518 512
f 517 512 516
f 519 518 517
f 520 521 522
f 523 524 525
f 523 520 524
f 523 521 520
f 526 523 525
f 526 525 527
f 526 528 521
f 526 521 523
f 529 526 527
f 529 528 526
f 530 531 528
f 530 529 527
f 530 528 529
f 532 474 531
f 532 531 530
f 533 472 474
f 533 474 532
f 534 472 533
f 534 535 536
f 534 536 472
f 537 482 481
f 537 481 480
f 538 480 539
f 538 482 537
f 538 537 480
f 540 484 482
f 540 539 541
f 540 538 539
f 540 482 538
f 542 541 543
f 542 484 540
f 542 540 541
f 544 542 543
f 544 543 545
f 544 484 542
f 546 545 485
f 546 485 484
f 546 544 545
f 546 484 544
f 547 485 545
f 547 545 490
f 547 486 485
f 548 547 490
f 548 486 547
f 548 487 486
f 548 490 487
f 549 550 551
f 549 513 550
f 549 551 516
f 549 515 513
f 549 516 515
f 552 516 551
f 552 517 516
f 553 517 552
f 553 551 554
f 553 519 517
f 553 552 551
f 555 553 554
f 555 519 553
f 556 555 554
f 556 554 557
f 556 519 555
f 558 521 518
f 558 518 559
f 560 559 556
f 560 556 557
f 561 557 562
f 563 558 564
f 563 521 558
f 563 522 521
f 565 564 561
f 565 563 564
f 565 561 562
f 566 562 524
f 566 524 520
f 566 520 522
f 567 530 527
f 567 527 535
f 567 532 530
f 567 533 532
f 567 534 533
f 567 535 534
f 568 519 556
f 568 556 559
f 568 518 519
f 568 559 518
f 569 558 559
f 569 559 560
f 570 558 569
f 570 560 557
f 570 569 560
f 571 564 558
f 571 561 564
f 571 558 570
f 572 565 562
f 572 522 563
f 572 563 565
f 572 562 566
f 572 566 522
f 573 557 561
f 573 570 557
f 573 561 571
f 573 571 570
f 574 575 576
f 574 576 577
f 574 577 578
f 574 578 575
f 579 580 581
f 582 579 581
f 583 584 585
f 583 585 586
f 583 586 587
f 583 581 584
f 583 582 581
f 583 587 582
f 588 587 589
f 588 579 582
f 588 582 587
f 590 580 579
f 590 579 588
f 591 590 588
f 592 588 589
f 592 590 591
f 592 591 588
f 593 594 580
f 593 595 594
f 593 580 590
f 593 590 592
f 596 597 595
f 596 589 597
f 596 592 589
f 596 595 593
f 596 593 592
f 598 599 600
f 601 598 602
f 603 602 604
f 603 601 602
f 605 602 598
f 605 598 600
f 606 600 607
f 606 608 602
f 606 602 605
f 606 605 600
f 609 608 606
f 609 606 607
f 610 607 611
f 610 611 612
f 613 614 615
f 613 612 614
f 613 615 608
f 613 609 607
f 613 608 609
f 613 610 612
f 613 607 610
f 616 598 601
f 616 601 603
f 616 599 598
f 617 618 599
f 617 599 616
f 617 616 603
f 619 604 620
f 619 620 621
f 619 621 618
f 619 603 604
f 619 618 617
f 619 617 603
f 622 623 624
f 622 625 623
f 626 624 627
f 626 622 624
f 628 629 626
f 628 626 627
f 630 627 631
f 630 632 629
f 630 628 627
f 630 629 628
f 633 630 631
f 633 632 630
f 634 631 635
f 634 636 632
f 634 633 631
f 634 632 633
f 637 636 634
f 637 634 635
f 638 635 639
f 638 640 636
f 638 637 635
f 638 636 637
f 641 640 638
f 641 638 639
f 642 643 640
f 642 640 641
f 642 641 639
f 644 639 645
f 644 646 643
f 644 642 639
f 644 643 642
f 647 646 644
f 647 644 645
f 648 647 645
f 649 650 648
f 651 649 652
f 653 654 655
f 656 657 658
f 656 659 653
f 660 658 661
f 660 661 659
f 660 659 656
f 660 656 658
f 662 629 663
f 662 663 664
f 662 664 625
f 662 626 629
f 662 625 622
f 662 622 626
f 665 650 646
f 665 646 647
f 665 648 650
f 665 647 648
f 666 645 652
f 666 648 645
f 666 652 649
f 666 649 648
f 667 649 651
f 667 650 649
f 668 652 669
f 668 669 670
f 668 651 652
f 671 670 672
f 671 672 650
f 671 667 651
f 671 650 667
f 671 668 670
f 671 651 668
f 673 670 669
f 674 672 670
f 674 673 675
f 674 670 673
f 676 673 669
f 676 669 677
f 676 677 678
f 676 675 673
f 679 672 674
f 679 680 672
f 679 674 675
f 679 676 678
f 679 675 676
f 679 678 680
f 681 678 677
f 682 683 680
f 682 678 681
f 682 681 684
f 682 680 678
f 685 677 655
f 685 681 677
f 685 655 654
f 685 684 681
f 686 682 684
f 686 683 682
f 686 685 654
f 686 684 685
f 686 654 683
f 687 654 653
f 687 653 659
f 687 659 683
f 687 683 654
f 688 655 689
f 688 656 653
f 688 653 655
f 690 689 691
f 690 691 657
f 690 656 688
f 690 688 689
f 690 657 656
f 692 341 693
f 692 693 694
f 695 341 692
f 696 697 698
f 699 700 701
f 699 702 700
f 703 699 701
f 703 704 705
f 703 701 704
f 706 707 702
f 706 708 707
f 706 702 699
f 709 703 705
f 709 710 711
f 709 705 710
f 712 708 706
f 712 713 708
f 712 714 713
f 715 716 714
f 715 714 712
f 717 718 716
f 717 716 715
f 719 696 698
f 720 709 711
f 720 711 721
f 722 723 718
f 722 718 717
f 724 721 725
f 724 720 721
f 726 723 722
f 727 723 726
f 728 729 696
f 728 719 730
f 728 696 719
f 731 724 725
f 732 733 729
f 732 729 728
f 734 725 733
f 734 731 725
f 735 736 727
f 735 727 726
f 737 734 733
f 738 733 732
f 738 737 733
f 739 736 735
f 740 736 739
f 740 741 736
f 742 741 740
f 742 743 741
f 744 743 742
f 744 745 743
f 746 745 744
f 746 747 745
f 748 747 746
f 748 749 747
f 750 749 748
f 751 737 738
f 752 750 753
f 752 749 750
f 754 753 755
f 754 752 753
f 756 751 738
f 756 738 757
f 758 754 755
f 759 755 760
f 759 758 755
f 761 759 760
f 762 756 757
f 762 757 763
f 764 760 765
f 764 761 760
f 766 767 768
f 769 765 770
f 769 770 771
f 769 764 765
f 772 763 773
f 772 762 763
f 774 772 773
f 774 773 775
f 776 771 777
f 776 777 778
f 776 769 771
f 779 774 775
f 779 775 780
f 779 780 781
f 782 781 783
f 782 779 781
f 784 782 783
f 785 782 784
f 786 767 766
f 786 787 767
f 788 785 784
f 789 778 790
f 789 776 778
f 791 787 786
f 791 792 787
f 793 789 790
f 793 790 794
f 795 792 791
f 795 796 792
f 797 798 785
f 797 785 788
f 799 793 794
f 800 796 795
f 801 799 794
f 801 794 802
f 803 796 800
f 803 804 796
f 805 801 802
f 805 802 806
f 807 804 803
f 808 805 806
f 809 808 806
f 809 804 807
f 809 806 804
f 810 798 797
f 811 812 798
f 811 798 810
f 813 812 811
f 814 815 812
f 814 812 813
f 816 815 814
f 817 815 816
f 818 817 816
f 819 820 818
f 821 819 818
f 822 818 816
f 822 821 818
f 823 751 768
f 823 737 751
f 823 768 767
f 823 767 737
f 824 825 826
f 827 828 829
f 827 825 824
f 827 824 828
f 830 831 832
f 830 827 829
f 833 834 825
f 833 825 827
f 835 832 836
f 835 830 832
f 835 827 830
f 837 836 838
f 837 835 836
f 837 839 835
f 840 841 834
f 840 838 841
f 840 837 838
f 840 834 839
f 840 839 837
f 842 843 844
f 842 826 843
f 842 844 845
f 842 824 826
f 842 845 831
f 846 830 829
f 846 831 830
f 847 846 829
f 847 829 828
f 847 828 824
f 847 824 842
f 847 842 831
f 847 831 846
f 848 833 827
f 848 827 835
f 849 839 834
f 849 835 839
f 850 851 832
f 850 844 851
f 850 845 844
f 850 832 831
f 850 831 845
f 852 848 835
f 852 834 833
f 852 833 848
f 852 835 849
f 852 849 834
f 853 854 855
f 856 857 858
f 859 860 861
f 859 861 862
f 863 864 860
f 863 855 864
f 863 853 855
f 863 859 862
f 863 860 859
f 865 862 866
f 867 862 865
f 867 863 862
f 868 866 869
f 868 865 866
f 870 867 865
f 870 865 868
f 870 868 869
f 871 869 857
f 871 857 856
f 872 856 873
f 872 870 869
f 872 871 856
f 872 869 871
f 874 875 853
f 874 853 863
f 874 863 867
f 876 877 875
f 876 875 874
f 876 867 870
f 876 874 867
f 878 879 877
f 878 877 876
f 878 876 870
f 880 881 879
f 880 879 878
f 880 870 872
f 880 878 870
f 882 883 881
f 882 881 880
f 882 872 873
f 882 880 872
f 884 885 883
f 884 873 886
f 884 886 885
f 884 883 882
f 884 882 873
f 887 888 889
f 887 889 890
f 891 887 890
f 892 890 893
f 892 893 894
f 892 891 890
f 895 887 891
f 895 892 894
f 895 891 892
f 895 888 887
f 896 897 898
f 899 896 898
f 900 898 888
f 900 888 895
f 901 894 902
f 901 898 900
f 901 899 898
f 901 895 894
f 901 903 899
f 901 900 895
f 904 903 901
f 904 901 902
f 905 896 899
f 905 899 903
f 905 903 904
f 906 907 897
f 906 897 896
f 906 896 905
f 906 905 904
f 908 906 904
f 909 902 910
f 909 910 911
f 909 911 907
f 909 904 902
f 909 907 906
f 909 908 904
f 909 906 908
f 912 913 914
f 915 913 912
f 916 917 918
f 919 916 918
f 920 916 919
f 921 922 923
f 924 921 923
f 925 926 924
f 925 924 923
f 927 926 925
f 928 927 925
f 929 928 930
f 929 927 928
f 931 929 930
f 932 931 930
f 933 931 932
f 934 933 932
f 935 933 934
f 936 935 934
f 937 935 936
f 938 937 936
f 939 937 938
f 940 939 938
f 941 939 940
f 942 941 940
f 943 941 942
f 944 943 942
f 945 943 944
f 946 945 944
f 947 945 946
f 948 949 950
f 948 950 951
f 952 953 954
f 952 955 956
f 952 954 955
f 952 956 957
f 958 952 957
f 958 953 952
f 959 960 953
f 959 957 961
f 959 953 958
f 959 958 957
f 962 960 959
f 962 959 961
f 963 961 964
f 963 964 965
f 963 965 966
f 967 962 961
f 967 960 962
f 967 961 963
f 968 969 970
f 968 970 960
f 968 966 969
f 968 960 967
f 968 963 966
f 968 967 963
f 971 972 973
f 971 973 974
f 971 974 975
f 976 977 972
f 976 975 978
f 976 972 971
f 976 971 975
f 979 978 980
f 979 980 981
f 979 981 977
f 979 977 976
f 979 976 978
f 982 983 984
f 982 985 983
f 982 984 986
f 982 987 985
f 988 987 982
f 988 982 986
f 989 986 990
f 989 991 987
f 989 987 988
f 989 988 986
f 992 989 990
f 992 991 989
f 993 990 994
f 993 995 996
f 993 994 995
f 993 991 992
f 993 992 990
f 997 996 998
f 997 998 991
f 997 993 996
f 997 991 993
f 999 1000 1001
f 999 1002 1000
f 1003 1004 1005
f 1003 1006 1002
f 1003 1002 1007
f 1003 1007 1004
f 1008 1003 1005
f 1008 1006 1003
f 1009 1005 1010
f 1009 1011 1006
f 1009 1008 1005
f 1009 1006 1008
f 1012 1009 1010
f 1012 1011 1009
f 1013 1010 1014
f 1013 1015 1011
f 1013 1012 1010
f 1013 1011 1012
f 1016 1014 1017
f 1016 1013 1014
f 1016 1015 1013
f 1018 1016 1017
f 1018 1015 1016
f 1019 1017 1020
f 1019 1018 1017
f 1019 1015 1018
f 1021 1019 1020
f 1022 1023 1024
f 1025 1026 1022
f 1027 1025 1028
f 1029 1030 1027
f 1031 1032 1033
f 1031 1034 1032
f 1035 1031 1033
f 1035 1036 1031
f 1037 1033 1038
f 1037 1039 1040
f 1037 1038 1039
f 1037 1035 1033
f 1041 1035 1037
f 1041 1042 1043
f 1041 1037 1040
f 1041 1040 1042
f 1041 1043 1036
f 1041 1036 1035
f 1044 1001 1045
f 1044 1045 1046
f 1044 999 1001
f 1047 1046 1004
f 1047 1044 1046
f 1047 999 1044
f 1047 1002 999
f 1047 1007 1002
f 1047 1004 1007
f 1048 1020 1024
f 1048 1021 1020
f 1048 1024 1023
f 1049 1050 1015
f 1049 1015 1019
f 1049 1019 1021
f 1051 1024 1028
f 1051 1022 1024
f 1051 1028 1025
f 1051 1025 1022
f 1052 1026 1050
f 1052 1050 1023
f 1052 1023 1022
f 1052 1022 1026
f 1053 1030 1026
f 1053 1026 1025
f 1053 1027 1030
f 1053 1025 1027
f 1054 1055 1029
f 1054 1029 1027
f 1054 1028 1055
f 1054 1027 1028
f 1056 1029 1055
f 1057 1030 1029
f 1057 1029 1056
f 1057 1058 1030
f 1057 1056 1059
f 1060 1055 1032
f 1060 1056 1055
f 1060 1059 1056
f 1060 1032 1034
f 1061 1034 1058
f 1061 1057 1059
f 1061 1058 1057
f 1061 1059 1060
f 1061 1060 1034
f 1062 1058 1034
f 1062 1034 1031
f 1062 1031 1036
f 1062 1036 1058
f 1063 1048 1023
f 1063 1021 1048
f 1063 1049 1021
f 1063 1050 1049
f 1063 1023 1050
f 1064 1065 1066
f 1067 1068 1069
f 1070 1071 1064
f 1072 1073 1074
f 1072 1074 1070
f 1072 1070 1064
f 1075 1076 1066
f 1077 1073 1076
f 1077 1075 1078
f 1077 1076 1075
f 1079 1066 1068
f 1079 1075 1066
f 1079 1068 1080
f 1079 1078 1075
f 1081 1082 1073
f 1081 1073 1077
f 1081 1080 1082
f 1081 1077 1078
f 1081 1078 1079
f 1081 1079 1080
f 1083 1084 1082
f 1083 1082 1085
f 1083 1085 1067
f 1083 1067 1086
f 1087 1088 1065
f 1087 1065 1064
f 1087 1064 1071
f 1087 1071 1070
f 1089 1066 1076
f 1089 1064 1066
f 1089 1072 1064
f 1090 1080 1068
f 1090 1068 1067
f 1090 1067 1085
f 1091 1069 1092
f 1091 1067 1069
f 1091 1086 1067
f 1091 1083 1086
f 1093 1074 1094
f 1093 1094 1095
f 1093 1095 1088
f 1093 1070 1074
f 1093 1088 1087
f 1093 1087 1070
f 1096 1076 1073
f 1096 1073 1072
f 1096 1089 1076
f 1096 1072 1089
f 1097 1082 1080
f 1097 1085 1082
f 1097 1080 1090
f 1097 1090 1085
f 1098 1099 1084
f 1098 1100 1099
f 1098 1092 1100
f 1098 1084 1083
f 1098 1091 1092
f 1098 1083 1091
f 1101 1102 1103
f 1101 1103 1104
f 1101 1104 1105
f 1106 1107 1108
f 1106 1108 1109
f 1106 1109 1102
f 1106 1102 1101
f 1110 1106 1101
f 1110 1101 1105
f 1110 1107 1106
f 1111 1112 1113
f 1114 1113 1115
f 1114 1115 1116
f 1114 1111 1113
f 1117 1118 1119
f 1117 1120 1118
f 1117 1121 1120
f 1122 1110 1105
f 1123 1124 1107
f 1123 1110 1122
f 1123 1122 1125
f 1123 1107 1110
f 1126 1105 1127
f 1126 1125 1122
f 1126 1127 1128
f 1126 1122 1105
f 1129 1123 1125
f 1129 1125 1126
f 1129 1126 1128
f 1129 1124 1123
f 1129 1128 1124
f 1130 1128 1127
f 1131 1132 1124
f 1131 1128 1130
f 1131 1130 1133
f 1131 1124 1128
f 1134 1127 1135
f 1134 1130 1127
f 1134 1133 1130
f 1134 1136 1133
f 1137 1134 1135
f 1137 1136 1134
f 1137 1138 1136
f 1139 1132 1131
f 1139 1131 1133
f 1139 1133 1136
f 1140 1135 1141
f 1140 1138 1137
f 1140 1137 1135
f 1142 1132 1139
f 1142 1139 1136
f 1142 1136 1138
f 1143 1141 1144
f 1143 1145 1140
f 1143 1146 1145
f 1143 1140 1141
f 1147 1148 1132
f 1147 1132 1142
f 1147 1140 1145
f 1147 1138 1140
f 1147 1142 1138
f 1149 1143 1144
f 1149 1144 1150
f 1149 1150 1146
f 1149 1146 1143
f 1151 1145 1146
f 1151 1148 1147
f 1151 1147 1145
f 1152 1144 1153
f 1152 1150 1144
f 1154 1155 1148
f 1154 1150 1155
f 1154 1148 1151
f 1154 1146 1150
f 1154 1151 1146
f 1156 1153 1157
f 1156 1152 1153
f 1156 1158 1152
f 1156 1157 1158
f 1159 1155 1150
f 1160 1153 1161
f 1160 1157 1153
f 1162 1163 1155
f 1162 1155 1159
f 1162 1159 1158
f 1162 1157 1163
f 1162 1158 1157
f 1164 1161 1165
f 1164 1160 1161
f 1164 1166 1160
f 1167 1163 1157
f 1168 1161 1169
f 1168 1165 1161
f 1168 1170 1165
f 1171 1165 1172
f 1171 1172 1163
f 1171 1167 1166
f 1171 1163 1167
f 1173 1168 1169
f 1173 1174 1170
f 1173 1169 1174
f 1173 1170 1168
f 1175 1172 1165
f 1175 1165 1170
f 1176 1174 1169
f 1176 1169 1177
f 1178 1172 1175
f 1178 1179 1172
f 1178 1175 1170
f 1178 1170 1174
f 1178 1174 1179
f 1180 1181 1176
f 1180 1176 1177
f 1180 1182 1181
f 1183 1179 1174
f 1184 1180 1177
f 1184 1182 1180
f 1184 1113 1112
f 1184 1177 1113
f 1184 1112 1182
f 1185 1186 1179
f 1185 1181 1182
f 1185 1183 1181
f 1185 1179 1183
f 1187 1186 1185
f 1187 1185 1182
f 1187 1182 1112
f 1188 1119 1186
f 1188 1117 1119
f 1188 1187 1112
f 1188 1186 1187
f 1188 1112 1111
f 1188 1111 1117
f 1189 1114 1116
f 1189 1121 1117
f 1189 1116 1121
f 1189 1111 1114
f 1189 1117 1111
f 1190 1150 1152
f 1190 1152 1158
f 1190 1159 1150
f 1190 1158 1159
f 1191 1157 1160
f 1191 1160 1166
f 1191 1166 1167
f 1191 1167 1157
f 1192 1165 1171
f 1192 1166 1164
f 1192 1164 1165
f 1192 1171 1166
f 1193 1176 1181
f 1193 1174 1176
f 1193 1181 1183
f 1193 1183 1174
f 1194 1195 1196
f 1197 1198 1199
f 1200 1199 1201
f 1200 1201 1202
f 1200 1197 1199
f 1203 1204 1196
f 1205 1206 1204
f 1207 1196 1208
f 1207 1203 1196
f 1207 1209 1203
f 1210 1211 1206
f 1210 1206 1205
f 1210 1205 1209
f 1212 1208 1213
f 1212 1214 1208
f 1212 1215 1214
f 1216 1211 1210
f 1217 1218 1219
f 1220 1202 1211
f 1220 1217 1219
f 1221 1222 1198
f 1221 1213 1222
f 1221 1198 1197
f 1221 1218 1212
f 1221 1212 1213
f 1223 1200 1202
f 1223 1202 1220
f 1223 1220 1219
f 1224 1225 1226
f 1224 1226 1195
f 1224 1195 1194
f 1224 1227 1225
f 1228 1229 1120
f 1228 1120 1225
f 1228 1225 1227
f 1228 1227 1230
f 1231 1230 1227
f 1231 1224 1194
f 1231 1227 1224
f 1232 1206 1229
f 1232 1229 1228
f 1232 1233 1234
f 1232 1228 1230
f 1235 1233 1194
f 1235 1196 1204
f 1235 1194 1196
f 1235 1234 1233
f 1236 1206 1232
f 1236 1232 1234
f 1236 1204 1206
f 1237 1203 1209
f 1237 1204 1203
f 1237 1209 1205
f 1237 1205 1204
f 1238 1209 1207
f 1238 1210 1209
f 1239 1210 1238
f 1239 1214 1215
f 1239 1216 1210
f 1239 1215 1216
f 1240 1215 1212
f 1240 1216 1215
f 1241 1212 1218
f 1241 1240 1212
f 1241 1218 1217
f 1242 1223 1219
f 1242 1200 1223
f 1242 1219 1218
f 1242 1197 1200
f 1242 1221 1197
f 1242 1218 1221
f 1243 1194 1233
f 1243 1232 1230
f 1243 1230 1231
f 1243 1233 1232
f 1243 1231 1194
f 1244 1235 1204
f 1244 1234 1235
f 1244 1236 1234
f 1244 1204 1236
f 1245 1214 1239
f 1245 1207 1208
f 1245 1238 1207
f 1245 1208 1214
f 1245 1239 1238
f 1246 1216 1240
f 1246 1241 1217
f 1246 1211 1216
f 1246 1240 1241
f 1246 1220 1211
f 1246 1217 1220
f 1247 1248 1249
f 1247 1249 1250
f 1247 1250 1251
f 1252 1253 1254
f 1252 1254 1255
f 1256 1253 1252
f 1257 1258 1259
f 1260 1261 1262
f 1263 1264 1265
f 1266 1263 1267
f 1268 1269 1266
f 1270 1271 1272
f 1270 1273 1274
f 1270 1272 1273
f 1270 1268 1271
f 1275 1276 1269
f 1275 1269 1268
f 1275 1270 1274
f 1275 1277 1276
f 1275 1274 1277
f 1275 1268 1270
f 1278 1255 1248
f 1278 1256 1252
f 1278 1252 1255
f 1278 1248 1247
f 1279 1251 1280
f 1279 1281 1256
f 1282 1279 1280
f 1282 1281 1279
f 1283 1253 1256
f 1283 1256 1281
f 1284 1282 1280
f 1285 1280 1259
f 1285 1259 1258
f 1285 1258 1286
f 1285 1286 1284
f 1285 1284 1280
f 1287 1288 1253
f 1287 1283 1281
f 1287 1253 1283
f 1289 1286 1258
f 1289 1288 1287
f 1289 1287 1286
f 1290 1259 1262
f 1290 1262 1261
f 1290 1257 1259
f 1290 1261 1257
f 1291 1292 1288
f 1291 1257 1292
f 1291 1288 1289
f 1291 1289 1258
f 1291 1258 1257
f 1293 1292 1257
f 1293 1257 1261
f 1294 1262 1295
f 1294 1260 1262
f 1294 1296 1260
f 1297 1298 1292
f 1297 1261 1260
f 1297 1292 1293
f 1297 1293 1261
f 1299 1294 1295
f 1299 1296 1294
f 1300 1298 1297
f 1300 1297 1260
f 1300 1260 1296
f 1301 1299 1295
f 1301 1302 1296
f 1301 1296 1299
f 1303 1304 1298
f 1303 1298 1300
f 1303 1296 1302
f 1303 1300 1296
f 1305 1295 1306
f 1305 1301 1295
f 1305 1307 1302
f 1305 1302 1301
f 1308 1304 1303
f 1308 1302 1307
f 1308 1303 1302
f 1309 1305 1306
f 1309 1307 1305
f 1310 1311 1304
f 1310 1304 1308
f 1310 1308 1307
f 1312 1306 1313
f 1312 1314 1309
f 1312 1309 1306
f 1312 1315 1314
f 1316 1317 1315
f 1316 1315 1312
f 1316 1312 1313
f 1318 1310 1314
f 1318 1311 1310
f 1318 1314 1315
f 1319 1313 1320
f 1319 1316 1313
f 1319 1317 1316
f 1321 1315 1317
f 1321 1318 1315
f 1321 1311 1318
f 1322 1319 1320
f 1322 1323 1324
f 1322 1320 1325
f 1322 1324 1319
f 1326 1311 1321
f 1326 1327 1311
f 1326 1321 1317
f 1326 1319 1324
f 1326 1317 1319
f 1328 1323 1322
f 1328 1322 1325
f 1329 1324 1323
f 1329 1326 1324
f 1329 1327 1326
f 1330 1328 1325
f 1330 1265 1328
f 1330 1263 1265
f 1330 1267 1263
f 1330 1325 1267
f 1331 1264 1327
f 1331 1329 1323
f 1331 1323 1328
f 1331 1328 1265
f 1331 1327 1329
f 1331 1265 1264
f 1332 1269 1264
f 1332 1264 1263
f 1332 1263 1266
f 1332 1266 1269
f 1333 1266 1267
f 1333 1267 1271
f 1333 1268 1266
f 1333 1271 1268
f 1334 1256 1278
f 1334 1278 1247
f 1334 1279 1256
f 1334 1251 1279
f 1334 1247 1251
f 1335 1281 1282
f 1335 1282 1284
f 1335 1284 1286
f 1335 1286 1287
f 1335 1287 1281
f 1336 1307 1309
f 1336 1309 1314
f 1336 1314 1310
f 1336 1310 1307
f 1337 1338 751
f 1339 1340 1341
f 1342 1343 1344
f 1342 1340 1339
f 1342 1344 1340
f 1345 1337 1346
f 1345 1338 1337
f 1347 1348 1349
f 1347 1350 1348
f 1347 1346 1350
f 1351 1344 1338
f 1351 1340 1344
f 1352 1340 1347
f 1352 1341 1340
f 1352 1347 1349
f 1353 1352 1349
f 1354 1355 1348
f 1354 751 1355
f 1354 1337 751
f 1354 1348 1350
f 1356 1346 1337
f 1356 1350 1346
f 1356 1337 1354
f 1356 1354 1350
f 1357 1345 1346
f 1357 1338 1345
f 1357 1346 1347
f 1358 1338 1357
f 1358 1357 1347
f 1359 1347 1340
f 1359 1340 1351
f 1360 1352 1353
f 1360 1339 1341
f 1360 1342 1339
f 1360 1341 1352
f 1361 1362 1363
f 1361 1363 1343
f 1361 1364 1362
f 1361 1343 1342
f 1361 1360 1353
f 1361 1342 1360
f 1361 1353 1364
f 1365 1347 1359
f 1365 1351 1338
f 1365 1338 1358
f 1365 1358 1347
f 1365 1359 1351
f 1366 1349 1367
f 1366 1367 1362
f 1366 1362 1364
f 1366 1353 1349
f 1366 1364 1353
f 1368 1369 1370
f 1371 1369 1368
f 1372 1373 1374
f 1375 1376 1373
f 1375 1373 1372
f 1377 1378 1376
f 1377 1376 1375
f 1379 1380 1378
f 1379 1378 1377
f 1381 1380 1379
f 1382 1380 1381
f 1383 1382 1381
f 1384 1385 1386
f 1384 1386 1387
f 1388 1384 1387
f 1389 1390 1391
f 1389 1391 1392
f 1389 1392 1393
f 1389 1393 1390
f 1394 1395 1396
f 1394 1396 1397
f 1398 1399 1400
f 1401 1402 1403
f 1401 1404 1402
f 1405 1401 1403
f 1406 1405 1407
f 1406 1401 1405
f 1408 1409 1410
f 1411 1408 1412
f 1411 1409 1408
f 1413 1414 1415
f 1416 1414 1413
f 1417 1416 1413
f 1418 1417 1419
f 1418 1416 1417
f 1420 1418 1419
f 1421 1420 1422
f 1423 1424 1425
f 1423 1425 1426
f 1423 1426 1399
f 1427 1398 1424
f 1427 1399 1398
f 1427 1423 1399
f 1427 1424 1423
f 1428 1404 1398
f 1428 1400 1402
f 1428 1398 1400
f 1428 1402 1404
f 1429 1409 1406
f 1429 1407 1410
f 1429 1406 1407
f 1429 1410 1409
f 1430 1414 1411
f 1430 1412 1415
f 1430 1411 1412
f 1430 1415 1414
f 1431 1432 1422
f 1431 1419 1432
f 1431 1420 1419
f 1431 1422 1420
f 1433 1434 1435
f 951 1436 1437
f 951 1434 1433
f 951 1433 1436
f 1438 1439 1440
f 1441 1439 1438
f 1442 1441 1438
f 1443 1441 1442
f 1444 1442 1445
f 1444 1443 1442
f 1446 1443 1444
f 1447 1448 1449
f 1450 1447 1449
f 1451 1450 1449
f 1452 1450 1451
f 1453 1454 1455
f 1456 1457 1458
f 1456 1458 1453
f 1459 1455 1460
f 1459 1460 1457
f 1459 1456 1453
f 1459 1453 1455
f 1459 1457 1456
f 1461 1462 1463
f 1461 1463 1464
f 1465 1464 1466
f 1465 1461 1464
f 1467 1465 1466
f 1468 1467 1466
f 1469 1467 1468
f 1470 1468 1471
f 1470 1469 1468
f 1472 1471 1473
f 1472 1470 1471
f 1474 1472 1473
f 1475 1474 1473
f 1476 1474 1475
f 1477 1475 1478
f 1477 1476 1475
f 1479 1478 1480
f 1479 1477 1478
f 1481 1480 1482
f 1481 1479 1480
f 1483 1482 1484
f 1483 1481 1482
f 1485 1486 1487
f 1488 1485 1487
f 1489 1485 1488
f 1490 1489 1488
f 1491 1489 1490
f 1492 1491 1490
f 1493 1494 1495
f 1496 1497 1493
f 1498 1497 1496
f 1499 1496 1500
f 1499 1498 1496
f 1501 1499 1500
f 1502 1499 1501
f 1503 1502 1501
f 1504 1503 1505
f 1504 1502 1503
f 1506 1505 1507
f 1506 1504 1505
f 1508 1506 1507
f 1509 1508 1510
f 1509 1506 1508
f 1511 1509 1510
f 1512 1511 1510
f 1513 1511 1512
f 1514 1512 1515
f 1514 1513 1512
f 1516 1514 1515
f 1517 1516 1515
f 1518 1517 1515
f 1519 1518 1515
f 1519 1520 1518
f 1521 1520 1519
f 1522 1521 1519
f 1523 1521 1522
f 1524 1523 1522
f 1525 1524 1522
f 1526 1524 1525
f 1527 1526 1525
f 1528 1526 1527
f 1529 1528 1527
f 1530 1529 1531
f 1530 1528 1529
f 1532 1531 1533
f 1532 1530 1531
f 1534 1532 1533
f 1535 1534 1536
f 1535 1532 1534
f 1537 1536 1538
f 1537 1535 1536
f 1539 1538 1540
f 1539 1537 1538
f 1541 1540 1542
f 1541 1539 1540
f 1543 1541 1542
f 1544 1541 1543
f 1497 1494 1493
f 1545 1546 1547
f 1545 1548 1546
f 1545 1549 1548
f 1550 1545 1547
f 1550 1551 1552
f 1550 1547 1551
f 1553 1550 1554
f 1555 1550 1552
f 1555 1554 1550
f 1556 1550 1553
f 1557 1555 1552
f 1558 1550 1556
f 1559 1557 1552
f 1560 1550 1558
f 1561 1559 1552
f 1562 1550 1560
f 1563 1550 1562
f 1564 1561 1552
f 1564 1565 1561
f 1566 1550 1563
f 1567 1565 1564
f 1568 1550 1566
f 1569 1565 1567
f 1570 1565 1569
f 1571 1572 1573
f 1571 1573 1574
f 1571 1574 1575
f 1576 1568 1577
f 1576 1577 1578
f 1576 1578 1579
f 1576 1579 1580
f 1576 1580 1581
f 1576 1581 1582
f 1576 1582 1583
f 1576 1583 1584
f 1576 1584 1585
f 1576 1585 1586
f 1576 1586 1587
f 1576 1550 1568
f 1588 1571 1575
f 1589 1588 1575
f 1590 1589 1575
f 1591 1589 1590
f 1592 1593 1576
f 1592 1594 1593
f 1592 1595 1594
f 1592 1596 1595
f 1592 1597 1596
f 1592 1587 1598
f 1592 1598 1599
f 1592 1599 1600
f 1592 1576 1587
f 1601 1591 1590
f 1602 1601 1590
f 1603 1604 1605
f 1603 1606 1604
f 1607 1608 1609
f 1610 1606 1603
f 1611 1612 1606
f 1611 1590 1612
f 1611 1602 1590
f 1611 1606 1610
f 1611 1613 1602
f 1614 1607 1615
f 1616 1613 1611
f 1617 1607 1614
f 1618 1616 1611
f 1619 1608 1607
f 1619 1607 1617
f 1619 1617 1620
f 1621 1618 1611
f 1622 1608 1619
f 1623 1592 1600
f 1624 1621 1611
f 1625 1624 1611
f 1626 1625 1611
f 1627 1626 1611
f 1628 1627 1611
f 1629 1630 1631
f 1629 1631 1632
f 1629 1632 1633
f 1629 1633 1634
f 1629 1634 1635
f 1629 1635 1636
f 1629 1636 1637
f 1629 1637 1622
f 1629 1622 1619
f 1638 1639 1628
f 1638 1628 1611
f 1640 1623 1630
f 1640 1629 1639
f 1640 1592 1623
f 1640 1630 1629
f 1640 1639 1638
f 1641 1640 1638
f 1642 1643 1640
f 1644 1640 1641
f 1645 1640 1644
f 1645 1642 1640
f 1646 1552 1590
f 1646 1590 1575
f 1646 1564 1552
f 1646 1575 1647
f 1646 1647 1648
f 1646 1648 1564
f 1649 1650 1651
f 1649 1652 1650
f 1653 1654 1652
f 1653 1652 1649
f 1655 1656 1654
f 1655 1654 1653
f 1657 1658 1656
f 1657 1656 1655
f 1659 1660 1658
f 1659 1658 1657
f 1661 1660 1659
f 1661 1662 1660
f 1663 1662 1661
f 1663 1664 1662
f 1665 1664 1663
f 1665 1666 1664
f 1667 1666 1665
f 1667 1668 1666
f 1669 1668 1667
f 1669 1670 1668
f 1671 1670 1669
f 1671 1672 1670
f 1673 1672 1671
f 1673 1674 1672
f 1675 1674 1673
f 1675 1676 1674
f 1677 1676 1675
f 1677 1678 1676
f 1679 1678 1677
f 1679 1680 1678
f 1681 1680 1679
f 1681 1682 1680
f 1683 1682 1681
f 1683 1684 1682
f 1685 1684 1683
f 1685 1686 1684
f 1687 1686 1685
f 1687 1688 1686
f 1689 1688 1687
f 1689 1690 1688
f 1691 1690 1689
f 1691 1692 1690
f 1693 1694 1692
f 1693 1692 1691
f 1695 1696 1694
f 1695 1694 1693
f 1697 1698 1696
f 1697 1696 1695
f 1699 1700 1698
f 1699 1698 1697
f 1701 1702 1700
f 1701 1700 1699
f 1703 1704 1702
f 1703 1702 1701
f 1705 1706 1704
f 1705 1704 1703
f 1707 1708 1706
f 1707 1706 1705
f 1709 1710 1708
f 1709 1708 1707
f 1711 1710 1709
f 1711 1712 1710
f 1713 1712 1711
f 1713 1714 1712
f 1715 1714 1713
f 1715 1716 1714
f 1717 1716 1715
f 1717 1718 1716
f 1719 1718 1717
f 1719 1720 1718
f 1721 1720 1719
f 1721 1722 1720
f 1723 1724 1725
f 1723 1726 1724
f 1727 1728 1726
f 1727 1726 1723
f 1729 1730 1728
f 1729 1728 1727
f 1731 1732 1730
f 1731 1730 1729
f 1733 1734 1732
f 1733 1732 1731
f 1735 1734 1733
f 1735 1736 1734
f 1737 1736 1735
f 1737 1738 1736
f 1739 1738 1737
f 1739 1740 1738
f 1741 1740 1739
f 1741 1742 1740
f 1743 1742 1741
f 1743 1744 1742
f 1745 1744 1743
f 1745 1746 1744
f 1747 1746 1745
f 1747 1748 1746
f 1749 1748 1747
f 1749 1750 1748
f 1751 1750 1749
f 1751 1752 1750
f 1753 1752 1751
f 1753 1754 1752
f 1755 1754 1753
f 1755 1756 1754
f 1757 1756 1755
f 1757 1758 1756
f 1759 1758 1757
f 1759 1760 1758
f 1761 1760 1759
f 1761 1762 1760
f 1763 1762 1761
f 1763 1764 1762
f 1765 1764 1763
f 1765 1766 1764
f 1767 1768 1766
f 1767 1766 1765
f 1769 1770 1768
f 1769 1768 1767
f 1771 1772 1770
f 1771 1770 1769
f 1773 1774 1772
f 1773 1772 1771
f 1775 1776 1774
f 1775 1774 1773
f 1777 1778 1776
f 1777 1776 1775
f 1779 1780 1778
f 1779 1778 1777
f 1781 1782 1780
f 1781 1780 1779
f 1783 1784 1782
f 1783 1782 1781
f 1785 1784 1783
f 1785 1786 1784
f 1787 1786 1785
f 1787 1788 1786
f 1789 1788 1787
f 1789 1790 1788
f 1791 1790 1789
f 1791 1792 1790
f 1793 1792 1791
f 1793 1794 1792
f 1795 1794 1793
f 1795 1796 1794
f 1797 1798 1799
f 1800 1798 1797
f 1801 1797 1802
f 1801 1800 1797
f 1803 1802 1804
f 1803 1801 1802
f 1805 1804 1806
f 1805 1803 1804
f 1807 1806 1808
f 1807 1805 1806
f 1809 1808 1810
f 1809 1807 1808
f 1811 1812 1813
f 1814 1815 1816
f 1814 1816 1817
f 1818 1817 1819
f 1818 1814 1817
f 1820 1819 1821
f 1820 1818 1819
f 1822 1821 1823
f 1822 1820 1821
f 1824 1823 1825
f 1824 1822 1823
f 1826 1825 1827
f 1826 1824 1825
f 1828 1827 1829
f 1828 1826 1827
f 1830 1831 1832
f 1833 1830 1832
f 1834 1830 1833
f 1835 1836 1837
f 1835 1837 1838
f 1839 1835 1838
f 1840 1835 1839
f 1841 1840 1839
f 1842 1840 1841
f 1843 1842 1841
f 1844 1842 1843
f 1845 1843 1846
f 1845 1844 1843
f 1847 1846 1848
f 1847 1845 1846
f 1849 1848 1850
f 1849 1847 1848
f 1851 1852 1853
f 1854 1852 1851
f 1855 1856 1857
f 1858 1856 1855
f 1859 1858 1855
f 1860 1858 1859
f 1861 1860 1859
f 1862 1860 1861
f 1863 1862 1861
f 1864 1862 1863
f 1865 1864 1863
f 1866 1864 1865
f 1867 1866 1865
f 1868 1866 1867
f 1869 1870 1871
f 1872 1873 1874
f 1872 1875 1873
f 1876 1873 1875
f 1877 1872 1874
f 1878 1873 1876
f 1879 1877 1874
f 1880 1873 1878
f 1881 1879 1874
f 1882 1881 1874
f 1883 1880 1884
f 1883 1873 1880
f 1885 1883 1884
f 1886 1874 1887
f 1886 1882 1874
f 1888 1883 1885
f 1889 1887 1890
f 1889 1886 1887
f 1891 1883 1888
f 1892 1890 1893
f 1892 1889 1890
f 1894 1883 1891
f 1895 1892 1893
f 1895 1893 1896
f 1897 1895 1896
f 1898 1897 1896
f 1899 1897 1898
f 1900 1883 1894
f 1900 1894 1901
f 1900 1901 1902
f 1903 1899 1898
f 1904 1900 1902
f 1905 1899 1903
f 1906 1905 1903
f 1906 1907 1905
f 1908 1907 1906
f 1908 1909 1907
f 1910 1900 1904
f 1910 1904 1911
f 1910 1911 1912
f 1913 1914 1909
f 1913 1909 1908
f 1915 1912 1916
f 1915 1910 1912
f 1917 1918 1914
f 1917 1914 1913
f 1919 1916 1920
f 1919 1915 1916
f 1921 1922 1918
f 1921 1918 1917
f 1923 1919 1920
f 1923 1920 1924
f 1925 1926 1922
f 1925 1922 1921
f 1927 1924 1928
f 1927 1923 1924
f 1929 1928 1926
f 1929 1926 1925
f 1929 1927 1928
f 1930 1931 1932
f 1930 1933 1931
f 1934 1931 1933
f 1935 1930 1932
f 1936 1931 1934
f 1937 1932 1938
f 1937 1935 1932
f 1939 1940 1931
f 1939 1931 1936
f 1941 1937 1938
f 1942 1940 1939
f 1943 1941 1938
f 1944 1940 1942
f 1945 1938 1946
f 1945 1943 1938
f 1947 1940 1944
f 1948 1946 1949
f 1948 1945 1946
f 1950 1940 1947
f 1951 1949 1952
f 1951 1948 1949
f 1953 1954 1940
f 1953 1940 1950
f 1955 1952 1956
f 1955 1951 1952
f 1957 1954 1953
f 1958 1955 1956
f 1959 1958 1956
f 1960 1958 1959
f 1961 1960 1959
f 1962 1960 1961
f 1963 1962 1961
f 1963 1964 1962
f 1965 1964 1963
f 1965 1966 1964
f 1967 1957 1968
f 1967 1968 1969
f 1967 1969 1970
f 1967 1970 1971
f 1967 1954 1957
f 1972 1973 1966
f 1972 1966 1965
f 1974 1967 1971
f 1974 1971 1975
f 1976 1973 1972
f 1976 1977 1973
f 1978 1975 1979
f 1978 1974 1975
f 1980 1977 1976
f 1980 1981 1977
f 1982 1978 1979
f 1982 1979 1983
f 1984 1981 1980
f 1984 1985 1981
f 1986 1983 1987
f 1986 1982 1983
f 1988 1986 1987
f 1988 1987 1985
f 1988 1985 1984
f 1989 1990 1991
f 1992 1993 1994
f 1992 1995 1993
f 1992 1996 1995
f 1997 1996 1992
f 1997 1998 1996
f 1999 1992 1994
f 2000 2001 1998
f 2000 2002 2001
f 2000 1998 1997
f 2003 1992 1999
f 2003 1997 1992
f 2004 1999 1994
f 2005 2006 2002
f 2005 2007 2006
f 2005 2002 2000
f 2008 2000 1997
f 2008 1997 2003
f 2009 2003 1999
f 2009 1999 2004
f 2010 1994 2011
f 2010 2004 1994
f 2012 2013 2007
f 2012 2014 2013
f 2012 2007 2005
f 2015 2005 2000
f 2015 2000 2008
f 2016 2008 2003
f 2016 2003 2009
f 2017 2004 2010
f 2017 2009 2004
f 2018 2010 2011
f 2019 2020 2014
f 2019 2021 2020
f 2019 2014 2012
f 2022 2005 2015
f 2022 2012 2005
f 2023 2015 2008
f 2023 2008 2016
f 2024 2009 2017
f 2024 2016 2009
f 2025 2010 2018
f 2025 2017 2010
f 2026 2018 2011
f 2027 2021 2019
f 2027 2028 2021
f 2027 2029 2028
f 2030 2019 2012
f 2030 2012 2022
f 2031 2022 2015
f 2031 2015 2023
f 2032 2016 2024
f 2032 2023 2016
f 2033 2017 2025
f 2033 2024 2017
f 2034 2018 2026
f 2034 2025 2018
f 2035 2036 2037
f 2035 2011 2036
f 2035 2026 2011
f 2038 2039 2029
f 2038 2029 2027
f 2040 2019 2030
f 2040 2027 2019
f 2041 2030 2022
f 2041 2022 2031
f 2042 2023 2032
f 2042 2031 2023
f 2043 2032 2024
f 2043 2024 2033
f 2044 2033 2025
f 2044 2025 2034
f 2045 2034 2026
f 2045 2026 2035
f 2046 2037 2047
f 2046 2035 2037
f 2048 2049 2039
f 2048 2050 2049
f 2048 2051 2050
f 2048 2039 2038
f 2052 2038 2027
f 2052 2027 2040
f 2053 2030 2041
f 2053 2040 2030
f 2054 2041 2031
f 2054 2031 2042
f 2055 2042 2032
f 2055 2032 2043
f 2056 2043 2033
f 2056 2033 2044
f 2057 2034 2045
f 2057 2044 2034
f 2058 2035 2046
f 2058 2059 2060
f 2058 2061 2059
f 2058 2047 2061
f 2058 2046 2047
f 2058 2045 2035
f 2062 2048 2038
f 2062 2038 2052
f 2062 2051 2048
f 2063 2052 2040
f 2063 2040 2053
f 2064 2041 2054
f 2064 2053 2041
f 2065 2054 2042
f 2065 2042 2055
f 2066 2055 2043
f 2066 2043 2056
f 2067 2056 2044
f 2067 2044 2057
f 2068 2069 2070
f 2068 2071 2069
f 2068 2072 2071
f 2068 2060 2072
f 2068 2045 2058
f 2068 2057 2045
f 2068 2058 2060
f 2073 2062 2052
f 2073 2051 2062
f 2073 2074 2051
f 2073 2052 2063
f 2075 2063 2053
f 2075 2053 2064
f 2076 2054 2065
f 2076 2064 2054
f 2077 2065 2055
f 2077 2055 2066
f 2078 2066 2056
f 2078 2056 2067
f 2079 2080 2081
f 2079 2082 2080
f 2079 2083 2082
f 2079 2070 2083
f 2079 2068 2070
f 2079 2067 2057
f 2079 2057 2068
f 2084 2063 2075
f 2084 2074 2073
f 2084 2073 2063
f 2085 2064 2076
f 2085 2075 2064
f 2086 2076 2065
f 2086 2065 2077
f 2087 2077 2066
f 2087 2066 2078
f 2088 2089 2090
f 2088 2091 2089
f 2088 2081 2091
f 2088 2079 2081
f 2088 2078 2067
f 2088 2067 2079
f 2092 2093 2074
f 2092 2074 2084
f 2092 2094 2093
f 2092 2084 2075
f 2092 2075 2085
f 2095 2096 2097
f 2095 2086 2096
f 2095 2085 2076
f 2095 2076 2086
f 2098 2099 2096
f 2098 2100 2099
f 2098 2087 2100
f 2098 2096 2086
f 2098 2086 2077
f 2098 2077 2087
f 2101 2087 2078
f 2101 2102 2100
f 2101 2103 2102
f 2101 2090 2103
f 2101 2100 2087
f 2101 2088 2090
f 2101 2078 2088
f 2104 2105 2106
f 2104 2107 2105
f 2104 2097 2107
f 2104 2106 2094
f 2104 2095 2097
f 2104 2092 2085
f 2104 2094 2092
f 2104 2085 2095
f 2108 2109 2110
f 2111 2108 2110
f 2112 2108 2111
f 2113 2112 2111
f 2114 2115 2116
f 2117 2116 2118
f 2117 2114 2116
f 2119 2120 2121
f 2122 2120 2119
f 2123 2122 2119
f 2124 2122 2123
f 2125 2123 2126
f 2125 2124 2123
f 2127 2128 2126
f 2129 2128 2127
f 2130 2127 2131
f 2130 2129 2127
f 2132 2130 2131
f 2133 2132 2131
f 2134 2133 2131
f 2135 2132 2133
f 2136 2118 2137
f 2136 2117 2118
f 2136 2137 2138
f 2139 2138 2117
f 2139 2136 2138
f 2139 2117 2136
f 2140 2137 2121
f 2140 2138 2137
f 2140 2121 2120
f 2141 2120 2138
f 2141 2140 2120
f 2141 2138 2140
f 2142 2125 2126
f 2142 2126 2128
f 2143 2128 2125
f 2143 2125 2142
f 2143 2142 2128
f 2144 2145 2146
f 2147 2148 2145
f 2147 2145 2144
f 2149 2150 2151
f 2149 2152 2150
f 2149 2153 2152
f 2154 2155 2153
f 2154 2156 2155
f 2154 2153 2149
f 2157 2151 2158
f 2157 2149 2151
f 2159 2160 2156
f 2159 2161 2160
f 2159 2156 2154
f 2162 2149 2157
f 2162 2154 2149
f 2163 2157 2158
f 2164 2165 2161
f 2164 2166 2165
f 2164 2161 2159
f 2167 2159 2154
f 2167 2154 2162
f 2168 2157 2163
f 2168 2162 2157
f 2169 2163 2158
f 2170 2171 2166
f 2170 2172 2171
f 2170 2166 2164
f 2173 2159 2167
f 2173 2164 2159
f 2174 2162 2168
f 2174 2167 2162
f 2175 2168 2163
f 2175 2163 2169
f 2176 2177 2178
f 2176 2179 2177
f 2176 2180 2179
f 2176 2158 2180
f 2176 2169 2158
f 2181 2182 2172
f 2181 2183 2182
f 2181 2172 2170
f 2184 2170 2164
f 2184 2164 2173
f 2185 2173 2167
f 2185 2167 2174
f 2186 2168 2175
f 2186 2174 2168
f 2187 2176 2178
f 2187 2175 2169
f 2187 2178 2188
f 2187 2169 2176
f 2189 2183 2181
f 2189 2190 2183
f 2189 2191 2190
f 2192 2181 2170
f 2192 2170 2184
f 2193 2173 2185
f 2193 2184 2173
f 2194 2185 2174
f 2194 2174 2186
f 2195 2175 2187
f 2195 2186 2175
f 2196 2197 2198
f 2196 2188 2197
f 2196 2187 2188
f 2199 2200 2191
f 2199 2201 2200
f 2199 2202 2201
f 2199 2191 2189
f 2203 2181 2192
f 2203 2189 2181
f 2204 2192 2184
f 2204 2184 2193
f 2205 2193 2185
f 2205 2185 2194
f 2206 2194 2186
f 2206 2186 2195
f 2207 2195 2187
f 2207 2208 2209
f 2207 2198 2208
f 2207 2187 2196
f 2207 2196 2198
f 2210 2189 2203
f 2210 2199 2189
f 2210 2202 2199
f 2211 2203 2192
f 2211 2192 2204
f 2212 2204 2193
f 2212 2193 2205
f 2213 2205 2194
f 2213 2194 2206
f 2214 2206 2195
f 2214 2195 2207
f 2215 2216 2202
f 2215 2210 2203
f 2215 2202 2210
f 2215 2203 2211
f 2217 2211 2204
f 2217 2204 2212
f 2218 2212 2205
f 2218 2205 2213
f 2219 2206 2214
f 2219 2213 2206
f 2220 2214 2207
f 2220 2221 2222
f 2220 2223 2221
f 2220 2224 2223
f 2220 2209 2224
f 2220 2207 2209
f 2225 2211 2217
f 2225 2215 2211
f 2225 2216 2215
f 2226 2212 2218
f 2226 2217 2212
f 2227 2213 2219
f 2227 2218 2213
f 2228 2219 2214
f 2228 2214 2220
f 2228 2229 2230
f 2228 2231 2229
f 2228 2232 2231
f 2228 2222 2232
f 2228 2220 2222
f 2233 2216 2225
f 2233 2217 2226
f 2233 2225 2217
f 2234 2226 2218
f 2234 2218 2227
f 2235 2219 2228
f 2235 2227 2219
f 2235 2228 2230
f 2235 2236 2237
f 2235 2238 2236
f 2235 2239 2238
f 2235 2240 2239
f 2235 2230 2240
f 2241 2242 2216
f 2241 2233 2226
f 2241 2216 2233
f 2241 2226 2234
f 2243 2235 2237
f 2243 2244 2245
f 2243 2237 2244
f 2243 2234 2227
f 2243 2227 2235
f 2246 2247 2242
f 2246 2245 2247
f 2246 2241 2234
f 2246 2234 2243
f 2246 2242 2241
f 2246 2243 2245
f 2248 2249 2250
f 2251 2252 2253
f 2254 2255 2256
f 2254 2257 2255
f 2258 2256 2259
f 2258 2254 2256
f 2260 2258 2259
f 2260 2261 2262
f 2260 2259 2261
f 2260 2262 2263
f 2264 2263 2265
f 2266 2265 2267
f 2268 2267 2269
f 2268 2266 2267
f 2270 2268 2269
f 2271 2269 2272
f 2271 2270 2269
f 2273 2271 2272
f 2274 2273 2272
f 2275 2272 2276
f 2275 2274 2272
f 2277 2275 2276
f 2278 2276 2279
f 2278 2277 2276
f 2280 2278 2279
f 2281 2280 2279
f 2281 2279 2282
f 2283 2281 2282
f 2284 2283 2282
f 2285 2282 2286
f 2285 2284 2282
f 2287 2285 2286
f 2288 2287 2286
f 2289 2286 2290
f 2289 2288 2286
f 2291 2292 2293
f 2291 2290 2292
f 2291 2289 2290
f 2294 2293 2295
f 2294 2291 2293
f 2296 2297 2298
f 2299 2298 2300
f 2301 2300 2302
f 2303 2302 2304
f 2305 2304 2306
f 2305 2303 2304
f 2307 2305 2306
f 2308 2306 2309
f 2308 2307 2306
f 2310 2308 2309
f 2311 2310 2309
f 2312 2309 2313
f 2312 2311 2309
f 2314 2312 2313
f 2315 2314 2313
f 2316 2313 2317
f 2316 2315 2313
f 2318 2316 2317
f 2319 2317 2320
f 2319 2318 2317
f 2321 2319 2320
f 2322 2321 2320
f 2323 2320 2324
f 2323 2325 2320
f 2326 2327 2328
f 2326 2324 2327
f 2329 2326 2328
f 2330 2328 2331
f 2330 2329 2328
f 2332 2330 2331
f 2333 2331 2334
f 2333 2332 2331
f 2335 2333 2334
f 2336 2335 2334
f 2337 2336 2334
f 2337 2334 2338
f 2339 2337 2338
f 2340 2339 2338
f 2340 2338 2341
f 2342 2340 2341
f 2343 2342 2341
f 2344 2343 2341
f 2344 2341 2345
f 2346 2344 2345
f 2347 2346 2345
f 2347 2345 2348
f 2349 2347 2348
f 2350 2349 2348
f 2350 2348 2351
f 2352 2350 2351
f 2352 2353 2354
f 2352 2351 2353
f 2355 2354 2356
f 2357 2358 2359
f 2357 2359 2360
f 2361 2248 2250
f 2361 2362 2248
f 2363 2253 2252
f 2363 2364 2253
f 2363 2360 2364
f 2363 2365 2366
f 2363 2252 2365
f 2367 2368 2257
f 2367 2257 2254
f 2369 2367 2254
f 2369 2258 2260
f 2369 2254 2258
f 2370 2371 2270
f 2370 2270 2271
f 2372 2271 2273
f 2372 2370 2271
f 2373 2372 2273
f 2374 2273 2274
f 2374 2373 2273
f 2375 2374 2274
f 2376 2375 2274
f 2376 2274 2275
f 2377 2376 2275
f 2377 2275 2277
f 2378 2377 2277
f 2379 2277 2278
f 2379 2378 2277
f 2380 2379 2278
f 2381 2382 2312
f 2381 2312 2314
f 2383 2381 2314
f 2384 2314 2315
f 2384 2383 2314
f 2385 2384 2315
f 2386 2385 2315
f 2386 2315 2316
f 2387 2386 2316
f 2387 2316 2318
f 2388 2387 2318
f 2389 2388 2318
f 2389 2318 2319
f 2390 2389 2319
f 2390 2319 2321
f 2391 2390 2321
f 2392 2391 2321
f 2392 2321 2322
f 2393 2392 2322
f 2394 2395 2325
f 2394 2325 2323
f 2396 2323 2324
f 2397 2329 2330
f 2398 2397 2330
f 2399 2330 2332
f 2399 2398 2330
f 2400 2399 2332
f 2401 2400 2332
f 2401 2332 2333
f 2402 2401 2333
f 2402 2333 2335
f 2403 2402 2335
f 2404 2335 2336
f 2404 2403 2335
f 2405 2404 2336
f 2406 2336 2337
f 2406 2405 2336
f 2407 2406 2337
f 2407 2337 2339
f 2408 2407 2339
f 2409 2339 2340
f 2409 2408 2339
f 2409 2410 2411
f 2412 2340 2342
f 2412 2409 2340
f 2412 2410 2409
f 2413 2412 2342
f 2413 2410 2412
f 2414 2342 2343
f 2414 2413 2342
f 2414 2415 2410
f 2414 2410 2413
f 2416 2414 2343
f 2416 2415 2414
f 2417 2343 2344
f 2417 2418 2415
f 2417 2416 2343
f 2417 2415 2416
f 2419 2344 2346
f 2419 2417 2344
f 2419 2418 2417
f 2420 2418 2419
f 2420 2419 2346
f 2421 2420 2346
f 2421 2346 2347
f 2421 2418 2420
f 2422 2421 2347
f 2422 2418 2421
f 2423 2422 2347
f 2423 2418 2422
f 2423 2347 2349
f 2424 2418 2423
f 2424 2423 2349
f 2424 2350 2352
f 2424 2349 2350
f 2425 2418 2424
f 2425 2424 2352
f 2425 2352 2354
f 2425 2354 2355
f 2426 2355 2356
f 2426 2418 2425
f 2426 2425 2355
f 2426 2359 2358
f 2426 2356 2359
f 2426 2250 2418
f 2427 2250 2426
f 2427 2426 2358
f 2427 2358 2357
f 2428 2250 2427
f 2428 2427 2357
f 2428 2360 2363
f 2428 2357 2360
f 2429 2250 2428
f 2429 2361 2250
f 2429 2428 2363
f 2429 2362 2361
f 2429 2363 2366
f 2429 2366 2362
f 2430 2367 2369
f 2430 2368 2367
f 2431 2260 2263
f 2431 2263 2432
f 2431 2369 2260
f 2433 2368 2434
f 2435 2263 2264
f 2435 2432 2263
f 2436 2437 2368
f 2436 2368 2433
f 2436 2433 2438
f 2439 2437 2436
f 2439 2436 2440
f 2441 2264 2265
f 2441 2265 2266
f 2442 2437 2439
f 2442 2443 2444
f 2445 2437 2442
f 2445 2444 2371
f 2445 2442 2444
f 2446 2437 2445
f 2446 2445 2371
f 2447 2437 2446
f 2447 2446 2371
f 2447 2371 2370
f 2448 2270 2371
f 2448 2268 2270
f 2448 2266 2268
f 2448 2371 2444
f 2448 2444 2443
f 2449 2450 2437
f 2449 2437 2447
f 2449 2447 2370
f 2449 2370 2372
f 2451 2450 2449
f 2451 2449 2372
f 2451 2372 2373
f 2452 2450 2451
f 2452 2451 2373
f 2453 2452 2373
f 2453 2373 2374
f 2453 2450 2452
f 2454 2455 2450
f 2454 2450 2453
f 2454 2453 2374
f 2454 2374 2375
f 2456 2455 2454
f 2456 2454 2375
f 2457 2375 2376
f 2457 2455 2456
f 2457 2456 2375
f 2458 2376 2377
f 2458 2459 2455
f 2458 2457 2376
f 2458 2455 2457
f 2460 2458 2377
f 2460 2377 2378
f 2460 2459 2458
f 2461 2460 2378
f 2461 2459 2460
f 2462 2378 2379
f 2462 2461 2378
f 2462 2459 2461
f 2463 2459 2462
f 2463 2379 2380
f 2463 2464 2459
f 2463 2462 2379
f 2465 2380 2466
f 2465 2464 2463
f 2465 2463 2380
f 2467 2465 2466
f 2467 2464 2465
f 2468 2467 2466
f 2468 2466 2469
f 2468 2464 2467
f 2470 2464 2468
f 2470 2471 2464
f 2470 2468 2469
f 2470 2469 2472
f 2473 2471 2470
f 2473 2472 2474
f 2473 2470 2472
f 2475 2471 2473
f 2475 2473 2474
f 2476 2475 2474
f 2476 2477 2471
f 2476 2471 2475
f 2476 2474 2478
f 2479 2476 2478
f 2479 2477 2476
f 2479 2478 2480
f 2481 2477 2479
f 2481 2479 2480
f 2482 2481 2480
f 2482 2477 2481
f 2482 2480 2483
f 2484 2485 2477
f 2484 2477 2482
f 2484 2483 2486
f 2484 2482 2483
f 2487 2485 2484
f 2487 2484 2486
f 2487 2486 2488
f 2489 2485 2487
f 2489 2487 2488
f 2490 2489 2488
f 2490 2485 2489
f 2491 2466 2380
f 2491 2469 2466
f 2491 2281 2283
f 2491 2278 2280
f 2491 2380 2278
f 2491 2280 2281
f 2491 2472 2469
f 2492 2488 2493
f 2492 2490 2488
f 2492 2485 2490
f 2494 2493 2495
f 2494 2492 2493
f 2494 2495 2496
f 2494 2485 2492
f 2497 2491 2283
f 2497 2472 2491
f 2497 2474 2472
f 2498 2283 2284
f 2498 2474 2497
f 2498 2478 2474
f 2498 2497 2283
f 2499 2480 2478
f 2499 2478 2498
f 2499 2498 2284
f 2500 2480 2499
f 2500 2499 2284
f 2501 2284 2285
f 2501 2483 2480
f 2501 2500 2284
f 2501 2480 2500
f 2502 2483 2501
f 2502 2501 2285
f 2503 2496 2504
f 2503 2494 2496
f 2503 2485 2494
f 2505 2486 2483
f 2505 2502 2285
f 2505 2483 2502
f 2506 2285 2287
f 2506 2488 2486
f 2506 2486 2505
f 2506 2505 2285
f 2507 2493 2488
f 2507 2488 2506
f 2507 2506 2287
f 2508 2507 2287
f 2508 2493 2507
f 2509 2287 2288
f 2509 2495 2493
f 2509 2508 2287
f 2509 2493 2508
f 2510 2496 2495
f 2510 2509 2288
f 2510 2495 2509
f 2511 2496 2510
f 2511 2510 2288
f 2512 2288 2289
f 2512 2496 2511
f 2512 2511 2288
f 2513 2503 2504
f 2513 2485 2503
f 2514 2289 2291
f 2514 2504 2496
f 2514 2512 2289
f 2514 2496 2512
f 2515 2504 2514
f 2515 2514 2291
f 2516 2515 2291
f 2516 2291 2294
f 2517 2518 2516
f 2517 2516 2294
f 2519 2517 2294
f 2519 2295 2520
f 2519 2518 2517
f 2519 2294 2295
f 2521 2513 2518
f 2521 2485 2513
f 2521 2522 2485
f 2523 2297 2296
f 2523 2524 2297
f 2525 2523 2296
f 2526 2521 2527
f 2526 2522 2521
f 2528 2522 2526
f 2528 2526 2529
f 2530 2298 2531
f 2530 2296 2298
f 2532 2531 2298
f 2532 2298 2299
f 2533 2522 2534
f 2533 2534 2535
f 2536 2299 2300
f 2536 2537 2299
f 2538 2539 2522
f 2538 2522 2533
f 2538 2533 2540
f 2541 2301 2302
f 2542 2538 2543
f 2542 2539 2538
f 2544 2302 2303
f 2544 2541 2302
f 2544 2303 2545
f 2546 2547 2548
f 2546 2539 2542
f 2549 2539 2546
f 2549 2548 2550
f 2549 2546 2548
f 2551 2539 2549
f 2551 2549 2550
f 2552 2551 2550
f 2552 2539 2551
f 2552 2550 2553
f 2554 2555 2539
f 2554 2539 2552
f 2554 2553 2556
f 2554 2552 2553
f 2557 2303 2305
f 2558 2556 2559
f 2558 2554 2556
f 2558 2555 2554
f 2560 2555 2558
f 2560 2558 2559
f 2561 2547 2557
f 2561 2557 2305
f 2562 2563 2555
f 2562 2559 2564
f 2562 2555 2560
f 2562 2560 2559
f 2565 2548 2547
f 2565 2547 2561
f 2565 2561 2305
f 2566 2565 2305
f 2566 2305 2307
f 2566 2548 2565
f 2566 2550 2548
f 2567 2564 2568
f 2567 2562 2564
f 2567 2563 2562
f 2569 2563 2567
f 2569 2567 2568
f 2570 2550 2566
f 2570 2566 2307
f 2571 2570 2307
f 2571 2550 2570
f 2571 2553 2550
f 2572 2563 2569
f 2572 2569 2568
f 2572 2568 2382
f 2573 2571 2307
f 2573 2553 2571
f 2573 2307 2308
f 2573 2556 2553
f 2574 2556 2573
f 2574 2573 2308
f 2575 2576 2563
f 2575 2563 2572
f 2575 2572 2382
f 2575 2382 2381
f 2577 2576 2575
f 2577 2575 2381
f 2577 2381 2383
f 2578 2556 2574
f 2578 2574 2308
f 2578 2308 2310
f 2578 2559 2556
f 2579 2576 2577
f 2579 2577 2383
f 2580 2576 2579
f 2580 2579 2383
f 2580 2383 2384
f 2581 2559 2578
f 2581 2310 2311
f 2581 2311 2312
f 2581 2312 2382
f 2581 2578 2310
f 2581 2564 2559
f 2581 2568 2564
f 2581 2382 2568
f 2582 2583 2576
f 2582 2384 2385
f 2582 2580 2384
f 2582 2576 2580
f 2584 2582 2385
f 2584 2583 2582
f 2585 2385 2386
f 2585 2583 2584
f 2585 2584 2385
f 2586 2587 2583
f 2586 2585 2386
f 2586 2583 2585
f 2586 2386 2387
f 2588 2587 2586
f 2588 2586 2387
f 2588 2387 2388
f 2589 2587 2588
f 2589 2588 2388
f 2590 2388 2389
f 2590 2587 2589
f 2590 2589 2388
f 2591 2592 2587
f 2591 2389 2390
f 2591 2590 2389
f 2591 2587 2590
f 2593 2591 2390
f 2593 2390 2391
f 2593 2592 2591
f 2594 2592 2593
f 2594 2593 2391
f 2595 2391 2392
f 2595 2594 2391
f 2595 2592 2594
f 2596 2597 2592
f 2596 2392 2393
f 2596 2592 2595
f 2596 2595 2392
f 2598 2597 2596
f 2598 2596 2393
f 2599 2320 2325
f 2600 2601 2602
f 2600 2603 2597
f 2600 2597 2601
f 2604 2600 2395
f 2604 2603 2600
f 2605 2395 2394
f 2605 2604 2395
f 2605 2603 2604
f 2606 2603 2605
f 2606 2607 2603
f 2606 2605 2394
f 2608 2606 2396
f 2608 2607 2606
f 2609 2397 2398
f 2609 2398 2399
f 2610 2607 2609
f 2610 2609 2399
f 2611 2399 2400
f 2611 2610 2399
f 2611 2607 2610
f 2612 2611 2400
f 2612 2607 2611
f 2613 2400 2401
f 2613 2612 2400
f 2613 2607 2612
f 2614 2613 2401
f 2614 2607 2613
f 2614 2401 2402
f 2614 2615 2607
f 2616 2402 2403
f 2616 2614 2402
f 2616 2615 2614
f 2617 2616 2403
f 2617 2615 2616
f 2618 2617 2403
f 2618 2403 2404
f 2618 2615 2617
f 2618 2619 2615
f 2620 2618 2404
f 2620 2619 2618
f 2620 2404 2405
f 2621 2620 2405
f 2621 2619 2620
f 2622 2621 2405
f 2622 2619 2621
f 2622 2405 2406
f 2623 2408 2409
f 2623 2619 2622
f 2623 2407 2408
f 2623 2406 2407
f 2623 2411 2619
f 2623 2622 2406
f 2623 2409 2411
f 2624 2369 2431
f 2625 2434 2626
f 2625 2433 2434
f 2625 2626 2432
f 2627 2432 2435
f 2627 2625 2432
f 2628 2435 2264
f 2628 2627 2435
f 2628 2264 2438
f 2629 2438 2264
f 2630 2264 2441
f 2630 2629 2264
f 2630 2440 2629
f 2631 2440 2630
f 2631 2630 2441
f 2631 2441 2266
f 2632 2443 2442
f 2632 2448 2443
f 2632 2442 2439
f 2633 2631 2266
f 2633 2448 2632
f 2633 2266 2448
f 2634 2518 2513
f 2634 2516 2518
f 2634 2513 2504
f 2634 2504 2515
f 2634 2515 2516
f 2635 2518 2519
f 2635 2521 2518
f 2636 2527 2521
f 2636 2524 2527
f 2637 2524 2523
f 2637 2525 2527
f 2637 2523 2525
f 2637 2527 2524
f 2638 2525 2296
f 2638 2527 2525
f 2638 2526 2527
f 2639 2638 2296
f 2640 2529 2639
f 2640 2296 2530
f 2640 2639 2296
f 2641 2640 2530
f 2642 2530 2531
f 2642 2641 2530
f 2643 2644 2531
f 2643 2531 2532
f 2645 2643 2532
f 2646 2645 2532
f 2646 2532 2299
f 2647 2646 2299
f 2647 2535 2646
f 2648 2540 2533
f 2648 2537 2540
f 2648 2647 2299
f 2648 2299 2537
f 2649 2540 2537
f 2649 2537 2536
f 2649 2536 2650
f 2649 2650 2540
f 2651 2540 2650
f 2651 2538 2540
f 2652 2543 2538
f 2652 2541 2543
f 2653 2543 2541
f 2653 2545 2543
f 2653 2541 2544
f 2653 2544 2545
f 2654 2542 2543
f 2654 2543 2545
f 2655 2542 2654
f 2655 2654 2545
f 2655 2546 2542
f 2655 2547 2546
f 2656 2322 2320
f 2656 2320 2599
f 2657 2656 2599
f 2658 2657 2599
f 2658 2599 2325
f 2659 2395 2600
f 2659 2325 2395
f 2659 2600 2602
f 2659 2658 2325
f 2659 2602 2658
f 2660 2396 2606
f 2660 2606 2394
f 2660 2323 2396
f 2660 2394 2323
f 2661 2396 2324
f 2661 2326 2662
f 2661 2324 2326
f 2663 2430 2369
f 2663 2369 2624
f 2664 2626 2434
f 2664 2431 2432
f 2664 2663 2624
f 2664 2624 2431
f 2664 2432 2626
f 2665 2433 2625
f 2665 2625 2627
f 2665 2627 2628
f 2665 2628 2438
f 2665 2438 2433
f 2666 2436 2438
f 2666 2629 2440
f 2666 2438 2629
f 2666 2440 2436
f 2667 2439 2440
f 2667 2440 2631
f 2667 2631 2633
f 2668 2632 2439
f 2668 2633 2632
f 2668 2667 2633
f 2668 2439 2667
f 2669 2519 2520
f 2669 2635 2519
f 2669 2520 2670
f 2669 2670 2635
f 2671 2521 2635
f 2671 2635 2670
f 2672 2671 2670
f 2673 2520 2295
f 2673 2295 2297
f 2673 2670 2520
f 2673 2672 2670
f 2674 2639 2529
f 2674 2529 2526
f 2674 2526 2638
f 2674 2638 2639
f 2675 2640 2641
f 2675 2528 2529
f 2675 2529 2640
f 2676 2675 2641
f 2676 2528 2675
f 2677 2641 2642
f 2677 2676 2641
f 2677 2528 2676
f 2678 2679 2644
f 2678 2644 2643
f 2680 2678 2643
f 2680 2643 2645
f 2681 2680 2645
f 2681 2534 2680
f 2682 2534 2681
f 2682 2681 2645
f 2682 2646 2535
f 2682 2645 2646
f 2682 2535 2534
f 2683 2535 2647
f 2683 2648 2533
f 2683 2533 2535
f 2683 2647 2648
f 2684 2300 2301
f 2684 2536 2300
f 2684 2650 2536
f 2685 2686 2652
f 2685 2652 2538
f 2687 2686 2685
f 2687 2301 2686
f 2687 2684 2301
f 2688 2686 2301
f 2688 2652 2686
f 2688 2541 2652
f 2688 2301 2541
f 2689 2547 2655
f 2689 2303 2557
f 2689 2557 2547
f 2689 2545 2303
f 2689 2655 2545
f 2690 2393 2322
f 2690 2322 2656
f 2691 2656 2657
f 2692 2691 2657
f 2692 2601 2691
f 2693 2692 2657
f 2693 2602 2601
f 2693 2601 2692
f 2693 2657 2658
f 2693 2658 2602
f 2694 2661 2662
f 2694 2396 2661
f 2695 2608 2662
f 2695 2609 2607
f 2695 2607 2608
f 2695 2397 2609
f 2696 2368 2430
f 2696 2434 2368
f 2696 2664 2434
f 2696 2430 2663
f 2696 2663 2664
f 2697 2636 2521
f 2697 2521 2671
f 2697 2671 2672
f 2698 2636 2697
f 2698 2697 2672
f 2698 2524 2636
f 2698 2672 2673
f 2698 2673 2297
f 2698 2297 2524
f 2699 2528 2677
f 2700 2679 2678
f 2700 2522 2679
f 2701 2700 2678
f 2701 2680 2534
f 2701 2534 2522
f 2701 2678 2680
f 2701 2522 2700
f 2702 2650 2684
f 2702 2684 2687
f 2702 2651 2650
f 2702 2687 2651
f 2703 2687 2685
f 2703 2538 2651
f 2703 2651 2687
f 2703 2685 2538
f 2704 2393 2690
f 2704 2597 2598
f 2704 2598 2393
f 2705 2704 2690
f 2705 2691 2601
f 2705 2597 2704
f 2705 2601 2597
f 2706 2662 2608
f 2706 2694 2662
f 2706 2396 2694
f 2706 2608 2396
f 2707 2329 2397
f 2707 2397 2695
f 2707 2662 2326
f 2707 2695 2662
f 2707 2326 2329
f 2708 2699 2644
f 2708 2644 2679
f 2708 2679 2522
f 2708 2528 2699
f 2708 2522 2528
f 2709 2644 2699
f 2709 2642 2531
f 2709 2699 2677
f 2709 2531 2644
f 2709 2677 2642
f 2710 2691 2705
f 2710 2656 2691
f 2710 2705 2690
f 2710 2690 2656
f 2711 2712 2713
f 2714 2715 2716
f 2717 2715 2714
f 2718 2719 2711
f 2718 2711 2713
f 2720 2713 2721
f 2720 2721 2722
f 2720 2718 2713
f 2723 2718 2720
f 2724 2718 2723
f 2725 2722 2726
f 2725 2723 2720
f 2725 2724 2723
f 2725 2720 2722
f 2727 2726 2715
f 2727 2728 2729
f 2727 2717 2728
f 2727 2725 2726
f 2727 2715 2717
f 2730 2727 2729
f 2731 2729 2732
f 2731 2730 2729
f 2733 2732 2734
f 2733 2731 2732
f 2735 2733 2734
f 2736 2737 2738
f 2736 2734 2737
f 2736 2735 2734
f 2739 2740 2741
f 2742 2743 2719
f 2742 2719 2718
f 2742 2718 2724
f 2744 2743 2742
f 2745 2744 2742
f 2745 2724 2725
f 2745 2742 2724
f 2746 2745 2725
f 2746 2725 2727
f 2747 2746 2727
f 2747 2727 2730
f 2748 2747 2730
f 2749 2730 2731
f 2749 2748 2730
f 2750 2749 2731
f 2750 2731 2733
f 2751 2750 2733
f 2752 2751 2733
f 2752 2733 2735
f 2753 2738 2754
f 2753 2736 2738
f 2755 2740 2739
f 2755 2756 2757
f 2755 2739 2756
f 2758 2739 2741
f 2759 2760 2743
f 2759 2745 2746
f 2759 2744 2745
f 2759 2743 2744
f 2761 2760 2759
f 2761 2746 2747
f 2761 2759 2746
f 2762 2763 2760
f 2762 2747 2748
f 2762 2761 2747
f 2762 2760 2761
f 2764 2762 2748
f 2764 2763 2762
f 2765 2748 2749
f 2765 2764 2748
f 2765 2763 2764
f 2766 2749 2750
f 2766 2765 2749
f 2766 2763 2765
f 2767 2766 2750
f 2767 2763 2766
f 2768 2750 2751
f 2768 2767 2750
f 2768 2751 2752
f 2768 2763 2767
f 2769 2768 2752
f 2769 2763 2768
f 2770 2771 2763
f 2770 2763 2769
f 2770 2769 2753
f 2772 2771 2770
f 2772 2770 2755
f 2772 2758 2773
f 2774 2775 2771
f 2774 2771 2772
f 2774 2772 2773
f 2774 2773 2758
f 2776 2752 2735
f 2776 2769 2752
f 2776 2753 2769
f 2776 2735 2736
f 2776 2736 2753
f 2777 2753 2754
f 2777 2770 2753
f 2778 2738 2740
f 2778 2754 2738
f 2778 2740 2755
f 2779 2772 2755
f 2779 2755 2757
f 2780 2758 2772
f 2780 2779 2757
f 2780 2739 2758
f 2780 2757 2756
f 2780 2772 2779
f 2780 2756 2739
f 2781 2782 2775
f 2781 2775 2774
f 2783 2741 2784
f 2783 2784 2785
f 2783 2785 2782
f 2783 2758 2741
f 2783 2774 2758
f 2783 2782 2781
f 2783 2781 2774
f 2786 2754 2778
f 2786 2777 2754
f 2786 2778 2755
f 2787 2755 2770
f 2787 2770 2777
f 2787 2786 2755
f 2787 2777 2786
f 2788 2789 2790
f 2791 2792 2788
f 2791 2788 2790
f 2793 2792 2791
f 2794 2795 2796
f 2794 2796 2797
f 2798 2795 2794
f 2798 2799 2795
f 2800 2801 2802
f 2803 2801 2800
f 2804 2803 2800
f 2805 2803 2804
f 2806 2805 2804
f 2807 2805 2806
f 2808 2807 2806
f 2809 2807 2808
f 2810 2809 2808
f 2811 2810 2812
f 2811 2809 2810
f 2813 2811 2812
f 2814 2811 2813
f 2815 2814 2813
f 2816 2815 2817
f 2816 2814 2815
f 2818 2816 2817
f 2819 2816 2818
f 2820 2819 2818
f 2821 2819 2820
f 2822 2821 2820
f 2823 2821 2822
f 2824 2823 2822
f 2825 2823 2824
f 2826 2827 2825
f 2826 2825 2824
f 2828 2827 2826
f 2829 2828 2826
f 2830 2828 2829
f 2831 2830 2829
f 2832 2830 2831
f 2833 2834 2835
f 2836 2833 2835
f 2837 2838 2834
f 2837 2834 2833
f 2839 2836 2835
f 2839 2835 2840
f 2841 2842 2838
f 2841 2838 2837
f 2843 2840 2844
f 2843 2839 2840
f 2845 2846 2842
f 2845 2842 2841
f 2847 2844 2848
f 2847 2843 2844
f 2849 2846 2845
f 2850 2848 2851
f 2850 2847 2848
f 2852 2853 2846
f 2852 2846 2849
f 2854 2850 2851
f 2855 2853 2852
f 2856 2851 2857
f 2856 2854 2851
f 2858 2853 2855
f 2858 2859 2853
f 2860 2857 2861
f 2860 2856 2857
f 2862 2863 2859
f 2862 2859 2858
f 2864 2860 2861
f 2865 2864 2861
f 2866 2863 2862
f 2866 2867 2863
f 2868 2864 2865
f 2869 2867 2866
f 2870 2868 2865
f 2871 2867 2869
f 2872 2868 2870
f 2873 2871 2869
f 2874 2872 2870
f 2875 2874 2870
f 2876 2873 2877
f 2876 2871 2873
f 2878 2874 2875
f 2879 2876 2877
f 2880 2881 2878
f 2880 2878 2875
f 2882 2876 2879
f 2883 2882 2879
f 2884 2885 2881
f 2884 2881 2880
f 2886 2883 2887
f 2886 2882 2883
f 2888 2889 2885
f 2888 2885 2884
f 2890 2887 2891
f 2890 2886 2887
f 2892 2893 2894
f 2892 2894 2889
f 2892 2889 2888
f 2895 2890 2891
f 2895 2891 2896
f 2895 2896 2897
f 2898 2893 2892
f 2898 2899 2900
f 2898 2900 2893
f 2901 2895 2897
f 2901 2897 2902
f 2903 2899 2898
f 2903 2904 2899
f 2905 2901 2902
f 2905 2902 2906
f 2907 2904 2903
f 2907 2908 2904
f 2909 2905 2906
f 2909 2906 2910
f 2911 2908 2907
f 2911 2912 2908
f 2913 2909 2910
f 2913 2912 2911
f 2913 2910 2914
f 2913 2914 2912
f 2915 2916 2917
f 2915 2917 2918
f 2919 2916 2915
f 2920 2921 2922
f 2920 2922 2923
f 2924 2925 2921
f 2924 2920 2923
f 2924 2921 2920
f 2926 2923 2927
f 2926 2924 2923
f 2926 2925 2924
f 2928 2929 2925
f 2928 2926 2927
f 2928 2925 2926
f 2930 2929 2928
f 2930 2928 2927
f 2931 2927 2932
f 2931 2932 2929
f 2931 2930 2927
f 2931 2929 2930
f 2933 2934 2935
f 2936 2937 2934
f 2938 2939 2936
f 2938 2936 2934
f 2940 2933 2941
f 2942 2934 2933
f 2942 2940 2941
f 2942 2933 2940
f 2943 2934 2942
f 2943 2938 2934
f 2944 2938 2943
f 2945 2946 2947
f 2945 2947 2938
f 2945 2944 2946
f 2945 2938 2944
f 2948 2941 2949
f 2950 2948 2949
f 2950 2941 2948
f 2950 2942 2941
f 2951 2942 2950
f 2951 2950 2949
f 2951 2943 2942
f 2952 2946 2944
f 2952 2951 2953
f 2952 2944 2943
f 2952 2943 2951
f 2954 2953 2946
f 2954 2946 2952
f 2954 2952 2953
f 2955 2949 2956
f 2957 2949 2955
f 2957 2955 2956
f 2958 2953 2951
f 2958 2951 2949
f 2958 2956 2959
f 2958 2949 2957
f 2958 2957 2956
f 2960 2958 2959
f 2960 2953 2958
f 2961 2959 2962
f 2961 2962 2953
f 2961 2960 2959
f 2961 2953 2960
f 2963 2956 2964
f 2965 2964 2966
f 2965 2963 2964
f 2965 2956 2963
f 2967 2965 2966
f 2967 2956 2965
f 2968 2959 2956
f 2968 2956 2967
f 2969 2959 2968
f 2969 2968 2970
f 2971 2969 2970
f 2971 2959 2969
f 2971 2970 2959
f 2972 2966 2973
f 2974 2967 2966
f 2974 2966 2972
f 2975 2967 2974
f 2975 2970 2968
f 2975 2968 2967
f 2976 2970 2975
f 2977 2978 2970
f 2977 2970 2976
f 2979 2972 2973
f 2980 2972 2979
f 2980 2974 2972
f 2981 2975 2974
f 2981 2974 2980
f 2982 2976 2975
f 2982 2975 2981
f 2983 2973 2984
f 2983 2979 2973
f 2985 2986 2978
f 2985 2976 2982
f 2985 2978 2977
f 2985 2977 2976
f 2987 2983 2984
f 2987 2979 2983
f 2988 2987 2984
f 2988 2980 2979
f 2988 2979 2987
f 2989 2988 2984
f 2989 2984 2990
f 2989 2981 2980
f 2989 2980 2988
f 2991 2982 2981
f 2991 2989 2990
f 2991 2981 2989
f 2992 2990 2986
f 2992 2986 2985
f 2992 2985 2982
f 2992 2991 2990
f 2992 2982 2991
f 2993 2994 2995
f 2993 2996 2994
f 2997 2995 2998
f 2997 2993 2995
f 2999 2998 3000
f 2999 2997 2998
f 3001 3000 3002
f 3001 2999 3000
f 3003 3002 3004
f 3003 3001 3002
f 3005 3003 3004
f 3006 3005 3004
f 3007 3005 3006
f 3008 3007 3006
f 3009 3007 3008
f 3010 3008 3011
f 3010 3009 3008
f 3012 3010 3011
f 3013 3012 3011
f 3014 3012 3013
f 3015 3014 3013
f 3016 3014 3015
f 3017 3016 3015
f 3018 3016 3017
f 3019 3018 3017
f 3020 3018 3019
f 3021 3020 3019
f 3022 3020 3021
f 3023 3022 3021
f 3024 3022 3023
f 3025 3023 3026
f 3027 3026 3023
f 3028 3024 3023
f 3028 3023 3025
f 3029 3030 3031
f 3032 3030 3033
f 3032 3031 3030
f 3034 3032 3033
f 3035 3030 3029
f 3036 3037 3030
f 3036 3030 3035
f 3038 3037 3036
f 3039 3037 3038
f 3040 3037 3039
f 3041 3037 3040
f 3042 3043 3037
f 3042 3037 3041
f 3044 3045 3043
f 3044 3043 3042
f 2741 3045 3044
f 3046 3047 3048
f 3046 3049 3050
f 3046 3050 3047
f 3051 3049 3046
f 3051 3052 3053
f 3051 3053 3054
f 3051 3054 3055
f 3051 3055 3049
f 3056 3057 3058
f 3059 3060 3057
f 3059 3057 3056
f 3061 3060 3059
f 3062 3060 3061
f 3063 3052 3064
f 3065 3066 3067
f 3068 3067 3066
f 3069 3066 3065
f 3070 3068 3066
f 3071 3066 3069
f 3072 3070 3066
f 3073 3066 3071
f 3074 3075 3076
f 3074 3076 3077
f 3074 3077 3078
f 3074 3078 3079
f 3080 3081 3082
f 3080 3082 3083
f 3084 3081 3080
f 3085 3084 3080
f 3086 3085 3080
f 3087 3088 3089
f 3087 3033 3088
f 3087 2298 3090
f 3087 3090 3091
f 3087 3091 3034
f 3087 3034 3033
f 3092 3048 3047
f 3092 3047 3093
f 3092 3093 2298
f 3092 3089 3094
f 3092 3094 3048
f 3092 3087 3089
f 3092 2298 3087
f 3095 3096 3045
f 3095 3057 3096
f 3095 2741 3097
f 3095 3097 3098
f 3095 3098 3058
f 3095 3058 3057
f 3095 3045 2741
f 3099 3100 3060
f 3099 3101 3100
f 3099 3060 3062
f 3099 3062 3102
f 3099 3102 3103
f 3104 3051 3105
f 3104 3052 3051
f 3104 3105 3064
f 3104 3064 3052
f 3106 3099 3103
f 3106 3101 3099
f 3106 3103 3107
f 3106 3107 3108
f 3106 3108 3109
f 3106 3109 3110
f 3106 3110 3111
f 3106 3111 3112
f 3113 3114 3115
f 3113 3066 3114
f 3113 3072 3066
f 3113 3116 3117
f 3113 3117 3118
f 3113 3118 3119
f 3113 3119 3120
f 3113 3120 3121
f 3113 3121 3122
f 3113 3122 3123
f 3113 3123 3124
f 3113 3124 3072
f 3125 3079 3052
f 3125 3063 3126
f 3125 3126 3127
f 3125 3127 3074
f 3125 3074 3079
f 3125 3052 3063
f 3128 3129 3130
f 3128 3130 3131
f 3128 3106 3112
f 3128 3112 3132
f 3128 3132 3133
f 3128 3133 3134
f 3128 3134 3129
f 3135 3113 3115
f 3135 3115 3101
f 3135 3116 3113
f 3135 3101 3106
f 3135 3136 3137
f 3135 3137 3138
f 3135 3138 3139
f 3135 3139 3140
f 3135 3140 3141
f 3135 3141 3116
f 3142 3143 3144
f 3142 3144 3145
f 3142 3145 3146
f 3147 3131 3148
f 3147 3148 3075
f 3147 3149 3128
f 3147 3074 3150
f 3147 3150 3151
f 3147 3151 3149
f 3147 3075 3074
f 3147 3128 3131
f 3152 3128 3149
f 3152 3149 3153
f 3152 3154 3155
f 3152 3155 3156
f 3152 3156 3157
f 3152 3157 3158
f 3152 3158 3159
f 3152 3135 3106
f 3152 3159 3160
f 3152 3160 3161
f 3152 3161 3162
f 3152 3106 3128
f 3163 3136 3135
f 3163 3142 3146
f 3163 3143 3142
f 3163 3146 3136
f 3164 3080 3083
f 3164 3153 3165
f 3164 3165 3080
f 3164 3083 3166
f 3164 3166 3167
f 3164 3167 3168
f 3164 3168 3169
f 3164 3169 3170
f 3164 3154 3152
f 3164 3170 3171
f 3164 3171 3172
f 3164 3172 3154
f 3164 3152 3153
f 3173 3152 3162
f 3173 3163 3135
f 3173 3162 3174
f 3173 3174 3175
f 3173 3135 3152
f 3176 3143 3163
f 3176 3177 3178
f 3176 3178 3179
f 3176 3179 3143
f 3180 3177 3176
f 3180 3181 3177
f 3182 3175 3183
f 3182 3183 3184
f 3182 3184 3173
f 3182 3173 3175
f 3185 3176 3163
f 3185 3184 3186
f 3185 3186 3187
f 3185 3187 3188
f 3185 3173 3184
f 3185 3163 3173
f 3189 3180 3176
f 3189 3188 3181
f 3189 3181 3180
f 3189 3185 3188
f 3189 3176 3185
f 3190 3191 3192
f 3193 3190 3192
f 3194 3195 3192
f 3194 3192 3191
f 3196 3192 3197
f 3196 3193 3192
f 3198 3194 3191
f 3198 3191 3190
f 3199 3195 3194
f 3200 3190 3193
f 3200 3198 3190
f 3201 3194 3198
f 3201 3199 3194
f 3202 3196 3197
f 3203 3204 3195
f 3203 3195 3199
f 3205 3198 3200
f 3205 3201 3198
f 3206 3200 3193
f 3206 3193 3196
f 3207 3204 3203
f 3207 3199 3201
f 3207 3203 3199
f 3208 3204 3207
f 3208 3201 3205
f 3208 3207 3201
f 3209 3200 3206
f 3209 3205 3200
f 3210 3197 3211
f 3210 3202 3197
f 3210 3206 3196
f 3210 3196 3202
f 3212 3211 3204
f 3212 3204 3208
f 3212 3208 3205
f 3212 3205 3209
f 3213 3209 3206
f 3213 3210 3211
f 3213 3206 3210
f 3214 3211 3212
f 3214 3209 3213
f 3214 3212 3209
f 3214 3213 3211
f 3215 3216 3217
f 3218 3215 3217
f 3219 3218 3220
f 3219 3215 3218
f 3221 3222 3223
f 3224 3225 3226
f 3227 3225 3224
f 3228 3227 3224
f 3229 3227 3228
f 3230 3229 3228
f 3231 3229 3230
f 3232 3231 3230
f 3233 3231 3232
f 3234 3233 3232
f 3235 3233 3234
f 3236 3235 3234
f 3237 3235 3236
f 3238 3239 3237
f 3238 3237 3236
f 3240 3239 3238
f 3241 3240 3238
f 3242 2817 3243
f 3244 3245 3242
f 3244 3242 3243
f 3246 3244 3247
f 3246 3245 3244
f 3248 3246 3247
f 3249 3246 3248
f 3250 3249 3248
f 3251 3249 3250
f 3252 3251 3250
f 3253 3251 3252
f 3254 3253 3252
f 3255 3253 3254
f 3256 2817 3240
f 3256 3241 3243
f 3256 3240 3241
f 3256 3243 2817
f 3257 3258 3259
f 3257 3260 3258
f 3261 3262 3260
f 3261 3260 3257
f 3263 3264 3262
f 3263 3262 3261
f 3265 3266 3264
f 3265 3264 3263
f 3267 3268 3266
f 3267 3266 3265
f 3269 3268 3267
f 3269 3270 3268
f 3271 3270 3269
f 3271 3272 3270
f 3273 3272 3271
f 3273 3274 3272
f 3275 3274 3273
f 3275 3276 3274
f 3277 3276 3275
f 3277 3278 3276
f 3279 3278 3277
f 3279 3280 3278
f 3281 3280 3279
f 3281 3282 3280
f 3283 3282 3281
f 3283 3284 3282
f 3285 3284 3283
f 3285 3286 3284
f 3287 3286 3285
f 3287 3288 3286
f 3289 3288 3287
f 3289 3290 3288
f 3291 3290 3289
f 3291 3292 3290
f 3293 3292 3291
f 3293 3294 3292
f 3295 3294 3293
f 3295 3296 3294
f 3297 3296 3295
f 3297 3298 3296
f 3299 3298 3297
f 3299 3300 3298
f 3301 3302 3300
f 3301 3300 3299
f 3303 3304 3302
f 3303 3302 3301
f 3305 3306 3304
f 3305 3304 3303
f 3307 3308 3306
f 3307 3306 3305
f 3309 3310 3308
f 3309 3308 3307
f 3311 3312 3310
f 3311 3310 3309
f 3313 3314 3312
f 3313 3312 3311
f 3315 3316 3314
f 3315 3314 3313
f 3317 3318 3316
f 3317 3316 3315
f 3319 3318 3317
f 3319 3320 3318
f 3321 3320 3319
f 3321 3322 3320
f 3323 3322 3321
f 3323 3324 3322
f 3325 3324 3323
f 3325 3326 3324
f 3327 3326 3325
f 3327 3328 3326
f 3329 3328 3327
f 3329 3330 3328
f 3331 3332 3333
f 3331 3334 3332
f 3335 3336 3334
f 3335 3334 3331
f 3337 3338 3336
f 3337 3336 3335
f 3339 3340 3338
f 3339 3338 3337
f 3341 3342 3340
f 3341 3340 3339
f 3343 3342 3341
f 3343 3344 3342
f 3345 3344 3343
f 3345 3346 3344
f 3347 3346 3345
f 3347 3348 3346
f 3349 3348 3347
f 3349 3350 3348
f 3351 3350 3349
f 3351 3352 3350
f 3353 3352 3351
f 3353 3354 3352
f 3355 3354 3353
f 3355 3356 3354
f 3357 3356 3355
f 3357 3358 3356
f 3359 3358 3357
f 3359 3360 3358
f 3361 3360 3359
f 3361 3362 3360
f 3363 3362 3361
f 3363 3364 3362
f 3365 3364 3363
f 3365 3366 3364
f 3367 3366 3365
f 3367 3368 3366
f 3369 3368 3367
f 3369 3370 3368
f 3371 3370 3369
f 3371 3372 3370
f 3373 3372 3371
f 3373 3374 3372
f 3375 3376 3374
f 3375 3374 3373
f 3377 3378 3376
f 3377 3376 3375
f 3379 3380 3378
f 3379 3378 3377
f 3381 3382 3380
f 3381 3380 3379
f 3383 3384 3382
f 3383 3382 3381
f 3385 3386 3384
f 3385 3384 3383
f 3387 3388 3386
f 3387 3386 3385
f 3389 3390 3388
f 3389 3388 3387
f 3391 3392 3390
f 3391 3390 3389
f 3393 3392 3391
f 3393 3394 3392
f 3395 3394 3393
f 3395 3396 3394
f 3397 3396 3395
f 3397 3398 3396
f 3399 3398 3397
f 3399 3400 3398
f 3401 3400 3399
f 3401 3402 3400
f 3403 3402 3401
f 3403 3404 3402
f 3405 3406 3407
f 3408 3407 3409
f 3410 3409 3411
f 3410 3408 3409
f 3412 3407 3408
f 3413 3411 3405
f 3413 3410 3411
f 3414 3408 3410
f 3414 3407 3412
f 3414 3412 3408
f 3414 3405 3407
f 3415 3410 3413
f 3415 3413 3405
f 3415 3414 3410
f 3415 3405 3414
f 3416 3417 3418
f 3416 3418 3419
f 3420 3421 3417
f 3420 3417 3416
f 3422 3423 3421
f 3422 3421 3420
f 3424 3425 3423
f 3424 3423 3422
f 3426 3427 3425
f 3426 3425 3424
f 3428 3429 3427
f 3428 3427 3426
f 3430 3429 3428
f 3431 3430 3428
f 3432 3430 3431
f 3433 3432 3431
f 3434 3432 3433
f 3435 3434 3433
f 3436 3434 3435
f 3437 3436 3435
f 3438 3439 3436
f 3438 3436 3437
f 3440 3439 3438
f 3441 3440 3438
f 3442 3440 3441
f 3443 3440 3442
f 3444 3443 3442
f 3445 3443 3444
f 3446 3445 3444
f 3447 3445 3446
f 3448 3447 3446
f 3449 3447 3448
f 3450 3449 3448
f 3451 3449 3450
f 3452 3451 3450
f 3453 3451 3452
f 3454 3453 3452
f 3455 3453 3454
f 3456 3455 3454
f 3457 3455 3456
f 3458 3457 3456
f 3459 3457 3458
f 3460 3459 3458
f 3460 3461 3459
f 3462 3463 3461
f 3462 3461 3464
f 3465 3466 3463
f 3465 3463 3462
f 3467 3468 3466
f 3467 3466 3465
f 3469 3470 3468
f 3469 3468 3467
f 3471 3472 3470
f 3471 3470 3469
f 3473 3472 3471
f 3474 3472 3473
f 3475 3476 3474
f 3475 3474 3473
f 3477 3476 3475
f 3478 3477 3475
f 3479 3477 3478
f 3480 3479 3478
f 3481 3479 3480
f 3482 3481 3480
f 3483 3481 3482
f 3484 3481 3483
f 3485 3484 3483
f 3486 3484 3485
f 3487 3486 3485
f 3488 3486 3487
f 3489 3488 3487
f 3489 3490 3488
f 3491 3490 3489
f 3492 3491 3489
f 3493 3491 3492
f 3494 3493 3492
f 3495 3493 3494
f 3496 3495 3494
f 3497 3495 3496
f 3498 3497 3496
f 3499 3497 3498
f 3500 3499 3498
f 3501 3499 3500
f 3502 3501 3500
f 3503 3501 3502
f 3504 3503 3502
f 3505 3503 3504
f 3506 3505 3504
f 3507 3505 3506
f 3508 3507 3506
f 3509 3510 3511
f 3509 3512 3510
f 3509 3513 3512
f 3514 3515 3516
f 3514 3509 3515
f 3517 3514 3516
f 3518 3517 3516
f 3519 3518 3516
f 3514 3513 3509
f 3520 3521 3522
f 3520 3523 3521
f 3520 3524 3523
f 2933 3524 3520
f 3525 3520 3526
f 3525 2933 3520
f 3527 3525 3526
f 3528 3525 3527
f 3529 3528 3527
f 3530 3528 3529
f 3531 3530 3529
f 3532 3530 3531
f 3533 3532 3531
f 3534 3532 3533
f 3535 3534 3533
f 3536 3534 3535
f 3537 3536 3535
f 3538 3536 3537
f 3539 3536 3538
f 3540 3536 3539
f 3541 3542 3543
f 3541 3543 3544
f 3541 3544 3545
f 3546 3542 3541
f 3547 3542 3546
f 3548 3549 3547
f 3550 3548 3547
f 3551 3550 3547
f 3552 3551 3547
f 3549 3542 3547
f 3553 3554 3555
f 3556 3553 3555
f 3557 3558 3559
f 3560 3557 3559
f 3561 3562 3563
f 3564 3561 3563
f 3565 3566 3567
f 3568 3565 3567
f 3569 3570 3571
f 3572 3569 3571
f 3573 3574 3575
f 3576 3577 3573
f 3576 3573 3575
f 3578 3556 3559
f 3578 3558 3553
f 3578 3553 3556
f 3578 3559 3558
f 3579 3560 3563
f 3579 3562 3557
f 3579 3557 3560
f 3579 3563 3562
f 3580 3564 3581
f 3580 3582 3561
f 3580 3561 3564
f 3580 3581 3582
f 3583 3581 3567
f 3583 3566 3582
f 3583 3582 3581
f 3583 3567 3566
f 3584 3568 3571
f 3584 3570 3565
f 3584 3565 3568
f 3584 3571 3570
f 3585 3572 3586
f 3585 3587 3569
f 3585 3569 3572
f 3585 3586 3587
f 3588 3586 3575
f 3588 3574 3587
f 3588 3587 3586
f 3588 3575 3574
f 3589 3576 3590
f 3589 3590 3591
f 3589 3591 3592
f 3589 3592 3593
f 3589 3593 3594
f 3589 3594 3577
f 3589 3577 3576
f 3595 3596 3597
f 3598 3599 3600
f 3598 3597 3599
f 3598 3595 3597
f 3601 3602 3595
f 3601 3595 3598
f 3603 3604 3602
f 3603 3602 3601
f 3605 3606 3604
f 3605 3604 3603
f 3607 3606 3605
f 3608 3609 3606
f 3608 3606 3607
f 3610 3611 3609
f 3610 3609 3608
f 3612 3613 3611
f 3612 3611 3610
f 3614 3615 3613
f 3614 3613 3612
f 3616 3617 3615
f 3616 3615 3614
f 3618 3619 3617
f 3618 3617 3616
f 3620 3619 3618
f 3621 3622 3619
f 3621 3619 3620
f 3623 3624 3622
f 3623 3622 3621
f 3625 3626 3624
f 3625 3624 3623
f 3627 3628 3626
f 3629 3627 3626
f 3630 3629 3626
f 3631 3626 3625
f 3631 3630 3626
f 3632 3630 3631
f 3633 3634 3635
f 3636 3637 3638
f 3639 3640 3641
f 3642 3643 3644
f 3645 3642 3644
f 3646 3645 3644
f 3647 3646 3644
f 3648 3649 3650
f 3648 3650 3651
f 3648 3652 3653
f 3648 3654 3652
f 3648 3651 3654
f 3648 3653 3655
f 3648 3655 3649
f 3656 3657 3649
f 3656 3655 3658
f 3656 3649 3655
f 3656 3658 3657
f 3659 3660 3657
f 3659 3658 3661
f 3659 3657 3658
f 3659 3661 3660
f 3662 3663 3664
f 3662 3664 3660
f 3662 3665 3663
f 3666 3661 3665
f 3666 3662 3660
f 3666 3660 3661
f 3666 3665 3662
f 3667 3668 3663
f 3669 3665 3670
f 3669 3663 3665
f 3669 3670 3668
f 3669 3668 3667
f 3669 3667 3663
f 3671 3634 3668
f 3671 3670 3635
f 3671 3668 3670
f 3671 3635 3634
f 3672 3638 3634
f 3672 3634 3633
f 3673 3633 3636
f 3673 3638 3672
f 3673 3672 3633
f 3673 3636 3638
f 3674 3675 3637
f 3674 3636 3676
f 3674 3637 3636
f 3674 3676 3675
f 3677 3640 3675
f 3677 3676 3641
f 3677 3675 3676
f 3677 3641 3640
f 3678 3679 3640
f 3678 3640 3639
f 3680 3639 3681
f 3680 3679 3678
f 3680 3681 3679
f 3680 3678 3639
f 3682 3644 3643
f 3682 3643 3679
f 3682 3681 3644
f 3682 3679 3681
f 3683 3684 3685
f 3686 3687 3688
f 3689 3690 3691
f 3692 3693 3694
f 3692 3695 3693
f 3692 3696 3695
f 3692 3697 3696
f 3692 3698 3697
f 3692 3699 3698
f 3700 3701 3702
f 3700 3694 3701
f 3700 3692 3694
f 3703 3704 3699
f 3703 3705 3704
f 3703 3699 3692
f 3706 3702 3707
f 3706 3700 3702
f 3708 3709 3710
f 3708 3707 3709
f 3708 3706 3707
f 3711 3712 3705
f 3711 3705 3703
f 3713 3703 3692
f 3713 3692 3700
f 3714 3711 3715
f 3714 3712 3711
f 3714 3716 3712
f 3714 3715 3716
f 3717 3700 3706
f 3717 3713 3700
f 3718 3706 3708
f 3718 3717 3706
f 3719 3720 3721
f 3719 3722 3720
f 3719 3723 3722
f 3724 3703 3713
f 3724 3715 3711
f 3724 3725 3715
f 3724 3711 3703
f 3726 3725 3724
f 3726 3727 3728
f 3729 3730 3731
f 3732 3733 3734
f 3732 3719 3721
f 3732 3735 3733
f 3732 3721 3735
f 3736 3737 3738
f 3739 3740 3741
f 3742 3727 3726
f 3743 3744 3745
f 3743 3746 3744
f 3743 3738 3746
f 3743 3736 3738
f 3743 3745 3742
f 3747 3719 3732
f 3747 3748 3719
f 3747 3732 3734
f 3747 3734 3749
f 3750 3751 3752
f 3750 3753 3754
f 3755 3756 3751
f 3755 3757 3756
f 3755 3758 3757
f 3755 3759 3758
f 3755 3754 3759
f 3755 3751 3750
f 3755 3750 3754
f 3760 3761 3753
f 3760 3749 3762
f 3760 3750 3748
f 3760 3753 3750
f 3760 3748 3747
f 3760 3747 3749
f 3763 3760 3762
f 3763 3764 3761
f 3763 3765 3764
f 3763 3762 3765
f 3763 3761 3760
f 3766 3708 3710
f 3766 3767 3723
f 3766 3768 3767
f 3766 3769 3768
f 3766 3710 3769
f 3766 3723 3719
f 3770 3719 3748
f 3770 3766 3719
f 3770 3718 3708
f 3770 3708 3766
f 3771 3724 3713
f 3771 3713 3717
f 3771 3717 3718
f 3772 3770 3748
f 3772 3718 3770
f 3773 3736 3743
f 3773 3743 3742
f 3774 3772 3748
f 3774 3748 3750
f 3774 3771 3718
f 3774 3718 3772
f 3775 3776 3777
f 3775 3778 3776
f 3775 3752 3778
f 3775 3750 3752
f 3775 3779 3737
f 3775 3774 3750
f 3775 3737 3736
f 3775 3777 3779
f 3775 3736 3774
f 3780 3773 3742
f 3780 3736 3773
f 3781 3774 3736
f 3781 3771 3774
f 3782 3736 3780
f 3783 3771 3781
f 3784 3736 3782
f 3784 3782 3785
f 3784 3781 3736
f 3786 3771 3783
f 3786 3787 3771
f 3788 3783 3781
f 3789 3742 3726
f 3789 3724 3771
f 3789 3726 3724
f 3789 3771 3787
f 3790 3787 3786
f 3790 3786 3783
f 3790 3783 3788
f 3791 3781 3784
f 3791 3788 3781
f 3791 3784 3792
f 3791 3790 3788
f 3793 3792 3784
f 3793 3784 3785
f 3794 3789 3787
f 3795 3785 3782
f 3795 3782 3780
f 3795 3789 3794
f 3795 3742 3789
f 3795 3780 3742
f 3796 3793 3785
f 3796 3785 3795
f 3796 3792 3793
f 3796 3795 3794
f 3797 3791 3792
f 3797 3787 3790
f 3797 3790 3791
f 3797 3794 3787
f 3797 3792 3796
f 3797 3796 3794
f 3798 3799 3800
f 3801 3799 3798
f 3802 3799 3803
f 3803 3799 3801
f 3804 3805 3806
f 3807 3808 3805
f 3807 3805 3804
f 3809 3806 3810
f 3809 3804 3806
f 3811 3808 3807
f 3812 3810 3813
f 3812 3813 3814
f 3812 3809 3810
f 3815 3816 3817
f 3815 3817 3808
f 3815 3808 3811
f 3818 3812 3814
f 3819 3820 3816
f 3819 3816 3815
f 3821 3814 3822
f 3821 3818 3814
f 3823 3824 3820
f 3823 3820 3819
f 3825 3821 3822
f 3826 3827 3824
f 3826 3824 3823
f 3828 3825 3822
f 3829 3827 3826
f 3829 3830 3831
f 3829 3831 3827
f 3832 3828 3822
f 3833 3828 3832
f 3834 3835 3830
f 3834 3830 3829
f 3836 3835 3834
f 3837 3833 3832
f 3838 3836 3834
f 3839 3836 3838
f 3840 3837 3832
f 3841 3839 3838
f 3842 3839 3841
f 3843 3840 3832
f 3844 3842 3841
f 3845 3843 3832
f 3846 3842 3844
f 3846 3844 3847
f 3848 3845 3832
f 3849 3846 3847
f 3849 3847 3850
f 3851 3850 3852
f 3851 3849 3850
f 3853 3854 3855
f 3853 3856 3854
f 3853 3857 3856
f 3853 3852 3857
f 3853 3851 3852
f 3858 3853 3855
f 3858 3848 3832
f 3858 3859 3848
f 3858 3860 3859
f 3858 3861 3860
f 3858 3862 3861
f 3858 3863 3862
f 3858 3855 3863
f 3864 3865 3866
f 3864 3866 3867
f 3868 3865 3864
f 3864 3869 3868
f 3870 3871 3872
f 3870 3873 3871
f 3870 3874 3873
f 3870 3875 3874
f 3876 3877 3875
f 3876 3878 3877
f 3876 3875 3870
f 3879 3870 3872
f 3880 3881 3878
f 3880 3882 3881
f 3880 3878 3876
f 3883 3876 3870
f 3883 3870 3879
f 3884 3879 3872
f 3884 3885 3886
f 3884 3872 3885
f 3887 3882 3880
f 3887 3888 3882
f 3887 3889 3888
f 3890 3876 3883
f 3890 3880 3876
f 3891 3883 3879
f 3891 3879 3884
f 3892 3893 3889
f 3892 3894 3893
f 3892 3889 3887
f 3895 3887 3880
f 3895 3880 3890
f 3896 3890 3883
f 3896 3883 3891
f 3897 3891 3884
f 3897 3886 3898
f 3897 3884 3886
f 3899 3900 3894
f 3899 3901 3900
f 3899 3894 3892
f 3902 3892 3887
f 3902 3887 3895
f 3903 3890 3896
f 3903 3895 3890
f 3904 3891 3897
f 3904 3896 3891
f 3905 3897 3898
f 3905 3906 3907
f 3905 3898 3906
f 3908 3909 3901
f 3908 3910 3909
f 3908 3901 3899
f 3911 3899 3892
f 3911 3892 3902
f 3912 3902 3895
f 3912 3895 3903
f 3913 3903 3896
f 3913 3896 3904
f 3914 3897 3905
f 3914 3905 3907
f 3914 3904 3897
f 3915 3916 3910
f 3915 3917 3916
f 3915 3918 3917
f 3915 3910 3908
f 3919 3908 3899
f 3919 3899 3911
f 3920 3911 3902
f 3920 3902 3912
f 3921 3903 3913
f 3921 3912 3903
f 3922 3913 3904
f 3922 3904 3914
f 3923 3914 3907
f 3923 3907 3924
f 3925 3915 3908
f 3925 3908 3919
f 3925 3918 3915
f 3926 3919 3911
f 3926 3911 3920
f 3927 3920 3912
f 3927 3912 3921
f 3928 3921 3913
f 3928 3913 3922
f 3929 3922 3914
f 3929 3914 3923
f 3929 3923 3924
f 3930 3918 3925
f 3930 3925 3919
f 3930 3919 3926
f 3931 3926 3920
f 3931 3920 3927
f 3932 3927 3921
f 3932 3921 3928
f 3933 3928 3922
f 3933 3922 3929
f 3934 3935 3936
f 3934 3924 3935
f 3934 3929 3924
f 3937 3938 3918
f 3937 3926 3931
f 3937 3918 3930
f 3937 3930 3926
f 3939 3931 3927
f 3939 3927 3932
f 3940 3932 3928
f 3940 3928 3933
f 3941 3929 3934
f 3941 3936 3942
f 3941 3934 3936
f 3941 3933 3929
f 3943 3937 3931
f 3943 3931 3939
f 3943 3938 3937
f 3944 3939 3932
f 3944 3932 3940
f 3945 3933 3941
f 3945 3940 3933
f 3946 3941 3942
f 3946 3947 3948
f 3946 3949 3947
f 3946 3942 3949
f 3950 3943 3939
f 3950 3938 3943
f 3950 3939 3944
f 3951 3940 3945
f 3951 3944 3940
f 3952 3941 3946
f 3952 3945 3941
f 3952 3946 3948
f 3952 3953 3954
f 3952 3955 3953
f 3952 3956 3955
f 3952 3957 3956
f 3952 3948 3957
f 3958 3959 3938
f 3958 3938 3950
f 3958 3950 3944
f 3958 3944 3951
f 3960 3945 3952
f 3960 3961 3962
f 3960 3963 3961
f 3960 3964 3963
f 3960 3951 3945
f 3960 3954 3964
f 3960 3952 3954
f 3965 3960 3962
f 3965 3958 3951
f 3965 3951 3960
f 3965 3966 3959
f 3965 3962 3966
f 3965 3959 3958
f 3967 3968 3969
f 3970 3968 3967
f 3971 3968 3970
f 3972 3968 3971
f 3973 3974 3975
f 3976 3975 3977
f 3976 3973 3975
f 3978 3979 3974
f 3978 3974 3973
f 3980 3977 3981
f 3980 3976 3977
f 3982 3983 3979
f 3982 3979 3978
f 3984 3981 3985
f 3984 3985 3986
f 3984 3980 3981
f 3987 3988 3983
f 3987 3983 3982
f 3989 3986 3990
f 3989 3984 3986
f 3991 3992 3988
f 3991 3988 3987
f 3993 3989 3990
f 3994 3995 3992
f 3994 3992 3991
f 3996 3993 3990
f 3997 3996 3990
f 3998 3995 3994
f 3999 3995 3998
f 4000 3997 3990
f 4001 3999 3998
f 4002 3999 4001
f 4003 4000 3990
f 4004 4002 4001
f 4005 4004 4006
f 4005 4002 4004
f 4007 4005 4006
f 4007 4006 4008
f 4009 4008 4010
f 4009 4007 4008
f 4011 4010 4012
f 4011 4009 4010
f 4013 4012 4014
f 4013 4014 4015
f 4013 4015 4016
f 4013 4011 4012
f 4017 4003 3990
f 4017 4018 4019
f 4017 4019 4020
f 4017 4020 4021
f 4017 4021 4022
f 4017 4022 4023
f 4017 4023 4003
f 4024 4018 4017
f 4024 4016 4025
f 4024 4025 4026
f 4024 4026 4027
f 4024 4027 4028
f 4024 4028 4029
f 4024 4029 4018
f 4024 4013 4016
f 3938 4030 4031
f 3938 4031 4032
f 3938 4033 4034
f 3938 4034 4030
f 4035 4036 4037
f 4038 4035 4037
f 4039 4037 4040
f 4039 4038 4037
f 4041 4040 4042
f 4041 4039 4040
f 4043 4041 4044
f 4043 4039 4041
f 4045 4043 4044
f 4046 4045 4044
f 4047 4048 4049
f 4050 4047 4049
f 4051 4047 4050
f 4052 4051 4050
f 4053 4051 4052
f 4054 4053 4052
f 4055 4053 4054
f 4056 4055 4054
f 4057 4055 4056
f 4058 4057 4056
f 4059 4057 4058
f 4060 4057 4059
f 4061 4060 4059
f 4062 4060 4061
f 4063 4062 4061
f 4064 4062 4063
f 4065 4064 4063
f 4066 4064 4065
f 4067 4066 4065
f 4068 4066 4067
f 4069 4068 4067
f 4070 4068 4069
f 4071 4070 4069
f 4072 4070 4071
f 4073 4072 4071
f 4074 4072 4073
f 4075 4074 4073
f 4076 4074 4075
f 4077 4076 4075
f 4078 4076 4077
f 4079 4078 4077
f 4080 4079 4077
f 4081 4079 4080
f 4082 4081 4080
f 4083 4081 4082
f 4084 4083 4082
f 4085 4083 4084
f 4086 4085 4084
f 4087 4085 4086
f 4088 4087 4086
f 4089 4087 4088
f 4090 4089 4088
f 4091 4089 4090
f 4092 4091 4090
f 4093 4091 4092
f 4094 4093 4092
f 4095 4093 4096
f 4097 4095 4096
f 4098 4095 4097
f 4099 4098 4097
f 4100 4098 4099
f 4101 4100 4099
f 4102 4100 4101
f 4103 4100 4102
f 4104 4103 4102
f 4105 4103 4104
f 4106 4105 4104
f 4107 4105 4106
f 4108 4107 4106
f 4109 4107 4108
f 4110 4109 4108
f 4111 4109 4110
f 4112 4111 4110
f 4113 4111 4112
f 4114 4113 4112
f 4115 4113 4114
f 4116 4115 4114
f 4117 4115 4116
f 4118 4117 4116
f 4119 4117 4118
f 4120 4119 4118
f 4121 4119 4120
f 4122 4121 4120
f 4123 4121 4122
f 4124 4123 4122
f 4125 4123 4124
f 4126 4125 4124
f 4127 4125 4126
f 4128 4127 4126
f 4129 4127 4128
f 4130 4129 4128
f 4131 4129 4130
f 4132 4131 4130
f 4133 4131 4132
f 4134 4133 4132
f 4135 4133 4134
f 4136 4135 4134
f 4137 4135 4136
f 4138 4137 4136
f 4139 4140 4137
f 4139 4137 4138
f 4141 4142 4143
f 4141 4143 4144
f 4141 4144 4145
f 4146 4147 4142
f 4146 4148 4147
f 4146 4142 4141
f 4149 4150 4148
f 4149 4148 4146
f 4151 4152 4150
f 4151 4150 4149
f 4153 4154 4152
f 4153 4152 4151
f 4155 4156 4154
f 4155 4154 4153
f 4157 4156 4155
f 4158 4159 4156
f 4158 4156 4157
f 4160 4161 4159
f 4160 4159 4158
f 4162 4163 4161
f 4162 4161 4160
f 4164 4165 4163
f 4164 4163 4162
f 4166 4167 4165
f 4166 4165 4164
f 4168 4169 4170
f 4168 4170 4167
f 4168 4167 4166
f 4171 4172 4173
f 4171 4174 4172
f 4171 4175 4174
f 4176 4171 4173
f 4177 4171 4176
f 4178 4177 4176
f 4179 4177 4178
f 4180 4179 4178
f 4181 4179 4180
f 4182 4181 4180
f 4183 4181 4182
f 4184 4183 4182
f 4185 4183 4184
f 4186 4185 4184
f 4187 4185 4186
f 4188 4187 4186
f 4189 4187 4188
f 4190 4189 4188
f 4191 4189 4190
f 4192 4193 4191
f 4192 4191 4190
f 4194 4193 4192
f 4195 4194 4192
f 4196 4194 4195
f 4197 4196 4195
f 4198 4196 4197
f 4199 4198 4197
f 4200 4198 4199
f 4201 4200 4199
f 4202 4200 4201
f 4203 4202 4201
f 4203 4204 4202
f 4205 4206 4204
f 4205 4204 4203
f 4207 4205 4203
f 4208 4207 4203
f 4209 4210 4211
f 4209 4211 4212
f 4213 4210 4209
f 4213 4212 4214
f 4213 4209 4212
f 4215 4216 4210
f 4217 4214 4218
f 4217 4219 4220
f 4217 4218 4219
f 4217 4220 4213
f 4217 4213 4214
f 4221 4220 4222
f 4221 4215 4210
f 4221 4216 4215
f 4221 4213 4220
f 4221 4210 4213
f 4223 4224 4216
f 4225 4223 4216
f 4225 4224 4223
f 4226 4225 4216
f 4226 4224 4225
f 4226 4222 4227
f 4226 4221 4222
f 4226 4216 4221
f 4228 4229 4224
f 4230 4227 4231
f 4230 4224 4226
f 4230 4226 4227
f 4230 4228 4224
f 4230 4229 4228
f 4232 4233 4229
f 4234 4232 4229
f 4234 4233 4232
f 4235 4233 4234
f 4235 4236 4237
f 4235 4231 4236
f 4235 4230 4231
f 4235 4229 4230
f 4235 4234 4229
f 4238 4239 4233
f 4240 4241 4239
f 4240 4239 4238
f 4240 4238 4233
f 4242 4243 4244
f 4242 4237 4243
f 4242 4241 4240
f 4242 4240 4233
f 4242 4233 4235
f 4242 4235 4237
f 4245 4246 4241
f 4247 4242 4244
f 4247 4244 4248
f 4247 4241 4242
f 4247 4246 4245
f 4247 4245 4241
f 4249 4250 4246
f 4251 4248 4252
f 4251 4247 4248
f 4251 4246 4247
f 4251 4250 4249
f 4251 4249 4246
f 4253 4254 4255
f 4256 4255 4250
f 4256 4257 4258
f 4256 4252 4257
f 4256 4251 4252
f 4256 4250 4251
f 4256 4253 4255
f 4259 4260 4254
f 4259 4254 4253
f 4261 4260 4259
f 4261 4258 4262
f 4261 4256 4258
f 4261 4253 4256
f 4261 4259 4253
f 4263 4264 4260
f 4265 4266 4260
f 4265 4260 4264
f 4265 4267 4268
f 4265 4268 4266
f 4269 4261 4262
f 4269 4263 4260
f 4269 4260 4261
f 4270 4271 4267
f 4270 4264 4263
f 4270 4265 4264
f 4270 4267 4265
f 4272 4269 4273
f 4272 4273 3653
f 4272 3653 4274
f 4272 4274 4271
f 4272 4263 4269
f 4272 4271 4270
f 4272 4270 4263
f 4275 4262 4276
f 4275 4269 4262
f 4275 4273 4269
f 4275 4277 4273
f 4278 4275 4276
f 4278 4276 4279
f 4278 4279 4280
f 4278 4280 4281
f 4278 4281 4277
f 4278 4277 4275
f 4282 4283 4284
f 4285 4286 4284
f 4287 4288 4289
f 4287 4289 4290
f 4291 4292 4288
f 4291 4288 4287
f 4293 4294 4292
f 4293 4292 4291
f 4295 4296 4294
f 4295 4297 4296
f 4295 4294 4293
f 4298 4299 4300
f 4298 4301 4302
f 4298 4303 4299
f 4298 4300 4304
f 4298 4304 4305
f 4298 4302 4303
f 4306 4301 4298
f 4306 4285 4301
f 4307 4285 4306
f 4308 4286 4285
f 4308 4285 4307
f 4309 4310 4297
f 4309 4311 4310
f 4309 4305 4311
f 4312 4289 4313
f 4312 4313 4314
f 4312 4290 4289
f 4315 4291 4287
f 4316 4291 4315
f 4316 4293 4291
f 4316 4297 4295
f 4316 4295 4293
f 4317 4285 4284
f 4318 4319 4311
f 4318 4305 4304
f 4318 4320 4319
f 4318 4311 4305
f 4321 4320 4318
f 4321 4318 4304
f 4322 4320 4321
f 4322 4321 4304
f 4323 4285 4317
f 4323 4320 4322
f 4323 4300 4299
f 4323 4322 4304
f 4323 4302 4301
f 4323 4299 4303
f 4323 4304 4300
f 4323 4301 4285
f 4323 4303 4302
f 4324 4305 4309
f 4324 4298 4305
f 4325 4298 4324
f 4325 4324 4309
f 4326 4298 4325
f 4326 4325 4309
f 4327 4308 4307
f 4327 4298 4326
f 4327 4326 4309
f 4327 4306 4298
f 4327 4307 4306
f 4328 4308 4327
f 4329 4330 4310
f 4329 4331 4330
f 4329 4332 4331
f 4329 4310 4311
f 4333 4311 4319
f 4333 4329 4311
f 4333 4334 4329
f 4333 4319 4320
f 4335 4333 4320
f 4335 4336 4337
f 4335 4317 4336
f 4335 4337 4338
f 4335 4323 4317
f 4335 4320 4323
f 4335 4338 4334
f 4335 4334 4333
f 4339 4327 4309
f 4339 4328 4327
f 4339 4309 4340
f 4339 4340 4328
f 4341 4308 4328
f 4341 4286 4308
f 4342 4286 4341
f 4343 4316 4315
f 4343 4297 4316
f 4343 4309 4297
f 4343 4340 4309
f 4343 4287 4290
f 4343 4315 4287
f 4344 4345 4332
f 4344 4346 4345
f 4344 4347 4346
f 4344 4348 4349
f 4344 4332 4329
f 4344 4329 4348
f 4350 4351 4347
f 4350 4347 4344
f 4350 4344 4349
f 4352 4353 4351
f 4352 4351 4350
f 4352 4350 4349
f 4354 4349 4348
f 4354 4329 4334
f 4354 4348 4329
f 4355 4337 4336
f 4355 4336 4317
f 4355 4338 4337
f 4355 4334 4338
f 4355 4349 4354
f 4355 4352 4349
f 4355 4354 4334
f 4356 4328 4340
f 4356 4341 4328
f 4356 4342 4341
f 4357 4356 4340
f 4357 4342 4356
f 4357 4340 4343
f 4358 4312 4314
f 4358 4357 4343
f 4358 4314 4357
f 4359 4290 4312
f 4359 4358 4343
f 4359 4343 4290
f 4359 4312 4358
f 4360 4361 4353
f 4360 4353 4352
f 4362 4363 4361
f 4362 4283 4363
f 4362 4360 4352
f 4362 4355 4317
f 4362 4317 4284
f 4362 4284 4283
f 4362 4352 4355
f 4362 4361 4360
f 4364 4342 4357
f 4364 4313 4286
f 4364 4314 4313
f 4364 4357 4314
f 4364 4286 4342
f 4365 4366 4367
f 4368 4369 3690
f 4370 4371 4372
f 4373 4372 4374
f 4373 4370 4372
f 4375 4376 4377
f 4378 4376 4375
f 4379 4380 4381
f 4382 4383 4365
f 4382 4367 4384
f 4382 4365 4367
f 4385 4383 4382
f 4386 4383 4385
f 4386 4387 4383
f 4388 4387 4386
f 4389 4390 4391
f 4389 4391 4392
f 4393 4394 4390
f 4393 4390 4389
f 4395 4393 4396
f 4395 4394 4393
f 4395 4396 4397
f 4398 4394 4395
f 4398 4395 4397
f 4399 4398 4397
f 4399 4397 4400
f 4399 4394 4398
f 4401 4400 4402
f 4401 4399 4400
f 4401 4403 4394
f 4401 4394 4399
f 4404 4401 4402
f 4404 4402 4405
f 4404 4403 4401
f 4406 4404 4405
f 4406 4403 4404
f 4407 4406 4405
f 4407 4405 4408
f 4407 4403 4406
f 4407 4409 4403
f 4410 4409 4407
f 4410 4407 4408
f 4411 4408 4412
f 4411 4410 4408
f 4411 4413 4409
f 4411 4409 4410
f 4414 4413 4411
f 4414 4411 4412
f 4415 4412 4416
f 4415 4413 4414
f 4415 4417 4413
f 4415 4414 4412
f 4418 4417 4415
f 4418 4415 4416
f 4419 4416 4420
f 4419 4417 4418
f 4419 4421 4417
f 4419 4418 4416
f 4422 4420 4371
f 4422 4421 4419
f 4422 4370 4421
f 4422 4419 4420
f 4422 4371 4370
f 4423 4374 4424
f 4423 4425 4373
f 4423 4373 4374
f 4426 4424 4427
f 4426 4425 4423
f 4426 4428 4425
f 4426 4423 4424
f 4429 4428 4426
f 4429 4426 4427
f 4430 4427 4431
f 4430 4428 4429
f 4430 4432 4428
f 4430 4429 4427
f 4433 4432 4430
f 4433 4430 4431
f 4434 4431 4435
f 4434 4432 4433
f 4434 4436 4432
f 4434 4433 4431
f 4437 4436 4434
f 4437 4434 4435
f 4438 4435 4439
f 4438 4436 4437
f 4438 4440 4436
f 4438 4437 4435
f 4441 4440 4438
f 4441 4438 4439
f 4442 4439 4443
f 4442 4444 4440
f 4442 4440 4441
f 4442 4441 4439
f 4445 4444 4442
f 4445 4442 4443
f 4446 4443 4447
f 4446 4444 4445
f 4446 4445 4443
f 4448 4447 4376
f 4448 4380 4444
f 4448 4446 4447
f 4448 4444 4446
f 4449 4376 4378
f 4449 4381 4380
f 4449 4450 4381
f 4449 4451 4450
f 4449 4378 4451
f 4449 4380 4448
f 4449 4448 4376
f 4452 4388 4453
f 4452 4454 4455
f 4452 4455 4456
f 4452 4456 4387
f 4452 4387 4388
f 4457 4454 4452
f 4458 4454 4457
f 4458 4459 4454
f 4460 4461 4459
f 4460 4459 4458
f 4462 4463 4464
f 4462 4460 4465
f 4466 4384 4467
f 4466 4468 4384
f 4466 4469 4468
f 4470 4463 4462
f 4471 4463 4470
f 4472 4466 4467
f 4472 4473 4466
f 4474 4472 4467
f 4475 4471 4473
f 4475 4476 4463
f 4475 4463 4471
f 4477 4467 4478
f 4477 4474 4467
f 4477 4479 4474
f 4480 4475 4479
f 4480 4476 4475
f 4481 4476 4480
f 4482 4483 4477
f 4482 4477 4478
f 4484 4482 4478
f 4485 4481 4483
f 4485 4476 4481
f 4485 4486 4476
f 4487 4484 4478
f 4487 4488 4484
f 4489 4485 4488
f 4489 4486 4485
f 4490 4486 4489
f 4491 4478 4492
f 4491 4493 4487
f 4491 4487 4478
f 4494 4495 4491
f 4494 4491 4492
f 4496 4490 4493
f 4496 4486 4490
f 4496 4497 4486
f 4498 4492 4499
f 4498 4494 4492
f 4500 4497 4496
f 4501 4502 4497
f 4501 4497 4500
f 4501 4500 4495
f 4503 4501 4504
f 4503 4502 4501
f 4503 4504 4505
f 4506 4498 4499
f 4506 4504 4498
f 4506 4505 4504
f 4507 4502 4503
f 4507 4503 4505
f 4508 4506 4499
f 4509 4502 4507
f 4509 4510 4502
f 4509 4507 4505
f 4511 4499 4392
f 4511 4508 4499
f 4511 4512 4508
f 4511 4392 4391
f 4513 4509 4512
f 4513 4510 4509
f 4514 4390 4510
f 4514 4391 4390
f 4514 4510 4513
f 4515 4396 4393
f 4515 4392 4396
f 4515 4393 4389
f 4515 4389 4392
f 4516 4462 4464
f 4516 4464 4517
f 4516 4517 4518
f 4516 4518 4519
f 4516 4519 4461
f 4516 4461 4460
f 4516 4460 4462
f 4520 4452 4453
f 4520 4460 4458
f 4520 4465 4460
f 4520 4457 4452
f 4520 4458 4457
f 4521 4520 4453
f 4521 4468 4469
f 4522 4469 4466
f 4522 4470 4469
f 4523 4471 4470
f 4523 4473 4471
f 4523 4470 4522
f 4523 4522 4466
f 4523 4466 4473
f 4524 4473 4472
f 4524 4472 4474
f 4524 4479 4475
f 4524 4475 4473
f 4524 4474 4479
f 4525 4477 4483
f 4525 4479 4477
f 4525 4483 4481
f 4525 4481 4480
f 4525 4480 4479
f 4526 4482 4484
f 4526 4488 4485
f 4526 4484 4488
f 4526 4483 4482
f 4526 4485 4483
f 4527 4489 4488
f 4527 4487 4493
f 4527 4488 4487
f 4527 4493 4490
f 4527 4490 4489
f 4528 4491 4495
f 4528 4493 4491
f 4528 4496 4493
f 4528 4495 4500
f 4528 4500 4496
f 4529 4504 4501
f 4529 4495 4494
f 4529 4498 4504
f 4529 4494 4498
f 4529 4501 4495
f 4530 4505 4506
f 4530 4509 4505
f 4530 4506 4508
f 4531 4509 4530
f 4531 4530 4508
f 4531 4508 4512
f 4531 4512 4509
f 4532 4512 4511
f 4532 4513 4512
f 4533 4532 4511
f 4533 4513 4532
f 4533 4391 4514
f 4533 4514 4513
f 4533 4511 4391
f 4534 4382 4384
f 4534 4386 4385
f 4534 4453 4388
f 4534 4384 4468
f 4534 4468 4521
f 4534 4521 4453
f 4534 4385 4382
f 4534 4388 4386
f 4535 4465 4520
f 4535 4462 4465
f 4535 4520 4521
f 4536 4535 4521
f 4536 4470 4462
f 4536 4462 4535
f 4536 4521 4469
f 4536 4469 4470
f 4537 4538 4539
f 4537 4540 4541
f 4537 4541 4538
f 4542 4543 4540
f 4542 4540 4537
f 4542 4537 4539
f 4544 4545 4546
f 4544 4546 4547
f 4544 4547 4548
f 4544 4548 4543
f 4544 4543 4542
f 4544 4542 4539
f 4549 4550 4551
f 4549 4539 4550
f 4549 4544 4539
f 4549 4545 4544
f 4552 4553 4545
f 4552 4554 4553
f 4552 4551 4554
f 4552 4545 4549
f 4552 4549 4551
f 4555 4556 4557
f 4555 4557 4558
f 4559 4560 4556
f 4559 4556 4555
f 4561 4560 4559
f 4562 4563 4560
f 4562 4560 4561
f 4564 4565 4563
f 4564 4563 4562
f 4566 4567 4565
f 4566 4565 4564
f 4568 4567 4566
f 4569 4570 4567
f 4569 4567 4568
f 4571 4572 4573
f 4571 4573 4570
f 4571 4570 4574
f 4574 4570 4569
f 4575 4576 4577
f 4575 4578 4576
f 4575 4579 4578
f 4575 4577 4580
f 4581 4582 4579
f 4581 4579 4575
f 4581 4575 4583
f 4584 4585 4582
f 4584 4586 4585
f 4584 4583 4586
f 4584 4582 4581
f 4584 4581 4583
f 4587 4588 4583
f 4587 4589 4588
f 4587 4583 4575
f 4587 4575 4580
f 4590 4591 4589
f 4590 4580 4591
f 4590 4589 4587
f 4590 4587 4580
f 4592 4593 4594
f 4595 4594 4596
f 4595 4592 4594
f 4597 4595 4596
f 4597 4596 4598
f 4599 4600 4601
f 4599 4601 4602
f 4599 4602 4603
f 4604 4599 4605
f 4604 4600 4599
f 4606 4605 4607
f 4606 4600 4604
f 4606 4604 4605
f 4606 4608 4600
f 4609 4606 4607
f 4609 4608 4606
f 4610 4607 4611
f 4610 4612 4608
f 4610 4609 4607
f 4610 4608 4609
f 4613 4612 4610
f 4613 4610 4611
f 4614 4611 4615
f 4614 4616 4612
f 4614 4612 4613
f 4614 4613 4611
f 4617 4614 4615
f 4617 4616 4614
f 4618 4615 4619
f 4618 4617 4615
f 4618 4616 4617
f 4618 4620 4616
f 4621 4618 4619
f 4621 4620 4618
f 4622 4593 4592
f 4622 4619 4593
f 4622 4623 4620
f 4622 4592 4623
f 4622 4621 4619
f 4622 4620 4621
f 4624 4598 4625
f 4624 4597 4598
f 4624 4626 4597
f 4627 4625 4628
f 4627 4629 4626
f 4627 4626 4624
f 4627 4624 4625
f 4630 4627 4628
f 4630 4629 4627
f 4631 4628 4632
f 4631 4633 4629
f 4631 4629 4630
f 4631 4630 4628
f 4634 4631 4632
f 4634 4633 4631
f 4635 4632 4636
f 4635 4637 4633
f 4635 4634 4632
f 4635 4633 4634
f 4638 4635 4636
f 4638 4637 4635
f 4639 4638 4636
f 4639 4636 4640
f 4639 4637 4638
f 4639 4641 4637
f 4642 4639 4640
f 4642 4641 4639
f 4643 4640 4644
f 4643 4642 4640
f 4643 4645 4641
f 4643 4641 4642
f 4646 4643 4644
f 4646 4645 4643
f 4647 4644 4648
f 4647 4645 4646
f 4647 4646 4644
f 4647 4649 4645
f 4650 4649 4647
f 4650 4647 4648
f 4651 4650 4648
f 4651 4648 4652
f 4651 4649 4650
f 4651 4653 4649
f 4654 4653 4651
f 4654 4651 4652
f 4655 4654 4652
f 4655 4653 4654
f 4655 4656 4653
f 4657 4658 4659
f 4657 4656 4658
f 4657 4660 4656
f 4661 4662 4663
f 4661 4664 4665
f 4661 4663 4664
f 4666 4665 4667
f 4666 4661 4665
f 4668 4669 4670
f 4668 4671 4669
f 4672 4670 4673
f 4672 4668 4670
f 4674 4675 4676
f 4674 4673 4675
f 4674 4672 4673
f 4674 4676 4677
f 4678 4679 4605
f 4678 4599 4603
f 4678 4603 4680
f 4678 4680 4681
f 4678 4681 4682
f 4678 4682 4679
f 4678 4605 4599
f 4683 4659 4658
f 4683 4652 4659
f 4683 4655 4652
f 4684 4657 4659
f 4684 4659 4685
f 4686 4684 4685
f 4686 4687 4684
f 4688 4689 4660
f 4688 4660 4690
f 4688 4690 4687
f 4691 4692 4693
f 4691 4685 4694
f 4691 4693 4685
f 4695 4689 4688
f 4695 4688 4692
f 4696 4691 4694
f 4696 4697 4691
f 4698 4689 4695
f 4699 4696 4694
f 4700 4698 4697
f 4700 4689 4698
f 4701 4694 4702
f 4701 4699 4694
f 4701 4703 4699
f 4704 4705 4689
f 4704 4700 4703
f 4704 4689 4700
f 4706 4702 4707
f 4706 4708 4702
f 4706 4709 4708
f 4710 4705 4704
f 4711 4705 4710
f 4712 4713 4706
f 4712 4706 4707
f 4714 4712 4707
f 4715 4705 4711
f 4715 4711 4713
f 4715 4716 4705
f 4717 4718 4714
f 4717 4707 4662
f 4717 4714 4707
f 4717 4719 4718
f 4720 4715 4718
f 4720 4716 4715
f 4721 4717 4662
f 4721 4719 4717
f 4721 4722 4719
f 4723 4720 4718
f 4723 4716 4720
f 4723 4718 4719
f 4724 4721 4662
f 4724 4722 4721
f 4724 4666 4722
f 4724 4661 4666
f 4724 4662 4661
f 4725 4716 4723
f 4725 4723 4719
f 4725 4719 4722
f 4725 4677 4716
f 4726 4725 4722
f 4726 4677 4725
f 4726 4668 4672
f 4726 4672 4674
f 4726 4674 4677
f 4727 4728 4671
f 4727 4729 4728
f 4727 4667 4729
f 4727 4668 4726
f 4727 4722 4666
f 4727 4726 4722
f 4727 4666 4667
f 4727 4671 4668
f 4730 4655 4683
f 4730 4656 4655
f 4730 4658 4656
f 4730 4683 4658
f 4731 4657 4684
f 4731 4684 4687
f 4731 4687 4690
f 4732 4687 4686
f 4732 4688 4687
f 4733 4693 4692
f 4733 4692 4688
f 4733 4688 4732
f 4734 4697 4698
f 4734 4692 4691
f 4734 4691 4697
f 4734 4695 4692
f 4734 4698 4695
f 4735 4697 4696
f 4735 4700 4697
f 4735 4699 4703
f 4735 4696 4699
f 4735 4703 4700
f 4736 4704 4703
f 4736 4703 4701
f 4737 4710 4704
f 4737 4709 4710
f 4737 4704 4736
f 4737 4708 4709
f 4738 4709 4706
f 4738 4710 4709
f 4739 4706 4713
f 4739 4711 4710
f 4739 4713 4711
f 4739 4738 4706
f 4739 4710 4738
f 4740 4714 4718
f 4740 4718 4715
f 4740 4715 4713
f 4740 4713 4712
f 4740 4712 4714
f 4741 4660 4657
f 4741 4657 4731
f 4741 4731 4690
f 4741 4690 4660
f 4742 4732 4686
f 4742 4686 4685
f 4743 4693 4733
f 4743 4733 4732
f 4743 4685 4693
f 4743 4732 4742
f 4743 4742 4685
f 4744 4701 4702
f 4744 4736 4701
f 4744 4737 4736
f 4744 4708 4737
f 4744 4702 4708
f 4745 4746 4747
f 4748 4749 4750
f 4751 4748 4750
f 4752 4750 4753
f 4752 4751 4750
f 4754 4753 4755
f 4754 4752 4753
f 4756 4755 4757
f 4756 4754 4755
f 4758 4759 4760
f 4758 4757 4759
f 4758 4756 4757
f 4761 4745 4747
f 4762 4745 4761
f 4762 4763 4745
f 4764 4763 4762
f 4765 4766 4767
f 4765 4768 4769
f 4765 4770 4768
f 4765 4769 4763
f 4765 4767 4770
f 4765 4771 4766
f 4765 4763 4764
f 4772 4760 4773
f 4772 4773 4774
f 4772 4774 4771
f 4775 4776 4749
f 4777 4749 4748
f 4777 4775 4749
f 4778 4751 4752
f 4778 4752 4754
f 4779 4778 4754
f 4780 4760 4779
f 4780 4779 4754
f 4780 4754 4756
f 4780 4758 4760
f 4780 4756 4758
f 4781 4767 4766
f 4781 4769 4768
f 4781 4768 4770
f 4781 4763 4769
f 4781 4770 4767
f 4781 4745 4763
f 4782 4781 4766
f 4782 4766 4771
f 4782 4783 4781
f 4784 4782 4771
f 4784 4783 4782
f 4785 4784 4771
f 4785 4783 4784
f 4786 4785 4771
f 4786 4783 4785
f 4787 4786 4771
f 4787 4783 4786
f 4787 4771 4774
f 4787 4774 4783
f 4788 4764 4762
f 4788 4762 4761
f 4788 4765 4764
f 4789 4788 4772
f 4789 4765 4788
f 4790 4765 4789
f 4790 4789 4772
f 4791 4772 4771
f 4791 4790 4772
f 4791 4765 4790
f 4791 4771 4765
f 4792 4788 4761
f 4793 4794 4795
f 4793 4795 4796
f 4793 4796 4746
f 4793 4746 4745
f 4793 4781 4797
f 4793 4745 4781
f 4798 4799 4800
f 4798 4800 4801
f 4802 4773 4803
f 4802 4803 4804
f 4802 4804 4799
f 4802 4799 4798
f 4802 4805 4774
f 4802 4774 4773
f 4802 4798 4805
f 4806 4807 4797
f 4806 4808 4807
f 4806 4809 4808
f 4806 4805 4809
f 4806 4774 4805
f 4806 4781 4783
f 4806 4797 4781
f 4806 4783 4774
f 4810 4772 4788
f 4810 4792 4811
f 4810 4811 4772
f 4810 4788 4792
f 4812 4792 4761
f 4812 4761 4747
f 4813 4812 4747
f 4814 4751 4778
f 4814 4779 4760
f 4814 4760 4772
f 4814 4778 4779
f 4814 4772 4811
f 4814 4748 4751
f 4815 4801 4816
f 4815 4816 4817
f 4815 4817 4794
f 4815 4797 4807
f 4815 4807 4808
f 4815 4808 4809
f 4815 4809 4805
f 4815 4793 4797
f 4815 4794 4793
f 4815 4798 4801
f 4815 4805 4798
f 4818 4792 4812
f 4818 4811 4792
f 4818 4812 4813
f 4819 4814 4811
f 4819 4811 4818
f 4819 4818 4813
f 4820 4814 4819
f 4820 4775 4777
f 4821 4820 4777
f 4821 4777 4748
f 4821 4748 4814
f 4821 4814 4820
f 4822 4747 4776
f 4822 4813 4747
f 4822 4819 4813
f 4823 4775 4820
f 4823 4819 4822
f 4823 4820 4819
f 4823 4822 4776
f 4823 4776 4775
f 4824 4825 4826
f 4824 4826 4827
f 4828 4827 4829
f 4828 4824 4827
f 4830 4828 4829
f 4831 4829 4832
f 4831 4830 4829
f 4833 4831 4832
f 4834 4832 4835
f 4834 4833 4832
f 4836 4835 4837
f 4836 4834 4835
f 4838 4837 4839
f 4838 4836 4837
f 4840 4838 4839
f 4841 4840 4839
f 4842 4843 4841
f 4842 4841 4839
f 4844 4845 4846
f 4847 4846 4848
f 4847 4844 4846
f 4849 4848 4850
f 4849 4847 4848
f 4851 4850 4852
f 4851 4852 4853
f 4851 4849 4850
f 4854 4853 4855
f 4854 4851 4853
f 4856 4855 4857
f 4856 4854 4855
f 4858 4857 4859
f 4858 4856 4857
f 4860 4859 4861
f 4860 4858 4859
f 4862 4861 4863
f 4862 4860 4861
f 4864 4863 4865
f 4866 4864 4865
f 4867 4866 4865
f 4868 4863 4864
f 4869 4867 4865
f 4870 4869 4865
f 4871 4862 4863
f 4871 4863 4868
f 4872 4865 4873
f 4872 4870 4865
f 4874 4872 4873
f 4875 4874 4873
f 4876 4875 4873
f 4877 4862 4871
f 4877 4871 4878
f 4879 4877 4878
f 4880 4876 4873
f 4881 4877 4879
f 4882 4880 4873
f 4883 4882 4873
f 4884 4873 4885
f 4884 4883 4873
f 4886 4884 4885
f 4887 4886 4885
f 4888 4887 4885
f 4889 4885 4890
f 4889 4888 4885
f 4891 4889 4890
f 4892 4891 4890
f 4893 4877 4881
f 4893 4881 4894
f 4895 4893 4894
f 4896 4893 4895
f 4897 4895 4898
f 4897 4896 4895
f 4899 4897 4898
f 4900 4899 4898
f 4901 4900 4898
f 4901 4898 4892
f 4902 4892 4890
f 4902 4901 4892
f 4903 4890 4904
f 4903 4902 4890
f 4905 4904 4906
f 4905 4903 4904
f 4907 4905 4906
f 4908 4906 4909
f 4910 4906 4908
f 4911 4908 4909
f 4912 4906 4910
f 4913 4911 4909
f 4914 4907 4906
f 4914 4906 4912
f 4915 4913 4909
f 4916 4915 4909
f 4917 4909 4918
f 4917 4916 4909
f 4919 4917 4918
f 4920 4919 4918
f 4921 4920 4918
f 4922 4921 4918
f 4923 4907 4914
f 4924 4922 4918
f 4925 4918 4926
f 4925 4924 4918
f 4927 4925 4926
f 4928 4927 4926
f 4929 4923 4914
f 4930 4928 4926
f 4931 4930 4926
f 4932 4923 4929
f 4933 4926 4934
f 4933 4931 4926
f 4935 4932 4929
f 4935 4929 4936
f 4937 4935 4936
f 4937 4936 4938
f 4937 4938 4939
f 4940 4939 4941
f 4940 4941 4942
f 4940 4942 4933
f 4940 4937 4939
f 4940 4933 4934
f 4943 4940 4934
f 4943 4934 4944
f 4945 4944 4946
f 4945 4943 4944
f 4947 4946 4948
f 4947 4945 4946
f 4949 4948 4950
f 4949 4950 4951
f 4949 4947 4948
f 4952 4951 4953
f 4952 4953 4954
f 4952 4949 4951
f 4955 4954 4956
f 4955 4952 4954
f 4957 4956 4958
f 4957 4955 4956
f 4959 4958 4960
f 4959 4957 4958
f 4961 4960 4962
f 4961 4959 4960
f 4963 4961 4962
f 4964 4962 4965
f 4964 4965 4966
f 4964 4966 4963
f 4964 4963 4962

