mtllib material.mtl
usemtl material_camera_link_0
v -0.02775000 -0.03703600 0.00700000
v -0.02575000 -0.03650000 0.00700000
v -0.02633900 -0.01633900 0.00700000
v 0.03144300 0.01853600 0.00700000
v 0.02670500 0.02488200 0.00700000
v 0.02633900 0.00783900 0.00700000
v 0.00800000 -0.01850000 0.00700000
v 0.01173400 -0.01850000 0.00700000
v 0.01167800 -0.01767800 0.00700000
v 0.00800000 0.01850000 0.00700000
v 0.00700000 0.01876800 0.00700000
v 0.00500000 0.00783900 0.00700000
v 0.00626800 0.01950000 0.00700000
v 0.00600000 0.02050000 0.00700000
v 0.00500000 0.02975000 0.00700000
v 0.01398000 0.02240300 0.00700000
v 0.01467800 0.02287400 0.00700000
v 0.01398000 0.02850000 0.00700000
v 0.01767800 0.02367800 0.00700000
v 0.02070900 0.03005600 0.00700000
v 0.02067800 0.02287400 0.00700000
v 0.01467800 0.01248200 0.00700000
v 0.01767800 0.01167800 0.00700000
v 0.02067800 0.01248200 0.00700000
v 0.01173400 0.01850000 0.00700000
v 0.01167800 0.01767800 0.00700000
v 0.01248200 0.01467800 0.00700000
v 0.02287400 0.02067800 0.00700000
v 0.02367800 0.01767800 0.00700000
v 0.02287400 0.01467800 0.00700000
v 0.00600000 0.02850000 0.00700000
v 0.00626800 0.02950000 0.00700000
v 0.00612100 0.03598300 0.00700000
v 0.01373800 0.03381600 0.00700000
v 0.01298000 0.03023200 0.00700000
v 0.01371200 0.02950000 0.00700000
v 0.00700000 0.03023200 0.00700000
v 0.00800000 0.03050000 0.00700000
v 0.01198000 0.03050000 0.00700000
v -0.01767800 0.01167800 0.00700000
v -0.02633900 0.00783900 0.00700000
v -0.00500000 0.00783900 0.00700000
v -0.00500000 0.02975000 0.00700000
v -0.00600000 0.02050000 0.00700000
v -0.00600000 0.02850000 0.00700000
v -0.00626800 0.01950000 0.00700000
v -0.00700000 0.01876800 0.00700000
v -0.00800000 0.01850000 0.00700000
v -0.01173400 0.01850000 0.00700000
v -0.01167800 0.01767800 0.00700000
v -0.01248200 0.01467800 0.00700000
v -0.01467800 0.01248200 0.00700000
v -0.02067800 0.01248200 0.00700000
v -0.02287400 0.01467800 0.00700000
v -0.02900800 0.02215400 0.00700000
v -0.01767800 0.02367800 0.00700000
v -0.01697600 0.03231200 0.00700000
v -0.02067800 0.02287400 0.00700000
v -0.02354600 0.02789000 0.00700000
v -0.02287400 0.02067800 0.00700000
v -0.02367800 0.01767800 0.00700000
v -0.01467800 0.02287400 0.00700000
v -0.01398000 0.02240300 0.00700000
v -0.01398000 0.02850000 0.00700000
v -0.01371200 0.02950000 0.00700000
v -0.01298000 0.03023200 0.00700000
v -0.00960700 0.03521300 0.00700000
v -0.01198000 0.03050000 0.00700000
v -0.00800000 0.03050000 0.00700000
v -0.00178500 0.03645600 0.00700000
v -0.00700000 0.03023200 0.00700000
v -0.00626800 0.02950000 0.00700000
v -0.01975000 -0.03650000 0.00700000
v -0.01775000 -0.03703600 0.00700000
v -0.01767800 -0.02367800 0.00700000
v -0.00600000 -0.02850000 0.00700000
v -0.00626800 -0.02950000 0.00700000
v -0.00499900 -0.03673700 0.00700000
v -0.01398000 -0.02850000 0.00700000
v -0.01398000 -0.02240300 0.00700000
v -0.01467800 -0.02287400 0.00700000
v -0.01298000 -0.03023200 0.00700000
v -0.01198000 -0.03050000 0.00700000
v -0.01628600 -0.03850000 0.00700000
v -0.00800000 -0.03050000 0.00700000
v -0.01173400 -0.01850000 0.00700000
v -0.00800000 -0.01850000 0.00700000
v -0.00500000 -0.01633900 0.00700000
v -0.00700000 -0.01876800 0.00700000
v -0.00626800 -0.01950000 0.00700000
v -0.00600000 -0.02050000 0.00700000
v -0.01371200 -0.02950000 0.00700000
v -0.01575000 -0.04050000 0.00700000
v -0.01575000 -0.05550000 0.00700000
v -0.00900000 -0.05550000 0.00700000
v -0.00709000 -0.03800400 0.00700000
v -0.00700000 -0.03023200 0.00700000
v -0.00850200 -0.04000000 0.00700000
v -0.00900000 -0.04239400 0.00700000
v -0.02067800 -0.02287400 0.00700000
v -0.02287400 -0.02067800 0.00700000
v -0.02367800 -0.01767800 0.00700000
v -0.02633900 -0.00783900 0.00700000
v -0.02287400 -0.01467800 0.00700000
v -0.00500000 -0.00783900 0.00700000
v -0.01248200 -0.01467800 0.00700000
v -0.01167800 -0.01767800 0.00700000
v -0.02067800 -0.01248200 0.00700000
v -0.01767800 -0.01167800 0.00700000
v -0.01467800 -0.01248200 0.00700000
v 0.02067800 -0.02287400 0.00700000
v 0.02005100 -0.03049900 0.00700000
v 0.02287400 -0.02067800 0.00700000
v 0.02615800 -0.02545600 0.00700000
v 0.02367800 -0.01767800 0.00700000
v 0.00533800 -0.03610800 0.00700000
v 0.00700000 -0.03023200 0.00700000
v 0.00626800 -0.02950000 0.00700000
v 0.01767800 -0.02367800 0.00700000
v 0.01467800 -0.02287400 0.00700000
v 0.01398000 -0.02240300 0.00700000
v 0.01300000 -0.03410600 0.00700000
v 0.01198000 -0.03050000 0.00700000
v 0.00800000 -0.03050000 0.00700000
v 0.01398000 -0.02850000 0.00700000
v 0.01371200 -0.02950000 0.00700000
v 0.01298000 -0.03023200 0.00700000
v 0.00600000 -0.02850000 0.00700000
v 0.00600000 -0.02050000 0.00700000
v 0.00500000 -0.01633900 0.00700000
v 0.00626800 -0.01950000 0.00700000
v 0.00700000 -0.01876800 0.00700000
v 0.00500000 -0.00783900 0.00700000
v 0.01248200 -0.01467800 0.00700000
v 0.01467800 -0.01248200 0.00700000
v 0.02633900 -0.01633900 0.00700000
v 0.02287400 -0.01467800 0.00700000
v 0.02633900 -0.00783900 0.00700000
v 0.02067800 -0.01248200 0.00700000
v 0.01767800 -0.01167800 0.00700000
v -0.02700000 -0.00346400 0.00700000
v -0.02846400 -0.00200000 0.00700000
v -0.03650000 -0.00783900 0.00700000
v -0.03650000 0.00000000 0.00700000
v -0.02900000 0.00000000 0.00700000
v -0.03564100 0.00787300 0.00700000
v -0.02846400 0.00200000 0.00700000
v -0.03310400 0.01537600 0.00700000
v 0.03470100 0.01131700 0.00700000
v 0.02700000 0.00346400 0.00700000
v 0.03632500 0.00356600 0.00700000
v 0.02700000 -0.00346400 0.00700000
v 0.02846400 -0.00200000 0.00700000
v 0.03623900 -0.00435400 0.00700000
v 0.02900000 0.00000000 0.00700000
v 0.02846400 0.00200000 0.00700000
v 0.03103300 -0.01921400 0.00700000
v 0.03444700 -0.01206800 0.00700000
v -0.00400000 -0.02500000 0.00700000
v -0.00346400 -0.02300000 0.00700000
v 0.00400000 -0.02500000 0.00700000
v 0.00346400 -0.02300000 0.00700000
v -0.00200000 -0.02153600 0.00700000
v 0.00000000 -0.02100000 0.00700000
v 0.00200000 -0.02153600 0.00700000
v 0.00000000 -0.02900000 0.00700000
v -0.00200000 -0.02846400 0.00700000
v -0.00346400 -0.02700000 0.00700000
v 0.00346400 -0.02700000 0.00700000
v 0.00200000 -0.02846400 0.00700000
v -0.00257600 -0.03640900 0.00700000
v -0.02921400 -0.03850000 0.00700000
v -0.03650000 -0.01633900 0.00700000
v -0.02975000 -0.04050000 0.00700000
v -0.03650000 -0.05550000 0.00700000
v -0.02975000 -0.05550000 0.00700000
v -0.02300000 0.00346400 0.00700000
v -0.02500000 0.00400000 0.00700000
v -0.02700000 0.00346400 0.00700000
v -0.02153600 0.00200000 0.00700000
v -0.02100000 0.00000000 0.00700000
v -0.02153600 -0.00200000 0.00700000
v -0.02300000 -0.00346400 0.00700000
v -0.02500000 -0.00400000 0.00700000
v 0.02500000 -0.00400000 0.00700000
v 0.02100000 0.00000000 0.00700000
v 0.02153600 -0.00200000 0.00700000
v 0.02300000 -0.00346400 0.00700000
v 0.02153600 0.00200000 0.00700000
v 0.02300000 0.00346400 0.00700000
v 0.02500000 0.00400000 0.00700000
v 0.00000000 0.02900000 0.00700000
v 0.00200000 0.02846400 0.00700000
v 0.00000000 0.02100000 0.00700000
v -0.00200000 0.02153600 0.00700000
v -0.00200000 0.02846400 0.00700000
v 0.00346400 0.02700000 0.00700000
v 0.00400000 0.02500000 0.00700000
v 0.00346400 0.02300000 0.00700000
v 0.00200000 0.02153600 0.00700000
v -0.00346400 0.02300000 0.00700000
v -0.00400000 0.02500000 0.00700000
v -0.00346400 0.02700000 0.00700000
v -0.00264700 -0.03740600 0.00600000
v -0.00264700 -0.03740600 0.00100000
v 0.00548400 -0.03709700 0.00100000
v 0.00548400 -0.03709700 0.00600000
v 0.01335700 -0.03504100 0.00100000
v 0.01335700 -0.03504100 0.00600000
v 0.02060100 -0.03133500 0.00100000
v 0.02060100 -0.03133500 0.00600000
v 0.02687500 -0.02615300 0.00100000
v 0.02687500 -0.02615300 0.00600000
v 0.03188300 -0.01974100 0.00100000
v 0.03188300 -0.01974100 0.00600000
v 0.03539100 -0.01239900 0.00100000
v 0.03539100 -0.01239900 0.00600000
v 0.03723200 -0.00447300 0.00100000
v 0.03723200 -0.00447300 0.00600000
v 0.03732100 0.00366300 0.00100000
v 0.03732100 0.00366300 0.00600000
v 0.03565200 0.01162700 0.00100000
v 0.03565200 0.01162700 0.00600000
v 0.03230500 0.01904400 0.00100000
v 0.03230500 0.01904400 0.00600000
v 0.02743600 0.02556400 0.00100000
v 0.02743600 0.02556400 0.00600000
v 0.02127600 0.03088000 0.00100000
v 0.02127600 0.03088000 0.00600000
v 0.01411500 0.03474200 0.00100000
v 0.01411500 0.03474200 0.00600000
v 0.00628900 0.03696900 0.00100000
v 0.00628900 0.03696900 0.00600000
v -0.00183400 0.03745500 0.00100000
v -0.00183400 0.03745500 0.00600000
v -0.00987000 0.03617800 0.00100000
v -0.00987000 0.03617800 0.00600000
v -0.01744100 0.03319700 0.00100000
v -0.01744100 0.03319700 0.00600000
v -0.02419100 0.02865400 0.00100000
v -0.02419100 0.02865400 0.00600000
v -0.02980200 0.02276100 0.00100000
v -0.02980200 0.02276100 0.00600000
v -0.03401000 0.01579700 0.00100000
v -0.03401000 0.01579700 0.00600000
v -0.03661700 0.00808900 0.00100000
v -0.03661700 0.00808900 0.00600000
v -0.03750000 0.00000000 0.00100000
v -0.03750000 0.00000000 0.00600000
v -0.01456000 -0.01947800 0.00000000
v -0.01407800 -0.01767800 0.00000000
v -0.00903900 -0.01837500 0.00000000
v 0.01553500 0.00259200 0.00000000
v 0.01385200 0.00749600 0.00000000
v 0.01837500 0.00903900 0.00000000
v 0.01575000 0.00000000 0.00000000
v 0.01837500 -0.00903900 0.00000000
v 0.01385200 -0.00749600 0.00000000
v 0.01553500 -0.00259200 0.00000000
v -0.00861400 -0.01318500 0.00000000
v -0.00386600 -0.01526800 0.00000000
v 0.00130100 -0.01569600 0.00000000
v 0.00903900 -0.01837500 0.00000000
v 0.00632700 -0.01442300 0.00000000
v 0.01066700 -0.01158800 0.00000000
v -0.01456000 -0.01587800 0.00000000
v -0.01242900 -0.00967400 0.00000000
v -0.01837500 0.00903900 0.00000000
v -0.01242900 0.00967400 0.00000000
v -0.01489700 0.00511400 0.00000000
v -0.01587800 -0.01456000 0.00000000
v -0.01837500 -0.00903900 0.00000000
v -0.01489700 -0.00511400 0.00000000
v -0.01575000 0.00000000 0.00000000
v 0.01066700 0.01158800 0.00000000
v 0.00632700 0.01442300 0.00000000
v 0.00903900 0.01837500 0.00000000
v 0.00130100 0.01569600 0.00000000
v -0.00903900 0.01837500 0.00000000
v -0.00386600 0.01526800 0.00000000
v -0.00861400 0.01318500 0.00000000
v -0.03650000 -0.01837500 0.00000000
v -0.02079500 -0.01947800 0.00000000
v -0.01947800 -0.02079500 0.00000000
v -0.02975000 -0.06250000 0.00000000
v -0.03650000 -0.06250000 0.00000000
v -0.02975000 -0.04050000 0.00000000
v -0.02921400 -0.03850000 0.00000000
v -0.02775000 -0.03703600 0.00000000
v -0.01767800 -0.02127800 0.00000000
v -0.01975000 -0.03650000 0.00000000
v -0.02575000 -0.03650000 0.00000000
v -0.01575000 -0.04050000 0.00000000
v -0.01628600 -0.03850000 0.00000000
v -0.00903900 -0.06250000 0.00000000
v -0.01575000 -0.06250000 0.00000000
v -0.01587800 -0.02079500 0.00000000
v -0.01775000 -0.03703600 0.00000000
v 0.00346400 -0.02300000 0.00000000
v 0.00400000 -0.02500000 0.00000000
v 0.01300000 -0.03410600 0.00000000
v 0.00346400 -0.02700000 0.00000000
v 0.00200000 -0.02153600 0.00000000
v 0.00000000 -0.02100000 0.00000000
v -0.00200000 -0.02153600 0.00000000
v -0.00346400 -0.02300000 0.00000000
v -0.00850200 -0.04000000 0.00000000
v -0.00900000 -0.04239400 0.00000000
v -0.00900000 -0.06250000 0.00000000
v -0.00400000 -0.02500000 0.00000000
v -0.00346400 -0.02700000 0.00000000
v -0.00200000 -0.02846400 0.00000000
v -0.00709000 -0.03800400 0.00000000
v 0.00200000 -0.02846400 0.00000000
v 0.00533800 -0.03610800 0.00000000
v 0.00000000 -0.02900000 0.00000000
v -0.00257600 -0.03640900 0.00000000
v -0.00499900 -0.03673700 0.00000000
v 0.01456000 -0.01947800 0.00000000
v 0.01587800 -0.02079500 0.00000000
v 0.02005100 -0.03049900 0.00000000
v 0.01767800 -0.02127800 0.00000000
v 0.02615800 -0.02545600 0.00000000
v 0.02513900 -0.01837500 0.00000000
v 0.03103300 -0.01921400 0.00000000
v 0.02513900 -0.00903900 0.00000000
v 0.03444700 -0.01206800 0.00000000
v 0.02070900 0.03005600 0.00000000
v 0.02670500 0.02488200 0.00000000
v 0.02513900 0.02513900 0.00000000
v 0.03144300 0.01853600 0.00000000
v 0.02513900 0.01837500 0.00000000
v 0.03470100 0.01131700 0.00000000
v 0.02513900 0.00903900 0.00000000
v 0.00903900 0.02513900 0.00000000
v 0.00612100 0.03598300 0.00000000
v 0.01373800 0.03381600 0.00000000
v 0.00200000 0.02846400 0.00000000
v -0.00178500 0.03645600 0.00000000
v 0.00000000 0.02900000 0.00000000
v -0.00960700 0.03521300 0.00000000
v -0.02354600 0.02789000 0.00000000
v -0.01697600 0.03231200 0.00000000
v -0.01837500 0.02513900 0.00000000
v -0.00903900 0.02513900 0.00000000
v -0.02100000 0.00000000 0.00000000
v -0.02153600 0.00200000 0.00000000
v -0.02300000 -0.00346400 0.00000000
v -0.02153600 -0.00200000 0.00000000
v -0.02300000 0.00346400 0.00000000
v -0.02500000 0.00400000 0.00000000
v -0.03535400 0.00907500 0.00000000
v -0.02700000 0.00346400 0.00000000
v -0.03564100 0.00787300 0.00000000
v -0.02846400 0.00200000 0.00000000
v -0.03650000 0.00000000 0.00000000
v -0.02900000 0.00000000 0.00000000
v -0.03650000 -0.00903900 0.00000000
v -0.02846400 -0.00200000 0.00000000
v -0.02700000 -0.00346400 0.00000000
v -0.02500000 -0.00400000 0.00000000
v 0.03632500 0.00356600 0.00000000
v 0.02846400 0.00200000 0.00000000
v 0.02700000 0.00346400 0.00000000
v 0.02500000 0.00400000 0.00000000
v 0.02300000 0.00346400 0.00000000
v 0.02153600 0.00200000 0.00000000
v 0.02100000 0.00000000 0.00000000
v 0.02153600 -0.00200000 0.00000000
v 0.02300000 -0.00346400 0.00000000
v 0.02500000 -0.00400000 0.00000000
v 0.02700000 -0.00346400 0.00000000
v 0.03623900 -0.00435400 0.00000000
v 0.02846400 -0.00200000 0.00000000
v 0.02900000 0.00000000 0.00000000
v -0.00200000 0.02846400 0.00000000
v -0.00346400 0.02700000 0.00000000
v -0.00400000 0.02500000 0.00000000
v -0.00346400 0.02300000 0.00000000
v 0.00346400 0.02300000 0.00000000
v 0.00400000 0.02500000 0.00000000
v 0.00346400 0.02700000 0.00000000
v -0.00200000 0.02153600 0.00000000
v 0.00000000 0.02100000 0.00000000
v 0.00200000 0.02153600 0.00000000
v 0.01947800 -0.02079500 0.00000000
v 0.02079500 -0.01947800 0.00000000
v 0.02127800 -0.01767800 0.00000000
v 0.02079500 -0.01587800 0.00000000
v 0.01947800 -0.01456000 0.00000000
v 0.01767800 -0.01407800 0.00000000
v 0.01587800 -0.01456000 0.00000000
v 0.01456000 -0.01587800 0.00000000
v 0.01407800 -0.01767800 0.00000000
v -0.01947800 0.01456000 0.00000000
v -0.01767800 0.01407800 0.00000000
v -0.01587800 0.01456000 0.00000000
v -0.01456000 0.01587800 0.00000000
v -0.01407800 0.01767800 0.00000000
v -0.01456000 0.01947800 0.00000000
v -0.01587800 0.02079500 0.00000000
v -0.01767800 0.02127800 0.00000000
v -0.01947800 0.02079500 0.00000000
v -0.02900800 0.02215400 0.00000000
v -0.02079500 0.01947800 0.00000000
v -0.03310400 0.01537600 0.00000000
v -0.02127800 0.01767800 0.00000000
v -0.02079500 0.01587800 0.00000000
v -0.01767800 -0.01407800 0.00000000
v -0.01947800 -0.01456000 0.00000000
v -0.02079500 -0.01587800 0.00000000
v -0.02127800 -0.01767800 0.00000000
v 0.01767800 0.02127800 0.00000000
v 0.01837500 0.02513900 0.00000000
v 0.01947800 0.02079500 0.00000000
v 0.02079500 0.01587800 0.00000000
v 0.02127800 0.01767800 0.00000000
v 0.02079500 0.01947800 0.00000000
v 0.01587800 0.02079500 0.00000000
v 0.01456000 0.01947800 0.00000000
v 0.01407800 0.01767800 0.00000000
v 0.01456000 0.01587800 0.00000000
v 0.01587800 0.01456000 0.00000000
v 0.01767800 0.01407800 0.00000000
v 0.01947800 0.01456000 0.00000000
v 0.01553500 -0.00259200 -0.00120000
v 0.01575000 0.00000000 -0.00120000
v 0.01575000 0.00000000 0.00000000
v 0.01553500 0.00259200 0.00000000
v 0.01553500 0.00259200 -0.00120000
v 0.01385200 0.00749600 -0.00120000
v 0.01385200 0.00749600 0.00000000
v 0.01066700 0.01158800 -0.00120000
v 0.01066700 0.01158800 0.00000000
v 0.00632700 0.01442300 -0.00120000
v 0.00632700 0.01442300 0.00000000
v 0.00130100 0.01569600 -0.00120000
v 0.00130100 0.01569600 0.00000000
v -0.00386600 0.01526800 -0.00120000
v -0.00386600 0.01526800 0.00000000
v -0.00861400 0.01318500 -0.00120000
v -0.00861400 0.01318500 0.00000000
v -0.01242900 0.00967400 -0.00120000
v -0.01242900 0.00967400 0.00000000
v -0.01489700 0.00511400 -0.00120000
v -0.01489700 0.00511400 0.00000000
v -0.01575000 0.00000000 -0.00120000
v -0.01575000 0.00000000 0.00000000
v -0.01489700 -0.00511400 -0.00120000
v -0.01489700 -0.00511400 0.00000000
v -0.01242900 -0.00967400 -0.00120000
v -0.01242900 -0.00967400 0.00000000
v -0.00861400 -0.01318500 -0.00120000
v -0.00861400 -0.01318500 0.00000000
v -0.00386600 -0.01526800 -0.00120000
v -0.00386600 -0.01526800 0.00000000
v 0.00130100 -0.01569600 -0.00120000
v 0.00130100 -0.01569600 0.00000000
v 0.00632700 -0.01442300 -0.00120000
v 0.00632700 -0.01442300 0.00000000
v 0.01066700 -0.01158800 -0.00120000
v 0.01066700 -0.01158800 0.00000000
v 0.01385200 -0.00749600 -0.00120000
v 0.01385200 -0.00749600 0.00000000
v 0.01553500 -0.00259200 0.00000000
v 0.01545000 0.00000000 -0.00150000
v 0.01523900 -0.00254300 -0.00150000
v 0.00000000 0.00000000 -0.00150000
v 0.01523900 0.00254300 -0.00150000
v 0.00620600 0.01414900 -0.00150000
v 0.01046400 0.01136700 -0.00150000
v 0.01358800 0.00735300 -0.00150000
v -0.00845000 0.01293400 -0.00150000
v -0.00379300 0.01497700 -0.00150000
v 0.00127600 0.01539700 -0.00150000
v -0.01545000 0.00000000 -0.00150000
v -0.01461300 0.00501700 -0.00150000
v -0.01219200 0.00949000 -0.00150000
v -0.00845000 -0.01293400 -0.00150000
v -0.01219200 -0.00949000 -0.00150000
v -0.01461300 -0.00501700 -0.00150000
v 0.00620600 -0.01414900 -0.00150000
v 0.00127600 -0.01539700 -0.00150000
v -0.00379300 -0.01497700 -0.00150000
v 0.01358800 -0.00735300 -0.00150000
v 0.01046400 -0.01136700 -0.00150000
v 0.01437800 0.01767800 0.00030000
v 0.01437800 0.01767800 0.00330000
v 0.01482000 0.01602800 0.00030000
v 0.01482000 0.01602800 0.00330000
v 0.01602800 0.01482000 0.00030000
v 0.01602800 0.01482000 0.00330000
v 0.01767800 0.01437800 0.00030000
v 0.01767800 0.01437800 0.00330000
v 0.01767800 0.01437800 0.00030000
v 0.01767800 0.01437800 0.00330000
v 0.01932800 0.01482000 0.00030000
v 0.01932800 0.01482000 0.00330000
v 0.01932800 0.01482000 0.00030000
v 0.01932800 0.01482000 0.00330000
v 0.02053600 0.01602800 0.00030000
v 0.02053600 0.01602800 0.00330000
v 0.02097800 0.01767800 0.00030000
v 0.02097800 0.01767800 0.00330000
v 0.02097800 0.01767800 0.00030000
v 0.02097800 0.01767800 0.00330000
v 0.02053600 0.01932800 0.00030000
v 0.02053600 0.01932800 0.00330000
v 0.01932800 0.02053600 0.00030000
v 0.01932800 0.02053600 0.00330000
v 0.01767800 0.02097800 0.00030000
v 0.01767800 0.02097800 0.00330000
v 0.01767800 0.02097800 0.00030000
v 0.01767800 0.02097800 0.00330000
v 0.01602800 0.02053600 0.00030000
v 0.01602800 0.02053600 0.00330000
v 0.01482000 0.01932800 0.00030000
v 0.01482000 0.01932800 0.00330000
v 0.01482000 0.01932800 0.00030000
v 0.01482000 0.01932800 0.00330000
v 0.01437800 0.01767800 0.00030000
v 0.01437800 0.01767800 0.00330000
v 0.01482000 0.01602800 0.00330000
v 0.01248200 0.01467800 0.00600000
v 0.01602800 0.01482000 0.00330000
v 0.01467800 0.01248200 0.00600000
v 0.01767800 0.01437800 0.00330000
v 0.01767800 0.01167800 0.00600000
v 0.01932800 0.01482000 0.00330000
v 0.02067800 0.01248200 0.00600000
v 0.02053600 0.01602800 0.00330000
v 0.02287400 0.01467800 0.00600000
v 0.02097800 0.01767800 0.00330000
v 0.02367800 0.01767800 0.00600000
v 0.02053600 0.01932800 0.00330000
v 0.02287400 0.02067800 0.00600000
v 0.01932800 0.02053600 0.00330000
v 0.02067800 0.02287400 0.00600000
v 0.01767800 0.02097800 0.00330000
v 0.01767800 0.02367800 0.00600000
v 0.01602800 0.02053600 0.00330000
v 0.01467800 0.02287400 0.00600000
v 0.01482000 0.01932800 0.00330000
v 0.01248200 0.02067800 0.00600000
v 0.01437800 0.01767800 0.00330000
v 0.01167800 0.01767800 0.00600000
v 0.01398000 0.02240300 0.02000000
v 0.01247700 0.02067000 0.02000000
v 0.01398000 0.02240300 0.00700000
v 0.01248200 0.02067800 0.00600000
v 0.01398000 0.02240300 0.00700000
v 0.01248200 0.02067800 0.00600000
v 0.01467800 0.02287400 0.00700000
v 0.01467800 0.02287400 0.00700000
v 0.01248200 0.02067800 0.00600000
v 0.01467800 0.02287400 0.00600000
v 0.01467800 0.02287400 0.00700000
v 0.01467800 0.02287400 0.00600000
v 0.01767800 0.02367800 0.00700000
v 0.01767800 0.02367800 0.00600000
v 0.02067800 0.02287400 0.00700000
v 0.02067800 0.02287400 0.00600000
v 0.02067800 0.02287400 0.00700000
v 0.02067800 0.02287400 0.00600000
v 0.02287400 0.02067800 0.00700000
v 0.02287400 0.02067800 0.00600000
v 0.02287400 0.02067800 0.00700000
v 0.02287400 0.02067800 0.00600000
v 0.02367800 0.01767800 0.00700000
v 0.02367800 0.01767800 0.00600000
v 0.02287400 0.01467800 0.00700000
v 0.02287400 0.01467800 0.00600000
v 0.02287400 0.01467800 0.00700000
v 0.02287400 0.01467800 0.00600000
v 0.02067800 0.01248200 0.00700000
v 0.02067800 0.01248200 0.00600000
v 0.01767800 0.01167800 0.00700000
v 0.01767800 0.01167800 0.00600000
v 0.01767800 0.01167800 0.00700000
v 0.01767800 0.01167800 0.00600000
v 0.01467800 0.01248200 0.00700000
v 0.01467800 0.01248200 0.00600000
v 0.01467800 0.01248200 0.00700000
v 0.01467800 0.01248200 0.00600000
v 0.01248200 0.01467800 0.00700000
v 0.01248200 0.01467800 0.00600000
v 0.01248200 0.01467800 0.00700000
v 0.01248200 0.01467800 0.00600000
v 0.01167800 0.01767800 0.00700000
v 0.01167800 0.01767800 0.00600000
v 0.01173400 0.01850000 0.00700000
v 0.01173400 0.01850000 0.02000000
v -0.02097800 0.01767800 0.00030000
v -0.02097800 0.01767800 0.00330000
v -0.02053600 0.01602800 0.00030000
v -0.02053600 0.01602800 0.00330000
v -0.01932800 0.01482000 0.00030000
v -0.01932800 0.01482000 0.00330000
v -0.01932800 0.01482000 0.00030000
v -0.01932800 0.01482000 0.00330000
v -0.01767800 0.01437800 0.00030000
v -0.01767800 0.01437800 0.00330000
v -0.01767800 0.01437800 0.00030000
v -0.01767800 0.01437800 0.00330000
v -0.01602800 0.01482000 0.00030000
v -0.01602800 0.01482000 0.00330000
v -0.01482000 0.01602800 0.00030000
v -0.01482000 0.01602800 0.00330000
v -0.01437800 0.01767800 0.00030000
v -0.01437800 0.01767800 0.00330000
v -0.01437800 0.01767800 0.00030000
v -0.01437800 0.01767800 0.00330000
v -0.01482000 0.01932800 0.00030000
v -0.01482000 0.01932800 0.00330000
v -0.01482000 0.01932800 0.00030000
v -0.01482000 0.01932800 0.00330000
v -0.01602800 0.02053600 0.00030000
v -0.01602800 0.02053600 0.00330000
v -0.01767800 0.02097800 0.00030000
v -0.01767800 0.02097800 0.00330000
v -0.01767800 0.02097800 0.00030000
v -0.01767800 0.02097800 0.00330000
v -0.01932800 0.02053600 0.00030000
v -0.01932800 0.02053600 0.00330000
v -0.02053600 0.01932800 0.00030000
v -0.02053600 0.01932800 0.00330000
v -0.02097800 0.01767800 0.00030000
v -0.02097800 0.01767800 0.00330000
v -0.02053600 0.01602800 0.00330000
v -0.02287400 0.01467800 0.00600000
v -0.01932800 0.01482000 0.00330000
v -0.02067800 0.01248200 0.00600000
v -0.01767800 0.01437800 0.00330000
v -0.01767800 0.01167800 0.00600000
v -0.01602800 0.01482000 0.00330000
v -0.01467800 0.01248200 0.00600000
v -0.01482000 0.01602800 0.00330000
v -0.01248200 0.01467800 0.00600000
v -0.01437800 0.01767800 0.00330000
v -0.01167800 0.01767800 0.00600000
v -0.01482000 0.01932800 0.00330000
v -0.01248200 0.02067800 0.00600000
v -0.01602800 0.02053600 0.00330000
v -0.01467800 0.02287400 0.00600000
v -0.01767800 0.02097800 0.00330000
v -0.01767800 0.02367800 0.00600000
v -0.01932800 0.02053600 0.00330000
v -0.02067800 0.02287400 0.00600000
v -0.02053600 0.01932800 0.00330000
v -0.02287400 0.02067800 0.00600000
v -0.02097800 0.01767800 0.00330000
v -0.02367800 0.01767800 0.00600000
v -0.01173400 0.01850000 0.02000000
v -0.01247700 0.02067000 0.02000000
v -0.01173400 0.01850000 0.00700000
v -0.01248200 0.02067800 0.00600000
v -0.01173400 0.01850000 0.00700000
v -0.01248200 0.02067800 0.00600000
v -0.01167800 0.01767800 0.00700000
v -0.01167800 0.01767800 0.00700000
v -0.01248200 0.02067800 0.00600000
v -0.01167800 0.01767800 0.00600000
v -0.01167800 0.01767800 0.00700000
v -0.01167800 0.01767800 0.00600000
v -0.01248200 0.01467800 0.00700000
v -0.01248200 0.01467800 0.00600000
v -0.01248200 0.01467800 0.00700000
v -0.01248200 0.01467800 0.00600000
v -0.01467800 0.01248200 0.00700000
v -0.01467800 0.01248200 0.00600000
v -0.01467800 0.01248200 0.00700000
v -0.01467800 0.01248200 0.00600000
v -0.01767800 0.01167800 0.00700000
v -0.01767800 0.01167800 0.00600000
v -0.01767800 0.01167800 0.00700000
v -0.01767800 0.01167800 0.00600000
v -0.02067800 0.01248200 0.00700000
v -0.02067800 0.01248200 0.00600000
v -0.02287400 0.01467800 0.00700000
v -0.02287400 0.01467800 0.00600000
v -0.02287400 0.01467800 0.00700000
v -0.02287400 0.01467800 0.00600000
v -0.02367800 0.01767800 0.00700000
v -0.02367800 0.01767800 0.00600000
v -0.02287400 0.02067800 0.00700000
v -0.02287400 0.02067800 0.00600000
v -0.02287400 0.02067800 0.00700000
v -0.02287400 0.02067800 0.00600000
v -0.02067800 0.02287400 0.00700000
v -0.02067800 0.02287400 0.00600000
v -0.02067800 0.02287400 0.00700000
v -0.02067800 0.02287400 0.00600000
v -0.01767800 0.02367800 0.00700000
v -0.01767800 0.02367800 0.00600000
v -0.01467800 0.02287400 0.00700000
v -0.01467800 0.02287400 0.00600000
v -0.01398000 0.02240300 0.00700000
v -0.01398000 0.02240300 0.02000000
v 0.01437800 -0.01767800 0.00030000
v 0.01437800 -0.01767800 0.00330000
v 0.01482000 -0.01932800 0.00030000
v 0.01482000 -0.01932800 0.00330000
v 0.01482000 -0.01932800 0.00030000
v 0.01482000 -0.01932800 0.00330000
v 0.01602800 -0.02053600 0.00030000
v 0.01602800 -0.02053600 0.00330000
v 0.01767800 -0.02097800 0.00030000
v 0.01767800 -0.02097800 0.00330000
v 0.01767800 -0.02097800 0.00030000
v 0.01767800 -0.02097800 0.00330000
v 0.01932800 -0.02053600 0.00030000
v 0.01932800 -0.02053600 0.00330000
v 0.02053600 -0.01932800 0.00030000
v 0.02053600 -0.01932800 0.00330000
v 0.02097800 -0.01767800 0.00030000
v 0.02097800 -0.01767800 0.00330000
v 0.02097800 -0.01767800 0.00030000
v 0.02097800 -0.01767800 0.00330000
v 0.02053600 -0.01602800 0.00030000
v 0.02053600 -0.01602800 0.00330000
v 0.01932800 -0.01482000 0.00030000
v 0.01932800 -0.01482000 0.00330000
v 0.01932800 -0.01482000 0.00030000
v 0.01932800 -0.01482000 0.00330000
v 0.01767800 -0.01437800 0.00030000
v 0.01767800 -0.01437800 0.00330000
v 0.01767800 -0.01437800 0.00030000
v 0.01767800 -0.01437800 0.00330000
v 0.01602800 -0.01482000 0.00030000
v 0.01602800 -0.01482000 0.00330000
v 0.01482000 -0.01602800 0.00030000
v 0.01482000 -0.01602800 0.00330000
v 0.01437800 -0.01767800 0.00030000
v 0.01437800 -0.01767800 0.00330000
v 0.01482000 -0.01932800 0.00330000
v 0.01248200 -0.02067800 0.00600000
v 0.01602800 -0.02053600 0.00330000
v 0.01467800 -0.02287400 0.00600000
v 0.01767800 -0.02097800 0.00330000
v 0.01767800 -0.02367800 0.00600000
v 0.01932800 -0.02053600 0.00330000
v 0.02067800 -0.02287400 0.00600000
v 0.02053600 -0.01932800 0.00330000
v 0.02287400 -0.02067800 0.00600000
v 0.02097800 -0.01767800 0.00330000
v 0.02367800 -0.01767800 0.00600000
v 0.02053600 -0.01602800 0.00330000
v 0.02287400 -0.01467800 0.00600000
v 0.01932800 -0.01482000 0.00330000
v 0.02067800 -0.01248200 0.00600000
v 0.01767800 -0.01437800 0.00330000
v 0.01767800 -0.01167800 0.00600000
v 0.01602800 -0.01482000 0.00330000
v 0.01467800 -0.01248200 0.00600000
v 0.01482000 -0.01602800 0.00330000
v 0.01248200 -0.01467800 0.00600000
v 0.01437800 -0.01767800 0.00330000
v 0.01167800 -0.01767800 0.00600000
v 0.01173400 -0.01850000 0.02000000
v 0.01247700 -0.02067000 0.02000000
v 0.01173400 -0.01850000 0.00700000
v 0.01248200 -0.02067800 0.00600000
v 0.01173400 -0.01850000 0.00700000
v 0.01248200 -0.02067800 0.00600000
v 0.01167800 -0.01767800 0.00700000
v 0.01167800 -0.01767800 0.00700000
v 0.01248200 -0.02067800 0.00600000
v 0.01167800 -0.01767800 0.00600000
v 0.01167800 -0.01767800 0.00700000
v 0.01167800 -0.01767800 0.00600000
v 0.01248200 -0.01467800 0.00700000
v 0.01248200 -0.01467800 0.00600000
v 0.01248200 -0.01467800 0.00700000
v 0.01248200 -0.01467800 0.00600000
v 0.01467800 -0.01248200 0.00700000
v 0.01467800 -0.01248200 0.00600000
v 0.01467800 -0.01248200 0.00700000
v 0.01467800 -0.01248200 0.00600000
v 0.01767800 -0.01167800 0.00700000
v 0.01767800 -0.01167800 0.00600000
v 0.01767800 -0.01167800 0.00700000
v 0.01767800 -0.01167800 0.00600000
v 0.02067800 -0.01248200 0.00700000
v 0.02067800 -0.01248200 0.00600000
v 0.02287400 -0.01467800 0.00700000
v 0.02287400 -0.01467800 0.00600000
v 0.02287400 -0.01467800 0.00700000
v 0.02287400 -0.01467800 0.00600000
v 0.02367800 -0.01767800 0.00700000
v 0.02367800 -0.01767800 0.00600000
v 0.02287400 -0.02067800 0.00700000
v 0.02287400 -0.02067800 0.00600000
v 0.02287400 -0.02067800 0.00700000
v 0.02287400 -0.02067800 0.00600000
v 0.02067800 -0.02287400 0.00700000
v 0.02067800 -0.02287400 0.00600000
v 0.02067800 -0.02287400 0.00700000
v 0.02067800 -0.02287400 0.00600000
v 0.01767800 -0.02367800 0.00700000
v 0.01767800 -0.02367800 0.00600000
v 0.01467800 -0.02287400 0.00700000
v 0.01467800 -0.02287400 0.00600000
v 0.01398000 -0.02240300 0.00700000
v 0.01398000 -0.02240300 0.02000000
v -0.02097800 -0.01767800 0.00030000
v -0.02097800 -0.01767800 0.00330000
v -0.02053600 -0.01932800 0.00030000
v -0.02053600 -0.01932800 0.00330000
v -0.01932800 -0.02053600 0.00030000
v -0.01932800 -0.02053600 0.00330000
v -0.01767800 -0.02097800 0.00030000
v -0.01767800 -0.02097800 0.00330000
v -0.01767800 -0.02097800 0.00030000
v -0.01767800 -0.02097800 0.00330000
v -0.01602800 -0.02053600 0.00030000
v -0.01602800 -0.02053600 0.00330000
v -0.01482000 -0.01932800 0.00030000
v -0.01482000 -0.01932800 0.00330000
v -0.01482000 -0.01932800 0.00030000
v -0.01482000 -0.01932800 0.00330000
v -0.01437800 -0.01767800 0.00030000
v -0.01437800 -0.01767800 0.00330000
v -0.01437800 -0.01767800 0.00030000
v -0.01437800 -0.01767800 0.00330000
v -0.01482000 -0.01602800 0.00030000
v -0.01482000 -0.01602800 0.00330000
v -0.01602800 -0.01482000 0.00030000
v -0.01602800 -0.01482000 0.00330000
v -0.01767800 -0.01437800 0.00030000
v -0.01767800 -0.01437800 0.00330000
v -0.01767800 -0.01437800 0.00030000
v -0.01767800 -0.01437800 0.00330000
v -0.01932800 -0.01482000 0.00030000
v -0.01932800 -0.01482000 0.00330000
v -0.01932800 -0.01482000 0.00030000
v -0.01932800 -0.01482000 0.00330000
v -0.02053600 -0.01602800 0.00030000
v -0.02053600 -0.01602800 0.00330000
v -0.02097800 -0.01767800 0.00030000
v -0.02097800 -0.01767800 0.00330000
v -0.02053600 -0.01932800 0.00330000
v -0.02287400 -0.02067800 0.00600000
v -0.01932800 -0.02053600 0.00330000
v -0.02067800 -0.02287400 0.00600000
v -0.01767800 -0.02097800 0.00330000
v -0.01767800 -0.02367800 0.00600000
v -0.01602800 -0.02053600 0.00330000
v -0.01467800 -0.02287400 0.00600000
v -0.01482000 -0.01932800 0.00330000
v -0.01248200 -0.02067800 0.00600000
v -0.01437800 -0.01767800 0.00330000
v -0.01167800 -0.01767800 0.00600000
v -0.01482000 -0.01602800 0.00330000
v -0.01248200 -0.01467800 0.00600000
v -0.01602800 -0.01482000 0.00330000
v -0.01467800 -0.01248200 0.00600000
v -0.01767800 -0.01437800 0.00330000
v -0.01767800 -0.01167800 0.00600000
v -0.01932800 -0.01482000 0.00330000
v -0.02067800 -0.01248200 0.00600000
v -0.02053600 -0.01602800 0.00330000
v -0.02287400 -0.01467800 0.00600000
v -0.02097800 -0.01767800 0.00330000
v -0.02367800 -0.01767800 0.00600000
v -0.01398000 -0.02240300 0.02000000
v -0.01247700 -0.02067000 0.02000000
v -0.01398000 -0.02240300 0.00700000
v -0.01248200 -0.02067800 0.00600000
v -0.01398000 -0.02240300 0.00700000
v -0.01248200 -0.02067800 0.00600000
v -0.01467800 -0.02287400 0.00700000
v -0.01467800 -0.02287400 0.00700000
v -0.01248200 -0.02067800 0.00600000
v -0.01467800 -0.02287400 0.00600000
v -0.01467800 -0.02287400 0.00700000
v -0.01467800 -0.02287400 0.00600000
v -0.01767800 -0.02367800 0.00700000
v -0.01767800 -0.02367800 0.00600000
v -0.02067800 -0.02287400 0.00700000
v -0.02067800 -0.02287400 0.00600000
v -0.02067800 -0.02287400 0.00700000
v -0.02067800 -0.02287400 0.00600000
v -0.02287400 -0.02067800 0.00700000
v -0.02287400 -0.02067800 0.00600000
v -0.02287400 -0.02067800 0.00700000
v -0.02287400 -0.02067800 0.00600000
v -0.02367800 -0.01767800 0.00700000
v -0.02367800 -0.01767800 0.00600000
v -0.02287400 -0.01467800 0.00700000
v -0.02287400 -0.01467800 0.00600000
v -0.02287400 -0.01467800 0.00700000
v -0.02287400 -0.01467800 0.00600000
v -0.02067800 -0.01248200 0.00700000
v -0.02067800 -0.01248200 0.00600000
v -0.01767800 -0.01167800 0.00700000
v -0.01767800 -0.01167800 0.00600000
v -0.01767800 -0.01167800 0.00700000
v -0.01767800 -0.01167800 0.00600000
v -0.01467800 -0.01248200 0.00700000
v -0.01467800 -0.01248200 0.00600000
v -0.01467800 -0.01248200 0.00700000
v -0.01467800 -0.01248200 0.00600000
v -0.01248200 -0.01467800 0.00700000
v -0.01248200 -0.01467800 0.00600000
v -0.01248200 -0.01467800 0.00700000
v -0.01248200 -0.01467800 0.00600000
v -0.01167800 -0.01767800 0.00700000
v -0.01167800 -0.01767800 0.00600000
v -0.01173400 -0.01850000 0.00700000
v -0.01173400 -0.01850000 0.02000000
v 0.02200000 0.00000000 0.00100000
v 0.02200000 0.00000000 0.00600000
v 0.02240200 -0.00150000 0.00100000
v 0.02240200 -0.00150000 0.00600000
v 0.02240200 -0.00150000 0.00100000
v 0.02240200 -0.00150000 0.00600000
v 0.02350000 -0.00259800 0.00100000
v 0.02350000 -0.00259800 0.00600000
v 0.02350000 -0.00259800 0.00100000
v 0.02350000 -0.00259800 0.00600000
v 0.02500000 -0.00300000 0.00100000
v 0.02500000 -0.00300000 0.00600000
v 0.02500000 -0.00300000 0.00100000
v 0.02500000 -0.00300000 0.00600000
v 0.02650000 -0.00259800 0.00100000
v 0.02650000 -0.00259800 0.00600000
v 0.02759800 -0.00150000 0.00100000
v 0.02759800 -0.00150000 0.00600000
v 0.02800000 0.00000000 0.00100000
v 0.02800000 0.00000000 0.00600000
v 0.02800000 0.00000000 0.00100000
v 0.02800000 0.00000000 0.00600000
v 0.02759800 0.00150000 0.00100000
v 0.02759800 0.00150000 0.00600000
v 0.02650000 0.00259800 0.00100000
v 0.02650000 0.00259800 0.00600000
v 0.02500000 0.00300000 0.00100000
v 0.02500000 0.00300000 0.00600000
v 0.02500000 0.00300000 0.00100000
v 0.02500000 0.00300000 0.00600000
v 0.02350000 0.00259800 0.00100000
v 0.02350000 0.00259800 0.00600000
v 0.02350000 0.00259800 0.00100000
v 0.02350000 0.00259800 0.00600000
v 0.02240200 0.00150000 0.00100000
v 0.02240200 0.00150000 0.00600000
v 0.02240200 0.00150000 0.00100000
v 0.02240200 0.00150000 0.00600000
v -0.00300000 0.02500000 0.00100000
v -0.00300000 0.02500000 0.00600000
v -0.00259800 0.02350000 0.00100000
v -0.00259800 0.02350000 0.00600000
v -0.00259800 0.02350000 0.00100000
v -0.00259800 0.02350000 0.00600000
v -0.00150000 0.02240200 0.00100000
v -0.00150000 0.02240200 0.00600000
v -0.00150000 0.02240200 0.00100000
v -0.00150000 0.02240200 0.00600000
v 0.00000000 0.02200000 0.00100000
v 0.00000000 0.02200000 0.00600000
v 0.00150000 0.02240200 0.00100000
v 0.00150000 0.02240200 0.00600000
v 0.00150000 0.02240200 0.00100000
v 0.00150000 0.02240200 0.00600000
v 0.00259800 0.02350000 0.00100000
v 0.00259800 0.02350000 0.00600000
v 0.00259800 0.02350000 0.00100000
v 0.00259800 0.02350000 0.00600000
v 0.00300000 0.02500000 0.00100000
v 0.00300000 0.02500000 0.00600000
v 0.00300000 0.02500000 0.00100000
v 0.00300000 0.02500000 0.00600000
v 0.00259800 0.02650000 0.00100000
v 0.00259800 0.02650000 0.00600000
v 0.00150000 0.02759800 0.00100000
v 0.00150000 0.02759800 0.00600000
v 0.00000000 0.02800000 0.00100000
v 0.00000000 0.02800000 0.00600000
v 0.00000000 0.02800000 0.00100000
v 0.00000000 0.02800000 0.00600000
v -0.00150000 0.02759800 0.00100000
v -0.00150000 0.02759800 0.00600000
v -0.00259800 0.02650000 0.00100000
v -0.00259800 0.02650000 0.00600000
v -0.00300000 0.02500000 0.00100000
v -0.00300000 0.02500000 0.00600000
v -0.02800000 0.00000000 0.00100000
v -0.02800000 0.00000000 0.00600000
v -0.02759800 -0.00150000 0.00100000
v -0.02759800 -0.00150000 0.00600000
v -0.02650000 -0.00259800 0.00100000
v -0.02650000 -0.00259800 0.00600000
v -0.02500000 -0.00300000 0.00100000
v -0.02500000 -0.00300000 0.00600000
v -0.02500000 -0.00300000 0.00100000
v -0.02500000 -0.00300000 0.00600000
v -0.02350000 -0.00259800 0.00100000
v -0.02350000 -0.00259800 0.00600000
v -0.02350000 -0.00259800 0.00100000
v -0.02350000 -0.00259800 0.00600000
v -0.02240200 -0.00150000 0.00100000
v -0.02240200 -0.00150000 0.00600000
v -0.02240200 -0.00150000 0.00100000
v -0.02240200 -0.00150000 0.00600000
v -0.02200000 0.00000000 0.00100000
v -0.02200000 0.00000000 0.00600000
v -0.02240200 0.00150000 0.00100000
v -0.02240200 0.00150000 0.00600000
v -0.02240200 0.00150000 0.00100000
v -0.02240200 0.00150000 0.00600000
v -0.02350000 0.00259800 0.00100000
v -0.02350000 0.00259800 0.00600000
v -0.02350000 0.00259800 0.00100000
v -0.02350000 0.00259800 0.00600000
v -0.02500000 0.00300000 0.00100000
v -0.02500000 0.00300000 0.00600000
v -0.02500000 0.00300000 0.00100000
v -0.02500000 0.00300000 0.00600000
v -0.02650000 0.00259800 0.00100000
v -0.02650000 0.00259800 0.00600000
v -0.02759800 0.00150000 0.00100000
v -0.02759800 0.00150000 0.00600000
v -0.02800000 0.00000000 0.00100000
v -0.02800000 0.00000000 0.00600000
v -0.00300000 -0.02500000 0.00100000
v -0.00300000 -0.02500000 0.00600000
v -0.00259800 -0.02650000 0.00100000
v -0.00259800 -0.02650000 0.00600000
v -0.00150000 -0.02759800 0.00100000
v -0.00150000 -0.02759800 0.00600000
v 0.00000000 -0.02800000 0.00100000
v 0.00000000 -0.02800000 0.00600000
v 0.00000000 -0.02800000 0.00100000
v 0.00000000 -0.02800000 0.00600000
v 0.00150000 -0.02759800 0.00100000
v 0.00150000 -0.02759800 0.00600000
v 0.00259800 -0.02650000 0.00100000
v 0.00259800 -0.02650000 0.00600000
v 0.00300000 -0.02500000 0.00100000
v 0.00300000 -0.02500000 0.00600000
v 0.00300000 -0.02500000 0.00100000
v 0.00300000 -0.02500000 0.00600000
v 0.00259800 -0.02350000 0.00100000
v 0.00259800 -0.02350000 0.00600000
v 0.00259800 -0.02350000 0.00100000
v 0.00259800 -0.02350000 0.00600000
v 0.00150000 -0.02240200 0.00100000
v 0.00150000 -0.02240200 0.00600000
v 0.00150000 -0.02240200 0.00100000
v 0.00150000 -0.02240200 0.00600000
v 0.00000000 -0.02200000 0.00100000
v 0.00000000 -0.02200000 0.00600000
v -0.00150000 -0.02240200 0.00100000
v -0.00150000 -0.02240200 0.00600000
v -0.00150000 -0.02240200 0.00100000
v -0.00150000 -0.02240200 0.00600000
v -0.00259800 -0.02350000 0.00100000
v -0.00259800 -0.02350000 0.00600000
v -0.00259800 -0.02350000 0.00100000
v -0.00259800 -0.02350000 0.00600000
v -0.00300000 -0.02500000 0.00100000
v -0.00300000 -0.02500000 0.00600000
v -0.03650000 -0.06750000 0.00500000
v -0.02975000 -0.06750000 0.00500000
v -0.03650000 -0.06750000 0.06076400
v -0.02975000 -0.06750000 0.05500000
v -0.02921400 -0.06750000 0.05700000
v -0.01575000 -0.06750000 0.00500000
v -0.00900000 -0.06750000 0.00500000
v -0.01575000 -0.06750000 0.05500000
v -0.00900000 -0.06750000 0.06076400
v -0.01628600 -0.06750000 0.05700000
v -0.01775000 -0.06750000 0.05846400
v -0.02775000 -0.06750000 0.05846400
v -0.02575000 -0.06750000 0.05900000
v -0.01975000 -0.06750000 0.05900000
v -0.03750000 -0.05550000 0.00600000
v -0.03750000 -0.06250000 0.00100000
v -0.03750000 -0.05850000 0.00680400
v -0.03750000 -0.06450000 0.00153600
v -0.03750000 -0.06596400 0.00300000
v -0.03750000 -0.06069600 0.00900000
v -0.03750000 -0.06650000 0.00500000
v -0.03750000 -0.06150000 0.01200000
v -0.03750000 -0.06650000 0.06076400
v -0.03750000 -0.06150000 0.07842600
v -0.03750000 -0.06687900 0.06246300
v -0.03750000 -0.06794400 0.06384000
v -0.03750000 -0.06949300 0.06463500
v -0.03750000 -0.06102200 0.08288000
v -0.03750000 -0.07123300 0.06469600
v -0.03750000 -0.07156500 0.06462000
v -0.00800000 -0.06250000 0.00100000
v -0.00800000 -0.04239400 0.00100000
v -0.00800000 -0.04239400 0.00600000
v -0.00800000 -0.06596400 0.00300000
v -0.00800000 -0.06450000 0.00153600
v -0.00800000 -0.06650000 0.00500000
v -0.00800000 -0.05850000 0.00680400
v -0.00800000 -0.05550000 0.00600000
v -0.00800000 -0.07156500 0.06462000
v -0.00800000 -0.07123300 0.06469600
v -0.00800000 -0.06102200 0.08288000
v -0.00800000 -0.06949300 0.06463500
v -0.00800000 -0.06150000 0.07842600
v -0.00800000 -0.06794400 0.06384000
v -0.00800000 -0.06069600 0.00900000
v -0.00800000 -0.06150000 0.01200000
v -0.00800000 -0.06650000 0.06076400
v -0.00800000 -0.06687900 0.06246300
v -0.01628600 -0.06050000 0.05700000
v -0.00900000 -0.06050000 0.07842600
v -0.01575000 -0.06050000 0.05500000
v -0.00900000 -0.06050000 0.01200000
v -0.01575000 -0.06050000 0.01200000
v -0.02975000 -0.06050000 0.01200000
v -0.03650000 -0.06050000 0.01200000
v -0.02975000 -0.06050000 0.05500000
v -0.03650000 -0.06050000 0.07842600
v -0.02921400 -0.06050000 0.05700000
v -0.02775000 -0.06050000 0.05846400
v -0.01775000 -0.06050000 0.05846400
v -0.01975000 -0.06050000 0.05900000
v -0.02575000 -0.06050000 0.05900000
v -0.01675000 -0.06650000 0.00500000
v -0.01675000 -0.06650000 0.05500000
v -0.01675000 -0.06150000 0.05500000
v -0.01675000 -0.06150000 0.01200000
v -0.01675000 -0.06069600 0.00900000
v -0.01675000 -0.06596400 0.00300000
v -0.01675000 -0.05850000 0.00680400
v -0.01675000 -0.04050000 0.00600000
v -0.01675000 -0.04050000 0.00100000
v -0.01675000 -0.05550000 0.00600000
v -0.01675000 -0.06250000 0.00100000
v -0.01675000 -0.06450000 0.00153600
v -0.02875000 -0.06250000 0.00100000
v -0.02875000 -0.04050000 0.00100000
v -0.02875000 -0.04050000 0.00600000
v -0.02875000 -0.06596400 0.00300000
v -0.02875000 -0.06450000 0.00153600
v -0.02875000 -0.06650000 0.00500000
v -0.02875000 -0.05850000 0.00680400
v -0.02875000 -0.05550000 0.00600000
v -0.02875000 -0.06150000 0.05500000
v -0.02875000 -0.06650000 0.05500000
v -0.02875000 -0.06150000 0.01200000
v -0.02875000 -0.06069600 0.00900000
v -0.02575000 -0.06650000 0.05800000
v -0.02575000 -0.06150000 0.05800000
v -0.01975000 -0.06650000 0.05800000
v -0.01975000 -0.06150000 0.05800000
v -0.01975000 -0.03750000 0.00100000
v -0.01975000 -0.03750000 0.00600000
v -0.02575000 -0.03750000 0.00100000
v -0.02575000 -0.03750000 0.00600000
v 0.01700000 -0.07230200 0.06334300
v -0.00885400 -0.07230200 0.06334300
v -0.00800000 -0.07156500 0.06462000
v -0.03668000 -0.05916500 0.08609700
v -0.03720500 -0.06050000 0.08378500
v -0.04800000 -0.05700000 0.08984700
v -0.03750000 -0.06102200 0.08288000
v -0.04800000 -0.07230200 0.06334300
v -0.03750000 -0.07156500 0.06462000
v -0.03664600 -0.07230200 0.06334300
v 0.01700000 -0.05700000 0.08984700
v -0.00800000 -0.06102200 0.08288000
v -0.00830300 -0.06048300 0.08381400
v -0.00882000 -0.05916500 0.08609700
v -0.00900000 -0.05782100 0.08842600
v -0.03650000 -0.05782100 0.08842600
v 0.01700000 -0.08619500 0.10728000
v 0.01474800 -0.08394300 0.10598000
v 0.01365000 -0.08489400 0.10652900
v -0.04615000 -0.06073400 0.09258000
v -0.04574800 -0.05943500 0.09183000
v -0.04800000 -0.05718300 0.09053000
v -0.04465000 -0.05848400 0.09128100
v -0.04315000 -0.05813600 0.09108000
v 0.01700000 -0.05718300 0.09053000
v 0.01215000 -0.05813600 0.09108000
v 0.01365000 -0.05848400 0.09128100
v 0.01474800 -0.05943500 0.09183000
v 0.01515000 -0.06073400 0.09258000
v 0.01515000 -0.08264400 0.10523000
v -0.04615000 -0.08264400 0.10523000
v -0.04800000 -0.08619500 0.10728000
v -0.04574800 -0.08394300 0.10598000
v 0.01215000 -0.08524200 0.10673000
v -0.04315000 -0.08524200 0.10673000
v -0.04465000 -0.08489400 0.10652900
v 0.00630000 -0.09501700 0.07600000
v 0.01700000 -0.09501700 0.07600000
v 0.01700000 -0.10064600 0.07925000
v -0.03662500 -0.08579500 0.07067600
v -0.03744900 -0.08650800 0.07108800
v -0.04800000 -0.07317900 0.06339200
v -0.00041900 -0.09226800 0.07441300
v -0.00150000 -0.09202900 0.07427500
v -0.00050200 -0.09218000 0.07436200
v -0.00218200 -0.08915900 0.07261800
v 0.00252500 -0.08069400 0.06773100
v 0.00051400 -0.08185500 0.06840100
v 0.00075000 -0.08098700 0.06790000
v 0.01700000 -0.07317900 0.06339200
v 0.01700000 -0.07994800 0.06730000
v 0.00630000 -0.07994800 0.06730000
v -0.04800000 -0.10064600 0.07925000
v -0.03775000 -0.08748200 0.07165000
v -0.03744900 -0.08845700 0.07221300
v 0.00044900 -0.08001300 0.06733700
v -0.00037500 -0.07930000 0.06692600
v -0.00150000 -0.07903800 0.06677500
v -0.03437500 -0.08579500 0.07067600
v -0.03550000 -0.08553400 0.07052500
v -0.00041900 -0.08269600 0.06888700
v -0.00050200 -0.08278500 0.06893800
v -0.00150000 -0.08293600 0.06902500
v -0.00218200 -0.08580600 0.07068200
v -0.00262500 -0.08267500 0.06887400
v -0.00262500 -0.09229000 0.07442600
v -0.00262500 -0.07930000 0.06692600
v -0.03355100 -0.08650800 0.07108800
v -0.03662500 -0.08917000 0.07262400
v -0.03550000 -0.08943100 0.07277500
v -0.03437500 -0.08917000 0.07262400
v -0.00150000 -0.09592600 0.07652500
v -0.00037500 -0.09566500 0.07637400
v 0.00044900 -0.09495200 0.07596200
v 0.00075000 -0.09397700 0.07540000
v -0.03355100 -0.08845700 0.07221300
v -0.03325000 -0.08748200 0.07165000
v -0.00344900 -0.08001300 0.06733700
v -0.00375000 -0.08098700 0.06790000
v -0.00344900 -0.08196100 0.06846200
v -0.00344900 -0.09300300 0.07483700
v -0.00375000 -0.09397700 0.07540000
v -0.00344900 -0.09495200 0.07596200
v -0.00262500 -0.09566500 0.07637400
v 0.00252500 -0.09427100 0.07556900
v 0.00051400 -0.09310900 0.07489900
v 0.01700000 -0.08687800 0.10709700
v -0.04800000 -0.08687800 0.10709700
v 0.01700000 -0.10137800 0.08198200
v -0.04800000 -0.10137800 0.08198200
v -0.04850000 -0.10084100 0.08191100
v -0.04850000 -0.08644500 0.10684700
v -0.04850000 -0.10021600 0.07957900
v -0.04850000 -0.05743300 0.09009700
v -0.04850000 -0.07268300 0.06368300
v 0.01750000 -0.10021600 0.07957900
v 0.01750000 -0.09476700 0.07643300
v 0.01750000 -0.10084100 0.08191100
v 0.01750000 -0.09331700 0.07894400
v 0.01750000 -0.07969800 0.06773300
v 0.01750000 -0.07268300 0.06368300
v 0.01750000 -0.07824800 0.07024400
v 0.01750000 -0.05743300 0.09009700
v 0.01750000 -0.08644500 0.10684700
v -0.04565000 -0.08289400 0.10479700
v -0.04565000 -0.09704400 0.08028800
v -0.04565000 -0.06098400 0.09214700
v -0.04565000 -0.07513400 0.06763800
v -0.04315000 -0.05881900 0.09089700
v -0.04315000 -0.07296900 0.06638800
v 0.01215000 -0.05881900 0.09089700
v 0.01215000 -0.07296900 0.06638800
v 0.01465000 -0.09366700 0.07833800
v 0.01465000 -0.09704400 0.08028800
v 0.01465000 -0.08289400 0.10479700
v 0.01465000 -0.07859800 0.06963800
v 0.01465000 -0.07928100 0.06945500
v 0.01465000 -0.07893100 0.07006100
v 0.01465000 -0.09348400 0.07765500
v 0.01465000 -0.09313400 0.07826100
v 0.01465000 -0.06098400 0.09214700
v 0.01465000 -0.07513400 0.06763800
v 0.01215000 -0.08505900 0.10604700
v 0.01215000 -0.09920900 0.08153800
v -0.04315000 -0.08505900 0.10604700
v -0.04315000 -0.09920900 0.08153800
v -0.00320000 -0.07963700 0.07023800
v -0.00297200 -0.07890100 0.06981300
v -0.04315000 -0.07296900 0.06638800
v -0.00235000 -0.07836200 0.06950200
v -0.00150000 -0.07816500 0.06938800
v 0.01215000 -0.07296900 0.06638800
v 0.01215000 -0.09920900 0.08153800
v -0.03465000 -0.08740700 0.07472400
v -0.04315000 -0.09920900 0.08153800
v -0.03550000 -0.08760400 0.07483800
v -0.04440000 -0.09891900 0.08137100
v -0.03635000 -0.08740700 0.07472400
v -0.04531500 -0.09812700 0.08091300
v -0.04565000 -0.09704400 0.08028800
v -0.03697200 -0.08686800 0.07441300
v -0.03720000 -0.08613200 0.07398800
v -0.04565000 -0.07513400 0.06763800
v -0.03697200 -0.08539600 0.07356300
v -0.04531500 -0.07405100 0.06701300
v -0.03635000 -0.08485700 0.07325200
v -0.03402800 -0.08539600 0.07356300
v -0.00235000 -0.08091200 0.07097400
v -0.00297200 -0.08037300 0.07066300
v -0.00065000 -0.09390200 0.07847400
v -0.00150000 -0.09410000 0.07858800
v -0.00235000 -0.09390200 0.07847400
v -0.00297200 -0.09336400 0.07816300
v -0.00320000 -0.09262700 0.07773800
v -0.03465000 -0.08485700 0.07325200
v -0.03550000 -0.08466000 0.07313800
v -0.04440000 -0.07325900 0.06655600
v -0.00002800 -0.09336400 0.07816300
v 0.00630000 -0.09366700 0.07833800
v 0.00020000 -0.09262700 0.07773800
v 0.00252500 -0.09292100 0.07790700
v -0.00002800 -0.09189100 0.07731300
v 0.01465000 -0.09704400 0.08028800
v 0.01465000 -0.09366700 0.07833800
v 0.00630000 -0.07859800 0.06963800
v 0.01465000 -0.07859800 0.06963800
v 0.01465000 -0.07513400 0.06763800
v -0.00235000 -0.09135200 0.07700200
v -0.00297200 -0.09189100 0.07731300
v -0.03380000 -0.08613200 0.07398800
v -0.03402800 -0.08686800 0.07441300
v 0.01431500 -0.09812700 0.08091300
v 0.01340000 -0.09891900 0.08137100
v -0.00065000 -0.07836200 0.06950200
v -0.00002800 -0.07890100 0.06981300
v 0.01340000 -0.07325900 0.06655600
v 0.00020000 -0.07963700 0.07023800
v 0.01431500 -0.07405100 0.06701300
v 0.00252500 -0.07934400 0.07006900
v -0.00065000 -0.09135200 0.07700200
v -0.00050200 -0.09083000 0.07670000
v -0.00150000 -0.09115500 0.07688800
v -0.00218200 -0.08780900 0.07495600
v -0.00218200 -0.08445600 0.07302000
v -0.00150000 -0.08110900 0.07108800
v -0.00065000 -0.08091200 0.07097400
v -0.00050200 -0.08143500 0.07127600
v -0.00002800 -0.08037300 0.07066300
v 0.01700000 -0.09313400 0.07826100
v 0.01465000 -0.09313400 0.07826100
v 0.01700000 -0.07893100 0.07006100
v 0.01465000 -0.07893100 0.07006100
v 0.00630000 -0.07928100 0.06945500
v 0.00630000 -0.08013100 0.06798300
v 0.01465000 -0.07928100 0.06945500
v 0.01700000 -0.08013100 0.06798300
v 0.01465000 -0.07893100 0.07006100
v 0.01700000 -0.07893100 0.07006100
v 0.00630000 -0.09348400 0.07765500
v 0.00630000 -0.09433400 0.07618300
v 0.00274200 -0.09278000 0.07724900
v 0.00274200 -0.09363000 0.07577700
v -0.00011100 -0.09081000 0.07611200
v -0.00011100 -0.09166000 0.07463900
v -0.00169400 -0.08796200 0.07446800
v -0.00169400 -0.08881200 0.07299500
v -0.00169400 -0.08480200 0.07264300
v -0.00169400 -0.08565200 0.07117100
v -0.00011100 -0.08195500 0.07099900
v -0.00011100 -0.08280500 0.06952700
v 0.00274200 -0.07998400 0.06986100
v 0.00274200 -0.08083400 0.06838900
v 0.01465000 -0.09313400 0.07826100
v 0.01700000 -0.09313400 0.07826100
v 0.01465000 -0.09348400 0.07765500
v 0.01700000 -0.09433400 0.07618300
v 0.01398000 -0.02364600 0.01548700
v 0.01398000 -0.02240300 0.00700000
v 0.01398000 -0.02337500 0.01650000
v 0.01398000 -0.02240300 0.02000000
v 0.01398000 -0.02364600 0.01751300
v 0.01398000 -0.02438800 0.01474600
v 0.01398000 -0.02540000 0.01447500
v 0.01398000 -0.02850000 0.00700000
v 0.01398000 -0.02641300 0.01474600
v 0.01398000 -0.02715400 0.01548700
v 0.01398000 -0.02742500 0.01650000
v 0.01398000 -0.02850000 0.02000000
v 0.01398000 -0.02715400 0.01751300
v 0.01398000 -0.02641300 0.01825400
v 0.01398000 -0.02540000 0.01852500
v 0.01398000 -0.02438800 0.01825400
v 0.01173400 -0.01850000 0.02000000
v 0.01173400 -0.01850000 0.00700000
v 0.00800000 -0.01850000 0.02000000
v 0.00800000 -0.01850000 0.00700000
v 0.00600000 -0.02682900 0.01567500
v 0.00600000 -0.02850000 0.00700000
v 0.00600000 -0.02705000 0.01650000
v 0.00600000 -0.02850000 0.02000000
v 0.00600000 -0.02682900 0.01732500
v 0.00600000 -0.02622500 0.01507100
v 0.00600000 -0.02540000 0.01485000
v 0.00600000 -0.02050000 0.00700000
v 0.00600000 -0.02457500 0.01507100
v 0.00600000 -0.02397100 0.01567500
v 0.00600000 -0.02050000 0.02000000
v 0.00600000 -0.02375000 0.01650000
v 0.00600000 -0.02397100 0.01732500
v 0.00600000 -0.02457500 0.01792900
v 0.00600000 -0.02540000 0.01815000
v 0.00600000 -0.02622500 0.01792900
v 0.00800000 -0.03050000 0.02000000
v 0.00800000 -0.03050000 0.00700000
v 0.01198000 -0.03050000 0.02000000
v 0.01198000 -0.03050000 0.00700000
v 0.01348000 -0.02264000 0.02050000
v 0.01204400 -0.02091900 0.02050000
v 0.01348000 -0.02850000 0.02050000
v 0.00650000 -0.02850000 0.02050000
v 0.00800000 -0.01900000 0.02050000
v 0.00725000 -0.01920100 0.02050000
v 0.00670100 -0.01975000 0.02050000
v 0.01131400 -0.01900000 0.02050000
v 0.00650000 -0.02050000 0.02050000
v 0.01273000 -0.02979900 0.02050000
v 0.01327900 -0.02925000 0.02050000
v 0.01198000 -0.03000000 0.02050000
v 0.00800000 -0.03000000 0.02050000
v 0.00725000 -0.02979900 0.02050000
v 0.00670100 -0.02925000 0.02050000
v -0.00600000 -0.02457500 0.01792900
v -0.00600000 -0.02397100 0.01732500
v -0.00600000 -0.02050000 0.02000000
v -0.00600000 -0.02375000 0.01650000
v -0.00600000 -0.02050000 0.00700000
v -0.00600000 -0.02540000 0.01815000
v -0.00600000 -0.02850000 0.02000000
v -0.00600000 -0.02622500 0.01792900
v -0.00600000 -0.02397100 0.01567500
v -0.00600000 -0.02457500 0.01507100
v -0.00600000 -0.02850000 0.00700000
v -0.00600000 -0.02540000 0.01485000
v -0.00600000 -0.02622500 0.01507100
v -0.00600000 -0.02682900 0.01567500
v -0.00600000 -0.02705000 0.01650000
v -0.00600000 -0.02682900 0.01732500
v -0.00800000 -0.01850000 0.02000000
v -0.00800000 -0.01850000 0.00700000
v -0.01173400 -0.01850000 0.02000000
v -0.01173400 -0.01850000 0.00700000
v -0.01398000 -0.02715400 0.01751300
v -0.01398000 -0.02742500 0.01650000
v -0.01398000 -0.02850000 0.02000000
v -0.01398000 -0.02850000 0.00700000
v -0.01398000 -0.02438800 0.01474600
v -0.01398000 -0.02364600 0.01548700
v -0.01398000 -0.02240300 0.00700000
v -0.01398000 -0.02337500 0.01650000
v -0.01398000 -0.02240300 0.02000000
v -0.01398000 -0.02364600 0.01751300
v -0.01398000 -0.02438800 0.01825400
v -0.01398000 -0.02540000 0.01852500
v -0.01398000 -0.02641300 0.01825400
v -0.01398000 -0.02715400 0.01548700
v -0.01398000 -0.02641300 0.01474600
v -0.01398000 -0.02540000 0.01447500
v -0.01198000 -0.03050000 0.02000000
v -0.01198000 -0.03050000 0.00700000
v -0.00800000 -0.03050000 0.02000000
v -0.00800000 -0.03050000 0.00700000
v -0.00800000 -0.01900000 0.02050000
v -0.01131400 -0.01900000 0.02050000
v -0.01204400 -0.02091900 0.02050000
v -0.01327900 -0.02925000 0.02050000
v -0.01273000 -0.02979900 0.02050000
v -0.01348000 -0.02850000 0.02050000
v -0.01198000 -0.03000000 0.02050000
v -0.01348000 -0.02264000 0.02050000
v -0.00800000 -0.03000000 0.02050000
v -0.00725000 -0.02979900 0.02050000
v -0.00670100 -0.01975000 0.02050000
v -0.00725000 -0.01920100 0.02050000
v -0.00650000 -0.02050000 0.02050000
v -0.00650000 -0.02850000 0.02050000
v -0.00670100 -0.02925000 0.02050000
v -0.00800000 0.03050000 0.02000000
v -0.00800000 0.03050000 0.00700000
v -0.01198000 0.03050000 0.02000000
v -0.01198000 0.03050000 0.00700000
v -0.01398000 0.02364600 0.01548700
v -0.01398000 0.02240300 0.00700000
v -0.01398000 0.02337500 0.01650000
v -0.01398000 0.02240300 0.02000000
v -0.01398000 0.02364600 0.01751300
v -0.01398000 0.02850000 0.02000000
v -0.01398000 0.02641300 0.01825400
v -0.01398000 0.02540000 0.01852500
v -0.01398000 0.02438800 0.01825400
v -0.01398000 0.02850000 0.00700000
v -0.01398000 0.02715400 0.01548700
v -0.01398000 0.02742500 0.01650000
v -0.01398000 0.02715400 0.01751300
v -0.01398000 0.02438800 0.01474600
v -0.01398000 0.02540000 0.01447500
v -0.01398000 0.02641300 0.01474600
v -0.01173400 0.01850000 0.02000000
v -0.01173400 0.01850000 0.00700000
v -0.00800000 0.01850000 0.02000000
v -0.00800000 0.01850000 0.00700000
v -0.00600000 0.02682900 0.01567500
v -0.00600000 0.02850000 0.00700000
v -0.00600000 0.02705000 0.01650000
v -0.00600000 0.02850000 0.02000000
v -0.00600000 0.02682900 0.01732500
v -0.00600000 0.02397100 0.01732500
v -0.00600000 0.02457500 0.01792900
v -0.00600000 0.02050000 0.02000000
v -0.00600000 0.02540000 0.01815000
v -0.00600000 0.02622500 0.01792900
v -0.00600000 0.02050000 0.00700000
v -0.00600000 0.02397100 0.01567500
v -0.00600000 0.02375000 0.01650000
v -0.00600000 0.02622500 0.01507100
v -0.00600000 0.02540000 0.01485000
v -0.00600000 0.02457500 0.01507100
v -0.01348000 0.02850000 0.02050000
v -0.01348000 0.02264000 0.02050000
v -0.01204400 0.02091900 0.02050000
v -0.00650000 0.02050000 0.02050000
v -0.00650000 0.02850000 0.02050000
v -0.00670100 0.02925000 0.02050000
v -0.01198000 0.03000000 0.02050000
v -0.01273000 0.02979900 0.02050000
v -0.01327900 0.02925000 0.02050000
v -0.00725000 0.01920100 0.02050000
v -0.00670100 0.01975000 0.02050000
v -0.00800000 0.01900000 0.02050000
v -0.01131400 0.01900000 0.02050000
v -0.00800000 0.03000000 0.02050000
v -0.00725000 0.02979900 0.02050000
v 0.01198000 0.03050000 0.02000000
v 0.01198000 0.03050000 0.00700000
v 0.00800000 0.03050000 0.02000000
v 0.00800000 0.03050000 0.00700000
v 0.00600000 0.02397100 0.01732500
v 0.00600000 0.02375000 0.01650000
v 0.00600000 0.02050000 0.02000000
v 0.00600000 0.02050000 0.00700000
v 0.00600000 0.02397100 0.01567500
v 0.00600000 0.02457500 0.01507100
v 0.00600000 0.02850000 0.00700000
v 0.00600000 0.02540000 0.01485000
v 0.00600000 0.02622500 0.01507100
v 0.00600000 0.02682900 0.01567500
v 0.00600000 0.02705000 0.01650000
v 0.00600000 0.02850000 0.02000000
v 0.00600000 0.02682900 0.01732500
v 0.00600000 0.02622500 0.01792900
v 0.00600000 0.02540000 0.01815000
v 0.00600000 0.02457500 0.01792900
v 0.00800000 0.01850000 0.02000000
v 0.00800000 0.01850000 0.00700000
v 0.01173400 0.01850000 0.02000000
v 0.01173400 0.01850000 0.00700000
v 0.01398000 0.02715400 0.01751300
v 0.01398000 0.02742500 0.01650000
v 0.01398000 0.02850000 0.02000000
v 0.01398000 0.02850000 0.00700000
v 0.01398000 0.02715400 0.01548700
v 0.01398000 0.02641300 0.01474600
v 0.01398000 0.02240300 0.00700000
v 0.01398000 0.02540000 0.01447500
v 0.01398000 0.02438800 0.01474600
v 0.01398000 0.02364600 0.01548700
v 0.01398000 0.02337500 0.01650000
v 0.01398000 0.02240300 0.02000000
v 0.01398000 0.02364600 0.01751300
v 0.01398000 0.02438800 0.01825400
v 0.01398000 0.02540000 0.01852500
v 0.01398000 0.02641300 0.01825400
v 0.00800000 0.01900000 0.02050000
v 0.01131400 0.01900000 0.02050000
v 0.01204400 0.02091900 0.02050000
v 0.01198000 0.03000000 0.02050000
v 0.00800000 0.03000000 0.02050000
v 0.00725000 0.02979900 0.02050000
v 0.00670100 0.01975000 0.02050000
v 0.00725000 0.01920100 0.02050000
v 0.00650000 0.02050000 0.02050000
v 0.00650000 0.02850000 0.02050000
v 0.00670100 0.02925000 0.02050000
v 0.01327900 0.02925000 0.02050000
v 0.01273000 0.02979900 0.02050000
v 0.01348000 0.02850000 0.02050000
v 0.01348000 0.02264000 0.02050000
v -0.00150000 -0.08092600 0.07040500
v -0.00150000 -0.08150100 0.06940900
v -0.00210000 -0.08078700 0.07032500
v -0.00210000 -0.08136200 0.06932900
v -0.00253900 -0.08040700 0.07010500
v -0.00253900 -0.08098200 0.06910900
v -0.00253900 -0.08040700 0.07010500
v -0.00253900 -0.08098200 0.06910900
v -0.00270000 -0.07988700 0.06980500
v -0.00270000 -0.08046200 0.06880900
v -0.00253900 -0.07936700 0.06950500
v -0.00253900 -0.07994200 0.06850900
v -0.00210000 -0.07898700 0.06928600
v -0.00210000 -0.07956200 0.06829000
v -0.00210000 -0.07898700 0.06928600
v -0.00210000 -0.07956200 0.06829000
v -0.00150000 -0.07884800 0.06920500
v -0.00150000 -0.07942300 0.06820900
v -0.00090000 -0.07898700 0.06928600
v -0.00090000 -0.07956200 0.06829000
v -0.00090000 -0.07898700 0.06928600
v -0.00090000 -0.07956200 0.06829000
v -0.00046100 -0.07936700 0.06950500
v -0.00046100 -0.07994200 0.06850900
v -0.00030000 -0.07988700 0.06980500
v -0.00030000 -0.08046200 0.06880900
v -0.00030000 -0.07988700 0.06980500
v -0.00030000 -0.08046200 0.06880900
v -0.00046100 -0.08040700 0.07010500
v -0.00046100 -0.08098200 0.06910900
v -0.00046100 -0.08040700 0.07010500
v -0.00046100 -0.08098200 0.06910900
v -0.00090000 -0.08078700 0.07032500
v -0.00090000 -0.08136200 0.06932900
v -0.00150000 -0.08092600 0.07040500
v -0.00150000 -0.08150100 0.06940900
v 0.00044900 -0.08001300 0.06733700
v 0.00075000 -0.08098700 0.06790000
v -0.00030000 -0.08046200 0.06880900
v 0.00051400 -0.08185500 0.06840100
v -0.00046100 -0.08098200 0.06910900
v 0.00007700 -0.08226500 0.06871300
v -0.00090000 -0.08136200 0.06932900
v -0.00041900 -0.08269600 0.06888700
v -0.00150000 -0.08150100 0.06940900
v -0.00150000 -0.08293600 0.06902500
v -0.00210000 -0.08136200 0.06932900
v -0.00262500 -0.08267500 0.06887400
v -0.00253900 -0.08098200 0.06910900
v -0.00344900 -0.08196100 0.06846200
v -0.00270000 -0.08046200 0.06880900
v -0.00375000 -0.08098700 0.06790000
v -0.00253900 -0.07994200 0.06850900
v -0.00344900 -0.08001300 0.06733700
v -0.00210000 -0.07956200 0.06829000
v -0.00262500 -0.07930000 0.06692600
v -0.00150000 -0.07942300 0.06820900
v -0.00150000 -0.07903800 0.06677500
v -0.00090000 -0.07956200 0.06829000
v -0.00037500 -0.07930000 0.06692600
v -0.00046100 -0.07994200 0.06850900
v -0.00150000 -0.09391700 0.07790500
v -0.00150000 -0.09449200 0.07690900
v -0.00210000 -0.09377700 0.07782500
v -0.00210000 -0.09435200 0.07682900
v -0.00210000 -0.09377700 0.07782500
v -0.00210000 -0.09435200 0.07682900
v -0.00253900 -0.09339700 0.07760500
v -0.00253900 -0.09397200 0.07660900
v -0.00270000 -0.09287700 0.07730500
v -0.00270000 -0.09345200 0.07630900
v -0.00253900 -0.09235800 0.07700500
v -0.00253900 -0.09293300 0.07600900
v -0.00253900 -0.09235800 0.07700500
v -0.00253900 -0.09293300 0.07600900
v -0.00210000 -0.09197700 0.07678600
v -0.00210000 -0.09255200 0.07579000
v -0.00150000 -0.09183800 0.07670500
v -0.00150000 -0.09241300 0.07570900
v -0.00150000 -0.09183800 0.07670500
v -0.00150000 -0.09241300 0.07570900
v -0.00090000 -0.09197700 0.07678600
v -0.00090000 -0.09255200 0.07579000
v -0.00046100 -0.09235800 0.07700500
v -0.00046100 -0.09293300 0.07600900
v -0.00046100 -0.09235800 0.07700500
v -0.00046100 -0.09293300 0.07600900
v -0.00030000 -0.09287700 0.07730500
v -0.00030000 -0.09345200 0.07630900
v -0.00030000 -0.09287700 0.07730500
v -0.00030000 -0.09345200 0.07630900
v -0.00046100 -0.09339700 0.07760500
v -0.00046100 -0.09397200 0.07660900
v -0.00090000 -0.09377700 0.07782500
v -0.00090000 -0.09435200 0.07682900
v -0.00090000 -0.09377700 0.07782500
v -0.00090000 -0.09435200 0.07682900
v -0.00041900 -0.09226800 0.07441300
v -0.00090000 -0.09255200 0.07579000
v -0.00150000 -0.09241300 0.07570900
v -0.00046100 -0.09293300 0.07600900
v 0.00007400 -0.09263200 0.07469800
v 0.00051400 -0.09310900 0.07489900
v -0.00030000 -0.09345200 0.07630900
v 0.00075000 -0.09397700 0.07540000
v -0.00046100 -0.09397200 0.07660900
v 0.00044900 -0.09495200 0.07596200
v -0.00090000 -0.09435200 0.07682900
v -0.00037500 -0.09566500 0.07637400
v -0.00150000 -0.09449200 0.07690900
v -0.00150000 -0.09592600 0.07652500
v -0.00210000 -0.09435200 0.07682900
v -0.00262500 -0.09566500 0.07637400
v -0.00253900 -0.09397200 0.07660900
v -0.00344900 -0.09495200 0.07596200
v -0.00270000 -0.09345200 0.07630900
v -0.00375000 -0.09397700 0.07540000
v -0.00253900 -0.09293300 0.07600900
v -0.00344900 -0.09300300 0.07483700
v -0.00210000 -0.09255200 0.07579000
v -0.00262500 -0.09229000 0.07442600
v -0.00150000 -0.09202900 0.07427500
v -0.03550000 -0.08742100 0.07415500
v -0.03550000 -0.08799600 0.07315900
v -0.03610000 -0.08728200 0.07407500
v -0.03610000 -0.08785700 0.07307900
v -0.03653900 -0.08690200 0.07385500
v -0.03653900 -0.08747700 0.07285900
v -0.03653900 -0.08690200 0.07385500
v -0.03653900 -0.08747700 0.07285900
v -0.03670000 -0.08638200 0.07355500
v -0.03670000 -0.08695700 0.07255900
v -0.03653900 -0.08586300 0.07325500
v -0.03653900 -0.08643800 0.07225900
v -0.03653900 -0.08586300 0.07325500
v -0.03653900 -0.08643800 0.07225900
v -0.03610000 -0.08548200 0.07303600
v -0.03610000 -0.08605700 0.07204000
v -0.03610000 -0.08548200 0.07303600
v -0.03610000 -0.08605700 0.07204000
v -0.03550000 -0.08534300 0.07295500
v -0.03550000 -0.08591800 0.07195900
v -0.03490000 -0.08548200 0.07303600
v -0.03490000 -0.08605700 0.07204000
v -0.03446100 -0.08586300 0.07325500
v -0.03446100 -0.08643800 0.07225900
v -0.03430000 -0.08638200 0.07355500
v -0.03430000 -0.08695700 0.07255900
v -0.03446100 -0.08690200 0.07385500
v -0.03446100 -0.08747700 0.07285900
v -0.03446100 -0.08690200 0.07385500
v -0.03446100 -0.08747700 0.07285900
v -0.03490000 -0.08728200 0.07407500
v -0.03490000 -0.08785700 0.07307900
v -0.03490000 -0.08728200 0.07407500
v -0.03490000 -0.08785700 0.07307900
v -0.03610000 -0.08785700 0.07307900
v -0.03662500 -0.08917000 0.07262400
v -0.03653900 -0.08747700 0.07285900
v -0.03744900 -0.08845700 0.07221300
v -0.03670000 -0.08695700 0.07255900
v -0.03775000 -0.08748200 0.07165000
v -0.03653900 -0.08643800 0.07225900
v -0.03744900 -0.08650800 0.07108800
v -0.03610000 -0.08605700 0.07204000
v -0.03662500 -0.08579500 0.07067600
v -0.03550000 -0.08591800 0.07195900
v -0.03550000 -0.08553400 0.07052500
v -0.03490000 -0.08605700 0.07204000
v -0.03437500 -0.08579500 0.07067600
v -0.03446100 -0.08643800 0.07225900
v -0.03355100 -0.08650800 0.07108800
v -0.03430000 -0.08695700 0.07255900
v -0.03325000 -0.08748200 0.07165000
v -0.03446100 -0.08747700 0.07285900
v -0.03355100 -0.08845700 0.07221300
v -0.03490000 -0.08785700 0.07307900
v -0.03437500 -0.08917000 0.07262400
v -0.03550000 -0.08799600 0.07315900
v -0.03550000 -0.08943100 0.07277500
v 0.00600000 0.02540000 0.01815000
v 0.01360500 0.02540000 0.01815000
v 0.00600000 0.02457500 0.01792900
v 0.01360500 0.02457500 0.01792900
v 0.00600000 0.02397100 0.01732500
v 0.01360500 0.02397100 0.01732500
v 0.00600000 0.02397100 0.01732500
v 0.01360500 0.02397100 0.01732500
v 0.00600000 0.02375000 0.01650000
v 0.01360500 0.02375000 0.01650000
v 0.00600000 0.02375000 0.01650000
v 0.01360500 0.02375000 0.01650000
v 0.00600000 0.02397100 0.01567500
v 0.01360500 0.02397100 0.01567500
v 0.00600000 0.02457500 0.01507100
v 0.01360500 0.02457500 0.01507100
v 0.00600000 0.02457500 0.01507100
v 0.01360500 0.02457500 0.01507100
v 0.00600000 0.02540000 0.01485000
v 0.01360500 0.02540000 0.01485000
v 0.00600000 0.02622500 0.01507100
v 0.01360500 0.02622500 0.01507100
v 0.00600000 0.02622500 0.01507100
v 0.01360500 0.02622500 0.01507100
v 0.00600000 0.02682900 0.01567500
v 0.01360500 0.02682900 0.01567500
v 0.00600000 0.02682900 0.01567500
v 0.01360500 0.02682900 0.01567500
v 0.00600000 0.02705000 0.01650000
v 0.01360500 0.02705000 0.01650000
v 0.00600000 0.02682900 0.01732500
v 0.01360500 0.02682900 0.01732500
v 0.00600000 0.02682900 0.01732500
v 0.01360500 0.02682900 0.01732500
v 0.00600000 0.02622500 0.01792900
v 0.01360500 0.02622500 0.01792900
v 0.00600000 0.02540000 0.01815000
v 0.01360500 0.02540000 0.01815000
v 0.01360500 0.02457500 0.01792900
v 0.01398000 0.02438800 0.01825400
v 0.01360500 0.02397100 0.01732500
v 0.01398000 0.02364600 0.01751300
v 0.01360500 0.02375000 0.01650000
v 0.01398000 0.02337500 0.01650000
v 0.01360500 0.02397100 0.01567500
v 0.01398000 0.02364600 0.01548700
v 0.01360500 0.02457500 0.01507100
v 0.01398000 0.02438800 0.01474600
v 0.01360500 0.02540000 0.01485000
v 0.01398000 0.02540000 0.01447500
v 0.01360500 0.02622500 0.01507100
v 0.01398000 0.02641300 0.01474600
v 0.01360500 0.02682900 0.01567500
v 0.01398000 0.02715400 0.01548700
v 0.01360500 0.02705000 0.01650000
v 0.01398000 0.02742500 0.01650000
v 0.01360500 0.02682900 0.01732500
v 0.01398000 0.02715400 0.01751300
v 0.01360500 0.02622500 0.01792900
v 0.01398000 0.02641300 0.01825400
v 0.01360500 0.02540000 0.01815000
v 0.01398000 0.02540000 0.01852500
v 0.00600000 -0.02540000 0.01815000
v 0.01360500 -0.02540000 0.01815000
v 0.00600000 -0.02622500 0.01792900
v 0.01360500 -0.02622500 0.01792900
v 0.00600000 -0.02682900 0.01732500
v 0.01360500 -0.02682900 0.01732500
v 0.00600000 -0.02682900 0.01732500
v 0.01360500 -0.02682900 0.01732500
v 0.00600000 -0.02705000 0.01650000
v 0.01360500 -0.02705000 0.01650000
v 0.00600000 -0.02682900 0.01567500
v 0.01360500 -0.02682900 0.01567500
v 0.00600000 -0.02682900 0.01567500
v 0.01360500 -0.02682900 0.01567500
v 0.00600000 -0.02622500 0.01507100
v 0.01360500 -0.02622500 0.01507100
v 0.00600000 -0.02622500 0.01507100
v 0.01360500 -0.02622500 0.01507100
v 0.00600000 -0.02540000 0.01485000
v 0.01360500 -0.02540000 0.01485000
v 0.00600000 -0.02457500 0.01507100
v 0.01360500 -0.02457500 0.01507100
v 0.00600000 -0.02457500 0.01507100
v 0.01360500 -0.02457500 0.01507100
v 0.00600000 -0.02397100 0.01567500
v 0.01360500 -0.02397100 0.01567500
v 0.00600000 -0.02375000 0.01650000
v 0.01360500 -0.02375000 0.01650000
v 0.00600000 -0.02375000 0.01650000
v 0.01360500 -0.02375000 0.01650000
v 0.00600000 -0.02397100 0.01732500
v 0.01360500 -0.02397100 0.01732500
v 0.00600000 -0.02397100 0.01732500
v 0.01360500 -0.02397100 0.01732500
v 0.00600000 -0.02457500 0.01792900
v 0.01360500 -0.02457500 0.01792900
v 0.00600000 -0.02540000 0.01815000
v 0.01360500 -0.02540000 0.01815000
v 0.01360500 -0.02622500 0.01792900
v 0.01398000 -0.02641300 0.01825400
v 0.01360500 -0.02682900 0.01732500
v 0.01398000 -0.02715400 0.01751300
v 0.01360500 -0.02705000 0.01650000
v 0.01398000 -0.02742500 0.01650000
v 0.01360500 -0.02682900 0.01567500
v 0.01398000 -0.02715400 0.01548700
v 0.01360500 -0.02622500 0.01507100
v 0.01398000 -0.02641300 0.01474600
v 0.01360500 -0.02540000 0.01485000
v 0.01398000 -0.02540000 0.01447500
v 0.01360500 -0.02457500 0.01507100
v 0.01398000 -0.02438800 0.01474600
v 0.01360500 -0.02397100 0.01567500
v 0.01398000 -0.02364600 0.01548700
v 0.01360500 -0.02375000 0.01650000
v 0.01398000 -0.02337500 0.01650000
v 0.01360500 -0.02397100 0.01732500
v 0.01398000 -0.02364600 0.01751300
v 0.01360500 -0.02457500 0.01792900
v 0.01398000 -0.02438800 0.01825400
v 0.01360500 -0.02540000 0.01815000
v 0.01398000 -0.02540000 0.01852500
v -0.00600000 0.02540000 0.01485000
v -0.01360500 0.02540000 0.01485000
v -0.00600000 0.02457500 0.01507100
v -0.01360500 0.02457500 0.01507100
v -0.00600000 0.02457500 0.01507100
v -0.01360500 0.02457500 0.01507100
v -0.00600000 0.02397100 0.01567500
v -0.01360500 0.02397100 0.01567500
v -0.00600000 0.02375000 0.01650000
v -0.01360500 0.02375000 0.01650000
v -0.00600000 0.02375000 0.01650000
v -0.01360500 0.02375000 0.01650000
v -0.00600000 0.02397100 0.01732500
v -0.01360500 0.02397100 0.01732500
v -0.00600000 0.02397100 0.01732500
v -0.01360500 0.02397100 0.01732500
v -0.00600000 0.02457500 0.01792900
v -0.01360500 0.02457500 0.01792900
v -0.00600000 0.02540000 0.01815000
v -0.01360500 0.02540000 0.01815000
v -0.00600000 0.02540000 0.01815000
v -0.01360500 0.02540000 0.01815000
v -0.00600000 0.02622500 0.01792900
v -0.01360500 0.02622500 0.01792900
v -0.00600000 0.02682900 0.01732500
v -0.01360500 0.02682900 0.01732500
v -0.00600000 0.02682900 0.01732500
v -0.01360500 0.02682900 0.01732500
v -0.00600000 0.02705000 0.01650000
v -0.01360500 0.02705000 0.01650000
v -0.00600000 0.02682900 0.01567500
v -0.01360500 0.02682900 0.01567500
v -0.00600000 0.02682900 0.01567500
v -0.01360500 0.02682900 0.01567500
v -0.00600000 0.02622500 0.01507100
v -0.01360500 0.02622500 0.01507100
v -0.00600000 0.02622500 0.01507100
v -0.01360500 0.02622500 0.01507100
v -0.01360500 0.02457500 0.01507100
v -0.01398000 0.02438800 0.01474600
v -0.01360500 0.02397100 0.01567500
v -0.01398000 0.02364600 0.01548700
v -0.01360500 0.02375000 0.01650000
v -0.01398000 0.02337500 0.01650000
v -0.01360500 0.02397100 0.01732500
v -0.01398000 0.02364600 0.01751300
v -0.01360500 0.02457500 0.01792900
v -0.01398000 0.02438800 0.01825400
v -0.01360500 0.02540000 0.01815000
v -0.01398000 0.02540000 0.01852500
v -0.01360500 0.02622500 0.01792900
v -0.01398000 0.02641300 0.01825400
v -0.01360500 0.02682900 0.01732500
v -0.01398000 0.02715400 0.01751300
v -0.01360500 0.02705000 0.01650000
v -0.01398000 0.02742500 0.01650000
v -0.01360500 0.02682900 0.01567500
v -0.01398000 0.02715400 0.01548700
v -0.01360500 0.02622500 0.01507100
v -0.01398000 0.02641300 0.01474600
v -0.01360500 0.02540000 0.01485000
v -0.01398000 0.02540000 0.01447500
v -0.00600000 -0.02540000 0.01485000
v -0.01360500 -0.02540000 0.01485000
v -0.00600000 -0.02622500 0.01507100
v -0.01360500 -0.02622500 0.01507100
v -0.00600000 -0.02622500 0.01507100
v -0.01360500 -0.02622500 0.01507100
v -0.00600000 -0.02682900 0.01567500
v -0.01360500 -0.02682900 0.01567500
v -0.00600000 -0.02682900 0.01567500
v -0.01360500 -0.02682900 0.01567500
v -0.00600000 -0.02705000 0.01650000
v -0.01360500 -0.02705000 0.01650000
v -0.00600000 -0.02682900 0.01732500
v -0.01360500 -0.02682900 0.01732500
v -0.00600000 -0.02682900 0.01732500
v -0.01360500 -0.02682900 0.01732500
v -0.00600000 -0.02622500 0.01792900
v -0.01360500 -0.02622500 0.01792900
v -0.00600000 -0.02540000 0.01815000
v -0.01360500 -0.02540000 0.01815000
v -0.00600000 -0.02540000 0.01815000
v -0.01360500 -0.02540000 0.01815000
v -0.00600000 -0.02457500 0.01792900
v -0.01360500 -0.02457500 0.01792900
v -0.00600000 -0.02397100 0.01732500
v -0.01360500 -0.02397100 0.01732500
v -0.00600000 -0.02397100 0.01732500
v -0.01360500 -0.02397100 0.01732500
v -0.00600000 -0.02375000 0.01650000
v -0.01360500 -0.02375000 0.01650000
v -0.00600000 -0.02375000 0.01650000
v -0.01360500 -0.02375000 0.01650000
v -0.00600000 -0.02397100 0.01567500
v -0.01360500 -0.02397100 0.01567500
v -0.00600000 -0.02457500 0.01507100
v -0.01360500 -0.02457500 0.01507100
v -0.00600000 -0.02457500 0.01507100
v -0.01360500 -0.02457500 0.01507100
v -0.01360500 -0.02622500 0.01507100
v -0.01398000 -0.02641300 0.01474600
v -0.01360500 -0.02682900 0.01567500
v -0.01398000 -0.02715400 0.01548700
v -0.01360500 -0.02705000 0.01650000
v -0.01398000 -0.02742500 0.01650000
v -0.01360500 -0.02682900 0.01732500
v -0.01398000 -0.02715400 0.01751300
v -0.01360500 -0.02622500 0.01792900
v -0.01398000 -0.02641300 0.01825400
v -0.01360500 -0.02540000 0.01815000
v -0.01398000 -0.02540000 0.01852500
v -0.01360500 -0.02457500 0.01792900
v -0.01398000 -0.02438800 0.01825400
v -0.01360500 -0.02397100 0.01732500
v -0.01398000 -0.02364600 0.01751300
v -0.01360500 -0.02375000 0.01650000
v -0.01398000 -0.02337500 0.01650000
v -0.01360500 -0.02397100 0.01567500
v -0.01398000 -0.02364600 0.01548700
v -0.01360500 -0.02457500 0.01507100
v -0.01398000 -0.02438800 0.01474600
v -0.01360500 -0.02540000 0.01485000
v -0.01398000 -0.02540000 0.01447500
v -0.01715200 -0.03900000 0.00100000
v -0.01715200 -0.03900000 0.00600000
v -0.01825000 -0.03790200 0.00100000
v -0.01825000 -0.03790200 0.00600000
v -0.01825000 -0.03790200 0.00100000
v -0.01825000 -0.03790200 0.00600000
v -0.02834800 -0.03900000 0.00600000
v -0.02834800 -0.03900000 0.00100000
v -0.02834800 -0.03900000 0.00600000
v -0.02834800 -0.03900000 0.00100000
v -0.02725000 -0.03790200 0.00600000
v -0.02725000 -0.03790200 0.00100000
v -0.02725000 -0.03790200 0.00600000
v -0.02725000 -0.03790200 0.00100000
v -0.01825000 -0.06650000 0.05759800
v -0.01825000 -0.06150000 0.05759800
v -0.01825000 -0.06650000 0.05759800
v -0.01825000 -0.06150000 0.05759800
v -0.01715200 -0.06650000 0.05650000
v -0.01715200 -0.06150000 0.05650000
v -0.02834800 -0.06650000 0.05650000
v -0.02834800 -0.06150000 0.05650000
v -0.02834800 -0.06650000 0.05650000
v -0.02834800 -0.06150000 0.05650000
v -0.02725000 -0.06650000 0.05759800
v -0.02725000 -0.06150000 0.05759800
v -0.02725000 -0.06650000 0.05759800
v -0.02725000 -0.06150000 0.05759800
v -0.03650000 -0.05981000 0.08363200
v -0.00900000 -0.05981000 0.08363200
v -0.03650000 -0.05981900 0.08360200
v -0.00900000 -0.05981900 0.08360200
v -0.01575000 -0.06683000 0.00250000
v -0.01575000 -0.06500000 0.00067000
v -0.00900000 -0.06683000 0.00250000
v -0.00900000 -0.06683000 0.00250000
v -0.01575000 -0.06683000 0.00250000
v -0.00900000 -0.06500000 0.00067000
v -0.03650000 -0.06683000 0.00250000
v -0.02975000 -0.06683000 0.00250000
v -0.02975000 -0.06683000 0.00250000
v -0.03650000 -0.06683000 0.00250000
v -0.03650000 -0.06500000 0.00067000
v -0.02975000 -0.06500000 0.00067000
v -0.00758500 -0.04039900 0.00600000
v -0.00758500 -0.04039900 0.00100000
v -0.00640800 -0.03873600 0.00600000
v -0.00640800 -0.03873600 0.00100000
v -0.00466600 -0.03768000 0.00600000
v -0.00466600 -0.03768000 0.00100000
v -0.04531500 -0.05990100 0.09152200
v -0.04531500 -0.07405100 0.06701300
v -0.04531500 -0.05990100 0.09152200
v -0.04531500 -0.07405100 0.06701300
v -0.04440000 -0.05910900 0.09106400
v -0.04440000 -0.07325900 0.06655600
v -0.04440000 -0.08476900 0.10587900
v -0.04440000 -0.09891900 0.08137100
v -0.04531500 -0.08397700 0.10542200
v -0.04531500 -0.09812700 0.08091300
v -0.04531500 -0.08397700 0.10542200
v -0.04531500 -0.09812700 0.08091300
v 0.01340000 -0.05910900 0.09106400
v 0.01340000 -0.07325900 0.06655600
v 0.01431500 -0.05990100 0.09152200
v 0.01431500 -0.07405100 0.06701300
v 0.01431500 -0.05990100 0.09152200
v 0.01431500 -0.07405100 0.06701300
v 0.01431500 -0.08397700 0.10542200
v 0.01431500 -0.09812700 0.08091300
v 0.01431500 -0.08397700 0.10542200
v 0.01431500 -0.09812700 0.08091300
v 0.01340000 -0.08476900 0.10587900
v 0.01340000 -0.09891900 0.08137100
v -0.01298000 0.03023200 0.00700000
v -0.01298000 0.03023200 0.02000000
v -0.01298000 0.03023200 0.02000000
v -0.01298000 0.03023200 0.00700000
v -0.01371200 0.02950000 0.00700000
v -0.01371200 0.02950000 0.02000000
v -0.00700000 0.01876800 0.00700000
v -0.00700000 0.01876800 0.02000000
v -0.00700000 0.01876800 0.02000000
v -0.00700000 0.01876800 0.00700000
v -0.00626800 0.01950000 0.00700000
v -0.00626800 0.01950000 0.02000000
v -0.00626800 0.01950000 0.02000000
v -0.00626800 0.01950000 0.00700000
v -0.00626800 0.02950000 0.00700000
v -0.00626800 0.02950000 0.02000000
v -0.00626800 0.02950000 0.02000000
v -0.00626800 0.02950000 0.00700000
v -0.00700000 0.03023200 0.00700000
v -0.00700000 0.03023200 0.02000000
v -0.00700000 0.03023200 0.02000000
v -0.00700000 0.03023200 0.00700000
v 0.00626800 0.01950000 0.00700000
v 0.00626800 0.01950000 0.02000000
v 0.00626800 0.01950000 0.02000000
v 0.00626800 0.01950000 0.00700000
v 0.00700000 0.01876800 0.00700000
v 0.00700000 0.01876800 0.02000000
v 0.00700000 0.01876800 0.02000000
v 0.00700000 0.01876800 0.00700000
v 0.00700000 0.03023200 0.00700000
v 0.00700000 0.03023200 0.02000000
v 0.00700000 0.03023200 0.02000000
v 0.00700000 0.03023200 0.00700000
v 0.00626800 0.02950000 0.00700000
v 0.00626800 0.02950000 0.02000000
v 0.00626800 0.02950000 0.02000000
v 0.00626800 0.02950000 0.00700000
v 0.01371200 0.02950000 0.00700000
v 0.01371200 0.02950000 0.02000000
v 0.01298000 0.03023200 0.00700000
v 0.01298000 0.03023200 0.02000000
v 0.01298000 0.03023200 0.02000000
v 0.01298000 0.03023200 0.00700000
v -0.01371200 -0.02950000 0.00700000
v -0.01371200 -0.02950000 0.02000000
v -0.01298000 -0.03023200 0.00700000
v -0.01298000 -0.03023200 0.02000000
v -0.01298000 -0.03023200 0.02000000
v -0.01298000 -0.03023200 0.00700000
v -0.00700000 -0.03023200 0.00700000
v -0.00700000 -0.03023200 0.02000000
v -0.00700000 -0.03023200 0.02000000
v -0.00700000 -0.03023200 0.00700000
v -0.00626800 -0.02950000 0.00700000
v -0.00626800 -0.02950000 0.02000000
v -0.00626800 -0.02950000 0.02000000
v -0.00626800 -0.02950000 0.00700000
v -0.00626800 -0.01950000 0.00700000
v -0.00626800 -0.01950000 0.02000000
v -0.00626800 -0.01950000 0.02000000
v -0.00626800 -0.01950000 0.00700000
v -0.00700000 -0.01876800 0.00700000
v -0.00700000 -0.01876800 0.02000000
v -0.00700000 -0.01876800 0.02000000
v -0.00700000 -0.01876800 0.00700000
v 0.00700000 -0.01876800 0.00700000
v 0.00700000 -0.01876800 0.02000000
v 0.00700000 -0.01876800 0.02000000
v 0.00700000 -0.01876800 0.00700000
v 0.00626800 -0.01950000 0.00700000
v 0.00626800 -0.01950000 0.02000000
v 0.00626800 -0.01950000 0.02000000
v 0.00626800 -0.01950000 0.00700000
v 0.00626800 -0.02950000 0.00700000
v 0.00626800 -0.02950000 0.02000000
v 0.00626800 -0.02950000 0.02000000
v 0.00626800 -0.02950000 0.00700000
v 0.00700000 -0.03023200 0.00700000
v 0.00700000 -0.03023200 0.02000000
v 0.00700000 -0.03023200 0.02000000
v 0.00700000 -0.03023200 0.00700000
v 0.01298000 -0.03023200 0.00700000
v 0.01298000 -0.03023200 0.02000000
v 0.01298000 -0.03023200 0.02000000
v 0.01298000 -0.03023200 0.00700000
v 0.01371200 -0.02950000 0.00700000
v 0.01371200 -0.02950000 0.02000000
v -0.03650000 -0.06776500 0.06199600
v -0.00900000 -0.06776500 0.06199600
v -0.03650000 -0.06778400 0.06203800
v -0.00900000 -0.06778400 0.06203800
v -0.03650000 -0.06851200 0.06301000
v -0.00900000 -0.06851200 0.06301000
v -0.03650000 -0.06858300 0.06307100
v -0.00900000 -0.06858300 0.06307100
v -0.03650000 -0.06961000 0.06362900
v -0.00900000 -0.06961000 0.06362900
v -0.03650000 -0.06974500 0.06366700
v -0.00900000 -0.06974500 0.06366700
v -0.03650000 -0.07086500 0.06374200
v -0.00900000 -0.07086500 0.06374200
v -0.03650000 -0.07104900 0.06371300
v -0.00900000 -0.07104900 0.06371300
v -0.03650000 -0.07205500 0.06332900
v -0.00900000 -0.07205500 0.06332900
v -0.03650000 -0.05983000 0.00950000
v -0.02975000 -0.05983000 0.00950000
v -0.03650000 -0.05800000 0.00767000
v -0.02975000 -0.05800000 0.00767000
v -0.01575000 -0.05983000 0.00950000
v -0.00900000 -0.05983000 0.00950000
v -0.01575000 -0.05800000 0.00767000
v -0.00900000 -0.05800000 0.00767000
v 0.01700000 -0.10137800 0.08198200
v -0.04800000 -0.10137800 0.08198200
v 0.01700000 -0.10064600 0.07925000
v -0.04800000 -0.10064600 0.07925000
v 0.01750000 -0.10021600 0.07957900
v 0.01700000 -0.10064600 0.07925000
v 0.01750000 -0.09476700 0.07643300
v 0.01700000 -0.09501700 0.07600000
v 0.01750000 -0.09476700 0.07643300
v 0.01700000 -0.09501700 0.07600000
v 0.01700000 -0.09433400 0.07618300
v 0.01750000 -0.10084100 0.08191100
v 0.01700000 -0.10137800 0.08198200
v 0.01750000 -0.10021600 0.07957900
v 0.01700000 -0.10064600 0.07925000
v 0.00630000 -0.09501700 0.07600000
v 0.00630000 -0.09433400 0.07618300
v 0.01700000 -0.09501700 0.07600000
v 0.01700000 -0.09433400 0.07618300
v 0.01700000 -0.09313400 0.07826100
v 0.01750000 -0.09331700 0.07894400
v 0.01700000 -0.09433400 0.07618300
v 0.01750000 -0.09476700 0.07643300
v 0.01750000 -0.08644500 0.10684700
v 0.01700000 -0.08687800 0.10709700
v 0.01750000 -0.10084100 0.08191100
v 0.01700000 -0.10137800 0.08198200
v 0.01700000 -0.08687800 0.10709700
v 0.01700000 -0.08619500 0.10728000
v -0.04800000 -0.08687800 0.10709700
v -0.04800000 -0.08619500 0.10728000
v -0.04800000 -0.08687800 0.10709700
v -0.04800000 -0.08619500 0.10728000
v -0.04850000 -0.08644500 0.10684700
v -0.00041900 -0.08269600 0.06888700
v 0.00007700 -0.08226500 0.06871300
v -0.00011100 -0.08280500 0.06952700
v 0.00051400 -0.08185500 0.06840100
v 0.00274200 -0.08083400 0.06838900
v 0.00252500 -0.08069400 0.06773100
v 0.00630000 -0.08013100 0.06798300
v 0.00630000 -0.07994800 0.06730000
v 0.00007400 -0.09263200 0.07469800
v -0.00041900 -0.09226800 0.07441300
v -0.00011100 -0.09166000 0.07463900
v -0.00050200 -0.09218000 0.07436200
v -0.00169400 -0.08881200 0.07299500
v -0.00218200 -0.08915900 0.07261800
v -0.00169400 -0.08565200 0.07117100
v -0.00218200 -0.08580600 0.07068200
v -0.00050200 -0.08278500 0.06893800
v 0.00274200 -0.09363000 0.07577700
v 0.00252500 -0.09427100 0.07556900
v 0.00051400 -0.09310900 0.07489900
v 0.01700000 -0.07893100 0.07006100
v 0.01750000 -0.07824800 0.07024400
v 0.01700000 -0.09313400 0.07826100
v 0.01750000 -0.09331700 0.07894400
v 0.01700000 -0.08687800 0.10709700
v 0.01750000 -0.08644500 0.10684700
v 0.01700000 -0.08619500 0.10728000
v -0.04800000 -0.05718300 0.09053000
v -0.04850000 -0.05743300 0.09009700
v -0.04800000 -0.08619500 0.10728000
v -0.04850000 -0.08644500 0.10684700
v -0.04850000 -0.10084100 0.08191100
v -0.04800000 -0.10137800 0.08198200
v -0.04850000 -0.08644500 0.10684700
v -0.04800000 -0.08687800 0.10709700
v 0.01700000 -0.07994800 0.06730000
v 0.01700000 -0.08013100 0.06798300
v 0.01700000 -0.08013100 0.06798300
v 0.01750000 -0.07969800 0.06773300
v 0.01700000 -0.07893100 0.07006100
v 0.01750000 -0.07824800 0.07024400
v 0.01750000 -0.05743300 0.09009700
v 0.01700000 -0.05718300 0.09053000
v 0.01750000 -0.08644500 0.10684700
v 0.01700000 -0.08619500 0.10728000
v 0.01700000 -0.05718300 0.09053000
v 0.01700000 -0.05700000 0.08984700
v -0.04800000 -0.05718300 0.09053000
v -0.04800000 -0.05700000 0.08984700
v -0.04800000 -0.05718300 0.09053000
v -0.04800000 -0.05700000 0.08984700
v -0.04850000 -0.05743300 0.09009700
v -0.04850000 -0.10021600 0.07957900
v -0.04800000 -0.10064600 0.07925000
v -0.04850000 -0.10084100 0.08191100
v -0.04800000 -0.10137800 0.08198200
v 0.01700000 -0.08013100 0.06798300
v 0.01700000 -0.07994800 0.06730000
v 0.01750000 -0.07969800 0.06773300
v 0.01700000 -0.05718300 0.09053000
v 0.01750000 -0.05743300 0.09009700
v 0.01700000 -0.05700000 0.08984700
v -0.04850000 -0.05743300 0.09009700
v -0.04800000 -0.05700000 0.08984700
v -0.04850000 -0.07268300 0.06368300
v -0.04800000 -0.07230200 0.06334300
v -0.04826300 -0.07259600 0.06335900
v -0.04800000 -0.10064600 0.07925000
v -0.04850000 -0.10021600 0.07957900
v -0.04800000 -0.07317900 0.06339200
v -0.04850000 -0.07268300 0.06368300
v -0.04826300 -0.07259600 0.06335900
v 0.01726300 -0.07259600 0.06335900
v 0.01750000 -0.07268300 0.06368300
v 0.01700000 -0.07317900 0.06339200
v 0.01750000 -0.07969800 0.06773300
v 0.01700000 -0.07994800 0.06730000
v 0.01726300 -0.07259600 0.06335900
v 0.01700000 -0.07230200 0.06334300
v 0.01750000 -0.07268300 0.06368300
v 0.01700000 -0.05700000 0.08984700
v 0.01750000 -0.05743300 0.09009700
v -0.03664600 -0.07230200 0.06334300
v 0.01700000 -0.07230200 0.06334300
v 0.01726300 -0.07259600 0.06335900
v -0.00885400 -0.07230200 0.06334300
v -0.04826300 -0.07259600 0.06335900
v -0.04800000 -0.07230200 0.06334300
v 0.00800000 0.03000000 0.02050000
v 0.00800000 0.03050000 0.02000000
v 0.00700000 0.03023200 0.02000000
v 0.00725000 0.02979900 0.02050000
v 0.00626800 0.02950000 0.02000000
v 0.00670100 0.02925000 0.02050000
v 0.00600000 0.02850000 0.02000000
v 0.00650000 0.02850000 0.02050000
v 0.01198000 0.03000000 0.02050000
v 0.01198000 0.03050000 0.02000000
v 0.00600000 0.02050000 0.02000000
v 0.00650000 0.02050000 0.02050000
v 0.01348000 0.02850000 0.02050000
v 0.01398000 0.02850000 0.02000000
v 0.01371200 0.02950000 0.02000000
v 0.01327900 0.02925000 0.02050000
v 0.01298000 0.03023200 0.02000000
v 0.01273000 0.02979900 0.02050000
v 0.00626800 0.01950000 0.02000000
v 0.00670100 0.01975000 0.02050000
v 0.00700000 0.01876800 0.02000000
v 0.00725000 0.01920100 0.02050000
v 0.00800000 0.01850000 0.02000000
v 0.00800000 0.01900000 0.02050000
v 0.01348000 0.02264000 0.02050000
v 0.01398000 0.02240300 0.02000000
v 0.01173400 0.01850000 0.02000000
v 0.01131400 0.01900000 0.02050000
v 0.01204400 0.02091900 0.02050000
v 0.01247700 0.02067000 0.02000000
v -0.00650000 0.02850000 0.02050000
v -0.00600000 0.02850000 0.02000000
v -0.00626800 0.02950000 0.02000000
v -0.00670100 0.02925000 0.02050000
v -0.00700000 0.03023200 0.02000000
v -0.00725000 0.02979900 0.02050000
v -0.00800000 0.03050000 0.02000000
v -0.00800000 0.03000000 0.02050000
v -0.00650000 0.02050000 0.02050000
v -0.00600000 0.02050000 0.02000000
v -0.01198000 0.03050000 0.02000000
v -0.01198000 0.03000000 0.02050000
v -0.00800000 0.01900000 0.02050000
v -0.00800000 0.01850000 0.02000000
v -0.00700000 0.01876800 0.02000000
v -0.00725000 0.01920100 0.02050000
v -0.00626800 0.01950000 0.02000000
v -0.00670100 0.01975000 0.02050000
v -0.01298000 0.03023200 0.02000000
v -0.01273000 0.02979900 0.02050000
v -0.01371200 0.02950000 0.02000000
v -0.01327900 0.02925000 0.02050000
v -0.01398000 0.02850000 0.02000000
v -0.01348000 0.02850000 0.02050000
v -0.01131400 0.01900000 0.02050000
v -0.01173400 0.01850000 0.02000000
v -0.01398000 0.02240300 0.02000000
v -0.01348000 0.02264000 0.02050000
v -0.01204400 0.02091900 0.02050000
v -0.01247700 0.02067000 0.02000000
v -0.00800000 -0.03000000 0.02050000
v -0.00800000 -0.03050000 0.02000000
v -0.00700000 -0.03023200 0.02000000
v -0.00725000 -0.02979900 0.02050000
v -0.00626800 -0.02950000 0.02000000
v -0.00670100 -0.02925000 0.02050000
v -0.00600000 -0.02850000 0.02000000
v -0.00650000 -0.02850000 0.02050000
v -0.01198000 -0.03000000 0.02050000
v -0.01198000 -0.03050000 0.02000000
v -0.00600000 -0.02050000 0.02000000
v -0.00650000 -0.02050000 0.02050000
v -0.01348000 -0.02850000 0.02050000
v -0.01398000 -0.02850000 0.02000000
v -0.01371200 -0.02950000 0.02000000
v -0.01327900 -0.02925000 0.02050000
v -0.01298000 -0.03023200 0.02000000
v -0.01273000 -0.02979900 0.02050000
v -0.00626800 -0.01950000 0.02000000
v -0.00670100 -0.01975000 0.02050000
v -0.00700000 -0.01876800 0.02000000
v -0.00725000 -0.01920100 0.02050000
v -0.00800000 -0.01850000 0.02000000
v -0.00800000 -0.01900000 0.02050000
v -0.01348000 -0.02264000 0.02050000
v -0.01398000 -0.02240300 0.02000000
v -0.01173400 -0.01850000 0.02000000
v -0.01131400 -0.01900000 0.02050000
v -0.01204400 -0.02091900 0.02050000
v -0.01247700 -0.02067000 0.02000000
v 0.00600000 -0.02850000 0.02000000
v 0.00650000 -0.02850000 0.02050000
v 0.00600000 -0.02050000 0.02000000
v 0.00650000 -0.02050000 0.02050000
v 0.00626800 -0.02950000 0.02000000
v 0.00670100 -0.02925000 0.02050000
v 0.00700000 -0.03023200 0.02000000
v 0.00725000 -0.02979900 0.02050000
v 0.00800000 -0.03050000 0.02000000
v 0.00800000 -0.03000000 0.02050000
v 0.00800000 -0.01900000 0.02050000
v 0.00800000 -0.01850000 0.02000000
v 0.00700000 -0.01876800 0.02000000
v 0.00725000 -0.01920100 0.02050000
v 0.00626800 -0.01950000 0.02000000
v 0.00670100 -0.01975000 0.02050000
v 0.01198000 -0.03050000 0.02000000
v 0.01198000 -0.03000000 0.02050000
v 0.01131400 -0.01900000 0.02050000
v 0.01173400 -0.01850000 0.02000000
v 0.01298000 -0.03023200 0.02000000
v 0.01273000 -0.02979900 0.02050000
v 0.01371200 -0.02950000 0.02000000
v 0.01327900 -0.02925000 0.02050000
v 0.01398000 -0.02850000 0.02000000
v 0.01348000 -0.02850000 0.02050000
v 0.01348000 -0.02264000 0.02050000
v 0.01398000 -0.02240300 0.02000000
v 0.01204400 -0.02091900 0.02050000
v 0.01247700 -0.02067000 0.02000000
v 0.01215000 -0.08524200 0.10673000
v 0.01215000 -0.08505900 0.10604700
v -0.04315000 -0.08524200 0.10673000
v -0.04315000 -0.08505900 0.10604700
v 0.01340000 -0.08476900 0.10587900
v 0.01365000 -0.08489400 0.10652900
v 0.01431500 -0.08397700 0.10542200
v 0.01474800 -0.08394300 0.10598000
v 0.01465000 -0.08289400 0.10479700
v 0.01515000 -0.08264400 0.10523000
v -0.04565000 -0.08289400 0.10479700
v -0.04615000 -0.08264400 0.10523000
v -0.04531500 -0.08397700 0.10542200
v -0.04574800 -0.08394300 0.10598000
v -0.04440000 -0.08476900 0.10587900
v -0.04465000 -0.08489400 0.10652900
v 0.01515000 -0.06073400 0.09258000
v 0.01465000 -0.06098400 0.09214700
v -0.04565000 -0.06098400 0.09214700
v -0.04615000 -0.06073400 0.09258000
v 0.01431500 -0.05990100 0.09152200
v 0.01474800 -0.05943500 0.09183000
v 0.01340000 -0.05910900 0.09106400
v 0.01365000 -0.05848400 0.09128100
v 0.01215000 -0.05881900 0.09089700
v 0.01215000 -0.05813600 0.09108000
v -0.04315000 -0.05881900 0.09089700
v -0.04315000 -0.05813600 0.09108000
v -0.04440000 -0.05910900 0.09106400
v -0.04465000 -0.05848400 0.09128100
v -0.04531500 -0.05990100 0.09152200
v -0.04574800 -0.05943500 0.09183000
v -0.00259800 0.02350000 0.00600000
v -0.00346400 0.02300000 0.00700000
v -0.00150000 0.02240200 0.00600000
v -0.00200000 0.02153600 0.00700000
v 0.00000000 0.02200000 0.00600000
v 0.00000000 0.02100000 0.00700000
v 0.00150000 0.02240200 0.00600000
v 0.00200000 0.02153600 0.00700000
v 0.00259800 0.02350000 0.00600000
v 0.00346400 0.02300000 0.00700000
v 0.00300000 0.02500000 0.00600000
v 0.00400000 0.02500000 0.00700000
v 0.00259800 0.02650000 0.00600000
v 0.00346400 0.02700000 0.00700000
v 0.00150000 0.02759800 0.00600000
v 0.00200000 0.02846400 0.00700000
v 0.00000000 0.02800000 0.00600000
v 0.00000000 0.02900000 0.00700000
v -0.00150000 0.02759800 0.00600000
v -0.00200000 0.02846400 0.00700000
v -0.00259800 0.02650000 0.00600000
v -0.00346400 0.02700000 0.00700000
v -0.00300000 0.02500000 0.00600000
v -0.00400000 0.02500000 0.00700000
v 0.00259800 0.02350000 0.00100000
v 0.00346400 0.02300000 0.00000000
v 0.00150000 0.02240200 0.00100000
v 0.00200000 0.02153600 0.00000000
v 0.00000000 0.02200000 0.00100000
v 0.00000000 0.02100000 0.00000000
v -0.00150000 0.02240200 0.00100000
v -0.00200000 0.02153600 0.00000000
v -0.00259800 0.02350000 0.00100000
v -0.00346400 0.02300000 0.00000000
v -0.00300000 0.02500000 0.00100000
v -0.00400000 0.02500000 0.00000000
v -0.00259800 0.02650000 0.00100000
v -0.00346400 0.02700000 0.00000000
v -0.00150000 0.02759800 0.00100000
v -0.00200000 0.02846400 0.00000000
v 0.00000000 0.02800000 0.00100000
v 0.00000000 0.02900000 0.00000000
v 0.00150000 0.02759800 0.00100000
v 0.00200000 0.02846400 0.00000000
v 0.00259800 0.02650000 0.00100000
v 0.00346400 0.02700000 0.00000000
v 0.00300000 0.02500000 0.00100000
v 0.00400000 0.02500000 0.00000000
v 0.02240200 -0.00150000 0.00600000
v 0.02153600 -0.00200000 0.00700000
v 0.02350000 -0.00259800 0.00600000
v 0.02300000 -0.00346400 0.00700000
v 0.02500000 -0.00300000 0.00600000
v 0.02500000 -0.00400000 0.00700000
v 0.02650000 -0.00259800 0.00600000
v 0.02700000 -0.00346400 0.00700000
v 0.02759800 -0.00150000 0.00600000
v 0.02846400 -0.00200000 0.00700000
v 0.02800000 0.00000000 0.00600000
v 0.02900000 0.00000000 0.00700000
v 0.02759800 0.00150000 0.00600000
v 0.02846400 0.00200000 0.00700000
v 0.02650000 0.00259800 0.00600000
v 0.02700000 0.00346400 0.00700000
v 0.02500000 0.00300000 0.00600000
v 0.02500000 0.00400000 0.00700000
v 0.02350000 0.00259800 0.00600000
v 0.02300000 0.00346400 0.00700000
v 0.02240200 0.00150000 0.00600000
v 0.02153600 0.00200000 0.00700000
v 0.02200000 0.00000000 0.00600000
v 0.02100000 0.00000000 0.00700000
v 0.02759800 -0.00150000 0.00100000
v 0.02846400 -0.00200000 0.00000000
v 0.02650000 -0.00259800 0.00100000
v 0.02700000 -0.00346400 0.00000000
v 0.02500000 -0.00300000 0.00100000
v 0.02500000 -0.00400000 0.00000000
v 0.02350000 -0.00259800 0.00100000
v 0.02300000 -0.00346400 0.00000000
v 0.02240200 -0.00150000 0.00100000
v 0.02153600 -0.00200000 0.00000000
v 0.02200000 0.00000000 0.00100000
v 0.02100000 0.00000000 0.00000000
v 0.02240200 0.00150000 0.00100000
v 0.02153600 0.00200000 0.00000000
v 0.02350000 0.00259800 0.00100000
v 0.02300000 0.00346400 0.00000000
v 0.02500000 0.00300000 0.00100000
v 0.02500000 0.00400000 0.00000000
v 0.02650000 0.00259800 0.00100000
v 0.02700000 0.00346400 0.00000000
v 0.02759800 0.00150000 0.00100000
v 0.02846400 0.00200000 0.00000000
v 0.02800000 0.00000000 0.00100000
v 0.02900000 0.00000000 0.00000000
v -0.00259800 -0.02650000 0.00600000
v -0.00346400 -0.02700000 0.00700000
v -0.00150000 -0.02759800 0.00600000
v -0.00200000 -0.02846400 0.00700000
v 0.00000000 -0.02800000 0.00600000
v 0.00000000 -0.02900000 0.00700000
v 0.00150000 -0.02759800 0.00600000
v 0.00200000 -0.02846400 0.00700000
v 0.00259800 -0.02650000 0.00600000
v 0.00346400 -0.02700000 0.00700000
v 0.00300000 -0.02500000 0.00600000
v 0.00400000 -0.02500000 0.00700000
v 0.00259800 -0.02350000 0.00600000
v 0.00346400 -0.02300000 0.00700000
v 0.00150000 -0.02240200 0.00600000
v 0.00200000 -0.02153600 0.00700000
v 0.00000000 -0.02200000 0.00600000
v 0.00000000 -0.02100000 0.00700000
v -0.00150000 -0.02240200 0.00600000
v -0.00200000 -0.02153600 0.00700000
v -0.00259800 -0.02350000 0.00600000
v -0.00346400 -0.02300000 0.00700000
v -0.00300000 -0.02500000 0.00600000
v -0.00400000 -0.02500000 0.00700000
v 0.00259800 -0.02650000 0.00100000
v 0.00346400 -0.02700000 0.00000000
v 0.00150000 -0.02759800 0.00100000
v 0.00200000 -0.02846400 0.00000000
v 0.00000000 -0.02800000 0.00100000
v 0.00000000 -0.02900000 0.00000000
v -0.00150000 -0.02759800 0.00100000
v -0.00200000 -0.02846400 0.00000000
v -0.00259800 -0.02650000 0.00100000
v -0.00346400 -0.02700000 0.00000000
v -0.00300000 -0.02500000 0.00100000
v -0.00400000 -0.02500000 0.00000000
v -0.00259800 -0.02350000 0.00100000
v -0.00346400 -0.02300000 0.00000000
v -0.00150000 -0.02240200 0.00100000
v -0.00200000 -0.02153600 0.00000000
v 0.00000000 -0.02200000 0.00100000
v 0.00000000 -0.02100000 0.00000000
v 0.00150000 -0.02240200 0.00100000
v 0.00200000 -0.02153600 0.00000000
v 0.00259800 -0.02350000 0.00100000
v 0.00346400 -0.02300000 0.00000000
v 0.00300000 -0.02500000 0.00100000
v 0.00400000 -0.02500000 0.00000000
v -0.02759800 -0.00150000 0.00600000
v -0.02846400 -0.00200000 0.00700000
v -0.02650000 -0.00259800 0.00600000
v -0.02700000 -0.00346400 0.00700000
v -0.02500000 -0.00300000 0.00600000
v -0.02500000 -0.00400000 0.00700000
v -0.02350000 -0.00259800 0.00600000
v -0.02300000 -0.00346400 0.00700000
v -0.02240200 -0.00150000 0.00600000
v -0.02153600 -0.00200000 0.00700000
v -0.02200000 0.00000000 0.00600000
v -0.02100000 0.00000000 0.00700000
v -0.02240200 0.00150000 0.00600000
v -0.02153600 0.00200000 0.00700000
v -0.02350000 0.00259800 0.00600000
v -0.02300000 0.00346400 0.00700000
v -0.02500000 0.00300000 0.00600000
v -0.02500000 0.00400000 0.00700000
v -0.02650000 0.00259800 0.00600000
v -0.02700000 0.00346400 0.00700000
v -0.02759800 0.00150000 0.00600000
v -0.02846400 0.00200000 0.00700000
v -0.02800000 0.00000000 0.00600000
v -0.02900000 0.00000000 0.00700000
v -0.02240200 -0.00150000 0.00100000
v -0.02153600 -0.00200000 0.00000000
v -0.02350000 -0.00259800 0.00100000
v -0.02300000 -0.00346400 0.00000000
v -0.02500000 -0.00300000 0.00100000
v -0.02500000 -0.00400000 0.00000000
v -0.02650000 -0.00259800 0.00100000
v -0.02700000 -0.00346400 0.00000000
v -0.02759800 -0.00150000 0.00100000
v -0.02846400 -0.00200000 0.00000000
v -0.02800000 0.00000000 0.00100000
v -0.02900000 0.00000000 0.00000000
v -0.02759800 0.00150000 0.00100000
v -0.02846400 0.00200000 0.00000000
v -0.02650000 0.00259800 0.00100000
v -0.02700000 0.00346400 0.00000000
v -0.02500000 0.00300000 0.00100000
v -0.02500000 0.00400000 0.00000000
v -0.02350000 0.00259800 0.00100000
v -0.02300000 0.00346400 0.00000000
v -0.02240200 0.00150000 0.00100000
v -0.02153600 0.00200000 0.00000000
v -0.02200000 0.00000000 0.00100000
v -0.02100000 0.00000000 0.00000000
v -0.01575000 -0.06250000 0.00000000
v -0.01675000 -0.06250000 0.00100000
v -0.01575000 -0.04050000 0.00000000
v -0.01675000 -0.04050000 0.00100000
v -0.01575000 -0.06500000 0.00067000
v -0.01675000 -0.06450000 0.00153600
v -0.01575000 -0.06683000 0.00250000
v -0.01675000 -0.06596400 0.00300000
v -0.01575000 -0.06750000 0.00500000
v -0.01675000 -0.06650000 0.00500000
v -0.01975000 -0.03750000 0.00100000
v -0.01975000 -0.03650000 0.00000000
v -0.01825000 -0.03790200 0.00100000
v -0.01775000 -0.03703600 0.00000000
v -0.01715200 -0.03900000 0.00100000
v -0.01628600 -0.03850000 0.00000000
v -0.01575000 -0.06750000 0.05500000
v -0.01675000 -0.06650000 0.05500000
v -0.02575000 -0.03750000 0.00100000
v -0.02575000 -0.03650000 0.00000000
v -0.01715200 -0.06650000 0.05650000
v -0.01628600 -0.06750000 0.05700000
v -0.01825000 -0.06650000 0.05759800
v -0.01775000 -0.06750000 0.05846400
v -0.01975000 -0.06650000 0.05800000
v -0.01975000 -0.06750000 0.05900000
v -0.02875000 -0.04050000 0.00100000
v -0.02975000 -0.04050000 0.00000000
v -0.02834800 -0.03900000 0.00100000
v -0.02921400 -0.03850000 0.00000000
v -0.02725000 -0.03790200 0.00100000
v -0.02775000 -0.03703600 0.00000000
v -0.02575000 -0.06750000 0.05900000
v -0.02575000 -0.06650000 0.05800000
v -0.02875000 -0.06250000 0.00100000
v -0.02975000 -0.06250000 0.00000000
v -0.02725000 -0.06650000 0.05759800
v -0.02775000 -0.06750000 0.05846400
v -0.02834800 -0.06650000 0.05650000
v -0.02921400 -0.06750000 0.05700000
v -0.02875000 -0.06650000 0.05500000
v -0.02975000 -0.06750000 0.05500000
v -0.02875000 -0.06650000 0.00500000
v -0.02975000 -0.06750000 0.00500000
v -0.02975000 -0.06683000 0.00250000
v -0.02875000 -0.06596400 0.00300000
v -0.02975000 -0.06500000 0.00067000
v -0.02875000 -0.06450000 0.00153600
v -0.02575000 -0.06150000 0.05800000
v -0.02575000 -0.06050000 0.05900000
v -0.01975000 -0.06150000 0.05800000
v -0.01975000 -0.06050000 0.05900000
v -0.02875000 -0.06150000 0.05500000
v -0.02975000 -0.06050000 0.05500000
v -0.02834800 -0.06150000 0.05650000
v -0.02921400 -0.06050000 0.05700000
v -0.02725000 -0.06150000 0.05759800
v -0.02775000 -0.06050000 0.05846400
v -0.01825000 -0.06150000 0.05759800
v -0.01775000 -0.06050000 0.05846400
v -0.01715200 -0.06150000 0.05650000
v -0.01628600 -0.06050000 0.05700000
v -0.01675000 -0.06150000 0.05500000
v -0.01575000 -0.06050000 0.05500000
v -0.02875000 -0.06150000 0.01200000
v -0.02975000 -0.06050000 0.01200000
v -0.01575000 -0.06050000 0.01200000
v -0.01675000 -0.06150000 0.01200000
v -0.02975000 -0.05983000 0.00950000
v -0.02875000 -0.06069600 0.00900000
v -0.02975000 -0.05800000 0.00767000
v -0.02875000 -0.05850000 0.00680400
v -0.02975000 -0.05550000 0.00700000
v -0.02875000 -0.05550000 0.00600000
v -0.01575000 -0.05550000 0.00700000
v -0.01675000 -0.05550000 0.00600000
v -0.01575000 -0.05800000 0.00767000
v -0.01675000 -0.05850000 0.00680400
v -0.01575000 -0.05983000 0.00950000
v -0.01675000 -0.06069600 0.00900000
v -0.02875000 -0.04050000 0.00600000
v -0.02975000 -0.04050000 0.00700000
v -0.01575000 -0.04050000 0.00700000
v -0.01675000 -0.04050000 0.00600000
v -0.02575000 -0.03750000 0.00600000
v -0.02575000 -0.03650000 0.00700000
v -0.02725000 -0.03790200 0.00600000
v -0.02775000 -0.03703600 0.00700000
v -0.02834800 -0.03900000 0.00600000
v -0.02921400 -0.03850000 0.00700000
v -0.01715200 -0.03900000 0.00600000
v -0.01628600 -0.03850000 0.00700000
v -0.01825000 -0.03790200 0.00600000
v -0.01775000 -0.03703600 0.00700000
v -0.01975000 -0.03750000 0.00600000
v -0.01975000 -0.03650000 0.00700000
v -0.03664600 -0.07230200 0.06334300
v -0.03750000 -0.07156500 0.06462000
v -0.03650000 -0.07205500 0.06332900
v -0.03750000 -0.07123300 0.06469600
v -0.03650000 -0.07104900 0.06371300
v -0.03750000 -0.06687900 0.06246300
v -0.03750000 -0.06650000 0.06076400
v -0.03650000 -0.06750000 0.06076400
v -0.03650000 -0.06776500 0.06199600
v -0.03650000 -0.06778400 0.06203800
v -0.03750000 -0.06794400 0.06384000
v -0.03650000 -0.06851200 0.06301000
v -0.03650000 -0.06858300 0.06307100
v -0.03750000 -0.06949300 0.06463500
v -0.03650000 -0.06961000 0.06362900
v -0.03650000 -0.06974500 0.06366700
v -0.03650000 -0.07086500 0.06374200
v -0.03750000 -0.06650000 0.00500000
v -0.03650000 -0.06750000 0.00500000
v -0.03750000 -0.06250000 0.00100000
v -0.03650000 -0.06250000 0.00000000
v -0.03650000 -0.06500000 0.00067000
v -0.03750000 -0.06450000 0.00153600
v -0.03650000 -0.06683000 0.00250000
v -0.03750000 -0.06596400 0.00300000
v -0.03650000 -0.01837500 0.00000000
v -0.03750000 0.00000000 0.00100000
v -0.03650000 -0.00903900 0.00000000
v -0.03650000 0.00000000 0.00000000
v -0.03661700 0.00808900 0.00100000
v -0.03310400 0.01537600 0.00000000
v -0.03535400 0.00907500 0.00000000
v -0.03564100 0.00787300 0.00000000
v -0.03401000 0.01579700 0.00100000
v -0.02980200 0.02276100 0.00100000
v -0.02900800 0.02215400 0.00000000
v -0.02419100 0.02865400 0.00100000
v -0.02354600 0.02789000 0.00000000
v -0.01744100 0.03319700 0.00100000
v -0.01697600 0.03231200 0.00000000
v -0.00987000 0.03617800 0.00100000
v -0.00960700 0.03521300 0.00000000
v -0.00183400 0.03745500 0.00100000
v -0.00178500 0.03645600 0.00000000
v 0.00628900 0.03696900 0.00100000
v 0.00612100 0.03598300 0.00000000
v 0.01411500 0.03474200 0.00100000
v 0.01373800 0.03381600 0.00000000
v 0.02127600 0.03088000 0.00100000
v 0.02070900 0.03005600 0.00000000
v 0.02743600 0.02556400 0.00100000
v 0.02670500 0.02488200 0.00000000
v 0.03230500 0.01904400 0.00100000
v 0.03144300 0.01853600 0.00000000
v 0.03565200 0.01162700 0.00100000
v 0.03470100 0.01131700 0.00000000
v 0.03732100 0.00366300 0.00100000
v 0.03632500 0.00356600 0.00000000
v 0.03723200 -0.00447300 0.00100000
v 0.03623900 -0.00435400 0.00000000
v 0.03539100 -0.01239900 0.00100000
v 0.03444700 -0.01206800 0.00000000
v 0.03188300 -0.01974100 0.00100000
v 0.03103300 -0.01921400 0.00000000
v 0.02687500 -0.02615300 0.00100000
v 0.02615800 -0.02545600 0.00000000
v 0.02060100 -0.03133500 0.00100000
v 0.02005100 -0.03049900 0.00000000
v 0.01335700 -0.03504100 0.00100000
v 0.01300000 -0.03410600 0.00000000
v 0.00548400 -0.03709700 0.00100000
v 0.00533800 -0.03610800 0.00000000
v -0.00264700 -0.03740600 0.00100000
v -0.00257600 -0.03640900 0.00000000
v -0.00800000 -0.04239400 0.00100000
v -0.00900000 -0.04239400 0.00000000
v -0.00758500 -0.04039900 0.00100000
v -0.00850200 -0.04000000 0.00000000
v -0.00640800 -0.03873600 0.00100000
v -0.00709000 -0.03800400 0.00000000
v -0.00466600 -0.03768000 0.00100000
v -0.00499900 -0.03673700 0.00000000
v -0.00800000 -0.06250000 0.00100000
v -0.00900000 -0.06250000 0.00000000
v -0.00800000 -0.06650000 0.00500000
v -0.00900000 -0.06750000 0.00500000
v -0.00900000 -0.06683000 0.00250000
v -0.00800000 -0.06596400 0.00300000
v -0.00900000 -0.06500000 0.00067000
v -0.00800000 -0.06450000 0.00153600
v -0.00800000 -0.06650000 0.06076400
v -0.00900000 -0.06750000 0.06076400
v -0.00800000 -0.07156500 0.06462000
v -0.00885400 -0.07230200 0.06334300
v -0.00900000 -0.07205500 0.06332900
v -0.00800000 -0.07123300 0.06469600
v -0.00900000 -0.07104900 0.06371300
v -0.00900000 -0.07086500 0.06374200
v -0.00800000 -0.06949300 0.06463500
v -0.00900000 -0.06974500 0.06366700
v -0.00900000 -0.06961000 0.06362900
v -0.00800000 -0.06794400 0.06384000
v -0.00900000 -0.06858300 0.06307100
v -0.00900000 -0.06851200 0.06301000
v -0.00800000 -0.06687900 0.06246300
v -0.00900000 -0.06776500 0.06199600
v -0.00900000 -0.06778400 0.06203800
v -0.03668000 -0.05916500 0.08609700
v -0.03650000 -0.05782100 0.08842600
v -0.03650000 -0.05981000 0.08363200
v -0.03720500 -0.06050000 0.08378500
v -0.03650000 -0.05981900 0.08360200
v -0.03750000 -0.06102200 0.08288000
v -0.03650000 -0.06050000 0.07842600
v -0.03750000 -0.06150000 0.07842600
v -0.03650000 -0.06050000 0.01200000
v -0.03750000 -0.06150000 0.01200000
v -0.03650000 -0.05550000 0.00700000
v -0.03750000 -0.05550000 0.00600000
v -0.03650000 -0.05800000 0.00767000
v -0.03750000 -0.05850000 0.00680400
v -0.03650000 -0.05983000 0.00950000
v -0.03750000 -0.06069600 0.00900000
v -0.03650000 -0.01633900 0.00700000
v -0.03750000 0.00000000 0.00600000
v -0.03650000 -0.00783900 0.00700000
v -0.03650000 0.00000000 0.00700000
v -0.00257600 -0.03640900 0.00700000
v -0.00264700 -0.03740600 0.00600000
v 0.00548400 -0.03709700 0.00600000
v 0.00533800 -0.03610800 0.00700000
v 0.01335700 -0.03504100 0.00600000
v 0.01300000 -0.03410600 0.00700000
v 0.02060100 -0.03133500 0.00600000
v 0.02005100 -0.03049900 0.00700000
v 0.02687500 -0.02615300 0.00600000
v 0.02615800 -0.02545600 0.00700000
v 0.03188300 -0.01974100 0.00600000
v 0.03103300 -0.01921400 0.00700000
v 0.03539100 -0.01239900 0.00600000
v 0.03444700 -0.01206800 0.00700000
v 0.03723200 -0.00447300 0.00600000
v 0.03623900 -0.00435400 0.00700000
v 0.03732100 0.00366300 0.00600000
v 0.03632500 0.00356600 0.00700000
v 0.03565200 0.01162700 0.00600000
v 0.03470100 0.01131700 0.00700000
v 0.03230500 0.01904400 0.00600000
v 0.03144300 0.01853600 0.00700000
v 0.02743600 0.02556400 0.00600000
v 0.02670500 0.02488200 0.00700000
v 0.02127600 0.03088000 0.00600000
v 0.02070900 0.03005600 0.00700000
v 0.01411500 0.03474200 0.00600000
v 0.01373800 0.03381600 0.00700000
v 0.00628900 0.03696900 0.00600000
v 0.00612100 0.03598300 0.00700000
v -0.00183400 0.03745500 0.00600000
v -0.00178500 0.03645600 0.00700000
v -0.00987000 0.03617800 0.00600000
v -0.00960700 0.03521300 0.00700000
v -0.01744100 0.03319700 0.00600000
v -0.01697600 0.03231200 0.00700000
v -0.02419100 0.02865400 0.00600000
v -0.02354600 0.02789000 0.00700000
v -0.02980200 0.02276100 0.00600000
v -0.02900800 0.02215400 0.00700000
v -0.03401000 0.01579700 0.00600000
v -0.03310400 0.01537600 0.00700000
v -0.03661700 0.00808900 0.00600000
v -0.03564100 0.00787300 0.00700000
v -0.00466600 -0.03768000 0.00600000
v -0.00900000 -0.04239400 0.00700000
v -0.00800000 -0.04239400 0.00600000
v -0.00850200 -0.04000000 0.00700000
v -0.00758500 -0.04039900 0.00600000
v -0.00709000 -0.03800400 0.00700000
v -0.00640800 -0.03873600 0.00600000
v -0.00499900 -0.03673700 0.00700000
v -0.00900000 -0.05550000 0.00700000
v -0.00800000 -0.05550000 0.00600000
v -0.00900000 -0.06050000 0.01200000
v -0.00800000 -0.06150000 0.01200000
v -0.00900000 -0.05983000 0.00950000
v -0.00800000 -0.06069600 0.00900000
v -0.00900000 -0.05800000 0.00767000
v -0.00800000 -0.05850000 0.00680400
v -0.00900000 -0.06050000 0.07842600
v -0.00800000 -0.06150000 0.07842600
v -0.00800000 -0.06102200 0.08288000
v -0.00900000 -0.05981900 0.08360200
v -0.00830300 -0.06048300 0.08381400
v -0.00900000 -0.05981000 0.08363200
v -0.00882000 -0.05916500 0.08609700
v -0.00900000 -0.05782100 0.08842600
v -0.00210000 -0.07898700 0.06928600
v -0.00235000 -0.07836200 0.06950200
v -0.00253900 -0.07936700 0.06950500
v -0.00297200 -0.07890100 0.06981300
v -0.00270000 -0.07988700 0.06980500
v -0.00320000 -0.07963700 0.07023800
v -0.00253900 -0.08040700 0.07010500
v -0.00297200 -0.08037300 0.07066300
v -0.00210000 -0.08078700 0.07032500
v -0.00235000 -0.08091200 0.07097400
v -0.00150000 -0.08092600 0.07040500
v -0.00150000 -0.08110900 0.07108800
v -0.00090000 -0.08078700 0.07032500
v -0.00065000 -0.08091200 0.07097400
v -0.00046100 -0.08040700 0.07010500
v -0.00002800 -0.08037300 0.07066300
v -0.00030000 -0.07988700 0.06980500
v 0.00020000 -0.07963700 0.07023800
v -0.00046100 -0.07936700 0.06950500
v -0.00002800 -0.07890100 0.06981300
v -0.00090000 -0.07898700 0.06928600
v -0.00065000 -0.07836200 0.06950200
v -0.00150000 -0.07884800 0.06920500
v -0.00150000 -0.07816500 0.06938800
v -0.03610000 -0.08548200 0.07303600
v -0.03635000 -0.08485700 0.07325200
v -0.03653900 -0.08586300 0.07325500
v -0.03697200 -0.08539600 0.07356300
v -0.03670000 -0.08638200 0.07355500
v -0.03720000 -0.08613200 0.07398800
v -0.03653900 -0.08690200 0.07385500
v -0.03697200 -0.08686800 0.07441300
v -0.03610000 -0.08728200 0.07407500
v -0.03635000 -0.08740700 0.07472400
v -0.03550000 -0.08742100 0.07415500
v -0.03550000 -0.08760400 0.07483800
v -0.03490000 -0.08728200 0.07407500
v -0.03465000 -0.08740700 0.07472400
v -0.03446100 -0.08690200 0.07385500
v -0.03402800 -0.08686800 0.07441300
v -0.03430000 -0.08638200 0.07355500
v -0.03380000 -0.08613200 0.07398800
v -0.03446100 -0.08586300 0.07325500
v -0.03402800 -0.08539600 0.07356300
v -0.03490000 -0.08548200 0.07303600
v -0.03465000 -0.08485700 0.07325200
v -0.03550000 -0.08534300 0.07295500
v -0.03550000 -0.08466000 0.07313800
v -0.00210000 -0.09197700 0.07678600
v -0.00235000 -0.09135200 0.07700200
v -0.00253900 -0.09235800 0.07700500
v -0.00297200 -0.09189100 0.07731300
v -0.00270000 -0.09287700 0.07730500
v -0.00320000 -0.09262700 0.07773800
v -0.00253900 -0.09339700 0.07760500
v -0.00297200 -0.09336400 0.07816300
v -0.00210000 -0.09377700 0.07782500
v -0.00235000 -0.09390200 0.07847400
v -0.00150000 -0.09391700 0.07790500
v -0.00150000 -0.09410000 0.07858800
v -0.00090000 -0.09377700 0.07782500
v -0.00065000 -0.09390200 0.07847400
v -0.00046100 -0.09339700 0.07760500
v -0.00002800 -0.09336400 0.07816300
v -0.00030000 -0.09287700 0.07730500
v 0.00020000 -0.09262700 0.07773800
v -0.00046100 -0.09235800 0.07700500
v -0.00002800 -0.09189100 0.07731300
v -0.00090000 -0.09197700 0.07678600
v -0.00065000 -0.09135200 0.07700200
v -0.00150000 -0.09183800 0.07670500
v -0.00150000 -0.09115500 0.07688800
v 0.00630000 -0.09348400 0.07765500
v 0.00630000 -0.09366700 0.07833800
v 0.01465000 -0.09348400 0.07765500
v 0.01465000 -0.09366700 0.07833800
v 0.00630000 -0.07928100 0.06945500
v 0.00630000 -0.07859800 0.06963800
v 0.00274200 -0.07998400 0.06986100
v 0.00252500 -0.07934400 0.07006900
v -0.00011100 -0.08195500 0.07099900
v -0.00050200 -0.08143500 0.07127600
v -0.00169400 -0.08480200 0.07264300
v -0.00218200 -0.08445600 0.07302000
v -0.00169400 -0.08796200 0.07446800
v -0.00218200 -0.08780900 0.07495600
v -0.00011100 -0.09081000 0.07611200
v -0.00050200 -0.09083000 0.07670000
v 0.00274200 -0.09278000 0.07724900
v 0.00252500 -0.09292100 0.07790700
v 0.01465000 -0.07928100 0.06945500
v 0.01465000 -0.07859800 0.06963800
v 0.02053600 0.01602800 0.00030000
v 0.02079500 0.01587800 0.00000000
v 0.01932800 0.01482000 0.00030000
v 0.01947800 0.01456000 0.00000000
v 0.01767800 0.01437800 0.00030000
v 0.01767800 0.01407800 0.00000000
v 0.01602800 0.01482000 0.00030000
v 0.01587800 0.01456000 0.00000000
v 0.01482000 0.01602800 0.00030000
v 0.01456000 0.01587800 0.00000000
v 0.01437800 0.01767800 0.00030000
v 0.01407800 0.01767800 0.00000000
v 0.01482000 0.01932800 0.00030000
v 0.01456000 0.01947800 0.00000000
v 0.01602800 0.02053600 0.00030000
v 0.01587800 0.02079500 0.00000000
v 0.01767800 0.02097800 0.00030000
v 0.01767800 0.02127800 0.00000000
v 0.01932800 0.02053600 0.00030000
v 0.01947800 0.02079500 0.00000000
v 0.02053600 0.01932800 0.00030000
v 0.02079500 0.01947800 0.00000000
v 0.02097800 0.01767800 0.00030000
v 0.02127800 0.01767800 0.00000000
v -0.01482000 -0.01932800 0.00030000
v -0.01456000 -0.01947800 0.00000000
v -0.01602800 -0.02053600 0.00030000
v -0.01587800 -0.02079500 0.00000000
v -0.01767800 -0.02097800 0.00030000
v -0.01767800 -0.02127800 0.00000000
v -0.01932800 -0.02053600 0.00030000
v -0.01947800 -0.02079500 0.00000000
v -0.02053600 -0.01932800 0.00030000
v -0.02079500 -0.01947800 0.00000000
v -0.02097800 -0.01767800 0.00030000
v -0.02127800 -0.01767800 0.00000000
v -0.02053600 -0.01602800 0.00030000
v -0.02079500 -0.01587800 0.00000000
v -0.01932800 -0.01482000 0.00030000
v -0.01947800 -0.01456000 0.00000000
v -0.01767800 -0.01437800 0.00030000
v -0.01767800 -0.01407800 0.00000000
v -0.01602800 -0.01482000 0.00030000
v -0.01587800 -0.01456000 0.00000000
v -0.01482000 -0.01602800 0.00030000
v -0.01456000 -0.01587800 0.00000000
v -0.01437800 -0.01767800 0.00030000
v -0.01407800 -0.01767800 0.00000000
v -0.01482000 0.01602800 0.00030000
v -0.01456000 0.01587800 0.00000000
v -0.01602800 0.01482000 0.00030000
v -0.01587800 0.01456000 0.00000000
v -0.01767800 0.01437800 0.00030000
v -0.01767800 0.01407800 0.00000000
v -0.01932800 0.01482000 0.00030000
v -0.01947800 0.01456000 0.00000000
v -0.02053600 0.01602800 0.00030000
v -0.02079500 0.01587800 0.00000000
v -0.02097800 0.01767800 0.00030000
v -0.02127800 0.01767800 0.00000000
v -0.02053600 0.01932800 0.00030000
v -0.02079500 0.01947800 0.00000000
v -0.01932800 0.02053600 0.00030000
v -0.01947800 0.02079500 0.00000000
v -0.01767800 0.02097800 0.00030000
v -0.01767800 0.02127800 0.00000000
v -0.01602800 0.02053600 0.00030000
v -0.01587800 0.02079500 0.00000000
v -0.01482000 0.01932800 0.00030000
v -0.01456000 0.01947800 0.00000000
v -0.01437800 0.01767800 0.00030000
v -0.01407800 0.01767800 0.00000000
v 0.02053600 -0.01932800 0.00030000
v 0.02079500 -0.01947800 0.00000000
v 0.01932800 -0.02053600 0.00030000
v 0.01947800 -0.02079500 0.00000000
v 0.01767800 -0.02097800 0.00030000
v 0.01767800 -0.02127800 0.00000000
v 0.01602800 -0.02053600 0.00030000
v 0.01587800 -0.02079500 0.00000000
v 0.01482000 -0.01932800 0.00030000
v 0.01456000 -0.01947800 0.00000000
v 0.01437800 -0.01767800 0.00030000
v 0.01407800 -0.01767800 0.00000000
v 0.01482000 -0.01602800 0.00030000
v 0.01456000 -0.01587800 0.00000000
v 0.01602800 -0.01482000 0.00030000
v 0.01587800 -0.01456000 0.00000000
v 0.01767800 -0.01437800 0.00030000
v 0.01767800 -0.01407800 0.00000000
v 0.01932800 -0.01482000 0.00030000
v 0.01947800 -0.01456000 0.00000000
v 0.02053600 -0.01602800 0.00030000
v 0.02079500 -0.01587800 0.00000000
v 0.02097800 -0.01767800 0.00030000
v 0.02127800 -0.01767800 0.00000000
v 0.01523900 -0.00254300 -0.00150000
v 0.01545000 0.00000000 -0.00150000
v 0.01575000 0.00000000 -0.00120000
v 0.01553500 0.00259200 -0.00120000
v 0.01523900 0.00254300 -0.00150000
v 0.01358800 0.00735300 -0.00150000
v 0.01385200 0.00749600 -0.00120000
v 0.01046400 0.01136700 -0.00150000
v 0.01066700 0.01158800 -0.00120000
v 0.00620600 0.01414900 -0.00150000
v 0.00632700 0.01442300 -0.00120000
v 0.00127600 0.01539700 -0.00150000
v 0.00130100 0.01569600 -0.00120000
v -0.00379300 0.01497700 -0.00150000
v -0.00386600 0.01526800 -0.00120000
v -0.00845000 0.01293400 -0.00150000
v -0.00861400 0.01318500 -0.00120000
v -0.01219200 0.00949000 -0.00150000
v -0.01242900 0.00967400 -0.00120000
v -0.01461300 0.00501700 -0.00150000
v -0.01489700 0.00511400 -0.00120000
v -0.01545000 0.00000000 -0.00150000
v -0.01575000 0.00000000 -0.00120000
v -0.01461300 -0.00501700 -0.00150000
v -0.01489700 -0.00511400 -0.00120000
v -0.01219200 -0.00949000 -0.00150000
v -0.01242900 -0.00967400 -0.00120000
v -0.00845000 -0.01293400 -0.00150000
v -0.00861400 -0.01318500 -0.00120000
v -0.00379300 -0.01497700 -0.00150000
v -0.00386600 -0.01526800 -0.00120000
v 0.00127600 -0.01539700 -0.00150000
v 0.00130100 -0.01569600 -0.00120000
v 0.00620600 -0.01414900 -0.00150000
v 0.00632700 -0.01442300 -0.00120000
v 0.01046400 -0.01136700 -0.00150000
v 0.01066700 -0.01158800 -0.00120000
v 0.01358800 -0.00735300 -0.00150000
v 0.01385200 -0.00749600 -0.00120000
v 0.01553500 -0.00259200 -0.00120000
v -0.02555200 -0.07154100 0.10003200
v -0.02555200 -0.07123700 0.09985700
v -0.02555200 -0.07204100 0.09916600
v -0.02555200 -0.07173700 0.09899100
v -0.02400000 -0.07115600 0.09981000
v -0.02555200 -0.07154100 0.10003200
v -0.02400000 -0.07165600 0.09894400
v -0.02555200 -0.07204100 0.09916600
v -0.02856400 -0.06817800 0.09809000
v -0.02891500 -0.06817800 0.09809000
v -0.02856400 -0.06867800 0.09722400
v -0.02891500 -0.06867800 0.09722400
v -0.02555200 -0.07107000 0.09976000
v -0.02555200 -0.07157000 0.09889400
v -0.02891500 -0.07107000 0.09976000
v -0.02891500 -0.07157000 0.09889400
v -0.02910800 -0.07123700 0.09985700
v -0.02910800 -0.07173700 0.09899100
v -0.02900000 -0.07123700 0.09985700
v -0.02900000 -0.07173700 0.09899100
v -0.02555200 -0.07123700 0.09985700
v -0.02555200 -0.07173700 0.09899100
v -0.02910800 -0.07123700 0.09985700
v -0.02910800 -0.06817800 0.09809000
v -0.02910800 -0.07173700 0.09899100
v -0.02910800 -0.06867800 0.09722400
v -0.02900900 -0.06683400 0.09731400
v -0.02856400 -0.06817800 0.09809000
v -0.02900900 -0.06733400 0.09644800
v -0.02856400 -0.06867800 0.09722400
v -0.02900900 -0.06683400 0.09731400
v -0.02947100 -0.06817800 0.09809000
v -0.02910800 -0.06817800 0.09809000
v -0.02400000 -0.07115600 0.09981000
v -0.02555200 -0.07075600 0.09957900
v -0.02555200 -0.07107000 0.09976000
v -0.02555200 -0.07123700 0.09985700
v -0.02555200 -0.07154100 0.10003200
v -0.02891500 -0.07107000 0.09976000
v -0.02900000 -0.07123700 0.09985700
v -0.02856400 -0.06817800 0.09809000
v -0.02891500 -0.06817800 0.09809000
v -0.02910800 -0.07123700 0.09985700
v -0.02910800 -0.06817800 0.09809000
v -0.02947100 -0.06817800 0.09809000
v -0.02910800 -0.06867800 0.09722400
v -0.02947100 -0.06867800 0.09722400
v -0.02947100 -0.06817800 0.09809000
v -0.02900900 -0.06683400 0.09731400
v -0.02947100 -0.06867800 0.09722400
v -0.02900900 -0.06733400 0.09644800
v -0.02891500 -0.07157000 0.09889400
v -0.02891500 -0.06867800 0.09722400
v -0.02891500 -0.07107000 0.09976000
v -0.02891500 -0.06817800 0.09809000
v -0.02555200 -0.07107000 0.09976000
v -0.02555200 -0.07075600 0.09957900
v -0.02555200 -0.07157000 0.09889400
v -0.02555200 -0.07125600 0.09871300
v -0.02555200 -0.07075600 0.09957900
v -0.02400000 -0.07115600 0.09981000
v -0.02555200 -0.07125600 0.09871300
v -0.02400000 -0.07165600 0.09894400
v -0.00017200 -0.06645300 0.09709400
v -0.00037000 -0.06645300 0.09709400
v -0.00017200 -0.06695300 0.09622800
v -0.00037000 -0.06695300 0.09622800
v 0.00012900 -0.06608300 0.09688100
v -0.00017200 -0.06645300 0.09709400
v 0.00012900 -0.06658300 0.09601500
v -0.00017200 -0.06695300 0.09622800
v 0.00013800 -0.06608300 0.09688100
v 0.00012900 -0.06608300 0.09688100
v 0.00013800 -0.06658300 0.09601500
v 0.00012900 -0.06658300 0.09601500
v 0.00044000 -0.06645300 0.09709400
v 0.00013800 -0.06608300 0.09688100
v 0.00044000 -0.06695300 0.09622800
v 0.00013800 -0.06658300 0.09601500
v 0.00063800 -0.06645300 0.09709400
v 0.00044000 -0.06645300 0.09709400
v 0.00063800 -0.06695300 0.09622800
v 0.00044000 -0.06695300 0.09622800
v 0.00023300 -0.06597700 0.09681900
v 0.00063800 -0.06645300 0.09709400
v 0.00023300 -0.06647700 0.09595300
v 0.00063800 -0.06695300 0.09622800
v 0.00023300 -0.06558700 0.09659400
v 0.00023300 -0.06597700 0.09681900
v 0.00023300 -0.06608700 0.09572800
v 0.00023300 -0.06647700 0.09595300
v 0.00003400 -0.06558700 0.09659400
v 0.00023300 -0.06558700 0.09659400
v 0.00003400 -0.06608700 0.09572800
v 0.00023300 -0.06608700 0.09572800
v -0.00037000 -0.06645300 0.09709400
v -0.00017200 -0.06645300 0.09709400
v 0.00003400 -0.06597700 0.09681900
v 0.00012900 -0.06608300 0.09688100
v 0.00044000 -0.06645300 0.09709400
v 0.00063800 -0.06645300 0.09709400
v 0.00013800 -0.06608300 0.09688100
v 0.00023300 -0.06597700 0.09681900
v 0.00023300 -0.06558700 0.09659400
v 0.00003400 -0.06558700 0.09659400
v -0.00037000 -0.06645300 0.09709400
v 0.00003400 -0.06597700 0.09681900
v -0.00037000 -0.06695300 0.09622800
v 0.00003400 -0.06647700 0.09595300
v 0.00003400 -0.06597700 0.09681900
v 0.00003400 -0.06558700 0.09659400
v 0.00003400 -0.06647700 0.09595300
v 0.00003400 -0.06608700 0.09572800
v -0.00037000 -0.06695300 0.09622800
v 0.00003400 -0.06647700 0.09595300
v 0.00003400 -0.06608700 0.09572800
v 0.00510000 -0.07165600 0.09894400
v 0.00612900 -0.07166100 0.09894600
v 0.00572300 -0.07120500 0.09868300
v 0.00018500 -0.06867800 0.09722400
v 0.00018500 -0.07157000 0.09889400
v 0.00354800 -0.07157000 0.09889400
v 0.00023300 -0.06608700 0.09572800
v 0.00023300 -0.06647700 0.09595300
v 0.00063800 -0.06695300 0.09622800
v 0.00354800 -0.07125600 0.09871300
v 0.00044000 -0.06695300 0.09622800
v 0.00009100 -0.06733400 0.09644800
v 0.00672300 -0.07120500 0.09868300
v 0.00631800 -0.07166100 0.09894600
v 0.00668000 -0.07207100 0.09918300
v 0.00647300 -0.07207100 0.09918300
v 0.00622300 -0.07175700 0.09900200
v 0.00597300 -0.07207100 0.09918300
v 0.00816600 -0.06499600 0.09509800
v 0.00780000 -0.06467900 0.09491500
v 0.00830000 -0.06542900 0.09534800
v 0.00730000 -0.06456300 0.09484800
v 0.00651600 -0.07120500 0.09868300
v 0.00053600 -0.06867800 0.09722400
v 0.00593000 -0.07120500 0.09868300
v 0.00622300 -0.07156000 0.09888800
v 0.00576700 -0.07207100 0.09918300
v -0.00810000 -0.07789900 0.10254800
v -0.00796600 -0.07833200 0.10279800
v 0.00830000 -0.07789900 0.10254800
v 0.00780000 -0.07864900 0.10298100
v 0.00816600 -0.07833200 0.10279800
v -0.00760000 -0.07864900 0.10298100
v -0.00710000 -0.07876500 0.10304800
v 0.00730000 -0.07876500 0.10304800
v -0.00000800 -0.06867800 0.09722400
v -0.00037100 -0.06867800 0.09722400
v -0.00000800 -0.07173700 0.09899100
v 0.00010000 -0.07173700 0.09899100
v -0.00810000 -0.06542900 0.09534800
v -0.00017200 -0.06695300 0.09622800
v 0.00012900 -0.06658300 0.09601500
v 0.00013800 -0.06658300 0.09601500
v -0.00796600 -0.06499600 0.09509800
v -0.00760000 -0.06467900 0.09491500
v -0.00710000 -0.06456300 0.09484800
v 0.00354800 -0.07204100 0.09916600
v 0.00354800 -0.07173700 0.09899100
v 0.00354800 -0.07154100 0.10003200
v 0.00354800 -0.07123700 0.09985700
v 0.00354800 -0.07204100 0.09916600
v 0.00354800 -0.07173700 0.09899100
v 0.00510000 -0.07115600 0.09981000
v 0.00354800 -0.07154100 0.10003200
v 0.00510000 -0.07165600 0.09894400
v 0.00354800 -0.07204100 0.09916600
v 0.00053600 -0.06817800 0.09809000
v 0.00018500 -0.06817800 0.09809000
v 0.00053600 -0.06867800 0.09722400
v 0.00018500 -0.06867800 0.09722400
v 0.00354800 -0.07107000 0.09976000
v 0.00354800 -0.07157000 0.09889400
v 0.00018500 -0.07107000 0.09976000
v 0.00018500 -0.07157000 0.09889400
v -0.00000800 -0.07123700 0.09985700
v -0.00000800 -0.07173700 0.09899100
v 0.00010000 -0.07123700 0.09985700
v 0.00010000 -0.07173700 0.09899100
v 0.00354800 -0.07123700 0.09985700
v 0.00354800 -0.07173700 0.09899100
v -0.00000800 -0.07123700 0.09985700
v -0.00000800 -0.06817800 0.09809000
v -0.00000800 -0.07173700 0.09899100
v -0.00000800 -0.06867800 0.09722400
v 0.00009100 -0.06683400 0.09731400
v 0.00053600 -0.06817800 0.09809000
v 0.00009100 -0.06733400 0.09644800
v 0.00053600 -0.06867800 0.09722400
v 0.00009100 -0.06683400 0.09731400
v -0.00037100 -0.06817800 0.09809000
v -0.00000800 -0.06817800 0.09809000
v 0.00510000 -0.07115600 0.09981000
v 0.00354800 -0.07075600 0.09957900
v 0.00354800 -0.07107000 0.09976000
v 0.00354800 -0.07123700 0.09985700
v 0.00354800 -0.07154100 0.10003200
v 0.00018500 -0.07107000 0.09976000
v 0.00010000 -0.07123700 0.09985700
v 0.00053600 -0.06817800 0.09809000
v 0.00018500 -0.06817800 0.09809000
v -0.00000800 -0.07123700 0.09985700
v -0.00000800 -0.06817800 0.09809000
v -0.00037100 -0.06817800 0.09809000
v -0.00000800 -0.06867800 0.09722400
v -0.00037100 -0.06867800 0.09722400
v -0.00037100 -0.06817800 0.09809000
v 0.00009100 -0.06683400 0.09731400
v -0.00037100 -0.06867800 0.09722400
v 0.00009100 -0.06733400 0.09644800
v 0.00018500 -0.07157000 0.09889400
v 0.00018500 -0.06867800 0.09722400
v 0.00018500 -0.07107000 0.09976000
v 0.00018500 -0.06817800 0.09809000
v 0.00354800 -0.07107000 0.09976000
v 0.00354800 -0.07075600 0.09957900
v 0.00354800 -0.07157000 0.09889400
v 0.00354800 -0.07125600 0.09871300
v 0.00354800 -0.07075600 0.09957900
v 0.00510000 -0.07115600 0.09981000
v 0.00354800 -0.07125600 0.09871300
v 0.00510000 -0.07165600 0.09894400
v 0.00612900 -0.07116100 0.09981200
v 0.00572300 -0.07070500 0.09954900
v 0.00612900 -0.07166100 0.09894600
v 0.00572300 -0.07120500 0.09868300
v 0.00576700 -0.07157100 0.10004900
v 0.00612900 -0.07116100 0.09981200
v 0.00576700 -0.07207100 0.09918300
v 0.00612900 -0.07166100 0.09894600
v 0.00597300 -0.07157100 0.10004900
v 0.00576700 -0.07157100 0.10004900
v 0.00597300 -0.07207100 0.09918300
v 0.00576700 -0.07207100 0.09918300
v 0.00622300 -0.07125700 0.09986800
v 0.00597300 -0.07157100 0.10004900
v 0.00622300 -0.07175700 0.09900200
v 0.00597300 -0.07207100 0.09918300
v 0.00647300 -0.07157100 0.10004900
v 0.00622300 -0.07125700 0.09986800
v 0.00647300 -0.07207100 0.09918300
v 0.00622300 -0.07175700 0.09900200
v 0.00668000 -0.07157100 0.10004900
v 0.00647300 -0.07157100 0.10004900
v 0.00668000 -0.07207100 0.09918300
v 0.00647300 -0.07207100 0.09918300
v 0.00631800 -0.07116100 0.09981200
v 0.00668000 -0.07157100 0.10004900
v 0.00631800 -0.07166100 0.09894600
v 0.00668000 -0.07207100 0.09918300
v 0.00672300 -0.07070500 0.09954900
v 0.00631800 -0.07116100 0.09981200
v 0.00672300 -0.07120500 0.09868300
v 0.00631800 -0.07166100 0.09894600
v 0.00651600 -0.07070500 0.09954900
v 0.00672300 -0.07070500 0.09954900
v 0.00651600 -0.07120500 0.09868300
v 0.00672300 -0.07120500 0.09868300
v 0.00622300 -0.07106000 0.09975400
v 0.00651600 -0.07070500 0.09954900
v 0.00622300 -0.07156000 0.09888800
v 0.00651600 -0.07120500 0.09868300
v 0.00647300 -0.07157100 0.10004900
v 0.00668000 -0.07157100 0.10004900
v 0.00622300 -0.07125700 0.09986800
v 0.00631800 -0.07116100 0.09981200
v 0.00593000 -0.07070500 0.09954900
v 0.00572300 -0.07070500 0.09954900
v 0.00622300 -0.07106000 0.09975400
v 0.00612900 -0.07116100 0.09981200
v 0.00672300 -0.07070500 0.09954900
v 0.00651600 -0.07070500 0.09954900
v 0.00597300 -0.07157100 0.10004900
v 0.00576700 -0.07157100 0.10004900
v 0.00572300 -0.07070500 0.09954900
v 0.00593000 -0.07070500 0.09954900
v 0.00572300 -0.07120500 0.09868300
v 0.00593000 -0.07120500 0.09868300
v 0.00593000 -0.07070500 0.09954900
v 0.00622300 -0.07106000 0.09975400
v 0.00593000 -0.07120500 0.09868300
v 0.00622300 -0.07156000 0.09888800
v -0.02297100 -0.07116100 0.09981200
v -0.02337700 -0.07070500 0.09954900
v -0.02297100 -0.07166100 0.09894600
v -0.02337700 -0.07120500 0.09868300
v -0.02333300 -0.07157100 0.10004900
v -0.02297100 -0.07116100 0.09981200
v -0.02333300 -0.07207100 0.09918300
v -0.02297100 -0.07166100 0.09894600
v -0.02312700 -0.07157100 0.10004900
v -0.02333300 -0.07157100 0.10004900
v -0.02312700 -0.07207100 0.09918300
v -0.02333300 -0.07207100 0.09918300
v -0.02287700 -0.07125700 0.09986800
v -0.02312700 -0.07157100 0.10004900
v -0.02287700 -0.07175700 0.09900200
v -0.02312700 -0.07207100 0.09918300
v -0.02262700 -0.07157100 0.10004900
v -0.02287700 -0.07125700 0.09986800
v -0.02262700 -0.07207100 0.09918300
v -0.02287700 -0.07175700 0.09900200
v -0.02242000 -0.07157100 0.10004900
v -0.02262700 -0.07157100 0.10004900
v -0.02242000 -0.07207100 0.09918300
v -0.02262700 -0.07207100 0.09918300
v -0.02278200 -0.07116100 0.09981200
v -0.02242000 -0.07157100 0.10004900
v -0.02278200 -0.07166100 0.09894600
v -0.02242000 -0.07207100 0.09918300
v -0.02237700 -0.07070500 0.09954900
v -0.02278200 -0.07116100 0.09981200
v -0.02237700 -0.07120500 0.09868300
v -0.02278200 -0.07166100 0.09894600
v -0.02258400 -0.07070500 0.09954900
v -0.02237700 -0.07070500 0.09954900
v -0.02258400 -0.07120500 0.09868300
v -0.02237700 -0.07120500 0.09868300
v -0.02287700 -0.07106000 0.09975400
v -0.02258400 -0.07070500 0.09954900
v -0.02287700 -0.07156000 0.09888800
v -0.02258400 -0.07120500 0.09868300
v -0.02262700 -0.07157100 0.10004900
v -0.02242000 -0.07157100 0.10004900
v -0.02287700 -0.07125700 0.09986800
v -0.02278200 -0.07116100 0.09981200
v -0.02317000 -0.07070500 0.09954900
v -0.02337700 -0.07070500 0.09954900
v -0.02287700 -0.07106000 0.09975400
v -0.02297100 -0.07116100 0.09981200
v -0.02237700 -0.07070500 0.09954900
v -0.02258400 -0.07070500 0.09954900
v -0.02312700 -0.07157100 0.10004900
v -0.02333300 -0.07157100 0.10004900
v -0.02337700 -0.07070500 0.09954900
v -0.02317000 -0.07070500 0.09954900
v -0.02337700 -0.07120500 0.09868300
v -0.02317000 -0.07120500 0.09868300
v -0.02317000 -0.07070500 0.09954900
v -0.02287700 -0.07106000 0.09975400
v -0.02317000 -0.07120500 0.09868300
v -0.02287700 -0.07156000 0.09888800
v -0.02317000 -0.07120500 0.09868300
v -0.02287700 -0.07156000 0.09888800
v -0.02258400 -0.07120500 0.09868300
v -0.02130300 -0.06738000 0.09647500
v -0.02300800 -0.06567500 0.09549100
v -0.02846200 -0.06695300 0.09622800
v -0.02262700 -0.07207100 0.09918300
v -0.02287700 -0.07175700 0.09900200
v -0.02312700 -0.07207100 0.09918300
v -0.02886700 -0.06608700 0.09572800
v -0.02519900 -0.06445600 0.09478700
v -0.02769800 -0.06382000 0.09442000
v -0.02278200 -0.07166100 0.09894600
v -0.02242000 -0.07207100 0.09918300
v -0.02237700 -0.07120500 0.09868300
v -0.02022100 -0.06943100 0.09765900
v -0.02891500 -0.07157000 0.09889400
v -0.02555200 -0.07157000 0.09889400
v -0.02555200 -0.07125600 0.09871300
v -0.02130300 -0.07594800 0.10142200
v -0.02022100 -0.07389600 0.10023700
v -0.01985000 -0.07166400 0.09894800
v -0.02906600 -0.06608700 0.09572800
v -0.02886700 -0.06647700 0.09595300
v -0.02866000 -0.06695300 0.09622800
v -0.02900900 -0.06733400 0.09644800
v -0.02856400 -0.06867800 0.09722400
v -0.02337700 -0.07120500 0.09868300
v -0.03499200 -0.07765300 0.10240600
v -0.03280100 -0.07887200 0.10311000
v -0.02333300 -0.07207100 0.09918300
v -0.03030200 -0.07950700 0.10347700
v -0.02769800 -0.07950700 0.10347700
v -0.02300800 -0.07765300 0.10240600
v -0.02519900 -0.07887200 0.10311000
v -0.02891500 -0.06867800 0.09722400
v -0.02400000 -0.07165600 0.09894400
v -0.02297100 -0.07166100 0.09894600
v -0.03030200 -0.06382000 0.09442000
v -0.03280100 -0.06445600 0.09478700
v -0.02906600 -0.06647700 0.09595300
v -0.03499200 -0.06567500 0.09549100
v -0.02947000 -0.06695300 0.09622800
v -0.03669700 -0.06738000 0.09647500
v -0.03777900 -0.06943100 0.09765900
v -0.02555200 -0.07204100 0.09916600
v -0.02555200 -0.07173700 0.09899100
v -0.02947100 -0.06867800 0.09722400
v -0.02927200 -0.06695300 0.09622800
v -0.02897100 -0.06658300 0.09601500
v -0.02896200 -0.06658300 0.09601500
v -0.02910800 -0.07173700 0.09899100
v -0.02910800 -0.06867800 0.09722400
v -0.02900000 -0.07173700 0.09899100
v -0.03669700 -0.07594800 0.10142200
v -0.03777900 -0.07389600 0.10023700
v -0.03815000 -0.07166400 0.09894800
v -0.02927200 -0.06645300 0.09709400
v -0.02947000 -0.06645300 0.09709400
v -0.02927200 -0.06695300 0.09622800
v -0.02947000 -0.06695300 0.09622800
v -0.02897100 -0.06608300 0.09688100
v -0.02927200 -0.06645300 0.09709400
v -0.02897100 -0.06658300 0.09601500
v -0.02927200 -0.06695300 0.09622800
v -0.02896200 -0.06608300 0.09688100
v -0.02897100 -0.06608300 0.09688100
v -0.02896200 -0.06658300 0.09601500
v -0.02897100 -0.06658300 0.09601500
v -0.02866000 -0.06645300 0.09709400
v -0.02896200 -0.06608300 0.09688100
v -0.02866000 -0.06695300 0.09622800
v -0.02896200 -0.06658300 0.09601500
v -0.02846200 -0.06645300 0.09709400
v -0.02866000 -0.06645300 0.09709400
v -0.02846200 -0.06695300 0.09622800
v -0.02866000 -0.06695300 0.09622800
v -0.02886700 -0.06597700 0.09681900
v -0.02846200 -0.06645300 0.09709400
v -0.02886700 -0.06647700 0.09595300
v -0.02846200 -0.06695300 0.09622800
v -0.02886700 -0.06558700 0.09659400
v -0.02886700 -0.06597700 0.09681900
v -0.02886700 -0.06608700 0.09572800
v -0.02886700 -0.06647700 0.09595300
v -0.02906600 -0.06558700 0.09659400
v -0.02886700 -0.06558700 0.09659400
v -0.02906600 -0.06608700 0.09572800
v -0.02886700 -0.06608700 0.09572800
v -0.02947000 -0.06645300 0.09709400
v -0.02927200 -0.06645300 0.09709400
v -0.02906600 -0.06597700 0.09681900
v -0.02897100 -0.06608300 0.09688100
v -0.02866000 -0.06645300 0.09709400
v -0.02846200 -0.06645300 0.09709400
v -0.02896200 -0.06608300 0.09688100
v -0.02886700 -0.06597700 0.09681900
v -0.02906600 -0.06558700 0.09659400
v -0.02886700 -0.06558700 0.09659400
v -0.02947000 -0.06645300 0.09709400
v -0.02906600 -0.06597700 0.09681900
v -0.02947000 -0.06695300 0.09622800
v -0.02906600 -0.06647700 0.09595300
v -0.02906600 -0.06597700 0.09681900
v -0.02906600 -0.06558700 0.09659400
v -0.02906600 -0.06647700 0.09595300
v -0.02906600 -0.06608700 0.09572800
v -0.03671000 -0.06214300 0.09362400
v -0.03647400 -0.06228200 0.09370500
v -0.03615100 -0.06233400 0.09373400
v -0.03647400 -0.06078400 0.09284000
v -0.03615100 -0.06074100 0.09281500
v -0.03576400 -0.06074100 0.09281500
v -0.03576400 -0.06233400 0.09373400
v -0.03693800 -0.06153500 0.09327300
v -0.03682700 -0.06199800 0.09354100
v -0.03682600 -0.06106100 0.09300000
v -0.03671000 -0.06091500 0.09291500
v -0.03909500 -0.06112900 0.09303900
v -0.03843800 -0.06269100 0.09394100
v -0.03778600 -0.06269100 0.09394100
v -0.04009700 -0.06269100 0.09394100
v -0.03975900 -0.06269100 0.09394100
v -0.03926600 -0.06073200 0.09281000
v -0.03909800 -0.06113100 0.09304000
v -0.03909600 -0.06112700 0.09303800
v -0.03875300 -0.06038900 0.09261200
v -0.03878300 -0.06038900 0.09261200
v -0.03912000 -0.06038900 0.09261200
v -0.03315800 -0.06038800 0.09261100
v -0.03347500 -0.06038800 0.09261100
v -0.03315800 -0.06170200 0.09337000
v -0.03347500 -0.06135600 0.09317000
v -0.03383000 -0.06135600 0.09317000
v -0.03388500 -0.06170200 0.09337000
v -0.03444700 -0.06145500 0.09322700
v -0.03528900 -0.06038700 0.09261000
v -0.03460600 -0.06038800 0.09261100
v -0.03315800 -0.06233700 0.09373600
v -0.03383500 -0.06233700 0.09373600
v -0.03315800 -0.06268800 0.09393900
v -0.03382100 -0.06268900 0.09394000
v -0.03315800 -0.06268900 0.09394000
v -0.03432300 -0.06214400 0.09362500
v -0.03484800 -0.06231000 0.09372100
v -0.03475200 -0.06243100 0.09379100
v -0.03431400 -0.06265200 0.09391800
v -0.03410300 -0.06268000 0.09393400
v -0.03424000 -0.06223700 0.09367900
v -0.03489900 -0.06220000 0.09365700
v -0.03434000 -0.06197300 0.09352600
v -0.03491000 -0.06187400 0.09346900
v -0.03385700 -0.06233600 0.09373600
v -0.03408900 -0.06230800 0.09372000
v -0.03447900 -0.06260400 0.09389000
v -0.03462400 -0.06253100 0.09384800
v -0.03480300 -0.06166300 0.09334700
v -0.03429600 -0.06184600 0.09345300
v -0.03465000 -0.06154300 0.09327800
v -0.03423100 -0.06178400 0.09341700
v -0.03408500 -0.06172300 0.09338200
v -0.03121000 -0.06268800 0.09393900
v -0.03120800 -0.06269300 0.09394200
v -0.03091400 -0.06269300 0.09394200
v -0.03263100 -0.06039300 0.09261400
v -0.03296100 -0.06039300 0.09261400
v -0.03238800 -0.06166600 0.09334900
v -0.03252400 -0.06268800 0.09393900
v -0.03252300 -0.06269300 0.09394200
v -0.03091300 -0.06268800 0.09393900
v -0.03104700 -0.06166700 0.09335000
v -0.03047200 -0.06039300 0.09261400
v -0.03080300 -0.06039300 0.09261400
v -0.03155800 -0.06039300 0.09261400
v -0.03187900 -0.06039300 0.09261400
v -0.03171700 -0.06141300 0.09320300
v -0.03222500 -0.06269300 0.09394200
v -0.03609200 -0.06038700 0.09261000
v -0.03637500 -0.06039700 0.09261700
v -0.03544800 -0.06038800 0.09261100
v -0.03544800 -0.06268300 0.09393600
v -0.03609200 -0.06268300 0.09393600
v -0.03670000 -0.06260600 0.09389100
v -0.03715100 -0.06237500 0.09375800
v -0.03729700 -0.06224500 0.09368300
v -0.03753200 -0.06180000 0.09342600
v -0.03720900 -0.06074200 0.09281600
v -0.03739800 -0.06096800 0.09294600
v -0.03755900 -0.06147900 0.09324100
v -0.03660800 -0.06042800 0.09263400
v -0.03678500 -0.06047600 0.09266200
v -0.03694700 -0.06055000 0.09270400
v -0.04199000 -0.06081700 0.09285900
v -0.04194400 -0.06077300 0.09283400
v -0.04214300 -0.06042600 0.09263300
v -0.04185300 -0.06038700 0.09261000
v -0.04084200 -0.06223700 0.09367800
v -0.04090300 -0.06229300 0.09371100
v -0.04067900 -0.06264500 0.09391400
v -0.04091900 -0.06268600 0.09393800
v -0.04030700 -0.06074100 0.09281500
v -0.04030700 -0.06038800 0.09261100
v -0.04179300 -0.06074100 0.09281500
v -0.04184900 -0.06074500 0.09281700
v -0.04247200 -0.06233100 0.09373300
v -0.04247200 -0.06268600 0.09393800
v -0.04105200 -0.06233100 0.09373300
v -0.04099700 -0.06232700 0.09373000
v -0.04048200 -0.06252400 0.09384400
v -0.04035100 -0.06234500 0.09374100
v -0.04082400 -0.06217400 0.09364200
v -0.04030700 -0.06212400 0.09361300
v -0.04082400 -0.06192400 0.09349800
v -0.04030700 -0.06188800 0.09347700
v -0.04083000 -0.06189100 0.09347900
v -0.04035100 -0.06168900 0.09336200
v -0.04087300 -0.06183300 0.09344500
v -0.04048200 -0.06151000 0.09325900
v -0.04095900 -0.06179000 0.09342100
v -0.04068600 -0.06138700 0.09318800
v -0.04108600 -0.06177600 0.09341300
v -0.04096000 -0.06134600 0.09316400
v -0.04188500 -0.06177600 0.09341300
v -0.04179300 -0.06134600 0.09316400
v -0.04215600 -0.06173300 0.09338800
v -0.04191600 -0.06132700 0.09315300
v -0.04236300 -0.06160600 0.09331400
v -0.04197600 -0.06128600 0.09313000
v -0.04248700 -0.06143900 0.09321800
v -0.04200700 -0.06122300 0.09309300
v -0.04252800 -0.06126200 0.09311600
v -0.04201100 -0.06117800 0.09306700
v -0.04252800 -0.06094600 0.09293300
v -0.04201100 -0.06090100 0.09290700
v -0.04248500 -0.06072000 0.09280300
v -0.04235600 -0.06054400 0.09270100
v -0.04253900 -0.08414600 0.10632800
v -0.04300000 -0.08414600 0.10632800
v -0.04300000 -0.08482900 0.10614500
v -0.03306000 -0.08414600 0.10632800
v -0.03536800 -0.08414600 0.10632800
v -0.03767900 -0.08414600 0.10632800
v -0.04020200 -0.08414600 0.10632800
v 0.01200000 -0.08414600 0.10632800
v -0.00852500 -0.08414600 0.10632800
v 0.01200000 -0.08482900 0.10614500
v -0.01935000 -0.08414600 0.10632800
v -0.02513600 -0.08414600 0.10632800
v -0.04500000 -0.08241400 0.10532800
v -0.04550000 -0.08266400 0.10489500
v -0.04531000 -0.08349300 0.10537300
v -0.04484800 -0.08307700 0.10571100
v -0.04516500 -0.08374700 0.10552000
v -0.04441400 -0.08363900 0.10603500
v -0.04476800 -0.08419500 0.10577900
v -0.04425000 -0.08453900 0.10597800
v -0.04376500 -0.08401400 0.10625200
v -0.04395700 -0.08466400 0.10605000
v 0.01295700 -0.08466400 0.10605000
v 0.01276500 -0.08401400 0.10625200
v 0.01325000 -0.08453900 0.10597800
v 0.01341400 -0.08363900 0.10603500
v 0.01376800 -0.08419500 0.10577900
v 0.01416500 -0.08374700 0.10552000
v 0.01384800 -0.08307700 0.10571100
v 0.01431000 -0.08349300 0.10537300
v 0.01450000 -0.08266400 0.10489500
v 0.01400000 -0.08241400 0.10532800
v -0.04500000 -0.08185100 0.10500300
v -0.04500000 -0.06315700 0.09421000
v -0.04500000 -0.06269000 0.09394000
v -0.04550000 -0.06101400 0.09239500
v -0.04500000 -0.06268800 0.09393900
v -0.04500000 -0.06076400 0.09282800
v -0.04500000 -0.07895000 0.10332800
v -0.04500000 -0.07561600 0.10140300
v -0.04500000 -0.06422800 0.09482800
v 0.01400000 -0.08185100 0.10500300
v 0.01400000 -0.06076400 0.09282800
v 0.01400000 -0.06268800 0.09393900
v 0.01450000 -0.06101400 0.09239500
v 0.01400000 -0.06269000 0.09394000
v 0.01400000 -0.06315700 0.09421000
v 0.01400000 -0.06422800 0.09482800
v 0.01400000 -0.07561600 0.10140300
v 0.01400000 -0.07895000 0.10332800
v -0.00715000 -0.07873400 0.10320300
v -0.00715000 -0.07915900 0.10246700
v -0.00765000 -0.07861800 0.10313600
v -0.00765000 -0.07904300 0.10240000
v -0.00765000 -0.07861800 0.10313600
v -0.00765000 -0.07904300 0.10240000
v -0.00801600 -0.07830100 0.10295300
v -0.00801600 -0.07872600 0.10221700
v -0.00815000 -0.07786800 0.10270300
v -0.00815000 -0.07829300 0.10196700
v 0.00835000 -0.07786800 0.10270300
v 0.00835000 -0.07829300 0.10196700
v 0.00821600 -0.07830100 0.10295300
v 0.00821600 -0.07872600 0.10221700
v 0.00785000 -0.07861800 0.10313600
v 0.00785000 -0.07904300 0.10240000
v 0.00785000 -0.07861800 0.10313600
v 0.00785000 -0.07904300 0.10240000
v 0.00735000 -0.07873400 0.10320300
v 0.00735000 -0.07915900 0.10246700
v -0.01890000 -0.07681100 0.10053400
v -0.01890000 -0.07613600 0.10170300
v -0.01863400 -0.07797100 0.10120400
v -0.01863400 -0.07729600 0.10237300
v -0.01787500 -0.07895400 0.10177100
v -0.01787500 -0.07827900 0.10294000
v -0.01673900 -0.07961100 0.10215100
v -0.01673900 -0.07893600 0.10332000
v -0.01540000 -0.07984200 0.10228400
v -0.01540000 -0.07916700 0.10345300
v -0.01240000 -0.07984200 0.10228400
v -0.01240000 -0.07916700 0.10345300
v -0.01106100 -0.07961100 0.10215100
v -0.01106100 -0.07893600 0.10332000
v -0.00992500 -0.07895400 0.10177100
v -0.00992500 -0.07827900 0.10294000
v -0.00916600 -0.07797100 0.10120400
v -0.00916600 -0.07729600 0.10237300
v -0.00890000 -0.07681100 0.10053400
v -0.00890000 -0.07613600 0.10170300
v -0.00890000 -0.06704200 0.09645300
v -0.00890000 -0.06771700 0.09528400
v -0.00890000 -0.07561600 0.10140300
v -0.00916600 -0.06655700 0.09461400
v -0.00916600 -0.06588200 0.09578300
v -0.00992500 -0.06557400 0.09404600
v -0.00992500 -0.06489900 0.09521600
v -0.01106100 -0.06491700 0.09366700
v -0.01106100 -0.06424200 0.09483600
v -0.01240000 -0.06468600 0.09353400
v -0.01240000 -0.06401100 0.09470300
v -0.02513600 -0.06315700 0.09421000
v -0.02513600 -0.06422800 0.09482800
v -0.01935000 -0.06422800 0.09482800
v -0.03306000 -0.05903200 0.09182800
v -0.03306000 -0.06038800 0.09261100
v -0.02513600 -0.06038800 0.09261100
v -0.03767900 -0.06268800 0.09393900
v -0.03767900 -0.06269000 0.09394000
v -0.03536800 -0.06269000 0.09394000
v -0.04500000 -0.07561600 0.10140300
v -0.04500000 -0.07895000 0.10332800
v -0.04253900 -0.07895000 0.10332800
v -0.04500000 -0.06315700 0.09421000
v -0.04500000 -0.06422800 0.09482800
v -0.04253900 -0.06422800 0.09482800
v 0.01200000 -0.05903200 0.09182800
v -0.00852500 -0.05903200 0.09182800
v -0.00852500 -0.06038800 0.09261100
v -0.04020200 -0.06315700 0.09421000
v -0.03767900 -0.06315700 0.09421000
v -0.04020200 -0.06038800 0.09261100
v -0.03767900 -0.06038800 0.09261100
v -0.03536800 -0.06268800 0.09393900
v -0.03536800 -0.06038800 0.09261100
v -0.03306000 -0.06268800 0.09393900
v -0.03306000 -0.06269000 0.09394000
v -0.03536800 -0.05903200 0.09182800
v -0.03306000 -0.06315700 0.09421000
v -0.04202500 -0.07237600 0.09953300
v -0.04240900 -0.07204400 0.09934100
v -0.04253900 -0.07561600 0.10140300
v -0.04255000 -0.07158900 0.09907800
v -0.04020200 -0.07561600 0.10140300
v -0.04097500 -0.07237600 0.09953300
v -0.04150000 -0.07249800 0.09960300
v -0.04244600 -0.07119400 0.09885000
v -0.04215500 -0.07087800 0.09866800
v -0.04173400 -0.07070200 0.09856600
v -0.04020200 -0.06422800 0.09482800
v -0.04126600 -0.07070200 0.09856600
v -0.04084500 -0.07087800 0.09866800
v -0.04055400 -0.07119400 0.09885000
v -0.04045000 -0.07158900 0.09907800
v -0.04059100 -0.07204400 0.09934100
v -0.01935000 -0.07561600 0.10140300
v -0.02126000 -0.07589600 0.10156500
v -0.01935000 -0.07895000 0.10332800
v -0.02297500 -0.07761000 0.10255400
v -0.02513600 -0.07895000 0.10332800
v -0.02517800 -0.07883600 0.10326200
v -0.02769100 -0.07947500 0.10363100
v -0.02126000 -0.06728100 0.09659100
v -0.02017300 -0.06934400 0.09778200
v -0.01980000 -0.07158900 0.09907800
v -0.02017300 -0.07383400 0.10037400
v 0.01400000 -0.07895000 0.10332800
v 0.00821600 -0.07830100 0.10295300
v 0.00785000 -0.07861800 0.10313600
v -0.00852500 -0.07895000 0.10332800
v -0.00801600 -0.07830100 0.10295300
v -0.00815000 -0.07786800 0.10270300
v 0.00735000 -0.07873400 0.10320300
v -0.00715000 -0.07873400 0.10320300
v -0.00765000 -0.07861800 0.10313600
v 0.00785000 -0.06456000 0.09502000
v 0.00821600 -0.06487700 0.09520300
v 0.01400000 -0.06422800 0.09482800
v 0.00835000 -0.06531000 0.09545300
v 0.01400000 -0.07561600 0.10140300
v 0.00835000 -0.07561600 0.10140300
v 0.00835000 -0.07786800 0.10270300
v -0.00815000 -0.07561600 0.10140300
v -0.00852500 -0.07561600 0.10140300
v -0.00815000 -0.06531000 0.09545300
v -0.00852500 -0.06422800 0.09482800
v -0.00807400 -0.06497900 0.09526200
v -0.00785700 -0.06469800 0.09509900
v -0.00753300 -0.06451000 0.09499100
v -0.00715000 -0.06444400 0.09495300
v 0.00735000 -0.06444400 0.09495300
v -0.01673900 -0.07893600 0.10332000
v -0.01787500 -0.07827900 0.10294000
v -0.01863400 -0.07729600 0.10237300
v -0.01890000 -0.07613600 0.10170300
v -0.00916600 -0.07729600 0.10237300
v -0.00992500 -0.07827900 0.10294000
v -0.01106100 -0.07893600 0.10332000
v -0.00852500 -0.08185100 0.10500300
v -0.01240000 -0.07916700 0.10345300
v -0.01935000 -0.08185100 0.10500300
v -0.01540000 -0.07916700 0.10345300
v -0.00890000 -0.07613600 0.10170300
v -0.01106100 -0.06424200 0.09483600
v -0.00992500 -0.06489900 0.09521600
v -0.00916600 -0.06588200 0.09578300
v -0.00890000 -0.06704200 0.09645300
v -0.00890000 -0.07561600 0.10140300
v -0.01673900 -0.06424200 0.09483600
v -0.01540000 -0.06401100 0.09470300
v -0.01935000 -0.06315700 0.09421000
v -0.01240000 -0.06401100 0.09470300
v -0.00852500 -0.06315700 0.09421000
v -0.01890000 -0.07561600 0.10140300
v -0.01890000 -0.06704200 0.09645300
v -0.01863400 -0.06588200 0.09578300
v -0.01787500 -0.06489900 0.09521600
v -0.04020200 -0.06268800 0.09393900
v -0.04020200 -0.06269000 0.09394000
v -0.04253900 -0.06268800 0.09393900
v -0.04253900 -0.06038800 0.09261100
v -0.04020200 -0.05903200 0.09182800
v -0.04253900 -0.05903200 0.09182800
v -0.04300000 -0.05903200 0.09182800
v -0.04400000 -0.05926400 0.09196200
v 0.01384800 -0.06010100 0.09244500
v 0.01341400 -0.05953900 0.09212100
v 0.01276500 -0.05916300 0.09190400
v 0.01200000 -0.08414600 0.10632800
v 0.01276500 -0.08401400 0.10625200
v 0.01400000 -0.08241400 0.10532800
v 0.01341400 -0.08363900 0.10603500
v 0.01384800 -0.08307700 0.10571100
v -0.04253900 -0.08185100 0.10500300
v -0.04500000 -0.08185100 0.10500300
v -0.04500000 -0.08241400 0.10532800
v -0.04376500 -0.08401400 0.10625200
v -0.04300000 -0.08414600 0.10632800
v -0.04441400 -0.08363900 0.10603500
v -0.04484800 -0.08307700 0.10571100
v -0.04253900 -0.06315700 0.09421000
v -0.04500000 -0.06269000 0.09394000
v -0.04253900 -0.06269000 0.09394000
v -0.04500000 -0.06268800 0.09393900
v -0.04500000 -0.06076400 0.09282800
v -0.04473200 -0.05989800 0.09232800
v -0.03767900 -0.05903200 0.09182800
v -0.04020200 -0.07895000 0.10332800
v -0.03767900 -0.07895000 0.10332800
v -0.03767900 -0.07561600 0.10140300
v -0.03306000 -0.08185100 0.10500300
v -0.03536800 -0.07895000 0.10332800
v -0.03536800 -0.08185100 0.10500300
v -0.03767900 -0.08185100 0.10500300
v -0.04020200 -0.08185100 0.10500300
v -0.03536800 -0.06315700 0.09421000
v -0.03767900 -0.06422800 0.09482800
v -0.03536800 -0.06422800 0.09482800
v -0.03306000 -0.06422800 0.09482800
v -0.03306000 -0.07895000 0.10332800
v -0.03502500 -0.07761000 0.10255400
v -0.03674000 -0.07589600 0.10156500
v -0.03782700 -0.07383400 0.10037400
v -0.03820000 -0.07158900 0.09907800
v -0.03782700 -0.06934400 0.09778200
v -0.03674000 -0.06728100 0.09659100
v -0.03502500 -0.06556800 0.09560200
v -0.03282200 -0.06434200 0.09489400
v -0.03030900 -0.06370300 0.09452500
v -0.02769100 -0.06370300 0.09452500
v -0.02517800 -0.06434200 0.09489400
v -0.02297500 -0.06556800 0.09560200
v -0.01935000 -0.06038800 0.09261100
v -0.01935000 -0.05903200 0.09182800
v -0.02513600 -0.05903200 0.09182800
v -0.02513600 -0.06268800 0.09393900
v -0.02513600 -0.06269000 0.09394000
v -0.01935000 -0.06269000 0.09394000
v -0.02513600 -0.08185100 0.10500300
v -0.03030900 -0.07947500 0.10363100
v -0.03282200 -0.07883600 0.10326200
v -0.00852500 -0.06268800 0.09393900
v -0.04253900 -0.08414600 0.10632800
v -0.04020200 -0.08414600 0.10632800
v -0.03767900 -0.08414600 0.10632800
v -0.03536800 -0.08414600 0.10632800
v -0.03306000 -0.08414600 0.10632800
v -0.02513600 -0.08414600 0.10632800
v -0.01935000 -0.08414600 0.10632800
v -0.00852500 -0.08414600 0.10632800
v 0.01400000 -0.06076400 0.09282800
v 0.01400000 -0.06268800 0.09393900
v 0.01400000 -0.06269000 0.09394000
v 0.01400000 -0.06315700 0.09421000
v -0.00852500 -0.06269000 0.09394000
v -0.01935000 -0.06268800 0.09393900
v 0.01400000 -0.08185100 0.10500300
v -0.04045000 -0.07173900 0.09881800
v -0.04045000 -0.07158900 0.09907800
v -0.04055400 -0.07134400 0.09859000
v -0.04055400 -0.07119400 0.09885000
v -0.04084500 -0.07102800 0.09840800
v -0.04084500 -0.07087800 0.09866800
v -0.04126600 -0.07085200 0.09830600
v -0.04126600 -0.07070200 0.09856600
v -0.04173400 -0.07085200 0.09830600
v -0.04173400 -0.07070200 0.09856600
v -0.04215500 -0.07102800 0.09840800
v -0.04215500 -0.07087800 0.09866800
v -0.04244600 -0.07134400 0.09859000
v -0.04244600 -0.07119400 0.09885000
v -0.04255000 -0.07173900 0.09881800
v -0.04255000 -0.07158900 0.09907800
v -0.04240900 -0.07219400 0.09908100
v -0.04240900 -0.07204400 0.09934100
v -0.04240900 -0.07219400 0.09908100
v -0.04240900 -0.07204400 0.09934100
v -0.04202500 -0.07252600 0.09927300
v -0.04202500 -0.07237600 0.09953300
v -0.04150000 -0.07264800 0.09934300
v -0.04150000 -0.07249800 0.09960300
v -0.04150000 -0.07264800 0.09934300
v -0.04150000 -0.07249800 0.09960300
v -0.04097500 -0.07252600 0.09927300
v -0.04097500 -0.07237600 0.09953300
v -0.04059100 -0.07219400 0.09908100
v -0.04059100 -0.07204400 0.09934100
v -0.04059100 -0.07219400 0.09908100
v -0.04059100 -0.07204400 0.09934100
v -0.01980000 -0.07226400 0.09790900
v -0.01980000 -0.07158900 0.09907800
v -0.02017300 -0.07001900 0.09661300
v -0.02017300 -0.06934400 0.09778200
v -0.02126000 -0.06795600 0.09542200
v -0.02126000 -0.06728100 0.09659100
v -0.02297500 -0.06624300 0.09443200
v -0.02297500 -0.06556800 0.09560200
v -0.02517800 -0.06501700 0.09372500
v -0.02517800 -0.06434200 0.09489400
v -0.02769100 -0.06437800 0.09335600
v -0.02769100 -0.06370300 0.09452500
v -0.03030900 -0.06437800 0.09335600
v -0.03030900 -0.06370300 0.09452500
v -0.03282200 -0.06501700 0.09372500
v -0.03282200 -0.06434200 0.09489400
v -0.03502500 -0.06624300 0.09443200
v -0.03502500 -0.06556800 0.09560200
v -0.03674000 -0.06795600 0.09542200
v -0.03674000 -0.06728100 0.09659100
v -0.03782700 -0.07001900 0.09661300
v -0.03782700 -0.06934400 0.09778200
v -0.03820000 -0.07226400 0.09790900
v -0.03820000 -0.07158900 0.09907800
v -0.03782700 -0.07450900 0.09920500
v -0.03782700 -0.07383400 0.10037400
v -0.03674000 -0.07657100 0.10039600
v -0.03674000 -0.07589600 0.10156500
v -0.03502500 -0.07828500 0.10138500
v -0.03502500 -0.07761000 0.10255400
v -0.03282200 -0.07951100 0.10209300
v -0.03282200 -0.07883600 0.10326200
v -0.03030900 -0.08015000 0.10246200
v -0.03030900 -0.07947500 0.10363100
v -0.02769100 -0.08015000 0.10246200
v -0.02769100 -0.07947500 0.10363100
v -0.02517800 -0.07951100 0.10209300
v -0.02517800 -0.07883600 0.10326200
v -0.02297500 -0.07828500 0.10138500
v -0.02297500 -0.07761000 0.10255400
v -0.02126000 -0.07657100 0.10039600
v -0.02126000 -0.07589600 0.10156500
v -0.02017300 -0.07450900 0.09920500
v -0.02017300 -0.07383400 0.10037400
v -0.01540000 -0.06468600 0.09353400
v -0.01540000 -0.06401100 0.09470300
v -0.01890000 -0.07561600 0.10140300
v -0.01890000 -0.06771700 0.09528400
v -0.01890000 -0.06704200 0.09645300
v -0.01673900 -0.06491700 0.09366700
v -0.01673900 -0.06424200 0.09483600
v -0.01787500 -0.06557400 0.09404600
v -0.01787500 -0.06489900 0.09521600
v -0.01863400 -0.06655700 0.09461400
v -0.01863400 -0.06588200 0.09578300
v 0.00735000 -0.06444400 0.09495300
v 0.00735000 -0.06486900 0.09421700
v 0.00785000 -0.06456000 0.09502000
v 0.00785000 -0.06498500 0.09428400
v 0.00821600 -0.06487700 0.09520300
v 0.00821600 -0.06530200 0.09446700
v 0.00821600 -0.06487700 0.09520300
v 0.00821600 -0.06530200 0.09446700
v 0.00835000 -0.06531000 0.09545300
v 0.00835000 -0.06573500 0.09471700
v -0.00815000 -0.06531000 0.09545300
v -0.00815000 -0.06573500 0.09471700
v -0.00807400 -0.06497900 0.09526200
v -0.00807400 -0.06540400 0.09452600
v -0.00785700 -0.06469800 0.09509900
v -0.00785700 -0.06512300 0.09436300
v -0.00753300 -0.06451000 0.09499100
v -0.00753300 -0.06493500 0.09425500
v -0.00715000 -0.06444400 0.09495300
v -0.00715000 -0.06486900 0.09421700
v 0.00835000 -0.07561600 0.10140300
v -0.00815000 -0.07561600 0.10140300
v -0.04300000 -0.05903200 0.09182800
v -0.04300000 -0.05884900 0.09114500
v -0.04425000 -0.05913900 0.09131200
v -0.04400000 -0.05926400 0.09196200
v -0.04516500 -0.05993100 0.09177000
v -0.04473200 -0.05989800 0.09232800
v 0.01431000 -0.06018500 0.09191700
v 0.01384800 -0.06010100 0.09244500
v 0.01416500 -0.05993100 0.09177000
v 0.01341400 -0.05953900 0.09212100
v 0.01376800 -0.05948300 0.09151100
v 0.01325000 -0.05913900 0.09131200
v 0.01276500 -0.05916300 0.09190400
v 0.01295700 -0.05901300 0.09124000
v 0.01200000 -0.05884900 0.09114500
v 0.01200000 -0.05903200 0.09182800
v -0.04253900 -0.05903200 0.09182800
v -0.04020200 -0.05903200 0.09182800
v -0.03767900 -0.05903200 0.09182800
v -0.03536800 -0.05903200 0.09182800
v -0.03306000 -0.05903200 0.09182800
v -0.02513600 -0.05903200 0.09182800
v -0.01935000 -0.05903200 0.09182800
v -0.00852500 -0.05903200 0.09182800
v 0.01084800 -0.09615200 0.08020400
v 0.01067000 -0.09672800 0.08053700
v 0.01067000 -0.09665400 0.08066400
v 0.01067000 -0.09665400 0.08066400
v 0.01067000 -0.09672800 0.08053700
v 0.01084800 -0.09730300 0.08086900
v 0.01084800 -0.09723000 0.08099600
v 0.01133500 -0.09772500 0.08111300
v 0.01133500 -0.09765200 0.08123900
v 0.01133500 -0.09765200 0.08123900
v 0.01133500 -0.09772500 0.08111300
v 0.01200000 -0.09787900 0.08120200
v 0.01200000 -0.09780600 0.08132900
v 0.01080200 -0.09615500 0.08037500
v 0.01084800 -0.09607800 0.08033100
v 0.01133500 -0.09573000 0.07996100
v 0.01117100 -0.09575400 0.08014400
v 0.01133500 -0.09565700 0.08008800
v 0.01200000 -0.09557600 0.07987200
v 0.01170400 -0.09553100 0.08001500
v 0.01200000 -0.09557600 0.07987200
v 0.01170400 -0.09553100 0.08001500
v 0.01200000 -0.09550200 0.07999900
v 0.01215000 -0.09737700 0.08091200
v 0.01185000 -0.09737700 0.08091200
v 0.01215000 -0.09685500 0.08153400
v 0.01185000 -0.09685500 0.08153400
v 0.01175000 -0.09617400 0.08114100
v 0.01182300 -0.09611100 0.08110400
v 0.01225000 -0.09617400 0.08114100
v 0.01217700 -0.09654400 0.08135400
v 0.01185000 -0.09685500 0.08153400
v 0.01215000 -0.09663100 0.08140400
v 0.01215000 -0.09685500 0.08153400
v 0.01260900 -0.09619800 0.08115400
v 0.01260900 -0.09645700 0.08130400
v 0.01235000 -0.09619800 0.08115400
v 0.01235000 -0.09645700 0.08130400
v 0.01225000 -0.09648100 0.08131800
v 0.01185000 -0.09580000 0.08092500
v 0.01215000 -0.09580000 0.08092500
v 0.01185000 -0.09602400 0.08105400
v 0.01215000 -0.09602400 0.08105400
v 0.01217700 -0.09611100 0.08110400
v 0.01139100 -0.09645700 0.08130400
v 0.01139100 -0.09619800 0.08115400
v 0.01165000 -0.09645700 0.08130400
v 0.01165000 -0.09619800 0.08115400
v 0.01175000 -0.09648100 0.08131800
v 0.01182300 -0.09654400 0.08135400
v 0.01185000 -0.09663100 0.08140400
v 0.01185000 -0.09607800 0.08016200
v 0.01215000 -0.09607800 0.08016200
v 0.01185000 -0.09580000 0.08092500
v 0.01215000 -0.09580000 0.08092500
v 0.01275000 -0.09659800 0.08046200
v 0.01275000 -0.09685700 0.08061200
v 0.01260900 -0.09619800 0.08115400
v 0.01260900 -0.09645700 0.08130400
v 0.01125000 -0.09685700 0.08061200
v 0.01125000 -0.09659800 0.08046200
v 0.01139100 -0.09645700 0.08130400
v 0.01139100 -0.09619800 0.08115400
v 0.01235000 -0.09685700 0.08061200
v 0.01275000 -0.09685700 0.08061200
v 0.01315200 -0.09730300 0.08086900
v 0.01215000 -0.09703100 0.08071200
v 0.01215000 -0.09737700 0.08091200
v 0.01266500 -0.09772500 0.08111300
v 0.01185000 -0.09737700 0.08091200
v 0.01333000 -0.09672800 0.08053700
v 0.01225000 -0.09657400 0.08044800
v 0.01217700 -0.09651100 0.08041200
v 0.01215000 -0.09642400 0.08036200
v 0.01165000 -0.09659800 0.08046200
v 0.01125000 -0.09659800 0.08046200
v 0.01084800 -0.09615200 0.08020400
v 0.01217700 -0.09694400 0.08066200
v 0.01225000 -0.09688100 0.08062500
v 0.01315200 -0.09615200 0.08020400
v 0.01275000 -0.09659800 0.08046200
v 0.01235000 -0.09659800 0.08046200
v 0.01185000 -0.09607800 0.08016200
v 0.01185000 -0.09642400 0.08036200
v 0.01266500 -0.09573000 0.07996100
v 0.01215000 -0.09607800 0.08016200
v 0.01200000 -0.09557600 0.07987200
v 0.01133500 -0.09573000 0.07996100
v 0.01067000 -0.09672800 0.08053700
v 0.01125000 -0.09685700 0.08061200
v 0.01084800 -0.09730300 0.08086900
v 0.01182300 -0.09651100 0.08041200
v 0.01175000 -0.09657400 0.08044800
v 0.01133500 -0.09772500 0.08111300
v 0.01165000 -0.09685700 0.08061200
v 0.01175000 -0.09688100 0.08062500
v 0.01200000 -0.09787900 0.08120200
v 0.01185000 -0.09703100 0.08071200
v 0.01182300 -0.09694400 0.08066200
v 0.01229600 -0.09553100 0.08001500
v 0.01266500 -0.09573000 0.07996100
v 0.01266500 -0.09565700 0.08008800
v 0.01282900 -0.09575400 0.08014400
v 0.01315200 -0.09615200 0.08020400
v 0.01315200 -0.09607800 0.08033100
v 0.01319800 -0.09615500 0.08037500
v 0.01333000 -0.09672800 0.08053700
v 0.01333000 -0.09665400 0.08066400
v 0.01315200 -0.09723000 0.08099600
v 0.01315200 -0.09730300 0.08086900
v 0.01315200 -0.09730300 0.08086900
v 0.01315200 -0.09723000 0.08099600
v 0.01266500 -0.09765200 0.08123900
v 0.01266500 -0.09772500 0.08111300
v 0.01185000 -0.09602400 0.08105400
v 0.01185000 -0.09642400 0.08036200
v 0.01185000 -0.09580000 0.08092500
v 0.01185000 -0.09607800 0.08016200
v 0.01165000 -0.09619800 0.08115400
v 0.01139100 -0.09619800 0.08115400
v 0.01165000 -0.09659800 0.08046200
v 0.01125000 -0.09659800 0.08046200
v 0.01165000 -0.09645700 0.08130400
v 0.01165000 -0.09685700 0.08061200
v 0.01139100 -0.09645700 0.08130400
v 0.01125000 -0.09685700 0.08061200
v 0.01185000 -0.09663100 0.08140400
v 0.01185000 -0.09685500 0.08153400
v 0.01185000 -0.09703100 0.08071200
v 0.01185000 -0.09737700 0.08091200
v 0.01215000 -0.09663100 0.08140400
v 0.01215000 -0.09703100 0.08071200
v 0.01215000 -0.09685500 0.08153400
v 0.01215000 -0.09737700 0.08091200
v 0.01235000 -0.09645700 0.08130400
v 0.01260900 -0.09645700 0.08130400
v 0.01235000 -0.09685700 0.08061200
v 0.01275000 -0.09685700 0.08061200
v 0.01235000 -0.09619800 0.08115400
v 0.01235000 -0.09659800 0.08046200
v 0.01260900 -0.09619800 0.08115400
v 0.01275000 -0.09659800 0.08046200
v 0.01215000 -0.09602400 0.08105400
v 0.01215000 -0.09580000 0.08092500
v 0.01215000 -0.09642400 0.08036200
v 0.01215000 -0.09607800 0.08016200
v 0.01182300 -0.09694400 0.08066200
v 0.01182300 -0.09654400 0.08135400
v 0.01182300 -0.09654400 0.08135400
v 0.01182300 -0.09694400 0.08066200
v 0.01175000 -0.09688100 0.08062500
v 0.01175000 -0.09648100 0.08131800
v 0.01175000 -0.09648100 0.08131800
v 0.01175000 -0.09688100 0.08062500
v 0.01225000 -0.09688100 0.08062500
v 0.01225000 -0.09648100 0.08131800
v 0.01225000 -0.09648100 0.08131800
v 0.01225000 -0.09688100 0.08062500
v 0.01217700 -0.09694400 0.08066200
v 0.01217700 -0.09654400 0.08135400
v 0.01175000 -0.09657400 0.08044800
v 0.01175000 -0.09617400 0.08114100
v 0.01175000 -0.09617400 0.08114100
v 0.01175000 -0.09657400 0.08044800
v 0.01182300 -0.09651100 0.08041200
v 0.01182300 -0.09611100 0.08110400
v 0.01182300 -0.09611100 0.08110400
v 0.01182300 -0.09651100 0.08041200
v 0.01217700 -0.09651100 0.08041200
v 0.01217700 -0.09611100 0.08110400
v 0.01217700 -0.09611100 0.08110400
v 0.01217700 -0.09651100 0.08041200
v 0.01225000 -0.09657400 0.08044800
v 0.01225000 -0.09617400 0.08114100
v -0.04415200 -0.09615200 0.08020400
v -0.04433000 -0.09672800 0.08053700
v -0.04433000 -0.09665400 0.08066400
v -0.04433000 -0.09665400 0.08066400
v -0.04433000 -0.09672800 0.08053700
v -0.04415200 -0.09730300 0.08086900
v -0.04415200 -0.09723000 0.08099600
v -0.04366500 -0.09772500 0.08111300
v -0.04366500 -0.09765200 0.08123900
v -0.04366500 -0.09765200 0.08123900
v -0.04366500 -0.09772500 0.08111300
v -0.04300000 -0.09787900 0.08120200
v -0.04300000 -0.09780600 0.08132900
v -0.04419800 -0.09615500 0.08037500
v -0.04415200 -0.09607800 0.08033100
v -0.04366500 -0.09573000 0.07996100
v -0.04382900 -0.09575400 0.08014400
v -0.04366500 -0.09565700 0.08008800
v -0.04300000 -0.09557600 0.07987200
v -0.04329600 -0.09553100 0.08001500
v -0.04300000 -0.09557600 0.07987200
v -0.04329600 -0.09553100 0.08001500
v -0.04300000 -0.09550200 0.07999900
v -0.04285000 -0.09737700 0.08091200
v -0.04315000 -0.09737700 0.08091200
v -0.04285000 -0.09685500 0.08153400
v -0.04315000 -0.09685500 0.08153400
v -0.04265000 -0.09619800 0.08115400
v -0.04239100 -0.09619800 0.08115400
v -0.04317700 -0.09654400 0.08135400
v -0.04285000 -0.09685500 0.08153400
v -0.04315000 -0.09685500 0.08153400
v -0.04285000 -0.09663100 0.08140400
v -0.04315000 -0.09663100 0.08140400
v -0.04282300 -0.09654400 0.08135400
v -0.04275000 -0.09648100 0.08131800
v -0.04265000 -0.09645700 0.08130400
v -0.04239100 -0.09645700 0.08130400
v -0.04315000 -0.09580000 0.08092500
v -0.04285000 -0.09580000 0.08092500
v -0.04315000 -0.09602400 0.08105400
v -0.04285000 -0.09602400 0.08105400
v -0.04317700 -0.09611100 0.08110400
v -0.04282300 -0.09611100 0.08110400
v -0.04275000 -0.09617400 0.08114100
v -0.04360900 -0.09645700 0.08130400
v -0.04360900 -0.09619800 0.08115400
v -0.04335000 -0.09645700 0.08130400
v -0.04335000 -0.09619800 0.08115400
v -0.04325000 -0.09648100 0.08131800
v -0.04325000 -0.09617400 0.08114100
v -0.04315000 -0.09607800 0.08016200
v -0.04285000 -0.09607800 0.08016200
v -0.04315000 -0.09580000 0.08092500
v -0.04285000 -0.09580000 0.08092500
v -0.04225000 -0.09659800 0.08046200
v -0.04225000 -0.09685700 0.08061200
v -0.04239100 -0.09619800 0.08115400
v -0.04239100 -0.09645700 0.08130400
v -0.04375000 -0.09685700 0.08061200
v -0.04375000 -0.09659800 0.08046200
v -0.04360900 -0.09645700 0.08130400
v -0.04360900 -0.09619800 0.08115400
v -0.04315000 -0.09703100 0.08071200
v -0.04315000 -0.09737700 0.08091200
v -0.04366500 -0.09772500 0.08111300
v -0.04300000 -0.09787900 0.08120200
v -0.04282300 -0.09694400 0.08066200
v -0.04275000 -0.09688100 0.08062500
v -0.04265000 -0.09685700 0.08061200
v -0.04233500 -0.09772500 0.08111300
v -0.04285000 -0.09737700 0.08091200
v -0.04285000 -0.09703100 0.08071200
v -0.04275000 -0.09657400 0.08044800
v -0.04282300 -0.09651100 0.08041200
v -0.04285000 -0.09642400 0.08036200
v -0.04335000 -0.09659800 0.08046200
v -0.04375000 -0.09659800 0.08046200
v -0.04415200 -0.09615200 0.08020400
v -0.04184800 -0.09730300 0.08086900
v -0.04225000 -0.09685700 0.08061200
v -0.04167000 -0.09672800 0.08053700
v -0.04225000 -0.09659800 0.08046200
v -0.04184800 -0.09615200 0.08020400
v -0.04265000 -0.09659800 0.08046200
v -0.04315000 -0.09607800 0.08016200
v -0.04315000 -0.09642400 0.08036200
v -0.04233500 -0.09573000 0.07996100
v -0.04285000 -0.09607800 0.08016200
v -0.04300000 -0.09557600 0.07987200
v -0.04366500 -0.09573000 0.07996100
v -0.04335000 -0.09685700 0.08061200
v -0.04375000 -0.09685700 0.08061200
v -0.04415200 -0.09730300 0.08086900
v -0.04433000 -0.09672800 0.08053700
v -0.04317700 -0.09651100 0.08041200
v -0.04325000 -0.09657400 0.08044800
v -0.04325000 -0.09688100 0.08062500
v -0.04317700 -0.09694400 0.08066200
v -0.04270400 -0.09553100 0.08001500
v -0.04233500 -0.09573000 0.07996100
v -0.04233500 -0.09565700 0.08008800
v -0.04217100 -0.09575400 0.08014400
v -0.04184800 -0.09615200 0.08020400
v -0.04184800 -0.09607800 0.08033100
v -0.04180200 -0.09615500 0.08037500
v -0.04167000 -0.09672800 0.08053700
v -0.04167000 -0.09665400 0.08066400
v -0.04184800 -0.09723000 0.08099600
v -0.04184800 -0.09730300 0.08086900
v -0.04184800 -0.09730300 0.08086900
v -0.04184800 -0.09723000 0.08099600
v -0.04233500 -0.09765200 0.08123900
v -0.04233500 -0.09772500 0.08111300
v -0.04315000 -0.09602400 0.08105400
v -0.04315000 -0.09642400 0.08036200
v -0.04315000 -0.09580000 0.08092500
v -0.04315000 -0.09607800 0.08016200
v -0.04335000 -0.09619800 0.08115400
v -0.04360900 -0.09619800 0.08115400
v -0.04335000 -0.09659800 0.08046200
v -0.04375000 -0.09659800 0.08046200
v -0.04335000 -0.09645700 0.08130400
v -0.04335000 -0.09685700 0.08061200
v -0.04360900 -0.09645700 0.08130400
v -0.04375000 -0.09685700 0.08061200
v -0.04315000 -0.09663100 0.08140400
v -0.04315000 -0.09685500 0.08153400
v -0.04315000 -0.09703100 0.08071200
v -0.04315000 -0.09737700 0.08091200
v -0.04285000 -0.09663100 0.08140400
v -0.04285000 -0.09703100 0.08071200
v -0.04285000 -0.09685500 0.08153400
v -0.04285000 -0.09737700 0.08091200
v -0.04265000 -0.09645700 0.08130400
v -0.04239100 -0.09645700 0.08130400
v -0.04265000 -0.09685700 0.08061200
v -0.04225000 -0.09685700 0.08061200
v -0.04265000 -0.09619800 0.08115400
v -0.04265000 -0.09659800 0.08046200
v -0.04239100 -0.09619800 0.08115400
v -0.04225000 -0.09659800 0.08046200
v -0.04285000 -0.09602400 0.08105400
v -0.04285000 -0.09580000 0.08092500
v -0.04285000 -0.09642400 0.08036200
v -0.04285000 -0.09607800 0.08016200
v -0.04317700 -0.09694400 0.08066200
v -0.04317700 -0.09654400 0.08135400
v -0.04317700 -0.09654400 0.08135400
v -0.04317700 -0.09694400 0.08066200
v -0.04325000 -0.09688100 0.08062500
v -0.04325000 -0.09648100 0.08131800
v -0.04325000 -0.09648100 0.08131800
v -0.04325000 -0.09688100 0.08062500
v -0.04275000 -0.09688100 0.08062500
v -0.04275000 -0.09648100 0.08131800
v -0.04275000 -0.09648100 0.08131800
v -0.04275000 -0.09688100 0.08062500
v -0.04282300 -0.09694400 0.08066200
v -0.04282300 -0.09654400 0.08135400
v -0.04282300 -0.09654400 0.08135400
v -0.04282300 -0.09694400 0.08066200
v -0.04325000 -0.09657400 0.08044800
v -0.04325000 -0.09617400 0.08114100
v -0.04325000 -0.09617400 0.08114100
v -0.04325000 -0.09657400 0.08044800
v -0.04317700 -0.09651100 0.08041200
v -0.04317700 -0.09611100 0.08110400
v -0.04317700 -0.09611100 0.08110400
v -0.04317700 -0.09651100 0.08041200
v -0.04282300 -0.09651100 0.08041200
v -0.04282300 -0.09611100 0.08110400
v -0.04282300 -0.09611100 0.08110400
v -0.04282300 -0.09651100 0.08041200
v -0.04275000 -0.09657400 0.08044800
v -0.04275000 -0.09617400 0.08114100
v -0.04300000 -0.07622900 0.06870200
v -0.04300000 -0.07615500 0.06882900
v -0.04366500 -0.07600100 0.06873900
v -0.04366500 -0.07607400 0.06861300
v -0.04366500 -0.07607400 0.06861300
v -0.04366500 -0.07600100 0.06873900
v -0.04415200 -0.07558000 0.06849600
v -0.04415200 -0.07565300 0.06836900
v -0.04415200 -0.07565300 0.06836900
v -0.04415200 -0.07558000 0.06849600
v -0.04433000 -0.07500400 0.06816400
v -0.04433000 -0.07507700 0.06803700
v -0.04433000 -0.07507700 0.06803700
v -0.04433000 -0.07500400 0.06816400
v -0.04415200 -0.07442800 0.06783100
v -0.04415200 -0.07450100 0.06770400
v -0.04366500 -0.07400600 0.06758800
v -0.04366500 -0.07407900 0.06746100
v -0.04366500 -0.07407900 0.06746100
v -0.04366500 -0.07400600 0.06758800
v -0.04300000 -0.07385200 0.06749900
v -0.04300000 -0.07392500 0.06737200
v -0.04285000 -0.07572600 0.06841200
v -0.04315000 -0.07572600 0.06841200
v -0.04285000 -0.07520400 0.06903400
v -0.04315000 -0.07520400 0.06903400
v -0.04265000 -0.07454700 0.06865400
v -0.04239100 -0.07454700 0.06865400
v -0.04317700 -0.07489300 0.06885400
v -0.04325000 -0.07483000 0.06881800
v -0.04317700 -0.07446000 0.06860400
v -0.04285000 -0.07415000 0.06842500
v -0.04315000 -0.07437400 0.06855400
v -0.04315000 -0.07415000 0.06842500
v -0.04285000 -0.07437400 0.06855400
v -0.04282300 -0.07446000 0.06860400
v -0.04275000 -0.07452400 0.06864100
v -0.04360900 -0.07480700 0.06880400
v -0.04360900 -0.07454700 0.06865400
v -0.04335000 -0.07480700 0.06880400
v -0.04335000 -0.07454700 0.06865400
v -0.04325000 -0.07452400 0.06864100
v -0.04239100 -0.07480700 0.06880400
v -0.04265000 -0.07480700 0.06880400
v -0.04275000 -0.07483000 0.06881800
v -0.04282300 -0.07489300 0.06885400
v -0.04315000 -0.07498000 0.06890400
v -0.04285000 -0.07498000 0.06890400
v -0.04315000 -0.07520400 0.06903400
v -0.04285000 -0.07520400 0.06903400
v -0.04315000 -0.07442700 0.06766200
v -0.04285000 -0.07442700 0.06766200
v -0.04315000 -0.07415000 0.06842500
v -0.04285000 -0.07415000 0.06842500
v -0.04225000 -0.07494700 0.06796200
v -0.04225000 -0.07520700 0.06811200
v -0.04239100 -0.07454700 0.06865400
v -0.04239100 -0.07480700 0.06880400
v -0.04375000 -0.07520700 0.06811200
v -0.04375000 -0.07494700 0.06796200
v -0.04360900 -0.07480700 0.06880400
v -0.04360900 -0.07454700 0.06865400
v -0.04325000 -0.07523000 0.06812500
v -0.04317700 -0.07529300 0.06816200
v -0.04315000 -0.07538000 0.06821200
v -0.04282300 -0.07529300 0.06816200
v -0.04275000 -0.07523000 0.06812500
v -0.04265000 -0.07520700 0.06811200
v -0.04315000 -0.07572600 0.06841200
v -0.04285000 -0.07572600 0.06841200
v -0.04233500 -0.07607400 0.06861300
v -0.04285000 -0.07538000 0.06821200
v -0.04300000 -0.07622900 0.06870200
v -0.04366500 -0.07607400 0.06861300
v -0.04415200 -0.07565300 0.06836900
v -0.04184800 -0.07565300 0.06836900
v -0.04225000 -0.07520700 0.06811200
v -0.04167000 -0.07507700 0.06803700
v -0.04225000 -0.07494700 0.06796200
v -0.04265000 -0.07494700 0.06796200
v -0.04233500 -0.07407900 0.06746100
v -0.04184800 -0.07450100 0.06770400
v -0.04317700 -0.07486000 0.06791200
v -0.04325000 -0.07492400 0.06794800
v -0.04335000 -0.07494700 0.06796200
v -0.04375000 -0.07494700 0.06796200
v -0.04375000 -0.07520700 0.06811200
v -0.04335000 -0.07520700 0.06811200
v -0.04315000 -0.07477400 0.06786200
v -0.04366500 -0.07407900 0.06746100
v -0.04315000 -0.07442700 0.06766200
v -0.04300000 -0.07392500 0.06737200
v -0.04285000 -0.07442700 0.06766200
v -0.04285000 -0.07477400 0.06786200
v -0.04275000 -0.07492400 0.06794800
v -0.04282300 -0.07486000 0.06791200
v -0.04415200 -0.07450100 0.06770400
v -0.04433000 -0.07507700 0.06803700
v -0.04300000 -0.07392500 0.06737200
v -0.04300000 -0.07385200 0.06749900
v -0.04233500 -0.07400600 0.06758800
v -0.04233500 -0.07407900 0.06746100
v -0.04184800 -0.07442800 0.06783100
v -0.04184800 -0.07450100 0.06770400
v -0.04167000 -0.07500400 0.06816400
v -0.04167000 -0.07507700 0.06803700
v -0.04184800 -0.07558000 0.06849600
v -0.04184800 -0.07565300 0.06836900
v -0.04184800 -0.07565300 0.06836900
v -0.04184800 -0.07558000 0.06849600
v -0.04233500 -0.07600100 0.06873900
v -0.04233500 -0.07607400 0.06861300
v -0.04300000 -0.07615500 0.06882900
v -0.04300000 -0.07622900 0.06870200
v -0.04315000 -0.07437400 0.06855400
v -0.04315000 -0.07477400 0.06786200
v -0.04315000 -0.07415000 0.06842500
v -0.04315000 -0.07442700 0.06766200
v -0.04335000 -0.07454700 0.06865400
v -0.04360900 -0.07454700 0.06865400
v -0.04335000 -0.07494700 0.06796200
v -0.04375000 -0.07494700 0.06796200
v -0.04335000 -0.07480700 0.06880400
v -0.04335000 -0.07520700 0.06811200
v -0.04360900 -0.07480700 0.06880400
v -0.04375000 -0.07520700 0.06811200
v -0.04315000 -0.07498000 0.06890400
v -0.04315000 -0.07520400 0.06903400
v -0.04315000 -0.07538000 0.06821200
v -0.04315000 -0.07572600 0.06841200
v -0.04285000 -0.07498000 0.06890400
v -0.04285000 -0.07538000 0.06821200
v -0.04285000 -0.07520400 0.06903400
v -0.04285000 -0.07572600 0.06841200
v -0.04265000 -0.07480700 0.06880400
v -0.04239100 -0.07480700 0.06880400
v -0.04265000 -0.07520700 0.06811200
v -0.04225000 -0.07520700 0.06811200
v -0.04265000 -0.07454700 0.06865400
v -0.04265000 -0.07494700 0.06796200
v -0.04239100 -0.07454700 0.06865400
v -0.04225000 -0.07494700 0.06796200
v -0.04285000 -0.07437400 0.06855400
v -0.04285000 -0.07415000 0.06842500
v -0.04285000 -0.07477400 0.06786200
v -0.04285000 -0.07442700 0.06766200
v -0.04317700 -0.07529300 0.06816200
v -0.04317700 -0.07489300 0.06885400
v -0.04317700 -0.07489300 0.06885400
v -0.04317700 -0.07529300 0.06816200
v -0.04325000 -0.07523000 0.06812500
v -0.04325000 -0.07483000 0.06881800
v -0.04325000 -0.07483000 0.06881800
v -0.04325000 -0.07523000 0.06812500
v -0.04275000 -0.07523000 0.06812500
v -0.04275000 -0.07483000 0.06881800
v -0.04282300 -0.07529300 0.06816200
v -0.04282300 -0.07489300 0.06885400
v -0.04282300 -0.07489300 0.06885400
v -0.04282300 -0.07529300 0.06816200
v -0.04325000 -0.07492400 0.06794800
v -0.04325000 -0.07452400 0.06864100
v -0.04325000 -0.07452400 0.06864100
v -0.04325000 -0.07492400 0.06794800
v -0.04317700 -0.07486000 0.06791200
v -0.04317700 -0.07446000 0.06860400
v -0.04282300 -0.07486000 0.06791200
v -0.04282300 -0.07446000 0.06860400
v -0.04275000 -0.07492400 0.06794800
v -0.04275000 -0.07452400 0.06864100
v -0.04275000 -0.07452400 0.06864100
v -0.04275000 -0.07492400 0.06794800
v 0.01200000 -0.07622900 0.06870200
v 0.01200000 -0.07615500 0.06882900
v 0.01170400 -0.07612700 0.06881200
v 0.01133500 -0.07607400 0.06861300
v 0.01133500 -0.07600100 0.06873900
v 0.01117100 -0.07590400 0.06868400
v 0.01084800 -0.07565300 0.06836900
v 0.01084800 -0.07558000 0.06849600
v 0.01080200 -0.07550300 0.06845200
v 0.01067000 -0.07507700 0.06803700
v 0.01067000 -0.07500400 0.06816400
v 0.01084800 -0.07442800 0.06783100
v 0.01084800 -0.07450100 0.06770400
v 0.01084800 -0.07450100 0.06770400
v 0.01084800 -0.07442800 0.06783100
v 0.01133500 -0.07400600 0.06758800
v 0.01133500 -0.07407900 0.06746100
v 0.01133500 -0.07407900 0.06746100
v 0.01133500 -0.07400600 0.06758800
v 0.01200000 -0.07385200 0.06749900
v 0.01200000 -0.07392500 0.06737200
v 0.01215000 -0.07572600 0.06841200
v 0.01185000 -0.07572600 0.06841200
v 0.01215000 -0.07520400 0.06903400
v 0.01185000 -0.07520400 0.06903400
v 0.01260900 -0.07454700 0.06865400
v 0.01182300 -0.07489300 0.06885400
v 0.01235000 -0.07454700 0.06865400
v 0.01227300 -0.07453400 0.06864700
v 0.01260900 -0.07480700 0.06880400
v 0.01235000 -0.07480700 0.06880400
v 0.01225000 -0.07483000 0.06881800
v 0.01217700 -0.07489300 0.06885400
v 0.01185000 -0.07498000 0.06890400
v 0.01215000 -0.07498000 0.06890400
v 0.01185000 -0.07520400 0.06903400
v 0.01215000 -0.07520400 0.06903400
v 0.01220900 -0.07449600 0.06862500
v 0.01175000 -0.07483000 0.06881800
v 0.01216500 -0.07444000 0.06859300
v 0.01185000 -0.07415000 0.06842500
v 0.01215000 -0.07415000 0.06842500
v 0.01185000 -0.07437400 0.06855400
v 0.01183500 -0.07444000 0.06859300
v 0.01215000 -0.07437400 0.06855400
v 0.01165000 -0.07480700 0.06880400
v 0.01139100 -0.07480700 0.06880400
v 0.01139100 -0.07454700 0.06865400
v 0.01165000 -0.07454700 0.06865400
v 0.01172700 -0.07453400 0.06864700
v 0.01179100 -0.07449600 0.06862500
v 0.01185000 -0.07442700 0.06766200
v 0.01215000 -0.07442700 0.06766200
v 0.01185000 -0.07415000 0.06842500
v 0.01215000 -0.07415000 0.06842500
v 0.01275000 -0.07494700 0.06796200
v 0.01275000 -0.07520700 0.06811200
v 0.01260900 -0.07454700 0.06865400
v 0.01260900 -0.07480700 0.06880400
v 0.01125000 -0.07520700 0.06811200
v 0.01125000 -0.07494700 0.06796200
v 0.01139100 -0.07480700 0.06880400
v 0.01139100 -0.07454700 0.06865400
v 0.01175000 -0.07523000 0.06812500
v 0.01182300 -0.07529300 0.06816200
v 0.01185000 -0.07538000 0.06821200
v 0.01200000 -0.07622900 0.06870200
v 0.01133500 -0.07607400 0.06861300
v 0.01185000 -0.07572600 0.06841200
v 0.01217700 -0.07529300 0.06816200
v 0.01225000 -0.07523000 0.06812500
v 0.01235000 -0.07520700 0.06811200
v 0.01084800 -0.07565300 0.06836900
v 0.01266500 -0.07607400 0.06861300
v 0.01215000 -0.07572600 0.06841200
v 0.01215000 -0.07538000 0.06821200
v 0.01275000 -0.07520700 0.06811200
v 0.01275000 -0.07494700 0.06796200
v 0.01315200 -0.07450100 0.06770400
v 0.01215000 -0.07477400 0.06786200
v 0.01266500 -0.07407900 0.06746100
v 0.01215000 -0.07442700 0.06766200
v 0.01200000 -0.07392500 0.06737200
v 0.01185000 -0.07442700 0.06766200
v 0.01220900 -0.07489600 0.06793200
v 0.01216500 -0.07484000 0.06790000
v 0.01227300 -0.07493400 0.06795400
v 0.01235000 -0.07494700 0.06796200
v 0.01133500 -0.07407900 0.06746100
v 0.01165000 -0.07494700 0.06796200
v 0.01084800 -0.07450100 0.06770400
v 0.01125000 -0.07494700 0.06796200
v 0.01067000 -0.07507700 0.06803700
v 0.01125000 -0.07520700 0.06811200
v 0.01165000 -0.07520700 0.06811200
v 0.01315200 -0.07565300 0.06836900
v 0.01333000 -0.07507700 0.06803700
v 0.01185000 -0.07477400 0.06786200
v 0.01183500 -0.07484000 0.06790000
v 0.01179100 -0.07489600 0.06793200
v 0.01172700 -0.07493400 0.06795400
v 0.01315200 -0.07565300 0.06836900
v 0.01333000 -0.07507700 0.06803700
v 0.01333000 -0.07500400 0.06816400
v 0.01333000 -0.07500400 0.06816400
v 0.01333000 -0.07507700 0.06803700
v 0.01315200 -0.07450100 0.06770400
v 0.01315200 -0.07442800 0.06783100
v 0.01266500 -0.07407900 0.06746100
v 0.01266500 -0.07400600 0.06758800
v 0.01200000 -0.07392500 0.06737200
v 0.01200000 -0.07385200 0.06749900
v 0.01319800 -0.07550300 0.06845200
v 0.01315200 -0.07558000 0.06849600
v 0.01266500 -0.07607400 0.06861300
v 0.01282900 -0.07590400 0.06868400
v 0.01266500 -0.07600100 0.06873900
v 0.01200000 -0.07622900 0.06870200
v 0.01229600 -0.07612700 0.06881200
v 0.01229600 -0.07612700 0.06881200
v 0.01185000 -0.07437400 0.06855400
v 0.01185000 -0.07477400 0.06786200
v 0.01185000 -0.07415000 0.06842500
v 0.01185000 -0.07442700 0.06766200
v 0.01165000 -0.07454700 0.06865400
v 0.01139100 -0.07454700 0.06865400
v 0.01165000 -0.07494700 0.06796200
v 0.01125000 -0.07494700 0.06796200
v 0.01165000 -0.07480700 0.06880400
v 0.01165000 -0.07520700 0.06811200
v 0.01139100 -0.07480700 0.06880400
v 0.01125000 -0.07520700 0.06811200
v 0.01185000 -0.07498000 0.06890400
v 0.01185000 -0.07520400 0.06903400
v 0.01185000 -0.07538000 0.06821200
v 0.01185000 -0.07572600 0.06841200
v 0.01215000 -0.07498000 0.06890400
v 0.01215000 -0.07538000 0.06821200
v 0.01215000 -0.07520400 0.06903400
v 0.01215000 -0.07572600 0.06841200
v 0.01235000 -0.07480700 0.06880400
v 0.01260900 -0.07480700 0.06880400
v 0.01235000 -0.07520700 0.06811200
v 0.01275000 -0.07520700 0.06811200
v 0.01235000 -0.07454700 0.06865400
v 0.01235000 -0.07494700 0.06796200
v 0.01260900 -0.07454700 0.06865400
v 0.01275000 -0.07494700 0.06796200
v 0.01215000 -0.07437400 0.06855400
v 0.01215000 -0.07415000 0.06842500
v 0.01215000 -0.07477400 0.06786200
v 0.01215000 -0.07442700 0.06766200
v 0.01182300 -0.07529300 0.06816200
v 0.01182300 -0.07489300 0.06885400
v 0.01182300 -0.07489300 0.06885400
v 0.01182300 -0.07529300 0.06816200
v 0.01175000 -0.07523000 0.06812500
v 0.01175000 -0.07483000 0.06881800
v 0.01175000 -0.07483000 0.06881800
v 0.01175000 -0.07523000 0.06812500
v 0.01225000 -0.07523000 0.06812500
v 0.01225000 -0.07483000 0.06881800
v 0.01217700 -0.07529300 0.06816200
v 0.01217700 -0.07489300 0.06885400
v 0.01217700 -0.07489300 0.06885400
v 0.01217700 -0.07529300 0.06816200
v 0.01172700 -0.07493400 0.06795400
v 0.01172700 -0.07453400 0.06864700
v 0.01179100 -0.07489600 0.06793200
v 0.01179100 -0.07449600 0.06862500
v 0.01183500 -0.07484000 0.06790000
v 0.01183500 -0.07444000 0.06859300
v 0.01216500 -0.07484000 0.06790000
v 0.01216500 -0.07444000 0.06859300
v 0.01220900 -0.07489600 0.06793200
v 0.01220900 -0.07449600 0.06862500
v 0.01227300 -0.07493400 0.06795400
v 0.01227300 -0.07453400 0.06864700
v -0.04500000 -0.07829500 0.06946300
v -0.04350000 -0.07829500 0.06946300
v -0.04550000 -0.07804500 0.06989600
v -0.04350000 -0.07704500 0.07162800
v -0.04550000 -0.07704500 0.07162800
v -0.04300000 -0.07716100 0.07169500
v -0.04300000 -0.07841100 0.06953000
v -0.04300000 -0.07716100 0.07169500
v -0.04300000 -0.07841100 0.06953000
v -0.04263400 -0.07747800 0.07187800
v -0.04263400 -0.07872800 0.06971300
v -0.04250000 -0.07791100 0.07212800
v -0.04250000 -0.07916100 0.06996300
v -0.04350000 -0.08002700 0.07046300
v -0.04500000 -0.08002700 0.07046300
v -0.04350000 -0.07877700 0.07262800
v -0.04550000 -0.07977700 0.07089600
v -0.04550000 -0.07877700 0.07262800
v -0.04550000 -0.07877700 0.07262800
v -0.04550000 -0.07704500 0.07162800
v -0.04350000 -0.07877700 0.07262800
v -0.04350000 -0.07704500 0.07162800
v -0.04300000 -0.07716100 0.07169500
v -0.04263400 -0.07834400 0.07237800
v -0.04300000 -0.07866100 0.07256100
v -0.04250000 -0.07791100 0.07212800
v -0.04263400 -0.07747800 0.07187800
v -0.04550000 -0.09090100 0.07962800
v -0.04550000 -0.09190100 0.07789600
v -0.04350000 -0.09090100 0.07962800
v -0.04500000 -0.09215100 0.07746300
v -0.04350000 -0.09215100 0.07746300
v -0.04300000 -0.09101700 0.07969500
v -0.04300000 -0.09226700 0.07753000
v -0.04300000 -0.09101700 0.07969500
v -0.04300000 -0.09226700 0.07753000
v -0.04263400 -0.09133400 0.07987800
v -0.04263400 -0.09258400 0.07771300
v -0.04250000 -0.09176700 0.08012800
v -0.04250000 -0.09301700 0.07796300
v -0.04550000 -0.09363300 0.07889600
v -0.04550000 -0.09263300 0.08062800
v -0.04500000 -0.09388300 0.07846300
v -0.04350000 -0.09263300 0.08062800
v -0.04350000 -0.09388300 0.07846300
v -0.04550000 -0.09263300 0.08062800
v -0.04550000 -0.09090100 0.07962800
v -0.04350000 -0.09263300 0.08062800
v -0.04350000 -0.09090100 0.07962800
v -0.04300000 -0.09101700 0.07969500
v -0.04300000 -0.09251700 0.08056100
v -0.04263400 -0.09220000 0.08037800
v -0.04250000 -0.09176700 0.08012800
v -0.04263400 -0.09133400 0.07987800
v -0.04550000 -0.08397300 0.07562800
v -0.04550000 -0.08497300 0.07389600
v -0.04350000 -0.08397300 0.07562800
v -0.04500000 -0.08522300 0.07346300
v -0.04350000 -0.08522300 0.07346300
v -0.04311700 -0.08403900 0.07566600
v -0.04311700 -0.08528900 0.07350100
v -0.04279300 -0.08422700 0.07577500
v -0.04279300 -0.08547700 0.07361000
v -0.04257600 -0.08450800 0.07593700
v -0.04257600 -0.08575800 0.07377200
v -0.04250000 -0.08483900 0.07612800
v -0.04250000 -0.08608900 0.07396300
v -0.04550000 -0.08670500 0.07489600
v -0.04550000 -0.08570500 0.07662800
v -0.04500000 -0.08695500 0.07446300
v -0.04350000 -0.08570500 0.07662800
v -0.04350000 -0.08695500 0.07446300
v -0.04350000 -0.08570500 0.07662800
v -0.04550000 -0.08570500 0.07662800
v -0.04550000 -0.08397300 0.07562800
v -0.04350000 -0.08397300 0.07562800
v -0.04311700 -0.08403900 0.07566600
v -0.04279300 -0.08422700 0.07577500
v -0.04263400 -0.08527200 0.07637800
v -0.04300000 -0.08558900 0.07656100
v -0.04250000 -0.08483900 0.07612800
v -0.04257600 -0.08450800 0.07593700
v -0.04050000 -0.07519700 0.06882900
v -0.04036600 -0.07563000 0.06907900
v -0.04050000 -0.09598100 0.08082900
v -0.04000000 -0.07594700 0.06926200
v -0.04036600 -0.09554800 0.08057900
v -0.04000000 -0.09523100 0.08039600
v -0.03900000 -0.09523100 0.08039600
v -0.03863400 -0.07563000 0.06907900
v -0.03863400 -0.09554800 0.08057900
v -0.03850000 -0.07519700 0.06882900
v -0.03850000 -0.09598100 0.08082900
v -0.03950000 -0.09511500 0.08032900
v -0.03950000 -0.07606300 0.06932900
v -0.03900000 -0.07594700 0.06926200
v -0.02000000 -0.07594700 0.06926200
v -0.02036600 -0.09554800 0.08057900
v -0.02036600 -0.07563000 0.06907900
v -0.02050000 -0.09598100 0.08082900
v -0.02050000 -0.07519700 0.06882900
v -0.01850000 -0.07519700 0.06882900
v -0.01850000 -0.09598100 0.08082900
v -0.01863400 -0.07563000 0.06907900
v -0.01863400 -0.09554800 0.08057900
v -0.01900000 -0.07594700 0.06926200
v -0.01900000 -0.09523100 0.08039600
v -0.01950000 -0.07606300 0.06932900
v -0.01950000 -0.09511500 0.08032900
v -0.02000000 -0.09523100 0.08039600
v -0.00663400 -0.07563000 0.06907900
v -0.00650000 -0.07519700 0.06882900
v -0.00650000 -0.09598100 0.08082900
v -0.00800000 -0.07594700 0.06926200
v -0.00836600 -0.09554800 0.08057900
v -0.00836600 -0.07563000 0.06907900
v -0.00850000 -0.09598100 0.08082900
v -0.00850000 -0.07519700 0.06882900
v -0.00663400 -0.09554800 0.08057900
v -0.00700000 -0.09523100 0.08039600
v -0.00700000 -0.07594700 0.06926200
v -0.00750000 -0.07606300 0.06932900
v -0.00750000 -0.09511500 0.08032900
v -0.00800000 -0.09523100 0.08039600
v -0.01063400 -0.07563000 0.06907900
v -0.01050000 -0.07519700 0.06882900
v -0.01050000 -0.09598100 0.08082900
v -0.01250000 -0.09598100 0.08082900
v -0.01250000 -0.07519700 0.06882900
v -0.01236600 -0.07563000 0.06907900
v -0.01100000 -0.07594700 0.06926200
v -0.01063400 -0.09554800 0.08057900
v -0.01100000 -0.09523100 0.08039600
v -0.01150000 -0.07606300 0.06932900
v -0.01150000 -0.09511500 0.08032900
v -0.01200000 -0.07594700 0.06926200
v -0.01200000 -0.09523100 0.08039600
v -0.01236600 -0.09554800 0.08057900
v -0.01463400 -0.07563000 0.06907900
v -0.01450000 -0.07519700 0.06882900
v -0.01450000 -0.09598100 0.08082900
v -0.01650000 -0.09598100 0.08082900
v -0.01650000 -0.07519700 0.06882900
v -0.01636600 -0.07563000 0.06907900
v -0.01463400 -0.09554800 0.08057900
v -0.01500000 -0.09523100 0.08039600
v -0.01500000 -0.07594700 0.06926200
v -0.01550000 -0.07606300 0.06932900
v -0.01550000 -0.09511500 0.08032900
v -0.01600000 -0.07594700 0.06926200
v -0.01600000 -0.09523100 0.08039600
v -0.01636600 -0.09554800 0.08057900
v -0.03063400 -0.07563000 0.06907900
v -0.03050000 -0.07519700 0.06882900
v -0.03050000 -0.09598100 0.08082900
v -0.03250000 -0.09598100 0.08082900
v -0.03250000 -0.07519700 0.06882900
v -0.03236600 -0.07563000 0.06907900
v -0.03100000 -0.07594700 0.06926200
v -0.03063400 -0.09554800 0.08057900
v -0.03100000 -0.09523100 0.08039600
v -0.03150000 -0.07606300 0.06932900
v -0.03150000 -0.09511500 0.08032900
v -0.03200000 -0.07594700 0.06926200
v -0.03200000 -0.09523100 0.08039600
v -0.03236600 -0.09554800 0.08057900
v -0.02263400 -0.07563000 0.06907900
v -0.02250000 -0.07519700 0.06882900
v -0.02250000 -0.09598100 0.08082900
v -0.02450000 -0.07519700 0.06882900
v -0.02436600 -0.07563000 0.06907900
v -0.02450000 -0.09598100 0.08082900
v -0.02400000 -0.07594700 0.06926200
v -0.02436600 -0.09554800 0.08057900
v -0.02263400 -0.09554800 0.08057900
v -0.02300000 -0.09523100 0.08039600
v -0.02300000 -0.07594700 0.06926200
v -0.02350000 -0.07606300 0.06932900
v -0.02350000 -0.09511500 0.08032900
v -0.02400000 -0.09523100 0.08039600
v -0.02663400 -0.07563000 0.06907900
v -0.02650000 -0.07519700 0.06882900
v -0.02650000 -0.09598100 0.08082900
v -0.02700000 -0.07594700 0.06926200
v -0.02800000 -0.07594700 0.06926200
v -0.02836600 -0.09554800 0.08057900
v -0.02836600 -0.07563000 0.06907900
v -0.02850000 -0.09598100 0.08082900
v -0.02850000 -0.07519700 0.06882900
v -0.02663400 -0.09554800 0.08057900
v -0.02700000 -0.09523100 0.08039600
v -0.02750000 -0.07606300 0.06932900
v -0.02750000 -0.09511500 0.08032900
v -0.02800000 -0.09523100 0.08039600
v -0.02650000 -0.09707900 0.08492700
v -0.02650000 -0.09448100 0.08342700
v -0.02650000 -0.09882900 0.08189600
v -0.02650000 -0.09598100 0.08082900
v -0.02650000 -0.09864600 0.08121300
v -0.02650000 -0.07353200 0.06671300
v -0.02650000 -0.07519700 0.06882900
v -0.02650000 -0.07284900 0.06689600
v -0.02650000 -0.07369700 0.07142700
v -0.02650000 -0.07109900 0.06992700
v -0.02663400 -0.07413000 0.07167700
v -0.02663400 -0.07563000 0.06907900
v -0.02663400 -0.07413000 0.07167700
v -0.02663400 -0.07563000 0.06907900
v -0.02700000 -0.07444700 0.07186000
v -0.02700000 -0.07594700 0.06926200
v -0.02700000 -0.07444700 0.07186000
v -0.02700000 -0.07594700 0.06926200
v -0.02750000 -0.07456300 0.07192700
v -0.02750000 -0.07606300 0.06932900
v -0.02800000 -0.07444700 0.07186000
v -0.02800000 -0.07594700 0.06926200
v -0.02800000 -0.07444700 0.07186000
v -0.02800000 -0.07594700 0.06926200
v -0.02836600 -0.07413000 0.07167700
v -0.02836600 -0.07563000 0.06907900
v -0.02850000 -0.07369700 0.07142700
v -0.02850000 -0.07519700 0.06882900
v -0.02850000 -0.09598100 0.08082900
v -0.02850000 -0.09864600 0.08121300
v -0.02850000 -0.09882900 0.08189600
v -0.02850000 -0.09448100 0.08342700
v -0.02850000 -0.09707900 0.08492700
v -0.02850000 -0.07109900 0.06992700
v -0.02850000 -0.07284900 0.06689600
v -0.02850000 -0.07353200 0.06671300
v -0.02850000 -0.07369700 0.07142700
v -0.02850000 -0.07109900 0.06992700
v -0.02650000 -0.07109900 0.06992700
v -0.02650000 -0.07369700 0.07142700
v -0.02663400 -0.07413000 0.07167700
v -0.02700000 -0.07444700 0.07186000
v -0.02750000 -0.07456300 0.07192700
v -0.02800000 -0.07444700 0.07186000
v -0.02836600 -0.07413000 0.07167700
v -0.02250000 -0.07369700 0.07142700
v -0.02250000 -0.07519700 0.06882900
v -0.02263400 -0.07413000 0.07167700
v -0.02263400 -0.07563000 0.06907900
v -0.02263400 -0.07413000 0.07167700
v -0.02263400 -0.07563000 0.06907900
v -0.02300000 -0.07444700 0.07186000
v -0.02300000 -0.07594700 0.06926200
v -0.02300000 -0.07444700 0.07186000
v -0.02300000 -0.07594700 0.06926200
v -0.02350000 -0.07456300 0.07192700
v -0.02350000 -0.07606300 0.06932900
v -0.02400000 -0.07444700 0.07186000
v -0.02400000 -0.07594700 0.06926200
v -0.02400000 -0.07444700 0.07186000
v -0.02400000 -0.07594700 0.06926200
v -0.02436600 -0.07413000 0.07167700
v -0.02436600 -0.07563000 0.06907900
v -0.02450000 -0.07369700 0.07142700
v -0.02450000 -0.07519700 0.06882900
v -0.02450000 -0.07369700 0.07142700
v -0.02450000 -0.07109900 0.06992700
v -0.02250000 -0.07109900 0.06992700
v -0.02400000 -0.07444700 0.07186000
v -0.02436600 -0.07413000 0.07167700
v -0.02350000 -0.07456300 0.07192700
v -0.02300000 -0.07444700 0.07186000
v -0.02263400 -0.07413000 0.07167700
v -0.02250000 -0.07369700 0.07142700
v -0.03450000 -0.07109900 0.06992700
v -0.03450000 -0.07284900 0.06689600
v -0.03450000 -0.07369700 0.07142700
v -0.03450000 -0.07353200 0.06671300
v -0.03450000 -0.07569700 0.06796300
v -0.03463400 -0.07413000 0.07167700
v -0.03463400 -0.07613000 0.06821300
v -0.03463400 -0.07413000 0.07167700
v -0.03463400 -0.07613000 0.06821300
v -0.03500000 -0.07444700 0.07186000
v -0.03500000 -0.07644700 0.06839600
v -0.03550000 -0.07456300 0.07192700
v -0.03550000 -0.07656300 0.06846300
v -0.03550000 -0.07456300 0.07192700
v -0.03550000 -0.07656300 0.06846300
v -0.03600000 -0.07444700 0.07186000
v -0.03600000 -0.07644700 0.06839600
v -0.03636600 -0.07413000 0.07167700
v -0.03636600 -0.07613000 0.06821300
v -0.03636600 -0.07413000 0.07167700
v -0.03636600 -0.07613000 0.06821300
v -0.03650000 -0.07369700 0.07142700
v -0.03650000 -0.07569700 0.06796300
v -0.03650000 -0.07353200 0.06671300
v -0.03650000 -0.07284900 0.06689600
v -0.03650000 -0.07109900 0.06992700
v -0.03600000 -0.07444700 0.07186000
v -0.03636600 -0.07413000 0.07167700
v -0.03650000 -0.07369700 0.07142700
v -0.03500000 -0.07444700 0.07186000
v -0.03550000 -0.07456300 0.07192700
v -0.03463400 -0.07413000 0.07167700
v -0.03450000 -0.07369700 0.07142700
v -0.03450000 -0.07109900 0.06992700
v -0.03650000 -0.07109900 0.06992700
v -0.03050000 -0.07369700 0.07142700
v -0.03050000 -0.07519700 0.06882900
v -0.03063400 -0.07413000 0.07167700
v -0.03063400 -0.07563000 0.06907900
v -0.03063400 -0.07413000 0.07167700
v -0.03063400 -0.07563000 0.06907900
v -0.03100000 -0.07444700 0.07186000
v -0.03100000 -0.07594700 0.06926200
v -0.03100000 -0.07444700 0.07186000
v -0.03100000 -0.07594700 0.06926200
v -0.03150000 -0.07456300 0.07192700
v -0.03150000 -0.07606300 0.06932900
v -0.03200000 -0.07444700 0.07186000
v -0.03200000 -0.07594700 0.06926200
v -0.03200000 -0.07444700 0.07186000
v -0.03200000 -0.07594700 0.06926200
v -0.03236600 -0.07413000 0.07167700
v -0.03236600 -0.07563000 0.06907900
v -0.03250000 -0.07369700 0.07142700
v -0.03250000 -0.07519700 0.06882900
v -0.03250000 -0.07369700 0.07142700
v -0.03250000 -0.07109900 0.06992700
v -0.03050000 -0.07109900 0.06992700
v -0.03200000 -0.07444700 0.07186000
v -0.03236600 -0.07413000 0.07167700
v -0.03150000 -0.07456300 0.07192700
v -0.03100000 -0.07444700 0.07186000
v -0.03063400 -0.07413000 0.07167700
v -0.03050000 -0.07369700 0.07142700
v -0.01450000 -0.07369700 0.07142700
v -0.01450000 -0.07519700 0.06882900
v -0.01463400 -0.07413000 0.07167700
v -0.01463400 -0.07563000 0.06907900
v -0.01463400 -0.07413000 0.07167700
v -0.01463400 -0.07563000 0.06907900
v -0.01500000 -0.07444700 0.07186000
v -0.01500000 -0.07594700 0.06926200
v -0.01500000 -0.07444700 0.07186000
v -0.01500000 -0.07594700 0.06926200
v -0.01550000 -0.07456300 0.07192700
v -0.01550000 -0.07606300 0.06932900
v -0.01600000 -0.07444700 0.07186000
v -0.01600000 -0.07594700 0.06926200
v -0.01600000 -0.07444700 0.07186000
v -0.01600000 -0.07594700 0.06926200
v -0.01636600 -0.07413000 0.07167700
v -0.01636600 -0.07563000 0.06907900
v -0.01650000 -0.07369700 0.07142700
v -0.01650000 -0.07519700 0.06882900
v -0.01650000 -0.07369700 0.07142700
v -0.01650000 -0.07109900 0.06992700
v -0.01450000 -0.07109900 0.06992700
v -0.01600000 -0.07444700 0.07186000
v -0.01636600 -0.07413000 0.07167700
v -0.01550000 -0.07456300 0.07192700
v -0.01500000 -0.07444700 0.07186000
v -0.01463400 -0.07413000 0.07167700
v -0.01450000 -0.07369700 0.07142700
v -0.01050000 -0.09707900 0.08492700
v -0.01050000 -0.09448100 0.08342700
v -0.01050000 -0.09882900 0.08189600
v -0.01050000 -0.09598100 0.08082900
v -0.01050000 -0.09864600 0.08121300
v -0.01050000 -0.07353200 0.06671300
v -0.01050000 -0.07519700 0.06882900
v -0.01050000 -0.07284900 0.06689600
v -0.01050000 -0.07369700 0.07142700
v -0.01050000 -0.07109900 0.06992700
v -0.01063400 -0.07413000 0.07167700
v -0.01063400 -0.07563000 0.06907900
v -0.01063400 -0.07413000 0.07167700
v -0.01063400 -0.07563000 0.06907900
v -0.01100000 -0.07444700 0.07186000
v -0.01100000 -0.07594700 0.06926200
v -0.01100000 -0.07444700 0.07186000
v -0.01100000 -0.07594700 0.06926200
v -0.01150000 -0.07456300 0.07192700
v -0.01150000 -0.07606300 0.06932900
v -0.01200000 -0.07444700 0.07186000
v -0.01200000 -0.07594700 0.06926200
v -0.01200000 -0.07444700 0.07186000
v -0.01200000 -0.07594700 0.06926200
v -0.01236600 -0.07413000 0.07167700
v -0.01236600 -0.07563000 0.06907900
v -0.01250000 -0.07369700 0.07142700
v -0.01250000 -0.07519700 0.06882900
v -0.01250000 -0.09598100 0.08082900
v -0.01250000 -0.09864600 0.08121300
v -0.01250000 -0.09882900 0.08189600
v -0.01250000 -0.09448100 0.08342700
v -0.01250000 -0.09707900 0.08492700
v -0.01250000 -0.07109900 0.06992700
v -0.01250000 -0.07284900 0.06689600
v -0.01250000 -0.07353200 0.06671300
v -0.01250000 -0.07109900 0.06992700
v -0.01050000 -0.07109900 0.06992700
v -0.01250000 -0.07369700 0.07142700
v -0.01050000 -0.07369700 0.07142700
v -0.01063400 -0.07413000 0.07167700
v -0.01236600 -0.07413000 0.07167700
v -0.01200000 -0.07444700 0.07186000
v -0.01150000 -0.07456300 0.07192700
v -0.01100000 -0.07444700 0.07186000
v -0.00650000 -0.09707900 0.08492700
v -0.00650000 -0.09448100 0.08342700
v -0.00650000 -0.09882900 0.08189600
v -0.00650000 -0.09598100 0.08082900
v -0.00650000 -0.07109900 0.06992700
v -0.00650000 -0.07284900 0.06689600
v -0.00650000 -0.07369700 0.07142700
v -0.00650000 -0.07519700 0.06882900
v -0.00650000 -0.07353200 0.06671300
v -0.00650000 -0.09061500 0.07657600
v -0.00650000 -0.09864600 0.08121300
v -0.00663400 -0.07413000 0.07167700
v -0.00663400 -0.07563000 0.06907900
v -0.00663400 -0.07413000 0.07167700
v -0.00663400 -0.07563000 0.06907900
v -0.00700000 -0.07444700 0.07186000
v -0.00700000 -0.07594700 0.06926200
v -0.00700000 -0.07444700 0.07186000
v -0.00700000 -0.07594700 0.06926200
v -0.00750000 -0.07456300 0.07192700
v -0.00750000 -0.07606300 0.06932900
v -0.00800000 -0.07444700 0.07186000
v -0.00800000 -0.07594700 0.06926200
v -0.00800000 -0.07444700 0.07186000
v -0.00800000 -0.07594700 0.06926200
v -0.00836600 -0.07413000 0.07167700
v -0.00836600 -0.07563000 0.06907900
v -0.00836600 -0.07413000 0.07167700
v -0.00836600 -0.07563000 0.06907900
v -0.00850000 -0.07369700 0.07142700
v -0.00850000 -0.07519700 0.06882900
v -0.00850000 -0.09598100 0.08082900
v -0.00850000 -0.09864600 0.08121300
v -0.00850000 -0.09882900 0.08189600
v -0.00850000 -0.09448100 0.08342700
v -0.00850000 -0.09707900 0.08492700
v -0.00850000 -0.07109900 0.06992700
v -0.00850000 -0.07284900 0.06689600
v -0.00850000 -0.07353200 0.06671300
v -0.00850000 -0.07369700 0.07142700
v -0.00850000 -0.07109900 0.06992700
v -0.00650000 -0.07109900 0.06992700
v -0.00650000 -0.07369700 0.07142700
v -0.00663400 -0.07413000 0.07167700
v -0.00700000 -0.07444700 0.07186000
v -0.00750000 -0.07456300 0.07192700
v -0.00800000 -0.07444700 0.07186000
v -0.00836600 -0.07413000 0.07167700
v -0.00250000 -0.07109900 0.06992700
v -0.00250000 -0.07284900 0.06689600
v -0.00250000 -0.07369700 0.07142700
v -0.00250000 -0.07353200 0.06671300
v -0.00250000 -0.07569700 0.06796300
v -0.00263400 -0.07413000 0.07167700
v -0.00263400 -0.07613000 0.06821300
v -0.00263400 -0.07413000 0.07167700
v -0.00263400 -0.07613000 0.06821300
v -0.00300000 -0.07444700 0.07186000
v -0.00300000 -0.07644700 0.06839600
v -0.00350000 -0.07456300 0.07192700
v -0.00350000 -0.07656300 0.06846300
v -0.00350000 -0.07456300 0.07192700
v -0.00350000 -0.07656300 0.06846300
v -0.00400000 -0.07444700 0.07186000
v -0.00400000 -0.07644700 0.06839600
v -0.00436600 -0.07413000 0.07167700
v -0.00436600 -0.07613000 0.06821300
v -0.00436600 -0.07413000 0.07167700
v -0.00436600 -0.07613000 0.06821300
v -0.00450000 -0.07369700 0.07142700
v -0.00450000 -0.07569700 0.06796300
v -0.00450000 -0.07284900 0.06689600
v -0.00450000 -0.07109900 0.06992700
v -0.00450000 -0.07353200 0.06671300
v -0.00400000 -0.07444700 0.07186000
v -0.00436600 -0.07413000 0.07167700
v -0.00450000 -0.07369700 0.07142700
v -0.00450000 -0.07109900 0.06992700
v -0.00250000 -0.07109900 0.06992700
v -0.00250000 -0.07369700 0.07142700
v -0.00350000 -0.07456300 0.07192700
v -0.00300000 -0.07444700 0.07186000
v -0.00263400 -0.07413000 0.07167700
v 0.00150000 -0.07109900 0.06992700
v 0.00150000 -0.07284900 0.06689600
v 0.00150000 -0.07369700 0.07142700
v 0.00150000 -0.07353200 0.06671300
v 0.00150000 -0.07569700 0.06796300
v 0.00136600 -0.07413000 0.07167700
v 0.00136600 -0.07613000 0.06821300
v 0.00136600 -0.07413000 0.07167700
v 0.00136600 -0.07613000 0.06821300
v 0.00100000 -0.07444700 0.07186000
v 0.00100000 -0.07644700 0.06839600
v 0.00055400 -0.07656100 0.06846300
v 0.00050000 -0.07456300 0.07192700
v 0.00050000 -0.07656300 0.06846300
v 0.00000000 -0.07444700 0.07186000
v 0.00000000 -0.07644700 0.06839600
v -0.00036600 -0.07413000 0.07167700
v -0.00036600 -0.07613000 0.06821300
v -0.00036600 -0.07413000 0.07167700
v -0.00036600 -0.07613000 0.06821300
v -0.00050000 -0.07369700 0.07142700
v -0.00050000 -0.07569700 0.06796300
v -0.00050000 -0.07284900 0.06689600
v -0.00050000 -0.07109900 0.06992700
v -0.00050000 -0.07353200 0.06671300
v -0.00050000 -0.07369700 0.07142700
v -0.00050000 -0.07109900 0.06992700
v 0.00150000 -0.07109900 0.06992700
v 0.00150000 -0.07369700 0.07142700
v 0.00136600 -0.07413000 0.07167700
v 0.00100000 -0.07444700 0.07186000
v 0.00050000 -0.07456300 0.07192700
v 0.00000000 -0.07444700 0.07186000
v -0.00036600 -0.07413000 0.07167700
v -0.01850000 -0.07369700 0.07142700
v -0.01850000 -0.07519700 0.06882900
v -0.01863400 -0.07413000 0.07167700
v -0.01863400 -0.07563000 0.06907900
v -0.01863400 -0.07413000 0.07167700
v -0.01863400 -0.07563000 0.06907900
v -0.01900000 -0.07444700 0.07186000
v -0.01900000 -0.07594700 0.06926200
v -0.01900000 -0.07444700 0.07186000
v -0.01900000 -0.07594700 0.06926200
v -0.01950000 -0.07456300 0.07192700
v -0.01950000 -0.07606300 0.06932900
v -0.02000000 -0.07444700 0.07186000
v -0.02000000 -0.07594700 0.06926200
v -0.02000000 -0.07444700 0.07186000
v -0.02000000 -0.07594700 0.06926200
v -0.02036600 -0.07413000 0.07167700
v -0.02036600 -0.07563000 0.06907900
v -0.02050000 -0.07369700 0.07142700
v -0.02050000 -0.07519700 0.06882900
v -0.02050000 -0.07369700 0.07142700
v -0.02050000 -0.07109900 0.06992700
v -0.01850000 -0.07109900 0.06992700
v -0.01850000 -0.07369700 0.07142700
v -0.01863400 -0.07413000 0.07167700
v -0.01900000 -0.07444700 0.07186000
v -0.01950000 -0.07456300 0.07192700
v -0.02000000 -0.07444700 0.07186000
v -0.02036600 -0.07413000 0.07167700
v -0.03850000 -0.09707900 0.08492700
v -0.03850000 -0.09448100 0.08342700
v -0.03850000 -0.09882900 0.08189600
v -0.03850000 -0.09598100 0.08082900
v -0.03850000 -0.09864600 0.08121300
v -0.03850000 -0.07353200 0.06671300
v -0.03850000 -0.07519700 0.06882900
v -0.03850000 -0.07284900 0.06689600
v -0.03850000 -0.07369700 0.07142700
v -0.03850000 -0.07109900 0.06992700
v -0.03863400 -0.07413000 0.07167700
v -0.03863400 -0.07563000 0.06907900
v -0.03863400 -0.07413000 0.07167700
v -0.03863400 -0.07563000 0.06907900
v -0.03900000 -0.07444700 0.07186000
v -0.03900000 -0.07594700 0.06926200
v -0.03900000 -0.07444700 0.07186000
v -0.03900000 -0.07594700 0.06926200
v -0.03950000 -0.07456300 0.07192700
v -0.03950000 -0.07606300 0.06932900
v -0.04000000 -0.07444700 0.07186000
v -0.04000000 -0.07594700 0.06926200
v -0.04000000 -0.07444700 0.07186000
v -0.04000000 -0.07594700 0.06926200
v -0.04036600 -0.07413000 0.07167700
v -0.04036600 -0.07563000 0.06907900
v -0.04050000 -0.07369700 0.07142700
v -0.04050000 -0.07519700 0.06882900
v -0.04050000 -0.09598100 0.08082900
v -0.04050000 -0.09864600 0.08121300
v -0.04050000 -0.09882900 0.08189600
v -0.04050000 -0.09448100 0.08342700
v -0.04050000 -0.09707900 0.08492700
v -0.04050000 -0.07109900 0.06992700
v -0.04050000 -0.07284900 0.06689600
v -0.04050000 -0.07353200 0.06671300
v -0.04050000 -0.07109900 0.06992700
v -0.03850000 -0.07109900 0.06992700
v -0.04050000 -0.07369700 0.07142700
v -0.03850000 -0.07369700 0.07142700
v -0.03863400 -0.07413000 0.07167700
v -0.04000000 -0.07444700 0.07186000
v -0.04036600 -0.07413000 0.07167700
v -0.03950000 -0.07456300 0.07192700
v -0.03900000 -0.07444700 0.07186000
v 0.00950000 -0.07109900 0.06992700
v 0.00950000 -0.07284900 0.06689600
v 0.00950000 -0.07369700 0.07142700
v 0.00950000 -0.07353200 0.06671300
v 0.00950000 -0.07569700 0.06796300
v 0.00936600 -0.07413000 0.07167700
v 0.00936600 -0.07613000 0.06821300
v 0.00936600 -0.07413000 0.07167700
v 0.00936600 -0.07613000 0.06821300
v 0.00900000 -0.07444700 0.07186000
v 0.00900000 -0.07644700 0.06839600
v 0.00850000 -0.07456300 0.07192700
v 0.00850000 -0.07656300 0.06846300
v 0.00850000 -0.07456300 0.07192700
v 0.00850000 -0.07656300 0.06846300
v 0.00800000 -0.07444700 0.07186000
v 0.00800000 -0.07644700 0.06839600
v 0.00763400 -0.07413000 0.07167700
v 0.00763400 -0.07613000 0.06821300
v 0.00763400 -0.07413000 0.07167700
v 0.00763400 -0.07613000 0.06821300
v 0.00750000 -0.07369700 0.07142700
v 0.00750000 -0.07569700 0.06796300
v 0.00750000 -0.07284900 0.06689600
v 0.00750000 -0.07109900 0.06992700
v 0.00750000 -0.07353200 0.06671300
v 0.00750000 -0.07369700 0.07142700
v 0.00750000 -0.07109900 0.06992700
v 0.00950000 -0.07109900 0.06992700
v 0.00950000 -0.07369700 0.07142700
v 0.00936600 -0.07413000 0.07167700
v 0.00900000 -0.07444700 0.07186000
v 0.00850000 -0.07456300 0.07192700
v 0.00800000 -0.07444700 0.07186000
v 0.00763400 -0.07413000 0.07167700
v -0.02250000 -0.09707900 0.08492700
v -0.02250000 -0.09448100 0.08342700
v -0.02250000 -0.09882900 0.08189600
v -0.02250000 -0.09598100 0.08082900
v -0.02250000 -0.09864600 0.08121300
v -0.02250000 -0.07353200 0.06671300
v -0.02250000 -0.07284900 0.06689600
v -0.02250000 -0.07109900 0.06992700
v -0.02450000 -0.09598100 0.08082900
v -0.02450000 -0.09864600 0.08121300
v -0.02450000 -0.09882900 0.08189600
v -0.02450000 -0.09448100 0.08342700
v -0.02450000 -0.09707900 0.08492700
v -0.02450000 -0.07109900 0.06992700
v -0.02450000 -0.07284900 0.06689600
v -0.02450000 -0.07353200 0.06671300
v -0.02436600 -0.09404800 0.08317700
v -0.02436600 -0.09554800 0.08057900
v -0.02400000 -0.09373100 0.08299400
v -0.02400000 -0.09523100 0.08039600
v -0.02400000 -0.09373100 0.08299400
v -0.02400000 -0.09523100 0.08039600
v -0.02350000 -0.09361500 0.08292700
v -0.02350000 -0.09511500 0.08032900
v -0.02300000 -0.09373100 0.08299400
v -0.02300000 -0.09523100 0.08039600
v -0.02263400 -0.09404800 0.08317700
v -0.02263400 -0.09554800 0.08057900
v -0.02263400 -0.09404800 0.08317700
v -0.02263400 -0.09554800 0.08057900
v -0.02250000 -0.09448100 0.08342700
v -0.02250000 -0.09707900 0.08492700
v -0.02450000 -0.09707900 0.08492700
v -0.02450000 -0.09448100 0.08342700
v -0.02436600 -0.09404800 0.08317700
v -0.02263400 -0.09404800 0.08317700
v -0.02400000 -0.09373100 0.08299400
v -0.02350000 -0.09361500 0.08292700
v -0.02300000 -0.09373100 0.08299400
v -0.01450000 -0.09707900 0.08492700
v -0.01450000 -0.09448100 0.08342700
v -0.01450000 -0.09882900 0.08189600
v -0.01450000 -0.09598100 0.08082900
v -0.01450000 -0.09864600 0.08121300
v -0.01450000 -0.07353200 0.06671300
v -0.01450000 -0.07284900 0.06689600
v -0.01450000 -0.07109900 0.06992700
v -0.01650000 -0.09598100 0.08082900
v -0.01650000 -0.09864600 0.08121300
v -0.01650000 -0.09882900 0.08189600
v -0.01650000 -0.09448100 0.08342700
v -0.01650000 -0.09707900 0.08492700
v -0.01650000 -0.07109900 0.06992700
v -0.01650000 -0.07284900 0.06689600
v -0.01650000 -0.07353200 0.06671300
v -0.01636600 -0.09404800 0.08317700
v -0.01636600 -0.09554800 0.08057900
v -0.01600000 -0.09373100 0.08299400
v -0.01600000 -0.09523100 0.08039600
v -0.01600000 -0.09373100 0.08299400
v -0.01600000 -0.09523100 0.08039600
v -0.01550000 -0.09361500 0.08292700
v -0.01550000 -0.09511500 0.08032900
v -0.01500000 -0.09373100 0.08299400
v -0.01500000 -0.09523100 0.08039600
v -0.01463400 -0.09404800 0.08317700
v -0.01463400 -0.09554800 0.08057900
v -0.01463400 -0.09404800 0.08317700
v -0.01463400 -0.09554800 0.08057900
v -0.01450000 -0.09448100 0.08342700
v -0.01450000 -0.09707900 0.08492700
v -0.01650000 -0.09707900 0.08492700
v -0.01550000 -0.09361500 0.08292700
v -0.01500000 -0.09373100 0.08299400
v -0.01600000 -0.09373100 0.08299400
v -0.01463400 -0.09404800 0.08317700
v -0.01636600 -0.09404800 0.08317700
v -0.01650000 -0.09448100 0.08342700
v -0.03050000 -0.09707900 0.08492700
v -0.03050000 -0.09448100 0.08342700
v -0.03050000 -0.09882900 0.08189600
v -0.03050000 -0.09598100 0.08082900
v -0.03050000 -0.09864600 0.08121300
v -0.03050000 -0.07353200 0.06671300
v -0.03050000 -0.07284900 0.06689600
v -0.03050000 -0.07109900 0.06992700
v -0.03250000 -0.09598100 0.08082900
v -0.03250000 -0.09864600 0.08121300
v -0.03250000 -0.09882900 0.08189600
v -0.03250000 -0.09448100 0.08342700
v -0.03250000 -0.09707900 0.08492700
v -0.03250000 -0.07109900 0.06992700
v -0.03250000 -0.07284900 0.06689600
v -0.03250000 -0.07353200 0.06671300
v -0.03236600 -0.09404800 0.08317700
v -0.03236600 -0.09554800 0.08057900
v -0.03200000 -0.09373100 0.08299400
v -0.03200000 -0.09523100 0.08039600
v -0.03200000 -0.09373100 0.08299400
v -0.03200000 -0.09523100 0.08039600
v -0.03150000 -0.09361500 0.08292700
v -0.03150000 -0.09511500 0.08032900
v -0.03100000 -0.09373100 0.08299400
v -0.03100000 -0.09523100 0.08039600
v -0.03063400 -0.09404800 0.08317700
v -0.03063400 -0.09554800 0.08057900
v -0.03063400 -0.09404800 0.08317700
v -0.03063400 -0.09554800 0.08057900
v -0.03050000 -0.09448100 0.08342700
v -0.03050000 -0.09707900 0.08492700
v -0.03250000 -0.09707900 0.08492700
v -0.03150000 -0.09361500 0.08292700
v -0.03100000 -0.09373100 0.08299400
v -0.03200000 -0.09373100 0.08299400
v -0.03063400 -0.09404800 0.08317700
v -0.03236600 -0.09404800 0.08317700
v -0.03250000 -0.09448100 0.08342700
v -0.02836600 -0.09404800 0.08317700
v -0.02836600 -0.09554800 0.08057900
v -0.02800000 -0.09373100 0.08299400
v -0.02800000 -0.09523100 0.08039600
v -0.02750000 -0.09361500 0.08292700
v -0.02750000 -0.09511500 0.08032900
v -0.02700000 -0.09373100 0.08299400
v -0.02700000 -0.09523100 0.08039600
v -0.02700000 -0.09373100 0.08299400
v -0.02700000 -0.09523100 0.08039600
v -0.02663400 -0.09404800 0.08317700
v -0.02663400 -0.09554800 0.08057900
v -0.02663400 -0.09404800 0.08317700
v -0.02663400 -0.09554800 0.08057900
v -0.02663400 -0.09404800 0.08317700
v -0.02650000 -0.09448100 0.08342700
v -0.02836600 -0.09404800 0.08317700
v -0.02650000 -0.09707900 0.08492700
v -0.02850000 -0.09707900 0.08492700
v -0.02850000 -0.09448100 0.08342700
v -0.02800000 -0.09373100 0.08299400
v -0.02750000 -0.09361500 0.08292700
v -0.02700000 -0.09373100 0.08299400
v -0.01236600 -0.09404800 0.08317700
v -0.01236600 -0.09554800 0.08057900
v -0.01200000 -0.09373100 0.08299400
v -0.01200000 -0.09523100 0.08039600
v -0.01150000 -0.09361500 0.08292700
v -0.01150000 -0.09511500 0.08032900
v -0.01150000 -0.09361500 0.08292700
v -0.01150000 -0.09511500 0.08032900
v -0.01100000 -0.09373100 0.08299400
v -0.01100000 -0.09523100 0.08039600
v -0.01063400 -0.09404800 0.08317700
v -0.01063400 -0.09554800 0.08057900
v -0.01063400 -0.09404800 0.08317700
v -0.01063400 -0.09554800 0.08057900
v -0.01050000 -0.09448100 0.08342700
v -0.01050000 -0.09707900 0.08492700
v -0.01250000 -0.09707900 0.08492700
v -0.01250000 -0.09448100 0.08342700
v -0.01236600 -0.09404800 0.08317700
v -0.01063400 -0.09404800 0.08317700
v -0.01200000 -0.09373100 0.08299400
v -0.01150000 -0.09361500 0.08292700
v -0.01100000 -0.09373100 0.08299400
v -0.00836600 -0.09404800 0.08317700
v -0.00836600 -0.09554800 0.08057900
v -0.00836600 -0.09404800 0.08317700
v -0.00836600 -0.09554800 0.08057900
v -0.00800000 -0.09373100 0.08299400
v -0.00800000 -0.09523100 0.08039600
v -0.00750000 -0.09361500 0.08292700
v -0.00750000 -0.09511500 0.08032900
v -0.00700000 -0.09373100 0.08299400
v -0.00700000 -0.09523100 0.08039600
v -0.00700000 -0.09373100 0.08299400
v -0.00700000 -0.09523100 0.08039600
v -0.00663400 -0.09404800 0.08317700
v -0.00663400 -0.09554800 0.08057900
v -0.00663400 -0.09404800 0.08317700
v -0.00663400 -0.09554800 0.08057900
v -0.00650000 -0.09448100 0.08342700
v -0.00650000 -0.09707900 0.08492700
v -0.00850000 -0.09707900 0.08492700
v -0.00836600 -0.09404800 0.08317700
v -0.00800000 -0.09373100 0.08299400
v -0.00750000 -0.09361500 0.08292700
v -0.00850000 -0.09448100 0.08342700
v -0.00663400 -0.09404800 0.08317700
v -0.00700000 -0.09373100 0.08299400
v -0.00250000 -0.09648100 0.07996300
v -0.00250000 -0.09864600 0.08121300
v -0.00250000 -0.09448100 0.08342700
v -0.00250000 -0.09882900 0.08189600
v -0.00250000 -0.09707900 0.08492700
v -0.00450000 -0.09864600 0.08121300
v -0.00450000 -0.09648100 0.07996300
v -0.00450000 -0.09882900 0.08189600
v -0.00450000 -0.09448100 0.08342700
v -0.00450000 -0.09707900 0.08492700
v -0.00436600 -0.09404800 0.08317700
v -0.00436600 -0.09604800 0.07971300
v -0.00400000 -0.09373100 0.08299400
v -0.00400000 -0.09573100 0.07953000
v -0.00400000 -0.09373100 0.08299400
v -0.00400000 -0.09573100 0.07953000
v -0.00350000 -0.09361500 0.08292700
v -0.00350000 -0.09561500 0.07946300
v -0.00300000 -0.09373100 0.08299400
v -0.00300000 -0.09573100 0.07953000
v -0.00263400 -0.09404800 0.08317700
v -0.00263400 -0.09604800 0.07971300
v -0.00263400 -0.09404800 0.08317700
v -0.00263400 -0.09604800 0.07971300
v -0.00250000 -0.09448100 0.08342700
v -0.00250000 -0.09707900 0.08492700
v -0.00450000 -0.09707900 0.08492700
v -0.00350000 -0.09361500 0.08292700
v -0.00300000 -0.09373100 0.08299400
v -0.00400000 -0.09373100 0.08299400
v -0.00263400 -0.09404800 0.08317700
v -0.00436600 -0.09404800 0.08317700
v -0.00450000 -0.09448100 0.08342700
v 0.00950000 -0.09648100 0.07996300
v 0.00950000 -0.09864600 0.08121300
v 0.00950000 -0.09448100 0.08342700
v 0.00950000 -0.09882900 0.08189600
v 0.00950000 -0.09707900 0.08492700
v 0.00750000 -0.09864600 0.08121300
v 0.00750000 -0.09648100 0.07996300
v 0.00750000 -0.09882900 0.08189600
v 0.00750000 -0.09448100 0.08342700
v 0.00750000 -0.09707900 0.08492700
v 0.00763400 -0.09404800 0.08317700
v 0.00763400 -0.09604800 0.07971300
v 0.00800000 -0.09373100 0.08299400
v 0.00800000 -0.09573100 0.07953000
v 0.00800000 -0.09373100 0.08299400
v 0.00800000 -0.09573100 0.07953000
v 0.00850000 -0.09361500 0.08292700
v 0.00850000 -0.09561500 0.07946300
v 0.00900000 -0.09373100 0.08299400
v 0.00900000 -0.09573100 0.07953000
v 0.00936600 -0.09404800 0.08317700
v 0.00936600 -0.09604800 0.07971300
v 0.00936600 -0.09404800 0.08317700
v 0.00936600 -0.09604800 0.07971300
v 0.00763400 -0.09404800 0.08317700
v 0.00800000 -0.09373100 0.08299400
v 0.00750000 -0.09448100 0.08342700
v 0.00850000 -0.09361500 0.08292700
v 0.00900000 -0.09373100 0.08299400
v 0.00950000 -0.09707900 0.08492700
v 0.00750000 -0.09707900 0.08492700
v 0.00950000 -0.09448100 0.08342700
v 0.00936600 -0.09404800 0.08317700
v -0.01850000 -0.09707900 0.08492700
v -0.01850000 -0.09448100 0.08342700
v -0.01850000 -0.09882900 0.08189600
v -0.01850000 -0.09598100 0.08082900
v -0.01850000 -0.09864600 0.08121300
v -0.01850000 -0.07353200 0.06671300
v -0.01850000 -0.07284900 0.06689600
v -0.01850000 -0.07109900 0.06992700
v -0.02050000 -0.09598100 0.08082900
v -0.02050000 -0.09864600 0.08121300
v -0.02050000 -0.09882900 0.08189600
v -0.02050000 -0.09448100 0.08342700
v -0.02050000 -0.09707900 0.08492700
v -0.02050000 -0.07109900 0.06992700
v -0.02050000 -0.07284900 0.06689600
v -0.02050000 -0.07353200 0.06671300
v -0.02036600 -0.09404800 0.08317700
v -0.02036600 -0.09554800 0.08057900
v -0.02000000 -0.09373100 0.08299400
v -0.02000000 -0.09523100 0.08039600
v -0.01950000 -0.09361500 0.08292700
v -0.01950000 -0.09511500 0.08032900
v -0.01900000 -0.09373100 0.08299400
v -0.01900000 -0.09523100 0.08039600
v -0.01900000 -0.09373100 0.08299400
v -0.01900000 -0.09523100 0.08039600
v -0.01863400 -0.09404800 0.08317700
v -0.01863400 -0.09554800 0.08057900
v -0.01863400 -0.09404800 0.08317700
v -0.01863400 -0.09554800 0.08057900
v -0.01850000 -0.09448100 0.08342700
v -0.01850000 -0.09707900 0.08492700
v -0.02050000 -0.09707900 0.08492700
v -0.02050000 -0.09448100 0.08342700
v -0.02036600 -0.09404800 0.08317700
v -0.01863400 -0.09404800 0.08317700
v -0.02000000 -0.09373100 0.08299400
v -0.01950000 -0.09361500 0.08292700
v -0.01900000 -0.09373100 0.08299400
v -0.03450000 -0.09648100 0.07996300
v -0.03450000 -0.09864600 0.08121300
v -0.03450000 -0.09448100 0.08342700
v -0.03450000 -0.09882900 0.08189600
v -0.03450000 -0.09707900 0.08492700
v -0.03650000 -0.09864600 0.08121300
v -0.03650000 -0.09648100 0.07996300
v -0.03650000 -0.09882900 0.08189600
v -0.03650000 -0.09448100 0.08342700
v -0.03650000 -0.09707900 0.08492700
v -0.03636600 -0.09404800 0.08317700
v -0.03636600 -0.09604800 0.07971300
v -0.03600000 -0.09373100 0.08299400
v -0.03600000 -0.09573100 0.07953000
v -0.03600000 -0.09373100 0.08299400
v -0.03600000 -0.09573100 0.07953000
v -0.03550000 -0.09361500 0.08292700
v -0.03550000 -0.09561500 0.07946300
v -0.03500000 -0.09373100 0.08299400
v -0.03500000 -0.09573100 0.07953000
v -0.03500000 -0.09373100 0.08299400
v -0.03500000 -0.09573100 0.07953000
v -0.03463400 -0.09404800 0.08317700
v -0.03463400 -0.09604800 0.07971300
v -0.03463400 -0.09404800 0.08317700
v -0.03463400 -0.09604800 0.07971300
v -0.03450000 -0.09707900 0.08492700
v -0.03650000 -0.09707900 0.08492700
v -0.03450000 -0.09448100 0.08342700
v -0.03650000 -0.09448100 0.08342700
v -0.03463400 -0.09404800 0.08317700
v -0.03550000 -0.09361500 0.08292700
v -0.03500000 -0.09373100 0.08299400
v -0.03600000 -0.09373100 0.08299400
v -0.03636600 -0.09404800 0.08317700
v -0.04036600 -0.09404800 0.08317700
v -0.04036600 -0.09554800 0.08057900
v -0.04000000 -0.09373100 0.08299400
v -0.04000000 -0.09523100 0.08039600
v -0.04000000 -0.09373100 0.08299400
v -0.04000000 -0.09523100 0.08039600
v -0.03950000 -0.09361500 0.08292700
v -0.03950000 -0.09511500 0.08032900
v -0.03900000 -0.09373100 0.08299400
v -0.03900000 -0.09523100 0.08039600
v -0.03863400 -0.09404800 0.08317700
v -0.03863400 -0.09554800 0.08057900
v -0.03863400 -0.09404800 0.08317700
v -0.03863400 -0.09554800 0.08057900
v -0.03900000 -0.09373100 0.08299400
v -0.03863400 -0.09404800 0.08317700
v -0.03850000 -0.09448100 0.08342700
v -0.03850000 -0.09707900 0.08492700
v -0.04050000 -0.09707900 0.08492700
v -0.04050000 -0.09448100 0.08342700
v -0.03950000 -0.09361500 0.08292700
v -0.04000000 -0.09373100 0.08299400
v -0.04036600 -0.09404800 0.08317700
v 0.00150000 -0.09648100 0.07996300
v 0.00150000 -0.09864600 0.08121300
v 0.00150000 -0.09448100 0.08342700
v 0.00150000 -0.09882900 0.08189600
v 0.00150000 -0.09707900 0.08492700
v -0.00050000 -0.09864600 0.08121300
v -0.00050000 -0.09648100 0.07996300
v -0.00050000 -0.09882900 0.08189600
v -0.00050000 -0.09448100 0.08342700
v -0.00050000 -0.09707900 0.08492700
v -0.00036600 -0.09404800 0.08317700
v -0.00036600 -0.09604800 0.07971300
v 0.00000000 -0.09373100 0.08299400
v 0.00000000 -0.09573100 0.07953000
v 0.00000000 -0.09373100 0.08299400
v 0.00000000 -0.09573100 0.07953000
v 0.00050000 -0.09361500 0.08292700
v 0.00050000 -0.09561500 0.07946300
v 0.00055400 -0.09561600 0.07946400
v 0.00100000 -0.09373100 0.08299400
v 0.00100000 -0.09573100 0.07953000
v 0.00136600 -0.09404800 0.08317700
v 0.00136600 -0.09604800 0.07971300
v 0.00136600 -0.09404800 0.08317700
v 0.00136600 -0.09604800 0.07971300
v 0.00150000 -0.09448100 0.08342700
v 0.00150000 -0.09707900 0.08492700
v -0.00050000 -0.09707900 0.08492700
v -0.00050000 -0.09448100 0.08342700
v -0.00036600 -0.09404800 0.08317700
v 0.00136600 -0.09404800 0.08317700
v 0.00000000 -0.09373100 0.08299400
v 0.00050000 -0.09361500 0.08292700
v 0.00100000 -0.09373100 0.08299400
v -0.00070000 -0.09108400 0.08031100
v -0.00070000 -0.09258400 0.07771300
v -0.00080700 -0.09143100 0.08051100
v -0.00080700 -0.09293100 0.07791300
v -0.00080700 -0.09143100 0.08051100
v -0.00080700 -0.09293100 0.07791300
v -0.00110000 -0.09168400 0.08065800
v -0.00110000 -0.09318400 0.07806000
v -0.00110000 -0.09168400 0.08065800
v -0.00110000 -0.09318400 0.07806000
v -0.00150000 -0.09177700 0.08071100
v -0.00150000 -0.09327700 0.07811300
v -0.00190000 -0.09168400 0.08065800
v -0.00190000 -0.09318400 0.07806000
v -0.00219300 -0.09143100 0.08051100
v -0.00219300 -0.09293100 0.07791300
v -0.00219300 -0.09143100 0.08051100
v -0.00219300 -0.09293100 0.07791300
v -0.00230000 -0.09108400 0.08031100
v -0.00230000 -0.09258400 0.07771300
v -0.00080700 -0.09073800 0.08011100
v -0.00070000 -0.09108400 0.08031100
v -0.00080700 -0.09143100 0.08051100
v -0.00150000 -0.09039100 0.07991100
v -0.00110000 -0.09048400 0.07996500
v -0.00110000 -0.09168400 0.08065800
v -0.00230000 -0.09108400 0.08031100
v -0.00219300 -0.09073800 0.08011100
v -0.00190000 -0.09048400 0.07996500
v -0.00150000 -0.09177700 0.08071100
v -0.00190000 -0.09168400 0.08065800
v -0.00219300 -0.09143100 0.08051100
v -0.03470000 -0.08458900 0.07656100
v -0.03470000 -0.08608900 0.07396300
v -0.03480700 -0.08493500 0.07676100
v -0.03480700 -0.08643500 0.07416300
v -0.03480700 -0.08493500 0.07676100
v -0.03480700 -0.08643500 0.07416300
v -0.03510000 -0.08518900 0.07690800
v -0.03510000 -0.08668900 0.07431000
v -0.03550000 -0.08528200 0.07696100
v -0.03550000 -0.08678200 0.07436300
v -0.03550000 -0.08528200 0.07696100
v -0.03550000 -0.08678200 0.07436300
v -0.03590000 -0.08518900 0.07690800
v -0.03590000 -0.08668900 0.07431000
v -0.03619300 -0.08493500 0.07676100
v -0.03619300 -0.08643500 0.07416300
v -0.03619300 -0.08493500 0.07676100
v -0.03619300 -0.08643500 0.07416300
v -0.03630000 -0.08458900 0.07656100
v -0.03630000 -0.08608900 0.07396300
v -0.03619300 -0.08493500 0.07676100
v -0.03630000 -0.08458900 0.07656100
v -0.03619300 -0.08424300 0.07636100
v -0.03550000 -0.08528200 0.07696100
v -0.03590000 -0.08518900 0.07690800
v -0.03590000 -0.08398900 0.07621500
v -0.03470000 -0.08458900 0.07656100
v -0.03480700 -0.08493500 0.07676100
v -0.03510000 -0.08518900 0.07690800
v -0.03550000 -0.08389600 0.07616100
v -0.03510000 -0.08398900 0.07621500
v -0.03480700 -0.08424300 0.07636100
v -0.00070000 -0.07809400 0.07281100
v -0.00070000 -0.07959400 0.07021300
v -0.00080700 -0.07844000 0.07301100
v -0.00080700 -0.07994000 0.07041300
v -0.00080700 -0.07844000 0.07301100
v -0.00080700 -0.07994000 0.07041300
v -0.00110000 -0.07869400 0.07315800
v -0.00110000 -0.08019400 0.07056000
v -0.00150000 -0.07878700 0.07321100
v -0.00150000 -0.08028700 0.07061300
v -0.00150000 -0.07878700 0.07321100
v -0.00150000 -0.08028700 0.07061300
v -0.00190000 -0.07869400 0.07315800
v -0.00190000 -0.08019400 0.07056000
v -0.00219300 -0.07844000 0.07301100
v -0.00219300 -0.07994000 0.07041300
v -0.00219300 -0.07844000 0.07301100
v -0.00219300 -0.07994000 0.07041300
v -0.00230000 -0.07809400 0.07281100
v -0.00230000 -0.07959400 0.07021300
v -0.00080700 -0.07774700 0.07261100
v -0.00070000 -0.07809400 0.07281100
v -0.00080700 -0.07844000 0.07301100
v -0.00110000 -0.07869400 0.07315800
v -0.00150000 -0.07878700 0.07321100
v -0.00219300 -0.07774700 0.07261100
v -0.00230000 -0.07809400 0.07281100
v -0.00219300 -0.07844000 0.07301100
v -0.00190000 -0.07869400 0.07315800
v -0.00150000 -0.07740100 0.07241100
v -0.00110000 -0.07749400 0.07246500
v -0.00190000 -0.07749400 0.07246500
v 0.01400000 -0.09691400 0.08021300
v 0.01450000 -0.09666400 0.08064600
v 0.01416500 -0.09774700 0.08127100
v 0.01373200 -0.09778000 0.08071300
v 0.01325000 -0.09853900 0.08172900
v 0.01300000 -0.09841400 0.08107900
v 0.01200000 -0.09882900 0.08189600
v 0.01200000 -0.09864600 0.08121300
v -0.04300000 -0.09864600 0.08121300
v -0.04300000 -0.09882900 0.08189600
v -0.04425000 -0.09853900 0.08172900
v -0.04400000 -0.09841400 0.08107900
v -0.04516500 -0.09774700 0.08127100
v -0.04473200 -0.09778000 0.08071300
v -0.04550000 -0.09666400 0.08064600
v -0.04500000 -0.09691400 0.08021300
v 0.01400000 -0.07526400 0.06771300
v 0.01450000 -0.07501400 0.06814600
v 0.01400000 -0.09061500 0.07657600
v 0.01200000 -0.07353200 0.06671300
v 0.01200000 -0.07284900 0.06689600
v 0.01295700 -0.07301300 0.06699100
v 0.01276500 -0.07366300 0.06678900
v 0.01325000 -0.07313900 0.06706400
v 0.01341400 -0.07403900 0.06700600
v 0.01376800 -0.07348300 0.06726200
v 0.01416500 -0.07393100 0.06752100
v 0.01384800 -0.07460100 0.06733100
v 0.01431000 -0.07418500 0.06766800
v -0.04500000 -0.07526400 0.06771300
v -0.04550000 -0.07501400 0.06814600
v -0.04516500 -0.07393100 0.06752100
v -0.04473200 -0.07439800 0.06721300
v -0.04425000 -0.07313900 0.06706400
v -0.04400000 -0.07376400 0.06684700
v -0.04300000 -0.07284900 0.06689600
v -0.04300000 -0.07353200 0.06671300
v 0.01200000 -0.09647900 0.08596700
v 0.01200000 -0.09607000 0.08607600
v -0.04300000 -0.09647900 0.08596700
v -0.04300000 -0.09607000 0.08607600
v 0.01295700 -0.09631500 0.08587100
v 0.01284200 -0.09592400 0.08599300
v 0.01325000 -0.09618900 0.08579900
v 0.01355600 -0.09551100 0.08575400
v 0.01376800 -0.09584500 0.08560000
v 0.01416500 -0.09539700 0.08534200
v 0.01403300 -0.09489300 0.08539700
v 0.01431000 -0.09514300 0.08519500
v 0.01450000 -0.09431400 0.08471700
v 0.01420000 -0.09416400 0.08497600
v -0.04520000 -0.09416400 0.08497600
v -0.04550000 -0.09431400 0.08471700
v -0.04516500 -0.09539700 0.08534200
v -0.04490500 -0.09511700 0.08552600
v -0.04425000 -0.09618900 0.08579900
v -0.04410000 -0.09581400 0.08592900
v 0.01420000 -0.07251400 0.07247600
v 0.01450000 -0.07266400 0.07221700
v -0.04550000 -0.07266400 0.07221700
v -0.04520000 -0.07251400 0.07247600
v 0.01403300 -0.07178500 0.07205500
v 0.01416500 -0.07158100 0.07159200
v 0.01390500 -0.07156100 0.07192600
v 0.01325000 -0.07078900 0.07113400
v 0.01200000 -0.07049900 0.07096700
v 0.01200000 -0.07060800 0.07137600
v 0.01284200 -0.07075300 0.07146000
v 0.01310000 -0.07086400 0.07152400
v 0.01355600 -0.07116600 0.07169900
v -0.04410000 -0.07086400 0.07152400
v -0.04300000 -0.07060800 0.07137600
v -0.04300000 -0.07049900 0.07096700
v -0.04395700 -0.07066300 0.07106200
v -0.04425000 -0.07078900 0.07113400
v -0.04455600 -0.07116600 0.07169900
v -0.04531000 -0.07183500 0.07173800
v -0.04490500 -0.07156100 0.07192600
v -0.04516500 -0.07158100 0.07159200
v -0.04476800 -0.07113300 0.07133300
v -0.04167000 -0.09665400 0.08066400
v -0.04115000 -0.09691400 0.08021300
v -0.04184800 -0.09723000 0.08099600
v -0.04139800 -0.09771500 0.08067600
v -0.04233500 -0.09765200 0.08123900
v -0.04207500 -0.09830200 0.08101400
v -0.04300000 -0.09780600 0.08132900
v -0.04300000 -0.09851600 0.08113800
v -0.04366500 -0.09765200 0.08123900
v -0.04392500 -0.09830200 0.08101400
v -0.04415200 -0.09723000 0.08099600
v -0.04460200 -0.09771500 0.08067600
v -0.04433000 -0.09665400 0.08066400
v -0.04485000 -0.09691400 0.08021300
v -0.04167000 -0.07500400 0.06816400
v -0.04115000 -0.07526400 0.06771300
v -0.04184800 -0.07558000 0.06849600
v -0.04139800 -0.07606500 0.06817600
v -0.04233500 -0.07600100 0.06873900
v -0.04207500 -0.07665100 0.06851400
v -0.04300000 -0.07615500 0.06882900
v -0.04300000 -0.07686600 0.06863800
v -0.04366500 -0.07600100 0.06873900
v -0.04392500 -0.07665100 0.06851400
v -0.04415200 -0.07558000 0.06849600
v -0.04460200 -0.07606500 0.06817600
v -0.04433000 -0.07500400 0.06816400
v -0.04485000 -0.07526400 0.06771300
v 0.01033300 -0.07595900 0.06811500
v 0.01015000 -0.07526400 0.06771300
v 0.01067000 -0.07500400 0.06816400
v 0.01080200 -0.07550300 0.06845200
v 0.01084800 -0.07558000 0.06849600
v 0.01084700 -0.07651600 0.06843600
v 0.01117100 -0.07590400 0.06868400
v 0.01133500 -0.07600100 0.06873900
v 0.01158800 -0.07682600 0.06861500
v 0.01170400 -0.07612700 0.06881200
v 0.01200000 -0.07615500 0.06882900
v 0.01241200 -0.07682600 0.06861500
v 0.01229600 -0.07612700 0.06881200
v 0.01315300 -0.07651600 0.06843600
v 0.01266500 -0.07600100 0.06873900
v 0.01282900 -0.07590400 0.06868400
v 0.01366700 -0.07595900 0.06811500
v 0.01333000 -0.07500400 0.06816400
v 0.01385000 -0.07526400 0.06771300
v 0.01319800 -0.07550300 0.06845200
v 0.01315200 -0.07558000 0.06849600
v 0.01333000 -0.09665400 0.08066400
v 0.01385000 -0.09691400 0.08021300
v 0.01315200 -0.09723000 0.08099600
v 0.01360200 -0.09771500 0.08067600
v 0.01266500 -0.09765200 0.08123900
v 0.01292500 -0.09830200 0.08101400
v 0.01200000 -0.09780600 0.08132900
v 0.01200000 -0.09851600 0.08113800
v 0.01133500 -0.09765200 0.08123900
v 0.01107500 -0.09830200 0.08101400
v 0.01084800 -0.09723000 0.08099600
v 0.01039800 -0.09771500 0.08067600
v 0.01067000 -0.09665400 0.08066400
v 0.01015000 -0.09691400 0.08021300
v -0.04550000 -0.09431400 0.08471700
v -0.04550000 -0.09666400 0.08064600
v -0.04516500 -0.09774700 0.08127100
v -0.04516500 -0.09539700 0.08534200
v -0.04425000 -0.09853900 0.08172900
v -0.04425000 -0.09618900 0.08579900
v -0.04300000 -0.09882900 0.08189600
v -0.04300000 -0.09647900 0.08596700
v 0.01200000 -0.09647900 0.08596700
v 0.01200000 -0.09882900 0.08189600
v 0.01295700 -0.09631500 0.08587100
v 0.01325000 -0.09853900 0.08172900
v 0.01325000 -0.09618900 0.08579900
v 0.01376800 -0.09584500 0.08560000
v 0.01416500 -0.09774700 0.08127100
v 0.01416500 -0.09539700 0.08534200
v 0.01431000 -0.09514300 0.08519500
v 0.01450000 -0.09666400 0.08064600
v 0.01450000 -0.09431400 0.08471700
v 0.01450000 -0.07501400 0.06814600
v 0.01431000 -0.07418500 0.06766800
v 0.01450000 -0.07266400 0.07221700
v 0.01416500 -0.07158100 0.07159200
v 0.01416500 -0.07393100 0.06752100
v 0.01376800 -0.07348300 0.06726200
v 0.01325000 -0.07078900 0.07113400
v 0.01200000 -0.07284900 0.06689600
v 0.01200000 -0.07049900 0.07096700
v 0.01295700 -0.07301300 0.06699100
v 0.01325000 -0.07313900 0.06706400
v -0.04300000 -0.07049900 0.07096700
v -0.04300000 -0.07284900 0.06689600
v -0.04395700 -0.07066300 0.07106200
v -0.04425000 -0.07313900 0.06706400
v -0.04425000 -0.07078900 0.07113400
v -0.04476800 -0.07113300 0.07133300
v -0.04516500 -0.07393100 0.06752100
v -0.04516500 -0.07158100 0.07159200
v -0.04531000 -0.07183500 0.07173800
v -0.04550000 -0.07501400 0.06814600
v -0.04550000 -0.07266400 0.07221700
v -0.04050000 -0.09882900 0.08189600
v -0.04050000 -0.09864600 0.08121300
v -0.03650000 -0.09882900 0.08189600
v -0.03850000 -0.09882900 0.08189600
v -0.03650000 -0.09864600 0.08121300
v -0.03850000 -0.09864600 0.08121300
v 0.00950000 -0.09864600 0.08121300
v 0.00950000 -0.09882900 0.08189600
v 0.00750000 -0.09882900 0.08189600
v 0.00150000 -0.09882900 0.08189600
v 0.00750000 -0.09864600 0.08121300
v 0.00150000 -0.09864600 0.08121300
v -0.00250000 -0.09864600 0.08121300
v -0.00050000 -0.09864600 0.08121300
v -0.00250000 -0.09882900 0.08189600
v -0.00050000 -0.09882900 0.08189600
v -0.00650000 -0.09864600 0.08121300
v -0.00450000 -0.09864600 0.08121300
v -0.00650000 -0.09882900 0.08189600
v -0.00450000 -0.09882900 0.08189600
v -0.01050000 -0.09864600 0.08121300
v -0.00850000 -0.09864600 0.08121300
v -0.01050000 -0.09882900 0.08189600
v -0.00850000 -0.09882900 0.08189600
v -0.03050000 -0.09864600 0.08121300
v -0.02850000 -0.09864600 0.08121300
v -0.03050000 -0.09882900 0.08189600
v -0.02850000 -0.09882900 0.08189600
v -0.03250000 -0.09882900 0.08189600
v -0.03450000 -0.09882900 0.08189600
v -0.03250000 -0.09864600 0.08121300
v -0.03450000 -0.09864600 0.08121300
v -0.01450000 -0.09864600 0.08121300
v -0.01250000 -0.09864600 0.08121300
v -0.01450000 -0.09882900 0.08189600
v -0.01250000 -0.09882900 0.08189600
v -0.01650000 -0.09882900 0.08189600
v -0.01850000 -0.09882900 0.08189600
v -0.01650000 -0.09864600 0.08121300
v -0.01850000 -0.09864600 0.08121300
v -0.02250000 -0.09864600 0.08121300
v -0.02050000 -0.09864600 0.08121300
v -0.02250000 -0.09882900 0.08189600
v -0.02050000 -0.09882900 0.08189600
v -0.02450000 -0.09882900 0.08189600
v -0.02650000 -0.09882900 0.08189600
v -0.02450000 -0.09864600 0.08121300
v -0.02650000 -0.09864600 0.08121300
v 0.00950000 -0.07284900 0.06689600
v 0.00950000 -0.07353200 0.06671300
v -0.04050000 -0.07353200 0.06671300
v -0.04050000 -0.07284900 0.06689600
v 0.00150000 -0.07284900 0.06689600
v 0.00750000 -0.07284900 0.06689600
v 0.00150000 -0.07353200 0.06671300
v 0.00750000 -0.07353200 0.06671300
v -0.00250000 -0.07284900 0.06689600
v -0.00050000 -0.07284900 0.06689600
v -0.00250000 -0.07353200 0.06671300
v -0.00050000 -0.07353200 0.06671300
v -0.00650000 -0.07284900 0.06689600
v -0.00450000 -0.07284900 0.06689600
v -0.00650000 -0.07353200 0.06671300
v -0.00450000 -0.07353200 0.06671300
v -0.01050000 -0.07284900 0.06689600
v -0.00850000 -0.07284900 0.06689600
v -0.01050000 -0.07353200 0.06671300
v -0.00850000 -0.07353200 0.06671300
v -0.01450000 -0.07284900 0.06689600
v -0.01250000 -0.07284900 0.06689600
v -0.01450000 -0.07353200 0.06671300
v -0.01250000 -0.07353200 0.06671300
v -0.01650000 -0.07353200 0.06671300
v -0.01850000 -0.07353200 0.06671300
v -0.01650000 -0.07284900 0.06689600
v -0.01850000 -0.07284900 0.06689600
v -0.03450000 -0.07284900 0.06689600
v -0.03250000 -0.07284900 0.06689600
v -0.03450000 -0.07353200 0.06671300
v -0.03250000 -0.07353200 0.06671300
v -0.03650000 -0.07353200 0.06671300
v -0.03850000 -0.07353200 0.06671300
v -0.03650000 -0.07284900 0.06689600
v -0.03850000 -0.07284900 0.06689600
v -0.02250000 -0.07284900 0.06689600
v -0.02050000 -0.07284900 0.06689600
v -0.02250000 -0.07353200 0.06671300
v -0.02050000 -0.07353200 0.06671300
v -0.02650000 -0.07284900 0.06689600
v -0.02450000 -0.07284900 0.06689600
v -0.02650000 -0.07353200 0.06671300
v -0.02450000 -0.07353200 0.06671300
v -0.02850000 -0.07353200 0.06671300
v -0.03050000 -0.07353200 0.06671300
v -0.02850000 -0.07284900 0.06689600
v -0.03050000 -0.07284900 0.06689600
v 0.00950000 -0.07284900 0.06689600
v -0.02850000 -0.07109900 0.06992700
v -0.02850000 -0.07284900 0.06689600
v -0.03050000 -0.07284900 0.06689600
v -0.01050000 -0.07109900 0.06992700
v -0.01250000 -0.07109900 0.06992700
v -0.03050000 -0.07109900 0.06992700
v -0.03250000 -0.07109900 0.06992700
v -0.01650000 -0.07109900 0.06992700
v -0.01450000 -0.07109900 0.06992700
v -0.01450000 -0.07284900 0.06689600
v -0.01250000 -0.07284900 0.06689600
v 0.00750000 -0.07284900 0.06689600
v 0.00150000 -0.07284900 0.06689600
v 0.00750000 -0.07109900 0.06992700
v 0.00150000 -0.07109900 0.06992700
v 0.00950000 -0.07109900 0.06992700
v -0.00050000 -0.07109900 0.06992700
v -0.00850000 -0.07109900 0.06992700
v -0.00850000 -0.07284900 0.06689600
v -0.01050000 -0.07284900 0.06689600
v -0.02050000 -0.07109900 0.06992700
v -0.02050000 -0.07284900 0.06689600
v -0.02250000 -0.07284900 0.06689600
v -0.03650000 -0.07109900 0.06992700
v -0.03450000 -0.07109900 0.06992700
v -0.03450000 -0.07284900 0.06689600
v -0.03250000 -0.07284900 0.06689600
v -0.00050000 -0.07284900 0.06689600
v -0.00250000 -0.07284900 0.06689600
v -0.00250000 -0.07109900 0.06992700
v -0.00450000 -0.07109900 0.06992700
v -0.02250000 -0.07109900 0.06992700
v -0.02450000 -0.07109900 0.06992700
v -0.00650000 -0.07109900 0.06992700
v -0.00650000 -0.07284900 0.06689600
v -0.00450000 -0.07284900 0.06689600
v -0.01850000 -0.07109900 0.06992700
v -0.01850000 -0.07284900 0.06689600
v -0.01650000 -0.07284900 0.06689600
v -0.04050000 -0.07284900 0.06689600
v -0.04050000 -0.07109900 0.06992700
v -0.03850000 -0.07109900 0.06992700
v -0.03850000 -0.07284900 0.06689600
v -0.03650000 -0.07284900 0.06689600
v -0.02650000 -0.07109900 0.06992700
v -0.02650000 -0.07284900 0.06689600
v -0.02450000 -0.07284900 0.06689600
v 0.00150000 -0.09707900 0.08492700
v 0.00150000 -0.09882900 0.08189600
v 0.00750000 -0.09882900 0.08189600
v -0.03050000 -0.09707900 0.08492700
v -0.03050000 -0.09882900 0.08189600
v -0.02850000 -0.09882900 0.08189600
v -0.02850000 -0.09707900 0.08492700
v -0.02650000 -0.09707900 0.08492700
v -0.02650000 -0.09882900 0.08189600
v -0.02450000 -0.09882900 0.08189600
v -0.02450000 -0.09707900 0.08492700
v -0.02250000 -0.09707900 0.08492700
v -0.01850000 -0.09707900 0.08492700
v -0.01850000 -0.09882900 0.08189600
v -0.01650000 -0.09882900 0.08189600
v 0.00950000 -0.09882900 0.08189600
v 0.00950000 -0.09707900 0.08492700
v 0.00750000 -0.09707900 0.08492700
v -0.01650000 -0.09707900 0.08492700
v -0.01450000 -0.09707900 0.08492700
v -0.04050000 -0.09882900 0.08189600
v -0.04050000 -0.09707900 0.08492700
v -0.03850000 -0.09707900 0.08492700
v -0.02050000 -0.09707900 0.08492700
v -0.02050000 -0.09882900 0.08189600
v -0.02250000 -0.09882900 0.08189600
v -0.03450000 -0.09707900 0.08492700
v -0.03650000 -0.09707900 0.08492700
v -0.03650000 -0.09882900 0.08189600
v -0.03850000 -0.09882900 0.08189600
v -0.01050000 -0.09707900 0.08492700
v -0.01050000 -0.09882900 0.08189600
v -0.00850000 -0.09882900 0.08189600
v -0.03450000 -0.09882900 0.08189600
v -0.03250000 -0.09882900 0.08189600
v -0.03250000 -0.09707900 0.08492700
v -0.00850000 -0.09707900 0.08492700
v -0.00650000 -0.09707900 0.08492700
v -0.01250000 -0.09707900 0.08492700
v -0.01250000 -0.09882900 0.08189600
v -0.01450000 -0.09882900 0.08189600
v -0.00650000 -0.09882900 0.08189600
v -0.00450000 -0.09882900 0.08189600
v -0.00450000 -0.09707900 0.08492700
v -0.00250000 -0.09707900 0.08492700
v -0.00250000 -0.09882900 0.08189600
v -0.00050000 -0.09882900 0.08189600
v -0.00050000 -0.09707900 0.08492700
v -0.03636600 -0.07613000 0.06821300
v -0.03850000 -0.09864600 0.08121300
v -0.03650000 -0.07569700 0.06796300
v -0.03850000 -0.07353200 0.06671300
v -0.03650000 -0.07353200 0.06671300
v -0.03250000 -0.09864600 0.08121300
v -0.03463400 -0.07613000 0.06821300
v -0.03250000 -0.07353200 0.06671300
v -0.03450000 -0.07569700 0.06796300
v -0.03450000 -0.07353200 0.06671300
v -0.03500000 -0.07644700 0.06839600
v -0.03510000 -0.08548900 0.07361700
v -0.03450000 -0.09864600 0.08121300
v -0.03450000 -0.09648100 0.07996300
v -0.03463400 -0.09604800 0.07971300
v -0.03510000 -0.08668900 0.07431000
v -0.03500000 -0.09573100 0.07953000
v -0.03550000 -0.08678200 0.07436300
v -0.03550000 -0.09561500 0.07946300
v -0.03590000 -0.08668900 0.07431000
v -0.03630000 -0.08608900 0.07396300
v -0.03619300 -0.08643500 0.07416300
v -0.03600000 -0.09573100 0.07953000
v -0.03636600 -0.09604800 0.07971300
v -0.03650000 -0.09648100 0.07996300
v -0.03650000 -0.09864600 0.08121300
v -0.03480700 -0.08643500 0.07416300
v -0.03470000 -0.08608900 0.07396300
v -0.03480700 -0.08574300 0.07376300
v -0.03550000 -0.07656300 0.06846300
v -0.03550000 -0.08539600 0.07356300
v -0.03600000 -0.07644700 0.06839600
v -0.03590000 -0.08548900 0.07361700
v -0.03619300 -0.08574300 0.07376300
v -0.03050000 -0.09864600 0.08121300
v -0.03050000 -0.07353200 0.06671300
v -0.02850000 -0.09864600 0.08121300
v -0.02850000 -0.07353200 0.06671300
v -0.02450000 -0.09864600 0.08121300
v -0.02650000 -0.09864600 0.08121300
v -0.02450000 -0.07353200 0.06671300
v -0.02650000 -0.07353200 0.06671300
v -0.02050000 -0.09864600 0.08121300
v -0.02250000 -0.09864600 0.08121300
v -0.02050000 -0.07353200 0.06671300
v -0.02250000 -0.07353200 0.06671300
v -0.01650000 -0.09864600 0.08121300
v -0.01850000 -0.09864600 0.08121300
v -0.01650000 -0.07353200 0.06671300
v -0.01850000 -0.07353200 0.06671300
v -0.01450000 -0.09864600 0.08121300
v -0.01450000 -0.07353200 0.06671300
v -0.01250000 -0.09864600 0.08121300
v -0.01250000 -0.07353200 0.06671300
v -0.01050000 -0.09864600 0.08121300
v -0.01050000 -0.07353200 0.06671300
v -0.00850000 -0.09864600 0.08121300
v -0.00850000 -0.07353200 0.06671300
v 0.00860200 -0.08301600 0.07218900
v 0.00676000 -0.08301600 0.07218900
v 0.00638600 -0.08292500 0.07213600
v 0.00000000 -0.09573100 0.07953000
v -0.00036600 -0.09604800 0.07971300
v -0.00150000 -0.09327700 0.07811300
v -0.00050000 -0.09648100 0.07996300
v -0.00050000 -0.09864600 0.08121300
v -0.00263400 -0.09604800 0.07971300
v -0.00300000 -0.09573100 0.07953000
v 0.00050000 -0.09561500 0.07946300
v -0.00110000 -0.09318400 0.07806000
v 0.00055400 -0.09561600 0.07946400
v -0.00080700 -0.09293100 0.07791300
v -0.00070000 -0.09258400 0.07771300
v 0.00055100 -0.09061500 0.07657600
v -0.00080700 -0.09223800 0.07751300
v -0.00219300 -0.09223800 0.07751300
v -0.00230000 -0.09258400 0.07771300
v -0.00650000 -0.09061500 0.07657600
v -0.00190000 -0.09318400 0.07806000
v -0.00350000 -0.09561500 0.07946300
v -0.00219300 -0.09293100 0.07791300
v -0.00400000 -0.09573100 0.07953000
v -0.00110000 -0.09198400 0.07736700
v -0.00150000 -0.09189100 0.07731300
v -0.00190000 -0.09198400 0.07736700
v -0.00436600 -0.09604800 0.07971300
v -0.00650000 -0.09864600 0.08121300
v -0.00450000 -0.09648100 0.07996300
v -0.00450000 -0.09864600 0.08121300
v -0.00250000 -0.09648100 0.07996300
v -0.00250000 -0.09864600 0.08121300
v 0.00800000 -0.09573100 0.07953000
v 0.00763400 -0.09604800 0.07971300
v 0.00750000 -0.09864600 0.08121300
v 0.00150000 -0.09864600 0.08121300
v 0.00750000 -0.09648100 0.07996300
v 0.00150000 -0.09648100 0.07996300
v 0.00136600 -0.09604800 0.07971300
v 0.00100000 -0.09573100 0.07953000
v 0.01366700 -0.09621900 0.07981200
v 0.01400000 -0.09061500 0.07657600
v 0.01400000 -0.09691400 0.08021300
v 0.00936600 -0.09604800 0.07971300
v 0.01033300 -0.09621900 0.07981200
v 0.00950000 -0.09648100 0.07996300
v 0.01015000 -0.09691400 0.08021300
v 0.00950000 -0.09864600 0.08121300
v 0.01039800 -0.09771500 0.08067600
v 0.01107500 -0.09830200 0.08101400
v 0.01200000 -0.09864600 0.08121300
v 0.01200000 -0.09851600 0.08113800
v 0.01300000 -0.09841400 0.08107900
v 0.01292500 -0.09830200 0.08101400
v 0.01373200 -0.09778000 0.08071300
v 0.01360200 -0.09771500 0.08067600
v 0.01385000 -0.09691400 0.08021300
v 0.01315300 -0.09566200 0.07949000
v 0.01241200 -0.09535200 0.07931100
v 0.01158800 -0.09535200 0.07931100
v 0.00850000 -0.09561500 0.07946300
v 0.00900000 -0.09573100 0.07953000
v 0.01084700 -0.09566200 0.07949000
v 0.00893100 -0.08750000 0.07477800
v 0.00916600 -0.08695700 0.07446400
v 0.01030200 -0.08695700 0.07446400
v 0.01030200 -0.08522500 0.07346400
v 0.01015000 -0.07526400 0.06771300
v 0.01033300 -0.07595900 0.06811500
v 0.01084700 -0.07651600 0.06843600
v 0.01158800 -0.07682600 0.06861500
v 0.00916600 -0.08522500 0.07346400
v 0.00910200 -0.08504400 0.07336000
v 0.00910200 -0.08344900 0.07243900
v 0.00950000 -0.07353200 0.06671300
v 0.01107500 -0.07387600 0.06691200
v 0.01039800 -0.07446300 0.06725100
v 0.00763400 -0.07613000 0.06821300
v 0.00136600 -0.07613000 0.06821300
v 0.00150000 -0.07569700 0.06796300
v 0.00321400 -0.08863000 0.07543000
v 0.00471800 -0.08925700 0.07579200
v 0.00638600 -0.08925700 0.07579200
v 0.00789000 -0.08863000 0.07543000
v 0.00850000 -0.07656300 0.06846300
v 0.00900000 -0.07644700 0.06839600
v 0.00936600 -0.07613000 0.06821300
v 0.01200000 -0.07366100 0.06678800
v 0.01200000 -0.07353200 0.06671300
v 0.01292500 -0.07387600 0.06691200
v 0.00150000 -0.07353200 0.06671300
v 0.00750000 -0.07353200 0.06671300
v 0.00750000 -0.07569700 0.06796300
v 0.00950000 -0.07569700 0.06796300
v 0.00471800 -0.08292500 0.07213600
v 0.00321400 -0.08355200 0.07249800
v 0.00800000 -0.07644700 0.06839600
v 0.00055400 -0.07656100 0.06846300
v 0.00100000 -0.07644700 0.06839600
v 0.01241200 -0.07682600 0.06861500
v 0.01276500 -0.07366300 0.06678900
v 0.01341400 -0.07403900 0.06700600
v 0.01360200 -0.07446300 0.06725100
v 0.01384800 -0.07460100 0.06733100
v 0.01385000 -0.07526400 0.06771300
v 0.01400000 -0.07526400 0.06771300
v 0.01366700 -0.07595900 0.06811500
v 0.01315300 -0.07651600 0.06843600
v 0.00217300 -0.08468200 0.07315100
v 0.00180200 -0.08609100 0.07396400
v 0.00217300 -0.08750000 0.07477800
v -0.00350000 -0.07656300 0.06846300
v -0.00400000 -0.07644700 0.06839600
v -0.00436600 -0.07613000 0.06821300
v -0.00190000 -0.08019400 0.07056000
v -0.00150000 -0.08028700 0.07061300
v -0.00110000 -0.08019400 0.07056000
v -0.00450000 -0.07569700 0.06796300
v -0.00650000 -0.07353200 0.06671300
v -0.00450000 -0.07353200 0.06671300
v -0.00150000 -0.07890100 0.06981300
v -0.00190000 -0.07899400 0.06986700
v -0.00250000 -0.07569700 0.06796300
v -0.00250000 -0.07353200 0.06671300
v -0.00050000 -0.07353200 0.06671300
v -0.00300000 -0.07644700 0.06839600
v -0.00263400 -0.07613000 0.06821300
v -0.00036600 -0.07613000 0.06821300
v -0.00050000 -0.07569700 0.06796300
v -0.00080700 -0.07994000 0.07041300
v -0.00070000 -0.07959400 0.07021300
v -0.00080700 -0.07924700 0.07001300
v 0.00050000 -0.07656300 0.06846300
v -0.00110000 -0.07899400 0.06986700
v 0.00000000 -0.07644700 0.06839600
v -0.00219300 -0.07924700 0.07001300
v -0.00230000 -0.07959400 0.07021300
v -0.00219300 -0.07994000 0.07041300
v -0.04550000 -0.09190100 0.07789600
v -0.04550000 -0.08670500 0.07489600
v -0.04500000 -0.09215100 0.07746300
v -0.04500000 -0.08695500 0.07446300
v -0.04500000 -0.09388300 0.07846300
v -0.04550000 -0.09363300 0.07889600
v -0.04550000 -0.07804500 0.06989600
v -0.04500000 -0.07829500 0.06946300
v -0.04500000 -0.08002700 0.07046300
v -0.04500000 -0.08522300 0.07346300
v -0.04550000 -0.07977700 0.07089600
v -0.04550000 -0.08497300 0.07389600
v -0.04550000 -0.08570500 0.07662800
v -0.04550000 -0.08670500 0.07489600
v -0.04550000 -0.09190100 0.07789600
v -0.04550000 -0.09363300 0.07889600
v -0.04550000 -0.09263300 0.08062800
v -0.04550000 -0.09090100 0.07962800
v -0.04550000 -0.07804500 0.06989600
v -0.04550000 -0.07704500 0.07162800
v -0.04550000 -0.07877700 0.07262800
v -0.04550000 -0.08397300 0.07562800
v -0.04550000 -0.08497300 0.07389600
v -0.04550000 -0.07977700 0.07089600
v -0.04133300 -0.09621900 0.07981200
v -0.04184700 -0.09566200 0.07949000
v -0.04300000 -0.09376700 0.07839600
v -0.04258800 -0.09535200 0.07931100
v -0.04350000 -0.09388300 0.07846300
v -0.04341200 -0.09535200 0.07931100
v -0.04500000 -0.09388300 0.07846300
v -0.04050000 -0.09864600 0.08121300
v -0.04139800 -0.09771500 0.08067600
v -0.04115000 -0.09691400 0.08021300
v -0.04300000 -0.07991100 0.07039600
v -0.04263400 -0.07959400 0.07021300
v -0.04250000 -0.07916100 0.06996300
v -0.04115000 -0.07526400 0.06771300
v -0.04050000 -0.07353200 0.06671300
v -0.04415300 -0.09566200 0.07949000
v -0.04466700 -0.09621900 0.07981200
v -0.04500000 -0.09691400 0.08021300
v -0.04485000 -0.09691400 0.08021300
v -0.04473200 -0.09778000 0.08071300
v -0.04460200 -0.09771500 0.08067600
v -0.04400000 -0.09841400 0.08107900
v -0.04392500 -0.09830200 0.08101400
v -0.04300000 -0.09864600 0.08121300
v -0.04300000 -0.09851600 0.08113800
v -0.04207500 -0.09830200 0.08101400
v -0.04500000 -0.07829500 0.06946300
v -0.04392500 -0.07665100 0.06851400
v -0.04350000 -0.07829500 0.06946300
v -0.04300000 -0.07686600 0.06863800
v -0.04300000 -0.07841100 0.06953000
v -0.04263400 -0.07872800 0.06971300
v -0.04263400 -0.09345000 0.07821300
v -0.04250000 -0.09301700 0.07796300
v -0.04263400 -0.08652200 0.07421300
v -0.04263400 -0.09258400 0.07771300
v -0.04300000 -0.08683900 0.07439600
v -0.04350000 -0.09215100 0.07746300
v -0.04500000 -0.09215100 0.07746300
v -0.04500000 -0.08695500 0.07446300
v -0.04257600 -0.08575800 0.07377200
v -0.04250000 -0.08608900 0.07396300
v -0.04207500 -0.07665100 0.06851400
v -0.04139800 -0.07606500 0.06817600
v -0.04300000 -0.09226700 0.07753000
v -0.04350000 -0.08695500 0.07446300
v -0.04139800 -0.07446300 0.06725100
v -0.04207500 -0.07387600 0.06691200
v -0.04300000 -0.07353200 0.06671300
v -0.04300000 -0.07366100 0.06678800
v -0.04400000 -0.07376400 0.06684700
v -0.04392500 -0.07387600 0.06691200
v -0.04473200 -0.07439800 0.06721300
v -0.04460200 -0.07446300 0.06725100
v -0.04500000 -0.07526400 0.06771300
v -0.04485000 -0.07526400 0.06771300
v -0.04460200 -0.07606500 0.06817600
v -0.04500000 -0.08522300 0.07346300
v -0.04500000 -0.08002700 0.07046300
v -0.04350000 -0.08522300 0.07346300
v -0.04350000 -0.08002700 0.07046300
v -0.04311700 -0.08528900 0.07350100
v -0.04279300 -0.08547700 0.07361000
v 0.01366700 -0.09621900 0.07981200
v 0.01319800 -0.09615500 0.08037500
v 0.01315200 -0.09607800 0.08033100
v 0.01315300 -0.09566200 0.07949000
v 0.01282900 -0.09575400 0.08014400
v 0.01266500 -0.09565700 0.08008800
v 0.01241200 -0.09535200 0.07931100
v 0.01229600 -0.09553100 0.08001500
v 0.01158800 -0.09535200 0.07931100
v 0.01200000 -0.09550200 0.07999900
v 0.01170400 -0.09553100 0.08001500
v 0.01084700 -0.09566200 0.07949000
v 0.01133500 -0.09565700 0.08008800
v 0.01117100 -0.09575400 0.08014400
v 0.01033300 -0.09621900 0.07981200
v 0.01080200 -0.09615500 0.08037500
v 0.01084800 -0.09607800 0.08033100
v 0.01084800 -0.07442800 0.06783100
v 0.01039800 -0.07446300 0.06725100
v 0.01133500 -0.07400600 0.06758800
v 0.01107500 -0.07387600 0.06691200
v 0.01200000 -0.07385200 0.06749900
v 0.01200000 -0.07366100 0.06678800
v 0.01266500 -0.07400600 0.06758800
v 0.01292500 -0.07387600 0.06691200
v 0.01315200 -0.07442800 0.06783100
v 0.01360200 -0.07446300 0.06725100
v -0.04415200 -0.07442800 0.06783100
v -0.04460200 -0.07446300 0.06725100
v -0.04366500 -0.07400600 0.06758800
v -0.04392500 -0.07387600 0.06691200
v -0.04300000 -0.07385200 0.06749900
v -0.04300000 -0.07366100 0.06678800
v -0.04233500 -0.07400600 0.06758800
v -0.04207500 -0.07387600 0.06691200
v -0.04184800 -0.07442800 0.06783100
v -0.04139800 -0.07446300 0.06725100
v -0.04133300 -0.09621900 0.07981200
v -0.04180200 -0.09615500 0.08037500
v -0.04184800 -0.09607800 0.08033100
v -0.04184700 -0.09566200 0.07949000
v -0.04217100 -0.09575400 0.08014400
v -0.04233500 -0.09565700 0.08008800
v -0.04258800 -0.09535200 0.07931100
v -0.04270400 -0.09553100 0.08001500
v -0.04341200 -0.09535200 0.07931100
v -0.04300000 -0.09550200 0.07999900
v -0.04329600 -0.09553100 0.08001500
v -0.04415300 -0.09566200 0.07949000
v -0.04366500 -0.09565700 0.08008800
v -0.04382900 -0.09575400 0.08014400
v -0.04466700 -0.09621900 0.07981200
v -0.04419800 -0.09615500 0.08037500
v -0.04415200 -0.09607800 0.08033100
v -0.00219300 -0.07774700 0.07261100
v -0.00219300 -0.07924700 0.07001300
v -0.00219300 -0.07774700 0.07261100
v -0.00219300 -0.07924700 0.07001300
v -0.00190000 -0.07749400 0.07246500
v -0.00190000 -0.07899400 0.06986700
v -0.00190000 -0.07749400 0.07246500
v -0.00190000 -0.07899400 0.06986700
v -0.00150000 -0.07740100 0.07241100
v -0.00150000 -0.07890100 0.06981300
v -0.00110000 -0.07749400 0.07246500
v -0.00110000 -0.07899400 0.06986700
v -0.00080700 -0.07774700 0.07261100
v -0.00080700 -0.07924700 0.07001300
v -0.03630000 -0.08458900 0.07656100
v -0.03630000 -0.08608900 0.07396300
v -0.03619300 -0.08424300 0.07636100
v -0.03619300 -0.08574300 0.07376300
v -0.03590000 -0.08398900 0.07621500
v -0.03590000 -0.08548900 0.07361700
v -0.03550000 -0.08389600 0.07616100
v -0.03550000 -0.08539600 0.07356300
v -0.03550000 -0.08389600 0.07616100
v -0.03550000 -0.08539600 0.07356300
v -0.03510000 -0.08398900 0.07621500
v -0.03510000 -0.08548900 0.07361700
v -0.03480700 -0.08424300 0.07636100
v -0.03480700 -0.08574300 0.07376300
v -0.03480700 -0.08424300 0.07636100
v -0.03480700 -0.08574300 0.07376300
v -0.00219300 -0.09073800 0.08011100
v -0.00219300 -0.09223800 0.07751300
v -0.00190000 -0.09048400 0.07996500
v -0.00190000 -0.09198400 0.07736700
v -0.00190000 -0.09048400 0.07996500
v -0.00190000 -0.09198400 0.07736700
v -0.00150000 -0.09039100 0.07991100
v -0.00150000 -0.09189100 0.07731300
v -0.00110000 -0.09048400 0.07996500
v -0.00110000 -0.09198400 0.07736700
v -0.00110000 -0.09048400 0.07996500
v -0.00110000 -0.09198400 0.07736700
v -0.00080700 -0.09073800 0.08011100
v -0.00080700 -0.09223800 0.07751300
v -0.00070000 -0.09108400 0.08031100
v -0.00070000 -0.09258400 0.07771300
v -0.04263400 -0.08527200 0.07637800
v -0.04263400 -0.08652200 0.07421300
v -0.04263400 -0.08527200 0.07637800
v -0.04263400 -0.08652200 0.07421300
v -0.04300000 -0.08558900 0.07656100
v -0.04300000 -0.08683900 0.07439600
v -0.04250000 -0.09176700 0.08012800
v -0.04250000 -0.09301700 0.07796300
v -0.04263400 -0.09220000 0.08037800
v -0.04263400 -0.09345000 0.07821300
v -0.04300000 -0.09251700 0.08056100
v -0.04300000 -0.09376700 0.07839600
v -0.04300000 -0.09251700 0.08056100
v -0.04300000 -0.09376700 0.07839600
v -0.04250000 -0.07791100 0.07212800
v -0.04250000 -0.07916100 0.06996300
v -0.04263400 -0.07834400 0.07237800
v -0.04263400 -0.07959400 0.07021300
v -0.04300000 -0.07866100 0.07256100
v -0.04300000 -0.07991100 0.07039600
v -0.04300000 -0.07866100 0.07256100
v -0.04300000 -0.07991100 0.07039600
v 0.00189000 -0.09119100 0.06513100
v 0.00180200 -0.09094100 0.06556400
v 0.00217300 -0.08953200 0.06475000
v 0.00225300 -0.08981500 0.06433600
v 0.00321400 -0.08840200 0.06409800
v 0.00326900 -0.08871100 0.06369900
v 0.00471800 -0.08777500 0.06373600
v 0.00473700 -0.08809900 0.06334600
v 0.00638600 -0.08777500 0.06373600
v 0.00636700 -0.08809900 0.06334600
v 0.00789000 -0.08840200 0.06409800
v 0.00783500 -0.08871100 0.06369900
v 0.00893100 -0.08953200 0.06475000
v 0.00885100 -0.08981500 0.06433600
v 0.00930200 -0.09094100 0.06556400
v 0.00921400 -0.09119100 0.06513100
v 0.00789000 -0.08802700 0.06474700
v 0.00676000 -0.08749100 0.06443800
v 0.00860200 -0.08749100 0.06443800
v 0.00893100 -0.08915700 0.06540000
v 0.00910200 -0.08792400 0.06468800
v 0.00910200 -0.08951900 0.06560900
v 0.01180200 -0.08878200 0.07130300
v 0.01030200 -0.08953200 0.07000400
v 0.01180200 -0.08705000 0.07030300
v 0.01030200 -0.08780000 0.06900400
v 0.01180200 -0.08828200 0.07216900
v 0.01180200 -0.08878200 0.07130300
v 0.01180200 -0.08655000 0.07116900
v 0.01180200 -0.08705000 0.07030300
v 0.01030200 -0.08828200 0.07216900
v 0.01180200 -0.08828200 0.07216900
v 0.01030200 -0.08655000 0.07116900
v 0.01180200 -0.08655000 0.07116900
v 0.01030200 -0.08953200 0.07000400
v 0.00916600 -0.08953200 0.07000400
v 0.01030200 -0.08780000 0.06900400
v 0.00930200 -0.08866600 0.06950400
v 0.00916600 -0.08780000 0.06900400
v 0.00893100 -0.09235000 0.06637700
v 0.00885100 -0.09256700 0.06592500
v 0.00789000 -0.09348000 0.06703000
v 0.00783500 -0.09367000 0.06656200
v 0.00638600 -0.09410700 0.06739200
v 0.00636700 -0.09428200 0.06691600
v 0.00471800 -0.09410700 0.06739200
v 0.00473700 -0.09428200 0.06691600
v 0.00321400 -0.09348000 0.06703000
v 0.00326900 -0.09367000 0.06656200
v 0.00217300 -0.09235000 0.06637700
v 0.00225300 -0.09256700 0.06592500
v 0.00910200 -0.08792400 0.06468800
v 0.00860200 -0.08749100 0.06443800
v 0.00910200 -0.08344900 0.07243900
v 0.00860200 -0.08301600 0.07218900
v 0.00910200 -0.08951900 0.06560900
v 0.00910200 -0.08792400 0.06468800
v 0.00910200 -0.08504400 0.07336000
v 0.00910200 -0.08344900 0.07243900
v 0.00860200 -0.08749100 0.06443800
v 0.00676000 -0.08749100 0.06443800
v 0.00860200 -0.08301600 0.07218900
v 0.00676000 -0.08301600 0.07218900
v 0.01180200 -0.08705000 0.07030300
v 0.01030200 -0.08780000 0.06900400
v 0.00916600 -0.08780000 0.06900400
v 0.01180200 -0.08655000 0.07116900
v 0.01030200 -0.08655000 0.07116900
v 0.01030200 -0.08522500 0.07346400
v 0.00916600 -0.08522500 0.07346400
v 0.00916600 -0.08953200 0.07000400
v 0.00916600 -0.08695700 0.07446400
v 0.00893100 -0.08750000 0.07477800
v 0.00930200 -0.08866600 0.06950400
v 0.00789000 -0.08863000 0.07543000
v 0.00638600 -0.08925700 0.07579200
v 0.00471800 -0.08925700 0.07579200
v 0.00321400 -0.08863000 0.07543000
v 0.00217300 -0.08750000 0.07477800
v 0.00180200 -0.08609100 0.07396400
v 0.01030200 -0.08828200 0.07216900
v 0.01030200 -0.08695700 0.07446400
v 0.00916600 -0.08695700 0.07446400
v 0.01180200 -0.08878200 0.07130300
v 0.01180200 -0.08828200 0.07216900
v 0.01030200 -0.08953200 0.07000400
v 0.00916600 -0.08953200 0.07000400
v 0.01030200 -0.08828200 0.07216900
v 0.01030200 -0.08655000 0.07116900
v 0.01030200 -0.08695700 0.07446400
v 0.01030200 -0.08522500 0.07346400
v 0.00789000 -0.08802700 0.06474700
v 0.00893100 -0.08915700 0.06540000
v 0.00916600 -0.08780000 0.06900400
v 0.00916600 -0.08522500 0.07346400
v 0.00638600 -0.08292500 0.07213600
v 0.00471800 -0.08292500 0.07213600
v 0.00321400 -0.08355200 0.07249800
v 0.00217300 -0.08468200 0.07315100
v 0.00860500 -0.09246400 0.06586600
v 0.00885100 -0.09256700 0.06592500
v 0.00766400 -0.09348500 0.06645500
v 0.00783500 -0.09367000 0.06656200
v 0.00630600 -0.09405100 0.06678200
v 0.00636700 -0.09428200 0.06691600
v 0.00479800 -0.09405100 0.06678200
v 0.00473700 -0.09428200 0.06691600
v 0.00344000 -0.09348500 0.06645500
v 0.00326900 -0.09367000 0.06656200
v 0.00249900 -0.09246400 0.06586600
v 0.00225300 -0.09256700 0.06592500
v 0.00216400 -0.09119100 0.06513100
v 0.00189000 -0.09119100 0.06513100
v 0.00249900 -0.08991800 0.06439600
v 0.00225300 -0.08981500 0.06433600
v 0.00344000 -0.08889700 0.06380600
v 0.00326900 -0.08871100 0.06369900
v 0.00479800 -0.08833000 0.06347900
v 0.00473700 -0.08809900 0.06334600
v 0.00630600 -0.08833000 0.06347900
v 0.00636700 -0.08809900 0.06334600
v 0.00766400 -0.08889700 0.06380600
v 0.00783500 -0.08871100 0.06369900
v 0.00860500 -0.08991800 0.06439600
v 0.00885100 -0.08981500 0.06433600
v 0.00894000 -0.09119100 0.06513100
v 0.00921400 -0.09119100 0.06513100
v 0.00885200 -0.09094100 0.06556400
v 0.00894000 -0.09119100 0.06513100
v 0.00852500 -0.09218100 0.06628000
v 0.00860500 -0.09246400 0.06586600
v 0.00761000 -0.09317500 0.06685400
v 0.00766400 -0.09348500 0.06645500
v 0.00628600 -0.09372700 0.06717200
v 0.00630600 -0.09405100 0.06678200
v 0.00481800 -0.09372700 0.06717200
v 0.00479800 -0.09405100 0.06678200
v 0.00349400 -0.09317500 0.06685400
v 0.00344000 -0.09348500 0.06645500
v 0.00257900 -0.09218100 0.06628000
v 0.00249900 -0.09246400 0.06586600
v 0.00225200 -0.09094100 0.06556400
v 0.00216400 -0.09119100 0.06513100
v 0.00257900 -0.08970100 0.06484800
v 0.00249900 -0.08991800 0.06439600
v 0.00349400 -0.08870600 0.06427400
v 0.00344000 -0.08889700 0.06380600
v 0.00481800 -0.08815400 0.06395500
v 0.00479800 -0.08833000 0.06347900
v 0.00628600 -0.08815400 0.06395500
v 0.00630600 -0.08833000 0.06347900
v 0.00761000 -0.08870600 0.06427400
v 0.00766400 -0.08889700 0.06380600
v 0.00852500 -0.08970100 0.06484800
v 0.00860500 -0.08991800 0.06439600
v 0.00225200 -0.08609100 0.07396400
v 0.00257900 -0.08485100 0.07324800
v 0.00349400 -0.08385600 0.07267400
v 0.00481800 -0.08330400 0.07235600
v 0.00628600 -0.08330400 0.07235600
v 0.00761000 -0.08385600 0.07267400
v 0.00852500 -0.08485100 0.07324800
v 0.00885200 -0.08609100 0.07396400
v 0.00852500 -0.08733100 0.07468000
v 0.00761000 -0.08832500 0.07525400
v 0.00628600 -0.08887700 0.07557300
v 0.00481800 -0.08887700 0.07557300
v 0.00349400 -0.08832500 0.07525400
v 0.00257900 -0.08733100 0.07468000
v 0.00555200 -0.08450600 0.07304900
v 0.00628600 -0.08330400 0.07235600
v 0.00646700 -0.08471800 0.07317200
v 0.00761000 -0.08385600 0.07267400
v 0.00713700 -0.08529800 0.07350700
v 0.00852500 -0.08485100 0.07324800
v 0.00738200 -0.08609100 0.07396400
v 0.00885200 -0.08609100 0.07396400
v 0.00713700 -0.08688300 0.07442200
v 0.00852500 -0.08733100 0.07468000
v 0.00646700 -0.08746300 0.07475700
v 0.00761000 -0.08832500 0.07525400
v 0.00555200 -0.08767600 0.07487900
v 0.00628600 -0.08887700 0.07557300
v 0.00481800 -0.08887700 0.07557300
v 0.00463700 -0.08746300 0.07475700
v 0.00349400 -0.08832500 0.07525400
v 0.00396700 -0.08688300 0.07442200
v 0.00257900 -0.08733100 0.07468000
v 0.00372200 -0.08609100 0.07396400
v 0.00225200 -0.08609100 0.07396400
v 0.00396700 -0.08529800 0.07350700
v 0.00257900 -0.08485100 0.07324800
v 0.00463700 -0.08471800 0.07317200
v 0.00349400 -0.08385600 0.07267400
v 0.00481800 -0.08330400 0.07235600
v 0.00382200 -0.09056600 0.06621300
v 0.00382200 -0.09051600 0.06630000
v 0.00405400 -0.09131500 0.06664600
v 0.00405400 -0.09126500 0.06673200
v 0.00405400 -0.09131500 0.06664600
v 0.00405400 -0.09126500 0.06673200
v 0.00468700 -0.09186300 0.06696200
v 0.00468700 -0.09181300 0.06704900
v 0.00468700 -0.09186300 0.06696200
v 0.00468700 -0.09181300 0.06704900
v 0.00555200 -0.09206400 0.06707800
v 0.00555200 -0.09201400 0.06716500
v 0.00555200 -0.09206400 0.06707800
v 0.00555200 -0.09201400 0.06716500
v 0.00641700 -0.09186300 0.06696200
v 0.00641700 -0.09181300 0.06704900
v 0.00641700 -0.09186300 0.06696200
v 0.00641700 -0.09181300 0.06704900
v 0.00705000 -0.09131500 0.06664600
v 0.00705000 -0.09126500 0.06673200
v 0.00728200 -0.09056600 0.06621300
v 0.00728200 -0.09051600 0.06630000
v 0.00468700 -0.09186300 0.06696200
v 0.00463700 -0.09193800 0.06700600
v 0.00405400 -0.09131500 0.06664600
v 0.00396700 -0.09135800 0.06667100
v 0.00382200 -0.09056600 0.06621300
v 0.00372200 -0.09056600 0.06621300
v 0.00405400 -0.08981700 0.06578100
v 0.00396700 -0.08977300 0.06575600
v 0.00468700 -0.08926800 0.06546400
v 0.00463700 -0.08919300 0.06542100
v 0.00555200 -0.08906700 0.06534800
v 0.00555200 -0.08898100 0.06529800
v 0.00641700 -0.08926800 0.06546400
v 0.00646700 -0.08919300 0.06542100
v 0.00705000 -0.08981700 0.06578100
v 0.00713700 -0.08977300 0.06575600
v 0.00728200 -0.09056600 0.06621300
v 0.00738200 -0.09056600 0.06621300
v 0.00705000 -0.09131500 0.06664600
v 0.00713700 -0.09135800 0.06667100
v 0.00641700 -0.09186300 0.06696200
v 0.00646700 -0.09193800 0.06700600
v 0.00555200 -0.09206400 0.06707800
v 0.00555200 -0.09215100 0.06712800
v 0.00738200 -0.09056600 0.06621300
v 0.00738200 -0.08609100 0.07396400
v 0.00713700 -0.08688300 0.07442200
v 0.00713700 -0.09135800 0.06667100
v 0.00713700 -0.09135800 0.06667100
v 0.00713700 -0.08688300 0.07442200
v 0.00646700 -0.08746300 0.07475700
v 0.00646700 -0.09193800 0.06700600
v 0.00646700 -0.09193800 0.06700600
v 0.00646700 -0.08746300 0.07475700
v 0.00555200 -0.08767600 0.07487900
v 0.00555200 -0.09215100 0.06712800
v 0.00555200 -0.09215100 0.06712800
v 0.00555200 -0.08767600 0.07487900
v 0.00463700 -0.08746300 0.07475700
v 0.00463700 -0.09193800 0.06700600
v 0.00396700 -0.08688300 0.07442200
v 0.00396700 -0.09135800 0.06667100
v 0.00372200 -0.08609100 0.07396400
v 0.00372200 -0.09056600 0.06621300
v 0.00372200 -0.09056600 0.06621300
v 0.00372200 -0.08609100 0.07396400
v 0.00396700 -0.08529800 0.07350700
v 0.00396700 -0.08977300 0.06575600
v 0.00463700 -0.08471800 0.07317200
v 0.00463700 -0.08919300 0.06542100
v 0.00555200 -0.08450600 0.07304900
v 0.00555200 -0.08898100 0.06529800
v 0.00555200 -0.08898100 0.06529800
v 0.00555200 -0.08450600 0.07304900
v 0.00646700 -0.08471800 0.07317200
v 0.00646700 -0.08919300 0.06542100
v 0.00646700 -0.08919300 0.06542100
v 0.00646700 -0.08471800 0.07317200
v 0.00713700 -0.08529800 0.07350700
v 0.00713700 -0.08977300 0.06575600
v 0.00713700 -0.08977300 0.06575600
v 0.00713700 -0.08529800 0.07350700
v 0.00728200 -0.09056600 0.06621300
v 0.00728200 -0.09051600 0.06630000
v 0.00705000 -0.08981700 0.06578100
v 0.00705000 -0.08976700 0.06586700
v 0.00641700 -0.08926800 0.06546400
v 0.00641700 -0.08921800 0.06555100
v 0.00555200 -0.08906700 0.06534800
v 0.00555200 -0.08901700 0.06543500
v 0.00555200 -0.08906700 0.06534800
v 0.00555200 -0.08901700 0.06543500
v 0.00468700 -0.08926800 0.06546400
v 0.00468700 -0.08921800 0.06555100
v 0.00405400 -0.08981700 0.06578100
v 0.00405400 -0.08976700 0.06586700
v 0.00405400 -0.08981700 0.06578100
v 0.00405400 -0.08976700 0.06586700
v 0.00493700 -0.09143800 0.06683300
v 0.00468700 -0.09181300 0.06704900
v 0.00448700 -0.09104800 0.06660700
v 0.00405400 -0.09126500 0.06673200
v 0.00432200 -0.09051600 0.06630000
v 0.00382200 -0.09051600 0.06630000
v 0.00448700 -0.08998300 0.06599200
v 0.00405400 -0.08976700 0.06586700
v 0.00493700 -0.08959300 0.06576700
v 0.00468700 -0.08921800 0.06555100
v 0.00555200 -0.08945000 0.06568500
v 0.00555200 -0.08901700 0.06543500
v 0.00616700 -0.08959300 0.06576700
v 0.00641700 -0.08921800 0.06555100
v 0.00661700 -0.08998300 0.06599200
v 0.00705000 -0.08976700 0.06586700
v 0.00678200 -0.09051600 0.06630000
v 0.00728200 -0.09051600 0.06630000
v 0.00661700 -0.09104800 0.06660700
v 0.00705000 -0.09126500 0.06673200
v 0.00616700 -0.09143800 0.06683300
v 0.00641700 -0.09181300 0.06704900
v 0.00555200 -0.09158100 0.06691500
v 0.00555200 -0.09201400 0.06716500
v 0.00678200 -0.09051600 0.06630000
v 0.00678200 -0.08609100 0.07396400
v 0.00661700 -0.08998300 0.06599200
v 0.00661700 -0.08555800 0.07365700
v 0.00616700 -0.08959300 0.06576700
v 0.00616700 -0.08516800 0.07343200
v 0.00616700 -0.08959300 0.06576700
v 0.00616700 -0.08516800 0.07343200
v 0.00555200 -0.08945000 0.06568500
v 0.00555200 -0.08502500 0.07334900
v 0.00555200 -0.08945000 0.06568500
v 0.00555200 -0.08502500 0.07334900
v 0.00493700 -0.08959300 0.06576700
v 0.00493700 -0.08516800 0.07343200
v 0.00448700 -0.08998300 0.06599200
v 0.00448700 -0.08555800 0.07365700
v 0.00448700 -0.08998300 0.06599200
v 0.00448700 -0.08555800 0.07365700
v 0.00432200 -0.09051600 0.06630000
v 0.00432200 -0.08609100 0.07396400
v 0.00432200 -0.09051600 0.06630000
v 0.00432200 -0.08609100 0.07396400
v 0.00448700 -0.09104800 0.06660700
v 0.00448700 -0.08662300 0.07427200
v 0.00493700 -0.09143800 0.06683300
v 0.00493700 -0.08701300 0.07449700
v 0.00493700 -0.09143800 0.06683300
v 0.00493700 -0.08701300 0.07449700
v 0.00555200 -0.09158100 0.06691500
v 0.00555200 -0.08715600 0.07457900
v 0.00555200 -0.09158100 0.06691500
v 0.00555200 -0.08715600 0.07457900
v 0.00616700 -0.09143800 0.06683300
v 0.00616700 -0.08701300 0.07449700
v 0.00661700 -0.09104800 0.06660700
v 0.00661700 -0.08662300 0.07427200
v 0.00678200 -0.09051600 0.06630000
v 0.00678200 -0.08609100 0.07396400
v 0.00537900 -0.08617700 0.07401400
v 0.00448700 -0.08662300 0.07427200
v 0.00535200 -0.08609100 0.07396400
v 0.00432200 -0.08609100 0.07396400
v 0.00537900 -0.08600400 0.07391400
v 0.00448700 -0.08555800 0.07365700
v 0.00545200 -0.08594100 0.07387800
v 0.00493700 -0.08516800 0.07343200
v 0.00555200 -0.08591700 0.07386400
v 0.00555200 -0.08502500 0.07334900
v 0.00565200 -0.08594100 0.07387800
v 0.00616700 -0.08516800 0.07343200
v 0.00572500 -0.08600400 0.07391400
v 0.00661700 -0.08555800 0.07365700
v 0.00575200 -0.08609100 0.07396400
v 0.00678200 -0.08609100 0.07396400
v 0.00572500 -0.08617700 0.07401400
v 0.00661700 -0.08662300 0.07427200
v 0.00565200 -0.08624100 0.07405100
v 0.00616700 -0.08701300 0.07449700
v 0.00555200 -0.08626400 0.07406400
v 0.00555200 -0.08715600 0.07457900
v 0.00545200 -0.08624100 0.07405100
v 0.00493700 -0.08701300 0.07449700
v 0.00567200 -0.09031600 0.06664600
v 0.00544800 -0.09026400 0.06661600
v 0.00549200 -0.09022600 0.06659500
v 0.00566000 -0.09036100 0.06667200
v 0.00544400 -0.09036100 0.06667200
v 0.00543200 -0.09031600 0.06664600
v 0.00552500 -0.09041700 0.06670500
v 0.00547700 -0.09039700 0.06669300
v 0.00557900 -0.09041700 0.06670500
v 0.00562700 -0.09039700 0.06669300
v 0.00555200 -0.09021200 0.06658700
v 0.00561200 -0.09022600 0.06659500
v 0.00565600 -0.09026400 0.06661600
v 0.00543200 -0.09031600 0.06664600
v 0.00535200 -0.09016600 0.06690600
v 0.00537900 -0.09007900 0.06685600
v 0.00544800 -0.09026400 0.06661600
v 0.00545200 -0.09001600 0.06682000
v 0.00549200 -0.09022600 0.06659500
v 0.00555200 -0.08999200 0.06680600
v 0.00555200 -0.09021200 0.06658700
v 0.00565200 -0.09001600 0.06682000
v 0.00561200 -0.09022600 0.06659500
v 0.00572500 -0.09007900 0.06685600
v 0.00565600 -0.09026400 0.06661600
v 0.00575200 -0.09016600 0.06690600
v 0.00567200 -0.09031600 0.06664600
v 0.00573200 -0.09024100 0.06695000
v 0.00566000 -0.09036100 0.06667200
v 0.00572500 -0.09025200 0.06695600
v 0.00562700 -0.09039700 0.06669300
v 0.00567700 -0.09030100 0.06698400
v 0.00565200 -0.09031600 0.06699300
v 0.00557900 -0.09041700 0.06670500
v 0.00559700 -0.09033500 0.06700400
v 0.00555200 -0.09033900 0.06700600
v 0.00552500 -0.09041700 0.06670500
v 0.00550700 -0.09033500 0.06700400
v 0.00545200 -0.09031600 0.06699300
v 0.00547700 -0.09039700 0.06669300
v 0.00542700 -0.09030100 0.06698400
v 0.00537900 -0.09025200 0.06695600
v 0.00544400 -0.09036100 0.06667200
v 0.00537200 -0.09024100 0.06695000
v 0.00575200 -0.08609100 0.07396400
v 0.00572500 -0.08617700 0.07401400
v 0.00565200 -0.08624100 0.07405100
v 0.00555200 -0.08626400 0.07406400
v 0.00545200 -0.08624100 0.07405100
v 0.00537900 -0.08617700 0.07401400
v 0.00535200 -0.08609100 0.07396400
v 0.00537900 -0.08600400 0.07391400
v 0.00545200 -0.08594100 0.07387800
v 0.00555200 -0.08591700 0.07386400
v 0.00565200 -0.08594100 0.07387800
v 0.00572500 -0.08600400 0.07391400
v -0.04300000 -0.05884900 0.09114500
v -0.03548200 -0.05997400 0.08919600
v -0.03575000 -0.06047400 0.08833000
v -0.03548200 -0.06922400 0.07317500
v -0.03475000 -0.06959000 0.07254100
v -0.04300000 -0.07019900 0.07148600
v -0.03375000 -0.06972400 0.07230900
v 0.01200000 -0.07019900 0.07148600
v 0.00275000 -0.06972400 0.07230900
v 0.00375000 -0.06959000 0.07254100
v 0.00416400 -0.05976600 0.08955500
v 0.00351500 -0.05955000 0.08993100
v 0.01200000 -0.05884900 0.09114500
v 0.00459800 -0.06009100 0.08899300
v -0.03575000 -0.06872400 0.07404100
v 0.00275000 -0.05947400 0.09006200
v -0.03375000 -0.05947400 0.09006200
v -0.03475000 -0.05960800 0.08983000
v 0.00448200 -0.06922400 0.07317500
v 0.00475000 -0.06872400 0.07404100
v 0.00475000 -0.06047400 0.08833000
v 0.01450000 -0.07236400 0.07273600
v 0.01450000 -0.06101400 0.09239500
v 0.01450000 -0.09401400 0.08523600
v 0.01450000 -0.08266400 0.10489500
v 0.01200000 -0.09617900 0.08648600
v 0.01200000 -0.08482900 0.10614500
v -0.04300000 -0.09617900 0.08648600
v -0.04300000 -0.08482900 0.10614500
v -0.04550000 -0.09401400 0.08523600
v -0.04550000 -0.08266400 0.10489500
v -0.04550000 -0.07236400 0.07273600
v -0.04550000 -0.06101400 0.09239500
v 0.01431000 -0.06018500 0.09191700
v 0.01431000 -0.07153500 0.07225800
v 0.01416500 -0.05993100 0.09177000
v 0.01416500 -0.07128100 0.07211100
v 0.01376800 -0.05948300 0.09151100
v 0.01376800 -0.07083300 0.07185200
v 0.01325000 -0.05913900 0.09131200
v 0.01325000 -0.07048900 0.07165400
v 0.01295700 -0.05901300 0.09124000
v 0.01295700 -0.07036300 0.07158100
v -0.04516500 -0.05993100 0.09177000
v -0.04516500 -0.07128100 0.07211100
v -0.04516500 -0.07128100 0.07211100
v -0.04516500 -0.05993100 0.09177000
v -0.04425000 -0.05913900 0.09131200
v -0.04425000 -0.07048900 0.07165400
v -0.04425000 -0.07048900 0.07165400
v -0.04425000 -0.05913900 0.09131200
v -0.04395700 -0.08466400 0.10605000
v -0.04425000 -0.09588900 0.08631900
v -0.04425000 -0.08453900 0.10597800
v -0.04476800 -0.08419500 0.10577900
v -0.04516500 -0.09509700 0.08586100
v -0.04531000 -0.08349300 0.10537300
v -0.04516500 -0.08374700 0.10552000
v 0.01431000 -0.09484300 0.08571500
v 0.01431000 -0.08349300 0.10537300
v 0.01416500 -0.09509700 0.08586100
v 0.01416500 -0.08374700 0.10552000
v 0.01376800 -0.09554500 0.08612000
v 0.01376800 -0.08419500 0.10577900
v 0.01325000 -0.09588900 0.08631900
v 0.01325000 -0.08453900 0.10597800
v 0.01295700 -0.09601500 0.08639100
v 0.01295700 -0.08466400 0.10605000
v -0.04300000 -0.09617900 0.08648600
v -0.04300000 -0.09607000 0.08607600
v 0.01200000 -0.09617900 0.08648600
v 0.01200000 -0.09607000 0.08607600
v -0.04425000 -0.09588900 0.08631900
v -0.04410000 -0.09581400 0.08592900
v -0.04516500 -0.09509700 0.08586100
v -0.04490500 -0.09511700 0.08552600
v -0.04550000 -0.09401400 0.08523600
v -0.04520000 -0.09416400 0.08497600
v 0.01420000 -0.09416400 0.08497600
v 0.01450000 -0.09401400 0.08523600
v 0.01431000 -0.09484300 0.08571500
v 0.01403300 -0.09489300 0.08539700
v 0.01416500 -0.09509700 0.08586100
v 0.01355600 -0.09551100 0.08575400
v 0.01376800 -0.09554500 0.08612000
v 0.01325000 -0.09588900 0.08631900
v 0.01284200 -0.09592400 0.08599300
v 0.01295700 -0.09601500 0.08639100
v -0.04550000 -0.07236400 0.07273600
v -0.04520000 -0.07251400 0.07247600
v 0.01420000 -0.07251400 0.07247600
v 0.01450000 -0.07236400 0.07273600
v -0.04516500 -0.07128100 0.07211100
v -0.04490500 -0.07156100 0.07192600
v -0.04455600 -0.07116600 0.07169900
v -0.04425000 -0.07048900 0.07165400
v -0.04410000 -0.07086400 0.07152400
v -0.04300000 -0.07019900 0.07148600
v -0.04300000 -0.07060800 0.07137600
v 0.01200000 -0.07019900 0.07148600
v 0.01295700 -0.07036300 0.07158100
v 0.01200000 -0.07060800 0.07137600
v 0.01284200 -0.07075300 0.07146000
v 0.01310000 -0.07086400 0.07152400
v 0.01325000 -0.07048900 0.07165400
v 0.01355600 -0.07116600 0.07169900
v 0.01376800 -0.07083300 0.07185200
v 0.01390500 -0.07156100 0.07192600
v 0.01416500 -0.07128100 0.07211100
v 0.01403300 -0.07178500 0.07205500
v 0.01431000 -0.07153500 0.07225800
v -0.03375000 -0.06998300 0.07245900
v -0.03375000 -0.06972400 0.07230900
v -0.03475000 -0.06984900 0.07269100
v -0.03475000 -0.06959000 0.07254100
v -0.03548200 -0.06948300 0.07332500
v -0.03548200 -0.06922400 0.07317500
v -0.03575000 -0.06898300 0.07419100
v -0.03575000 -0.06872400 0.07404100
v 0.00275000 -0.06998300 0.07245900
v 0.00275000 -0.06972400 0.07230900
v 0.00475000 -0.06898300 0.07419100
v 0.00475000 -0.06872400 0.07404100
v 0.00448200 -0.06948300 0.07332500
v 0.00448200 -0.06922400 0.07317500
v 0.00375000 -0.06984900 0.07269100
v 0.00375000 -0.06959000 0.07254100
v 0.00475000 -0.06073300 0.08848000
v 0.00475000 -0.06047400 0.08833000
v 0.00275000 -0.05973300 0.09021200
v 0.00275000 -0.05947400 0.09006200
v 0.00351500 -0.05980900 0.09008100
v 0.00351500 -0.05955000 0.08993100
v 0.00416400 -0.06002600 0.08970500
v 0.00416400 -0.05976600 0.08955500
v 0.00459800 -0.06035100 0.08914300
v 0.00459800 -0.06009100 0.08899300
v -0.03375000 -0.05973300 0.09021200
v -0.03375000 -0.05947400 0.09006200
v -0.03575000 -0.06073300 0.08848000
v -0.03575000 -0.06047400 0.08833000
v -0.03548200 -0.06023300 0.08934600
v -0.03548200 -0.05997400 0.08919600
v -0.03475000 -0.05986700 0.08998000
v -0.03475000 -0.05960800 0.08983000
v 0.00275000 -0.05973300 0.09021200
v 0.00275000 -0.06998300 0.07245900
v -0.03375000 -0.05973300 0.09021200
v -0.03375000 -0.06998300 0.07245900
v 0.00351500 -0.05980900 0.09008100
v 0.00416400 -0.06002600 0.08970500
v 0.00448200 -0.06948300 0.07332500
v 0.00375000 -0.06984900 0.07269100
v 0.00475000 -0.06898300 0.07419100
v 0.00475000 -0.06073300 0.08848000
v 0.00459800 -0.06035100 0.08914300
v -0.03548200 -0.06023300 0.08934600
v -0.03475000 -0.05986700 0.08998000
v -0.03575000 -0.06073300 0.08848000
v -0.03575000 -0.06898300 0.07419100
v -0.03548200 -0.06948300 0.07332500
v -0.03475000 -0.06984900 0.07269100
v -0.00997500 -0.06501700 0.09511100
v -0.01111100 -0.06436000 0.09473100
v -0.01245000 -0.06413000 0.09459800
v -0.01245000 -0.07919800 0.10329800
v -0.01535000 -0.07919800 0.10329800
v -0.01535000 -0.06413000 0.09459800
v -0.00921600 -0.06600100 0.09567800
v -0.01782500 -0.07831100 0.10278600
v -0.01668900 -0.07896800 0.10316500
v -0.01858400 -0.07732700 0.10221800
v -0.01111100 -0.07896800 0.10316500
v -0.00997500 -0.07831100 0.10278600
v -0.01668900 -0.06436000 0.09473100
v -0.01782500 -0.06501700 0.09511100
v -0.00921600 -0.07732700 0.10221800
v -0.00895000 -0.07616700 0.10154800
v -0.00895000 -0.06716100 0.09634800
v -0.01858400 -0.06600100 0.09567800
v -0.01885000 -0.06716100 0.09634800
v -0.01885000 -0.07616700 0.10154800
v -0.01535000 -0.06413000 0.09459800
v -0.01245000 -0.06413000 0.09459800
v -0.01535000 -0.06473000 0.09355900
v -0.01245000 -0.06473000 0.09355900
v -0.01885000 -0.06776100 0.09530900
v -0.01885000 -0.06716100 0.09634800
v -0.01858400 -0.06600100 0.09567800
v -0.01858400 -0.06660100 0.09463900
v -0.01782500 -0.06501700 0.09511100
v -0.01782500 -0.06561700 0.09407100
v -0.01668900 -0.06436000 0.09473100
v -0.01668900 -0.06496000 0.09369200
v -0.01885000 -0.07616700 0.10154800
v -0.01885000 -0.07676700 0.10050900
v -0.01535000 -0.07979800 0.10225900
v -0.01535000 -0.07919800 0.10329800
v -0.01668900 -0.07896800 0.10316500
v -0.01668900 -0.07956800 0.10212600
v -0.01782500 -0.07831100 0.10278600
v -0.01782500 -0.07891100 0.10174600
v -0.01858400 -0.07732700 0.10221800
v -0.01858400 -0.07792700 0.10117900
v -0.01245000 -0.07919800 0.10329800
v -0.01245000 -0.07979800 0.10225900
v -0.00895000 -0.07676700 0.10050900
v -0.00895000 -0.07616700 0.10154800
v -0.00921600 -0.07732700 0.10221800
v -0.00921600 -0.07792700 0.10117900
v -0.00997500 -0.07831100 0.10278600
v -0.00997500 -0.07891100 0.10174600
v -0.01111100 -0.07896800 0.10316500
v -0.01111100 -0.07956800 0.10212600
v -0.00895000 -0.06716100 0.09634800
v -0.00895000 -0.06776100 0.09530900
v -0.01111100 -0.06436000 0.09473100
v -0.01111100 -0.06496000 0.09369200
v -0.00997500 -0.06501700 0.09511100
v -0.00997500 -0.06561700 0.09407100
v -0.00921600 -0.06600100 0.09567800
v -0.00921600 -0.06660100 0.09463900
v -0.01885000 -0.07676700 0.10050900
v -0.01890000 -0.07681100 0.10053400
v -0.01858400 -0.07792700 0.10117900
v -0.01863400 -0.07797100 0.10120400
v -0.01782500 -0.07891100 0.10174600
v -0.01787500 -0.07895400 0.10177100
v -0.01668900 -0.07956800 0.10212600
v -0.01673900 -0.07961100 0.10215100
v -0.01535000 -0.07979800 0.10225900
v -0.01540000 -0.07984200 0.10228400
v -0.01245000 -0.07979800 0.10225900
v -0.01240000 -0.07984200 0.10228400
v -0.01111100 -0.07956800 0.10212600
v -0.01106100 -0.07961100 0.10215100
v -0.00997500 -0.07891100 0.10174600
v -0.00992500 -0.07895400 0.10177100
v -0.00921600 -0.07792700 0.10117900
v -0.00916600 -0.07797100 0.10120400
v -0.00895000 -0.07676700 0.10050900
v -0.00890000 -0.07681100 0.10053400
v -0.00895000 -0.06776100 0.09530900
v -0.00890000 -0.06771700 0.09528400
v -0.00921600 -0.06660100 0.09463900
v -0.00916600 -0.06655700 0.09461400
v -0.00997500 -0.06561700 0.09407100
v -0.00992500 -0.06557400 0.09404600
v -0.01111100 -0.06496000 0.09369200
v -0.01106100 -0.06491700 0.09366700
v -0.01245000 -0.06473000 0.09355900
v -0.01240000 -0.06468600 0.09353400
v -0.01535000 -0.06473000 0.09355900
v -0.01540000 -0.06468600 0.09353400
v -0.01668900 -0.06496000 0.09369200
v -0.01673900 -0.06491700 0.09366700
v -0.01782500 -0.06561700 0.09407100
v -0.01787500 -0.06557400 0.09404600
v -0.01858400 -0.06660100 0.09463900
v -0.01863400 -0.06655700 0.09461400
v -0.01885000 -0.06776100 0.09530900
v -0.01890000 -0.06771700 0.09528400
v -0.04225000 -0.08333900 0.07872600
v -0.04215000 -0.08366400 0.07891400
v -0.04187500 -0.08390100 0.07905100
v -0.04187500 -0.08277600 0.07840200
v -0.04215000 -0.08301400 0.07853900
v -0.04150000 -0.08398800 0.07910100
v -0.04112500 -0.08277600 0.07840200
v -0.04112500 -0.08390100 0.07905100
v -0.04150000 -0.08268900 0.07835100
v -0.04085000 -0.08366400 0.07891400
v -0.04075000 -0.08333900 0.07872600
v -0.04085000 -0.08301400 0.07853900
v -0.04225000 -0.08333900 0.07872600
v -0.04225000 -0.07173900 0.09881800
v -0.04215000 -0.08366400 0.07891400
v -0.04215000 -0.07206400 0.09900600
v -0.04187500 -0.08390100 0.07905100
v -0.04187500 -0.07230100 0.09914300
v -0.04187500 -0.08390100 0.07905100
v -0.04187500 -0.07230100 0.09914300
v -0.04150000 -0.08398800 0.07910100
v -0.04150000 -0.07238800 0.09919300
v -0.04112500 -0.08390100 0.07905100
v -0.04112500 -0.07230100 0.09914300
v -0.04112500 -0.08390100 0.07905100
v -0.04112500 -0.07230100 0.09914300
v -0.04085000 -0.08366400 0.07891400
v -0.04085000 -0.07206400 0.09900600
v -0.04085000 -0.08366400 0.07891400
v -0.04085000 -0.07206400 0.09900600
v -0.04075000 -0.08333900 0.07872600
v -0.04075000 -0.07173900 0.09881800
v -0.04075000 -0.08333900 0.07872600
v -0.04075000 -0.07173900 0.09881800
v -0.04085000 -0.08301400 0.07853900
v -0.04085000 -0.07141400 0.09863100
v -0.04085000 -0.08301400 0.07853900
v -0.04085000 -0.07141400 0.09863100
v -0.04112500 -0.08277600 0.07840200
v -0.04112500 -0.07117600 0.09849300
v -0.04112500 -0.08277600 0.07840200
v -0.04112500 -0.07117600 0.09849300
v -0.04150000 -0.08268900 0.07835100
v -0.04150000 -0.07108900 0.09844300
v -0.04187500 -0.08277600 0.07840200
v -0.04187500 -0.07117600 0.09849300
v -0.04187500 -0.08277600 0.07840200
v -0.04187500 -0.07117600 0.09849300
v -0.04215000 -0.08301400 0.07853900
v -0.04215000 -0.07141400 0.09863100
v -0.04225000 -0.08333900 0.07872600
v -0.04225000 -0.07173900 0.09881800
v -0.04084500 -0.07102800 0.09840800
v -0.04126600 -0.07085200 0.09830600
v -0.04150000 -0.07108900 0.09844300
v -0.04173400 -0.07085200 0.09830600
v -0.04187500 -0.07117600 0.09849300
v -0.04215500 -0.07102800 0.09840800
v -0.04215000 -0.07141400 0.09863100
v -0.04244600 -0.07134400 0.09859000
v -0.04225000 -0.07173900 0.09881800
v -0.04255000 -0.07173900 0.09881800
v -0.04215000 -0.07206400 0.09900600
v -0.04240900 -0.07219400 0.09908100
v -0.04187500 -0.07230100 0.09914300
v -0.04202500 -0.07252600 0.09927300
v -0.04150000 -0.07238800 0.09919300
v -0.04150000 -0.07264800 0.09934300
v -0.04112500 -0.07230100 0.09914300
v -0.04097500 -0.07252600 0.09927300
v -0.04085000 -0.07206400 0.09900600
v -0.04059100 -0.07219400 0.09908100
v -0.04075000 -0.07173900 0.09881800
v -0.04045000 -0.07173900 0.09881800
v -0.04085000 -0.07141400 0.09863100
v -0.04055400 -0.07134400 0.09859000
v -0.04112500 -0.07117600 0.09849300
v -0.03815000 -0.07226400 0.09790900
v -0.03815000 -0.07166400 0.09894800
v -0.03777900 -0.06943100 0.09765900
v -0.03777900 -0.07003100 0.09662000
v -0.03669700 -0.06738000 0.09647500
v -0.03669700 -0.06798000 0.09543500
v -0.03499200 -0.06567500 0.09549100
v -0.03499200 -0.06627500 0.09445100
v -0.03280100 -0.06445600 0.09478700
v -0.03280100 -0.06505600 0.09374700
v -0.03030200 -0.06382000 0.09442000
v -0.03030200 -0.06442000 0.09338000
v -0.02769800 -0.06382000 0.09442000
v -0.02769800 -0.06442000 0.09338000
v -0.02519900 -0.06445600 0.09478700
v -0.02519900 -0.06505600 0.09374700
v -0.02300800 -0.06567500 0.09549100
v -0.02300800 -0.06627500 0.09445100
v -0.02130300 -0.06738000 0.09647500
v -0.02130300 -0.06798000 0.09543500
v -0.02022100 -0.06943100 0.09765900
v -0.02022100 -0.07003100 0.09662000
v -0.01985000 -0.07166400 0.09894800
v -0.01985000 -0.07226400 0.09790900
v -0.02022100 -0.07389600 0.10023700
v -0.02022100 -0.07449600 0.09919800
v -0.02130300 -0.07594800 0.10142200
v -0.02130300 -0.07654800 0.10038200
v -0.02300800 -0.07765300 0.10240600
v -0.02300800 -0.07825300 0.10136600
v -0.02519900 -0.07887200 0.10311000
v -0.02519900 -0.07947200 0.10207000
v -0.02769800 -0.07950700 0.10347700
v -0.02769800 -0.08010700 0.10243700
v -0.03030200 -0.07950700 0.10347700
v -0.03030200 -0.08010700 0.10243700
v -0.03280100 -0.07887200 0.10311000
v -0.03280100 -0.07947200 0.10207000
v -0.03499200 -0.07765300 0.10240600
v -0.03499200 -0.07825300 0.10136600
v -0.03669700 -0.07594800 0.10142200
v -0.03669700 -0.07654800 0.10038200
v -0.03777900 -0.07389600 0.10023700
v -0.03777900 -0.07449600 0.09919800
v -0.02519900 -0.06505600 0.09374700
v -0.02517800 -0.06501700 0.09372500
v -0.02769800 -0.06442000 0.09338000
v -0.02769100 -0.06437800 0.09335600
v -0.03030200 -0.06442000 0.09338000
v -0.03030900 -0.06437800 0.09335600
v -0.03280100 -0.06505600 0.09374700
v -0.03282200 -0.06501700 0.09372500
v -0.03499200 -0.06627500 0.09445100
v -0.03502500 -0.06624300 0.09443200
v -0.03669700 -0.06798000 0.09543500
v -0.03674000 -0.06795600 0.09542200
v -0.03777900 -0.07003100 0.09662000
v -0.03782700 -0.07001900 0.09661300
v -0.03815000 -0.07226400 0.09790900
v -0.03820000 -0.07226400 0.09790900
v -0.03777900 -0.07449600 0.09919800
v -0.03782700 -0.07450900 0.09920500
v -0.03669700 -0.07654800 0.10038200
v -0.03674000 -0.07657100 0.10039600
v -0.03499200 -0.07825300 0.10136600
v -0.03502500 -0.07828500 0.10138500
v -0.03280100 -0.07947200 0.10207000
v -0.03282200 -0.07951100 0.10209300
v -0.03030200 -0.08010700 0.10243700
v -0.03030900 -0.08015000 0.10246200
v -0.02769800 -0.08010700 0.10243700
v -0.02769100 -0.08015000 0.10246200
v -0.02519900 -0.07947200 0.10207000
v -0.02517800 -0.07951100 0.10209300
v -0.02300800 -0.07825300 0.10136600
v -0.02297500 -0.07828500 0.10138500
v -0.02130300 -0.07654800 0.10038200
v -0.02126000 -0.07657100 0.10039600
v -0.02022100 -0.07449600 0.09919800
v -0.02017300 -0.07450900 0.09920500
v -0.01985000 -0.07226400 0.09790900
v -0.01980000 -0.07226400 0.09790900
v -0.02022100 -0.07003100 0.09662000
v -0.02017300 -0.07001900 0.09661300
v -0.02130300 -0.06798000 0.09543500
v -0.02126000 -0.06795600 0.09542200
v -0.02300800 -0.06627500 0.09445100
v -0.02297500 -0.06624300 0.09443200
v 0.00730000 -0.07876500 0.10304800
v 0.00730000 -0.07911500 0.10244200
v 0.00780000 -0.07899900 0.10237500
v 0.00780000 -0.07864900 0.10298100
v 0.00780000 -0.07864900 0.10298100
v 0.00780000 -0.07899900 0.10237500
v 0.00816600 -0.07868200 0.10219200
v 0.00816600 -0.07833200 0.10279800
v 0.00816600 -0.07833200 0.10279800
v 0.00816600 -0.07868200 0.10219200
v 0.00830000 -0.07824900 0.10194200
v 0.00830000 -0.07789900 0.10254800
v -0.00810000 -0.07789900 0.10254800
v -0.00810000 -0.07824900 0.10194200
v -0.00796600 -0.07868200 0.10219200
v -0.00796600 -0.07833200 0.10279800
v -0.00760000 -0.07899900 0.10237500
v -0.00760000 -0.07864900 0.10298100
v -0.00760000 -0.07864900 0.10298100
v -0.00760000 -0.07899900 0.10237500
v -0.00710000 -0.07911500 0.10244200
v -0.00710000 -0.07876500 0.10304800
v 0.00830000 -0.06542900 0.09534800
v 0.00830000 -0.06577900 0.09474200
v 0.00816600 -0.06534600 0.09449200
v 0.00816600 -0.06499600 0.09509800
v 0.00816600 -0.06499600 0.09509800
v 0.00816600 -0.06534600 0.09449200
v 0.00780000 -0.06502900 0.09430900
v 0.00780000 -0.06467900 0.09491500
v 0.00780000 -0.06467900 0.09491500
v 0.00780000 -0.06502900 0.09430900
v 0.00730000 -0.06491300 0.09424200
v 0.00730000 -0.06456300 0.09484800
v -0.00710000 -0.06456300 0.09484800
v -0.00710000 -0.06491300 0.09424200
v -0.00760000 -0.06502900 0.09430900
v -0.00760000 -0.06467900 0.09491500
v -0.00760000 -0.06467900 0.09491500
v -0.00760000 -0.06502900 0.09430900
v -0.00796600 -0.06534600 0.09449200
v -0.00796600 -0.06499600 0.09509800
v -0.00810000 -0.06577900 0.09474200
v -0.00810000 -0.06542900 0.09534800
v -0.00715000 -0.06486900 0.09421700
v -0.00753300 -0.06493500 0.09425500
v -0.00760000 -0.06502900 0.09430900
v -0.00785700 -0.06512300 0.09436300
v -0.00796600 -0.06534600 0.09449200
v -0.00807400 -0.06540400 0.09452600
v -0.00810000 -0.06577900 0.09474200
v -0.00815000 -0.06573500 0.09471700
v -0.00810000 -0.07824900 0.10194200
v -0.00815000 -0.07829300 0.10196700
v -0.00796600 -0.07868200 0.10219200
v -0.00801600 -0.07872600 0.10221700
v -0.00760000 -0.07899900 0.10237500
v -0.00765000 -0.07904300 0.10240000
v -0.00710000 -0.07911500 0.10244200
v -0.00715000 -0.07915900 0.10246700
v 0.00730000 -0.07911500 0.10244200
v 0.00735000 -0.07915900 0.10246700
v 0.00780000 -0.07899900 0.10237500
v 0.00785000 -0.07904300 0.10240000
v 0.00816600 -0.07868200 0.10219200
v 0.00821600 -0.07872600 0.10221700
v 0.00830000 -0.07824900 0.10194200
v 0.00835000 -0.07829300 0.10196700
v 0.00830000 -0.06577900 0.09474200
v 0.00835000 -0.06573500 0.09471700
v 0.00816600 -0.06534600 0.09449200
v 0.00821600 -0.06530200 0.09446700
v 0.00780000 -0.06502900 0.09430900
v 0.00785000 -0.06498500 0.09428400
v 0.00730000 -0.06491300 0.09424200
v 0.00735000 -0.06486900 0.09421700
v -0.00710000 -0.06491300 0.09424200
v -0.00550000 -0.09566900 0.08137000
v -0.00612500 -0.09548100 0.08169500
v -0.00606300 -0.09571600 0.08183100
v -0.00604100 -0.09575200 0.08185200
v -0.00589000 -0.09590400 0.08194000
v -0.00581200 -0.09595000 0.08196600
v -0.00563900 -0.09600900 0.08200000
v -0.00550000 -0.09602300 0.08200800
v -0.00536100 -0.09600900 0.08200000
v -0.00518700 -0.09595000 0.08196600
v -0.00511000 -0.09590400 0.08194000
v -0.00493700 -0.09571600 0.08183100
v -0.00487500 -0.09548100 0.08169500
v -0.00495900 -0.09575200 0.08185200
v -0.00518700 -0.09501200 0.08142500
v -0.00550000 -0.09494000 0.08138300
v -0.00495900 -0.09521100 0.08153900
v -0.00604100 -0.09521100 0.08153900
v -0.00581200 -0.09501200 0.08142500
v -0.00487500 -0.09548100 0.08169500
v -0.00487500 -0.09373100 0.08472600
v -0.00495900 -0.09521100 0.08153900
v -0.00495900 -0.09346100 0.08457000
v -0.00518700 -0.09501200 0.08142500
v -0.00518700 -0.09326200 0.08445600
v -0.00518700 -0.09501200 0.08142500
v -0.00518700 -0.09326200 0.08445600
v -0.00550000 -0.09494000 0.08138300
v -0.00550000 -0.09319000 0.08441400
v -0.00581200 -0.09501200 0.08142500
v -0.00581200 -0.09326200 0.08445600
v -0.00581200 -0.09501200 0.08142500
v -0.00581200 -0.09326200 0.08445600
v -0.00604100 -0.09521100 0.08153900
v -0.00604100 -0.09346100 0.08457000
v -0.00612500 -0.09548100 0.08169500
v -0.00612500 -0.09373100 0.08472600
v -0.00606300 -0.09571600 0.08183100
v -0.00604100 -0.09400200 0.08488300
v -0.00604100 -0.09575200 0.08185200
v -0.00589000 -0.09590400 0.08194000
v -0.00581200 -0.09420000 0.08499700
v -0.00581200 -0.09595000 0.08196600
v -0.00563900 -0.09600900 0.08200000
v -0.00550000 -0.09427200 0.08503900
v -0.00550000 -0.09602300 0.08200800
v -0.00536100 -0.09600900 0.08200000
v -0.00518700 -0.09420000 0.08499700
v -0.00518700 -0.09595000 0.08196600
v -0.00511000 -0.09590400 0.08194000
v -0.00495900 -0.09400200 0.08488300
v -0.00495900 -0.09575200 0.08185200
v -0.00493700 -0.09571600 0.08183100
v -0.00495900 -0.09400200 0.08488300
v -0.00518700 -0.09420000 0.08499700
v -0.00581200 -0.09326200 0.08445600
v -0.00550000 -0.09427200 0.08503900
v -0.00612500 -0.09373100 0.08472600
v -0.00604100 -0.09346100 0.08457000
v -0.00604100 -0.09400200 0.08488300
v -0.00581200 -0.09420000 0.08499700
v -0.00495900 -0.09346100 0.08457000
v -0.00487500 -0.09373100 0.08472600
v -0.00518700 -0.09326200 0.08445600
v -0.00550000 -0.09319000 0.08441400
v 0.00550000 -0.09566900 0.08137000
v 0.00487500 -0.09548100 0.08169500
v 0.00493700 -0.09571600 0.08183100
v 0.00495900 -0.09575200 0.08185200
v 0.00511000 -0.09590400 0.08194000
v 0.00518700 -0.09595000 0.08196600
v 0.00536100 -0.09600900 0.08200000
v 0.00550000 -0.09602300 0.08200800
v 0.00563900 -0.09600900 0.08200000
v 0.00581200 -0.09595000 0.08196600
v 0.00589000 -0.09590400 0.08194000
v 0.00606300 -0.09571600 0.08183100
v 0.00612500 -0.09548100 0.08169500
v 0.00604100 -0.09575200 0.08185200
v 0.00581200 -0.09501200 0.08142500
v 0.00550000 -0.09494000 0.08138300
v 0.00604100 -0.09521100 0.08153900
v 0.00495900 -0.09521100 0.08153900
v 0.00518700 -0.09501200 0.08142500
v 0.00612500 -0.09548100 0.08169500
v 0.00612500 -0.09373100 0.08472600
v 0.00604100 -0.09521100 0.08153900
v 0.00604100 -0.09346100 0.08457000
v 0.00581200 -0.09501200 0.08142500
v 0.00581200 -0.09326200 0.08445600
v 0.00581200 -0.09501200 0.08142500
v 0.00581200 -0.09326200 0.08445600
v 0.00550000 -0.09494000 0.08138300
v 0.00550000 -0.09319000 0.08441400
v 0.00518700 -0.09501200 0.08142500
v 0.00518700 -0.09326200 0.08445600
v 0.00518700 -0.09501200 0.08142500
v 0.00518700 -0.09326200 0.08445600
v 0.00495900 -0.09521100 0.08153900
v 0.00495900 -0.09346100 0.08457000
v 0.00487500 -0.09548100 0.08169500
v 0.00487500 -0.09373100 0.08472600
v 0.00493700 -0.09571600 0.08183100
v 0.00495900 -0.09400200 0.08488300
v 0.00495900 -0.09575200 0.08185200
v 0.00511000 -0.09590400 0.08194000
v 0.00518700 -0.09420000 0.08499700
v 0.00518700 -0.09595000 0.08196600
v 0.00536100 -0.09600900 0.08200000
v 0.00550000 -0.09427200 0.08503900
v 0.00550000 -0.09602300 0.08200800
v 0.00563900 -0.09600900 0.08200000
v 0.00581200 -0.09420000 0.08499700
v 0.00581200 -0.09595000 0.08196600
v 0.00589000 -0.09590400 0.08194000
v 0.00604100 -0.09400200 0.08488300
v 0.00604100 -0.09575200 0.08185200
v 0.00606300 -0.09571600 0.08183100
v 0.00550000 -0.09319000 0.08441400
v 0.00581200 -0.09326200 0.08445600
v 0.00581200 -0.09420000 0.08499700
v 0.00487500 -0.09373100 0.08472600
v 0.00495900 -0.09346100 0.08457000
v 0.00495900 -0.09400200 0.08488300
v 0.00518700 -0.09326200 0.08445600
v 0.00518700 -0.09420000 0.08499700
v 0.00604100 -0.09400200 0.08488300
v 0.00612500 -0.09373100 0.08472600
v 0.00604100 -0.09346100 0.08457000
v 0.00550000 -0.09427200 0.08503900
v -0.00612500 -0.07469700 0.06969500
v -0.00612500 -0.07294700 0.07272600
v -0.00606300 -0.07493100 0.06983100
v -0.00604100 -0.07321700 0.07288300
v -0.00604100 -0.07496700 0.06985200
v -0.00589000 -0.07512000 0.06994000
v -0.00581200 -0.07341500 0.07299700
v -0.00581200 -0.07516500 0.06996600
v -0.00563900 -0.07522400 0.07000000
v -0.00550000 -0.07348800 0.07303900
v -0.00550000 -0.07523800 0.07000800
v -0.00536100 -0.07522400 0.07000000
v -0.00518700 -0.07341500 0.07299700
v -0.00518700 -0.07516500 0.06996600
v -0.00511000 -0.07512000 0.06994000
v -0.00495900 -0.07321700 0.07288300
v -0.00495900 -0.07496700 0.06985200
v -0.00493700 -0.07493100 0.06983100
v -0.00487500 -0.07294700 0.07272600
v -0.00487500 -0.07469700 0.06969500
v -0.00612500 -0.07294700 0.07272600
v -0.00604100 -0.07267600 0.07257000
v -0.00581200 -0.07247800 0.07245600
v -0.00495900 -0.07321700 0.07288300
v -0.00518700 -0.07341500 0.07299700
v -0.00495900 -0.07267600 0.07257000
v -0.00487500 -0.07294700 0.07272600
v -0.00518700 -0.07247800 0.07245600
v -0.00550000 -0.07240500 0.07241400
v -0.00604100 -0.07321700 0.07288300
v -0.00581200 -0.07341500 0.07299700
v -0.00550000 -0.07348800 0.07303900
v -0.00550000 -0.07488400 0.06937000
v -0.00612500 -0.07469700 0.06969500
v -0.00606300 -0.07493100 0.06983100
v -0.00604100 -0.07496700 0.06985200
v -0.00589000 -0.07512000 0.06994000
v -0.00581200 -0.07516500 0.06996600
v -0.00563900 -0.07522400 0.07000000
v -0.00550000 -0.07523800 0.07000800
v -0.00536100 -0.07522400 0.07000000
v -0.00518700 -0.07516500 0.06996600
v -0.00511000 -0.07512000 0.06994000
v -0.00493700 -0.07493100 0.06983100
v -0.00487500 -0.07469700 0.06969500
v -0.00495900 -0.07496700 0.06985200
v -0.00518700 -0.07422800 0.06942500
v -0.00550000 -0.07415500 0.06938300
v -0.00495900 -0.07442600 0.06953900
v -0.00604100 -0.07442600 0.06953900
v -0.00581200 -0.07422800 0.06942500
v -0.00495900 -0.07442600 0.06953900
v -0.00495900 -0.07267600 0.07257000
v -0.00495900 -0.07442600 0.06953900
v -0.00495900 -0.07267600 0.07257000
v -0.00518700 -0.07422800 0.06942500
v -0.00518700 -0.07247800 0.07245600
v -0.00518700 -0.07422800 0.06942500
v -0.00518700 -0.07247800 0.07245600
v -0.00550000 -0.07415500 0.06938300
v -0.00550000 -0.07240500 0.07241400
v -0.00581200 -0.07422800 0.06942500
v -0.00581200 -0.07247800 0.07245600
v -0.00604100 -0.07442600 0.06953900
v -0.00604100 -0.07267600 0.07257000
v -0.00604100 -0.07442600 0.06953900
v -0.00604100 -0.07267600 0.07257000
v -0.01190000 -0.06703500 0.09396600
v -0.01190000 -0.07771000 0.07547600
v -0.01140000 -0.06715100 0.09403300
v -0.01140000 -0.07782600 0.07554300
v -0.01103400 -0.06746800 0.09421600
v -0.01103400 -0.07814300 0.07572600
v -0.01090000 -0.06790100 0.09446600
v -0.01090000 -0.07857600 0.07597600
v -0.01090000 -0.07742700 0.09996600
v -0.01090000 -0.08810200 0.08147600
v -0.01097600 -0.07775800 0.10015700
v -0.01097600 -0.08843300 0.08166800
v -0.01119300 -0.07803900 0.10032000
v -0.01119300 -0.08871400 0.08183000
v -0.01151700 -0.07822700 0.10042800
v -0.01151700 -0.08890200 0.08193800
v -0.01190000 -0.07829300 0.10046600
v -0.01190000 -0.08896800 0.08197600
v -0.01690000 -0.06790100 0.09446600
v -0.01690000 -0.07742700 0.09996600
v -0.01690000 -0.07857600 0.07597600
v -0.01690000 -0.08810200 0.08147600
v -0.01682400 -0.06756900 0.09427500
v -0.01682400 -0.07824400 0.07578500
v -0.01660700 -0.06728800 0.09411200
v -0.01660700 -0.07796300 0.07562300
v -0.01628300 -0.06710100 0.09400400
v -0.01628300 -0.07777600 0.07551400
v -0.01590000 -0.06703500 0.09396600
v -0.01590000 -0.07771000 0.07547600
v -0.01590000 -0.07829300 0.10046600
v -0.01590000 -0.08896800 0.08197600
v -0.01628300 -0.07822700 0.10042800
v -0.01628300 -0.08890200 0.08193800
v -0.01660700 -0.07803900 0.10032000
v -0.01660700 -0.08871400 0.08183000
v -0.01682400 -0.07775800 0.10015700
v -0.01682400 -0.08843300 0.08166800
v -0.01190000 -0.06703500 0.09396600
v -0.01140000 -0.06715100 0.09403300
v -0.01103400 -0.06746800 0.09421600
v -0.01119300 -0.07803900 0.10032000
v -0.01151700 -0.07822700 0.10042800
v -0.01097600 -0.07775800 0.10015700
v -0.01190000 -0.07829300 0.10046600
v -0.01090000 -0.07742700 0.09996600
v -0.01090000 -0.06790100 0.09446600
v -0.01590000 -0.06703500 0.09396600
v -0.01590000 -0.07829300 0.10046600
v -0.01690000 -0.07742700 0.09996600
v -0.01628300 -0.07822700 0.10042800
v -0.01660700 -0.07803900 0.10032000
v -0.01682400 -0.07775800 0.10015700
v -0.01660700 -0.06728800 0.09411200
v -0.01628300 -0.06710100 0.09400400
v -0.01682400 -0.06756900 0.09427500
v -0.01690000 -0.06790100 0.09446600
v -0.01190000 -0.07771000 0.07547600
v -0.01590000 -0.07771000 0.07547600
v -0.01590000 -0.08896800 0.08197600
v -0.01628300 -0.07777600 0.07551400
v -0.01660700 -0.07796300 0.07562300
v -0.01660700 -0.08871400 0.08183000
v -0.01628300 -0.08890200 0.08193800
v -0.01682400 -0.08843300 0.08166800
v -0.01682400 -0.07824400 0.07578500
v -0.01690000 -0.07857600 0.07597600
v -0.01690000 -0.08810200 0.08147600
v -0.01151700 -0.08890200 0.08193800
v -0.01119300 -0.08871400 0.08183000
v -0.01190000 -0.08896800 0.08197600
v -0.01097600 -0.08843300 0.08166800
v -0.01090000 -0.08810200 0.08147600
v -0.01103400 -0.07814300 0.07572600
v -0.01140000 -0.07782600 0.07554300
v -0.01090000 -0.07857600 0.07597600
v 0.00261200 -0.08073700 0.07895600
v 0.00341200 -0.08073700 0.07895600
v 0.00261200 -0.08004500 0.07855600
v 0.00341200 -0.08004500 0.07855600
v 0.00261200 -0.08444400 0.08109600
v 0.00261200 -0.08513700 0.08149600
v 0.00341200 -0.08444400 0.08109600
v 0.00341200 -0.08513700 0.08149600
v 0.00535200 -0.08229100 0.07985300
v 0.00520600 -0.08241700 0.07992600
v 0.00515200 -0.08259100 0.08002600
v 0.00520600 -0.08276400 0.08012600
v 0.00535200 -0.08289100 0.08020000
v 0.00555200 -0.08293700 0.08022600
v 0.00555200 -0.08224400 0.07982600
v 0.00575200 -0.08229100 0.07985300
v 0.00589800 -0.08241700 0.07992600
v 0.00595200 -0.08259100 0.08002600
v 0.00575200 -0.08289100 0.08020000
v 0.00589800 -0.08276400 0.08012600
v 0.00256600 -0.08003500 0.07853500
v 0.00256200 -0.08005100 0.07854500
v 0.00257700 -0.08002100 0.07852700
v 0.00259300 -0.08001100 0.07852200
v 0.00261200 -0.08000800 0.07852000
v 0.00257900 -0.08000000 0.07847300
v 0.00257400 -0.08001500 0.07842400
v 0.00256200 -0.08002000 0.07842700
v 0.00255100 -0.08001700 0.07848300
v 0.00254100 -0.08003300 0.07843400
v 0.00252500 -0.08005100 0.07844500
v 0.00253200 -0.08004100 0.07849700
v 0.00252000 -0.08006100 0.07845100
v 0.00251200 -0.08009500 0.07847000
v 0.00252500 -0.08007000 0.07851300
v 0.00261200 -0.08000800 0.07842000
v 0.00261200 -0.07999500 0.07847000
v 0.00261200 -0.07999800 0.07849600
v 0.00257400 -0.08074100 0.07895000
v 0.00256200 -0.08074400 0.07894500
v 0.00254100 -0.08075200 0.07893100
v 0.00252500 -0.08076200 0.07891300
v 0.00252000 -0.08076800 0.07890300
v 0.00251200 -0.08078700 0.07887000
v 0.00252500 -0.08083100 0.07889500
v 0.00253200 -0.08080800 0.07892600
v 0.00255100 -0.08078300 0.07894900
v 0.00257900 -0.08075800 0.07895900
v 0.00256200 -0.08086200 0.07891300
v 0.00256600 -0.08083800 0.07894300
v 0.00257700 -0.08080500 0.07896200
v 0.00259300 -0.08077000 0.07896600
v 0.00261200 -0.08087400 0.07892000
v 0.00261200 -0.08084800 0.07894900
v 0.00261200 -0.08081300 0.07896600
v 0.00261200 -0.08077400 0.07896900
v 0.00341200 -0.08078700 0.07897000
v 0.00341200 -0.08081300 0.07896600
v 0.00341200 -0.08083700 0.07895600
v 0.00341200 -0.08087400 0.07892000
v 0.00345500 -0.08076600 0.07895700
v 0.00346200 -0.08074400 0.07894500
v 0.00345500 -0.08082700 0.07895100
v 0.00346200 -0.08086200 0.07891300
v 0.00349900 -0.08083100 0.07889500
v 0.00348700 -0.08080000 0.07893500
v 0.00343700 -0.08078200 0.07896600
v 0.00351200 -0.08078700 0.07887000
v 0.00349900 -0.08076200 0.07891300
v 0.00348300 -0.08075200 0.07893100
v 0.00345000 -0.08004800 0.07855000
v 0.00348300 -0.08005900 0.07853100
v 0.00350400 -0.08007500 0.07850300
v 0.00351200 -0.08009500 0.07847000
v 0.00346200 -0.08002000 0.07842700
v 0.00345000 -0.08001500 0.07842400
v 0.00344700 -0.08000100 0.07846000
v 0.00349900 -0.08005100 0.07844500
v 0.00348300 -0.08003300 0.07843400
v 0.00347700 -0.08001900 0.07847000
v 0.00350400 -0.08006100 0.07845100
v 0.00349700 -0.08004500 0.07848500
v 0.00347700 -0.08003600 0.07851800
v 0.00344700 -0.08003600 0.07854300
v 0.00346200 -0.08001600 0.07850600
v 0.00343900 -0.08000300 0.07849800
v 0.00343900 -0.08002500 0.07853600
v 0.00342700 -0.08001800 0.07853200
v 0.00341200 -0.08000800 0.07842000
v 0.00341200 -0.07999500 0.07845700
v 0.00341200 -0.07999800 0.07849600
v 0.00341200 -0.08001500 0.07853100
v 0.00345000 -0.08514100 0.08149000
v 0.00345000 -0.08444800 0.08109000
v 0.00346200 -0.08445100 0.08108500
v 0.00346200 -0.08514300 0.08148500
v 0.00348300 -0.08445900 0.08107100
v 0.00348300 -0.08515100 0.08147100
v 0.00349900 -0.08446900 0.08105300
v 0.00349900 -0.08516200 0.08145300
v 0.00350400 -0.08447500 0.08104300
v 0.00350400 -0.08516800 0.08144300
v 0.00351200 -0.08518700 0.08141000
v 0.00351200 -0.08449400 0.08101000
v 0.00343100 -0.08441100 0.08106200
v 0.00341200 -0.08440700 0.08106000
v 0.00345800 -0.08443400 0.08107500
v 0.00349200 -0.08444000 0.08103700
v 0.00347300 -0.08441600 0.08102300
v 0.00344500 -0.08440000 0.08101300
v 0.00345000 -0.08441400 0.08096400
v 0.00341200 -0.08440700 0.08096000
v 0.00346200 -0.08441900 0.08096700
v 0.00350400 -0.08446100 0.08099100
v 0.00349900 -0.08445100 0.08098500
v 0.00348300 -0.08443300 0.08097500
v 0.00341200 -0.08439400 0.08101000
v 0.00344700 -0.08442000 0.08106700
v 0.00261200 -0.08440700 0.08106000
v 0.00261200 -0.08439400 0.08101000
v 0.00261200 -0.08440700 0.08096000
v 0.00256600 -0.08443400 0.08107500
v 0.00256200 -0.08445100 0.08108500
v 0.00254100 -0.08445900 0.08107100
v 0.00259300 -0.08441100 0.08106200
v 0.00257900 -0.08440000 0.08101300
v 0.00255100 -0.08441600 0.08102300
v 0.00257400 -0.08441400 0.08096400
v 0.00256200 -0.08441900 0.08096700
v 0.00254100 -0.08443300 0.08097500
v 0.00252500 -0.08445100 0.08098500
v 0.00252000 -0.08446100 0.08099100
v 0.00251200 -0.08449400 0.08101000
v 0.00253200 -0.08444000 0.08103700
v 0.00252500 -0.08446900 0.08105300
v 0.00257700 -0.08442000 0.08106700
v 0.00252500 -0.08523000 0.08143500
v 0.00256200 -0.08526200 0.08145300
v 0.00253200 -0.08520800 0.08146600
v 0.00256600 -0.08523700 0.08148300
v 0.00255100 -0.08518200 0.08148900
v 0.00257700 -0.08520400 0.08150200
v 0.00257900 -0.08515700 0.08149900
v 0.00259300 -0.08516900 0.08150600
v 0.00261200 -0.08527300 0.08146000
v 0.00261200 -0.08524800 0.08148900
v 0.00261200 -0.08521300 0.08150600
v 0.00261200 -0.08517400 0.08150900
v 0.00251200 -0.08518700 0.08141000
v 0.00252000 -0.08516800 0.08144300
v 0.00254100 -0.08515100 0.08147100
v 0.00257400 -0.08514100 0.08149000
v 0.00341200 -0.08518700 0.08151000
v 0.00341200 -0.08521300 0.08150600
v 0.00341200 -0.08523700 0.08149600
v 0.00341200 -0.08527300 0.08146000
v 0.00345500 -0.08522700 0.08149100
v 0.00346200 -0.08526200 0.08145300
v 0.00349900 -0.08523000 0.08143500
v 0.00348700 -0.08519900 0.08147500
v 0.00343700 -0.08518100 0.08150600
v 0.00345500 -0.08516500 0.08149700
v 0.00604400 -0.08262200 0.07997300
v 0.00605200 -0.08264100 0.07994000
v 0.00598500 -0.08242400 0.07981500
v 0.00602300 -0.08260500 0.08000100
v 0.00603900 -0.08261600 0.07998300
v 0.00597300 -0.08240500 0.07986100
v 0.00599000 -0.08259400 0.08002000
v 0.00600200 -0.08259700 0.08001500
v 0.00594200 -0.08240300 0.07990200
v 0.00580200 -0.08226600 0.07972300
v 0.00579500 -0.08225100 0.07977200
v 0.00555200 -0.08220800 0.07969000
v 0.00555200 -0.08219400 0.07974000
v 0.00530200 -0.08226600 0.07972300
v 0.00530900 -0.08225100 0.07977200
v 0.00511900 -0.08242400 0.07981500
v 0.00513100 -0.08240500 0.07986100
v 0.00505200 -0.08264100 0.07994000
v 0.00506000 -0.08262200 0.07997300
v 0.00506500 -0.08261600 0.07998300
v 0.00508100 -0.08260500 0.08000100
v 0.00577700 -0.08226000 0.07982000
v 0.00555200 -0.08220800 0.07979000
v 0.00532700 -0.08226000 0.07982000
v 0.00516200 -0.08240300 0.07990200
v 0.00510200 -0.08259700 0.08001500
v 0.00512600 -0.08283500 0.08009600
v 0.00597800 -0.08283500 0.08009600
v 0.00598500 -0.08285700 0.08006500
v 0.00579800 -0.08299100 0.08018600
v 0.00580200 -0.08301600 0.08015600
v 0.00555200 -0.08304800 0.08021900
v 0.00555200 -0.08307400 0.08019000
v 0.00530600 -0.08299100 0.08018600
v 0.00530200 -0.08301600 0.08015600
v 0.00511900 -0.08285700 0.08006500
v 0.00514400 -0.08280900 0.08011900
v 0.00531700 -0.08295800 0.08020500
v 0.00555200 -0.08301300 0.08023600
v 0.00578700 -0.08295800 0.08020500
v 0.00596000 -0.08280900 0.08011900
v 0.00517200 -0.08278400 0.08012900
v 0.00533300 -0.08292300 0.08021000
v 0.00555200 -0.08297400 0.08023900
v 0.00577100 -0.08292300 0.08021000
v 0.00593200 -0.08278400 0.08012900
v 0.00261200 -0.08070800 0.07720700
v 0.00256200 -0.08072000 0.07721400
v 0.00252500 -0.08075100 0.07723200
v 0.00251200 -0.08079500 0.07725700
v 0.00251200 -0.08148700 0.07765700
v 0.00252500 -0.08153100 0.07768200
v 0.00256200 -0.08156200 0.07770100
v 0.00261200 -0.08157400 0.07770700
v 0.00341200 -0.08157400 0.07770700
v 0.00346200 -0.08156200 0.07770100
v 0.00349900 -0.08153100 0.07768200
v 0.00351200 -0.08148700 0.07765700
v 0.00351200 -0.08079500 0.07725700
v 0.00349900 -0.08075100 0.07723200
v 0.00346200 -0.08072000 0.07721400
v 0.00341200 -0.08070800 0.07720700
v 0.00351200 -0.08588700 0.08019700
v 0.00351200 -0.08519400 0.07979700
v 0.00349900 -0.08515100 0.07977200
v 0.00346200 -0.08511900 0.07975400
v 0.00341200 -0.08510700 0.07974700
v 0.00261200 -0.08510700 0.07974700
v 0.00256200 -0.08511900 0.07975400
v 0.00252500 -0.08515100 0.07977200
v 0.00251200 -0.08519400 0.07979700
v 0.00251200 -0.08588700 0.08019700
v 0.00252500 -0.08593000 0.08022200
v 0.00256200 -0.08596200 0.08024100
v 0.00261200 -0.08597300 0.08024700
v -0.00419100 -0.07752900 0.10060200
v -0.00580600 -0.07613000 0.09979400
v 0.00010000 -0.06609200 0.09399900
v 0.00600600 -0.06869800 0.09550400
v 0.00010000 -0.07873600 0.10129900
v 0.00439100 -0.06729900 0.09469600
v 0.00235600 -0.06640100 0.09417800
v -0.00215600 -0.07842700 0.10112000
v 0.00704300 -0.07046000 0.09652100
v 0.00740000 -0.07241400 0.09764900
v 0.00704300 -0.07436800 0.09877700
v 0.00600600 -0.07613000 0.09979400
v 0.00439100 -0.07752900 0.10060200
v 0.00235600 -0.07842700 0.10112000
v -0.00684300 -0.07436800 0.09877700
v -0.00720000 -0.07241400 0.09764900
v -0.00684300 -0.07046000 0.09652100
v -0.00580600 -0.06869800 0.09550400
v -0.00419100 -0.06729900 0.09469600
v -0.00215600 -0.06640100 0.09417800
v 0.00341200 -0.08597300 0.08024700
v 0.00346200 -0.08596200 0.08024100
v 0.00349900 -0.08593000 0.08022200
v 0.00605200 -0.08334100 0.07872700
v 0.00598500 -0.08312400 0.07860200
v 0.00580200 -0.08296600 0.07851100
v 0.00555200 -0.08290800 0.07847700
v 0.00530200 -0.08296600 0.07851100
v 0.00511900 -0.08312400 0.07860200
v 0.00505200 -0.08334100 0.07872700
v 0.00511900 -0.08355700 0.07885200
v 0.00530200 -0.08371600 0.07894400
v 0.00555200 -0.08377400 0.07897700
v 0.00580200 -0.08371600 0.07894400
v 0.00598500 -0.08355700 0.07885200
v 0.00505200 -0.08334100 0.07872700
v 0.00511900 -0.08312400 0.07860200
v 0.00346200 -0.08511900 0.07975400
v 0.00251200 -0.08519400 0.07979700
v 0.00252500 -0.08515100 0.07977200
v -0.00684300 -0.08138500 0.07759800
v 0.00511900 -0.08355700 0.07885200
v 0.00252500 -0.08593000 0.08022200
v -0.00215600 -0.08935100 0.08219800
v 0.00256200 -0.08596200 0.08024100
v 0.00010000 -0.08966100 0.08237600
v 0.00261200 -0.08597300 0.08024700
v 0.00235600 -0.08935100 0.08219800
v 0.00341200 -0.08597300 0.08024700
v 0.00439100 -0.08845400 0.08167900
v -0.00580600 -0.07962300 0.07658100
v 0.00256200 -0.08511900 0.07975400
v -0.00419100 -0.07822400 0.07577300
v 0.00439100 -0.07822400 0.07577300
v 0.00346200 -0.08072000 0.07721400
v 0.00600600 -0.07962300 0.07658100
v 0.00349900 -0.08075100 0.07723200
v 0.00555200 -0.08290800 0.07847700
v 0.00580200 -0.08296600 0.07851100
v 0.00704300 -0.08138500 0.07759800
v 0.00598500 -0.08312400 0.07860200
v 0.00740000 -0.08333900 0.07872600
v 0.00605200 -0.08334100 0.07872700
v 0.00704300 -0.08529300 0.07985400
v 0.00530200 -0.08296600 0.07851100
v 0.00351200 -0.08079500 0.07725700
v 0.00351200 -0.08148700 0.07765700
v 0.00341200 -0.08510700 0.07974700
v -0.00720000 -0.08333900 0.07872600
v -0.00684300 -0.08529300 0.07985400
v 0.00251200 -0.08588700 0.08019700
v -0.00580600 -0.08705500 0.08087200
v -0.00419100 -0.08845400 0.08167900
v 0.00261200 -0.08510700 0.07974700
v 0.00349900 -0.08153100 0.07768200
v 0.00346200 -0.08156200 0.07770100
v 0.00341200 -0.08157400 0.07770700
v -0.00215600 -0.07732600 0.07525500
v 0.00252500 -0.08153100 0.07768200
v 0.00251200 -0.08148700 0.07765700
v 0.00251200 -0.08079500 0.07725700
v 0.00252500 -0.08075100 0.07723200
v 0.00010000 -0.07701700 0.07507600
v 0.00256200 -0.08072000 0.07721400
v 0.00235600 -0.07732600 0.07525500
v 0.00261200 -0.08070800 0.07720700
v 0.00341200 -0.08070800 0.07720700
v 0.00261200 -0.08157400 0.07770700
v 0.00256200 -0.08156200 0.07770100
v 0.00600600 -0.08705500 0.08087200
v 0.00349900 -0.08593000 0.08022200
v 0.00346200 -0.08596200 0.08024100
v 0.00530200 -0.08371600 0.07894400
v 0.00349900 -0.08515100 0.07977200
v 0.00351200 -0.08519400 0.07979700
v 0.00598500 -0.08355700 0.07885200
v 0.00580200 -0.08371600 0.07894400
v 0.00555200 -0.08377400 0.07897700
v 0.00351200 -0.08588700 0.08019700
v -0.00720000 -0.08333900 0.07872600
v -0.00720000 -0.07241400 0.09764900
v -0.00684300 -0.08529300 0.07985400
v -0.00684300 -0.07436800 0.09877700
v -0.00580600 -0.08705500 0.08087200
v -0.00580600 -0.07613000 0.09979400
v -0.00419100 -0.08845400 0.08167900
v -0.00419100 -0.07752900 0.10060200
v -0.00215600 -0.08935100 0.08219800
v -0.00215600 -0.07842700 0.10112000
v 0.00010000 -0.08966100 0.08237600
v 0.00010000 -0.07873600 0.10129900
v 0.00235600 -0.08935100 0.08219800
v 0.00235600 -0.07842700 0.10112000
v 0.00439100 -0.08845400 0.08167900
v 0.00439100 -0.07752900 0.10060200
v 0.00600600 -0.08705500 0.08087200
v 0.00600600 -0.07613000 0.09979400
v 0.00704300 -0.08529300 0.07985400
v 0.00704300 -0.07436800 0.09877700
v 0.00740000 -0.08333900 0.07872600
v 0.00740000 -0.07241400 0.09764900
v 0.00704300 -0.08138500 0.07759800
v 0.00704300 -0.07046000 0.09652100
v 0.00600600 -0.07962300 0.07658100
v 0.00600600 -0.06869800 0.09550400
v 0.00439100 -0.07822400 0.07577300
v 0.00439100 -0.06729900 0.09469600
v 0.00235600 -0.07732600 0.07525500
v 0.00235600 -0.06640100 0.09417800
v 0.00010000 -0.07701700 0.07507600
v 0.00010000 -0.06609200 0.09399900
v -0.00215600 -0.07732600 0.07525500
v -0.00215600 -0.06640100 0.09417800
v -0.00419100 -0.07822400 0.07577300
v -0.00419100 -0.06729900 0.09469600
v -0.00580600 -0.07962300 0.07658100
v -0.00580600 -0.06869800 0.09550400
v -0.00684300 -0.08138500 0.07759800
v -0.00684300 -0.07046000 0.09652100
v -0.03482500 -0.07967400 0.07661000
v -0.03584800 -0.08141200 0.07761400
v -0.03323200 -0.08838300 0.08163900
v -0.02317500 -0.07967400 0.07661000
v -0.02677500 -0.08926900 0.08215000
v -0.02215200 -0.08141200 0.07761400
v -0.02476800 -0.08838300 0.08163900
v -0.02317500 -0.08700400 0.08084200
v -0.02215200 -0.08526600 0.07983900
v -0.02180000 -0.08333900 0.07872600
v -0.03122500 -0.08926900 0.08215000
v -0.02900000 -0.08957400 0.08232600
v -0.02677500 -0.07740900 0.07530300
v -0.02476800 -0.07829400 0.07581400
v -0.02900000 -0.07710400 0.07512600
v -0.03122500 -0.07740900 0.07530300
v -0.03323200 -0.07829400 0.07581400
v -0.03620000 -0.08333900 0.07872600
v -0.03584800 -0.08526600 0.07983900
v -0.03482500 -0.08700400 0.08084200
v -0.03620000 -0.08333900 0.07872600
v -0.03620000 -0.07266400 0.09721600
v -0.03584800 -0.08526600 0.07983900
v -0.03584800 -0.07459100 0.09832900
v -0.03482500 -0.08700400 0.08084200
v -0.03482500 -0.07632900 0.09933200
v -0.03323200 -0.08838300 0.08163900
v -0.03323200 -0.07770800 0.10012900
v -0.03122500 -0.08926900 0.08215000
v -0.03122500 -0.07859400 0.10064000
v -0.02900000 -0.08957400 0.08232600
v -0.02900000 -0.07889900 0.10081600
v -0.02677500 -0.08926900 0.08215000
v -0.02677500 -0.07859400 0.10064000
v -0.02476800 -0.08838300 0.08163900
v -0.02476800 -0.07770800 0.10012900
v -0.02317500 -0.08700400 0.08084200
v -0.02317500 -0.07632900 0.09933200
v -0.02215200 -0.08526600 0.07983900
v -0.02215200 -0.07459100 0.09832900
v -0.02180000 -0.08333900 0.07872600
v -0.02180000 -0.07266400 0.09721600
v -0.02215200 -0.08141200 0.07761400
v -0.02215200 -0.07073700 0.09610400
v -0.02317500 -0.07967400 0.07661000
v -0.02317500 -0.06899900 0.09510000
v -0.02476800 -0.07829400 0.07581400
v -0.02476800 -0.06761900 0.09430400
v -0.02677500 -0.07740900 0.07530300
v -0.02677500 -0.06673400 0.09379200
v -0.02900000 -0.07710400 0.07512600
v -0.02900000 -0.06642900 0.09361600
v -0.03122500 -0.07740900 0.07530300
v -0.03122500 -0.06673400 0.09379200
v -0.03323200 -0.07829400 0.07581400
v -0.03323200 -0.06761900 0.09430400
v -0.03482500 -0.07967400 0.07661000
v -0.03482500 -0.06899900 0.09510000
v -0.03584800 -0.08141200 0.07761400
v -0.03584800 -0.07073700 0.09610400
v -0.03122500 -0.06673400 0.09379200
v -0.02900000 -0.06642900 0.09361600
v -0.03323200 -0.07770800 0.10012900
v -0.02677500 -0.07859400 0.10064000
v -0.02900000 -0.07889900 0.10081600
v -0.02476800 -0.06761900 0.09430400
v -0.02677500 -0.06673400 0.09379200
v -0.03122500 -0.07859400 0.10064000
v -0.02180000 -0.07266400 0.09721600
v -0.02215200 -0.07459100 0.09832900
v -0.02215200 -0.07073700 0.09610400
v -0.02317500 -0.07632900 0.09933200
v -0.02317500 -0.06899900 0.09510000
v -0.02476800 -0.07770800 0.10012900
v -0.03584800 -0.07073700 0.09610400
v -0.03482500 -0.06899900 0.09510000
v -0.03323200 -0.06761900 0.09430400
v -0.03482500 -0.07632900 0.09933200
v -0.03584800 -0.07459100 0.09832900
v -0.03620000 -0.07266400 0.09721600
f 1 2 3
f 4 5 6
f 7 8 9
f 10 11 12
f 11 13 12
f 12 13 14
f 12 14 15
f 16 17 18
f 18 17 19
f 18 19 20
f 20 19 21
f 20 21 5
f 22 12 23
f 23 12 6
f 23 6 24
f 25 10 26
f 26 10 12
f 26 12 27
f 27 12 22
f 21 28 5
f 5 28 29
f 5 29 6
f 6 29 30
f 6 30 24
f 14 31 15
f 15 31 32
f 15 32 33
f 34 35 20
f 20 35 36
f 20 36 18
f 32 37 33
f 33 37 38
f 33 38 34
f 34 38 39
f 34 39 35
f 40 41 42
f 42 43 44
f 44 43 45
f 44 46 42
f 42 46 47
f 42 47 48
f 49 50 48
f 48 50 51
f 48 51 42
f 42 51 52
f 42 52 40
f 40 53 41
f 41 53 54
f 41 54 55
f 56 57 58
f 58 57 59
f 58 59 60
f 60 59 55
f 60 55 61
f 61 55 54
f 56 62 57
f 57 62 63
f 57 63 64
f 64 65 57
f 57 65 66
f 57 66 67
f 66 68 67
f 67 68 69
f 67 69 70
f 70 69 71
f 70 71 43
f 43 71 72
f 43 72 45
f 73 74 75
f 76 77 78
f 79 80 81
f 82 74 83
f 83 74 84
f 83 84 85
f 86 87 88
f 73 75 2
f 87 89 88
f 88 89 90
f 88 90 91
f 81 75 79
f 79 75 74
f 79 74 92
f 92 74 82
f 93 94 95
f 78 77 96
f 96 77 97
f 96 97 98
f 95 99 93
f 93 99 98
f 93 98 84
f 84 98 97
f 84 97 85
f 75 100 2
f 2 100 101
f 2 101 3
f 3 101 102
f 3 102 103
f 103 102 104
f 105 106 88
f 88 106 107
f 88 107 86
f 104 108 103
f 103 108 109
f 103 109 105
f 105 109 110
f 105 110 106
f 111 112 113
f 113 112 114
f 113 114 115
f 116 117 118
f 111 119 112
f 112 119 120
f 112 120 121
f 122 123 116
f 116 123 124
f 116 124 117
f 121 125 112
f 112 125 126
f 112 126 122
f 122 126 127
f 122 127 123
f 128 129 130
f 130 129 131
f 130 131 132
f 132 7 130
f 130 7 9
f 130 9 133
f 133 9 134
f 133 134 135
f 115 136 137
f 137 136 138
f 137 138 139
f 139 138 140
f 141 142 143
f 143 142 144
f 144 142 145
f 144 145 146
f 145 147 146
f 146 147 41
f 146 41 148
f 148 41 55
f 4 6 149
f 149 6 150
f 149 150 151
f 152 138 153
f 153 138 154
f 153 154 155
f 155 154 151
f 155 151 156
f 156 151 150
f 115 114 136
f 136 114 157
f 136 157 138
f 138 157 158
f 138 158 154
f 88 159 160
f 118 128 116
f 116 128 130
f 116 130 161
f 161 130 162
f 163 164 130
f 130 164 165
f 130 165 162
f 166 167 78
f 78 167 168
f 161 169 116
f 116 169 170
f 116 170 171
f 171 170 166
f 171 166 78
f 91 76 88
f 88 76 78
f 88 78 159
f 159 78 168
f 172 173 174
f 174 173 175
f 174 175 176
f 177 42 178
f 178 42 41
f 178 41 179
f 179 41 147
f 177 180 42
f 42 180 181
f 42 181 105
f 181 182 105
f 105 182 183
f 105 183 103
f 103 183 184
f 152 185 138
f 138 185 133
f 138 133 140
f 140 133 135
f 186 12 187
f 187 12 133
f 187 133 188
f 188 133 185
f 186 189 12
f 12 189 190
f 12 190 6
f 6 190 191
f 6 191 150
f 172 1 173
f 173 1 3
f 173 3 143
f 143 3 103
f 143 103 141
f 141 103 184
f 192 193 15
f 194 195 42
f 33 70 15
f 15 70 43
f 15 43 192
f 192 43 196
f 193 197 15
f 15 197 198
f 15 198 12
f 12 198 199
f 12 199 200
f 200 194 12
f 12 194 42
f 12 42 133
f 133 42 105
f 133 105 130
f 130 105 88
f 130 88 163
f 163 88 160
f 195 201 42
f 42 201 202
f 42 202 43
f 43 202 203
f 43 203 196
f 204 205 206
f 204 206 207
f 207 206 208
f 207 208 209
f 209 208 210
f 209 210 211
f 211 210 212
f 211 212 213
f 213 212 214
f 213 214 215
f 215 214 216
f 215 216 217
f 217 216 218
f 217 218 219
f 219 218 220
f 219 220 221
f 221 220 222
f 221 222 223
f 223 222 224
f 223 224 225
f 225 224 226
f 225 226 227
f 227 226 228
f 227 228 229
f 229 228 230
f 229 230 231
f 231 230 232
f 231 232 233
f 233 232 234
f 233 234 235
f 235 234 236
f 235 236 237
f 237 236 238
f 237 238 239
f 239 238 240
f 239 240 241
f 241 240 242
f 241 242 243
f 243 242 244
f 243 244 245
f 245 244 246
f 245 246 247
f 247 246 248
f 247 248 249
f 250 251 252
f 253 254 255
f 253 255 256
f 257 258 259
f 260 261 252
f 252 261 262
f 252 262 263
f 263 262 264
f 263 264 265
f 252 251 260
f 260 251 266
f 260 266 267
f 268 269 270
f 266 271 267
f 267 271 272
f 267 272 273
f 273 272 274
f 275 276 277
f 277 276 278
f 277 278 279
f 279 278 280
f 279 280 281
f 282 283 284
f 285 286 287
f 287 286 282
f 287 282 288
f 288 282 284
f 288 284 289
f 290 291 284
f 284 291 292
f 284 292 289
f 293 294 252
f 295 296 293
f 250 252 297
f 297 252 294
f 297 294 290
f 290 294 298
f 290 298 291
f 299 263 300
f 300 263 301
f 300 301 302
f 299 303 263
f 263 303 304
f 263 304 252
f 252 304 305
f 252 305 306
f 307 308 252
f 293 252 295
f 295 252 308
f 295 308 309
f 306 310 252
f 252 310 311
f 252 311 307
f 307 311 312
f 307 312 313
f 302 301 314
f 314 301 315
f 314 315 316
f 316 315 317
f 316 317 312
f 312 317 318
f 312 318 313
f 263 319 301
f 301 319 320
f 301 320 321
f 321 320 322
f 321 322 323
f 323 324 325
f 325 324 326
f 325 326 327
f 328 329 330
f 330 329 331
f 330 331 332
f 332 331 333
f 332 333 334
f 335 336 337
f 336 338 339
f 339 338 340
f 339 340 341
f 342 343 344
f 344 343 341
f 344 341 345
f 268 346 347
f 348 349 272
f 270 274 268
f 268 274 272
f 268 272 346
f 346 272 349
f 347 350 268
f 268 350 351
f 268 351 352
f 352 351 353
f 352 353 354
f 354 353 355
f 354 355 356
f 356 355 357
f 356 357 358
f 357 359 358
f 358 359 360
f 358 360 272
f 272 360 361
f 272 361 348
f 362 363 333
f 333 363 364
f 333 364 334
f 334 364 365
f 334 365 255
f 255 365 366
f 255 366 367
f 259 256 257
f 257 256 255
f 257 255 368
f 368 255 367
f 368 369 257
f 257 369 370
f 257 370 326
f 326 370 371
f 326 371 327
f 327 371 372
f 327 372 373
f 373 372 374
f 373 374 362
f 362 374 375
f 362 375 363
f 340 376 341
f 341 376 377
f 341 377 345
f 345 377 378
f 345 378 279
f 279 378 379
f 277 380 335
f 335 380 381
f 335 381 336
f 336 381 382
f 336 382 338
f 379 383 279
f 279 383 384
f 279 384 277
f 277 384 385
f 277 385 380
f 322 386 323
f 323 386 387
f 323 387 324
f 324 387 388
f 324 388 326
f 388 389 326
f 326 389 390
f 326 390 257
f 257 390 391
f 257 391 258
f 258 391 392
f 258 392 265
f 265 392 393
f 265 393 263
f 263 393 394
f 263 394 319
f 352 395 268
f 268 395 396
f 268 396 269
f 269 396 397
f 269 397 281
f 281 397 398
f 281 398 279
f 279 398 399
f 279 399 345
f 399 400 345
f 345 400 401
f 345 401 344
f 344 401 402
f 344 402 342
f 342 402 403
f 342 403 404
f 404 403 405
f 404 405 406
f 406 405 407
f 406 407 352
f 352 407 408
f 352 408 395
f 271 409 272
f 272 409 410
f 272 410 358
f 358 410 411
f 358 411 282
f 282 411 412
f 282 412 283
f 413 335 414
f 414 335 337
f 414 337 328
f 328 330 414
f 414 330 415
f 414 415 413
f 334 416 332
f 332 416 417
f 332 417 330
f 330 417 418
f 330 418 415
f 413 419 335
f 335 419 420
f 335 420 277
f 277 420 421
f 277 421 275
f 275 421 422
f 275 422 254
f 254 422 423
f 254 423 255
f 255 423 424
f 255 424 334
f 334 424 425
f 334 425 416
f 426 427 428
f 428 427 429
f 427 430 429
f 429 430 431
f 429 431 432
f 432 431 433
f 432 433 434
f 434 433 435
f 434 435 436
f 436 435 437
f 436 437 438
f 438 437 439
f 438 439 440
f 440 439 441
f 440 441 442
f 442 441 443
f 442 443 444
f 444 443 445
f 444 445 446
f 446 445 447
f 446 447 448
f 448 447 449
f 448 449 450
f 450 449 451
f 450 451 452
f 452 451 453
f 452 453 454
f 454 453 455
f 454 455 456
f 456 455 457
f 456 457 458
f 458 457 459
f 458 459 460
f 460 459 461
f 460 461 462
f 462 461 463
f 462 463 464
f 464 463 426
f 464 426 465
f 465 426 428
f 466 467 468
f 466 468 469
f 470 471 468
f 468 471 472
f 468 472 469
f 473 474 468
f 468 474 475
f 468 475 470
f 476 477 468
f 468 477 478
f 468 478 473
f 479 480 468
f 468 480 481
f 468 481 476
f 482 483 468
f 468 483 484
f 468 484 479
f 467 485 468
f 468 485 486
f 468 486 482
f 487 488 489
f 489 488 490
f 489 490 491
f 491 490 492
f 491 492 493
f 493 492 494
f 495 496 497
f 497 496 498
f 499 500 501
f 501 500 502
f 501 502 503
f 503 502 504
f 505 506 507
f 507 506 508
f 507 508 509
f 509 508 510
f 509 510 511
f 511 510 512
f 513 514 515
f 515 514 516
f 515 516 517
f 517 516 518
f 519 520 521
f 521 520 522
f 523 524 525
f 525 524 526
f 525 526 527
f 527 526 528
f 527 528 529
f 529 528 530
f 529 530 531
f 531 530 532
f 531 532 533
f 533 532 534
f 533 534 535
f 535 534 536
f 535 536 537
f 537 536 538
f 537 538 539
f 539 538 540
f 539 540 541
f 541 540 542
f 541 542 543
f 543 542 544
f 543 544 545
f 545 544 546
f 545 546 523
f 523 546 524
f 547 548 549
f 549 548 550
f 551 552 553
f 554 555 556
f 557 558 559
f 559 558 560
f 559 560 561
f 561 560 562
f 563 564 565
f 565 564 566
f 567 568 569
f 569 568 570
f 569 570 571
f 571 570 572
f 573 574 575
f 575 574 576
f 575 576 577
f 577 576 578
f 579 580 581
f 581 580 582
f 583 584 585
f 585 584 586
f 587 588 589
f 589 588 590
f 589 590 591
f 591 590 550
f 591 550 592
f 592 550 548
f 593 594 595
f 595 594 596
f 595 596 597
f 597 596 598
f 599 600 601
f 601 600 602
f 603 604 605
f 605 604 606
f 605 606 607
f 607 606 608
f 607 608 609
f 609 608 610
f 611 612 613
f 613 612 614
f 615 616 617
f 617 616 618
f 617 618 619
f 619 618 620
f 621 622 623
f 623 622 624
f 623 624 625
f 625 624 626
f 625 626 627
f 627 626 628
f 629 630 631
f 631 630 632
f 631 632 633
f 633 632 634
f 633 634 635
f 635 634 636
f 635 636 637
f 637 636 638
f 637 638 639
f 639 638 640
f 639 640 641
f 641 640 642
f 641 642 643
f 643 642 644
f 643 644 645
f 645 644 646
f 645 646 647
f 647 646 648
f 647 648 649
f 649 648 650
f 649 650 651
f 651 650 652
f 651 652 629
f 629 652 630
f 653 654 655
f 655 654 656
f 657 658 659
f 660 661 662
f 663 664 665
f 665 664 666
f 667 668 669
f 669 668 670
f 671 672 673
f 673 672 674
f 675 676 677
f 677 676 678
f 677 678 679
f 679 678 680
f 681 682 683
f 683 682 684
f 683 684 685
f 685 684 686
f 687 688 689
f 689 688 690
f 691 692 693
f 693 692 694
f 693 694 695
f 695 694 696
f 695 696 697
f 697 696 656
f 697 656 698
f 698 656 654
f 699 700 701
f 701 700 702
f 703 704 705
f 705 704 706
f 705 706 707
f 707 706 708
f 709 710 711
f 711 710 712
f 711 712 713
f 713 712 714
f 713 714 715
f 715 714 716
f 717 718 719
f 719 718 720
f 719 720 721
f 721 720 722
f 723 724 725
f 725 724 726
f 727 728 729
f 729 728 730
f 729 730 731
f 731 730 732
f 731 732 733
f 733 732 734
f 735 736 737
f 737 736 738
f 737 738 739
f 739 738 740
f 739 740 741
f 741 740 742
f 741 742 743
f 743 742 744
f 743 744 745
f 745 744 746
f 745 746 747
f 747 746 748
f 747 748 749
f 749 748 750
f 749 750 751
f 751 750 752
f 751 752 753
f 753 752 754
f 753 754 755
f 755 754 756
f 755 756 757
f 757 756 758
f 757 758 735
f 735 758 736
f 759 760 761
f 761 760 762
f 763 764 765
f 766 767 768
f 769 770 771
f 771 770 772
f 773 774 775
f 775 774 776
f 777 778 779
f 779 778 780
f 781 782 783
f 783 782 784
f 783 784 785
f 785 784 786
f 787 788 789
f 789 788 790
f 789 790 791
f 791 790 792
f 793 794 795
f 795 794 796
f 797 798 799
f 799 798 800
f 799 800 801
f 801 800 802
f 801 802 803
f 803 802 762
f 803 762 804
f 804 762 760
f 805 806 807
f 807 806 808
f 807 808 809
f 809 808 810
f 809 810 811
f 811 810 812
f 813 814 815
f 815 814 816
f 815 816 817
f 817 816 818
f 819 820 821
f 821 820 822
f 823 824 825
f 825 824 826
f 825 826 827
f 827 826 828
f 827 828 829
f 829 828 830
f 831 832 833
f 833 832 834
f 835 836 837
f 837 836 838
f 837 838 839
f 839 838 840
f 841 842 843
f 843 842 844
f 843 844 845
f 845 844 846
f 845 846 847
f 847 846 848
f 847 848 849
f 849 848 850
f 849 850 851
f 851 850 852
f 851 852 853
f 853 852 854
f 853 854 855
f 855 854 856
f 855 856 857
f 857 856 858
f 857 858 859
f 859 858 860
f 859 860 861
f 861 860 862
f 861 862 863
f 863 862 864
f 863 864 841
f 841 864 842
f 865 866 867
f 867 866 868
f 869 870 871
f 872 873 874
f 875 876 877
f 877 876 878
f 877 878 879
f 879 878 880
f 881 882 883
f 883 882 884
f 885 886 887
f 887 886 888
f 887 888 889
f 889 888 890
f 891 892 893
f 893 892 894
f 893 894 895
f 895 894 896
f 897 898 899
f 899 898 900
f 901 902 903
f 903 902 904
f 905 906 907
f 907 906 908
f 907 908 909
f 909 908 868
f 909 868 910
f 910 868 866
f 911 912 913
f 913 912 914
f 915 916 917
f 917 916 918
f 919 920 921
f 921 920 922
f 923 924 925
f 925 924 926
f 925 926 927
f 927 926 928
f 927 928 929
f 929 928 930
f 931 932 933
f 933 932 934
f 933 934 935
f 935 934 936
f 935 936 937
f 937 936 938
f 939 940 941
f 941 940 942
f 943 944 945
f 945 944 946
f 947 948 911
f 911 948 912
f 949 950 951
f 951 950 952
f 953 954 955
f 955 954 956
f 957 958 959
f 959 958 960
f 959 960 961
f 961 960 962
f 963 964 965
f 965 964 966
f 967 968 969
f 969 968 970
f 971 972 973
f 973 972 974
f 973 974 975
f 975 974 976
f 975 976 977
f 977 976 978
f 979 980 981
f 981 980 982
f 981 982 983
f 983 982 984
f 983 984 985
f 985 984 986
f 987 988 989
f 989 988 990
f 989 990 991
f 991 990 992
f 991 992 993
f 993 992 994
f 995 996 997
f 997 996 998
f 999 1000 1001
f 1001 1000 1002
f 1003 1004 1005
f 1005 1004 1006
f 1005 1006 1007
f 1007 1006 1008
f 1009 1010 1011
f 1011 1010 1012
f 1013 1014 1015
f 1015 1014 1016
f 1017 1018 1019
f 1019 1018 1020
f 1019 1020 1021
f 1021 1020 1022
f 1021 1022 1023
f 1023 1022 1024
f 1025 1026 1027
f 1027 1026 1028
f 1027 1028 1029
f 1029 1028 1030
f 1029 1030 1031
f 1031 1030 1032
f 1033 1034 1035
f 1035 1034 1036
f 1035 1036 1037
f 1037 1036 1038
f 1037 1038 1039
f 1039 1038 1040
f 1041 1042 1043
f 1043 1042 1044
f 1045 1046 1047
f 1047 1046 1048
f 1049 1050 1051
f 1051 1050 1052
f 1051 1052 1053
f 1053 1052 1054
f 1055 1056 1057
f 1057 1056 1058
f 1059 1060 1061
f 1061 1060 1062
f 1063 1064 1065
f 1065 1064 1066
f 1065 1066 1067
f 1068 1069 1070
f 1070 1069 1071
f 1070 1071 1072
f 1072 1071 1073
f 1067 1074 1065
f 1065 1074 1075
f 1065 1075 1071
f 1071 1075 1076
f 1071 1076 1073
f 249 248 1077
f 1077 248 1078
f 1077 1078 1079
f 1078 1080 1079
f 1079 1080 1081
f 1079 1081 1082
f 1082 1081 1083
f 1082 1083 1084
f 1084 1083 1085
f 1084 1085 1086
f 1086 1085 1087
f 1087 1088 1086
f 1086 1088 1089
f 1086 1089 1090
f 1090 1089 1091
f 1090 1091 1092
f 1093 1094 1095
f 1096 1097 1093
f 1098 1096 1099
f 1099 1096 1093
f 1099 1093 1100
f 1100 1093 1095
f 1101 1102 1103
f 1103 1102 1104
f 1103 1104 1105
f 1105 1104 1106
f 1099 1107 1098
f 1098 1107 1108
f 1098 1108 1109
f 1109 1108 1105
f 1109 1105 1110
f 1110 1105 1106
f 1111 1112 1113
f 1113 1112 1114
f 1113 1114 1115
f 1116 1117 1118
f 1118 1117 1119
f 1118 1119 1120
f 1120 1119 1121
f 1111 1122 1112
f 1112 1122 1123
f 1112 1123 1119
f 1119 1123 1124
f 1119 1124 1121
f 1125 1126 1127
f 1127 1128 1125
f 1125 1128 1129
f 1125 1129 1130
f 1130 1129 1131
f 1132 1133 1134
f 1134 1133 1135
f 1134 1135 1131
f 1131 1135 1136
f 1131 1136 1130
f 1137 1138 1139
f 1140 1141 1137
f 1142 1140 1143
f 1143 1140 1137
f 1143 1137 1144
f 1144 1137 1139
f 1145 1146 1147
f 1147 1146 1142
f 1147 1142 1148
f 1148 1142 1143
f 1149 1150 1151
f 1151 1150 1152
f 1153 1154 1155
f 1155 1154 1156
f 1157 1158 1159
f 1160 1161 1162
f 1162 1161 1163
f 1162 1163 1164
f 1164 1163 1165
f 1164 1165 1166
f 1157 1159 1167
f 1167 1159 1168
f 1167 1168 1169
f 1169 1170 1167
f 1167 1170 1171
f 1167 1171 1162
f 1162 1171 1172
f 1162 1172 1160
f 1173 1174 1175
f 1176 1177 1178
f 1177 1179 1178
f 1178 1179 1180
f 1178 1180 1181
f 1181 1180 1182
f 1181 1182 1183
f 1183 1184 1181
f 1181 1184 1185
f 1181 1185 1173
f 1173 1185 1186
f 1173 1186 1174
f 1176 1178 1187
f 1187 1178 1188
f 1187 1188 1189
f 1175 1190 1173
f 1173 1190 1191
f 1173 1191 1188
f 1188 1191 1192
f 1188 1192 1189
f 1193 1194 1195
f 1196 1197 1198
f 1199 1200 1201
f 1201 1200 1202
f 1203 1204 1205
f 1206 1207 1208
f 1198 1197 1209
f 1209 1197 1210
f 1209 1210 1211
f 1203 1205 1208
f 1208 1205 1212
f 1208 1212 1206
f 1206 1212 1213
f 1206 1213 1214
f 1206 1215 1198
f 1198 1215 1216
f 1198 1216 1196
f 1217 1218 1219
f 1219 1218 1220
f 1219 1220 1221
f 1221 1220 1202
f 1221 1202 1222
f 1222 1202 1200
f 1214 1223 1206
f 1206 1223 1224
f 1206 1224 1215
f 1211 1225 1209
f 1209 1225 1226
f 1209 1226 1195
f 1195 1226 1227
f 1195 1227 1228
f 1228 1229 1195
f 1195 1229 1230
f 1195 1230 1231
f 1232 1233 1221
f 1223 1234 1224
f 1224 1234 1235
f 1224 1235 1233
f 1233 1235 1236
f 1233 1236 1221
f 1222 1237 1221
f 1221 1237 1238
f 1221 1238 1232
f 1232 1238 1239
f 1232 1239 1227
f 1227 1239 1240
f 1227 1240 1228
f 1193 1195 1241
f 1241 1195 1231
f 1241 1231 1242
f 1243 1244 1245
f 1245 1244 1246
f 1247 1248 1249
f 1249 1248 1250
f 1249 1250 1251
f 1252 1253 1254
f 1254 1253 1255
f 1256 1257 1258
f 1258 1257 1259
f 1258 1259 1255
f 1255 1259 1260
f 1255 1260 1254
f 1261 1262 1263
f 1263 1262 1264
f 1265 1266 1267
f 1267 1266 1268
f 1269 1270 1271
f 1272 1273 1274
f 1275 1269 1276
f 1276 1269 1271
f 1276 1271 1274
f 1274 1271 1277
f 1274 1277 1272
f 1272 1277 1278
f 1279 1280 1281
f 1281 1280 1282
f 1283 1284 1285
f 1284 1286 1285
f 1285 1286 1287
f 1285 1287 1288
f 1289 1290 1291
f 1291 1290 1292
f 1291 1292 1293
f 1293 1292 1294
f 1293 1294 1295
f 1295 1294 1296
f 1294 1297 1296
f 1296 1297 1298
f 1296 1298 1299
f 1299 1298 1300
f 1299 1300 1301
f 1301 1300 1302
f 1303 1304 1305
f 1306 1307 1289
f 1289 1307 1308
f 1289 1308 1290
f 1290 1308 1309
f 1290 1309 1310
f 1303 1305 1311
f 1311 1305 1283
f 1311 1283 1312
f 1312 1283 1285
f 1312 1285 1302
f 1302 1285 1313
f 1302 1313 1301
f 1314 1315 1316
f 1316 1315 1317
f 1316 1317 1318
f 1319 1320 1315
f 1321 1322 1323
f 1324 1303 1325
f 1325 1303 1326
f 1325 1326 1310
f 1310 1326 1327
f 1310 1327 1290
f 1328 1319 1329
f 1329 1319 1315
f 1329 1315 1289
f 1289 1315 1314
f 1289 1314 1306
f 1287 1330 1288
f 1288 1330 1331
f 1288 1331 1332
f 1332 1331 1333
f 1332 1333 1334
f 1321 1323 1335
f 1318 1317 1336
f 1336 1317 1337
f 1336 1337 1338
f 1338 1337 1339
f 1338 1339 1324
f 1324 1339 1340
f 1324 1340 1303
f 1304 1303 1341
f 1341 1303 1340
f 1341 1340 1342
f 1342 1340 1343
f 1342 1343 1344
f 1344 1343 1335
f 1344 1335 1333
f 1333 1335 1323
f 1333 1323 1334
f 1345 1346 1347
f 1347 1346 1348
f 1349 1350 1351
f 1351 1350 1352
f 1351 1352 1353
f 1353 1352 1354
f 1355 1356 1357
f 1357 1356 1358
f 1357 1358 1359
f 1359 1358 1360
f 1359 1360 1361
f 1361 1360 1362
f 1361 1362 1363
f 1363 1362 1364
f 1363 1364 1365
f 1365 1364 1366
f 1365 1366 1367
f 1367 1366 1368
f 1367 1368 1349
f 1349 1368 1350
f 1369 1370 1371
f 1371 1370 1372
f 1371 1372 1355
f 1355 1372 1356
f 1373 1374 1375
f 1375 1374 1376
f 1375 1376 1377
f 1373 1378 1374
f 1374 1378 1379
f 1374 1379 1380
f 1380 1379 1381
f 1381 1382 1380
f 1380 1382 1383
f 1380 1383 1384
f 1384 1383 1385
f 1385 1386 1384
f 1384 1386 1387
f 1384 1387 1376
f 1376 1387 1388
f 1376 1388 1377
f 1389 1390 1391
f 1391 1390 1392
f 1393 1394 1395
f 1395 1394 1396
f 1395 1396 1397
f 1393 1398 1394
f 1394 1398 1399
f 1394 1399 1400
f 1399 1401 1400
f 1400 1401 1402
f 1400 1402 1403
f 1403 1402 1404
f 1403 1404 1405
f 1405 1406 1403
f 1403 1406 1407
f 1403 1407 1396
f 1396 1407 1408
f 1396 1408 1397
f 1409 1410 1411
f 1411 1410 1412
f 1413 1414 1415
f 1415 1414 1416
f 1417 1418 1419
f 1414 1420 1416
f 1416 1420 1417
f 1416 1417 1421
f 1421 1417 1419
f 1422 1423 1424
f 1424 1423 1415
f 1424 1415 1425
f 1425 1415 1416
f 1425 1416 1426
f 1426 1416 1427
f 1428 1429 1430
f 1430 1429 1431
f 1430 1431 1432
f 1428 1430 1433
f 1433 1430 1434
f 1433 1434 1435
f 1431 1436 1432
f 1432 1436 1437
f 1432 1437 1438
f 1438 1437 1439
f 1438 1439 1440
f 1440 1441 1438
f 1438 1441 1442
f 1438 1442 1434
f 1434 1442 1443
f 1434 1443 1435
f 1444 1445 1446
f 1446 1445 1447
f 1448 1449 1450
f 1450 1449 1451
f 1452 1453 1454
f 1454 1453 1455
f 1454 1455 1456
f 1456 1455 1457
f 1457 1458 1456
f 1456 1458 1459
f 1456 1459 1450
f 1450 1459 1460
f 1450 1460 1448
f 1449 1461 1451
f 1451 1461 1462
f 1451 1462 1454
f 1454 1462 1463
f 1454 1463 1452
f 1464 1465 1466
f 1466 1465 1467
f 1468 1469 1470
f 1471 1472 1473
f 1473 1472 1474
f 1473 1474 1475
f 1475 1474 1470
f 1470 1474 1476
f 1470 1476 1477
f 1478 1479 1480
f 1480 1479 1468
f 1480 1468 1481
f 1481 1468 1470
f 1481 1470 1482
f 1482 1470 1477
f 1483 1484 1485
f 1485 1484 1486
f 1487 1488 1489
f 1489 1488 1490
f 1489 1490 1491
f 1492 1493 1494
f 1492 1494 1490
f 1490 1494 1495
f 1490 1495 1491
f 1496 1497 1498
f 1496 1498 1492
f 1492 1498 1499
f 1492 1499 1493
f 1487 1500 1488
f 1488 1500 1501
f 1488 1501 1496
f 1496 1501 1502
f 1496 1502 1497
f 1503 1504 1505
f 1505 1504 1506
f 1507 1508 1509
f 1509 1508 1510
f 1509 1510 1511
f 1512 1513 1514
f 1514 1513 1515
f 1514 1515 1510
f 1510 1515 1516
f 1510 1516 1511
f 1517 1518 1514
f 1514 1518 1519
f 1514 1519 1512
f 1507 1520 1508
f 1508 1520 1521
f 1508 1521 1517
f 1517 1521 1522
f 1517 1522 1518
f 1523 1524 1525
f 1526 1527 1525
f 1525 1527 1528
f 1529 1530 1531
f 1532 1533 1534
f 1534 1533 1526
f 1534 1526 1535
f 1535 1526 1525
f 1531 1523 1529
f 1529 1523 1525
f 1529 1525 1536
f 1536 1525 1528
f 1536 1528 1537
f 1538 1539 1540
f 1540 1539 1541
f 1542 1543 1544
f 1544 1543 1545
f 1543 1546 1545
f 1545 1546 1547
f 1545 1547 1548
f 1548 1547 1549
f 1548 1549 1550
f 1550 1551 1548
f 1548 1551 1552
f 1548 1552 1553
f 1553 1552 1554
f 1554 1555 1553
f 1553 1555 1556
f 1553 1556 1544
f 1544 1556 1557
f 1544 1557 1542
f 1558 1559 1560
f 1560 1559 1561
f 1562 1563 1564
f 1564 1563 1565
f 1563 1566 1565
f 1565 1566 1567
f 1565 1567 1568
f 1568 1567 1569
f 1568 1569 1570
f 1570 1571 1568
f 1568 1571 1572
f 1568 1572 1573
f 1573 1572 1574
f 1574 1575 1573
f 1573 1575 1576
f 1573 1576 1564
f 1564 1576 1577
f 1564 1577 1562
f 1578 1579 1580
f 1581 1582 1580
f 1580 1582 1583
f 1584 1585 1586
f 1586 1585 1578
f 1586 1578 1587
f 1587 1578 1580
f 1587 1580 1588
f 1588 1580 1583
f 1589 1590 1591
f 1591 1590 1581
f 1591 1581 1592
f 1592 1581 1580
f 1593 1594 1595
f 1595 1594 1596
f 1595 1596 1597
f 1597 1596 1598
f 1599 1600 1601
f 1601 1600 1602
f 1601 1602 1603
f 1603 1602 1604
f 1603 1604 1605
f 1605 1604 1606
f 1607 1608 1609
f 1609 1608 1610
f 1609 1610 1611
f 1611 1610 1612
f 1613 1614 1615
f 1615 1614 1616
f 1615 1616 1617
f 1617 1616 1618
f 1619 1620 1621
f 1621 1620 1622
f 1623 1624 1625
f 1625 1624 1626
f 1625 1626 1627
f 1627 1626 1628
f 1629 1630 1631
f 1631 1630 1632
f 1631 1632 1633
f 1633 1632 1634
f 1633 1634 1635
f 1635 1634 1636
f 1635 1636 1637
f 1637 1636 1638
f 1637 1638 1639
f 1639 1638 1640
f 1639 1640 1641
f 1641 1640 1642
f 1641 1642 1643
f 1643 1642 1644
f 1643 1644 1645
f 1645 1644 1646
f 1645 1646 1647
f 1647 1646 1648
f 1647 1648 1649
f 1649 1648 1650
f 1649 1650 1651
f 1651 1650 1652
f 1651 1652 1653
f 1653 1652 1629
f 1653 1629 1631
f 1654 1655 1656
f 1656 1655 1657
f 1658 1659 1660
f 1660 1659 1661
f 1660 1661 1662
f 1662 1661 1663
f 1662 1663 1664
f 1664 1663 1665
f 1666 1667 1668
f 1668 1667 1669
f 1668 1669 1670
f 1670 1669 1671
f 1672 1673 1674
f 1674 1673 1675
f 1674 1675 1676
f 1676 1675 1677
f 1678 1679 1680
f 1680 1679 1681
f 1682 1683 1684
f 1684 1683 1685
f 1684 1685 1686
f 1686 1685 1687
f 1688 1689 1654
f 1654 1689 1655
f 1690 1691 1692
f 1691 1690 1693
f 1690 1694 1693
f 1693 1694 1695
f 1693 1695 1696
f 1696 1695 1697
f 1696 1697 1698
f 1698 1697 1699
f 1698 1699 1700
f 1700 1699 1701
f 1700 1701 1702
f 1702 1701 1703
f 1702 1703 1704
f 1704 1703 1705
f 1704 1705 1706
f 1706 1705 1707
f 1706 1707 1708
f 1708 1707 1709
f 1708 1709 1710
f 1710 1709 1711
f 1710 1711 1712
f 1712 1711 1713
f 1712 1713 1692
f 1692 1713 1714
f 1692 1714 1690
f 1715 1716 1717
f 1717 1716 1718
f 1717 1718 1719
f 1719 1718 1720
f 1721 1722 1723
f 1723 1722 1724
f 1723 1724 1725
f 1725 1724 1726
f 1727 1728 1729
f 1729 1728 1730
f 1731 1732 1733
f 1733 1732 1734
f 1733 1734 1735
f 1735 1734 1736
f 1735 1736 1737
f 1737 1736 1738
f 1737 1738 1739
f 1739 1738 1740
f 1739 1740 1741
f 1741 1740 1742
f 1743 1744 1745
f 1745 1744 1746
f 1747 1748 1715
f 1715 1748 1716
f 1749 1750 1751
f 1751 1750 1752
f 1751 1752 1753
f 1753 1752 1754
f 1753 1754 1755
f 1755 1754 1756
f 1755 1756 1757
f 1757 1756 1758
f 1757 1758 1759
f 1759 1758 1760
f 1759 1760 1761
f 1761 1760 1762
f 1761 1762 1763
f 1763 1762 1764
f 1763 1764 1765
f 1765 1764 1766
f 1765 1766 1767
f 1767 1766 1768
f 1767 1768 1769
f 1769 1768 1770
f 1769 1770 1771
f 1771 1770 1772
f 1771 1772 1749
f 1749 1772 1750
f 1773 1774 1775
f 1775 1774 1776
f 1775 1776 1777
f 1777 1776 1778
f 1779 1780 1781
f 1781 1780 1782
f 1783 1784 1785
f 1785 1784 1786
f 1785 1786 1787
f 1787 1786 1788
f 1789 1790 1791
f 1791 1790 1792
f 1791 1792 1793
f 1793 1792 1794
f 1795 1796 1797
f 1797 1796 1798
f 1799 1800 1801
f 1801 1800 1802
f 1801 1802 1803
f 1803 1802 1804
f 1805 1806 1807
f 1807 1806 1808
f 1807 1808 1809
f 1809 1808 1810
f 1811 1812 1813
f 1813 1812 1814
f 1813 1814 1815
f 1815 1814 1816
f 1815 1816 1817
f 1817 1816 1818
f 1817 1818 1819
f 1819 1818 1820
f 1819 1820 1821
f 1821 1820 1822
f 1821 1822 1823
f 1823 1822 1824
f 1823 1824 1825
f 1825 1824 1826
f 1825 1826 1827
f 1827 1826 1828
f 1827 1828 1829
f 1829 1828 1830
f 1829 1830 1831
f 1831 1830 1832
f 1831 1832 1833
f 1833 1832 1834
f 1833 1834 1811
f 1811 1834 1812
f 1835 1836 1837
f 1837 1836 1838
f 1837 1838 1839
f 1839 1838 1840
f 1841 1842 1843
f 1843 1842 1844
f 1843 1844 1845
f 1845 1844 1846
f 1847 1848 1849
f 1849 1848 1850
f 1851 1852 1853
f 1853 1852 1854
f 1853 1854 1855
f 1855 1854 1856
f 1857 1858 1859
f 1859 1858 1860
f 1859 1860 1861
f 1861 1860 1862
f 1863 1864 1865
f 1865 1864 1866
f 1867 1868 1869
f 1869 1868 1870
f 1869 1870 1871
f 1871 1870 1872
f 1873 1874 1875
f 1875 1874 1876
f 1875 1876 1877
f 1877 1876 1878
f 1877 1878 1879
f 1879 1878 1880
f 1879 1880 1881
f 1881 1880 1882
f 1881 1882 1883
f 1883 1882 1884
f 1883 1884 1885
f 1885 1884 1886
f 1885 1886 1887
f 1887 1886 1888
f 1887 1888 1889
f 1889 1888 1890
f 1889 1890 1891
f 1891 1890 1892
f 1891 1892 1893
f 1893 1892 1894
f 1893 1894 1895
f 1895 1894 1896
f 1895 1896 1873
f 1873 1896 1874
f 1897 1898 1899
f 1899 1898 1900
f 1901 1902 1903
f 1903 1902 1904
f 1903 1904 1905
f 1905 1904 1906
f 1907 1908 1909
f 1909 1908 1910
f 1911 1912 1913
f 1913 1912 1914
f 1913 1914 1915
f 1915 1914 1916
f 1917 1918 1919
f 1919 1918 1920
f 1919 1920 1921
f 1921 1920 1922
f 1923 1924 1925
f 1925 1924 1926
f 1925 1926 1927
f 1927 1926 1928
f 1929 1930 1931
f 1931 1930 1932
f 1933 1934 1897
f 1897 1934 1898
f 1935 1936 1937
f 1937 1936 1938
f 1937 1938 1939
f 1939 1938 1940
f 1939 1940 1941
f 1941 1940 1942
f 1941 1942 1943
f 1943 1942 1944
f 1943 1944 1945
f 1945 1944 1946
f 1945 1946 1947
f 1947 1946 1948
f 1947 1948 1949
f 1949 1948 1950
f 1949 1950 1951
f 1951 1950 1952
f 1951 1952 1953
f 1953 1952 1954
f 1953 1954 1955
f 1955 1954 1956
f 1955 1956 1957
f 1957 1956 1958
f 1957 1958 1935
f 1935 1958 1936
f 1959 1960 1961
f 1961 1960 1962
f 1963 1964 1965
f 1965 1964 1966
f 1967 1968 1969
f 1969 1968 1970
f 1969 1970 1971
f 1971 1970 1972
f 1973 1974 1975
f 1975 1974 1976
f 1975 1976 1977
f 1977 1976 1978
f 1979 1980 1981
f 1981 1980 1982
f 1981 1982 1983
f 1983 1982 1984
f 1985 1986 1987
f 1987 1986 1988
f 1989 1990 1991
f 1991 1990 1992
f 1991 1992 1993
f 1993 1992 1994
f 1995 1996 1959
f 1959 1996 1960
f 1997 1998 1999
f 1999 1998 2000
f 1999 2000 2001
f 2001 2000 2002
f 2001 2002 2003
f 2003 2002 2004
f 2003 2004 2005
f 2005 2004 2006
f 2005 2006 2007
f 2007 2006 2008
f 2007 2008 2009
f 2009 2008 2010
f 2009 2010 2011
f 2011 2010 2012
f 2011 2012 2013
f 2013 2012 2014
f 2013 2014 2015
f 2015 2014 2016
f 2015 2016 2017
f 2017 2016 2018
f 2017 2018 2019
f 2019 2018 2020
f 2019 2020 1997
f 1997 2020 1998
f 1133 1132 2021
f 2021 1132 2022
f 2021 2022 2023
f 2023 2022 2024
f 2025 2026 1153
f 1153 2026 1154
f 1139 1138 2027
f 2027 1138 2028
f 2029 2030 2031
f 2031 2030 2032
f 2033 2034 1156
f 1156 2034 1155
f 1151 1152 2035
f 2035 1152 2036
f 2037 2038 2039
f 2039 2038 2040
f 2039 2040 1126
f 1126 2040 1127
f 1146 1145 2041
f 2041 1145 2042
f 2043 2044 2045
f 2045 2044 2046
f 2047 2048 1149
f 1149 2048 1150
f 1172 1171 2049
f 2049 1171 2050
f 2049 2050 2051
f 2051 2050 2052
f 2051 2052 1119
f 1119 2052 1112
f 1069 1068 2053
f 2054 296 295
f 1069 2053 2055
f 2056 2057 2054
f 2056 2054 2058
f 2058 2054 295
f 2058 295 309
f 1064 1063 2059
f 1064 2059 2060
f 2061 2062 2063
f 2061 2063 2064
f 2064 2063 286
f 2064 286 285
f 1095 1094 2065
f 2065 1094 2066
f 2065 2066 2067
f 2067 2066 2068
f 2067 2068 2069
f 2069 2068 2070
f 2069 2070 204
f 204 2070 205
f 1263 1264 2071
f 2071 1264 2072
f 2073 2074 2075
f 2075 2074 2076
f 2075 2076 1265
f 1265 2076 1266
f 1281 1282 2077
f 2077 1282 2078
f 2077 2078 2079
f 2079 2078 2080
f 2081 2082 1261
f 1261 2082 1262
f 1267 1268 2083
f 2083 1268 2084
f 2083 2084 2085
f 2085 2084 2086
f 2087 2088 1277
f 1277 2088 1278
f 1271 1270 2089
f 2089 1270 2090
f 2091 2092 2093
f 2093 2092 2094
f 2093 2094 1279
f 1279 2094 1280
f 1485 1486 2095
f 1485 2095 2096
f 2097 2098 2099
f 2097 2099 2100
f 2100 2099 1496
f 2100 1496 1492
f 1505 1506 2101
f 1505 2101 2102
f 2103 2104 2105
f 2103 2105 2106
f 2107 2108 1517
f 2107 1517 1514
f 1510 1508 2109
f 1510 2109 2110
f 2111 2112 2113
f 2111 2113 2114
f 2115 2116 1484
f 2115 1484 1483
f 1544 1545 2117
f 1544 2117 2118
f 2119 2120 2121
f 2119 2121 2122
f 2123 2124 1559
f 2123 1559 1558
f 1540 1541 2125
f 1540 2125 2126
f 2127 2128 2129
f 2127 2129 2130
f 2131 2132 1548
f 2131 1548 1553
f 1564 1565 2133
f 1564 2133 2134
f 2134 2133 2135
f 2134 2135 2136
f 2137 2138 1539
f 2137 1539 1538
f 1450 1451 2139
f 1450 2139 2140
f 2140 2139 2141
f 2140 2141 2142
f 2143 2144 1465
f 2143 1465 1464
f 1466 1467 2145
f 1466 2145 2146
f 2147 2148 2149
f 2147 2149 2150
f 2151 2152 1438
f 2151 1438 1434
f 1430 1432 2153
f 1430 2153 2154
f 2155 2156 2157
f 2155 2157 2158
f 2159 2160 1445
f 2159 1445 1444
f 1391 1392 2161
f 1391 2161 2162
f 2163 2164 2165
f 2163 2165 2166
f 2167 2168 1400
f 2167 1400 1403
f 1396 1394 2169
f 1396 2169 2170
f 2171 2172 2173
f 2171 2173 2174
f 2175 2176 1410
f 2175 1410 1409
f 1411 1412 2177
f 1411 2177 2178
f 2179 2180 2181
f 2179 2181 2182
f 2182 2181 1380
f 2182 1380 1384
f 1065 1071 2183
f 2183 1071 2184
f 2183 2184 2185
f 2185 2184 2186
f 2185 2186 2187
f 2187 2186 2188
f 2187 2188 2189
f 2189 2188 2190
f 2189 2190 2191
f 2191 2190 2192
f 2191 2192 2193
f 2193 2192 2194
f 2193 2194 2195
f 2195 2194 2196
f 2195 2196 2197
f 2197 2196 2198
f 2197 2198 2199
f 2199 2198 2200
f 1117 1116 2201
f 2201 1116 2202
f 2201 2202 2203
f 2203 2202 2204
f 2203 2204 175
f 175 2204 176
f 1115 1114 2205
f 2205 1114 2206
f 2205 2206 2207
f 2207 2206 2208
f 2207 2208 94
f 94 2208 95
f 2209 2210 2211
f 2211 2210 2212
f 2213 2214 2215
f 2215 2214 2216
f 2217 2218 2219
f 2220 2221 2222
f 2222 2221 2223
f 2224 2225 2226
f 2226 2225 2227
f 2228 2229 2230
f 2230 2229 2231
f 2232 2233 2234
f 2234 2233 2235
f 2236 2237 2238
f 2238 2237 2239
f 2240 2241 2242
f 2243 2244 2245
f 2245 2244 2246
f 2245 2246 2247
f 2247 2246 2248
f 2247 2248 2249
f 2249 2248 2250
f 2251 2252 2253
f 2253 2252 2254
f 2253 2254 2255
f 2255 2254 2256
f 2255 2256 2257
f 2257 2256 2258
f 2257 2258 2245
f 2245 2258 2259
f 2245 2259 2243
f 2225 2224 2260
f 2260 2224 2261
f 2260 2261 2253
f 2253 2261 2262
f 2253 2262 2251
f 2263 2264 2265
f 2265 2264 2266
f 2267 2268 2269
f 2270 2271 2272
f 2272 2271 2273
f 2274 2275 2276
f 2276 2275 2277
f 2278 2279 2250
f 2250 2279 2249
f 2280 2281 2282
f 2282 2281 2283
f 2284 2285 2286
f 2286 2285 2287
f 2288 2289 2290
f 2290 2289 2291
f 2292 2293 2294
f 2295 2296 2297
f 2297 2296 2298
f 2299 2300 2301
f 2302 2303 2304
f 2305 2306 2307
f 2307 2306 2308
f 2307 2308 2309
f 2310 2311 2312
f 2312 2311 2313
f 2312 2313 2314
f 2315 2316 2317
f 2317 2316 2318
f 2317 2318 2319
f 2320 2321 2322
f 2322 2321 2323
f 2322 2323 2324
f 2325 2199 2200
f 2326 2327 2328
f 2328 2327 1206
f 2328 1206 1198
f 2329 2330 1198
f 1198 2330 2325
f 1198 2325 2328
f 2328 2325 2200
f 2331 2332 2333
f 2331 2333 2334
f 2334 2333 2335
f 2334 2335 2336
f 2336 2335 2337
f 2336 2337 2338
f 2339 2340 2331
f 2331 2340 2332
f 2341 2342 2337
f 2337 2342 2338
f 2343 2344 2345
f 2343 2345 2346
f 2346 2345 2347
f 2346 2347 2348
f 2348 2347 2340
f 2348 2340 2339
f 2342 2341 2349
f 2342 2349 2350
f 2350 2349 2351
f 2350 2351 2352
f 2352 2351 2353
f 2352 2353 2354
f 2355 2356 2343
f 2343 2356 2344
f 2357 2358 2353
f 2353 2358 2354
f 2358 2357 2359
f 2359 2357 2360
f 2359 2360 2355
f 2355 2360 2356
f 2361 2362 2363
f 2361 2363 2364
f 2364 2363 2365
f 2364 2365 2366
f 2366 2365 2367
f 2366 2367 2368
f 2369 2370 2361
f 2361 2370 2362
f 2371 2372 2367
f 2367 2372 2368
f 2373 2374 2375
f 2373 2375 2376
f 2376 2375 2377
f 2376 2377 2378
f 2378 2377 2370
f 2378 2370 2369
f 2372 2371 2379
f 2372 2379 2380
f 2380 2379 2381
f 2380 2381 2382
f 2382 2381 2383
f 2382 2383 2384
f 2385 2386 2373
f 2373 2386 2374
f 2387 2388 2383
f 2383 2388 2384
f 2388 2387 2389
f 2389 2387 2390
f 2389 2390 2385
f 2385 2390 2386
f 2391 2392 2393
f 2391 2393 2394
f 2394 2393 2395
f 2394 2395 2396
f 2396 2395 2397
f 2396 2397 2398
f 2399 2400 2391
f 2391 2400 2392
f 2401 2402 2397
f 2397 2402 2398
f 2403 2404 2405
f 2403 2405 2406
f 2406 2405 2407
f 2406 2407 2408
f 2408 2407 2400
f 2408 2400 2399
f 2402 2401 2409
f 2402 2409 2410
f 2410 2409 2411
f 2410 2411 2412
f 2412 2411 2413
f 2412 2413 2414
f 2415 2416 2403
f 2403 2416 2404
f 2417 2418 2413
f 2413 2418 2414
f 2418 2417 2419
f 2419 2417 2420
f 2419 2420 2415
f 2415 2420 2416
f 2421 2422 2423
f 2423 2422 2424
f 2422 2421 2425
f 2422 2425 2426
f 2426 2425 2427
f 2426 2427 2428
f 2428 2427 2429
f 2428 2429 2430
f 2431 2432 2433
f 2431 2433 2434
f 2434 2433 2435
f 2434 2435 2436
f 2436 2435 2423
f 2436 2423 2424
f 2437 2438 2429
f 2429 2438 2430
f 2439 2440 2431
f 2431 2440 2432
f 2438 2437 2441
f 2438 2441 2442
f 2442 2441 2443
f 2442 2443 2444
f 2444 2443 2445
f 2444 2445 2446
f 2447 2448 2449
f 2449 2448 2450
f 2449 2450 2439
f 2439 2450 2440
f 2448 2447 2445
f 2445 2447 2446
f 2451 2452 2453
f 2453 2452 2454
f 2452 2451 2455
f 2455 2451 2456
f 2455 2456 2457
f 2457 2456 2458
f 2457 2458 2459
f 2459 2458 2460
f 2461 2462 2463
f 2463 2462 2464
f 2463 2464 2465
f 2465 2464 2466
f 2465 2466 2454
f 2454 2466 2453
f 2467 2468 2460
f 2460 2468 2459
f 2469 2470 2461
f 2461 2470 2462
f 2468 2467 2471
f 2471 2467 2472
f 2471 2472 2473
f 2473 2472 2474
f 2473 2474 2475
f 2475 2474 2476
f 2477 2478 2479
f 2479 2478 2480
f 2479 2480 2481
f 2481 2480 2482
f 2481 2482 2469
f 2469 2482 2470
f 2478 2477 2476
f 2476 2477 2475
f 2483 2484 2485
f 2485 2484 2486
f 2485 2486 2487
f 2487 2486 2488
f 2487 2488 2489
f 2489 2488 2490
f 2489 2490 2491
f 2491 2490 2492
f 2491 2492 2493
f 2493 2492 2494
f 2493 2494 2495
f 2495 2494 2496
f 2495 2496 2497
f 2497 2496 2498
f 2497 2498 2499
f 2499 2498 2500
f 2499 2500 2501
f 2501 2500 2502
f 2501 2502 2503
f 2503 2502 2504
f 2503 2504 2505
f 2505 2504 2506
f 2505 2506 2483
f 2483 2506 2484
f 2507 2508 2509
f 2509 2508 2510
f 2509 2510 2511
f 2511 2510 2512
f 2511 2512 2513
f 2513 2512 2514
f 2513 2514 2515
f 2515 2514 2516
f 2515 2516 2517
f 2517 2516 2518
f 2517 2518 2519
f 2519 2518 2520
f 2519 2520 2521
f 2521 2520 2522
f 2521 2522 2523
f 2523 2522 2524
f 2523 2524 2525
f 2525 2524 2526
f 2525 2526 2527
f 2527 2526 2528
f 2527 2528 2529
f 2529 2528 2530
f 2529 2530 2507
f 2507 2530 2508
f 2531 2532 2533
f 2533 2532 2534
f 2533 2534 2535
f 2535 2534 2536
f 2535 2536 2537
f 2537 2536 2538
f 2537 2538 2539
f 2539 2538 2540
f 2539 2540 2541
f 2541 2540 2542
f 2541 2542 2543
f 2543 2542 2544
f 2543 2544 2545
f 2545 2544 2546
f 2545 2546 2547
f 2547 2546 2548
f 2547 2548 2549
f 2549 2548 2550
f 2549 2550 2551
f 2551 2550 2552
f 2551 2552 2553
f 2553 2552 2554
f 2553 2554 2531
f 2531 2554 2532
f 2555 2556 2557
f 2557 2556 2558
f 2557 2558 2559
f 2559 2558 2560
f 2559 2560 2561
f 2561 2560 2562
f 2561 2562 2563
f 2563 2562 2564
f 2563 2564 2565
f 2565 2564 2566
f 2565 2566 2567
f 2567 2566 2568
f 2567 2568 2569
f 2569 2568 2570
f 2569 2570 2571
f 2571 2570 2572
f 2571 2572 2573
f 2573 2572 2574
f 2573 2574 2575
f 2575 2574 2576
f 2575 2576 2577
f 2577 2576 2578
f 2577 2578 2555
f 2555 2578 2556
f 2579 2580 2581
f 2581 2580 2582
f 2581 2582 2583
f 2583 2582 2584
f 2583 2584 2585
f 2585 2584 2586
f 2585 2586 2587
f 2587 2586 2588
f 2587 2588 2589
f 2589 2588 2590
f 2589 2590 2591
f 2591 2590 2592
f 2591 2592 2593
f 2593 2592 2594
f 2593 2594 2595
f 2595 2594 2596
f 2595 2596 2597
f 2597 2596 2598
f 2597 2598 2599
f 2599 2598 2600
f 2599 2600 2601
f 2601 2600 2602
f 2601 2602 2579
f 2579 2602 2580
f 2603 2604 2605
f 2605 2604 2606
f 2605 2606 2607
f 2607 2606 2608
f 2607 2608 2609
f 2609 2608 2610
f 2609 2610 2611
f 2611 2610 2612
f 2611 2612 2613
f 2613 2612 2614
f 2613 2614 2615
f 2615 2614 2616
f 2615 2616 2617
f 2617 2616 2618
f 2617 2618 2619
f 2619 2618 2620
f 2619 2620 2621
f 2621 2620 2622
f 2621 2622 2623
f 2623 2622 2624
f 2623 2624 2625
f 2625 2624 2626
f 2625 2626 2603
f 2603 2626 2604
f 2627 2628 2629
f 2629 2628 2630
f 2629 2630 2631
f 2631 2630 2632
f 2631 2632 2633
f 2633 2632 2634
f 2633 2634 2635
f 2635 2634 2636
f 2635 2636 2637
f 2637 2636 2638
f 2637 2638 2639
f 2639 2638 2640
f 2639 2640 2641
f 2641 2640 2642
f 2641 2642 2643
f 2643 2642 2644
f 2643 2644 2645
f 2645 2644 2646
f 2645 2646 2647
f 2647 2646 2648
f 2647 2648 2649
f 2649 2648 2650
f 2649 2650 2627
f 2627 2650 2628
f 2651 2652 2653
f 2653 2652 2654
f 2653 2654 2655
f 2655 2654 2656
f 2655 2656 2657
f 2657 2656 2658
f 2657 2658 2659
f 2659 2658 2660
f 2659 2660 2661
f 2661 2660 2662
f 2661 2662 2663
f 2663 2662 2664
f 2663 2664 2665
f 2665 2664 2666
f 2665 2666 2667
f 2667 2666 2668
f 2667 2668 2669
f 2669 2668 2670
f 2669 2670 2671
f 2671 2670 2672
f 2671 2672 2673
f 2673 2672 2674
f 2673 2674 2651
f 2651 2674 2652
f 2675 2676 2677
f 2677 2676 2678
f 2676 2675 2679
f 2676 2679 2680
f 2680 2679 2681
f 2680 2681 2682
f 2682 2681 2683
f 2682 2683 2684
f 2685 2686 2687
f 2687 2686 2688
f 2687 2688 2689
f 2689 2688 2690
f 2689 2690 2678
f 2678 2690 2677
f 2691 2692 2683
f 2683 2692 2684
f 2693 2694 2685
f 2685 2694 2686
f 2692 2691 2695
f 2695 2691 2696
f 2695 2696 2697
f 2697 2696 2698
f 2697 2698 2699
f 2699 2698 2700
f 2701 2702 2703
f 2703 2702 2704
f 2703 2704 2705
f 2705 2704 2706
f 2705 2706 2693
f 2693 2706 2694
f 2707 2708 2700
f 2700 2708 2699
f 2709 2710 2701
f 2701 2710 2702
f 2708 2707 2711
f 2711 2707 2712
f 2711 2712 2713
f 2713 2712 2714
f 2713 2714 2715
f 2715 2714 2716
f 2717 2718 2719
f 2717 2719 2720
f 2720 2719 2721
f 2720 2721 2722
f 2722 2721 2710
f 2722 2710 2709
f 2718 2717 2716
f 2716 2717 2715
f 2723 2724 2725
f 2725 2724 2726
f 2727 2728 2729
f 2729 2728 2730
f 2729 2730 2731
f 2731 2730 2732
f 2731 2732 2723
f 2723 2732 2724
f 2725 2726 2733
f 2733 2726 2734
f 2733 2734 2735
f 2735 2734 2736
f 2735 2736 2737
f 2737 2736 2738
f 2739 2740 2727
f 2727 2740 2728
f 2741 2742 2738
f 2738 2742 2737
f 2740 2739 2743
f 2743 2739 2744
f 2743 2744 2745
f 2745 2744 2746
f 2745 2746 2747
f 2747 2746 2748
f 2749 2750 2751
f 2751 2750 2752
f 2751 2752 2753
f 2753 2752 2754
f 2753 2754 2741
f 2741 2754 2742
f 2755 2756 2748
f 2748 2756 2747
f 2757 2758 2749
f 2749 2758 2750
f 2759 2760 2761
f 2761 2760 2762
f 2761 2762 2763
f 2763 2762 2764
f 2763 2764 2755
f 2755 2764 2756
f 2758 2757 2765
f 2765 2757 2766
f 2765 2766 2767
f 2767 2766 2768
f 2767 2768 2769
f 2769 2768 2770
f 2769 2770 2759
f 2759 2770 2760
f 2771 2772 2773
f 2773 2772 2774
f 2773 2774 2775
f 2776 2777 2778
f 2778 2779 2776
f 2776 2779 2780
f 2776 2780 2781
f 2780 2782 2781
f 2781 2782 2783
f 2781 2783 2784
f 2783 2785 2784
f 2784 2785 2786
f 2784 2786 2774
f 2774 2786 2787
f 2774 2787 2775
f 2788 2789 2777
f 2777 2789 2778
f 2790 2791 2792
f 2790 2792 2793
f 2793 2792 2794
f 2793 2794 2795
f 2795 2794 2789
f 2795 2789 2788
f 2791 2790 2796
f 2796 2790 2797
f 2796 2797 2798
f 2798 2797 2799
f 2799 2797 2800
f 2801 2802 2800
f 2800 2802 2803
f 2800 2803 2799
f 2800 2804 2801
f 2801 2804 2805
f 2801 2805 2806
f 2806 2805 2807
f 2806 2807 2808
f 2808 2807 2809
f 2808 2809 2810
f 2810 2809 2811
f 2810 2811 2812
f 2812 2811 2813
f 2812 2813 2814
f 2814 2813 2815
f 2814 2815 2816
f 2816 2815 2817
f 2816 2817 2818
f 2818 2817 2819
f 2818 2819 2820
f 2820 2819 2821
f 2820 2821 2822
f 2822 2821 2823
f 2822 2823 2824
f 2824 2823 2825
f 2824 2825 2826
f 2826 2825 2827
f 2826 2827 2828
f 2828 2827 2829
f 2828 2829 2830
f 2830 2829 2831
f 2830 2831 2832
f 2832 2831 2833
f 2832 2833 2834
f 2834 2833 2835
f 2834 2835 2836
f 2836 2835 2837
f 2836 2837 2838
f 2838 2837 2839
f 2838 2839 2840
f 2840 2839 2841
f 2840 2841 2842
f 2842 2841 2843
f 2842 2843 2844
f 2845 2846 2847
f 2847 2846 2848
f 2847 2848 2849
f 2849 2848 2850
f 2849 2850 2851
f 2851 2850 2852
f 2851 2852 2843
f 2843 2852 2844
f 2853 2854 2845
f 2845 2854 2846
f 2855 2856 2857
f 2855 2857 2858
f 2858 2857 2859
f 2858 2859 2860
f 2860 2859 2854
f 2860 2854 2853
f 2861 2862 2855
f 2855 2862 2856
f 2863 2864 2865
f 2863 2865 2866
f 2865 2867 2866
f 2866 2867 2868
f 2866 2868 2869
f 2868 2870 2869
f 2869 2870 2871
f 2869 2871 2872
f 2871 2873 2872
f 2872 2873 2874
f 2872 2874 2875
f 2862 2861 2876
f 2876 2861 2875
f 2876 2875 2877
f 2877 2875 2874
f 2878 2879 2880
f 2878 2880 2881
f 2881 2880 2882
f 2881 2882 2883
f 2883 2882 2884
f 2883 2884 2885
f 2886 2887 2884
f 2884 2887 2885
f 2888 2889 2890
f 2890 2889 2891
f 2890 2891 2892
f 2892 2891 2893
f 2892 2893 2886
f 2886 2893 2887
f 2889 2888 2894
f 2889 2894 2895
f 2895 2894 2896
f 2895 2896 2897
f 2898 2899 2900
f 2898 2900 2901
f 2901 2900 2902
f 2901 2902 2903
f 2903 2902 2904
f 2903 2904 2905
f 2905 2904 2906
f 2905 2906 2907
f 2907 2906 2908
f 2907 2908 2909
f 2909 2908 2910
f 2909 2910 2911
f 2911 2910 2912
f 2911 2912 2913
f 2913 2912 2914
f 2913 2914 2915
f 2915 2914 2916
f 2915 2916 2917
f 2917 2916 2918
f 2917 2918 2919
f 2919 2918 2920
f 2919 2920 2921
f 2921 2920 2922
f 2921 2922 2923
f 2923 2922 2924
f 2923 2924 2925
f 2925 2924 2926
f 2925 2926 2927
f 2927 2926 2928
f 2927 2928 2929
f 2929 2928 2930
f 2929 2930 2931
f 2931 2930 2932
f 2931 2932 2933
f 2933 2932 2934
f 2933 2934 2935
f 2935 2934 2936
f 2935 2936 2937
f 2937 2936 2938
f 2937 2938 2939
f 2939 2938 2940
f 2939 2940 2941
f 2941 2940 2895
f 2941 2895 2897
f 2942 2899 2898
f 2943 2944 2945
f 2945 2944 2946
f 2945 2946 2947
f 2947 2946 2948
f 2947 2948 2949
f 2949 2948 2942
f 2949 2942 2898
f 2950 2951 2943
f 2943 2951 2944
f 2952 2953 2954
f 2954 2953 2955
f 2954 2955 2956
f 2956 2955 2957
f 2956 2957 2950
f 2950 2957 2951
f 2958 2959 2952
f 2952 2959 2953
f 2959 2958 2960
f 2960 2958 2961
f 2960 2961 2962
f 2962 2961 2963
f 2962 2963 2964
f 2964 2963 2965
f 2966 2967 2968
f 2968 2967 2969
f 2968 2969 2970
f 2970 2969 2971
f 2970 2971 2972
f 2972 2971 2973
f 2972 2973 2974
f 2974 2973 2975
f 2974 2975 2976
f 2976 2975 2977
f 2976 2977 2978
f 2978 2977 2979
f 2978 2979 2980
f 2980 2979 2981
f 2980 2981 2982
f 2982 2981 2983
f 2982 2983 2984
f 2984 2983 2985
f 2984 2985 2986
f 2986 2985 2987
f 2986 2987 2988
f 2988 2987 2989
f 2988 2989 2966
f 2966 2989 2967
f 2990 2991 2992
f 2992 2991 2993
f 2992 2993 2994
f 2994 2993 2995
f 2994 2995 2996
f 2996 2995 2997
f 2996 2997 2998
f 2998 2997 2999
f 2998 2999 3000
f 3000 2999 3001
f 3000 3001 3002
f 3002 3001 3003
f 3002 3003 3004
f 3004 3003 3005
f 3004 3005 3006
f 3006 3005 3007
f 3006 3007 3008
f 3008 3007 3009
f 3008 3009 3010
f 3010 3009 3011
f 3010 3011 3012
f 3012 3011 3013
f 3012 3013 2990
f 2990 3013 2991
f 3014 3015 3016
f 3016 3015 3017
f 3016 3017 3018
f 3018 3017 3019
f 3018 3019 3020
f 3020 3019 3021
f 3020 3021 3022
f 3022 3021 3023
f 3022 3023 3024
f 3024 3023 3025
f 3024 3025 3026
f 3026 3025 3027
f 3026 3027 3028
f 3028 3027 3029
f 3028 3029 3030
f 3030 3029 3031
f 3030 3031 3032
f 3032 3031 3033
f 3032 3033 3034
f 3034 3033 3035
f 3034 3035 3036
f 3036 3035 3037
f 3036 3037 3014
f 3014 3037 3015
f 3038 3039 3040
f 3040 3039 3041
f 3042 3043 3044
f 3044 3043 3045
f 3044 3045 3046
f 3046 3045 3047
f 3046 3047 3048
f 3048 3047 3049
f 3048 3049 3050
f 3050 3049 3051
f 3050 3051 3052
f 3052 3051 3053
f 3052 3053 3054
f 3054 3053 3055
f 3054 3055 3038
f 3038 3055 3039
f 3056 3057 3042
f 3042 3057 3043
f 3058 3059 3060
f 3060 3059 3061
f 3060 3061 3062
f 3062 3061 3063
f 3062 3063 3064
f 3064 3063 3065
f 3064 3065 3066
f 3066 3065 3067
f 3066 3067 3068
f 3068 3067 3069
f 3068 3069 3070
f 3070 3069 3071
f 3070 3071 3072
f 3072 3071 3073
f 3072 3073 3074
f 3074 3073 3075
f 3074 3075 3076
f 3076 3075 3077
f 3076 3077 3078
f 3078 3077 3079
f 3078 3079 3080
f 3080 3079 3081
f 3080 3081 3058
f 3058 3081 3059
f 3082 3083 3084
f 3084 3083 3085
f 3084 3085 3086
f 3086 3085 3087
f 3086 3087 3088
f 3088 3087 3089
f 3088 3089 3090
f 3090 3089 3091
f 3090 3091 3092
f 3092 3091 3093
f 3092 3093 3094
f 3094 3093 3095
f 3094 3095 3096
f 3096 3095 3097
f 3096 3097 3098
f 3098 3097 3099
f 3098 3099 3100
f 3100 3099 3101
f 3100 3101 3102
f 3102 3101 3103
f 3102 3103 3104
f 3104 3103 3105
f 3104 3105 3082
f 3082 3105 3083
f 3106 3107 3108
f 3108 3107 3109
f 3108 3109 3110
f 3110 3109 3111
f 3110 3111 3112
f 3112 3111 3113
f 3112 3113 3114
f 3114 3113 3115
f 3114 3115 3116
f 3116 3115 3117
f 3116 3117 3118
f 3118 3117 3119
f 3118 3119 3120
f 3120 3119 3121
f 3120 3121 3122
f 3122 3121 3123
f 3122 3123 3124
f 3124 3123 3125
f 3124 3125 3126
f 3126 3125 3127
f 3126 3127 3128
f 3128 3127 3129
f 3128 3129 3106
f 3106 3129 3107
f 3130 3131 3132
f 3132 3131 3133
f 3132 3133 3134
f 3134 3133 3135
f 3134 3135 3136
f 3136 3135 3137
f 3136 3137 3138
f 3138 3137 3139
f 3138 3139 3140
f 3140 3139 3141
f 3140 3141 3142
f 3142 3141 3143
f 3142 3143 3144
f 3144 3143 3145
f 3144 3145 3146
f 3146 3145 3147
f 3146 3147 3148
f 3148 3147 3149
f 3148 3149 3150
f 3150 3149 3151
f 3150 3151 3152
f 3152 3151 3153
f 3152 3153 3130
f 3130 3153 3131
f 3154 3155 3156
f 3156 3155 3157
f 3155 3158 3157
f 3157 3158 3159
f 3157 3159 3160
f 3160 3159 3161
f 3160 3161 3162
f 3162 3161 3163
f 3162 3163 3164
f 3164 3163 3165
f 3164 3165 3166
f 3166 3165 3167
f 3166 3167 3168
f 3168 3167 3169
f 3168 3169 3170
f 3170 3169 3171
f 3170 3171 3172
f 3172 3171 3173
f 3172 3173 3174
f 3174 3173 3175
f 3174 3175 3176
f 3176 3175 3177
f 3176 3177 3178
f 3178 3177 3179
f 3178 3179 3180
f 3180 3179 3181
f 3180 3181 3182
f 3182 3181 3183
f 3182 3183 3184
f 3184 3183 3185
f 3184 3185 3186
f 3186 3185 3187
f 3186 3187 3188
f 3188 3187 3189
f 3188 3189 3190
f 3190 3189 3191
f 3190 3191 3192
f 3192 3191 3154
f 3192 3154 3193
f 3193 3154 3156
f 3194 3195 3196
f 3196 3195 3197
f 3198 3199 3200
f 3200 3199 3201
f 3202 3203 3204
f 3204 3203 3205
f 3206 3207 3208
f 3208 3207 3209
f 3210 3211 3212
f 3212 3211 3213
f 3212 3213 3214
f 3214 3213 3215
f 3216 3217 3218
f 3218 3217 3219
f 3220 3221 3222
f 3222 3221 3223
f 3224 3225 3226
f 3227 3228 3229
f 3230 3231 3227
f 3227 3229 3230
f 3230 3229 3232
f 3230 3232 3233
f 3234 3224 3235
f 3235 3224 3226
f 3235 3226 3232
f 3232 3226 3236
f 3232 3236 3233
f 3237 3238 3239
f 3239 3238 3240
f 3241 3242 3243
f 3243 3242 3244
f 3245 3246 3247
f 3247 3246 3248
f 3249 3250 3251
f 3251 3250 3252
f 3253 3254 3255
f 3255 3254 3256
f 3257 3258 3259
f 3259 3258 3260
f 3261 3262 3263
f 3263 3262 3264
f 3265 3266 3267
f 3267 3266 3268
f 3269 3270 3271
f 3271 3270 3272
f 3273 3274 3275
f 3275 3274 3276
f 3277 3278 3279
f 3279 3278 3280
f 3281 3282 3283
f 3283 3282 3284
f 3285 3286 3287
f 3287 3286 3288
f 3289 3290 3291
f 3291 3290 3292
f 3293 3294 3295
f 3295 3294 3296
f 3297 3298 3296
f 3296 3298 3291
f 3296 3291 3295
f 3295 3291 3292
f 3299 3300 3301
f 3301 3300 3302
f 3303 3304 3305
f 3305 3304 3306
f 3307 3308 3309
f 3310 3311 3312
f 3313 3314 3315
f 3316 3317 3318
f 3310 3312 3319
f 3318 3320 3321
f 3322 3323 3324
f 3325 3326 3327
f 3328 3329 3330
f 3330 3329 3331
f 3322 3316 3332
f 3332 3316 3318
f 3332 3318 3333
f 3333 3318 3321
f 3315 3319 3313
f 3313 3319 3312
f 3313 3312 3333
f 3333 3312 3334
f 3333 3334 3332
f 3332 3334 3335
f 3336 3337 3338
f 3325 3327 3339
f 3339 3327 3340
f 3339 3340 3341
f 3338 3342 3336
f 3336 3342 3343
f 3336 3343 3327
f 3327 3343 3344
f 3327 3344 3340
f 3345 3346 3347
f 3347 3346 3337
f 3347 3337 3348
f 3349 3337 3307
f 3307 3337 3346
f 3307 3346 3350
f 3350 3346 3321
f 3350 3321 3351
f 3351 3321 3320
f 3351 3320 3352
f 3353 3349 3354
f 3354 3349 3307
f 3354 3307 3355
f 3355 3307 3309
f 3355 3309 3331
f 3331 3309 3316
f 3331 3316 3330
f 3330 3316 3322
f 3330 3322 3339
f 3339 3322 3324
f 3339 3324 3325
f 3311 3310 3336
f 3336 3310 3356
f 3336 3356 3337
f 3337 3356 3357
f 3337 3357 3348
f 3358 3359 3360
f 3360 3359 3361
f 3362 3363 3364
f 3364 3363 3365
f 3366 3367 3368
f 3368 3367 3369
f 3370 3371 3372
f 3372 3371 3373
f 3374 3375 3376
f 3376 3375 3377
f 3376 3377 3378
f 3378 3377 3379
f 3380 3381 3382
f 3382 3381 3383
f 3384 3385 3386
f 3386 3385 3387
f 3388 3389 3390
f 3391 3392 3393
f 3394 3395 3391
f 3391 3393 3394
f 3394 3393 3396
f 3394 3396 3397
f 3398 3388 3399
f 3399 3388 3390
f 3399 3390 3396
f 3396 3390 3400
f 3396 3400 3397
f 3401 3402 3403
f 3403 3402 3404
f 3405 3406 3407
f 3407 3406 3408
f 3409 3410 3411
f 3411 3410 3412
f 3413 3414 3415
f 3415 3414 3416
f 3417 3418 3419
f 3419 3418 3420
f 3421 3422 3423
f 3423 3422 3424
f 3425 3426 3427
f 3427 3426 3428
f 3429 3430 3431
f 3431 3430 3432
f 3433 3434 3435
f 3435 3434 3436
f 3437 3438 3439
f 3439 3438 3440
f 3441 3442 3443
f 3443 3442 3444
f 3445 3446 3447
f 3447 3446 3448
f 3449 3450 3451
f 3451 3450 3452
f 3453 3454 3455
f 3455 3454 3456
f 3457 3458 3459
f 3459 3458 3460
f 3461 3462 3463
f 3463 3462 3464
f 3465 3466 3467
f 3467 3466 3468
f 3469 3470 3464
f 3464 3470 3467
f 3464 3467 3463
f 3463 3467 3468
f 3463 3468 3471
f 3471 3468 3472
f 3473 3474 3475
f 3475 3474 3476
f 3477 3478 3479
f 3479 3478 3480
f 3481 3482 3483
f 3483 3482 3484
f 3485 3486 3487
f 3487 3486 3488
f 3489 3490 3491
f 3491 3490 3492
f 3493 3494 3495
f 3495 3494 3496
f 3497 3498 3499
f 3499 3498 3500
f 3501 3502 3503
f 3503 3502 3504
f 3505 3506 3507
f 3507 3506 3508
f 3509 3510 3511
f 3511 3510 3512
f 3513 3514 3515
f 3515 3514 3516
f 3517 3518 3519
f 3519 3518 3520
f 3521 3522 3523
f 3523 3522 3524
f 3525 3526 3527
f 3527 3526 3528
f 3529 3530 3524
f 3524 3530 3527
f 3524 3527 3523
f 3523 3527 3528
f 3523 3528 3531
f 3531 3528 3532
f 3533 3534 3535
f 3535 3534 3536
f 3537 3538 3539
f 3539 3538 3540
f 3541 3542 3543
f 3544 3545 3546
f 3547 3548 3549
f 3550 3551 3552
f 3553 3554 3555
f 3555 3554 3556
f 3555 3556 3543
f 3557 3558 3559
f 3560 3561 3554
f 3554 3561 3562
f 3554 3562 3556
f 3550 3552 3563
f 3551 3550 3545
f 3545 3550 3564
f 3545 3564 3546
f 3565 3566 3546
f 3546 3566 3567
f 3568 3541 3567
f 3567 3541 3543
f 3567 3543 3546
f 3546 3543 3556
f 3546 3556 3544
f 3569 3570 3571
f 3571 3570 3572
f 3571 3572 3573
f 3554 3547 3560
f 3560 3547 3549
f 3560 3549 3574
f 3574 3549 3571
f 3574 3571 3575
f 3575 3571 3573
f 3576 3557 3567
f 3567 3557 3559
f 3567 3559 3568
f 3568 3559 3577
f 3568 3577 3578
f 3578 3577 3571
f 3552 3579 3563
f 3563 3579 3580
f 3563 3580 3581
f 3581 3580 3582
f 3581 3582 3583
f 3583 3582 3584
f 3583 3584 3585
f 3571 3577 3569
f 3569 3577 3586
f 3569 3586 3587
f 3583 3588 3589
f 3589 3588 3566
f 3589 3566 3590
f 3590 3566 3565
f 3590 3565 3591
f 3592 3593 3588
f 3587 3594 3569
f 3569 3594 3592
f 3569 3592 3595
f 3595 3592 3588
f 3595 3588 3596
f 3596 3588 3583
f 3596 3583 3597
f 3597 3583 3585
f 3598 3599 3600
f 3600 3599 3601
f 3602 3603 3604
f 3604 3603 3605
f 3606 3607 3608
f 3608 3607 3609
f 3610 3611 3612
f 3612 3611 3613
f 3614 3615 3616
f 3616 3615 3617
f 3618 3619 3620
f 3620 3619 3621
f 3622 3623 3624
f 3624 3623 3625
f 3626 3627 3628
f 3628 3627 3629
f 3630 3631 3632
f 3632 3631 3633
f 3634 3635 3636
f 3636 3635 3637
f 3633 3636 3632
f 3632 3636 3637
f 3632 3637 3638
f 3638 3637 3639
f 3640 3641 3642
f 3642 3641 3643
f 3644 3645 3646
f 3646 3645 3647
f 3648 3649 3650
f 3651 3648 3652
f 3652 3648 3650
f 3652 3650 3653
f 3653 3650 3654
f 3655 3656 3657
f 3657 3656 3648
f 3657 3648 3658
f 3658 3648 3651
f 3659 3660 3661
f 3662 3663 3664
f 3664 3663 3665
f 3664 3665 3666
f 3661 3667 3659
f 3659 3667 3668
f 3659 3668 3666
f 3666 3668 3669
f 3666 3669 3664
f 3670 3671 3672
f 3672 3671 3673
f 3672 3673 3674
f 3675 3672 3676
f 3676 3672 3674
f 3676 3674 3677
f 3677 3674 3678
f 3679 3680 3681
f 3681 3680 3682
f 3681 3682 3683
f 3684 3685 3686
f 3680 3687 3688
f 3680 3688 3682
f 3684 3686 3689
f 3685 3684 3690
f 3690 3684 3691
f 3690 3691 3692
f 3680 3693 3687
f 3687 3693 3694
f 3687 3694 3695
f 3695 3694 3689
f 3695 3689 3696
f 3696 3689 3686
f 3692 3691 3697
f 3697 3691 3698
f 3697 3698 3699
f 3699 3698 3700
f 3699 3700 3676
f 3676 3700 3701
f 3676 3701 3675
f 3702 3703 3704
f 3705 3706 3707
f 3707 3706 3708
f 3707 3708 3709
f 3704 3710 3711
f 3711 3710 3712
f 3711 3712 3713
f 3714 3715 3716
f 3716 3715 3707
f 3716 3707 3717
f 3717 3707 3709
f 3702 3704 3716
f 3716 3704 3711
f 3716 3711 3714
f 3653 3718 3652
f 3652 3718 3719
f 3652 3719 3651
f 3720 3718 3653
f 3720 3653 3721
f 3721 3653 3654
f 3721 3654 3722
f 3722 3654 3650
f 3722 3650 3723
f 3723 3650 3649
f 3723 3649 3724
f 3724 3649 3648
f 3724 3648 3725
f 3725 3648 3656
f 3725 3656 3726
f 3726 3656 3655
f 3658 3727 3657
f 3657 3727 3728
f 3657 3728 3655
f 3655 3728 3729
f 3655 3729 3726
f 3719 3730 3651
f 3651 3730 3731
f 3651 3731 3658
f 3658 3731 3732
f 3658 3732 3727
f 3733 3734 3735
f 3735 3734 3736
f 3737 3738 3739
f 3739 3738 3740
f 3741 3742 3743
f 3743 3742 3736
f 3743 3736 3744
f 3744 3736 3734
f 3745 3746 3747
f 3747 3746 3740
f 3747 3740 3748
f 3748 3740 3738
f 3739 3749 3737
f 3737 3749 3750
f 3737 3750 3751
f 3751 3750 3752
f 3751 3752 3753
f 3753 3752 3754
f 3753 3754 3755
f 3755 3754 3756
f 3755 3756 3757
f 3757 3756 3758
f 3757 3758 3759
f 3759 3758 3760
f 3759 3760 3761
f 3761 3760 3762
f 3761 3762 3763
f 3763 3762 3764
f 3763 3764 3765
f 3765 3764 3766
f 3765 3766 3767
f 3767 3766 3768
f 3767 3768 3769
f 3769 3768 3770
f 3769 3770 3771
f 3771 3770 3772
f 3771 3772 3773
f 3773 3772 3774
f 3773 3774 3775
f 3775 3774 3733
f 3775 3733 3776
f 3776 3733 3735
f 3777 3778 3779
f 3780 3781 3779
f 3781 3782 3779
f 3779 3782 3783
f 3779 3783 3777
f 3784 3785 3786
f 3786 3785 3787
f 3786 3787 3779
f 3779 3787 3788
f 3779 3788 3780
f 3789 3790 3791
f 3789 3791 3792
f 3792 3791 3793
f 3792 3793 3794
f 3793 3795 3794
f 3794 3795 3796
f 3794 3796 3797
f 3796 3798 3797
f 3797 3798 3779
f 3797 3779 3778
f 3784 3786 3799
f 3784 3799 3800
f 3800 3799 3801
f 3800 3801 3802
f 3801 3803 3802
f 3802 3803 3804
f 3802 3804 3805
f 3804 3806 3805
f 3805 3806 3807
f 3805 3807 3808
f 3790 3789 3809
f 3810 3811 3812
f 3812 3811 3813
f 3812 3813 3814
f 3809 3815 3790
f 3790 3815 3816
f 3790 3816 3812
f 3812 3816 3817
f 3812 3817 3810
f 3818 3808 3807
f 3819 3820 3821
f 3821 3820 3822
f 3821 3822 3823
f 3823 3824 3821
f 3821 3824 3825
f 3821 3825 3807
f 3807 3825 3826
f 3807 3826 3818
f 3827 3828 3829
f 3829 3828 3830
f 3831 3832 3833
f 3833 3832 3834
f 3833 3834 3835
f 3835 3834 3836
f 3837 3838 3839
f 3839 3838 3840
f 3839 3840 3841
f 3841 3840 3842
f 3843 3844 3845
f 3845 3844 3846
f 3847 3848 3849
f 3849 3848 3850
f 3849 3850 3851
f 3851 3850 3852
f 3851 3852 3853
f 3853 3852 3854
f 3853 3854 3855
f 3855 3854 3856
f 3855 3856 3857
f 3857 3856 3858
f 3857 3858 3859
f 3859 3858 3860
f 3859 3860 3861
f 3861 3860 3862
f 3861 3862 3863
f 3863 3862 3864
f 3863 3864 3865
f 3865 3864 3866
f 3867 3868 3869
f 3869 3868 3865
f 3869 3865 3866
f 3868 3867 3870
f 3870 3867 3871
f 3870 3871 3872
f 3872 3871 3873
f 3872 3873 3874
f 3874 3873 3875
f 3874 3875 3876
f 3876 3875 3877
f 3878 3879 3880
f 3881 3882 3883
f 3884 3885 3886
f 3887 3888 3889
f 3890 3891 3892
f 3893 3894 3895
f 3699 3676 3677
f 3896 3897 3660
f 3664 3669 3898
f 3898 3669 3899
f 3669 3668 3899
f 3899 3668 3667
f 3899 3667 3884
f 3884 3667 3661
f 3884 3661 3885
f 3900 3692 3901
f 3901 3692 3697
f 3696 3686 3900
f 3696 3900 3695
f 3686 3685 3900
f 3900 3685 3690
f 3900 3690 3692
f 3682 3688 3900
f 3900 3688 3687
f 3900 3687 3695
f 3672 3679 3902
f 3902 3679 3681
f 3902 3681 3903
f 3700 3694 3701
f 3701 3694 3693
f 3701 3693 3675
f 3675 3693 3680
f 3675 3680 3672
f 3672 3680 3679
f 3684 3689 3691
f 3691 3689 3694
f 3691 3694 3698
f 3698 3694 3700
f 3670 3882 3881
f 3670 3881 3671
f 3671 3881 3904
f 3697 3699 3901
f 3901 3699 3677
f 3901 3677 3904
f 3904 3677 3678
f 3904 3678 3671
f 3671 3678 3674
f 3671 3674 3673
f 3715 3714 3882
f 3707 3715 3705
f 3705 3715 3882
f 3705 3882 3706
f 3706 3882 3708
f 3670 3672 3882
f 3882 3672 3902
f 3882 3902 3708
f 3708 3902 3903
f 3708 3903 3709
f 3717 3709 3905
f 3878 3704 3905
f 3905 3704 3703
f 3905 3703 3717
f 3717 3703 3702
f 3717 3702 3716
f 3906 3907 3908
f 3908 3907 3909
f 3908 3909 3887
f 3910 3911 3908
f 3908 3911 3912
f 3908 3912 3906
f 3913 3892 3909
f 3909 3892 3891
f 3909 3891 3887
f 3913 3914 3892
f 3892 3914 3915
f 3892 3915 3916
f 3916 3915 3917
f 3916 3917 3918
f 3918 3919 3916
f 3916 3919 3920
f 3916 3920 3910
f 3910 3920 3921
f 3910 3921 3911
f 3922 3923 3924
f 3924 3923 3925
f 3924 3925 3926
f 3926 3925 3927
f 3926 3927 3928
f 3929 3930 3880
f 3880 3930 3931
f 3880 3931 3922
f 3922 3931 3932
f 3922 3932 3923
f 3933 3934 3935
f 3936 3937 3938
f 3939 3940 3936
f 3936 3940 3941
f 3936 3941 3937
f 3942 3943 3944
f 3944 3943 3945
f 3944 3945 3946
f 3946 3945 3947
f 3946 3947 3933
f 3933 3947 3948
f 3933 3948 3934
f 3938 3949 3950
f 3950 3949 3951
f 3950 3951 3952
f 3952 3951 3953
f 3952 3953 3954
f 3954 3955 3952
f 3952 3955 3956
f 3952 3956 3957
f 3958 3959 3924
f 3924 3959 3960
f 3924 3960 3922
f 3922 3960 3961
f 3962 3963 3936
f 3936 3963 3964
f 3936 3964 3965
f 3965 3964 3966
f 3965 3966 3967
f 3967 3966 3968
f 3967 3968 3958
f 3938 3950 3936
f 3936 3950 3969
f 3936 3969 3962
f 3952 3970 3971
f 3971 3972 3952
f 3952 3972 3973
f 3952 3973 3950
f 3950 3973 3974
f 3950 3974 3969
f 3975 3976 3977
f 3978 3970 3979
f 3979 3970 3952
f 3979 3952 3944
f 3944 3952 3957
f 3944 3957 3942
f 3961 3980 3922
f 3922 3980 3981
f 3922 3981 3880
f 3880 3981 3982
f 3880 3982 3983
f 3725 3884 3724
f 3724 3884 3723
f 3725 3726 3884
f 3884 3726 3729
f 3884 3729 3899
f 3899 3729 3728
f 3899 3728 3727
f 3727 3732 3899
f 3899 3732 3731
f 3899 3731 3730
f 3730 3719 3899
f 3899 3719 3718
f 3899 3718 3904
f 3904 3718 3720
f 3904 3720 3901
f 3901 3720 3900
f 3900 3720 3721
f 3900 3721 3722
f 3742 3741 3898
f 3898 3741 3984
f 3898 3984 3664
f 3664 3984 3985
f 3664 3985 3662
f 3662 3985 3896
f 3662 3896 3663
f 3663 3896 3660
f 3663 3660 3665
f 3665 3660 3659
f 3665 3659 3666
f 3740 3746 3986
f 3765 3767 3745
f 3745 3767 3769
f 3745 3769 3771
f 3775 3776 3987
f 3987 3776 3735
f 3987 3735 3736
f 3751 3753 3761
f 3741 3760 3758
f 3755 3757 3753
f 3753 3757 3759
f 3753 3759 3761
f 3739 3984 3749
f 3749 3984 3750
f 3746 3745 3986
f 3986 3745 3771
f 3986 3771 3987
f 3987 3771 3773
f 3987 3773 3775
f 3738 3737 3748
f 3748 3737 3751
f 3748 3751 3747
f 3747 3751 3761
f 3747 3761 3745
f 3745 3761 3763
f 3745 3763 3765
f 3768 3766 3770
f 3770 3766 3764
f 3770 3764 3772
f 3772 3764 3774
f 3734 3733 3744
f 3744 3733 3774
f 3744 3774 3743
f 3743 3774 3764
f 3743 3764 3741
f 3741 3764 3762
f 3741 3762 3760
f 3758 3756 3741
f 3741 3756 3754
f 3741 3754 3984
f 3984 3754 3752
f 3984 3752 3750
f 3742 3988 3736
f 3736 3988 3989
f 3736 3989 3987
f 3987 3989 3990
f 3987 3990 3991
f 3992 3993 3994
f 3995 3996 3997
f 3997 3996 3998
f 3997 3998 3999
f 4000 4001 4002
f 4003 4004 4005
f 4005 4004 4000
f 4005 4000 4006
f 4006 4000 4002
f 3890 4007 4008
f 4008 4007 4009
f 4008 4009 4010
f 4010 4009 3986
f 4010 3986 4011
f 4011 3986 3987
f 4011 3987 4012
f 4012 3987 3991
f 4007 3896 4009
f 4009 3896 3985
f 4009 3985 3986
f 3986 3985 3984
f 3986 3984 3740
f 3740 3984 3739
f 3904 4013 3899
f 3899 4013 3988
f 3899 3988 3898
f 3898 3988 3742
f 3887 3889 3908
f 3908 3889 4014
f 3908 4014 3910
f 3910 4014 4015
f 3910 4015 4016
f 3681 3683 3903
f 3903 3683 3682
f 3903 3682 3886
f 3886 3682 3900
f 3886 3900 3884
f 3884 3900 3722
f 3884 3722 3723
f 4017 4018 4019
f 4019 4018 4015
f 4019 4015 4020
f 4020 4015 4014
f 4020 4014 4021
f 4021 4014 3889
f 4021 3889 4000
f 4000 3889 3888
f 4000 3888 4001
f 3709 3903 3905
f 3905 3903 3886
f 3905 3886 4022
f 4022 3886 3885
f 4022 3885 3897
f 3897 3885 3661
f 3897 3661 3660
f 3890 3892 4007
f 4007 3892 3916
f 4007 3916 3896
f 3896 3916 4023
f 3896 4023 3897
f 3897 4023 4024
f 3897 4024 4022
f 4022 4024 4025
f 4022 4025 3905
f 4017 4026 4018
f 4018 4026 4027
f 4018 4027 4015
f 4015 4027 4028
f 4015 4028 4016
f 4016 4028 4029
f 4016 4029 3910
f 3910 4029 4030
f 3910 4030 3916
f 3916 4030 4031
f 3916 4031 4023
f 4023 4031 4032
f 4023 4032 4024
f 4024 4032 4033
f 4024 4033 4025
f 4025 4033 4034
f 4025 4034 3905
f 3905 4034 4035
f 3905 4035 3878
f 3878 4035 4036
f 3878 4036 3879
f 3879 4036 4037
f 3879 4037 3880
f 3880 4037 4038
f 3880 4038 3929
f 4039 4040 4041
f 4042 4043 4044
f 4044 4043 3977
f 4044 3977 3979
f 3979 3977 3976
f 3979 3976 3978
f 3712 3710 4042
f 4042 3710 3704
f 4042 3704 4043
f 4043 3704 3878
f 4043 3878 3977
f 3977 3878 3880
f 3977 3880 3975
f 3975 3880 3983
f 3958 3924 3967
f 3967 3924 3926
f 3967 3926 4045
f 4045 3926 3928
f 4045 3928 4017
f 4017 3928 4046
f 4017 4046 4026
f 4026 4046 4047
f 4026 4047 4027
f 3894 4040 3895
f 3895 4040 4039
f 3895 4039 4048
f 4004 4049 4000
f 4000 4049 4050
f 4000 4050 4021
f 4021 4050 4051
f 4021 4051 4020
f 4020 4051 4052
f 4020 4052 4019
f 4019 4052 4053
f 4019 4053 4017
f 4017 4053 4054
f 4017 4054 4045
f 4045 4054 4055
f 4045 4055 3967
f 3967 4055 4056
f 3967 4056 3965
f 3994 3893 3992
f 3992 3893 3895
f 3992 3895 4057
f 4057 3895 4048
f 4057 4048 4058
f 4058 4048 4059
f 4060 4059 4061
f 4061 4059 4048
f 4061 4048 4062
f 4062 4048 4039
f 4062 4039 3883
f 3883 4039 4041
f 3883 4041 3881
f 3944 4060 3979
f 3979 4060 4061
f 3979 4061 4044
f 4044 4061 4062
f 4044 4062 4042
f 4042 4062 3883
f 4042 3883 3712
f 3712 3883 3882
f 3712 3882 3713
f 3713 3882 3714
f 3713 3714 3711
f 3935 3939 3933
f 3933 3939 3936
f 3933 3936 4063
f 4063 3936 3965
f 4063 3965 3997
f 3997 3965 4056
f 3997 4056 3995
f 4064 4065 4066
f 4066 4065 4067
f 4066 4067 4068
f 4068 4067 4069
f 4068 4069 4070
f 4070 4069 4071
f 4070 4071 4072
f 4072 4071 4073
f 4072 4073 4074
f 4074 4073 4075
f 4074 4075 4076
f 4076 4075 4077
f 4076 4077 4078
f 4078 4077 4079
f 4078 4079 4080
f 4080 4079 4081
f 4082 4083 4084
f 4084 4083 4085
f 4084 4085 4086
f 4086 4085 4087
f 4088 4089 4090
f 4090 4089 4091
f 4090 4091 4092
f 4092 4091 4093
f 4094 4095 4064
f 4064 4095 4065
f 4096 4097 4098
f 4098 4097 4099
f 4098 4099 4100
f 4100 4099 4101
f 4100 4101 4102
f 4102 4101 4103
f 4102 4103 4104
f 4104 4103 4105
f 4104 4105 4106
f 4106 4105 4107
f 4106 4107 4108
f 4108 4107 4109
f 4108 4109 4110
f 4110 4109 4111
f 4110 4111 4112
f 4112 4111 4113
f 4112 4113 4114
f 4114 4113 4115
f 4114 4115 4116
f 4116 4115 4117
f 4116 4117 4118
f 4118 4117 4119
f 4118 4119 4120
f 4120 4119 4121
f 4120 4121 4122
f 4122 4121 4123
f 4122 4123 4124
f 4124 4123 4125
f 4124 4125 4126
f 4126 4125 4127
f 4126 4127 4128
f 4128 4127 4129
f 4128 4129 4130
f 4130 4129 4131
f 4130 4131 4132
f 4132 4131 4133
f 4132 4133 4134
f 4134 4133 4135
f 4134 4135 4136
f 4136 4135 4137
f 4136 4137 4138
f 4138 4137 4139
f 4138 4139 4096
f 4096 4139 4097
f 3876 3877 4140
f 4140 3877 4141
f 3848 3847 4142
f 4142 3847 4143
f 4142 4143 4144
f 4140 4141 4145
f 4145 4141 4146
f 4145 4146 4147
f 4147 4146 4148
f 4147 4148 4149
f 4149 4148 4150
f 4149 4150 4143
f 4143 4150 4144
f 4151 4152 4153
f 4153 4152 4154
f 4153 4154 4155
f 4155 4154 4156
f 4157 4158 4159
f 4159 4158 4160
f 4161 4162 4163
f 4163 4162 4164
f 4163 4164 4165
f 4165 4164 4166
f 4165 4166 4167
f 4167 4166 4168
f 4167 4168 4169
f 4169 4168 4170
f 4152 4151 4170
f 4170 4151 4169
f 4159 4160 4171
f 4171 4160 3838
f 4171 3838 3837
f 3828 3827 3846
f 3846 3827 3845
f 4162 4161 3836
f 3836 4161 4172
f 3836 4172 3835
f 4173 4174 4175
f 4173 4175 4176
f 4176 4175 4177
f 4176 4177 4178
f 4178 4177 3812
f 4178 3812 3814
f 3819 3821 4179
f 3819 4179 4180
f 4180 4179 4181
f 4180 4181 4182
f 4181 4183 4182
f 4182 4183 4184
f 4182 4184 4185
f 4184 4186 4185
f 4185 4186 4187
f 4185 4187 4188
f 4173 4189 4174
f 4174 4189 4190
f 4190 4191 4174
f 4174 4191 4192
f 4174 4192 4193
f 4193 4194 4174
f 4174 4194 4195
f 4174 4195 4187
f 4187 4195 4196
f 4187 4196 4188
f 4197 4198 4199
f 4200 4201 4202
f 4200 4202 4203
f 4203 4202 4204
f 4203 4204 4205
f 4206 4207 4208
f 4206 4208 4209
f 4199 4210 4197
f 4197 4210 4211
f 4197 4211 4212
f 4211 4213 4212
f 4212 4213 4214
f 4212 4214 4215
f 4215 4214 4216
f 4217 4218 4219
f 4220 4221 4222
f 4222 4221 4223
f 4224 4225 4226
f 4226 4227 4228
f 4228 4227 4229
f 4228 4229 4230
f 4231 4232 4233
f 4233 4232 4234
f 4233 4234 4226
f 4226 4234 4235
f 4226 4235 4227
f 4236 4237 4238
f 4238 4237 4239
f 4238 4239 4225
f 4225 4239 4240
f 4225 4240 4226
f 4241 4242 4243
f 4243 4242 4244
f 4243 4244 4245
f 4245 4244 4224
f 4245 4224 4246
f 4246 4224 4226
f 4246 4226 4247
f 4247 4226 4228
f 4248 4249 4250
f 4250 4249 4251
f 4252 4253 4254
f 4254 4253 4255
f 4256 4257 4258
f 4258 4257 4259
f 4260 4261 4262
f 4263 4262 4264
f 4264 4262 4265
f 4264 4265 4266
f 4262 4261 4267
f 4268 4269 4270
f 4271 4272 4273
f 4263 4274 4262
f 4262 4274 4275
f 4262 4275 4260
f 4267 4261 4276
f 4276 4261 4277
f 4276 4277 4278
f 4279 4280 4273
f 4278 4268 4276
f 4276 4268 4270
f 4276 4270 4281
f 4281 4270 4282
f 4281 4282 4283
f 4283 4282 4279
f 4283 4279 4284
f 4284 4279 4273
f 4273 4272 4285
f 4285 4272 4286
f 4285 4286 4287
f 4280 4288 4273
f 4273 4288 4289
f 4273 4289 4271
f 4287 4286 4290
f 4290 4286 4291
f 4290 4291 4292
f 4265 4293 4266
f 4266 4293 4290
f 4266 4290 4294
f 4294 4290 4292
f 4294 4292 4295
f 4217 4219 4296
f 4217 4296 4297
f 4296 4298 4297
f 4297 4298 4299
f 4297 4299 4300
f 4299 4301 4300
f 4300 4301 4302
f 4300 4302 4303
f 4302 4304 4303
f 4303 4304 4305
f 4303 4305 4306
f 4307 4308 4309
f 4307 4309 4310
f 4310 4309 4209
f 4310 4209 4208
f 4311 4312 4313
f 4313 4312 4314
f 4315 4316 4317
f 4317 4316 4318
f 4319 4320 4321
f 4321 4320 4322
f 4323 4324 4325
f 4325 4324 4326
f 4327 4328 4329
f 4329 4328 4330
f 4331 4332 4333
f 4333 4332 4334
f 4335 4336 4337
f 4337 4336 4338
f 4339 4340 4341
f 4341 4340 4342
f 4323 4325 4343
f 4323 4343 4344
f 4345 4346 4347
f 4345 4347 4348
f 4349 4350 4320
f 4349 4320 4319
f 4331 4333 4351
f 4331 4351 4352
f 4353 4354 4355
f 4353 4355 4356
f 4356 4355 4328
f 4356 4328 4327
f 4315 4317 4357
f 4315 4357 4358
f 4359 4360 4361
f 4359 4361 4362
f 4363 4364 4312
f 4363 4312 4311
f 4339 4341 4365
f 4339 4365 4366
f 4367 4368 4369
f 4367 4369 4370
f 4370 4369 4336
f 4370 4336 4335
f 4371 4372 4373
f 4374 4375 4376
f 4374 4376 4377
f 4377 4376 4378
f 4377 4378 4379
f 4380 4381 4382
f 4380 4382 4383
f 4373 4384 4371
f 4371 4384 4385
f 4371 4385 4386
f 4385 4387 4386
f 4386 4387 4388
f 4386 4388 4389
f 4389 4388 4390
f 4391 4392 4393
f 4394 4395 4396
f 4396 4395 4397
f 4398 4399 4400
f 4401 4402 4403
f 4403 4402 4404
f 4403 4404 4405
f 4405 4404 4400
f 4405 4400 4406
f 4406 4400 4399
f 4406 4399 4407
f 4407 4399 4408
f 4409 4410 4411
f 4411 4410 4412
f 4411 4412 4413
f 4413 4412 4414
f 4413 4414 4415
f 4416 4417 4418
f 4418 4417 4419
f 4418 4419 4420
f 4420 4419 4421
f 4420 4421 4400
f 4400 4421 4413
f 4400 4413 4398
f 4398 4413 4415
f 4422 4423 4424
f 4424 4423 4425
f 4426 4427 4428
f 4428 4427 4429
f 4430 4431 4432
f 4432 4431 4433
f 4434 4435 4436
f 4436 4435 4437
f 4438 4439 4440
f 4437 4435 4441
f 4441 4435 4442
f 4441 4442 4443
f 4444 4445 4446
f 4447 4448 4449
f 4443 4438 4441
f 4441 4438 4440
f 4441 4440 4450
f 4450 4440 4451
f 4450 4451 4452
f 4452 4451 4453
f 4452 4453 4454
f 4454 4453 4455
f 4456 4457 4449
f 4455 4444 4454
f 4454 4444 4446
f 4454 4446 4458
f 4458 4446 4459
f 4458 4459 4460
f 4460 4459 4456
f 4460 4456 4461
f 4461 4456 4449
f 4462 4436 4463
f 4463 4436 4464
f 4463 4464 4448
f 4448 4464 4465
f 4448 4465 4449
f 4457 4466 4449
f 4449 4466 4467
f 4449 4467 4447
f 4462 4468 4436
f 4436 4468 4469
f 4436 4469 4434
f 4391 4393 4470
f 4391 4470 4471
f 4470 4472 4471
f 4471 4472 4473
f 4471 4473 4474
f 4473 4475 4474
f 4474 4475 4476
f 4474 4476 4477
f 4476 4478 4477
f 4477 4478 4479
f 4477 4479 4480
f 4481 4482 4483
f 4481 4483 4484
f 4484 4483 4383
f 4484 4383 4382
f 4485 4486 4487
f 4487 4486 4488
f 4489 4490 4491
f 4491 4490 4492
f 4493 4494 4495
f 4495 4494 4496
f 4497 4498 4499
f 4499 4498 4500
f 4501 4502 4503
f 4503 4502 4504
f 4505 4506 4507
f 4507 4506 4508
f 4509 4510 4511
f 4511 4510 4512
f 4513 4514 4515
f 4515 4514 4516
f 4497 4499 4517
f 4497 4517 4518
f 4519 4520 4521
f 4519 4521 4522
f 4523 4524 4494
f 4523 4494 4493
f 4505 4507 4525
f 4505 4525 4526
f 4527 4528 4529
f 4527 4529 4530
f 4531 4532 4502
f 4531 4502 4501
f 4489 4491 4533
f 4489 4533 4534
f 4535 4536 4537
f 4535 4537 4538
f 4539 4540 4486
f 4539 4486 4485
f 4513 4515 4541
f 4513 4541 4542
f 4543 4544 4545
f 4543 4545 4546
f 4546 4545 4510
f 4546 4510 4509
f 4547 4548 4549
f 4547 4549 4550
f 4551 4552 4553
f 4551 4553 4554
f 4555 4556 4557
f 4555 4557 4558
f 4559 4560 4561
f 4559 4561 4562
f 4562 4561 4563
f 4562 4563 4564
f 4565 4566 4567
f 4565 4567 4568
f 4569 4570 4571
f 4571 4570 4572
f 4573 4574 4575
f 4576 4577 4578
f 4578 4577 4579
f 4578 4579 4580
f 4578 4581 4576
f 4576 4581 4582
f 4576 4582 4575
f 4575 4582 4583
f 4575 4583 4573
f 4584 4585 4586
f 4586 4585 4587
f 4586 4587 4576
f 4576 4587 4588
f 4576 4588 4577
f 4589 4590 4574
f 4574 4590 4591
f 4574 4591 4575
f 4575 4591 4592
f 4575 4592 4593
f 4593 4592 4594
f 4593 4594 4595
f 4595 4594 4596
f 4597 4598 4599
f 4599 4598 4600
f 4601 4602 4603
f 4603 4602 4604
f 4605 4606 4607
f 4607 4606 4608
f 4609 4610 4611
f 4612 4613 4614
f 4615 4616 4617
f 4617 4616 4618
f 4617 4619 4615
f 4615 4619 4620
f 4615 4620 4611
f 4611 4620 4621
f 4611 4621 4609
f 4618 4612 4617
f 4617 4612 4614
f 4617 4614 4622
f 4622 4614 4623
f 4622 4623 4624
f 4624 4623 4625
f 4626 4627 4625
f 4625 4627 4628
f 4625 4628 4624
f 4629 4630 4631
f 4632 4633 4621
f 4621 4633 4634
f 4621 4634 4609
f 4635 4636 4637
f 4637 4636 4638
f 4637 4638 4639
f 4639 4638 4627
f 4639 4627 4640
f 4626 4641 4627
f 4627 4641 4642
f 4627 4642 4640
f 4635 4629 4636
f 4636 4629 4631
f 4636 4631 4643
f 4643 4631 4632
f 4643 4632 4644
f 4644 4632 4621
f 4645 4646 4647
f 4645 4647 4648
f 4648 4647 4649
f 4648 4649 4650
f 4650 4649 4651
f 4650 4651 4652
f 4652 4651 4653
f 4652 4653 4654
f 4655 4656 4657
f 4655 4657 4658
f 4658 4657 4659
f 4658 4659 4660
f 4661 4662 4663
f 4663 4662 4664
f 4665 4666 4667
f 4667 4666 4668
f 4669 4670 4671
f 4671 4670 4672
f 4673 4674 4675
f 4675 4674 4676
f 4677 4678 4679
f 4679 4678 4680
f 4681 4682 4683
f 4683 4682 4684
f 4685 4686 4687
f 4687 4686 4688
f 4689 4690 4691
f 4691 4690 4692
f 4673 4675 4693
f 4673 4693 4694
f 4695 4696 4697
f 4695 4697 4698
f 4699 4700 4670
f 4699 4670 4669
f 4681 4683 4701
f 4681 4701 4702
f 4702 4701 4703
f 4702 4703 4704
f 4705 4706 4678
f 4705 4678 4677
f 4665 4667 4707
f 4665 4707 4708
f 4709 4710 4711
f 4709 4711 4712
f 4712 4711 4662
f 4712 4662 4661
f 4689 4691 4713
f 4689 4713 4714
f 4714 4713 4715
f 4714 4715 4716
f 4717 4718 4686
f 4717 4686 4685
f 4719 4720 4721
f 4719 4721 4722
f 4721 4723 4722
f 4722 4723 4724
f 4722 4724 4725
f 4724 4726 4725
f 4725 4726 4727
f 4725 4727 4728
f 4727 4729 4728
f 4728 4729 4730
f 4728 4730 4731
f 4732 4733 4734
f 4732 4734 4735
f 4736 4737 4738
f 4736 4738 4739
f 4740 4741 4742
f 4742 4741 4743
f 4744 4745 4746
f 4746 4745 4747
f 4748 4749 4744
f 4744 4749 4750
f 4744 4750 4745
f 4745 4750 4751
f 4745 4751 4752
f 4752 4751 4753
f 4752 4753 4754
f 4754 4753 4755
f 4747 4745 4756
f 4756 4745 4757
f 4756 4757 4758
f 4759 4760 4761
f 4761 4760 4762
f 4762 4760 4757
f 4757 4760 4763
f 4757 4763 4758
f 4764 4765 4766
f 4766 4767 4764
f 4764 4767 4768
f 4764 4768 4757
f 4757 4768 4769
f 4757 4769 4762
f 4770 4771 4772
f 4772 4771 4773
f 4774 4775 4776
f 4776 4775 4777
f 4778 4779 4780
f 4780 4779 4781
f 4782 4783 4784
f 4785 4786 4787
f 4788 4789 4790
f 4787 4786 4784
f 4784 4786 4791
f 4784 4791 4782
f 4785 4787 4792
f 4792 4787 4793
f 4792 4793 4794
f 4795 4796 4797
f 4797 4796 4798
f 4797 4798 4799
f 4799 4798 4800
f 4799 4800 4801
f 4801 4800 4802
f 4803 4804 4805
f 4805 4804 4798
f 4805 4798 4806
f 4806 4798 4796
f 4807 4808 4809
f 4809 4808 4810
f 4809 4810 4811
f 4811 4810 4812
f 4811 4812 4791
f 4791 4812 4813
f 4791 4813 4782
f 4794 4788 4792
f 4792 4788 4790
f 4792 4790 4814
f 4814 4790 4795
f 4814 4795 4815
f 4815 4795 4797
f 4816 4808 4802
f 4802 4808 4807
f 4802 4807 4801
f 4816 4817 4808
f 4808 4817 4818
f 4808 4818 4819
f 4820 4821 4822
f 4823 4824 4825
f 4823 4825 4826
f 4826 4825 4827
f 4826 4827 4828
f 4828 4827 4829
f 4828 4829 4830
f 4822 4831 4820
f 4820 4831 4832
f 4820 4832 4833
f 4832 4834 4833
f 4833 4834 4835
f 4833 4835 4836
f 4836 4835 4837
f 4719 4838 4720
f 4839 4840 4841
f 4841 4840 4842
f 4843 4844 4845
f 4845 4844 4846
f 4847 4848 4849
f 4849 4848 4850
f 4851 4852 4853
f 4853 4852 4854
f 4855 4856 4857
f 4857 4856 4858
f 4859 4860 4861
f 4861 4860 4862
f 4863 4864 4865
f 4865 4864 4866
f 4867 4868 4869
f 4869 4868 4870
f 4851 4853 4871
f 4851 4871 4872
f 4873 4874 4875
f 4873 4875 4876
f 4877 4878 4848
f 4877 4848 4847
f 4859 4861 4879
f 4859 4879 4880
f 4880 4879 4881
f 4880 4881 4882
f 4883 4884 4856
f 4883 4856 4855
f 4843 4845 4885
f 4843 4885 4886
f 4886 4885 4887
f 4886 4887 4888
f 4888 4887 4889
f 4888 4889 4890
f 4890 4889 4840
f 4890 4840 4839
f 4867 4869 4891
f 4867 4891 4892
f 4892 4891 4893
f 4892 4893 4894
f 4894 4893 4895
f 4894 4895 4896
f 4896 4895 4864
f 4896 4864 4863
f 4897 4898 4899
f 4899 4898 4900
f 4899 4900 4901
f 4900 4898 4902
f 4902 4898 4903
f 4904 4905 4906
f 4906 4905 4907
f 4906 4907 4908
f 4908 4907 4909
f 4910 4911 4912
f 4912 4911 4913
f 4912 4913 4914
f 4915 4916 4917
f 4917 4916 4918
f 4917 4918 4919
f 4920 4921 4922
f 4922 4921 4917
f 4922 4917 4923
f 4923 4917 4919
f 4924 4925 4926
f 4926 4925 4927
f 4926 4927 4928
f 4926 4928 4929
f 4929 4928 4930
f 4931 4932 4933
f 4933 4932 4934
f 4933 4934 4935
f 4935 4934 4936
f 4937 4938 4939
f 4939 4938 4940
f 4939 4940 4941
f 4942 4943 4944
f 4944 4943 4945
f 4944 4945 4946
f 4947 4944 4948
f 4948 4944 4946
f 4948 4946 4949
f 4949 4946 4950
f 4951 4952 4953
f 4953 4952 4954
f 4953 4954 4955
f 4953 4955 4956
f 4956 4955 4957
f 4956 4957 4958
f 4958 4957 4959
f 4958 4959 4960
f 4960 4959 4961
f 4960 4961 4962
f 4962 4961 4963
f 4964 4965 4966
f 4966 4965 4967
f 4966 4967 4968
f 4969 4970 4971
f 4971 4972 4969
f 4969 4972 4973
f 4969 4973 4974
f 4975 4976 4977
f 4977 4976 4969
f 4977 4969 4978
f 4978 4969 4974
f 4979 4980 4981
f 4981 4980 4982
f 4981 4982 4983
f 4983 4982 4984
f 4985 4986 4987
f 4987 4986 4988
f 4987 4988 4989
f 4984 4982 4990
f 4990 4982 4991
f 4990 4991 4985
f 4985 4991 4992
f 4985 4992 4986
f 4993 4994 4995
f 4995 4994 4996
f 4995 4996 4997
f 4998 4999 5000
f 5000 4999 5001
f 5000 5001 5002
f 5002 5001 5003
f 5002 5003 5004
f 5004 5003 5005
f 5004 5005 4993
f 4993 5005 5006
f 4993 5006 4994
f 5007 5008 5009
f 5010 5011 5012
f 5012 5011 5013
f 5012 5013 5014
f 5009 5015 5007
f 5007 5015 5016
f 5007 5016 5017
f 5017 5016 5018
f 5018 5016 5019
f 5018 5019 5010
f 5010 5019 5020
f 5010 5020 5011
f 5021 5022 5023
f 5024 5025 5026
f 5021 5023 5027
f 5023 5028 5027
f 5027 5028 5029
f 5027 5029 5030
f 5030 5029 5031
f 5030 5031 5032
f 5032 5031 5033
f 5032 5033 5026
f 5026 5033 5034
f 5026 5034 5024
f 5035 5036 5037
f 5038 5039 5040
f 5037 5041 5035
f 5035 5041 5042
f 5035 5042 5043
f 5043 5042 5044
f 5044 5042 5045
f 5044 5045 5046
f 5046 5045 5047
f 5046 5047 5040
f 5040 5047 5048
f 5040 5048 5038
f 5049 5050 5051
f 5052 5053 5054
f 5049 5051 5055
f 5051 5056 5055
f 5055 5056 5057
f 5055 5057 5058
f 5058 5057 5059
f 5058 5059 5060
f 5060 5059 5061
f 5060 5061 5054
f 5054 5061 5062
f 5054 5062 5052
f 5063 5064 5065
f 5066 5067 5068
f 5068 5067 5069
f 5068 5069 5070
f 5065 5071 5063
f 5063 5071 5072
f 5063 5072 5073
f 5073 5072 5074
f 5074 5072 5075
f 5074 5075 5069
f 5069 5075 5076
f 5069 5076 5070
f 5077 5078 5079
f 5077 5079 5080
f 5081 5082 5083
f 5083 5082 5084
f 5083 5084 5085
f 5079 5086 5080
f 5080 5086 5087
f 5080 5087 5088
f 5088 5087 5089
f 5088 5089 5081
f 5081 5089 5090
f 5081 5090 5082
f 5091 5092 5093
f 5093 5092 5094
f 5093 5094 5095
f 5095 5094 5096
f 5096 5094 5097
f 5096 5097 5098
f 5098 5097 5099
f 5098 5099 5100
f 5099 5097 5101
f 5101 5097 5102
f 5103 5104 5105
f 5105 5104 5106
f 5107 5108 5109
f 5109 5108 5110
f 5109 5110 5111
f 5111 5110 5112
f 5113 5114 5115
f 5115 5114 5116
f 5115 5116 5117
f 5117 5116 5118
f 5118 5119 5120
f 5120 5119 5121
f 5121 5119 5122
f 5121 5122 5123
f 5124 5117 5125
f 5125 5117 5118
f 5125 5118 5126
f 5126 5118 5120
f 5127 5128 5129
f 5129 5130 5127
f 5127 5130 5131
f 5127 5131 5132
f 5132 5133 5127
f 5127 5133 5134
f 5127 5134 5135
f 5136 5137 5138
f 5138 5137 5139
f 5140 5141 5142
f 5142 5141 5143
f 5144 5145 5146
f 5146 5145 5147
f 5146 5147 5148
f 5148 5147 5149
f 5150 5151 5152
f 5152 5151 5153
f 5152 5153 5154
f 5154 5153 5155
f 5156 5157 5158
f 5159 5160 5161
f 5161 5160 5156
f 5162 5161 5163
f 5163 5161 5156
f 5163 5156 5164
f 5164 5156 5158
f 5165 5166 5167
f 5167 5166 5168
f 5167 5168 5169
f 5167 5169 5170
f 5170 5169 5171
f 5172 5173 5174
f 5174 5173 5175
f 5174 5175 5176
f 5176 5175 5177
f 5178 5179 5180
f 5180 5179 5181
f 5180 5181 5182
f 5182 5181 5183
f 5184 5185 5186
f 5186 5185 5187
f 5187 5188 5186
f 5186 5188 5189
f 5186 5189 5190
f 5191 5192 5193
f 5194 5195 5196
f 5196 5195 5191
f 5196 5191 5197
f 5197 5191 5193
f 5197 5193 5198
f 5198 5193 5199
f 5200 5201 5202
f 5202 5201 5203
f 5204 5205 5206
f 5206 5205 5207
f 5208 5209 5210
f 5210 5209 5211
f 5210 5211 5212
f 5212 5211 5213
f 5214 5215 5216
f 5216 5215 5217
f 5216 5217 5218
f 5218 5217 5219
f 5220 5221 5222
f 5223 5224 5225
f 5225 5224 5220
f 5226 5225 5227
f 5227 5225 5220
f 5227 5220 5228
f 5228 5220 5222
f 5229 5230 5231
f 5231 5230 5232
f 5233 5234 5235
f 5235 5234 5236
f 5237 5238 5239
f 5239 5238 5240
f 5239 5240 5241
f 5241 5240 5242
f 5243 5244 5245
f 5245 5244 5246
f 5245 5246 5247
f 5247 5246 5248
f 5249 5250 5251
f 5252 5253 5254
f 5254 5253 5249
f 5255 5254 5256
f 5256 5254 5249
f 5256 5249 5257
f 5257 5249 5251
f 5258 5259 5260
f 5260 5259 5261
f 5260 5261 5262
f 5262 5261 5263
f 5263 5261 5264
f 5263 5264 5265
f 5265 5264 5266
f 5265 5266 5267
f 5266 5264 5268
f 5268 5264 5269
f 5270 5271 5272
f 5272 5271 5273
f 5274 5275 5276
f 5276 5275 5277
f 5276 5277 5278
f 5278 5277 5279
f 5280 5281 5282
f 5282 5281 5283
f 5282 5283 5284
f 5284 5283 5285
f 5285 5286 5287
f 5287 5286 5288
f 5288 5286 5289
f 5288 5289 5290
f 5291 5284 5292
f 5292 5284 5285
f 5292 5285 5293
f 5293 5285 5287
f 5294 5295 5296
f 5296 5295 5297
f 5296 5297 5298
f 5299 5296 5300
f 5300 5296 5298
f 5300 5298 5301
f 5301 5298 5302
f 5303 5304 5305
f 5305 5304 5306
f 5307 5308 5309
f 5309 5308 5310
f 5308 5311 5310
f 5310 5311 5312
f 5310 5312 5306
f 5306 5312 5313
f 5306 5313 5305
f 5309 5310 5314
f 5314 5310 5315
f 5316 5317 5318
f 5318 5317 5319
f 5320 5321 5322
f 5322 5321 5323
f 5322 5323 5324
f 5324 5323 5325
f 5326 5327 5328
f 5328 5327 5329
f 5330 5331 5332
f 5332 5331 5333
f 5333 5334 5335
f 5335 5334 5336
f 5336 5334 5337
f 5336 5337 5338
f 5339 5332 5340
f 5340 5332 5333
f 5340 5333 5341
f 5341 5333 5335
f 5342 5343 5344
f 5344 5345 5342
f 5342 5345 5346
f 5342 5346 5347
f 5347 5348 5342
f 5342 5348 5349
f 5342 5349 5350
f 5351 5352 5353
f 5353 5352 5354
f 5353 5354 5355
f 5353 5355 5356
f 5356 5355 5357
f 5358 5359 5360
f 5360 5359 5361
f 5360 5361 5362
f 5362 5361 5363
f 5364 5365 5366
f 5366 5365 5367
f 5366 5367 5368
f 5368 5367 5369
f 5370 5371 5372
f 5372 5371 5373
f 5374 5375 5376
f 5376 5375 5372
f 5376 5372 5373
f 5377 5378 5379
f 5380 5381 5379
f 5379 5381 5382
f 5383 5377 5384
f 5384 5377 5379
f 5384 5379 5385
f 5385 5379 5382
f 5386 5387 5388
f 5388 5387 5389
f 5388 5389 5390
f 5388 5390 5391
f 5391 5390 5392
f 5393 5394 5395
f 5394 5396 5395
f 5395 5396 5397
f 5395 5397 5398
f 5398 5397 5399
f 5398 5399 5400
f 5400 5399 5401
f 5400 5401 5402
f 5402 5401 5403
f 5404 5405 5406
f 5406 5405 5407
f 5408 5409 5410
f 5410 5409 5406
f 5410 5406 5407
f 5411 5412 5413
f 5413 5414 5411
f 5411 5414 5415
f 5411 5415 5416
f 5416 5417 5411
f 5411 5417 5418
f 5411 5418 5419
f 5420 5421 5422
f 5422 5421 5423
f 5424 5425 5426
f 5426 5425 5427
f 5428 5429 5430
f 5430 5429 5431
f 5430 5431 5432
f 5432 5431 5433
f 5434 5435 5436
f 5436 5435 5437
f 5436 5437 5438
f 5438 5437 5439
f 5440 5441 5442
f 5442 5443 5440
f 5440 5443 5444
f 5440 5444 5445
f 5445 5446 5440
f 5440 5446 5447
f 5440 5447 5448
f 5449 5450 5451
f 5451 5450 5452
f 5451 5452 5453
f 5453 5452 5454
f 5454 5452 5455
f 5454 5455 5456
f 5456 5455 5457
f 5456 5457 5458
f 5457 5455 5459
f 5459 5455 5460
f 5461 5462 5463
f 5463 5462 5464
f 5465 5466 5467
f 5467 5466 5468
f 5467 5468 5469
f 5469 5468 5470
f 5471 5472 5473
f 5473 5472 5474
f 5473 5474 5475
f 5475 5474 5476
f 5476 5477 5478
f 5478 5477 5479
f 5479 5477 5480
f 5479 5480 5481
f 5482 5475 5483
f 5483 5475 5476
f 5483 5476 5484
f 5484 5476 5478
f 5485 5486 5487
f 5487 5486 5488
f 5487 5488 5489
f 5490 5491 5492
f 5492 5491 5487
f 5492 5487 5493
f 5493 5487 5489
f 5494 5495 5496
f 5496 5495 5497
f 5496 5497 5498
f 5496 5498 5499
f 5499 5498 5500
f 5501 5502 5503
f 5503 5502 5504
f 5503 5504 5505
f 5505 5504 5506
f 5507 5508 5509
f 5509 5508 5510
f 5509 5510 5511
f 5511 5510 5512
f 5513 5514 5515
f 5515 5514 5516
f 5517 5518 5519
f 5519 5518 5515
f 5519 5515 5516
f 5520 5521 5522
f 5522 5523 5520
f 5520 5523 5524
f 5520 5524 5525
f 5525 5526 5520
f 5520 5526 5527
f 5520 5527 5528
f 5529 5530 5531
f 5531 5530 5532
f 5531 5532 5533
f 5533 5532 5534
f 5534 5532 5137
f 5534 5137 5535
f 5535 5137 5136
f 5535 5136 5536
f 5155 5537 5538
f 5538 5537 5539
f 5539 5537 5540
f 5539 5540 5541
f 5542 5154 5543
f 5543 5154 5155
f 5543 5155 5544
f 5544 5155 5538
f 5540 5537 5545
f 5545 5537 5546
f 5545 5546 5547
f 5547 5546 5548
f 5549 5550 5551
f 5551 5550 5552
f 5551 5552 5553
f 5553 5552 5554
f 5553 5554 5555
f 5555 5554 5556
f 5557 5558 5530
f 5530 5558 5532
f 5559 5560 5561
f 5561 5562 5559
f 5559 5562 5563
f 5559 5563 5564
f 5565 5566 5563
f 5563 5566 5567
f 5563 5567 5564
f 5568 5569 5570
f 5570 5569 5571
f 5570 5571 5572
f 5572 5571 5573
f 5573 5571 5230
f 5573 5230 5574
f 5574 5230 5229
f 5574 5229 5575
f 5248 5576 5577
f 5577 5576 5578
f 5578 5576 5579
f 5578 5579 5580
f 5581 5247 5582
f 5582 5247 5248
f 5582 5248 5583
f 5583 5248 5577
f 5579 5576 5584
f 5584 5576 5585
f 5584 5585 5586
f 5586 5585 5587
f 5588 5589 5590
f 5590 5589 5591
f 5590 5591 5592
f 5592 5591 5593
f 5592 5593 5594
f 5594 5593 5595
f 5596 5597 5569
f 5569 5597 5571
f 5598 5599 5600
f 5601 5602 5603
f 5603 5602 5604
f 5603 5604 5605
f 5605 5604 5598
f 5605 5598 5606
f 5606 5598 5600
f 5607 5608 5609
f 5609 5608 5610
f 5609 5610 5611
f 5611 5610 5612
f 5612 5610 5201
f 5612 5201 5613
f 5613 5201 5200
f 5613 5200 5614
f 5219 5615 5616
f 5616 5615 5617
f 5617 5615 5618
f 5617 5618 5619
f 5620 5218 5621
f 5621 5218 5219
f 5621 5219 5622
f 5622 5219 5616
f 5618 5615 5623
f 5623 5615 5624
f 5623 5624 5625
f 5625 5624 5626
f 5627 5628 5629
f 5629 5628 5630
f 5629 5630 5631
f 5631 5630 5632
f 5631 5632 5633
f 5633 5632 5634
f 5635 5636 5608
f 5608 5636 5610
f 5637 5638 5639
f 5640 5641 5642
f 5642 5641 5643
f 5642 5643 5644
f 5644 5643 5637
f 5644 5637 5645
f 5645 5637 5639
f 5122 5119 5646
f 5646 5119 5647
f 5646 5647 5648
f 5648 5647 5649
f 5648 5649 5650
f 5650 5649 5651
f 5650 5651 5652
f 5652 5651 5653
f 5654 5655 5656
f 5656 5655 5657
f 5658 5659 5092
f 5092 5659 5094
f 5660 5661 5662
f 5663 5664 5661
f 5661 5664 5665
f 5661 5665 5662
f 5666 5667 5662
f 5662 5667 5668
f 5662 5668 5660
f 5289 5286 5669
f 5669 5286 5670
f 5669 5670 5671
f 5671 5670 5672
f 5671 5672 5673
f 5673 5672 5674
f 5675 5676 5677
f 5677 5676 5678
f 5677 5678 5679
f 5679 5678 5680
f 5681 5682 5259
f 5259 5682 5261
f 5683 5684 5685
f 5685 5686 5683
f 5683 5686 5687
f 5683 5687 5688
f 5689 5690 5687
f 5687 5690 5691
f 5687 5691 5688
f 5337 5334 5692
f 5692 5334 5693
f 5694 5695 5696
f 5696 5695 5697
f 5696 5697 5698
f 5698 5697 5699
f 5698 5699 5700
f 5700 5699 5701
f 5702 5703 5704
f 5704 5703 5705
f 5706 5707 5304
f 5304 5707 5306
f 5708 5709 5710
f 5711 5712 5713
f 5710 5714 5708
f 5708 5714 5711
f 5708 5711 5715
f 5715 5711 5713
f 5715 5713 5716
f 5717 5718 5719
f 5719 5718 5720
f 5719 5720 5721
f 5722 5723 5724
f 5724 5723 5725
f 5724 5725 5726
f 5725 5723 5727
f 5727 5723 5728
f 5727 5728 5729
f 5729 5728 5730
f 5731 5732 5733
f 5733 5732 5734
f 5733 5734 5735
f 5735 5734 5736
f 5735 5736 5737
f 5737 5736 5738
f 5739 5740 5719
f 5719 5740 5717
f 5741 5742 5743
f 5744 5745 5746
f 5746 5745 5747
f 5746 5747 5748
f 5748 5747 5741
f 5748 5741 5749
f 5749 5741 5743
f 5750 5751 5752
f 5752 5751 5753
f 5752 5753 5754
f 5755 5756 5757
f 5757 5756 5758
f 5757 5758 5759
f 5758 5756 5760
f 5760 5756 5761
f 5760 5761 5762
f 5762 5761 5763
f 5764 5765 5766
f 5766 5765 5767
f 5766 5767 5768
f 5768 5767 5769
f 5768 5769 5770
f 5770 5769 5771
f 5772 5773 5752
f 5752 5773 5750
f 5774 5775 5776
f 5776 5775 5777
f 5776 5777 5778
f 5779 5780 5781
f 5781 5780 5776
f 5781 5776 5782
f 5782 5776 5778
f 5783 5784 5785
f 5785 5784 5786
f 5785 5786 5787
f 5787 5786 5788
f 5788 5786 5421
f 5788 5421 5789
f 5789 5421 5420
f 5789 5420 5790
f 5439 5791 5792
f 5792 5791 5793
f 5793 5791 5794
f 5793 5794 5795
f 5796 5438 5797
f 5797 5438 5439
f 5797 5439 5798
f 5798 5439 5792
f 5794 5791 5799
f 5799 5791 5800
f 5799 5800 5801
f 5801 5800 5802
f 5801 5802 5803
f 5803 5802 5804
f 5803 5804 5805
f 5805 5804 5806
f 5807 5808 5809
f 5809 5808 5810
f 5811 5812 5784
f 5784 5812 5786
f 5813 5814 5815
f 5815 5816 5813
f 5813 5816 5817
f 5813 5817 5818
f 5819 5820 5817
f 5817 5820 5821
f 5817 5821 5818
f 5822 5823 5824
f 5824 5823 5825
f 5824 5825 5826
f 5827 5828 5829
f 5829 5828 5830
f 5829 5830 5831
f 5830 5828 5832
f 5832 5828 5833
f 5832 5833 5834
f 5834 5833 5835
f 5836 5837 5838
f 5838 5837 5839
f 5838 5839 5840
f 5840 5839 5841
f 5842 5843 5844
f 5844 5843 5845
f 5846 5847 5824
f 5824 5847 5822
f 5848 5849 5850
f 5850 5849 5851
f 5850 5851 5852
f 5853 5854 5855
f 5855 5854 5852
f 5855 5852 5856
f 5856 5852 5851
f 5480 5477 5857
f 5857 5477 5858
f 5857 5858 5859
f 5859 5858 5860
f 5861 5862 5863
f 5863 5862 5864
f 5863 5864 5865
f 5865 5864 5866
f 5865 5866 5867
f 5867 5866 5868
f 5869 5870 5450
f 5450 5870 5452
f 5871 5872 5873
f 5874 5875 5873
f 5873 5875 5876
f 5877 5871 5878
f 5878 5871 5873
f 5878 5873 5879
f 5879 5873 5876
f 5880 5881 5882
f 5882 5881 5883
f 5882 5883 5884
f 5885 5886 5887
f 5887 5886 5888
f 5887 5888 5889
f 5888 5886 5890
f 5890 5886 5891
f 5890 5891 5892
f 5892 5891 5893
f 5894 5895 5896
f 5895 5897 5896
f 5896 5897 5898
f 5896 5898 5899
f 5899 5898 5900
f 5899 5900 5901
f 5901 5900 5902
f 5903 5904 5882
f 5882 5904 5880
f 5905 5906 5907
f 5907 5908 5905
f 5905 5908 5909
f 5905 5909 5910
f 5911 5912 5909
f 5909 5912 5913
f 5909 5913 5910
f 5914 5915 5916
f 5916 5915 5917
f 5918 5919 5920
f 5920 5919 5921
f 5922 5923 5924
f 5924 5923 5925
f 5924 5925 5926
f 5926 5925 5927
f 5926 5927 5928
f 5928 5927 5929
f 5930 5931 5932
f 5932 5931 5933
f 5934 5935 5936
f 5937 5938 5934
f 5939 5940 5936
f 5936 5940 5941
f 5936 5941 5934
f 5934 5941 5942
f 5934 5942 5937
f 5939 5943 5940
f 5940 5943 5944
f 5940 5944 5945
f 5946 5947 5948
f 5948 5947 5949
f 5950 5951 5952
f 5952 5951 5953
f 5952 5953 5954
f 5954 5953 5955
f 5956 5957 5958
f 5958 5957 5959
f 5958 5959 5960
f 5960 5959 5961
f 5962 5963 5964
f 5964 5963 5965
f 5966 5967 5968
f 5969 5970 5966
f 5971 5972 5968
f 5968 5972 5973
f 5968 5973 5966
f 5966 5973 5974
f 5966 5974 5969
f 5971 5975 5972
f 5972 5975 5976
f 5972 5976 5977
f 5978 5979 5980
f 5980 5979 5981
f 5982 5983 5984
f 5984 5983 5985
f 5984 5985 5986
f 5986 5985 5987
f 5988 5989 5990
f 5990 5989 5991
f 5990 5991 5992
f 5992 5991 5993
f 5994 5995 5996
f 5996 5995 5997
f 5998 5999 6000
f 6001 6002 6003
f 6004 6003 6005
f 6005 6003 6002
f 6005 6002 6006
f 6007 6008 6009
f 6009 6008 5998
f 6009 5998 6003
f 6003 5998 6000
f 6003 6000 6001
f 6010 6011 6012
f 6010 6012 6013
f 6013 6012 6014
f 6013 6014 6015
f 6015 6014 6016
f 6015 6016 6017
f 6018 6019 6020
f 6018 6020 6021
f 6021 6020 6022
f 6021 6022 6023
f 6023 6022 6024
f 6023 6024 6025
f 6026 6027 6028
f 6028 6027 6011
f 6028 6011 6010
f 6029 6030 6031
f 6029 6031 6032
f 6032 6031 6033
f 6032 6033 6034
f 6033 6035 6034
f 6034 6035 6036
f 6034 6036 6037
f 6036 6038 6037
f 6037 6038 6027
f 6037 6027 6026
f 6039 6040 6041
f 6039 6041 6042
f 6042 6041 6043
f 6042 6043 6044
f 6044 6043 6045
f 6044 6045 6046
f 6047 6048 6049
f 6049 6048 6050
f 6048 6047 6051
f 6048 6051 6052
f 6052 6051 6053
f 6052 6053 6054
f 6053 6055 6054
f 6054 6055 6056
f 6054 6056 6057
f 6056 6058 6057
f 6057 6058 6059
f 6057 6059 6060
f 6061 6062 6063
f 6061 6063 6064
f 6064 6063 6065
f 6064 6065 6066
f 6066 6065 6049
f 6066 6049 6050
f 6060 6059 6067
f 6067 6059 6068
f 6062 6061 6069
f 6069 6061 6070
f 6067 6068 6071
f 6071 6068 6072
f 6071 6072 6073
f 6074 6075 6076
f 6076 6077 6074
f 6074 6077 6078
f 6074 6078 6072
f 6072 6078 6079
f 6072 6079 6073
f 6080 6081 6082
f 6082 6083 6080
f 6080 6083 6084
f 6080 6084 6085
f 6069 6070 6086
f 6086 6070 6087
f 6086 6087 6088
f 6088 6087 6085
f 6088 6085 6089
f 6089 6085 6084
f 6082 6081 6075
f 6075 6081 6076
f 6090 6091 6092
f 6092 6091 6093
f 6092 6093 6094
f 6094 6093 6095
f 6094 6095 6096
f 6096 6095 6097
f 6096 6097 6098
f 6098 6097 6099
f 6098 6099 6100
f 6100 6099 6101
f 6100 6101 6102
f 6102 6101 6103
f 6104 6105 6106
f 6106 6105 6107
f 6106 6107 6108
f 6108 6107 6109
f 6108 6109 6110
f 6110 6109 6111
f 6110 6111 6112
f 6112 6111 6113
f 6112 6113 6114
f 6114 6113 6115
f 6114 6115 6116
f 6116 6115 6117
f 6118 6119 6120
f 6120 6121 6118
f 6118 6121 6122
f 6118 6122 6123
f 6122 6124 6123
f 6123 6124 6125
f 6123 6125 6126
f 6125 6127 6126
f 6126 6127 6128
f 6126 6128 6129
f 6129 6128 6130
f 6129 6130 6131
f 6130 6132 6131
f 6131 6132 6133
f 6131 6133 6134
f 6135 6136 6137
f 6137 6136 6134
f 6137 6134 6138
f 6138 6134 6133
f 6139 6140 6141
f 6141 6140 6142
f 6141 6142 6143
f 6143 6142 6144
f 6143 6144 6145
f 6145 6144 6146
f 6145 6146 6147
f 6147 6146 6148
f 6147 6148 6149
f 6149 6148 6150
f 6149 6150 6151
f 6151 6150 6152
f 6153 6154 6155
f 6153 6155 6156
f 6156 6155 6157
f 6156 6157 6158
f 6158 6157 6159
f 6158 6159 6160
f 6161 6162 6163
f 6163 6162 6164
f 6163 6164 6165
f 6165 6164 6166
f 6166 6164 6167
f 6166 6167 6168
f 6168 6167 6169
f 6169 6167 6170
f 6169 6170 6171
f 6172 6173 6174
f 6174 6173 6175
f 6173 6176 6175
f 6175 6176 6177
f 6175 6177 6178
f 6179 6180 6181
f 6181 6180 6178
f 6181 6178 6182
f 6182 6178 6177
f 6183 6184 6185
f 6185 6184 6186
f 6185 6186 6187
f 6187 6186 6188
f 6188 6186 6189
f 6188 6189 6190
f 6190 6189 6191
f 6191 6189 6192
f 6191 6192 6193
f 6172 6174 6170
f 6170 6174 6171
f 6194 6019 6195
f 6195 6019 6018
f 6196 6197 6198
f 6198 6197 6199
f 6200 6017 6201
f 6201 6017 6016
f 6202 6203 6204
f 6204 6203 6205
f 6206 6207 6208
f 6208 6207 6209
f 6210 6211 6212
f 6212 6211 6213
f 6214 6215 6216
f 6216 6215 6217
f 6218 6219 6220
f 6220 6219 6221
f 6222 6223 6224
f 6224 6223 6225
f 6226 6227 6228
f 6228 6227 6229
f 6230 6231 6232
f 6232 6231 6233
f 6234 6235 6236
f 6236 6235 6237
f 6238 6239 6240
f 6240 6239 6241
f 6242 6030 6243
f 6243 6030 6029
f 6244 6046 6245
f 6245 6046 6045
f 6246 6247 6248
f 6248 6247 6249
f 6250 6251 6252
f 6252 6251 6253
f 6254 6255 6256
f 6256 6255 6257
f 6258 6259 6260
f 6260 6259 6261
f 6262 6263 6264
f 6264 6263 6265
f 6266 6267 6268
f 6268 6267 6269
f 6270 6271 6272
f 6272 6271 6273
f 6274 6275 6276
f 6276 6275 6277
f 6278 6279 6280
f 6280 6279 6281
f 6282 6283 6284
f 6284 6283 6285
f 6286 6287 6288
f 6288 6287 6289
f 6180 6179 6290
f 6291 6292 6293
f 6294 6295 6183
f 6296 6297 6183
f 6298 6183 6299
f 6299 6183 6295
f 6299 6295 6300
f 6300 6295 6301
f 6302 6303 6304
f 6304 6303 6305
f 6290 6306 6180
f 6180 6306 6304
f 6180 6304 6183
f 6183 6304 6305
f 6183 6305 6307
f 6308 6309 6310
f 6311 6312 6313
f 6314 6183 6315
f 6315 6183 6297
f 6315 6297 6316
f 6316 6297 6317
f 6318 6319 6307
f 6307 6319 6320
f 6307 6320 6183
f 6183 6320 6321
f 6322 6323 6183
f 6310 6294 6308
f 6308 6294 6183
f 6308 6183 6324
f 6324 6183 6321
f 6324 6321 6325
f 6325 6321 6326
f 6313 6322 6311
f 6311 6322 6183
f 6311 6183 6327
f 6327 6183 6298
f 6327 6298 6328
f 6328 6298 6329
f 6330 6184 6331
f 6331 6184 6183
f 6331 6183 6332
f 6332 6183 6314
f 6332 6314 6333
f 6333 6314 6334
f 6293 6296 6291
f 6291 6296 6183
f 6291 6183 6335
f 6335 6183 6323
f 6335 6323 6336
f 6336 6323 6337
f 6338 6339 6340
f 6341 6342 6343
f 6160 6344 6345
f 6346 6347 6345
f 6345 6347 6348
f 6345 6348 6160
f 6160 6348 6349
f 6160 6349 6161
f 6350 6351 6352
f 6353 6162 6354
f 6354 6162 6161
f 6354 6161 6355
f 6356 6357 6161
f 6159 6358 6160
f 6160 6358 6359
f 6160 6359 6360
f 6352 6356 6350
f 6350 6356 6161
f 6350 6161 6361
f 6361 6161 6349
f 6361 6349 6362
f 6362 6349 6363
f 6364 6160 6365
f 6365 6160 6360
f 6365 6360 6366
f 6366 6360 6367
f 6368 6369 6370
f 6371 6372 6364
f 6364 6372 6373
f 6364 6373 6160
f 6160 6373 6341
f 6160 6341 6344
f 6344 6341 6343
f 6374 6375 6161
f 6370 6374 6368
f 6368 6374 6161
f 6368 6161 6376
f 6376 6161 6357
f 6376 6357 6377
f 6377 6357 6378
f 6379 6380 6375
f 6375 6380 6381
f 6375 6381 6161
f 6161 6381 6382
f 6383 6384 6382
f 6382 6384 6385
f 6382 6385 6161
f 6161 6385 6338
f 6161 6338 6355
f 6355 6338 6340
f 6386 6387 6388
f 6388 6387 6389
f 6388 6389 6390
f 6391 6392 6393
f 6393 6392 6394
f 6393 6394 6395
f 6396 6392 6397
f 6398 6399 6391
f 6391 6399 6400
f 6391 6400 6401
f 6401 6400 6402
f 6401 6402 6403
f 6403 6402 6404
f 6403 6404 6405
f 6386 6406 6387
f 6387 6406 6407
f 6387 6407 6405
f 6404 6408 6405
f 6405 6408 6409
f 6405 6409 6387
f 6387 6409 6410
f 6387 6410 6411
f 6401 6412 6391
f 6391 6412 6413
f 6391 6413 6392
f 6392 6413 6414
f 6392 6414 6397
f 6396 6397 6415
f 6415 6397 6416
f 6415 6416 6417
f 6417 6416 6418
f 6417 6418 6386
f 6386 6418 6419
f 6386 6419 6406
f 6420 6421 6422
f 6422 6421 6423
f 6424 6425 6426
f 6426 6425 6427
f 6428 6429 6430
f 6430 6429 6431
f 6432 6433 6434
f 6434 6433 6435
f 6436 6437 6438
f 6438 6437 6439
f 6440 6441 6442
f 6442 6441 6443
f 6444 6445 6446
f 6447 6448 6449
f 6449 6448 6450
f 6449 6450 6451
f 6452 6453 6449
f 6447 6449 6454
f 6454 6449 6455
f 6454 6455 6456
f 6455 6457 6456
f 6456 6457 6458
f 6456 6458 6459
f 6459 6458 6460
f 6461 6462 6463
f 6449 6453 6464
f 6464 6453 6465
f 6464 6465 6466
f 6466 6465 6467
f 6466 6467 6462
f 6460 6468 6459
f 6459 6468 6469
f 6459 6469 6463
f 6463 6469 6470
f 6463 6470 6461
f 6462 6467 6463
f 6463 6467 6471
f 6463 6471 6472
f 6472 6471 6473
f 6472 6473 6474
f 6452 6449 6475
f 6475 6449 6451
f 6475 6451 6476
f 6459 6477 6478
f 6479 6480 6481
f 6481 6480 6482
f 6481 6482 6478
f 6478 6482 6483
f 6478 6483 6459
f 6459 6483 6484
f 6459 6484 6456
f 6485 6486 6487
f 6488 6489 6490
f 6490 6489 6491
f 6490 6491 6492
f 6491 6493 6492
f 6492 6493 6494
f 6492 6494 6495
f 6495 6494 6496
f 6495 6496 6497
f 6497 6496 6498
f 6497 6498 6499
f 6499 6498 6500
f 6499 6500 6487
f 6487 6500 6501
f 6487 6501 6485
f 6485 6502 6486
f 6486 6502 6503
f 6486 6503 6504
f 6477 6459 6505
f 6505 6459 6486
f 6505 6486 6506
f 6506 6486 6504
f 6506 6504 6488
f 6488 6504 6507
f 6488 6507 6489
f 6508 6509 6510
f 6511 6512 6513
f 6513 6514 6511
f 6511 6514 6515
f 6511 6515 6510
f 6516 6517 6511
f 6511 6517 6518
f 6511 6518 6512
f 6519 6520 6521
f 6522 6523 6524
f 6525 6526 6459
f 6459 6526 6527
f 6459 6527 6486
f 6486 6527 6528
f 6486 6528 6508
f 6529 6530 6444
f 6444 6530 6531
f 6520 6519 6532
f 6532 6519 6533
f 6532 6533 6534
f 6535 6536 6524
f 6524 6536 6537
f 6524 6537 6522
f 6518 6444 6512
f 6512 6444 6531
f 6512 6531 6521
f 6521 6531 6538
f 6521 6538 6519
f 6539 6540 6541
f 6541 6540 6542
f 6541 6542 6522
f 6522 6542 6543
f 6522 6543 6523
f 6529 6444 6541
f 6541 6444 6446
f 6541 6446 6539
f 6508 6510 6486
f 6486 6510 6515
f 6486 6515 6544
f 6533 6545 6534
f 6534 6545 6546
f 6534 6546 6547
f 6547 6546 6548
f 6547 6548 6549
f 6549 6548 6550
f 6549 6550 6551
f 6551 6550 6486
f 6551 6486 6552
f 6552 6486 6544
f 6540 6553 6542
f 6542 6553 6554
f 6542 6554 6459
f 6459 6554 6555
f 6459 6555 6525
f 6556 6463 6557
f 6557 6463 6558
f 6463 6559 6459
f 6459 6559 6560
f 6459 6560 6561
f 6558 6463 6562
f 6562 6463 6563
f 6562 6563 6564
f 6565 6566 6556
f 6567 6568 6569
f 6570 6571 6572
f 6572 6571 6567
f 6572 6567 6573
f 6573 6567 6569
f 6561 6574 6459
f 6459 6574 6575
f 6459 6575 6542
f 6542 6575 6576
f 6542 6576 6577
f 6577 6576 6578
f 6577 6578 6579
f 6579 6578 6565
f 6579 6565 6572
f 6572 6565 6556
f 6572 6556 6570
f 6566 6580 6556
f 6556 6580 6581
f 6556 6581 6463
f 6463 6581 6582
f 6463 6582 6559
f 6583 6584 6585
f 6585 6584 6586
f 6587 6025 6588
f 6588 6025 6024
f 6589 6040 6590
f 6590 6040 6039
f 6591 6592 6593
f 6593 6592 6594
f 6595 6596 6597
f 6598 6154 6599
f 6599 6154 6153
f 6599 6153 6600
f 6600 6153 6193
f 6192 6601 6193
f 6193 6601 6602
f 6193 6602 6603
f 6597 6600 6595
f 6595 6600 6193
f 6595 6193 6604
f 6604 6193 6603
f 6604 6603 6605
f 6605 6603 6606
f 6607 6608 6609
f 6609 6608 6610
f 6609 6610 6611
f 6611 6610 6612
f 6611 6612 6613
f 6614 6615 6616
f 6617 6618 6614
f 6614 6618 6619
f 6620 6621 6614
f 6612 6622 6613
f 6613 6622 6623
f 6613 6623 6624
f 6624 6623 6625
f 6624 6625 6626
f 6626 6625 6627
f 6626 6627 6628
f 6628 6627 6629
f 6628 6629 6630
f 6630 6629 6631
f 6630 6631 6614
f 6614 6631 6632
f 6614 6632 6615
f 6633 6634 6635
f 6635 6634 6636
f 6635 6636 6637
f 6637 6636 6638
f 6609 6639 6607
f 6607 6639 6640
f 6607 6640 6641
f 6641 6640 6642
f 6641 6642 6643
f 6644 6645 6646
f 6647 6617 6648
f 6648 6617 6614
f 6648 6614 6641
f 6641 6614 6616
f 6641 6616 6607
f 6638 6636 6619
f 6619 6636 6649
f 6619 6649 6614
f 6614 6649 6650
f 6614 6650 6620
f 6642 6651 6643
f 6643 6651 6644
f 6643 6644 6652
f 6652 6644 6646
f 6620 6653 6621
f 6621 6653 6654
f 6621 6654 6655
f 6655 6654 6656
f 6655 6656 6657
f 6657 6656 6658
f 6657 6658 6659
f 6659 6658 6660
f 6659 6660 6661
f 6661 6660 6662
f 6661 6662 6633
f 6633 6662 6663
f 6633 6663 6634
f 6664 6665 6666
f 6666 6665 6667
f 6666 6667 6668
f 6668 6667 6617
f 6668 6617 6669
f 6669 6617 6647
f 6670 6140 6139
f 6139 6671 6670
f 6670 6671 6672
f 6670 6672 6673
f 6672 6674 6673
f 6673 6674 6675
f 6673 6675 6676
f 6676 6675 6677
f 6676 6677 6678
f 6677 6679 6678
f 6678 6679 6680
f 6678 6680 6681
f 6680 6682 6681
f 6681 6682 6683
f 6681 6683 6684
f 6151 6152 6685
f 6685 6152 6684
f 6685 6684 6686
f 6686 6684 6683
f 6120 6119 6687
f 6687 6119 6688
f 6687 6688 6689
f 6689 6688 6690
f 6689 6690 6691
f 6691 6690 6692
f 6691 6692 6693
f 6693 6692 6694
f 6693 6694 6695
f 6695 6694 6696
f 6695 6696 6135
f 6135 6696 6136
f 6116 6117 6697
f 6697 6117 6698
f 6697 6698 6699
f 6699 6698 6700
f 6699 6700 6701
f 6701 6700 6702
f 6701 6702 6703
f 6703 6702 6704
f 6703 6704 6705
f 6705 6704 6706
f 6705 6706 6104
f 6104 6706 6105
f 6707 6091 6090
f 6090 6708 6707
f 6707 6708 6709
f 6707 6709 6710
f 6709 6711 6710
f 6710 6711 6712
f 6710 6712 6713
f 6713 6712 6714
f 6713 6714 6715
f 6714 6716 6715
f 6715 6716 6717
f 6715 6717 6718
f 6717 6719 6718
f 6718 6719 6720
f 6718 6720 6721
f 6102 6103 6722
f 6722 6103 6721
f 6722 6721 6723
f 6723 6721 6720
f 5996 5997 6724
f 6724 5997 6725
f 6726 6727 6728
f 6728 6727 6729
f 6730 6731 6732
f 6732 6731 6733
f 6732 6733 6734
f 6734 6733 6735
f 6734 6735 6736
f 6736 6735 6737
f 6736 6737 5978
f 5978 6737 5979
f 6738 6739 6740
f 6740 6739 6741
f 6740 6741 6742
f 6742 6741 6743
f 6742 6743 6744
f 6744 6743 6745
f 6746 6747 6748
f 6748 6747 6749
f 6748 6749 6750
f 6750 6749 6751
f 6752 6753 5946
f 5946 6753 5947
f 5932 5933 6754
f 6754 5933 6755
f 6754 6755 6756
f 6756 6755 6757
f 6758 6759 6760
f 6760 6759 6761
f 6760 6761 6762
f 6762 6761 6763
f 6764 6765 6766
f 6766 6765 6767
f 6766 6767 6768
f 6768 6767 6769
f 4962 4963 6770
f 6770 4963 6771
f 6772 6773 6774
f 6774 6773 6775
f 6774 6775 4967
f 4967 6775 4968
f 6776 6777 6778
f 6778 6777 6779
f 6778 6779 6780
f 6780 6779 6781
f 6782 6783 4940
f 4940 6783 4941
f 6784 6785 6786
f 6786 6785 6787
f 6786 6787 6788
f 6788 6787 6789
f 6790 6791 4912
f 4912 6791 4910
f 6792 6793 6794
f 6792 6794 6795
f 6795 6794 6796
f 6795 6796 6797
f 6797 6796 6798
f 6797 6798 6799
f 6799 6798 6800
f 6799 6800 6801
f 6801 6800 6802
f 6801 6802 6803
f 6803 6802 6804
f 6803 6804 6805
f 6805 6804 6806
f 6805 6806 6807
f 6808 6809 6810
f 6808 6810 6811
f 6811 6810 6812
f 6811 6812 6813
f 6814 6815 6816
f 6816 6815 6817
f 6818 6819 6820
f 6820 6819 6821
f 6822 6823 6824
f 6824 6823 6825
f 6826 6827 6828
f 6828 6827 6829
f 6828 6829 6830
f 6807 6806 6831
f 6807 6831 6832
f 6832 6831 6833
f 6832 6833 6834
f 6834 6833 6835
f 6834 6835 6836
f 6836 6835 6837
f 6836 6837 6838
f 6838 6837 6839
f 6838 6839 6840
f 6840 6839 6841
f 6840 6841 6842
f 6842 6841 6793
f 6842 6793 6792
f 6843 6844 6845
f 6845 6844 6846
f 6847 6848 6849
f 6849 6848 6850
f 6851 6852 6853
f 6853 6852 6854
f 6855 6856 6857
f 6858 6855 6859
f 6859 6855 6857
f 6859 6857 6860
f 6860 6857 6861
f 6862 6863 6864
f 6806 6865 6831
f 6831 6865 6862
f 6862 6864 6831
f 6831 6864 6866
f 6831 6866 6833
f 6833 6866 6867
f 6833 6867 6835
f 6835 6867 6868
f 6835 6868 6837
f 6837 6868 6869
f 6837 6869 6839
f 6839 6869 6870
f 6839 6870 6841
f 6841 6870 6871
f 6841 6871 6793
f 6872 6873 6874
f 6875 6876 6877
f 6877 6876 6872
f 6877 6872 6878
f 6878 6872 6874
f 6879 6880 6881
f 6881 6880 6882
f 6802 6883 6884
f 6847 6849 6885
f 6885 6849 6886
f 6885 6865 6847
f 6847 6865 6806
f 6847 6806 6884
f 6884 6806 6804
f 6884 6804 6802
f 6883 6802 6852
f 6852 6802 6800
f 6852 6800 6854
f 6854 6800 6887
f 6887 6800 6798
f 6887 6798 6888
f 6888 6798 6796
f 6888 6796 6889
f 6889 6796 6794
f 6889 6794 6890
f 6890 6794 6793
f 6890 6793 6871
f 6891 6892 6893
f 6893 6892 6894
f 6893 6894 6895
f 6895 6894 6896
f 6895 6896 6897
f 6897 6896 6898
f 6897 6898 6899
f 6899 6898 6900
f 6899 6900 6901
f 6901 6900 6902
f 6901 6902 6903
f 6903 6902 6904
f 6903 6904 6905
f 6905 6904 6906
f 6905 6906 6907
f 6907 6906 6908
f 6907 6908 6909
f 6909 6908 6910
f 6909 6910 6911
f 6911 6910 6912
f 6911 6912 6913
f 6913 6912 6914
f 6913 6914 6915
f 6915 6914 6916
f 6915 6916 6917
f 6917 6916 6918
f 6917 6918 6891
f 6891 6918 6892
f 6919 6920 6921
f 6921 6920 6922
f 6921 6922 6923
f 6923 6922 6924
f 6923 6924 6925
f 6925 6924 6926
f 6925 6926 6927
f 6927 6926 6928
f 6927 6928 6929
f 6929 6928 6930
f 6929 6930 6931
f 6931 6930 6932
f 6931 6932 6933
f 6933 6932 6934
f 6933 6934 6935
f 6935 6934 6936
f 6935 6936 6937
f 6937 6936 6938
f 6937 6938 6939
f 6939 6938 6940
f 6939 6940 6941
f 6941 6940 6942
f 6941 6942 6943
f 6943 6942 6944
f 6943 6944 6945
f 6945 6944 6946
f 6945 6946 6919
f 6919 6946 6920
f 6947 6933 6948
f 6948 6933 6935
f 6948 6935 6949
f 6949 6935 6937
f 6949 6937 6950
f 6950 6937 6939
f 6950 6939 6951
f 6951 6939 6941
f 6951 6941 6952
f 6952 6941 6943
f 6952 6943 6953
f 6953 6943 6945
f 6953 6945 6954
f 6954 6945 6919
f 6954 6919 6955
f 6955 6919 6921
f 6955 6921 6956
f 6956 6921 6923
f 6956 6923 6957
f 6957 6923 6925
f 6957 6925 6958
f 6958 6925 6927
f 6958 6927 6959
f 6959 6927 6929
f 6959 6929 6960
f 6960 6929 6931
f 6960 6931 6947
f 6947 6931 6933
f 6961 6962 6963
f 6963 6962 6964
f 6963 6964 6965
f 6965 6964 6966
f 6965 6966 6967
f 6967 6966 6968
f 6967 6968 6969
f 6969 6968 6970
f 6969 6970 6971
f 6971 6970 6972
f 6971 6972 6973
f 6972 6974 6973
f 6973 6974 6975
f 6973 6975 6976
f 6976 6975 6977
f 6976 6977 6978
f 6978 6977 6979
f 6978 6979 6980
f 6980 6979 6981
f 6980 6981 6982
f 6982 6981 6983
f 6982 6983 6984
f 6984 6983 6985
f 6984 6985 6961
f 6961 6985 6986
f 6961 6986 6962
f 6987 6988 6989
f 6989 6988 6990
f 6991 6992 6993
f 6993 6992 6994
f 6995 6996 6997
f 6997 6996 6998
f 6999 7000 7001
f 7001 7000 7002
f 7003 7004 7005
f 7005 7004 7006
f 7005 7006 7007
f 7007 7006 7008
f 7009 7010 7011
f 7011 7010 7012
f 7011 7012 7013
f 7013 7012 7014
f 7013 7014 7015
f 7015 7014 7016
f 7015 7016 7017
f 7017 7016 7018
f 7017 7018 7019
f 7019 7018 7020
f 7019 7020 7021
f 7021 7020 7022
f 7021 7022 7023
f 7023 7022 7024
f 7023 7024 7025
f 7025 7024 7026
f 7025 7026 7027
f 7027 7026 7028
f 7027 7028 7029
f 7029 7028 7030
f 7029 7030 7031
f 7031 7030 7032
f 7031 7032 7009
f 7009 7032 7010
f 7033 7034 7035
f 7033 7035 7036
f 7037 7038 7039
f 7037 7039 7040
f 7041 7042 7043
f 7041 7043 7044
f 7045 7046 7047
f 7045 7047 7048
f 7048 7047 7049
f 7048 7049 7050
f 7050 7049 7051
f 7050 7051 7052
f 7053 7054 7055
f 7053 7055 7056
f 7056 7055 7057
f 7056 7057 7058
f 7058 7057 7059
f 7058 7059 7060
f 7061 7062 7063
f 7061 7063 7064
f 7065 7066 7067
f 7065 7067 7068
f 7069 7070 7034
f 7069 7034 7033
f 7071 7072 7073
f 7073 7072 7074
f 7073 7074 7075
f 7075 7074 7076
f 7075 7076 7077
f 7077 7076 7078
f 7079 7080 7081
f 7081 7080 7082
f 7081 7082 7083
f 7083 7082 7084
f 7085 7086 6987
f 6987 7086 6988
f 7087 7088 7089
f 7089 7088 7090
f 7089 7090 7091
f 7091 7090 7092
f 7091 7092 7093
f 7093 7092 7094
f 7093 7094 7095
f 7095 7094 7096
f 7095 7096 7097
f 7097 7096 7098
f 7097 7098 7099
f 7099 7098 7100
f 7099 7100 7101
f 7101 7100 7102
f 7101 7102 7103
f 7103 7102 7104
f 7103 7104 7105
f 7105 7104 7106
f 7105 7106 7107
f 7107 7106 7108
f 7107 7108 7109
f 7109 7108 7110
f 7109 7110 7087
f 7087 7110 7088
f 7111 7112 7113
f 7113 7112 7114
f 7113 7114 7115
f 7115 7114 7116
f 7117 7118 7119
f 7119 7118 7120
f 7121 7122 7123
f 7123 7122 7124
f 7123 7124 7125
f 7125 7124 7126
f 7127 7128 7129
f 7129 7128 7130
f 7131 7132 7133
f 7133 7132 7134
f 7133 7134 7135
f 7135 7134 7136
f 7137 7138 7139
f 7139 7138 7140
f 7141 7142 7143
f 7143 7142 7144
f 7143 7144 7145
f 7145 7144 7146
f 7145 7146 7147
f 7147 7146 7148
f 7149 7150 7151
f 7151 7150 7152
f 7151 7152 7153
f 7153 7152 7154
f 7153 7154 7155
f 7155 7154 7156
f 7155 7156 7157
f 7157 7156 7158
f 7157 7158 7159
f 7159 7158 7160
f 7159 7160 7161
f 7161 7160 7162
f 7161 7162 7163
f 7163 7162 7164
f 7163 7164 7165
f 7165 7164 7166
f 7165 7166 7167
f 7167 7166 7168
f 7167 7168 7169
f 7169 7168 7170
f 7169 7170 7171
f 7171 7170 7172
f 7171 7172 7149
f 7149 7172 7150
f 7173 7174 7175
f 7173 7176 7174
f 7174 7176 7177
f 7174 7177 7178
f 7179 7180 7181
f 7181 7180 7177
f 7181 7177 7182
f 7182 7177 7176
f 7175 7183 7173
f 7173 7183 7184
f 7173 7184 7185
f 7186 7187 7188
f 7186 7188 7189
f 7189 7188 7190
f 7189 7190 7191
f 7191 7190 7192
f 7191 7192 7193
f 7193 7192 7194
f 7193 7194 7195
f 7195 7194 7196
f 7195 7196 7197
f 7197 7196 7198
f 7197 7198 7199
f 7199 7198 7200
f 7199 7200 7201
f 7201 7200 7202
f 7201 7202 7203
f 7202 7204 7203
f 7203 7204 7205
f 7203 7205 7206
f 7205 7207 7206
f 7206 7207 7208
f 7206 7208 7209
f 7208 7210 7209
f 7209 7210 7211
f 7209 7211 7212
f 7211 7213 7212
f 7212 7213 7214
f 7212 7214 7215
f 7214 7216 7215
f 7215 7216 7187
f 7215 7187 7186
f 7200 7198 7217
f 7200 7217 7202
f 7202 7217 7218
f 7202 7218 7204
f 7204 7218 7205
f 7205 7218 7219
f 7205 7219 7207
f 7207 7219 7220
f 7207 7220 7208
f 7208 7220 7210
f 7210 7220 7221
f 7210 7221 7211
f 7211 7221 7213
f 7213 7221 7222
f 7213 7222 7214
f 7214 7222 7216
f 7216 7222 7223
f 7216 7223 7187
f 7187 7223 7224
f 7187 7224 7188
f 7188 7224 7225
f 7188 7225 7190
f 7190 7225 7226
f 7190 7226 7192
f 7192 7226 7227
f 7192 7227 7194
f 7194 7227 7228
f 7194 7228 7196
f 7196 7228 7217
f 7196 7217 7198
f 7229 7230 7231
f 7232 7233 7234
f 7234 7233 7235
f 7234 7235 7236
f 7236 7235 7237
f 7236 7237 7238
f 7239 7240 7241
f 7239 7241 7242
f 7229 7231 7234
f 7234 7231 7243
f 7234 7243 7232
f 7240 7244 7241
f 7241 7244 7245
f 7241 7245 7229
f 7229 7245 7246
f 7229 7246 7230
f 7238 7247 7236
f 7236 7247 7248
f 7236 7248 7241
f 7241 7248 7249
f 7241 7249 7242
f 7250 7251 7252
f 7252 7251 7253
f 7254 7255 7256
f 7256 7255 7257
f 7258 7259 7260
f 7260 7259 7261
f 7251 7250 7262
f 7262 7250 7263
f 7262 7263 7264
f 7264 7263 7265
f 7264 7265 7266
f 7266 7265 7267
f 7266 7267 7268
f 7268 7267 7269
f 7268 7269 7270
f 7270 7269 7271
f 7270 7271 7241
f 7241 7271 7236
f 7260 7261 7272
f 7260 7272 7273
f 7274 7275 7276
f 7274 7276 7277
f 7278 7279 7229
f 7278 7229 7234
f 7257 7280 7256
f 7256 7280 7281
f 7280 7282 7281
f 7281 7282 7283
f 7281 7283 7284
f 7259 7258 7285
f 7285 7258 7284
f 7285 7284 7286
f 7286 7284 7283
f 7252 7253 7287
f 7287 7253 7288
f 7287 7288 7289
f 7289 7288 7290
f 7289 7290 7291
f 7291 7290 7292
f 7291 7292 7293
f 7293 7292 7294
f 7293 7294 7295
f 7295 7294 7296
f 7295 7296 7254
f 7254 7296 7255
f 7297 7298 7299
f 7299 7298 7300
f 7298 7297 7301
f 7298 7301 7302
f 7302 7301 7303
f 7302 7303 7304
f 7304 7303 7305
f 7304 7305 7306
f 7307 7308 7309
f 7307 7309 7310
f 7310 7309 7311
f 7310 7311 7312
f 7311 7313 7312
f 7312 7313 7314
f 7312 7314 7315
f 7314 7316 7315
f 7315 7316 7299
f 7315 7299 7300
f 7317 7318 7305
f 7305 7318 7306
f 7319 7320 7307
f 7307 7320 7308
f 7317 7321 7318
f 7318 7321 7322
f 7322 7321 7323
f 7323 7321 7324
f 7323 7324 7325
f 7325 7324 7326
f 7325 7326 7327
f 7328 7329 7330
f 7330 7329 7331
f 7331 7329 7332
f 7332 7329 7333
f 7332 7333 7334
f 7334 7333 7335
f 7334 7335 7336
f 7336 7335 7337
f 7336 7337 7338
f 7337 7339 7338
f 7338 7339 7320
f 7338 7320 7319
f 7328 7330 7326
f 7326 7330 7327
f 7340 7341 7342
f 7342 7341 7343
f 7342 7343 7344
f 7344 7343 7345
f 7344 7345 7346
f 7346 7345 7347
f 7340 7348 7341
f 7341 7348 7349
f 7350 7351 7352
f 7352 7351 7353
f 7352 7353 7354
f 7354 7353 7355
f 7354 7355 7348
f 7348 7355 7349
f 7350 7356 7351
f 7351 7356 7357
f 7358 7359 7360
f 7360 7359 7361
f 7360 7361 7362
f 7362 7361 7363
f 7362 7363 7364
f 7364 7363 7365
f 7364 7365 7356
f 7356 7365 7357
f 7358 7366 7359
f 7359 7366 7367
f 7368 7369 7370
f 7370 7369 7371
f 7370 7371 7372
f 7372 7371 7373
f 7372 7373 7366
f 7366 7373 7367
f 7368 7346 7369
f 7369 7346 7347
f 7374 7375 7376
f 7376 7375 7377
f 7374 7378 7379
f 7380 7381 7382
f 7382 7381 7375
f 7382 7375 7383
f 7383 7375 7374
f 7383 7374 7384
f 7384 7374 7379
f 7385 7386 7387
f 7387 7386 7376
f 7387 7376 7388
f 7388 7376 7377
f 7388 7377 7389
f 7389 7377 7390
f 7391 7392 7393
f 7394 7393 7395
f 7395 7393 7396
f 7391 7393 7397
f 7398 7399 7400
f 7400 7399 7395
f 7394 7401 7402
f 7396 7403 7404
f 7402 7405 7394
f 7394 7405 7406
f 7394 7406 7393
f 7393 7406 7407
f 7393 7407 7397
f 7404 7408 7396
f 7396 7408 7409
f 7396 7409 7395
f 7395 7409 7410
f 7395 7410 7400
f 7411 7412 7413
f 7413 7412 7414
f 7415 7416 7417
f 7415 7417 7418
f 7418 7417 7419
f 7418 7419 7420
f 7420 7419 7421
f 7420 7421 7422
f 7422 7421 7411
f 7422 7411 7413
f 7423 7416 7424
f 7424 7416 7415
f 7425 7426 7427
f 7425 7427 7428
f 7428 7427 7429
f 7428 7429 7430
f 7430 7429 7431
f 7430 7431 7432
f 7432 7431 7423
f 7432 7423 7424
f 7433 7426 7434
f 7434 7426 7425
f 7435 7436 7437
f 7435 7437 7438
f 7438 7437 7439
f 7438 7439 7440
f 7440 7439 7441
f 7440 7441 7442
f 7442 7441 7433
f 7442 7433 7434
f 7443 7436 7444
f 7444 7436 7435
f 7414 7412 7445
f 7414 7445 7446
f 7446 7445 7447
f 7446 7447 7448
f 7448 7447 7449
f 7448 7449 7450
f 7450 7449 7443
f 7450 7443 7444
f 7451 7452 7453
f 7453 7452 7454
f 7453 7454 7455
f 7455 7454 7456
f 7455 7456 7457
f 7457 7456 7458
f 7457 7458 7459
f 7459 7458 7460
f 7459 7460 7461
f 7461 7460 7462
f 7461 7462 7463
f 7463 7462 7464
f 7463 7464 7465
f 7465 7464 7466
f 7465 7466 7467
f 7467 7466 7468
f 7467 7468 7469
f 7469 7468 7470
f 7469 7470 7471
f 7471 7470 7472
f 7471 7472 7473
f 7473 7472 7474
f 7473 7474 7475
f 7475 7474 7476
f 7475 7476 7477
f 7477 7476 7478
f 7477 7478 7479
f 7479 7478 7480
f 7479 7480 7481
f 7481 7480 7482
f 7481 7482 7483
f 7483 7482 7484
f 7483 7484 7485
f 7485 7484 7486
f 7485 7486 7487
f 7487 7486 7488
f 7487 7488 7489
f 7489 7488 7490
f 7489 7490 7451
f 7451 7490 7452
f 7491 7492 7493
f 7494 7495 7491
f 7493 7496 7497
f 7497 7496 7498
f 7493 7497 7491
f 7491 7497 7499
f 7491 7499 7494
f 7498 7500 7497
f 7497 7500 7501
f 7497 7501 7502
f 7503 7504 7505
f 7505 7504 7506
f 7505 7506 7507
f 7507 7506 7508
f 7509 7510 7511
f 7511 7510 7512
f 7511 7512 7513
f 7513 7512 7514
f 7515 7516 7517
f 7517 7516 7518
f 7519 7520 7521
f 7521 7520 7522
f 7523 7524 7525
f 7525 7524 7526
f 7527 7528 7529
f 7529 7528 7530
f 7531 7532 7533
f 7533 7532 7534
f 7533 7534 7535
f 7535 7534 7536
f 7537 7538 7539
f 7539 7538 7540
f 7539 7540 7541
f 7541 7540 7542
f 7543 7544 7545
f 7545 7544 7546
f 7545 7546 7547
f 7547 7546 7548
f 7547 7548 7549
f 7549 7548 7550
f 7549 7550 7551
f 7551 7550 7552
f 7551 7552 7553
f 7553 7552 7554
f 7553 7554 7555
f 7555 7554 7556
f 7555 7556 7557
f 7557 7556 7558
f 7557 7558 7559
f 7559 7558 7560
f 7559 7560 7561
f 7561 7560 7562
f 7561 7562 7563
f 7563 7562 7564
f 7563 7564 7565
f 7565 7564 7566
f 7565 7566 7567
f 7567 7566 7543
f 7567 7543 7545
f 7568 7569 7570
f 7568 7570 7571
f 7571 7570 7572
f 7571 7572 7573
f 7573 7572 7574
f 7573 7574 7575
f 7575 7574 7576
f 7575 7576 7577
f 7577 7576 7578
f 7577 7578 7579
f 7579 7578 7580
f 7579 7580 7581
f 7581 7580 7582
f 7581 7582 7583
f 7583 7582 7584
f 7583 7584 7585
f 7585 7584 7586
f 7585 7586 7587
f 7587 7586 7588
f 7587 7588 7589
f 7589 7588 7590
f 7589 7590 7591
f 7591 7590 7592
f 7591 7592 7593
f 7593 7592 7594
f 7593 7594 7595
f 7595 7594 7596
f 7595 7596 7597
f 7597 7596 7598
f 7597 7598 7599
f 7599 7598 7600
f 7599 7600 7601
f 7601 7600 7602
f 7601 7602 7603
f 7603 7602 7604
f 7603 7604 7605
f 7605 7604 7606
f 7605 7606 7607
f 7607 7606 7608
f 7607 7608 7609
f 7609 7608 7610
f 7609 7610 7611
f 7611 7610 7569
f 7611 7569 7568
f 7612 7613 7614
f 7614 7613 7615
f 7614 7615 7616
f 7616 7615 7617
f 7616 7617 7618
f 7618 7617 7619
f 7618 7619 7620
f 7620 7619 7621
f 7620 7621 7622
f 7622 7621 7623
f 7622 7623 7624
f 7624 7623 7625
f 7624 7625 7626
f 7626 7625 7627
f 7626 7627 7628
f 7628 7627 7629
f 7628 7629 7630
f 7630 7629 7631
f 7630 7631 7632
f 7632 7631 7633
f 7632 7633 7634
f 7634 7633 7635
f 7634 7635 7636
f 7636 7635 7637
f 7636 7637 7638
f 7638 7637 7639
f 7638 7639 7640
f 7640 7639 7641
f 7640 7641 7642
f 7642 7641 7643
f 7642 7643 7644
f 7644 7643 7645
f 7644 7645 7646
f 7646 7645 7647
f 7646 7647 7648
f 7648 7647 7649
f 7648 7649 7650
f 7650 7649 7651
f 7650 7651 7652
f 7652 7651 7653
f 7652 7653 7654
f 7654 7653 7655
f 7654 7655 7612
f 7612 7655 7613
f 7656 7657 7658
f 7656 7658 7659
f 7660 7661 7662
f 7660 7662 7663
f 7664 7665 7666
f 7664 7666 7667
f 7668 7669 7670
f 7668 7670 7671
f 7671 7670 7672
f 7671 7672 7673
f 7674 7675 7676
f 7674 7676 7677
f 7678 7679 7680
f 7678 7680 7681
f 7682 7683 7684
f 7682 7684 7685
f 7686 7687 7688
f 7686 7688 7689
f 7690 7691 7692
f 7690 7692 7693
f 7694 7695 7696
f 7694 7696 7697
f 7697 7696 7698
f 7697 7698 7699
f 7700 7701 7702
f 7702 7701 7703
f 7702 7703 7704
f 7704 7703 7705
f 7704 7705 7706
f 7706 7705 7707
f 7706 7707 7708
f 7708 7707 7709
f 7708 7709 7710
f 7710 7709 7711
f 7710 7711 7712
f 7712 7711 7713
f 7712 7713 7714
f 7714 7713 7715
f 7714 7715 7716
f 7716 7715 7717
f 7716 7717 7718
f 7718 7717 7719
f 7718 7719 7720
f 7720 7719 7721
f 7720 7721 7722
f 7722 7721 7723
f 7722 7723 7724
f 7724 7723 7725
f 7724 7725 7726
f 7726 7725 7727
f 7726 7727 7728
f 7728 7727 7729
f 7728 7729 7730
f 7730 7729 7731
f 7730 7731 7732
f 7732 7731 7700
f 7732 7700 7702
f 7690 7689 7691
f 7691 7689 7688
f 7668 7699 7669
f 7669 7699 7698
f 7656 7677 7657
f 7657 7677 7676
f 7678 7667 7679
f 7679 7667 7666
f 7733 7734 7735
f 7736 7737 7733
f 7738 7739 7733
f 7740 7741 7733
f 7742 7743 7733
f 7733 7744 7745
f 7746 7744 7733
f 7743 7746 7733
f 7741 7742 7733
f 7739 7740 7733
f 7737 7738 7733
f 7735 7736 7733
f 7733 7747 7748
f 7749 7747 7733
f 7745 7749 7733
f 7733 7750 7734
f 7751 7750 7733
f 7748 7751 7733
f 7752 7753 7754
f 7754 7753 7755
f 7754 7755 7756
f 7756 7755 7757
f 7758 7759 7760
f 7760 7759 7761
f 7760 7761 7762
f 7762 7761 7763
f 7764 7765 7766
f 7766 7765 7767
f 7766 7767 7768
f 7768 7767 7769
f 7768 7769 7770
f 7770 7769 7771
f 7770 7771 7772
f 7772 7771 7773
f 7773 7771 7774
f 7773 7774 7775
f 7775 7774 7776
f 7776 7774 7777
f 7776 7777 7778
f 7778 7777 7779
f 7779 7777 7780
f 7779 7780 7781
f 7781 7780 7782
f 7782 7780 7783
f 7782 7783 7784
f 7784 7783 7785
f 7785 7783 7753
f 7785 7753 7752
f 7786 7787 7788
f 7788 7787 7789
f 7790 7791 7792
f 7792 7791 7788
f 7792 7788 7793
f 7793 7788 7789
f 7794 7795 7796
f 7796 7795 7786
f 7796 7786 7797
f 7797 7786 7788
f 7798 7799 7800
f 7801 7802 7798
f 7803 7804 7798
f 7805 7806 7798
f 7807 7808 7798
f 7798 7809 7810
f 7811 7809 7798
f 7808 7811 7798
f 7806 7807 7798
f 7804 7805 7798
f 7802 7803 7798
f 7800 7801 7798
f 7798 7812 7813
f 7814 7812 7798
f 7810 7814 7798
f 7798 7815 7799
f 7816 7815 7798
f 7813 7816 7798
f 7817 7818 7819
f 7819 7818 7820
f 7819 7820 7821
f 7821 7820 7822
f 7823 7824 7825
f 7825 7824 7826
f 7825 7826 7827
f 7827 7826 7828
f 7829 7830 7831
f 7831 7830 7832
f 7831 7832 7833
f 7833 7832 7834
f 7833 7834 7835
f 7835 7834 7836
f 7835 7836 7837
f 7837 7836 7838
f 7838 7836 7839
f 7838 7839 7840
f 7840 7839 7841
f 7841 7839 7842
f 7841 7842 7843
f 7843 7842 7844
f 7844 7842 7845
f 7844 7845 7846
f 7846 7845 7847
f 7847 7845 7848
f 7847 7848 7849
f 7849 7848 7850
f 7850 7848 7818
f 7850 7818 7817
f 7851 7852 7853
f 7854 7855 7856
f 7856 7855 7857
f 7856 7857 7858
f 7859 7853 7860
f 7860 7853 7852
f 7860 7852 7861
f 7851 7853 7857
f 7857 7853 7862
f 7857 7862 7858
f 7863 7864 7865
f 7865 7864 7866
f 7865 7866 7867
f 7867 7866 7868
f 7868 7866 7869
f 7868 7869 7870
f 7870 7869 7871
f 7871 7869 7872
f 7871 7872 7873
f 7873 7872 7874
f 7874 7872 7875
f 7874 7875 7876
f 7876 7875 7877
f 7877 7875 7878
f 7877 7878 7879
f 7879 7878 7880
f 7880 7878 7881
f 7880 7881 7882
f 7883 7884 7885
f 7886 7887 7885
f 7888 7889 7890
f 7890 7889 7886
f 7890 7886 7891
f 7891 7886 7885
f 7892 7883 7893
f 7893 7883 7885
f 7893 7885 7894
f 7894 7885 7887
f 7895 7896 7897
f 7898 7899 7895
f 7900 7901 7895
f 7902 7903 7895
f 7904 7905 7895
f 7895 7906 7907
f 7908 7906 7895
f 7905 7908 7895
f 7903 7904 7895
f 7901 7902 7895
f 7899 7900 7895
f 7897 7898 7895
f 7895 7909 7910
f 7911 7909 7895
f 7907 7911 7895
f 7895 7912 7896
f 7913 7912 7895
f 7910 7913 7895
f 7882 7881 7914
f 7914 7881 7915
f 7916 7917 7918
f 7918 7917 7919
f 7920 7921 7922
f 7922 7921 7923
f 7922 7923 7924
f 7924 7923 7925
f 7924 7925 7926
f 7926 7925 7927
f 7928 7929 7863
f 7863 7929 7864
f 7930 7931 7932
f 7932 7931 7933
f 7932 7933 7934
f 7934 7933 7935
f 7934 7935 7936
f 7936 7935 7937
f 7938 7939 7940
f 7940 7939 7941
f 7940 7941 7942
f 7942 7941 7943
f 7942 7943 7944
f 7944 7943 7945
f 7944 7945 7946
f 7946 7945 7947
f 7948 7949 7950
f 7950 7949 7951
f 7948 7950 7952
f 7952 7950 7953
f 7952 7953 7954
f 7954 7953 7955
f 7954 7955 7956
f 7956 7955 7957
f 7956 7957 7958
f 7958 7957 7959
f 7960 7961 7962
f 7962 7961 7963
f 7962 7963 7964
f 7964 7963 7965
f 7964 7965 7966
f 7966 7965 7967
f 7966 7967 7949
f 7949 7967 7951
f 7968 7969 7970
f 7971 7972 7973
f 7973 7972 7974
f 7973 7974 7975
f 7975 7974 7976
f 7970 7976 7968
f 7968 7976 7974
f 7968 7974 7977
f 7977 7974 7978
f 7977 7978 7979
f 7980 7981 7978
f 7978 7981 7982
f 7978 7982 7979
f 7983 7984 7985
f 7985 7984 7977
f 7985 7977 7986
f 7986 7977 7979
f 7987 7988 7989
f 7988 7990 7991
f 7992 7993 7994
f 7994 7993 7989
f 7991 7995 7988
f 7988 7995 7996
f 7988 7996 7989
f 7989 7996 7997
f 7989 7997 7994
f 7998 7999 8000
f 8000 7999 8001
f 8000 8001 8002
f 8003 8004 8005
f 8005 8004 7987
f 8005 7987 8002
f 8002 7987 7989
f 8002 7989 8000
f 7960 7946 7961
f 7961 7946 7947
f 7938 7936 7939
f 7939 7936 7937
f 7930 7958 7931
f 7931 7958 7959
f 8006 8007 8008
f 8008 8007 8009
f 8010 8011 8012
f 8012 8011 8013
f 8014 8015 8016
f 8017 8018 8016
f 8016 8018 8019
f 8020 8014 8021
f 8021 8014 8016
f 8021 8016 8022
f 8022 8016 8023
f 8019 8024 8016
f 8016 8024 8025
f 8016 8025 8023
f 8026 8027 8008
f 8026 8008 8028
f 8029 8028 8008
f 8030 8029 8008
f 8031 8032 8033
f 8031 8033 8034
f 8033 8035 8034
f 8034 8035 8036
f 8034 8036 8037
f 8036 8038 8037
f 8037 8038 8039
f 8037 8039 8040
f 8041 8032 8042
f 8042 8032 8031
f 8042 8031 8043
f 8043 8031 8030
f 8030 8031 8029
f 8029 8031 8034
f 8029 8034 8028
f 8028 8034 8037
f 8028 8037 8026
f 8026 8037 8040
f 8026 8040 8027
f 8006 8008 8044
f 8044 8008 8027
f 8044 8027 8045
f 8045 8027 8046
f 8046 8027 8040
f 8046 8040 8047
f 8047 8040 8048
f 8048 8040 8039
f 8048 8039 8049
f 8049 8050 8048
f 8048 8050 8051
f 8048 8051 8047
f 8047 8051 8052
f 8006 8044 8053
f 8053 8044 8045
f 8053 8045 8052
f 8052 8045 8046
f 8052 8046 8047
f 8050 8054 8051
f 8051 8054 8055
f 8051 8055 8052
f 8052 8055 8056
f 8052 8056 8053
f 8053 8056 8057
f 8053 8057 8006
f 8054 8058 8055
f 8055 8058 8059
f 8055 8059 8056
f 8056 8059 8060
f 8056 8060 8057
f 8057 8060 8061
f 8057 8061 8006
f 8007 8006 8061
f 8007 8061 8062
f 8062 8061 8060
f 8062 8060 8063
f 8063 8060 8059
f 8063 8059 8064
f 8064 8059 8058
f 8064 8058 8065
f 8066 8067 8007
f 8063 8064 8068
f 8064 8065 8069
f 8064 8069 8068
f 8068 8069 8070
f 8068 8070 8071
f 8007 8062 8072
f 8072 8062 8063
f 8066 8007 8072
f 8070 8073 8071
f 8071 8073 8074
f 8071 8074 8075
f 8063 8068 8072
f 8072 8068 8071
f 8072 8071 8066
f 8066 8071 8075
f 8066 8075 8067
f 8009 8007 8067
f 8009 8067 8076
f 8076 8067 8075
f 8076 8075 8077
f 8077 8075 8074
f 8077 8074 8078
f 8078 8074 8073
f 8078 8073 8079
f 8080 8081 8082
f 8083 8084 8085
f 8079 8086 8078
f 8078 8086 8087
f 8078 8087 8077
f 8077 8087 8088
f 8077 8088 8076
f 8076 8088 8089
f 8076 8089 8009
f 8084 8080 8085
f 8085 8080 8082
f 8085 8082 8090
f 8090 8082 8091
f 8090 8091 8092
f 8092 8091 8093
f 8092 8093 8009
f 8081 8094 8082
f 8082 8094 8095
f 8082 8095 8091
f 8091 8095 8096
f 8091 8096 8093
f 8093 8096 8097
f 8093 8097 8009
f 8086 8083 8087
f 8087 8083 8085
f 8087 8085 8088
f 8088 8085 8090
f 8088 8090 8089
f 8089 8090 8092
f 8089 8092 8009
f 8008 8009 8097
f 8008 8097 8030
f 8030 8097 8096
f 8030 8096 8043
f 8043 8096 8095
f 8043 8095 8042
f 8042 8095 8094
f 8042 8094 8041
f 8013 8098 8012
f 8012 8098 8099
f 8099 8098 8100
f 8100 8098 8101
f 8100 8101 8102
f 8102 8101 8103
f 8102 8103 8104
f 8104 8103 8105
f 8104 8105 8106
f 8105 8107 8106
f 8106 8107 8108
f 8106 8108 8109
f 8110 8111 8012
f 8112 8113 8114
f 8115 8116 8117
f 8116 8115 8118
f 8106 8109 8119
f 8113 8104 8106
f 8106 8119 8113
f 8113 8119 8120
f 8113 8120 8114
f 8114 8120 8121
f 8114 8121 8118
f 8111 8110 8122
f 8012 8099 8112
f 8112 8099 8100
f 8112 8100 8113
f 8113 8100 8102
f 8113 8102 8104
f 8118 8115 8114
f 8114 8115 8123
f 8114 8123 8112
f 8112 8123 8012
f 8117 8122 8115
f 8115 8122 8110
f 8115 8110 8123
f 8123 8110 8012
f 8010 8012 8111
f 8010 8111 8124
f 8124 8111 8122
f 8124 8122 8125
f 8125 8122 8117
f 8125 8117 8126
f 8127 8128 8010
f 8128 8127 8129
f 8130 8131 8132
f 8131 8133 8134
f 8131 8134 8132
f 8132 8134 8135
f 8132 8135 8136
f 8137 8138 8139
f 8139 8138 8140
f 8126 8133 8125
f 8125 8133 8131
f 8125 8131 8124
f 8124 8131 8130
f 8124 8130 8010
f 8010 8130 8141
f 8141 8130 8132
f 8141 8132 8139
f 8139 8132 8136
f 8139 8136 8137
f 8140 8129 8139
f 8139 8129 8127
f 8139 8127 8141
f 8141 8127 8010
f 8142 8143 8144
f 8144 8143 8145
f 8144 8145 8146
f 8146 8145 8147
f 8146 8147 8148
f 8148 8147 8149
f 8148 8149 8011
f 8143 8150 8145
f 8145 8150 8151
f 8145 8151 8147
f 8147 8151 8152
f 8147 8152 8149
f 8149 8152 8153
f 8149 8153 8011
f 8154 8142 8155
f 8155 8142 8144
f 8155 8144 8156
f 8156 8144 8146
f 8156 8146 8157
f 8157 8146 8148
f 8157 8148 8011
f 8013 8011 8153
f 8013 8153 8158
f 8158 8153 8152
f 8158 8152 8159
f 8159 8152 8151
f 8159 8151 8160
f 8160 8151 8150
f 8160 8150 8161
f 8159 8160 8162
f 8160 8161 8163
f 8160 8163 8162
f 8162 8163 8164
f 8162 8164 8165
f 8164 8108 8107
f 8013 8158 8166
f 8166 8158 8159
f 8167 8013 8166
f 8164 8107 8165
f 8165 8107 8105
f 8165 8105 8103
f 8159 8162 8166
f 8166 8162 8165
f 8166 8165 8167
f 8167 8165 8103
f 8167 8103 8101
f 8101 8098 8167
f 8167 8098 8013
f 8168 8169 8170
f 8171 8172 8173
f 8173 8172 8168
f 8174 8175 8176
f 8176 8175 8171
f 8022 8023 8174
f 8168 8170 8173
f 8173 8170 8177
f 8173 8177 8178
f 8178 8177 8179
f 8178 8179 8180
f 8180 8179 8181
f 8180 8181 8182
f 8182 8181 8183
f 8182 8183 8184
f 8183 8185 8186
f 8183 8186 8184
f 8184 8186 8187
f 8184 8187 8188
f 8171 8173 8176
f 8176 8173 8178
f 8176 8178 8189
f 8189 8178 8180
f 8189 8180 8190
f 8190 8180 8182
f 8190 8182 8191
f 8191 8182 8184
f 8191 8184 8192
f 8192 8184 8188
f 8192 8188 8193
f 8174 8176 8022
f 8022 8176 8189
f 8022 8189 8021
f 8021 8189 8190
f 8021 8190 8020
f 8020 8190 8191
f 8020 8191 8014
f 8014 8191 8192
f 8014 8192 8015
f 8015 8192 8193
f 8015 8193 8016
f 8187 8186 8194
f 8169 8195 8196
f 8196 8195 8197
f 8196 8197 8198
f 8198 8197 8199
f 8198 8199 8200
f 8200 8199 8201
f 8200 8201 8202
f 8202 8201 8194
f 8202 8194 8203
f 8203 8194 8186
f 8203 8186 8185
f 8204 8188 8187
f 8187 8194 8204
f 8204 8194 8201
f 8204 8201 8205
f 8205 8201 8199
f 8205 8199 8206
f 8206 8199 8197
f 8206 8197 8207
f 8207 8197 8195
f 8207 8195 8208
f 8209 8193 8188
f 8169 8168 8195
f 8195 8168 8172
f 8195 8172 8208
f 8208 8172 8171
f 8208 8171 8175
f 8188 8204 8209
f 8209 8204 8205
f 8209 8205 8210
f 8210 8205 8206
f 8210 8206 8211
f 8211 8206 8207
f 8211 8207 8212
f 8212 8207 8208
f 8212 8208 8213
f 8213 8208 8175
f 8213 8175 8174
f 8017 8016 8193
f 8193 8209 8017
f 8017 8209 8210
f 8017 8210 8018
f 8018 8210 8211
f 8018 8211 8019
f 8019 8211 8212
f 8019 8212 8024
f 8024 8212 8213
f 8024 8213 8025
f 8025 8213 8174
f 8025 8174 8023
f 8041 8214 8032
f 8032 8214 8215
f 8032 8215 8033
f 8033 8215 8035
f 8035 8215 8216
f 8035 8216 8036
f 8036 8216 8038
f 8038 8216 8217
f 8038 8217 8039
f 8039 8217 8049
f 8049 8217 8218
f 8049 8218 8219
f 8049 8219 8050
f 8050 8219 8220
f 8050 8220 8054
f 8054 8220 8221
f 8054 8221 8058
f 8058 8221 8065
f 8065 8221 8222
f 8065 8222 8223
f 8065 8223 8069
f 8069 8223 8224
f 8069 8224 8070
f 8070 8224 8225
f 8070 8225 8073
f 8073 8225 8079
f 8079 8225 8226
f 8079 8226 8086
f 8086 8226 8227
f 8086 8227 8083
f 8228 8229 8094
f 8094 8081 8228
f 8228 8081 8080
f 8228 8080 8227
f 8227 8080 8084
f 8227 8084 8083
f 8094 8229 8041
f 8041 8229 8214
f 8230 8231 8108
f 8108 8231 8109
f 8109 8231 8119
f 8119 8231 8232
f 8119 8232 8120
f 8120 8232 8121
f 8121 8232 8233
f 8121 8233 8118
f 8118 8233 8116
f 8116 8233 8234
f 8116 8234 8117
f 8234 8235 8117
f 8117 8235 8126
f 8126 8235 8133
f 8133 8235 8236
f 8133 8236 8134
f 8134 8236 8135
f 8135 8236 8237
f 8135 8237 8136
f 8136 8237 8137
f 8137 8237 8238
f 8137 8238 8138
f 8238 8239 8138
f 8138 8239 8154
f 8154 8239 8240
f 8154 8240 8142
f 8142 8240 8241
f 8142 8241 8143
f 8143 8241 8242
f 8143 8242 8150
f 8243 8244 8245
f 8246 8247 8248
f 8248 8247 8249
f 8249 8247 8245
f 8245 8247 8250
f 8245 8250 8243
f 8251 8252 8246
f 8246 8252 8253
f 8246 8253 8254
f 8254 8255 8246
f 8246 8255 8256
f 8246 8256 8247
f 8257 8258 8244
f 8244 8258 8259
f 8244 8259 8260
f 8260 8261 8244
f 8244 8261 8262
f 8244 8262 8245
f 8242 8263 8150
f 8150 8263 8161
f 8161 8263 8264
f 8161 8264 8163
f 8163 8264 8265
f 8163 8265 8164
f 8164 8265 8230
f 8164 8230 8108
f 8169 8266 8267
f 8169 8267 8170
f 8170 8267 8268
f 8170 8268 8177
f 8177 8268 8269
f 8177 8269 8179
f 8179 8269 8270
f 8179 8270 8181
f 8181 8270 8271
f 8181 8271 8183
f 8183 8271 8272
f 8183 8272 8185
f 8185 8272 8273
f 8185 8273 8203
f 8203 8273 8274
f 8203 8274 8202
f 8202 8274 8275
f 8202 8275 8200
f 8200 8275 8276
f 8200 8276 8198
f 8198 8276 8277
f 8198 8277 8196
f 8196 8277 8266
f 8196 8266 8169
f 8278 8279 8280
f 8281 8282 8283
f 8278 8280 8284
f 8285 8286 8287
f 8287 8286 8288
f 8287 8288 8289
f 8289 8288 8290
f 8289 8290 8291
f 8291 8290 8292
f 8283 8282 8293
f 8293 8282 8294
f 8293 8294 8295
f 8296 8297 8298
f 8298 8297 8299
f 8300 8301 8302
f 8302 8301 8303
f 8302 8303 8304
f 8304 8303 8305
f 8304 8305 8306
f 8302 8298 8300
f 8300 8298 8299
f 8300 8299 8307
f 8307 8299 8308
f 8307 8308 8279
f 8279 8308 8309
f 8279 8309 8280
f 8280 8309 8310
f 8283 8311 8281
f 8281 8311 8312
f 8281 8312 8313
f 8313 8312 8314
f 8313 8314 8285
f 8285 8314 8315
f 8285 8315 8286
f 8310 8309 8316
f 8316 8309 8317
f 8316 8317 8294
f 8294 8317 8318
f 8294 8318 8319
f 8295 8294 8320
f 8320 8294 8321
f 8320 8321 8322
f 8322 8323 8320
f 8320 8323 8324
f 8320 8324 8325
f 8325 8324 8326
f 8325 8326 8327
f 8327 8326 8328
f 8327 8328 8296
f 8296 8328 8329
f 8296 8329 8297
f 8319 8330 8294
f 8294 8330 8331
f 8294 8331 8321
f 8332 8333 8292
f 8292 8333 8334
f 8292 8334 8291
f 8284 8280 8335
f 8335 8280 8336
f 8335 8336 8337
f 8305 8338 8306
f 8306 8338 8339
f 8306 8339 8332
f 8332 8339 8340
f 8332 8340 8333
f 8333 8340 8335
f 8333 8335 8341
f 8341 8335 8337
f 8342 8343 8344
f 8344 8343 8345
f 8344 8345 8346
f 8346 8345 8347
f 8346 8347 8348
f 8348 8347 8349
f 8348 8349 8350
f 8350 8349 8351
f 8350 8351 8352
f 8352 8351 8353
f 8352 8353 8354
f 8354 8353 8355
f 8354 8355 8356
f 8356 8355 8357
f 8356 8357 8358
f 8358 8357 8359
f 8358 8359 8360
f 8360 8359 8361
f 8360 8361 8362
f 8362 8361 8363
f 8362 8363 8364
f 8364 8363 8365
f 8364 8365 8366
f 8366 8365 8367
f 8366 8367 8368
f 8368 8367 8369
f 8368 8369 8370
f 8370 8369 8371
f 8370 8371 8372
f 8372 8371 8373
f 8372 8373 8374
f 8374 8373 8375
f 8374 8375 8376
f 8376 8375 8377
f 8376 8377 8378
f 8378 8377 8379
f 8378 8379 8380
f 8380 8379 8381
f 8380 8381 8342
f 8342 8381 8343
f 8011 8010 8128
f 8011 8128 8157
f 8157 8128 8129
f 8157 8129 8156
f 8156 8129 8140
f 8156 8140 8155
f 8155 8140 8138
f 8155 8138 8154
f 8382 8383 8384
f 8385 8386 8387
f 8387 8386 8388
f 8388 8389 8387
f 8387 8389 8390
f 8387 8390 8391
f 8392 8393 8394
f 8394 8393 8386
f 8394 8386 8395
f 8395 8386 8385
f 8394 8396 8392
f 8392 8396 8397
f 8392 8397 8384
f 8384 8397 8398
f 8384 8398 8382
f 8383 8399 8384
f 8384 8399 8400
f 8384 8400 8401
f 8402 8403 8404
f 8404 8403 8405
f 8404 8405 8406
f 8406 8405 8407
f 8406 8407 8408
f 8408 8407 8409
f 8408 8409 8410
f 8410 8409 8411
f 8410 8411 8412
f 8412 8411 8413
f 8412 8413 8414
f 8414 8413 8415
f 8414 8415 8416
f 8416 8415 8417
f 8416 8417 8418
f 8418 8417 8419
f 8418 8419 8420
f 8420 8419 8421
f 8420 8421 8422
f 8422 8421 8423
f 8422 8423 8424
f 8424 8423 8425
f 8424 8425 8426
f 8426 8425 8427
f 8426 8427 8428
f 8428 8427 8429
f 8428 8429 8430
f 8430 8429 8431
f 8430 8431 8432
f 8432 8431 8433
f 8432 8433 8434
f 8434 8433 8435
f 8434 8435 8436
f 8436 8435 8437
f 8436 8437 8438
f 8438 8437 8439
f 8438 8439 8440
f 8440 8439 8441
f 8440 8441 8402
f 8402 8441 8403
f 8442 8443 8444
f 8445 8446 8447
f 8447 8446 8448
f 8448 8446 8443
f 8443 8446 8449
f 8443 8449 8444
f 8450 8451 8452
f 8452 8451 8453
f 8452 8453 8454
f 8454 8453 8447
f 8447 8453 8455
f 8447 8455 8445
f 8456 8457 8444
f 8444 8457 8458
f 8444 8458 8442
f 8459 8460 8444
f 8444 8460 8461
f 8444 8461 8456

